episode,environment_return,learning_return,intrinsic_return,steps,epsilon,success,died,truncated,monster_moves
1,0.0,1.5724805801146469,1.5724805801146469,500,1.0,0,0,1,0
2,0.0,1.9325612076018395,1.9325612076018395,500,0.999905,0,0,1,0
3,0.0,1.5609683671592376,1.5609683671592376,500,0.99981,0,0,1,0
4,0.0,1.2699259511073557,1.2699259511073557,500,0.999715,0,0,1,0
5,0.0,1.2589027974958316,1.2589027974958316,500,0.99962,0,0,1,0
6,0.0,1.9259260279011465,1.9259260279011465,500,0.999525,0,0,1,0
7,0.0,1.8302677626084651,1.8302677626084651,500,0.99943,0,0,1,0
8,0.0,1.1624013947163037,1.1624013947163037,500,0.999335,0,0,1,0
9,0.0,1.5716845897178517,1.5716845897178517,500,0.99924,0,0,1,0
10,0.0,1.8405140095886336,1.8405140095886336,500,0.999145,0,0,1,0
11,0.0,1.165963012862132,1.165963012862132,500,0.99905,0,0,1,0
12,0.0,1.1044485500510632,1.1044485500510632,500,0.998955,0,0,1,0
13,0.0,1.6628085766523701,1.6628085766523701,500,0.99886,0,0,1,0
14,0.0,1.4744686216734426,1.4744686216734426,500,0.998765,0,0,1,0
15,0.0,1.7048296967873822,1.7048296967873822,500,0.99867,0,0,1,0
16,0.0,1.4263191354528884,1.4263191354528884,500,0.998575,0,0,1,0
17,0.0,1.464312379632673,1.464312379632673,500,0.99848,0,0,1,0
18,0.0,1.6175466711945368,1.6175466711945368,500,0.998385,0,0,1,0
19,0.0,1.3493659114244034,1.3493659114244034,500,0.99829,0,0,1,0
20,0.0,2.0602476914119863,2.0602476914119863,500,0.998195,0,0,1,0
21,0.0,1.5283100314360485,1.5283100314360485,500,0.9981,0,0,1,0
22,0.0,1.7539929395733238,1.7539929395733238,500,0.998005,0,0,1,0
23,0.0,1.8191052876576375,1.8191052876576375,500,0.99791,0,0,1,0
24,0.0,1.365203864792819,1.365203864792819,500,0.997815,0,0,1,0
25,0.0,1.3421316421714178,1.3421316421714178,500,0.99772,0,0,1,0
26,0.0,1.3707178962286235,1.3707178962286235,500,0.997625,0,0,1,0
27,0.0,1.6592678025510286,1.6592678025510286,500,0.99753,0,0,1,0
28,0.0,2.05432999298166,2.05432999298166,500,0.997435,0,0,1,0
29,0.0,1.1652742451900029,1.1652742451900029,500,0.99734,0,0,1,0
30,0.0,1.284638024424766,1.284638024424766,500,0.997245,0,0,1,0
31,0.0,1.242740031302289,1.242740031302289,500,0.99715,0,0,1,0
32,0.0,1.2165657759437278,1.2165657759437278,500,0.997055,0,0,1,0
33,0.0,1.0567676716239305,1.0567676716239305,500,0.99696,0,0,1,0
34,0.0,1.666846520270036,1.666846520270036,500,0.996865,0,0,1,0
35,0.0,1.7515431992001638,1.7515431992001638,500,0.99677,0,0,1,0
36,0.0,1.5794735243186382,1.5794735243186382,500,0.996675,0,0,1,0
37,0.0,1.2135131836352226,1.2135131836352226,500,0.99658,0,0,1,0
38,0.0,1.4346296459795125,1.4346296459795125,500,0.996485,0,0,1,0
39,0.0,1.5764974715061337,1.5764974715061337,500,0.99639,0,0,1,0
40,0.0,1.7148492037130774,1.7148492037130774,500,0.996295,0,0,1,0
41,0.0,1.903532942740692,1.903532942740692,500,0.9962,0,0,1,0
42,0.0,1.234551953106078,1.234551953106078,500,0.996105,0,0,1,0
43,0.0,1.6460502123642329,1.6460502123642329,500,0.99601,0,0,1,0
44,0.0,1.6314110600334006,1.6314110600334006,500,0.995915,0,0,1,0
45,0.0,1.4405435189910913,1.4405435189910913,500,0.99582,0,0,1,0
46,0.0,1.1807468230913434,1.1807468230913434,500,0.995725,0,0,1,0
47,0.0,1.5393285004854842,1.5393285004854842,500,0.99563,0,0,1,0
48,0.0,1.4206662471424398,1.4206662471424398,500,0.995535,0,0,1,0
49,0.0,2.059730742948501,2.059730742948501,500,0.99544,0,0,1,0
50,0.0,1.8926882124004725,1.8926882124004725,500,0.995345,0,0,1,0
51,0.0,1.1473012779360157,1.1473012779360157,500,0.99525,0,0,1,0
52,0.0,1.8805617089686002,1.8805617089686002,500,0.995155,0,0,1,0
53,0.0,1.0506174637160364,1.0506174637160364,500,0.9950600000000001,0,0,1,0
54,0.0,1.3734134898278976,1.3734134898278976,500,0.994965,0,0,1,0
55,0.0,1.9082325310923143,1.9082325310923143,500,0.99487,0,0,1,0
56,0.0,1.800533055218532,1.800533055218532,500,0.994775,0,0,1,0
57,0.0,1.7741122958382614,1.7741122958382614,500,0.99468,0,0,1,0
58,0.0,1.2412061879076708,1.2412061879076708,500,0.994585,0,0,1,0
59,0.0,1.480420398889348,1.480420398889348,500,0.99449,0,0,1,0
60,0.0,1.63400217029905,1.63400217029905,500,0.994395,0,0,1,0
61,0.0,1.5265943944408076,1.5265943944408076,500,0.9943,0,0,1,0
62,0.0,1.186192486723722,1.186192486723722,500,0.994205,0,0,1,0
63,0.0,1.7926475521869145,1.7926475521869145,500,0.99411,0,0,1,0
64,0.0,1.761393525282756,1.761393525282756,500,0.994015,0,0,1,0
65,0.0,1.5513110130665275,1.5513110130665275,500,0.99392,0,0,1,0
66,0.0,1.4326633314678279,1.4326633314678279,500,0.993825,0,0,1,0
67,0.0,1.6009339652462087,1.6009339652462087,500,0.99373,0,0,1,0
68,0.0,1.5398695191810516,1.5398695191810516,500,0.993635,0,0,1,0
69,0.0,1.4618478580113377,1.4618478580113377,500,0.99354,0,0,1,0
70,0.0,1.6794078048751342,1.6794078048751342,500,0.993445,0,0,1,0
71,0.0,1.265532879223319,1.265532879223319,500,0.99335,0,0,1,0
72,0.0,1.716322575138617,1.716322575138617,500,0.993255,0,0,1,0
73,0.0,1.6554586881952205,1.6554586881952205,500,0.99316,0,0,1,0
74,0.0,1.5383295594665587,1.5383295594665587,500,0.993065,0,0,1,0
75,0.0,1.7665080338441927,1.7665080338441927,500,0.99297,0,0,1,0
76,0.0,1.7063898755171085,1.7063898755171085,500,0.992875,0,0,1,0
77,0.0,1.3917721197669122,1.3917721197669122,500,0.99278,0,0,1,0
78,0.0,1.6182803030647404,1.6182803030647404,500,0.992685,0,0,1,0
79,0.0,1.306925395727857,1.306925395727857,500,0.99259,0,0,1,0
80,0.0,1.2591676424274505,1.2591676424274505,500,0.992495,0,0,1,0
81,0.0,1.598066249388147,1.598066249388147,500,0.9924,0,0,1,0
82,0.0,2.016269163897876,2.016269163897876,500,0.992305,0,0,1,0
83,0.0,1.2864625390540216,1.2864625390540216,500,0.99221,0,0,1,0
84,0.0,1.1316612574594505,1.1316612574594505,500,0.992115,0,0,1,0
85,0.0,1.5506539679554054,1.5506539679554054,500,0.99202,0,0,1,0
86,0.0,1.4633095913160548,1.4633095913160548,500,0.991925,0,0,1,0
87,0.0,1.7264673355067477,1.7264673355067477,500,0.99183,0,0,1,0
88,0.0,1.4121950866106239,1.4121950866106239,500,0.991735,0,0,1,0
89,0.0,1.5315743282093,1.5315743282093,500,0.99164,0,0,1,0
90,0.0,2.021397050836115,2.021397050836115,500,0.991545,0,0,1,0
91,0.0,1.081088902521645,1.081088902521645,500,0.99145,0,0,1,0
92,0.0,1.2792465013295837,1.2792465013295837,500,0.991355,0,0,1,0
93,0.0,1.823707972511627,1.823707972511627,500,0.99126,0,0,1,0
94,0.0,1.28315630508715,1.28315630508715,500,0.991165,0,0,1,0
95,0.0,1.6419409135628662,1.6419409135628662,500,0.99107,0,0,1,0
96,0.0,1.7669296091842421,1.7669296091842421,500,0.990975,0,0,1,0
97,0.0,1.8795058316081306,1.8795058316081306,500,0.99088,0,0,1,0
98,0.0,1.598932305282096,1.598932305282096,500,0.990785,0,0,1,0
99,0.0,1.205317590617037,1.205317590617037,500,0.99069,0,0,1,0
100,0.0,1.5486719035604417,1.5486719035604417,500,0.990595,0,0,1,0
101,0.0,1.8502070904762487,1.8502070904762487,500,0.9905,0,0,1,0
102,0.0,1.643027108792097,1.643027108792097,500,0.990405,0,0,1,0
103,0.0,1.5106639730908709,1.5106639730908709,500,0.99031,0,0,1,0
104,0.0,1.4749595854395368,1.4749595854395368,500,0.990215,0,0,1,0
105,0.0,1.742907038838485,1.742907038838485,500,0.99012,0,0,1,0
106,0.0,1.7704612875610148,1.7704612875610148,500,0.990025,0,0,1,0
107,0.0,1.7985967148289757,1.7985967148289757,500,0.98993,0,0,1,0
108,0.0,1.2729591265054903,1.2729591265054903,500,0.989835,0,0,1,0
109,0.0,1.8084741060209453,1.8084741060209453,500,0.98974,0,0,1,0
110,0.0,1.2877291433339253,1.2877291433339253,500,0.989645,0,0,1,0
111,0.0,1.7557594527476972,1.7557594527476972,500,0.98955,0,0,1,0
112,0.0,1.706228240390347,1.706228240390347,500,0.989455,0,0,1,0
113,0.0,1.7800703737360244,1.7800703737360244,500,0.98936,0,0,1,0
114,0.0,1.6099175396298615,1.6099175396298615,500,0.989265,0,0,1,0
115,0.0,1.8929801748095192,1.8929801748095192,500,0.98917,0,0,1,0
116,0.0,1.503347033274325,1.503347033274325,500,0.989075,0,0,1,0
117,0.0,1.5310561093661157,1.5310561093661157,500,0.98898,0,0,1,0
118,0.0,1.5208639578205765,1.5208639578205765,500,0.988885,0,0,1,0
119,0.0,1.6855680559108457,1.6855680559108457,500,0.98879,0,0,1,0
120,0.0,1.5530434570237681,1.5530434570237681,500,0.988695,0,0,1,0
121,0.0,1.6746971880028476,1.6746971880028476,500,0.9886,0,0,1,0
122,0.0,1.9382810919654263,1.9382810919654263,500,0.988505,0,0,1,0
123,0.0,1.9450419633095952,1.9450419633095952,500,0.98841,0,0,1,0
124,0.0,1.5408073053948945,1.5408073053948945,500,0.988315,0,0,1,0
125,0.0,1.6066106297899692,1.6066106297899692,500,0.98822,0,0,1,0
126,0.0,2.088989111914353,2.088989111914353,500,0.988125,0,0,1,0
127,0.0,2.064854433631128,2.064854433631128,500,0.98803,0,0,1,0
128,0.0,1.353526717981398,1.353526717981398,500,0.987935,0,0,1,0
129,0.0,1.9330490339899618,1.9330490339899618,500,0.98784,0,0,1,0
130,0.0,1.866607127932231,1.866607127932231,500,0.987745,0,0,1,0
131,0.0,1.727337389236603,1.727337389236603,500,0.98765,0,0,1,0
132,0.0,1.486569373973053,1.486569373973053,500,0.987555,0,0,1,0
133,0.0,1.62924195954937,1.62924195954937,500,0.98746,0,0,1,0
134,0.0,1.353245802461693,1.353245802461693,500,0.987365,0,0,1,0
135,0.0,1.7498676551786054,1.7498676551786054,500,0.98727,0,0,1,0
136,0.0,1.5513914259624895,1.5513914259624895,500,0.987175,0,0,1,0
137,0.0,1.3178563540438197,1.3178563540438197,500,0.98708,0,0,1,0
138,0.0,2.060015932742738,2.060015932742738,500,0.986985,0,0,1,0
139,0.0,1.5912358960450328,1.5912358960450328,500,0.98689,0,0,1,0
140,0.0,1.7340889852855037,1.7340889852855037,500,0.986795,0,0,1,0
141,0.0,1.6488564616947876,1.6488564616947876,500,0.9867,0,0,1,0
142,0.0,1.63510120461255,1.63510120461255,500,0.986605,0,0,1,0
143,0.0,1.1367344045554277,1.1367344045554277,500,0.98651,0,0,1,0
144,0.0,1.8161941112033055,1.8161941112033055,500,0.986415,0,0,1,0
145,0.0,1.5369604818248952,1.5369604818248952,500,0.98632,0,0,1,0
146,0.0,1.436956696539459,1.436956696539459,500,0.986225,0,0,1,0
147,0.0,1.5017983868788514,1.5017983868788514,500,0.98613,0,0,1,0
148,0.0,1.8106878051589803,1.8106878051589803,500,0.986035,0,0,1,0
149,0.0,1.292556905134947,1.292556905134947,500,0.98594,0,0,1,0
150,0.0,1.6519559579969691,1.6519559579969691,500,0.985845,0,0,1,0
151,0.0,1.7257896811475952,1.7257896811475952,500,0.98575,0,0,1,0
152,0.0,1.4696942639722788,1.4696942639722788,500,0.985655,0,0,1,0
153,0.0,1.5885477593277286,1.5885477593277286,500,0.98556,0,0,1,0
154,0.0,1.7164840320638193,1.7164840320638193,500,0.985465,0,0,1,0
155,0.0,1.45913731465206,1.45913731465206,500,0.98537,0,0,1,0
156,0.0,1.7247703488925723,1.7247703488925723,500,0.985275,0,0,1,0
157,0.0,1.7290718641181402,1.7290718641181402,500,0.9851800000000001,0,0,1,0
158,0.0,1.291414513436966,1.291414513436966,500,0.985085,0,0,1,0
159,0.0,1.6128408172949018,1.6128408172949018,500,0.98499,0,0,1,0
160,0.0,1.778775828639247,1.778775828639247,500,0.984895,0,0,1,0
161,0.0,1.6204290909006238,1.6204290909006238,500,0.9848,0,0,1,0
162,0.0,1.7131630471435482,1.7131630471435482,500,0.984705,0,0,1,0
163,0.0,1.6398297260576598,1.6398297260576598,500,0.98461,0,0,1,0
164,0.0,1.3777233057371547,1.3777233057371547,500,0.984515,0,0,1,0
165,0.0,1.8455202977775376,1.8455202977775376,500,0.98442,0,0,1,0
166,0.0,1.9764794557649725,1.9764794557649725,500,0.984325,0,0,1,0
167,0.0,1.5701275234540628,1.5701275234540628,500,0.98423,0,0,1,0
168,0.0,1.1039231109705874,1.1039231109705874,500,0.984135,0,0,1,0
169,0.0,1.3612509101511023,1.3612509101511023,500,0.98404,0,0,1,0
170,0.0,1.4738911905651704,1.4738911905651704,500,0.983945,0,0,1,0
171,0.0,1.6270089261679297,1.6270089261679297,500,0.98385,0,0,1,0
172,0.0,1.8818696056585518,1.8818696056585518,500,0.983755,0,0,1,0
173,0.0,1.551126568792477,1.551126568792477,500,0.98366,0,0,1,0
174,0.0,1.301306332997413,1.301306332997413,500,0.983565,0,0,1,0
175,0.0,1.9178488744885742,1.9178488744885742,500,0.98347,0,0,1,0
176,0.0,1.742471468646909,1.742471468646909,500,0.983375,0,0,1,0
177,0.0,1.5064956986518008,1.5064956986518008,500,0.98328,0,0,1,0
178,0.0,1.380204098376712,1.380204098376712,500,0.983185,0,0,1,0
179,0.0,1.4772896764037604,1.4772896764037604,500,0.98309,0,0,1,0
180,0.0,1.4996463760853986,1.4996463760853986,500,0.982995,0,0,1,0
181,0.0,1.8980390141783292,1.8980390141783292,500,0.9829,0,0,1,0
182,0.0,1.8809671499815486,1.8809671499815486,500,0.982805,0,0,1,0
183,0.0,1.4848760095276203,1.4848760095276203,500,0.98271,0,0,1,0
184,0.0,2.086179501143335,2.086179501143335,500,0.982615,0,0,1,0
185,0.0,1.6860557528821525,1.6860557528821525,500,0.98252,0,0,1,0
186,0.0,1.9085997672502508,1.9085997672502508,500,0.982425,0,0,1,0
187,0.0,1.3972394346707149,1.3972394346707149,500,0.98233,0,0,1,0
188,0.0,1.861939642402588,1.861939642402588,500,0.982235,0,0,1,0
189,0.0,1.8911520467691572,1.8911520467691572,500,0.98214,0,0,1,0
190,0.0,1.7761860154259768,1.7761860154259768,500,0.9820450000000001,0,0,1,0
191,0.0,1.1510613192981558,1.1510613192981558,500,0.98195,0,0,1,0
192,0.0,1.8594453129174184,1.8594453129174184,500,0.981855,0,0,1,0
193,0.0,1.5022531560977241,1.5022531560977241,500,0.98176,0,0,1,0
194,0.0,1.8395988876633032,1.8395988876633032,500,0.981665,0,0,1,0
195,0.0,1.4191151695408337,1.4191151695408337,500,0.98157,0,0,1,0
196,0.0,1.5294999441162376,1.5294999441162376,500,0.981475,0,0,1,0
197,0.0,1.9236272355835904,1.9236272355835904,500,0.98138,0,0,1,0
198,0.0,1.389716341770041,1.389716341770041,500,0.981285,0,0,1,0
199,0.0,1.282665683052859,1.282665683052859,500,0.98119,0,0,1,0
200,0.0,1.6093415337904953,1.6093415337904953,500,0.981095,0,0,1,0
201,0.0,1.5586613750701732,1.5586613750701732,500,0.981,0,0,1,0
202,0.0,1.5840261234111628,1.5840261234111628,500,0.980905,0,0,1,0
203,0.0,1.5468428072429756,1.5468428072429756,500,0.98081,0,0,1,0
204,0.0,1.2078889282416765,1.2078889282416765,500,0.980715,0,0,1,0
205,0.0,1.893797038674687,1.893797038674687,500,0.98062,0,0,1,0
206,0.0,2.240431324993733,2.240431324993733,500,0.980525,0,0,1,0
207,0.0,1.2615310063670622,1.2615310063670622,500,0.98043,0,0,1,0
208,0.0,1.615908432449574,1.615908432449574,500,0.980335,0,0,1,0
209,0.0,1.5083974884140248,1.5083974884140248,500,0.98024,0,0,1,0
210,0.0,2.0486311759947906,2.0486311759947906,500,0.980145,0,0,1,0
211,0.0,1.9209999864971623,1.9209999864971623,500,0.98005,0,0,1,0
212,0.0,1.5091741874162066,1.5091741874162066,500,0.979955,0,0,1,0
213,0.0,1.143857785226231,1.143857785226231,500,0.97986,0,0,1,0
214,0.0,1.714769069030694,1.714769069030694,500,0.979765,0,0,1,0
215,0.0,2.084449048050103,2.084449048050103,500,0.97967,0,0,1,0
216,0.0,1.5592721038445576,1.5592721038445576,500,0.979575,0,0,1,0
217,0.0,1.4743742963931217,1.4743742963931217,500,0.97948,0,0,1,0
218,0.0,1.5545929996439924,1.5545929996439924,500,0.979385,0,0,1,0
219,0.0,1.2535051851021684,1.2535051851021684,500,0.97929,0,0,1,0
220,0.0,1.6475008874287458,1.6475008874287458,500,0.979195,0,0,1,0
221,0.0,1.6329400516038068,1.6329400516038068,500,0.9791,0,0,1,0
222,0.0,1.3961830304733942,1.3961830304733942,500,0.979005,0,0,1,0
223,0.0,1.8147497718573213,1.8147497718573213,500,0.97891,0,0,1,0
224,0.0,1.8599547855563243,1.8599547855563243,500,0.978815,0,0,1,0
225,0.0,1.4887825221906108,1.4887825221906108,500,0.97872,0,0,1,0
226,0.0,2.001834949567791,2.001834949567791,500,0.978625,0,0,1,0
227,0.0,1.2432495370595782,1.2432495370595782,500,0.97853,0,0,1,0
228,0.0,1.7933825394662795,1.7933825394662795,500,0.9784349999999999,0,0,1,0
229,0.0,1.969074965784251,1.969074965784251,500,0.97834,0,0,1,0
230,0.0,1.8016880847839183,1.8016880847839183,500,0.978245,0,0,1,0
231,0.0,1.788937710787755,1.788937710787755,500,0.97815,0,0,1,0
232,0.0,1.6097482000262207,1.6097482000262207,500,0.978055,0,0,1,0
233,0.0,1.8964146912230668,1.8964146912230668,500,0.97796,0,0,1,0
234,0.0,1.6430448540142353,1.6430448540142353,500,0.977865,0,0,1,0
235,0.0,1.5689970344759079,1.5689970344759079,500,0.97777,0,0,1,0
236,0.0,1.657485420240143,1.657485420240143,500,0.977675,0,0,1,0
237,0.0,1.5598920567817898,1.5598920567817898,500,0.97758,0,0,1,0
238,0.0,1.8196977981158977,1.8196977981158977,500,0.977485,0,0,1,0
239,0.0,1.5189123411235852,1.5189123411235852,500,0.97739,0,0,1,0
240,0.0,1.321453667900257,1.321453667900257,500,0.977295,0,0,1,0
241,0.0,1.6721509309520024,1.6721509309520024,500,0.9772,0,0,1,0
242,0.0,1.948013892458533,1.948013892458533,500,0.977105,0,0,1,0
243,0.0,1.6091093581193958,1.6091093581193958,500,0.97701,0,0,1,0
244,0.0,1.2994560341168244,1.2994560341168244,500,0.976915,0,0,1,0
245,0.0,2.021194666458005,2.021194666458005,500,0.97682,0,0,1,0
246,0.0,1.6563998154956188,1.6563998154956188,500,0.976725,0,0,1,0
247,0.0,2.3133382437619527,2.3133382437619527,500,0.97663,0,0,1,0
248,0.0,1.6141764059657575,1.6141764059657575,500,0.976535,0,0,1,0
249,0.0,1.7767124155959015,1.7767124155959015,500,0.97644,0,0,1,0
250,0.0,1.5159879210153475,1.5159879210153475,500,0.976345,0,0,1,0
251,0.0,1.7268443534488478,1.7268443534488478,500,0.97625,0,0,1,0
252,0.0,1.5689432138770973,1.5689432138770973,500,0.976155,0,0,1,0
253,0.0,1.3269099619475773,1.3269099619475773,500,0.97606,0,0,1,0
254,0.0,1.6314445475792063,1.6314445475792063,500,0.975965,0,0,1,0
255,0.0,1.9133268208177348,1.9133268208177348,500,0.97587,0,0,1,0
256,0.0,1.7697612812643593,1.7697612812643593,500,0.9757750000000001,0,0,1,0
257,0.0,1.3578494896190423,1.3578494896190423,500,0.97568,0,0,1,0
258,0.0,1.6549123692945846,1.6549123692945846,500,0.975585,0,0,1,0
259,0.0,1.8660618954342665,1.8660618954342665,500,0.97549,0,0,1,0
260,0.0,1.788459892434089,1.788459892434089,500,0.975395,0,0,1,0
261,0.0,1.9736919467352132,1.9736919467352132,500,0.9753000000000001,0,0,1,0
262,0.0,1.7948732480548155,1.7948732480548155,500,0.975205,0,0,1,0
263,0.0,1.818672340205923,1.818672340205923,500,0.97511,0,0,1,0
264,0.0,1.6773222270773402,1.6773222270773402,500,0.975015,0,0,1,0
265,0.0,1.5856011286650114,1.5856011286650114,500,0.97492,0,0,1,0
266,0.0,1.6232686499320688,1.6232686499320688,500,0.974825,0,0,1,0
267,0.0,1.188145991271304,1.188145991271304,500,0.97473,0,0,1,0
268,0.0,1.813386867250373,1.813386867250373,500,0.974635,0,0,1,0
269,0.0,1.5292301164009061,1.5292301164009061,500,0.97454,0,0,1,0
270,0.0,1.8631932510437659,1.8631932510437659,500,0.974445,0,0,1,0
271,0.0,1.6757527881099865,1.6757527881099865,500,0.97435,0,0,1,0
272,0.0,1.5698090785723786,1.5698090785723786,500,0.974255,0,0,1,0
273,0.0,1.3032232619035278,1.3032232619035278,500,0.97416,0,0,1,0
274,0.0,1.6490414472224535,1.6490414472224535,500,0.974065,0,0,1,0
275,0.0,1.6822017039259891,1.6822017039259891,500,0.97397,0,0,1,0
276,0.0,1.5680890830505365,1.5680890830505365,500,0.973875,0,0,1,0
277,0.0,1.6893182100333073,1.6893182100333073,500,0.97378,0,0,1,0
278,0.0,1.722488899327661,1.722488899327661,500,0.973685,0,0,1,0
279,0.0,1.8844514744772174,1.8844514744772174,500,0.97359,0,0,1,0
280,0.0,1.9404507783202924,1.9404507783202924,500,0.973495,0,0,1,0
281,0.0,1.5648958047730939,1.5648958047730939,500,0.9734,0,0,1,0
282,0.0,1.7415949918180678,1.7415949918180678,500,0.973305,0,0,1,0
283,0.0,1.989927479876401,1.989927479876401,500,0.97321,0,0,1,0
284,0.0,1.5858988972218002,1.5858988972218002,500,0.973115,0,0,1,0
285,0.0,1.524605052576609,1.524605052576609,500,0.97302,0,0,1,0
286,0.0,1.5317833958006344,1.5317833958006344,500,0.972925,0,0,1,0
287,0.0,1.5595291009568044,1.5595291009568044,500,0.97283,0,0,1,0
288,0.0,1.888901593881288,1.888901593881288,500,0.972735,0,0,1,0
289,0.0,1.5007355533555347,1.5007355533555347,500,0.97264,0,0,1,0
290,0.0,1.8956693140615382,1.8956693140615382,500,0.972545,0,0,1,0
291,0.0,1.8280247261137441,1.8280247261137441,500,0.97245,0,0,1,0
292,0.0,1.6979221139668264,1.6979221139668264,500,0.972355,0,0,1,0
293,0.0,2.0629663636939912,2.0629663636939912,500,0.97226,0,0,1,0
294,0.0,2.1893876255336053,2.1893876255336053,500,0.972165,0,0,1,0
295,0.0,1.45160881111799,1.45160881111799,500,0.97207,0,0,1,0
296,0.0,1.3982784955782228,1.3982784955782228,500,0.971975,0,0,1,0
297,0.0,1.4506109821280293,1.4506109821280293,500,0.97188,0,0,1,0
298,0.0,1.7288086108617322,1.7288086108617322,500,0.971785,0,0,1,0
299,0.0,1.6394196942376686,1.6394196942376686,500,0.97169,0,0,1,0
300,0.0,1.6060826752714914,1.6060826752714914,500,0.971595,0,0,1,0
301,0.0,1.5933029662228673,1.5933029662228673,500,0.9715,0,0,1,0
302,0.0,1.3987486255951942,1.3987486255951942,500,0.971405,0,0,1,0
303,0.0,1.5545643303826036,1.5545643303826036,500,0.97131,0,0,1,0
304,0.0,1.843306345966352,1.843306345966352,500,0.971215,0,0,1,0
305,0.0,1.6845683038737207,1.6845683038737207,500,0.97112,0,0,1,0
306,0.0,2.0765856380811414,2.0765856380811414,500,0.971025,0,0,1,0
307,0.0,1.8524072963057323,1.8524072963057323,500,0.97093,0,0,1,0
308,0.0,1.4400474131592935,1.4400474131592935,500,0.970835,0,0,1,0
309,0.0,1.6072288006806663,1.6072288006806663,500,0.97074,0,0,1,0
310,0.0,1.7395056444332369,1.7395056444332369,500,0.970645,0,0,1,0
311,0.0,1.732076490788239,1.732076490788239,500,0.97055,0,0,1,0
312,0.0,1.7065125358190518,1.7065125358190518,500,0.970455,0,0,1,0
313,0.0,1.487445560955426,1.487445560955426,500,0.97036,0,0,1,0
314,0.0,1.8944270074509653,1.8944270074509653,500,0.970265,0,0,1,0
315,0.0,1.6399482923916473,1.6399482923916473,500,0.97017,0,0,1,0
316,0.0,1.963921587988511,1.963921587988511,500,0.970075,0,0,1,0
317,0.0,2.052839616093046,2.052839616093046,500,0.96998,0,0,1,0
318,0.0,1.8305779061992575,1.8305779061992575,500,0.969885,0,0,1,0
319,0.0,1.99750143092695,1.99750143092695,500,0.96979,0,0,1,0
320,0.0,1.6758474568950759,1.6758474568950759,500,0.969695,0,0,1,0
321,0.0,1.8263319052782003,1.8263319052782003,500,0.9696,0,0,1,0
322,0.0,1.9145874754854326,1.9145874754854326,500,0.9695050000000001,0,0,1,0
323,0.0,1.6002291308493908,1.6002291308493908,500,0.96941,0,0,1,0
324,0.0,1.4044417224234969,1.4044417224234969,500,0.969315,0,0,1,0
325,0.0,1.7908013751159124,1.7908013751159124,500,0.96922,0,0,1,0
326,0.0,1.738258538867246,1.738258538867246,500,0.969125,0,0,1,0
327,0.0,1.951355306725197,1.951355306725197,500,0.9690300000000001,0,0,1,0
328,0.0,1.7699430250714276,1.7699430250714276,500,0.968935,0,0,1,0
329,0.0,1.6582998947323297,1.6582998947323297,500,0.96884,0,0,1,0
330,0.0,1.5668679982814746,1.5668679982814746,500,0.968745,0,0,1,0
331,0.0,2.2106865201874886,2.2106865201874886,500,0.96865,0,0,1,0
332,0.0,1.7567611926782307,1.7567611926782307,500,0.968555,0,0,1,0
333,0.0,1.48209233460832,1.48209233460832,500,0.96846,0,0,1,0
334,0.0,1.50028113018151,1.50028113018151,500,0.968365,0,0,1,0
335,0.0,1.6401802136305828,1.6401802136305828,500,0.96827,0,0,1,0
336,0.0,1.6957298221212265,1.6957298221212265,500,0.968175,0,0,1,0
337,0.0,1.421112777822795,1.421112777822795,500,0.96808,0,0,1,0
338,0.0,1.6894139624734612,1.6894139624734612,500,0.967985,0,0,1,0
339,0.0,1.9537512288619272,1.9537512288619272,500,0.96789,0,0,1,0
340,0.0,1.8744346409649009,1.8744346409649009,500,0.967795,0,0,1,0
341,0.0,1.6696465368316484,1.6696465368316484,500,0.9677,0,0,1,0
342,0.0,1.5575049764958908,1.5575049764958908,500,0.967605,0,0,1,0
343,0.0,2.1839779553638214,2.1839779553638214,500,0.96751,0,0,1,0
344,0.0,1.969057630137928,1.969057630137928,500,0.967415,0,0,1,0
345,0.0,1.762483493247905,1.762483493247905,500,0.96732,0,0,1,0
346,0.0,1.9805594602137533,1.9805594602137533,500,0.967225,0,0,1,0
347,0.0,1.7221787163801916,1.7221787163801916,500,0.96713,0,0,1,0
348,0.0,1.9385621042805117,1.9385621042805117,500,0.967035,0,0,1,0
349,0.0,1.0564448407317115,1.0564448407317115,500,0.96694,0,0,1,0
350,0.0,1.7825522633274873,1.7825522633274873,500,0.966845,0,0,1,0
351,0.0,2.000876708995318,2.000876708995318,500,0.96675,0,0,1,0
352,0.0,1.8557939043850848,1.8557939043850848,500,0.966655,0,0,1,0
353,0.0,2.081205359808959,2.081205359808959,500,0.96656,0,0,1,0
354,0.0,2.171348436082134,2.171348436082134,500,0.966465,0,0,1,0
355,0.0,1.6302197196577204,1.6302197196577204,500,0.96637,0,0,1,0
356,0.0,1.791737674284161,1.791737674284161,500,0.966275,0,0,1,0
357,0.0,1.5465240744574658,1.5465240744574658,500,0.96618,0,0,1,0
358,0.0,1.6781037330755908,1.6781037330755908,500,0.966085,0,0,1,0
359,0.0,1.95554130099994,1.95554130099994,500,0.96599,0,0,1,0
360,0.0,1.8303009890989541,1.8303009890989541,500,0.965895,0,0,1,0
361,0.0,1.518014953377075,1.518014953377075,500,0.9658,0,0,1,0
362,0.0,1.1712173405429473,1.1712173405429473,500,0.965705,0,0,1,0
363,0.0,1.5343897966985405,1.5343897966985405,500,0.96561,0,0,1,0
364,0.0,1.8669764528830188,1.8669764528830188,500,0.965515,0,0,1,0
365,0.0,1.670179490569052,1.670179490569052,500,0.96542,0,0,1,0
366,0.0,1.4451018632714827,1.4451018632714827,500,0.965325,0,0,1,0
367,0.0,1.5635870541795667,1.5635870541795667,500,0.96523,0,0,1,0
368,0.0,1.5291616212209276,1.5291616212209276,500,0.965135,0,0,1,0
369,0.0,2.0828024819289874,2.0828024819289874,500,0.96504,0,0,1,0
370,0.0,1.5322076993848002,1.5322076993848002,500,0.9649449999999999,0,0,1,0
371,0.0,1.7258327276490824,1.7258327276490824,500,0.96485,0,0,1,0
372,0.0,1.9407108576550702,1.9407108576550702,500,0.964755,0,0,1,0
373,0.0,2.154642205740101,2.154642205740101,500,0.96466,0,0,1,0
374,0.0,1.8916026818667386,1.8916026818667386,500,0.964565,0,0,1,0
375,0.0,1.9765778495243418,1.9765778495243418,500,0.96447,0,0,1,0
376,0.0,1.9215298078268312,1.9215298078268312,500,0.964375,0,0,1,0
377,0.0,1.5522562465678673,1.5522562465678673,500,0.96428,0,0,1,0
378,0.0,1.9929093321243578,1.9929093321243578,500,0.964185,0,0,1,0
379,0.0,1.68622884226893,1.68622884226893,500,0.96409,0,0,1,0
380,0.0,1.5072206716641767,1.5072206716641767,500,0.963995,0,0,1,0
381,0.0,1.9244036437484644,1.9244036437484644,500,0.9639,0,0,1,0
382,0.0,1.791264011550751,1.791264011550751,500,0.963805,0,0,1,0
383,0.0,2.144620156786962,2.144620156786962,500,0.96371,0,0,1,0
384,0.0,2.078779341250574,2.078779341250574,500,0.963615,0,0,1,0
385,0.0,1.3509147878291843,1.3509147878291843,500,0.96352,0,0,1,0
386,0.0,1.3856361717750731,1.3856361717750731,500,0.963425,0,0,1,0
387,0.0,1.610080704992456,1.610080704992456,500,0.96333,0,0,1,0
388,0.0,1.6036190858883002,1.6036190858883002,500,0.963235,0,0,1,0
389,0.0,1.957085574137313,1.957085574137313,500,0.96314,0,0,1,0
390,0.0,1.628063277564842,1.628063277564842,500,0.963045,0,0,1,0
391,0.0,2.125347094748892,2.125347094748892,500,0.96295,0,0,1,0
392,0.0,1.8658665204558056,1.8658665204558056,500,0.962855,0,0,1,0
393,0.0,1.4029886033574022,1.4029886033574022,500,0.9627600000000001,0,0,1,0
394,0.0,1.6944797529637117,1.6944797529637117,500,0.962665,0,0,1,0
395,0.0,1.6852091168934777,1.6852091168934777,500,0.96257,0,0,1,0
396,0.0,1.7337524727824463,1.7337524727824463,500,0.962475,0,0,1,0
397,0.0,1.565997449525977,1.565997449525977,500,0.96238,0,0,1,0
398,0.0,1.6822848885893145,1.6822848885893145,500,0.9622850000000001,0,0,1,0
399,0.0,1.8370178613891872,1.8370178613891872,500,0.96219,0,0,1,0
400,0.0,1.433986712175962,1.433986712175962,500,0.962095,0,0,1,0
401,0.0,2.0689945647775887,2.0689945647775887,500,0.962,0,0,1,0
402,0.0,1.9208445387357294,1.9208445387357294,500,0.961905,0,0,1,0
403,0.0,1.3075299189767884,1.3075299189767884,500,0.96181,0,0,1,0
404,0.0,1.5687837794136053,1.5687837794136053,500,0.961715,0,0,1,0
405,0.0,1.6967584899568524,1.6967584899568524,500,0.96162,0,0,1,0
406,0.0,1.9043220609578815,1.9043220609578815,500,0.961525,0,0,1,0
407,0.0,1.895850821609729,1.895850821609729,500,0.96143,0,0,1,0
408,0.0,1.6916439773762455,1.6916439773762455,500,0.961335,0,0,1,0
409,0.0,1.966406034461244,1.966406034461244,500,0.96124,0,0,1,0
410,0.0,1.4510799170491635,1.4510799170491635,500,0.961145,0,0,1,0
411,0.0,1.9476295688864351,1.9476295688864351,500,0.96105,0,0,1,0
412,0.0,1.6964102489375394,1.6964102489375394,500,0.960955,0,0,1,0
413,0.0,1.7904987127466205,1.7904987127466205,500,0.96086,0,0,1,0
414,0.0,2.034531978473219,2.034531978473219,500,0.960765,0,0,1,0
415,0.0,1.9334918766379292,1.9334918766379292,500,0.96067,0,0,1,0
416,0.0,1.4700529021328645,1.4700529021328645,500,0.960575,0,0,1,0
417,0.0,1.7495528266239828,1.7495528266239828,500,0.96048,0,0,1,0
418,0.0,1.4261762643239184,1.4261762643239184,500,0.960385,0,0,1,0
419,0.0,1.6440570224863384,1.6440570224863384,500,0.96029,0,0,1,0
420,0.0,2.146842432269229,2.146842432269229,500,0.960195,0,0,1,0
421,0.0,1.7838666381275654,1.7838666381275654,500,0.9601,0,0,1,0
422,0.0,1.5425773813508146,1.5425773813508146,500,0.960005,0,0,1,0
423,0.0,1.5546466766030418,1.5546466766030418,500,0.95991,0,0,1,0
424,0.0,2.0348713952869018,2.0348713952869018,500,0.959815,0,0,1,0
425,0.0,1.9489692127359382,1.9489692127359382,500,0.95972,0,0,1,0
426,0.0,1.9083964131844473,1.9083964131844473,500,0.959625,0,0,1,0
427,0.0,1.6703096165170104,1.6703096165170104,500,0.95953,0,0,1,0
428,0.0,1.4144765182088845,1.4144765182088845,500,0.959435,0,0,1,0
429,0.0,2.107969858692351,2.107969858692351,500,0.95934,0,0,1,0
430,0.0,1.778932866553591,1.778932866553591,500,0.959245,0,0,1,0
431,0.0,1.853197042678818,1.853197042678818,500,0.95915,0,0,1,0
432,0.0,1.109667156498415,1.109667156498415,500,0.959055,0,0,1,0
433,0.0,1.4449684333780977,1.4449684333780977,500,0.95896,0,0,1,0
434,0.0,1.8996143191256143,1.8996143191256143,500,0.958865,0,0,1,0
435,0.0,1.720815411563194,1.720815411563194,500,0.95877,0,0,1,0
436,0.0,1.21565773217739,1.21565773217739,500,0.958675,0,0,1,0
437,0.0,1.8055159334596131,1.8055159334596131,500,0.95858,0,0,1,0
438,0.0,1.7420424504055434,1.7420424504055434,500,0.958485,0,0,1,0
439,0.0,1.8490862061551407,1.8490862061551407,500,0.95839,0,0,1,0
440,0.0,1.5736673718514043,1.5736673718514043,500,0.958295,0,0,1,0
441,0.0,1.7758368495805765,1.7758368495805765,500,0.9582,0,0,1,0
442,0.0,1.454991756526479,1.454991756526479,500,0.958105,0,0,1,0
443,0.0,1.7296954097495048,1.7296954097495048,500,0.95801,0,0,1,0
444,0.0,1.578235577923247,1.578235577923247,500,0.957915,0,0,1,0
445,0.0,2.056141671803922,2.056141671803922,500,0.95782,0,0,1,0
446,0.0,1.5584976052504467,1.5584976052504467,500,0.957725,0,0,1,0
447,0.0,1.5897969827445533,1.5897969827445533,500,0.95763,0,0,1,0
448,0.0,1.7204579380241247,1.7204579380241247,500,0.957535,0,0,1,0
449,0.0,1.5400186031202627,1.5400186031202627,500,0.95744,0,0,1,0
450,0.0,1.627700149790236,1.627700149790236,500,0.957345,0,0,1,0
451,0.0,1.4674574556955176,1.4674574556955176,500,0.95725,0,0,1,0
452,0.0,1.6181988388241086,1.6181988388241086,500,0.957155,0,0,1,0
453,0.0,1.7919659526026457,1.7919659526026457,500,0.95706,0,0,1,0
454,0.0,1.8942954221650083,1.8942954221650083,500,0.956965,0,0,1,0
455,0.0,1.7137815916665087,1.7137815916665087,500,0.95687,0,0,1,0
456,0.0,1.9407239593015242,1.9407239593015242,500,0.956775,0,0,1,0
457,0.0,1.5397045127745959,1.5397045127745959,500,0.95668,0,0,1,0
458,0.0,1.6451739514405095,1.6451739514405095,500,0.956585,0,0,1,0
459,0.0,2.1521742049741683,2.1521742049741683,500,0.95649,0,0,1,0
460,0.0,1.9526445408816089,1.9526445408816089,500,0.956395,0,0,1,0
461,0.0,1.466887731743322,1.466887731743322,500,0.9563,0,0,1,0
462,0.0,1.9343950950189364,1.9343950950189364,500,0.956205,0,0,1,0
463,0.0,1.9121861195610963,1.9121861195610963,500,0.95611,0,0,1,0
464,0.0,1.6255560841241392,1.6255560841241392,500,0.9560150000000001,0,0,1,0
465,0.0,1.5121256485326675,1.5121256485326675,500,0.95592,0,0,1,0
466,0.0,1.472693228652864,1.472693228652864,500,0.955825,0,0,1,0
467,0.0,1.647808351343109,1.647808351343109,500,0.95573,0,0,1,0
468,0.0,1.6471512943798416,1.6471512943798416,500,0.955635,0,0,1,0
469,0.0,1.7759412082766772,1.7759412082766772,500,0.9555400000000001,0,0,1,0
470,0.0,1.488212416723253,1.488212416723253,500,0.955445,0,0,1,0
471,0.0,1.8329234044939764,1.8329234044939764,500,0.95535,0,0,1,0
472,0.0,1.5424175516758691,1.5424175516758691,500,0.955255,0,0,1,0
473,0.0,1.353527112400048,1.353527112400048,500,0.95516,0,0,1,0
474,0.0,1.8833468637706121,1.8833468637706121,500,0.955065,0,0,1,0
475,0.0,1.7723105589279713,1.7723105589279713,500,0.95497,0,0,1,0
476,0.0,1.6566014010832737,1.6566014010832737,500,0.954875,0,0,1,0
477,0.0,1.797764236657779,1.797764236657779,500,0.95478,0,0,1,0
478,0.0,1.6239283642336193,1.6239283642336193,500,0.954685,0,0,1,0
479,0.0,1.6307375419695636,1.6307375419695636,500,0.95459,0,0,1,0
480,0.0,1.7958856946521111,1.7958856946521111,500,0.954495,0,0,1,0
481,0.0,1.9003092844570644,1.9003092844570644,500,0.9544,0,0,1,0
482,0.0,2.2737575348721006,2.2737575348721006,500,0.954305,0,0,1,0
483,0.0,1.5180723601264854,1.5180723601264854,500,0.95421,0,0,1,0
484,0.0,1.8241879421720184,1.8241879421720184,500,0.954115,0,0,1,0
485,0.0,1.7492951418430487,1.7492951418430487,500,0.95402,0,0,1,0
486,0.0,1.8310828236407692,1.8310828236407692,500,0.953925,0,0,1,0
487,0.0,1.633088712383931,1.633088712383931,500,0.95383,0,0,1,0
488,0.0,1.60650798922789,1.60650798922789,500,0.953735,0,0,1,0
489,0.0,1.2764980689778547,1.2764980689778547,500,0.95364,0,0,1,0
490,0.0,1.319299102864667,1.319299102864667,500,0.953545,0,0,1,0
491,0.0,1.8665699618063418,1.8665699618063418,500,0.95345,0,0,1,0
492,0.0,2.125318825493603,2.125318825493603,500,0.953355,0,0,1,0
493,0.0,1.5345451115154756,1.5345451115154756,500,0.95326,0,0,1,0
494,0.0,1.491918478085669,1.491918478085669,500,0.953165,0,0,1,0
495,0.0,1.6712048531236738,1.6712048531236738,500,0.95307,0,0,1,0
496,0.0,1.9391364428244846,1.9391364428244846,500,0.952975,0,0,1,0
497,0.0,1.6725652113937763,1.6725652113937763,500,0.95288,0,0,1,0
498,0.0,2.1397898353588753,2.1397898353588753,500,0.952785,0,0,1,0
499,0.0,1.8457652715606192,1.8457652715606192,500,0.95269,0,0,1,0
500,0.0,1.8996952181147477,1.8996952181147477,500,0.952595,0,0,1,0
501,0.0,2.2206106328067388,2.2206106328067388,500,0.9525,0,0,1,0
502,0.0,1.6893514819025341,1.6893514819025341,500,0.952405,0,0,1,0
503,0.0,1.735888720991927,1.735888720991927,500,0.95231,0,0,1,0
504,0.0,2.0220189049220445,2.0220189049220445,500,0.952215,0,0,1,0
505,0.0,2.061625883732698,2.061625883732698,500,0.95212,0,0,1,0
506,0.0,1.8385892719059782,1.8385892719059782,500,0.952025,0,0,1,0
507,0.0,1.9987782800458636,1.9987782800458636,500,0.95193,0,0,1,0
508,0.0,1.3448811488345735,1.3448811488345735,500,0.951835,0,0,1,0
509,0.0,1.7013449294757903,1.7013449294757903,500,0.95174,0,0,1,0
510,0.0,1.96714541080738,1.96714541080738,500,0.951645,0,0,1,0
511,0.0,1.7174691416036652,1.7174691416036652,500,0.95155,0,0,1,0
512,0.0,1.6921562050398928,1.6921562050398928,500,0.951455,0,0,1,0
513,0.0,2.1181553613588946,2.1181553613588946,500,0.95136,0,0,1,0
514,0.0,1.9092903921124746,1.9092903921124746,500,0.951265,0,0,1,0
515,0.0,1.9874085141677151,1.9874085141677151,500,0.95117,0,0,1,0
516,0.0,2.044079790084358,2.044079790084358,500,0.951075,0,0,1,0
517,0.0,1.9044690278958842,1.9044690278958842,500,0.95098,0,0,1,0
518,0.0,1.8876339006092822,1.8876339006092822,500,0.950885,0,0,1,0
519,0.0,2.254439699057944,2.254439699057944,500,0.95079,0,0,1,0
520,0.0,1.88386882408375,1.88386882408375,500,0.950695,0,0,1,0
521,0.0,1.7544271352149508,1.7544271352149508,500,0.9506,0,0,1,0
522,0.0,1.3176572784459621,1.3176572784459621,500,0.950505,0,0,1,0
523,0.0,1.717834977240385,1.717834977240385,500,0.95041,0,0,1,0
524,0.0,2.0828812742892557,2.0828812742892557,500,0.950315,0,0,1,0
525,0.0,1.8350329848829587,1.8350329848829587,500,0.95022,0,0,1,0
526,0.0,2.4222936136988906,2.4222936136988906,500,0.950125,0,0,1,0
527,0.0,1.6379928658693084,1.6379928658693084,500,0.95003,0,0,1,0
528,0.0,1.9331986902241145,1.9331986902241145,500,0.949935,0,0,1,0
529,0.0,1.945328002091557,1.945328002091557,500,0.94984,0,0,1,0
530,0.0,1.7906567144962926,1.7906567144962926,500,0.949745,0,0,1,0
531,0.0,2.0086681869407945,2.0086681869407945,500,0.94965,0,0,1,0
532,0.0,1.8056984860827505,1.8056984860827505,500,0.949555,0,0,1,0
533,0.0,2.090848847920363,2.090848847920363,500,0.94946,0,0,1,0
534,0.0,1.775311039752987,1.775311039752987,500,0.949365,0,0,1,0
535,0.0,2.0743549100594905,2.0743549100594905,500,0.9492700000000001,0,0,1,0
536,0.0,1.8884709648254165,1.8884709648254165,500,0.949175,0,0,1,0
537,0.0,1.58756193234656,1.58756193234656,500,0.94908,0,0,1,0
538,0.0,1.750139164778164,1.750139164778164,500,0.948985,0,0,1,0
539,0.0,2.005995002481966,2.005995002481966,500,0.94889,0,0,1,0
540,0.0,1.721310378807268,1.721310378807268,500,0.948795,0,0,1,0
541,0.0,1.7065002928999462,1.7065002928999462,500,0.9487,0,0,1,0
542,0.0,1.7172775161681773,1.7172775161681773,500,0.948605,0,0,1,0
543,0.0,2.0881245507678563,2.0881245507678563,500,0.94851,0,0,1,0
544,0.0,1.6509308374292966,1.6509308374292966,500,0.948415,0,0,1,0
545,0.0,1.6663249732479821,1.6663249732479821,500,0.94832,0,0,1,0
546,0.0,1.4830035126125567,1.4830035126125567,500,0.948225,0,0,1,0
547,0.0,2.0390744769982763,2.0390744769982763,500,0.94813,0,0,1,0
548,0.0,1.7370192028815055,1.7370192028815055,500,0.948035,0,0,1,0
549,0.0,1.948761693829027,1.948761693829027,500,0.94794,0,0,1,0
550,0.0,1.7205547310005067,1.7205547310005067,500,0.947845,0,0,1,0
551,0.0,1.3704442908062255,1.3704442908062255,500,0.94775,0,0,1,0
552,0.0,1.8651513495128806,1.8651513495128806,500,0.947655,0,0,1,0
553,0.0,1.7384924269363775,1.7384924269363775,500,0.94756,0,0,1,0
554,0.0,1.8560689301126037,1.8560689301126037,500,0.947465,0,0,1,0
555,0.0,1.605186147307043,1.605186147307043,500,0.94737,0,0,1,0
556,0.0,2.0626710454363475,2.0626710454363475,500,0.947275,0,0,1,0
557,0.0,2.150171516822032,2.150171516822032,500,0.94718,0,0,1,0
558,0.0,1.9155221381604433,1.9155221381604433,500,0.947085,0,0,1,0
559,0.0,2.133062925523244,2.133062925523244,500,0.94699,0,0,1,0
560,0.0,1.5492204530756375,1.5492204530756375,500,0.946895,0,0,1,0
561,0.0,1.7332457721987073,1.7332457721987073,500,0.9468,0,0,1,0
562,0.0,1.4885206560286424,1.4885206560286424,500,0.946705,0,0,1,0
563,0.0,1.7163476918447529,1.7163476918447529,500,0.94661,0,0,1,0
564,0.0,1.5987728410743696,1.5987728410743696,500,0.946515,0,0,1,0
565,0.0,2.0267386443916537,2.0267386443916537,500,0.94642,0,0,1,0
566,0.0,2.1397206447161157,2.1397206447161157,500,0.946325,0,0,1,0
567,0.0,1.8270199682450177,1.8270199682450177,500,0.94623,0,0,1,0
568,0.0,2.144622611716487,2.144622611716487,500,0.946135,0,0,1,0
569,0.0,1.669925875651692,1.669925875651692,500,0.94604,0,0,1,0
570,0.0,1.955569906528097,1.955569906528097,500,0.945945,0,0,1,0
571,0.0,2.1257223940287755,2.1257223940287755,500,0.94585,0,0,1,0
572,0.0,1.3682031658847265,1.3682031658847265,500,0.945755,0,0,1,0
573,0.0,1.6434934764048414,1.6434934764048414,500,0.94566,0,0,1,0
574,0.0,1.8683641862378362,1.8683641862378362,500,0.945565,0,0,1,0
575,0.0,2.0415776960285927,2.0415776960285927,500,0.94547,0,0,1,0
576,0.0,1.9204234024917441,1.9204234024917441,500,0.945375,0,0,1,0
577,0.0,1.5381931436023528,1.5381931436023528,500,0.94528,0,0,1,0
578,0.0,1.7171229634664258,1.7171229634664258,500,0.945185,0,0,1,0
579,0.0,1.9735641443605865,1.9735641443605865,500,0.94509,0,0,1,0
580,0.0,1.8105605298207441,1.8105605298207441,500,0.944995,0,0,1,0
581,0.0,1.6996867190266747,1.6996867190266747,500,0.9449,0,0,1,0
582,0.0,2.235051050454485,2.235051050454485,500,0.944805,0,0,1,0
583,0.0,1.7232729981208355,1.7232729981208355,500,0.94471,0,0,1,0
584,0.0,1.966398953782738,1.966398953782738,500,0.944615,0,0,1,0
585,0.0,2.1684904002685905,2.1684904002685905,500,0.94452,0,0,1,0
586,0.0,2.0101181115463116,2.0101181115463116,500,0.944425,0,0,1,0
587,0.0,2.1549724589339707,2.1549724589339707,500,0.94433,0,0,1,0
588,0.0,1.6756554620441704,1.6756554620441704,500,0.944235,0,0,1,0
589,0.0,1.6945324749964656,1.6945324749964656,500,0.94414,0,0,1,0
590,0.0,2.203662001598884,2.203662001598884,500,0.944045,0,0,1,0
591,0.0,1.7994124380894903,1.7994124380894903,500,0.94395,0,0,1,0
592,0.0,1.9602478311395,1.9602478311395,500,0.943855,0,0,1,0
593,0.0,1.6363848466216875,1.6363848466216875,500,0.94376,0,0,1,0
594,0.0,2.0069976199382196,2.0069976199382196,500,0.943665,0,0,1,0
595,0.0,1.7353903836563682,1.7353903836563682,500,0.94357,0,0,1,0
596,0.0,1.865599865147633,1.865599865147633,500,0.9434750000000001,0,0,1,0
597,0.0,2.1079987831315776,2.1079987831315776,500,0.94338,0,0,1,0
598,0.0,2.0563823061943336,2.0563823061943336,500,0.943285,0,0,1,0
599,0.0,2.099613877396782,2.099613877396782,500,0.94319,0,0,1,0
600,0.0,2.073638103762856,2.073638103762856,500,0.943095,0,0,1,0
601,0.0,1.1006459148109637,1.1006459148109637,500,0.9430000000000001,0,0,1,0
602,0.0,1.5991584461438553,1.5991584461438553,500,0.942905,0,0,1,0
603,0.0,1.5848160263732778,1.5848160263732778,500,0.94281,0,0,1,0
604,0.0,1.6759292239054586,1.6759292239054586,500,0.942715,0,0,1,0
605,0.0,1.7427498680039033,1.7427498680039033,500,0.94262,0,0,1,0
606,0.0,1.9108511538010309,1.9108511538010309,500,0.9425250000000001,0,0,1,0
607,0.0,2.230692640456583,2.230692640456583,500,0.94243,0,0,1,0
608,0.0,1.8994723744500401,1.8994723744500401,500,0.942335,0,0,1,0
609,0.0,2.167962482040033,2.167962482040033,500,0.94224,0,0,1,0
610,0.0,2.231289907155289,2.231289907155289,500,0.942145,0,0,1,0
611,0.0,2.1455925624067573,2.1455925624067573,500,0.94205,0,0,1,0
612,0.0,1.5184449268313902,1.5184449268313902,500,0.941955,0,0,1,0
613,0.0,1.7232651285056524,1.7232651285056524,500,0.94186,0,0,1,0
614,0.0,1.719463927192585,1.719463927192585,500,0.941765,0,0,1,0
615,0.0,2.0271199051083277,2.0271199051083277,500,0.94167,0,0,1,0
616,0.0,1.8714365439436738,1.8714365439436738,500,0.941575,0,0,1,0
617,0.0,1.6476129785743712,1.6476129785743712,500,0.94148,0,0,1,0
618,0.0,1.7292263533690129,1.7292263533690129,500,0.941385,0,0,1,0
619,0.0,2.046858679346736,2.046858679346736,500,0.94129,0,0,1,0
620,0.0,1.6404020636642211,1.6404020636642211,500,0.941195,0,0,1,0
621,0.0,1.5035565165239344,1.5035565165239344,500,0.9411,0,0,1,0
622,0.0,1.9200088683706351,1.9200088683706351,500,0.941005,0,0,1,0
623,0.0,1.8641538991142939,1.8641538991142939,500,0.94091,0,0,1,0
624,0.0,1.3865453993310022,1.3865453993310022,500,0.940815,0,0,1,0
625,0.0,1.5176735366311103,1.5176735366311103,500,0.94072,0,0,1,0
626,0.0,2.0236539986948268,2.0236539986948268,500,0.940625,0,0,1,0
627,0.0,1.4613154107203017,1.4613154107203017,500,0.94053,0,0,1,0
628,0.0,1.967180285508437,1.967180285508437,500,0.940435,0,0,1,0
629,0.0,1.4231362542937795,1.4231362542937795,500,0.94034,0,0,1,0
630,0.0,1.9822455368812302,1.9822455368812302,500,0.940245,0,0,1,0
631,0.0,2.2289065093148466,2.2289065093148466,500,0.94015,0,0,1,0
632,0.0,1.8910725712157155,1.8910725712157155,500,0.940055,0,0,1,0
633,0.0,2.1000839839062704,2.1000839839062704,500,0.93996,0,0,1,0
634,0.0,1.660664555321197,1.660664555321197,500,0.939865,0,0,1,0
635,0.0,1.6024562398532325,1.6024562398532325,500,0.93977,0,0,1,0
636,0.0,1.473718571185268,1.473718571185268,500,0.939675,0,0,1,0
637,0.0,1.7883130188652363,1.7883130188652363,500,0.93958,0,0,1,0
638,0.0,1.6623768728012465,1.6623768728012465,500,0.939485,0,0,1,0
639,0.0,1.5211963416357994,1.5211963416357994,500,0.9393900000000001,0,0,1,0
640,0.0,1.741376114037266,1.741376114037266,500,0.939295,0,0,1,0
641,0.0,1.8775397434920345,1.8775397434920345,500,0.9392,0,0,1,0
642,0.0,1.8463660957918973,1.8463660957918973,500,0.939105,0,0,1,0
643,0.0,1.1278720762190755,1.1278720762190755,500,0.93901,0,0,1,0
644,0.0,1.94308859629286,1.94308859629286,500,0.938915,0,0,1,0
645,0.0,1.5763418217217773,1.5763418217217773,500,0.93882,0,0,1,0
646,0.0,1.9802461449107736,1.9802461449107736,500,0.938725,0,0,1,0
647,0.0,1.7751813811761679,1.7751813811761679,500,0.93863,0,0,1,0
648,0.0,1.6108601313109754,1.6108601313109754,500,0.938535,0,0,1,0
649,0.0,1.7487892509774106,1.7487892509774106,500,0.93844,0,0,1,0
650,0.0,1.626819019940485,1.626819019940485,500,0.938345,0,0,1,0
651,0.0,1.5752584824963334,1.5752584824963334,500,0.93825,0,0,1,0
652,0.0,1.5674078768122068,1.5674078768122068,500,0.938155,0,0,1,0
653,0.0,2.1116167197868148,2.1116167197868148,500,0.93806,0,0,1,0
654,0.0,1.3368501913195,1.3368501913195,500,0.937965,0,0,1,0
655,0.0,2.1575333776530905,2.1575333776530905,500,0.93787,0,0,1,0
656,0.0,1.9418677737389762,1.9418677737389762,500,0.937775,0,0,1,0
657,0.0,1.8796032590415739,1.8796032590415739,500,0.93768,0,0,1,0
658,0.0,1.6461684877070566,1.6461684877070566,500,0.937585,0,0,1,0
659,0.0,1.9163858296832976,1.9163858296832976,500,0.93749,0,0,1,0
660,0.0,1.903483543926911,1.903483543926911,500,0.937395,0,0,1,0
661,0.0,2.2094431482179937,2.2094431482179937,500,0.9373,0,0,1,0
662,0.0,1.7750652270870575,1.7750652270870575,500,0.937205,0,0,1,0
663,0.0,1.8074109545336223,1.8074109545336223,500,0.93711,0,0,1,0
664,0.0,2.0933409326100243,2.0933409326100243,500,0.937015,0,0,1,0
665,0.0,1.8370097479839624,1.8370097479839624,500,0.93692,0,0,1,0
666,0.0,1.4942543500874208,1.4942543500874208,500,0.936825,0,0,1,0
667,0.0,1.4456152407522889,1.4456152407522889,500,0.93673,0,0,1,0
668,0.0,1.8867876833181805,1.8867876833181805,500,0.936635,0,0,1,0
669,0.0,1.8932674755493748,1.8932674755493748,500,0.93654,0,0,1,0
670,0.0,2.237050538508537,2.237050538508537,500,0.936445,0,0,1,0
671,0.0,1.5862593402127732,1.5862593402127732,500,0.93635,0,0,1,0
672,0.0,2.142577156757697,2.142577156757697,500,0.936255,0,0,1,0
673,0.0,1.0901776061831343,1.0901776061831343,500,0.93616,0,0,1,0
674,0.0,2.252401780440967,2.252401780440967,500,0.936065,0,0,1,0
675,0.0,2.331982092692145,2.331982092692145,500,0.93597,0,0,1,0
676,0.0,1.8216984445494595,1.8216984445494595,500,0.935875,0,0,1,0
677,0.0,1.762298296176961,1.762298296176961,500,0.9357800000000001,0,0,1,0
678,0.0,1.8180568286158647,1.8180568286158647,500,0.935685,0,0,1,0
679,0.0,1.9403443336201252,1.9403443336201252,500,0.93559,0,0,1,0
680,0.0,1.6869047172169105,1.6869047172169105,500,0.935495,0,0,1,0
681,0.0,1.924527120307392,1.924527120307392,500,0.9354,0,0,1,0
682,0.0,1.9298652168546218,1.9298652168546218,500,0.935305,0,0,1,0
683,0.0,1.6412207395106444,1.6412207395106444,500,0.93521,0,0,1,0
684,0.0,1.9894922967444184,1.9894922967444184,500,0.935115,0,0,1,0
685,0.0,1.5765006011907705,1.5765006011907705,500,0.93502,0,0,1,0
686,0.0,1.8567802836941365,1.8567802836941365,500,0.934925,0,0,1,0
687,0.0,1.9192838137231805,1.9192838137231805,500,0.93483,0,0,1,0
688,0.0,1.7789303285164164,1.7789303285164164,500,0.934735,0,0,1,0
689,0.0,1.837620818754596,1.837620818754596,500,0.93464,0,0,1,0
690,0.0,1.636323932067566,1.636323932067566,500,0.934545,0,0,1,0
691,0.0,2.3064817362162353,2.3064817362162353,500,0.93445,0,0,1,0
692,0.0,2.2598565788934977,2.2598565788934977,500,0.934355,0,0,1,0
693,0.0,2.0534589929148677,2.0534589929148677,500,0.93426,0,0,1,0
694,0.0,2.270669155379608,2.270669155379608,500,0.934165,0,0,1,0
695,0.0,1.9946748506831222,1.9946748506831222,500,0.93407,0,0,1,0
696,0.0,1.753415397636837,1.753415397636837,500,0.933975,0,0,1,0
697,0.0,1.6306333322243094,1.6306333322243094,500,0.93388,0,0,1,0
698,0.0,2.017445749571124,2.017445749571124,500,0.933785,0,0,1,0
699,0.0,1.8904432652545813,1.8904432652545813,500,0.93369,0,0,1,0
700,0.0,2.100393315918398,2.100393315918398,500,0.933595,0,0,1,0
701,0.0,1.8739695141987727,1.8739695141987727,500,0.9335,0,0,1,0
702,0.0,1.7489022625204016,1.7489022625204016,500,0.933405,0,0,1,0
703,0.0,1.858655013721569,1.858655013721569,500,0.93331,0,0,1,0
704,0.0,1.6527540702092078,1.6527540702092078,500,0.933215,0,0,1,0
705,0.0,1.6545466926741181,1.6545466926741181,500,0.93312,0,0,1,0
706,0.0,2.003257384443826,2.003257384443826,500,0.933025,0,0,1,0
707,0.0,2.046336805189578,2.046336805189578,500,0.93293,0,0,1,0
708,0.0,1.6254541888673355,1.6254541888673355,500,0.932835,0,0,1,0
709,0.0,2.0953476421031345,2.0953476421031345,500,0.93274,0,0,1,0
710,0.0,2.0388585463976088,2.0388585463976088,500,0.932645,0,0,1,0
711,0.0,1.4757429898251708,1.4757429898251708,500,0.93255,0,0,1,0
712,0.0,1.8281714118222643,1.8281714118222643,500,0.932455,0,0,1,0
713,0.0,1.7592514947972817,1.7592514947972817,500,0.93236,0,0,1,0
714,0.0,1.9948528152361735,1.9948528152361735,500,0.932265,0,0,1,0
715,0.0,1.921612528793664,1.921612528793664,500,0.9321699999999999,0,0,1,0
716,0.0,2.0017328637781233,2.0017328637781233,500,0.932075,0,0,1,0
717,0.0,1.970283306417175,1.970283306417175,500,0.93198,0,0,1,0
718,0.0,2.1968232338647136,2.1968232338647136,500,0.931885,0,0,1,0
719,0.0,1.9155640160283185,1.9155640160283185,500,0.93179,0,0,1,0
720,0.0,1.878159656463937,1.878159656463937,500,0.9316949999999999,0,0,1,0
721,0.0,1.5240572829394867,1.5240572829394867,500,0.9316,0,0,1,0
722,0.0,1.7650770059193077,1.7650770059193077,500,0.931505,0,0,1,0
723,0.0,1.4912988680378398,1.4912988680378398,500,0.93141,0,0,1,0
724,0.0,1.6634862260434757,1.6634862260434757,500,0.931315,0,0,1,0
725,0.0,2.0970542205052127,2.0970542205052127,500,0.9312199999999999,0,0,1,0
726,0.0,1.7829205679714613,1.7829205679714613,500,0.931125,0,0,1,0
727,0.0,2.195676152223184,2.195676152223184,500,0.93103,0,0,1,0
728,0.0,2.006841281173072,2.006841281173072,500,0.930935,0,0,1,0
729,0.0,2.044185187417051,2.044185187417051,500,0.93084,0,0,1,0
730,0.0,1.849964501885529,1.849964501885529,500,0.930745,0,0,1,0
731,0.0,2.0995745332985005,2.0995745332985005,500,0.93065,0,0,1,0
732,0.0,2.0117367832905706,2.0117367832905706,500,0.930555,0,0,1,0
733,0.0,1.9150656745374068,1.9150656745374068,500,0.93046,0,0,1,0
734,0.0,1.9548930252255245,1.9548930252255245,500,0.930365,0,0,1,0
735,0.0,2.079391502567999,2.079391502567999,500,0.93027,0,0,1,0
736,0.0,1.845556834008515,1.845556834008515,500,0.930175,0,0,1,0
737,0.0,2.1709173096625087,2.1709173096625087,500,0.93008,0,0,1,0
738,0.0,2.2699499393000218,2.2699499393000218,500,0.9299850000000001,0,0,1,0
739,0.0,1.5588713742523668,1.5588713742523668,500,0.92989,0,0,1,0
740,0.0,1.1983791632745495,1.1983791632745495,500,0.929795,0,0,1,0
741,0.0,1.9031252034385455,1.9031252034385455,500,0.9297,0,0,1,0
742,0.0,1.7506891171614913,1.7506891171614913,500,0.929605,0,0,1,0
743,0.0,1.9718479720780673,1.9718479720780673,500,0.9295100000000001,0,0,1,0
744,0.0,1.2346699725030332,1.2346699725030332,500,0.929415,0,0,1,0
745,0.0,1.883779598369665,1.883779598369665,500,0.92932,0,0,1,0
746,0.0,1.87745415639086,1.87745415639086,500,0.929225,0,0,1,0
747,0.0,1.5692817124966052,1.5692817124966052,500,0.92913,0,0,1,0
748,0.0,1.7854046686292158,1.7854046686292158,500,0.929035,0,0,1,0
749,0.0,1.5855930155082218,1.5855930155082218,500,0.92894,0,0,1,0
750,0.0,1.7789662285119718,1.7789662285119718,500,0.928845,0,0,1,0
751,0.0,1.8587334369528217,1.8587334369528217,500,0.92875,0,0,1,0
752,0.0,2.0631461524072274,2.0631461524072274,500,0.928655,0,0,1,0
753,0.0,1.680218879884604,1.680218879884604,500,0.92856,0,0,1,0
754,0.0,2.257624994259291,2.257624994259291,500,0.928465,0,0,1,0
755,0.0,1.8315555482895416,1.8315555482895416,500,0.92837,0,0,1,0
756,0.0,2.0349177274869814,2.0349177274869814,500,0.928275,0,0,1,0
757,0.0,2.091281780436887,2.091281780436887,500,0.92818,0,0,1,0
758,0.0,2.009798931262149,2.009798931262149,500,0.928085,0,0,1,0
759,0.0,2.0133012863074327,2.0133012863074327,500,0.92799,0,0,1,0
760,0.0,1.6283762625204836,1.6283762625204836,500,0.927895,0,0,1,0
761,0.0,1.92326204438851,1.92326204438851,500,0.9278,0,0,1,0
762,0.0,1.900211905233624,1.900211905233624,500,0.927705,0,0,1,0
763,0.0,1.5135663494576366,1.5135663494576366,500,0.92761,0,0,1,0
764,0.0,1.7992618931808277,1.7992618931808277,500,0.927515,0,0,1,0
765,0.0,2.171616517333133,2.171616517333133,500,0.92742,0,0,1,0
766,0.0,1.9641304149346601,1.9641304149346601,500,0.927325,0,0,1,0
767,0.0,2.0557570248445374,2.0557570248445374,500,0.92723,0,0,1,0
768,0.0,1.88679248187243,1.88679248187243,500,0.927135,0,0,1,0
769,0.0,1.8594183984959578,1.8594183984959578,500,0.92704,0,0,1,0
770,0.0,1.5854751505569005,1.5854751505569005,500,0.926945,0,0,1,0
771,0.0,1.7062296374244705,1.7062296374244705,500,0.92685,0,0,1,0
772,0.0,1.9773518592727646,1.9773518592727646,500,0.926755,0,0,1,0
773,0.0,1.4307140022484421,1.4307140022484421,500,0.92666,0,0,1,0
774,0.0,2.0536685645027735,2.0536685645027735,500,0.926565,0,0,1,0
775,0.0,1.930808059928205,1.930808059928205,500,0.92647,0,0,1,0
776,0.0,1.7981433146744221,1.7981433146744221,500,0.926375,0,0,1,0
777,0.0,2.201231386990683,2.201231386990683,500,0.92628,0,0,1,0
778,0.0,1.9942845133791258,1.9942845133791258,500,0.926185,0,0,1,0
779,0.0,2.0248891375401006,2.0248891375401006,500,0.92609,0,0,1,0
780,0.0,1.7798428889291873,1.7798428889291873,500,0.925995,0,0,1,0
781,0.0,2.011314753686749,2.011314753686749,500,0.9259,0,0,1,0
782,0.0,2.10410369794197,2.10410369794197,500,0.925805,0,0,1,0
783,0.0,2.2638874298000045,2.2638874298000045,500,0.92571,0,0,1,0
784,0.0,1.9781780436021446,1.9781780436021446,500,0.925615,0,0,1,0
785,0.0,1.5350340595596261,1.5350340595596261,500,0.92552,0,0,1,0
786,0.0,1.5866201754099256,1.5866201754099256,500,0.9254249999999999,0,0,1,0
787,0.0,2.0992305188367015,2.0992305188367015,500,0.92533,0,0,1,0
788,0.0,2.0846939548195067,2.0846939548195067,500,0.925235,0,0,1,0
789,0.0,1.3325929879768594,1.3325929879768594,500,0.92514,0,0,1,0
790,0.0,2.0523766727931663,2.0523766727931663,500,0.925045,0,0,1,0
791,0.0,1.449518270419508,1.449518270419508,500,0.92495,0,0,1,0
792,0.0,2.1191885377931383,2.1191885377931383,500,0.924855,0,0,1,0
793,0.0,1.8370917369495614,1.8370917369495614,500,0.92476,0,0,1,0
794,0.0,1.8040819843926426,1.8040819843926426,500,0.9246650000000001,0,0,1,0
795,0.0,2.1472008611437836,2.1472008611437836,500,0.92457,0,0,1,0
796,0.0,2.2068298750037756,2.2068298750037756,500,0.924475,0,0,1,0
797,0.0,2.0833745509154262,2.0833745509154262,500,0.92438,0,0,1,0
798,0.0,1.5822942501937278,1.5822942501937278,500,0.924285,0,0,1,0
799,0.0,2.13445620331746,2.13445620331746,500,0.9241900000000001,0,0,1,0
800,0.0,1.4286589763372854,1.4286589763372854,500,0.924095,0,0,1,0
801,0.0,2.226836086150754,2.226836086150754,500,0.924,0,0,1,0
802,0.0,1.6478459691828067,1.6478459691828067,500,0.923905,0,0,1,0
803,0.0,2.0368347228222072,2.0368347228222072,500,0.92381,0,0,1,0
804,0.0,2.0666308739483332,2.0666308739483332,500,0.9237150000000001,0,0,1,0
805,0.0,1.9148783457158138,1.9148783457158138,500,0.92362,0,0,1,0
806,0.0,2.212467126931301,2.212467126931301,500,0.923525,0,0,1,0
807,0.0,2.0400223842758978,2.0400223842758978,500,0.92343,0,0,1,0
808,0.0,1.9507431731593783,1.9507431731593783,500,0.923335,0,0,1,0
809,0.0,2.1506263266489087,2.1506263266489087,500,0.9232400000000001,0,0,1,0
810,0.0,2.0735146401470472,2.0735146401470472,500,0.923145,0,0,1,0
811,0.0,1.6168751358255629,1.6168751358255629,500,0.92305,0,0,1,0
812,0.0,1.6284060839402097,1.6284060839402097,500,0.922955,0,0,1,0
813,0.0,2.0710298157114964,2.0710298157114964,500,0.92286,0,0,1,0
814,0.0,1.7082797998670658,1.7082797998670658,500,0.9227650000000001,0,0,1,0
815,0.0,1.666310231018332,1.666310231018332,500,0.92267,0,0,1,0
816,0.0,1.932271658300026,1.932271658300026,500,0.922575,0,0,1,0
817,0.0,2.2170695261260778,2.2170695261260778,500,0.92248,0,0,1,0
818,0.0,2.212119283515307,2.212119283515307,500,0.922385,0,0,1,0
819,0.0,2.1373630445411687,2.1373630445411687,500,0.92229,0,0,1,0
820,0.0,2.3321924882980105,2.3321924882980105,500,0.922195,0,0,1,0
821,0.0,1.8228256826150182,1.8228256826150182,500,0.9221,0,0,1,0
822,0.0,2.08692935141751,2.08692935141751,500,0.922005,0,0,1,0
823,0.0,2.038984961123619,2.038984961123619,500,0.92191,0,0,1,0
824,0.0,1.7808627309478258,1.7808627309478258,500,0.921815,0,0,1,0
825,0.0,2.1750926225690366,2.1750926225690366,500,0.92172,0,0,1,0
826,0.0,2.0602474555231627,2.0602474555231627,500,0.921625,0,0,1,0
827,0.0,1.9198745311732832,1.9198745311732832,500,0.92153,0,0,1,0
828,0.0,1.2114577832179896,1.2114577832179896,500,0.921435,0,0,1,0
829,0.0,1.8256742022033405,1.8256742022033405,500,0.92134,0,0,1,0
830,0.0,1.7427145838397542,1.7427145838397542,500,0.921245,0,0,1,0
831,0.0,1.8734041845175007,1.8734041845175007,500,0.92115,0,0,1,0
832,0.0,1.9978864382969597,1.9978864382969597,500,0.921055,0,0,1,0
833,0.0,2.035493018638695,2.035493018638695,500,0.92096,0,0,1,0
834,0.0,1.8543303982837935,1.8543303982837935,500,0.920865,0,0,1,0
835,0.0,1.8120294221592959,1.8120294221592959,500,0.92077,0,0,1,0
836,0.0,1.60660899417818,1.60660899417818,500,0.920675,0,0,1,0
837,0.0,2.212733981685752,2.212733981685752,500,0.92058,0,0,1,0
838,0.0,2.1312102040772603,2.1312102040772603,500,0.920485,0,0,1,0
839,0.0,2.1260275040189196,2.1260275040189196,500,0.92039,0,0,1,0
840,0.0,1.8976867920574074,1.8976867920574074,500,0.920295,0,0,1,0
841,0.0,2.0694511359638117,2.0694511359638117,500,0.9202,0,0,1,0
842,0.0,2.048275908394006,2.048275908394006,500,0.920105,0,0,1,0
843,0.0,1.9417361504866515,1.9417361504866515,500,0.92001,0,0,1,0
844,0.0,1.7128984343321312,1.7128984343321312,500,0.919915,0,0,1,0
845,0.0,1.8858081353445113,1.8858081353445113,500,0.91982,0,0,1,0
846,0.0,1.7611153162281137,1.7611153162281137,500,0.919725,0,0,1,0
847,0.0,1.975524391955276,1.975524391955276,500,0.91963,0,0,1,0
848,0.0,1.6623055891838263,1.6623055891838263,500,0.919535,0,0,1,0
849,0.0,1.9865668634305378,1.9865668634305378,500,0.91944,0,0,1,0
850,0.0,2.061007467295581,2.061007467295581,500,0.919345,0,0,1,0
851,0.0,2.057405484092424,2.057405484092424,500,0.91925,0,0,1,0
852,0.0,1.9719853381670644,1.9719853381670644,500,0.919155,0,0,1,0
853,0.0,1.9688723546399483,1.9688723546399483,500,0.91906,0,0,1,0
854,0.0,1.8964066495526484,1.8964066495526484,500,0.918965,0,0,1,0
855,0.0,1.849838375796771,1.849838375796771,500,0.91887,0,0,1,0
856,0.0,2.3294187115907747,2.3294187115907747,500,0.918775,0,0,1,0
857,0.0,1.8174371225218753,1.8174371225218753,500,0.91868,0,0,1,0
858,0.0,2.2133060584133726,2.2133060584133726,500,0.918585,0,0,1,0
859,0.0,1.348788277302999,1.348788277302999,500,0.91849,0,0,1,0
860,0.0,1.578983441598991,1.578983441598991,500,0.918395,0,0,1,0
861,0.0,2.103819748086917,2.103819748086917,500,0.9183,0,0,1,0
862,0.0,2.1042503023162302,2.1042503023162302,500,0.918205,0,0,1,0
863,0.0,2.2247500639323716,2.2247500639323716,500,0.91811,0,0,1,0
864,0.0,1.9219468140081202,1.9219468140081202,500,0.918015,0,0,1,0
865,0.0,2.0109769495195935,2.0109769495195935,500,0.91792,0,0,1,0
866,0.0,1.1894452801479554,1.1894452801479554,500,0.917825,0,0,1,0
867,0.0,1.6121935608162428,1.6121935608162428,500,0.91773,0,0,1,0
868,0.0,1.7303586688037982,1.7303586688037982,500,0.917635,0,0,1,0
869,0.0,1.6414573162791384,1.6414573162791384,500,0.91754,0,0,1,0
870,0.0,1.8369668722706756,1.8369668722706756,500,0.917445,0,0,1,0
871,0.0,1.9397505066157004,1.9397505066157004,500,0.91735,0,0,1,0
872,0.0,1.7732402879770068,1.7732402879770068,500,0.917255,0,0,1,0
873,0.0,1.691472733505718,1.691472733505718,500,0.91716,0,0,1,0
874,0.0,2.2573955752193053,2.2573955752193053,500,0.917065,0,0,1,0
875,0.0,1.1656801687182918,1.1656801687182918,500,0.91697,0,0,1,0
876,0.0,2.153008662461004,2.153008662461004,500,0.916875,0,0,1,0
877,0.0,1.3549945432973571,1.3549945432973571,500,0.91678,0,0,1,0
878,0.0,1.607631838019054,1.607631838019054,500,0.916685,0,0,1,0
879,0.0,1.976596139347943,1.976596139347943,500,0.91659,0,0,1,0
880,0.0,1.7211953980159145,1.7211953980159145,500,0.9164950000000001,0,0,1,0
881,0.0,1.5563414426921365,1.5563414426921365,500,0.9164,0,0,1,0
882,0.0,1.7240590399141724,1.7240590399141724,500,0.916305,0,0,1,0
883,0.0,1.3321963843005669,1.3321963843005669,500,0.91621,0,0,1,0
884,0.0,1.6833490118074455,1.6833490118074455,500,0.916115,0,0,1,0
885,0.0,1.9512293354878003,1.9512293354878003,500,0.9160200000000001,0,0,1,0
886,0.0,1.9600100842433497,1.9600100842433497,500,0.915925,0,0,1,0
887,0.0,2.244394845306181,2.244394845306181,500,0.91583,0,0,1,0
888,0.0,1.8973276953011546,1.8973276953011546,500,0.915735,0,0,1,0
889,0.0,2.2170006896501837,2.2170006896501837,500,0.91564,0,0,1,0
890,0.0,1.7992096764213072,1.7992096764213072,500,0.915545,0,0,1,0
891,0.0,1.6744002145606725,1.6744002145606725,500,0.91545,0,0,1,0
892,0.0,1.575047147834097,1.575047147834097,500,0.915355,0,0,1,0
893,0.0,1.2852816618663847,1.2852816618663847,500,0.91526,0,0,1,0
894,0.0,1.9380437447305363,1.9380437447305363,500,0.915165,0,0,1,0
895,0.0,1.957123239759562,1.957123239759562,500,0.91507,0,0,1,0
896,0.0,2.170581404036977,2.170581404036977,500,0.914975,0,0,1,0
897,0.0,2.094501632286464,2.094501632286464,500,0.91488,0,0,1,0
898,0.0,1.870934105499315,1.870934105499315,500,0.914785,0,0,1,0
899,0.0,1.8358956024570878,1.8358956024570878,500,0.91469,0,0,1,0
900,0.0,1.8828908627870553,1.8828908627870553,500,0.914595,0,0,1,0
901,0.0,1.8047369296706643,1.8047369296706643,500,0.9145,0,0,1,0
902,0.0,2.1300318211586213,2.1300318211586213,500,0.914405,0,0,1,0
903,0.0,1.8440846771660906,1.8440846771660906,500,0.91431,0,0,1,0
904,0.0,1.5271360282657949,1.5271360282657949,500,0.914215,0,0,1,0
905,0.0,2.028491561819363,2.028491561819363,500,0.91412,0,0,1,0
906,0.0,1.6738915762724014,1.6738915762724014,500,0.914025,0,0,1,0
907,0.0,2.0019915575829352,2.0019915575829352,500,0.91393,0,0,1,0
908,0.0,1.9230679941667916,1.9230679941667916,500,0.913835,0,0,1,0
909,0.0,1.753011763954761,1.753011763954761,500,0.91374,0,0,1,0
910,0.0,2.214167676668861,2.214167676668861,500,0.913645,0,0,1,0
911,0.0,2.3190567883452307,2.3190567883452307,500,0.91355,0,0,1,0
912,0.0,2.1038852592272983,2.1038852592272983,500,0.913455,0,0,1,0
913,0.0,1.451393472579869,1.451393472579869,500,0.91336,0,0,1,0
914,0.0,1.5636346552652678,1.5636346552652678,500,0.913265,0,0,1,0
915,0.0,2.2396866948511707,2.2396866948511707,500,0.91317,0,0,1,0
916,0.0,2.010928364346414,2.010928364346414,500,0.913075,0,0,1,0
917,0.0,2.0078567848699445,2.0078567848699445,500,0.91298,0,0,1,0
918,0.0,2.022837457201591,2.022837457201591,500,0.912885,0,0,1,0
919,0.0,1.8629867238232358,1.8629867238232358,500,0.91279,0,0,1,0
920,0.0,1.8846651679490696,1.8846651679490696,500,0.912695,0,0,1,0
921,0.0,2.201696292880148,2.201696292880148,500,0.9126,0,0,1,0
922,0.0,2.057719036007998,2.057719036007998,500,0.912505,0,0,1,0
923,0.0,1.837356646016256,1.837356646016256,500,0.9124099999999999,0,0,1,0
924,0.0,2.031555253592591,2.031555253592591,500,0.912315,0,0,1,0
925,0.0,1.7845234768247618,1.7845234768247618,500,0.91222,0,0,1,0
926,0.0,1.8835940521255532,1.8835940521255532,500,0.912125,0,0,1,0
927,0.0,2.0762908763936743,2.0762908763936743,500,0.91203,0,0,1,0
928,0.0,1.821213175491617,1.821213175491617,500,0.9119349999999999,0,0,1,0
929,0.0,1.9351754727407051,1.9351754727407051,500,0.91184,0,0,1,0
930,0.0,1.7291643742251193,1.7291643742251193,500,0.911745,0,0,1,0
931,0.0,2.203398926700074,2.203398926700074,500,0.91165,0,0,1,0
932,0.0,1.8582915987383548,1.8582915987383548,500,0.911555,0,0,1,0
933,0.0,2.209145215773769,2.209145215773769,500,0.9114599999999999,0,0,1,0
934,0.0,1.5449752457738688,1.5449752457738688,500,0.911365,0,0,1,0
935,0.0,2.0384918065726683,2.0384918065726683,500,0.91127,0,0,1,0
936,0.0,2.1030243907007073,2.1030243907007073,500,0.911175,0,0,1,0
937,0.0,1.5257031653787347,1.5257031653787347,500,0.91108,0,0,1,0
938,0.0,1.9721647024219748,1.9721647024219748,500,0.910985,0,0,1,0
939,0.0,2.17152604541819,2.17152604541819,500,0.91089,0,0,1,0
940,0.0,1.9182519486712775,1.9182519486712775,500,0.910795,0,0,1,0
941,0.0,1.8394293094794025,1.8394293094794025,500,0.9107000000000001,0,0,1,0
942,0.0,2.152249323946773,2.152249323946773,500,0.910605,0,0,1,0
943,0.0,1.788947928130084,1.788947928130084,500,0.91051,0,0,1,0
944,0.0,1.6563049307110225,1.6563049307110225,500,0.910415,0,0,1,0
945,0.0,1.786132626505454,1.786132626505454,500,0.91032,0,0,1,0
946,0.0,2.0386013587635285,2.0386013587635285,500,0.9102250000000001,0,0,1,0
947,0.0,1.296225311541909,1.296225311541909,500,0.91013,0,0,1,0
948,0.0,2.0303152489850933,2.0303152489850933,500,0.910035,0,0,1,0
949,0.0,2.205134634385393,2.205134634385393,500,0.90994,0,0,1,0
950,0.0,1.6297131831531964,1.6297131831531964,500,0.909845,0,0,1,0
951,0.0,2.2696328742285585,2.2696328742285585,500,0.9097500000000001,0,0,1,0
952,0.0,1.4638882135664228,1.4638882135664228,500,0.909655,0,0,1,0
953,0.0,2.1883753069116945,2.1883753069116945,500,0.90956,0,0,1,0
954,0.0,1.9337165246947845,1.9337165246947845,500,0.909465,0,0,1,0
955,0.0,1.4112709322135857,1.4112709322135857,500,0.90937,0,0,1,0
956,0.0,2.2575681777164536,2.2575681777164536,500,0.909275,0,0,1,0
957,0.0,2.148252112089808,2.148252112089808,500,0.90918,0,0,1,0
958,0.0,2.09578936780775,2.09578936780775,500,0.909085,0,0,1,0
959,0.0,1.8154356804681675,1.8154356804681675,500,0.90899,0,0,1,0
960,0.0,2.020178125694072,2.020178125694072,500,0.908895,0,0,1,0
961,0.0,1.8913462836282329,1.8913462836282329,500,0.9088,0,0,1,0
962,0.0,1.9696333548106264,1.9696333548106264,500,0.908705,0,0,1,0
963,0.0,2.2939468381254677,2.2939468381254677,500,0.90861,0,0,1,0
964,0.0,1.85097522009478,1.85097522009478,500,0.908515,0,0,1,0
965,0.0,1.5854271642063877,1.5854271642063877,500,0.90842,0,0,1,0
966,0.0,2.0436566593244656,2.0436566593244656,500,0.908325,0,0,1,0
967,0.0,1.703212212767013,1.703212212767013,500,0.90823,0,0,1,0
968,0.0,1.831979249527595,1.831979249527595,500,0.908135,0,0,1,0
969,0.0,1.5497298280590197,1.5497298280590197,500,0.90804,0,0,1,0
970,0.0,1.9686658726256767,1.9686658726256767,500,0.907945,0,0,1,0
971,0.0,1.6514879273912457,1.6514879273912457,500,0.90785,0,0,1,0
972,0.0,1.670942743753099,1.670942743753099,500,0.907755,0,0,1,0
973,0.0,1.7262994165446173,1.7262994165446173,500,0.90766,0,0,1,0
974,0.0,1.6328339920236488,1.6328339920236488,500,0.907565,0,0,1,0
975,0.0,2.3229788565837164,2.3229788565837164,500,0.90747,0,0,1,0
976,0.0,1.71092417088144,1.71092417088144,500,0.907375,0,0,1,0
977,0.0,2.2198916908214774,2.2198916908214774,500,0.90728,0,0,1,0
978,0.0,1.9041053436308788,1.9041053436308788,500,0.907185,0,0,1,0
979,0.0,1.9467790128157179,1.9467790128157179,500,0.90709,0,0,1,0
980,0.0,2.3088599668520935,2.3088599668520935,500,0.906995,0,0,1,0
981,0.0,2.0229648500711512,2.0229648500711512,500,0.9069,0,0,1,0
982,0.0,1.7462277670248503,1.7462277670248503,500,0.906805,0,0,1,0
983,0.0,1.7564278112486227,1.7564278112486227,500,0.90671,0,0,1,0
984,0.0,1.4695540712488628,1.4695540712488628,500,0.906615,0,0,1,0
985,0.0,1.9121051731358243,1.9121051731358243,500,0.90652,0,0,1,0
986,0.0,1.638609484482613,1.638609484482613,500,0.906425,0,0,1,0
987,0.0,1.9677093786612099,1.9677093786612099,500,0.90633,0,0,1,0
988,0.0,1.804006971518793,1.804006971518793,500,0.906235,0,0,1,0
989,0.0,1.9422704485222921,1.9422704485222921,500,0.90614,0,0,1,0
990,0.0,1.662488719224351,1.662488719224351,500,0.906045,0,0,1,0
991,0.0,1.6613757392090567,1.6613757392090567,500,0.90595,0,0,1,0
992,0.0,1.4809132618903227,1.4809132618903227,500,0.905855,0,0,1,0
993,0.0,1.7927456233392078,1.7927456233392078,500,0.90576,0,0,1,0
994,0.0,1.4600666264624937,1.4600666264624937,500,0.905665,0,0,1,0
995,0.0,1.7784357223821248,1.7784357223821248,500,0.90557,0,0,1,0
996,0.0,1.639837146469264,1.639837146469264,500,0.905475,0,0,1,0
997,0.0,1.674277793111265,1.674277793111265,500,0.90538,0,0,1,0
998,0.0,1.2448111633985384,1.2448111633985384,500,0.905285,0,0,1,0
999,0.0,2.1549439136451727,2.1549439136451727,500,0.90519,0,0,1,0
1000,0.0,2.220284072558207,2.220284072558207,500,0.905095,0,0,1,0
1001,0.0,1.976409487788039,1.976409487788039,500,0.905,0,0,1,0
1002,0.0,2.338340369378718,2.338340369378718,500,0.9049050000000001,0,0,1,0
1003,0.0,2.2430593770281524,2.2430593770281524,500,0.90481,0,0,1,0
1004,0.0,2.2201663538350047,2.2201663538350047,500,0.904715,0,0,1,0
1005,0.0,2.161673278492137,2.161673278492137,500,0.90462,0,0,1,0
1006,0.0,2.258652188650131,2.258652188650131,500,0.904525,0,0,1,0
1007,0.0,2.163229616336241,2.163229616336241,500,0.9044300000000001,0,0,1,0
1008,0.0,1.6994407268977816,1.6994407268977816,500,0.904335,0,0,1,0
1009,0.0,1.7700266752155418,1.7700266752155418,500,0.90424,0,0,1,0
1010,0.0,2.15016461715435,2.15016461715435,500,0.904145,0,0,1,0
1011,0.0,1.6106839043376302,1.6106839043376302,500,0.90405,0,0,1,0
1012,0.0,1.617920310963159,1.617920310963159,500,0.9039550000000001,0,0,1,0
1013,0.0,2.142449306115758,2.142449306115758,500,0.90386,0,0,1,0
1014,0.0,1.9146957205026378,1.9146957205026378,500,0.903765,0,0,1,0
1015,0.0,1.4184257944592926,1.4184257944592926,500,0.90367,0,0,1,0
1016,0.0,1.6277221630493894,1.6277221630493894,500,0.903575,0,0,1,0
1017,0.0,1.7305148082278974,1.7305148082278974,500,0.9034800000000001,0,0,1,0
1018,0.0,2.1748632103223007,2.1748632103223007,500,0.903385,0,0,1,0
1019,0.0,1.8033118530148662,1.8033118530148662,500,0.90329,0,0,1,0
1020,0.0,2.0678555108497907,2.0678555108497907,500,0.903195,0,0,1,0
1021,0.0,2.1046134408895227,2.1046134408895227,500,0.9031,0,0,1,0
1022,0.0,1.9338117754943627,1.9338117754943627,500,0.9030050000000001,0,0,1,0
1023,0.0,2.150771773609971,2.150771773609971,500,0.90291,0,0,1,0
1024,0.0,2.2576270971391876,2.2576270971391876,500,0.902815,0,0,1,0
1025,0.0,1.7431357659747249,1.7431357659747249,500,0.90272,0,0,1,0
1026,0.0,2.137102521665275,2.137102521665275,500,0.902625,0,0,1,0
1027,0.0,1.6600342747749326,1.6600342747749326,500,0.90253,0,0,1,0
1028,0.0,1.723615025197338,1.723615025197338,500,0.902435,0,0,1,0
1029,0.0,1.551652275991657,1.551652275991657,500,0.90234,0,0,1,0
1030,0.0,2.268709002972883,2.268709002972883,500,0.902245,0,0,1,0
1031,0.0,2.081453616782476,2.081453616782476,500,0.90215,0,0,1,0
1032,0.0,1.7455257960095811,1.7455257960095811,500,0.902055,0,0,1,0
1033,0.0,1.7357480657811888,1.7357480657811888,500,0.90196,0,0,1,0
1034,0.0,1.5287351255018757,1.5287351255018757,500,0.901865,0,0,1,0
1035,0.0,2.1399484791093903,2.1399484791093903,500,0.90177,0,0,1,0
1036,0.0,2.2750178712529365,2.2750178712529365,500,0.901675,0,0,1,0
1037,0.0,2.0169530500702444,2.0169530500702444,500,0.90158,0,0,1,0
1038,0.0,1.5649789056992731,1.5649789056992731,500,0.901485,0,0,1,0
1039,0.0,1.8310513975388811,1.8310513975388811,500,0.90139,0,0,1,0
1040,0.0,1.8078201285107025,1.8078201285107025,500,0.901295,0,0,1,0
1041,0.0,1.9612195217828172,1.9612195217828172,500,0.9012,0,0,1,0
1042,0.0,2.0626209351733116,2.0626209351733116,500,0.901105,0,0,1,0
1043,0.0,1.7703602077842262,1.7703602077842262,500,0.90101,0,0,1,0
1044,0.0,2.1699146578990436,2.1699146578990436,500,0.900915,0,0,1,0
1045,0.0,1.8231237892215664,1.8231237892215664,500,0.90082,0,0,1,0
1046,0.0,1.9600363959600342,1.9600363959600342,500,0.900725,0,0,1,0
1047,0.0,1.9363951073214694,1.9363951073214694,500,0.90063,0,0,1,0
1048,0.0,2.3169451703195456,2.3169451703195456,500,0.900535,0,0,1,0
1049,0.0,2.294245138951803,2.294245138951803,500,0.90044,0,0,1,0
1050,0.0,2.1442434443326666,2.1442434443326666,500,0.900345,0,0,1,0
1051,0.0,1.8360823871537084,1.8360823871537084,500,0.90025,0,0,1,0
1052,0.0,1.9161166165578563,1.9161166165578563,500,0.900155,0,0,1,0
1053,0.0,1.6005365430833929,1.6005365430833929,500,0.90006,0,0,1,0
1054,0.0,2.098370291884313,2.098370291884313,500,0.899965,0,0,1,0
1055,0.0,1.7761576004299109,1.7761576004299109,500,0.8998700000000001,0,0,1,0
1056,0.0,1.9481739142046894,1.9481739142046894,500,0.899775,0,0,1,0
1057,0.0,2.3570891169537873,2.3570891169537873,500,0.89968,0,0,1,0
1058,0.0,2.3775483250549376,2.3775483250549376,500,0.899585,0,0,1,0
1059,0.0,2.063905286422927,2.063905286422927,500,0.89949,0,0,1,0
1060,0.0,2.041164067792072,2.041164067792072,500,0.8993950000000001,0,0,1,0
1061,0.0,2.2770523018866937,2.2770523018866937,500,0.8993,0,0,1,0
1062,0.0,2.168912188991171,2.168912188991171,500,0.899205,0,0,1,0
1063,0.0,2.3177220781754437,2.3177220781754437,500,0.89911,0,0,1,0
1064,0.0,2.0424309075841784,2.0424309075841784,500,0.899015,0,0,1,0
1065,0.0,2.1213501999860136,2.1213501999860136,500,0.89892,0,0,1,0
1066,0.0,1.8883321143025344,1.8883321143025344,500,0.898825,0,0,1,0
1067,0.0,1.8552058479116347,1.8552058479116347,500,0.89873,0,0,1,0
1068,0.0,2.203177520389362,2.203177520389362,500,0.898635,0,0,1,0
1069,0.0,1.9718331680181875,1.9718331680181875,500,0.89854,0,0,1,0
1070,0.0,1.9789986768974355,1.9789986768974355,500,0.898445,0,0,1,0
1071,0.0,2.0519713560611352,2.0519713560611352,500,0.89835,0,0,1,0
1072,0.0,1.943951724142065,1.943951724142065,500,0.898255,0,0,1,0
1073,0.0,1.7988357723159565,1.7988357723159565,500,0.89816,0,0,1,0
1074,0.0,2.026689882604017,2.026689882604017,500,0.898065,0,0,1,0
1075,0.0,2.2052409540054807,2.2052409540054807,500,0.89797,0,0,1,0
1076,0.0,1.4170326378531493,1.4170326378531493,500,0.897875,0,0,1,0
1077,0.0,1.764948149245552,1.764948149245552,500,0.89778,0,0,1,0
1078,0.0,1.9481333611336398,1.9481333611336398,500,0.897685,0,0,1,0
1079,0.0,1.8880005015592405,1.8880005015592405,500,0.89759,0,0,1,0
1080,0.0,1.5768093992029644,1.5768093992029644,500,0.897495,0,0,1,0
1081,0.0,2.084002930222964,2.084002930222964,500,0.8974,0,0,1,0
1082,0.0,1.9201449585609351,1.9201449585609351,500,0.897305,0,0,1,0
1083,0.0,1.8217658184748935,1.8217658184748935,500,0.89721,0,0,1,0
1084,0.0,2.25787861587805,2.25787861587805,500,0.897115,0,0,1,0
1085,0.0,1.4755168842956496,1.4755168842956496,500,0.89702,0,0,1,0
1086,0.0,1.3064127583352951,1.3064127583352951,500,0.896925,0,0,1,0
1087,0.0,2.0138164055996075,2.0138164055996075,500,0.89683,0,0,1,0
1088,0.0,2.031618981160015,2.031618981160015,500,0.8967350000000001,0,0,1,0
1089,0.0,2.2768817650537745,2.2768817650537745,500,0.89664,0,0,1,0
1090,0.0,2.042672937439777,2.042672937439777,500,0.896545,0,0,1,0
1091,0.0,1.7683970111770388,1.7683970111770388,500,0.89645,0,0,1,0
1092,0.0,2.025694591936609,2.025694591936609,500,0.896355,0,0,1,0
1093,0.0,1.7457339331284543,1.7457339331284543,500,0.8962600000000001,0,0,1,0
1094,0.0,1.4898799377381784,1.4898799377381784,500,0.896165,0,0,1,0
1095,0.0,1.9078962575777783,1.9078962575777783,500,0.89607,0,0,1,0
1096,0.0,1.7827385245089835,1.7827385245089835,500,0.895975,0,0,1,0
1097,0.0,2.0317739909853945,2.0317739909853945,500,0.89588,0,0,1,0
1098,0.0,2.315744334780118,2.315744334780118,500,0.895785,0,0,1,0
1099,0.0,2.25278959796651,2.25278959796651,500,0.89569,0,0,1,0
1100,0.0,2.2808145395104304,2.2808145395104304,500,0.895595,0,0,1,0
1101,0.0,1.8558810929606502,1.8558810929606502,500,0.8955,0,0,1,0
1102,0.0,1.7994626377505982,1.7994626377505982,500,0.895405,0,0,1,0
1103,0.0,1.8906044017852828,1.8906044017852828,500,0.89531,0,0,1,0
1104,0.0,1.9816739373768955,1.9816739373768955,500,0.895215,0,0,1,0
1105,0.0,2.3367113556903663,2.3367113556903663,500,0.89512,0,0,1,0
1106,0.0,2.1857073115820547,2.1857073115820547,500,0.895025,0,0,1,0
1107,0.0,2.170361810232633,2.170361810232633,500,0.89493,0,0,1,0
1108,0.0,2.129224247032834,2.129224247032834,500,0.894835,0,0,1,0
1109,0.0,2.2070575963941916,2.2070575963941916,500,0.89474,0,0,1,0
1110,0.0,1.8483962220784236,1.8483962220784236,500,0.894645,0,0,1,0
1111,1.0,3.5614850070763753,2.5614850070763753,500,0.89455,0,0,1,0
1112,0.0,2.0635192265837654,2.0635192265837654,500,0.894455,0,0,1,0
1113,0.0,1.480909572090888,1.480909572090888,500,0.89436,0,0,1,0
1114,0.0,1.7508233778895612,1.7508233778895612,500,0.894265,0,0,1,0
1115,0.0,2.134278162808159,2.134278162808159,500,0.89417,0,0,1,0
1116,0.0,2.064812273968735,2.064812273968735,500,0.894075,0,0,1,0
1117,0.0,1.8103899250930435,1.8103899250930435,500,0.89398,0,0,1,0
1118,0.0,1.9431269682615233,1.9431269682615233,500,0.893885,0,0,1,0
1119,0.0,1.9132303859922435,1.9132303859922435,500,0.89379,0,0,1,0
1120,0.0,2.319173028507998,2.319173028507998,500,0.893695,0,0,1,0
1121,0.0,2.090902924545951,2.090902924545951,500,0.8936,0,0,1,0
1122,0.0,1.8257559482616623,1.8257559482616623,500,0.893505,0,0,1,0
1123,0.0,2.1809278775163765,2.1809278775163765,500,0.89341,0,0,1,0
1124,0.0,1.7473936930517928,1.7473936930517928,500,0.893315,0,0,1,0
1125,0.0,2.0818379397209674,2.0818379397209674,500,0.89322,0,0,1,0
1126,0.0,2.1617704871336345,2.1617704871336345,500,0.893125,0,0,1,0
1127,0.0,1.7577917791071291,1.7577917791071291,500,0.89303,0,0,1,0
1128,0.0,2.0232067454814366,2.0232067454814366,500,0.892935,0,0,1,0
1129,0.0,1.7099440119236147,1.7099440119236147,500,0.89284,0,0,1,0
1130,0.0,2.0058977575204255,2.0058977575204255,500,0.892745,0,0,1,0
1131,0.0,1.7918674722967414,1.7918674722967414,500,0.8926499999999999,0,0,1,0
1132,0.0,2.1815514872431074,2.1815514872431074,500,0.892555,0,0,1,0
1133,0.0,2.283029032940895,2.283029032940895,500,0.89246,0,0,1,0
1134,0.0,1.997236266774192,1.997236266774192,500,0.892365,0,0,1,0
1135,0.0,1.505822474107436,1.505822474107436,500,0.89227,0,0,1,0
1136,0.0,1.6143022155652902,1.6143022155652902,500,0.8921749999999999,0,0,1,0
1137,0.0,1.4388422561773326,1.4388422561773326,500,0.89208,0,0,1,0
1138,0.0,1.8716201404300996,1.8716201404300996,500,0.891985,0,0,1,0
1139,0.0,2.088431207187613,2.088431207187613,500,0.89189,0,0,1,0
1140,0.0,2.3110529573411394,2.3110529573411394,500,0.891795,0,0,1,0
1141,0.0,1.5636485184326185,1.5636485184326185,500,0.8917,0,0,1,0
1142,0.0,1.9026555724923995,1.9026555724923995,500,0.891605,0,0,1,0
1143,0.0,2.138922281103713,2.138922281103713,500,0.89151,0,0,1,0
1144,0.0,2.0280373578568596,2.0280373578568596,500,0.8914150000000001,0,0,1,0
1145,0.0,2.132932055140986,2.132932055140986,500,0.89132,0,0,1,0
1146,0.0,2.1951882902687894,2.1951882902687894,500,0.891225,0,0,1,0
1147,0.0,2.253775062161875,2.253775062161875,500,0.89113,0,0,1,0
1148,0.0,1.6831478935808002,1.6831478935808002,500,0.891035,0,0,1,0
1149,0.0,2.1248350718135094,2.1248350718135094,500,0.8909400000000001,0,0,1,0
1150,0.0,1.7929223727981862,1.7929223727981862,500,0.890845,0,0,1,0
1151,0.0,2.202217595909386,2.202217595909386,500,0.89075,0,0,1,0
1152,0.0,1.811986608237363,1.811986608237363,500,0.890655,0,0,1,0
1153,0.0,1.8575781551286588,1.8575781551286588,500,0.89056,0,0,1,0
1154,0.0,2.118739993823344,2.118739993823344,500,0.8904650000000001,0,0,1,0
1155,0.0,1.8416055899246588,1.8416055899246588,500,0.89037,0,0,1,0
1156,0.0,2.352005869446525,2.352005869446525,500,0.890275,0,0,1,0
1157,0.0,2.036016037754458,2.036016037754458,500,0.89018,0,0,1,0
1158,0.0,1.89008776772306,1.89008776772306,500,0.890085,0,0,1,0
1159,0.0,1.5613279000902707,1.5613279000902707,500,0.8899900000000001,0,0,1,0
1160,0.0,1.9622288825939507,1.9622288825939507,500,0.889895,0,0,1,0
1161,0.0,1.9738937218063848,1.9738937218063848,500,0.8898,0,0,1,0
1162,0.0,1.6973518230638258,1.6973518230638258,500,0.889705,0,0,1,0
1163,0.0,1.8957104408044751,1.8957104408044751,500,0.88961,0,0,1,0
1164,0.0,1.8273150061900054,1.8273150061900054,500,0.8895150000000001,0,0,1,0
1165,0.0,1.534379800300157,1.534379800300157,500,0.88942,0,0,1,0
1166,0.0,2.295832618309373,2.295832618309373,500,0.889325,0,0,1,0
1167,0.0,2.0565753835379925,2.0565753835379925,500,0.88923,0,0,1,0
1168,0.0,1.9285499528413714,1.9285499528413714,500,0.889135,0,0,1,0
1169,0.0,2.0860896357989485,2.0860896357989485,500,0.88904,0,0,1,0
1170,0.0,1.609167140636551,1.609167140636551,500,0.888945,0,0,1,0
1171,0.0,2.085054024915032,2.085054024915032,500,0.88885,0,0,1,0
1172,0.0,2.1190564777624608,2.1190564777624608,500,0.888755,0,0,1,0
1173,0.0,2.224686859487113,2.224686859487113,500,0.88866,0,0,1,0
1174,0.0,2.3881252011681497,2.3881252011681497,500,0.888565,0,0,1,0
1175,0.0,2.1086960360752003,2.1086960360752003,500,0.88847,0,0,1,0
1176,0.0,1.8182741675401686,1.8182741675401686,500,0.888375,0,0,1,0
1177,0.0,2.2305582479363286,2.2305582479363286,500,0.88828,0,0,1,0
1178,0.0,2.154227413722005,2.154227413722005,500,0.888185,0,0,1,0
1179,0.0,1.8334908306633788,1.8334908306633788,500,0.88809,0,0,1,0
1180,0.0,1.968479328976286,1.968479328976286,500,0.887995,0,0,1,0
1181,0.0,2.213185141507853,2.213185141507853,500,0.8879,0,0,1,0
1182,0.0,2.1393613172936083,2.1393613172936083,500,0.887805,0,0,1,0
1183,0.0,1.9950975932348887,1.9950975932348887,500,0.88771,0,0,1,0
1184,0.0,1.718144385903032,1.718144385903032,500,0.887615,0,0,1,0
1185,0.0,1.6450588269661095,1.6450588269661095,500,0.88752,0,0,1,0
1186,0.0,2.2709358775848307,2.2709358775848307,500,0.887425,0,0,1,0
1187,0.0,1.6017770463152503,1.6017770463152503,500,0.88733,0,0,1,0
1188,0.0,1.6544122891658293,1.6544122891658293,500,0.887235,0,0,1,0
1189,0.0,1.1995126706410446,1.1995126706410446,500,0.88714,0,0,1,0
1190,0.0,1.5360375257632937,1.5360375257632937,500,0.887045,0,0,1,0
1191,0.0,1.8224271213727647,1.8224271213727647,500,0.88695,0,0,1,0
1192,0.0,2.154454180833607,2.154454180833607,500,0.886855,0,0,1,0
1193,0.0,2.483954503271965,2.483954503271965,500,0.88676,0,0,1,0
1194,0.0,1.8937169161585308,1.8937169161585308,500,0.886665,0,0,1,0
1195,0.0,2.0651748251846067,2.0651748251846067,500,0.88657,0,0,1,0
1196,0.0,2.038779266661952,2.038779266661952,500,0.886475,0,0,1,0
1197,0.0,2.303248017417204,2.303248017417204,500,0.88638,0,0,1,0
1198,0.0,1.6928062016651775,1.6928062016651775,500,0.886285,0,0,1,0
1199,0.0,2.1359622535933394,2.1359622535933394,500,0.88619,0,0,1,0
1200,0.0,1.8852121936701172,1.8852121936701172,500,0.886095,0,0,1,0
1201,0.0,1.7653783341187874,1.7653783341187874,500,0.886,0,0,1,0
1202,0.0,2.131517515345384,2.131517515345384,500,0.885905,0,0,1,0
1203,0.0,2.1006890841870827,2.1006890841870827,500,0.88581,0,0,1,0
1204,0.0,1.6580245283138555,1.6580245283138555,500,0.885715,0,0,1,0
1205,0.0,1.558611463055748,1.558611463055748,500,0.8856200000000001,0,0,1,0
1206,0.0,2.126279201497043,2.126279201497043,500,0.885525,0,0,1,0
1207,0.0,1.8397543900569238,1.8397543900569238,500,0.88543,0,0,1,0
1208,0.0,2.0021258232574555,2.0021258232574555,500,0.885335,0,0,1,0
1209,0.0,2.21334570904779,2.21334570904779,500,0.88524,0,0,1,0
1210,0.0,2.1796650973744636,2.1796650973744636,500,0.8851450000000001,0,0,1,0
1211,0.0,1.7384401547076402,1.7384401547076402,500,0.88505,0,0,1,0
1212,0.0,1.7730606424588977,1.7730606424588977,500,0.884955,0,0,1,0
1213,0.0,2.346967656023983,2.346967656023983,500,0.88486,0,0,1,0
1214,0.0,2.1940793435919774,2.1940793435919774,500,0.884765,0,0,1,0
1215,0.0,1.604381207289655,1.604381207289655,500,0.8846700000000001,0,0,1,0
1216,0.0,2.0167132502192677,2.0167132502192677,500,0.884575,0,0,1,0
1217,0.0,2.2069017078933513,2.2069017078933513,500,0.88448,0,0,1,0
1218,0.0,2.0875687658368784,2.0875687658368784,500,0.884385,0,0,1,0
1219,0.0,2.168545135613789,2.168545135613789,500,0.88429,0,0,1,0
1220,0.0,1.6857588068278737,1.6857588068278737,500,0.8841950000000001,0,0,1,0
1221,0.0,2.0857701800312918,2.0857701800312918,500,0.8841,0,0,1,0
1222,0.0,1.841125061374681,1.841125061374681,500,0.884005,0,0,1,0
1223,0.0,1.467996508382264,1.467996508382264,500,0.88391,0,0,1,0
1224,0.0,1.8533740714926683,1.8533740714926683,500,0.883815,0,0,1,0
1225,0.0,2.1628578846017827,2.1628578846017827,500,0.8837200000000001,0,0,1,0
1226,0.0,1.6283085648044584,1.6283085648044584,500,0.883625,0,0,1,0
1227,0.0,1.9609565812040013,1.9609565812040013,500,0.88353,0,0,1,0
1228,0.0,2.1549531033186686,2.1549531033186686,500,0.883435,0,0,1,0
1229,0.0,2.0152299725380445,2.0152299725380445,500,0.88334,0,0,1,0
1230,0.0,1.9079133878492025,1.9079133878492025,500,0.8832450000000001,0,0,1,0
1231,0.0,1.8117128341726036,1.8117128341726036,500,0.88315,0,0,1,0
1232,0.0,2.0083068257107772,2.0083068257107772,500,0.883055,0,0,1,0
1233,0.0,2.022498869208853,2.022498869208853,500,0.88296,0,0,1,0
1234,0.0,1.7519622027754558,1.7519622027754558,500,0.882865,0,0,1,0
1235,0.0,1.7796215181616584,1.7796215181616584,500,0.88277,0,0,1,0
1236,0.0,1.6363696980545561,1.6363696980545561,500,0.882675,0,0,1,0
1237,0.0,1.4396233082383298,1.4396233082383298,500,0.88258,0,0,1,0
1238,0.0,1.850368478214665,1.850368478214665,500,0.882485,0,0,1,0
1239,0.0,1.5328337214753387,1.5328337214753387,500,0.88239,0,0,1,0
1240,0.0,2.230106088748865,2.230106088748865,500,0.882295,0,0,1,0
1241,0.0,1.5329247759936926,1.5329247759936926,500,0.8822,0,0,1,0
1242,0.0,2.1798280222966624,2.1798280222966624,500,0.882105,0,0,1,0
1243,0.0,2.1428926427420207,2.1428926427420207,500,0.88201,0,0,1,0
1244,0.0,1.6430051558789758,1.6430051558789758,500,0.881915,0,0,1,0
1245,0.0,2.0489882039881473,2.0489882039881473,500,0.88182,0,0,1,0
1246,0.0,2.1508952956514134,2.1508952956514134,500,0.881725,0,0,1,0
1247,0.0,2.226432282468032,2.226432282468032,500,0.88163,0,0,1,0
1248,0.0,2.0941866835426493,2.0941866835426493,500,0.881535,0,0,1,0
1249,0.0,2.036312847310804,2.036312847310804,500,0.88144,0,0,1,0
1250,0.0,2.36733222605671,2.36733222605671,500,0.881345,0,0,1,0
1251,0.0,2.439929775390932,2.439929775390932,500,0.88125,0,0,1,0
1252,0.0,1.9478797132659194,1.9478797132659194,500,0.881155,0,0,1,0
1253,0.0,1.7317839396058987,1.7317839396058987,500,0.88106,0,0,1,0
1254,0.0,2.2518181137256477,2.2518181137256477,500,0.880965,0,0,1,0
1255,0.0,1.7543425076124541,1.7543425076124541,500,0.88087,0,0,1,0
1256,0.0,1.8104964713669427,1.8104964713669427,500,0.880775,0,0,1,0
1257,0.0,2.035021245733879,2.035021245733879,500,0.88068,0,0,1,0
1258,0.0,2.1732869293376407,2.1732869293376407,500,0.880585,0,0,1,0
1259,0.0,2.2706019886216677,2.2706019886216677,500,0.88049,0,0,1,0
1260,0.0,2.408509543750223,2.408509543750223,500,0.880395,0,0,1,0
1261,0.0,1.8832604095577792,1.8832604095577792,500,0.8803,0,0,1,0
1262,0.0,2.350530788023239,2.350530788023239,500,0.880205,0,0,1,0
1263,0.0,2.031157372269864,2.031157372269864,500,0.88011,0,0,1,0
1264,0.0,1.8826579907111822,1.8826579907111822,500,0.880015,0,0,1,0
1265,0.0,1.896004577290922,1.896004577290922,500,0.87992,0,0,1,0
1266,0.0,1.787962797566038,1.787962797566038,500,0.879825,0,0,1,0
1267,0.0,2.053736949595635,2.053736949595635,500,0.87973,0,0,1,0
1268,0.0,1.8926115302220168,1.8926115302220168,500,0.879635,0,0,1,0
1269,0.0,2.1290995681236993,2.1290995681236993,500,0.87954,0,0,1,0
1270,0.0,1.4464944322689182,1.4464944322689182,500,0.879445,0,0,1,0
1271,0.0,2.0680695563208995,2.0680695563208995,500,0.87935,0,0,1,0
1272,0.0,2.2228340503341464,2.2228340503341464,500,0.879255,0,0,1,0
1273,0.0,2.2759365604172435,2.2759365604172435,500,0.8791599999999999,0,0,1,0
1274,0.0,2.2275843692526665,2.2275843692526665,500,0.879065,0,0,1,0
1275,0.0,2.165922838583144,2.165922838583144,500,0.87897,0,0,1,0
1276,0.0,2.092122523255009,2.092122523255009,500,0.878875,0,0,1,0
1277,0.0,2.134684787751939,2.134684787751939,500,0.87878,0,0,1,0
1278,0.0,2.2561183252336585,2.2561183252336585,500,0.8786849999999999,0,0,1,0
1279,0.0,2.274134291681745,2.274134291681745,500,0.87859,0,0,1,0
1280,0.0,1.8737087466335005,1.8737087466335005,500,0.878495,0,0,1,0
1281,0.0,2.25144470273329,2.25144470273329,500,0.8784,0,0,1,0
1282,0.0,1.7384314695258423,1.7384314695258423,500,0.878305,0,0,1,0
1283,0.0,1.6249906070107316,1.6249906070107316,500,0.87821,0,0,1,0
1284,0.0,1.3998841453511193,1.3998841453511193,500,0.878115,0,0,1,0
1285,0.0,1.6780429922627766,1.6780429922627766,500,0.87802,0,0,1,0
1286,0.0,2.0517092583467194,2.0517092583467194,500,0.877925,0,0,1,0
1287,0.0,2.2698595906225916,2.2698595906225916,500,0.87783,0,0,1,0
1288,0.0,2.0774221166580293,2.0774221166580293,500,0.877735,0,0,1,0
1289,0.0,2.0762830694175993,2.0762830694175993,500,0.87764,0,0,1,0
1290,0.0,2.2087241595645453,2.2087241595645453,500,0.877545,0,0,1,0
1291,0.0,2.276941218077458,2.276941218077458,500,0.8774500000000001,0,0,1,0
1292,0.0,2.0661365964236404,2.0661365964236404,500,0.877355,0,0,1,0
1293,0.0,1.9619018779437514,1.9619018779437514,500,0.87726,0,0,1,0
1294,0.0,1.8829530890528545,1.8829530890528545,500,0.877165,0,0,1,0
1295,0.0,2.295938758006243,2.295938758006243,500,0.87707,0,0,1,0
1296,0.0,1.9571363199421623,1.9571363199421623,500,0.8769750000000001,0,0,1,0
1297,0.0,2.1941774240407805,2.1941774240407805,500,0.87688,0,0,1,0
1298,0.0,2.04819262102357,2.04819262102357,500,0.876785,0,0,1,0
1299,0.0,1.8471378889369492,1.8471378889369492,500,0.87669,0,0,1,0
1300,0.0,1.41433265749011,1.41433265749011,500,0.876595,0,0,1,0
1301,0.0,1.9918875640383003,1.9918875640383003,500,0.8765000000000001,0,0,1,0
1302,0.0,1.9854828605721808,1.9854828605721808,500,0.876405,0,0,1,0
1303,0.0,1.7941223453823125,1.7941223453823125,500,0.87631,0,0,1,0
1304,0.0,2.2221589239514166,2.2221589239514166,500,0.876215,0,0,1,0
1305,0.0,1.9237536188115623,1.9237536188115623,500,0.87612,0,0,1,0
1306,0.0,2.1497113465101405,2.1497113465101405,500,0.876025,0,0,1,0
1307,0.0,1.6441901339495781,1.6441901339495781,500,0.87593,0,0,1,0
1308,0.0,2.0415419384068794,2.0415419384068794,500,0.875835,0,0,1,0
1309,0.0,2.243737122682439,2.243737122682439,500,0.87574,0,0,1,0
1310,0.0,1.7985585760392198,1.7985585760392198,500,0.875645,0,0,1,0
1311,0.0,1.575787872048107,1.575787872048107,500,0.87555,0,0,1,0
1312,0.0,2.2346337063409987,2.2346337063409987,500,0.875455,0,0,1,0
1313,0.0,1.6523074201012127,1.6523074201012127,500,0.87536,0,0,1,0
1314,0.0,1.7535419138645638,1.7535419138645638,500,0.875265,0,0,1,0
1315,0.0,1.7273411352688735,1.7273411352688735,500,0.87517,0,0,1,0
1316,0.0,2.209322913399575,2.209322913399575,500,0.875075,0,0,1,0
1317,0.0,1.7464841854504791,1.7464841854504791,500,0.87498,0,0,1,0
1318,0.0,2.3741667472865835,2.3741667472865835,500,0.874885,0,0,1,0
1319,0.0,1.8268999647788302,1.8268999647788302,500,0.87479,0,0,1,0
1320,0.0,1.6829432017457724,1.6829432017457724,500,0.874695,0,0,1,0
1321,0.0,1.6445680075151525,1.6445680075151525,500,0.8746,0,0,1,0
1322,0.0,1.6237837343180603,1.6237837343180603,500,0.874505,0,0,1,0
1323,0.0,1.6320717930110433,1.6320717930110433,500,0.87441,0,0,1,0
1324,0.0,2.229909144079908,2.229909144079908,500,0.874315,0,0,1,0
1325,0.0,2.4160559977291576,2.4160559977291576,500,0.87422,0,0,1,0
1326,0.0,2.128551779102687,2.128551779102687,500,0.874125,0,0,1,0
1327,0.0,2.0320008413673936,2.0320008413673936,500,0.87403,0,0,1,0
1328,0.0,2.033418391789706,2.033418391789706,500,0.873935,0,0,1,0
1329,0.0,2.1799201229397105,2.1799201229397105,500,0.87384,0,0,1,0
1330,0.0,2.0750772913590905,2.0750772913590905,500,0.873745,0,0,1,0
1331,0.0,1.8129531599490978,1.8129531599490978,500,0.87365,0,0,1,0
1332,0.0,1.9888533099634664,1.9888533099634664,500,0.873555,0,0,1,0
1333,0.0,1.900056335234445,1.900056335234445,500,0.87346,0,0,1,0
1334,0.0,2.1550973374041593,2.1550973374041593,500,0.873365,0,0,1,0
1335,0.0,1.3970984631651207,1.3970984631651207,500,0.87327,0,0,1,0
1336,0.0,2.106515449998861,2.106515449998861,500,0.873175,0,0,1,0
1337,0.0,1.9257496901221767,1.9257496901221767,500,0.8730800000000001,0,0,1,0
1338,0.0,1.607968641780052,1.607968641780052,500,0.872985,0,0,1,0
1339,0.0,1.7005039296304034,1.7005039296304034,500,0.8728899999999999,0,0,1,0
1340,0.0,1.5321462405775477,1.5321462405775477,500,0.872795,0,0,1,0
1341,0.0,2.0225819296720275,2.0225819296720275,500,0.8727,0,0,1,0
1342,0.0,2.1996019325843768,2.1996019325843768,500,0.8726050000000001,0,0,1,0
1343,0.0,2.363638257551684,2.363638257551684,500,0.87251,0,0,1,0
1344,0.0,1.9729866378695635,1.9729866378695635,500,0.8724149999999999,0,0,1,0
1345,0.0,1.8044895894493618,1.8044895894493618,500,0.87232,0,0,1,0
1346,0.0,2.3792500761221325,2.3792500761221325,500,0.872225,0,0,1,0
1347,0.0,1.6215454125818844,1.6215454125818844,500,0.8721300000000001,0,0,1,0
1348,0.0,2.1445952632786955,2.1445952632786955,500,0.872035,0,0,1,0
1349,0.0,2.1567401678131954,2.1567401678131954,500,0.8719399999999999,0,0,1,0
1350,0.0,2.1162723331082867,2.1162723331082867,500,0.871845,0,0,1,0
1351,0.0,2.2656631438728594,2.2656631438728594,500,0.87175,0,0,1,0
1352,0.0,2.1886113397942624,2.1886113397942624,500,0.8716550000000001,0,0,1,0
1353,0.0,2.16862288277016,2.16862288277016,500,0.87156,0,0,1,0
1354,0.0,2.1125676361004633,2.1125676361004633,500,0.8714649999999999,0,0,1,0
1355,0.0,2.372680254608712,2.372680254608712,500,0.87137,0,0,1,0
1356,0.0,2.3621148356412953,2.3621148356412953,500,0.871275,0,0,1,0
1357,0.0,2.294376950906524,2.294376950906524,500,0.8711800000000001,0,0,1,0
1358,0.0,1.875725103837231,1.875725103837231,500,0.871085,0,0,1,0
1359,0.0,1.5861741577891637,1.5861741577891637,500,0.87099,0,0,1,0
1360,0.0,2.1969514829962393,2.1969514829962393,500,0.870895,0,0,1,0
1361,0.0,1.6618104576301536,1.6618104576301536,500,0.8708,0,0,1,0
1362,0.0,2.2382363387753452,2.2382363387753452,500,0.8707050000000001,0,0,1,0
1363,0.0,1.8985281682430213,1.8985281682430213,500,0.87061,0,0,1,0
1364,0.0,1.7269285558355223,1.7269285558355223,500,0.870515,0,0,1,0
1365,0.0,1.7613080245699813,1.7613080245699813,500,0.87042,0,0,1,0
1366,0.0,2.209032234013266,2.209032234013266,500,0.870325,0,0,1,0
1367,0.0,2.224662672448527,2.224662672448527,500,0.8702300000000001,0,0,1,0
1368,0.0,1.811241277702545,1.811241277702545,500,0.870135,0,0,1,0
1369,0.0,2.156773643959755,2.156773643959755,500,0.87004,0,0,1,0
1370,0.0,2.226301876947549,2.226301876947549,500,0.869945,0,0,1,0
1371,0.0,1.7938825231297335,1.7938825231297335,500,0.86985,0,0,1,0
1372,0.0,1.6665572270812539,1.6665572270812539,500,0.8697550000000001,0,0,1,0
1373,0.0,1.5672086250055002,1.5672086250055002,500,0.86966,0,0,1,0
1374,0.0,2.0793710037140176,2.0793710037140176,500,0.869565,0,0,1,0
1375,0.0,1.8059430359237787,1.8059430359237787,500,0.86947,0,0,1,0
1376,0.0,2.323594203745543,2.323594203745543,500,0.869375,0,0,1,0
1377,0.0,2.130178093211101,2.130178093211101,500,0.86928,0,0,1,0
1378,0.0,2.069755900632736,2.069755900632736,500,0.869185,0,0,1,0
1379,0.0,2.105868849897387,2.105868849897387,500,0.86909,0,0,1,0
1380,0.0,2.001824503546035,2.001824503546035,500,0.868995,0,0,1,0
1381,0.0,1.8504059629807101,1.8504059629807101,500,0.8689,0,0,1,0
1382,0.0,2.048669766797813,2.048669766797813,500,0.868805,0,0,1,0
1383,0.0,1.5515367978399481,1.5515367978399481,500,0.86871,0,0,1,0
1384,0.0,2.1511858322801327,2.1511858322801327,500,0.868615,0,0,1,0
1385,0.0,2.0713884698988334,2.0713884698988334,500,0.86852,0,0,1,0
1386,0.0,2.1664898713440937,2.1664898713440937,500,0.868425,0,0,1,0
1387,0.0,2.1380212828320944,2.1380212828320944,500,0.86833,0,0,1,0
1388,0.0,2.361144213884509,2.361144213884509,500,0.868235,0,0,1,0
1389,0.0,2.1644197147183557,2.1644197147183557,500,0.86814,0,0,1,0
1390,0.0,2.295906403112116,2.295906403112116,500,0.868045,0,0,1,0
1391,0.0,2.2123008853319863,2.2123008853319863,500,0.86795,0,0,1,0
1392,0.0,2.191388073519954,2.191388073519954,500,0.867855,0,0,1,0
1393,0.0,2.299954678566743,2.299954678566743,500,0.86776,0,0,1,0
1394,0.0,2.3201911541204066,2.3201911541204066,500,0.867665,0,0,1,0
1395,0.0,2.0117874037808967,2.0117874037808967,500,0.86757,0,0,1,0
1396,0.0,2.176210920210945,2.176210920210945,500,0.867475,0,0,1,0
1397,0.0,2.087173344030865,2.087173344030865,500,0.86738,0,0,1,0
1398,0.0,2.2815837973903776,2.2815837973903776,500,0.8672850000000001,0,0,1,0
1399,0.0,2.302882181364458,2.302882181364458,500,0.86719,0,0,1,0
1400,0.0,2.2482055561551872,2.2482055561551872,500,0.867095,0,0,1,0
1401,0.0,1.6266791298984777,1.6266791298984777,500,0.867,0,0,1,0
1402,0.0,1.7875205829822791,1.7875205829822791,500,0.866905,0,0,1,0
1403,0.0,2.21891406093504,2.21891406093504,500,0.8668100000000001,0,0,1,0
1404,0.0,1.9524854456004033,1.9524854456004033,500,0.866715,0,0,1,0
1405,0.0,2.3007970000896276,2.3007970000896276,500,0.86662,0,0,1,0
1406,0.0,1.3969503667733079,1.3969503667733079,500,0.866525,0,0,1,0
1407,0.0,2.1543309807974036,2.1543309807974036,500,0.86643,0,0,1,0
1408,0.0,1.780214117943164,1.780214117943164,500,0.8663350000000001,0,0,1,0
1409,0.0,1.5274854089737486,1.5274854089737486,500,0.86624,0,0,1,0
1410,0.0,1.796674507984044,1.796674507984044,500,0.8661449999999999,0,0,1,0
1411,0.0,1.9816311481334534,1.9816311481334534,500,0.86605,0,0,1,0
1412,0.0,2.2397962022585376,2.2397962022585376,500,0.865955,0,0,1,0
1413,0.0,1.7946036641447092,1.7946036641447092,500,0.8658600000000001,0,0,1,0
1414,0.0,1.5310886388813298,1.5310886388813298,500,0.865765,0,0,1,0
1415,0.0,1.3109898776095712,1.3109898776095712,500,0.8656699999999999,0,0,1,0
1416,0.0,2.071828236203424,2.071828236203424,500,0.865575,0,0,1,0
1417,0.0,2.151703677707894,2.151703677707894,500,0.86548,0,0,1,0
1418,0.0,2.0128234112990784,2.0128234112990784,500,0.8653850000000001,0,0,1,0
1419,0.0,2.102373744946573,2.102373744946573,500,0.86529,0,0,1,0
1420,0.0,1.5873433402251689,1.5873433402251689,500,0.865195,0,0,1,0
1421,0.0,1.6033969474474912,1.6033969474474912,500,0.8651,0,0,1,0
1422,0.0,1.3402107914933696,1.3402107914933696,500,0.865005,0,0,1,0
1423,0.0,1.9439470948080209,1.9439470948080209,500,0.8649100000000001,0,0,1,0
1424,0.0,2.3241872801505807,2.3241872801505807,500,0.864815,0,0,1,0
1425,0.0,1.9265787507510634,1.9265787507510634,500,0.86472,0,0,1,0
1426,0.0,2.326179450890641,2.326179450890641,500,0.864625,0,0,1,0
1427,0.0,2.10266632603393,2.10266632603393,500,0.86453,0,0,1,0
1428,0.0,1.7928405301853003,1.7928405301853003,500,0.8644350000000001,0,0,1,0
1429,0.0,2.2124953975728903,2.2124953975728903,500,0.86434,0,0,1,0
1430,0.0,2.0100367159743855,2.0100367159743855,500,0.864245,0,0,1,0
1431,0.0,1.5937162176660653,1.5937162176660653,500,0.86415,0,0,1,0
1432,0.0,2.399156270490085,2.399156270490085,500,0.864055,0,0,1,0
1433,0.0,2.153882806154905,2.153882806154905,500,0.8639600000000001,0,0,1,0
1434,0.0,1.7166691351787227,1.7166691351787227,500,0.863865,0,0,1,0
1435,0.0,1.800498165008882,1.800498165008882,500,0.86377,0,0,1,0
1436,0.0,2.1380004355248032,2.1380004355248032,500,0.863675,0,0,1,0
1437,0.0,2.2169875894064472,2.2169875894064472,500,0.86358,0,0,1,0
1438,0.0,2.0764512513723146,2.0764512513723146,500,0.8634850000000001,0,0,1,0
1439,0.0,2.283290393258311,2.283290393258311,500,0.86339,0,0,1,0
1440,0.0,2.1357435962717206,2.1357435962717206,500,0.863295,0,0,1,0
1441,0.0,2.1695662183438276,2.1695662183438276,500,0.8632,0,0,1,0
1442,0.0,1.9932368802300577,1.9932368802300577,500,0.863105,0,0,1,0
1443,0.0,2.342870468698842,2.342870468698842,500,0.86301,0,0,1,0
1444,0.0,1.991463248013936,1.991463248013936,500,0.862915,0,0,1,0
1445,0.0,2.1395298228503274,2.1395298228503274,500,0.86282,0,0,1,0
1446,0.0,2.1920252291027453,2.1920252291027453,500,0.862725,0,0,1,0
1447,0.0,2.268157241676055,2.268157241676055,500,0.86263,0,0,1,0
1448,0.0,2.096093717793373,2.096093717793373,500,0.862535,0,0,1,0
1449,0.0,1.7782993609287348,1.7782993609287348,500,0.86244,0,0,1,0
1450,0.0,1.4101110148112894,1.4101110148112894,500,0.862345,0,0,1,0
1451,0.0,2.06697926340289,2.06697926340289,500,0.86225,0,0,1,0
1452,0.0,1.518756604098788,1.518756604098788,500,0.862155,0,0,1,0
1453,0.0,2.170277647758123,2.170277647758123,500,0.86206,0,0,1,0
1454,0.0,2.2829376057848974,2.2829376057848974,500,0.861965,0,0,1,0
1455,0.0,2.1228951160397562,2.1228951160397562,500,0.86187,0,0,1,0
1456,0.0,2.0324564558934988,2.0324564558934988,500,0.861775,0,0,1,0
1457,0.0,2.326818691184699,2.326818691184699,500,0.86168,0,0,1,0
1458,0.0,1.9701197561676367,1.9701197561676367,500,0.861585,0,0,1,0
1459,0.0,2.202452068363359,2.202452068363359,500,0.86149,0,0,1,0
1460,0.0,2.2919950856401607,2.2919950856401607,500,0.861395,0,0,1,0
1461,0.0,2.0320325382652937,2.0320325382652937,500,0.8613,0,0,1,0
1462,0.0,1.9717235300986127,1.9717235300986127,500,0.861205,0,0,1,0
1463,0.0,1.8277304550724383,1.8277304550724383,500,0.86111,0,0,1,0
1464,0.0,2.0996694500062376,2.0996694500062376,500,0.861015,0,0,1,0
1465,0.0,2.1056980525574103,2.1056980525574103,500,0.86092,0,0,1,0
1466,0.0,1.9198364330941395,1.9198364330941395,500,0.860825,0,0,1,0
1467,0.0,2.3400163014319344,2.3400163014319344,500,0.86073,0,0,1,0
1468,0.0,1.8646807530552596,1.8646807530552596,500,0.860635,0,0,1,0
1469,0.0,1.8169152092943566,1.8169152092943566,500,0.86054,0,0,1,0
1470,0.0,1.710937028368536,1.710937028368536,500,0.860445,0,0,1,0
1471,0.0,1.886831768661285,1.886831768661285,500,0.86035,0,0,1,0
1472,0.0,2.1750697736151383,2.1750697736151383,500,0.860255,0,0,1,0
1473,0.0,2.181757567032748,2.181757567032748,500,0.86016,0,0,1,0
1474,0.0,2.3255038521649722,2.3255038521649722,500,0.8600650000000001,0,0,1,0
1475,0.0,2.2372789968738753,2.2372789968738753,500,0.85997,0,0,1,0
1476,0.0,2.294132934667543,2.294132934667543,500,0.859875,0,0,1,0
1477,0.0,1.8532347327997472,1.8532347327997472,500,0.85978,0,0,1,0
1478,0.0,2.2726880423172324,2.2726880423172324,500,0.859685,0,0,1,0
1479,0.0,2.079084207950137,2.079084207950137,500,0.8595900000000001,0,0,1,0
1480,0.0,2.2247370597868588,2.2247370597868588,500,0.859495,0,0,1,0
1481,0.0,1.9978781768556166,1.9978781768556166,500,0.8594,0,0,1,0
1482,0.0,1.9265081648151559,1.9265081648151559,500,0.859305,0,0,1,0
1483,0.0,1.5321355040873377,1.5321355040873377,500,0.85921,0,0,1,0
1484,0.0,1.717487447549272,1.717487447549272,500,0.8591150000000001,0,0,1,0
1485,0.0,1.3643537739218536,1.3643537739218536,500,0.85902,0,0,1,0
1486,0.0,2.1408116046717898,2.1408116046717898,500,0.858925,0,0,1,0
1487,0.0,1.8838970893573013,1.8838970893573013,500,0.85883,0,0,1,0
1488,0.0,2.33623728533939,2.33623728533939,500,0.858735,0,0,1,0
1489,0.0,2.299641225785089,2.299641225785089,500,0.8586400000000001,0,0,1,0
1490,0.0,2.120812450471199,2.120812450471199,500,0.858545,0,0,1,0
1491,0.0,2.3913847110167907,2.3913847110167907,500,0.85845,0,0,1,0
1492,0.0,2.461773226666569,2.461773226666569,500,0.858355,0,0,1,0
1493,0.0,2.345367214887586,2.345367214887586,500,0.85826,0,0,1,0
1494,0.0,2.114877308510009,2.114877308510009,500,0.8581650000000001,0,0,1,0
1495,0.0,2.1392268086168396,2.1392268086168396,500,0.85807,0,0,1,0
1496,0.0,2.2291859106630074,2.2291859106630074,500,0.857975,0,0,1,0
1497,0.0,2.3008390310656828,2.3008390310656828,500,0.85788,0,0,1,0
1498,0.0,2.099479063393779,2.099479063393779,500,0.857785,0,0,1,0
1499,0.0,1.6581634385348267,1.6581634385348267,500,0.8576900000000001,0,0,1,0
1500,0.0,1.6532896164582833,1.6532896164582833,500,0.857595,0,0,1,0
1501,0.0,1.7536817648715435,1.7536817648715435,500,0.8575,0,0,1,0
1502,0.0,2.226467632256361,2.226467632256361,500,0.857405,0,0,1,0
1503,0.0,2.162766650999626,2.162766650999626,500,0.85731,0,0,1,0
1504,0.0,1.9482962953374148,1.9482962953374148,500,0.8572150000000001,0,0,1,0
1505,0.0,1.4389698815071357,1.4389698815071357,500,0.85712,0,0,1,0
1506,0.0,1.8822932009578,1.8822932009578,500,0.857025,0,0,1,0
1507,0.0,2.0135514706977937,2.0135514706977937,500,0.85693,0,0,1,0
1508,0.0,1.2346457124989056,1.2346457124989056,500,0.856835,0,0,1,0
1509,0.0,2.2051645135370435,2.2051645135370435,500,0.8567400000000001,0,0,1,0
1510,0.0,1.8066271425340847,1.8066271425340847,500,0.856645,0,0,1,0
1511,0.0,1.8316231574354367,1.8316231574354367,500,0.85655,0,0,1,0
1512,0.0,2.2269478211308424,2.2269478211308424,500,0.856455,0,0,1,0
1513,0.0,2.2544206743872417,2.2544206743872417,500,0.85636,0,0,1,0
1514,0.0,1.8168944134922396,1.8168944134922396,500,0.856265,0,0,1,0
1515,0.0,2.167684376097819,2.167684376097819,500,0.85617,0,0,1,0
1516,0.0,1.8364952159310235,1.8364952159310235,500,0.856075,0,0,1,0
1517,0.0,2.139419541966626,2.139419541966626,500,0.85598,0,0,1,0
1518,0.0,2.097841907895891,2.097841907895891,500,0.855885,0,0,1,0
1519,0.0,2.1843835004980345,2.1843835004980345,500,0.85579,0,0,1,0
1520,0.0,2.3856700824751833,2.3856700824751833,500,0.855695,0,0,1,0
1521,0.0,2.211013074539701,2.211013074539701,500,0.8556,0,0,1,0
1522,0.0,2.3202450528699865,2.3202450528699865,500,0.855505,0,0,1,0
1523,0.0,2.3885533175627622,2.3885533175627622,500,0.85541,0,0,1,0
1524,0.0,2.2770812932700464,2.2770812932700464,500,0.855315,0,0,1,0
1525,0.0,2.2579231516151994,2.2579231516151994,500,0.85522,0,0,1,0
1526,0.0,2.0513049250856503,2.0513049250856503,500,0.855125,0,0,1,0
1527,0.0,2.294263579635787,2.294263579635787,500,0.85503,0,0,1,0
1528,0.0,2.189841654149776,2.189841654149776,500,0.854935,0,0,1,0
1529,0.0,1.9934785172148028,1.9934785172148028,500,0.85484,0,0,1,0
1530,0.0,2.1156628807024873,2.1156628807024873,500,0.854745,0,0,1,0
1531,0.0,1.8052670891158478,1.8052670891158478,500,0.85465,0,0,1,0
1532,0.0,1.5946509983722679,1.5946509983722679,500,0.854555,0,0,1,0
1533,0.0,1.8955620756854057,1.8955620756854057,500,0.85446,0,0,1,0
1534,0.0,1.977480564049608,1.977480564049608,500,0.854365,0,0,1,0
1535,0.0,2.169066848626637,2.169066848626637,500,0.85427,0,0,1,0
1536,0.0,1.423730170117306,1.423730170117306,500,0.854175,0,0,1,0
1537,0.0,1.9226823884972126,1.9226823884972126,500,0.85408,0,0,1,0
1538,0.0,1.9082158856634241,1.9082158856634241,500,0.853985,0,0,1,0
1539,0.0,1.7440920828494217,1.7440920828494217,500,0.85389,0,0,1,0
1540,0.0,1.9086533534960477,1.9086533534960477,500,0.853795,0,0,1,0
1541,0.0,1.7442699234677852,1.7442699234677852,500,0.8537,0,0,1,0
1542,0.0,2.2485696603122935,2.2485696603122935,500,0.8536050000000001,0,0,1,0
1543,0.0,2.1682120243390335,2.1682120243390335,500,0.85351,0,0,1,0
1544,0.0,2.107902565611841,2.107902565611841,500,0.853415,0,0,1,0
1545,0.0,2.2944688591387945,2.2944688591387945,500,0.85332,0,0,1,0
1546,0.0,1.8774960227189543,1.8774960227189543,500,0.853225,0,0,1,0
1547,0.0,1.7556572669805393,1.7556572669805393,500,0.85313,0,0,1,0
1548,0.0,2.250226328321871,2.250226328321871,500,0.853035,0,0,1,0
1549,0.0,1.936016613964381,1.936016613964381,500,0.85294,0,0,1,0
1550,0.0,1.4870551652019055,1.4870551652019055,500,0.852845,0,0,1,0
1551,0.0,1.5993313413991677,1.5993313413991677,500,0.85275,0,0,1,0
1552,0.0,2.193037203713943,2.193037203713943,500,0.852655,0,0,1,0
1553,0.0,2.1704277598794586,2.1704277598794586,500,0.85256,0,0,1,0
1554,0.0,2.03271757618381,2.03271757618381,500,0.852465,0,0,1,0
1555,0.0,2.312519962521305,2.312519962521305,500,0.85237,0,0,1,0
1556,0.0,2.1092464312854564,2.1092464312854564,500,0.852275,0,0,1,0
1557,0.0,2.2920083062607595,2.2920083062607595,500,0.85218,0,0,1,0
1558,0.0,2.299437228335044,2.299437228335044,500,0.852085,0,0,1,0
1559,0.0,2.100573459614677,2.100573459614677,500,0.85199,0,0,1,0
1560,0.0,2.241041434056255,2.241041434056255,500,0.851895,0,0,1,0
1561,0.0,2.0580554461434923,2.0580554461434923,500,0.8518,0,0,1,0
1562,0.0,2.3674646371814867,2.3674646371814867,500,0.851705,0,0,1,0
1563,0.0,1.9523907086442873,1.9523907086442873,500,0.85161,0,0,1,0
1564,0.0,2.0326645956656155,2.0326645956656155,500,0.851515,0,0,1,0
1565,0.0,2.200415734956063,2.200415734956063,500,0.8514200000000001,0,0,1,0
1566,0.0,1.855607342590939,1.855607342590939,500,0.851325,0,0,1,0
1567,0.0,1.9997787837874534,1.9997787837874534,500,0.85123,0,0,1,0
1568,0.0,2.392851318800691,2.392851318800691,500,0.851135,0,0,1,0
1569,0.0,2.3609249677227364,2.3609249677227364,500,0.85104,0,0,1,0
1570,0.0,1.5586910827521139,1.5586910827521139,500,0.8509450000000001,0,0,1,0
1571,0.0,2.298927494575903,2.298927494575903,500,0.85085,0,0,1,0
1572,0.0,1.6102741572237016,1.6102741572237016,500,0.850755,0,0,1,0
1573,0.0,2.3383724536618655,2.3383724536618655,500,0.85066,0,0,1,0
1574,0.0,2.1267550996526885,2.1267550996526885,500,0.850565,0,0,1,0
1575,0.0,2.0375901892039905,2.0375901892039905,500,0.8504700000000001,0,0,1,0
1576,0.0,1.3364789552649623,1.3364789552649623,500,0.850375,0,0,1,0
1577,0.0,2.2483380850085695,2.2483380850085695,500,0.85028,0,0,1,0
1578,0.0,2.2164780807660316,2.2164780807660316,500,0.850185,0,0,1,0
1579,0.0,2.0435590332253963,2.0435590332253963,500,0.85009,0,0,1,0
1580,0.0,1.6387571397768113,1.6387571397768113,500,0.8499950000000001,0,0,1,0
1581,0.0,1.9949770873752508,1.9949770873752508,500,0.8499,0,0,1,0
1582,0.0,1.9479520250098294,1.9479520250098294,500,0.849805,0,0,1,0
1583,0.0,2.1049977053515456,2.1049977053515456,500,0.84971,0,0,1,0
1584,0.0,2.162216539961041,2.162216539961041,500,0.849615,0,0,1,0
1585,0.0,2.1388779421784085,2.1388779421784085,500,0.84952,0,0,1,0
1586,0.0,2.0212299417220554,2.0212299417220554,500,0.849425,0,0,1,0
1587,0.0,2.0441646538641702,2.0441646538641702,500,0.84933,0,0,1,0
1588,0.0,1.8807891251796343,1.8807891251796343,500,0.849235,0,0,1,0
1589,0.0,2.342324437084524,2.342324437084524,500,0.84914,0,0,1,0
1590,0.0,2.2352266335044577,2.2352266335044577,500,0.849045,0,0,1,0
1591,0.0,1.944154068193222,1.944154068193222,500,0.84895,0,0,1,0
1592,0.0,1.7202916362767107,1.7202916362767107,500,0.848855,0,0,1,0
1593,0.0,2.239271478157388,2.239271478157388,500,0.84876,0,0,1,0
1594,0.0,2.3528648440537263,2.3528648440537263,500,0.848665,0,0,1,0
1595,0.0,2.0468987645587946,2.0468987645587946,500,0.84857,0,0,1,0
1596,0.0,1.7260537364676654,1.7260537364676654,500,0.848475,0,0,1,0
1597,0.0,1.6293995439730098,1.6293995439730098,500,0.84838,0,0,1,0
1598,0.0,1.767823044023198,1.767823044023198,500,0.848285,0,0,1,0
1599,0.0,2.086693770079028,2.086693770079028,500,0.84819,0,0,1,0
1600,0.0,2.0032651472639404,2.0032651472639404,500,0.848095,0,0,1,0
1601,0.0,1.6495706762019504,1.6495706762019504,500,0.848,0,0,1,0
1602,0.0,2.4322282610401333,2.4322282610401333,500,0.847905,0,0,1,0
1603,0.0,2.132791898144584,2.132791898144584,500,0.84781,0,0,1,0
1604,0.0,2.3059674316219434,2.3059674316219434,500,0.847715,0,0,1,0
1605,0.0,2.400410263474217,2.400410263474217,500,0.84762,0,0,1,0
1606,0.0,2.37318931024425,2.37318931024425,500,0.847525,0,0,1,0
1607,0.0,1.9107803481894245,1.9107803481894245,500,0.84743,0,0,1,0
1608,0.0,1.637004188187263,1.637004188187263,500,0.847335,0,0,1,0
1609,0.0,2.4103890794207126,2.4103890794207126,500,0.84724,0,0,1,0
1610,0.0,1.4178739393584654,1.4178739393584654,500,0.847145,0,0,1,0
1611,0.0,2.0556186108032977,2.0556186108032977,500,0.84705,0,0,1,0
1612,0.0,2.0347437590826023,2.0347437590826023,500,0.846955,0,0,1,0
1613,0.0,2.186536360606057,2.186536360606057,500,0.84686,0,0,1,0
1614,0.0,2.222461413746395,2.222461413746395,500,0.846765,0,0,1,0
1615,0.0,2.3711029380168434,2.3711029380168434,500,0.84667,0,0,1,0
1616,0.0,1.9640281462131977,1.9640281462131977,500,0.846575,0,0,1,0
1617,0.0,2.3223561497781113,2.3223561497781113,500,0.84648,0,0,1,0
1618,0.0,2.325160603842689,2.325160603842689,500,0.8463849999999999,0,0,1,0
1619,0.0,2.1278220535050343,2.1278220535050343,500,0.84629,0,0,1,0
1620,0.0,1.9392564482736776,1.9392564482736776,500,0.846195,0,0,1,0
1621,0.0,2.2593065084017123,2.2593065084017123,500,0.8461,0,0,1,0
1622,0.0,1.9385794297960903,1.9385794297960903,500,0.846005,0,0,1,0
1623,0.0,1.8139699864548853,1.8139699864548853,500,0.8459099999999999,0,0,1,0
1624,0.0,1.5754812365518152,1.5754812365518152,500,0.845815,0,0,1,0
1625,0.0,1.808568814965267,1.808568814965267,500,0.84572,0,0,1,0
1626,0.0,1.7437168600431376,1.7437168600431376,500,0.8456250000000001,0,0,1,0
1627,0.0,2.3860508293893252,2.3860508293893252,500,0.84553,0,0,1,0
1628,0.0,2.0411615123181814,2.0411615123181814,500,0.8454349999999999,0,0,1,0
1629,0.0,2.3530019129624042,2.3530019129624042,500,0.84534,0,0,1,0
1630,0.0,2.2607708999236578,2.2607708999236578,500,0.845245,0,0,1,0
1631,0.0,2.136148377153282,2.136148377153282,500,0.8451500000000001,0,0,1,0
1632,0.0,2.102349066890555,2.102349066890555,500,0.845055,0,0,1,0
1633,0.0,2.316994368983332,2.316994368983332,500,0.8449599999999999,0,0,1,0
1634,0.0,1.8707876404644799,1.8707876404644799,500,0.844865,0,0,1,0
1635,0.0,1.78285493008243,1.78285493008243,500,0.84477,0,0,1,0
1636,0.0,2.2156863988146664,2.2156863988146664,500,0.8446750000000001,0,0,1,0
1637,0.0,1.7903406072288386,1.7903406072288386,500,0.84458,0,0,1,0
1638,0.0,2.2115523279231346,2.2115523279231346,500,0.8444849999999999,0,0,1,0
1639,0.0,2.2667748704802992,2.2667748704802992,500,0.84439,0,0,1,0
1640,0.0,2.4378724394801563,2.4378724394801563,500,0.844295,0,0,1,0
1641,0.0,2.3771945621988384,2.3771945621988384,500,0.8442000000000001,0,0,1,0
1642,0.0,2.0984162351792546,2.0984162351792546,500,0.844105,0,0,1,0
1643,0.0,2.381428173552533,2.381428173552533,500,0.8440099999999999,0,0,1,0
1644,0.0,2.4326430322821886,2.4326430322821886,500,0.843915,0,0,1,0
1645,0.0,2.297090411314061,2.297090411314061,500,0.84382,0,0,1,0
1646,0.0,2.212220990473086,2.212220990473086,500,0.8437250000000001,0,0,1,0
1647,0.0,1.7714590669898589,1.7714590669898589,500,0.84363,0,0,1,0
1648,0.0,2.2985295949205433,2.2985295949205433,500,0.843535,0,0,1,0
1649,0.0,1.795430200495442,1.795430200495442,500,0.84344,0,0,1,0
1650,0.0,2.2717154378534175,2.2717154378534175,500,0.843345,0,0,1,0
1651,0.0,2.2960780957546096,2.2960780957546096,500,0.84325,0,0,1,0
1652,0.0,1.9997310579915568,1.9997310579915568,500,0.843155,0,0,1,0
1653,0.0,1.938286117306243,1.938286117306243,500,0.84306,0,0,1,0
1654,0.0,2.2848501779284227,2.2848501779284227,500,0.842965,0,0,1,0
1655,0.0,1.9217843905924552,1.9217843905924552,500,0.84287,0,0,1,0
1656,0.0,2.0794546924472765,2.0794546924472765,500,0.842775,0,0,1,0
1657,0.0,2.024581895239249,2.024581895239249,500,0.84268,0,0,1,0
1658,0.0,2.065957648959117,2.065957648959117,500,0.842585,0,0,1,0
1659,0.0,1.4344539535472682,1.4344539535472682,500,0.84249,0,0,1,0
1660,0.0,2.0332240698670403,2.0332240698670403,500,0.842395,0,0,1,0
1661,0.0,2.3504915682737093,2.3504915682737093,500,0.8423,0,0,1,0
1662,0.0,1.9315696944332137,1.9315696944332137,500,0.842205,0,0,1,0
1663,0.0,1.550383490532475,1.550383490532475,500,0.84211,0,0,1,0
1664,0.0,2.2632559822610614,2.2632559822610614,500,0.842015,0,0,1,0
1665,0.0,2.1376486159518935,2.1376486159518935,500,0.84192,0,0,1,0
1666,0.0,1.7026411545333031,1.7026411545333031,500,0.841825,0,0,1,0
1667,0.0,1.589350198116186,1.589350198116186,500,0.84173,0,0,1,0
1668,0.0,2.2097793002867645,2.2097793002867645,500,0.841635,0,0,1,0
1669,0.0,2.1787988607723827,2.1787988607723827,500,0.84154,0,0,1,0
1670,0.0,1.9422898220182983,1.9422898220182983,500,0.841445,0,0,1,0
1671,0.0,1.840707102772857,1.840707102772857,500,0.84135,0,0,1,0
1672,0.0,1.5505512190032418,1.5505512190032418,500,0.841255,0,0,1,0
1673,0.0,1.3013732659880797,1.3013732659880797,500,0.84116,0,0,1,0
1674,0.0,1.5877510421389336,1.5877510421389336,500,0.841065,0,0,1,0
1675,0.0,1.9430955666197844,1.9430955666197844,500,0.84097,0,0,1,0
1676,0.0,1.9035425360035751,1.9035425360035751,500,0.840875,0,0,1,0
1677,0.0,1.7210112921546192,1.7210112921546192,500,0.84078,0,0,1,0
1678,0.0,2.2249006002234233,2.2249006002234233,500,0.840685,0,0,1,0
1679,0.0,1.7988404442149555,1.7988404442149555,500,0.84059,0,0,1,0
1680,0.0,2.1929285326570955,2.1929285326570955,500,0.840495,0,0,1,0
1681,0.0,2.085122818742942,2.085122818742942,500,0.8404,0,0,1,0
1682,0.0,2.10624249154336,2.10624249154336,500,0.840305,0,0,1,0
1683,0.0,2.3476584857142186,2.3476584857142186,500,0.84021,0,0,1,0
1684,0.0,2.1491393463418387,2.1491393463418387,500,0.840115,0,0,1,0
1685,0.0,2.374731999223262,2.374731999223262,500,0.84002,0,0,1,0
1686,0.0,2.207034940178653,2.207034940178653,500,0.839925,0,0,1,0
1687,0.0,2.103398210445937,2.103398210445937,500,0.8398300000000001,0,0,1,0
1688,0.0,2.255284931620166,2.255284931620166,500,0.839735,0,0,1,0
1689,0.0,2.26710003494781,2.26710003494781,500,0.8396399999999999,0,0,1,0
1690,0.0,1.974368284008379,1.974368284008379,500,0.839545,0,0,1,0
1691,0.0,1.9631323135943486,1.9631323135943486,500,0.83945,0,0,1,0
1692,0.0,1.571853863887191,1.571853863887191,500,0.8393550000000001,0,0,1,0
1693,0.0,1.491995699402743,1.491995699402743,500,0.83926,0,0,1,0
1694,0.0,2.0247405918584094,2.0247405918584094,500,0.8391649999999999,0,0,1,0
1695,0.0,2.1075339842403795,2.1075339842403795,500,0.83907,0,0,1,0
1696,0.0,2.0311834846543815,2.0311834846543815,500,0.838975,0,0,1,0
1697,0.0,2.262744120432778,2.262744120432778,500,0.8388800000000001,0,0,1,0
1698,0.0,2.0950103031832437,2.0950103031832437,500,0.838785,0,0,1,0
1699,0.0,2.049850533109222,2.049850533109222,500,0.8386899999999999,0,0,1,0
1700,0.0,1.8167256499415578,1.8167256499415578,500,0.838595,0,0,1,0
1701,0.0,1.5871882040080125,1.5871882040080125,500,0.8385,0,0,1,0
1702,0.0,1.734223129651859,1.734223129651859,500,0.8384050000000001,0,0,1,0
1703,0.0,1.9314485888032271,1.9314485888032271,500,0.83831,0,0,1,0
1704,0.0,1.5964900840300755,1.5964900840300755,500,0.8382149999999999,0,0,1,0
1705,0.0,1.8819739932598318,1.8819739932598318,500,0.83812,0,0,1,0
1706,0.0,1.7388938547566999,1.7388938547566999,500,0.838025,0,0,1,0
1707,0.0,1.896444523923154,1.896444523923154,500,0.8379300000000001,0,0,1,0
1708,0.0,1.9202919130522884,1.9202919130522884,500,0.837835,0,0,1,0
1709,0.0,1.7796544480448298,1.7796544480448298,500,0.83774,0,0,1,0
1710,0.0,2.1078536731644384,2.1078536731644384,500,0.837645,0,0,1,0
1711,0.0,1.6236051460263314,1.6236051460263314,500,0.83755,0,0,1,0
1712,0.0,1.607495472711141,1.607495472711141,500,0.8374550000000001,0,0,1,0
1713,0.0,1.984738042758216,1.984738042758216,500,0.83736,0,0,1,0
1714,0.0,2.085301823461044,2.085301823461044,500,0.837265,0,0,1,0
1715,0.0,1.4908448440882482,1.4908448440882482,500,0.83717,0,0,1,0
1716,0.0,1.888303680235735,1.888303680235735,500,0.837075,0,0,1,0
1717,0.0,1.9317329247214496,1.9317329247214496,500,0.8369800000000001,0,0,1,0
1718,0.0,1.906421652018428,1.906421652018428,500,0.836885,0,0,1,0
1719,0.0,1.5559677193617503,1.5559677193617503,500,0.83679,0,0,1,0
1720,0.0,1.9115554732249012,1.9115554732249012,500,0.836695,0,0,1,0
1721,0.0,2.0528322233815324,2.0528322233815324,500,0.8366,0,0,1,0
1722,0.0,2.229758668354707,2.229758668354707,500,0.836505,0,0,1,0
1723,0.0,2.3617802336171234,2.3617802336171234,500,0.83641,0,0,1,0
1724,0.0,2.171134623229555,2.171134623229555,500,0.836315,0,0,1,0
1725,0.0,2.0948118545694325,2.0948118545694325,500,0.83622,0,0,1,0
1726,0.0,2.2553621280709213,2.2553621280709213,500,0.836125,0,0,1,0
1727,0.0,2.1792860259662126,2.1792860259662126,500,0.83603,0,0,1,0
1728,0.0,1.799716852086191,1.799716852086191,500,0.835935,0,0,1,0
1729,0.0,2.1154300467185045,2.1154300467185045,500,0.83584,0,0,1,0
1730,0.0,2.1251354017661472,2.1251354017661472,500,0.835745,0,0,1,0
1731,0.0,2.3712907124237237,2.3712907124237237,500,0.83565,0,0,1,0
1732,0.0,2.278417723414833,2.278417723414833,500,0.835555,0,0,1,0
1733,0.0,2.2848197355514124,2.2848197355514124,500,0.83546,0,0,1,0
1734,0.0,2.3517081651319653,2.3517081651319653,500,0.835365,0,0,1,0
1735,0.0,2.125272632895686,2.125272632895686,500,0.83527,0,0,1,0
1736,0.0,2.4045174084872856,2.4045174084872856,500,0.835175,0,0,1,0
1737,0.0,2.462582295247649,2.462582295247649,500,0.83508,0,0,1,0
1738,0.0,1.4965986772618827,1.4965986772618827,500,0.834985,0,0,1,0
1739,0.0,2.414913300076263,2.414913300076263,500,0.83489,0,0,1,0
1740,0.0,1.963477364859714,1.963477364859714,500,0.834795,0,0,1,0
1741,0.0,2.3082125551455093,2.3082125551455093,500,0.8347,0,0,1,0
1742,0.0,2.190622446051055,2.190622446051055,500,0.834605,0,0,1,0
1743,0.0,2.3345241167292907,2.3345241167292907,500,0.83451,0,0,1,0
1744,0.0,2.1323631382681616,2.1323631382681616,500,0.834415,0,0,1,0
1745,0.0,1.9684530115531396,1.9684530115531396,500,0.83432,0,0,1,0
1746,0.0,2.203365048475654,2.203365048475654,500,0.834225,0,0,1,0
1747,0.0,1.9361468054356898,1.9361468054356898,500,0.83413,0,0,1,0
1748,0.0,1.9069156328318542,1.9069156328318542,500,0.8340350000000001,0,0,1,0
1749,0.0,2.367478250808841,2.367478250808841,500,0.83394,0,0,1,0
1750,0.0,2.1598951376048623,2.1598951376048623,500,0.833845,0,0,1,0
1751,0.0,2.1039058706165985,2.1039058706165985,500,0.83375,0,0,1,0
1752,0.0,2.093803113546643,2.093803113546643,500,0.833655,0,0,1,0
1753,0.0,1.4073260097280844,1.4073260097280844,500,0.8335600000000001,0,0,1,0
1754,0.0,2.235876840798211,2.235876840798211,500,0.833465,0,0,1,0
1755,0.0,1.916641936181768,1.916641936181768,500,0.8333699999999999,0,0,1,0
1756,0.0,2.1764315060684924,2.1764315060684924,500,0.833275,0,0,1,0
1757,0.0,2.1006071439260086,2.1006071439260086,500,0.83318,0,0,1,0
1758,0.0,2.1333179575214953,2.1333179575214953,500,0.8330850000000001,0,0,1,0
1759,0.0,1.999984655280715,1.999984655280715,500,0.83299,0,0,1,0
1760,0.0,1.8456621859456117,1.8456621859456117,500,0.8328949999999999,0,0,1,0
1761,0.0,2.1027400140340107,2.1027400140340107,500,0.8328,0,0,1,0
1762,0.0,2.3196776103043293,2.3196776103043293,500,0.832705,0,0,1,0
1763,0.0,1.9500731984718958,1.9500731984718958,500,0.8326100000000001,0,0,1,0
1764,0.0,1.5342768815041343,1.5342768815041343,500,0.832515,0,0,1,0
1765,0.0,1.7851613935872939,1.7851613935872939,500,0.8324199999999999,0,0,1,0
1766,0.0,1.7797479395639781,1.7797479395639781,500,0.832325,0,0,1,0
1767,0.0,2.154093725054651,2.154093725054651,500,0.83223,0,0,1,0
1768,0.0,2.2493480207762273,2.2493480207762273,500,0.8321350000000001,0,0,1,0
1769,0.0,2.4500766555570332,2.4500766555570332,500,0.83204,0,0,1,0
1770,0.0,1.9971107487292754,1.9971107487292754,500,0.831945,0,0,1,0
1771,0.0,2.1857080080073614,2.1857080080073614,500,0.83185,0,0,1,0
1772,0.0,2.4168363512423716,2.4168363512423716,500,0.831755,0,0,1,0
1773,0.0,1.6992680385625072,1.6992680385625072,500,0.8316600000000001,0,0,1,0
1774,0.0,2.3220183863212602,2.3220183863212602,500,0.831565,0,0,1,0
1775,0.0,1.5451892709358044,1.5451892709358044,500,0.83147,0,0,1,0
1776,0.0,1.3833930001618784,1.3833930001618784,500,0.831375,0,0,1,0
1777,0.0,2.233120815488023,2.233120815488023,500,0.83128,0,0,1,0
1778,0.0,2.2106398258565965,2.2106398258565965,500,0.8311850000000001,0,0,1,0
1779,0.0,1.5649203370433582,1.5649203370433582,500,0.83109,0,0,1,0
1780,0.0,2.3118289155757252,2.3118289155757252,500,0.830995,0,0,1,0
1781,0.0,1.6099409620243441,1.6099409620243441,500,0.8309,0,0,1,0
1782,0.0,2.1357164778374944,2.1357164778374944,500,0.830805,0,0,1,0
1783,0.0,2.366317806557137,2.366317806557137,500,0.8307100000000001,0,0,1,0
1784,0.0,2.1416649671455565,2.1416649671455565,500,0.830615,0,0,1,0
1785,0.0,2.1509697718158556,2.1509697718158556,500,0.83052,0,0,1,0
1786,0.0,2.101020184070432,2.101020184070432,500,0.830425,0,0,1,0
1787,0.0,2.0879180554568912,2.0879180554568912,500,0.83033,0,0,1,0
1788,0.0,2.135460239441684,2.135460239441684,500,0.8302350000000001,0,0,1,0
1789,0.0,1.684845723673504,1.684845723673504,500,0.83014,0,0,1,0
1790,0.0,1.9940048933756462,1.9940048933756462,500,0.830045,0,0,1,0
1791,0.0,1.9853481858435431,1.9853481858435431,500,0.82995,0,0,1,0
1792,0.0,2.312356795798282,2.312356795798282,500,0.829855,0,0,1,0
1793,0.0,1.5541615333931762,1.5541615333931762,500,0.82976,0,0,1,0
1794,0.0,2.2350336871133663,2.2350336871133663,500,0.829665,0,0,1,0
1795,0.0,1.8536921159813493,1.8536921159813493,500,0.82957,0,0,1,0
1796,0.0,2.011822999316994,2.011822999316994,500,0.829475,0,0,1,0
1797,0.0,2.2898066826763417,2.2898066826763417,500,0.82938,0,0,1,0
1798,0.0,2.2203690531872557,2.2203690531872557,500,0.829285,0,0,1,0
1799,0.0,1.9748123470524048,1.9748123470524048,500,0.82919,0,0,1,0
1800,0.0,2.2187080081655886,2.2187080081655886,500,0.829095,0,0,1,0
1801,0.0,1.9652219783200127,1.9652219783200127,500,0.829,0,0,1,0
1802,0.0,2.3280635335464868,2.3280635335464868,500,0.828905,0,0,1,0
1803,0.0,2.227765569737459,2.227765569737459,500,0.82881,0,0,1,0
1804,0.0,2.370522170928199,2.370522170928199,500,0.828715,0,0,1,0
1805,0.0,2.4392007496154076,2.4392007496154076,500,0.82862,0,0,1,0
1806,0.0,2.3869407481052693,2.3869407481052693,500,0.828525,0,0,1,0
1807,0.0,1.9885690773919416,1.9885690773919416,500,0.82843,0,0,1,0
1808,0.0,1.9347565024876878,1.9347565024876878,500,0.828335,0,0,1,0
1809,0.0,2.1166306983495535,2.1166306983495535,500,0.8282400000000001,0,0,1,0
1810,0.0,2.0270735457911737,2.0270735457911737,500,0.828145,0,0,1,0
1811,0.0,1.564346334200629,1.564346334200629,500,0.82805,0,0,1,0
1812,0.0,1.5024738988713764,1.5024738988713764,500,0.827955,0,0,1,0
1813,0.0,1.6887626416396693,1.6887626416396693,500,0.82786,0,0,1,0
1814,0.0,2.1332558467281433,2.1332558467281433,500,0.8277650000000001,0,0,1,0
1815,0.0,1.609039190867212,1.609039190867212,500,0.82767,0,0,1,0
1816,0.0,2.0384182157574213,2.0384182157574213,500,0.827575,0,0,1,0
1817,0.0,1.3284817936151119,1.3284817936151119,500,0.82748,0,0,1,0
1818,0.0,2.3428104880719705,2.3428104880719705,500,0.827385,0,0,1,0
1819,0.0,2.06723806630543,2.06723806630543,500,0.8272900000000001,0,0,1,0
1820,0.0,2.165540950052536,2.165540950052536,500,0.827195,0,0,1,0
1821,0.0,2.031724856453163,2.031724856453163,500,0.8271,0,0,1,0
1822,0.0,1.849225295101286,1.849225295101286,500,0.827005,0,0,1,0
1823,0.0,1.788008711177294,1.788008711177294,500,0.82691,0,0,1,0
1824,0.0,1.7324102801577779,1.7324102801577779,500,0.8268150000000001,0,0,1,0
1825,0.0,1.995121684603816,1.995121684603816,500,0.82672,0,0,1,0
1826,0.0,1.9972043744305854,1.9972043744305854,500,0.8266249999999999,0,0,1,0
1827,0.0,1.8019364597591627,1.8019364597591627,500,0.82653,0,0,1,0
1828,0.0,2.176737896136965,2.176737896136965,500,0.826435,0,0,1,0
1829,0.0,2.2337920423983655,2.2337920423983655,500,0.8263400000000001,0,0,1,0
1830,0.0,2.0768466727446246,2.0768466727446246,500,0.826245,0,0,1,0
1831,0.0,2.3474021641039395,2.3474021641039395,500,0.82615,0,0,1,0
1832,0.0,2.392581813267581,2.392581813267581,500,0.826055,0,0,1,0
1833,0.0,2.199951399256109,2.199951399256109,500,0.82596,0,0,1,0
1834,0.0,2.246587750121912,2.246587750121912,500,0.8258650000000001,0,0,1,0
1835,0.0,2.142375307902409,2.142375307902409,500,0.82577,0,0,1,0
1836,0.0,2.230371993021544,2.230371993021544,500,0.825675,0,0,1,0
1837,0.0,1.639311963522543,1.639311963522543,500,0.82558,0,0,1,0
1838,0.0,2.1308387047317545,2.1308387047317545,500,0.825485,0,0,1,0
1839,0.0,2.217272926011898,2.217272926011898,500,0.8253900000000001,0,0,1,0
1840,0.0,2.2661414736087235,2.2661414736087235,500,0.825295,0,0,1,0
1841,0.0,2.417819976314737,2.417819976314737,500,0.8252,0,0,1,0
1842,0.0,2.3614305235351734,2.3614305235351734,500,0.825105,0,0,1,0
1843,0.0,1.9261014714978586,1.9261014714978586,500,0.82501,0,0,1,0
1844,0.0,1.8737956232752555,1.8737956232752555,500,0.8249150000000001,0,0,1,0
1845,0.0,2.267774880686417,2.267774880686417,500,0.82482,0,0,1,0
1846,0.0,1.9063422938030092,1.9063422938030092,500,0.824725,0,0,1,0
1847,0.0,1.6892473741986667,1.6892473741986667,500,0.82463,0,0,1,0
1848,0.0,1.4868505758425492,1.4868505758425492,500,0.824535,0,0,1,0
1849,0.0,2.0975664159287724,2.0975664159287724,500,0.8244400000000001,0,0,1,0
1850,0.0,2.0593300161817876,2.0593300161817876,500,0.824345,0,0,1,0
1851,0.0,1.4845674264134467,1.4845674264134467,500,0.82425,0,0,1,0
1852,0.0,1.977300383051942,1.977300383051942,500,0.824155,0,0,1,0
1853,0.0,2.1559386340630438,2.1559386340630438,500,0.82406,0,0,1,0
1854,0.0,2.203673933999704,2.203673933999704,500,0.8239650000000001,0,0,1,0
1855,0.0,1.8413820558682998,1.8413820558682998,500,0.82387,0,0,1,0
1856,0.0,2.0017020745608924,2.0017020745608924,500,0.823775,0,0,1,0
1857,0.0,1.7566263681560477,1.7566263681560477,500,0.82368,0,0,1,0
1858,0.0,1.5715443270158345,1.5715443270158345,500,0.823585,0,0,1,0
1859,0.0,1.5731499392487793,1.5731499392487793,500,0.82349,0,0,1,0
1860,0.0,1.9517121127933914,1.9517121127933914,500,0.823395,0,0,1,0
1861,1.0,3.473231867075006,2.473231867075006,500,0.8233,0,0,1,0
1862,0.0,1.6943554106645196,1.6943554106645196,500,0.823205,0,0,1,0
1863,0.0,2.192634859755568,2.192634859755568,500,0.82311,0,0,1,0
1864,0.0,2.0580364991569495,2.0580364991569495,500,0.823015,0,0,1,0
1865,0.0,1.8709277640478887,1.8709277640478887,500,0.82292,0,0,1,0
1866,0.0,1.691583341294181,1.691583341294181,500,0.822825,0,0,1,0
1867,0.0,1.9995273323607128,1.9995273323607128,500,0.82273,0,0,1,0
1868,0.0,1.603923724264643,1.603923724264643,500,0.822635,0,0,1,0
1869,0.0,1.7301998479147294,1.7301998479147294,500,0.82254,0,0,1,0
1870,0.0,2.3199254480119182,2.3199254480119182,500,0.822445,0,0,1,0
1871,0.0,2.145121884572765,2.145121884572765,500,0.82235,0,0,1,0
1872,0.0,1.5778094728599499,1.5778094728599499,500,0.822255,0,0,1,0
1873,0.0,1.9933045463841632,1.9933045463841632,500,0.82216,0,0,1,0
1874,0.0,1.6881708851928703,1.6881708851928703,500,0.822065,0,0,1,0
1875,0.0,1.9337363669428373,1.9337363669428373,500,0.82197,0,0,1,0
1876,0.0,1.8484780499191276,1.8484780499191276,500,0.821875,0,0,1,0
1877,0.0,2.0949643907438618,2.0949643907438618,500,0.82178,0,0,1,0
1878,0.0,2.4317302171166455,2.4317302171166455,500,0.821685,0,0,1,0
1879,0.0,2.424407255294925,2.424407255294925,500,0.82159,0,0,1,0
1880,0.0,2.0560637485698723,2.0560637485698723,500,0.821495,0,0,1,0
1881,0.0,2.1422513399675935,2.1422513399675935,500,0.8214,0,0,1,0
1882,0.0,2.2831071596751804,2.2831071596751804,500,0.821305,0,0,1,0
1883,0.0,2.425981313947777,2.425981313947777,500,0.82121,0,0,1,0
1884,0.0,2.16060509610211,2.16060509610211,500,0.821115,0,0,1,0
1885,0.0,2.438502470406953,2.438502470406953,500,0.82102,0,0,1,0
1886,0.0,2.374528380885056,2.374528380885056,500,0.820925,0,0,1,0
1887,0.0,2.0432840642704364,2.0432840642704364,500,0.8208300000000001,0,0,1,0
1888,0.0,1.8425639849127082,1.8425639849127082,500,0.820735,0,0,1,0
1889,0.0,1.9475014685354504,1.9475014685354504,500,0.82064,0,0,1,0
1890,0.0,2.0838114525673217,2.0838114525673217,500,0.820545,0,0,1,0
1891,0.0,2.154240764148497,2.154240764148497,500,0.82045,0,0,1,0
1892,0.0,2.196804666772638,2.196804666772638,500,0.8203550000000001,0,0,1,0
1893,0.0,1.871273355935057,1.871273355935057,500,0.82026,0,0,1,0
1894,0.0,1.9384363845993882,1.9384363845993882,500,0.820165,0,0,1,0
1895,0.0,1.7794381284590577,1.7794381284590577,500,0.82007,0,0,1,0
1896,0.0,1.881630632059082,1.881630632059082,500,0.819975,0,0,1,0
1897,0.0,1.7269983172094328,1.7269983172094328,500,0.81988,0,0,1,0
1898,0.0,1.8722135616222784,1.8722135616222784,500,0.819785,0,0,1,0
1899,0.0,1.9036229249471948,1.9036229249471948,500,0.81969,0,0,1,0
1900,0.0,1.7502452031487366,1.7502452031487366,500,0.819595,0,0,1,0
1901,0.0,1.621756093812502,1.621756093812502,500,0.8195,0,0,1,0
1902,0.0,2.3264940642472034,2.3264940642472034,500,0.819405,0,0,1,0
1903,0.0,2.3371009250920958,2.3371009250920958,500,0.81931,0,0,1,0
1904,0.0,2.4090148159968927,2.4090148159968927,500,0.819215,0,0,1,0
1905,0.0,1.6569289870153412,1.6569289870153412,500,0.81912,0,0,1,0
1906,0.0,2.3657609609154417,2.3657609609154417,500,0.819025,0,0,1,0
1907,0.0,2.1021067821575037,2.1021067821575037,500,0.81893,0,0,1,0
1908,0.0,2.0423659497252484,2.0423659497252484,500,0.818835,0,0,1,0
1909,0.0,1.876705297978093,1.876705297978093,500,0.81874,0,0,1,0
1910,0.0,2.4022311707099986,2.4022311707099986,500,0.8186450000000001,0,0,1,0
1911,0.0,2.2958032511952458,2.2958032511952458,500,0.81855,0,0,1,0
1912,0.0,2.2040946745432524,2.2040946745432524,500,0.818455,0,0,1,0
1913,0.0,2.253229874849494,2.253229874849494,500,0.81836,0,0,1,0
1914,0.0,2.013867163413594,2.013867163413594,500,0.818265,0,0,1,0
1915,0.0,1.7310266465706308,1.7310266465706308,500,0.8181700000000001,0,0,1,0
1916,0.0,2.035862185539931,2.035862185539931,500,0.818075,0,0,1,0
1917,0.0,2.1433843544020093,2.1433843544020093,500,0.81798,0,0,1,0
1918,0.0,2.1829631881504628,2.1829631881504628,500,0.817885,0,0,1,0
1919,0.0,2.0642713909527837,2.0642713909527837,500,0.81779,0,0,1,0
1920,0.0,2.2532064612813905,2.2532064612813905,500,0.8176950000000001,0,0,1,0
1921,0.0,2.202640315950715,2.202640315950715,500,0.8176,0,0,1,0
1922,0.0,1.873878285094464,1.873878285094464,500,0.817505,0,0,1,0
1923,0.0,1.8851030082352618,1.8851030082352618,500,0.81741,0,0,1,0
1924,0.0,2.0464647943594985,2.0464647943594985,500,0.817315,0,0,1,0
1925,0.0,1.8187584101981822,1.8187584101981822,500,0.8172200000000001,0,0,1,0
1926,0.0,1.8385660816634017,1.8385660816634017,500,0.817125,0,0,1,0
1927,0.0,1.4285540520926705,1.4285540520926705,500,0.81703,0,0,1,0
1928,0.0,1.5785518477225238,1.5785518477225238,500,0.816935,0,0,1,0
1929,0.0,1.7422428405084027,1.7422428405084027,500,0.81684,0,0,1,0
1930,0.0,2.278054793220212,2.278054793220212,500,0.816745,0,0,1,0
1931,0.0,2.353481114851628,2.353481114851628,500,0.81665,0,0,1,0
1932,1.0,3.5789431431172765,2.578943143117276,500,0.816555,0,0,1,0
1933,0.0,2.37528121296373,2.37528121296373,500,0.81646,0,0,1,0
1934,0.0,2.3748100305795643,2.3748100305795643,500,0.816365,0,0,1,0
1935,0.0,2.292334286379138,2.292334286379138,500,0.81627,0,0,1,0
1936,0.0,2.2808303343343352,2.2808303343343352,500,0.816175,0,0,1,0
1937,0.0,1.9937775040611454,1.9937775040611454,500,0.81608,0,0,1,0
1938,0.0,1.9860143076490753,1.9860143076490753,500,0.815985,0,0,1,0
1939,0.0,2.302606840277826,2.302606840277826,500,0.81589,0,0,1,0
1940,0.0,2.155588525873007,2.155588525873007,500,0.815795,0,0,1,0
1941,0.0,1.8240315861026137,1.8240315861026137,500,0.8157,0,0,1,0
1942,0.0,1.8585078747486488,1.8585078747486488,500,0.815605,0,0,1,0
1943,0.0,1.9678365352990534,1.9678365352990534,500,0.81551,0,0,1,0
1944,0.0,1.8415548052597177,1.8415548052597177,500,0.815415,0,0,1,0
1945,0.0,1.3082298001462842,1.3082298001462842,500,0.81532,0,0,1,0
1946,0.0,1.835803444322872,1.835803444322872,500,0.815225,0,0,1,0
1947,0.0,2.2992876493919425,2.2992876493919425,500,0.81513,0,0,1,0
1948,0.0,2.120146267770828,2.120146267770828,500,0.815035,0,0,1,0
1949,0.0,2.24723709033615,2.24723709033615,500,0.81494,0,0,1,0
1950,0.0,2.2418759009216727,2.2418759009216727,500,0.814845,0,0,1,0
1951,0.0,2.2735459739652666,2.2735459739652666,500,0.81475,0,0,1,0
1952,0.0,2.038199650658803,2.038199650658803,500,0.814655,0,0,1,0
1953,0.0,1.889346051617838,1.889346051617838,500,0.81456,0,0,1,0
1954,0.0,2.0068718312091893,2.0068718312091893,500,0.814465,0,0,1,0
1955,0.0,1.862211221867193,1.862211221867193,500,0.81437,0,0,1,0
1956,0.0,2.4650911427229647,2.4650911427229647,500,0.814275,0,0,1,0
1957,0.0,1.8030186704988924,1.8030186704988924,500,0.81418,0,0,1,0
1958,0.0,1.9304733071647902,1.9304733071647902,500,0.814085,0,0,1,0
1959,0.0,1.7348193461836134,1.7348193461836134,500,0.81399,0,0,1,0
1960,0.0,1.3282470243591216,1.3282470243591216,500,0.813895,0,0,1,0
1961,0.0,1.9188977405778014,1.9188977405778014,500,0.8138,0,0,1,0
1962,0.0,2.267096946745879,2.267096946745879,500,0.813705,0,0,1,0
1963,0.0,2.177575210422163,2.177575210422163,500,0.8136099999999999,0,0,1,0
1964,0.0,2.062838375469148,2.062838375469148,500,0.813515,0,0,1,0
1965,0.0,2.1410778920808817,2.1410778920808817,500,0.81342,0,0,1,0
1966,0.0,2.110230358299615,2.110230358299615,500,0.813325,0,0,1,0
1967,0.0,2.046468287531674,2.046468287531674,500,0.81323,0,0,1,0
1968,0.0,1.8038050425463727,1.8038050425463727,500,0.8131349999999999,0,0,1,0
1969,0.0,2.164959230170361,2.164959230170361,500,0.81304,0,0,1,0
1970,0.0,2.1522984464400885,2.1522984464400885,500,0.812945,0,0,1,0
1971,0.0,1.97918723201846,1.97918723201846,500,0.81285,0,0,1,0
1972,0.0,2.302548319597735,2.302548319597735,500,0.812755,0,0,1,0
1973,0.0,1.759028704119935,1.759028704119935,500,0.81266,0,0,1,0
1974,0.0,1.9790848912784984,1.9790848912784984,500,0.812565,0,0,1,0
1975,1.0,3.502620240688031,2.502620240688031,500,0.81247,0,0,1,0
1976,0.0,1.5787234723431383,1.5787234723431383,500,0.8123750000000001,0,0,1,0
1977,0.0,1.9918809323769968,1.9918809323769968,500,0.81228,0,0,1,0
1978,0.0,2.413497162290591,2.413497162290591,500,0.812185,0,0,1,0
1979,0.0,2.0826547826013564,2.0826547826013564,500,0.81209,0,0,1,0
1980,0.0,1.903893259598213,1.903893259598213,500,0.811995,0,0,1,0
1981,0.0,1.5803034595885694,1.5803034595885694,500,0.8119000000000001,0,0,1,0
1982,0.0,1.7334665398796434,1.7334665398796434,500,0.811805,0,0,1,0
1983,0.0,2.103145019660382,2.103145019660382,500,0.81171,0,0,1,0
1984,0.0,2.1537812753508128,2.1537812753508128,500,0.811615,0,0,1,0
1985,0.0,2.4106526147969105,2.4106526147969105,500,0.81152,0,0,1,0
1986,0.0,2.333426248505509,2.333426248505509,500,0.8114250000000001,0,0,1,0
1987,0.0,2.2009785206033765,2.2009785206033765,500,0.81133,0,0,1,0
1988,0.0,2.1418346208487224,2.1418346208487224,500,0.811235,0,0,1,0
1989,0.0,2.1011226559096516,2.1011226559096516,500,0.81114,0,0,1,0
1990,0.0,2.2625355356785355,2.2625355356785355,500,0.811045,0,0,1,0
1991,0.0,2.2483213084118088,2.2483213084118088,500,0.8109500000000001,0,0,1,0
1992,1.0,3.5036333951780714,2.503633395178071,500,0.810855,0,0,1,0
1993,0.0,2.1977551485459994,2.1977551485459994,500,0.81076,0,0,1,0
1994,0.0,1.7507640154553852,1.7507640154553852,500,0.810665,0,0,1,0
1995,0.0,1.8061270280757888,1.8061270280757888,500,0.81057,0,0,1,0
1996,0.0,1.6652926938610082,1.6652926938610082,500,0.8104750000000001,0,0,1,0
1997,0.0,1.8672330727169322,1.8672330727169322,500,0.81038,0,0,1,0
1998,0.0,1.786773559143389,1.786773559143389,500,0.810285,0,0,1,0
1999,0.0,1.9689840982254092,1.9689840982254092,500,0.81019,0,0,1,0
2000,0.0,2.2230694433363256,2.2230694433363256,500,0.810095,0,0,1,0
2001,0.0,2.1890739640130508,2.1890739640130508,500,0.81,0,0,1,0
2002,0.0,2.466969654287025,2.466969654287025,500,0.809905,0,0,1,0
2003,0.0,2.2457889927195063,2.2457889927195063,500,0.80981,0,0,1,0
2004,0.0,2.1650944753814083,2.1650944753814083,500,0.809715,0,0,1,0
2005,0.0,1.5479372424588687,1.5479372424588687,500,0.80962,0,0,1,0
2006,0.0,1.5431627353214723,1.5431627353214723,500,0.809525,0,0,1,0
2007,0.0,2.1879130670515994,2.1879130670515994,500,0.80943,0,0,1,0
2008,0.0,2.2676287485299946,2.2676287485299946,500,0.809335,0,0,1,0
2009,0.0,2.21858055659265,2.21858055659265,500,0.80924,0,0,1,0
2010,0.0,1.912479165152138,1.912479165152138,500,0.809145,0,0,1,0
2011,0.0,2.3766400246518864,2.3766400246518864,500,0.80905,0,0,1,0
2012,0.0,2.3220702374613267,2.3220702374613267,500,0.808955,0,0,1,0
2013,0.0,2.458323786291212,2.458323786291212,500,0.80886,0,0,1,0
2014,0.0,2.2800470490726075,2.2800470490726075,500,0.808765,0,0,1,0
2015,0.0,2.1090141883685716,2.1090141883685716,500,0.80867,0,0,1,0
2016,0.0,2.191028815701643,2.191028815701643,500,0.808575,0,0,1,0
2017,0.0,2.1629047400889734,2.1629047400889734,500,0.80848,0,0,1,0
2018,0.0,2.0743276264402093,2.0743276264402093,500,0.808385,0,0,1,0
2019,0.0,2.29587194467778,2.29587194467778,500,0.80829,0,0,1,0
2020,0.0,1.8986099247021444,1.8986099247021444,500,0.808195,0,0,1,0
2021,0.0,1.5910317165757333,1.5910317165757333,500,0.8081,0,0,1,0
2022,0.0,1.8228573105385824,1.8228573105385824,500,0.808005,0,0,1,0
2023,0.0,2.1385861402388606,2.1385861402388606,500,0.80791,0,0,1,0
2024,0.0,2.4069515202180316,2.4069515202180316,500,0.807815,0,0,1,0
2025,0.0,2.3983094175400903,2.3983094175400903,500,0.80772,0,0,1,0
2026,0.0,2.2030620027840855,2.2030620027840855,500,0.807625,0,0,1,0
2027,0.0,2.0903434352906975,2.0903434352906975,500,0.80753,0,0,1,0
2028,0.0,2.194295152450029,2.194295152450029,500,0.807435,0,0,1,0
2029,0.0,2.0726071917741824,2.0726071917741824,500,0.80734,0,0,1,0
2030,0.0,1.794511607108746,1.794511607108746,500,0.807245,0,0,1,0
2031,0.0,1.8495702703273227,1.8495702703273227,500,0.80715,0,0,1,0
2032,0.0,1.540919442640619,1.540919442640619,500,0.807055,0,0,1,0
2033,0.0,2.003984937003843,2.003984937003843,500,0.80696,0,0,1,0
2034,0.0,1.8163087984746187,1.8163087984746187,500,0.8068649999999999,0,0,1,0
2035,0.0,1.5366777005525534,1.5366777005525534,500,0.80677,0,0,1,0
2036,0.0,1.7872725067666069,1.7872725067666069,500,0.806675,0,0,1,0
2037,0.0,1.9813281766166584,1.9813281766166584,500,0.8065800000000001,0,0,1,0
2038,0.0,2.0971486012954323,2.0971486012954323,500,0.806485,0,0,1,0
2039,0.0,2.314507466994642,2.314507466994642,500,0.8063899999999999,0,0,1,0
2040,0.0,2.139049907480279,2.139049907480279,500,0.806295,0,0,1,0
2041,0.0,2.0852855295765833,2.0852855295765833,500,0.8062,0,0,1,0
2042,0.0,2.002899452421242,2.002899452421242,500,0.8061050000000001,0,0,1,0
2043,0.0,2.3879097666575206,2.3879097666575206,500,0.80601,0,0,1,0
2044,0.0,2.2403084038280423,2.2403084038280423,500,0.8059149999999999,0,0,1,0
2045,0.0,1.9245868318834285,1.9245868318834285,500,0.80582,0,0,1,0
2046,0.0,1.8081560400692522,1.8081560400692522,500,0.805725,0,0,1,0
2047,0.0,1.6853409771631975,1.6853409771631975,500,0.8056300000000001,0,0,1,0
2048,0.0,1.8546895328302964,1.8546895328302964,500,0.805535,0,0,1,0
2049,0.0,1.1836211996048958,1.1836211996048958,500,0.8054399999999999,0,0,1,0
2050,0.0,2.0834319119957696,2.0834319119957696,500,0.805345,0,0,1,0
2051,0.0,1.5016822401679986,1.5016822401679986,500,0.80525,0,0,1,0
2052,0.0,2.3995868007922008,2.3995868007922008,500,0.8051550000000001,0,0,1,0
2053,0.0,2.222616796109633,2.222616796109633,500,0.80506,0,0,1,0
2054,0.0,2.2317311654542213,2.2317311654542213,500,0.8049649999999999,0,0,1,0
2055,0.0,1.9433188866583309,1.9433188866583309,500,0.80487,0,0,1,0
2056,0.0,2.1555238486891666,2.1555238486891666,500,0.804775,0,0,1,0
2057,0.0,2.0274345404867162,2.0274345404867162,500,0.8046800000000001,0,0,1,0
2058,0.0,2.2650544299770603,2.2650544299770603,500,0.804585,0,0,1,0
2059,0.0,1.6699197469960385,1.6699197469960385,500,0.80449,0,0,1,0
2060,0.0,2.3321068028422465,2.3321068028422465,500,0.804395,0,0,1,0
2061,0.0,2.2201959881858087,2.2201959881858087,500,0.8043,0,0,1,0
2062,0.0,2.346973170404826,2.346973170404826,500,0.8042050000000001,0,0,1,0
2063,0.0,1.7630931777675742,1.7630931777675742,500,0.80411,0,0,1,0
2064,0.0,2.248697526912881,2.248697526912881,500,0.804015,0,0,1,0
2065,0.0,1.4890551446575415,1.4890551446575415,500,0.80392,0,0,1,0
2066,0.0,2.2262633697649936,2.2262633697649936,500,0.803825,0,0,1,0
2067,0.0,2.4549973784885077,2.4549973784885077,500,0.80373,0,0,1,0
2068,1.0,3.54443571802261,2.54443571802261,500,0.803635,0,0,1,0
2069,0.0,2.4590217018765377,2.4590217018765377,500,0.80354,0,0,1,0
2070,0.0,2.3516853854997986,2.3516853854997986,500,0.803445,0,0,1,0
2071,0.0,2.0309303285459466,2.0309303285459466,500,0.80335,0,0,1,0
2072,0.0,2.1829293641427285,2.1829293641427285,500,0.803255,0,0,1,0
2073,0.0,1.9559829989688888,1.9559829989688888,500,0.80316,0,0,1,0
2074,0.0,1.810562979361797,1.810562979361797,500,0.803065,0,0,1,0
2075,0.0,1.8112534075744278,1.8112534075744278,500,0.80297,0,0,1,0
2076,0.0,2.3875200950229956,2.3875200950229956,500,0.802875,0,0,1,0
2077,0.0,2.180280683583555,2.180280683583555,500,0.80278,0,0,1,0
2078,0.0,2.2459929327403585,2.2459929327403585,500,0.802685,0,0,1,0
2079,0.0,1.947857055980216,1.947857055980216,500,0.80259,0,0,1,0
2080,0.0,1.6275351220621885,1.6275351220621885,500,0.802495,0,0,1,0
2081,0.0,2.099069768871323,2.099069768871323,500,0.8024,0,0,1,0
2082,0.0,2.1088062259813634,2.1088062259813634,500,0.802305,0,0,1,0
2083,0.0,2.0424336351879027,2.0424336351879027,500,0.80221,0,0,1,0
2084,0.0,1.9911950792617896,1.9911950792617896,500,0.802115,0,0,1,0
2085,0.0,2.111242049313429,2.111242049313429,500,0.80202,0,0,1,0
2086,0.0,2.07311000378844,2.07311000378844,500,0.801925,0,0,1,0
2087,0.0,2.2406897682190863,2.2406897682190863,500,0.80183,0,0,1,0
2088,0.0,1.3784691997599876,1.3784691997599876,500,0.801735,0,0,1,0
2089,0.0,2.4427662300309705,2.4427662300309705,500,0.80164,0,0,1,0
2090,0.0,2.161863611499403,2.161863611499403,500,0.801545,0,0,1,0
2091,0.0,2.0275665605830495,2.0275665605830495,500,0.80145,0,0,1,0
2092,0.0,2.3747323015660537,2.3747323015660537,500,0.801355,0,0,1,0
2093,1.0,3.63879167334773,2.6387916733477295,500,0.80126,0,0,1,0
2094,0.0,1.9580218285224413,1.9580218285224413,500,0.801165,0,0,1,0
2095,0.0,1.612950874981983,1.612950874981983,500,0.80107,0,0,1,0
2096,0.0,1.8601245512493039,1.8601245512493039,500,0.800975,0,0,1,0
2097,0.0,2.0715644622618017,2.0715644622618017,500,0.80088,0,0,1,0
2098,0.0,2.2231162556984927,2.2231162556984927,500,0.8007850000000001,0,0,1,0
2099,0.0,2.337590237600631,2.337590237600631,500,0.80069,0,0,1,0
2100,0.0,2.2475532276407826,2.2475532276407826,500,0.800595,0,0,1,0
2101,0.0,2.3153472962283788,2.3153472962283788,500,0.8005,0,0,1,0
2102,0.0,2.066429842857021,2.066429842857021,500,0.800405,0,0,1,0
2103,0.0,1.9741637864997756,1.9741637864997756,500,0.8003100000000001,0,0,1,0
2104,0.0,1.7929624522226646,1.7929624522226646,500,0.800215,0,0,1,0
2105,0.0,1.647800083457632,1.647800083457632,500,0.8001199999999999,0,0,1,0
2106,0.0,2.121233583874098,2.121233583874098,500,0.800025,0,0,1,0
2107,0.0,2.336302640396496,2.336302640396496,500,0.79993,0,0,1,0
2108,0.0,1.9376747307138054,1.9376747307138054,500,0.7998350000000001,0,0,1,0
2109,0.0,1.5491512208251599,1.5491512208251599,500,0.79974,0,0,1,0
2110,0.0,1.889485843760845,1.889485843760845,500,0.7996449999999999,0,0,1,0
2111,0.0,2.3122972245842046,2.3122972245842046,500,0.79955,0,0,1,0
2112,0.0,2.1055152705415323,2.1055152705415323,500,0.799455,0,0,1,0
2113,0.0,2.1558326266329146,2.1558326266329146,500,0.7993600000000001,0,0,1,0
2114,0.0,2.3522571031012327,2.3522571031012327,500,0.799265,0,0,1,0
2115,0.0,2.347044251812003,2.347044251812003,500,0.7991699999999999,0,0,1,0
2116,0.0,1.715084298262746,1.715084298262746,500,0.799075,0,0,1,0
2117,0.0,1.9195247452055624,1.9195247452055624,500,0.79898,0,0,1,0
2118,0.0,2.3069287124872013,2.3069287124872013,500,0.7988850000000001,0,0,1,0
2119,0.0,2.2342105717168246,2.2342105717168246,500,0.79879,0,0,1,0
2120,0.0,2.278314592393571,2.278314592393571,500,0.798695,0,0,1,0
2121,0.0,2.2609008329044715,2.2609008329044715,500,0.7986,0,0,1,0
2122,0.0,2.046911988765246,2.046911988765246,500,0.798505,0,0,1,0
2123,0.0,1.477688079262207,1.477688079262207,500,0.7984100000000001,0,0,1,0
2124,0.0,1.9880973212892084,1.9880973212892084,500,0.798315,0,0,1,0
2125,0.0,2.0708599961803023,2.0708599961803023,500,0.79822,0,0,1,0
2126,0.0,2.2572730960713905,2.2572730960713905,500,0.798125,0,0,1,0
2127,0.0,1.8712222419588975,1.8712222419588975,500,0.79803,0,0,1,0
2128,0.0,2.2257615866239924,2.2257615866239924,500,0.7979350000000001,0,0,1,0
2129,0.0,2.0698419737102554,2.0698419737102554,500,0.79784,0,0,1,0
2130,1.0,3.460440034941244,2.4604400349412434,500,0.797745,0,0,1,0
2131,0.0,2.460556694517046,2.460556694517046,500,0.79765,0,0,1,0
2132,0.0,2.160117613168287,2.160117613168287,500,0.797555,0,0,1,0
2133,1.0,3.5814825885424235,2.5814825885424257,500,0.7974600000000001,0,0,1,0
2134,0.0,2.158994555262561,2.158994555262561,500,0.797365,0,0,1,0
2135,0.0,2.1556863344840407,2.1556863344840407,500,0.79727,0,0,1,0
2136,0.0,2.0525360310772918,2.0525360310772918,500,0.797175,0,0,1,0
2137,1.0,3.5381864401782552,2.538186440178255,500,0.79708,0,0,1,0
2138,0.0,1.915355022825171,1.915355022825171,500,0.796985,0,0,1,0
2139,0.0,1.8520955191393926,1.8520955191393926,500,0.79689,0,0,1,0
2140,0.0,1.6894682268930548,1.6894682268930548,500,0.796795,0,0,1,0
2141,0.0,1.952595920293133,1.952595920293133,500,0.7967,0,0,1,0
2142,0.0,2.184183033113033,2.184183033113033,500,0.796605,0,0,1,0
2143,0.0,1.8183371551686354,1.8183371551686354,500,0.79651,0,0,1,0
2144,0.0,2.140649766559199,2.140649766559199,500,0.796415,0,0,1,0
2145,0.0,2.1320029558649827,2.1320029558649827,500,0.79632,0,0,1,0
2146,0.0,2.184089800582809,2.184089800582809,500,0.796225,0,0,1,0
2147,0.0,2.120063079893312,2.120063079893312,500,0.79613,0,0,1,0
2148,0.0,1.991067807579941,1.991067807579941,500,0.796035,0,0,1,0
2149,0.0,1.8867177368395973,1.8867177368395973,500,0.79594,0,0,1,0
2150,0.0,1.9627885605431428,1.9627885605431428,500,0.795845,0,0,1,0
2151,0.0,1.82632447357679,1.82632447357679,500,0.79575,0,0,1,0
2152,0.0,1.5399437730211691,1.5399437730211691,500,0.795655,0,0,1,0
2153,0.0,1.8300081340515097,1.8300081340515097,500,0.79556,0,0,1,0
2154,0.0,1.5462860429447656,1.5462860429447656,500,0.795465,0,0,1,0
2155,1.0,3.745360039969448,2.7453600399694476,500,0.79537,0,0,1,0
2156,0.0,2.214430101531776,2.214430101531776,500,0.795275,0,0,1,0
2157,0.0,2.0746260535710723,2.0746260535710723,500,0.79518,0,0,1,0
2158,0.0,1.8746489038148495,1.8746489038148495,500,0.795085,0,0,1,0
2159,0.0,1.8926842191498485,1.8926842191498485,500,0.7949900000000001,0,0,1,0
2160,0.0,1.7439645273439164,1.7439645273439164,500,0.794895,0,0,1,0
2161,0.0,1.6058600652918116,1.6058600652918116,500,0.7948,0,0,1,0
2162,0.0,1.9882074237205516,1.9882074237205516,500,0.794705,0,0,1,0
2163,1.0,3.4933852084902126,2.4933852084902126,500,0.79461,0,0,1,0
2164,0.0,1.9565468010971834,1.9565468010971834,500,0.7945150000000001,0,0,1,0
2165,0.0,1.7355096186686318,1.7355096186686318,500,0.79442,0,0,1,0
2166,0.0,1.8694649475928422,1.8694649475928422,500,0.794325,0,0,1,0
2167,0.0,2.244284420731873,2.244284420731873,500,0.79423,0,0,1,0
2168,1.0,3.3929875243517853,2.392987524351789,500,0.794135,0,0,1,0
2169,0.0,1.610605267662638,1.610605267662638,500,0.7940400000000001,0,0,1,0
2170,0.0,2.040603806307735,2.040603806307735,500,0.793945,0,0,1,0
2171,0.0,1.7837485980315317,1.7837485980315317,500,0.79385,0,0,1,0
2172,1.0,3.5358836128082274,2.535883612808227,500,0.793755,0,0,1,0
2173,0.0,1.7307615720039558,1.7307615720039558,500,0.79366,0,0,1,0
2174,1.0,3.447393726270699,2.447393726270699,500,0.7935650000000001,0,0,1,0
2175,1.0,3.2389017093821693,2.2389017093821724,500,0.79347,0,0,1,0
2176,1.0,3.6142661424410405,2.6142661424410405,500,0.7933749999999999,0,0,1,0
2177,1.0,3.572208066116206,2.5722080661162083,500,0.79328,0,0,1,0
2178,1.0,3.2271039040924854,2.227103904092491,500,0.793185,0,0,1,0
2179,1.0,3.4043033729031467,2.4043033729031533,500,0.7930900000000001,0,0,1,0
2180,1.0,3.586387960843838,2.5863879608438407,500,0.792995,0,0,1,0
2181,1.0,3.528811737612433,2.528811737612438,500,0.7929,0,0,1,0
2182,1.0,3.605177338310204,2.605177338310204,500,0.792805,0,0,1,0
2183,1.0,3.6191793475610874,2.6191793475610874,500,0.79271,0,0,1,0
2184,1.0,3.563708473271119,2.5637084732711184,500,0.7926150000000001,0,0,1,0
2185,1.0,3.5428117219009696,2.542811721900969,500,0.79252,0,0,1,0
2186,1.0,3.4118522047210287,2.4118522047210336,500,0.792425,0,0,1,0
2187,1.0,3.6192657016197844,2.6192657016197844,500,0.79233,0,0,1,0
2188,0.0,2.4277281917723883,2.4277281917723883,500,0.792235,0,0,1,0
2189,1.0,3.4408502442733884,2.440850244273394,500,0.7921400000000001,0,0,1,0
2190,1.0,3.596698672473461,2.5966986724734604,500,0.792045,0,0,1,0
2191,1.0,3.7652526279972274,2.7652526279972287,500,0.79195,0,0,1,0
2192,1.0,3.444543497205659,2.4445434972056646,500,0.791855,0,0,1,0
2193,1.0,3.607818404513958,2.607818404513958,500,0.79176,0,0,1,0
2194,1.0,3.5583688777191167,2.5583688777191167,500,0.7916650000000001,0,0,1,0
2195,1.0,3.352803716085729,2.352803716085735,500,0.79157,0,0,1,0
2196,1.0,3.512956763586777,2.5129567635867787,500,0.791475,0,0,1,0
2197,1.0,3.5485979344618914,2.548597934461891,500,0.79138,0,0,1,0
2198,1.0,3.546138547940097,2.5461385479400964,500,0.791285,0,0,1,0
2199,1.0,3.4956546767485217,2.4956546767485266,500,0.7911900000000001,0,0,1,0
2200,1.0,3.295601550295908,2.2956015502959164,500,0.791095,0,0,1,0
2201,1.0,3.721803712669569,2.7218037126695687,500,0.791,0,0,1,0
2202,1.0,3.5325499437057792,2.5325499437057823,500,0.790905,0,0,1,0
2203,1.0,3.48830398272753,2.4883039827275333,500,0.79081,0,0,1,0
2204,1.0,3.7293244453888867,2.729324445388895,500,0.7907150000000001,0,0,1,0
2205,1.0,3.420339486897741,2.4203394868977472,500,0.79062,0,0,1,0
2206,1.0,3.419207072943331,2.419207072943336,500,0.790525,0,0,1,0
2207,1.0,3.530598938255208,2.530598938255209,500,0.79043,0,0,1,0
2208,1.0,3.702562350575271,2.702562350575271,500,0.790335,0,0,1,0
2209,1.0,3.6408617314126763,2.6408617314126763,500,0.79024,0,0,1,0
2210,1.0,3.649209712441541,2.649209712441541,500,0.790145,0,0,1,0
2211,1.0,3.5598468014436664,2.5598468014436664,500,0.79005,0,0,1,0
2212,1.0,3.5257188215613144,2.5257188215613198,500,0.789955,0,0,1,0
2213,1.0,3.6492698171366906,2.649269817136694,500,0.78986,0,0,1,0
2214,1.0,3.4859411606654187,2.485941160665422,500,0.789765,0,0,1,0
2215,1.0,3.4805057702873365,2.480505770287342,500,0.78967,0,0,1,0
2216,1.0,3.6235877996043206,2.62358779960432,500,0.789575,0,0,1,0
2217,1.0,3.560896825946317,2.5608968259463225,500,0.78948,0,0,1,0
2218,1.0,3.408357085338171,2.4083570853381775,500,0.789385,0,0,1,0
2219,1.0,3.4889479125810627,2.488947912581067,500,0.78929,0,0,1,0
2220,1.0,3.711986128958279,2.711986128958279,500,0.7891950000000001,0,0,1,0
2221,1.0,3.521393652502752,2.521393652502758,500,0.7891,0,0,1,0
2222,1.0,3.5044265435966637,2.504426543596666,500,0.789005,0,0,1,0
2223,1.0,3.4330589485463174,2.4330589485463276,500,0.78891,0,0,1,0
2224,1.0,3.4921182625501053,2.492118262550112,500,0.788815,0,0,1,0
2225,1.0,3.6004456064795263,2.6004456064795263,500,0.7887200000000001,0,0,1,0
2226,1.0,3.659694536737669,2.6596945367376685,500,0.788625,0,0,1,0
2227,1.0,3.4131162653423956,2.4131162653424014,500,0.78853,0,0,1,0
2228,1.0,3.575600275974969,2.5756002759749754,500,0.788435,0,0,1,0
2229,1.0,3.53836592931788,2.5383659293178833,500,0.78834,0,0,1,0
2230,1.0,3.6220328078892057,2.622032807889212,500,0.7882450000000001,0,0,1,0
2231,1.0,3.670814945767422,2.670814945767426,500,0.78815,0,0,1,0
2232,1.0,3.5738112536453728,2.573811253645378,500,0.788055,0,0,1,0
2233,1.0,3.4256254138827065,2.425625413882711,500,0.78796,0,0,1,0
2234,1.0,3.580294337839119,2.5802943378391254,500,0.787865,0,0,1,0
2235,1.0,3.593806519916157,2.593806519916163,500,0.7877700000000001,0,0,1,0
2236,1.0,3.6290418501289285,2.62904185012893,500,0.787675,0,0,1,0
2237,1.0,3.5487431482550638,2.5487431482550686,500,0.7875800000000001,0,0,1,0
2238,1.0,3.593607320249735,2.5936073202497383,500,0.787485,0,0,1,0
2239,1.0,3.5538258700800647,2.5538258700800713,500,0.78739,0,0,1,0
2240,1.0,3.645705587593398,2.6457055875933984,500,0.7872950000000001,0,0,1,0
2241,1.0,3.5967193225161624,2.596719322516165,500,0.7872,0,0,1,0
2242,1.0,3.5496373148228235,2.549637314822832,500,0.787105,0,0,1,0
2243,1.0,3.44857156025036,2.4485715602503637,500,0.78701,0,0,1,0
2244,1.0,3.392461761302792,2.3924617613027976,500,0.786915,0,0,1,0
2245,3.0,5.524045941057887,2.524045941057894,445,0.7868200000000001,1,0,0,0
2246,1.0,3.4792359174050493,2.4792359174050542,500,0.786725,0,0,1,0
2247,1.0,3.6645727446346563,2.6645727446346603,500,0.78663,0,0,1,0
2248,1.0,3.23102342768545,2.2310234276854497,500,0.786535,0,0,1,0
2249,1.0,3.5976111565112303,2.59761115651123,500,0.78644,0,0,1,0
2250,0.0,1.3255997948424922,1.3255997948424922,500,0.7863450000000001,0,0,1,0
2251,1.0,3.728816217248543,2.7288162172485424,500,0.78625,0,0,1,0
2252,1.0,3.4939961241157,2.4939961241157067,500,0.786155,0,0,1,0
2253,1.0,3.37294932065328,2.3729493206532855,500,0.78606,0,0,1,0
2254,1.0,3.5668348799100693,2.566834879910075,500,0.785965,0,0,1,0
2255,1.0,3.633969372882103,2.6339693728821083,500,0.7858700000000001,0,0,1,0
2256,1.0,3.7219586069302393,2.7219586069302393,500,0.785775,0,0,1,0
2257,1.0,3.713930025050213,2.713930025050213,500,0.78568,0,0,1,0
2258,1.0,3.535861049418765,2.5358610494187688,500,0.785585,0,0,1,0
2259,1.0,3.6286460967951557,2.6286460967951553,500,0.78549,0,0,1,0
2260,1.0,3.5931288149802665,2.593128814980271,500,0.7853950000000001,0,0,1,0
2261,1.0,3.4295711327972502,2.429571132797259,500,0.7853,0,0,1,0
2262,1.0,3.534771285593232,2.534771285593236,500,0.785205,0,0,1,0
2263,1.0,3.651575421449699,2.6515754214497047,500,0.78511,0,0,1,0
2264,1.0,3.618615731373852,2.618615731373856,500,0.785015,0,0,1,0
2265,1.0,3.484663714526684,2.48466371452669,500,0.7849200000000001,0,0,1,0
2266,1.0,3.536495146083317,2.536495146083323,500,0.784825,0,0,1,0
2267,1.0,3.5351759691506888,2.5351759691506945,500,0.78473,0,0,1,0
2268,1.0,3.4082667408969693,2.4082667408969733,500,0.784635,0,0,1,0
2269,1.0,3.71065947063226,2.7106594706322644,500,0.78454,0,0,1,0
2270,1.0,3.5763358129456764,2.5763358129456764,500,0.7844450000000001,0,0,1,0
2271,1.0,3.704311521550352,2.7043115215503546,500,0.78435,0,0,1,0
2272,1.0,3.8041171825792244,2.8041171825792244,500,0.784255,0,0,1,0
2273,1.0,3.6323078281322037,2.6323078281322037,500,0.78416,0,0,1,0
2274,1.0,3.6429472112642736,2.642947211264277,500,0.784065,0,0,1,0
2275,1.0,3.688984277782441,2.6889842777824406,500,0.7839700000000001,0,0,1,0
2276,1.0,3.7863248255815076,2.7863248255815094,500,0.783875,0,0,1,0
2277,1.0,3.5157454834287725,2.5157454834287782,500,0.78378,0,0,1,0
2278,1.0,3.4741995387327647,2.474199538732772,500,0.783685,0,0,1,0
2279,1.0,3.466243474756367,2.466243474756373,500,0.78359,0,0,1,0
2280,1.0,3.519927278088032,2.519927278088035,500,0.783495,0,0,1,0
2281,1.0,3.5980402343174362,2.5980402343174402,500,0.7834,0,0,1,0
2282,1.0,3.6330601320976696,2.6330601320976723,500,0.783305,0,0,1,0
2283,1.0,3.695317546833647,2.6953175468336465,500,0.78321,0,0,1,0
2284,1.0,3.538524781166107,2.538524781166113,500,0.783115,0,0,1,0
2285,1.0,3.4584371333069805,2.4584371333069885,500,0.78302,0,0,1,0
2286,1.0,3.6001185766235984,2.600118576623601,500,0.782925,0,0,1,0
2287,1.0,3.6766502627826925,2.676650262782696,500,0.78283,0,0,1,0
2288,1.0,3.6334378314744327,2.633437831474435,500,0.782735,0,0,1,0
2289,1.0,3.72177333198031,2.7217733319803123,500,0.78264,0,0,1,0
2290,3.0,5.62893340384003,2.628933403840037,454,0.782545,1,0,0,0
2291,3.0,4.777853251588974,1.7778532515889856,265,0.78245,1,0,0,0
2292,1.0,3.481868204353587,2.481868204353596,500,0.782355,0,0,1,0
2293,1.0,3.6502157662895454,2.6502157662895507,500,0.78226,0,0,1,0
2294,1.0,3.507065918419932,2.5070659184199386,500,0.782165,0,0,1,0
2295,1.0,3.6520475494060833,2.6520475494060864,500,0.78207,0,0,1,0
2296,1.0,3.542579621705649,2.542579621705654,500,0.781975,0,0,1,0
2297,1.0,3.7521703342393224,2.7521703342393273,500,0.78188,0,0,1,0
2298,1.0,3.3879428395863393,2.38794283958635,500,0.7817850000000001,0,0,1,0
2299,1.0,3.653150869425382,2.653150869425388,500,0.78169,0,0,1,0
2300,1.0,3.523129688165133,2.5231296881651417,500,0.781595,0,0,1,0
2301,1.0,3.4344726922966444,2.434472692296653,500,0.7815,0,0,1,0
2302,1.0,3.479248779105613,2.479248779105621,500,0.781405,0,0,1,0
2303,1.0,3.6046136318773785,2.604613631877391,500,0.7813100000000001,0,0,1,0
2304,1.0,3.5426458178652833,2.5426458178652873,500,0.781215,0,0,1,0
2305,3.0,5.710443733039734,2.7104437330397406,497,0.78112,1,0,0,0
2306,1.0,3.6745470080472544,2.674547008047259,500,0.781025,0,0,1,0
2307,1.0,3.8114774707822234,2.8114774707822234,500,0.78093,0,0,1,0
2308,1.0,3.7193260708146862,2.719326070814688,500,0.7808350000000001,0,0,1,0
2309,1.0,3.708810158735887,2.7088101587358913,500,0.78074,0,0,1,0
2310,1.0,3.733540511372677,2.733540511372679,500,0.780645,0,0,1,0
2311,1.0,3.6875819085141934,2.687581908514195,500,0.78055,0,0,1,0
2312,3.0,5.5372477100234985,2.537247710023504,431,0.780455,1,0,0,0
2313,1.0,3.752272287055528,2.752272287055531,500,0.78036,0,0,1,0
2314,1.0,3.7640901649751672,2.7640901649751672,500,0.780265,0,0,1,0
2315,3.0,5.532053868132583,2.5320538681325857,413,0.78017,1,0,0,0
2316,1.0,3.7293268063293468,2.7293268063293463,500,0.780075,0,0,1,0
2317,3.0,5.195076557631554,2.1950765576315634,384,0.77998,1,0,0,0
2318,3.0,5.4455229552298245,2.445522955229828,403,0.779885,1,0,0,0
2319,1.0,3.5357660829618904,2.535766082961896,500,0.77979,0,0,1,0
2320,1.0,3.728673684599182,2.728673684599184,500,0.779695,0,0,1,0
2321,1.0,3.4744107346265776,2.4744107346265825,500,0.7796,0,0,1,0
2322,1.0,3.7307858884533687,2.73078588845337,500,0.779505,0,0,1,0
2323,3.0,5.521439795195688,2.5214397951956933,447,0.77941,1,0,0,0
2324,3.0,5.422956569385516,2.4229565693855224,390,0.779315,1,0,0,0
2325,3.0,5.191116131029017,2.191116131029024,351,0.77922,1,0,0,0
2326,3.0,5.2020449716387125,2.2020449716387214,363,0.7791250000000001,1,0,0,0
2327,3.0,5.635399461310952,2.635399461310952,441,0.77903,1,0,0,0
2328,3.0,4.902513207175527,1.9025132071755375,282,0.778935,1,0,0,0
2329,3.0,5.511841568788544,2.511841568788544,445,0.77884,1,0,0,0
2330,3.0,5.668846820876621,2.668846820876627,500,0.778745,1,0,0,0
2331,1.0,3.5068443113592003,2.5068443113592056,500,0.7786500000000001,0,0,1,0
2332,1.0,3.5578262758943264,2.5578262758943295,500,0.778555,0,0,1,0
2333,1.0,3.4729355345093307,2.4729355345093307,500,0.77846,0,0,1,0
2334,1.0,3.6449688870893917,2.6449688870893913,500,0.778365,0,0,1,0
2335,3.0,5.653825894775483,2.653825894775485,455,0.77827,1,0,0,0
2336,3.0,5.386582702042126,2.386582702042134,385,0.7781750000000001,1,0,0,0
2337,1.0,3.636128677864658,2.6361286778646624,500,0.77808,0,0,1,0
2338,1.0,3.4867950603543116,2.486795060354311,500,0.777985,0,0,1,0
2339,3.0,5.373498788824417,2.3734987888244214,402,0.77789,1,0,0,0
2340,3.0,5.242685835307601,2.2426858353076087,356,0.777795,1,0,0,0
2341,3.0,5.447181223066872,2.4471812230668766,393,0.7777000000000001,1,0,0,0
2342,3.0,4.946553090661107,1.9465530906611206,290,0.777605,1,0,0,0
2343,3.0,5.31036518100022,2.310365181000227,364,0.77751,1,0,0,0
2344,3.0,5.764781979597844,2.7647819795978434,494,0.777415,1,0,0,0
2345,1.0,3.7696615031152816,2.7696615031152816,500,0.77732,0,0,1,0
2346,3.0,5.279289761291704,2.2792897612917127,363,0.777225,1,0,0,0
2347,3.0,5.382905137899747,2.38290513789975,392,0.77713,1,0,0,0
2348,3.0,5.651874021343001,2.651874021343004,457,0.777035,1,0,0,0
2349,3.0,5.517773491283874,2.517773491283879,441,0.77694,1,0,0,0
2350,3.0,4.958738249025265,1.9587382490252772,298,0.776845,1,0,0,0
2351,3.0,5.396881529031201,2.3968815290312073,377,0.77675,1,0,0,0
2352,3.0,5.040549473766321,2.04054947376633,320,0.776655,1,0,0,0
2353,3.0,5.630663900805249,2.6306639008052533,455,0.77656,1,0,0,0
2354,3.0,5.1674587906469895,2.1674587906469953,360,0.776465,1,0,0,0
2355,3.0,5.685121136541309,2.685121136541309,498,0.77637,1,0,0,0
2356,3.0,5.079675648099755,2.079675648099765,339,0.776275,1,0,0,0
2357,3.0,5.60434533943744,2.6043453394374403,454,0.77618,1,0,0,0
2358,3.0,5.119902282213153,2.119902282213163,324,0.776085,1,0,0,0
2359,3.0,4.797230575503759,1.7972305755037725,260,0.77599,1,0,0,0
2360,3.0,5.159596224784371,2.1595962247843796,333,0.775895,1,0,0,0
2361,3.0,5.109980735992097,2.109980735992105,329,0.7758,1,0,0,0
2362,3.0,5.365950991947339,2.365950991947346,397,0.775705,1,0,0,0
2363,3.0,5.093657397768421,2.093657397768429,327,0.77561,1,0,0,0
2364,3.0,5.1908100229961835,2.1908100229961933,340,0.775515,1,0,0,0
2365,3.0,5.39355082640243,2.3935508264024348,432,0.77542,1,0,0,0
2366,3.0,5.41322720915419,2.413227209154192,407,0.775325,1,0,0,0
2367,3.0,5.458904894344164,2.458904894344164,410,0.77523,1,0,0,0
2368,3.0,5.326590467598717,2.3265904675987223,384,0.775135,1,0,0,0
2369,3.0,4.833527042016581,1.8335270420165903,263,0.77504,1,0,0,0
2370,3.0,5.3504076790793125,2.350407679079322,379,0.774945,1,0,0,0
2371,3.0,5.12588420393344,2.125884203933447,332,0.77485,1,0,0,0
2372,3.0,5.288118727381004,2.2881187273810117,358,0.774755,1,0,0,0
2373,3.0,5.036655526426864,2.036655526426875,309,0.77466,1,0,0,0
2374,3.0,5.495614807381093,2.4956148073810973,409,0.774565,1,0,0,0
2375,3.0,5.229021981876173,2.2290219818761803,345,0.77447,1,0,0,0
2376,3.0,5.10575318034338,2.105753180343386,344,0.774375,1,0,0,0
2377,3.0,5.284103060024066,2.2841030600240697,362,0.77428,1,0,0,0
2378,3.0,5.2677696170960004,2.267769617096007,364,0.774185,1,0,0,0
2379,3.0,5.263007820479608,2.2630078204796136,358,0.77409,1,0,0,0
2380,3.0,5.402293495756007,2.4022934957560076,404,0.773995,1,0,0,0
2381,3.0,4.953050486849636,1.9530504868496485,296,0.7739,1,0,0,0
2382,3.0,5.070839128045416,2.0708391280454275,325,0.773805,1,0,0,0
2383,3.0,5.791866336026868,2.791866336026868,486,0.77371,1,0,0,0
2384,3.0,4.999143291791592,1.9991432917916068,296,0.7736149999999999,1,0,0,0
2385,3.0,5.253642257438532,2.2536422574385386,383,0.77352,1,0,0,0
2386,3.0,5.157438321774075,2.157438321774081,327,0.773425,1,0,0,0
2387,3.0,5.062481909912904,2.062481909912913,310,0.7733300000000001,1,0,0,0
2388,3.0,5.304897863937165,2.304897863937169,366,0.773235,1,0,0,0
2389,3.0,5.527498987283439,2.5274989872834412,418,0.7731399999999999,1,0,0,0
2390,3.0,5.236820979271712,2.2368209792717195,347,0.773045,1,0,0,0
2391,3.0,5.151842387475122,2.1518423874751327,362,0.77295,1,0,0,0
2392,3.0,5.117027061957239,2.117027061957248,324,0.7728550000000001,1,0,0,0
2393,3.0,5.339258919156672,2.339258919156677,368,0.77276,1,0,0,0
2394,3.0,5.181343463507137,2.1813434635071456,350,0.7726649999999999,1,0,0,0
2395,3.0,5.122374170635524,2.1223741706355326,336,0.77257,1,0,0,0
2396,3.0,5.235202423403936,2.235202423403942,355,0.772475,1,0,0,0
2397,3.0,5.099397239996719,2.0993972399967324,339,0.7723800000000001,1,0,0,0
2398,3.0,5.23246869785724,2.23246869785725,354,0.772285,1,0,0,0
2399,3.0,5.3586997793849065,2.358699779384908,391,0.7721899999999999,1,0,0,0
2400,3.0,4.8788130957585265,1.8788130957585372,274,0.772095,1,0,0,0
2401,3.0,5.268478413518748,2.2684784135187552,357,0.772,1,0,0,0
2402,3.0,5.1653115292212135,2.1653115292212175,336,0.7719050000000001,1,0,0,0
2403,3.0,4.699428978539636,1.699428978539647,232,0.77181,1,0,0,0
2404,3.0,5.20675696011063,2.206756960110639,342,0.7717149999999999,1,0,0,0
2405,3.0,5.168353843639061,2.1683538436390686,332,0.77162,1,0,0,0
2406,3.0,4.808527522104686,1.8085275221046988,252,0.771525,1,0,0,0
2407,3.0,5.411547830589985,2.411547830589989,397,0.7714300000000001,1,0,0,0
2408,3.0,4.871360631901092,1.8713606319011025,271,0.771335,1,0,0,0
2409,3.0,5.612843803528573,2.6128438035285733,479,0.77124,1,0,0,0
2410,3.0,5.249932287796472,2.2499322877964776,360,0.771145,1,0,0,0
2411,3.0,5.431733877130637,2.4317338771306414,398,0.77105,1,0,0,0
2412,3.0,5.088062893109695,2.088062893109707,318,0.7709550000000001,1,0,0,0
2413,3.0,5.525214578145727,2.5252145781457296,437,0.77086,1,0,0,0
2414,3.0,5.008736087992533,2.0087360879925433,305,0.770765,1,0,0,0
2415,3.0,4.988414232910827,1.9884142329108385,299,0.77067,1,0,0,0
2416,3.0,5.292367336062031,2.2923673360620356,388,0.770575,1,0,0,0
2417,3.0,5.065301035510185,2.0653010355101937,330,0.77048,1,0,0,0
2418,3.0,5.259814090162726,2.259814090162733,360,0.770385,1,0,0,0
2419,3.0,5.181077940532635,2.1810779405326435,336,0.77029,1,0,0,0
2420,3.0,5.292048247540661,2.292048247540668,381,0.770195,1,0,0,0
2421,3.0,4.985133526381093,1.9851335263811045,298,0.7701,1,0,0,0
2422,3.0,5.514489304858676,2.514489304858677,413,0.770005,1,0,0,0
2423,3.0,5.057529920150383,2.0575299201503943,314,0.76991,1,0,0,0
2424,3.0,5.041941503008278,2.0419415030082884,315,0.769815,1,0,0,0
2425,3.0,5.471572455760519,2.471572455760526,397,0.76972,1,0,0,0
2426,3.0,5.280894333734976,2.2808943337349787,361,0.769625,1,0,0,0
2427,3.0,5.0937841584328805,2.0937841584328916,307,0.76953,1,0,0,0
2428,3.0,5.747917765652328,2.7479177656523297,466,0.769435,1,0,0,0
2429,3.0,4.951155492904247,1.9511554929042576,285,0.76934,1,0,0,0
2430,3.0,5.320415811831655,2.320415811831664,368,0.769245,1,0,0,0
2431,3.0,5.262531511794261,2.262531511794267,378,0.76915,1,0,0,0
2432,3.0,5.433346630869803,2.4333466308698077,405,0.769055,1,0,0,0
2433,3.0,5.133605641339804,2.133605641339812,334,0.76896,1,0,0,0
2434,3.0,4.847962348457255,1.8479623484572698,263,0.768865,1,0,0,0
2435,3.0,4.962021570849109,1.9620215708491215,292,0.76877,1,0,0,0
2436,3.0,5.482096991075073,2.482096991075078,392,0.768675,1,0,0,0
2437,3.0,5.055283130826549,2.05528313082656,316,0.76858,1,0,0,0
2438,3.0,5.0068049046219905,2.0068049046220016,295,0.768485,1,0,0,0
2439,3.0,5.452247286373771,2.4522472863737748,419,0.76839,1,0,0,0
2440,3.0,4.849930361721319,1.8499303617213299,266,0.768295,1,0,0,0
2441,3.0,5.199293464112207,2.199293464112215,357,0.7682,1,0,0,0
2442,3.0,4.943280054438926,1.9432800544389401,282,0.768105,1,0,0,0
2443,3.0,5.407663207190987,2.4076632071909905,414,0.76801,1,0,0,0
2444,3.0,5.0127994062861685,2.0127994062861783,350,0.767915,1,0,0,0
2445,3.0,5.410834165890237,2.410834165890244,402,0.76782,1,0,0,0
2446,3.0,5.420532205573821,2.420532205573822,387,0.767725,1,0,0,0
2447,3.0,5.479512097186872,2.4795120971868734,423,0.76763,1,0,0,0
2448,3.0,5.052518220493827,2.052518220493837,337,0.7675350000000001,1,0,0,0
2449,3.0,5.027920309233928,2.02792030923394,305,0.76744,1,0,0,0
2450,3.0,5.355813504178149,2.355813504178156,380,0.7673449999999999,1,0,0,0
2451,3.0,5.36987880796169,2.369878807961695,368,0.76725,1,0,0,0
2452,3.0,4.891583114012805,1.8915831140128156,270,0.767155,1,0,0,0
2453,3.0,4.953446739121852,1.953446739121862,288,0.7670600000000001,1,0,0,0
2454,3.0,4.9840168090251415,1.9840168090251507,295,0.766965,1,0,0,0
2455,3.0,5.186669126395614,2.1866691263956244,354,0.7668699999999999,1,0,0,0
2456,3.0,5.218544848143276,2.2185448481432846,371,0.766775,1,0,0,0
2457,3.0,5.307592059203725,2.307592059203729,354,0.76668,1,0,0,0
2458,3.0,5.590101193872057,2.590101193872056,427,0.7665850000000001,1,0,0,0
2459,3.0,5.317824260608377,2.31782426060838,377,0.76649,1,0,0,0
2460,3.0,5.14272607113727,2.1427260711372806,333,0.7663949999999999,1,0,0,0
2461,3.0,4.925184483455732,1.9251844834557412,288,0.7663,1,0,0,0
2462,3.0,4.8512112330741495,1.8512112330741617,271,0.766205,1,0,0,0
2463,3.0,4.7573330541539,1.7573330541539094,239,0.7661100000000001,1,0,0,0
2464,3.0,5.29949364852173,2.2994936485217323,377,0.766015,1,0,0,0
2465,3.0,4.9216116782783494,1.9216116782783605,284,0.7659199999999999,1,0,0,0
2466,3.0,5.42476330254418,2.424763302544185,402,0.765825,1,0,0,0
2467,3.0,5.205296355860105,2.2052963558601077,369,0.76573,1,0,0,0
2468,3.0,4.957350594600375,1.9573505946003849,311,0.7656350000000001,1,0,0,0
2469,3.0,5.601721865909743,2.601721865909744,439,0.76554,1,0,0,0
2470,3.0,5.19366290471438,2.1936629047143863,342,0.765445,1,0,0,0
2471,1.0,3.849483583312506,2.849483583312509,500,0.76535,0,0,1,0
2472,3.0,4.997749751818862,1.9977497518188745,301,0.765255,1,0,0,0
2473,3.0,5.29607259344347,2.296072593443477,355,0.7651600000000001,1,0,0,0
2474,3.0,4.829554596622609,1.8295545966226183,258,0.765065,1,0,0,0
2475,3.0,5.0387368998221405,2.038736899822152,312,0.76497,1,0,0,0
2476,3.0,5.559428622125381,2.559428622125381,431,0.764875,1,0,0,0
2477,3.0,5.444508096663137,2.444508096663137,401,0.76478,1,0,0,0
2478,3.0,5.051693623894867,2.0516936238948795,312,0.7646850000000001,1,0,0,0
2479,3.0,4.894928969797394,1.8949289697974057,275,0.76459,1,0,0,0
2480,3.0,5.306091273107871,2.3060912731078784,372,0.764495,1,0,0,0
2481,3.0,5.2651050419273435,2.265105041927349,354,0.7644,1,0,0,0
2482,3.0,5.170485782336664,2.170485782336672,339,0.764305,1,0,0,0
2483,3.0,5.179530270273865,2.1795302702738715,351,0.7642100000000001,1,0,0,0
2484,3.0,5.0780193965138025,2.078019396513813,320,0.764115,1,0,0,0
2485,3.0,5.423293632620737,2.423293632620739,401,0.76402,1,0,0,0
2486,3.0,5.253466117166575,2.2534661171665777,380,0.763925,1,0,0,0
2487,3.0,4.939538084385509,1.93953808438552,306,0.76383,1,0,0,0
2488,3.0,5.110394681426189,2.1103946814262007,320,0.763735,1,0,0,0
2489,3.0,5.761476555374911,2.7614765553749137,481,0.76364,1,0,0,0
2490,3.0,5.327594223173461,2.3275942231734637,384,0.763545,1,0,0,0
2491,3.0,5.022567378624832,2.022567378624842,316,0.76345,1,0,0,0
2492,3.0,5.421144376141303,2.4211443761413083,392,0.763355,1,0,0,0
2493,3.0,5.5817273017161835,2.5817273017161844,445,0.76326,1,0,0,0
2494,3.0,5.3648796951850155,2.3648796951850164,387,0.763165,1,0,0,0
2495,3.0,5.450598005981707,2.4505980059817096,410,0.76307,1,0,0,0
2496,3.0,5.470317752138559,2.4703177521385657,422,0.762975,1,0,0,0
2497,3.0,5.0121478717634975,2.012147871763508,300,0.76288,1,0,0,0
2498,3.0,5.1421711663878025,2.1421711663878154,333,0.762785,1,0,0,0
2499,3.0,5.256417956929859,2.256417956929867,377,0.76269,1,0,0,0
2500,3.0,5.439897922947183,2.4398979229471895,391,0.762595,1,0,0,0
2501,3.0,5.396288685698348,2.396288685698348,392,0.7625,1,0,0,0
2502,3.0,4.673965571031868,1.6739655710318784,238,0.762405,1,0,0,0
2503,3.0,4.623361944202037,1.6233619442020462,213,0.76231,1,0,0,0
2504,3.0,5.242716301510821,2.2427163015108276,347,0.762215,1,0,0,0
2505,3.0,4.8536950409129265,1.8536950409129367,278,0.76212,1,0,0,0
2506,3.0,5.3377427883550075,2.337742788355014,416,0.762025,1,0,0,0
2507,3.0,4.920323674040121,1.9203236740401302,284,0.76193,1,0,0,0
2508,3.0,5.159764173717096,2.1597641737171007,360,0.761835,1,0,0,0
2509,3.0,5.503253723608136,2.5032537236081374,408,0.76174,1,0,0,0
2510,3.0,5.060886449700236,2.0608864497002486,314,0.761645,1,0,0,0
2511,3.0,5.402628787584913,2.402628787584922,403,0.76155,1,0,0,0
2512,3.0,5.076754300777301,2.0767543007773126,326,0.761455,1,0,0,0
2513,3.0,4.882845003846782,1.8828450038467939,265,0.76136,1,0,0,0
2514,3.0,4.933519220081595,1.9335192200816083,282,0.761265,1,0,0,0
2515,3.0,4.772993103176573,1.772993103176584,248,0.76117,1,0,0,0
2516,3.0,4.907857060686032,1.9078570606860412,282,0.761075,1,0,0,0
2517,3.0,5.076693612730343,2.0766936127303515,308,0.76098,1,0,0,0
2518,3.0,5.246934155977399,2.2469341559774056,355,0.760885,1,0,0,0
2519,3.0,5.374305163628145,2.3743051636281503,402,0.76079,1,0,0,0
2520,3.0,5.146774716354826,2.146774716354834,346,0.760695,1,0,0,0
2521,3.0,5.485205234530913,2.4852052345309144,409,0.7605999999999999,1,0,0,0
2522,3.0,4.935487771917396,1.9354877719174088,282,0.760505,1,0,0,0
2523,3.0,5.309545915159327,2.309545915159332,378,0.76041,1,0,0,0
2524,3.0,5.6808113002142555,2.680811300214257,450,0.760315,1,0,0,0
2525,3.0,4.950224286849549,1.9502242868495607,291,0.76022,1,0,0,0
2526,3.0,5.317708444772327,2.317708444772329,388,0.760125,1,0,0,0
2527,3.0,4.987170862713803,1.9871708627138165,291,0.76003,1,0,0,0
2528,3.0,5.197883029174032,2.1978830291740423,355,0.759935,1,0,0,0
2529,3.0,5.333416694141047,2.333416694141047,378,0.75984,1,0,0,0
2530,3.0,5.127234152691464,2.127234152691472,335,0.759745,1,0,0,0
2531,3.0,5.413151999173457,2.413151999173457,405,0.75965,1,0,0,0
2532,3.0,4.989009619829332,1.9890096198293445,294,0.759555,1,0,0,0
2533,3.0,5.343598076175054,2.3435980761750588,389,0.75946,1,0,0,0
2534,3.0,5.156756708391269,2.156756708391275,337,0.759365,1,0,0,0
2535,3.0,5.121558244840238,2.1215582448402475,338,0.75927,1,0,0,0
2536,3.0,5.430420405937215,2.4304204059372205,394,0.759175,1,0,0,0
2537,3.0,5.188849713254247,2.1888497132542533,355,0.75908,1,0,0,0
2538,3.0,5.23368044541957,2.233680445419578,364,0.758985,1,0,0,0
2539,3.0,5.654932133530954,2.6549321335309597,474,0.75889,1,0,0,0
2540,3.0,4.727146301486892,1.727146301486902,242,0.758795,1,0,0,0
2541,3.0,5.029775704555261,2.0297757045552705,306,0.7587,1,0,0,0
2542,3.0,5.127029598847589,2.1270295988475953,335,0.758605,1,0,0,0
2543,3.0,5.287377946377445,2.287377946377454,383,0.75851,1,0,0,0
2544,3.0,4.7633430897094415,1.7633430897094517,247,0.758415,1,0,0,0
2545,3.0,5.36585968247478,2.365859682474787,380,0.75832,1,0,0,0
2546,3.0,5.005084570693054,2.0050845706930627,311,0.758225,1,0,0,0
2547,3.0,5.369324539102265,2.369324539102269,379,0.75813,1,0,0,0
2548,3.0,5.400231641069404,2.4002316410694085,395,0.758035,1,0,0,0
2549,3.0,5.1511883435196895,2.151188343519695,349,0.75794,1,0,0,0
2550,3.0,5.323302575004329,2.323302575004332,377,0.757845,1,0,0,0
2551,3.0,5.234060189838883,2.2340601898388868,360,0.75775,1,0,0,0
2552,3.0,5.308626653829418,2.308626653829426,371,0.757655,1,0,0,0
2553,3.0,5.084016941072598,2.0840169410726075,319,0.75756,1,0,0,0
2554,3.0,5.156497832693959,2.1564978326939683,319,0.757465,1,0,0,0
2555,3.0,5.546906548598214,2.5469065485982134,423,0.75737,1,0,0,0
2556,3.0,5.052520205251314,2.052520205251324,318,0.757275,1,0,0,0
2557,3.0,5.377073860276387,2.377073860276393,378,0.75718,1,0,0,0
2558,3.0,4.9273869627472955,1.9273869627473073,287,0.757085,1,0,0,0
2559,3.0,5.150339188366361,2.1503391883663676,333,0.75699,1,0,0,0
2560,3.0,5.570727887450625,2.570727887450625,466,0.756895,1,0,0,0
2561,3.0,4.9965576548064625,1.9965576548064752,290,0.7568,1,0,0,0
2562,3.0,5.095824842813329,2.0958248428133386,331,0.756705,1,0,0,0
2563,3.0,5.088428778786008,2.08842877878602,333,0.75661,1,0,0,0
2564,3.0,4.890415192767154,1.8904151927671657,286,0.756515,1,0,0,0
2565,3.0,5.196391113230803,2.1963911132308085,341,0.75642,1,0,0,0
2566,3.0,4.981521678295803,1.9815216782958138,301,0.756325,1,0,0,0
2567,3.0,5.215766358956559,2.215766358956566,345,0.75623,1,0,0,0
2568,3.0,5.156889011685221,2.156889011685229,345,0.756135,1,0,0,0
2569,3.0,5.129045946162069,2.129045946162078,335,0.75604,1,0,0,0
2570,3.0,5.73456020637343,2.734560206373429,463,0.755945,1,0,0,0
2571,3.0,4.843742302946379,1.8437423029463875,267,0.75585,1,0,0,0
2572,3.0,5.359849909142319,2.3598499091423273,373,0.755755,1,0,0,0
2573,3.0,5.099201740628183,2.099201740628192,321,0.75566,1,0,0,0
2574,3.0,5.028206803884642,2.0282068038846552,306,0.755565,1,0,0,0
2575,3.0,4.6368310649733875,1.636831064973396,224,0.75547,1,0,0,0
2576,3.0,5.170415915240409,2.170415915240415,342,0.755375,1,0,0,0
2577,3.0,5.03147248275893,2.031472482758944,303,0.75528,1,0,0,0
2578,3.0,5.690034636378401,2.690034636378401,474,0.755185,1,0,0,0
2579,3.0,5.203770639162259,2.2037706391622627,347,0.75509,1,0,0,0
2580,3.0,5.1207149026652825,2.120714902665289,322,0.754995,1,0,0,0
2581,3.0,5.455532770860776,2.455532770860778,437,0.7549,1,0,0,0
2582,3.0,5.328239188070009,2.328239188070015,383,0.754805,1,0,0,0
2583,3.0,5.084178268969531,2.084178268969543,311,0.75471,1,0,0,0
2584,3.0,5.175303838746418,2.175303838746427,337,0.754615,1,0,0,0
2585,3.0,5.207610094543115,2.207610094543121,349,0.75452,1,0,0,0
2586,3.0,5.202327039858337,2.202327039858346,345,0.754425,1,0,0,0
2587,3.0,5.049920990031879,2.0499209900318895,315,0.7543300000000001,1,0,0,0
2588,3.0,4.854730361311913,1.8547303613119233,283,0.754235,1,0,0,0
2589,3.0,5.195539483626588,2.1955394836265953,348,0.75414,1,0,0,0
2590,3.0,5.469191045496968,2.4691910454969714,399,0.754045,1,0,0,0
2591,3.0,5.233457570543374,2.2334575705433806,347,0.75395,1,0,0,0
2592,3.0,5.579743518992553,2.5797435189925526,448,0.753855,1,0,0,0
2593,3.0,4.8409728300765416,1.8409728300765562,278,0.75376,1,0,0,0
2594,3.0,5.045668031704789,2.0456680317047993,307,0.753665,1,0,0,0
2595,3.0,4.823157759302528,1.8231577593025377,261,0.75357,1,0,0,0
2596,3.0,5.006785775524269,2.00678577552428,299,0.753475,1,0,0,0
2597,3.0,4.929152888987849,1.9291528889878604,292,0.75338,1,0,0,0
2598,3.0,4.89786128482098,1.8978612848209926,286,0.753285,1,0,0,0
2599,3.0,5.40313409872781,2.4031340987278154,403,0.75319,1,0,0,0
2600,3.0,4.884984431926503,1.8849844319265125,275,0.753095,1,0,0,0
2601,3.0,5.618188931541926,2.6181889315419276,459,0.753,1,0,0,0
2602,3.0,5.399327038372371,2.3993270383723737,393,0.752905,1,0,0,0
2603,3.0,5.46217592271818,2.4621759227181803,428,0.75281,1,0,0,0
2604,3.0,5.102601482985417,2.1026014829854285,310,0.752715,1,0,0,0
2605,3.0,5.237355546667066,2.237355546667074,355,0.75262,1,0,0,0
2606,3.0,4.608146523357332,1.6081465233573446,213,0.752525,1,0,0,0
2607,3.0,5.161500645007279,2.1615006450072882,330,0.75243,1,0,0,0
2608,3.0,5.022307041212734,2.0223070412127497,302,0.752335,1,0,0,0
2609,3.0,5.405128623863086,2.405128623863091,387,0.75224,1,0,0,0
2610,3.0,5.391691084038895,2.391691084038899,402,0.752145,1,0,0,0
2611,3.0,5.334817059398005,2.334817059398012,395,0.75205,1,0,0,0
2612,3.0,4.913893363113386,1.913893363113397,288,0.751955,1,0,0,0
2613,3.0,4.883082810804213,1.8830828108042215,271,0.75186,1,0,0,0
2614,3.0,5.2243469660896515,2.224346966089656,348,0.751765,1,0,0,0
2615,3.0,5.131723508824203,2.1317235088242135,325,0.7516700000000001,1,0,0,0
2616,3.0,5.453582820006201,2.453582820006201,401,0.751575,1,0,0,0
2617,3.0,4.930350720623056,1.9303507206230663,289,0.75148,1,0,0,0
2618,3.0,4.755661635296119,1.75566163529613,253,0.751385,1,0,0,0
2619,3.0,4.806355863486251,1.806355863486261,261,0.75129,1,0,0,0
2620,3.0,4.948073619661706,1.948073619661716,283,0.7511950000000001,1,0,0,0
2621,3.0,5.2810526046889095,2.281052604688914,361,0.7511,1,0,0,0
2622,3.0,5.4499456243745525,2.449945624374558,420,0.751005,1,0,0,0
2623,3.0,5.0886288973045435,2.0886288973045524,327,0.75091,1,0,0,0
2624,3.0,5.010303193333245,2.010303193333259,294,0.750815,1,0,0,0
2625,3.0,5.490264264965775,2.49026426496578,434,0.75072,1,0,0,0
2626,3.0,5.009904073878207,2.00990407387822,306,0.750625,1,0,0,0
2627,3.0,5.543289317850478,2.543289317850484,418,0.75053,1,0,0,0
2628,3.0,4.973903974426648,1.9739039744266555,311,0.750435,1,0,0,0
2629,3.0,5.41675964029309,2.416759640293092,414,0.75034,1,0,0,0
2630,3.0,5.156004528216106,2.1560045282161138,341,0.750245,1,0,0,0
2631,3.0,5.203045729894866,2.2030457298948716,352,0.75015,1,0,0,0
2632,3.0,5.139935914902733,2.1399359149027384,346,0.750055,1,0,0,0
2633,3.0,5.124929256069342,2.124929256069351,347,0.74996,1,0,0,0
2634,3.0,5.054485030359638,2.0544850303596474,317,0.749865,1,0,0,0
2635,3.0,5.068526931203153,2.0685269312031607,322,0.74977,1,0,0,0
2636,3.0,5.000806529538748,2.0008065295387634,295,0.749675,1,0,0,0
2637,3.0,4.694313876202802,1.694313876202811,247,0.74958,1,0,0,0
2638,3.0,5.077421132783487,2.077421132783498,312,0.749485,1,0,0,0
2639,3.0,4.9568323897418995,1.9568323897419102,293,0.74939,1,0,0,0
2640,3.0,5.318863647580887,2.3188636475808915,385,0.749295,1,0,0,0
2641,3.0,5.477334115552217,2.477334115552218,410,0.7492,1,0,0,0
2642,3.0,5.426422229651044,2.426422229651043,405,0.749105,1,0,0,0
2643,3.0,5.086976146612251,2.0869761466122614,318,0.74901,1,0,0,0
2644,3.0,4.988784724003362,1.9887847240033707,295,0.748915,1,0,0,0
2645,3.0,4.857402452128201,1.8574024521282109,266,0.74882,1,0,0,0
2646,3.0,5.5495515842358305,2.549551584235832,435,0.748725,1,0,0,0
2647,3.0,5.4907197755460775,2.490719775546077,420,0.74863,1,0,0,0
2648,3.0,5.3838649783089565,2.3838649783089623,404,0.748535,1,0,0,0
2649,3.0,4.702200071104755,1.7022000711047671,233,0.74844,1,0,0,0
2650,3.0,5.223953972574957,2.223953972574966,356,0.748345,1,0,0,0
2651,3.0,4.9222980545365544,1.9222980545365644,280,0.7482500000000001,1,0,0,0
2652,3.0,5.26059520805121,2.260595208051216,370,0.748155,1,0,0,0
2653,3.0,4.891431678535286,1.8914316785352963,270,0.74806,1,0,0,0
2654,3.0,4.945879335577373,1.9458793355773845,287,0.747965,1,0,0,0
2655,3.0,5.249133104023096,2.2491331040231053,352,0.74787,1,0,0,0
2656,3.0,5.204756791337383,2.204756791337387,345,0.7477750000000001,1,0,0,0
2657,3.0,4.818631942386956,1.8186319423869657,271,0.74768,1,0,0,0
2658,3.0,5.294873975913303,2.2948739759133083,372,0.7475849999999999,1,0,0,0
2659,3.0,5.2719744055744595,2.2719744055744666,368,0.74749,1,0,0,0
2660,1.0,3.742892821749162,2.7428928217491615,500,0.747395,0,0,1,0
2661,3.0,4.871791049093064,1.8717910490930767,270,0.7473000000000001,1,0,0,0
2662,3.0,5.330269196361681,2.3302691963616833,392,0.747205,1,0,0,0
2663,3.0,5.539797828039184,2.539797828039185,419,0.7471099999999999,1,0,0,0
2664,3.0,4.72642030290786,1.7264203029078717,242,0.747015,1,0,0,0
2665,3.0,5.104493042104762,2.1044930421047683,323,0.74692,1,0,0,0
2666,3.0,5.111485145243455,2.1114851452434666,325,0.7468250000000001,1,0,0,0
2667,3.0,4.560739940437974,1.5607399404379838,207,0.74673,1,0,0,0
2668,3.0,4.888664426012916,1.8886644260129282,276,0.7466349999999999,1,0,0,0
2669,3.0,5.222493032250174,2.222493032250182,350,0.74654,1,0,0,0
2670,3.0,5.068220194462699,2.068220194462708,326,0.746445,1,0,0,0
2671,3.0,4.882637590373529,1.8826375903735413,266,0.7463500000000001,1,0,0,0
2672,3.0,5.582607546669485,2.5826075466694847,441,0.746255,1,0,0,0
2673,3.0,4.951975394419856,1.9519753944198663,310,0.74616,1,0,0,0
2674,3.0,5.125654486325195,2.125654486325204,325,0.746065,1,0,0,0
2675,3.0,5.191346928314058,2.191346928314064,353,0.74597,1,0,0,0
2676,3.0,5.261068471930546,2.261068471930555,360,0.7458750000000001,1,0,0,0
2677,3.0,5.49616262301885,2.4961626230188507,425,0.74578,1,0,0,0
2678,3.0,5.004435749638986,2.0044357496389975,303,0.745685,1,0,0,0
2679,3.0,4.788171781417622,1.7881717814176323,259,0.74559,1,0,0,0
2680,3.0,5.277547547709089,2.2775475477090916,371,0.745495,1,0,0,0
2681,3.0,5.28644327430135,2.286443274301356,362,0.7454000000000001,1,0,0,0
2682,3.0,4.921802628105356,1.9218026281053666,278,0.745305,1,0,0,0
2683,3.0,5.1388669935576345,2.138866993557647,324,0.74521,1,0,0,0
2684,3.0,5.112292287116057,2.112292287116065,328,0.745115,1,0,0,0
2685,3.0,5.146510815412528,2.146510815412543,354,0.74502,1,0,0,0
2686,3.0,5.206423147112854,2.2064231471128615,351,0.7449250000000001,1,0,0,0
2687,3.0,5.009456473893621,2.0094564738936316,294,0.74483,1,0,0,0
2688,3.0,5.157394246802246,2.1573942468022556,333,0.744735,1,0,0,0
2689,3.0,4.6977058723948355,1.6977058723948457,238,0.74464,1,0,0,0
2690,3.0,5.007178423732917,2.007178423732926,305,0.744545,1,0,0,0
2691,3.0,4.899595009777538,1.8995950097775471,280,0.7444500000000001,1,0,0,0
2692,3.0,5.1828151815345525,2.1828151815345596,352,0.744355,1,0,0,0
2693,3.0,5.2593370240535275,2.2593370240535315,367,0.74426,1,0,0,0
2694,3.0,5.114465494910851,2.1144654949108617,324,0.744165,1,0,0,0
2695,3.0,5.344985082343123,2.34498508234313,372,0.74407,1,0,0,0
2696,3.0,4.532591628901752,1.5325916289017614,205,0.743975,1,0,0,0
2697,3.0,5.4970077646304905,2.497007764630497,388,0.74388,1,0,0,0
2698,3.0,5.031884557993603,2.0318845579936156,300,0.743785,1,0,0,0
2699,3.0,5.154410307029634,2.1544103070296408,341,0.74369,1,0,0,0
2700,3.0,5.03461341885825,2.0346134188582634,304,0.743595,1,0,0,0
2701,3.0,4.767356688906595,1.7673566889066064,254,0.7435,1,0,0,0
2702,3.0,4.920681004259178,1.9206810042591886,276,0.743405,1,0,0,0
2703,3.0,4.62921123006244,1.6292112300624488,226,0.74331,1,0,0,0
2704,3.0,5.071978404856072,2.0719784048560808,316,0.743215,1,0,0,0
2705,3.0,5.242902076779481,2.242902076779487,355,0.74312,1,0,0,0
2706,3.0,5.016022327806496,2.0160223278065077,305,0.743025,1,0,0,0
2707,3.0,5.061624712073726,2.0616247120737383,310,0.74293,1,0,0,0
2708,3.0,4.985316640357641,1.985316640357651,296,0.742835,1,0,0,0
2709,3.0,5.342692565773264,2.342692565773266,383,0.74274,1,0,0,0
2710,3.0,4.672729342155472,1.6727293421554814,226,0.742645,1,0,0,0
2711,3.0,5.248023338153823,2.248023338153831,343,0.74255,1,0,0,0
2712,3.0,5.140836470572545,2.140836470572555,328,0.7424550000000001,1,0,0,0
2713,3.0,4.930361110137978,1.9303611101379874,290,0.74236,1,0,0,0
2714,3.0,4.964121654289699,1.9641216542897109,292,0.742265,1,0,0,0
2715,3.0,5.293830823596421,2.293830823596428,359,0.74217,1,0,0,0
2716,3.0,5.551144426201253,2.5511444262012533,428,0.742075,1,0,0,0
2717,3.0,5.040613595722421,2.040613595722433,301,0.7419800000000001,1,0,0,0
2718,3.0,4.711701395308484,1.711701395308495,237,0.741885,1,0,0,0
2719,3.0,4.995178055460071,1.9951780554600822,291,0.74179,1,0,0,0
2720,3.0,5.038354254473102,2.038354254473114,314,0.741695,1,0,0,0
2721,3.0,5.132621755884392,2.1326217558844007,328,0.7416,1,0,0,0
2722,3.0,4.9758428855694765,1.975842885569485,299,0.7415050000000001,1,0,0,0
2723,3.0,4.878044771070742,1.8780447710707522,268,0.74141,1,0,0,0
2724,3.0,5.066290059607303,2.066290059607311,316,0.741315,1,0,0,0
2725,3.0,5.023995409656504,2.0239954096565165,310,0.74122,1,0,0,0
2726,3.0,5.041796552181088,2.041796552181099,310,0.741125,1,0,0,0
2727,3.0,5.190563421439459,2.190563421439466,342,0.7410300000000001,1,0,0,0
2728,3.0,5.216881814167726,2.2168818141677327,350,0.740935,1,0,0,0
2729,3.0,4.98960759305629,1.989607593056302,291,0.7408399999999999,1,0,0,0
2730,3.0,4.6622366578559635,1.6622366578559755,226,0.740745,1,0,0,0
2731,3.0,5.127650282435656,2.1276502824356647,331,0.74065,1,0,0,0
2732,3.0,5.26408149938778,2.2640814993877867,352,0.7405550000000001,1,0,0,0
2733,3.0,5.013311309597356,2.0133113095973663,296,0.74046,1,0,0,0
2734,3.0,5.330780847637966,2.3307808476379686,390,0.740365,1,0,0,0
2735,3.0,5.274665916948066,2.2746659169480727,368,0.74027,1,0,0,0
2736,3.0,5.054179532750307,2.054179532750317,328,0.740175,1,0,0,0
2737,3.0,4.860806495784065,1.8608064957840762,272,0.7400800000000001,1,0,0,0
2738,3.0,5.064914557755486,2.064914557755498,314,0.739985,1,0,0,0
2739,3.0,4.971981844926898,1.9719818449269104,291,0.73989,1,0,0,0
2740,3.0,4.848236648604951,1.84823664860496,274,0.739795,1,0,0,0
2741,3.0,5.449221301909532,2.449221301909531,406,0.7397,1,0,0,0
2742,3.0,5.302586357840861,2.3025863578408687,395,0.7396050000000001,1,0,0,0
2743,3.0,5.775476537642411,2.775476537642411,476,0.73951,1,0,0,0
2744,3.0,5.075977246999608,2.075977246999618,326,0.739415,1,0,0,0
2745,3.0,5.335389174490242,2.3353891744902446,392,0.73932,1,0,0,0
2746,3.0,4.76997170742295,1.7699717074229628,248,0.739225,1,0,0,0
2747,3.0,4.691218052871536,1.6912180528715461,238,0.7391300000000001,1,0,0,0
2748,3.0,4.949764945922493,1.949764945922502,299,0.739035,1,0,0,0
2749,3.0,4.848686821724168,1.8486868217241776,263,0.73894,1,0,0,0
2750,3.0,4.979536900543288,1.9795369005432981,301,0.738845,1,0,0,0
2751,3.0,4.9061383244994685,1.9061383244994807,273,0.73875,1,0,0,0
2752,3.0,5.194043217366094,2.1940432173661035,341,0.7386550000000001,1,0,0,0
2753,3.0,4.89790229403315,1.8979022940331602,283,0.73856,1,0,0,0
2754,3.0,5.013862335005342,2.0138623350053537,293,0.738465,1,0,0,0
2755,3.0,4.812980740166658,1.8129807401666664,267,0.73837,1,0,0,0
2756,3.0,5.3784794253023955,2.3784794253024,377,0.738275,1,0,0,0
2757,3.0,5.107490382802788,2.107490382802798,318,0.7381800000000001,1,0,0,0
2758,3.0,4.7675336733444285,1.7675336733444378,253,0.738085,1,0,0,0
2759,3.0,4.766870238868176,1.7668702388681865,256,0.73799,1,0,0,0
2760,3.0,5.07580759258812,2.075807592588132,317,0.737895,1,0,0,0
2761,3.0,5.25729442419788,2.257294424197889,355,0.7378,1,0,0,0
2762,3.0,4.816283557600009,1.8162835576000187,258,0.737705,1,0,0,0
2763,3.0,4.764501804277289,1.7645018042772973,249,0.73761,1,0,0,0
2764,3.0,5.42608059930531,2.4260805993053145,397,0.737515,1,0,0,0
2765,3.0,5.431556282291732,2.4315562822917367,404,0.73742,1,0,0,0
2766,3.0,5.028539375317553,2.0285393753175667,317,0.737325,1,0,0,0
2767,3.0,4.6853678786222215,1.6853678786222306,233,0.73723,1,0,0,0
2768,3.0,4.838909557344686,1.8389095573446965,276,0.737135,1,0,0,0
2769,3.0,5.020164800267178,2.020164800267189,307,0.73704,1,0,0,0
2770,3.0,4.909298824251128,1.909298824251137,286,0.736945,1,0,0,0
2771,3.0,4.989492021436564,1.9894920214365772,292,0.73685,1,0,0,0
2772,3.0,4.961497792206513,1.9614977922065227,307,0.736755,1,0,0,0
2773,3.0,4.793128239163176,1.793128239163185,255,0.7366600000000001,1,0,0,0
2774,3.0,4.770779215169851,1.770779215169862,258,0.736565,1,0,0,0
2775,3.0,5.095161650163998,2.095161650164007,314,0.73647,1,0,0,0
2776,3.0,4.730026635322997,1.730026635323008,239,0.736375,1,0,0,0
2777,3.0,4.719429352445877,1.7194293524458875,248,0.73628,1,0,0,0
2778,3.0,4.913447154521959,1.9134471545219676,290,0.7361850000000001,1,0,0,0
2779,3.0,4.664454196025288,1.6644541960252979,227,0.73609,1,0,0,0
2780,3.0,4.873519344969872,1.873519344969883,271,0.735995,1,0,0,0
2781,3.0,5.377044685415321,2.3770446854153264,386,0.7359,1,0,0,0
2782,3.0,5.040307587912342,2.040307587912352,313,0.735805,1,0,0,0
2783,3.0,5.043309007114598,2.0433090071146087,306,0.7357100000000001,1,0,0,0
2784,3.0,5.000917791673657,2.0009177916736687,298,0.735615,1,0,0,0
2785,3.0,5.1921139616761955,2.19211396167621,329,0.73552,1,0,0,0
2786,3.0,4.856527510850405,1.856527510850416,273,0.735425,1,0,0,0
2787,3.0,5.069148884789728,2.0691488847897395,315,0.73533,1,0,0,0
2788,3.0,4.735245253085603,1.7352452530856135,235,0.7352350000000001,1,0,0,0
2789,3.0,5.731406745551898,2.7314067455518978,473,0.73514,1,0,0,0
2790,3.0,4.943325174713305,1.9433251747133145,289,0.735045,1,0,0,0
2791,3.0,5.0345542477914815,2.034554247791489,313,0.73495,1,0,0,0
2792,3.0,5.427618553690874,2.4276185536908805,392,0.734855,1,0,0,0
2793,3.0,4.628018929680925,1.6280189296809346,222,0.7347600000000001,1,0,0,0
2794,3.0,4.808317272599542,1.8083172725995522,257,0.734665,1,0,0,0
2795,3.0,5.097152358023784,2.0971523580237927,321,0.7345700000000001,1,0,0,0
2796,3.0,5.331758530201571,2.331758530201577,372,0.734475,1,0,0,0
2797,3.0,4.829627147562665,1.8296271475626749,276,0.73438,1,0,0,0
2798,3.0,5.0266143851270115,2.0266143851270226,304,0.7342850000000001,1,0,0,0
2799,3.0,5.558383441938337,2.5583834419383362,451,0.73419,1,0,0,0
2800,3.0,5.1897595402623935,2.1897595402624006,336,0.734095,1,0,0,0
2801,3.0,5.423679310545149,2.423679310545152,401,0.734,1,0,0,0
2802,3.0,5.049541922229482,2.0495419222294884,339,0.733905,1,0,0,0
2803,3.0,5.077889505594669,2.0778895055946767,318,0.7338100000000001,1,0,0,0
2804,3.0,5.350735619904695,2.350735619904704,383,0.733715,1,0,0,0
2805,3.0,5.318188191490245,2.3181881914902505,386,0.73362,1,0,0,0
2806,3.0,4.783066475351443,1.7830664753514536,255,0.733525,1,0,0,0
2807,3.0,4.771694873057713,1.771694873057723,256,0.73343,1,0,0,0
2808,3.0,5.100711822553749,2.1007118225537615,316,0.7333350000000001,1,0,0,0
2809,3.0,4.827751232648994,1.8277512326490026,264,0.73324,1,0,0,0
2810,3.0,4.911729409604508,1.911729409604519,292,0.733145,1,0,0,0
2811,3.0,4.818675138783032,1.8186751387830447,259,0.73305,1,0,0,0
2812,3.0,5.209008092277528,2.2090080922775344,369,0.732955,1,0,0,0
2813,3.0,5.10071085660581,2.1007108566058186,327,0.7328600000000001,1,0,0,0
2814,3.0,5.08346002325248,2.083460023252492,308,0.732765,1,0,0,0
2815,3.0,5.026233189391823,2.026233189391832,305,0.73267,1,0,0,0
2816,3.0,5.016599593825122,2.0165995938251333,308,0.732575,1,0,0,0
2817,3.0,5.146474476447894,2.146474476447902,328,0.73248,1,0,0,0
2818,3.0,4.832790622667601,1.8327906226676123,263,0.7323850000000001,1,0,0,0
2819,3.0,4.911802307904719,1.9118023079047295,276,0.73229,1,0,0,0
2820,3.0,5.250173404881283,2.2501734048812887,371,0.732195,1,0,0,0
2821,3.0,5.080099564474232,2.0800995644742444,319,0.7321,1,0,0,0
2822,3.0,4.644147137872804,1.6441471378728134,219,0.732005,1,0,0,0
2823,3.0,4.946083439858063,1.9460834398580742,279,0.7319100000000001,1,0,0,0
2824,3.0,5.307966646704572,2.307966646704576,374,0.731815,1,0,0,0
2825,3.0,5.024531779954162,2.0245317799541724,309,0.73172,1,0,0,0
2826,3.0,4.798951842659228,1.7989518426592392,258,0.731625,1,0,0,0
2827,3.0,5.067097825776425,2.0670978257764365,304,0.73153,1,0,0,0
2828,3.0,5.375491488064634,2.375491488064639,399,0.7314350000000001,1,0,0,0
2829,3.0,5.031287502857241,2.0312875028572517,302,0.73134,1,0,0,0
2830,3.0,5.279451918250657,2.2794519182506634,372,0.731245,1,0,0,0
2831,3.0,4.799087182229051,1.7990871822290595,258,0.73115,1,0,0,0
2832,3.0,5.143121020624989,2.1431210206249953,331,0.731055,1,0,0,0
2833,3.0,5.3185727130521165,2.3185727130521214,375,0.73096,1,0,0,0
2834,3.0,4.717977421905656,1.717977421905666,240,0.7308650000000001,1,0,0,0
2835,3.0,4.79022957590759,1.7902295759076012,263,0.73077,1,0,0,0
2836,3.0,4.896994451109078,1.8969944511090897,279,0.730675,1,0,0,0
2837,3.0,4.783429125952918,1.7834291259529294,249,0.73058,1,0,0,0
2838,3.0,4.727254455656964,1.7272544556569747,236,0.730485,1,0,0,0
2839,3.0,4.847419619641178,1.8474196196411885,262,0.7303900000000001,1,0,0,0
2840,3.0,4.872046815466406,1.8720468154664176,265,0.730295,1,0,0,0
2841,3.0,5.054917786341336,2.054917786341348,317,0.7302,1,0,0,0
2842,3.0,5.060886621701503,2.060886621701514,320,0.730105,1,0,0,0
2843,3.0,4.861068255933372,1.8610682559333838,272,0.73001,1,0,0,0
2844,3.0,5.251405484633796,2.2514054846338043,359,0.7299150000000001,1,0,0,0
2845,3.0,5.397359872610739,2.3973598726107426,390,0.72982,1,0,0,0
2846,3.0,5.237994512212425,2.237994512212434,355,0.729725,1,0,0,0
2847,3.0,4.917611507723272,1.9176115077232818,286,0.72963,1,0,0,0
2848,3.0,5.128224475062256,2.1282244750622654,335,0.729535,1,0,0,0
2849,3.0,4.819514334407946,1.819514334407958,269,0.7294400000000001,1,0,0,0
2850,3.0,5.199222966111617,2.1992229661116234,348,0.729345,1,0,0,0
2851,3.0,5.009359764357226,2.0093597643572396,305,0.72925,1,0,0,0
2852,3.0,5.144902031579385,2.144902031579392,351,0.729155,1,0,0,0
2853,3.0,4.88395836248539,1.8839583624854006,270,0.72906,1,0,0,0
2854,3.0,4.612254468639606,1.6122544686396152,217,0.7289650000000001,1,0,0,0
2855,3.0,5.234420108453669,2.2344201084536763,346,0.72887,1,0,0,0
2856,3.0,5.025770296506931,2.025770296506943,295,0.7287750000000001,1,0,0,0
2857,3.0,4.883287656084972,1.8832876560849814,272,0.72868,1,0,0,0
2858,3.0,4.813666393598584,1.8136663935985926,266,0.728585,1,0,0,0
2859,3.0,5.171904727921506,2.171904727921514,337,0.7284900000000001,1,0,0,0
2860,3.0,5.598345993737015,2.5983459937370177,430,0.728395,1,0,0,0
2861,3.0,4.969386895412492,1.969386895412502,294,0.7283000000000001,1,0,0,0
2862,3.0,5.016095973883871,2.0160959738838806,305,0.728205,1,0,0,0
2863,3.0,5.059661398278521,2.05966139827853,324,0.72811,1,0,0,0
2864,3.0,5.105318481193297,2.105318481193306,317,0.7280150000000001,1,0,0,0
2865,3.0,5.09284488195438,2.092844881954386,328,0.72792,1,0,0,0
2866,3.0,4.675001311299077,1.6750013112990874,232,0.727825,1,0,0,0
2867,3.0,5.070399442446378,2.0703994424463894,315,0.72773,1,0,0,0
2868,3.0,4.994424226577202,1.9944242265772154,289,0.727635,1,0,0,0
2869,3.0,4.774885344980699,1.7748853449807076,255,0.7275400000000001,1,0,0,0
2870,3.0,5.0137353966612315,2.013735396661245,310,0.727445,1,0,0,0
2871,3.0,4.9232425128348964,1.9232425128349067,282,0.72735,1,0,0,0
2872,3.0,5.509580981009025,2.509580981009028,420,0.727255,1,0,0,0
2873,3.0,4.871213416592477,1.8712134165924872,286,0.72716,1,0,0,0
2874,3.0,5.049702910260736,2.0497029102607462,301,0.7270650000000001,1,0,0,0
2875,3.0,4.788408686509402,1.7884086865094129,261,0.72697,1,0,0,0
2876,3.0,5.188800627029385,2.1888006270293956,330,0.726875,1,0,0,0
2877,3.0,4.927897551595576,1.9278975515955847,294,0.72678,1,0,0,0
2878,3.0,4.860686898861381,1.8606868988613907,266,0.726685,1,0,0,0
2879,3.0,4.838814636714522,1.838814636714534,264,0.7265900000000001,1,0,0,0
2880,3.0,5.185928282658862,2.1859282826588697,337,0.726495,1,0,0,0
2881,3.0,4.8952730426639155,1.8952730426639275,279,0.7264,1,0,0,0
2882,3.0,5.255736662491767,2.2557366624917745,352,0.726305,1,0,0,0
2883,3.0,4.941959364572433,1.9419593645724464,278,0.72621,1,0,0,0
2884,3.0,5.662538343779685,2.6625383437796883,456,0.7261150000000001,1,0,0,0
2885,3.0,5.079037988841908,2.0790379888419164,321,0.72602,1,0,0,0
2886,3.0,5.270490439254586,2.270490439254591,372,0.725925,1,0,0,0
2887,3.0,5.040793508106368,2.0407935081063777,304,0.72583,1,0,0,0
2888,3.0,4.685944769329659,1.6859447693296696,233,0.725735,1,0,0,0
2889,3.0,4.871780670499222,1.8717806704992337,272,0.7256400000000001,1,0,0,0
2890,3.0,4.85613877152644,1.8561387715264526,267,0.725545,1,0,0,0
2891,3.0,5.267084178643033,2.267084178643036,355,0.72545,1,0,0,0
2892,3.0,4.870982715379407,1.8709827153794176,284,0.725355,1,0,0,0
2893,3.0,5.106824790512579,2.106824790512588,324,0.72526,1,0,0,0
2894,3.0,4.981721198102703,1.9817211981027145,299,0.7251650000000001,1,0,0,0
2895,3.0,4.580728992926046,1.5807289929260573,206,0.7250700000000001,1,0,0,0
2896,3.0,4.927560540235658,1.9275605402356715,282,0.724975,1,0,0,0
2897,3.0,4.836308945974917,1.8363089459749269,261,0.72488,1,0,0,0
2898,3.0,5.2824234347712835,2.2824234347712875,358,0.724785,1,0,0,0
2899,3.0,5.013222506603091,2.013222506603103,307,0.7246900000000001,1,0,0,0
2900,3.0,5.296111670529621,2.296111670529626,373,0.7245950000000001,1,0,0,0
2901,3.0,5.017481683162286,2.017481683162296,306,0.7245,1,0,0,0
2902,3.0,4.782576749183421,1.7825767491834317,262,0.724405,1,0,0,0
2903,3.0,4.884664646881585,1.8846646468815997,271,0.72431,1,0,0,0
2904,3.0,5.154384428405806,2.1543844284058133,334,0.724215,1,0,0,0
2905,3.0,4.626247140567202,1.6262471405672105,218,0.7241200000000001,1,0,0,0
2906,3.0,4.772588927846565,1.772588927846576,245,0.724025,1,0,0,0
2907,3.0,4.852703273912908,1.8527032739129201,289,0.72393,1,0,0,0
2908,3.0,5.540946477577322,2.5409464775773216,430,0.723835,1,0,0,0
2909,3.0,5.056524476712354,2.0565244767123656,310,0.72374,1,0,0,0
2910,3.0,5.06289606937216,2.0628960693721714,312,0.7236450000000001,1,0,0,0
2911,3.0,4.907832182495312,1.907832182495324,290,0.72355,1,0,0,0
2912,3.0,5.050491380617938,2.050491380617948,317,0.723455,1,0,0,0
2913,3.0,5.402479132974266,2.4024791329742667,391,0.72336,1,0,0,0
2914,3.0,5.250163872202739,2.250163872202749,346,0.723265,1,0,0,0
2915,3.0,4.891682540199778,1.8916825401997874,282,0.7231700000000001,1,0,0,0
2916,3.0,5.0277513367636875,2.027751336763699,316,0.723075,1,0,0,0
2917,3.0,5.332658827985543,2.3326588279855502,376,0.72298,1,0,0,0
2918,3.0,5.105317363364082,2.1053173633640885,321,0.722885,1,0,0,0
2919,3.0,4.819177734342972,1.8191777343429816,258,0.72279,1,0,0,0
2920,3.0,4.859934382123564,1.8599343821235732,259,0.7226950000000001,1,0,0,0
2921,3.0,5.111185007810416,2.111185007810424,337,0.7226,1,0,0,0
2922,3.0,4.948757198615768,1.948757198615777,300,0.722505,1,0,0,0
2923,3.0,4.671173849424523,1.6711738494245332,223,0.72241,1,0,0,0
2924,3.0,4.904443686040675,1.9044436860406864,281,0.722315,1,0,0,0
2925,3.0,4.842905365391983,1.8429053653919951,284,0.7222200000000001,1,0,0,0
2926,3.0,5.166147796575901,2.1661477965759075,344,0.722125,1,0,0,0
2927,3.0,5.043410928055318,2.043410928055331,315,0.72203,1,0,0,0
2928,3.0,5.169451199749653,2.1694511997496604,345,0.721935,1,0,0,0
2929,3.0,4.937887592993842,1.937887592993853,289,0.72184,1,0,0,0
2930,3.0,4.924618170768117,1.9246181707681267,284,0.7217450000000001,1,0,0,0
2931,3.0,4.9035982210914435,1.9035982210914555,281,0.72165,1,0,0,0
2932,3.0,4.888825845275065,1.8888258452750768,271,0.721555,1,0,0,0
2933,3.0,4.749825427195802,1.7498254271958118,248,0.72146,1,0,0,0
2934,3.0,4.659607340451329,1.6596073404513392,223,0.721365,1,0,0,0
2935,3.0,4.632862861737808,1.6328628617378182,224,0.7212700000000001,1,0,0,0
2936,3.0,5.182409318845586,2.1824093188455933,336,0.721175,1,0,0,0
2937,3.0,4.839448010062023,1.839448010062034,270,0.7210799999999999,1,0,0,0
2938,3.0,4.854441674988276,1.8544416749882868,262,0.720985,1,0,0,0
2939,3.0,4.882776047093392,1.8827760470934054,269,0.72089,1,0,0,0
2940,3.0,4.8972033182182075,1.8972033182182197,287,0.7207950000000001,1,0,0,0
2941,3.0,5.362138694845195,2.362138694845199,379,0.7207,1,0,0,0
2942,3.0,4.911113085750614,1.9111130857506227,275,0.720605,1,0,0,0
2943,3.0,4.870727122675211,1.8707271226752207,270,0.72051,1,0,0,0
2944,3.0,5.362095324422477,2.3620953244224805,383,0.720415,1,0,0,0
2945,3.0,5.265188783638873,2.265188783638882,357,0.7203200000000001,1,0,0,0
2946,3.0,4.717059965903441,1.71705996590345,244,0.720225,1,0,0,0
2947,3.0,5.032868392942891,2.0328683929429006,314,0.72013,1,0,0,0
2948,3.0,4.982309082790678,1.9823090827906895,295,0.720035,1,0,0,0
2949,3.0,5.1701469561051,2.1701469561051066,337,0.71994,1,0,0,0
2950,3.0,5.053864214680566,2.053864214680578,305,0.7198450000000001,1,0,0,0
2951,3.0,4.9567997146708676,1.9567997146708762,299,0.71975,1,0,0,0
2952,3.0,4.7035192247804565,1.7035192247804638,245,0.719655,1,0,0,0
2953,3.0,4.956275638147446,1.9562756381474582,287,0.71956,1,0,0,0
2954,3.0,4.9736264097452825,1.9736264097452938,289,0.719465,1,0,0,0
2955,3.0,4.822762268991999,1.822762268992008,256,0.7193700000000001,1,0,0,0
2956,3.0,4.878507698463335,1.878507698463347,279,0.7192750000000001,1,0,0,0
2957,3.0,4.877985523590487,1.877985523590501,274,0.71918,1,0,0,0
2958,3.0,4.960147359136508,1.9601473591365193,287,0.719085,1,0,0,0
2959,3.0,4.710813924117792,1.7108139241178022,239,0.71899,1,0,0,0
2960,3.0,4.851479137052588,1.8514791370526005,267,0.7188950000000001,1,0,0,0
2961,3.0,4.798560183949685,1.7985601839496932,260,0.7188000000000001,1,0,0,0
2962,3.0,4.87086175367264,1.8708617536726528,279,0.718705,1,0,0,0
2963,3.0,5.042273378801886,2.042273378801897,303,0.71861,1,0,0,0
2964,3.0,4.710833130571144,1.7108331305711533,241,0.718515,1,0,0,0
2965,3.0,4.69185641855548,1.691856418555492,233,0.7184200000000001,1,0,0,0
2966,3.0,4.600431889430009,1.6004318894300185,220,0.7183250000000001,1,0,0,0
2967,3.0,4.980875569912231,1.9808755699122405,291,0.71823,1,0,0,0
2968,3.0,5.092975362352851,2.0929753623528593,329,0.718135,1,0,0,0
2969,3.0,5.443618923999769,2.4436189239997743,413,0.71804,1,0,0,0
2970,3.0,4.768758911242884,1.768758911242895,248,0.717945,1,0,0,0
2971,3.0,5.105932334394167,2.105932334394173,327,0.7178500000000001,1,0,0,0
2972,3.0,4.916125858577164,1.916125858577176,285,0.717755,1,0,0,0
2973,3.0,5.354598101075307,2.35459810107531,373,0.71766,1,0,0,0
2974,3.0,5.2013442507474394,2.2013442507474497,333,0.717565,1,0,0,0
2975,3.0,5.227474825477168,2.227474825477179,404,0.71747,1,0,0,0
2976,3.0,4.7347729892638215,1.7347729892638317,247,0.7173750000000001,1,0,0,0
2977,3.0,5.230036837778572,2.2300368377785804,341,0.71728,1,0,0,0
2978,3.0,4.644868739166714,1.644868739166724,227,0.717185,1,0,0,0
2979,3.0,4.858896143227323,1.8588961432273348,277,0.71709,1,0,0,0
2980,3.0,5.131845972490742,2.1318459724907513,328,0.716995,1,0,0,0
2981,3.0,4.8311804826779525,1.8311804826779647,265,0.7169000000000001,1,0,0,0
2982,3.0,5.114794901527334,2.114794901527345,339,0.716805,1,0,0,0
2983,3.0,5.1624752775685305,2.1624752775685416,339,0.71671,1,0,0,0
2984,3.0,5.057970206885662,2.057970206885672,312,0.716615,1,0,0,0
2985,3.0,4.965279563063092,1.9652795630631055,298,0.71652,1,0,0,0
2986,3.0,4.82516103108415,1.825161031084159,267,0.7164250000000001,1,0,0,0
2987,3.0,5.207889834864758,2.2078898348647664,344,0.71633,1,0,0,0
2988,3.0,5.2067329950918895,2.2067329950918992,344,0.716235,1,0,0,0
2989,3.0,4.751193483142903,1.7511934831429106,252,0.71614,1,0,0,0
2990,3.0,4.751459278179658,1.7514592781796685,243,0.716045,1,0,0,0
2991,3.0,5.3156293972028035,2.3156293972028097,378,0.7159500000000001,1,0,0,0
2992,3.0,4.928475379491299,1.9284753794913085,284,0.715855,1,0,0,0
2993,3.0,5.283636089341525,2.283636089341531,351,0.71576,1,0,0,0
2994,3.0,4.856873648383737,1.8568736483837482,269,0.715665,1,0,0,0
2995,3.0,5.078639270358682,2.078639270358692,314,0.71557,1,0,0,0
2996,3.0,4.7682082117445965,1.7682082117446052,247,0.7154750000000001,1,0,0,0
2997,3.0,4.8301731503858925,1.830173150385901,258,0.71538,1,0,0,0
2998,3.0,5.083299475181378,2.083299475181386,338,0.715285,1,0,0,0
2999,3.0,4.997468146971737,1.9974681469717466,303,0.71519,1,0,0,0
3000,3.0,5.044320705203896,2.0443207052039054,341,0.715095,1,0,0,0
3001,3.0,5.013816276733216,2.0138162767332255,309,0.7150000000000001,1,0,0,0
3002,3.0,4.984125029791123,1.9841250297911333,293,0.714905,1,0,0,0
3003,3.0,4.6081065976558,1.6081065976558089,229,0.71481,1,0,0,0
3004,3.0,4.648442679397127,1.648442679397136,225,0.714715,1,0,0,0
3005,3.0,4.698393138495625,1.6983931384956337,233,0.71462,1,0,0,0
3006,3.0,4.896769035257908,1.8967690352579185,286,0.7145250000000001,1,0,0,0
3007,3.0,4.566993197368637,1.5669931973686453,220,0.71443,1,0,0,0
3008,3.0,4.943196820369443,1.9431968203694572,295,0.7143349999999999,1,0,0,0
3009,3.0,4.931736624856875,1.9317366248568844,284,0.71424,1,0,0,0
3010,3.0,5.148473909920175,2.148473909920183,335,0.714145,1,0,0,0
3011,3.0,4.895247460366647,1.8952474603666596,279,0.7140500000000001,1,0,0,0
3012,3.0,5.073484597017064,2.0734845970170723,317,0.713955,1,0,0,0
3013,3.0,4.9679866835438435,1.9679866835438542,299,0.7138599999999999,1,0,0,0
3014,3.0,4.801029753610674,1.8010297536106834,268,0.713765,1,0,0,0
3015,3.0,4.75843229822128,1.7584322982212912,242,0.71367,1,0,0,0
3016,3.0,5.167448004294427,2.167448004294438,333,0.7135750000000001,1,0,0,0
3017,3.0,5.1784533993393405,2.178453399339347,347,0.7134800000000001,1,0,0,0
3018,3.0,5.102287134198817,2.1022871341988254,313,0.7133849999999999,1,0,0,0
3019,3.0,5.3058679255838594,2.3058679255838643,364,0.71329,1,0,0,0
3020,3.0,5.163356554803137,2.1633565548031424,342,0.713195,1,0,0,0
3021,3.0,4.826366008458905,1.8263660084589182,264,0.7131000000000001,1,0,0,0
3022,3.0,4.783110971548922,1.7831109715489308,248,0.7130050000000001,1,0,0,0
3023,3.0,4.770679605672491,1.7706796056725023,260,0.7129099999999999,1,0,0,0
3024,3.0,4.848408717212315,1.848408717212329,265,0.712815,1,0,0,0
3025,3.0,4.817300723242394,1.8173007232424057,261,0.71272,1,0,0,0
3026,3.0,5.1238616395892365,2.1238616395892476,320,0.7126250000000001,1,0,0,0
3027,3.0,4.895057884483284,1.8950578844832942,275,0.7125300000000001,1,0,0,0
3028,3.0,5.204678648110924,2.204678648110932,340,0.7124349999999999,1,0,0,0
3029,3.0,5.20049918692569,2.200499186925698,339,0.71234,1,0,0,0
3030,3.0,4.718643740259235,1.718643740259244,256,0.712245,1,0,0,0
3031,3.0,5.424879932699705,2.4248799326997106,390,0.7121500000000001,1,0,0,0
3032,3.0,5.015706864050559,2.015706864050568,317,0.7120550000000001,1,0,0,0
3033,3.0,4.65282758439286,1.6528275843928701,225,0.7119599999999999,1,0,0,0
3034,3.0,4.8693505628949065,1.8693505628949143,276,0.711865,1,0,0,0
3035,3.0,5.219622290013533,2.219622290013542,347,0.71177,1,0,0,0
3036,3.0,5.174577979970538,2.1745779799705445,334,0.7116750000000001,1,0,0,0
3037,3.0,5.607428982258421,2.607428982258423,422,0.7115800000000001,1,0,0,0
3038,3.0,4.932397103042984,1.932397103042996,281,0.7114849999999999,1,0,0,0
3039,3.0,5.090988473662163,2.090988473662172,319,0.71139,1,0,0,0
3040,3.0,5.052914005936945,2.052914005936956,301,0.711295,1,0,0,0
3041,3.0,4.640610285461982,1.6406102854619928,216,0.7112,1,0,0,0
3042,3.0,5.462488615753189,2.462488615753194,410,0.7111050000000001,1,0,0,0
3043,3.0,4.763457448436011,1.763457448436024,248,0.7110099999999999,1,0,0,0
3044,3.0,4.904144289880698,1.9041442898807102,273,0.710915,1,0,0,0
3045,3.0,4.889757919189387,1.8897579191893998,275,0.71082,1,0,0,0
3046,3.0,4.752438553706563,1.752438553706573,247,0.710725,1,0,0,0
3047,3.0,5.050380034993227,2.050380034993238,304,0.7106300000000001,1,0,0,0
3048,3.0,4.6955346841921655,1.6955346841921743,238,0.7105349999999999,1,0,0,0
3049,3.0,5.081760626214745,2.0817606262147557,313,0.71044,1,0,0,0
3050,3.0,4.881586337403855,1.8815863374038637,269,0.710345,1,0,0,0
3051,3.0,4.770699586335269,1.770699586335278,250,0.71025,1,0,0,0
3052,3.0,4.650255047939003,1.650255047939014,225,0.7101550000000001,1,0,0,0
3053,3.0,4.8544327943853265,1.8544327943853358,262,0.7100599999999999,1,0,0,0
3054,3.0,5.23241219266926,2.2324121926692677,340,0.709965,1,0,0,0
3055,3.0,4.921919345157706,1.9219193451577163,282,0.70987,1,0,0,0
3056,3.0,4.681387877352745,1.6813878773527542,236,0.709775,1,0,0,0
3057,3.0,4.963234288282882,1.963234288282896,283,0.7096800000000001,1,0,0,0
3058,3.0,4.878716337705962,1.8787163377059741,276,0.7095849999999999,1,0,0,0
3059,3.0,4.901029422898624,1.9010294228986324,282,0.70949,1,0,0,0
3060,3.0,4.902517935889694,1.9025179358897049,282,0.709395,1,0,0,0
3061,3.0,4.934729715388052,1.9347297153880634,278,0.7093,1,0,0,0
3062,3.0,5.411366451736571,2.4113664517365714,406,0.7092050000000001,1,0,0,0
3063,3.0,5.03451601596101,2.03451601596102,296,0.7091099999999999,1,0,0,0
3064,3.0,5.5033766140176095,2.503376614017611,413,0.709015,1,0,0,0
3065,3.0,5.208840525253797,2.208840525253808,336,0.70892,1,0,0,0
3066,3.0,4.629542301230574,1.6295423012305825,216,0.708825,1,0,0,0
3067,3.0,5.0254764257386375,2.025476425738648,300,0.7087300000000001,1,0,0,0
3068,3.0,5.069120174779433,2.0691201747794454,316,0.708635,1,0,0,0
3069,3.0,4.537129204413191,1.5371292044132006,200,0.70854,1,0,0,0
3070,3.0,4.905178231119639,1.9051782311196512,282,0.708445,1,0,0,0
3071,3.0,4.558507323602466,1.5585073236024756,209,0.70835,1,0,0,0
3072,3.0,5.034338078532748,2.0343380785327576,315,0.7082550000000001,1,0,0,0
3073,3.0,5.163596044767955,2.1635960447679627,343,0.70816,1,0,0,0
3074,3.0,4.753408393323475,1.753408393323482,247,0.7080649999999999,1,0,0,0
3075,3.0,4.610816506844762,1.610816506844773,215,0.70797,1,0,0,0
3076,3.0,4.96728566115664,1.9672856611566512,297,0.707875,1,0,0,0
3077,3.0,5.175219867109465,2.1752198671094725,351,0.7077800000000001,1,0,0,0
3078,3.0,5.006610959406114,2.0066109594061263,294,0.7076850000000001,1,0,0,0
3079,3.0,4.920485801276191,1.9204858012762003,288,0.7075899999999999,1,0,0,0
3080,3.0,5.375802642295453,2.3758026422954543,407,0.707495,1,0,0,0
3081,3.0,4.824095133710469,1.8240951337104787,258,0.7074,1,0,0,0
3082,3.0,5.0031031306389835,2.0031031306389964,296,0.7073050000000001,1,0,0,0
3083,3.0,4.99191255633023,1.9919125563302404,302,0.7072100000000001,1,0,0,0
3084,3.0,4.760712777995474,1.760712777995484,243,0.7071149999999999,1,0,0,0
3085,3.0,4.9937645386768015,1.993764538676811,308,0.70702,1,0,0,0
3086,3.0,5.461471825728459,2.4614718257284656,405,0.706925,1,0,0,0
3087,3.0,5.010548995257702,2.0105489952577136,300,0.7068300000000001,1,0,0,0
3088,3.0,5.114778122388149,2.114778122388153,343,0.7067350000000001,1,0,0,0
3089,3.0,5.050517986272142,2.050517986272149,308,0.7066399999999999,1,0,0,0
3090,3.0,5.090535421911147,2.090535421911157,326,0.706545,1,0,0,0
3091,3.0,5.29619803102811,2.296198031028115,394,0.70645,1,0,0,0
3092,3.0,4.994714990828966,1.9947149908289805,291,0.7063550000000001,1,0,0,0
3093,3.0,5.106609109600726,2.1066091096007336,319,0.7062600000000001,1,0,0,0
3094,3.0,4.724281070244113,1.7242810702441278,239,0.7061649999999999,1,0,0,0
3095,3.0,4.715709724067359,1.7157097240673722,235,0.70607,1,0,0,0
3096,3.0,4.808600398326,1.8086003983260108,258,0.705975,1,0,0,0
3097,3.0,5.328069560370564,2.328069560370569,386,0.7058800000000001,1,0,0,0
3098,3.0,5.085488807080809,2.08548880708082,315,0.7057850000000001,1,0,0,0
3099,3.0,4.727431356688877,1.7274313566888873,232,0.7056899999999999,1,0,0,0
3100,3.0,4.811341387924453,1.811341387924463,257,0.705595,1,0,0,0
3101,3.0,4.980904036224997,1.9809040362250077,315,0.7055,1,0,0,0
3102,3.0,4.713865182472038,1.7138651824720468,245,0.7054050000000001,1,0,0,0
3103,3.0,5.15050648285844,2.150506482858451,334,0.7053100000000001,1,0,0,0
3104,3.0,4.729207992749516,1.7292079927495279,252,0.7052149999999999,1,0,0,0
3105,3.0,5.2768809561245265,2.276880956124538,371,0.70512,1,0,0,0
3106,3.0,4.959141303385377,1.9591413033853895,279,0.705025,1,0,0,0
3107,3.0,4.67953353340074,1.67953353340075,231,0.7049300000000001,1,0,0,0
3108,3.0,4.670125201687137,1.670125201687147,232,0.7048350000000001,1,0,0,0
3109,3.0,5.112744449585271,2.1127444495852807,328,0.7047399999999999,1,0,0,0
3110,3.0,4.961409657660285,1.9614096576602977,283,0.704645,1,0,0,0
3111,3.0,4.767432133634863,1.7674321336348722,245,0.70455,1,0,0,0
3112,3.0,4.936440952005284,1.936440952005296,278,0.704455,1,0,0,0
3113,3.0,4.808331012581464,1.8083310125814753,262,0.7043600000000001,1,0,0,0
3114,3.0,4.951496567367535,1.9514965673675428,297,0.7042649999999999,1,0,0,0
3115,3.0,4.72338952215643,1.7233895221564417,239,0.70417,1,0,0,0
3116,3.0,5.050915938658546,2.0509159386585574,309,0.704075,1,0,0,0
3117,3.0,4.591213215140563,1.591213215140575,210,0.70398,1,0,0,0
3118,3.0,5.145512125663859,2.145512125663868,329,0.7038850000000001,1,0,0,0
3119,3.0,5.085287766077469,2.085287766077479,328,0.7037899999999999,1,0,0,0
3120,3.0,5.105081157314098,2.105081157314108,326,0.703695,1,0,0,0
3121,3.0,4.944463668624129,1.9444636686241443,279,0.7036,1,0,0,0
3122,3.0,4.6398694823756195,1.6398694823756295,223,0.703505,1,0,0,0
3123,3.0,5.115530360640986,2.1155303606409945,324,0.7034100000000001,1,0,0,0
3124,3.0,5.154515299361956,2.1545152993619623,332,0.7033149999999999,1,0,0,0
3125,3.0,4.888047498375177,1.8880474983751894,274,0.70322,1,0,0,0
3126,3.0,5.327727967427291,2.3277279674272964,381,0.703125,1,0,0,0
3127,3.0,4.94849360919893,1.9484936091989402,306,0.70303,1,0,0,0
3128,3.0,4.852847979569421,1.852847979569433,267,0.7029350000000001,1,0,0,0
3129,3.0,4.874747848691378,1.8747478486913876,275,0.70284,1,0,0,0
3130,3.0,5.0791254059039845,2.0791254059039934,307,0.702745,1,0,0,0
3131,3.0,4.737853152139273,1.7378531521392826,241,0.70265,1,0,0,0
3132,3.0,4.669949870782466,1.669949870782476,233,0.702555,1,0,0,0
3133,3.0,4.663432388014159,1.6634323880141713,226,0.7024600000000001,1,0,0,0
3134,3.0,4.8470414109603475,1.8470414109603575,265,0.702365,1,0,0,0
3135,3.0,4.773585531848651,1.7735855318486613,251,0.70227,1,0,0,0
3136,3.0,4.548009955360093,1.548009955360102,203,0.702175,1,0,0,0
3137,3.0,5.034272359991527,2.0342723599915438,293,0.70208,1,0,0,0
3138,3.0,5.021237928605735,2.0212379286057445,300,0.7019850000000001,1,0,0,0
3139,3.0,4.614982656655008,1.6149826566550167,223,0.70189,1,0,0,0
3140,3.0,4.8455981073351095,1.8455981073351193,267,0.701795,1,0,0,0
3141,3.0,4.904062953602036,1.90406295360205,277,0.7017,1,0,0,0
3142,3.0,4.836212113313167,1.8362121133131775,273,0.701605,1,0,0,0
3143,3.0,5.297017188529954,2.2970171885299617,368,0.7015100000000001,1,0,0,0
3144,3.0,4.49203657134785,1.492036571347858,198,0.701415,1,0,0,0
3145,3.0,5.066423898626637,2.0664238986266463,312,0.7013199999999999,1,0,0,0
3146,3.0,4.449631149396719,1.4496311493967267,185,0.701225,1,0,0,0
3147,3.0,4.674287795577507,1.6742877955775168,246,0.70113,1,0,0,0
3148,3.0,4.602998703759925,1.6029987037599347,221,0.7010350000000001,1,0,0,0
3149,3.0,5.191189699682804,2.191189699682815,350,0.70094,1,0,0,0
3150,3.0,4.835455536964181,1.8354555369641912,270,0.7008449999999999,1,0,0,0
3151,3.0,5.107676781621546,2.1076767816215565,328,0.70075,1,0,0,0
3152,3.0,4.662343039413566,1.6623430394135759,232,0.700655,1,0,0,0
3153,3.0,4.9731375560081155,1.9731375560081255,283,0.7005600000000001,1,0,0,0
3154,3.0,5.117430708087793,2.1174307080878005,321,0.700465,1,0,0,0
3155,3.0,4.631722258644714,1.6317222586447229,225,0.7003699999999999,1,0,0,0
3156,3.0,4.884074616746923,1.8840746167469318,271,0.700275,1,0,0,0
3157,3.0,4.812617465763923,1.812617465763933,259,0.70018,1,0,0,0
3158,3.0,5.1526938294363465,2.15269382943636,341,0.7000850000000001,1,0,0,0
3159,3.0,4.9938717686902905,1.993871768690302,296,0.69999,1,0,0,0
3160,3.0,4.958956727204737,1.9589567272047481,291,0.6998949999999999,1,0,0,0
3161,3.0,4.819676017556855,1.8196760175568685,255,0.6998,1,0,0,0
3162,3.0,4.734731701882754,1.7347317018827633,246,0.699705,1,0,0,0
3163,3.0,4.749046759148921,1.7490467591489314,245,0.6996100000000001,1,0,0,0
3164,3.0,5.004808988644816,2.004808988644829,319,0.699515,1,0,0,0
3165,3.0,5.0035398109863545,2.0035398109863656,301,0.6994199999999999,1,0,0,0
3166,3.0,4.959395103793277,1.9593951037932882,289,0.699325,1,0,0,0
3167,3.0,4.61496262624321,1.6149626262432193,227,0.69923,1,0,0,0
3168,3.0,4.821786821781897,1.8217868217819064,268,0.6991350000000001,1,0,0,0
3169,3.0,4.6094329496895,1.609432949689512,217,0.69904,1,0,0,0
3170,3.0,4.952120256463389,1.9521202564634008,282,0.6989449999999999,1,0,0,0
3171,3.0,4.810179806179505,1.810179806179514,270,0.69885,1,0,0,0
3172,3.0,4.748222693167381,1.748222693167391,255,0.698755,1,0,0,0
3173,3.0,4.911694268494884,1.911694268494895,265,0.6986600000000001,1,0,0,0
3174,3.0,4.981718551942209,1.9817185519422216,291,0.698565,1,0,0,0
3175,3.0,4.89796279111251,1.8979627911125188,280,0.6984699999999999,1,0,0,0
3176,3.0,5.041882728757393,2.0418827287574013,300,0.698375,1,0,0,0
3177,3.0,4.872661209377443,1.8726612093774535,270,0.69828,1,0,0,0
3178,3.0,4.943704156973757,1.9437041569737687,295,0.6981850000000001,1,0,0,0
3179,3.0,5.034944868000002,2.0349448680000144,312,0.69809,1,0,0,0
3180,3.0,5.0144226247773105,2.0144226247773234,305,0.6979949999999999,1,0,0,0
3181,3.0,5.111586168045741,2.1115861680457457,326,0.6979,1,0,0,0
3182,3.0,4.900390581933879,1.9003905819338884,270,0.697805,1,0,0,0
3183,3.0,4.907998811063589,1.9079988110636015,278,0.69771,1,0,0,0
3184,3.0,4.966593641238909,1.966593641238918,291,0.697615,1,0,0,0
3185,3.0,4.717481923416842,1.7174819234168504,243,0.6975199999999999,1,0,0,0
3186,3.0,5.054979602619014,2.054979602619024,322,0.697425,1,0,0,0
3187,3.0,4.784567625527759,1.7845676255277718,250,0.69733,1,0,0,0
3188,3.0,4.62302538958519,1.6230253895852003,219,0.697235,1,0,0,0
3189,3.0,4.747163357538386,1.7471633575383965,243,0.6971400000000001,1,0,0,0
3190,3.0,4.770699578664697,1.7706995786647113,246,0.697045,1,0,0,0
3191,3.0,4.415203732729411,1.4152037327294187,181,0.69695,1,0,0,0
3192,3.0,4.683157976568254,1.6831579765682647,230,0.696855,1,0,0,0
3193,3.0,4.877022582766075,1.8770225827660847,262,0.69676,1,0,0,0
3194,3.0,4.919385805962797,1.9193858059628064,288,0.6966650000000001,1,0,0,0
3195,3.0,4.720378388223249,1.7203783882232593,233,0.69657,1,0,0,0
3196,3.0,4.764112316257961,1.764112316257973,248,0.696475,1,0,0,0
3197,3.0,4.854910949008973,1.8549109490089806,264,0.69638,1,0,0,0
3198,3.0,4.714221193001171,1.7142211930011804,252,0.696285,1,0,0,0
3199,3.0,4.786081700763802,1.7860817007638126,262,0.6961900000000001,1,0,0,0
3200,3.0,4.6122745258205695,1.6122745258205795,219,0.696095,1,0,0,0
3201,3.0,4.73520898928853,1.735208989288541,242,0.696,1,0,0,0
3202,3.0,4.939491994227854,1.939491994227864,295,0.695905,1,0,0,0
3203,3.0,4.492600850209318,1.4926008502093273,199,0.69581,1,0,0,0
3204,3.0,4.937114161157542,1.9371141611575557,282,0.6957150000000001,1,0,0,0
3205,3.0,4.790132008616575,1.7901320086165862,257,0.69562,1,0,0,0
3206,3.0,4.9392087550975265,1.9392087550975388,283,0.695525,1,0,0,0
3207,3.0,5.170206402274358,2.17020640227437,326,0.69543,1,0,0,0
3208,3.0,4.529340779524675,1.529340779524687,201,0.695335,1,0,0,0
3209,3.0,4.815706399215195,1.8157063992152032,263,0.6952400000000001,1,0,0,0
3210,3.0,5.121624207046782,2.121624207046792,336,0.695145,1,0,0,0
3211,3.0,4.729167819104877,1.729167819104888,237,0.69505,1,0,0,0
3212,3.0,5.055291808612848,2.055291808612859,320,0.694955,1,0,0,0
3213,3.0,4.877635269504232,1.8776352695042435,267,0.69486,1,0,0,0
3214,3.0,4.844088071599037,1.8440880715990489,262,0.6947650000000001,1,0,0,0
3215,3.0,4.646504199661167,1.646504199661178,222,0.69467,1,0,0,0
3216,3.0,4.955015985891004,1.9550159858910126,288,0.6945749999999999,1,0,0,0
3217,3.0,4.874545160844017,1.874545160844026,269,0.69448,1,0,0,0
3218,3.0,4.949069322199092,1.949069322199102,293,0.694385,1,0,0,0
3219,3.0,4.95012839149677,1.9501283914967844,288,0.6942900000000001,1,0,0,0
3220,3.0,4.816253772598097,1.8162537725981094,257,0.694195,1,0,0,0
3221,3.0,4.8074216156701155,1.8074216156701253,261,0.6940999999999999,1,0,0,0
3222,3.0,5.023385428107475,2.0233854281074826,326,0.694005,1,0,0,0
3223,3.0,4.980063400500692,1.980063400500704,288,0.69391,1,0,0,0
3224,3.0,4.913545782573085,1.9135457825730973,282,0.6938150000000001,1,0,0,0
3225,3.0,4.708245078983827,1.7082450789838357,236,0.69372,1,0,0,0
3226,3.0,5.236087983519005,2.2360879835190115,349,0.6936249999999999,1,0,0,0
3227,3.0,4.902632614596287,1.9026326145962966,287,0.69353,1,0,0,0
3228,3.0,4.952946201553886,1.9529462015538983,296,0.693435,1,0,0,0
3229,3.0,5.009520699414511,2.0095206994145207,311,0.6933400000000001,1,0,0,0
3230,3.0,5.0653299872908395,2.0653299872908493,309,0.693245,1,0,0,0
3231,3.0,4.69777211222218,1.6977721122221898,235,0.6931499999999999,1,0,0,0
3232,3.0,4.659078610651866,1.6590786106518773,225,0.693055,1,0,0,0
3233,3.0,4.802065103142928,1.8020651031429358,261,0.69296,1,0,0,0
3234,3.0,5.005751365901953,2.0057513659019612,304,0.6928650000000001,1,0,0,0
3235,3.0,4.660965323595871,1.6609653235958837,231,0.69277,1,0,0,0
3236,3.0,4.833778496990286,1.8337784969902973,269,0.6926749999999999,1,0,0,0
3237,3.0,4.943552366912519,1.9435523669125283,293,0.69258,1,0,0,0
3238,3.0,4.7520496050442915,1.7520496050443024,248,0.692485,1,0,0,0
3239,3.0,4.827945658917097,1.82794565891711,273,0.6923900000000001,1,0,0,0
3240,3.0,5.187970772307169,2.187970772307175,342,0.692295,1,0,0,0
3241,3.0,4.970898144702045,1.970898144702055,289,0.6921999999999999,1,0,0,0
3242,3.0,5.247551705913542,2.2475517059135472,358,0.692105,1,0,0,0
3243,3.0,5.074499929543119,2.0744999295431326,304,0.69201,1,0,0,0
3244,3.0,4.996892746064615,1.9968927460646315,291,0.6919150000000001,1,0,0,0
3245,3.0,4.693087370397925,1.693087370397934,230,0.69182,1,0,0,0
3246,3.0,4.744814504468808,1.7448145044688215,241,0.6917249999999999,1,0,0,0
3247,3.0,5.065061073574428,2.0650610735744386,313,0.69163,1,0,0,0
3248,3.0,4.749235055996344,1.7492350559963559,244,0.691535,1,0,0,0
3249,3.0,4.809590945148313,1.8095909451483256,251,0.69144,1,0,0,0
3250,3.0,4.748230362241168,1.7482303622411781,247,0.691345,1,0,0,0
3251,3.0,5.047455501888848,2.047455501888856,324,0.69125,1,0,0,0
3252,3.0,4.962902306057854,1.9629023060578679,291,0.691155,1,0,0,0
3253,3.0,4.694807205956957,1.6948072059569685,228,0.69106,1,0,0,0
3254,3.0,4.836935458537645,1.8369354585376556,259,0.690965,1,0,0,0
3255,3.0,4.878331380535924,1.878331380535933,269,0.69087,1,0,0,0
3256,3.0,4.733205768450547,1.7332057684505577,241,0.690775,1,0,0,0
3257,3.0,4.659885153275024,1.6598851532750347,232,0.69068,1,0,0,0
3258,3.0,4.836931380401874,1.8369313804018828,263,0.690585,1,0,0,0
3259,3.0,4.8173317621743,1.8173317621743104,259,0.69049,1,0,0,0
3260,3.0,4.70369358021277,1.7036935802127793,239,0.690395,1,0,0,0
3261,3.0,4.683065956316561,1.6830659563165715,225,0.6903,1,0,0,0
3262,3.0,4.812193961245396,1.8121939612454057,255,0.690205,1,0,0,0
3263,3.0,4.716122639233632,1.716122639233642,244,0.69011,1,0,0,0
3264,3.0,5.033441557893316,2.03344155789333,304,0.690015,1,0,0,0
3265,3.0,4.826913021965979,1.826913021965992,255,0.68992,1,0,0,0
3266,3.0,4.956834804238219,1.9568348042382315,290,0.689825,1,0,0,0
3267,3.0,4.731356138678873,1.731356138678886,237,0.68973,1,0,0,0
3268,3.0,4.927866962890567,1.9278669628905745,295,0.689635,1,0,0,0
3269,3.0,4.343354521168051,1.3433545211680564,168,0.68954,1,0,0,0
3270,3.0,4.859736262263024,1.859736262263033,271,0.689445,1,0,0,0
3271,3.0,5.019854388720546,2.0198543887205576,309,0.68935,1,0,0,0
3272,3.0,4.875844628642016,1.8758446286420243,281,0.689255,1,0,0,0
3273,3.0,5.141804501795958,2.1418045017959653,336,0.68916,1,0,0,0
3274,3.0,4.744483975096293,1.7444839750963,248,0.689065,1,0,0,0
3275,3.0,4.926617741392938,1.9266177413929497,279,0.68897,1,0,0,0
3276,3.0,4.866398678418528,1.8663986784185391,267,0.688875,1,0,0,0
3277,3.0,4.8714109769587335,1.8714109769587444,285,0.68878,1,0,0,0
3278,3.0,4.535853653136064,1.5358536531360738,202,0.688685,1,0,0,0
3279,3.0,4.601178715812971,1.6011787158129782,215,0.68859,1,0,0,0
3280,3.0,4.484756585579486,1.4847565855794953,192,0.688495,1,0,0,0
3281,3.0,4.854027107499086,1.8540271074990964,267,0.6884,1,0,0,0
3282,3.0,4.707360563039234,1.7073605630392457,241,0.688305,1,0,0,0
3283,3.0,4.631928155459625,1.6319281554596377,228,0.68821,1,0,0,0
3284,3.0,4.638288291473767,1.638288291473778,225,0.688115,1,0,0,0
3285,3.0,5.016195856041225,2.016195856041236,291,0.68802,1,0,0,0
3286,3.0,4.904780045774679,1.9047800457746893,279,0.687925,1,0,0,0
3287,3.0,4.805571789753364,1.8055717897533723,250,0.6878299999999999,1,0,0,0
3288,3.0,4.668176669677831,1.668176669677843,230,0.687735,1,0,0,0
3289,3.0,5.078521214346034,2.078521214346045,315,0.68764,1,0,0,0
3290,3.0,4.844897145939462,1.844897145939474,261,0.6875450000000001,1,0,0,0
3291,3.0,4.859490687075612,1.8594906870756225,272,0.68745,1,0,0,0
3292,3.0,4.814644224065757,1.8146442240657685,263,0.6873549999999999,1,0,0,0
3293,3.0,5.064076332479781,2.064076332479793,315,0.68726,1,0,0,0
3294,3.0,4.710025182093888,1.7100251820938959,245,0.687165,1,0,0,0
3295,3.0,4.669861804056567,1.669861804056578,232,0.6870700000000001,1,0,0,0
3296,3.0,4.821937156868509,1.8219371568685179,258,0.686975,1,0,0,0
3297,3.0,4.498694061499863,1.4986940614998732,197,0.6868799999999999,1,0,0,0
3298,3.0,4.790531805133654,1.7905318051336674,254,0.686785,1,0,0,0
3299,3.0,4.8987882085165095,1.8987882085165229,272,0.68669,1,0,0,0
3300,3.0,4.846657267712437,1.8466572677124509,278,0.6865950000000001,1,0,0,0
3301,3.0,4.65675059442961,1.6567505944296197,222,0.6865,1,0,0,0
3302,3.0,4.926440439332962,1.926440439332973,277,0.6864049999999999,1,0,0,0
3303,3.0,5.185173879230748,2.1851738792307556,353,0.68631,1,0,0,0
3304,3.0,4.664300617908287,1.6643006179082986,231,0.686215,1,0,0,0
3305,3.0,5.273562949970482,2.2735629499704886,348,0.6861200000000001,1,0,0,0
3306,3.0,4.678382010970336,1.678382010970344,236,0.686025,1,0,0,0
3307,3.0,5.328194825997068,2.328194825997072,370,0.6859299999999999,1,0,0,0
3308,3.0,4.718879900000865,1.7188799000008752,241,0.685835,1,0,0,0
3309,3.0,4.871895590659578,1.8718955906595875,271,0.68574,1,0,0,0
3310,3.0,4.510017507563159,1.5100175075631694,198,0.6856450000000001,1,0,0,0
3311,3.0,4.8558007599643,1.8558007599643096,269,0.68555,1,0,0,0
3312,3.0,4.736457819726267,1.7364578197262772,244,0.685455,1,0,0,0
3313,3.0,4.728015548508926,1.7280155485089372,235,0.68536,1,0,0,0
3314,3.0,4.695332893505665,1.6953328935056737,239,0.685265,1,0,0,0
3315,3.0,4.846036249867907,1.8460362498679177,266,0.6851700000000001,1,0,0,0
3316,3.0,4.763333249714849,1.763333249714859,245,0.685075,1,0,0,0
3317,3.0,4.987001145288469,1.9870011452884775,294,0.68498,1,0,0,0
3318,3.0,4.858571508294668,1.8585715082946777,265,0.684885,1,0,0,0
3319,3.0,4.470154540640442,1.4701545406404495,196,0.68479,1,0,0,0
3320,3.0,5.048031896743181,2.0480318967431934,316,0.684695,1,0,0,0
3321,3.0,4.781498212347363,1.781498212347373,251,0.6846,1,0,0,0
3322,3.0,4.894338973269061,1.8943389732690716,281,0.684505,1,0,0,0
3323,3.0,4.636199712776864,1.6361997127768735,220,0.68441,1,0,0,0
3324,3.0,4.895816441083835,1.8958164410838443,275,0.684315,1,0,0,0
3325,3.0,4.712828219669564,1.7128282196695754,237,0.68422,1,0,0,0
3326,3.0,5.309951655515312,2.3099516555153152,382,0.684125,1,0,0,0
3327,3.0,4.847405189645063,1.847405189645073,265,0.68403,1,0,0,0
3328,3.0,4.778238030391327,1.7782380303913394,250,0.683935,1,0,0,0
3329,3.0,5.176972804131519,2.176972804131527,338,0.68384,1,0,0,0
3330,3.0,4.645594288976424,1.645594288976435,218,0.683745,1,0,0,0
3331,3.0,4.944247236650196,1.9442472366502097,280,0.68365,1,0,0,0
3332,3.0,4.93683424414723,1.9368342441472415,274,0.683555,1,0,0,0
3333,3.0,5.306931286243761,2.3069312862437643,369,0.68346,1,0,0,0
3334,3.0,4.495102343157865,1.495102343157877,199,0.683365,1,0,0,0
3335,3.0,5.114781540344269,2.114781540344278,328,0.68327,1,0,0,0
3336,3.0,4.702123597076062,1.7021235970760697,238,0.683175,1,0,0,0
3337,3.0,4.768094381377706,1.7680943813777155,254,0.68308,1,0,0,0
3338,3.0,4.491464920357191,1.4914649203572,195,0.682985,1,0,0,0
3339,3.0,4.810215782686447,1.8102157826864569,257,0.68289,1,0,0,0
3340,3.0,4.733773458802612,1.7337734588026208,257,0.682795,1,0,0,0
3341,3.0,4.91340199969166,1.9134019996916722,290,0.6827,1,0,0,0
3342,3.0,4.704416699562447,1.704416699562458,234,0.682605,1,0,0,0
3343,3.0,4.801948484357105,1.8019484843571179,264,0.68251,1,0,0,0
3344,3.0,5.027900562211947,2.0279005622119595,304,0.682415,1,0,0,0
3345,3.0,4.536513798974559,1.5365137989745696,203,0.68232,1,0,0,0
3346,3.0,4.715872823424535,1.7158728234245437,235,0.682225,1,0,0,0
3347,3.0,4.700395397199637,1.7003953971996475,233,0.68213,1,0,0,0
3348,3.0,4.643331422711856,1.643331422711865,227,0.682035,1,0,0,0
3349,3.0,4.728963032575189,1.7289630325752008,238,0.68194,1,0,0,0
3350,3.0,4.885721519442477,1.8857215194424888,263,0.681845,1,0,0,0
3351,3.0,4.810918687909874,1.810918687909885,254,0.6817500000000001,1,0,0,0
3352,3.0,4.750012541430955,1.7500125414309644,246,0.681655,1,0,0,0
3353,3.0,4.646161813102008,1.646161813102017,230,0.6815599999999999,1,0,0,0
3354,3.0,5.135402142639601,2.1354021426396055,332,0.681465,1,0,0,0
3355,3.0,4.539989804225186,1.5399898042251956,201,0.68137,1,0,0,0
3356,3.0,5.199252122453835,2.199252122453841,356,0.6812750000000001,1,0,0,0
3357,3.0,4.770682839625293,1.7706828396253051,245,0.68118,1,0,0,0
3358,3.0,4.963689089567867,1.9636890895678825,280,0.6810849999999999,1,0,0,0
3359,3.0,4.480998383439687,1.4809983834396965,192,0.68099,1,0,0,0
3360,3.0,4.726694337874601,1.7266943378746102,245,0.680895,1,0,0,0
3361,3.0,4.4748007911020125,1.4748007911020222,192,0.6808000000000001,1,0,0,0
3362,3.0,4.589709045318211,1.5897090453182208,214,0.680705,1,0,0,0
3363,3.0,4.767771944476603,1.767771944476614,243,0.6806099999999999,1,0,0,0
3364,3.0,4.687739283663348,1.6877392836633565,236,0.680515,1,0,0,0
3365,3.0,5.052654092697606,2.052654092697619,298,0.68042,1,0,0,0
3366,3.0,4.7692350444953675,1.7692350444953813,251,0.6803250000000001,1,0,0,0
3367,3.0,4.705731851297507,1.7057318512975155,239,0.68023,1,0,0,0
3368,3.0,4.392279504507343,1.3922795045073528,180,0.6801349999999999,1,0,0,0
3369,3.0,4.62628052642698,1.6262805264269884,216,0.68004,1,0,0,0
3370,3.0,4.815695391889808,1.8156953918898193,255,0.679945,1,0,0,0
3371,3.0,4.832580204534128,1.8325802045341384,258,0.6798500000000001,1,0,0,0
3372,3.0,4.5571949550541895,1.5571949550542015,204,0.679755,1,0,0,0
3373,3.0,4.788420304256627,1.7884203042566362,262,0.67966,1,0,0,0
3374,3.0,4.728054329884877,1.7280543298848867,248,0.679565,1,0,0,0
3375,3.0,4.665582964852058,1.665582964852069,231,0.67947,1,0,0,0
3376,3.0,4.870033268578643,1.8700332685786505,268,0.6793750000000001,1,0,0,0
3377,3.0,5.036612745259433,2.036612745259446,304,0.67928,1,0,0,0
3378,3.0,4.756926723180571,1.7569267231805834,247,0.679185,1,0,0,0
3379,3.0,4.735822905903769,1.735822905903779,249,0.67909,1,0,0,0
3380,3.0,4.917949955952047,1.917949955952059,285,0.678995,1,0,0,0
3381,3.0,4.8572248318924505,1.8572248318924596,274,0.6789000000000001,1,0,0,0
3382,3.0,4.9397416999958885,1.9397416999959025,284,0.678805,1,0,0,0
3383,3.0,4.769674396684576,1.7696743966845883,249,0.67871,1,0,0,0
3384,3.0,4.914320299064514,1.9143202990645247,280,0.678615,1,0,0,0
3385,3.0,4.93005611435204,1.9300561143520516,287,0.67852,1,0,0,0
3386,3.0,4.491401890321496,1.4914018903215032,198,0.6784250000000001,1,0,0,0
3387,3.0,5.054726949806756,2.0547269498067706,305,0.67833,1,0,0,0
3388,3.0,4.6083854231431225,1.6083854231431305,226,0.678235,1,0,0,0
3389,3.0,4.727927204081844,1.7279272040818525,236,0.67814,1,0,0,0
3390,3.0,5.111706290571311,2.111706290571325,319,0.678045,1,0,0,0
3391,3.0,4.848994334302258,1.8489943343022672,262,0.67795,1,0,0,0
3392,3.0,5.18632765903922,2.1863276590392315,329,0.677855,1,0,0,0
3393,3.0,4.598040973433189,1.5980409734332017,211,0.67776,1,0,0,0
3394,3.0,4.8357781041626975,1.8357781041627073,275,0.677665,1,0,0,0
3395,3.0,4.751967474834293,1.7519674748343048,245,0.67757,1,0,0,0
3396,3.0,5.044370047658292,2.044370047658307,301,0.677475,1,0,0,0
3397,3.0,4.642076494361264,1.642076494361272,221,0.67738,1,0,0,0
3398,3.0,4.91043314246212,1.9104331424621313,276,0.677285,1,0,0,0
3399,3.0,4.7640138448649845,1.7640138448649973,243,0.67719,1,0,0,0
3400,3.0,5.006317361227769,2.0063173612277767,305,0.677095,1,0,0,0
3401,3.0,4.647136703442694,1.647136703442704,231,0.677,1,0,0,0
3402,3.0,4.7567523457401295,1.7567523457401388,246,0.676905,1,0,0,0
3403,3.0,4.676665429677076,1.676665429677087,241,0.67681,1,0,0,0
3404,3.0,4.875794205693126,1.8757942056931358,277,0.676715,1,0,0,0
3405,3.0,5.013872495580945,2.0138724955809546,301,0.67662,1,0,0,0
3406,3.0,4.603275098397289,1.603275098397298,227,0.676525,1,0,0,0
3407,3.0,4.7495401789749,1.74954017897491,249,0.67643,1,0,0,0
3408,3.0,4.953801562085949,1.9538015620859588,285,0.676335,1,0,0,0
3409,3.0,4.940345001937802,1.9403450019378117,290,0.67624,1,0,0,0
3410,3.0,4.879686776556261,1.8796867765562693,275,0.676145,1,0,0,0
3411,3.0,4.7736029966015305,1.7736029966015383,246,0.67605,1,0,0,0
3412,3.0,4.91138586376292,1.9113858637629308,281,0.6759550000000001,1,0,0,0
3413,3.0,4.711708191561605,1.7117081915616135,251,0.67586,1,0,0,0
3414,3.0,4.780037963684542,1.780037963684552,248,0.675765,1,0,0,0
3415,3.0,4.806462303262676,1.8064623032626843,260,0.67567,1,0,0,0
3416,3.0,4.513942509182891,1.5139425091829,200,0.675575,1,0,0,0
3417,3.0,4.5744290250428055,1.574429025042816,215,0.6754800000000001,1,0,0,0
3418,3.0,4.706427916838344,1.706427916838357,234,0.675385,1,0,0,0
3419,3.0,4.758559110395519,1.7585591103955314,250,0.67529,1,0,0,0
3420,3.0,4.824131905798238,1.8241319057982501,252,0.675195,1,0,0,0
3421,3.0,4.641075139160701,1.6410751391607112,224,0.6751,1,0,0,0
3422,3.0,4.484551413144985,1.4845514131449933,198,0.6750050000000001,1,0,0,0
3423,3.0,4.611967290806435,1.6119672908064446,220,0.67491,1,0,0,0
3424,3.0,4.645826466681191,1.6458264666812004,218,0.6748149999999999,1,0,0,0
3425,3.0,4.976424697128008,1.9764246971280175,290,0.67472,1,0,0,0
3426,3.0,4.802221879602065,1.8022218796020786,256,0.674625,1,0,0,0
3427,3.0,4.894664112885161,1.8946641128851736,287,0.6745300000000001,1,0,0,0
3428,3.0,4.604187499141718,1.6041874991417295,212,0.674435,1,0,0,0
3429,3.0,4.865135965368632,1.8651359653686437,277,0.6743399999999999,1,0,0,0
3430,3.0,4.767604806222963,1.7676048062229701,252,0.674245,1,0,0,0
3431,3.0,4.8722792697164214,1.8722792697164319,267,0.67415,1,0,0,0
3432,3.0,4.690361919995785,1.6903619199957942,233,0.6740550000000001,1,0,0,0
3433,3.0,4.610868308031588,1.610868308031597,218,0.67396,1,0,0,0
3434,3.0,4.746497615832645,1.7464976158326553,246,0.673865,1,0,0,0
3435,3.0,4.634987687258627,1.6349876872586366,218,0.67377,1,0,0,0
3436,3.0,5.136646672699811,2.136646672699822,318,0.673675,1,0,0,0
3437,3.0,4.943860828220795,1.9438608282208047,283,0.6735800000000001,1,0,0,0
3438,3.0,4.77894484456848,1.7789448445684912,265,0.673485,1,0,0,0
3439,3.0,5.00716512331274,2.0071651233127503,295,0.67339,1,0,0,0
3440,3.0,4.818434332777027,1.8184343327770367,254,0.673295,1,0,0,0
3441,3.0,4.703264071295926,1.7032640712959362,242,0.6732,1,0,0,0
3442,3.0,4.771160822688515,1.7711608226885271,243,0.6731050000000001,1,0,0,0
3443,3.0,4.943062208654476,1.9430622086544884,273,0.67301,1,0,0,0
3444,3.0,5.022061224391001,2.02206122439101,300,0.672915,1,0,0,0
3445,3.0,4.638908497134665,1.638908497134674,220,0.67282,1,0,0,0
3446,3.0,4.725761998696338,1.725761998696349,239,0.672725,1,0,0,0
3447,3.0,4.883624682228559,1.883624682228572,274,0.6726300000000001,1,0,0,0
3448,3.0,4.624048566098081,1.6240485660980926,222,0.672535,1,0,0,0
3449,3.0,4.7086660096880975,1.7086660096881057,231,0.67244,1,0,0,0
3450,3.0,4.62534687442696,1.6253468744269677,219,0.672345,1,0,0,0
3451,3.0,4.932216289231904,1.932216289231919,282,0.67225,1,0,0,0
3452,3.0,4.9340368002707615,1.9340368002707726,282,0.6721550000000001,1,0,0,0
3453,3.0,5.244382584517446,2.2443825845174525,340,0.67206,1,0,0,0
3454,3.0,5.130069821332524,2.130069821332534,324,0.671965,1,0,0,0
3455,3.0,4.798130344570475,1.7981303445704846,255,0.67187,1,0,0,0
3456,3.0,4.706028654282318,1.70602865428233,233,0.671775,1,0,0,0
3457,3.0,4.72407827514679,1.7240782751467998,250,0.67168,1,0,0,0
3458,3.0,4.764774102661639,1.7647741026616501,249,0.671585,1,0,0,0
3459,3.0,4.929917131290453,1.9299171312904642,278,0.67149,1,0,0,0
3460,3.0,4.532159790540383,1.532159790540395,208,0.671395,1,0,0,0
3461,3.0,4.756259577657051,1.7562595776570644,241,0.6713,1,0,0,0
3462,3.0,4.652351614358301,1.6523516143583126,231,0.671205,1,0,0,0
3463,3.0,5.082258480233582,2.082258480233587,320,0.67111,1,0,0,0
3464,3.0,4.636479708023762,1.6364797080237705,240,0.671015,1,0,0,0
3465,3.0,4.805649235595108,1.805649235595117,252,0.67092,1,0,0,0
3466,3.0,4.645547061581729,1.645547061581739,223,0.670825,1,0,0,0
3467,3.0,4.672767320787006,1.672767320787017,234,0.67073,1,0,0,0
3468,3.0,4.969554401255046,1.9695544012550565,294,0.670635,1,0,0,0
3469,3.0,4.829914175209761,1.8299141752097705,265,0.67054,1,0,0,0
3470,3.0,4.767646502295696,1.7676465022957057,247,0.670445,1,0,0,0
3471,3.0,4.490632538117886,1.4906325381178962,196,0.67035,1,0,0,0
3472,3.0,4.768181600486885,1.7681816004868958,249,0.670255,1,0,0,0
3473,3.0,4.812658541829059,1.8126585418290702,259,0.6701600000000001,1,0,0,0
3474,3.0,4.5054325021041315,1.5054325021041393,199,0.670065,1,0,0,0
3475,3.0,4.646371429425459,1.6463714294254699,221,0.66997,1,0,0,0
3476,3.0,4.7148830014137655,1.714883001413775,244,0.669875,1,0,0,0
3477,3.0,4.910620690643061,1.9106206906430714,278,0.66978,1,0,0,0
3478,3.0,4.671790200444507,1.6717902004445178,241,0.6696850000000001,1,0,0,0
3479,3.0,4.720586829243349,1.7205868292433595,239,0.66959,1,0,0,0
3480,3.0,4.907607054484904,1.907607054484916,277,0.669495,1,0,0,0
3481,3.0,4.66073355555659,1.6607335555565979,231,0.6694,1,0,0,0
3482,3.0,4.807223398924841,1.8072233989248527,253,0.669305,1,0,0,0
3483,3.0,4.863232871143725,1.8632328711437367,265,0.6692100000000001,1,0,0,0
3484,3.0,4.534329130118078,1.5343291301180877,196,0.669115,1,0,0,0
3485,3.0,4.610670288027626,1.6106702880276345,219,0.66902,1,0,0,0
3486,3.0,4.90067796474529,1.9006779647453027,271,0.668925,1,0,0,0
3487,3.0,4.523170245681133,1.5231702456811416,200,0.66883,1,0,0,0
3488,3.0,4.6745699527873565,1.674569952787368,233,0.6687350000000001,1,0,0,0
3489,3.0,4.813146463683538,1.8131464636835477,279,0.66864,1,0,0,0
3490,3.0,4.923602112745181,1.923602112745192,288,0.668545,1,0,0,0
3491,3.0,4.8405375649636575,1.8405375649636688,265,0.66845,1,0,0,0
3492,3.0,4.626821990720755,1.6268219907207646,224,0.668355,1,0,0,0
3493,3.0,4.6116148855631565,1.6116148855631647,220,0.6682600000000001,1,0,0,0
3494,3.0,4.533087645118631,1.5330876451186382,199,0.668165,1,0,0,0
3495,3.0,4.52419143568155,1.5241914356815587,201,0.66807,1,0,0,0
3496,3.0,4.828175949496897,1.8281759494969076,259,0.667975,1,0,0,0
3497,3.0,4.925327528917135,1.9253275289171474,275,0.66788,1,0,0,0
3498,3.0,4.739508603029458,1.739508603029468,245,0.6677850000000001,1,0,0,0
3499,3.0,4.857248411700267,1.8572484117002797,273,0.66769,1,0,0,0
3500,3.0,4.677148875781214,1.6771488757812238,230,0.667595,1,0,0,0
3501,3.0,4.895873724753121,1.895873724753137,265,0.6675,1,0,0,0
3502,3.0,4.575477112156472,1.5754771121564826,208,0.667405,1,0,0,0
3503,3.0,4.593305629821702,1.5933056298217125,217,0.6673100000000001,1,0,0,0
3504,3.0,4.658010449180458,1.6580104491804701,229,0.667215,1,0,0,0
3505,3.0,5.116206555246501,2.116206555246513,319,0.66712,1,0,0,0
3506,3.0,4.580113857700394,1.5801138577004026,212,0.667025,1,0,0,0
3507,3.0,4.913352936956416,1.913352936956428,273,0.66693,1,0,0,0
3508,3.0,4.85256583057596,1.8525658305759705,268,0.6668350000000001,1,0,0,0
3509,3.0,4.814081549479594,1.8140815494796025,259,0.66674,1,0,0,0
3510,3.0,4.8032560045455694,1.8032560045455792,272,0.666645,1,0,0,0
3511,3.0,4.5990325281102535,1.5990325281102624,221,0.66655,1,0,0,0
3512,3.0,5.038872394926631,2.038872394926641,322,0.666455,1,0,0,0
3513,3.0,4.5426116451634755,1.5426116451634846,207,0.6663600000000001,1,0,0,0
3514,3.0,4.830705544036125,1.8307055440361384,250,0.666265,1,0,0,0
3515,3.0,4.696811045949113,1.6968110459491228,231,0.66617,1,0,0,0
3516,3.0,4.828107662261949,1.8281076622619603,264,0.666075,1,0,0,0
3517,3.0,4.621210068242891,1.6212100682428998,219,0.66598,1,0,0,0
3518,3.0,4.717909043037439,1.7179090430374513,236,0.6658850000000001,1,0,0,0
3519,3.0,4.626736824554701,1.626736824554708,223,0.66579,1,0,0,0
3520,3.0,4.81282748125513,1.8128274812551393,257,0.665695,1,0,0,0
3521,3.0,4.736563101111294,1.7365631011113045,245,0.6656,1,0,0,0
3522,3.0,4.839222522640634,1.8392225226406462,262,0.665505,1,0,0,0
3523,3.0,4.984253675365752,1.9842536753657598,302,0.6654100000000001,1,0,0,0
3524,3.0,4.832894726605468,1.8328947266054763,267,0.665315,1,0,0,0
3525,3.0,4.857050987794036,1.857050987794047,269,0.66522,1,0,0,0
3526,3.0,4.742854090462801,1.7428540904628114,245,0.665125,1,0,0,0
3527,3.0,4.972322918928972,1.9723229189289833,290,0.66503,1,0,0,0
3528,3.0,4.833578048408975,1.8335780484089852,259,0.664935,1,0,0,0
3529,3.0,4.710469442426118,1.710469442426127,240,0.66484,1,0,0,0
3530,3.0,4.689271820516941,1.6892718205169521,239,0.664745,1,0,0,0
3531,3.0,4.686697847333058,1.6866978473330652,230,0.66465,1,0,0,0
3532,3.0,4.723028344264847,1.723028344264858,239,0.664555,1,0,0,0
3533,3.0,4.841086901108122,1.8410869011081317,264,0.66446,1,0,0,0
3534,3.0,4.454641561666703,1.454641561666713,187,0.6643650000000001,1,0,0,0
3535,3.0,5.167292714167756,2.1672927141677634,339,0.66427,1,0,0,0
3536,3.0,4.7224188526660456,1.7224188526660549,244,0.664175,1,0,0,0
3537,3.0,4.85327186276842,1.853271862768432,262,0.66408,1,0,0,0
3538,3.0,4.732805713075605,1.7328057130756165,245,0.663985,1,0,0,0
3539,3.0,4.569270933728854,1.5692709337288635,206,0.6638900000000001,1,0,0,0
3540,3.0,4.334374283380496,1.3343742833805032,169,0.663795,1,0,0,0
3541,3.0,5.039809206330189,2.0398092063301996,313,0.6637,1,0,0,0
3542,3.0,4.833739326305413,1.8337393263054242,272,0.663605,1,0,0,0
3543,3.0,4.536677823700438,1.5366778237004453,207,0.66351,1,0,0,0
3544,3.0,4.904377084780846,1.904377084780857,274,0.6634150000000001,1,0,0,0
3545,3.0,4.991645156447428,1.9916451564474393,296,0.66332,1,0,0,0
3546,3.0,4.69769477234262,1.6976947723426308,231,0.663225,1,0,0,0
3547,3.0,4.543430241419667,1.5434302414196777,219,0.66313,1,0,0,0
3548,3.0,4.845619798117559,1.8456197981175695,276,0.663035,1,0,0,0
3549,3.0,5.00459690373523,2.004596903735244,309,0.6629400000000001,1,0,0,0
3550,3.0,4.52836089311101,1.5283608931110213,202,0.662845,1,0,0,0
3551,3.0,4.4495678814312765,1.4495678814312858,182,0.66275,1,0,0,0
3552,3.0,4.882176857881611,1.8821768578816207,275,0.662655,1,0,0,0
3553,3.0,4.698193681405598,1.698193681405608,236,0.66256,1,0,0,0
3554,3.0,4.561254584210873,1.5612545842108834,207,0.6624650000000001,1,0,0,0
3555,3.0,4.709839148573123,1.7098391485731332,240,0.66237,1,0,0,0
3556,3.0,4.678285259384994,1.678285259385007,231,0.6622750000000001,1,0,0,0
3557,3.0,4.955022094277579,1.9550220942775889,292,0.66218,1,0,0,0
3558,3.0,4.872157544742796,1.8721575447428045,275,0.662085,1,0,0,0
3559,3.0,4.543577034534216,1.5435770345342252,206,0.6619900000000001,1,0,0,0
3560,3.0,4.760845114147244,1.7608451141472554,247,0.661895,1,0,0,0
3561,3.0,4.722689399038037,1.722689399038049,238,0.6618,1,0,0,0
3562,3.0,4.816440558551135,1.8164405585511472,266,0.661705,1,0,0,0
3563,3.0,4.6807999226070365,1.6807999226070436,235,0.66161,1,0,0,0
3564,3.0,4.695057146237701,1.6950571462377118,239,0.6615150000000001,1,0,0,0
3565,3.0,4.928347902108245,1.928347902108254,280,0.66142,1,0,0,0
3566,3.0,4.987568116811186,1.9875681168111965,290,0.661325,1,0,0,0
3567,3.0,4.991305905891464,1.9913059058914766,286,0.66123,1,0,0,0
3568,3.0,4.770513381294112,1.7705133812941216,252,0.661135,1,0,0,0
3569,3.0,4.51924571985017,1.5192457198501796,205,0.6610400000000001,1,0,0,0
3570,3.0,4.87411162185914,1.8741116218591505,267,0.660945,1,0,0,0
3571,3.0,4.6872165056254325,1.6872165056254413,231,0.66085,1,0,0,0
3572,3.0,4.791412385572434,1.791412385572444,253,0.660755,1,0,0,0
3573,3.0,4.792773109067108,1.7927731090671193,253,0.66066,1,0,0,0
3574,3.0,4.884467314284079,1.8844673142840884,279,0.6605650000000001,1,0,0,0
3575,3.0,4.629619120953871,1.6296191209538784,218,0.66047,1,0,0,0
3576,3.0,4.9198897728609445,1.919889772860955,284,0.660375,1,0,0,0
3577,3.0,4.441714157301307,1.441714157301315,182,0.66028,1,0,0,0
3578,3.0,4.6670406466081795,1.667040646608189,227,0.660185,1,0,0,0
3579,3.0,4.734480087978432,1.734480087978442,247,0.6600900000000001,1,0,0,0
3580,3.0,4.547007982484905,1.5470079824849152,202,0.659995,1,0,0,0
3581,3.0,4.72356636437474,1.7235663643747514,248,0.6599,1,0,0,0
3582,3.0,4.818892790074205,1.818892790074216,258,0.659805,1,0,0,0
3583,3.0,4.826822139807623,1.826822139807634,277,0.65971,1,0,0,0
3584,3.0,4.8159230118561,1.815923011856111,261,0.6596150000000001,1,0,0,0
3585,3.0,4.73590693168242,1.7359069316824307,245,0.65952,1,0,0,0
3586,3.0,4.602530636609736,1.6025306366097463,222,0.659425,1,0,0,0
3587,3.0,4.715259008599646,1.7152590085996562,236,0.65933,1,0,0,0
3588,3.0,4.912583455315222,1.9125834553152354,276,0.659235,1,0,0,0
3589,3.0,4.591226910357021,1.5912269103570273,215,0.6591400000000001,1,0,0,0
3590,3.0,4.674078842846983,1.6740788428469933,223,0.659045,1,0,0,0
3591,3.0,4.478083145433992,1.4780831454339984,196,0.65895,1,0,0,0
3592,3.0,4.8918517290120445,1.8918517290120531,268,0.658855,1,0,0,0
3593,3.0,4.877941284211274,1.8779412842112848,269,0.65876,1,0,0,0
3594,3.0,4.577977736162847,1.5779777361628557,215,0.6586650000000001,1,0,0,0
3595,3.0,4.660003765731343,1.6600037657313522,228,0.6585700000000001,1,0,0,0
3596,3.0,4.782836279690333,1.7828362796903452,253,0.658475,1,0,0,0
3597,3.0,4.659059794937905,1.6590597949379147,222,0.65838,1,0,0,0
3598,3.0,4.981582463596201,1.9815824635962145,281,0.658285,1,0,0,0
3599,3.0,4.596969358518365,1.596969358518376,212,0.65819,1,0,0,0
3600,3.0,4.856397404237288,1.8563974042373,258,0.6580950000000001,1,0,0,0
3601,3.0,4.506856300339216,1.5068563003392266,203,0.658,1,0,0,0
3602,3.0,4.500378765205973,1.5003787652059832,191,0.657905,1,0,0,0
3603,3.0,5.015082097747243,2.0150820977472548,303,0.65781,1,0,0,0
3604,3.0,4.950562205612831,1.9505622056128418,282,0.657715,1,0,0,0
3605,3.0,4.8277716248562434,1.8277716248562548,268,0.6576200000000001,1,0,0,0
3606,3.0,4.930928450939852,1.9309284509398643,287,0.657525,1,0,0,0
3607,3.0,4.900453409395745,1.9004534093957552,280,0.65743,1,0,0,0
3608,3.0,4.660061445397137,1.6600614453971474,223,0.657335,1,0,0,0
3609,3.0,4.898349921744316,1.8983499217443267,284,0.65724,1,0,0,0
3610,3.0,4.5098242527105885,1.5098242527105987,199,0.6571450000000001,1,0,0,0
3611,3.0,4.637028695897797,1.637028695897808,225,0.65705,1,0,0,0
3612,3.0,4.534715839918432,1.5347158399184413,204,0.656955,1,0,0,0
3613,3.0,4.950348520557828,1.950348520557842,280,0.65686,1,0,0,0
3614,3.0,4.681531292053556,1.6815312920535663,233,0.656765,1,0,0,0
3615,3.0,4.44588147585948,1.4458814758594882,184,0.6566700000000001,1,0,0,0
3616,3.0,4.498761858634062,1.4987618586340727,193,0.656575,1,0,0,0
3617,3.0,4.7829142715391155,1.7829142715391257,250,0.6564800000000001,1,0,0,0
3618,3.0,4.616694853405065,1.6166948534050747,222,0.656385,1,0,0,0
3619,3.0,4.833333351209017,1.8333333512090253,251,0.65629,1,0,0,0
3620,3.0,4.352590888530871,1.3525908885308786,169,0.6561950000000001,1,0,0,0
3621,3.0,4.497227243038671,1.4972272430386773,207,0.6561,1,0,0,0
3622,3.0,4.650266133125212,1.6502661331252195,223,0.6560050000000001,1,0,0,0
3623,3.0,4.816494865306741,1.816494865306752,252,0.65591,1,0,0,0
3624,3.0,5.003625427793238,2.003625427793249,293,0.655815,1,0,0,0
3625,3.0,4.5970732275971145,1.5970732275971224,217,0.6557200000000001,1,0,0,0
3626,3.0,4.913459159123047,1.9134591591230579,283,0.655625,1,0,0,0
3627,3.0,4.578408856557502,1.5784088565575112,205,0.6555300000000001,1,0,0,0
3628,3.0,4.792024625849136,1.7920246258491435,260,0.655435,1,0,0,0
3629,3.0,4.716550776599755,1.7165507765997663,238,0.65534,1,0,0,0
3630,3.0,5.009104884320917,2.0091048843209296,292,0.6552450000000001,1,0,0,0
3631,3.0,5.046722871210896,2.046722871210904,301,0.65515,1,0,0,0
3632,3.0,4.590991966658888,1.5909919666588968,208,0.655055,1,0,0,0
3633,3.0,4.93126166216587,1.9312616621658794,298,0.65496,1,0,0,0
3634,3.0,4.753396702602639,1.7533967026026502,246,0.654865,1,0,0,0
3635,3.0,4.672136186540275,1.6721361865402844,233,0.6547700000000001,1,0,0,0
3636,3.0,4.624246676163118,1.6242466761631262,217,0.654675,1,0,0,0
3637,3.0,4.655907714607429,1.65590771460744,225,0.65458,1,0,0,0
3638,3.0,4.430119553204838,1.4301195532048463,185,0.654485,1,0,0,0
3639,3.0,4.804941581629846,1.8049415816298549,256,0.65439,1,0,0,0
3640,3.0,4.556598936582075,1.5565989365820831,213,0.6542950000000001,1,0,0,0
3641,3.0,4.81338999231408,1.8133899923140904,260,0.6542,1,0,0,0
3642,3.0,4.782879625069674,1.7828796250696821,251,0.654105,1,0,0,0
3643,3.0,4.921320246618288,1.9213202466182966,291,0.65401,1,0,0,0
3644,3.0,4.40460360525376,1.4046036052537665,187,0.653915,1,0,0,0
3645,3.0,4.77234586227052,1.7723458622705306,253,0.6538200000000001,1,0,0,0
3646,3.0,4.626135108264559,1.6261351082645716,214,0.653725,1,0,0,0
3647,3.0,4.714878150472863,1.714878150472875,240,0.65363,1,0,0,0
3648,3.0,4.8323410545907155,1.8323410545907242,267,0.653535,1,0,0,0
3649,3.0,4.89872114666619,1.8987211466661997,280,0.65344,1,0,0,0
3650,3.0,4.820267819351516,1.820267819351526,269,0.6533450000000001,1,0,0,0
3651,3.0,4.808185679430854,1.808185679430863,255,0.65325,1,0,0,0
3652,3.0,4.695565135659971,1.6955651356599808,232,0.653155,1,0,0,0
3653,3.0,4.571680694009347,1.5716806940093553,212,0.65306,1,0,0,0
3654,3.0,4.563878909373624,1.5638789093736334,216,0.652965,1,0,0,0
3655,3.0,4.9780131498159275,1.9780131498159383,289,0.6528700000000001,1,0,0,0
3656,3.0,4.719883364645998,1.7198833646460059,234,0.6527750000000001,1,0,0,0
3657,3.0,4.820051780940625,1.820051780940637,257,0.65268,1,0,0,0
3658,3.0,4.61632164125956,1.6163216412595698,225,0.652585,1,0,0,0
3659,3.0,4.621151048515891,1.6211510485159022,223,0.65249,1,0,0,0
3660,3.0,4.6929738000636325,1.6929738000636405,233,0.6523950000000001,1,0,0,0
3661,3.0,4.842853821261574,1.8428538212615866,260,0.6523000000000001,1,0,0,0
3662,3.0,4.572969031750015,1.5729690317500258,209,0.652205,1,0,0,0
3663,3.0,4.817472329693106,1.8174723296931172,254,0.65211,1,0,0,0
3664,3.0,4.696885978828221,1.6968859788282304,238,0.652015,1,0,0,0
3665,3.0,4.614881018261503,1.6148810182615125,222,0.65192,1,0,0,0
3666,3.0,4.599359746126962,1.5993597461269706,219,0.6518250000000001,1,0,0,0
3667,3.0,4.633364128939325,1.6333641289393346,225,0.65173,1,0,0,0
3668,3.0,4.587288027568159,1.587288027568169,216,0.651635,1,0,0,0
3669,3.0,4.814966992071369,1.8149669920713813,248,0.65154,1,0,0,0
3670,3.0,4.846096178046696,1.8460961780467093,262,0.651445,1,0,0,0
3671,3.0,5.072786074307922,2.072786074307929,304,0.6513500000000001,1,0,0,0
3672,3.0,4.676673974120938,1.676673974120948,227,0.651255,1,0,0,0
3673,3.0,4.517849472729163,1.517849472729172,202,0.65116,1,0,0,0
3674,3.0,4.539432923840156,1.5394329238401663,204,0.651065,1,0,0,0
3675,3.0,4.810865399290638,1.8108653992906503,260,0.65097,1,0,0,0
3676,3.0,4.921434709891768,1.9214347098917763,287,0.6508750000000001,1,0,0,0
3677,3.0,4.538302059959278,1.5383020599592878,203,0.65078,1,0,0,0
3678,3.0,4.90285688661198,1.902856886611991,284,0.650685,1,0,0,0
3679,3.0,4.573895888593741,1.5738958885937502,211,0.65059,1,0,0,0
3680,3.0,4.483426259623389,1.4834262596233976,194,0.650495,1,0,0,0
3681,3.0,4.708765206529881,1.7087652065298922,239,0.6504000000000001,1,0,0,0
3682,3.0,4.684743980639292,1.6847439806393036,228,0.650305,1,0,0,0
3683,3.0,4.893607786291522,1.8936077862915333,271,0.65021,1,0,0,0
3684,3.0,4.811391870314351,1.8113918703143626,257,0.650115,1,0,0,0
3685,3.0,4.4932120393264485,1.4932120393264579,190,0.65002,1,0,0,0
3686,3.0,4.562633890078198,1.5626338900782064,206,0.6499250000000001,1,0,0,0
3687,3.0,4.529775660383102,1.5297756603831107,207,0.64983,1,0,0,0
3688,3.0,4.602942263665314,1.6029422636653223,226,0.649735,1,0,0,0
3689,3.0,4.565784994340529,1.5657849943405375,211,0.64964,1,0,0,0
3690,3.0,4.552068818202953,1.5520688182029636,208,0.649545,1,0,0,0
3691,3.0,4.639857703578546,1.6398577035785562,225,0.6494500000000001,1,0,0,0
3692,3.0,4.457990363673377,1.457990363673387,185,0.649355,1,0,0,0
3693,3.0,4.561767575063237,1.5617675750632452,208,0.6492600000000001,1,0,0,0
3694,3.0,4.714229974636517,1.7142299746365275,234,0.649165,1,0,0,0
3695,3.0,4.93590491202573,1.9359049120257406,287,0.64907,1,0,0,0
3696,3.0,5.121696987345945,2.121696987345952,335,0.6489750000000001,1,0,0,0
3697,3.0,4.436057506856154,1.436057506856161,180,0.64888,1,0,0,0
3698,3.0,4.885425455455788,1.885425455455799,269,0.6487850000000001,1,0,0,0
3699,3.0,4.529664082242556,1.529664082242565,202,0.64869,1,0,0,0
3700,3.0,4.676040504143392,1.6760405041434001,235,0.648595,1,0,0,0
3701,3.0,4.766591328901273,1.7665913289012838,252,0.6485000000000001,1,0,0,0
3702,3.0,4.606997863161261,1.6069978631612716,214,0.648405,1,0,0,0
3703,3.0,4.902752009338867,1.9027520093388757,275,0.64831,1,0,0,0
3704,3.0,4.4909106715379306,1.4909106715379405,193,0.648215,1,0,0,0
3705,3.0,4.446100752620556,1.4461007526205663,186,0.64812,1,0,0,0
3706,3.0,4.561058739490865,1.5610587394908744,208,0.6480250000000001,1,0,0,0
3707,3.0,4.717632520497158,1.7176325204971694,239,0.64793,1,0,0,0
3708,3.0,4.52326594397018,1.5232659439701903,197,0.647835,1,0,0,0
3709,3.0,4.63088530055773,1.63088530055774,224,0.64774,1,0,0,0
3710,3.0,4.775340226589211,1.7753402265892193,266,0.647645,1,0,0,0
3711,3.0,4.806011427156087,1.806011427156098,262,0.6475500000000001,1,0,0,0
3712,3.0,4.638464643925714,1.638464643925725,226,0.647455,1,0,0,0
3713,3.0,4.769419344029764,1.7694193440297754,240,0.64736,1,0,0,0
3714,3.0,4.815908833075753,1.8159088330757622,258,0.647265,1,0,0,0
3715,3.0,4.769290460346862,1.7692904603468715,254,0.64717,1,0,0,0
3716,3.0,4.539766244904689,1.5397662449046987,203,0.6470750000000001,1,0,0,0
3717,3.0,4.560428220578727,1.5604282205787372,211,0.6469800000000001,1,0,0,0
3718,3.0,4.6454369898513175,1.6454369898513264,224,0.646885,1,0,0,0
3719,3.0,4.650687703321192,1.6506877033212017,224,0.64679,1,0,0,0
3720,3.0,4.741101352129226,1.7411013521292356,242,0.646695,1,0,0,0
3721,3.0,4.876502844244721,1.8765028442447298,276,0.6466000000000001,1,0,0,0
3722,3.0,4.7627628175719625,1.7627628175719745,245,0.6465050000000001,1,0,0,0
3723,3.0,4.777520198732894,1.7775201987329055,253,0.64641,1,0,0,0
3724,3.0,4.79972767771437,1.799727677714382,257,0.646315,1,0,0,0
3725,3.0,4.877557712908191,1.8775577129082017,278,0.64622,1,0,0,0
3726,3.0,4.550325133996116,1.5503251339961268,206,0.6461250000000001,1,0,0,0
3727,3.0,4.851267531876477,1.8512675318764888,261,0.6460300000000001,1,0,0,0
3728,3.0,4.6724923260447975,1.672492326044807,224,0.645935,1,0,0,0
3729,3.0,4.856306320316387,1.8563063203163945,268,0.64584,1,0,0,0
3730,3.0,4.533336605473977,1.5333366054739868,202,0.645745,1,0,0,0
3731,3.0,5.042547773153535,2.042547773153543,331,0.6456500000000001,1,0,0,0
3732,3.0,4.661674781365171,1.661674781365182,224,0.6455550000000001,1,0,0,0
3733,3.0,4.393894769731987,1.3938947697319954,175,0.64546,1,0,0,0
3734,3.0,4.652548442234751,1.6525484422347632,218,0.645365,1,0,0,0
3735,3.0,4.417911975905959,1.4179119759059664,182,0.64527,1,0,0,0
3736,3.0,4.631459598108789,1.6314595981087978,220,0.645175,1,0,0,0
3737,3.0,4.710226491095085,1.7102264910950957,233,0.6450800000000001,1,0,0,0
3738,3.0,5.077041976314776,2.077041976314785,315,0.644985,1,0,0,0
3739,3.0,4.7175628005619,1.7175628005619115,242,0.64489,1,0,0,0
3740,3.0,4.916164383349636,1.9161643833496471,272,0.644795,1,0,0,0
3741,3.0,4.658864372545802,1.6588643725458116,238,0.6447,1,0,0,0
3742,3.0,4.586139204453398,1.5861392044534097,207,0.6446050000000001,1,0,0,0
3743,3.0,4.65038682238338,1.6503868223833875,230,0.64451,1,0,0,0
3744,3.0,4.602618207912792,1.602618207912801,210,0.644415,1,0,0,0
3745,3.0,4.886240244427233,1.8862402444272435,277,0.64432,1,0,0,0
3746,3.0,4.659680634570184,1.6596806345701909,239,0.644225,1,0,0,0
3747,3.0,4.726988024220262,1.7269880242202726,243,0.6441300000000001,1,0,0,0
3748,3.0,4.581072399899995,1.5810723999000074,209,0.644035,1,0,0,0
3749,3.0,4.805473879129024,1.8054738791290328,257,0.64394,1,0,0,0
3750,3.0,4.659143760556196,1.6591437605562087,224,0.643845,1,0,0,0
3751,3.0,4.657817441003744,1.657817441003753,237,0.64375,1,0,0,0
3752,3.0,4.542535869202486,1.5425358692024986,206,0.6436550000000001,1,0,0,0
3753,3.0,4.767513113064766,1.7675131130647768,249,0.64356,1,0,0,0
3754,3.0,4.736147096658595,1.7361470966586048,240,0.643465,1,0,0,0
3755,3.0,4.494719282151345,1.4947192821513535,198,0.64337,1,0,0,0
3756,3.0,4.474500635797897,1.474500635797906,198,0.643275,1,0,0,0
3757,3.0,4.7715208202493,1.771520820249313,255,0.6431800000000001,1,0,0,0
3758,3.0,4.637782289641838,1.6377822896418488,225,0.643085,1,0,0,0
3759,3.0,4.390240054451653,1.390240054451662,175,0.64299,1,0,0,0
3760,3.0,4.556606613531446,1.5566066135314542,207,0.642895,1,0,0,0
3761,3.0,4.738584667822723,1.7385846678227335,247,0.6428,1,0,0,0
3762,3.0,4.517605492942117,1.5176054929421252,196,0.6427050000000001,1,0,0,0
3763,3.0,4.801097981674756,1.8010979816747683,259,0.64261,1,0,0,0
3764,3.0,4.732430438775576,1.7324304387755853,245,0.642515,1,0,0,0
3765,3.0,4.705318184172814,1.7053181841728224,239,0.64242,1,0,0,0
3766,3.0,4.773133388489995,1.7731333884900062,242,0.642325,1,0,0,0
3767,3.0,4.643320211283386,1.643320211283395,230,0.6422300000000001,1,0,0,0
3768,3.0,4.796897164625276,1.7968971646252871,251,0.642135,1,0,0,0
3769,3.0,4.740467338882812,1.7404673388828231,244,0.6420399999999999,1,0,0,0
3770,3.0,4.730422643139928,1.730422643139939,240,0.641945,1,0,0,0
3771,3.0,4.584033022379597,1.5840330223796069,207,0.64185,1,0,0,0
3772,3.0,4.705759549715674,1.7057595497156859,230,0.6417550000000001,1,0,0,0
3773,3.0,4.664516656746498,1.6645166567465062,226,0.6416600000000001,1,0,0,0
3774,3.0,4.660248787191322,1.660248787191332,228,0.6415649999999999,1,0,0,0
3775,3.0,4.738846595803109,1.7388465958031158,252,0.64147,1,0,0,0
3776,3.0,4.3489400361402435,1.3489400361402517,167,0.641375,1,0,0,0
3777,3.0,4.739627637877019,1.7396276378770275,246,0.6412800000000001,1,0,0,0
3778,3.0,4.683997810542327,1.6839978105423365,238,0.6411850000000001,1,0,0,0
3779,3.0,4.705916394264474,1.7059163942644864,230,0.6410899999999999,1,0,0,0
3780,3.0,4.802195410058021,1.8021954100580313,265,0.640995,1,0,0,0
3781,3.0,4.8284477336351355,1.8284477336351455,266,0.6409,1,0,0,0
3782,3.0,4.791579494830364,1.7915794948303743,248,0.6408050000000001,1,0,0,0
3783,3.0,4.540913209924609,1.5409132099246172,208,0.6407100000000001,1,0,0,0
3784,3.0,4.5085210012722525,1.50852100127226,197,0.6406149999999999,1,0,0,0
3785,3.0,4.558398132135791,1.5583981321357998,206,0.64052,1,0,0,0
3786,3.0,4.789080353170608,1.7890803531706168,252,0.640425,1,0,0,0
3787,3.0,4.613284916511773,1.6132849165117849,217,0.6403300000000001,1,0,0,0
3788,3.0,5.017178594505733,2.0171785945057454,307,0.6402350000000001,1,0,0,0
3789,3.0,4.807781465221469,1.8077814652214794,260,0.6401399999999999,1,0,0,0
3790,3.0,4.867351280173798,1.8673512801738075,270,0.640045,1,0,0,0
3791,3.0,4.507715741509129,1.5077157415091378,192,0.63995,1,0,0,0
3792,3.0,4.762084632361681,1.7620846323616903,253,0.6398550000000001,1,0,0,0
3793,3.0,4.550657586484812,1.5506575864848218,202,0.6397600000000001,1,0,0,0
3794,3.0,4.276458251102032,1.2764582511020393,155,0.6396649999999999,1,0,0,0
3795,3.0,4.6291088351559,1.6291088351559075,224,0.63957,1,0,0,0
3796,3.0,4.752626326854225,1.7526263268542377,248,0.639475,1,0,0,0
3797,3.0,4.7695260472423975,1.7695260472424044,250,0.6393800000000001,1,0,0,0
3798,3.0,4.876823380188446,1.8768233801884557,278,0.6392850000000001,1,0,0,0
3799,3.0,4.5823399476664095,1.582339947666421,214,0.6391899999999999,1,0,0,0
3800,3.0,4.8227645029901876,1.8227645029901969,260,0.639095,1,0,0,0
3801,3.0,4.84870780703639,1.848707807036399,266,0.639,1,0,0,0
3802,3.0,4.42912512400809,1.4291251240080978,179,0.6389050000000001,1,0,0,0
3803,3.0,4.719834652465499,1.7198346524655113,237,0.6388100000000001,1,0,0,0
3804,3.0,4.791451214077249,1.7914512140772594,264,0.6387149999999999,1,0,0,0
3805,3.0,4.640784076521157,1.640784076521166,218,0.63862,1,0,0,0
3806,3.0,4.579065731810232,1.5790657318102403,213,0.638525,1,0,0,0
3807,3.0,4.641413237473828,1.6414132374738384,217,0.63843,1,0,0,0
3808,3.0,4.5336204827586055,1.5336204827586133,197,0.6383350000000001,1,0,0,0
3809,3.0,4.533009955360093,1.5330099553601026,202,0.6382399999999999,1,0,0,0
3810,3.0,4.507981265380633,1.507981265380644,196,0.638145,1,0,0,0
3811,3.0,4.415681733383618,1.4156817333836267,175,0.63805,1,0,0,0
3812,3.0,4.577341606526261,1.5773416065262709,209,0.637955,1,0,0,0
3813,3.0,4.510309399259799,1.5103093992598058,195,0.6378600000000001,1,0,0,0
3814,3.0,4.61479543740638,1.6147954374063886,224,0.637765,1,0,0,0
3815,3.0,4.677259055676732,1.6772590556767442,228,0.63767,1,0,0,0
3816,3.0,4.580892148650701,1.5808921486507104,213,0.637575,1,0,0,0
3817,3.0,4.411626288571917,1.4116262885719253,179,0.63748,1,0,0,0
3818,3.0,4.670768419629091,1.6707684196291006,228,0.6373850000000001,1,0,0,0
3819,3.0,4.609848489622501,1.6098484896225127,213,0.63729,1,0,0,0
3820,3.0,4.787024291713793,1.787024291713803,252,0.637195,1,0,0,0
3821,3.0,4.582651317631454,1.582651317631464,210,0.6371,1,0,0,0
3822,3.0,4.4540767609651155,1.4540767609651262,184,0.637005,1,0,0,0
3823,3.0,4.549337675975462,1.5493376759754725,200,0.6369100000000001,1,0,0,0
3824,3.0,4.709825172537551,1.7098251725375586,235,0.636815,1,0,0,0
3825,3.0,4.479300663217661,1.4793006632176713,193,0.63672,1,0,0,0
3826,3.0,4.770452298978613,1.7704522989786247,249,0.636625,1,0,0,0
3827,3.0,4.476194774664149,1.4761947746641582,193,0.63653,1,0,0,0
3828,3.0,4.519676114350806,1.5196761143508153,204,0.6364350000000001,1,0,0,0
3829,3.0,4.828930786645201,1.8289307866452116,259,0.63634,1,0,0,0
3830,3.0,4.578386405437136,1.578386405437146,218,0.636245,1,0,0,0
3831,3.0,4.965446849478571,1.9654468494785804,293,0.63615,1,0,0,0
3832,3.0,4.638810635849136,1.6388106358491479,226,0.636055,1,0,0,0
3833,3.0,4.753867184960189,1.753867184960199,246,0.6359600000000001,1,0,0,0
3834,3.0,4.798019321998726,1.7980193219987384,249,0.6358650000000001,1,0,0,0
3835,3.0,4.595337550549861,1.5953375505498706,217,0.63577,1,0,0,0
3836,3.0,4.671273647517786,1.6712736475177947,235,0.635675,1,0,0,0
3837,3.0,4.878864851335974,1.878864851335986,270,0.63558,1,0,0,0
3838,3.0,4.689282037034393,1.6892820370344055,227,0.6354850000000001,1,0,0,0
3839,3.0,4.840791090059247,1.8407910900592572,263,0.6353900000000001,1,0,0,0
3840,3.0,4.754678914201664,1.7546789142016732,242,0.6352949999999999,1,0,0,0
3841,3.0,4.596845595364583,1.5968455953645897,220,0.6352,1,0,0,0
3842,3.0,4.673758398570563,1.6737583985705737,234,0.635105,1,0,0,0
3843,3.0,4.772240019785807,1.7722400197858177,239,0.6350100000000001,1,0,0,0
3844,3.0,4.748980239800783,1.7489802398007928,241,0.6349150000000001,1,0,0,0
3845,3.0,4.633386417175633,1.633386417175643,215,0.6348199999999999,1,0,0,0
3846,3.0,4.790446642085538,1.7904466420855474,255,0.634725,1,0,0,0
3847,3.0,4.91467596828098,1.9146759682809888,280,0.63463,1,0,0,0
3848,3.0,4.419369104829151,1.4193691048291595,184,0.6345350000000001,1,0,0,0
3849,3.0,4.506360535437769,1.5063605354377754,198,0.6344400000000001,1,0,0,0
3850,3.0,4.445602702172924,1.4456027021729336,182,0.6343449999999999,1,0,0,0
3851,3.0,4.644725722263854,1.6447257222638594,229,0.63425,1,0,0,0
3852,3.0,4.647875426596943,1.6478754265969515,223,0.634155,1,0,0,0
3853,3.0,4.58902341141453,1.5890234114145412,209,0.6340600000000001,1,0,0,0
3854,3.0,4.668384520111353,1.6683845201113636,230,0.6339650000000001,1,0,0,0
3855,3.0,4.732630365931632,1.7326303659316433,244,0.6338699999999999,1,0,0,0
3856,3.0,4.433405114781769,1.4334051147817781,180,0.633775,1,0,0,0
3857,3.0,4.599543999561437,1.5995439995614458,214,0.63368,1,0,0,0
3858,3.0,4.7314996337139466,1.7314996337139563,233,0.6335850000000001,1,0,0,0
3859,3.0,4.3502972539793054,1.350297253979313,167,0.6334900000000001,1,0,0,0
3860,3.0,4.844766221805,1.8447662218050127,268,0.6333949999999999,1,0,0,0
3861,3.0,4.46986356777151,1.469863567771521,187,0.6333,1,0,0,0
3862,3.0,4.533128500423771,1.533128500423781,201,0.633205,1,0,0,0
3863,3.0,4.399025828892313,1.3990258288923223,176,0.6331100000000001,1,0,0,0
3864,3.0,4.843990528474551,1.8439905284745617,262,0.6330150000000001,1,0,0,0
3865,3.0,4.538221574587867,1.5382215745878758,201,0.6329199999999999,1,0,0,0
3866,3.0,4.479071962556612,1.4790719625566247,192,0.632825,1,0,0,0
3867,3.0,4.675996429722149,1.6759964297221575,233,0.63273,1,0,0,0
3868,3.0,4.798565697389746,1.7985656973897577,272,0.6326350000000001,1,0,0,0
3869,3.0,4.505206590066852,1.5052065900668599,201,0.6325400000000001,1,0,0,0
3870,3.0,4.627694048496283,1.6276940484962932,215,0.6324449999999999,1,0,0,0
3871,3.0,4.499399958333436,1.499399958333445,193,0.63235,1,0,0,0
3872,3.0,4.7591200995051794,1.7591200995051912,240,0.632255,1,0,0,0
3873,3.0,5.056587263838077,2.05658726383809,304,0.63216,1,0,0,0
3874,3.0,4.673696781151853,1.673696781151863,229,0.6320650000000001,1,0,0,0
3875,3.0,4.897245925370086,1.8972459253700984,274,0.6319699999999999,1,0,0,0
3876,3.0,4.583028143287856,1.583028143287866,211,0.631875,1,0,0,0
3877,3.0,4.770895801339238,1.770895801339251,250,0.63178,1,0,0,0
3878,3.0,4.681017775075329,1.6810177750753388,225,0.631685,1,0,0,0
3879,3.0,4.394528059637344,1.3945280596373537,178,0.6315900000000001,1,0,0,0
3880,3.0,4.6030447691108085,1.6030447691108163,216,0.6314949999999999,1,0,0,0
3881,3.0,4.56189135115995,1.5618913511599601,206,0.6314,1,0,0,0
3882,3.0,4.5435131104398145,1.5435131104398228,202,0.631305,1,0,0,0
3883,3.0,4.544269219535538,1.5442692195355476,204,0.63121,1,0,0,0
3884,3.0,4.536862997952606,1.536862997952617,208,0.6311150000000001,1,0,0,0
3885,3.0,4.832641660886482,1.8326416608864942,265,0.6310199999999999,1,0,0,0
3886,3.0,4.320863582503629,1.3208635825036354,164,0.630925,1,0,0,0
3887,3.0,4.684395343577096,1.6843953435771102,233,0.63083,1,0,0,0
3888,3.0,4.453471981641968,1.4534719816419759,183,0.630735,1,0,0,0
3889,3.0,4.4740943180960855,1.4740943180960961,187,0.6306400000000001,1,0,0,0
3890,3.0,4.466611403500652,1.4666114035006612,194,0.630545,1,0,0,0
3891,3.0,4.652524958665191,1.6525249586652,222,0.63045,1,0,0,0
3892,3.0,4.643324148590027,1.643324148590037,227,0.630355,1,0,0,0
3893,3.0,4.357320546858006,1.3573205468580147,165,0.63026,1,0,0,0
3894,3.0,4.668138711601186,1.6681387116011959,231,0.6301650000000001,1,0,0,0
3895,3.0,4.597388677830056,1.597388677830062,219,0.63007,1,0,0,0
3896,3.0,4.651915090572404,1.6519150905724136,223,0.629975,1,0,0,0
3897,3.0,4.758796117811846,1.7587961178118565,256,0.62988,1,0,0,0
3898,3.0,4.618763576805041,1.618763576805049,222,0.629785,1,0,0,0
3899,3.0,4.269264651698384,1.2692646516983905,152,0.6296900000000001,1,0,0,0
3900,3.0,4.579818882970564,1.579818882970574,219,0.629595,1,0,0,0
3901,3.0,4.44398292006182,1.4439829200618273,192,0.6295,1,0,0,0
3902,3.0,4.74773701173261,1.7477370117326192,250,0.629405,1,0,0,0
3903,3.0,4.862883976245913,1.8628839762459226,275,0.62931,1,0,0,0
3904,3.0,4.6500768270513175,1.6500768270513286,226,0.6292150000000001,1,0,0,0
3905,3.0,4.7242785508746,1.7242785508746121,239,0.62912,1,0,0,0
3906,3.0,4.582957030325687,1.5829570303256981,210,0.629025,1,0,0,0
3907,3.0,4.394267942860164,1.3942679428601696,183,0.62893,1,0,0,0
3908,3.0,4.630819664752255,1.6308196647522653,220,0.628835,1,0,0,0
3909,3.0,4.7745177599942235,1.7745177599942337,249,0.6287400000000001,1,0,0,0
3910,3.0,4.605815924408106,1.6058159244081163,218,0.628645,1,0,0,0
3911,3.0,4.7585023860988,1.7585023860988118,242,0.6285499999999999,1,0,0,0
3912,3.0,4.70815497625625,1.7081549762562591,235,0.628455,1,0,0,0
3913,3.0,4.600719924176249,1.6007199241762602,215,0.62836,1,0,0,0
3914,3.0,4.556083313963171,1.5560833139631818,210,0.6282650000000001,1,0,0,0
3915,3.0,4.854875886351923,1.8548758863519341,283,0.62817,1,0,0,0
3916,3.0,4.769229157183365,1.769229157183376,248,0.6280749999999999,1,0,0,0
3917,3.0,4.617934595154596,1.6179345951546082,216,0.62798,1,0,0,0
3918,3.0,4.8279796975679075,1.8279796975679194,255,0.627885,1,0,0,0
3919,3.0,4.778833793161093,1.778833793161108,253,0.6277900000000001,1,0,0,0
3920,3.0,4.650390745917651,1.650390745917662,217,0.627695,1,0,0,0
3921,3.0,4.4683838183406674,1.4683838183406759,187,0.6275999999999999,1,0,0,0
3922,3.0,4.643496943212213,1.6434969432122204,230,0.627505,1,0,0,0
3923,3.0,4.698674599563432,1.6986745995634436,231,0.62741,1,0,0,0
3924,3.0,4.821791799978868,1.8217917999788793,259,0.6273150000000001,1,0,0,0
3925,3.0,4.560599632096584,1.5605996320965922,205,0.62722,1,0,0,0
3926,3.0,4.576183840623504,1.5761838406235116,217,0.6271249999999999,1,0,0,0
3927,3.0,4.518810167775152,1.518810167775161,197,0.62703,1,0,0,0
3928,3.0,4.8143033924089735,1.8143033924089844,257,0.626935,1,0,0,0
3929,3.0,4.515559494618566,1.5155594946185758,199,0.6268400000000001,1,0,0,0
3930,3.0,4.452280315317502,1.4522803153175112,182,0.626745,1,0,0,0
3931,3.0,4.517428185637343,1.5174281856373537,192,0.6266499999999999,1,0,0,0
3932,3.0,4.353479900983336,1.3534799009833443,166,0.626555,1,0,0,0
3933,3.0,4.719319445951187,1.719319445951197,242,0.62646,1,0,0,0
3934,3.0,4.581569296994583,1.5815692969945945,212,0.6263650000000001,1,0,0,0
3935,3.0,4.388601169344871,1.3886011693448785,179,0.62627,1,0,0,0
3936,3.0,4.438892219785507,1.4388922197855163,184,0.6261749999999999,1,0,0,0
3937,3.0,4.7105775884838375,1.710577588483851,237,0.62608,1,0,0,0
3938,3.0,4.782955474450415,1.7829554744504257,242,0.625985,1,0,0,0
3939,3.0,4.695261564426612,1.69526156442662,231,0.6258900000000001,1,0,0,0
3940,3.0,4.700887149171744,1.7008871491717545,245,0.6257950000000001,1,0,0,0
3941,3.0,4.782704453176824,1.782704453176837,246,0.6256999999999999,1,0,0,0
3942,3.0,4.825825661680531,1.8258256616805415,265,0.625605,1,0,0,0
3943,3.0,4.583908250525322,1.5839082505253321,214,0.62551,1,0,0,0
3944,3.0,4.548620290448712,1.5486202904487218,205,0.625415,1,0,0,0
3945,3.0,4.962419518738459,1.9624195187384714,281,0.6253200000000001,1,0,0,0
3946,3.0,4.502650393355591,1.5026503933556012,196,0.6252249999999999,1,0,0,0
3947,3.0,4.790687049669001,1.79068704966901,255,0.62513,1,0,0,0
3948,3.0,4.677219091608922,1.6772190916089322,232,0.625035,1,0,0,0
3949,3.0,4.565113926371888,1.5651139263718945,207,0.62494,1,0,0,0
3950,3.0,4.313885459278146,1.313885459278153,164,0.6248450000000001,1,0,0,0
3951,3.0,4.806649738391052,1.806649738391063,260,0.62475,1,0,0,0
3952,3.0,4.660036739194405,1.660036739194416,227,0.624655,1,0,0,0
3953,3.0,4.48985118230963,1.4898511823096388,194,0.62456,1,0,0,0
3954,3.0,4.9769014148702375,1.9769014148702477,297,0.624465,1,0,0,0
3955,3.0,4.927716107286331,1.9277161072863433,280,0.6243700000000001,1,0,0,0
3956,3.0,4.7877168815461015,1.7877168815461093,253,0.624275,1,0,0,0
3957,3.0,4.640702607715313,1.6407026077153208,220,0.62418,1,0,0,0
3958,3.0,4.4384502290106544,1.4384502290106627,192,0.624085,1,0,0,0
3959,3.0,4.600971012115819,1.600971012115827,216,0.62399,1,0,0,0
3960,3.0,4.524214027739098,1.5242140277391074,200,0.6238950000000001,1,0,0,0
3961,3.0,4.810445941255274,1.8104459412552838,260,0.6238,1,0,0,0
3962,3.0,4.731180668699352,1.731180668699364,239,0.623705,1,0,0,0
3963,3.0,4.787623007597363,1.787623007597374,262,0.62361,1,0,0,0
3964,3.0,4.5918684576159885,1.5918684576159985,212,0.623515,1,0,0,0
3965,3.0,4.61152265797003,1.6115226579700406,219,0.6234200000000001,1,0,0,0
3966,3.0,4.5724787277708545,1.5724787277708654,217,0.623325,1,0,0,0
3967,3.0,4.816377239262238,1.8163772392622481,260,0.62323,1,0,0,0
3968,3.0,4.547835902551682,1.5478359025516932,203,0.623135,1,0,0,0
3969,3.0,4.4171546265272505,1.4171546265272605,182,0.62304,1,0,0,0
3970,3.0,4.629102210360109,1.6291022103601176,219,0.6229450000000001,1,0,0,0
3971,3.0,4.768527877323303,1.7685278773233115,254,0.62285,1,0,0,0
3972,3.0,4.490536041791754,1.4905360417917612,200,0.622755,1,0,0,0
3973,3.0,4.595161740067037,1.5951617400670461,211,0.62266,1,0,0,0
3974,3.0,4.54851455945214,1.548514559452148,216,0.622565,1,0,0,0
3975,3.0,4.5457835666113855,1.5457835666113937,207,0.6224700000000001,1,0,0,0
3976,3.0,4.575046647908145,1.5750466479081553,208,0.622375,1,0,0,0
3977,3.0,4.513489983199153,1.5134899831991606,196,0.6222799999999999,1,0,0,0
3978,3.0,4.864415141459197,1.864415141459209,265,0.622185,1,0,0,0
3979,3.0,4.457753213407656,1.4577532134076634,190,0.62209,1,0,0,0
3980,3.0,4.325835467987497,1.3258354679875053,160,0.6219950000000001,1,0,0,0
3981,3.0,4.823170838577628,1.8231708385776393,269,0.6219,1,0,0,0
3982,3.0,4.542886307123728,1.5428863071237375,205,0.6218049999999999,1,0,0,0
3983,3.0,4.58606931568481,1.5860693156848202,214,0.62171,1,0,0,0
3984,3.0,4.624592514784782,1.6245925147847917,226,0.621615,1,0,0,0
3985,3.0,4.504826250291706,1.5048262502917171,201,0.6215200000000001,1,0,0,0
3986,3.0,4.704695844956145,1.7046958449561536,235,0.621425,1,0,0,0
3987,3.0,4.640977207309944,1.6409772073099522,221,0.6213299999999999,1,0,0,0
3988,3.0,4.727340920627402,1.7273409206274115,234,0.621235,1,0,0,0
3989,3.0,4.647160849072307,1.6471608490723155,224,0.62114,1,0,0,0
3990,3.0,4.552698978709751,1.5526989787097614,203,0.6210450000000001,1,0,0,0
3991,3.0,4.606627665737732,1.6066276657377427,212,0.62095,1,0,0,0
3992,3.0,4.552810952916374,1.5528109529163836,201,0.6208549999999999,1,0,0,0
3993,3.0,4.792177787974247,1.7921777879742589,259,0.62076,1,0,0,0
3994,3.0,4.534549958246698,1.5345499582467088,204,0.620665,1,0,0,0
3995,3.0,4.514791940511453,1.5147919405114632,198,0.6205700000000001,1,0,0,0
3996,3.0,4.5024308033976,1.5024308033976093,199,0.620475,1,0,0,0
3997,3.0,4.5435782173713815,1.5435782173713894,207,0.6203799999999999,1,0,0,0
3998,3.0,4.439991571286367,1.4399915712863758,183,0.620285,1,0,0,0
3999,3.0,4.586379140482997,1.586379140483006,215,0.62019,1,0,0,0
4000,3.0,4.47936939165988,1.4793693916598896,188,0.6200950000000001,1,0,0,0
4001,3.0,4.5282279100618705,1.5282279100618796,204,0.62,1,0,0,0
4002,3.0,4.563943748373029,1.563943748373038,207,0.6199049999999999,1,0,0,0
4003,3.0,4.483938172324023,1.4839381723240324,193,0.61981,1,0,0,0
4004,3.0,4.636892209941083,1.6368922099410932,218,0.619715,1,0,0,0
4005,3.0,4.718473549167116,1.7184735491671264,238,0.6196200000000001,1,0,0,0
4006,3.0,4.749985547874192,1.7499855478742001,250,0.619525,1,0,0,0
4007,3.0,4.6676906063415355,1.6676906063415446,233,0.6194299999999999,1,0,0,0
4008,3.0,4.645728699388153,1.6457286993881626,222,0.619335,1,0,0,0
4009,3.0,4.709700397013341,1.709700397013354,236,0.61924,1,0,0,0
4010,3.0,4.572142509502876,1.5721425095028865,212,0.6191450000000001,1,0,0,0
4011,3.0,4.945235587921363,1.9452355879213767,283,0.61905,1,0,0,0
4012,3.0,4.660945829181376,1.6609458291813848,224,0.618955,1,0,0,0
4013,3.0,4.857623404619853,1.8576234046198632,265,0.61886,1,0,0,0
4014,3.0,4.734748719926799,1.734748719926809,250,0.618765,1,0,0,0
4015,3.0,4.39410211337367,1.394102113373679,178,0.61867,1,0,0,0
4016,3.0,4.3794818350377085,1.379481835037717,176,0.618575,1,0,0,0
4017,3.0,5.0155460444207876,2.015546044420798,299,0.61848,1,0,0,0
4018,3.0,4.632581883013787,1.632581883013794,225,0.618385,1,0,0,0
4019,3.0,4.579340484952769,1.5793404849527766,209,0.61829,1,0,0,0
4020,3.0,4.557726139832458,1.5577261398324669,204,0.618195,1,0,0,0
4021,3.0,4.822224761159258,1.8222247611592672,263,0.6181,1,0,0,0
4022,3.0,4.523885500931114,1.5238855009311256,198,0.618005,1,0,0,0
4023,3.0,4.630052026741963,1.6300520267419731,222,0.61791,1,0,0,0
4024,3.0,4.554067972781747,1.5540679727817563,208,0.617815,1,0,0,0
4025,3.0,4.659253269692756,1.659253269692766,228,0.61772,1,0,0,0
4026,3.0,4.593045653224109,1.5930456532241177,217,0.617625,1,0,0,0
4027,3.0,4.306598915288113,1.3065989152881208,159,0.61753,1,0,0,0
4028,3.0,4.542687230926919,1.5426872309269297,196,0.617435,1,0,0,0
4029,3.0,4.478487640744643,1.4784876407446506,196,0.61734,1,0,0,0
4030,3.0,4.568887831171196,1.5688878311712042,214,0.617245,1,0,0,0
4031,3.0,4.50931974817137,1.509319748171377,198,0.61715,1,0,0,0
4032,3.0,4.769459243253741,1.7694592432537508,253,0.617055,1,0,0,0
4033,3.0,4.47009807356992,1.4700980735699272,189,0.61696,1,0,0,0
4034,3.0,4.644653070678656,1.6446530706786662,224,0.616865,1,0,0,0
4035,3.0,4.753628653387482,1.7536286533874883,253,0.61677,1,0,0,0
4036,3.0,4.5997512022379405,1.5997512022379503,210,0.616675,1,0,0,0
4037,3.0,4.544995895173766,1.544995895173776,206,0.61658,1,0,0,0
4038,3.0,4.496717890672127,1.4967178906721357,190,0.616485,1,0,0,0
4039,3.0,4.740845593996891,1.7408455939969023,246,0.61639,1,0,0,0
4040,3.0,4.3805476185778165,1.3805476185778258,170,0.616295,1,0,0,0
4041,3.0,4.792619334199661,1.7926193341996706,252,0.6162,1,0,0,0
4042,3.0,4.723736605708335,1.7237366057083454,237,0.616105,1,0,0,0
4043,3.0,4.487434972510892,1.4874349725109006,196,0.61601,1,0,0,0
4044,3.0,4.527566864603006,1.5275668646030156,200,0.615915,1,0,0,0
4045,3.0,4.538641034262267,1.5386410342622763,198,0.61582,1,0,0,0
4046,3.0,4.863374352424886,1.863374352424897,269,0.615725,1,0,0,0
4047,3.0,4.647204773969579,1.6472047739695885,224,0.61563,1,0,0,0
4048,3.0,4.521082846618227,1.521082846618236,194,0.6155349999999999,1,0,0,0
4049,3.0,4.700894724216852,1.700894724216864,230,0.61544,1,0,0,0
4050,3.0,4.71467239026207,1.7146723902620786,235,0.615345,1,0,0,0
4051,3.0,4.714864403756074,1.714864403756085,231,0.6152500000000001,1,0,0,0
4052,3.0,4.522803411989311,1.522803411989322,201,0.615155,1,0,0,0
4053,3.0,4.5756476550984875,1.5756476550984986,209,0.6150599999999999,1,0,0,0
4054,3.0,4.442973552513864,1.4429735525138727,181,0.614965,1,0,0,0
4055,3.0,4.7049703355726695,1.7049703355726764,238,0.61487,1,0,0,0
4056,3.0,4.670108696350874,1.6701086963508835,231,0.6147750000000001,1,0,0,0
4057,3.0,4.394343150132736,1.3943431501327432,175,0.61468,1,0,0,0
4058,3.0,4.591091516888508,1.5910915168885178,214,0.6145849999999999,1,0,0,0
4059,3.0,4.477141558930833,1.4771415589308403,192,0.61449,1,0,0,0
4060,3.0,4.734612481791881,1.7346124817918893,238,0.614395,1,0,0,0
4061,3.0,4.638779635048149,1.6387796350481558,231,0.6143000000000001,1,0,0,0
4062,3.0,4.799920096346213,1.7999200963462227,252,0.614205,1,0,0,0
4063,3.0,4.832276980443593,1.8322769804436054,256,0.6141099999999999,1,0,0,0
4064,3.0,4.519189321536366,1.5191893215363772,201,0.614015,1,0,0,0
4065,3.0,4.549738174420005,1.549738174420015,209,0.61392,1,0,0,0
4066,3.0,4.4923956891356625,1.4923956891356709,195,0.6138250000000001,1,0,0,0
4067,3.0,4.540381526279536,1.5403815262795442,201,0.61373,1,0,0,0
4068,3.0,4.588400234996471,1.5884002349964792,213,0.6136349999999999,1,0,0,0
4069,3.0,4.4695762789967235,1.4695762789967326,192,0.61354,1,0,0,0
4070,3.0,4.3785647140672515,1.3785647140672606,170,0.613445,1,0,0,0
4071,3.0,4.704848002740702,1.7048480027407107,229,0.6133500000000001,1,0,0,0
4072,3.0,4.764371010204748,1.764371010204761,240,0.613255,1,0,0,0
4073,3.0,4.635098240961836,1.635098240961847,226,0.61316,1,0,0,0
4074,3.0,4.629871751503757,1.629871751503768,228,0.613065,1,0,0,0
4075,3.0,4.564057122204302,1.5640571222043098,221,0.61297,1,0,0,0
4076,3.0,4.459662044865435,1.4596620448654425,189,0.6128750000000001,1,0,0,0
4077,3.0,4.546140845800667,1.546140845800678,210,0.61278,1,0,0,0
4078,3.0,4.66655960351574,1.6665596035157506,225,0.612685,1,0,0,0
4079,3.0,4.52929376496602,1.52929376496603,199,0.61259,1,0,0,0
4080,3.0,4.570010543827962,1.5700105438279712,206,0.612495,1,0,0,0
4081,3.0,4.6534173379065145,1.653417337906527,224,0.6124,1,0,0,0
4082,3.0,4.485606200099854,1.485606200099862,203,0.612305,1,0,0,0
4083,3.0,4.612674637240835,1.6126746372408443,213,0.61221,1,0,0,0
4084,3.0,4.452179491344975,1.4521794913449848,182,0.612115,1,0,0,0
4085,3.0,4.526873611869179,1.5268736118691906,197,0.61202,1,0,0,0
4086,3.0,4.696101319306551,1.6961013193065608,235,0.611925,1,0,0,0
4087,3.0,4.585140140649113,1.5851401406491206,206,0.61183,1,0,0,0
4088,3.0,4.655630932095114,1.6556309320951248,226,0.611735,1,0,0,0
4089,3.0,4.591645291114807,1.5916452911148185,210,0.61164,1,0,0,0
4090,3.0,4.673104945828905,1.6731049458289151,235,0.611545,1,0,0,0
4091,3.0,4.374169041990861,1.3741690419908679,168,0.61145,1,0,0,0
4092,3.0,4.635703539023327,1.6357035390233374,219,0.611355,1,0,0,0
4093,3.0,4.5276003446282385,1.5276003446282456,199,0.61126,1,0,0,0
4094,3.0,4.335788290603068,1.3357882906030756,166,0.611165,1,0,0,0
4095,3.0,4.431998734396686,1.4319987343966942,183,0.61107,1,0,0,0
4096,3.0,4.555912458450319,1.5559124584503277,208,0.610975,1,0,0,0
4097,3.0,4.615417271338267,1.6154172713382768,215,0.61088,1,0,0,0
4098,3.0,4.4621185525071905,1.4621185525072011,190,0.610785,1,0,0,0
4099,3.0,4.624280444762119,1.624280444762128,218,0.61069,1,0,0,0
4100,3.0,4.5434168156360455,1.5434168156360553,200,0.610595,1,0,0,0
4101,3.0,4.549403815283828,1.549403815283838,204,0.6105,1,0,0,0
4102,3.0,4.561707273644184,1.561707273644192,211,0.610405,1,0,0,0
4103,3.0,4.730793929015976,1.7307939290159864,243,0.61031,1,0,0,0
4104,3.0,4.5152367198746965,1.5152367198747068,204,0.610215,1,0,0,0
4105,3.0,5.080451284784406,2.0804512847844157,310,0.61012,1,0,0,0
4106,3.0,4.606985471610167,1.6069854716101777,219,0.610025,1,0,0,0
4107,3.0,4.811243230515825,1.8112432305158341,261,0.60993,1,0,0,0
4108,3.0,4.50129066520426,1.501290665204271,197,0.609835,1,0,0,0
4109,3.0,5.042202183671181,2.042202183671193,308,0.60974,1,0,0,0
4110,3.0,4.606752359952986,1.6067523599529963,226,0.609645,1,0,0,0
4111,3.0,4.498481095575139,1.4984810955751482,196,0.60955,1,0,0,0
4112,3.0,4.59318260373461,1.593182603734621,216,0.6094550000000001,1,0,0,0
4113,3.0,4.749209602530106,1.749209602530115,242,0.60936,1,0,0,0
4114,3.0,4.344402562181798,1.344402562181806,167,0.609265,1,0,0,0
4115,3.0,4.413277159170659,1.413277159170665,179,0.60917,1,0,0,0
4116,3.0,4.609247415161244,1.609247415161253,215,0.609075,1,0,0,0
4117,3.0,4.665256539194065,1.6652565391940735,237,0.6089800000000001,1,0,0,0
4118,3.0,4.655520540021852,1.6555205400218609,230,0.608885,1,0,0,0
4119,3.0,4.730581751657821,1.7305817516578303,241,0.6087899999999999,1,0,0,0
4120,3.0,4.660169167562477,1.6601691675624872,227,0.608695,1,0,0,0
4121,3.0,4.468442918576487,1.4684429185764951,195,0.6086,1,0,0,0
4122,3.0,4.415913907911619,1.4159139079116292,181,0.6085050000000001,1,0,0,0
4123,3.0,4.617026199024565,1.6170261990245742,219,0.60841,1,0,0,0
4124,3.0,4.62391610036852,1.6239161003685294,219,0.6083149999999999,1,0,0,0
4125,3.0,4.907291575328547,1.9072915753285582,280,0.60822,1,0,0,0
4126,3.0,4.495875371939428,1.4958753719394389,195,0.608125,1,0,0,0
4127,3.0,4.628813336958622,1.628813336958633,220,0.6080300000000001,1,0,0,0
4128,3.0,4.446957395397675,1.4469573953976842,185,0.607935,1,0,0,0
4129,3.0,4.751701581995931,1.7517015819959425,244,0.6078399999999999,1,0,0,0
4130,3.0,4.5411404846327805,1.54114048463279,200,0.607745,1,0,0,0
4131,3.0,4.913026127920829,1.9130261279208394,275,0.60765,1,0,0,0
4132,3.0,4.565771986574129,1.5657719865741384,206,0.6075550000000001,1,0,0,0
4133,3.0,4.512881389287605,1.512881389287614,200,0.60746,1,0,0,0
4134,3.0,4.462665926080906,1.4626659260809156,183,0.607365,1,0,0,0
4135,3.0,4.569220339609469,1.5692203396094773,209,0.60727,1,0,0,0
4136,3.0,4.585267775931882,1.5852677759318892,218,0.607175,1,0,0,0
4137,3.0,4.511779607431084,1.511779607431093,200,0.6070800000000001,1,0,0,0
4138,3.0,4.681233659680273,1.681233659680283,231,0.606985,1,0,0,0
4139,3.0,4.598823731245464,1.5988237312454743,211,0.60689,1,0,0,0
4140,3.0,4.399253855074775,1.3992538550747844,172,0.606795,1,0,0,0
4141,3.0,4.532077573563651,1.5320775735636591,194,0.6067,1,0,0,0
4142,3.0,4.74324241117708,1.7432424111770897,239,0.6066050000000001,1,0,0,0
4143,3.0,4.70121773109939,1.7012177310994034,234,0.60651,1,0,0,0
4144,3.0,4.569800443354724,1.5698004433547337,215,0.606415,1,0,0,0
4145,3.0,4.640920837537314,1.6409208375373248,228,0.60632,1,0,0,0
4146,3.0,4.705429209722032,1.7054292097220434,240,0.606225,1,0,0,0
4147,3.0,4.56405572257965,1.5640557225796607,205,0.6061300000000001,1,0,0,0
4148,3.0,4.600682000878181,1.6006820008781912,212,0.606035,1,0,0,0
4149,3.0,4.656143843255077,1.6561438432550855,222,0.60594,1,0,0,0
4150,3.0,4.717860847099008,1.7178608470990178,238,0.605845,1,0,0,0
4151,3.0,4.660814628355183,1.660814628355192,231,0.60575,1,0,0,0
4152,3.0,4.489028518543005,1.489028518543015,195,0.605655,1,0,0,0
4153,3.0,4.488679258071562,1.4886792580715695,192,0.60556,1,0,0,0
4154,3.0,4.781533709542119,1.7815337095421284,255,0.605465,1,0,0,0
4155,3.0,4.702819770536269,1.7028197705362809,247,0.60537,1,0,0,0
4156,3.0,4.402491298843184,1.4024912988431928,180,0.605275,1,0,0,0
4157,3.0,4.761296433528396,1.761296433528406,244,0.60518,1,0,0,0
4158,3.0,4.437747348726049,1.4377473487260588,184,0.605085,1,0,0,0
4159,3.0,4.620320859332853,1.6203208593328622,227,0.60499,1,0,0,0
4160,3.0,4.911134333238798,1.9111343332388098,272,0.604895,1,0,0,0
4161,3.0,4.696194377339058,1.6961943773390686,237,0.6048,1,0,0,0
4162,3.0,4.484673053708965,1.4846730537089743,195,0.604705,1,0,0,0
4163,3.0,4.32811875257587,1.3281187525758789,166,0.60461,1,0,0,0
4164,3.0,4.593885261692671,1.5938852616926802,212,0.604515,1,0,0,0
4165,3.0,4.615189245155808,1.6151892451558167,218,0.60442,1,0,0,0
4166,3.0,4.423556343326339,1.423556343326349,179,0.604325,1,0,0,0
4167,3.0,4.513878643609888,1.5138786436098972,199,0.60423,1,0,0,0
4168,3.0,4.689162742606028,1.6891627426060376,235,0.604135,1,0,0,0
4169,3.0,4.444595839648127,1.4445958396481342,189,0.60404,1,0,0,0
4170,3.0,4.563288084569356,1.563288084569368,204,0.603945,1,0,0,0
4171,3.0,4.567053036549255,1.567053036549262,215,0.60385,1,0,0,0
4172,3.0,4.763713345643197,1.7637133456432081,247,0.603755,1,0,0,0
4173,3.0,4.41350096515932,1.4135009651593295,177,0.6036600000000001,1,0,0,0
4174,3.0,4.3200442851348635,1.3200442851348708,163,0.603565,1,0,0,0
4175,3.0,4.657075377005642,1.6570753770056512,229,0.60347,1,0,0,0
4176,3.0,4.620497415957953,1.620497415957962,216,0.603375,1,0,0,0
4177,3.0,4.5330517644840445,1.5330517644840544,202,0.60328,1,0,0,0
4178,3.0,4.565394390706946,1.5653943907069572,203,0.6031850000000001,1,0,0,0
4179,3.0,4.456383634147624,1.4563836341476326,187,0.60309,1,0,0,0
4180,3.0,4.463104397767916,1.463104397767924,189,0.602995,1,0,0,0
4181,3.0,4.534621113856643,1.5346211138566523,206,0.6029,1,0,0,0
4182,3.0,4.768969119637982,1.7689691196379942,244,0.602805,1,0,0,0
4183,3.0,4.596091540187169,1.5960915401871785,215,0.6027100000000001,1,0,0,0
4184,3.0,4.849505107059653,1.8495051070596609,264,0.602615,1,0,0,0
4185,3.0,4.53621446223376,1.5362144622337672,210,0.60252,1,0,0,0
4186,3.0,4.666536992532103,1.666536992532113,229,0.602425,1,0,0,0
4187,3.0,4.352109277535611,1.3521092775356178,168,0.60233,1,0,0,0
4188,3.0,4.399740406416949,1.3997404064169587,176,0.6022350000000001,1,0,0,0
4189,3.0,4.520084763516108,1.520084763516117,198,0.60214,1,0,0,0
4190,3.0,4.5424885096582575,1.5424885096582683,205,0.6020449999999999,1,0,0,0
4191,3.0,4.642187085860325,1.6421870858603331,222,0.60195,1,0,0,0
4192,3.0,4.38856441949534,1.3885644194953497,172,0.601855,1,0,0,0
4193,3.0,4.763446984984512,1.763446984984523,245,0.6017600000000001,1,0,0,0
4194,3.0,4.684448412364702,1.684448412364713,232,0.601665,1,0,0,0
4195,3.0,4.405438966079647,1.4054389660796567,178,0.60157,1,0,0,0
4196,3.0,4.554651559979339,1.5546515599793496,206,0.601475,1,0,0,0
4197,3.0,4.599910641977381,1.5999106419773885,218,0.60138,1,0,0,0
4198,3.0,4.631611447916173,1.6316114479161838,222,0.6012850000000001,1,0,0,0
4199,3.0,4.391775982320423,1.3917759823204316,178,0.60119,1,0,0,0
4200,3.0,4.586019626954094,1.5860196269541056,211,0.601095,1,0,0,0
4201,3.0,4.622221083076127,1.6222210830761365,214,0.601,1,0,0,0
4202,3.0,4.442013122436057,1.4420131224360644,187,0.600905,1,0,0,0
4203,3.0,4.848937302520182,1.8489373025201934,261,0.6008100000000001,1,0,0,0
4204,3.0,4.4126487801280945,1.4126487801281016,179,0.600715,1,0,0,0
4205,3.0,4.505848145333168,1.5058481453331765,197,0.60062,1,0,0,0
4206,3.0,4.793009131025485,1.793009131025496,256,0.600525,1,0,0,0
4207,3.0,4.472857355303242,1.4728573553032498,192,0.60043,1,0,0,0
4208,3.0,4.446267327234086,1.446267327234094,187,0.6003350000000001,1,0,0,0
4209,3.0,4.587860605577653,1.5878606055776614,212,0.60024,1,0,0,0
4210,3.0,4.3364955239835,1.3364955239835081,168,0.600145,1,0,0,0
4211,3.0,4.613796974327583,1.6137969743275946,218,0.60005,1,0,0,0
4212,3.0,4.734165425457681,1.7341654254576917,237,0.599955,1,0,0,0
4213,3.0,4.833317874091853,1.8333178740918632,254,0.5998600000000001,1,0,0,0
4214,3.0,4.49542851936142,1.4954285193614278,197,0.599765,1,0,0,0
4215,3.0,4.426110652218222,1.4261106522182303,184,0.59967,1,0,0,0
4216,3.0,4.4939926938526575,1.4939926938526653,188,0.599575,1,0,0,0
4217,3.0,4.503494320058018,1.5034943200580282,195,0.59948,1,0,0,0
4218,3.0,4.547152774212005,1.5471527742120152,206,0.5993850000000001,1,0,0,0
4219,3.0,4.353082171763974,1.353082171763982,167,0.59929,1,0,0,0
4220,3.0,4.611562300425538,1.6115623004255495,211,0.599195,1,0,0,0
4221,3.0,4.452110228694832,1.4521102286948422,191,0.5991,1,0,0,0
4222,3.0,4.428192561069217,1.4281925610692248,185,0.599005,1,0,0,0
4223,3.0,4.474715751751119,1.4747157517511285,189,0.59891,1,0,0,0
4224,3.0,4.5210850343380615,1.521085034338069,208,0.598815,1,0,0,0
4225,3.0,4.634189825506825,1.634189825506836,220,0.59872,1,0,0,0
4226,3.0,4.457411724383208,1.4574117243832165,187,0.598625,1,0,0,0
4227,3.0,4.892992154369442,1.892992154369452,275,0.59853,1,0,0,0
4228,3.0,4.488459555701459,1.488459555701467,193,0.598435,1,0,0,0
4229,3.0,4.598009176735442,1.5980091767354505,223,0.59834,1,0,0,0
4230,3.0,4.5474225626597855,1.5474225626597948,199,0.598245,1,0,0,0
4231,3.0,4.609438279129166,1.6094382791291773,215,0.59815,1,0,0,0
4232,3.0,4.538631786115219,1.5386317861152286,199,0.598055,1,0,0,0
4233,3.0,4.546858671464453,1.5468586714644617,204,0.59796,1,0,0,0
4234,3.0,4.627991042830307,1.6279910428303186,216,0.5978650000000001,1,0,0,0
4235,3.0,4.2503570229070755,1.2503570229070813,152,0.59777,1,0,0,0
4236,3.0,4.504690316268023,1.5046903162680323,196,0.597675,1,0,0,0
4237,3.0,4.775664458498428,1.775664458498439,260,0.59758,1,0,0,0
4238,3.0,4.471534381749702,1.471534381749713,192,0.597485,1,0,0,0
4239,3.0,4.467580153180041,1.4675801531800503,190,0.5973900000000001,1,0,0,0
4240,3.0,4.827739388360678,1.8277393883606876,256,0.597295,1,0,0,0
4241,3.0,4.306830798420967,1.306830798420975,160,0.5972,1,0,0,0
4242,3.0,4.78160680307745,1.7816068030774599,254,0.597105,1,0,0,0
4243,3.0,4.398716199196964,1.3987161991969743,178,0.59701,1,0,0,0
4244,3.0,4.396505099466307,1.396505099466315,176,0.5969150000000001,1,0,0,0
4245,3.0,4.521751430182774,1.5217514301827837,197,0.59682,1,0,0,0
4246,3.0,4.46393258379471,1.463932583794717,187,0.596725,1,0,0,0
4247,3.0,4.873119633765678,1.8731196337656897,270,0.59663,1,0,0,0
4248,3.0,4.3988899237266725,1.3988899237266796,183,0.596535,1,0,0,0
4249,3.0,4.7816854527559,1.781685452755909,256,0.5964400000000001,1,0,0,0
4250,3.0,4.29790028202501,1.2979002820250172,157,0.596345,1,0,0,0
4251,3.0,4.513147839018973,1.513147839018983,196,0.59625,1,0,0,0
4252,3.0,4.285361002887237,1.2853610028872442,156,0.596155,1,0,0,0
4253,3.0,4.577001206726564,1.5770012067265737,231,0.59606,1,0,0,0
4254,3.0,4.456101480172389,1.456101480172398,186,0.5959650000000001,1,0,0,0
4255,3.0,4.398917652091841,1.3989176520918498,182,0.59587,1,0,0,0
4256,3.0,4.570741749409368,1.5707417494093767,211,0.595775,1,0,0,0
4257,3.0,4.415546074155063,1.4155460741550716,185,0.59568,1,0,0,0
4258,3.0,4.663946125860824,1.663946125860832,230,0.595585,1,0,0,0
4259,3.0,4.603074379214178,1.6030743792141866,219,0.5954900000000001,1,0,0,0
4260,3.0,4.817337138128862,1.8173371381288739,268,0.595395,1,0,0,0
4261,3.0,4.5848877554067435,1.584887755406756,214,0.5953,1,0,0,0
4262,3.0,4.593434232613829,1.5934342326138364,218,0.595205,1,0,0,0
4263,3.0,4.455627411138204,1.4556274111382137,183,0.59511,1,0,0,0
4264,3.0,4.532194085077782,1.5321940850777898,202,0.5950150000000001,1,0,0,0
4265,3.0,4.403571920201012,1.4035719202010217,173,0.59492,1,0,0,0
4266,3.0,4.579008628094673,1.5790086280946838,217,0.594825,1,0,0,0
4267,3.0,4.457626400290469,1.457626400290478,189,0.59473,1,0,0,0
4268,3.0,4.566481453893922,1.5664814538939327,212,0.594635,1,0,0,0
4269,3.0,4.540098580302929,1.5400985803029372,204,0.5945400000000001,1,0,0,0
4270,3.0,4.463143255550765,1.4631432555507737,186,0.594445,1,0,0,0
4271,3.0,4.590303713916615,1.5903037139166252,212,0.59435,1,0,0,0
4272,3.0,4.716479140731684,1.7164791407316948,234,0.594255,1,0,0,0
4273,3.0,4.5865645682804175,1.5865645682804286,211,0.59416,1,0,0,0
4274,3.0,4.415042696436915,1.4150426964369247,180,0.5940650000000001,1,0,0,0
4275,3.0,4.530689025956158,1.530689025956167,202,0.59397,1,0,0,0
4276,3.0,4.495831482465592,1.4958314824655978,191,0.593875,1,0,0,0
4277,3.0,4.565188701013649,1.5651887010136587,213,0.59378,1,0,0,0
4278,3.0,4.6779711760086755,1.677971176008687,231,0.593685,1,0,0,0
4279,3.0,4.458963175861214,1.4589631758612243,188,0.5935900000000001,1,0,0,0
4280,3.0,4.379868409931806,1.3798684099318146,173,0.593495,1,0,0,0
4281,3.0,4.620103193842433,1.6201031938424435,216,0.5934,1,0,0,0
4282,3.0,4.424999826438407,1.424999826438416,187,0.593305,1,0,0,0
4283,3.0,4.650533704949316,1.650533704949325,223,0.59321,1,0,0,0
4284,3.0,4.811517059191692,1.8115170591917,259,0.5931150000000001,1,0,0,0
4285,3.0,4.770960188275335,1.7709601882753463,250,0.59302,1,0,0,0
4286,3.0,4.458546191180022,1.4585461911800308,189,0.592925,1,0,0,0
4287,3.0,4.373122554192797,1.3731225541928063,170,0.59283,1,0,0,0
4288,3.0,4.380803665283921,1.3808036652839288,175,0.592735,1,0,0,0
4289,3.0,4.2835084115655455,1.2835084115655524,155,0.5926400000000001,1,0,0,0
4290,3.0,4.500729829713226,1.5007298297132365,196,0.592545,1,0,0,0
4291,3.0,4.669796799581963,1.669796799581975,234,0.59245,1,0,0,0
4292,3.0,4.3475080616425625,1.3475080616425699,169,0.592355,1,0,0,0
4293,3.0,4.317973690258144,1.3179736902581514,160,0.59226,1,0,0,0
4294,3.0,4.721844061798806,1.7218440617988142,250,0.592165,1,0,0,0
4295,3.0,4.35691713235429,1.3569171323542997,169,0.5920700000000001,1,0,0,0
4296,3.0,4.3889823256841165,1.388982325684124,182,0.591975,1,0,0,0
4297,3.0,4.550974722388672,1.5509747223886783,205,0.59188,1,0,0,0
4298,3.0,4.700253616368977,1.7002536163689856,237,0.591785,1,0,0,0
4299,3.0,4.5238534145735745,1.5238534145735816,203,0.59169,1,0,0,0
4300,3.0,4.611646397609298,1.6116463976093085,213,0.5915950000000001,1,0,0,0
4301,3.0,4.301581358157144,1.3015813581571518,158,0.5915,1,0,0,0
4302,3.0,4.586121886272741,1.5861218862727489,218,0.591405,1,0,0,0
4303,3.0,4.558209299719126,1.558209299719136,212,0.59131,1,0,0,0
4304,3.0,4.4876464778249705,1.48764647782498,194,0.591215,1,0,0,0
4305,3.0,4.615529725394535,1.6155297253945475,212,0.5911200000000001,1,0,0,0
4306,3.0,4.567645854974356,1.5676458549743653,210,0.591025,1,0,0,0
4307,3.0,4.683318675316071,1.683318675316082,233,0.59093,1,0,0,0
4308,3.0,4.594053748680571,1.59405374868058,210,0.590835,1,0,0,0
4309,3.0,4.409165240373932,1.40916524037394,175,0.59074,1,0,0,0
4310,3.0,4.207120470225297,1.207120470225302,142,0.5906450000000001,1,0,0,0
4311,3.0,4.6657098508937,1.6657098508937078,228,0.59055,1,0,0,0
4312,3.0,4.523534469187712,1.523534469187719,200,0.590455,1,0,0,0
4313,3.0,4.360272545014024,1.3602725450140325,168,0.59036,1,0,0,0
4314,3.0,4.275708108949932,1.275708108949938,155,0.590265,1,0,0,0
4315,3.0,4.554525152375684,1.5545251523756918,205,0.5901700000000001,1,0,0,0
4316,3.0,4.487240672920818,1.4872406729208294,189,0.590075,1,0,0,0
4317,3.0,4.469688986694492,1.4696889866944998,186,0.5899800000000001,1,0,0,0
4318,3.0,4.657418008130319,1.6574180081303282,231,0.589885,1,0,0,0
4319,3.0,4.662682120447393,1.6626821204474025,230,0.58979,1,0,0,0
4320,3.0,4.572843505785537,1.5728435057855479,209,0.5896950000000001,1,0,0,0
4321,3.0,4.645321217204528,1.6453212172045395,219,0.5896,1,0,0,0
4322,3.0,4.467334514533144,1.4673345145331544,187,0.5895050000000001,1,0,0,0
4323,3.0,4.505054092843874,1.5050540928438847,197,0.58941,1,0,0,0
4324,3.0,4.4406612350706745,1.4406612350706824,191,0.589315,1,0,0,0
4325,3.0,4.541138279084697,1.5411382790847048,202,0.5892200000000001,1,0,0,0
4326,3.0,4.472101932623555,1.4721019326235625,184,0.589125,1,0,0,0
4327,3.0,4.706216466189475,1.7062164661894839,238,0.58903,1,0,0,0
4328,3.0,4.580102026075165,1.5801020260751752,208,0.588935,1,0,0,0
4329,3.0,4.302299009746875,1.3022990097468836,158,0.58884,1,0,0,0
4330,3.0,4.469877435692192,1.4698774356922009,199,0.5887450000000001,1,0,0,0
4331,3.0,4.42978745379828,1.4297874537982904,183,0.58865,1,0,0,0
4332,3.0,4.390737192216272,1.3907371922162797,179,0.588555,1,0,0,0
4333,3.0,4.468296932041982,1.468296932041991,189,0.58846,1,0,0,0
4334,3.0,4.438169431007176,1.4381694310071853,186,0.588365,1,0,0,0
4335,3.0,4.553088276565621,1.5530882765656302,217,0.5882700000000001,1,0,0,0
4336,3.0,4.441756360654283,1.4417563606542922,187,0.588175,1,0,0,0
4337,3.0,4.42506099953934,1.4250609995393484,181,0.58808,1,0,0,0
4338,3.0,4.478108072558507,1.478108072558517,192,0.587985,1,0,0,0
4339,3.0,4.444565458311133,1.4445654583111411,184,0.58789,1,0,0,0
4340,3.0,4.627157497702994,1.6271574977030039,223,0.5877950000000001,1,0,0,0
4341,3.0,4.594694955069695,1.594694955069707,213,0.5877,1,0,0,0
4342,3.0,4.5550920825582875,1.5550920825582977,216,0.587605,1,0,0,0
4343,3.0,4.6004937379794235,1.6004937379794335,215,0.58751,1,0,0,0
4344,3.0,4.577969272783513,1.5779692727835228,219,0.587415,1,0,0,0
4345,3.0,4.746686828339431,1.7466868283394423,245,0.5873200000000001,1,0,0,0
4346,3.0,4.56752542826178,1.5675254282617903,210,0.587225,1,0,0,0
4347,3.0,4.549981275622626,1.5499812756226345,203,0.58713,1,0,0,0
4348,3.0,4.489702742208532,1.4897027422085416,189,0.587035,1,0,0,0
4349,3.0,4.416145212818595,1.4161452128186054,180,0.58694,1,0,0,0
4350,3.0,4.597871798664903,1.597871798664913,213,0.5868450000000001,1,0,0,0
4351,3.0,4.430659356308546,1.4306593563085535,183,0.58675,1,0,0,0
4352,3.0,4.671497413821635,1.6714974138216474,221,0.586655,1,0,0,0
4353,3.0,4.69600835048084,1.696008350480852,230,0.58656,1,0,0,0
4354,3.0,4.711004757496858,1.7110047574968694,240,0.586465,1,0,0,0
4355,3.0,4.657387119052702,1.6573871190527119,229,0.5863700000000001,1,0,0,0
4356,3.0,4.703734415817324,1.7037344158173344,234,0.5862750000000001,1,0,0,0
4357,3.0,4.52793274551003,1.5279327455100413,199,0.58618,1,0,0,0
4358,3.0,4.570223159847309,1.57022315984732,203,0.586085,1,0,0,0
4359,3.0,4.599528102402736,1.5995281024027472,218,0.58599,1,0,0,0
4360,3.0,4.853744113893422,1.853744113893432,257,0.585895,1,0,0,0
4361,3.0,4.408916303666356,1.4089163036663641,183,0.5858000000000001,1,0,0,0
4362,3.0,4.631428280140579,1.6314282801405877,213,0.585705,1,0,0,0
4363,3.0,4.435374620656998,1.435374620657007,181,0.58561,1,0,0,0
4364,3.0,4.461696408894461,1.4616964088944702,193,0.585515,1,0,0,0
4365,3.0,4.728895748795936,1.7288957487959464,243,0.58542,1,0,0,0
4366,3.0,4.405086490355901,1.40508649035591,180,0.5853250000000001,1,0,0,0
4367,3.0,4.570290012760853,1.5702900127608606,206,0.58523,1,0,0,0
4368,3.0,4.44676315114107,1.4467631511410797,183,0.585135,1,0,0,0
4369,3.0,4.854969910740417,1.8549699107404285,261,0.58504,1,0,0,0
4370,3.0,4.564940226231401,1.5649402262314112,213,0.584945,1,0,0,0
4371,3.0,4.360787804755284,1.3607878047552893,172,0.5848500000000001,1,0,0,0
4372,3.0,4.4484271599171645,1.4484271599171739,191,0.584755,1,0,0,0
4373,3.0,4.422458519648215,1.422458519648225,181,0.58466,1,0,0,0
4374,3.0,4.428926780385883,1.4289267803858912,184,0.584565,1,0,0,0
4375,3.0,4.5642840586079725,1.5642840586079834,214,0.58447,1,0,0,0
4376,3.0,4.569202601352712,1.569202601352722,209,0.5843750000000001,1,0,0,0
4377,3.0,4.540559396711601,1.5405593967116098,208,0.58428,1,0,0,0
4378,3.0,4.474933151818098,1.4749331518181088,189,0.5841850000000001,1,0,0,0
4379,3.0,4.7520284774271,1.7520284774271122,239,0.58409,1,0,0,0
4380,3.0,4.452569556607508,1.4525695566075163,193,0.583995,1,0,0,0
4381,3.0,4.400894881468144,1.4008948814681526,175,0.5839000000000001,1,0,0,0
4382,3.0,4.550287969030201,1.5502879690302125,208,0.583805,1,0,0,0
4383,3.0,4.581264747367008,1.5812647473670172,212,0.5837100000000001,1,0,0,0
4384,3.0,4.49166808958813,1.4916680895881382,189,0.583615,1,0,0,0
4385,3.0,4.492935067734361,1.49293506773437,198,0.58352,1,0,0,0
4386,3.0,4.557202878709307,1.557202878709315,207,0.5834250000000001,1,0,0,0
4387,3.0,4.352205037097438,1.352205037097445,169,0.58333,1,0,0,0
4388,3.0,4.611585577122938,1.611585577122948,215,0.5832350000000001,1,0,0,0
4389,3.0,4.61171177850758,1.6117117785075894,226,0.58314,1,0,0,0
4390,3.0,4.758775038916177,1.758775038916187,245,0.583045,1,0,0,0
4391,3.0,4.2389173888080585,1.2389173888080636,145,0.5829500000000001,1,0,0,0
4392,3.0,4.715158681642371,1.715158681642378,237,0.582855,1,0,0,0
4393,3.0,4.4861462537595305,1.4861462537595391,192,0.5827600000000001,1,0,0,0
4394,3.0,4.429002650512322,1.4290026505123292,182,0.582665,1,0,0,0
4395,3.0,4.39610404853849,1.3961040485385003,175,0.58257,1,0,0,0
4396,3.0,4.647973086517284,1.6479730865172926,225,0.5824750000000001,1,0,0,0
4397,3.0,4.600718413944501,1.6007184139445112,212,0.58238,1,0,0,0
4398,3.0,4.511324738981662,1.5113247389816706,197,0.582285,1,0,0,0
4399,3.0,4.3948061335131445,1.394806133513154,173,0.58219,1,0,0,0
4400,3.0,4.296313815370321,1.2963138153703277,159,0.582095,1,0,0,0
4401,3.0,4.4414909478861855,1.4414909478861953,187,0.5820000000000001,1,0,0,0
4402,3.0,4.543349559683099,1.543349559683108,201,0.581905,1,0,0,0
4403,3.0,4.568868614067956,1.5688686140679635,212,0.58181,1,0,0,0
4404,3.0,4.540092378076649,1.5400923780766562,207,0.581715,1,0,0,0
4405,3.0,4.470553003350943,1.4705530033509557,185,0.58162,1,0,0,0
4406,3.0,4.617676546768781,1.617676546768789,217,0.5815250000000001,1,0,0,0
4407,3.0,4.5126081719751525,1.512608171975158,202,0.58143,1,0,0,0
4408,3.0,4.560305597642868,1.5603055976428777,201,0.581335,1,0,0,0
4409,3.0,4.593068063133158,1.5930680631331684,219,0.58124,1,0,0,0
4410,3.0,4.673595585884939,1.673595585884949,233,0.581145,1,0,0,0
4411,3.0,4.58276323366633,1.5827632336663406,215,0.5810500000000001,1,0,0,0
4412,3.0,4.345485513701298,1.3454855137013069,168,0.5809550000000001,1,0,0,0
4413,3.0,4.508733886056348,1.5087338860563553,197,0.58086,1,0,0,0
4414,3.0,4.380850457786379,1.3808504577863876,172,0.580765,1,0,0,0
4415,3.0,4.671978133730269,1.6719781337302786,224,0.58067,1,0,0,0
4416,3.0,4.51213123606686,1.5121312360668684,199,0.5805750000000001,1,0,0,0
4417,3.0,4.402856056557686,1.4028560565576953,181,0.5804800000000001,1,0,0,0
4418,3.0,4.5785778390159,1.5785778390159093,209,0.580385,1,0,0,0
4419,3.0,4.454043091451373,1.4540430914513813,185,0.58029,1,0,0,0
4420,3.0,4.575134811209448,1.575134811209456,206,0.580195,1,0,0,0
4421,3.0,4.467682071995386,1.4676820719953925,187,0.5801000000000001,1,0,0,0
4422,3.0,4.271155412927486,1.271155412927493,155,0.5800050000000001,1,0,0,0
4423,3.0,4.426708827861644,1.426708827861651,181,0.57991,1,0,0,0
4424,3.0,4.453915956937743,1.4539159569377496,180,0.579815,1,0,0,0
4425,3.0,4.357052076973943,1.3570520769739516,168,0.57972,1,0,0,0
4426,3.0,4.342241864518675,1.3422418645186822,167,0.5796250000000001,1,0,0,0
4427,3.0,4.495841537856869,1.4958415378568795,191,0.5795300000000001,1,0,0,0
4428,3.0,4.773289174845618,1.773289174845628,248,0.579435,1,0,0,0
4429,3.0,4.323253161953584,1.3232531619535906,165,0.57934,1,0,0,0
4430,3.0,4.318359067722416,1.318359067722423,163,0.579245,1,0,0,0
4431,3.0,4.699559569728942,1.6995595697289532,225,0.57915,1,0,0,0
4432,3.0,4.462000363713589,1.4620003637135974,186,0.5790550000000001,1,0,0,0
4433,3.0,4.343044001856564,1.3430440018565712,165,0.57896,1,0,0,0
4434,3.0,4.552561456815297,1.5525614568153057,219,0.578865,1,0,0,0
4435,3.0,4.417451367813904,1.4174513678139133,180,0.57877,1,0,0,0
4436,3.0,4.5941975460883775,1.5941975460883866,214,0.578675,1,0,0,0
4437,3.0,4.478585826603375,1.4785858266033833,190,0.5785800000000001,1,0,0,0
4438,3.0,4.665030386334797,1.6650303863348062,222,0.578485,1,0,0,0
4439,3.0,4.43463910253595,1.4346391025359586,185,0.5783900000000001,1,0,0,0
4440,3.0,4.490531363803504,1.4905313638035147,200,0.578295,1,0,0,0
4441,3.0,4.562939543118832,1.5629395431188426,212,0.5782,1,0,0,0
4442,3.0,4.362623375916479,1.362623375916486,175,0.5781050000000001,1,0,0,0
4443,3.0,4.523244496024645,1.5232444960246543,206,0.57801,1,0,0,0
4444,3.0,4.341265620072926,1.3412656200729345,168,0.5779150000000001,1,0,0,0
4445,3.0,4.453259656339137,1.4532596563391467,185,0.57782,1,0,0,0
4446,3.0,4.550225595705802,1.5502255957058144,205,0.577725,1,0,0,0
4447,3.0,4.3259190847344335,1.325919084734439,162,0.5776300000000001,1,0,0,0
4448,3.0,4.466182430366599,1.466182430366608,186,0.577535,1,0,0,0
4449,3.0,4.62475586539855,1.6247558653985608,218,0.5774400000000001,1,0,0,0
4450,3.0,4.657309271757508,1.6573092717575175,221,0.577345,1,0,0,0
4451,3.0,4.572141738269254,1.572141738269263,209,0.57725,1,0,0,0
4452,3.0,4.467680690688396,1.4676806906884041,193,0.5771550000000001,1,0,0,0
4453,3.0,4.471234868460373,1.471234868460383,192,0.57706,1,0,0,0
4454,3.0,4.562715667264884,1.5627156672648916,205,0.5769650000000001,1,0,0,0
4455,3.0,4.514766593776052,1.51476659377606,198,0.57687,1,0,0,0
4456,3.0,4.398078821546589,1.3980788215465987,174,0.576775,1,0,0,0
4457,3.0,4.315064897911306,1.315064897911313,164,0.5766800000000001,1,0,0,0
4458,3.0,4.2726140143399505,1.2726140143399565,154,0.576585,1,0,0,0
4459,3.0,4.517362717630803,1.517362717630811,200,0.5764900000000001,1,0,0,0
4460,3.0,4.403556343326339,1.4035563433263487,176,0.576395,1,0,0,0
4461,3.0,4.481313551833722,1.481313551833731,190,0.5763,1,0,0,0
4462,3.0,4.537533191203474,1.537533191203481,201,0.5762050000000001,1,0,0,0
4463,3.0,4.407328384822576,1.4073283848225862,178,0.57611,1,0,0,0
4464,3.0,4.374405021312552,1.3744050213125603,168,0.576015,1,0,0,0
4465,3.0,4.589454970505674,1.5894549705056837,212,0.57592,1,0,0,0
4466,3.0,4.709521876015538,1.7095218760155477,240,0.575825,1,0,0,0
4467,3.0,4.782826554870402,1.7828265548704136,249,0.5757300000000001,1,0,0,0
4468,3.0,4.466572596089282,1.466572596089292,187,0.575635,1,0,0,0
4469,3.0,4.501604635252107,1.5016046352521177,191,0.57554,1,0,0,0
4470,3.0,4.661763305189508,1.661763305189517,225,0.575445,1,0,0,0
4471,3.0,4.668712009155165,1.6687120091551753,224,0.57535,1,0,0,0
4472,3.0,4.402681086387915,1.4026810863879242,180,0.5752550000000001,1,0,0,0
4473,3.0,4.617249016584383,1.6172490165843938,216,0.5751600000000001,1,0,0,0
4474,3.0,4.67567537828767,1.67567537828768,229,0.575065,1,0,0,0
4475,3.0,4.66643691519929,1.6664369151993,230,0.57497,1,0,0,0
4476,3.0,4.267767695041947,1.267767695041953,153,0.574875,1,0,0,0
4477,3.0,4.431279290274075,1.431279290274085,183,0.5747800000000001,1,0,0,0
4478,3.0,4.5146717097045626,1.5146717097045734,199,0.5746850000000001,1,0,0,0
4479,3.0,4.8040274834846475,1.8040274834846577,260,0.57459,1,0,0,0
4480,3.0,4.444700283077777,1.4447002830777873,186,0.574495,1,0,0,0
4481,3.0,4.607340180197692,1.6073401801977016,210,0.5744,1,0,0,0
4482,3.0,4.452585366013461,1.4525853660134702,181,0.5743050000000001,1,0,0,0
4483,3.0,4.5450423405333975,1.545042340533408,204,0.5742100000000001,1,0,0,0
4484,3.0,4.289903745012567,1.2899037450125745,156,0.574115,1,0,0,0
4485,3.0,4.7246252446663,1.7246252446663088,238,0.57402,1,0,0,0
4486,3.0,4.453933041133563,1.453933041133573,183,0.573925,1,0,0,0
4487,3.0,4.431587824092593,1.4315878240926034,180,0.5738300000000001,1,0,0,0
4488,3.0,4.409909574211911,1.4099095742119199,180,0.5737350000000001,1,0,0,0
4489,3.0,4.694200383258547,1.6942003832585555,234,0.57364,1,0,0,0
4490,3.0,4.625518164853105,1.6255181648531147,225,0.573545,1,0,0,0
4491,3.0,4.439579759217206,1.4395797592172141,181,0.57345,1,0,0,0
4492,3.0,4.476663317245212,1.4766633172452197,199,0.5733550000000001,1,0,0,0
4493,3.0,4.6520030505429055,1.6520030505429137,218,0.5732600000000001,1,0,0,0
4494,3.0,4.48954544522617,1.4895454452261805,186,0.573165,1,0,0,0
4495,3.0,4.609158064224822,1.6091580642248313,216,0.57307,1,0,0,0
4496,3.0,4.473452889714935,1.4734528897149421,186,0.572975,1,0,0,0
4497,3.0,4.370637659607231,1.3706376596072396,171,0.5728800000000001,1,0,0,0
4498,3.0,4.492879991042582,1.4928799910425898,194,0.5727850000000001,1,0,0,0
4499,3.0,4.4813094003114164,1.4813094003114262,190,0.57269,1,0,0,0
4500,3.0,4.400386396948762,1.4003863969487689,175,0.572595,1,0,0,0
4501,3.0,4.484371269387995,1.4843712693880027,192,0.5725,1,0,0,0
4502,3.0,4.4318352298006705,1.4318352298006811,176,0.572405,1,0,0,0
4503,3.0,4.543720742714093,1.5437207427141049,205,0.5723100000000001,1,0,0,0
4504,3.0,4.954819933023834,1.9548199330238434,293,0.572215,1,0,0,0
4505,3.0,4.65894328838576,1.6589432883857704,229,0.57212,1,0,0,0
4506,3.0,4.481438084183388,1.4814380841833967,191,0.572025,1,0,0,0
4507,3.0,4.430347808405653,1.4303478084056613,184,0.57193,1,0,0,0
4508,3.0,4.6281178274385635,1.6281178274385735,218,0.5718350000000001,1,0,0,0
4509,3.0,4.520117603983854,1.5201176039838638,199,0.57174,1,0,0,0
4510,3.0,4.313387757701874,1.3133877577018818,161,0.571645,1,0,0,0
4511,3.0,4.4564984499924325,1.4564984499924416,190,0.57155,1,0,0,0
4512,3.0,4.584618069862845,1.5846180698628545,213,0.571455,1,0,0,0
4513,3.0,4.542044781456039,1.5420447814560494,200,0.5713600000000001,1,0,0,0
4514,3.0,4.4560552340959765,1.4560552340959858,186,0.571265,1,0,0,0
4515,3.0,4.405410812376145,1.4054108123761542,179,0.57117,1,0,0,0
4516,3.0,4.409694446905107,1.4096944469051143,176,0.571075,1,0,0,0
4517,3.0,4.759581778141893,1.7595817781419067,245,0.57098,1,0,0,0
4518,3.0,4.499180200629866,1.4991802006298767,191,0.5708850000000001,1,0,0,0
4519,3.0,4.512123074702622,1.5121230747026315,196,0.57079,1,0,0,0
4520,3.0,4.342537045159915,1.3425370451599237,165,0.570695,1,0,0,0
4521,3.0,4.558050578458945,1.5580505784589551,208,0.5706,1,0,0,0
4522,3.0,4.362908887437811,1.3629088874378186,172,0.570505,1,0,0,0
4523,3.0,4.453091388225327,1.4530913882253365,187,0.5704100000000001,1,0,0,0
4524,3.0,4.450100471427894,1.4501004714279035,182,0.570315,1,0,0,0
4525,3.0,4.523901999938902,1.5239019999389134,204,0.57022,1,0,0,0
4526,3.0,4.4815429135290294,1.4815429135290368,193,0.570125,1,0,0,0
4527,3.0,4.501873857470185,1.5018738574701949,204,0.57003,1,0,0,0
4528,3.0,4.41843549715278,1.4184354971527868,183,0.5699350000000001,1,0,0,0
4529,3.0,4.57556228426184,1.5755622842618509,205,0.56984,1,0,0,0
4530,3.0,4.213289305312594,1.2132893053125997,146,0.569745,1,0,0,0
4531,3.0,4.349529882031995,1.3495298820320012,170,0.56965,1,0,0,0
4532,3.0,4.395183148403072,1.3951831484030799,176,0.569555,1,0,0,0
4533,3.0,4.558005551230308,1.5580055512303168,207,0.5694600000000001,1,0,0,0
4534,3.0,4.240316578171457,1.2403165781714638,147,0.5693650000000001,1,0,0,0
4535,3.0,4.493471615647189,1.4934716156471959,195,0.5692699999999999,1,0,0,0
4536,3.0,4.693492617965511,1.693492617965519,241,0.569175,1,0,0,0
4537,3.0,4.849651868860711,1.8496518688607222,264,0.56908,1,0,0,0
4538,3.0,4.1334851344705825,1.1334851344705856,129,0.5689850000000001,1,0,0,0
4539,3.0,4.698193276166754,1.6981932761667657,229,0.5688900000000001,1,0,0,0
4540,3.0,4.559234236310712,1.5592342363107228,200,0.5687949999999999,1,0,0,0
4541,3.0,4.353821779100533,1.353821779100541,163,0.5687,1,0,0,0
4542,3.0,4.570527905821267,1.5705279058212769,206,0.568605,1,0,0,0
4543,3.0,4.419469513412743,1.419469513412752,182,0.5685100000000001,1,0,0,0
4544,3.0,4.299674372133155,1.2996743721331618,161,0.5684150000000001,1,0,0,0
4545,3.0,4.575568252239483,1.575568252239491,209,0.5683199999999999,1,0,0,0
4546,3.0,4.526146887318874,1.5261468873188835,203,0.568225,1,0,0,0
4547,3.0,4.634569090209659,1.634569090209669,224,0.56813,1,0,0,0
4548,3.0,4.371501304822708,1.3715013048227165,172,0.5680350000000001,1,0,0,0
4549,3.0,4.435454700815968,1.4354547008159784,184,0.5679400000000001,1,0,0,0
4550,3.0,4.487622248768164,1.4876222487681736,191,0.5678449999999999,1,0,0,0
4551,3.0,4.670839764797549,1.6708397647975586,229,0.56775,1,0,0,0
4552,3.0,4.460675986342275,1.460675986342283,188,0.567655,1,0,0,0
4553,3.0,4.522995596358004,1.5229955963580144,196,0.5675600000000001,1,0,0,0
4554,3.0,4.56338052242273,1.5633805224227417,201,0.5674650000000001,1,0,0,0
4555,3.0,4.2195811910875225,1.219581191087528,145,0.5673699999999999,1,0,0,0
4556,3.0,4.720754275609477,1.7207542756094873,238,0.567275,1,0,0,0
4557,3.0,4.537778643479788,1.5377786434797978,202,0.56718,1,0,0,0
4558,3.0,4.376773653192766,1.3767736531927741,172,0.5670850000000001,1,0,0,0
4559,3.0,4.3688683760575096,1.3688683760575182,175,0.5669900000000001,1,0,0,0
4560,3.0,4.3737941380693535,1.3737941380693603,172,0.5668949999999999,1,0,0,0
4561,3.0,4.770953773559917,1.770953773559927,246,0.5668,1,0,0,0
4562,3.0,4.33395905982117,1.3339590598211784,167,0.566705,1,0,0,0
4563,3.0,4.536423515804625,1.5364235158046338,202,0.5666100000000001,1,0,0,0
4564,3.0,4.657592674549404,1.6575926745494152,233,0.5665150000000001,1,0,0,0
4565,3.0,4.315130997423671,1.3151309974236762,167,0.56642,1,0,0,0
4566,3.0,4.5403302098531135,1.540330209853121,205,0.566325,1,0,0,0
4567,3.0,4.6224935445260105,1.6224935445260216,221,0.56623,1,0,0,0
4568,3.0,4.322996226923399,1.3229962269234077,159,0.566135,1,0,0,0
4569,3.0,4.424420359982796,1.4244203599828043,179,0.5660400000000001,1,0,0,0
4570,3.0,4.522056564662303,1.5220565646623117,200,0.565945,1,0,0,0
4571,3.0,4.5083574574888665,1.508357457488874,197,0.56585,1,0,0,0
4572,3.0,4.503089788909724,1.5030897889097323,200,0.565755,1,0,0,0
4573,3.0,4.379499843627049,1.379499843627057,174,0.56566,1,0,0,0
4574,3.0,4.468080980166119,1.4680809801661299,186,0.5655650000000001,1,0,0,0
4575,3.0,4.275699082150057,1.2756990821500633,155,0.56547,1,0,0,0
4576,3.0,4.737459889781876,1.7374598897818865,235,0.565375,1,0,0,0
4577,3.0,4.421900616164254,1.4219006161642642,178,0.56528,1,0,0,0
4578,3.0,4.565032875152774,1.5650328751527822,210,0.565185,1,0,0,0
4579,3.0,4.564962816429293,1.564962816429305,216,0.5650900000000001,1,0,0,0
4580,3.0,4.176047479576239,1.1760474795762432,137,0.564995,1,0,0,0
4581,3.0,4.584183516399011,1.5841835163990174,210,0.5649,1,0,0,0
4582,3.0,4.33966042852,1.339660428520007,168,0.564805,1,0,0,0
4583,3.0,4.45692822972052,1.4569282297205304,186,0.56471,1,0,0,0
4584,3.0,4.348203750996351,1.3482037509963585,165,0.5646150000000001,1,0,0,0
4585,3.0,4.421041224999264,1.421041224999274,182,0.56452,1,0,0,0
4586,3.0,4.503293195908611,1.503293195908621,196,0.564425,1,0,0,0
4587,3.0,4.297848411937023,1.2978484119370304,159,0.56433,1,0,0,0
4588,3.0,4.407199598422425,1.4071995984224333,174,0.564235,1,0,0,0
4589,3.0,4.525757652845382,1.5257576528453907,200,0.5641400000000001,1,0,0,0
4590,3.0,4.573129260798278,1.573129260798287,206,0.564045,1,0,0,0
4591,3.0,4.41667933761128,1.4166793376112876,176,0.56395,1,0,0,0
4592,3.0,4.450024245042554,1.4500242450425629,186,0.563855,1,0,0,0
4593,3.0,4.629200768807975,1.6292007688079841,225,0.56376,1,0,0,0
4594,3.0,4.471390309250223,1.4713903092502332,187,0.5636650000000001,1,0,0,0
4595,3.0,4.4184379622228445,1.4184379622228538,179,0.5635700000000001,1,0,0,0
4596,3.0,4.47571134824757,1.4757113482475788,195,0.563475,1,0,0,0
4597,3.0,4.5211108643793185,1.5211108643793287,201,0.56338,1,0,0,0
4598,3.0,4.414384519203044,1.4143845192030506,180,0.563285,1,0,0,0
4599,3.0,4.452426946447209,1.4524269464472157,187,0.5631900000000001,1,0,0,0
4600,3.0,4.685329414535056,1.685329414535067,240,0.5630950000000001,1,0,0,0
4601,3.0,4.300913281325606,1.3009132813256137,159,0.563,1,0,0,0
4602,3.0,4.488558399417687,1.4885583994176967,190,0.562905,1,0,0,0
4603,3.0,4.496564991821412,1.4965649918214199,191,0.56281,1,0,0,0
4604,3.0,4.431729379365304,1.4317293793653143,182,0.5627150000000001,1,0,0,0
4605,3.0,4.410279955937989,1.410279955937996,180,0.5626200000000001,1,0,0,0
4606,3.0,4.521210454067004,1.5212104540670142,196,0.5625249999999999,1,0,0,0
4607,3.0,4.798379142709121,1.7983791427091307,249,0.56243,1,0,0,0
4608,3.0,4.6121396650433155,1.6121396650433246,216,0.562335,1,0,0,0
4609,3.0,4.899421916727249,1.8994219167272584,278,0.5622400000000001,1,0,0,0
4610,3.0,4.464555275059501,1.4645552750595097,188,0.5621450000000001,1,0,0,0
4611,3.0,4.4242440361427455,1.4242440361427537,183,0.5620499999999999,1,0,0,0
4612,3.0,4.320643283618808,1.3206432836188147,165,0.561955,1,0,0,0
4613,3.0,4.6230126213952545,1.623012621395266,219,0.56186,1,0,0,0
4614,3.0,4.559518790836476,1.5595187908364836,203,0.5617650000000001,1,0,0,0
4615,3.0,4.571676541453025,1.5716765414530347,207,0.5616700000000001,1,0,0,0
4616,3.0,4.357032519085092,1.3570325190851003,170,0.5615749999999999,1,0,0,0
4617,3.0,4.431485679719302,1.4314856797193096,185,0.56148,1,0,0,0
4618,3.0,4.431929120807149,1.4319291208071592,186,0.561385,1,0,0,0
4619,3.0,4.326662424957599,1.3266624249576062,165,0.5612900000000001,1,0,0,0
4620,3.0,4.461417272647128,1.4614172726471377,193,0.5611950000000001,1,0,0,0
4621,3.0,4.41487574012935,1.4148757401293603,176,0.5610999999999999,1,0,0,0
4622,3.0,4.522893047779884,1.5228930477798936,197,0.561005,1,0,0,0
4623,3.0,4.39766065473726,1.3976606547372679,179,0.56091,1,0,0,0
4624,3.0,4.593011927609044,1.5930119276090542,212,0.5608150000000001,1,0,0,0
4625,3.0,4.524940934449206,1.5249409344492153,197,0.5607200000000001,1,0,0,0
4626,3.0,4.412532859189366,1.4125328591893762,180,0.5606249999999999,1,0,0,0
4627,3.0,4.584704949188199,1.5847049491882088,209,0.56053,1,0,0,0
4628,3.0,4.377361169956858,1.377361169956867,170,0.560435,1,0,0,0
4629,3.0,4.332149845300997,1.332149845301005,164,0.5603400000000001,1,0,0,0
4630,3.0,4.380425505137517,1.3804255051375258,173,0.5602450000000001,1,0,0,0
4631,3.0,4.501037128810428,1.5010371288104365,193,0.5601499999999999,1,0,0,0
4632,3.0,4.4328183591012085,1.4328183591012182,187,0.560055,1,0,0,0
4633,3.0,4.497453695907545,1.4974536959075542,195,0.55996,1,0,0,0
4634,3.0,4.413496690607248,1.4134966906072564,177,0.5598650000000001,1,0,0,0
4635,3.0,4.401334006748515,1.401334006748524,178,0.5597700000000001,1,0,0,0
4636,3.0,4.567764970020782,1.567764970020792,209,0.5596749999999999,1,0,0,0
4637,3.0,4.792843755051944,1.7928437550519554,258,0.55958,1,0,0,0
4638,3.0,4.347277645059666,1.3472776450596742,167,0.559485,1,0,0,0
4639,3.0,4.421340208369855,1.421340208369864,188,0.55939,1,0,0,0
4640,3.0,4.503236926654962,1.503236926654973,190,0.5592950000000001,1,0,0,0
4641,3.0,4.408894419826609,1.4088944198266182,175,0.5591999999999999,1,0,0,0
4642,3.0,4.468378488901003,1.468378488901012,186,0.559105,1,0,0,0
4643,3.0,4.5030157034354525,1.5030157034354616,192,0.55901,1,0,0,0
4644,3.0,4.479760922438356,1.4797609224383632,192,0.558915,1,0,0,0
4645,3.0,4.743447984597463,1.7434479845974744,238,0.5588200000000001,1,0,0,0
4646,3.0,4.38995014791661,1.389950147916619,172,0.5587249999999999,1,0,0,0
4647,3.0,4.334031932812364,1.3340319328123724,165,0.55863,1,0,0,0
4648,3.0,4.636595795612537,1.6365957956125474,225,0.558535,1,0,0,0
4649,3.0,4.6842901040873235,1.684290104087332,231,0.55844,1,0,0,0
4650,3.0,4.331082634457129,1.3310826344571374,162,0.5583450000000001,1,0,0,0
4651,3.0,4.5479790370772895,1.5479790370772992,209,0.55825,1,0,0,0
4652,3.0,4.400715574439504,1.4007155744395143,175,0.558155,1,0,0,0
4653,3.0,4.500108661026376,1.5001086610263858,196,0.55806,1,0,0,0
4654,3.0,4.566943218485387,1.566943218485397,203,0.557965,1,0,0,0
4655,3.0,4.368450917465982,1.3684509174659905,169,0.5578700000000001,1,0,0,0
4656,3.0,4.360097388473674,1.3600973884736829,169,0.557775,1,0,0,0
4657,3.0,4.429960735373069,1.4299607353730768,181,0.55768,1,0,0,0
4658,3.0,4.429444228984135,1.429444228984143,186,0.557585,1,0,0,0
4659,3.0,4.344355322490573,1.344355322490582,163,0.55749,1,0,0,0
4660,3.0,4.508179058705513,1.5081790587055222,203,0.5573950000000001,1,0,0,0
4661,3.0,4.473224678195908,1.4732246781959182,194,0.5573,1,0,0,0
4662,3.0,4.371337691759199,1.3713376917592075,168,0.557205,1,0,0,0
4663,3.0,4.424941873498405,1.4249418734984143,183,0.55711,1,0,0,0
4664,3.0,4.215896313338462,1.215896313338467,144,0.557015,1,0,0,0
4665,3.0,4.34810827897428,1.3481082789742875,167,0.5569200000000001,1,0,0,0
4666,3.0,4.341201364431985,1.3412013644319938,164,0.556825,1,0,0,0
4667,3.0,4.568860667902051,1.5688606679020602,206,0.55673,1,0,0,0
4668,3.0,4.5343422235638435,1.534342223563854,201,0.556635,1,0,0,0
4669,3.0,4.413427962165029,1.4134279621650383,181,0.55654,1,0,0,0
4670,3.0,4.460951059906066,1.460951059906076,188,0.5564450000000001,1,0,0,0
4671,3.0,4.33804154272581,1.3380415427258172,166,0.55635,1,0,0,0
4672,3.0,4.549319669264557,1.5493196692645659,209,0.5562549999999999,1,0,0,0
4673,3.0,4.52831273758506,1.5283127375850698,203,0.55616,1,0,0,0
4674,3.0,4.405589241230795,1.4055892412308033,175,0.556065,1,0,0,0
4675,3.0,4.221648457282461,1.221648457282466,144,0.5559700000000001,1,0,0,0
4676,3.0,4.353113135537624,1.353113135537632,167,0.555875,1,0,0,0
4677,3.0,4.470365195028496,1.4703651950285053,184,0.5557799999999999,1,0,0,0
4678,3.0,4.460736530147997,1.4607365301480049,189,0.555685,1,0,0,0
4679,3.0,4.535772484465749,1.5357724844657583,204,0.55559,1,0,0,0
4680,3.0,4.4327937769622645,1.432793776962272,185,0.5554950000000001,1,0,0,0
4681,3.0,4.712624074156761,1.7126240741567713,231,0.5554,1,0,0,0
4682,3.0,4.577227641974035,1.5772276419740452,212,0.5553049999999999,1,0,0,0
4683,3.0,4.433155736824738,1.4331557368247492,182,0.55521,1,0,0,0
4684,3.0,4.222890171300266,1.2228901713002707,144,0.555115,1,0,0,0
4685,3.0,4.358632861106831,1.3586328611068375,168,0.5550200000000001,1,0,0,0
4686,3.0,4.317391921510584,1.3173919215105918,162,0.554925,1,0,0,0
4687,3.0,4.3110504938001375,1.311050493800145,163,0.5548299999999999,1,0,0,0
4688,3.0,4.342274300781595,1.3422743007816025,164,0.554735,1,0,0,0
4689,3.0,4.339230337707351,1.3392303377073567,160,0.55464,1,0,0,0
4690,3.0,4.492307881679052,1.4923078816790598,194,0.5545450000000001,1,0,0,0
4691,3.0,4.3352979929774325,1.3352979929774396,166,0.5544500000000001,1,0,0,0
4692,3.0,4.48643835024637,1.4864383502463767,196,0.5543549999999999,1,0,0,0
4693,3.0,4.240811951654088,1.2408119516540939,147,0.55426,1,0,0,0
4694,3.0,4.4583994515828245,1.4583994515828311,189,0.554165,1,0,0,0
4695,3.0,4.540232243709186,1.5402322437091942,202,0.5540700000000001,1,0,0,0
4696,3.0,4.291061567104384,1.2910615671043895,160,0.5539750000000001,1,0,0,0
4697,3.0,4.345842133974023,1.34584213397403,169,0.5538799999999999,1,0,0,0
4698,3.0,4.300119165857268,1.3001191658572757,158,0.553785,1,0,0,0
4699,3.0,4.65514230850045,1.6551423085004622,230,0.55369,1,0,0,0
4700,3.0,4.621415596930023,1.6214155969300308,225,0.5535950000000001,1,0,0,0
4701,3.0,4.613549870590134,1.6135498705901425,219,0.5535000000000001,1,0,0,0
4702,3.0,4.569908498186284,1.5699084981862945,206,0.5534049999999999,1,0,0,0
4703,3.0,4.421011371516672,1.4210113715166806,186,0.55331,1,0,0,0
4704,3.0,4.226648457282462,1.226648457282466,146,0.553215,1,0,0,0
4705,3.0,4.765339792706813,1.7653397927068235,245,0.5531200000000001,1,0,0,0
4706,3.0,4.315196972222047,1.315196972222055,164,0.5530250000000001,1,0,0,0
4707,3.0,4.395850456752364,1.3958504567523722,172,0.5529299999999999,1,0,0,0
4708,3.0,4.467047141855176,1.467047141855186,191,0.552835,1,0,0,0
4709,3.0,4.39429582763313,1.3942958276331388,176,0.55274,1,0,0,0
4710,3.0,4.451989580770476,1.4519895807704843,189,0.552645,1,0,0,0
4711,3.0,4.475837202032018,1.4758372020320278,190,0.5525500000000001,1,0,0,0
4712,3.0,4.611092662771064,1.6110926627710718,211,0.552455,1,0,0,0
4713,3.0,4.3970459187544435,1.3970459187544526,177,0.55236,1,0,0,0
4714,3.0,4.5387095984193095,1.5387095984193209,199,0.552265,1,0,0,0
4715,3.0,4.457033204181338,1.457033204181344,187,0.55217,1,0,0,0
4716,3.0,4.451377896222356,1.4513778962223647,186,0.5520750000000001,1,0,0,0
4717,3.0,4.350852280181028,1.3508522801810356,168,0.55198,1,0,0,0
4718,3.0,4.357673427820596,1.3576734278206033,172,0.551885,1,0,0,0
4719,3.0,4.497001346144295,1.4970013461443021,195,0.55179,1,0,0,0
4720,3.0,4.301798940383925,1.3017989403839334,160,0.551695,1,0,0,0
4721,3.0,4.404546298962481,1.40454629896249,180,0.5516000000000001,1,0,0,0
4722,3.0,4.4150726735690835,1.4150726735690904,179,0.551505,1,0,0,0
4723,3.0,4.3786315729201055,1.378631572920114,169,0.55141,1,0,0,0
4724,3.0,4.312664302703317,1.3126643027033251,160,0.551315,1,0,0,0
4725,3.0,4.533046721508551,1.533046721508562,199,0.55122,1,0,0,0
4726,3.0,4.656303903915903,1.6563039039159124,228,0.5511250000000001,1,0,0,0
4727,3.0,4.369603290265127,1.3696032902651354,172,0.55103,1,0,0,0
4728,3.0,4.239783384686794,1.2397833846867998,148,0.550935,1,0,0,0
4729,3.0,4.428423564033384,1.4284235640333922,185,0.55084,1,0,0,0
4730,3.0,4.239099573118934,1.2390995731189394,147,0.550745,1,0,0,0
4731,3.0,4.466062289175249,1.4660622891752597,189,0.5506500000000001,1,0,0,0
4732,3.0,4.587714703295982,1.587714703295992,213,0.550555,1,0,0,0
4733,3.0,4.270965426622938,1.2709654266229449,158,0.55046,1,0,0,0
4734,3.0,4.586859771216812,1.5868597712168218,225,0.550365,1,0,0,0
4735,3.0,4.5399187251197075,1.5399187251197177,205,0.55027,1,0,0,0
4736,3.0,4.313994304086206,1.3139943040862143,156,0.5501750000000001,1,0,0,0
4737,3.0,4.455075186999287,1.4550751869992942,184,0.55008,1,0,0,0
4738,3.0,4.3064449469875345,1.3064449469875414,160,0.549985,1,0,0,0
4739,3.0,4.429531197785504,1.429531197785513,183,0.54989,1,0,0,0
4740,3.0,4.4131403981544945,1.4131403981545052,174,0.549795,1,0,0,0
4741,3.0,4.485361393411569,1.4853613934115772,187,0.5497000000000001,1,0,0,0
4742,3.0,4.435044620325731,1.4350446203257383,181,0.549605,1,0,0,0
4743,3.0,4.42245130550711,1.4224513055071193,178,0.5495099999999999,1,0,0,0
4744,3.0,4.365467408415748,1.3654674084157572,171,0.549415,1,0,0,0
4745,3.0,4.5860096661424805,1.5860096661424903,209,0.54932,1,0,0,0
4746,3.0,4.334095928329637,1.3340959283296447,162,0.5492250000000001,1,0,0,0
4747,3.0,4.454210411002339,1.4542104110023484,187,0.54913,1,0,0,0
4748,3.0,4.398828506359834,1.3988285063598436,178,0.5490349999999999,1,0,0,0
4749,3.0,4.420428018567721,1.4204280185677307,177,0.54894,1,0,0,0
4750,3.0,4.55265706845819,1.5526570684582002,203,0.548845,1,0,0,0
4751,3.0,4.544094185408847,1.5440941854088541,209,0.5487500000000001,1,0,0,0
4752,3.0,4.502459149410993,1.5024591494110036,190,0.548655,1,0,0,0
4753,3.0,4.239175858634306,1.2391758586343113,149,0.5485599999999999,1,0,0,0
4754,3.0,4.21814768773309,1.218147687733095,142,0.548465,1,0,0,0
4755,3.0,4.38566980129824,1.3856698012982487,171,0.54837,1,0,0,0
4756,3.0,4.370257610548608,1.370257610548616,169,0.5482750000000001,1,0,0,0
4757,3.0,4.670355726460192,1.670355726460203,229,0.54818,1,0,0,0
4758,3.0,4.422228739801424,1.4222287398014348,179,0.5480849999999999,1,0,0,0
4759,3.0,4.511465223770494,1.5114652237705009,198,0.54799,1,0,0,0
4760,3.0,4.348678566001988,1.3486785660019964,166,0.547895,1,0,0,0
4761,3.0,4.2957520043630835,1.2957520043630903,158,0.5478000000000001,1,0,0,0
4762,3.0,4.6179405349401765,1.617940534940185,224,0.547705,1,0,0,0
4763,3.0,4.284457241305917,1.2844572413059245,158,0.5476099999999999,1,0,0,0
4764,3.0,4.327898459630362,1.3278984596303702,163,0.547515,1,0,0,0
4765,3.0,4.41345324659364,1.4134532465936476,180,0.54742,1,0,0,0
4766,3.0,4.358004414793349,1.3580044147933563,171,0.5473250000000001,1,0,0,0
4767,3.0,4.320833194193309,1.3208331941933142,159,0.54723,1,0,0,0
4768,3.0,4.456080867395947,1.456080867395956,185,0.5471349999999999,1,0,0,0
4769,3.0,4.339715805653002,1.3397158056530105,166,0.54704,1,0,0,0
4770,3.0,4.455192840550948,1.4551928405509578,187,0.546945,1,0,0,0
4771,3.0,4.406583330406095,1.4065833304061037,174,0.5468500000000001,1,0,0,0
4772,3.0,4.339773191551233,1.33977319155124,166,0.546755,1,0,0,0
4773,3.0,4.355619567234324,1.35561956723433,168,0.54666,1,0,0,0
4774,3.0,4.247390101937315,1.2473901019373208,151,0.546565,1,0,0,0
4775,3.0,4.4336798002868285,1.4336798002868383,182,0.54647,1,0,0,0
4776,3.0,4.501317407750099,1.5013174077501081,195,0.546375,1,0,0,0
4777,3.0,4.313075314501576,1.313075314501582,162,0.54628,1,0,0,0
4778,3.0,4.386379849654116,1.3863798496541249,172,0.546185,1,0,0,0
4779,3.0,4.496708533289727,1.4967085332897399,191,0.54609,1,0,0,0
4780,3.0,4.276118646779027,1.2761186467790337,156,0.545995,1,0,0,0
4781,3.0,4.301771618637021,1.3017716186370285,156,0.5459,1,0,0,0
4782,3.0,4.551607409839999,1.551607409840006,205,0.545805,1,0,0,0
4783,3.0,4.5229742242170685,1.5229742242170783,208,0.54571,1,0,0,0
4784,3.0,4.5592143447629745,1.559214344762982,210,0.545615,1,0,0,0
4785,3.0,4.548835322200663,1.5488353222006725,206,0.54552,1,0,0,0
4786,3.0,4.555664677046346,1.5556646770463545,202,0.545425,1,0,0,0
4787,3.0,4.536182943038923,1.5361829430389307,197,0.54533,1,0,0,0
4788,3.0,4.692940427175321,1.6929404271753303,232,0.545235,1,0,0,0
4789,3.0,4.489236404399959,1.4892364043999684,195,0.54514,1,0,0,0
4790,3.0,4.372052655199822,1.3720526551998296,170,0.545045,1,0,0,0
4791,3.0,4.521847724986542,1.5218477249865512,199,0.54495,1,0,0,0
4792,3.0,4.314833138842236,1.3148331388422434,160,0.544855,1,0,0,0
4793,3.0,4.43266065791402,1.4326606579140295,180,0.54476,1,0,0,0
4794,3.0,4.6020322384250765,1.6020322384250836,214,0.544665,1,0,0,0
4795,3.0,4.586943944060257,1.5869439440602684,210,0.54457,1,0,0,0
4796,3.0,4.68805941390961,1.6880594139096192,226,0.544475,1,0,0,0
4797,3.0,4.655740181108003,1.6557401811080132,223,0.54438,1,0,0,0
4798,3.0,4.332291857912564,1.3322918579125718,163,0.544285,1,0,0,0
4799,3.0,4.332090192581905,1.3320901925819124,164,0.54419,1,0,0,0
4800,3.0,4.248833027123685,1.248833027123691,147,0.544095,1,0,0,0
4801,3.0,4.602310727005445,1.602310727005456,218,0.544,1,0,0,0
4802,3.0,4.280629472771301,1.2806294727713066,153,0.543905,1,0,0,0
4803,3.0,4.514518339436933,1.5145183394369404,196,0.54381,1,0,0,0
4804,3.0,4.482932628903789,1.4829326289037972,187,0.543715,1,0,0,0
4805,3.0,4.1774504705565665,1.1774504705565703,138,0.54362,1,0,0,0
4806,3.0,4.459675929957186,1.4596759299571962,188,0.543525,1,0,0,0
4807,3.0,4.610591764362109,1.6105917643621228,218,0.54343,1,0,0,0
4808,3.0,4.482943445378601,1.48294344537861,194,0.543335,1,0,0,0
4809,3.0,4.293867395414168,1.2938673954141746,155,0.54324,1,0,0,0
4810,3.0,4.239198141716892,1.2391981417168978,148,0.543145,1,0,0,0
4811,3.0,4.122513768064955,1.1225137680649577,128,0.54305,1,0,0,0
4812,3.0,4.49884155012567,1.49884155012568,194,0.5429550000000001,1,0,0,0
4813,3.0,4.294163082788419,1.2941630827884252,159,0.54286,1,0,0,0
4814,3.0,4.408333010272821,1.4083330102728302,179,0.5427649999999999,1,0,0,0
4815,3.0,4.383890618209682,1.3838906182096904,172,0.54267,1,0,0,0
4816,3.0,4.579927877711901,1.5799278777119117,207,0.542575,1,0,0,0
4817,3.0,4.479693131243466,1.4796931312434762,192,0.5424800000000001,1,0,0,0
4818,3.0,4.613375412117497,1.6133754121175052,216,0.542385,1,0,0,0
4819,3.0,4.358028773853251,1.358028773853259,170,0.5422899999999999,1,0,0,0
4820,3.0,4.305499213881876,1.3054992138818835,158,0.542195,1,0,0,0
4821,3.0,4.4597633445356575,1.4597633445356646,188,0.5421,1,0,0,0
4822,3.0,4.292700890488543,1.292700890488549,158,0.5420050000000001,1,0,0,0
4823,3.0,4.3998042096243335,1.3998042096243397,177,0.54191,1,0,0,0
4824,3.0,4.545870675025093,1.545870675025103,204,0.5418149999999999,1,0,0,0
4825,3.0,4.219319873037772,1.2193198730377768,145,0.54172,1,0,0,0
4826,3.0,4.566500484548175,1.5665004845481874,210,0.541625,1,0,0,0
4827,3.0,4.2523742403746585,1.2523742403746647,152,0.5415300000000001,1,0,0,0
4828,3.0,4.681861873787467,1.6818618737874758,229,0.541435,1,0,0,0
4829,3.0,4.438943923161934,1.4389439231619416,183,0.5413399999999999,1,0,0,0
4830,3.0,4.288736787653383,1.2887367876533895,156,0.541245,1,0,0,0
4831,3.0,4.434480812972793,1.4344808129728017,183,0.54115,1,0,0,0
4832,3.0,4.696271006805988,1.696271006805999,235,0.5410550000000001,1,0,0,0
4833,3.0,4.269855970079404,1.2698559700794105,152,0.54096,1,0,0,0
4834,3.0,4.275293273999144,1.2752932739991507,157,0.540865,1,0,0,0
4835,3.0,4.418532911363675,1.4185329113636844,182,0.54077,1,0,0,0
4836,3.0,4.438687933517828,1.4386879335178386,184,0.540675,1,0,0,0
4837,3.0,4.356094917481901,1.3560949174819088,170,0.5405800000000001,1,0,0,0
4838,3.0,4.4754339625052495,1.4754339625052577,195,0.540485,1,0,0,0
4839,3.0,4.407307922157679,1.4073079221576874,181,0.54039,1,0,0,0
4840,3.0,4.248377646977129,1.2483776469771346,151,0.540295,1,0,0,0
4841,3.0,4.332407656246906,1.3324076562469134,165,0.5402,1,0,0,0
4842,3.0,4.408620146533722,1.4086201465337294,178,0.5401050000000001,1,0,0,0
4843,3.0,4.46540898894748,1.4654089889474908,188,0.54001,1,0,0,0
4844,3.0,4.3930903032664395,1.3930903032664494,175,0.539915,1,0,0,0
4845,3.0,4.276402399999867,1.2764023999998746,156,0.53982,1,0,0,0
4846,3.0,4.3825347428567945,1.3825347428568024,175,0.539725,1,0,0,0
4847,3.0,4.465418058731295,1.4654180587313033,188,0.53963,1,0,0,0
4848,3.0,4.351599072115745,1.351599072115753,166,0.539535,1,0,0,0
4849,3.0,4.306631405850483,1.306631405850491,158,0.53944,1,0,0,0
4850,3.0,4.412571570278033,1.41257157027804,180,0.539345,1,0,0,0
4851,3.0,4.578077204339709,1.5780772043397207,209,0.53925,1,0,0,0
4852,3.0,4.40279614474894,1.4027961447489505,176,0.539155,1,0,0,0
4853,3.0,4.526093139502773,1.5260931395027832,200,0.53906,1,0,0,0
4854,3.0,4.325865561725907,1.325865561725915,165,0.538965,1,0,0,0
4855,3.0,4.388006337648147,1.3880063376481546,170,0.53887,1,0,0,0
4856,3.0,4.374657321735194,1.3746573217352025,177,0.538775,1,0,0,0
4857,3.0,4.516257879094788,1.5162578790948003,196,0.53868,1,0,0,0
4858,3.0,4.4017449642473245,1.4017449642473319,176,0.538585,1,0,0,0
4859,3.0,4.507555444214761,1.507555444214771,193,0.53849,1,0,0,0
4860,3.0,4.4161151813869814,1.4161151813869892,179,0.538395,1,0,0,0
4861,3.0,4.189257345798993,1.1892573457989961,143,0.5383,1,0,0,0
4862,3.0,4.554754846968409,1.5547548469684178,206,0.538205,1,0,0,0
4863,3.0,4.584366632017902,1.584366632017911,212,0.53811,1,0,0,0
4864,3.0,4.256947945239622,1.2569479452396293,150,0.538015,1,0,0,0
4865,3.0,4.43594838190705,1.4359483819070582,178,0.53792,1,0,0,0
4866,3.0,4.446468067254866,1.4464680672548749,181,0.537825,1,0,0,0
4867,3.0,4.496992760479733,1.496992760479743,189,0.53773,1,0,0,0
4868,3.0,4.632315821137787,1.6323158211377988,216,0.537635,1,0,0,0
4869,3.0,4.558942334463988,1.5589423344639957,206,0.53754,1,0,0,0
4870,3.0,4.231944143622695,1.2319441436227012,146,0.537445,1,0,0,0
4871,3.0,4.437494811827512,1.4374948118275221,182,0.53735,1,0,0,0
4872,3.0,4.276873988851907,1.2768739888519138,154,0.537255,1,0,0,0
4873,3.0,4.511782742827787,1.511782742827795,200,0.5371600000000001,1,0,0,0
4874,3.0,4.4653154193374505,1.4653154193374587,186,0.537065,1,0,0,0
4875,3.0,4.442141918986299,1.4421419189863085,185,0.53697,1,0,0,0
4876,3.0,4.349723616793038,1.3497236167930464,166,0.536875,1,0,0,0
4877,3.0,4.3333519158881035,1.3333519158881122,164,0.53678,1,0,0,0
4878,3.0,4.479314555708131,1.4793145557081384,188,0.5366850000000001,1,0,0,0
4879,3.0,4.518455851367918,1.5184558513679278,197,0.53659,1,0,0,0
4880,3.0,4.513680841227762,1.5136808412277718,199,0.5364949999999999,1,0,0,0
4881,3.0,4.427216862015497,1.4272168620155068,182,0.5364,1,0,0,0
4882,3.0,4.5496871471764235,1.5496871471764337,203,0.536305,1,0,0,0
4883,3.0,4.288592773249917,1.288592773249925,155,0.5362100000000001,1,0,0,0
4884,3.0,4.497908331116662,1.4979083311166714,193,0.536115,1,0,0,0
4885,3.0,4.691680290202084,1.691680290202096,230,0.5360199999999999,1,0,0,0
4886,3.0,4.527375319791799,1.5273753197918083,202,0.535925,1,0,0,0
4887,3.0,4.360082284534148,1.3600822845341558,169,0.53583,1,0,0,0
4888,3.0,4.39195963912057,1.391959639120578,176,0.5357350000000001,1,0,0,0
4889,3.0,4.226082299266265,1.2260822992662699,147,0.53564,1,0,0,0
4890,3.0,4.339763936430856,1.3397639364308644,168,0.5355449999999999,1,0,0,0
4891,3.0,4.531073235653163,1.5310732356531702,201,0.53545,1,0,0,0
4892,3.0,4.433627873831359,1.4336278738313697,177,0.535355,1,0,0,0
4893,3.0,4.302714296097207,1.302714296097214,156,0.5352600000000001,1,0,0,0
4894,3.0,4.6506083186657925,1.6506083186658043,221,0.535165,1,0,0,0
4895,3.0,4.31959528179243,1.3195952817924372,159,0.53507,1,0,0,0
4896,3.0,4.5880067845399575,1.5880067845399692,210,0.534975,1,0,0,0
4897,3.0,4.316337302666451,1.3163373026664582,163,0.53488,1,0,0,0
4898,3.0,4.644029530975008,1.6440295309750184,225,0.5347850000000001,1,0,0,0
4899,3.0,4.58005197734781,1.5800519773478199,207,0.53469,1,0,0,0
4900,3.0,4.423092282488719,1.4230922824887287,179,0.534595,1,0,0,0
4901,3.0,4.450367817694049,1.450367817694057,182,0.5345,1,0,0,0
4902,3.0,4.307731107256721,1.3077311072567286,159,0.534405,1,0,0,0
4903,3.0,4.303656227585938,1.3036562275859445,158,0.5343100000000001,1,0,0,0
4904,3.0,4.18618188895395,1.186181888953955,138,0.534215,1,0,0,0
4905,3.0,4.402342140336618,1.4023421403366276,178,0.53412,1,0,0,0
4906,3.0,4.408122259620885,1.408122259620895,178,0.534025,1,0,0,0
4907,3.0,4.447963225905881,1.4479632259058897,190,0.53393,1,0,0,0
4908,3.0,4.473284704350679,1.4732847043506871,191,0.5338350000000001,1,0,0,0
4909,3.0,4.3228593584149335,1.3228593584149408,164,0.53374,1,0,0,0
4910,3.0,4.306509224164077,1.3065092241640845,159,0.533645,1,0,0,0
4911,3.0,4.442964071551896,1.442964071551905,178,0.53355,1,0,0,0
4912,3.0,4.529559889633023,1.5295598896330322,201,0.533455,1,0,0,0
4913,3.0,4.45736132678449,1.4573613267845,183,0.5333600000000001,1,0,0,0
4914,3.0,4.467562595015057,1.4675625950150657,185,0.533265,1,0,0,0
4915,3.0,4.295606644296683,1.2956066442966894,160,0.53317,1,0,0,0
4916,3.0,4.464231180665243,1.4642311806652497,186,0.533075,1,0,0,0
4917,3.0,4.230552557493151,1.2305525574931562,144,0.53298,1,0,0,0
4918,3.0,4.451332701306966,1.4513327013069763,185,0.532885,1,0,0,0
4919,3.0,4.550035701430234,1.5500357014302453,200,0.53279,1,0,0,0
4920,3.0,4.395255337729606,1.3952553377296129,178,0.532695,1,0,0,0
4921,3.0,4.341145987240155,1.3411459872401637,168,0.5326,1,0,0,0
4922,3.0,4.4108179661899936,1.410817966190002,174,0.532505,1,0,0,0
4923,3.0,4.374487909473639,1.3744879094736473,170,0.53241,1,0,0,0
4924,3.0,4.407735409667346,1.407735409667353,182,0.532315,1,0,0,0
4925,3.0,4.2683742967597444,1.2683742967597509,154,0.53222,1,0,0,0
4926,3.0,4.5123789392489275,1.5123789392489349,196,0.532125,1,0,0,0
4927,3.0,4.477867702078497,1.4778677020785067,192,0.53203,1,0,0,0
4928,3.0,4.507148104030333,1.5071481040303425,200,0.531935,1,0,0,0
4929,3.0,4.283744863822384,1.2837448638223907,152,0.53184,1,0,0,0
4930,3.0,4.386033200227638,1.3860332002276463,175,0.531745,1,0,0,0
4931,3.0,4.401879079053126,1.4018790790531326,177,0.53165,1,0,0,0
4932,3.0,4.276773892431213,1.2767738924312195,153,0.531555,1,0,0,0
4933,3.0,4.340117398796085,1.340117398796094,167,0.53146,1,0,0,0
4934,3.0,4.482192255253409,1.4821922552534186,196,0.5313650000000001,1,0,0,0
4935,3.0,4.50073001504979,1.5007300150498004,194,0.53127,1,0,0,0
4936,3.0,4.482267361108382,1.48226736110839,190,0.531175,1,0,0,0
4937,3.0,4.480659912710394,1.4806599127104008,193,0.53108,1,0,0,0
4938,3.0,4.3326932019417965,1.3326932019418039,166,0.530985,1,0,0,0
4939,3.0,4.4227363920980505,1.4227363920980587,188,0.5308900000000001,1,0,0,0
4940,3.0,4.394725471951534,1.394725471951542,175,0.530795,1,0,0,0
4941,3.0,4.399437568242403,1.3994375682424123,177,0.5307,1,0,0,0
4942,3.0,4.19097253654704,1.1909725365470445,140,0.530605,1,0,0,0
4943,3.0,4.581772035985888,1.5817720359858973,210,0.53051,1,0,0,0
4944,3.0,4.45571281058675,1.4557128105867585,192,0.5304150000000001,1,0,0,0
4945,3.0,4.277717646314591,1.277717646314598,152,0.53032,1,0,0,0
4946,3.0,4.595523779561131,1.5955237795611406,211,0.530225,1,0,0,0
4947,3.0,4.474945379509408,1.4749453795094154,188,0.53013,1,0,0,0
4948,3.0,4.353095578406656,1.3530955784066625,168,0.530035,1,0,0,0
4949,3.0,4.184911191418792,1.1849111914187969,139,0.5299400000000001,1,0,0,0
4950,3.0,4.432903296248909,1.4329032962489183,185,0.529845,1,0,0,0
4951,3.0,4.374589534751086,1.3745895347510935,173,0.5297499999999999,1,0,0,0
4952,3.0,4.479388375119418,1.479388375119428,192,0.529655,1,0,0,0
4953,3.0,4.443360807706249,1.4433608077062576,185,0.52956,1,0,0,0
4954,3.0,4.489146370343873,1.489146370343883,192,0.5294650000000001,1,0,0,0
4955,3.0,4.389015423595658,1.3890154235956655,175,0.52937,1,0,0,0
4956,3.0,4.5496265673600895,1.5496265673601013,204,0.529275,1,0,0,0
4957,3.0,4.338813702931532,1.3388137029315401,164,0.52918,1,0,0,0
4958,3.0,4.251800130253246,1.2518001302532518,152,0.529085,1,0,0,0
4959,3.0,4.442474727319684,1.4424747273196925,183,0.5289900000000001,1,0,0,0
4960,3.0,4.377432227526732,1.3774322275267425,170,0.528895,1,0,0,0
4961,3.0,4.278800241989403,1.2788002419894098,154,0.5288,1,0,0,0
4962,3.0,4.21637600638422,1.2163760063842255,145,0.528705,1,0,0,0
4963,3.0,4.4949044628726575,1.4949044628726667,194,0.52861,1,0,0,0
4964,3.0,4.418003933850857,1.418003933850866,182,0.5285150000000001,1,0,0,0
4965,3.0,4.2973629370180415,1.2973629370180484,155,0.52842,1,0,0,0
4966,3.0,4.569536529093228,1.5695365290932382,205,0.528325,1,0,0,0
4967,3.0,4.605524128432492,1.6055241284325015,211,0.52823,1,0,0,0
4968,3.0,4.166097527269578,1.1660975272695824,135,0.528135,1,0,0,0
4969,3.0,4.548930725917799,1.54893072591781,205,0.5280400000000001,1,0,0,0
4970,3.0,4.234763826797942,1.234763826797948,147,0.527945,1,0,0,0
4971,3.0,4.464410908607912,1.4644109086079211,193,0.52785,1,0,0,0
4972,3.0,4.263871197031095,1.2638711970311018,151,0.527755,1,0,0,0
4973,3.0,4.37799268989896,1.3779926898989665,174,0.52766,1,0,0,0
4974,3.0,4.512622063431602,1.512622063431611,197,0.5275650000000001,1,0,0,0
4975,3.0,4.424702290808989,1.4247022908089981,180,0.52747,1,0,0,0
4976,3.0,4.29223175379393,1.2922317537939358,157,0.527375,1,0,0,0
4977,3.0,4.300829214213145,1.3008292142131521,158,0.52728,1,0,0,0
4978,3.0,4.528929272978418,1.5289292729784267,209,0.527185,1,0,0,0
4979,3.0,4.320234545614741,1.320234545614748,162,0.5270900000000001,1,0,0,0
4980,3.0,4.311172490149981,1.311172490149988,164,0.526995,1,0,0,0
4981,3.0,4.253305163078684,1.2533051630786902,147,0.5269,1,0,0,0
4982,3.0,4.610606708977619,1.610606708977631,213,0.526805,1,0,0,0
4983,3.0,4.2017366205837625,1.2017366205837665,141,0.52671,1,0,0,0
4984,3.0,4.146245241795805,1.1462452417958082,134,0.526615,1,0,0,0
4985,3.0,4.379718264783756,1.379718264783765,169,0.52652,1,0,0,0
4986,3.0,4.566448646307678,1.5664486463076872,206,0.526425,1,0,0,0
4987,3.0,4.508987419746457,1.508987419746467,196,0.52633,1,0,0,0
4988,3.0,4.3903145165383615,1.3903145165383712,174,0.526235,1,0,0,0
4989,3.0,4.50542210101825,1.5054221010182602,193,0.52614,1,0,0,0
4990,3.0,4.335193622004665,1.3351936220046716,166,0.526045,1,0,0,0
4991,3.0,4.439649637835704,1.4396496378357135,180,0.52595,1,0,0,0
4992,3.0,4.2845140919622065,1.2845140919622136,156,0.525855,1,0,0,0
4993,3.0,4.472658705516276,1.472658705516285,193,0.52576,1,0,0,0
4994,3.0,4.236431858461573,1.2364318584615788,153,0.525665,1,0,0,0
4995,3.0,4.386366443011436,1.3863664430114446,173,0.5255700000000001,1,0,0,0
4996,3.0,4.303817799120373,1.3038177991203788,158,0.525475,1,0,0,0
4997,3.0,4.352710199908367,1.3527101999083753,165,0.52538,1,0,0,0
4998,3.0,4.253494950623415,1.2534949506234216,150,0.525285,1,0,0,0
4999,3.0,4.41514653914107,1.41514653914108,178,0.52519,1,0,0,0
5000,3.0,4.623247160959284,1.6232471609592922,215,0.5250950000000001,1,0,0,0
5001,3.0,4.45402167737001,1.4540216773700194,180,0.525,1,0,0,0
5002,3.0,4.408135146559089,1.4081351465590983,180,0.524905,1,0,0,0
5003,3.0,4.510841537856869,1.5108415378568798,192,0.52481,1,0,0,0
5004,3.0,4.234103374735861,1.2341033747358672,146,0.524715,1,0,0,0
5005,3.0,4.357002829551508,1.3570028295515173,168,0.5246200000000001,1,0,0,0
5006,3.0,4.178976411764373,1.1789764117643773,137,0.5245250000000001,1,0,0,0
5007,3.0,4.3730906993325185,1.3730906993325271,168,0.52443,1,0,0,0
5008,3.0,4.482385741177858,1.4823857411778694,189,0.524335,1,0,0,0
5009,3.0,4.215874954590564,1.2158749545905698,144,0.52424,1,0,0,0
5010,3.0,4.430745719784814,1.430745719784824,182,0.5241450000000001,1,0,0,0
5011,3.0,4.198037987320658,1.1980379873206632,140,0.52405,1,0,0,0
5012,3.0,4.475464491178285,1.4754644911782944,187,0.5239550000000001,1,0,0,0
5013,3.0,4.397094849803205,1.3970948498032105,182,0.52386,1,0,0,0
5014,3.0,4.362888481518588,1.3628884815185953,175,0.523765,1,0,0,0
5015,3.0,4.280992313570316,1.2809923135703218,157,0.5236700000000001,1,0,0,0
5016,3.0,4.4392549029890365,1.4392549029890465,183,0.5235750000000001,1,0,0,0
5017,3.0,4.4291117183994215,1.4291117183994315,180,0.52348,1,0,0,0
5018,3.0,4.465052009653306,1.4650520096533153,190,0.523385,1,0,0,0
5019,3.0,4.454818060693229,1.4548180606932353,186,0.52329,1,0,0,0
5020,3.0,4.23119534989608,1.2311953498960853,146,0.5231950000000001,1,0,0,0
5021,3.0,4.351031057907038,1.3510310579070461,163,0.5231,1,0,0,0
5022,3.0,4.4369253251295335,1.436925325129544,182,0.523005,1,0,0,0
5023,3.0,4.261669994393591,1.2616699943935978,149,0.52291,1,0,0,0
5024,3.0,4.300800703630937,1.3008007036309444,157,0.522815,1,0,0,0
5025,3.0,4.507179033947292,1.507179033947302,198,0.5227200000000001,1,0,0,0
5026,3.0,4.6744358199984095,1.674435819998422,226,0.5226250000000001,1,0,0,0
5027,3.0,4.353733142864087,1.3537331428640946,166,0.5225299999999999,1,0,0,0
5028,3.0,4.3119098306656785,1.311909830665684,160,0.522435,1,0,0,0
5029,3.0,4.368272432243851,1.3682724322438595,168,0.52234,1,0,0,0
5030,3.0,4.213043666665699,1.2130436666657043,147,0.5222450000000001,1,0,0,0
5031,3.0,4.522221824426365,1.5222218244263743,198,0.52215,1,0,0,0
5032,3.0,4.212644587986835,1.212644587986841,146,0.522055,1,0,0,0
5033,3.0,4.148712219194934,1.148712219194938,134,0.52196,1,0,0,0
5034,3.0,4.413845070851181,1.41384507085119,183,0.521865,1,0,0,0
5035,3.0,4.247736197060373,1.2477361970603786,151,0.5217700000000001,1,0,0,0
5036,3.0,4.491200042831036,1.4912000428310432,196,0.5216750000000001,1,0,0,0
5037,3.0,4.223022307917802,1.2230223079178075,146,0.5215799999999999,1,0,0,0
5038,3.0,4.36517647605185,1.3651764760518579,174,0.521485,1,0,0,0
5039,3.0,4.346100090035105,1.346100090035113,170,0.52139,1,0,0,0
5040,3.0,4.5378878994660035,1.5378878994660146,199,0.5212950000000001,1,0,0,0
5041,3.0,4.389478579657229,1.3894785796572373,176,0.5212,1,0,0,0
5042,3.0,4.401547308758597,1.4015473087586052,179,0.521105,1,0,0,0
5043,3.0,4.334623847708103,1.3346238477081105,166,0.52101,1,0,0,0
5044,3.0,4.3231746096173485,1.323174609617356,161,0.520915,1,0,0,0
5045,3.0,4.501516348921042,1.5015163489210486,196,0.5208200000000001,1,0,0,0
5046,3.0,4.385539650173671,1.3855396501736785,175,0.5207250000000001,1,0,0,0
5047,3.0,4.41126724938983,1.4112672493898368,176,0.5206299999999999,1,0,0,0
5048,3.0,4.231130074199429,1.2311300741994342,149,0.520535,1,0,0,0
5049,3.0,4.515589533023508,1.5155895330235196,200,0.52044,1,0,0,0
5050,3.0,4.402961969299849,1.4029619692998558,177,0.5203450000000001,1,0,0,0
5051,3.0,4.354643510887686,1.3546435108876953,169,0.5202500000000001,1,0,0,0
5052,3.0,4.352673427820594,1.3526734278206032,170,0.520155,1,0,0,0
5053,3.0,4.266715767534857,1.2667157675348641,152,0.52006,1,0,0,0
5054,3.0,4.405965363574689,1.4059653635746991,178,0.519965,1,0,0,0
5055,3.0,4.40457321897868,1.4045732189786881,180,0.51987,1,0,0,0
5056,3.0,4.325199431352802,1.32519943135281,162,0.5197750000000001,1,0,0,0
5057,3.0,4.157901893233751,1.1579018932337553,137,0.5196799999999999,1,0,0,0
5058,3.0,4.434445698710854,1.434445698710863,182,0.519585,1,0,0,0
5059,3.0,4.481802498965841,1.4818024989658496,188,0.51949,1,0,0,0
5060,3.0,4.330381615663677,1.3303816156636856,164,0.519395,1,0,0,0
5061,3.0,4.536449389102371,1.5364493891023796,210,0.5193000000000001,1,0,0,0
5062,3.0,4.490238607752903,1.4902386077529115,198,0.519205,1,0,0,0
5063,3.0,4.397121662054546,1.397121662054555,178,0.51911,1,0,0,0
5064,3.0,4.381798813557589,1.381798813557598,173,0.519015,1,0,0,0
5065,3.0,4.371259489328341,1.3712594893283492,168,0.51892,1,0,0,0
5066,3.0,4.46377244358521,1.4637724435852197,195,0.5188250000000001,1,0,0,0
5067,3.0,4.342347584950944,1.3423475849509519,168,0.5187299999999999,1,0,0,0
5068,3.0,4.4779426440736785,1.4779426440736894,190,0.518635,1,0,0,0
5069,3.0,4.2636098789813435,1.2636098789813501,153,0.51854,1,0,0,0
5070,3.0,4.306940848738776,1.3069408487387835,162,0.518445,1,0,0,0
5071,3.0,4.405762170421293,1.405762170421303,180,0.5183500000000001,1,0,0,0
5072,3.0,4.325792627461936,1.3257926274619432,165,0.518255,1,0,0,0
5073,3.0,4.277494949571794,1.2774949495718007,157,0.5181600000000001,1,0,0,0
5074,3.0,4.502426658848623,1.5024266588486328,195,0.518065,1,0,0,0
5075,3.0,4.285811657082176,1.285811657082183,156,0.51797,1,0,0,0
5076,3.0,4.542025884601449,1.5420258846014572,199,0.5178750000000001,1,0,0,0
5077,3.0,4.343301518289387,1.3433015182893955,162,0.5177799999999999,1,0,0,0
5078,3.0,4.447361326784491,1.4473613267845,182,0.517685,1,0,0,0
5079,3.0,4.358038192508426,1.358038192508433,169,0.51759,1,0,0,0
5080,3.0,4.217717940886503,1.2177179408865086,144,0.517495,1,0,0,0
5081,3.0,4.364353595908019,1.364353595908028,174,0.5174000000000001,1,0,0,0
5082,3.0,4.621672096392825,1.6216720963928348,215,0.517305,1,0,0,0
5083,3.0,4.343772058742953,1.343772058742961,166,0.5172100000000001,1,0,0,0
5084,3.0,4.385808012292879,1.3858080122928877,171,0.517115,1,0,0,0
5085,3.0,4.341743617550372,1.3417436175503794,169,0.51702,1,0,0,0
5086,3.0,4.408368828541784,1.4083688285417932,173,0.5169250000000001,1,0,0,0
5087,3.0,4.392845588954234,1.3928455889542433,172,0.5168299999999999,1,0,0,0
5088,3.0,4.279137845554526,1.2791378455545337,153,0.5167349999999999,1,0,0,0
5089,3.0,4.338487504217191,1.3384875042171995,164,0.51664,1,0,0,0
5090,3.0,4.308475921003174,1.308475921003182,160,0.516545,1,0,0,0
5091,3.0,4.478916307818305,1.4789163078183152,192,0.5164500000000001,1,0,0,0
5092,3.0,4.520403998495252,1.5204039984952606,198,0.516355,1,0,0,0
5093,3.0,4.253213019797222,1.2532130197972282,150,0.51626,1,0,0,0
5094,3.0,4.331665775174984,1.3316657751749903,166,0.516165,1,0,0,0
5095,3.0,4.396367244316355,1.3963672443163642,179,0.51607,1,0,0,0
5096,3.0,4.431031619973513,1.4310316199735218,183,0.5159750000000001,1,0,0,0
5097,3.0,4.259506248058323,1.2595062480583294,151,0.5158799999999999,1,0,0,0
5098,3.0,4.374338216759148,1.374338216759157,167,0.5157849999999999,1,0,0,0
5099,3.0,4.308642820943256,1.3086428209432641,159,0.51569,1,0,0,0
5100,3.0,4.365385417280606,1.3653854172806132,167,0.515595,1,0,0,0
5101,3.0,4.4748182487923405,1.4748182487923491,188,0.5155000000000001,1,0,0,0
5102,3.0,4.1840823105598774,1.1840823105598821,137,0.515405,1,0,0,0
5103,3.0,4.217949824019358,1.2179498240193631,143,0.51531,1,0,0,0
5104,3.0,4.46318630453231,1.4631863045323201,189,0.515215,1,0,0,0
5105,3.0,4.297710494480279,1.2977104944802869,155,0.51512,1,0,0,0
5106,3.0,4.465308348168774,1.4653083481687819,192,0.5150250000000001,1,0,0,0
5107,3.0,4.293309020029077,1.2933090200290838,158,0.51493,1,0,0,0
5108,3.0,4.324889797188634,1.3248897971886417,164,0.5148349999999999,1,0,0,0
5109,3.0,4.316551195688415,1.3165511956884226,163,0.51474,1,0,0,0
5110,3.0,4.429781424547865,1.4297814245478737,177,0.514645,1,0,0,0
5111,3.0,4.341276696553933,1.341276696553942,162,0.5145500000000001,1,0,0,0
5112,3.0,4.249932728529922,1.2499327285299284,148,0.5144550000000001,1,0,0,0
5113,3.0,4.356046342277831,1.3560463422778402,167,0.51436,1,0,0,0
5114,3.0,4.506619374230873,1.5066193742308804,198,0.514265,1,0,0,0
5115,3.0,4.4523727531708746,1.4523727531708848,180,0.51417,1,0,0,0
5116,3.0,4.371967062341063,1.3719670623410698,180,0.5140750000000001,1,0,0,0
5117,3.0,4.2535116931226105,1.253511693122617,157,0.51398,1,0,0,0
5118,3.0,4.2677176463145905,1.2677176463145974,151,0.5138849999999999,1,0,0,0
5119,3.0,4.435647770331978,1.435647770331986,183,0.51379,1,0,0,0
5120,3.0,4.523648986367485,1.5236489863674927,197,0.513695,1,0,0,0
5121,3.0,4.2928696681567375,1.2928696681567444,160,0.5136000000000001,1,0,0,0
5122,3.0,4.469198685892092,1.4691986858921011,192,0.5135050000000001,1,0,0,0
5123,3.0,4.263757695001736,1.2637576950017428,152,0.51341,1,0,0,0
5124,3.0,4.393614817094056,1.3936148170940656,175,0.513315,1,0,0,0
5125,3.0,4.428988440836186,1.428988440836194,179,0.51322,1,0,0,0
5126,3.0,4.225938284862799,1.2259382848628047,147,0.513125,1,0,0,0
5127,3.0,4.372286233900987,1.3722862339009971,171,0.5130300000000001,1,0,0,0
5128,3.0,4.414938270130682,1.4149382701306905,178,0.5129349999999999,1,0,0,0
5129,3.0,4.51956353160094,1.51956353160095,200,0.51284,1,0,0,0
5130,3.0,4.302331850214623,1.3023318502146297,161,0.512745,1,0,0,0
5131,3.0,4.307082054106112,1.3070820541061174,161,0.51265,1,0,0,0
5132,3.0,4.511753252577423,1.5117532525774307,196,0.5125550000000001,1,0,0,0
5133,3.0,4.511022838054442,1.5110228380544537,195,0.51246,1,0,0,0
5134,3.0,4.441902889958445,1.441902889958455,182,0.5123650000000001,1,0,0,0
5135,3.0,4.100830824446698,1.1008308244467009,123,0.51227,1,0,0,0
5136,3.0,4.5031148960552905,1.5031148960552991,203,0.512175,1,0,0,0
5137,3.0,4.452789444314174,1.4527894443141822,184,0.5120800000000001,1,0,0,0
5138,3.0,4.289162608819256,1.289162608819263,158,0.5119849999999999,1,0,0,0
5139,3.0,4.33622418972984,1.3362241897298488,163,0.51189,1,0,0,0
5140,3.0,4.351787353373342,1.3517873533733502,166,0.511795,1,0,0,0
5141,3.0,4.317871771442801,1.3178717714428099,161,0.5117,1,0,0,0
5142,3.0,4.494474366120697,1.4944743661207036,191,0.5116050000000001,1,0,0,0
5143,3.0,4.445616457686969,1.445616457686976,183,0.51151,1,0,0,0
5144,3.0,4.440154317561399,1.4401543175614073,186,0.5114150000000001,1,0,0,0
5145,3.0,4.322005926709626,1.3220059267096333,168,0.51132,1,0,0,0
5146,3.0,4.174796160532681,1.1747961605326858,136,0.511225,1,0,0,0
5147,3.0,4.410721191477751,1.4107211914777602,178,0.5111300000000001,1,0,0,0
5148,3.0,4.402373047742786,1.4023730477427956,170,0.5110349999999999,1,0,0,0
5149,3.0,4.323915621746874,1.3239156217468824,163,0.51094,1,0,0,0
5150,3.0,4.500773704664404,1.5007737046644152,202,0.510845,1,0,0,0
5151,3.0,4.400104466063739,1.4001044660637476,180,0.51075,1,0,0,0
5152,3.0,4.412060154118134,1.4120601541181415,180,0.5106550000000001,1,0,0,0
5153,3.0,4.4575297524045645,1.4575297524045718,189,0.51056,1,0,0,0
5154,3.0,4.2614376383255905,1.2614376383255976,151,0.5104650000000001,1,0,0,0
5155,3.0,4.191229663887114,1.191229663887119,140,0.51037,1,0,0,0
5156,3.0,4.396390254950774,1.396390254950783,176,0.510275,1,0,0,0
5157,3.0,4.185122810646566,1.1851228106465708,138,0.5101800000000001,1,0,0,0
5158,3.0,4.2560475338756865,1.256047533875693,150,0.5100849999999999,1,0,0,0
5159,3.0,4.387829032411405,1.3878290324114142,172,0.5099899999999999,1,0,0,0
5160,3.0,4.375097963937002,1.3750979639370111,168,0.509895,1,0,0,0
5161,3.0,4.560334737987857,1.5603347379878652,201,0.5098,1,0,0,0
5162,3.0,4.276730516663711,1.2767305166637168,155,0.5097050000000001,1,0,0,0
5163,3.0,4.20250632165873,1.2025063216587353,142,0.50961,1,0,0,0
5164,3.0,4.32048299923708,1.3204829992370877,162,0.509515,1,0,0,0
5165,3.0,4.372167107860054,1.3721671078600624,171,0.50942,1,0,0,0
5166,3.0,4.357685487766323,1.3576854877663318,171,0.509325,1,0,0,0
5167,3.0,4.387297366749477,1.3872973667494861,172,0.5092300000000001,1,0,0,0
5168,3.0,4.35682932489768,1.3568293248976888,167,0.509135,1,0,0,0
5169,3.0,4.502275041211304,1.5022750412113128,193,0.5090399999999999,1,0,0,0
5170,3.0,4.2313222585681185,1.231322258568125,146,0.508945,1,0,0,0
5171,3.0,4.261464799448298,1.261464799448304,150,0.50885,1,0,0,0
5172,3.0,4.403964353778576,1.4039643537785835,179,0.5087550000000001,1,0,0,0
5173,3.0,4.323425927609286,1.3234259276092928,165,0.5086600000000001,1,0,0,0
5174,3.0,4.243048098045405,1.2430480980454102,148,0.508565,1,0,0,0
5175,3.0,4.34179456054112,1.3417945605411277,167,0.50847,1,0,0,0
5176,3.0,4.456403715892904,1.4564037158929128,187,0.508375,1,0,0,0
5177,3.0,4.427115112674269,1.4271151126742754,182,0.5082800000000001,1,0,0,0
5178,3.0,4.408311177614591,1.4083111776145985,174,0.508185,1,0,0,0
5179,3.0,4.345556112898302,1.3455561128983107,166,0.5080899999999999,1,0,0,0
5180,3.0,4.410847106534979,1.4108471065349888,174,0.507995,1,0,0,0
5181,3.0,4.406330602231684,1.4063306022316904,176,0.5079,1,0,0,0
5182,3.0,4.218320268052229,1.218320268052234,146,0.5078050000000001,1,0,0,0
5183,3.0,4.153231892589831,1.1532318925898348,130,0.5077100000000001,1,0,0,0
5184,3.0,4.312218922614576,1.3122189226145835,157,0.507615,1,0,0,0
5185,3.0,4.410783653232974,1.4107836532329836,178,0.50752,1,0,0,0
5186,3.0,4.2297156004652345,1.2297156004652405,144,0.507425,1,0,0,0
5187,3.0,4.475046498053844,1.4750464980538518,188,0.5073300000000001,1,0,0,0
5188,3.0,4.2804858082732125,1.2804858082732187,157,0.507235,1,0,0,0
5189,3.0,4.584400465066444,1.5844004650664547,209,0.5071399999999999,1,0,0,0
5190,3.0,4.140556202282448,1.1405562022824514,131,0.507045,1,0,0,0
5191,3.0,4.4562848618542645,1.4562848618542725,188,0.50695,1,0,0,0
5192,3.0,4.303991844955453,1.3039918449554604,159,0.506855,1,0,0,0
5193,3.0,4.23014387482255,1.230143874822556,147,0.5067600000000001,1,0,0,0
5194,3.0,4.288410588939041,1.2884105889390491,155,0.506665,1,0,0,0
5195,3.0,4.270401413766164,1.2704014137661708,155,0.5065700000000001,1,0,0,0
5196,3.0,4.128041632109955,1.1280416321099582,128,0.506475,1,0,0,0
5197,3.0,4.346097383585985,1.3460973835859913,166,0.50638,1,0,0,0
5198,3.0,4.460779371707572,1.4607793717075823,189,0.506285,1,0,0,0
5199,3.0,4.389363104087663,1.3893631040876724,169,0.5061899999999999,1,0,0,0
5200,3.0,4.410405933302009,1.4104059333020182,179,0.506095,1,0,0,0
5201,3.0,4.3707211914777515,1.3707211914777608,171,0.506,1,0,0,0
5202,3.0,4.244802469640499,1.2448024696405047,148,0.505905,1,0,0,0
5203,3.0,4.388040706972646,1.3880407069726537,175,0.5058100000000001,1,0,0,0
5204,3.0,4.32928191425744,1.3292819142574486,163,0.505715,1,0,0,0
5205,3.0,4.198558248131803,1.198558248131809,140,0.5056200000000001,1,0,0,0
5206,3.0,4.421095622464113,1.4210956224641231,178,0.505525,1,0,0,0
5207,3.0,4.378505061348159,1.3785050613481682,168,0.50543,1,0,0,0
5208,3.0,4.417708257442577,1.4177082574425848,189,0.505335,1,0,0,0
5209,3.0,4.508597890701054,1.5085978907010635,196,0.5052399999999999,1,0,0,0
5210,3.0,4.270378560018207,1.2703785600182131,154,0.505145,1,0,0,0
5211,3.0,4.331566479025193,1.3315664790252002,166,0.50505,1,0,0,0
5212,3.0,4.495475722019192,1.4954757220191979,198,0.504955,1,0,0,0
5213,3.0,4.296556994886464,1.29655699488647,163,0.5048600000000001,1,0,0,0
5214,3.0,4.31961999075771,1.3196199907577175,159,0.504765,1,0,0,0
5215,3.0,4.1988920500799995,1.1988920500800049,140,0.5046700000000001,1,0,0,0
5216,3.0,4.389423812728362,1.3894238127283702,175,0.504575,1,0,0,0
5217,3.0,4.162869107124282,1.1628691071242852,134,0.50448,1,0,0,0
5218,3.0,4.486668089588131,1.4866680895881381,188,0.504385,1,0,0,0
5219,3.0,4.436003603246438,1.4360036032464445,179,0.5042899999999999,1,0,0,0
5220,3.0,4.357889383907237,1.3578893839072448,171,0.504195,1,0,0,0
5221,3.0,4.2811497335824455,1.2811497335824524,153,0.5041,1,0,0,0
5222,3.0,4.336482063041371,1.3364820630413778,165,0.504005,1,0,0,0
5223,3.0,4.284094750412279,1.2840947504122855,157,0.5039100000000001,1,0,0,0
5224,3.0,4.282011454909108,1.2820114549091142,157,0.503815,1,0,0,0
5225,3.0,4.117124115014594,1.1171241150145967,128,0.5037200000000001,1,0,0,0
5226,3.0,4.3494438623509435,1.34944386235095,174,0.503625,1,0,0,0
5227,3.0,4.4068489853147135,1.406848985314723,173,0.50353,1,0,0,0
5228,3.0,4.350286122164832,1.350286122164839,170,0.503435,1,0,0,0
5229,3.0,4.412002473706821,1.4120024737068275,179,0.50334,1,0,0,0
5230,3.0,4.28814439284917,1.288144392849177,156,0.5032449999999999,1,0,0,0
5231,3.0,4.448125345337656,1.4481253453376657,184,0.50315,1,0,0,0
5232,3.0,4.710435967727575,1.7104359677275847,235,0.503055,1,0,0,0
5233,3.0,4.188110944154249,1.1881109441542537,139,0.5029600000000001,1,0,0,0
5234,3.0,4.3175293580836644,1.3175293580836729,161,0.5028650000000001,1,0,0,0
5235,3.0,4.349280441768169,1.3492804417681774,171,0.50277,1,0,0,0
5236,3.0,4.255117395894009,1.2551173958940163,153,0.502675,1,0,0,0
5237,3.0,4.494091983029118,1.4940919830291264,190,0.50258,1,0,0,0
5238,3.0,4.343618111977976,1.3436181119779838,164,0.502485,1,0,0,0
5239,3.0,4.310381615663678,1.3103816156636852,160,0.50239,1,0,0,0
5240,3.0,4.346811768800728,1.346811768800735,169,0.5022949999999999,1,0,0,0
5241,3.0,4.397443709246585,1.397443709246592,174,0.5022,1,0,0,0
5242,3.0,4.357571864849945,1.3575718648499513,169,0.502105,1,0,0,0
5243,3.0,4.3128659690679925,1.312865969068,163,0.5020100000000001,1,0,0,0
5244,3.0,4.2156808924937605,1.2156808924937654,145,0.5019150000000001,1,0,0,0
5245,3.0,4.32253749655946,1.3225374965594678,161,0.50182,1,0,0,0
5246,3.0,4.357326677602591,1.3573266776025992,168,0.501725,1,0,0,0
5247,3.0,4.296807726513771,1.296807726513779,160,0.50163,1,0,0,0
5248,3.0,4.312800240937781,1.3128002409377888,162,0.501535,1,0,0,0
5249,3.0,4.4044630774785904,1.404463077478597,179,0.50144,1,0,0,0
5250,3.0,4.410514833443536,1.4105148334435451,176,0.5013449999999999,1,0,0,0
5251,3.0,4.376040244297094,1.3760402442971036,171,0.50125,1,0,0,0
5252,3.0,4.6442169887759714,1.6442169887759808,230,0.501155,1,0,0,0
5253,3.0,4.372224307387706,1.3722243073877134,170,0.5010600000000001,1,0,0,0
5254,3.0,4.2685874438102545,1.2685874438102611,154,0.5009650000000001,1,0,0,0
5255,3.0,4.3572880493223085,1.3572880493223158,169,0.50087,1,0,0,0
5256,3.0,4.1798596148687,1.1798596148687055,137,0.5007750000000001,1,0,0,0
5257,3.0,4.256813535861911,1.256813535861917,150,0.50068,1,0,0,0
5258,3.0,4.450746716576389,1.450746716576399,183,0.5005850000000001,1,0,0,0
5259,3.0,4.224844386865388,1.2248443868653933,147,0.50049,1,0,0,0
5260,3.0,4.31741831518506,1.3174183151850678,160,0.5003949999999999,1,0,0,0
5261,3.0,4.356594819099275,1.356594819099282,167,0.5003,1,0,0,0
5262,3.0,4.464729158393801,1.4647291583938087,187,0.500205,1,0,0,0
5263,3.0,4.381570561533538,1.3815705615335454,171,0.50011,1,0,0,0
5264,3.0,4.37586140426429,1.3758614042642985,173,0.5000150000000001,1,0,0,0
5265,3.0,4.279324304417475,1.2793243044174827,154,0.49992000000000003,1,0,0,0
5266,3.0,4.403642520432032,1.4036425204320402,178,0.4998250000000001,1,0,0,0
5267,3.0,4.385307841435762,1.3853078414357711,176,0.4997300000000001,1,0,0,0
5268,3.0,4.289759730609102,1.2897597306091095,157,0.49963500000000005,1,0,0,0
5269,3.0,4.25491124571824,1.254911245718247,151,0.49954,1,0,0,0
5270,3.0,4.316688785809401,1.316688785809408,161,0.49944500000000003,1,0,0,0
5271,3.0,4.311703889748928,1.311703889748935,162,0.49934999999999996,1,0,0,0
5272,3.0,4.251391392249181,1.2513913922491857,150,0.499255,1,0,0,0
5273,3.0,4.4311267646009975,1.4311267646010069,178,0.49916000000000005,1,0,0,0
5274,3.0,4.2773176095354195,1.2773176095354257,162,0.499065,1,0,0,0
5275,3.0,4.428328595396719,1.4283285953967246,193,0.49897,1,0,0,0
5276,3.0,4.35485853566631,1.354858535666318,172,0.49887500000000007,1,0,0,0
5277,3.0,4.335157515161929,1.3351575151619368,166,0.4987800000000001,1,0,0,0
5278,3.0,4.215205349936291,1.2152053499362956,144,0.49868500000000004,1,0,0,0
5279,3.0,4.328982877699821,1.3289828776998294,163,0.49859,1,0,0,0
5280,3.0,4.302021058900845,1.3020210589008518,157,0.498495,1,0,0,0
5281,3.0,4.333559988115637,1.3335599881156432,165,0.49839999999999995,1,0,0,0
5282,3.0,4.3837941380693515,1.3837941380693601,174,0.498305,1,0,0,0
5283,3.0,4.460984627925646,1.4609846279256546,188,0.49821000000000004,1,0,0,0
5284,3.0,4.477462499628377,1.4774624996283865,187,0.4981150000000001,1,0,0,0
5285,3.0,4.283038035680794,1.2830380356808007,157,0.49802,1,0,0,0
5286,3.0,4.285477855133981,1.2854778551339867,154,0.49792500000000006,1,0,0,0
5287,3.0,4.514132066675254,1.5141320666752613,197,0.4978300000000001,1,0,0,0
5288,3.0,4.367336282628344,1.367336282628352,171,0.49773500000000004,1,0,0,0
5289,3.0,4.241512519047996,1.241512519048002,146,0.49763999999999997,1,0,0,0
5290,3.0,4.374658612064665,1.3746586120646722,170,0.497545,1,0,0,0
5291,3.0,4.194383327373792,1.1943833273737963,141,0.49744999999999995,1,0,0,0
5292,3.0,4.447478980336156,1.447478980336164,185,0.497355,1,0,0,0
5293,3.0,4.323188016260028,1.323188016260036,161,0.49726000000000004,1,0,0,0
5294,3.0,4.469151517623737,1.469151517623747,185,0.4971650000000001,1,0,0,0
5295,3.0,4.449370762654985,1.4493707626549932,184,0.49707,1,0,0,0
5296,3.0,4.227991795543696,1.2279917955437016,147,0.49697500000000006,1,0,0,0
5297,3.0,4.347466438989585,1.3474664389895925,166,0.4968800000000001,1,0,0,0
5298,3.0,4.361709663614806,1.3617096636148145,170,0.49678500000000003,1,0,0,0
5299,3.0,4.204843935465845,1.2048439354658496,143,0.49668999999999996,1,0,0,0
5300,3.0,4.36762565288743,1.3676256528874389,171,0.496595,1,0,0,0
5301,3.0,4.257843979523303,1.257843979523309,151,0.49650000000000005,1,0,0,0
5302,3.0,4.418729030196684,1.418729030196691,188,0.496405,1,0,0,0
5303,3.0,4.354667579320294,1.354667579320303,166,0.49631000000000003,1,0,0,0
5304,3.0,4.284184091630937,1.284184091630945,154,0.4962150000000001,1,0,0,0
5305,3.0,4.5083685833640255,1.5083685833640357,196,0.49612,1,0,0,0
5306,3.0,4.259973172231524,1.2599731722315306,153,0.49602500000000005,1,0,0,0
5307,3.0,4.523749049965502,1.523749049965512,198,0.4959300000000001,1,0,0,0
5308,3.0,4.393070869441374,1.393070869441383,173,0.495835,1,0,0,0
5309,3.0,4.24692703789127,1.2469270378912758,147,0.49573999999999996,1,0,0,0
5310,3.0,4.378885164706236,1.378885164706242,175,0.495645,1,0,0,0
5311,3.0,4.272788703884466,1.2727887038844725,153,0.49555000000000005,1,0,0,0
5312,3.0,4.502163518404224,1.5021635184042337,195,0.495455,1,0,0,0
5313,3.0,4.342927498481181,1.34292749848119,167,0.49536,1,0,0,0
5314,3.0,4.4169359237701,1.4169359237701094,182,0.49526500000000007,1,0,0,0
5315,3.0,4.273322720209653,1.2733227202096598,153,0.49517,1,0,0,0
5316,3.0,4.340318612727202,1.3403186127272095,164,0.49507500000000004,1,0,0,0
5317,3.0,4.380474210344683,1.3804742103446919,168,0.4949800000000001,1,0,0,0
5318,3.0,4.321868968328378,1.3218689683283862,164,0.494885,1,0,0,0
5319,3.0,4.236318456951192,1.2363184569511976,146,0.49478999999999995,1,0,0,0
5320,3.0,4.291581358157145,1.2915813581571516,157,0.494695,1,0,0,0
5321,3.0,4.484927022107533,1.484927022107541,190,0.49460000000000004,1,0,0,0
5322,3.0,4.325207507521803,1.3252075075218106,159,0.494505,1,0,0,0
5323,3.0,4.273550801725579,1.273550801725586,153,0.49441,1,0,0,0
5324,3.0,4.3917365311996175,1.3917365311996255,176,0.49431500000000006,1,0,0,0
5325,3.0,4.279890338369887,1.2798903383698939,155,0.49422,1,0,0,0
5326,3.0,4.331014261859602,1.331014261859609,168,0.49412500000000004,1,0,0,0
5327,3.0,4.330462627130666,1.330462627130675,164,0.4940300000000001,1,0,0,0
5328,3.0,4.291190177284047,1.2911901772840546,155,0.4939350000000001,1,0,0,0
5329,3.0,4.377151824523276,1.3771518245232848,170,0.49383999999999995,1,0,0,0
5330,3.0,4.251389412968073,1.251389412968079,153,0.493745,1,0,0,0
5331,3.0,4.5012429456633924,1.5012429456634,194,0.49365000000000003,1,0,0,0
5332,3.0,4.336493194855843,1.3364931948558512,163,0.49355499999999997,1,0,0,0
5333,3.0,4.359262884637203,1.359262884637209,170,0.49346,1,0,0,0
5334,3.0,4.418982987332738,1.4189829873327455,182,0.49336500000000005,1,0,0,0
5335,3.0,4.224241128391645,1.2242411283916508,147,0.49327,1,0,0,0
5336,3.0,4.187264484628763,1.1872644846287677,138,0.49317500000000003,1,0,0,0
5337,3.0,4.282886526510969,1.282886526510976,155,0.4930800000000001,1,0,0,0
5338,3.0,4.2000456007965035,1.2000456007965092,141,0.4929850000000001,1,0,0,0
5339,3.0,4.097285686549029,1.0972856865490308,125,0.49288999999999994,1,0,0,0
5340,3.0,4.299232339499248,1.2992323394992549,156,0.492795,1,0,0,0
5341,3.0,4.2233179942580374,1.2233179942580423,147,0.4927,1,0,0,0
5342,3.0,4.280598858903027,1.2805988589030344,156,0.49260499999999996,1,0,0,0
5343,3.0,4.415421635215658,1.4154216352156648,179,0.49251,1,0,0,0
5344,3.0,4.214082310559877,1.214082310559882,141,0.49241500000000005,1,0,0,0
5345,3.0,4.297823072174949,1.297823072174956,157,0.4923200000000001,1,0,0,0
5346,3.0,4.346352976129994,1.3463529761300015,168,0.492225,1,0,0,0
5347,3.0,4.512108941542126,1.5121089415421356,200,0.49213000000000007,1,0,0,0
5348,3.0,4.194408036339072,1.194408036339077,142,0.4920350000000001,1,0,0,0
5349,3.0,4.208756111845536,1.2087561118455403,141,0.49193999999999993,1,0,0,0
5350,3.0,4.341521705438051,1.341521705438059,164,0.491845,1,0,0,0
5351,3.0,4.324886536752959,1.3248865367529663,161,0.49175,1,0,0,0
5352,3.0,4.422791740619155,1.4227917406191644,184,0.49165499999999995,1,0,0,0
5353,3.0,4.41031831815529,1.410318318155298,179,0.49156,1,0,0,0
5354,3.0,4.398914358516626,1.3989143585166322,178,0.49146500000000004,1,0,0,0
5355,3.0,4.338283837094633,1.338283837094642,164,0.4913700000000001,1,0,0,0
5356,3.0,4.4010100828623795,1.4010100828623895,179,0.491275,1,0,0,0
5357,3.0,4.195769055795061,1.195769055795066,142,0.49118000000000006,1,0,0,0
5358,3.0,4.502365121428091,1.5023651214280986,192,0.4910850000000001,1,0,0,0
5359,3.0,4.211648457282461,1.2116484572824662,143,0.4909899999999999,1,0,0,0
5360,3.0,4.33424942369507,1.3342494236950782,164,0.49089499999999997,1,0,0,0
5361,3.0,4.416080867395949,1.416080867395956,178,0.4908,1,0,0,0
5362,3.0,4.36795964017219,1.3679596401721987,168,0.49070500000000006,1,0,0,0
5363,3.0,4.25946116974918,1.2594611697491862,153,0.49061,1,0,0,0
5364,3.0,4.206145302202741,1.2061453022027464,143,0.49051500000000003,1,0,0,0
5365,3.0,4.465626862983623,1.465626862983633,187,0.4904200000000001,1,0,0,0
5366,3.0,4.541569030931605,1.541569030931614,203,0.490325,1,0,0,0
5367,3.0,4.199335552440628,1.1993355524406326,140,0.49023000000000005,1,0,0,0
5368,3.0,4.302917093184524,1.302917093184532,160,0.4901350000000001,1,0,0,0
5369,3.0,4.355767918496654,1.3557679184966631,168,0.4900399999999999,1,0,0,0
5370,3.0,4.316583686250786,1.316583686250793,161,0.48994499999999996,1,0,0,0
5371,3.0,4.193450875813014,1.1934508758130182,142,0.48985,1,0,0,0
5372,3.0,4.407257599254995,1.4072575992550043,178,0.48975500000000005,1,0,0,0
5373,3.0,4.181093725652651,1.1810937256526548,137,0.48966,1,0,0,0
5374,3.0,4.296314812161896,1.2963148121619026,156,0.48956500000000003,1,0,0,0
5375,3.0,4.326032586763791,1.3260325867637979,162,0.48947000000000007,1,0,0,0
5376,3.0,4.197333618309823,1.1973336183098275,143,0.489375,1,0,0,0
5377,3.0,4.352693444082319,1.3526934440823268,168,0.48928000000000005,1,0,0,0
5378,3.0,4.267211141017487,1.267211141017494,152,0.4891850000000001,1,0,0,0
5379,3.0,4.512024382040877,1.5120243820408885,198,0.48909,1,0,0,0
5380,3.0,4.296595113671186,1.2965951136711935,156,0.48899499999999996,1,0,0,0
5381,3.0,4.350716760098048,1.350716760098055,171,0.4889,1,0,0,0
5382,3.0,4.255109110465989,1.2551091104659946,154,0.48880500000000005,1,0,0,0
5383,3.0,4.426859638254729,1.4268596382547378,180,0.48871,1,0,0,0
5384,3.0,4.373508918298553,1.3735089182985614,173,0.488615,1,0,0,0
5385,3.0,4.322796890720397,1.322796890720405,164,0.48852000000000007,1,0,0,0
5386,3.0,4.363537901815907,1.3635379018159148,170,0.488425,1,0,0,0
5387,3.0,4.250308502002456,1.2503085020024627,151,0.48833000000000004,1,0,0,0
5388,3.0,4.284723438429806,1.284723438429812,158,0.4882350000000001,1,0,0,0
5389,3.0,4.158396971169282,1.1583969711692856,133,0.48814000000000013,1,0,0,0
5390,3.0,4.239163027454953,1.2391630274549594,146,0.48804499999999995,1,0,0,0
5391,3.0,4.043628519111271,1.0436285191112722,117,0.48795,1,0,0,0
5392,3.0,4.3418874497940365,1.3418874497940445,164,0.48785500000000004,1,0,0,0
5393,3.0,4.289120637294918,1.289120637294925,155,0.48775999999999997,1,0,0,0
5394,3.0,4.447790786800347,1.447790786800356,185,0.487665,1,0,0,0
5395,3.0,4.250083770703914,1.25008377070392,149,0.48757000000000006,1,0,0,0
5396,3.0,4.312288056295637,1.3122880562956445,159,0.487475,1,0,0,0
5397,3.0,4.297823072174949,1.2978230721749562,157,0.48738000000000004,1,0,0,0
5398,3.0,4.1345810342598925,1.1345810342598959,130,0.4872850000000001,1,0,0,0
5399,3.0,4.211318456951193,1.2113184569511974,142,0.4871900000000001,1,0,0,0
5400,3.0,4.301433542136752,1.301433542136759,157,0.48709499999999994,1,0,0,0
5401,3.0,4.36192146921316,1.3619214692131671,169,0.487,1,0,0,0
5402,3.0,4.410963829812643,1.4109638298126506,182,0.48690500000000003,1,0,0,0
5403,3.0,4.295198253435443,1.2951982534354503,159,0.48680999999999996,1,0,0,0
5404,3.0,4.20522778510738,1.205227785107385,143,0.486715,1,0,0,0
5405,3.0,4.182586881726176,1.1825868817261804,139,0.48662000000000005,1,0,0,0
5406,3.0,4.475469984152745,1.4754699841527557,189,0.4865250000000001,1,0,0,0
5407,3.0,4.41604831832335,1.4160483183233576,183,0.48643000000000003,1,0,0,0
5408,3.0,4.2719479452396225,1.271947945239629,149,0.4863350000000001,1,0,0,0
5409,3.0,4.291133930115805,1.2911339301158116,160,0.4862400000000001,1,0,0,0
5410,3.0,4.265890689326885,1.2658906893268913,153,0.48614499999999994,1,0,0,0
5411,3.0,4.224298965689419,1.2242989656894239,146,0.48605,1,0,0,0
5412,3.0,4.379041056895627,1.3790410568956353,171,0.485955,1,0,0,0
5413,3.0,4.260976578833994,1.260976578834001,151,0.48585999999999996,1,0,0,0
5414,3.0,4.39256911114728,1.3925691111472858,179,0.485765,1,0,0,0
5415,3.0,4.261229820714745,1.2612298207147516,153,0.48567000000000005,1,0,0,0
5416,3.0,4.322140240275244,1.3221402402752513,163,0.4855750000000001,1,0,0,0
5417,3.0,4.24762233394153,1.2476223339415362,151,0.48548,1,0,0,0
5418,3.0,4.304648501339918,1.3046485013399258,157,0.48538500000000007,1,0,0,0
5419,3.0,4.260009465444838,1.260009465444844,152,0.4852900000000001,1,0,0,0
5420,3.0,4.219677485891291,1.2196774858912953,145,0.48519499999999993,1,0,0,0
5421,3.0,4.3544012196956245,1.354401219695633,165,0.4851,1,0,0,0
5422,3.0,4.322142062669892,1.322142062669899,162,0.485005,1,0,0,0
5423,3.0,4.47339757385471,1.4733975738547174,186,0.48491000000000006,1,0,0,0
5424,3.0,4.393244667633098,1.3932446676331065,171,0.484815,1,0,0,0
5425,3.0,4.303729635819071,1.3037296358190784,157,0.48472000000000004,1,0,0,0
5426,3.0,4.370349754864085,1.370349754864094,170,0.4846250000000001,1,0,0,0
5427,3.0,4.212116668608369,1.2121166686083744,143,0.48453,1,0,0,0
5428,3.0,4.137285391977117,1.1372853919771198,131,0.48443500000000006,1,0,0,0
5429,3.0,4.2819880330965345,1.2819880330965419,155,0.4843400000000001,1,0,0,0
5430,3.0,4.340629528104764,1.3406295281047722,167,0.4842449999999999,1,0,0,0
5431,3.0,4.504259768057691,1.5042597680576988,198,0.48414999999999997,1,0,0,0
5432,3.0,4.2559841820678495,1.2559841820678554,150,0.484055,1,0,0,0
5433,3.0,4.209517736751504,1.2095177367515084,143,0.48396000000000006,1,0,0,0
5434,3.0,4.323080643941238,1.3230806439412461,163,0.483865,1,0,0,0
5435,3.0,4.281712417317473,1.2817124173174796,154,0.48377000000000003,1,0,0,0
5436,3.0,4.220878756207492,1.2208787562074972,144,0.4836750000000001,1,0,0,0
5437,3.0,4.203942097773339,1.203942097773344,141,0.48358,1,0,0,0
5438,3.0,4.322169224767789,1.3221692247677943,166,0.48348500000000005,1,0,0,0
5439,3.0,4.37510979556223,1.3751097955622387,172,0.4833900000000001,1,0,0,0
5440,3.0,4.156806397708095,1.1568063977080996,137,0.48329500000000003,1,0,0,0
5441,3.0,4.271166366378726,1.2711663663787316,154,0.48319999999999996,1,0,0,0
5442,3.0,4.338479777953568,1.3384797779535755,168,0.483105,1,0,0,0
5443,3.0,4.163392696617208,1.1633926966172123,136,0.48301000000000005,1,0,0,0
5444,3.0,4.305899874682925,1.3058998746829327,160,0.482915,1,0,0,0
5445,3.0,4.465830947223649,1.4658309472236584,189,0.48282,1,0,0,0
5446,3.0,4.141080264710521,1.141080264710524,130,0.48272500000000007,1,0,0,0
5447,3.0,4.220219105450332,1.2202191054503375,145,0.48263,1,0,0,0
5448,3.0,4.349949991088978,1.3499499910889863,163,0.48253500000000005,1,0,0,0
5449,3.0,4.161891937309828,1.1618919373098313,135,0.4824400000000001,1,0,0,0
5450,3.0,4.139191381209532,1.1391913812095347,131,0.482345,1,0,0,0
5451,3.0,4.182018845981867,1.1820188459818715,138,0.48224999999999996,1,0,0,0
5452,3.0,4.253541197733843,1.253541197733849,152,0.482155,1,0,0,0
5453,3.0,4.3889933598067215,1.3889933598067286,176,0.48206000000000004,1,0,0,0
5454,3.0,4.348389681590687,1.3483896815906962,162,0.481965,1,0,0,0
5455,3.0,4.24772144793152,1.2477214479315253,149,0.48187,1,0,0,0
5456,3.0,4.271715767534857,1.2717157675348636,153,0.48177500000000006,1,0,0,0
5457,3.0,4.202112866991442,1.2021128669914471,141,0.48168,1,0,0,0
5458,3.0,4.2918067328989595,1.2918067328989666,158,0.48158500000000004,1,0,0,0
5459,3.0,4.61915066895793,1.6191506689579411,216,0.4814900000000001,1,0,0,0
5460,3.0,4.274129666857343,1.2741296668573496,157,0.481395,1,0,0,0
5461,3.0,4.383255326512424,1.3832553265124339,171,0.48129999999999995,1,0,0,0
5462,3.0,4.43958736245106,1.4395873624510689,181,0.481205,1,0,0,0
5463,3.0,4.33500763607686,1.3350076360768681,165,0.48111000000000004,1,0,0,0
5464,3.0,4.225447186966258,1.225447186966264,147,0.48101499999999997,1,0,0,0
5465,3.0,4.355011971901712,1.3550119719017197,167,0.48092,1,0,0,0
5466,3.0,4.3770492689718274,1.377049268971836,171,0.48082500000000006,1,0,0,0
5467,3.0,4.328646616620871,1.328646616620879,164,0.4807300000000001,1,0,0,0
5468,3.0,4.216838244827192,1.2168382448271975,145,0.48063500000000003,1,0,0,0
5469,3.0,4.240126790626727,1.2401267906267328,146,0.4805400000000001,1,0,0,0
5470,3.0,4.226159509116326,1.2261595091163318,147,0.480445,1,0,0,0
5471,3.0,4.283491149006487,1.283491149006494,155,0.48034999999999994,1,0,0,0
5472,3.0,4.486490079310348,1.4864900793103573,193,0.480255,1,0,0,0
5473,3.0,4.185633117560597,1.1856331175606019,138,0.48016000000000003,1,0,0,0
5474,3.0,4.303852167410855,1.3038521674108623,161,0.48006499999999996,1,0,0,0
5475,3.0,4.13141026504179,1.131410265041793,130,0.47997,1,0,0,0
5476,3.0,4.467027051901146,1.467027051901158,187,0.47987500000000005,1,0,0,0
5477,3.0,4.2103860064244305,1.210386006424435,144,0.4797800000000001,1,0,0,0
5478,3.0,4.2555234714476144,1.2555234714476202,151,0.47968500000000003,1,0,0,0
5479,3.0,4.263293285292756,1.2632932852927623,152,0.47959000000000007,1,0,0,0
5480,3.0,4.233209218180295,1.2332092181803,147,0.479495,1,0,0,0
5481,3.0,4.278242160142208,1.2782421601422145,152,0.47939999999999994,1,0,0,0
5482,3.0,4.313988105645321,1.3139881056453264,163,0.479305,1,0,0,0
5483,3.0,4.221506716673187,1.2215067166731928,146,0.47921,1,0,0,0
5484,3.0,4.3036661814830515,1.3036661814830584,159,0.47911500000000007,1,0,0,0
5485,3.0,4.288230282356279,1.288230282356286,157,0.47902,1,0,0,0
5486,3.0,4.359835118064515,1.3598351180645234,167,0.47892500000000005,1,0,0,0
5487,3.0,4.482062509095137,1.4820625090951443,195,0.4788300000000001,1,0,0,0
5488,3.0,4.044346643636149,1.0443466436361497,115,0.478735,1,0,0,0
5489,3.0,4.317660152215029,1.3176601522150362,160,0.47864000000000007,1,0,0,0
5490,3.0,4.3528118241517975,1.3528118241518063,167,0.478545,1,0,0,0
5491,3.0,4.342125853348296,1.3421258533483031,171,0.47844999999999993,1,0,0,0
5492,3.0,4.237949824019357,1.2379498240193627,147,0.478355,1,0,0,0
5493,3.0,4.3257654653052136,1.3257654653052209,163,0.47826,1,0,0,0
5494,3.0,4.209007429837472,1.2090074298374776,143,0.47816500000000006,1,0,0,0
5495,3.0,4.355775870601871,1.3557758706018792,167,0.47807,1,0,0,0
5496,3.0,4.286347597296178,1.2863475972961842,152,0.47797500000000004,1,0,0,0
5497,3.0,4.3676200358491855,1.367620035849193,170,0.4778800000000001,1,0,0,0
5498,3.0,4.326352982069307,1.3263529820693136,162,0.477785,1,0,0,0
5499,3.0,4.275608463928781,1.2756084639287868,156,0.47769000000000006,1,0,0,0
5500,3.0,4.32770059591663,1.327700595916638,165,0.477595,1,0,0,0
5501,3.0,4.398176644173095,1.3981766441731025,175,0.47750000000000004,1,0,0,0
5502,3.0,4.378535279150354,1.378535279150363,170,0.47740499999999997,1,0,0,0
5503,3.0,4.349228516346718,1.3492285163467252,168,0.47731,1,0,0,0
5504,3.0,4.335973735349619,1.335973735349627,166,0.47721500000000006,1,0,0,0
5505,3.0,4.192201030292743,1.1922010302927468,140,0.47712,1,0,0,0
5506,3.0,4.104672999178121,1.1046729991781234,126,0.47702500000000003,1,0,0,0
5507,3.0,4.290038154390279,1.2900381543902868,154,0.4769300000000001,1,0,0,0
5508,3.0,4.4215858448703145,1.4215858448703234,178,0.476835,1,0,0,0
5509,3.0,4.278866922479022,1.2788669224790286,156,0.47674000000000005,1,0,0,0
5510,3.0,4.294130242320671,1.2941302423206782,156,0.4766450000000001,1,0,0,0
5511,3.0,4.209885303502136,1.2098853035021415,143,0.47655000000000003,1,0,0,0
5512,3.0,4.264166884405347,1.2641668844053529,154,0.47645499999999996,1,0,0,0
5513,3.0,4.359193565619576,1.359193565619585,169,0.47636,1,0,0,0
5514,3.0,4.278426640758066,1.2784266407580722,157,0.47626500000000005,1,0,0,0
5515,3.0,4.211740422200689,1.2117404222006938,143,0.47617,1,0,0,0
5516,3.0,4.337209373956306,1.3372093739563125,167,0.476075,1,0,0,0
5517,3.0,4.474910079910904,1.4749100799109134,191,0.47598000000000007,1,0,0,0
5518,3.0,4.158058894669013,1.158058894669016,135,0.475885,1,0,0,0
5519,3.0,4.227535462003716,1.2275354620037218,144,0.47579000000000005,1,0,0,0
5520,3.0,4.315339644139339,1.3153396441393472,160,0.4756950000000001,1,0,0,0
5521,3.0,4.319341566976533,1.319341566976541,160,0.4756,1,0,0,0
5522,3.0,4.407485680770922,1.4074856807709315,177,0.47550499999999996,1,0,0,0
5523,3.0,4.296848355551937,1.2968483555519437,158,0.47541,1,0,0,0
5524,3.0,4.33367441827625,1.3336744182762583,167,0.47531500000000004,1,0,0,0
5525,3.0,4.27090776654938,1.270907766549387,156,0.47522,1,0,0,0
5526,3.0,4.462167737622832,1.4621677376228412,183,0.475125,1,0,0,0
5527,3.0,4.175471840598075,1.1754718405980786,135,0.47503000000000006,1,0,0,0
5528,3.0,4.346725878259602,1.3467258782596105,165,0.4749350000000001,1,0,0,0
5529,3.0,4.337347709014729,1.3373477090147365,164,0.47484000000000004,1,0,0,0
5530,3.0,4.261090080863354,1.26109008086336,150,0.4747450000000001,1,0,0,0
5531,3.0,4.274590850412725,1.2745908504127315,154,0.47465,1,0,0,0
5532,3.0,4.158095536753686,1.1580955367536907,137,0.47455499999999995,1,0,0,0
5533,3.0,4.267992719878385,1.2679927198783911,152,0.47446,1,0,0,0
5534,3.0,4.271877339069292,1.2718773390692981,153,0.47436500000000004,1,0,0,0
5535,3.0,4.094225695200566,1.0942256952005682,124,0.47426999999999997,1,0,0,0
5536,3.0,4.491588173997968,1.4915881739979802,190,0.474175,1,0,0,0
5537,3.0,4.145400310093055,1.1454003100930579,134,0.47408000000000006,1,0,0,0
5538,3.0,4.3020114538750915,1.3020114538750989,158,0.4739850000000001,1,0,0,0
5539,3.0,4.289324304417476,1.2893243044174825,155,0.47389000000000003,1,0,0,0
5540,3.0,4.47106698187881,1.4710669818788173,193,0.4737950000000001,1,0,0,0
5541,3.0,4.181116613257299,1.1811166132573037,139,0.4737,1,0,0,0
5542,3.0,4.475130565166304,1.4751305651663134,189,0.47360499999999994,1,0,0,0
5543,3.0,4.478956394700031,1.4789563947000395,190,0.47351,1,0,0,0
5544,3.0,4.382230375825495,1.3822303758255035,172,0.47341500000000003,1,0,0,0
5545,3.0,4.465027063194761,1.4650270631947693,183,0.4733200000000001,1,0,0,0
5546,3.0,4.338607763048801,1.338607763048808,167,0.473225,1,0,0,0
5547,3.0,4.32547057329657,1.3254705732965784,166,0.47313000000000005,1,0,0,0
5548,3.0,4.2684734678117335,1.2684734678117398,155,0.4730350000000001,1,0,0,0
5549,3.0,4.168118547388104,1.1681185473881086,136,0.47294,1,0,0,0
5550,3.0,4.360026782303343,1.3600267823033516,170,0.47284500000000007,1,0,0,0
5551,3.0,4.271211078693089,1.2712110786930952,157,0.47275,1,0,0,0
5552,3.0,4.3005454609923035,1.3005454609923106,160,0.47265499999999994,1,0,0,0
5553,3.0,4.473302079321845,1.4733020793218556,187,0.47256,1,0,0,0
5554,3.0,4.377423987556771,1.37742398755678,172,0.472465,1,0,0,0
5555,3.0,4.418070738404262,1.4180707384042697,180,0.47237000000000007,1,0,0,0
5556,3.0,4.342531687211322,1.34253168721133,169,0.472275,1,0,0,0
5557,3.0,4.315593234891452,1.3155932348914596,160,0.47218000000000004,1,0,0,0
5558,3.0,4.20250632165873,1.2025063216587355,142,0.4720850000000001,1,0,0,0
5559,3.0,4.232824895603613,1.2328248956036192,150,0.47199,1,0,0,0
5560,3.0,4.195865350598828,1.1958653505988328,142,0.47189500000000006,1,0,0,0
5561,3.0,4.2576198236880884,1.2576198236880947,148,0.4718,1,0,0,0
5562,3.0,4.411044575216648,1.4110445752166585,181,0.47170500000000004,1,0,0,0
5563,3.0,4.169782754924016,1.1697827549240207,139,0.47161,1,0,0,0
5564,3.0,4.355115069668431,1.355115069668437,166,0.471515,1,0,0,0
5565,3.0,4.328982296297181,1.3289822962971884,169,0.47142000000000006,1,0,0,0
5566,3.0,4.250650380119653,1.2506503801196596,149,0.471325,1,0,0,0
5567,3.0,4.303029068425163,1.30302906842517,160,0.47123000000000004,1,0,0,0
5568,3.0,4.407823758305208,1.4078237583052164,178,0.4711350000000001,1,0,0,0
5569,3.0,4.274650379068032,1.2746503790680386,157,0.47104,1,0,0,0
5570,3.0,4.344971405170343,1.3449714051703492,169,0.47094500000000006,1,0,0,0
5571,3.0,4.327097398715667,1.3270973987156738,165,0.47085,1,0,0,0
5572,3.0,4.254738666433118,1.2547386664331237,150,0.47075500000000003,1,0,0,0
5573,3.0,4.183892050080001,1.183892050080005,138,0.47065999999999997,1,0,0,0
5574,3.0,4.250287889226016,1.2502878892260207,149,0.470565,1,0,0,0
5575,3.0,4.383633101776857,1.3836331017768664,173,0.47047000000000005,1,0,0,0
5576,3.0,4.217826716964246,1.217826716964251,144,0.470375,1,0,0,0
5577,3.0,4.480814376734164,1.480814376734173,191,0.47028000000000003,1,0,0,0
5578,3.0,4.22650291505626,1.226502915056265,145,0.4701850000000001,1,0,0,0
5579,3.0,4.410124256058486,1.4101242560584946,176,0.47009,1,0,0,0
5580,3.0,4.306848355551937,1.3068483555519443,159,0.46999500000000005,1,0,0,0
5581,3.0,4.357251469544427,1.357251469544436,169,0.4699,1,0,0,0
5582,3.0,4.294510290345279,1.2945102903452863,156,0.46980500000000003,1,0,0,0
5583,3.0,4.454878316900365,1.454878316900375,188,0.46970999999999996,1,0,0,0
5584,3.0,4.257907433859323,1.2579074338593288,150,0.469615,1,0,0,0
5585,3.0,4.474624148707965,1.4746241487079743,197,0.46952000000000005,1,0,0,0
5586,3.0,4.3044988016521,1.3044988016521073,158,0.469425,1,0,0,0
5587,3.0,4.189394629696392,1.1893946296963964,141,0.46933,1,0,0,0
5588,3.0,4.489989297492176,1.4899892974921853,191,0.46923500000000007,1,0,0,0
5589,3.0,4.124009196898656,1.1240091968986587,127,0.4691400000000001,1,0,0,0
5590,3.0,4.297029012040076,1.2970290120400838,159,0.46904500000000005,1,0,0,0
5591,3.0,4.264443780363788,1.2644437803637936,152,0.46895,1,0,0,0
5592,3.0,4.457392989334878,1.4573929893348878,187,0.468855,1,0,0,0
5593,3.0,4.404760415705347,1.4047604157053535,177,0.46875999999999995,1,0,0,0
5594,3.0,4.377506532785809,1.3775065327858178,170,0.468665,1,0,0,0
5595,3.0,4.354583404006501,1.3545834040065092,167,0.46857000000000004,1,0,0,0
5596,3.0,4.345136702591655,1.345136702591662,168,0.468475,1,0,0,0
5597,3.0,4.397261524935708,1.3972615249357163,172,0.46838,1,0,0,0
5598,3.0,4.11553086355439,1.1155308635543928,126,0.46828500000000006,1,0,0,0
5599,3.0,4.126989705636881,1.1269897056368845,130,0.4681900000000001,1,0,0,0
5600,3.0,4.438161416169779,1.4381614161697898,184,0.46809500000000004,1,0,0,0
5601,3.0,4.3447619974299645,1.344761997429972,165,0.46799999999999997,1,0,0,0
5602,3.0,4.203752310228609,1.2037523102286132,139,0.467905,1,0,0,0
5603,3.0,4.4466603079910385,1.4466603079910478,184,0.46780999999999995,1,0,0,0
5604,3.0,4.335719692163947,1.3357196921639551,163,0.467715,1,0,0,0
5605,3.0,4.433002057156761,1.4330020571567688,183,0.46762000000000004,1,0,0,0
5606,3.0,4.459416529856936,1.4594165298569466,189,0.4675250000000001,1,0,0,0
5607,3.0,4.260512169125014,1.2605121691250203,151,0.46743,1,0,0,0
5608,3.0,4.221343165916473,1.2213431659164782,144,0.46733500000000006,1,0,0,0
5609,3.0,4.248929321927452,1.248929321927458,149,0.4672400000000001,1,0,0,0
5610,3.0,4.272435420916487,1.2724354209164934,153,0.46714500000000003,1,0,0,0
5611,3.0,4.337308669072079,1.337308669072086,164,0.46704999999999997,1,0,0,0
5612,3.0,4.1516597053056135,1.1516597053056163,134,0.466955,1,0,0,0
5613,3.0,4.230017090214296,1.2300170902143008,145,0.46685999999999994,1,0,0,0
5614,3.0,4.195569663224577,1.1955696632245818,140,0.466765,1,0,0,0
5615,3.0,4.262777299033684,1.2627772990336898,151,0.46667000000000003,1,0,0,0
5616,3.0,4.07806253945831,1.0780625394583112,122,0.4665750000000001,1,0,0,0
5617,3.0,4.299669882598606,1.299669882598613,161,0.46648,1,0,0,0
5618,3.0,4.3724531348750855,1.372453134875095,170,0.46638500000000005,1,0,0,0
5619,3.0,4.270875810194934,1.2708758101949407,156,0.4662900000000001,1,0,0,0
5620,3.0,4.30910968384368,1.3091096838436864,159,0.466195,1,0,0,0
5621,3.0,4.311564252425718,1.3115642524257265,159,0.46609999999999996,1,0,0,0
5622,3.0,4.308145920671906,1.3081459206719133,160,0.466005,1,0,0,0
5623,3.0,4.257294206648936,1.2572942066489425,156,0.46591000000000005,1,0,0,0
5624,3.0,4.192464226070608,1.1924642260706122,140,0.465815,1,0,0,0
5625,3.0,4.257987993926768,1.257987993926774,151,0.46572,1,0,0,0
5626,3.0,4.200126160863949,1.200126160863954,142,0.46562500000000007,1,0,0,0
5627,3.0,4.189863416485629,1.1898634164856332,138,0.46553,1,0,0,0
5628,3.0,4.170022528889309,1.170022528889313,139,0.46543500000000004,1,0,0,0
5629,3.0,4.22769610920346,1.2276961092034664,148,0.4653400000000001,1,0,0,0
5630,3.0,4.296664247352247,1.2966642473522534,159,0.465245,1,0,0,0
5631,3.0,4.230128133112901,1.230128133112906,147,0.46515000000000006,1,0,0,0
5632,3.0,4.1390569718318195,1.1390569718318226,132,0.465055,1,0,0,0
5633,3.0,4.312669926714892,1.3126699267148993,159,0.46496000000000004,1,0,0,0
5634,3.0,4.255727589969715,1.2557275899697213,149,0.464865,1,0,0,0
5635,3.0,4.058751975037744,1.0587519750377457,119,0.46477,1,0,0,0
5636,3.0,4.328956065448477,1.3289560654484844,164,0.46467500000000006,1,0,0,0
5637,3.0,4.150270175267416,1.1502701752674194,133,0.46458,1,0,0,0
5638,3.0,4.330662368572511,1.33066236857252,166,0.46448500000000004,1,0,0,0
5639,3.0,4.239642186292788,1.2396421862927938,150,0.4643900000000001,1,0,0,0
5640,3.0,4.243931144322099,1.2439311443221055,146,0.464295,1,0,0,0
5641,3.0,4.250646578502726,1.250646578502732,149,0.46420000000000006,1,0,0,0
5642,3.0,4.440365489600405,1.4403654896004154,180,0.464105,1,0,0,0
5643,3.0,4.242554896862798,1.242554896862804,150,0.46401000000000003,1,0,0,0
5644,3.0,4.185129962480877,1.1851299624808818,139,0.46391499999999997,1,0,0,0
5645,3.0,4.226336014082161,1.2263360140821669,145,0.46382,1,0,0,0
5646,3.0,4.260122516074653,1.2601225160746594,152,0.46372500000000005,1,0,0,0
5647,3.0,4.157091329880313,1.1570913298803156,136,0.46363,1,0,0,0
5648,3.0,4.296117297319526,1.2961172973195318,157,0.46353500000000003,1,0,0,0
5649,3.0,4.443781423496244,1.443781423496253,182,0.4634400000000001,1,0,0,0
5650,3.0,4.271683276972487,1.2716832769724933,154,0.4633450000000001,1,0,0,0
5651,3.0,4.448405278914109,1.4484052789141142,193,0.46325000000000005,1,0,0,0
5652,3.0,4.277631756807482,1.2776317568074889,152,0.463155,1,0,0,0
5653,3.0,4.226452866328904,1.2264528663289094,144,0.46306,1,0,0,0
5654,3.0,4.268431496287395,1.2684314962874015,152,0.46296499999999996,1,0,0,0
5655,3.0,4.316090818390985,1.316090818390992,161,0.46287,1,0,0,0
5656,3.0,4.1835582481318045,1.1835582481318085,138,0.46277500000000005,1,0,0,0
5657,3.0,4.256504442878995,1.2565044428790013,150,0.46268,1,0,0,0
5658,3.0,4.337968669734616,1.337968669734623,166,0.462585,1,0,0,0
5659,3.0,4.204875349605022,1.2048753496050268,142,0.46249000000000007,1,0,0,0
5660,3.0,4.2529670865784155,1.2529670865784213,150,0.4623950000000001,1,0,0,0
5661,3.0,4.3718943070564364,1.3718943070564447,170,0.46230000000000004,1,0,0,0
5662,3.0,4.140354536951788,1.1403545369517918,132,0.462205,1,0,0,0
5663,3.0,4.169419914125001,1.1694199141250052,136,0.46211,1,0,0,0
5664,3.0,4.171296919840063,1.1712969198400665,136,0.46201499999999995,1,0,0,0
5665,3.0,4.240977380138916,1.2409773801389217,151,0.46192,1,0,0,0
5666,3.0,4.268067655934255,1.2680676559342614,151,0.46182500000000004,1,0,0,0
5667,3.0,4.187464226070608,1.1874642260706123,140,0.4617300000000001,1,0,0,0
5668,3.0,4.3324049085423795,1.3324049085423868,162,0.461635,1,0,0,0
5669,3.0,4.201559664218383,1.2015596642183872,142,0.46154000000000006,1,0,0,0
5670,3.0,4.291149733582445,1.2911497335824522,154,0.4614450000000001,1,0,0,0
5671,3.0,4.371866542445685,1.3718665424456915,171,0.46135000000000004,1,0,0,0
5672,3.0,4.419620497490721,1.4196204974907278,176,0.46125499999999997,1,0,0,0
5673,3.0,4.080217968954548,1.0802179689545492,121,0.46116,1,0,0,0
5674,3.0,4.328251346532264,1.3282513465322714,164,0.46106499999999995,1,0,0,0
5675,3.0,4.211846320996193,1.2118463209961983,142,0.46097,1,0,0,0
5676,3.0,4.354401089692529,1.354401089692536,173,0.46087500000000003,1,0,0,0
5677,3.0,4.287654456571058,1.2876544565710644,160,0.4607800000000001,1,0,0,0
5678,3.0,4.296695154758415,1.2966951547584218,154,0.460685,1,0,0,0
5679,3.0,4.1242818736384885,1.124281873638492,132,0.46059000000000005,1,0,0,0
5680,3.0,4.091318121760328,1.0913181217603305,125,0.4604950000000001,1,0,0,0
5681,3.0,4.360526081466686,1.3605260814666942,166,0.46040000000000003,1,0,0,0
5682,3.0,4.256458251102034,1.2564582511020395,152,0.46030499999999996,1,0,0,0
5683,3.0,4.209335552440628,1.2093355524406328,142,0.46021,1,0,0,0
5684,3.0,4.235397138238904,1.2353971382389086,147,0.46011500000000005,1,0,0,0
5685,3.0,4.189859614868701,1.1898596148687053,139,0.46002,1,0,0,0
5686,3.0,4.385654121895387,1.3856541218953924,174,0.45992500000000003,1,0,0,0
5687,3.0,4.179412310891146,1.17941231089115,137,0.45983000000000007,1,0,0,0
5688,3.0,4.242406731971045,1.2424067319710503,150,0.459735,1,0,0,0
5689,3.0,4.128481332853656,1.128481332853658,128,0.45964000000000005,1,0,0,0
5690,3.0,4.1788361989778355,1.1788361989778398,138,0.4595450000000001,1,0,0,0
5691,3.0,4.463155736824738,1.4631557368247488,185,0.45945,1,0,0,0
5692,3.0,4.20808423339707,1.2080842333970752,140,0.45935499999999996,1,0,0,0
5693,3.0,4.142230013810098,1.142230013810101,130,0.45926,1,0,0,0
5694,3.0,4.428694096982122,1.4286940969821318,181,0.45916500000000005,1,0,0,0
5695,3.0,4.224770978632254,1.2247709786322598,147,0.45907,1,0,0,0
5696,3.0,4.227454745108639,1.2274547451086435,143,0.458975,1,0,0,0
5697,3.0,4.154834276140643,1.1548342761406465,134,0.45888000000000007,1,0,0,0
5698,3.0,4.4010364426801685,1.4010364426801758,174,0.458785,1,0,0,0
5699,3.0,4.182150982599404,1.1821509825994079,138,0.45869000000000004,1,0,0,0
5700,3.0,4.126080264710521,1.1260802647105241,128,0.4585950000000001,1,0,0,0
5701,3.0,4.349796552091027,1.349796552091035,167,0.4585,1,0,0,0
5702,3.0,4.290368154721548,1.290368154721555,157,0.45840499999999995,1,0,0,0
5703,3.0,4.182534832240939,1.1825348322409432,139,0.45831,1,0,0,0
5704,3.0,4.271237896883745,1.2712378968837525,151,0.45821500000000004,1,0,0,0
5705,3.0,4.2252187555449545,1.2252187555449603,142,0.45811999999999997,1,0,0,0
5706,3.0,4.412894418774988,1.412894418774997,179,0.458025,1,0,0,0
5707,3.0,4.278642766643808,1.278642766643814,152,0.45793000000000006,1,0,0,0
5708,3.0,4.325372586101253,1.3253725861012613,160,0.457835,1,0,0,0
5709,3.0,4.386349631851923,1.3863496318519297,171,0.45774000000000004,1,0,0,0
5710,3.0,4.3077371826678394,1.3077371826678468,160,0.4576450000000001,1,0,0,0
5711,3.0,4.339135627093801,1.3391356270938077,168,0.4575500000000001,1,0,0,0
5712,3.0,4.348612037600873,1.3486120376008812,167,0.45745499999999995,1,0,0,0
5713,3.0,4.207316410050215,1.2073164100502198,143,0.45736,1,0,0,0
5714,3.0,4.175801840929343,1.175801840929347,137,0.45726500000000003,1,0,0,0
5715,3.0,4.310332495067579,1.3103324950675863,161,0.45716999999999997,1,0,0,0
5716,3.0,4.268867846813711,1.268867846813718,152,0.457075,1,0,0,0
5717,3.0,4.301307208928041,1.3013072089280482,156,0.45698000000000005,1,0,0,0
5718,3.0,4.231009363968276,1.2310093639682822,144,0.456885,1,0,0,0
5719,3.0,4.378606685591592,1.378606685591599,171,0.45679000000000003,1,0,0,0
5720,3.0,4.210633117560596,1.210633117560602,140,0.4566950000000001,1,0,0,0
5721,3.0,4.37929537519957,1.3792953751995787,171,0.4566000000000001,1,0,0,0
5722,3.0,4.148726971500551,1.148726971500554,132,0.45650499999999994,1,0,0,0
5723,3.0,4.3039703621437715,1.3039703621437786,162,0.45641,1,0,0,0
5724,3.0,4.466923955168449,1.4669239551684563,189,0.456315,1,0,0,0
5725,3.0,4.233143886116162,1.2331438861161674,144,0.45621999999999996,1,0,0,0
5726,3.0,4.359176995130091,1.3591769951300998,170,0.456125,1,0,0,0
5727,3.0,4.110970564298089,1.1109705642980927,126,0.45603000000000005,1,0,0,0
5728,3.0,4.321958405869747,1.3219584058697527,164,0.4559350000000001,1,0,0,0
5729,3.0,4.273427694670467,1.2734276946704741,153,0.45584,1,0,0,0
5730,3.0,4.420794305138975,1.4207943051389837,180,0.45574500000000007,1,0,0,0
5731,3.0,4.2146521461292155,1.2146521461292208,143,0.4556500000000001,1,0,0,0
5732,3.0,4.126427822172759,1.1264278221727622,128,0.45555499999999993,1,0,0,0
5733,3.0,4.361859994099419,1.3618599940994272,170,0.45546,1,0,0,0
5734,3.0,4.235719986735861,1.235719986735866,147,0.455365,1,0,0,0
5735,3.0,4.152809454405189,1.1528094544051928,133,0.45526999999999995,1,0,0,0
5736,3.0,4.462491934545275,1.4624919345452851,183,0.455175,1,0,0,0
5737,3.0,4.201341693427203,1.2013416934272076,145,0.45508000000000004,1,0,0,0
5738,3.0,4.190823378040474,1.1908233780404784,138,0.4549850000000001,1,0,0,0
5739,3.0,4.381833181848073,1.3818331818480822,176,0.45489,1,0,0,0
5740,3.0,4.246690428806799,1.2466904288068053,149,0.45479500000000006,1,0,0,0
5741,3.0,4.218082760907799,1.2180827609078044,146,0.4547000000000001,1,0,0,0
5742,3.0,4.15289761770649,1.1528976177064931,132,0.4546049999999999,1,0,0,0
5743,3.0,4.16210320766624,1.1621032076662439,133,0.45450999999999997,1,0,0,0
5744,3.0,4.363238063953368,1.3632380639533759,168,0.454415,1,0,0,0
5745,3.0,4.207049412655422,1.2070494126554272,142,0.45432000000000006,1,0,0,0
5746,3.0,4.277838294238949,1.2778382942389555,155,0.454225,1,0,0,0
5747,3.0,4.104753559245566,1.1047535592455686,125,0.45413000000000003,1,0,0,0
5748,3.0,4.419266391682216,1.419266391682225,179,0.4540350000000001,1,0,0,0
5749,3.0,4.107931931697523,1.1079319316975265,127,0.45394,1,0,0,0
5750,3.0,4.330662019701151,1.3306620197011583,164,0.45384500000000005,1,0,0,0
5751,3.0,4.121414066658717,1.1214140666587205,128,0.4537500000000001,1,0,0,0
5752,3.0,4.1617537263151885,1.161753726315192,136,0.45365500000000003,1,0,0,0
5753,3.0,4.218744234059607,1.2187442340596122,143,0.45355999999999996,1,0,0,0
5754,3.0,4.310215110755657,1.3102151107556654,157,0.453465,1,0,0,0
5755,3.0,4.194262494112871,1.1942624941128752,142,0.45337000000000005,1,0,0,0
5756,3.0,4.170404584645127,1.1704045846451314,135,0.453275,1,0,0,0
5757,3.0,4.159170473861177,1.1591704738611814,133,0.45318,1,0,0,0
5758,3.0,4.260410420817799,1.2604104208178049,153,0.45308500000000007,1,0,0,0
5759,3.0,4.14210320766624,1.1421032076662438,131,0.45299,1,0,0,0
5760,3.0,4.230831036607794,1.2308310366077995,148,0.45289500000000005,1,0,0,0
5761,3.0,4.251827291375953,1.2518272913759585,150,0.4528000000000001,1,0,0,0
5762,3.0,4.241567897215015,1.241567897215021,147,0.452705,1,0,0,0
5763,3.0,4.297725777817058,1.2977257778170643,158,0.45260999999999996,1,0,0,0
5764,3.0,4.291543537121095,1.2915435371211017,155,0.452515,1,0,0,0
5765,3.0,4.429923329725954,1.4299233297259615,183,0.45242000000000004,1,0,0,0
5766,3.0,4.251884490903603,1.2518844909036093,149,0.452325,1,0,0,0
5767,3.0,4.321589304323048,1.321589304323055,164,0.45223,1,0,0,0
5768,3.0,4.277790581612579,1.2777905816125856,155,0.45213500000000006,1,0,0,0
5769,3.0,4.140463764429074,1.1404637644290776,132,0.45204,1,0,0,0
5770,3.0,4.151849965785489,1.151849965785493,131,0.45194500000000004,1,0,0,0
5771,3.0,4.2517657609287465,1.2517657609287527,148,0.4518500000000001,1,0,0,0
5772,3.0,4.4394359679039574,1.4394359679039643,187,0.45175500000000013,1,0,0,0
5773,3.0,4.252784902267539,1.2527849022675452,149,0.45165999999999995,1,0,0,0
5774,3.0,4.47956060553318,1.4795606055331902,191,0.451565,1,0,0,0
5775,3.0,4.200911541341775,1.2009115413417788,139,0.45147000000000004,1,0,0,0
5776,3.0,4.313989837224243,1.3139898372242493,164,0.45137499999999997,1,0,0,0
5777,3.0,4.245976578833995,1.2459765788340014,148,0.45128,1,0,0,0
5778,3.0,4.441472444335121,1.4414724443351312,179,0.45118500000000006,1,0,0,0
5779,3.0,4.214669354388824,1.2146693543888283,142,0.45109,1,0,0,0
5780,3.0,4.296863583555249,1.2968635835552564,156,0.45099500000000003,1,0,0,0
5781,3.0,4.109867061274925,1.1098670612749277,125,0.4509000000000001,1,0,0,0
5782,3.0,4.305101608726298,1.3051016087263068,156,0.4508050000000001,1,0,0,0
5783,3.0,4.25791123547625,1.257911235476256,151,0.45070999999999994,1,0,0,0
5784,3.0,4.259606529815581,1.2596065298155874,148,0.450615,1,0,0,0
5785,3.0,4.285374758401279,1.2853747584012856,157,0.45052000000000003,1,0,0,0
5786,3.0,4.2635712361387865,1.2635712361387932,153,0.45042499999999996,1,0,0,0
5787,3.0,4.3631074561925836,1.363107456192591,165,0.45033,1,0,0,0
5788,3.0,4.259408666101849,1.259408666101855,150,0.45023500000000005,1,0,0,0
5789,3.0,4.320576479065403,1.3205764790654106,165,0.4501400000000001,1,0,0,0
5790,3.0,4.1445218329403435,1.1445218329403468,132,0.45004500000000003,1,0,0,0
5791,3.0,4.187362601827177,1.1873626018271815,138,0.44995000000000007,1,0,0,0
5792,3.0,4.323739054474245,1.3237390544742529,160,0.4498550000000001,1,0,0,0
5793,3.0,4.0896095448421015,1.089609544842104,124,0.44975999999999994,1,0,0,0
5794,3.0,4.3304182024148865,1.3304182024148943,160,0.449665,1,0,0,0
5795,3.0,4.192015044364939,1.1920150443649435,138,0.44957,1,0,0,0
5796,3.0,4.448184425770181,1.4481844257701917,182,0.44947499999999996,1,0,0,0
5797,3.0,4.307090192581905,1.3070901925819125,161,0.44938,1,0,0,0
5798,3.0,4.165911541341774,1.1659115413417789,133,0.44928500000000005,1,0,0,0
5799,3.0,4.206149103819669,1.2061491038196737,143,0.4491900000000001,1,0,0,0
5800,3.0,4.1885620497487315,1.1885620497487361,138,0.449095,1,0,0,0
5801,3.0,4.136596250969593,1.1365962509695964,130,0.44900000000000007,1,0,0,0
5802,3.0,4.172911078648619,1.1729110786486239,138,0.4489050000000001,1,0,0,0
5803,3.0,4.243723326711253,1.2437233267112595,146,0.44880999999999993,1,0,0,0
5804,3.0,4.169241902813205,1.1692419028132088,138,0.448715,1,0,0,0
5805,3.0,4.356474165235603,1.356474165235612,168,0.44862,1,0,0,0
5806,3.0,4.154698337906179,1.1546983379061821,132,0.44852500000000006,1,0,0,0
5807,3.0,4.251566424725745,1.251566424725751,152,0.44843,1,0,0,0
5808,3.0,4.274552611774995,1.2745526117750008,159,0.44833500000000004,1,0,0,0
5809,3.0,4.135508032317222,1.1355080323172255,133,0.4482400000000001,1,0,0,0
5810,3.0,4.318100204592639,1.3181002045926473,164,0.448145,1,0,0,0
5811,3.0,4.254543075479561,1.2545430754795674,148,0.44805000000000006,1,0,0,0
5812,3.0,4.238836828740613,1.2388368287406184,146,0.4479550000000001,1,0,0,0
5813,3.0,4.309362925724429,1.3093629257244372,159,0.4478599999999999,1,0,0,0
5814,3.0,4.205299847677578,1.2052998476775827,146,0.44776499999999997,1,0,0,0
5815,3.0,4.273663673992161,1.2736636739921674,151,0.44767,1,0,0,0
5816,3.0,4.236262955754404,1.23626295575441,149,0.44757500000000006,1,0,0,0
5817,3.0,4.31068104932139,1.310681049321398,161,0.44748,1,0,0,0
5818,3.0,4.259247389139326,1.2592473891393323,150,0.44738500000000003,1,0,0,0
5819,3.0,4.425697017754412,1.4256970177544206,180,0.4472900000000001,1,0,0,0
5820,3.0,4.248773374404593,1.2487733744045986,148,0.447195,1,0,0,0
5821,3.0,4.204027988314465,1.2040279883144689,143,0.44710000000000005,1,0,0,0
5822,3.0,4.241480378332176,1.2414803783321817,153,0.4470050000000001,1,0,0,0
5823,3.0,4.474037817345176,1.4740378173451834,192,0.44691000000000003,1,0,0,0
5824,3.0,4.1558018409293425,1.1558018409293471,133,0.44681499999999996,1,0,0,0
5825,3.0,4.1143567543608945,1.1143567543608965,127,0.44672,1,0,0,0
5826,3.0,4.189602098435876,1.189602098435881,140,0.44662500000000005,1,0,0,0
5827,3.0,4.252425761591284,1.25242576159129,149,0.44653,1,0,0,0
5828,3.0,4.423729847980169,1.4237298479801772,182,0.446435,1,0,0,0
5829,3.0,4.256633229279148,1.2566332292791542,153,0.44634000000000007,1,0,0,0
5830,3.0,4.194258692495943,1.194258692495948,143,0.446245,1,0,0,0
5831,3.0,4.252902104419658,1.2529021044196647,151,0.44615000000000005,1,0,0,0
5832,3.0,4.456681145575056,1.456681145575066,192,0.4460550000000001,1,0,0,0
5833,3.0,4.2417747904911725,1.2417747904911773,147,0.44596,1,0,0,0
5834,3.0,4.326731681668428,1.326731681668436,162,0.44586499999999996,1,0,0,0
5835,3.0,4.295115364240342,1.2951153642403481,156,0.44577,1,0,0,0
5836,3.0,4.307380043724656,1.3073800437246623,163,0.44567500000000004,1,0,0,0
5837,3.0,4.177539106793012,1.1775391067930163,135,0.44558,1,0,0,0
5838,3.0,4.257975162747416,1.2579751627474218,149,0.445485,1,0,0,0
5839,3.0,4.3043266335451325,1.3043266335451391,160,0.44539000000000006,1,0,0,0
5840,3.0,4.149009196898655,1.1490091968986587,131,0.445295,1,0,0,0
5841,3.0,4.4398754455574405,1.4398754455574492,180,0.44520000000000004,1,0,0,0
5842,3.0,4.211652258899388,1.2116522588993937,143,0.4451050000000001,1,0,0,0
5843,3.0,4.274671861879714,1.2746718618797204,154,0.44501,1,0,0,0
5844,3.0,4.265368154721548,1.2653681547215554,153,0.44491499999999995,1,0,0,0
5845,3.0,4.2158191034884,1.2158191034884054,144,0.44482,1,0,0,0
5846,3.0,4.206871029961473,1.2068710299614784,142,0.44472500000000004,1,0,0,0
5847,3.0,4.194707524296234,1.1947075242962393,142,0.44462999999999997,1,0,0,0
5848,3.0,4.211222512052803,1.2112225120528077,144,0.444535,1,0,0,0
5849,3.0,4.265295670823104,1.2652956708231105,150,0.44444000000000006,1,0,0,0
5850,3.0,4.231324136296233,1.2313241362962382,149,0.4443450000000001,1,0,0,0
5851,3.0,4.34130708589827,1.3413070858982785,166,0.44425000000000003,1,0,0,0
5852,3.0,4.08279599346306,1.0827959934630622,121,0.4441550000000001,1,0,0,0
5853,3.0,4.213283625967554,1.2132836259675588,143,0.44406,1,0,0,0
5854,3.0,4.277794856164652,1.277794856164659,155,0.44396499999999994,1,0,0,0
5855,3.0,4.274178762191275,1.2741787621912812,153,0.44387,1,0,0,0
5856,3.0,4.349469818134745,1.3494698181347535,168,0.44377500000000003,1,0,0,0
5857,3.0,4.304639076745431,1.3046390767454386,159,0.44367999999999996,1,0,0,0
5858,3.0,4.147293468146117,1.1472934681461207,131,0.443585,1,0,0,0
5859,3.0,4.368191868999643,1.3681918689996517,175,0.44349000000000005,1,0,0,0
5860,3.0,4.1544488976423555,1.154448897642359,132,0.4433950000000001,1,0,0,0
5861,3.0,4.074177920267402,1.074177920267404,120,0.4433,1,0,0,0
5862,3.0,4.1941376887268955,1.194137688726901,139,0.44320500000000007,1,0,0,0
5863,3.0,4.175607778832539,1.1756077788325432,138,0.44311,1,0,0,0
5864,3.0,4.3953075292728645,1.3953075292728732,181,0.44301499999999994,1,0,0,0
5865,3.0,4.231516320664924,1.2315163206649296,144,0.44292,1,0,0,0
5866,3.0,4.175387478913702,1.1753874789137058,136,0.442825,1,0,0,0
5867,3.0,4.305135977016782,1.3051359770167896,160,0.44273000000000007,1,0,0,0
5868,3.0,4.227987993926768,1.227987993926774,147,0.442635,1,0,0,0
5869,3.0,4.357042123076829,1.357042123076837,166,0.44254000000000004,1,0,0,0
5870,3.0,4.173448547719373,1.1734485477193772,136,0.4424450000000001,1,0,0,0
5871,3.0,4.331812569071632,1.3318125690716398,167,0.44235,1,0,0,0
5872,3.0,4.3320688338340085,1.3320688338340159,163,0.44225500000000006,1,0,0,0
5873,3.0,4.263059524431789,1.2630595244317948,147,0.44216,1,0,0,0
5874,3.0,4.169947778170002,1.1699477781700056,135,0.44206499999999993,1,0,0,0
5875,3.0,4.379713990231684,1.3797139902316915,172,0.44197,1,0,0,0
5876,3.0,4.108653857839329,1.1086538578393312,125,0.441875,1,0,0,0
5877,3.0,4.323038672416901,1.3230386724169074,162,0.44178000000000006,1,0,0,0
5878,3.0,4.325368209020999,1.325368209021005,163,0.441685,1,0,0,0
5879,3.0,4.185569663224578,1.1855696632245818,138,0.44159000000000004,1,0,0,0
5880,3.0,4.101160824777967,1.1011608247779694,124,0.4414950000000001,1,0,0,0
5881,3.0,4.266683276972487,1.2666832769724934,153,0.4414,1,0,0,0
5882,3.0,4.175625335963508,1.175625335963512,137,0.44130500000000006,1,0,0,0
5883,3.0,4.241567897215015,1.241567897215021,147,0.4412100000000001,1,0,0,0
5884,3.0,4.185456612594762,1.1854566125947665,140,0.44111500000000003,1,0,0,0
5885,3.0,4.38011398859798,1.3801139885979872,179,0.44101999999999997,1,0,0,0
5886,3.0,4.381493351683474,1.3814933516834838,171,0.440925,1,0,0,0
5887,3.0,4.120112699921821,1.1201126999218234,127,0.44083000000000006,1,0,0,0
5888,3.0,4.158763613585226,1.158763613585229,135,0.440735,1,0,0,0
5889,3.0,4.14599210140922,1.1459921014092238,131,0.44064000000000003,1,0,0,0
5890,3.0,4.226500641262069,1.226500641262074,146,0.4405450000000001,1,0,0,0
5891,3.0,4.221076619921224,1.221076619921229,142,0.44045,1,0,0,0
5892,3.0,4.178063169221085,1.1780631692210894,136,0.44035500000000005,1,0,0,0
5893,3.0,4.337017133220133,1.3370171332201397,166,0.4402600000000001,1,0,0,0
5894,3.0,4.118759756634832,1.1187597566348355,126,0.44016500000000003,1,0,0,0
5895,3.0,4.280368154721549,1.280368154721555,155,0.44006999999999996,1,0,0,0
5896,3.0,4.263132459729777,1.2631324597297828,152,0.439975,1,0,0,0
5897,3.0,4.22568089249376,1.2256808924937657,146,0.43988000000000005,1,0,0,0
5898,3.0,4.40379646719701,1.4037964671970178,180,0.439785,1,0,0,0
5899,3.0,4.2119439652594615,1.2119439652594663,145,0.43969,1,0,0,0
5900,3.0,4.256479733913714,1.2564797339137208,150,0.43959500000000007,1,0,0,0
5901,3.0,4.211326060185048,1.2113260601850526,141,0.4395,1,0,0,0
5902,3.0,4.427449038686248,1.4274490386862564,178,0.43940500000000005,1,0,0,0
5903,3.0,4.363783190557426,1.3637831905574342,167,0.4393100000000001,1,0,0,0
5904,3.0,4.122601931366255,1.122601931366258,128,0.439215,1,0,0,0
5905,3.0,4.175899663555846,1.1758996635558505,138,0.43911999999999995,1,0,0,0
5906,3.0,4.358914623167939,1.358914623167946,175,0.439025,1,0,0,0
5907,3.0,4.309865629404606,1.3098656294046136,158,0.43893000000000004,1,0,0,0
5908,3.0,4.11037924591707,1.1103792459170725,127,0.438835,1,0,0,0
5909,3.0,4.266412005025622,1.2664120050256278,154,0.43874,1,0,0,0
5910,3.0,4.259496829403149,1.2594968294031552,150,0.43864500000000006,1,0,0,0
5911,3.0,4.39641308618794,1.39641308618795,171,0.4385500000000001,1,0,0,0
5912,3.0,4.329886988152502,1.3298869881525102,163,0.43845500000000004,1,0,0,0
5913,3.0,4.194539095499401,1.1945390954994046,142,0.4383600000000001,1,0,0,0
5914,3.0,4.33960903730647,1.339609037306479,162,0.438265,1,0,0,0
5915,3.0,4.125556202282448,1.125556202282451,128,0.43816999999999995,1,0,0,0
5916,3.0,4.279606529815581,1.2796065298155872,152,0.438075,1,0,0,0
5917,3.0,4.223661214861407,1.223661214861413,149,0.43798000000000004,1,0,0,0
5918,3.0,4.178942097773341,1.1789420977733442,136,0.43788499999999997,1,0,0,0
5919,3.0,4.222625503033131,1.222625503033135,146,0.43779,1,0,0,0
5920,3.0,4.205485301540204,1.2054853015402092,141,0.43769500000000006,1,0,0,0
5921,3.0,4.174419914125002,1.1744199141250051,136,0.4376000000000001,1,0,0,0
5922,3.0,4.281368025770072,1.2813680257700786,158,0.43750500000000003,1,0,0,0
5923,3.0,4.08132527359464,1.0813252735946417,123,0.4374100000000001,1,0,0,0
5924,3.0,4.36273161398973,1.362731613989738,171,0.437315,1,0,0,0
5925,3.0,4.126600052586521,1.1266000525865236,130,0.43721999999999994,1,0,0,0
5926,3.0,4.254682815330953,1.2546828153309593,152,0.437125,1,0,0,0
5927,3.0,4.248713715746188,1.2487137157461936,151,0.43703000000000003,1,0,0,0
5928,3.0,4.2467619593118195,1.2467619593118255,147,0.4369350000000001,1,0,0,0
5929,3.0,4.26832652182658,1.2683265218265876,149,0.43684,1,0,0,0
5930,3.0,4.136414066658717,1.1364140666587206,131,0.43674500000000005,1,0,0,0
5931,3.0,4.011502073132387,1.011502073132388,110,0.4366500000000001,1,0,0,0
5932,3.0,4.318744446220704,1.3187444462207107,164,0.436555,1,0,0,0
5933,3.0,4.276157336816301,1.2761573368163073,153,0.43646000000000007,1,0,0,0
5934,3.0,4.272197385503445,1.2721973855034518,152,0.436365,1,0,0,0
5935,3.0,4.366408833171471,1.3664088331714785,169,0.43626999999999994,1,0,0,0
5936,3.0,4.165392706859199,1.1653927068592027,137,0.436175,1,0,0,0
5937,3.0,4.260636974510988,1.2606369745109947,153,0.43608,1,0,0,0
5938,3.0,4.298900338410098,1.2989003384101039,158,0.43598500000000007,1,0,0,0
5939,3.0,4.228339353005934,1.2283393530059394,148,0.43589,1,0,0,0
5940,3.0,4.210471895931539,1.2104718959315446,145,0.43579500000000004,1,0,0,0
5941,3.0,4.2025510399124055,1.2025510399124106,141,0.4357000000000001,1,0,0,0
5942,3.0,4.123818936418779,1.1238189364187816,128,0.435605,1,0,0,0
5943,3.0,4.265957549213755,1.265957549213761,155,0.43551000000000006,1,0,0,0
5944,3.0,4.132369753661489,1.132369753661493,130,0.435415,1,0,0,0
5945,3.0,4.082158429005628,1.0821584290056303,122,0.43532000000000004,1,0,0,0
5946,3.0,4.263645095771464,1.2636450957714709,153,0.435225,1,0,0,0
5947,3.0,4.2858960187665485,1.2858960187665556,155,0.43513,1,0,0,0
5948,3.0,4.142099406049313,1.1420994060493164,131,0.43503500000000006,1,0,0,0
5949,3.0,4.256677597627446,1.256677597627453,148,0.43494,1,0,0,0
5950,3.0,4.346792497476443,1.3467924974764507,168,0.43484500000000004,1,0,0,0
5951,3.0,4.2591192916319836,1.25911929163199,154,0.4347500000000001,1,0,0,0
5952,3.0,4.188220171631535,1.1882201716315393,140,0.434655,1,0,0,0
5953,3.0,4.3435126861176165,1.3435126861176254,162,0.43456000000000006,1,0,0,0
5954,3.0,4.153481332853655,1.1534813328536586,131,0.434465,1,0,0,0
5955,3.0,4.1527632083287775,1.152763208328781,133,0.43437000000000003,1,0,0,0
5956,3.0,4.153206710689405,1.1532067106894086,134,0.43427499999999997,1,0,0,0
5957,3.0,4.217032306923997,1.2170323069240019,144,0.43418,1,0,0,0
5958,3.0,4.188094187294185,1.1880941872941893,139,0.43408500000000005,1,0,0,0
5959,3.0,4.26451029034528,1.2645102903452856,152,0.43399,1,0,0,0
5960,3.0,4.244510584917191,1.2445105849171971,147,0.43389500000000003,1,0,0,0
5961,3.0,4.153730773117478,1.1537307731174817,134,0.4338000000000001,1,0,0,0
5962,3.0,4.222560170968997,1.2225601709690022,144,0.433705,1,0,0,0
5963,3.0,4.16372697150055,1.163726971500554,134,0.43361000000000005,1,0,0,0
5964,3.0,4.260380032507477,1.2603800325074836,149,0.433515,1,0,0,0
5965,3.0,4.344833138842235,1.3448331388422434,164,0.43342,1,0,0,0
5966,3.0,4.156241541673044,1.1562415416730474,133,0.43332499999999996,1,0,0,0
5967,3.0,4.220471895931539,1.2204718959315446,145,0.43323,1,0,0,0
5968,3.0,4.207162915718797,1.207162915718802,144,0.43313500000000005,1,0,0,0
5969,3.0,4.212260683011834,1.2122606830118394,141,0.43304,1,0,0,0
5970,3.0,4.16843894269362,1.1684389426936241,137,0.432945,1,0,0,0
5971,3.0,4.115724925651194,1.1157249256511967,127,0.43285000000000007,1,0,0,0
5972,3.0,4.254671861879714,1.2546718618797204,150,0.4327550000000001,1,0,0,0
5973,3.0,4.132187569350614,1.1321875693506165,130,0.43266000000000004,1,0,0,0
5974,3.0,4.204319873037772,1.2043198730377764,144,0.432565,1,0,0,0
5975,3.0,4.263807742695075,1.263807742695082,152,0.43247,1,0,0,0
5976,3.0,4.278947933946011,1.2789479339460175,156,0.43237499999999995,1,0,0,0
5977,3.0,4.220618239462661,1.2206182394626666,148,0.43228,1,0,0,0
5978,3.0,4.230808150037161,1.2308081500371666,145,0.43218500000000004,1,0,0,0
5979,3.0,4.111160824777967,1.1111608247779696,126,0.43209,1,0,0,0
5980,3.0,4.235621239774668,1.235621239774673,147,0.431995,1,0,0,0
5981,3.0,4.377173183271173,1.3771731832711815,172,0.43190000000000006,1,0,0,0
5982,3.0,4.203023708925377,1.2030237089253815,147,0.4318050000000001,1,0,0,0
5983,3.0,4.077093446846872,1.0770934468468742,123,0.43171000000000004,1,0,0,0
5984,3.0,4.242425761591283,1.24242576159129,149,0.43161499999999997,1,0,0,0
5985,3.0,4.164458378604323,1.1644583786043268,136,0.43152,1,0,0,0
5986,3.0,4.1539091558114265,1.1539091558114303,134,0.43142499999999995,1,0,0,0
5987,3.0,4.177395092389547,1.1773950923895513,136,0.43133,1,0,0,0
5988,3.0,4.282118703164114,1.2821187031641204,157,0.43123500000000003,1,0,0,0
5989,3.0,4.26460652981558,1.264606529815587,149,0.4311400000000001,1,0,0,0
5990,3.0,4.2184776880643575,1.2184776880643635,143,0.431045,1,0,0,0
5991,3.0,4.329873232638461,1.3298732326384688,162,0.43095000000000006,1,0,0,0
5992,3.0,4.199089913793731,1.1990899137937365,139,0.4308550000000001,1,0,0,0
5993,3.0,4.24309189196439,1.2430918919643956,151,0.43076000000000003,1,0,0,0
5994,3.0,4.149268591059593,1.1492685910595963,132,0.43066499999999996,1,0,0,0
5995,3.0,4.1334851344705825,1.1334851344705856,129,0.43057,1,0,0,0
5996,3.0,4.241698504975799,1.2416985049758056,147,0.43047499999999994,1,0,0,0
5997,3.0,4.287583236936879,1.2875832369368854,156,0.43038,1,0,0,0
5998,3.0,4.232091959643089,1.232091959643094,145,0.43028500000000003,1,0,0,0
5999,3.0,4.313735315164111,1.3137353151641193,163,0.4301900000000001,1,0,0,0
6000,3.0,4.24784778114023,1.2478477811402364,150,0.430095,1,0,0,0
6001,3.0,4.230275014648512,1.2302750146485182,152,0.43000000000000005,1,0,0,0
6002,3.0,4.1746139762218055,1.1746139762218095,134,0.4299050000000001,1,0,0,0
6003,3.0,4.232344204732264,1.2323442047322695,150,0.42981,1,0,0,0
6004,3.0,4.230617889557284,1.2306178895572895,148,0.42971500000000007,1,0,0,0
6005,3.0,4.249175858634306,1.2491758586343116,150,0.42962,1,0,0,0
6006,3.0,4.052630914883611,1.0526309148836117,116,0.42952500000000005,1,0,0,0
6007,3.0,4.341813048980106,1.3418130489801146,167,0.42943,1,0,0,0
6008,3.0,4.2335835868598615,1.2335835868598675,145,0.429335,1,0,0,0
6009,3.0,4.323059681259419,1.323059681259427,158,0.42924000000000007,1,0,0,0
6010,3.0,4.192206709637784,1.192206709637788,143,0.429145,1,0,0,0
6011,3.0,4.279644699722992,1.2796446997229982,153,0.42905000000000004,1,0,0,0
6012,3.0,4.2451187144577265,1.2451187144577316,149,0.4289550000000001,1,0,0,0
6013,3.0,4.160911541341775,1.1609115413417788,133,0.42886,1,0,0,0
6014,3.0,4.150032139854375,1.1500321398543782,132,0.42876500000000006,1,0,0,0
6015,3.0,4.4169086961298225,1.4169086961298312,180,0.42867,1,0,0,0
6016,3.0,4.143143256353386,1.143143256353389,132,0.42857500000000004,1,0,0,0
6017,3.0,4.173680779723588,1.1736807797235924,138,0.42847999999999997,1,0,0,0
6018,3.0,4.167011242748012,1.1670112427480164,135,0.428385,1,0,0,0
6019,3.0,4.193853934472039,1.1938539344720442,139,0.42829000000000006,1,0,0,0
6020,3.0,4.198581936007358,1.1985819360073626,144,0.428195,1,0,0,0
6021,3.0,4.262277945570891,1.2622779455708977,150,0.42810000000000004,1,0,0,0
6022,3.0,4.275896018766549,1.2758960187665553,153,0.4280050000000001,1,0,0,0
6023,3.0,4.1993317508237,1.1993317508237047,141,0.42791,1,0,0,0
6024,3.0,4.156241541673044,1.1562415416730474,133,0.42781500000000006,1,0,0,0
6025,3.0,4.327571810550493,1.327571810550501,163,0.42772,1,0,0,0
6026,3.0,4.197183924561317,1.1971839245613214,140,0.42762500000000003,1,0,0,0
6027,3.0,4.17575564915238,1.1757556491523853,138,0.42752999999999997,1,0,0,0
6028,3.0,4.232214491234872,1.2322144912348778,147,0.427435,1,0,0,0
6029,3.0,4.284120637294919,1.284120637294925,156,0.42734000000000005,1,0,0,0
6030,3.0,4.302948056958174,1.302948056958181,160,0.427245,1,0,0,0
6031,3.0,4.204844386865388,1.2048443868653929,143,0.42715000000000003,1,0,0,0
6032,3.0,4.358455013654821,1.3584550136548286,168,0.4270550000000001,1,0,0,0
6033,3.0,4.190633117560598,1.1906331175606018,138,0.4269600000000001,1,0,0,0
6034,3.0,4.176047479576239,1.1760474795762428,136,0.42686500000000005,1,0,0,0
6035,3.0,4.121266250638325,1.1212662506383282,128,0.42677,1,0,0,0
6036,3.0,4.1944199141250005,1.1944199141250051,138,0.426675,1,0,0,0
6037,3.0,4.281405326126456,1.2814053261264622,155,0.42657999999999996,1,0,0,0
6038,3.0,4.166325903357416,1.16632590335742,135,0.426485,1,0,0,0
6039,3.0,4.24758984337916,1.247589843379166,153,0.42639000000000005,1,0,0,0
6040,3.0,4.202297325096509,1.202297325096514,144,0.426295,1,0,0,0
6041,3.0,4.298493478134144,1.2984934781341515,159,0.4262,1,0,0,0
6042,3.0,4.1301165015387475,1.1301165015387509,129,0.42610500000000007,1,0,0,0
6043,3.0,4.147619193925312,1.1476191939253158,133,0.4260100000000001,1,0,0,0
6044,3.0,4.084363906195206,1.0843639061952077,122,0.42591500000000004,1,0,0,0
6045,3.0,4.153730773117478,1.1537307731174815,132,0.42582,1,0,0,0
6046,3.0,4.297625208461216,1.2976252084612243,158,0.425725,1,0,0,0
6047,3.0,4.323326227254668,1.3233262272546762,158,0.42562999999999995,1,0,0,0
6048,3.0,4.260072468381313,1.2600724683813198,151,0.425535,1,0,0,0
6049,3.0,4.1961571799886705,1.1961571799886745,139,0.42544000000000004,1,0,0,0
6050,3.0,4.2889403307121565,1.2889403307121625,157,0.4253450000000001,1,0,0,0
6051,3.0,4.134390773780016,1.1343907737800187,131,0.42525,1,0,0,0
6052,3.0,4.274210802388117,1.2742108023881238,153,0.42515500000000006,1,0,0,0
6053,3.0,4.230333210967737,1.2303332109677432,148,0.4250600000000001,1,0,0,0
6054,3.0,4.273203594168719,1.2732035941687252,154,0.42496500000000004,1,0,0,0
6055,3.0,4.076905187124878,1.0769051871248796,122,0.42486999999999997,1,0,0,0
6056,3.0,4.181279711580454,1.181279711580458,139,0.424775,1,0,0,0
6057,3.0,4.173832397360908,1.173832397360912,137,0.42467999999999995,1,0,0,0
6058,3.0,4.285034352773351,1.285034352773359,155,0.424585,1,0,0,0
6059,3.0,4.254957437495203,1.2549574374952086,148,0.42449000000000003,1,0,0,0
6060,3.0,4.249100024518477,1.2491000245184836,148,0.4243950000000001,1,0,0,0
6061,3.0,4.092782587854396,1.0927825878543975,126,0.4243,1,0,0,0
6062,3.0,4.258099223195952,1.2580992231959582,153,0.42420500000000005,1,0,0,0
6063,3.0,4.200485301540205,1.200485301540209,140,0.4241100000000001,1,0,0,0
6064,3.0,4.2643608911686846,1.2643608911686917,148,0.42401500000000003,1,0,0,0
6065,3.0,4.126596250969593,1.1265962509695964,130,0.42391999999999996,1,0,0,0
6066,3.0,4.232822915347318,1.2328229153473234,145,0.423825,1,0,0,0
6067,3.0,4.200636919177525,1.2006369191775295,139,0.42373000000000005,1,0,0,0
6068,3.0,4.157869107124281,1.157869107124285,133,0.423635,1,0,0,0
6069,3.0,4.1834523493363,1.1834523493363043,138,0.42354,1,0,0,0
6070,3.0,4.113569496154956,1.1135694961549585,125,0.42344500000000007,1,0,0,0
6071,3.0,4.117707830161759,1.117707830161762,127,0.42335,1,0,0,0
6072,3.0,4.36033581401348,1.3603358140134891,170,0.42325500000000005,1,0,0,0
6073,3.0,4.276074401460497,1.2760744014605039,154,0.4231600000000001,1,0,0,0
6074,3.0,4.155815596443385,1.155815596443389,134,0.423065,1,0,0,0
6075,3.0,4.235411887367757,1.2354118873677624,149,0.42296999999999996,1,0,0,0
6076,3.0,4.179613976221805,1.1796139762218094,135,0.422875,1,0,0,0
6077,3.0,4.247362758654808,1.247362758654814,150,0.42278000000000004,1,0,0,0
6078,3.0,4.259594652029652,1.2595946520296588,151,0.422685,1,0,0,0
6079,3.0,4.162869107124282,1.1628691071242852,134,0.42259,1,0,0,0
6080,3.0,4.208761791190577,1.2087617911905812,142,0.42249500000000006,1,0,0,0
6081,3.0,4.244445252853058,1.244445252853064,145,0.4224,1,0,0,0
6082,3.0,4.2907944488225676,1.2907944488225749,156,0.42230500000000004,1,0,0,0
6083,3.0,4.165449776809138,1.1654497768091416,138,0.4222100000000001,1,0,0,0
6084,3.0,4.195439055463793,1.1954390554637973,140,0.422115,1,0,0,0
6085,3.0,4.277819270558021,1.277819270558028,154,0.42201999999999995,1,0,0,0
6086,3.0,4.251128196471315,1.2511281964713208,148,0.421925,1,0,0,0
6087,3.0,4.175320222960755,1.1753202229607584,135,0.42183000000000004,1,0,0,0
6088,3.0,4.290289410075422,1.2902894100754292,157,0.42173499999999997,1,0,0,0
6089,3.0,4.22575657348707,1.225756573487075,142,0.42164,1,0,0,0
6090,3.0,4.178734630067871,1.1787346300678752,140,0.42154500000000006,1,0,0,0
6091,3.0,4.236765760928747,1.236765760928753,146,0.42145,1,0,0,0
6092,3.0,4.223848605032375,1.2238486050323796,143,0.42135500000000004,1,0,0,0
6093,3.0,4.196746574480876,1.1967465744808805,141,0.4212600000000001,1,0,0,0
6094,3.0,4.100794059332255,1.1007940593322574,127,0.4211650000000001,1,0,0,0
6095,3.0,4.215287437826472,1.2152874378264773,143,0.42106999999999994,1,0,0,0
6096,3.0,4.282258915950651,1.2822589159506579,156,0.420975,1,0,0,0
6097,3.0,4.233525462997521,1.2335254629975274,147,0.42088000000000003,1,0,0,0
6098,3.0,4.1893317508237,1.1893317508237051,139,0.42078499999999996,1,0,0,0
6099,3.0,4.162095604432385,1.1620956044323887,135,0.42069,1,0,0,0
6100,3.0,4.242949824019357,1.2429498240193628,148,0.42059500000000005,1,0,0,0
6101,3.0,4.171490981936866,1.1714909819368708,135,0.4205,1,0,0,0
6102,3.0,4.117644375825739,1.1176443758257422,128,0.42040500000000003,1,0,0,0
6103,3.0,4.347774996730561,1.3477749967305686,167,0.4203100000000001,1,0,0,0
6104,3.0,4.161571542004312,1.161571542004316,134,0.4202150000000001,1,0,0,0
6105,3.0,4.277963284961487,1.2779632849614937,153,0.42011999999999994,1,0,0,0
6106,3.0,4.173836198977836,1.1738361989778399,138,0.420025,1,0,0,0
6107,3.0,4.072866949538769,1.0728669495387704,123,0.41993,1,0,0,0
6108,3.0,4.196934484297493,1.196934484297498,139,0.41983499999999996,1,0,0,0
6109,3.0,4.203600219656142,1.2036002196561468,143,0.41974,1,0,0,0
6110,3.0,4.213677429506204,1.2136774295062087,145,0.41964500000000005,1,0,0,0
6111,3.0,4.159170473861178,1.1591704738611819,133,0.4195500000000001,1,0,0,0
6112,3.0,4.20236077943253,1.2023607794325342,142,0.419455,1,0,0,0
6113,3.0,4.259396788315921,1.2593967883159272,152,0.41936000000000007,1,0,0,0
6114,3.0,4.0889838581705975,1.0889838581705997,122,0.4192650000000001,1,0,0,0
6115,3.0,4.129867061274925,1.129867061274928,128,0.41916999999999993,1,0,0,0
6116,3.0,4.24475242194716,1.2447524219471655,148,0.419075,1,0,0,0
6117,3.0,4.330891377185678,1.3308913771856863,166,0.41898,1,0,0,0
6118,3.0,4.223984543266839,1.2239845432668444,146,0.41888499999999995,1,0,0,0
6119,3.0,4.188901468735175,1.1889014687351787,140,0.41879,1,0,0,0
6120,3.0,4.271234095266819,1.2712340952668253,151,0.41869500000000004,1,0,0,0
6121,3.0,4.356652278750593,1.3566522787506012,174,0.4186000000000001,1,0,0,0
6122,3.0,4.30684455393501,1.3068445539350166,158,0.418505,1,0,0,0
6123,3.0,4.258146215243818,1.2581462152438248,152,0.41841000000000006,1,0,0,0
6124,3.0,4.203220171631534,1.2032201716315392,142,0.4183150000000001,1,0,0,0
6125,3.0,4.082289036766413,1.0822890367664149,123,0.4182199999999999,1,0,0,0
6126,3.0,4.195431452229938,1.1954314522299423,140,0.41812499999999997,1,0,0,0
6127,3.0,4.210101451898669,1.2101014518986737,142,0.41803,1,0,0,0
6128,3.0,4.168493265973048,1.1684932659730525,137,0.41793500000000006,1,0,0,0
6129,3.0,4.146950062206184,1.1469500622061874,133,0.41784,1,0,0,0
6130,3.0,4.121604327138594,1.1216043271385971,127,0.41774500000000003,1,0,0,0
6131,3.0,4.322795012992284,1.3227950129922916,161,0.4176500000000001,1,0,0,0
6132,3.0,4.310840797427161,1.310840797427169,157,0.417555,1,0,0,0
6133,3.0,4.1390607734487475,1.1390607734487501,131,0.41746000000000005,1,0,0,0
6134,3.0,4.12796107204251,1.1279610720425128,129,0.4173650000000001,1,0,0,0
6135,3.0,4.1407464627623245,1.140746462762328,129,0.41727000000000003,1,0,0,0
6136,3.0,4.359163184282584,1.3591631842825924,163,0.41717499999999996,1,0,0,0
6137,3.0,4.155408386262055,1.1554083862620588,133,0.41708,1,0,0,0
6138,3.0,4.202172519710534,1.2021725197105393,141,0.41698500000000005,1,0,0,0
6139,3.0,4.161364073264828,1.1613640732648312,135,0.41689,1,0,0,0
6140,3.0,4.146841889616489,1.1468418896164922,133,0.416795,1,0,0,0
6141,3.0,4.294696276273083,1.2946962762730896,158,0.41670000000000007,1,0,0,0
6142,3.0,4.046941773876087,1.0469417738760882,114,0.416605,1,0,0,0
6143,3.0,4.191025575436312,1.1910255754363155,142,0.41651000000000005,1,0,0,0
6144,3.0,4.234514386534119,1.2345143865341248,147,0.4164150000000001,1,0,0,0
6145,3.0,4.206871029961474,1.2068710299614787,141,0.41632,1,0,0,0
6146,3.0,4.227095761260015,1.2270957612600213,144,0.41622499999999996,1,0,0,0
6147,3.0,4.2321801229443885,1.2321801229443938,147,0.41613,1,0,0,0
6148,3.0,4.116790313066398,1.1167903130664008,127,0.41603500000000004,1,0,0,0
6149,3.0,4.195633117560597,1.1956331175606019,140,0.41594,1,0,0,0
6150,3.0,4.022275575824284,1.0222755758242843,112,0.415845,1,0,0,0
6151,3.0,4.249823028117491,1.2498230281174967,151,0.41575000000000006,1,0,0,0
6152,3.0,4.179504275809373,1.1795042758093779,136,0.415655,1,0,0,0
6153,3.0,4.178836671912981,1.1788366719129861,135,0.41556000000000004,1,0,0,0
6154,3.0,4.154188030992147,1.1541880309921508,132,0.4154650000000001,1,0,0,0
6155,3.0,4.109863259657997,1.1098632596580003,125,0.41537000000000013,1,0,0,0
6156,3.0,4.262011749481019,1.2620117494810257,152,0.41527499999999995,1,0,0,0
6157,3.0,4.062880355147433,1.0628803551474348,118,0.41518,1,0,0,0
6158,3.0,4.147077868938181,1.147077868938185,131,0.41508500000000004,1,0,0,0
6159,3.0,4.32311307323083,1.3231130732308376,161,0.41498999999999997,1,0,0,0
6160,3.0,4.207909550825882,1.2079095508258872,142,0.414895,1,0,0,0
6161,3.0,4.116482748940236,1.1164827489402374,129,0.41480000000000006,1,0,0,0
6162,3.0,4.322889328573771,1.3228893285737788,161,0.414705,1,0,0,0
6163,3.0,4.20938747786208,1.2093874778620852,144,0.41461000000000003,1,0,0,0
6164,3.0,4.164880522217054,1.1648805222170582,136,0.4145150000000001,1,0,0,0
6165,3.0,4.26446666693442,1.264466666934426,153,0.4144200000000001,1,0,0,0
6166,3.0,4.342946179230061,1.3429461792300679,164,0.41432499999999994,1,0,0,0
6167,3.0,4.08903010424701,1.0890301042470116,123,0.41423,1,0,0,0
6168,3.0,4.040699586923138,1.040699586923138,116,0.41413500000000003,1,0,0,0
6169,3.0,4.238135809947161,1.2381358099471667,147,0.41403999999999996,1,0,0,0
6170,3.0,4.1822048319096705,1.1822048319096747,139,0.413945,1,0,0,0
6171,3.0,4.179636412426911,1.1796364124269147,138,0.41385000000000005,1,0,0,0
6172,3.0,4.222971182767255,1.2229711827672596,145,0.4137550000000001,1,0,0,0
6173,3.0,4.284771608395031,1.2847716083950378,154,0.41366,1,0,0,0
6174,3.0,4.1262200045619135,1.1262200045619157,130,0.41356500000000007,1,0,0,0
6175,3.0,4.153473256684654,1.1534732566846577,134,0.4134700000000001,1,0,0,0
6176,3.0,4.302181706100589,1.3021817061005965,159,0.41337499999999994,1,0,0,0
6177,3.0,4.1051264554358635,1.1051264554358655,126,0.41328,1,0,0,0
6178,3.0,4.33601630663544,1.3360163066354458,165,0.413185,1,0,0,0
6179,3.0,4.128041632109955,1.128041632109958,129,0.41308999999999996,1,0,0,0
6180,3.0,4.180700270985362,1.1807002709853662,138,0.412995,1,0,0,0
6181,3.0,4.164538644099858,1.1645386440998613,137,0.41290000000000004,1,0,0,0
6182,3.0,4.215456612594761,1.2154566125947666,144,0.4128050000000001,1,0,0,0
6183,3.0,4.231128196471316,1.2311281964713205,147,0.41271,1,0,0,0
6184,3.0,4.102018689154237,1.1020186891542385,124,0.41261500000000007,1,0,0,0
6185,3.0,4.093987659787525,1.093987659787527,124,0.4125200000000001,1,0,0,0
6186,3.0,4.197015044364939,1.1970150443649437,139,0.41242499999999993,1,0,0,0
6187,3.0,4.134009196898655,1.1340091968986588,128,0.41233,1,0,0,0
6188,3.0,4.21092072773183,1.210920727731836,144,0.412235,1,0,0,0
6189,3.0,4.076578988410537,1.076578988410538,120,0.41214000000000006,1,0,0,0
6190,3.0,4.385214770023046,1.3852147700230542,174,0.412045,1,0,0,0
6191,3.0,4.205439055463792,1.205439055463797,142,0.41195000000000004,1,0,0,0
6192,3.0,4.24359306782183,1.2435930678218357,149,0.4118550000000001,1,0,0,0
6193,3.0,4.234957437495203,1.2349574374952088,147,0.41176,1,0,0,0
6194,3.0,4.209078036007803,1.209078036007808,143,0.41166500000000006,1,0,0,0
6195,3.0,4.177594484960031,1.1775944849600355,138,0.4115700000000001,1,0,0,0
6196,3.0,4.035830194683921,1.0358301946839223,115,0.4114749999999999,1,0,0,0
6197,3.0,4.364850401401294,1.3648504014013014,168,0.41137999999999997,1,0,0,0
6198,3.0,4.1717694057180434,1.1717694057180479,134,0.411285,1,0,0,0
6199,3.0,4.088210355478702,1.0882103554787035,122,0.41119000000000006,1,0,0,0
6200,3.0,4.224623635547007,1.2246236355470126,145,0.411095,1,0,0,0
6201,3.0,4.357086842364522,1.3570868423645286,169,0.41100000000000003,1,0,0,0
6202,3.0,4.143726971500551,1.1437269715005542,131,0.4109050000000001,1,0,0,0
6203,3.0,4.2592860104462815,1.2592860104462873,152,0.41081,1,0,0,0
6204,3.0,4.154440821473354,1.1544408214733581,133,0.41071500000000005,1,0,0,0
6205,3.0,4.2076102196963525,1.2076102196963567,144,0.4106200000000001,1,0,0,0
6206,3.0,4.19562931594367,1.1956293159436742,140,0.41052500000000003,1,0,0,0
6207,3.0,4.253771101644418,1.2537711016444235,150,0.41042999999999996,1,0,0,0
6208,3.0,4.176053096614486,1.1760530966144895,137,0.410335,1,0,0,0
6209,3.0,4.131734456024921,1.1317344560249234,133,0.41024000000000005,1,0,0,0
6210,3.0,4.1984142337283386,1.1984142337283434,140,0.410145,1,0,0,0
6211,3.0,4.137707830161759,1.137707830161762,129,0.41005,1,0,0,0
6212,3.0,4.157341243079281,1.1573412430792849,134,0.40995500000000007,1,0,0,0
6213,3.0,4.171180416464681,1.1711804164646848,139,0.40986,1,0,0,0
6214,3.0,4.329279641497265,1.329279641497273,164,0.40976500000000005,1,0,0,0
6215,3.0,4.120577109630801,1.1205771096308044,127,0.4096700000000001,1,0,0,0
6216,3.0,4.26556601843528,1.265566018435287,151,0.409575,1,0,0,0
6217,3.0,4.170659704253991,1.1706597042539955,138,0.40947999999999996,1,0,0,0
6218,3.0,4.2776007940678475,1.2776007940678547,154,0.409385,1,0,0,0
6219,3.0,4.16027777850127,1.1602777785012741,135,0.40929000000000004,1,0,0,0
6220,3.0,4.1552777785012704,1.1552777785012742,133,0.409195,1,0,0,0
6221,3.0,4.137239145900704,1.137239145900708,132,0.4091,1,0,0,0
6222,3.0,4.114922439441944,1.1149224394419468,128,0.40900500000000006,1,0,0,0
6223,3.0,4.162479454073921,1.162479454073924,134,0.40891,1,0,0,0
6224,3.0,4.113493110120606,1.1134931101206087,133,0.40881500000000004,1,0,0,0
6225,3.0,4.090386849150925,1.0903868491509272,124,0.4087200000000001,1,0,0,0
6226,3.0,4.139826672906788,1.1398266729067914,132,0.408625,1,0,0,0
6227,3.0,4.2224720076676965,1.222472007667702,144,0.40852999999999995,1,0,0,0
6228,3.0,4.252214491234872,1.2522144912348776,150,0.408435,1,0,0,0
6229,3.0,4.195189615199969,1.195189615199974,138,0.40834000000000004,1,0,0,0
6230,3.0,4.233652720540922,1.2336527205409282,147,0.40824499999999997,1,0,0,0
6231,3.0,4.317959934744103,1.3179599347441098,160,0.40815,1,0,0,0
6232,3.0,4.273479271220559,1.2734792712205656,155,0.40805500000000006,1,0,0,0
6233,3.0,4.134254835545551,1.1342548355455544,130,0.4079600000000001,1,0,0,0
6234,3.0,4.07821415709563,1.078214157095631,121,0.40786500000000003,1,0,0,0
6235,3.0,4.310823534868104,1.3108235348681112,157,0.4077700000000001,1,0,0,0
6236,3.0,4.166905343952508,1.1669053439525119,136,0.407675,1,0,0,0
6237,3.0,4.17201504436494,1.172015044364944,136,0.40757999999999994,1,0,0,0
6238,3.0,4.242091959643087,1.2420919596430942,147,0.407485,1,0,0,0
6239,3.0,4.139500474192447,1.1395004741924504,131,0.40739000000000003,1,0,0,0
6240,3.0,4.200959316274938,1.2009593162749426,141,0.40729499999999996,1,0,0,0
6241,3.0,4.043045276899252,1.0430452768992529,115,0.4072,1,0,0,0
6242,3.0,4.278662652902433,1.2786626529024399,156,0.40710500000000005,1,0,0,0
6243,3.0,4.229270625615337,1.229270625615342,149,0.4070100000000001,1,0,0,0
6244,3.0,4.315957999579281,1.3159579995792887,161,0.406915,1,0,0,0
6245,3.0,4.195713677628042,1.195713677628047,138,0.40682000000000007,1,0,0,0
6246,3.0,4.14203975333022,1.142039753330224,131,0.406725,1,0,0,0
6247,3.0,4.201287308874996,1.2012873088750011,144,0.40662999999999994,1,0,0,0
6248,3.0,4.211255002615173,1.2112550026151776,142,0.406535,1,0,0,0
6249,3.0,4.152372209615481,1.1523722096154847,135,0.40644,1,0,0,0
6250,3.0,4.103125993794329,1.1031259937943307,125,0.40634500000000007,1,0,0,0
6251,3.0,4.185717479244969,1.1857174792449743,136,0.40625,1,0,0,0
6252,3.0,4.123811333184924,1.1238113331849269,129,0.40615500000000004,1,0,0,0
6253,3.0,4.293592773249918,1.293592773249925,155,0.4060600000000001,1,0,0,0
6254,3.0,4.204711798848308,1.204711798848313,142,0.405965,1,0,0,0
6255,3.0,4.237869263951913,1.2378692639519175,146,0.40587000000000006,1,0,0,0
6256,3.0,4.160273976884342,1.1602739768843466,135,0.4057750000000001,1,0,0,0
6257,3.0,4.107981979390863,1.1079819793908656,127,0.40568000000000004,1,0,0,0
6258,3.0,4.247812413295622,1.2478124132956285,149,0.405585,1,0,0,0
6259,3.0,4.218037987320658,1.2180379873206633,143,0.40549,1,0,0,0
6260,3.0,4.1334813328536555,1.1334813328536582,130,0.40539500000000006,1,0,0,0
6261,3.0,4.247921189373365,1.2479211893733704,151,0.4053,1,0,0,0
6262,3.0,4.003657502628626,1.003657502628626,109,0.40520500000000004,1,0,0,0
6263,3.0,4.114093558583029,1.1140935585830314,125,0.4051100000000001,1,0,0,0
6264,3.0,4.2455506889378025,1.2455506889378083,154,0.405015,1,0,0,0
6265,3.0,4.240586926817651,1.2405869268176557,151,0.40492000000000006,1,0,0,0
6266,3.0,4.0462274509681375,1.0462274509681382,117,0.4048250000000001,1,0,0,0
6267,3.0,4.025467703790284,1.0254677037902837,114,0.40473000000000003,1,0,0,0
6268,3.0,4.075530863554391,1.0755308635543925,121,0.40463499999999997,1,0,0,0
6269,3.0,4.238636505896126,1.2386365058961328,149,0.40454,1,0,0,0
6270,3.0,4.169504275809373,1.1695042758093777,135,0.40444500000000005,1,0,0,0
6271,3.0,4.211978333549945,1.2119783335499503,146,0.40435,1,0,0,0
6272,3.0,4.127711631778686,1.1277116317786895,129,0.40425500000000003,1,0,0,0
6273,3.0,4.219573587853668,1.2195735878536735,144,0.4041600000000001,1,0,0,0
6274,3.0,4.15203975333022,1.152039753330224,133,0.404065,1,0,0,0
6275,3.0,4.14722621219317,1.1472262121931736,131,0.40397000000000005,1,0,0,0
6276,3.0,4.113561892921101,1.1135618929211037,126,0.4038750000000001,1,0,0,0
6277,3.0,4.235554435221264,1.2355544352212697,148,0.40378000000000003,1,0,0,0
6278,3.0,4.121318121760328,1.1213181217603303,129,0.40368499999999996,1,0,0,0
6279,3.0,4.161047479576239,1.161047479576243,134,0.40359,1,0,0,0
6280,3.0,4.126016810374502,1.126016810374504,128,0.40349500000000005,1,0,0,0
6281,3.0,4.139009196898655,1.1390091968986589,130,0.4034,1,0,0,0
6282,3.0,4.164943976553074,1.1649439765530782,134,0.403305,1,0,0,0
6283,3.0,4.24683109299288,1.246831092992886,150,0.40321000000000007,1,0,0,0
6284,3.0,4.296419951191525,1.2964199511915313,162,0.4031150000000001,1,0,0,0
6285,3.0,4.21106901668737,1.211069016687374,141,0.40302000000000004,1,0,0,0
6286,3.0,4.134342998846852,1.1343429988468547,129,0.4029250000000001,1,0,0,0
6287,3.0,4.172319760267599,1.1723197602676032,139,0.40283,1,0,0,0
6288,3.0,4.172015044364939,1.1720150443649437,135,0.40273499999999995,1,0,0,0
6289,3.0,4.1930379873206585,1.1930379873206634,140,0.40264,1,0,0,0
6290,3.0,4.102268129418059,1.1022681294180618,125,0.40254500000000004,1,0,0,0
6291,3.0,4.20451438653412,1.2045143865341246,142,0.40245,1,0,0,0
6292,3.0,4.091775379634997,1.0917753796349998,125,0.402355,1,0,0,0
6293,3.0,4.234493027786222,1.2344930277862283,146,0.40226000000000006,1,0,0,0
6294,3.0,4.155358338568716,1.1553583385687194,132,0.4021650000000001,1,0,0,0
6295,3.0,4.120776502201286,1.1207765022012883,129,0.40207000000000004,1,0,0,0
6296,3.0,4.052525016088106,1.0525250160881074,116,0.4019750000000001,1,0,0,0
6297,3.0,4.0100242014296565,1.0100242014296563,112,0.40188,1,0,0,0
6298,3.0,4.252355155420952,1.2523551554209589,150,0.40178499999999995,1,0,0,0
6299,3.0,4.257277945570891,1.2572779455708973,151,0.40169,1,0,0,0
6300,3.0,4.139588637493747,1.1395886374937507,131,0.40159500000000004,1,0,0,0
6301,3.0,4.158730773117478,1.1587307731174816,134,0.4015000000000001,1,0,0,0
6302,3.0,4.156579145238167,1.1565791452381706,134,0.401405,1,0,0,0
6303,3.0,4.220544954259296,1.2205449542593014,142,0.40131000000000006,1,0,0,0
6304,3.0,4.283666181483052,1.2836661814830588,156,0.4012150000000001,1,0,0,0
6305,3.0,4.175603977215612,1.1756039772156153,137,0.40112000000000003,1,0,0,0
6306,3.0,4.1966731662477414,1.1966731662477466,141,0.4010250000000001,1,0,0,0
6307,3.0,3.999181565056699,0.9991815650566992,108,0.40093,1,0,0,0
6308,3.0,4.159254835545551,1.1592548355455548,133,0.40083499999999994,1,0,0,0
6309,3.0,4.270042515171605,1.270042515171612,158,0.40074,1,0,0,0
6310,3.0,4.16416667224425,1.1641666722442543,134,0.40064500000000003,1,0,0,0
6311,3.0,4.249765704526055,1.2497657045260615,153,0.4005500000000001,1,0,0,0
6312,3.0,4.192539106793012,1.1925391067930167,137,0.400455,1,0,0,0
6313,3.0,4.200377129984525,1.20037712998453,143,0.40036000000000005,1,0,0,0
6314,3.0,4.225679363637008,1.2256793636370136,143,0.4002650000000001,1,0,0,0
6315,3.0,4.26839338171345,1.2683933817134565,154,0.40017,1,0,0,0
6316,3.0,4.136414066658717,1.1364140666587201,130,0.40007500000000007,1,0,0,0
6317,3.0,4.209191538037162,1.2091915380371676,143,0.39998,1,0,0,0
6318,3.0,4.198301183098524,1.1983011830985284,142,0.39988500000000005,1,0,0,0
6319,3.0,4.253308964695611,1.253308964695618,148,0.39979,1,0,0,0
6320,3.0,4.161579145238167,1.161579145238171,133,0.399695,1,0,0,0
6321,3.0,4.037521214471179,1.03752121447118,115,0.39960000000000007,1,0,0,0
6322,3.0,4.177784745439908,1.1777847454399126,137,0.399505,1,0,0,0
6323,3.0,4.136840361793753,1.136840361793756,132,0.39941000000000004,1,0,0,0
6324,3.0,4.187821387524583,1.187821387524587,140,0.3993150000000001,1,0,0,0
6325,3.0,4.168136104519073,1.1681361045190775,137,0.39922,1,0,0,0
6326,3.0,4.077880355147434,1.077880355147435,120,0.39912500000000006,1,0,0,0
6327,3.0,4.286034223821876,1.2860342238218823,158,0.39903,1,0,0,0
6328,3.0,4.121590921529929,1.1215909215299324,129,0.39893500000000004,1,0,0,0
6329,3.0,4.237281747187819,1.2372817471878248,148,0.39884,1,0,0,0
6330,3.0,4.188371789268855,1.1883717892688588,140,0.398745,1,0,0,0
6331,3.0,4.199116205915214,1.1991162059152192,144,0.39865000000000006,1,0,0,0
6332,3.0,4.1172681294180595,1.1172681294180618,127,0.398555,1,0,0,0
6333,3.0,4.160882400996789,1.1608824009967924,132,0.39846000000000004,1,0,0,0
6334,3.0,4.2269345396309586,1.2269345396309639,148,0.3983650000000001,1,0,0,0
6335,3.0,4.2059034651727725,1.2059034651727776,142,0.39827,1,0,0,0
6336,3.0,4.357694971905055,1.3576949719050633,169,0.39817500000000006,1,0,0,0
6337,3.0,4.259214604005045,1.259214604005051,152,0.39808,1,0,0,0
6338,3.0,4.131740265373058,1.1317402653730613,129,0.39798500000000003,1,0,0,0
6339,3.0,4.291973283967681,1.2919732839676878,154,0.39788999999999997,1,0,0,0
6340,3.0,4.21808423339707,1.218084233397075,142,0.397795,1,0,0,0
6341,3.0,4.145312441363665,1.1453124413636688,132,0.39770000000000005,1,0,0,0
6342,3.0,4.195815301871473,1.1958153018714779,140,0.397605,1,0,0,0
6343,3.0,4.218102264438373,1.218102264438379,146,0.39751000000000003,1,0,0,0
6344,3.0,4.0957249256511945,1.0957249256511967,124,0.3974150000000001,1,0,0,0
6345,3.0,4.220299315612401,1.2202993156124056,141,0.3973200000000001,1,0,0,0
6346,3.0,4.243245510359593,1.243245510359598,148,0.39722500000000005,1,0,0,0
6347,3.0,4.310921357494607,1.3109213574946144,159,0.39713,1,0,0,0
6348,3.0,4.179179954823146,1.17917995482315,139,0.397035,1,0,0,0
6349,3.0,4.271750532925434,1.2717505329254404,153,0.39693999999999996,1,0,0,0
6350,3.0,4.365377086494918,1.3653770864949268,169,0.396845,1,0,0,0
6351,3.0,4.14597061859754,1.1459706185975427,133,0.39675000000000005,1,0,0,0
6352,3.0,4.214034590960178,1.2140345909601835,143,0.396655,1,0,0,0
6353,3.0,4.189851887571061,1.1898518875710657,141,0.39656,1,0,0,0
6354,3.0,4.133387367177546,1.1333873671775483,132,0.39646500000000007,1,0,0,0
6355,3.0,4.107356292719359,1.107356292719362,126,0.3963700000000001,1,0,0,0
6356,3.0,4.232032306923996,1.2320323069240018,145,0.39627500000000004,1,0,0,0
6357,3.0,4.291559875345463,1.2915598753454702,158,0.39618,1,0,0,0
6358,3.0,4.126604327138594,1.126604327138597,128,0.396085,1,0,0,0
6359,3.0,4.052187412522983,1.0521874125229838,117,0.39598999999999995,1,0,0,0
6360,3.0,4.2081208765157605,1.2081208765157658,145,0.395895,1,0,0,0
6361,3.0,4.203558248131804,1.2035582481318086,141,0.39580000000000004,1,0,0,0
6362,3.0,4.170222400334252,1.1702224003342552,133,0.3957050000000001,1,0,0,0
6363,3.0,4.251043834786942,1.251043834786948,150,0.39561,1,0,0,0
6364,3.0,4.084609544842102,1.0846095448421036,123,0.39551500000000006,1,0,0,0
6365,3.0,4.030450146659314,1.0304501466593148,114,0.3954200000000001,1,0,0,0
6366,3.0,4.251166366378726,1.2511663663787318,151,0.39532500000000004,1,0,0,0
6367,3.0,4.274932728529922,1.2749327285299286,152,0.39522999999999997,1,0,0,0
6368,3.0,4.190921022303742,1.190921022303747,140,0.395135,1,0,0,0
6369,3.0,4.175320222960755,1.1753202229607587,136,0.39503999999999995,1,0,0,0
6370,3.0,4.207942035448941,1.207942035448945,145,0.394945,1,0,0,0
6371,3.0,4.096333349763641,1.0963333497636425,122,0.39485000000000003,1,0,0,0
6372,3.0,4.2294295734502025,1.229429573450208,147,0.3947550000000001,1,0,0,0
6373,3.0,4.084177920267402,1.0841779202674042,121,0.39466,1,0,0,0
6374,3.0,4.242994542273032,1.2429945422730384,146,0.39456500000000005,1,0,0,0
6375,3.0,4.067377200067714,1.0673772000677153,120,0.3944700000000001,1,0,0,0
6376,3.0,4.127957270425583,1.1279572704255854,129,0.39437500000000003,1,0,0,0
6377,3.0,4.072436852786806,1.0724368527868073,120,0.3942800000000001,1,0,0,0
6378,3.0,4.1765634658353115,1.1765634658353152,138,0.394185,1,0,0,0
6379,3.0,4.151838087999561,1.1518380879995649,134,0.39409000000000005,1,0,0,0
6380,3.0,4.203481489681286,1.2034814896812909,140,0.393995,1,0,0,0
6381,3.0,4.065805485718641,1.0658054857186423,119,0.39390000000000003,1,0,0,0
6382,3.0,4.162809454405189,1.1628094544051926,135,0.39380500000000007,1,0,0,0
6383,3.0,4.088650056222402,1.088650056222404,123,0.39371,1,0,0,0
6384,3.0,4.305875111418195,1.3058751114182023,158,0.39361500000000005,1,0,0,0
6385,3.0,4.153976411764374,1.1539764117643772,134,0.3935200000000001,1,0,0,0
6386,3.0,4.1120916244522245,1.112091624452227,128,0.393425,1,0,0,0
6387,3.0,4.17108026471052,1.1710802647105243,133,0.39333000000000007,1,0,0,0
6388,3.0,4.1876750450274765,1.1876750450274807,138,0.393235,1,0,0,0
6389,3.0,4.23394262604195,1.233942626041956,147,0.39314000000000004,1,0,0,0
6390,3.0,4.248884603673776,1.2488846036737822,149,0.393045,1,0,0,0
6391,3.0,4.050365784974941,1.050365784974942,117,0.39295,1,0,0,0
6392,3.0,4.219961239112131,1.2199612391121362,143,0.39285500000000007,1,0,0,0
6393,3.0,4.123147057970313,1.1231470579703162,129,0.39276,1,0,0,0
6394,3.0,4.12914513513312,1.129145135133123,130,0.39266500000000004,1,0,0,0
6395,3.0,4.132644375825739,1.1326443758257423,128,0.3925700000000001,1,0,0,0
6396,3.0,4.074837920929939,1.0748379209299415,120,0.392475,1,0,0,0
6397,3.0,4.2823032842989495,1.2823032842989566,153,0.39238000000000006,1,0,0,0
6398,3.0,4.100577109630802,1.1005771096308041,125,0.392285,1,0,0,0
6399,3.0,4.098565694538029,1.0985656945380313,124,0.39219000000000004,1,0,0,0
6400,3.0,4.2189273427051734,1.218927342705178,143,0.39209499999999997,1,0,0,0
6401,3.0,3.9978839999367297,0.9978839999367302,108,0.392,1,0,0,0
6402,3.0,4.193874841820392,1.1938748418203968,140,0.39190500000000006,1,0,0,0
6403,3.0,4.111874674750771,1.1118746747507733,126,0.39181,1,0,0,0
6404,3.0,4.138485134470582,1.1384851344705857,130,0.39171500000000004,1,0,0,0
6405,3.0,4.199275899721535,1.19927589972154,140,0.3916200000000001,1,0,0,0
6406,3.0,4.269374352110815,1.2693743521108218,151,0.3915250000000001,1,0,0,0
6407,3.0,4.105632960732967,1.1056329607329691,125,0.39143000000000006,1,0,0,0
6408,3.0,4.221652258899388,1.2216522588993939,145,0.391335,1,0,0,0
6409,3.0,4.085285224907494,1.0852852249074967,123,0.39124000000000003,1,0,0,0
6410,3.0,4.223608295825143,1.2236082958251477,142,0.39114499999999996,1,0,0,0
6411,3.0,4.157615392308385,1.1576153923083887,135,0.39105,1,0,0,0
6412,3.0,4.10098812142906,1.1009881214290618,126,0.39095500000000005,1,0,0,0
6413,3.0,4.288102832502988,1.2881028325029937,162,0.39086,1,0,0,0
6414,3.0,4.303982426300278,1.3039824263002855,158,0.39076500000000003,1,0,0,0
6415,3.0,4.119914836208089,1.1199148362080915,129,0.3906700000000001,1,0,0,0
6416,3.0,4.115391123702998,1.1153911237030008,126,0.3905750000000001,1,0,0,0
6417,3.0,4.115442700253089,1.1154427002530924,128,0.39048000000000005,1,0,0,0
6418,3.0,4.313310547851813,1.3133105478518199,162,0.390385,1,0,0,0
6419,3.0,4.1872010302927425,1.187201030292747,138,0.39029,1,0,0,0
6420,3.0,4.1530535652293485,1.153053565229352,134,0.39019499999999996,1,0,0,0
6421,3.0,4.199369920731112,1.199369920731116,142,0.3901,1,0,0,0
6422,3.0,4.215481499923277,1.2154814999232817,143,0.39000500000000005,1,0,0,0
6423,3.0,4.235772911711438,1.2357729117114433,149,0.3899100000000001,1,0,0,0
6424,3.0,4.197445141116901,1.1974451411169067,141,0.389815,1,0,0,0
6425,3.0,4.13467299917812,1.1346729991781233,131,0.38972000000000007,1,0,0,0
6426,3.0,4.152941591022726,1.1529415910227296,135,0.3896250000000001,1,0,0,0
6427,3.0,4.203220171631534,1.2032201716315394,142,0.38953000000000004,1,0,0,0
6428,3.0,4.166302536878309,1.1663025368783129,137,0.389435,1,0,0,0
6429,3.0,4.258055249879716,1.2580552498797208,150,0.38934,1,0,0,0
6430,3.0,4.265299370945865,1.2652993709458715,153,0.38924499999999995,1,0,0,0
6431,3.0,4.168963005121693,1.1689630051216973,135,0.38915,1,0,0,0
6432,3.0,4.2156410637265,1.2156410637265056,146,0.38905500000000004,1,0,0,0
6433,3.0,4.282880265763287,1.2828802657632938,158,0.3889600000000001,1,0,0,0
6434,3.0,4.084507920598671,1.084507920598673,122,0.388865,1,0,0,0
6435,3.0,4.12684996578549,1.126849965785493,128,0.38877000000000006,1,0,0,0
6436,3.0,4.105281423290567,1.105281423290569,124,0.3886750000000001,1,0,0,0
6437,3.0,4.204546720268858,1.2045467202688624,138,0.38858000000000004,1,0,0,0
6438,3.0,4.057191214139911,1.0571912141399114,117,0.38848499999999997,1,0,0,0
6439,3.0,4.110640563966822,1.1106405639668242,125,0.38839,1,0,0,0
6440,3.0,4.202062819298103,1.2020628192981078,143,0.38829500000000006,1,0,0,0
6441,3.0,4.151325903357416,1.1513259033574204,132,0.3882,1,0,0,0
6442,3.0,4.143924835214283,1.1439248352142861,130,0.38810500000000003,1,0,0,0
6443,3.0,4.164518031323416,1.1645180313234194,135,0.3880100000000001,1,0,0,0
6444,3.0,4.119542740288697,1.1195427402887002,129,0.387915,1,0,0,0
6445,3.0,4.121080264710522,1.1210802647105242,127,0.38782000000000005,1,0,0,0
6446,3.0,4.196750376097803,1.196750376097808,142,0.3877250000000001,1,0,0,0
6447,3.0,4.184272098104608,1.1842720981046124,139,0.38763000000000003,1,0,0,0
6448,3.0,4.270380032507477,1.270380032507483,150,0.38753499999999996,1,0,0,0
6449,3.0,4.174166672244251,1.1741666722442545,135,0.38744,1,0,0,0
6450,3.0,4.106300564629358,1.106300564629361,127,0.38734500000000005,1,0,0,0
6451,3.0,4.177784745439908,1.1777847454399124,137,0.38725,1,0,0,0
6452,3.0,4.139588637493747,1.1395886374937507,130,0.387155,1,0,0,0
6453,3.0,4.226406620252492,1.2264066202524977,143,0.38706000000000007,1,0,0,0
6454,3.0,4.177264484628763,1.1772644846287668,137,0.386965,1,0,0,0
6455,3.0,4.212949638682795,1.2129496386828,146,0.38687000000000005,1,0,0,0
6456,3.0,4.159550521885786,1.1595505218857896,134,0.3867750000000001,1,0,0,0
6457,3.0,4.16104747957624,1.1610474795762427,135,0.38668,1,0,0,0
6458,3.0,4.0957249256511945,1.0957249256511967,123,0.38658499999999996,1,0,0,0
6459,3.0,4.114009196898656,1.1140091968986587,126,0.38649,1,0,0,0
6460,3.0,4.160738386593323,1.1607383865933272,134,0.38639500000000004,1,0,0,0
6461,3.0,4.188650213050032,1.1886502130500365,139,0.3863,1,0,0,0
6462,3.0,4.208367987651927,1.208367987651932,143,0.386205,1,0,0,0
6463,3.0,4.224005552109358,1.2240055521093638,142,0.38611000000000006,1,0,0,0
6464,3.0,4.201926881063638,1.2019268810636432,140,0.386015,1,0,0,0
6465,3.0,4.22078666722548,1.220786667225485,147,0.38592000000000004,1,0,0,0
6466,3.0,4.131080264710521,1.1310802647105245,129,0.3858250000000001,1,0,0,0
6467,3.0,4.171807575625454,1.1718075756254585,136,0.38573000000000013,1,0,0,0
6468,3.0,4.1803794027447,1.180379402744705,139,0.38563499999999995,1,0,0,0
6469,3.0,4.180568135401842,1.1805681354018454,138,0.38554,1,0,0,0
6470,3.0,4.0545922822830445,1.0545922822830456,117,0.38544500000000004,1,0,0,0
6471,3.0,4.131740265373058,1.1317402653730613,130,0.38534999999999997,1,0,0,0
6472,3.0,4.1410759901584475,1.1410759901584508,132,0.385255,1,0,0,0
6473,3.0,4.076248988079268,1.0762489880792694,120,0.38516000000000006,1,0,0,0
6474,3.0,4.1382029090724775,1.1382029090724812,131,0.385065,1,0,0,0
6475,3.0,4.1562590988040125,1.1562590988040164,133,0.38497000000000003,1,0,0,0
6476,3.0,4.18254290840994,1.182542908409944,137,0.3848750000000001,1,0,0,0
6477,3.0,4.1094698049907095,1.109469804990712,125,0.3847800000000001,1,0,0,0
6478,3.0,4.119586178362994,1.1195861783629963,131,0.38468499999999994,1,0,0,0
6479,3.0,4.248921190424985,1.2489211904249913,148,0.38459,1,0,0,0
6480,3.0,4.216972654204904,1.2169726542049093,145,0.38449500000000003,1,0,0,0
6481,3.0,4.148093208660046,1.1480932086600495,133,0.38439999999999996,1,0,0,0
6482,3.0,4.050559847071745,1.0505598470717463,116,0.384305,1,0,0,0
6483,3.0,4.226894095929357,1.2268940959293626,145,0.38421000000000005,1,0,0,0
6484,3.0,4.252541141348757,1.2525411413487626,150,0.3841150000000001,1,0,0,0
6485,3.0,4.096498428343091,1.096498428343093,124,0.38402000000000003,1,0,0,0
6486,3.0,4.0891835996124435,1.0891835996124453,125,0.38392500000000007,1,0,0,0
6487,3.0,4.110492747946429,1.1104927479464313,126,0.3838300000000001,1,0,0,0
6488,3.0,4.153076451799982,1.1530764517999854,135,0.38373499999999994,1,0,0,0
6489,3.0,4.1678767103581364,1.16787671035814,136,0.38364,1,0,0,0
6490,3.0,4.086578988410537,1.0865789884105381,123,0.383545,1,0,0,0
6491,3.0,4.084617621011102,1.0846176210111045,121,0.38344999999999996,1,0,0,0
6492,3.0,4.310965152447609,1.3109651524476165,161,0.383355,1,0,0,0
6493,3.0,4.056079634947745,1.0560796349477457,118,0.38326000000000005,1,0,0,0
6494,3.0,4.083650056222401,1.0836500562224038,121,0.3831650000000001,1,0,0,0
6495,3.0,4.153606193573095,1.1536061935730995,137,0.38307,1,0,0,0
6496,3.0,4.1165365982505016,1.116536598250504,128,0.38297500000000007,1,0,0,0
6497,3.0,4.06763091488361,1.0676309148836116,118,0.3828800000000001,1,0,0,0
6498,3.0,4.161853767402416,1.1618537674024205,132,0.38278499999999993,1,0,0,0
6499,3.0,4.2441958679227,1.2441958679227068,150,0.38269,1,0,0,0
6500,3.0,4.082154627388701,1.0821546273887028,123,0.382595,1,0,0,0
6501,3.0,4.1258785993798615,1.1258785993798648,129,0.38250000000000006,1,0,0,0
6502,3.0,4.173976411764373,1.1739764117643778,136,0.382405,1,0,0,0
6503,3.0,4.098569496154957,1.0985694961549584,124,0.38231000000000004,1,0,0,0
6504,3.0,4.151781695716144,1.1517816957161475,138,0.3822150000000001,1,0,0,0
6505,3.0,4.098903298103152,1.0989032981031546,124,0.38212,1,0,0,0
6506,3.0,4.057436852786806,1.0574368527868074,118,0.38202500000000006,1,0,0,0
6507,3.0,4.054064418238044,1.054064418238045,118,0.3819300000000001,1,0,0,0
6508,3.0,4.163924835214282,1.163924835214286,133,0.38183500000000004,1,0,0,0
6509,3.0,4.125372094082758,1.1253720940827614,130,0.38173999999999997,1,0,0,0
6510,3.0,4.208464282455694,1.2084642824556986,144,0.381645,1,0,0,0
6511,3.0,4.132711631778687,1.1327116317786894,129,0.38155000000000006,1,0,0,0
6512,3.0,4.333103654575657,1.3331036545756638,161,0.381455,1,0,0,0
6513,3.0,4.065962782701002,1.0659627827010028,121,0.38136000000000003,1,0,0,0
6514,3.0,4.086582790027464,1.0865827900274658,122,0.3812650000000001,1,0,0,0
6515,3.0,4.157103207666241,1.1571032076662437,133,0.38117,1,0,0,0
6516,3.0,4.1600321398543745,1.160032139854378,132,0.38107500000000005,1,0,0,0
6517,3.0,4.1195332593267295,1.1195332593267315,126,0.3809800000000001,1,0,0,0
6518,3.0,4.235334135302427,1.235334135302433,147,0.38088500000000003,1,0,0,0
6519,3.0,4.150652497086215,1.1506524970862182,133,0.38078999999999996,1,0,0,0
6520,3.0,4.148600514228054,1.1486005142280582,133,0.380695,1,0,0,0
6521,3.0,4.077686293050629,1.0776862930506306,121,0.38060000000000005,1,0,0,0
6522,3.0,4.131938129086791,1.1319381290867931,128,0.380505,1,0,0,0
6523,3.0,4.236373835118211,1.2363738351182167,148,0.38041,1,0,0,0
6524,3.0,4.105830824446699,1.1058308244467008,124,0.38031500000000007,1,0,0,0
6525,3.0,4.181479104150938,1.1814791041509425,140,0.38022,1,0,0,0
6526,3.0,4.097650633396659,1.0976506333966616,127,0.38012500000000005,1,0,0,0
6527,3.0,4.061667151711837,1.0616671517118383,119,0.3800300000000001,1,0,0,0
6528,3.0,4.1245332593267285,1.1245332593267314,127,0.37993500000000013,1,0,0,0
6529,3.0,4.136414066658718,1.1364140666587204,129,0.37983999999999996,1,0,0,0
6530,3.0,4.272696738966237,1.2726967389662447,152,0.379745,1,0,0,0
6531,3.0,4.122377829830491,1.1223778298304936,127,0.37965000000000004,1,0,0,0
6532,3.0,4.1833083349328355,1.1833083349328393,140,0.379555,1,0,0,0
6533,3.0,4.233140084499235,1.2331400844992397,145,0.37946,1,0,0,0
6534,3.0,4.035120146328046,1.035120146328046,114,0.37936500000000006,1,0,0,0
6535,3.0,4.201944438194608,1.2019444381946125,140,0.37927,1,0,0,0
6536,3.0,4.096498428343091,1.096498428343093,123,0.37917500000000004,1,0,0,0
6537,3.0,4.311430191919367,1.3114301919193758,160,0.3790800000000001,1,0,0,0
6538,3.0,4.221322608473496,1.221322608473502,146,0.3789850000000001,1,0,0,0
6539,3.0,4.226694703358873,1.226694703358878,144,0.37888999999999995,1,0,0,0
6540,3.0,4.065475485387372,1.0654754853873734,118,0.378795,1,0,0,0
6541,3.0,4.1746139762218055,1.1746139762218097,136,0.37870000000000004,1,0,0,0
6542,3.0,4.110387322086071,1.1103873220860732,125,0.37860499999999997,1,0,0,0
6543,3.0,4.090809287335567,1.0908092873355695,122,0.37851,1,0,0,0
6544,3.0,4.416952487286258,1.4169524872862667,178,0.37841500000000006,1,0,0,0
6545,3.0,4.174605900052804,1.174605900052809,137,0.3783200000000001,1,0,0,0
6546,3.0,4.333940960474933,1.333940960474941,163,0.37822500000000003,1,0,0,0
6547,3.0,4.292333796673056,1.2923337966730626,154,0.3781300000000001,1,0,0,0
6548,3.0,4.148396971169282,1.1483969711692856,132,0.3780350000000001,1,0,0,0
6549,3.0,4.0702814232905675,1.0702814232905693,120,0.37793999999999994,1,0,0,0
6550,3.0,4.094951422959298,1.0949514229593005,123,0.377845,1,0,0,0
6551,3.0,4.220270332095046,1.2202703320950519,144,0.37775000000000003,1,0,0,0
6552,3.0,4.032715276567984,1.0327152765679843,113,0.37765499999999996,1,0,0,0
6553,3.0,4.044596083899972,1.0445960838999728,116,0.37756,1,0,0,0
6554,3.0,4.179275899721535,1.1792758997215398,138,0.37746500000000005,1,0,0,0
6555,3.0,4.129918637825016,1.1299186378250192,130,0.3773700000000001,1,0,0,0
6556,3.0,4.180371799510846,1.18037179951085,139,0.377275,1,0,0,0
6557,3.0,4.315923235222721,1.315923235222728,161,0.37718000000000007,1,0,0,0
6558,3.0,4.13693812908679,1.1369381290867935,129,0.3770850000000001,1,0,0,0
6559,3.0,4.2087480356765345,1.2087480356765397,143,0.37698999999999994,1,0,0,0
6560,3.0,4.155801840929343,1.1558018409293471,134,0.376895,1,0,0,0
6561,3.0,4.317946528101421,1.3179465281014293,159,0.3768,1,0,0,0
6562,3.0,4.176093725652651,1.1760937256526545,137,0.37670500000000007,1,0,0,0
6563,3.0,4.203135809947161,1.2031358099471665,142,0.37661,1,0,0,0
6564,3.0,4.119672999178121,1.1196729991781234,127,0.37651500000000004,1,0,0,0
6565,3.0,4.246322258568119,1.2463222585681253,149,0.3764200000000001,1,0,0,0
6566,3.0,4.269096222901549,1.2690962229015563,151,0.376325,1,0,0,0
6567,3.0,4.158452349336301,1.1584523493363046,135,0.37623000000000006,1,0,0,0
6568,3.0,4.086054925982463,1.0860549259824652,123,0.3761350000000001,1,0,0,0
6569,3.0,4.158400772786209,1.1584007727862131,134,0.37603999999999993,1,0,0,0
6570,3.0,4.165836209219826,1.1658362092198307,136,0.375945,1,0,0,0
6571,3.0,4.238986522489118,1.238986522489124,149,0.37585,1,0,0,0
6572,3.0,4.089229496817493,1.0892294968174958,124,0.37575500000000006,1,0,0,0
6573,3.0,4.423973507404783,1.4239735074047923,181,0.37566,1,0,0,0
6574,3.0,4.063488779259879,1.0634887792598808,117,0.37556500000000004,1,0,0,0
6575,3.0,4.065035784643672,1.065035784643673,119,0.3754700000000001,1,0,0,0
6576,3.0,4.053294717163075,1.0532947171630762,118,0.375375,1,0,0,0
6577,3.0,4.1498518332716126,1.1498518332716154,135,0.37528000000000006,1,0,0,0
6578,3.0,4.299003785048175,1.2990037850481821,160,0.3751850000000001,1,0,0,0
6579,3.0,4.10953325932673,1.1095332593267315,125,0.37509000000000003,1,0,0,0
6580,3.0,4.050699586923137,1.0506995869231381,118,0.37499499999999997,1,0,0,0
6581,3.0,4.095391123702999,1.0953911237030007,122,0.3749,1,0,0,0
6582,3.0,4.089427360531225,1.0894273605312275,123,0.37480500000000005,1,0,0,0
6583,3.0,4.267815763513006,1.2678157635130123,150,0.37471,1,0,0,0
6584,3.0,4.1208862026137165,1.1208862026137199,128,0.37461500000000003,1,0,0,0
6585,3.0,4.274180584585922,1.2741805845859286,152,0.3745200000000001,1,0,0,0
6586,3.0,4.199529964442809,1.1995299644428141,141,0.374425,1,0,0,0
6587,3.0,4.195636919177525,1.1956369191775291,139,0.37433000000000005,1,0,0,0
6588,3.0,4.127641025608355,1.1276410256083582,129,0.3742350000000001,1,0,0,0
6589,3.0,4.130556202282449,1.1305562022824514,129,0.37414000000000003,1,0,0,0
6590,3.0,4.114335395612997,1.1143353956129998,126,0.37404499999999996,1,0,0,0
6591,3.0,4.141659705305614,1.1416597053056161,131,0.37395,1,0,0,0
6592,3.0,4.261673796010519,1.261673796010525,150,0.37385500000000005,1,0,0,0
6593,3.0,4.145924372521128,1.1459243725211308,134,0.37376,1,0,0,0
6594,3.0,4.178870567268319,1.1788705672683233,140,0.373665,1,0,0,0
6595,3.0,4.143734574734406,1.143734574734409,132,0.37357000000000007,1,0,0,0
6596,3.0,4.122901892258564,1.1229018922585663,126,0.373475,1,0,0,0
6597,3.0,4.094356302961351,1.0943563029613528,124,0.37338000000000005,1,0,0,0
6598,3.0,4.073987659787526,1.0739876597875273,121,0.3732850000000001,1,0,0,0
6599,3.0,4.180291534015312,1.1802915340153157,138,0.37319,1,0,0,0
6600,3.0,4.199876720600126,1.1998767206001308,139,0.37309499999999995,1,0,0,0
6601,3.0,4.233089371560858,1.2330893715608633,151,0.373,1,0,0,0
6602,3.0,4.045797704121551,1.0457977041215523,117,0.37290500000000004,1,0,0,0
6603,3.0,4.151845691233416,1.1518456912334198,133,0.37281,1,0,0,0
6604,3.0,4.14693812908679,1.1469381290867933,130,0.372715,1,0,0,0
6605,3.0,4.247030834434725,1.2470308344347314,151,0.37262000000000006,1,0,0,0
6606,3.0,4.060306132255848,1.0603061322558496,118,0.3725250000000001,1,0,0,0
6607,3.0,4.156384086349789,1.156384086349792,138,0.37243000000000004,1,0,0,0
6608,3.0,4.077436852786805,1.0774368527868072,121,0.3723350000000001,1,0,0,0
6609,3.0,4.020204508012419,1.020204508012419,111,0.37224,1,0,0,0
6610,3.0,4.145552400665521,1.1455524006655236,131,0.37214499999999995,1,0,0,0
6611,3.0,4.26546439419185,1.2654643941918562,150,0.37205,1,0,0,0
6612,3.0,4.131659705305614,1.1316597053056159,130,0.37195500000000004,1,0,0,0
6613,3.0,4.227197680075358,1.2271976800753635,145,0.37185999999999997,1,0,0,0
6614,3.0,4.105243307682605,1.1052433076826083,125,0.371765,1,0,0,0
6615,3.0,4.0534887792598795,1.0534887792598808,117,0.37167000000000006,1,0,0,0
6616,3.0,4.134792653487667,1.1347926534876693,129,0.3715750000000001,1,0,0,0
6617,3.0,4.3291574587768435,1.3291574587768502,164,0.37148000000000003,1,0,0,0
6618,3.0,4.087872751913578,1.08787275191358,122,0.3713850000000001,1,0,0,0
6619,3.0,4.156585297518354,1.156585297518358,135,0.37129,1,0,0,0
6620,3.0,4.06538334210591,1.065383342105911,120,0.37119499999999994,1,0,0,0
6621,3.0,4.053734417906775,1.0537344179067765,117,0.3711,1,0,0,0
6622,3.0,4.135621534346582,1.1356215343465843,132,0.37100500000000003,1,0,0,0
6623,3.0,4.2583595444541285,1.258359544454135,154,0.3709100000000001,1,0,0,0
6624,3.0,4.164352658172054,1.1643526581720578,135,0.370815,1,0,0,0
6625,3.0,4.081248988079268,1.08124898807927,121,0.37072000000000005,1,0,0,0
6626,3.0,4.1320778689381825,1.132077868938185,131,0.3706250000000001,1,0,0,0
6627,3.0,4.123223816420831,1.1232238164208341,130,0.37053,1,0,0,0
6628,3.0,4.119093558583028,1.1190935585830317,127,0.37043500000000007,1,0,0,0
6629,3.0,4.12823569420676,1.1282356942067626,127,0.3703400000000001,1,0,0,0
6630,3.0,4.12069775755516,1.120697757555162,130,0.37024499999999994,1,0,0,0
6631,3.0,4.1544488976423555,1.154448897642359,131,0.37015,1,0,0,0
6632,3.0,4.07763091488361,1.0776309148836116,119,0.370055,1,0,0,0
6633,3.0,4.2067328189668345,1.2067328189668387,141,0.36996000000000007,1,0,0,0
6634,3.0,4.139005395281728,1.1390053952817312,129,0.369865,1,0,0,0
6635,3.0,4.28167947535556,1.281679475355566,155,0.36977000000000004,1,0,0,0
6636,3.0,4.191824783885062,1.1918247838850666,139,0.3696750000000001,1,0,0,0
6637,3.0,4.050889847403013,1.0508898474030148,117,0.36958,1,0,0,0
6638,3.0,4.028573140944253,1.0285731409442533,112,0.36948500000000006,1,0,0,0
6639,3.0,4.173642609816177,1.1736426098161816,137,0.3693900000000001,1,0,0,0
6640,3.0,4.172282041759732,1.1722820417597362,137,0.36929500000000004,1,0,0,0
6641,3.0,4.287817742735285,1.287817742735292,155,0.3692,1,0,0,0
6642,3.0,4.119867061274925,1.119867061274928,127,0.369105,1,0,0,0
6643,3.0,4.035974209087387,1.0359742090873876,114,0.36901000000000006,1,0,0,0
6644,3.0,4.1298342761406435,1.1298342761406468,130,0.368915,1,0,0,0
6645,3.0,4.111938129086791,1.1119381290867931,126,0.36882000000000004,1,0,0,0
6646,3.0,4.121350612322697,1.1213506123227002,128,0.3687250000000001,1,0,0,0
6647,3.0,4.123291072373779,1.1232910723737812,129,0.36863,1,0,0,0
6648,3.0,4.099225695200566,1.0992256952005683,126,0.36853500000000006,1,0,0,0
6649,3.0,4.0078839999367295,1.00788399993673,109,0.3684400000000001,1,0,0,0
6650,3.0,4.096684414270895,1.0966844142708965,125,0.36834500000000003,1,0,0,0
6651,3.0,4.047715276567983,1.0477152765679847,115,0.36824999999999997,1,0,0,0
6652,3.0,4.093899496486225,1.0938994964862272,124,0.368155,1,0,0,0
6653,3.0,4.122830361753543,1.1228303617535456,130,0.36806000000000005,1,0,0,0
6654,3.0,4.071912790358732,1.0719127903587342,121,0.367965,1,0,0,0
6655,3.0,4.076515534074517,1.0765155340745185,121,0.36787000000000003,1,0,0,0
6656,3.0,4.166838539399104,1.166838539399108,136,0.3677750000000001,1,0,0,0
6657,3.0,4.171435603769847,1.1714356037698517,134,0.36768,1,0,0,0
6658,3.0,4.1869226065115654,1.1869226065115697,140,0.36758500000000005,1,0,0,0
6659,3.0,4.075221770571475,1.0752217705714768,121,0.3674900000000001,1,0,0,0
6660,3.0,4.165197218433825,1.165197218433829,135,0.367395,1,0,0,0
6661,3.0,4.195782811309103,1.1957828113091076,142,0.36729999999999996,1,0,0,0
6662,3.0,4.131406463424862,1.1314064634248655,129,0.367205,1,0,0,0
6663,3.0,4.189019307623401,1.1890193076234057,138,0.36711000000000005,1,0,0,0
6664,3.0,4.174419914125002,1.1744199141250051,136,0.367015,1,0,0,0
6665,3.0,4.160079914787539,1.1600799147875422,136,0.36692,1,0,0,0
6666,3.0,4.225794394523119,1.2257943945231244,144,0.36682500000000007,1,0,0,0
6667,3.0,4.095980518195205,1.0959805181952067,125,0.3667300000000001,1,0,0,0
6668,3.0,4.180721280861897,1.1807212808619016,137,0.36663500000000004,1,0,0,0
6669,3.0,3.9989913045768226,0.9989913045768224,109,0.3665400000000001,1,0,0,0
6670,3.0,4.040120146328045,1.040120146328046,114,0.366445,1,0,0,0
6671,3.0,4.217230520543105,1.2172305205431104,146,0.36634999999999995,1,0,0,0
6672,3.0,4.130429293610408,1.1304292936104117,130,0.366255,1,0,0,0
6673,3.0,4.076578988410537,1.0765789884105381,121,0.36616000000000004,1,0,0,0
6674,3.0,4.299965670491835,1.299965670491842,154,0.366065,1,0,0,0
6675,3.0,4.035141053676398,1.035141053676399,114,0.36597,1,0,0,0
6676,3.0,4.221588804563369,1.221588804563374,144,0.36587500000000006,1,0,0,0
6677,3.0,4.129782699590551,1.129782699590555,129,0.3657800000000001,1,0,0,0
6678,3.0,4.119009196898656,1.1190091968986586,127,0.36568500000000004,1,0,0,0
6679,3.0,4.130755943724293,1.1307559437242964,131,0.3655900000000001,1,0,0,0
6680,3.0,4.0230490785161805,1.0230490785161805,112,0.365495,1,0,0,0
6681,3.0,4.271276066791157,1.2712760667911633,153,0.36539999999999995,1,0,0,0
6682,3.0,4.106164626394895,1.1061646263948972,125,0.365305,1,0,0,0
6683,3.0,4.10053086355439,1.1005308635543924,125,0.36521000000000003,1,0,0,0
6684,3.0,4.206064742135296,1.2060647421353012,143,0.3651150000000001,1,0,0,0
6685,3.0,4.111350612322697,1.1113506123227004,126,0.36502,1,0,0,0
6686,3.0,4.306669575757894,1.3066695757579019,160,0.36492500000000005,1,0,0,0
6687,3.0,4.1647788979736236,1.1647788979736275,133,0.3648300000000001,1,0,0,0
6688,3.0,4.141325903357417,1.1413259033574201,130,0.36473500000000003,1,0,0,0
6689,3.0,4.303406787322115,1.3034067873221216,157,0.3646400000000001,1,0,0,0
6690,3.0,4.129808937412584,1.1298089374125877,131,0.364545,1,0,0,0
6691,3.0,4.260646578502726,1.260646578502732,151,0.36444999999999994,1,0,0,0
6692,3.0,4.145995903026148,1.1459959030261517,130,0.364355,1,0,0,0
6693,3.0,4.171571542004312,1.1715715420043158,137,0.36426000000000003,1,0,0,0
6694,3.0,4.136070660718784,1.1360706607187874,131,0.36416500000000007,1,0,0,0
6695,3.0,4.1125137680649555,1.112513768064958,127,0.36407,1,0,0,0
6696,3.0,4.035644208756119,1.035644208756119,113,0.36397500000000005,1,0,0,0
6697,3.0,4.198283625967555,1.1982836259675593,141,0.3638800000000001,1,0,0,0
6698,3.0,4.150556202282448,1.1505562022824511,131,0.363785,1,0,0,0
6699,3.0,4.218034185703731,1.2180341857037356,142,0.36369000000000007,1,0,0,0
6700,3.0,4.171322101740489,1.1713221017404927,134,0.363595,1,0,0,0
6701,3.0,4.084617621011103,1.0846176210111045,121,0.36350000000000005,1,0,0,0
6702,3.0,4.235354693779419,1.2353546937794244,146,0.363405,1,0,0,0
6703,3.0,4.070035784643672,1.0700357846436734,119,0.36331,1,0,0,0
6704,3.0,4.07210305083861,1.0721030508386113,120,0.36321500000000007,1,0,0,0
6705,3.0,4.118389189572193,1.118389189572196,129,0.36312,1,0,0,0
6706,3.0,4.278968965358148,1.2789689653581549,153,0.36302500000000004,1,0,0,0
6707,3.0,4.094941818967561,1.0949418189675628,126,0.3629300000000001,1,0,0,0
6708,3.0,4.159386972163087,1.1593869721630916,134,0.362835,1,0,0,0
6709,3.0,4.062436852786806,1.062436852786807,118,0.36274000000000006,1,0,0,0
6710,3.0,4.216418553371887,1.2164185533718923,144,0.362645,1,0,0,0
6711,3.0,4.071519335691445,1.0715193356914459,121,0.36255000000000004,1,0,0,0
6712,3.0,4.046417711448015,1.0464177114480153,115,0.36245499999999997,1,0,0,0
6713,3.0,4.113569496154955,1.113569496154959,126,0.36236,1,0,0,0
6714,3.0,4.114093558583028,1.1140935585830314,126,0.36226500000000006,1,0,0,0
6715,3.0,4.069313858501867,1.0693138585018684,121,0.36217,1,0,0,0
6716,3.0,4.058488779259879,1.0584887792598807,118,0.36207500000000004,1,0,0,0
6717,3.0,4.1188994964862236,1.1188994964862269,127,0.3619800000000001,1,0,0,0
6718,3.0,4.312925169353525,1.3129251693535327,159,0.361885,1,0,0,0
6719,3.0,4.051941773876087,1.0519417738760883,116,0.36179000000000006,1,0,0,0
6720,3.0,4.097271931034987,1.0972719310349894,124,0.361695,1,0,0,0
6721,3.0,4.111744066989987,1.1117440669899887,126,0.36160000000000003,1,0,0,0
6722,3.0,4.196487180319939,1.196487180319943,139,0.36150499999999997,1,0,0,0
6723,3.0,4.028906942892449,1.0289069428924493,113,0.36141,1,0,0,0
6724,3.0,4.189935900384073,1.1899359003840775,140,0.36131500000000005,1,0,0,0
6725,3.0,4.301913632282604,1.3019136322826113,158,0.36122,1,0,0,0
6726,3.0,4.100724925651194,1.1007249256511966,125,0.36112500000000003,1,0,0,0
6727,3.0,4.085200863223122,1.0852008632231238,122,0.3610300000000001,1,0,0,0
6728,3.0,4.247744684407529,1.247744684407535,152,0.3609350000000001,1,0,0,0
6729,3.0,4.192137575956723,1.1921375759567272,140,0.36084000000000005,1,0,0,0
6730,3.0,4.007689937839926,1.0076899378399258,110,0.360745,1,0,0,0
6731,3.0,3.9911467340730606,0.9911467340730605,107,0.36065,1,0,0,0
6732,3.0,4.026747711779284,1.0267477117792838,113,0.36055499999999996,1,0,0,0
6733,3.0,4.138818936418779,1.1388189364187817,129,0.36046,1,0,0,0
6734,3.0,4.176871029961474,1.1768710299614789,137,0.36036500000000005,1,0,0,0
6735,3.0,4.154170473861178,1.1541704738611815,132,0.36027,1,0,0,0
6736,3.0,4.129254835545551,1.1292548355455545,128,0.360175,1,0,0,0
6737,3.0,4.0702814232905675,1.070281423290569,120,0.36008000000000007,1,0,0,0
6738,3.0,4.114863259657998,1.1148632596580004,126,0.3599850000000001,1,0,0,0
6739,3.0,4.116032094745296,1.1160320947452986,130,0.35989000000000004,1,0,0,0
6740,3.0,3.9620045984493295,0.9620045984493295,103,0.359795,1,0,0,0
6741,3.0,3.993217801884926,0.9932178018849261,108,0.3597,1,0,0,0
6742,3.0,4.151322101740489,1.1513221017404927,132,0.35960499999999995,1,0,0,0
6743,3.0,4.224195812589235,1.2241958125892407,143,0.35951,1,0,0,0
6744,3.0,4.145872797005053,1.1458727970050553,133,0.35941500000000004,1,0,0,0
6745,3.0,4.163151332522386,1.1631513325223897,133,0.3593200000000001,1,0,0,0
6746,3.0,4.1909806750228356,1.1909806750228396,140,0.359225,1,0,0,0
6747,3.0,4.107018689154236,1.1070186891542384,124,0.35913000000000006,1,0,0,0
6748,3.0,4.12641026504179,1.1264102650417926,128,0.3590350000000001,1,0,0,0
6749,3.0,4.167801378236188,1.167801378236192,138,0.35894000000000004,1,0,0,0
6750,3.0,4.1983679876519275,1.1983679876519313,141,0.35884499999999997,1,0,0,0
6751,3.0,4.002359937508657,1.002359937508657,109,0.35875,1,0,0,0
6752,3.0,4.162982609153641,1.1629826091536442,133,0.35865499999999995,1,0,0,0
6753,3.0,4.129272392676521,1.1292723926765238,130,0.35856,1,0,0,0
6754,3.0,4.239349013382757,1.2393490133827627,148,0.35846500000000003,1,0,0,0
6755,3.0,4.115197061606194,1.1151970616061964,127,0.3583700000000001,1,0,0,0
6756,3.0,4.05685313763964,1.0568531376396417,119,0.358275,1,0,0,0
6757,3.0,4.284008059600248,1.2840080596002559,153,0.35818000000000005,1,0,0,0
6758,3.0,4.093899496486225,1.0938994964862272,124,0.3580850000000001,1,0,0,0
6759,3.0,4.19115717998867,1.1911571799886747,138,0.35799000000000003,1,0,0,0
6760,3.0,4.121853767402417,1.1218537674024203,127,0.3578950000000001,1,0,0,0
6761,3.0,4.191160981605598,1.191160981605602,138,0.3578,1,0,0,0
6762,3.0,4.071912790358732,1.0719127903587342,121,0.35770500000000005,1,0,0,0
6763,3.0,4.053294717163075,1.0532947171630764,118,0.35761,1,0,0,0
6764,3.0,4.091494626726163,1.0914946267261656,123,0.357515,1,0,0,0
6765,3.0,4.137099406049313,1.137099406049316,130,0.35742000000000007,1,0,0,0
6766,3.0,4.077876553530506,1.0778765535305075,120,0.357325,1,0,0,0
6767,3.0,4.253967492868878,1.2539674928688844,153,0.35723000000000005,1,0,0,0
6768,3.0,4.0905136552947825,1.0905136552947845,124,0.3571350000000001,1,0,0,0
6769,3.0,3.9757070333293605,0.9757070333293604,106,0.35704,1,0,0,0
6770,3.0,4.025974209087387,1.0259742090873876,113,0.35694500000000007,1,0,0,0
6771,3.0,4.128485134470583,1.1284851344705857,128,0.35685,1,0,0,0
6772,3.0,4.134761690748032,1.1347616907480351,132,0.35675500000000004,1,0,0,0
6773,3.0,4.098899496486225,1.0988994964862269,125,0.35666,1,0,0,0
6774,3.0,4.0781469011426825,1.0781469011426836,121,0.356565,1,0,0,0
6775,3.0,4.215024693448151,1.2150246934481563,143,0.35647000000000006,1,0,0,0
6776,3.0,4.257529201256034,1.2575292012560402,151,0.356375,1,0,0,0
6777,3.0,4.1228938160895625,1.1228938160895656,129,0.35628000000000004,1,0,0,0
6778,3.0,3.9263998191261784,0.9263998191261789,97,0.3561850000000001,1,0,0,0
6779,3.0,4.065889847403014,1.065889847403015,118,0.35609,1,0,0,0
6780,3.0,4.071333349763641,1.0713333497636426,120,0.35599500000000006,1,0,0,0
6781,3.0,4.148924835214283,1.148924835214286,131,0.3559,1,0,0,0
6782,3.0,4.131475597105922,1.1314755971059258,131,0.35580500000000004,1,0,0,0
6783,3.0,4.09263091488361,1.0926309148836117,122,0.35570999999999997,1,0,0,0
6784,3.0,4.13737782983049,1.1373778298304935,129,0.355615,1,0,0,0
6785,3.0,4.1940193076234005,1.1940193076234056,139,0.35552000000000006,1,0,0,0
6786,3.0,4.078210355478701,1.0782103554787037,122,0.355425,1,0,0,0
6787,3.0,4.096051124365536,1.096051124365538,124,0.35533000000000003,1,0,0,0
6788,3.0,4.198752310228608,1.1987523102286128,138,0.3552350000000001,1,0,0,0
6789,3.0,4.0757386811652365,1.0757386811652383,121,0.3551400000000001,1,0,0,0
6790,3.0,4.1217440669899865,1.121744066989989,127,0.35504500000000005,1,0,0,0
6791,3.0,4.117809748977101,1.117809748977104,127,0.35495,1,0,0,0
6792,3.0,4.261044183658303,1.2610441836583088,151,0.35485500000000003,1,0,0,0
6793,3.0,4.077106852455538,1.0771068524555387,120,0.35475999999999996,1,0,0,0
6794,3.0,4.083310451899396,1.0833104518993981,124,0.354665,1,0,0,0
6795,3.0,4.029342842019221,1.0293428420192223,113,0.35457000000000005,1,0,0,0
6796,3.0,4.2312588042321,1.2312588042321053,145,0.354475,1,0,0,0
6797,3.0,4.117377829830491,1.1173778298304935,126,0.35438000000000003,1,0,0,0
6798,3.0,4.211149555219212,1.2111495552192173,143,0.35428500000000007,1,0,0,0
6799,3.0,3.936649259390002,0.9366492593900022,100,0.3541900000000001,1,0,0,0
6800,3.0,4.128222288598095,1.128222288598098,130,0.35409500000000005,1,0,0,0
6801,3.0,4.049276037465818,1.0492760374658188,117,0.354,1,0,0,0
6802,3.0,4.099863259657998,1.0998632596580002,124,0.353905,1,0,0,0
6803,3.0,4.131652102071758,1.1316521020717611,130,0.35380999999999996,1,0,0,0
6804,3.0,4.178066970838012,1.1780669708380167,136,0.353715,1,0,0,0
6805,3.0,3.9995153670048946,0.9995153670048951,108,0.35362000000000005,1,0,0,0
6806,3.0,4.043298518780003,1.0432985187800037,116,0.3535250000000001,1,0,0,0
6807,3.0,4.153861380878262,1.1538613808782663,131,0.35343,1,0,0,0
6808,3.0,4.1329610720425105,1.132961072042513,130,0.35333500000000007,1,0,0,0
6809,3.0,4.0534887792598795,1.0534887792598806,116,0.3532400000000001,1,0,0,0
6810,3.0,4.122974827556551,1.1229748275565545,129,0.35314500000000004,1,0,0,0
6811,3.0,4.1245332593267285,1.1245332593267316,126,0.35305,1,0,0,0
6812,3.0,4.177872908741208,1.1778729087412128,137,0.352955,1,0,0,0
6813,3.0,4.1637999067985385,1.1637999067985423,137,0.35285999999999995,1,0,0,0
6814,3.0,4.1703583385687155,1.1703583385687195,134,0.352765,1,0,0,0
6815,3.0,4.097340613316504,1.0973406133165062,126,0.35267000000000004,1,0,0,0
6816,3.0,4.1961453022027415,1.1961453022027464,141,0.3525750000000001,1,0,0,0
6817,3.0,4.113467927244992,1.1134679272449934,129,0.35248,1,0,0,0
6818,3.0,4.037525016088107,1.0375250160881075,115,0.35238500000000006,1,0,0,0
6819,3.0,4.048049078516179,1.0480490785161805,116,0.3522900000000001,1,0,0,0
6820,3.0,4.097488429336897,1.0974884293368987,126,0.35219500000000004,1,0,0,0
6821,3.0,4.061465486381178,1.0614654863811794,120,0.35209999999999997,1,0,0,0
6822,3.0,4.072876553530506,1.0728765535305074,120,0.352005,1,0,0,0
6823,3.0,4.200629315943669,1.2006293159436743,140,0.35191000000000006,1,0,0,0
6824,3.0,4.084617621011103,1.0846176210111043,121,0.351815,1,0,0,0
6825,3.0,4.0982103554787015,1.0982103554787037,123,0.35172000000000003,1,0,0,0
6826,3.0,4.1811747371196395,1.1811747371196437,137,0.3516250000000001,1,0,0,0
6827,3.0,4.17195159002892,1.171951590028924,136,0.35153,1,0,0,0
6828,3.0,4.083316254274206,1.0833162542742076,121,0.35143500000000005,1,0,0,0
6829,3.0,4.13419518282646,1.134195182826462,130,0.3513400000000001,1,0,0,0
6830,3.0,3.980039429432968,0.9800394294329683,105,0.35124500000000003,1,0,0,0
6831,3.0,4.031163996632118,1.0311639966321184,115,0.35114999999999996,1,0,0,0
6832,3.0,4.34208486314224,1.3420848631422486,165,0.351055,1,0,0,0
6833,3.0,4.238276022733698,1.2382760227337037,146,0.35096000000000005,1,0,0,0
6834,3.0,4.322150645571901,1.3221506455719092,163,0.350865,1,0,0,0
6835,3.0,4.18887864343732,1.1888786434373244,139,0.35077,1,0,0,0
6836,3.0,4.04078394860751,1.0407839486075108,115,0.35067500000000007,1,0,0,0
6837,3.0,4.149440821473355,1.149440821473358,133,0.35058,1,0,0,0
6838,3.0,4.042521214471179,1.0425212144711802,115,0.35048500000000005,1,0,0,0
6839,3.0,4.065619026855691,1.0656190268556924,120,0.3503900000000001,1,0,0,0
6840,3.0,4.163730773117478,1.1637307731174817,135,0.350295,1,0,0,0
6841,3.0,4.114803606938905,1.114803606938908,126,0.35019999999999996,1,0,0,0
6842,3.0,4.082440654403733,1.0824406544037346,122,0.350105,1,0,0,0
6843,3.0,4.02260937777248,1.0226093777724803,112,0.35001000000000004,1,0,0,0
6844,3.0,4.040450146659314,1.0404501466593146,115,0.349915,1,0,0,0
6845,3.0,4.23250632165873,1.232506321658735,146,0.34982,1,0,0,0
6846,3.0,4.090738681165236,1.0907386811652384,123,0.34972500000000006,1,0,0,0
6847,3.0,4.1822010302927435,1.1822010302927473,139,0.34963,1,0,0,0
6848,3.0,4.075724925651195,1.0757249256511967,120,0.34953500000000004,1,0,0,0
6849,3.0,4.054346643636148,1.0543466436361497,117,0.3494400000000001,1,0,0,0
6850,3.0,4.139251033928624,1.139251033928627,131,0.3493450000000001,1,0,0,0
6851,3.0,4.194859614868701,1.1948596148687054,139,0.34924999999999995,1,0,0,0
6852,3.0,4.150211865034497,1.1502118650345,136,0.349155,1,0,0,0
6853,3.0,4.059004765518951,1.0590047655189527,118,0.34906000000000004,1,0,0,0
6854,3.0,4.064258480334848,1.0642584803348494,118,0.34896499999999997,1,0,0,0
6855,3.0,4.121934327469863,1.1219343274698659,127,0.34887,1,0,0,0
6856,3.0,4.152872908741209,1.1528729087412126,133,0.34877500000000006,1,0,0,0
6857,3.0,4.168118547388104,1.1681185473881084,135,0.34868,1,0,0,0
6858,3.0,4.107517569681883,1.1075175696818853,126,0.34858500000000003,1,0,0,0
6859,3.0,4.077700048564671,1.0777000485646724,122,0.3484900000000001,1,0,0,0
6860,3.0,4.093903298103152,1.0939032981031547,124,0.3483950000000001,1,0,0,0
6861,3.0,4.100527061937463,1.1005270619374647,126,0.34829999999999994,1,0,0,0
6862,3.0,4.103125993794329,1.1031259937943307,126,0.348205,1,0,0,0
6863,3.0,4.10779599346306,1.1077959934630623,125,0.34811000000000003,1,0,0,0
6864,3.0,4.024097203372326,1.0240972033723266,111,0.34801499999999996,1,0,0,0
6865,3.0,4.11693812908679,1.1169381290867935,126,0.34792,1,0,0,0
6866,3.0,3.9952888696967914,0.9952888696967916,108,0.34782500000000005,1,0,0,0
6867,3.0,4.051333349763642,1.0513333497636423,116,0.3477300000000001,1,0,0,0
6868,3.0,3.984849168953091,0.9848491689530912,107,0.347635,1,0,0,0
6869,3.0,4.210197218433824,1.2101972184338292,142,0.34754000000000007,1,0,0,0
6870,3.0,4.003927850240803,1.0039278502408027,109,0.3474450000000001,1,0,0,0
6871,3.0,4.12458483587682,1.124584835876823,129,0.34734999999999994,1,0,0,0
6872,3.0,4.086578988410537,1.0865789884105381,122,0.347255,1,0,0,0
6873,3.0,4.087546553199237,1.0875465531992388,122,0.34716,1,0,0,0
6874,3.0,4.079701982695475,1.0797019826954772,120,0.34706499999999996,1,0,0,0
6875,3.0,4.068738219523702,1.0687382195237038,119,0.34697,1,0,0,0
6876,3.0,4.063987659787525,1.063987659787527,119,0.34687500000000004,1,0,0,0
6877,3.0,4.097212751251041,1.0972127512510428,122,0.3467800000000001,1,0,0,0
6878,3.0,4.123331989010526,1.1233319890105296,129,0.346685,1,0,0,0
6879,3.0,4.085463607601444,1.0854636076014452,123,0.34659000000000006,1,0,0,0
6880,3.0,4.1881399061360005,1.188139906136005,140,0.3464950000000001,1,0,0,0
6881,3.0,4.163976411764374,1.1639764117643776,135,0.34640000000000004,1,0,0,0
6882,3.0,4.075471683770445,1.0754716837704459,120,0.346305,1,0,0,0
6883,3.0,4.090809287335567,1.0908092873355693,122,0.34621,1,0,0,0
6884,3.0,4.052855016419375,1.0528550164193762,118,0.34611500000000006,1,0,0,0
6885,3.0,4.141659705305613,1.1416597053056163,131,0.34602,1,0,0,0
6886,3.0,4.103459795742525,1.103459795742527,125,0.34592500000000004,1,0,0,0
6887,3.0,4.081582790027464,1.0815827900274657,122,0.3458300000000001,1,0,0,0
6888,3.0,4.213659872375234,1.2136598723752392,143,0.345735,1,0,0,0
6889,3.0,4.100197061606194,1.1001970616061962,125,0.34564000000000006,1,0,0,0
6890,3.0,4.182264484628762,1.182264484628767,138,0.3455450000000001,1,0,0,0
6891,3.0,4.173058894669012,1.1730588946690164,137,0.34545000000000003,1,0,0,0
6892,3.0,3.9927742995242985,0.9927742995242986,108,0.34535499999999997,1,0,0,0
6893,3.0,4.189416112508073,1.1894161125080775,139,0.34526,1,0,0,0
6894,3.0,4.115112699921821,1.1151126999218237,127,0.34516500000000006,1,0,0,0
6895,3.0,4.136655903688686,1.136655903688689,130,0.34507,1,0,0,0
6896,3.0,3.9745997286892676,0.974599728689268,105,0.34497500000000003,1,0,0,0
6897,3.0,4.063298518780002,1.0632985187800037,119,0.3448800000000001,1,0,0,0
6898,3.0,4.163337318450189,1.1633373184501934,134,0.344785,1,0,0,0
6899,3.0,4.031751513396211,1.0317515133962114,114,0.34469000000000005,1,0,0,0
6900,3.0,4.169500474192446,1.1695004741924506,136,0.3445950000000001,1,0,0,0
6901,3.0,4.096248988079267,1.0962489880792698,123,0.34450000000000003,1,0,0,0
6902,3.0,4.1228475700131515,1.1228475700131542,130,0.34440499999999996,1,0,0,0
6903,3.0,3.9858129321248645,0.9858129321248645,106,0.34431,1,0,0,0
6904,3.0,4.087158429005628,1.08715842900563,123,0.34421500000000005,1,0,0,0
6905,3.0,4.149957732067117,1.1499577320671197,133,0.34412,1,0,0,0
6906,3.0,4.161082593838177,1.161082593838181,136,0.344025,1,0,0,0
6907,3.0,4.217250206233481,1.2172502062334858,149,0.34393000000000007,1,0,0,0
6908,3.0,4.094229496817494,1.0942294968174957,125,0.343835,1,0,0,0
6909,3.0,3.964933530637464,0.964933530637464,103,0.34374000000000005,1,0,0,0
6910,3.0,4.154110821142087,1.1541108211420894,133,0.3436450000000001,1,0,0,0
6911,3.0,4.042525016088106,1.0425250160881074,115,0.34355000000000013,1,0,0,0
6912,3.0,4.040446345042387,1.0404463450423873,115,0.34345499999999995,1,0,0,0
6913,3.0,4.058479175268142,1.0584791752681435,119,0.34336,1,0,0,0
6914,3.0,4.0523271523743745,1.0523271523743756,118,0.34326500000000004,1,0,0,0
6915,3.0,4.160222400334251,1.1602224003342552,133,0.34317,1,0,0,0
6916,3.0,4.157539106793013,1.1575391067930165,133,0.343075,1,0,0,0
6917,3.0,4.0990935585830295,1.0990935585830315,123,0.34298000000000006,1,0,0,0
6918,3.0,4.0375174128542515,1.0375174128542526,115,0.342885,1,0,0,0
6919,3.0,4.036941773876087,1.0369417738760882,114,0.34279000000000004,1,0,0,0
6920,3.0,4.172675045027477,1.1726750450274808,136,0.3426950000000001,1,0,0,0
6921,3.0,4.1678729087412085,1.1678729087412127,135,0.3426000000000001,1,0,0,0
6922,3.0,4.011062372388688,1.0110623723886876,110,0.34250499999999995,1,0,0,0
6923,3.0,4.219445252853059,1.219445252853064,141,0.34241,1,0,0,0
6924,3.0,4.106096897506802,1.1060968975068037,127,0.34231500000000004,1,0,0,0
6925,3.0,4.12044270025309,1.120442700253092,128,0.34221999999999997,1,0,0,0
6926,3.0,4.066135486049909,1.0661354860499106,120,0.342125,1,0,0,0
6927,3.0,4.120577109630801,1.1205771096308041,127,0.34203000000000006,1,0,0,0
6928,3.0,4.203811490012555,1.2038114900125592,141,0.3419350000000001,1,0,0,0
6929,3.0,4.048822581208075,1.0488225812080765,116,0.34184000000000003,1,0,0,0
6930,3.0,4.121938129086791,1.1219381290867934,127,0.3417450000000001,1,0,0,0
6931,3.0,4.023133440200553,1.0231334402005534,111,0.3416500000000001,1,0,0,0
6932,3.0,4.0280490785161795,1.0280490785161804,113,0.34155499999999994,1,0,0,0
6933,3.0,4.207886369683338,1.207886369683343,142,0.34146,1,0,0,0
6934,3.0,4.206097527269577,1.2060975272695824,140,0.34136500000000003,1,0,0,0
6935,3.0,4.146414066658717,1.1464140666587204,131,0.34126999999999996,1,0,0,0
6936,3.0,4.052964716831807,1.0529647168318075,117,0.341175,1,0,0,0
6937,3.0,4.115116501538749,1.1151165015387507,127,0.34108000000000005,1,0,0,0
6938,3.0,4.041941773876087,1.041941773876088,114,0.3409850000000001,1,0,0,0
6939,3.0,4.141769405718044,1.1417694057180476,130,0.34089,1,0,0,0
6940,3.0,4.104951422959298,1.1049514229593003,124,0.34079500000000007,1,0,0,0
6941,3.0,4.100724925651194,1.100724925651197,123,0.3407000000000001,1,0,0,0
6942,3.0,4.172147180982476,1.1721471809824804,137,0.34060499999999994,1,0,0,0
6943,3.0,4.222032306923996,1.2220323069240016,144,0.34051,1,0,0,0
6944,3.0,4.04348877925988,1.0434887792598808,115,0.340415,1,0,0,0
6945,3.0,3.986396174336884,0.9863961743368839,107,0.34032000000000007,1,0,0,0
6946,3.0,4.157209106461744,1.157209106461748,132,0.340225,1,0,0,0
6947,3.0,4.232109516774058,1.2321095167740634,146,0.34013000000000004,1,0,0,0
6948,3.0,4.082203147259303,1.0822031472593057,123,0.3400350000000001,1,0,0,0
6949,3.0,4.030830194683922,1.0308301946839225,114,0.33994,1,0,0,0
6950,3.0,4.151065036707209,1.1510650367072124,134,0.33984500000000006,1,0,0,0
6951,3.0,3.998217801884926,0.998217801884926,108,0.3397500000000001,1,0,0,0
6952,3.0,4.085724925651195,1.0857249256511967,122,0.33965499999999993,1,0,0,0
6953,3.0,4.11467299917812,1.1146729991781235,128,0.33956,1,0,0,0
6954,3.0,4.079262281951776,1.079262281951777,119,0.339465,1,0,0,0
6955,3.0,3.940791395013733,0.9407913950137331,100,0.33937000000000006,1,0,0,0
6956,3.0,4.062880355147433,1.0628803551474348,118,0.339275,1,0,0,0
6957,3.0,4.031941773876088,1.031941773876088,113,0.33918000000000004,1,0,0,0
6958,3.0,4.1528132560221165,1.15281325602212,134,0.3390850000000001,1,0,0,0
6959,3.0,4.094951422959298,1.0949514229593007,123,0.33899,1,0,0,0
6960,3.0,4.101164626394894,1.1011646263948969,123,0.33889500000000006,1,0,0,0
6961,3.0,4.085137408887102,1.085137408887104,123,0.3388000000000001,1,0,0,0
6962,3.0,4.168972610147446,1.16897261014745,136,0.33870500000000003,1,0,0,0
6963,3.0,4.120826549894625,1.1208265498946273,129,0.33860999999999997,1,0,0,0
6964,3.0,4.123759756634833,1.1237597566348354,126,0.338515,1,0,0,0
6965,3.0,4.075724925651196,1.075724925651197,120,0.33842000000000005,1,0,0,0
6966,3.0,4.038049078516179,1.0380490785161804,115,0.338325,1,0,0,0
6967,3.0,4.040453948276241,1.0404539482762418,115,0.33823000000000003,1,0,0,0
6968,3.0,4.121688688822967,1.12168868882297,126,0.3381350000000001,1,0,0,0
6969,3.0,3.991586434816761,0.9915864348167609,107,0.33804,1,0,0,0
6970,3.0,4.063294717163075,1.0632947171630762,119,0.33794500000000005,1,0,0,0
6971,3.0,4.14521432416525,1.1452143241652544,133,0.3378500000000001,1,0,0,0
6972,3.0,4.051997152043105,1.051997152043107,117,0.337755,1,0,0,0
6973,3.0,4.091058727599391,1.0910587275993926,123,0.33765999999999996,1,0,0,0
6974,3.0,4.081054925982464,1.0810549259824653,122,0.337565,1,0,0,0
6975,3.0,4.173964533978445,1.173964533978449,138,0.33747000000000005,1,0,0,0
6976,3.0,4.0663333497636405,1.0663333497636422,118,0.337375,1,0,0,0
6977,3.0,4.16657534362124,1.1665753436212436,135,0.33728,1,0,0,0
6978,3.0,4.177792348673764,1.1777923486737676,136,0.33718500000000007,1,0,0,0
6979,3.0,4.0406442087561185,1.040644208756119,114,0.33709,1,0,0,0
6980,3.0,4.10823569420676,1.1082356942067624,125,0.33699500000000004,1,0,0,0
6981,3.0,4.062106852455537,1.0621068524555386,118,0.3369000000000001,1,0,0,0
6982,3.0,4.101688688822968,1.1016886888229698,123,0.336805,1,0,0,0
6983,3.0,4.277253236605611,1.277253236605617,153,0.33670999999999995,1,0,0,0
6984,3.0,4.113235694206759,1.1132356942067625,125,0.336615,1,0,0,0
6985,3.0,4.098726341737773,1.0987263417377757,126,0.33652000000000004,1,0,0,0
6986,3.0,4.102462191514864,1.102462191514866,124,0.336425,1,0,0,0
6987,3.0,4.077880355147433,1.077880355147435,121,0.33633,1,0,0,0
6988,3.0,4.023379078847448,1.0233790788474488,113,0.33623500000000006,1,0,0,0
6989,3.0,4.1678729087412085,1.1678729087412125,134,0.3361400000000001,1,0,0,0
6990,3.0,4.111160824777967,1.1111608247779694,125,0.33604500000000004,1,0,0,0
6991,3.0,3.9151022540062095,0.9151022540062097,96,0.3359500000000001,1,0,0,0
6992,3.0,4.052770654735003,1.0527706547350035,118,0.335855,1,0,0,0
6993,3.0,4.229873075810831,1.229873075810836,146,0.33575999999999995,1,0,0,0
6994,3.0,4.15571747924497,1.1557174792449743,133,0.335665,1,0,0,0
6995,3.0,4.107648177442668,1.1076481774426699,126,0.33557000000000003,1,0,0,0
6996,3.0,4.2209631178918645,1.2209631178918705,143,0.33547499999999997,1,0,0,0
6997,3.0,4.255452989341068,1.2554529893410737,149,0.33538,1,0,0,0
6998,3.0,4.011311812652511,1.011311812652511,111,0.33528500000000006,1,0,0,0
6999,3.0,4.132957270425582,1.1329572704255855,130,0.3351900000000001,1,0,0,0
7000,3.0,4.084947621342371,1.084947621342373,122,0.33509500000000003,1,0,0,0
7001,3.0,4.04348877925988,1.0434887792598806,115,0.3350000000000001,1,0,0,0
7002,3.0,4.09624518646234,1.096245186462342,122,0.3349050000000001,1,0,0,0
7003,3.0,4.119195182826459,1.1191951828264621,127,0.33480999999999994,1,0,0,0
7004,3.0,4.165468038981147,1.1654680389811511,133,0.334715,1,0,0,0
7005,3.0,4.068983858170599,1.0689838581706,120,0.33462000000000003,1,0,0,0
7006,3.0,4.117893816089563,1.1178938160895653,128,0.3345250000000001,1,0,0,0
7007,3.0,4.161571542004312,1.1615715420043162,134,0.33443,1,0,0,0
7008,3.0,4.082154627388701,1.0821546273887026,123,0.33433500000000005,1,0,0,0
7009,3.0,4.151317827188416,1.1513178271884192,134,0.3342400000000001,1,0,0,0
7010,3.0,4.054448267879579,1.0544482678795803,118,0.334145,1,0,0,0
7011,3.0,4.173312609484908,1.1733126094849127,136,0.33405000000000007,1,0,0,0
7012,3.0,4.06392848000358,1.063928480003581,118,0.3339550000000001,1,0,0,0
7013,3.0,4.1322013248646545,1.1322013248646579,130,0.33385999999999993,1,0,0,0
7014,3.0,4.025644208756118,1.0256442087561188,112,0.333765,1,0,0,0
7015,3.0,4.083214157095629,1.083214157095631,122,0.33367,1,0,0,0
7016,3.0,4.277113023819073,1.2771130238190793,154,0.33357500000000007,1,0,0,0
7017,3.0,4.178506671581713,1.1785066715817172,135,0.33348,1,0,0,0
7018,3.0,4.151325903357416,1.1513259033574201,131,0.33338500000000004,1,0,0,0
7019,3.0,4.05564040713919,1.0556404071391916,116,0.3332900000000001,1,0,0,0
7020,3.0,4.04622364935121,1.046223649351211,117,0.333195,1,0,0,0
7021,3.0,4.0532312628270555,1.0532312628270566,118,0.33310000000000006,1,0,0,0
7022,3.0,4.0708092873355675,1.0708092873355695,119,0.3330050000000001,1,0,0,0
7023,3.0,4.043049078516179,1.0430490785161803,115,0.33291000000000004,1,0,0,0
7024,3.0,4.041404305839349,1.0414043058393505,117,0.33281499999999997,1,0,0,0
7025,3.0,4.2197714515674,1.2197714515674054,142,0.33272,1,0,0,0
7026,3.0,4.0289069428924495,1.0289069428924495,113,0.33262500000000006,1,0,0,0
7027,3.0,4.191149103819669,1.1911491038196738,141,0.33253,1,0,0,0
7028,3.0,4.094177920267402,1.0941779202674042,122,0.33243500000000004,1,0,0,0
7029,3.0,4.10823569420676,1.1082356942067624,124,0.3323400000000001,1,0,0,0
7030,3.0,4.06263091488361,1.0626309148836117,117,0.332245,1,0,0,0
7031,3.0,4.194339354057555,1.1943393540575598,139,0.33215000000000006,1,0,0,0
7032,3.0,4.119093558583028,1.1190935585830315,127,0.3320550000000001,1,0,0,0
7033,3.0,4.11414513513312,1.114145135133123,128,0.33196000000000003,1,0,0,0
7034,3.0,3.9583865252536716,0.9583865252536716,102,0.33186499999999997,1,0,0,0
7035,3.0,4.0163080110355835,1.0163080110355835,112,0.33177,1,0,0,0
7036,3.0,4.0534887792598795,1.0534887792598806,116,0.33167500000000005,1,0,0,0
7037,3.0,4.174412310891146,1.1744123108911504,137,0.33158,1,0,0,0
7038,3.0,4.13340077278621,1.133400772786213,129,0.33148500000000003,1,0,0,0
7039,3.0,4.141325903357417,1.1413259033574201,131,0.3313900000000001,1,0,0,0
7040,3.0,4.11044270025309,1.110442700253092,127,0.331295,1,0,0,0
7041,3.0,4.139009196898655,1.1390091968986586,129,0.33120000000000005,1,0,0,0
7042,3.0,4.18214137757365,1.1821413775736547,138,0.3311050000000001,1,0,0,0
7043,3.0,4.131604327138594,1.1316043271385972,128,0.33101,1,0,0,0
7044,3.0,4.161901542335581,1.1619015423355845,135,0.33091499999999996,1,0,0,0
7045,3.0,3.9816707965011333,0.9816707965011334,106,0.33082,1,0,0,0
7046,3.0,4.029089127203325,1.0290891272033256,115,0.33072500000000005,1,0,0,0
7047,3.0,3.9958129321248643,0.9958129321248644,107,0.33063,1,0,0,0
7048,3.0,4.06821415709563,1.0682141570956312,119,0.330535,1,0,0,0
7049,3.0,4.022609377772479,1.0226093777724803,113,0.33044000000000007,1,0,0,0
7050,3.0,4.162999241949921,1.1629992419499238,136,0.3303450000000001,1,0,0,0
7051,3.0,4.168512350926754,1.168512350926758,137,0.33025000000000004,1,0,0,0
7052,3.0,3.9827742995242987,0.9827742995242986,106,0.3301550000000001,1,0,0,0
7053,3.0,4.0523271523743745,1.0523271523743758,119,0.33006,1,0,0,0
7054,3.0,4.023906942892449,1.0239069428924494,113,0.32996499999999995,1,0,0,0
7055,3.0,4.1205690334618,1.1205690334618033,130,0.32987,1,0,0,0
7056,3.0,4.100391123702998,1.1003911237030004,124,0.32977500000000004,1,0,0,0
7057,3.0,4.119968685518355,1.1199686855183584,128,0.32968,1,0,0,0
7058,3.0,4.189982146460485,1.1899821464604892,140,0.329585,1,0,0,0
7059,3.0,4.050893649019941,1.050893649019942,116,0.32949000000000006,1,0,0,0
7060,3.0,4.118815134801851,1.1188151348018545,127,0.3293950000000001,1,0,0,0
7061,3.0,4.074951422959298,1.0749514229593005,120,0.32930000000000004,1,0,0,0
7062,3.0,3.9675286608774023,0.9675286608774025,104,0.3292050000000001,1,0,0,0
7063,3.0,3.9984809976627904,0.9984809976627909,110,0.32911,1,0,0,0
7064,3.0,3.9420889601337024,0.9420889601337024,100,0.32901499999999995,1,0,0,0
7065,3.0,4.229623635547007,1.2296236355470127,145,0.32892,1,0,0,0
7066,3.0,4.08365385783933,1.083653857839331,121,0.32882500000000003,1,0,0,0
7067,3.0,4.025204508012418,1.0252045080124186,112,0.3287300000000001,1,0,0,0
7068,3.0,4.18527777850127,1.1852777785012742,138,0.328635,1,0,0,0
7069,3.0,4.002359937508657,1.002359937508657,109,0.32854000000000005,1,0,0,0
7070,3.0,4.169550521885785,1.1695505218857898,134,0.3284450000000001,1,0,0,0
7071,3.0,4.159884323833982,1.1598843238339858,134,0.32835000000000003,1,0,0,0
7072,3.0,4.136410265041789,1.136410265041793,129,0.3282550000000001,1,0,0,0
7073,3.0,4.076578988410537,1.0765789884105383,121,0.32816,1,0,0,0
7074,3.0,4.061667151711838,1.0616671517118386,118,0.32806499999999994,1,0,0,0
7075,3.0,4.092546553199236,1.0925465531992389,122,0.32797,1,0,0,0
7076,3.0,4.076248988079268,1.0762489880792696,120,0.327875,1,0,0,0
7077,3.0,4.139251033928623,1.1392510339286268,131,0.32778000000000007,1,0,0,0
7078,3.0,4.1424332079975095,1.1424332079975121,131,0.327685,1,0,0,0
7079,3.0,4.046997152043106,1.046997152043107,117,0.32759000000000005,1,0,0,0
7080,3.0,4.028843488556429,1.0288434885564297,113,0.3274950000000001,1,0,0,0
7081,3.0,4.064596083899972,1.064596083899973,118,0.3274,1,0,0,0
7082,3.0,4.06763091488361,1.0676309148836118,118,0.32730500000000007,1,0,0,0
7083,3.0,4.1687770191938895,1.1687770191938933,133,0.32721,1,0,0,0
7084,3.0,4.005728570440492,1.0057285704404915,109,0.32711500000000004,1,0,0,0
7085,3.0,4.189863416485628,1.189863416485633,137,0.32702,1,0,0,0
7086,3.0,4.097598129749328,1.0975981297493305,125,0.326925,1,0,0,0
7087,3.0,4.192531482023555,1.1925314820235595,140,0.32683000000000006,1,0,0,0
7088,3.0,4.080724925651195,1.0807249256511966,121,0.326735,1,0,0,0
7089,3.0,4.074841722546867,1.074841722546869,120,0.32664000000000004,1,0,0,0
7090,3.0,4.003657502628626,1.0036575026286263,109,0.3265450000000001,1,0,0,0
7091,3.0,3.996586434816761,0.9965864348167608,108,0.32645,1,0,0,0
7092,3.0,4.004431005320522,1.0044310053205223,109,0.32635500000000006,1,0,0,0
7093,3.0,4.0289069428924495,1.0289069428924498,113,0.32626,1,0,0,0
7094,3.0,4.136325903357417,1.13632590335742,130,0.32616500000000004,1,0,0,0
7095,3.0,4.041835875080583,1.041835875080584,115,0.32606999999999997,1,0,0,0
7096,3.0,4.236871029961472,1.2368710299614785,144,0.325975,1,0,0,0
7097,3.0,4.179026459457712,1.179026459457717,136,0.32588000000000006,1,0,0,0
7098,3.0,4.211978333549945,1.21197833354995,146,0.325785,1,0,0,0
7099,3.0,4.070281423290567,1.070281423290569,120,0.32569000000000004,1,0,0,0
7100,3.0,4.13141026504179,1.1314102650417925,129,0.3255950000000001,1,0,0,0
7101,3.0,4.0750357846436716,1.075035784643673,120,0.3255,1,0,0,0
7102,3.0,4.1301126999218205,1.1301126999218234,130,0.32540500000000006,1,0,0,0
7103,3.0,4.021832073463656,1.0218320734636566,113,0.32531,1,0,0,0
7104,3.0,4.1209109115789975,1.1209109115790006,128,0.32521500000000003,1,0,0,0
7105,3.0,4.114212288557885,1.1142122885578878,127,0.32511999999999996,1,0,0,0
7106,3.0,4.015288869696791,1.0152888696967914,111,0.325025,1,0,0,0
7107,3.0,4.1119381290867905,1.1119381290867933,126,0.32493000000000005,1,0,0,0
7108,3.0,4.090611423621835,1.0906114236218376,123,0.324835,1,0,0,0
7109,3.0,4.086054925982463,1.0860549259824654,122,0.32474000000000003,1,0,0,0
7110,3.0,4.030644208756119,1.0306442087561187,113,0.3246450000000001,1,0,0,0
7111,3.0,4.067289036766413,1.0672890367664147,120,0.3245500000000001,1,0,0,0
7112,3.0,4.147113161563354,1.1471131615633585,133,0.32445500000000005,1,0,0,0
7113,3.0,4.074841722546868,1.0748417225468687,120,0.32436,1,0,0,0
7114,3.0,3.9798453673361633,0.9798453673361639,106,0.324265,1,0,0,0
7115,3.0,4.040893649019941,1.040893649019942,115,0.32416999999999996,1,0,0,0
7116,3.0,4.071705321619248,1.0717053216192494,122,0.324075,1,0,0,0
7117,3.0,4.213143886116162,1.2131438861161674,142,0.32398000000000005,1,0,0,0
7118,3.0,4.013906942892449,1.0139069428924494,111,0.323885,1,0,0,0
7119,3.0,4.082542278647164,1.0825422786471657,123,0.32379,1,0,0,0
7120,3.0,4.135995903026148,1.1359959030261515,129,0.32369500000000007,1,0,0,0
7121,3.0,4.039592282283045,1.0395922822830455,115,0.3236000000000001,1,0,0,0
7122,3.0,3.9997610056517914,0.9997610056517914,109,0.32350500000000004,1,0,0,0
7123,3.0,4.144440821473355,1.1444408214733581,132,0.32341,1,0,0,0
7124,3.0,4.03122364935121,1.031223649351211,114,0.323315,1,0,0,0
7125,3.0,4.104676800795048,1.104676800795051,125,0.32321999999999995,1,0,0,0
7126,3.0,4.023906942892449,1.0239069428924497,113,0.323125,1,0,0,0
7127,3.0,4.069834119313012,1.069834119313014,120,0.32303000000000004,1,0,0,0
7128,3.0,4.0152007063954915,1.0152007063954915,111,0.3229350000000001,1,0,0,0
7129,3.0,4.104229496817494,1.104229496817496,126,0.32284,1,0,0,0
7130,3.0,4.056667151711837,1.0566671517118387,117,0.32274500000000006,1,0,0,0
7131,3.0,4.077816900811413,1.0778169008114153,121,0.3226500000000001,1,0,0,0
7132,3.0,4.071912790358732,1.0719127903587344,120,0.32255500000000004,1,0,0,0
7133,3.0,4.064795825341816,1.0647958253418184,121,0.3224600000000001,1,0,0,0
7134,3.0,3.980897293809237,0.9808972938092374,105,0.322365,1,0,0,0
7135,3.0,4.106494626726163,1.106494626726166,125,0.32226999999999995,1,0,0,0
7136,3.0,4.024431005320523,1.0244310053205226,112,0.322175,1,0,0,0
7137,3.0,4.0568574121917145,1.0568574121917154,117,0.32208000000000003,1,0,0,0
7138,3.0,4.225478149705893,1.2254781497058977,144,0.3219850000000001,1,0,0,0
7139,3.0,4.030728570440491,1.0307285704404918,112,0.32189,1,0,0,0
7140,3.0,4.129533259326728,1.1295332593267318,128,0.32179500000000005,1,0,0,0
7141,3.0,4.042275575824283,1.0422755758242843,115,0.3217000000000001,1,0,0,0
7142,3.0,4.098320055891133,1.098320055891135,123,0.32160500000000003,1,0,0,0
7143,3.0,4.070035784643672,1.0700357846436734,118,0.3215100000000001,1,0,0,0
7144,3.0,4.155404584645128,1.1554045846451313,134,0.321415,1,0,0,0
7145,3.0,4.044592282283045,1.0445922822830458,116,0.32132000000000005,1,0,0,0
7146,3.0,4.1961018018216505,1.1961018018216556,137,0.321225,1,0,0,0
7147,3.0,4.136680612653966,1.1366806126539692,130,0.32113,1,0,0,0
7148,3.0,4.146853767402417,1.1468537674024204,130,0.32103500000000007,1,0,0,0
7149,3.0,4.029097203372326,1.0290972033723265,112,0.32094,1,0,0,0
7150,3.0,4.081849336022713,1.0818493360227146,123,0.32084500000000005,1,0,0,0
7151,3.0,4.200481499923277,1.2004814999232818,141,0.3207500000000001,1,0,0,0
7152,3.0,4.129448897642356,1.1294488976423587,128,0.320655,1,0,0,0
7153,3.0,4.010204508012418,1.0102045080124187,110,0.32056000000000007,1,0,0,0
7154,3.0,4.151262449021397,1.1512624490214003,133,0.320465,1,0,0,0
7155,3.0,4.022271774207356,1.0222717742073568,112,0.32037000000000004,1,0,0,0
7156,3.0,4.0588225812080765,1.058822581208077,117,0.320275,1,0,0,0
7157,3.0,4.09779599346306,1.0977959934630621,123,0.32018,1,0,0,0
7158,3.0,4.149943976553074,1.1499439765530781,132,0.32008500000000006,1,0,0,0
7159,3.0,4.054262281951775,1.0542622819517768,117,0.31999,1,0,0,0
7160,3.0,4.070083559576835,1.0700835595768372,121,0.31989500000000004,1,0,0,0
7161,3.0,4.106350612322698,1.1063506123227005,126,0.3198000000000001,1,0,0,0
7162,3.0,4.078818779591147,1.0788187795911492,120,0.319705,1,0,0,0
7163,3.0,4.105391123702998,1.1053911237030005,124,0.31961000000000006,1,0,0,0
7164,3.0,4.104342998846852,1.104342998846855,125,0.319515,1,0,0,0
7165,3.0,4.006062372388688,1.0060623723886877,110,0.31942000000000004,1,0,0,0
7166,3.0,4.118811333184924,1.1188113331849268,128,0.31932499999999997,1,0,0,0
7167,3.0,4.056329548146714,1.056329548146715,117,0.31923,1,0,0,0
7168,3.0,3.988217801884926,0.9882178018849259,107,0.31913500000000006,1,0,0,0
7169,3.0,4.05892848000358,1.058928480003581,117,0.31904,1,0,0,0
7170,3.0,4.005728570440492,1.0057285704404915,109,0.31894500000000003,1,0,0,0
7171,3.0,4.087880355147433,1.087880355147435,121,0.3188500000000001,1,0,0,0
7172,3.0,4.07365385783933,1.0736538578393313,120,0.3187550000000001,1,0,0,0
7173,3.0,4.051417711448014,1.051417711448015,115,0.31866000000000005,1,0,0,0
7174,3.0,4.016062372388688,1.016062372388688,110,0.318565,1,0,0,0
7175,3.0,3.9838262259973716,0.9838262259973717,105,0.31847000000000003,1,0,0,0
7176,3.0,4.122256251632131,1.1222562516321335,129,0.31837499999999996,1,0,0,0
7177,3.0,4.05815070275961,1.058150702759611,118,0.31828,1,0,0,0
7178,3.0,4.031751513396211,1.0317515133962114,114,0.31818500000000005,1,0,0,0
7179,3.0,3.951755158185506,0.9517551581855063,101,0.31809,1,0,0,0
7180,3.0,4.00605857077176,1.0060585707717604,110,0.317995,1,0,0,0
7181,3.0,4.034680445584344,1.0346804455843455,114,0.31790000000000007,1,0,0,0
7182,3.0,4.037521214471179,1.03752121447118,115,0.3178050000000001,1,0,0,0
7183,3.0,4.053674765187683,1.0536747651876843,118,0.31771000000000005,1,0,0,0
7184,3.0,4.1678729087412085,1.1678729087412127,136,0.317615,1,0,0,0
7185,3.0,4.029676643967418,1.0296766439674185,114,0.31752,1,0,0,0
7186,3.0,4.035974209087387,1.0359742090873876,114,0.31742499999999996,1,0,0,0
7187,3.0,4.017275575824284,1.017275575824284,111,0.31733,1,0,0,0
7188,3.0,4.051866893153683,1.0518668931536836,119,0.31723500000000004,1,0,0,0
7189,3.0,4.112256251632131,1.1122562516321335,128,0.3171400000000001,1,0,0,0
7190,3.0,4.13502453662052,1.1350245366205234,130,0.317045,1,0,0,0
7191,3.0,4.119701982695474,1.1197019826954773,124,0.31695000000000007,1,0,0,0
7192,3.0,4.092271931034988,1.092271931034989,123,0.3168550000000001,1,0,0,0
7193,3.0,4.049786344379848,1.0497863443798499,116,0.31676000000000004,1,0,0,0
7194,3.0,4.084229496817494,1.0842294968174955,123,0.316665,1,0,0,0
7195,3.0,4.129093558583029,1.1290935585830317,129,0.31657,1,0,0,0
7196,3.0,4.128807531567997,1.1288075315679995,130,0.31647499999999995,1,0,0,0
7197,3.0,3.999955067748595,0.9999550677485954,108,0.31638,1,0,0,0
7198,3.0,4.034003237696216,1.0340032376962165,116,0.31628500000000004,1,0,0,0
7199,3.0,3.993217801884926,0.993217801884926,107,0.3161900000000001,1,0,0,0
7200,3.0,4.099275742893905,1.0992757428939077,125,0.316095,1,0,0,0
7201,3.0,4.078016293381898,1.078016293381899,123,0.31600000000000006,1,0,0,0
7202,3.0,4.070035784643672,1.0700357846436732,119,0.3159050000000001,1,0,0,0
7203,3.0,4.16027777850127,1.1602777785012741,134,0.31581000000000004,1,0,0,0
7204,3.0,4.036308011035583,1.0363080110355836,114,0.31571499999999997,1,0,0,0
7205,3.0,4.00288399993673,1.0028839999367298,108,0.31562,1,0,0,0
7206,3.0,4.028379078847449,1.0283790788474492,114,0.31552500000000006,1,0,0,0
7207,3.0,4.200827179657401,1.200827179657406,139,0.31543,1,0,0,0
7208,3.0,4.116414066658717,1.1164140666587201,126,0.31533500000000003,1,0,0,0
7209,3.0,3.948386525253672,0.9483865252536716,101,0.3152400000000001,1,0,0,0
7210,3.0,4.176097527269578,1.1760975272695824,136,0.315145,1,0,0,0
7211,3.0,4.187345044696208,1.1873450446962124,138,0.31505000000000005,1,0,0,0
7212,3.0,4.003987502959895,1.0039875029598948,109,0.3149550000000001,1,0,0,0
7213,3.0,3.9695997286892677,0.9695997286892681,104,0.31486000000000003,1,0,0,0
7214,3.0,4.003133440200553,1.0031334402005532,109,0.31476499999999996,1,0,0,0
7215,3.0,4.1253043651946655,1.125304365194668,132,0.31467,1,0,0,0
7216,3.0,4.045893649019941,1.0458936490199422,115,0.31457500000000005,1,0,0,0
7217,3.0,4.0280490785161795,1.0280490785161804,113,0.31448,1,0,0,0
7218,3.0,4.024680445584345,1.0246804455843457,113,0.314385,1,0,0,0
7219,3.0,4.128375434058151,1.128375434058154,130,0.31429000000000007,1,0,0,0
7220,3.0,4.146809399054119,1.1468093990541222,134,0.314195,1,0,0,0
7221,3.0,4.116498428343091,1.116498428343093,126,0.31410000000000005,1,0,0,0
7222,3.0,4.05304907851618,1.0530490785161806,117,0.3140050000000001,1,0,0,0
7223,3.0,4.163723169883623,1.1637231698836268,134,0.31391,1,0,0,0
7224,3.0,4.0372755758242835,1.0372755758242842,113,0.31381499999999996,1,0,0,0
7225,3.0,4.1647826995905515,1.1647826995905555,132,0.31372,1,0,0,0
7226,3.0,4.154863766391006,1.15486376639101,136,0.31362500000000004,1,0,0,0
7227,3.0,4.054786344379849,1.05478634437985,116,0.31353,1,0,0,0
7228,3.0,4.127711631778686,1.1277116317786895,127,0.313435,1,0,0,0
7229,3.0,4.200801840929342,1.200801840929347,139,0.31334000000000006,1,0,0,0
7230,3.0,4.034870706064222,1.0348707060642228,113,0.313245,1,0,0,0
7231,3.0,4.171955391645847,1.171955391645851,136,0.31315000000000004,1,0,0,0
7232,3.0,4.16055240066552,1.1605524006655237,133,0.3130550000000001,1,0,0,0
7233,3.0,4.117711631778686,1.1177116317786897,126,0.3129600000000001,1,0,0,0
7234,3.0,4.023759126872056,1.023759126872057,113,0.31286499999999995,1,0,0,0
7235,3.0,4.030192630226489,1.0301926302264903,116,0.31277,1,0,0,0
7236,3.0,4.030640407139191,1.0306404071391915,113,0.31267500000000004,1,0,0,0
7237,3.0,4.029346643636149,1.0293466436361496,113,0.31257999999999997,1,0,0,0
7238,3.0,4.0984163506949,1.0984163506949023,125,0.312485,1,0,0,0
7239,3.0,4.00061887002806,1.0006188700280603,110,0.31239000000000006,1,0,0,0
7240,3.0,4.110049245585801,1.1100492455858038,127,0.312295,1,0,0,0
7241,3.0,3.9541600279455675,0.9541600279455679,102,0.31220000000000003,1,0,0,0
7242,3.0,4.090475485387371,1.0904754853873735,122,0.3121050000000001,1,0,0,0
7243,3.0,4.077106852455537,1.0771068524555387,120,0.3120100000000001,1,0,0,0
7244,3.0,4.099093558583029,1.0990935585830313,124,0.31191499999999994,1,0,0,0
7245,3.0,4.009761005651791,1.0097610056517912,110,0.31182,1,0,0,0
7246,3.0,4.121934327469862,1.1219343274698657,127,0.31172500000000003,1,0,0,0
7247,3.0,3.9906150684111323,0.9906150684111326,108,0.31162999999999996,1,0,0,0
7248,3.0,4.021502073132387,1.021502073132388,112,0.311535,1,0,0,0
7249,3.0,3.951755158185506,0.9517551581855063,101,0.31144000000000005,1,0,0,0
7250,3.0,4.118569496154956,1.1185694961549584,127,0.3113450000000001,1,0,0,0
7251,3.0,4.052766853118075,1.052766853118076,118,0.31125,1,0,0,0
7252,3.0,4.132462191514863,1.132462191514866,127,0.31115500000000007,1,0,0,0
7253,3.0,4.1633969711692815,1.1633969711692853,134,0.3110600000000001,1,0,0,0
7254,3.0,4.047191214139911,1.0471912141399113,115,0.31096500000000005,1,0,0,0
7255,3.0,4.056219847734282,1.0562198477342837,118,0.31087,1,0,0,0
7256,3.0,4.082018689154237,1.0820186891542385,121,0.310775,1,0,0,0
7257,3.0,4.103502240202008,1.1035022402020114,125,0.31067999999999996,1,0,0,0
7258,3.0,4.136790313066397,1.1367903130664008,130,0.310585,1,0,0,0
7259,3.0,4.073734417906775,1.0737344179067765,120,0.31049000000000004,1,0,0,0
7260,3.0,4.0442622819517755,1.0442622819517768,115,0.3103950000000001,1,0,0,0
7261,3.0,4.013906942892449,1.0139069428924494,111,0.3103,1,0,0,0
7262,3.0,4.100661471315175,1.1006614713151772,123,0.31020500000000006,1,0,0,0
7263,3.0,4.084507920598671,1.084507920598673,121,0.3101100000000001,1,0,0,0
7264,3.0,4.04348877925988,1.0434887792598806,115,0.31001500000000004,1,0,0,0
7265,3.0,4.090391123702998,1.0903911237030006,122,0.30992,1,0,0,0
7266,3.0,4.073738219523703,1.073738219523704,120,0.309825,1,0,0,0
7267,3.0,4.121546203276255,1.1215462032762573,130,0.30973000000000006,1,0,0,0
7268,3.0,4.0129355764868215,1.0129355764868213,112,0.309635,1,0,0,0
7269,3.0,4.0168358750805835,1.0168358750805837,111,0.30954000000000004,1,0,0,0
7270,3.0,3.9785478022161946,0.9785478022161945,106,0.3094450000000001,1,0,0,0
7271,3.0,4.208942097773339,1.208942097773344,141,0.30935,1,0,0,0
7272,3.0,4.1206248845639655,1.1206248845639681,130,0.30925500000000006,1,0,0,0
7273,3.0,4.060035784643672,1.0600357846436732,118,0.3091600000000001,1,0,0,0
7274,3.0,3.993217801884926,0.9932178018849261,107,0.30906500000000003,1,0,0,0
7275,3.0,4.119093558583028,1.1190935585830313,127,0.30896999999999997,1,0,0,0
7276,3.0,4.081667151711837,1.0816671517118386,120,0.308875,1,0,0,0
7277,3.0,4.024236943223718,1.0242369432237182,113,0.30878000000000005,1,0,0,0
7278,3.0,3.9911429324561327,0.9911429324561332,107,0.308685,1,0,0,0
7279,3.0,4.086824627057432,1.086824627057434,123,0.30859000000000003,1,0,0,0
7280,3.0,4.088836042150206,1.0888360421502072,124,0.3084950000000001,1,0,0,0
7281,3.0,4.029283189300129,1.02928318930013,114,0.3084,1,0,0,0
7282,3.0,4.204335552440627,1.2043355524406323,141,0.30830500000000005,1,0,0,0
7283,3.0,3.95598165549361,0.9559816554936101,101,0.3082100000000001,1,0,0,0
7284,3.0,4.008133440200553,1.0081334402005533,110,0.308115,1,0,0,0
7285,3.0,4.120826549894625,1.1208265498946275,128,0.30801999999999996,1,0,0,0
7286,3.0,4.039346643636149,1.0393466436361498,115,0.307925,1,0,0,0
7287,3.0,4.108653857839329,1.108653857839331,124,0.30783000000000005,1,0,0,0
7288,3.0,4.116016810374502,1.1160168103745043,126,0.307735,1,0,0,0
7289,3.0,4.05011254309419,1.0501125430941913,116,0.30764,1,0,0,0
7290,3.0,4.136506559845557,1.1365065598455595,132,0.30754500000000007,1,0,0,0
7291,3.0,4.0395369041160265,1.0395369041160267,113,0.30745,1,0,0,0
7292,3.0,4.0501201463280445,1.0501201463280458,115,0.30735500000000004,1,0,0,0
7293,3.0,3.9703732313811644,0.9703732313811644,104,0.3072600000000001,1,0,0,0
7294,3.0,4.028822581208077,1.0288225812080767,113,0.30716500000000013,1,0,0,0
7295,3.0,4.068210355478702,1.0682103554787035,119,0.30706999999999995,1,0,0,0
7296,3.0,3.999075666261195,0.999075666261195,108,0.306975,1,0,0,0
7297,3.0,4.013133440200553,1.0131334402005532,110,0.30688000000000004,1,0,0,0
7298,3.0,4.1544488976423555,1.1544488976423588,130,0.306785,1,0,0,0
7299,3.0,4.107981979390864,1.1079819793908656,127,0.30669,1,0,0,0
7300,3.0,4.074177920267402,1.0741779202674042,120,0.30659500000000006,1,0,0,0
7301,3.0,4.094853655666261,1.0948536556662631,126,0.3065,1,0,0,0
7302,3.0,4.025394768492295,1.0253947684922957,111,0.30640500000000004,1,0,0,0
7303,3.0,4.1321241150145935,1.1321241150145966,129,0.3063100000000001,1,0,0,0
7304,3.0,4.202969203544974,1.2029692035449797,142,0.3062150000000001,1,0,0,0
7305,3.0,4.002359937508657,1.002359937508657,109,0.30611999999999995,1,0,0,0
7306,3.0,4.0611568447978055,1.0611568447978075,119,0.306025,1,0,0,0
7307,3.0,4.0202045080124185,1.0202045080124187,111,0.30593000000000004,1,0,0,0
7308,3.0,4.083125993794329,1.0831259937943307,122,0.30583499999999997,1,0,0,0
7309,3.0,4.0230490785161805,1.0230490785161805,112,0.30574,1,0,0,0
7310,3.0,4.070745832999547,1.0707458329995496,120,0.30564500000000006,1,0,0,0
7311,3.0,4.067766853118075,1.0677668531180757,120,0.3055500000000001,1,0,0,0
7312,3.0,4.116828428674359,1.116828428674362,126,0.30545500000000003,1,0,0,0
7313,3.0,4.042517412854252,1.0425174128542525,116,0.3053600000000001,1,0,0,0
7314,3.0,4.0202007063954905,1.0202007063954912,112,0.3052650000000001,1,0,0,0
7315,3.0,4.0451201463280455,1.0451201463280462,115,0.30516999999999994,1,0,0,0
7316,3.0,4.022275575824284,1.022275575824284,112,0.305075,1,0,0,0
7317,3.0,4.010728570440492,1.0107285704404918,110,0.30498000000000003,1,0,0,0
7318,3.0,4.04798562418016,1.0479856241801606,115,0.30488499999999996,1,0,0,0
7319,3.0,4.026835875080584,1.026835875080584,113,0.30479,1,0,0,0
7320,3.0,4.256428157363623,1.2564281573636296,148,0.30469500000000005,1,0,0,0
7321,3.0,4.009431005320522,1.0094310053205224,110,0.3046000000000001,1,0,0,0
7322,3.0,4.045120146328045,1.0451201463280457,115,0.304505,1,0,0,0
7323,3.0,3.9871104972448332,0.9871104972448337,106,0.30441000000000007,1,0,0,0
7324,3.0,4.092022490771164,1.0920224907711658,123,0.3043150000000001,1,0,0,0
7325,3.0,4.178646411433105,1.178646411433109,137,0.30421999999999993,1,0,0,0
7326,3.0,4.013906942892449,1.0139069428924496,111,0.304125,1,0,0,0
7327,3.0,3.973302163569299,0.9733021635692989,104,0.30403,1,0,0,0
7328,3.0,4.037799638252356,1.0377996382523573,113,0.30393500000000007,1,0,0,0
7329,3.0,4.089761162479422,1.0897611624794237,123,0.30384,1,0,0,0
7330,3.0,4.076578988410537,1.0765789884105386,120,0.30374500000000004,1,0,0,0
7331,3.0,3.9761467340730605,0.9761467340730606,105,0.3036500000000001,1,0,0,0
7332,3.0,3.995474855624595,0.9954748556245953,109,0.303555,1,0,0,0
7333,3.0,4.060551770902744,1.0605517709027452,120,0.30346000000000006,1,0,0,0
7334,3.0,3.950457593065537,0.950457593065537,101,0.3033650000000001,1,0,0,0
7335,3.0,3.9858129321248645,0.9858129321248645,106,0.30326999999999993,1,0,0,0
7336,3.0,3.968302163569299,0.9683021635692988,104,0.303175,1,0,0,0
7337,3.0,4.183821443909669,1.1838214439096733,139,0.30308,1,0,0,0
7338,3.0,4.060035784643672,1.0600357846436732,118,0.30298500000000006,1,0,0,0
7339,3.0,4.05536578497494,1.0553657849749418,118,0.30289,1,0,0,0
7340,3.0,4.0364139098310865,1.0364139098310878,114,0.30279500000000004,1,0,0,0
7341,3.0,4.111761624120955,1.1117616241209582,126,0.3027000000000001,1,0,0,0
7342,3.0,4.015204508012419,1.0152045080124186,111,0.302605,1,0,0,0
7343,3.0,3.99658643481676,0.9965864348167607,108,0.30251000000000006,1,0,0,0
7344,3.0,4.050559847071745,1.0505598470717459,116,0.3024150000000001,1,0,0,0
7345,3.0,4.059592282283044,1.0595922822830457,117,0.30232000000000003,1,0,0,0
7346,3.0,4.017799638252357,1.017799638252357,111,0.30222499999999997,1,0,0,0
7347,3.0,4.185731234759012,1.185731234759016,138,0.30213,1,0,0,0
7348,3.0,4.053738219523703,1.053738219523704,117,0.30203500000000005,1,0,0,0
7349,3.0,4.031835875080583,1.031835875080584,113,0.30194,1,0,0,0
7350,3.0,4.038231262827056,1.0382312628270567,116,0.30184500000000003,1,0,0,0
7351,3.0,4.120306762018625,1.120306762018628,127,0.3017500000000001,1,0,0,0
7352,3.0,4.099803606938906,1.099803606938908,124,0.301655,1,0,0,0
7353,3.0,3.9848453673361637,0.9848453673361638,107,0.30156000000000005,1,0,0,0
7354,3.0,4.0568574121917145,1.0568574121917156,116,0.3014650000000001,1,0,0,0
7355,3.0,4.082433051169877,1.0824330511698799,121,0.30137,1,0,0,0
7356,3.0,4.068210355478702,1.0682103554787035,120,0.30127499999999996,1,0,0,0
7357,3.0,4.046857412191715,1.0468574121917154,115,0.30118,1,0,0,0
7358,3.0,4.026308011035583,1.0263080110355836,113,0.30108500000000005,1,0,0,0
7359,3.0,4.066469287998105,1.0664692879981068,120,0.30099,1,0,0,0
7360,3.0,4.049592282283045,1.0495922822830457,117,0.300895,1,0,0,0
7361,3.0,4.153976411764374,1.1539764117643774,133,0.30080000000000007,1,0,0,0
7362,3.0,4.0257801469905825,1.025780146990583,114,0.300705,1,0,0,0
7363,3.0,4.00832370068043,1.0083237006804302,109,0.30061000000000004,1,0,0,0
7364,3.0,4.069313858501867,1.0693138585018684,121,0.3005150000000001,1,0,0,0
7365,3.0,4.0484887792598805,1.0484887792598807,116,0.30042,1,0,0,0
7366,3.0,4.059004765518951,1.0590047655189527,118,0.30032499999999995,1,0,0,0
7367,3.0,4.042964716831807,1.0429647168318075,115,0.30023,1,0,0,0
7368,3.0,4.040450146659314,1.0404501466593148,115,0.30013500000000004,1,0,0,0
7369,3.0,4.083667613353371,1.0836676133533731,123,0.30004,1,0,0,0
7370,3.0,4.114093558583029,1.1140935585830316,125,0.299945,1,0,0,0
7371,3.0,4.083062539458309,1.083062539458311,122,0.29985000000000006,1,0,0,0
7372,3.0,4.03304907851618,1.0330490785161803,114,0.2997550000000001,1,0,0,0
7373,3.0,4.093404417575506,1.093404417575508,122,0.29966000000000004,1,0,0,0
7374,3.0,4.112183767733686,1.1121837677336888,126,0.2995650000000001,1,0,0,0
7375,3.0,4.120235231513604,1.1202352315136073,130,0.29947,1,0,0,0
7376,3.0,4.030453948276241,1.030453948276242,114,0.29937499999999995,1,0,0,0
7377,3.0,4.005728570440492,1.0057285704404917,109,0.29928,1,0,0,0
7378,3.0,4.060306132255848,1.0603061322558496,119,0.29918500000000003,1,0,0,0
7379,3.0,4.032271774207356,1.0322717742073568,114,0.29908999999999997,1,0,0,0
7380,3.0,4.123421680134563,1.1234216801345658,128,0.298995,1,0,0,0
7381,3.0,3.9902888696967915,0.9902888696967916,107,0.29890000000000005,1,0,0,0
7382,3.0,4.148924835214283,1.1489248352142858,131,0.2988050000000001,1,0,0,0
7383,3.0,4.0606289807528055,1.0606289807528069,120,0.29871000000000003,1,0,0,0
7384,3.0,4.012939378103749,1.012939378103749,111,0.2986150000000001,1,0,0,0
7385,3.0,3.951755158185506,0.9517551581855064,101,0.2985200000000001,1,0,0,0
7386,3.0,4.028379078847449,1.028379078847449,113,0.29842499999999994,1,0,0,0
7387,3.0,4.133283469139924,1.1332834691399265,130,0.29833,1,0,0,0
7388,3.0,3.996582633199833,0.9965826331998334,108,0.29823500000000003,1,0,0,0
7389,3.0,4.000812932124864,1.0008129321248647,108,0.29814000000000007,1,0,0,0
7390,3.0,4.013214000267999,1.0132140002679986,110,0.298045,1,0,0,0
7391,3.0,4.166211982692361,1.1662119826923651,139,0.29795000000000005,1,0,0,0
7392,3.0,4.031502073132387,1.0315020731323878,112,0.2978550000000001,1,0,0,0
7393,3.0,4.073154977311683,1.0731549773116846,118,0.29776,1,0,0,0
7394,3.0,4.185133764097804,1.1851337640978092,138,0.29766500000000007,1,0,0,0
7395,3.0,4.044786344379849,1.04478634437985,115,0.2975700000000001,1,0,0,0
7396,3.0,4.09441975729737,1.0944197572973726,123,0.29747499999999993,1,0,0,0
7397,3.0,4.056417711448014,1.056417711448015,116,0.29738,1,0,0,0
7398,3.0,3.99788399993673,0.9978839999367302,108,0.297285,1,0,0,0
7399,3.0,4.020204508012418,1.0202045080124187,112,0.29719000000000007,1,0,0,0
7400,3.0,4.140556202282448,1.1405562022824511,130,0.297095,1,0,0,0
7401,3.0,4.001920236764956,1.0019202367649567,109,0.29700000000000004,1,0,0,0
7402,3.0,4.0478512148024475,1.0478512148024484,117,0.2969050000000001,1,0,0,0
7403,3.0,4.084114465931382,1.0841144659313844,121,0.29681,1,0,0,0
7404,3.0,4.05536578497494,1.0553657849749418,118,0.29671500000000006,1,0,0,0
7405,3.0,4.121270525190399,1.1212705251904012,126,0.2966200000000001,1,0,0,0
7406,3.0,4.056143089283765,1.0561430892837655,118,0.29652500000000004,1,0,0,0
7407,3.0,4.145358338568716,1.1453583385687194,132,0.29642999999999997,1,0,0,0
7408,3.0,4.01890694289245,1.0189069428924495,112,0.296335,1,0,0,0
7409,3.0,4.0985656945380295,1.0985656945380313,124,0.29624000000000006,1,0,0,0
7410,3.0,4.099803606938906,1.0998036069389077,124,0.296145,1,0,0,0
7411,3.0,4.0801374088871025,1.0801374088871039,122,0.29605000000000004,1,0,0,0
7412,3.0,3.9657070333293607,0.9657070333293603,104,0.2959550000000001,1,0,0,0
7413,3.0,4.088404417575505,1.0884044175755079,120,0.29586,1,0,0,0
7414,3.0,4.100137408887102,1.100137408887104,125,0.29576500000000006,1,0,0,0
7415,3.0,4.085513655294783,1.0855136552947844,123,0.2956700000000001,1,0,0,0
7416,3.0,4.060893649019941,1.0608936490199423,117,0.29557500000000003,1,0,0,0
7417,3.0,4.026751513396211,1.0267515133962113,113,0.29547999999999996,1,0,0,0
7418,3.0,3.99288399993673,0.99288399993673,107,0.295385,1,0,0,0
7419,3.0,4.044152581539345,1.0441525815393453,117,0.29529000000000005,1,0,0,0
7420,3.0,4.010204508012419,1.010204508012419,110,0.295195,1,0,0,0
7421,3.0,4.05219121413991,1.0521912141399115,116,0.29510000000000003,1,0,0,0
7422,3.0,4.076469287998105,1.0764692879981066,122,0.2950050000000001,1,0,0,0
7423,3.0,4.065035784643672,1.065035784643673,119,0.29491,1,0,0,0
7424,3.0,4.017605576155552,1.0176055761555527,112,0.29481500000000005,1,0,0,0
7425,3.0,4.053818779591149,1.0538187795911493,117,0.2947200000000001,1,0,0,0
7426,3.0,4.107454115345863,1.1074541153458655,127,0.294625,1,0,0,0
7427,3.0,4.0503619833580125,1.0503619833580142,117,0.29452999999999996,1,0,0,0
7428,3.0,4.11279599346306,1.1127959934630625,126,0.294435,1,0,0,0
7429,3.0,3.9675286608774023,0.9675286608774025,103,0.29434000000000005,1,0,0,0
7430,3.0,3.9720045984493293,0.9720045984493295,105,0.294245,1,0,0,0
7431,3.0,4.120830824446698,1.120830824446701,127,0.29415,1,0,0,0
7432,3.0,4.000288869696792,1.0002888696967915,108,0.29405500000000007,1,0,0,0
7433,3.0,4.04304907851618,1.0430490785161803,114,0.2939600000000001,1,0,0,0
7434,3.0,4.011062372388688,1.0110623723886878,110,0.29386500000000004,1,0,0,0
7435,3.0,4.022799638252357,1.0227996382523572,112,0.2937700000000001,1,0,0,0
7436,3.0,3.956755158185506,0.9567551581855064,102,0.293675,1,0,0,0
7437,3.0,4.084617621011103,1.0846176210111043,121,0.29357999999999995,1,0,0,0
7438,3.0,4.046417711448014,1.0464177114480153,116,0.293485,1,0,0,0
7439,3.0,4.1646869115197935,1.1646869115197975,136,0.29339000000000004,1,0,0,0
7440,3.0,4.104093558583029,1.1040935585830314,124,0.293295,1,0,0,0
7441,3.0,4.206339364299546,1.2063393642995508,142,0.2932,1,0,0,0
7442,3.0,4.0512198477342825,1.0512198477342833,117,0.29310500000000006,1,0,0,0
7443,3.0,4.072106852455537,1.0721068524555386,119,0.2930100000000001,1,0,0,0
7444,3.0,4.051857412191715,1.0518574121917155,116,0.29291500000000004,1,0,0,0
7445,3.0,3.9761467340730605,0.9761467340730606,105,0.2928200000000001,1,0,0,0
7446,3.0,4.057715276567983,1.0577152765679847,116,0.292725,1,0,0,0
7447,3.0,4.12289761770649,1.1228976177064929,128,0.29262999999999995,1,0,0,0
7448,3.0,3.9795997286892675,0.979599728689268,105,0.292535,1,0,0,0
7449,3.0,3.993217801884926,0.9932178018849263,108,0.29244000000000003,1,0,0,0
7450,3.0,4.0277996382523575,1.027799638252357,112,0.2923450000000001,1,0,0,0
7451,3.0,4.060699586923136,1.0606995869231377,119,0.29225,1,0,0,0
7452,3.0,3.9670045984493294,0.9670045984493296,104,0.29215500000000005,1,0,0,0
7453,3.0,4.092880355147433,1.092880355147435,123,0.2920600000000001,1,0,0,0
7454,3.0,4.1256405639668206,1.1256405639668239,127,0.29196500000000003,1,0,0,0
7455,3.0,4.005812932124864,1.0058129321248646,109,0.2918700000000001,1,0,0,0
7456,3.0,3.9875286608774028,0.9875286608774025,105,0.291775,1,0,0,0
7457,3.0,4.111414066658718,1.1114140666587202,125,0.29167999999999994,1,0,0,0
7458,3.0,4.173304533315908,1.173304533315912,137,0.291585,1,0,0,0
7459,3.0,4.013133440200553,1.0131334402005532,110,0.29149,1,0,0,0
7460,3.0,4.030974209087387,1.0309742090873875,113,0.29139500000000007,1,0,0,0
7461,3.0,3.974785714617071,0.9747857146170715,106,0.2913,1,0,0,0
7462,3.0,3.9234708869380444,0.9234708869380445,97,0.29120500000000005,1,0,0,0
7463,3.0,3.993217801884926,0.9932178018849263,108,0.2911100000000001,1,0,0,0
7464,3.0,4.1188956948692965,1.1188956948692996,127,0.291015,1,0,0,0
7465,3.0,4.02332370068043,1.02332370068043,111,0.29092000000000007,1,0,0,0
7466,3.0,4.134448897642356,1.1344488976423588,129,0.290825,1,0,0,0
7467,3.0,3.9930199381711944,0.9930199381711943,109,0.29073000000000004,1,0,0,0
7468,3.0,4.11279599346306,1.1127959934630622,126,0.290635,1,0,0,0
7469,3.0,4.176487180319938,1.176487180319943,136,0.29054,1,0,0,0
7470,3.0,4.067686293050629,1.0676862930506306,120,0.29044500000000006,1,0,0,0
7471,3.0,4.001392372719956,1.0013923727199563,109,0.29035,1,0,0,0
7472,3.0,4.077880355147434,1.077880355147435,121,0.29025500000000004,1,0,0,0
7473,3.0,4.219067082556565,1.2190670825565697,146,0.2901600000000001,1,0,0,0
7474,3.0,4.099093558583029,1.0990935585830315,124,0.290065,1,0,0,0
7475,3.0,4.040893649019941,1.040893649019942,115,0.28997000000000006,1,0,0,0
7476,3.0,4.053738219523703,1.053738219523704,117,0.289875,1,0,0,0
7477,3.0,4.044346643636149,1.04434664363615,114,0.28978000000000004,1,0,0,0
7478,3.0,4.113231892589832,1.113231892589835,126,0.28968499999999997,1,0,0,0
7479,3.0,4.125222400334253,1.1252224003342552,127,0.28959,1,0,0,0
7480,3.0,4.026502073132387,1.0265020731323877,112,0.28949500000000006,1,0,0,0
7481,3.0,4.015534508343687,1.0155345083436873,112,0.2894,1,0,0,0
7482,3.0,4.071333349763641,1.0713333497636426,118,0.28930500000000003,1,0,0,0
7483,3.0,4.034680445584345,1.0346804455843457,114,0.2892100000000001,1,0,0,0
7484,3.0,4.062964716831806,1.062964716831808,118,0.289115,1,0,0,0
7485,3.0,3.968302163569299,0.968302163569299,104,0.28902000000000005,1,0,0,0
7486,3.0,4.0280452768992525,1.028045276899253,113,0.288925,1,0,0,0
7487,3.0,4.0246804455843455,1.024680445584346,113,0.28883000000000003,1,0,0,0
7488,3.0,4.019764807268718,1.0197648072687184,111,0.28873499999999996,1,0,0,0
7489,3.0,4.044008567135879,1.0440085671358803,117,0.28864,1,0,0,0
7490,3.0,4.064859279677837,1.0648592796778378,120,0.28854500000000005,1,0,0,0
7491,3.0,4.094427360531226,1.0944273605312276,123,0.28845,1,0,0,0
7492,3.0,4.162733168889817,1.1627331688898208,132,0.28835500000000003,1,0,0,0
7493,3.0,4.018319426128357,1.0183194261283568,113,0.28826000000000007,1,0,0,0
7494,3.0,4.016502073132388,1.016502073132388,111,0.2881650000000001,1,0,0,0
7495,3.0,3.96959592707234,0.9695959270723405,104,0.28807000000000005,1,0,0,0
7496,3.0,4.0417515133962105,1.0417515133962112,114,0.287975,1,0,0,0
7497,3.0,3.9974442991930292,0.9974442991930297,107,0.28788,1,0,0,0
7498,3.0,3.993217801884926,0.993217801884926,107,0.28778499999999996,1,0,0,0
7499,3.0,3.9902888696967915,0.9902888696967916,107,0.28769,1,0,0,0
7500,3.0,3.994515367004895,0.9945153670048953,108,0.28759500000000005,1,0,0,0
7501,3.0,3.951755158185506,0.9517551581855063,101,0.2875000000000001,1,0,0,0
7502,3.0,3.9882140002679987,0.9882140002679988,107,0.287405,1,0,0,0
7503,3.0,4.089617621011103,1.0896176210111044,122,0.28731000000000007,1,0,0,0
7504,3.0,3.9774442991930297,0.9774442991930299,105,0.2872150000000001,1,0,0,0
7505,3.0,3.9906226716449877,0.9906226716449876,108,0.28712000000000004,1,0,0,0
7506,3.0,3.9446840903736407,0.944684090373641,100,0.2870250000000001,1,0,0,0
7507,3.0,4.070889847403013,1.0708898474030148,119,0.28693,1,0,0,0
7508,3.0,4.104867061274925,1.1048670612749278,125,0.28683499999999995,1,0,0,0
7509,3.0,3.9707070333293597,0.9707070333293603,105,0.28674,1,0,0,0
7510,3.0,3.9740756662611947,0.974075666261195,105,0.28664500000000004,1,0,0,0
7511,3.0,4.12823569420676,1.1282356942067624,126,0.2865500000000001,1,0,0,0
7512,3.0,4.086434974007071,1.0864349740070733,123,0.286455,1,0,0,0
7513,3.0,4.01702613556046,1.0170261355604608,111,0.28636000000000006,1,0,0,0
7514,3.0,3.9633021635692987,0.9633021635692988,103,0.2862650000000001,1,0,0,0
7515,3.0,4.055889847403014,1.0558898474030147,117,0.28617000000000004,1,0,0,0
7516,3.0,4.109093558583028,1.1090935585830315,125,0.2860750000000001,1,0,0,0
7517,3.0,4.179698337906178,1.1796983379061825,134,0.28598,1,0,0,0
7518,3.0,4.064452542431653,1.064452542431654,117,0.28588500000000006,1,0,0,0
7519,3.0,4.06340061595858,1.0634006159585805,118,0.28579,1,0,0,0
7520,3.0,4.022799638252357,1.0227996382523572,111,0.28569500000000003,1,0,0,0
7521,3.0,4.068738219523702,1.0687382195237036,118,0.2856000000000001,1,0,0,0
7522,3.0,4.101164626394895,1.1011646263948969,124,0.285505,1,0,0,0
7523,3.0,4.0185731409442536,1.0185731409442536,111,0.28541000000000005,1,0,0,0
7524,3.0,4.040974209087387,1.0409742090873875,115,0.2853150000000001,1,0,0,0
7525,3.0,4.0289069428924495,1.0289069428924495,113,0.28522000000000003,1,0,0,0
7526,3.0,4.053340963239487,1.0533409632394881,117,0.2851250000000001,1,0,0,0
7527,3.0,4.001920236764956,1.0019202367649567,108,0.28503,1,0,0,0
7528,3.0,4.041417711448014,1.0414177114480152,114,0.28493500000000005,1,0,0,0
7529,3.0,3.9483865252536714,0.9483865252536715,101,0.28484,1,0,0,0
7530,3.0,4.0260623723886875,1.0260623723886877,112,0.284745,1,0,0,0
7531,3.0,3.980373231381164,0.9803732313811641,106,0.28465000000000007,1,0,0,0
7532,3.0,3.931839519869879,0.9318395198698788,98,0.284555,1,0,0,0
7533,3.0,4.039676643967418,1.0396766439674185,115,0.28446000000000005,1,0,0,0
7534,3.0,4.00788399993673,1.00788399993673,109,0.2843650000000001,1,0,0,0
7535,3.0,3.995373231381164,0.9953732313811644,108,0.28427,1,0,0,0
7536,3.0,4.123485134470583,1.123485134470586,127,0.28417500000000007,1,0,0,0
7537,3.0,4.001062372388688,1.0010623723886878,109,0.28408,1,0,0,0
7538,3.0,4.007165875411852,1.0071658754118527,111,0.28398500000000004,1,0,0,0
7539,3.0,4.040644208756118,1.0406442087561187,114,0.28389,1,0,0,0
7540,3.0,4.026502073132388,1.026502073132388,112,0.283795,1,0,0,0
7541,3.0,4.004764807268718,1.0047648072687185,110,0.28370000000000006,1,0,0,0
7542,3.0,4.061667151711838,1.0616671517118386,118,0.283605,1,0,0,0
7543,3.0,3.959933530637464,0.959933530637464,103,0.28351000000000004,1,0,0,0
7544,3.0,4.023903141275522,1.023903141275522,112,0.2834150000000001,1,0,0,0
7545,3.0,4.047191214139911,1.0471912141399116,116,0.2833200000000001,1,0,0,0
7546,3.0,3.9491600279455676,0.9491600279455678,101,0.28322500000000006,1,0,0,0
7547,3.0,4.0397863443798485,1.0397863443798498,114,0.28313,1,0,0,0
7548,3.0,4.031751513396211,1.0317515133962112,114,0.28303500000000004,1,0,0,0
7549,3.0,4.049262281951776,1.0492622819517767,116,0.28293999999999997,1,0,0,0
7550,3.0,4.10817223987074,1.1081722398707428,126,0.282845,1,0,0,0
7551,3.0,4.008217801884926,1.008217801884926,109,0.28275000000000006,1,0,0,0
7552,3.0,4.0708092873355675,1.0708092873355695,119,0.282655,1,0,0,0
7553,3.0,4.0157285704404915,1.0157285704404917,111,0.28256000000000003,1,0,0,0
7554,3.0,4.096582790027464,1.0965827900274658,123,0.2824650000000001,1,0,0,0
7555,3.0,3.9851829709012874,0.9851829709012873,108,0.2823700000000001,1,0,0,0
7556,3.0,4.004431005320523,1.0044310053205225,109,0.28227500000000005,1,0,0,0
7557,3.0,4.033822581208076,1.0338225812080766,114,0.28218,1,0,0,0
7558,3.0,4.046417711448014,1.0464177114480153,115,0.28208500000000003,1,0,0,0
7559,3.0,4.001586434816761,1.001586434816761,109,0.28198999999999996,1,0,0,0
7560,3.0,4.038822581208076,1.0388225812080767,114,0.281895,1,0,0,0
7561,3.0,3.971231095757433,0.9712310957574334,105,0.28180000000000005,1,0,0,0
7562,3.0,4.006920236764957,1.0069202367649568,110,0.2817050000000001,1,0,0,0
7563,3.0,4.103320055891133,1.1033200558911351,124,0.28161,1,0,0,0
7564,3.0,4.071381124696805,1.0713811246968066,121,0.28151500000000007,1,0,0,0
7565,3.0,4.048290915546148,1.0482909155461486,117,0.2814200000000001,1,0,0,0
7566,3.0,4.020288869696791,1.0202888696967916,111,0.28132500000000005,1,0,0,0
7567,3.0,4.094166042481474,1.0941660424814759,125,0.28123,1,0,0,0
7568,3.0,4.016835875080584,1.016835875080584,112,0.281135,1,0,0,0
7569,3.0,4.010538309960614,1.0105383099606147,110,0.28103999999999996,1,0,0,0
7570,3.0,4.035644208756119,1.035644208756119,113,0.280945,1,0,0,0
7571,3.0,3.936649259390002,0.9366492593900023,99,0.28085000000000004,1,0,0,0
7572,3.0,4.09875548208276,1.0987554820827619,125,0.2807550000000001,1,0,0,0
7573,3.0,4.2360594126956315,1.236059412695637,147,0.28066,1,0,0,0
7574,3.0,3.9958129321248643,0.9958129321248644,107,0.28056500000000006,1,0,0,0
7575,3.0,4.053580799511574,1.0535807995115742,120,0.2804700000000001,1,0,0,0
7576,3.0,4.04848877925988,1.0484887792598807,116,0.28037500000000004,1,0,0,0
7577,3.0,4.02578394860751,1.0257839486075107,114,0.28028,1,0,0,0
7578,3.0,4.040120146328045,1.0401201463280458,115,0.280185,1,0,0,0
7579,3.0,3.931839519869879,0.9318395198698791,98,0.28009000000000006,1,0,0,0
7580,3.0,4.062106852455537,1.0621068524555386,118,0.279995,1,0,0,0
7581,3.0,4.032855016419376,1.032855016419376,115,0.27990000000000004,1,0,0,0
7582,3.0,4.03078394860751,1.0307839486075108,115,0.2798050000000001,1,0,0,0
7583,3.0,4.070475485387372,1.0704754853873735,119,0.27971,1,0,0,0
7584,3.0,4.105197061606194,1.1051970616061964,125,0.27961500000000006,1,0,0,0
7585,3.0,3.964599728689268,0.9645997286892679,103,0.2795200000000001,1,0,0,0
7586,3.0,4.007296483172637,1.0072964831726372,110,0.27942500000000003,1,0,0,0
7587,3.0,4.047191214139911,1.0471912141399111,116,0.27932999999999997,1,0,0,0
7588,3.0,4.045120146328045,1.045120146328046,115,0.279235,1,0,0,0
7589,3.0,4.104947621342371,1.104947621342373,124,0.27914000000000005,1,0,0,0
7590,3.0,4.042964716831807,1.0429647168318077,115,0.279045,1,0,0,0
7591,3.0,3.9770045984493296,0.9770045984493296,105,0.27895000000000003,1,0,0,0
7592,3.0,4.030453948276241,1.030453948276242,114,0.2788550000000001,1,0,0,0
7593,3.0,4.076248988079268,1.0762489880792698,120,0.27876,1,0,0,0
7594,3.0,4.064596083899971,1.0645960838999728,118,0.27866500000000005,1,0,0,0
7595,3.0,3.9958129321248643,0.9958129321248644,107,0.2785700000000001,1,0,0,0
7596,3.0,4.109609544842101,1.1096095448421037,127,0.27847500000000003,1,0,0,0
7597,3.0,3.941839519869879,0.9418395198698791,99,0.27837999999999996,1,0,0,0
7598,3.0,4.088590403503309,1.0885904035033114,122,0.278285,1,0,0,0
7599,3.0,4.03246583630416,1.0324658363041612,112,0.27819000000000005,1,0,0,0
7600,3.0,3.991916435148029,0.9919164351480293,108,0.278095,1,0,0,0
7601,3.0,4.075281423290567,1.0752814232905692,121,0.278,1,0,0,0
7602,3.0,4.091381124696804,1.0913811246968064,124,0.27790500000000007,1,0,0,0
7603,3.0,4.064786344379849,1.0647863443798498,117,0.27781,1,0,0,0
7604,3.0,4.069177920267403,1.069177920267404,119,0.27771500000000005,1,0,0,0
7605,3.0,3.984849168953091,0.9848491689530912,107,0.2776200000000001,1,0,0,0
7606,3.0,3.9701791692843598,0.97017916928436,105,0.27752500000000013,1,0,0,0
7607,3.0,3.9716707965011335,0.9716707965011336,104,0.27742999999999995,1,0,0,0
7608,3.0,4.055035784643672,1.0550357846436733,117,0.277335,1,0,0,0
7609,3.0,4.015288869696792,1.0152888696967917,111,0.27724000000000004,1,0,0,0
7610,3.0,3.959933530637464,0.959933530637464,103,0.277145,1,0,0,0
7611,3.0,4.087106852455537,1.0871068524555387,121,0.27705,1,0,0,0
7612,3.0,3.971670796501133,0.9716707965011334,104,0.27695500000000006,1,0,0,0
7613,3.0,4.01890694289245,1.0189069428924495,112,0.27686,1,0,0,0
7614,3.0,3.9708972938092373,0.9708972938092374,104,0.27676500000000004,1,0,0,0
7615,3.0,4.048738219523703,1.048738219523704,116,0.2766700000000001,1,0,0,0
7616,3.0,3.973302163569299,0.9733021635692989,104,0.2765750000000001,1,0,0,0
7617,3.0,3.9477990084895787,0.9477990084895788,102,0.27647999999999995,1,0,0,0
7618,3.0,4.033822581208076,1.0338225812080766,114,0.276385,1,0,0,0
7619,3.0,4.103899496486225,1.1038994964862274,125,0.27629000000000004,1,0,0,0
7620,3.0,4.055889847403014,1.055889847403015,117,0.27619499999999997,1,0,0,0
7621,3.0,4.0624406544037335,1.0624406544037346,118,0.2761,1,0,0,0
7622,3.0,3.9675286608774023,0.9675286608774025,103,0.27600500000000006,1,0,0,0
7623,3.0,3.9902888696967915,0.9902888696967914,107,0.2759100000000001,1,0,0,0
7624,3.0,3.995479130176668,0.9954791301766683,107,0.27581500000000003,1,0,0,0
7625,3.0,4.069012841687952,1.0690128416879536,117,0.2757200000000001,1,0,0,0
7626,3.0,3.9901753676674323,0.9901753676674324,108,0.2756250000000001,1,0,0,0
7627,3.0,3.99061887002806,0.9906188700280603,108,0.27553000000000005,1,0,0,0
7628,3.0,4.045496392735725,1.0454963927357264,116,0.275435,1,0,0,0
7629,3.0,4.021502073132387,1.0215020731323883,111,0.27534000000000003,1,0,0,0
7630,3.0,3.999955067748595,0.9999550677485955,108,0.27524499999999996,1,0,0,0
7631,3.0,3.989511565387968,0.9895115653879681,107,0.27515,1,0,0,0
7632,3.0,4.0275250160881075,1.0275250160881075,113,0.27505500000000005,1,0,0,0
7633,3.0,3.998657502628626,0.9986575026286262,108,0.2749600000000001,1,0,0,0
7634,3.0,3.984845367336164,0.9848453673361639,107,0.274865,1,0,0,0
7635,3.0,4.0224658363041605,1.022465836304161,111,0.27477000000000007,1,0,0,0
7636,3.0,4.041557451299406,1.041557451299407,116,0.2746750000000001,1,0,0,0
7637,3.0,4.022275575824283,1.022275575824284,112,0.27458000000000005,1,0,0,0
7638,3.0,3.947279220613579,0.9472792206135793,100,0.274485,1,0,0,0
7639,3.0,4.101164626394894,1.1011646263948969,124,0.27439,1,0,0,0
7640,3.0,4.001586434816761,1.001586434816761,109,0.27429500000000007,1,0,0,0
7641,3.0,4.046941773876087,1.0469417738760882,115,0.2742,1,0,0,0
7642,3.0,4.000288869696791,1.0002888696967913,109,0.27410500000000004,1,0,0,0
7643,3.0,3.994515367004895,0.9945153670048954,108,0.2740100000000001,1,0,0,0
7644,3.0,4.116101172058874,1.1161011720588772,127,0.273915,1,0,0,0
7645,3.0,4.116934327469863,1.1169343274698658,126,0.27382000000000006,1,0,0,0
7646,3.0,4.039152581539344,1.0391525815393454,115,0.2737250000000001,1,0,0,0
7647,3.0,3.9363154574418058,0.9363154574418061,99,0.27363000000000004,1,0,0,0
7648,3.0,4.021502073132387,1.021502073132388,112,0.273535,1,0,0,0
7649,3.0,3.995373231381164,0.9953732313811643,107,0.27344,1,0,0,0
7650,3.0,4.027081513727479,1.0270815137274798,114,0.27334500000000006,1,0,0,0
7651,3.0,3.9657032317124328,0.9657032317124329,104,0.27325,1,0,0,0
7652,3.0,4.018214000267998,1.0182140002679987,110,0.27315500000000004,1,0,0,0
7653,3.0,4.040893649019941,1.040893649019942,115,0.2730600000000001,1,0,0,0
7654,3.0,4.001392372719956,1.001392372719956,109,0.272965,1,0,0,0
7655,3.0,3.9625286608774024,0.9625286608774026,103,0.27287000000000006,1,0,0,0
7656,3.0,4.029870706064222,1.0298707060642227,112,0.2727750000000001,1,0,0,0
7657,3.0,3.989849168953091,0.9898491689530915,108,0.27268000000000003,1,0,0,0
7658,3.0,4.038049078516179,1.0380490785161807,115,0.27258499999999997,1,0,0,0
7659,3.0,4.003741864312999,1.003741864312999,108,0.27249,1,0,0,0
7660,3.0,3.9833021635692987,0.9833021635692988,106,0.27239500000000005,1,0,0,0
7661,3.0,4.037313745731694,1.0373137457316954,116,0.2723,1,0,0,0
7662,3.0,4.113235694206759,1.1132356942067625,126,0.27220500000000003,1,0,0,0
7663,3.0,4.087352491102433,1.0873524911024344,123,0.2721100000000001,1,0,0,0
7664,3.0,4.00605857077176,1.0060585707717604,110,0.272015,1,0,0,0
7665,3.0,3.94054195474991,0.94054195474991,99,0.27192000000000005,1,0,0,0
7666,3.0,3.979075666261195,0.9790756662611951,106,0.2718250000000001,1,0,0,0
7667,3.0,4.081304366246287,1.0813043662462885,122,0.27173000000000014,1,0,0,0
7668,3.0,3.9176973842461478,0.917697384246148,96,0.27163499999999996,1,0,0,0
7669,3.0,4.00884348855643,1.0088434885564297,111,0.27154,1,0,0,0
7670,3.0,3.993217801884926,0.9932178018849259,108,0.27144500000000005,1,0,0,0
7671,3.0,3.999955067748595,0.9999550677485955,108,0.27135,1,0,0,0
7672,3.0,4.076773050507341,1.0767730505073425,120,0.271255,1,0,0,0
7673,3.0,4.036751513396211,1.0367515133962113,115,0.27116000000000007,1,0,0,0
7674,3.0,4.05763091488361,1.0576309148836116,117,0.271065,1,0,0,0
7675,3.0,4.0006226716449875,1.0006226716449875,110,0.27097000000000004,1,0,0,0
7676,3.0,4.055893649019941,1.0558936490199422,117,0.2708750000000001,1,0,0,0
7677,3.0,4.0506995869231375,1.050699586923138,118,0.27078000000000013,1,0,0,0
7678,3.0,4.039596083899973,1.039596083899973,115,0.27068499999999995,1,0,0,0
7679,3.0,4.00890694289245,1.0089069428924495,110,0.27059,1,0,0,0
7680,3.0,4.071912790358732,1.0719127903587344,121,0.27049500000000004,1,0,0,0
7681,3.0,4.131153200008509,1.131153200008512,131,0.2704,1,0,0,0
7682,3.0,4.110970564298091,1.1109705642980925,126,0.270305,1,0,0,0
7683,3.0,3.99614673407306,0.9961467340730604,109,0.27021000000000006,1,0,0,0
7684,3.0,4.065035784643673,1.0650357846436733,118,0.2701150000000001,1,0,0,0
7685,3.0,4.0246766439674175,1.0246766439674182,113,0.27002000000000004,1,0,0,0
7686,3.0,4.040116344711118,1.0401163447111184,115,0.2699250000000001,1,0,0,0
7687,3.0,4.11105872759939,1.1110587275993928,125,0.2698300000000001,1,0,0,0
7688,3.0,4.016835875080584,1.0168358750805842,111,0.26973499999999995,1,0,0,0
7689,3.0,4.020534508343687,1.0205345083436872,112,0.26964,1,0,0,0
7690,3.0,3.989849168953091,0.9898491689530913,108,0.26954500000000003,1,0,0,0
7691,3.0,4.052715276567984,1.0527152765679846,116,0.26944999999999997,1,0,0,0
7692,3.0,4.04848877925988,1.0484887792598807,116,0.269355,1,0,0,0
7693,3.0,3.964933530637464,0.9649335306374642,103,0.26926000000000005,1,0,0,0
7694,3.0,4.0339031412755215,1.0339031412755222,114,0.2691650000000001,1,0,0,0
7695,3.0,4.064507920598672,1.0645079205986727,119,0.26907000000000003,1,0,0,0
7696,3.0,4.015204508012419,1.0152045080124188,111,0.2689750000000001,1,0,0,0
7697,3.0,4.123956690074563,1.123956690074565,131,0.2688800000000001,1,0,0,0
7698,3.0,4.055120146328045,1.055120146328046,117,0.26878499999999994,1,0,0,0
7699,3.0,4.088070615627309,1.0880706156273117,121,0.26869,1,0,0,0
7700,3.0,4.01158643481676,1.0115864348167607,109,0.26859500000000003,1,0,0,0
7701,3.0,4.109342998846852,1.1093429988468546,126,0.26850000000000007,1,0,0,0
7702,3.0,4.036747711779283,1.0367477117792838,115,0.268405,1,0,0,0
7703,3.0,4.001586434816761,1.0015864348167607,109,0.26831000000000005,1,0,0,0
7704,3.0,4.0708092873355675,1.0708092873355697,120,0.2682150000000001,1,0,0,0
7705,3.0,4.063061011635574,1.0630610116355745,120,0.26812,1,0,0,0
7706,3.0,4.175273976884343,1.1752739768843468,137,0.26802500000000007,1,0,0,0
7707,3.0,3.9833021635692987,0.9833021635692987,106,0.2679300000000001,1,0,0,0
7708,3.0,4.094507920598671,1.0945079205986727,124,0.26783499999999993,1,0,0,0
7709,3.0,4.0280452768992525,1.028045276899253,113,0.26774,1,0,0,0
7710,3.0,4.0495960838999725,1.049596083899973,116,0.267645,1,0,0,0
7711,3.0,4.054786344379849,1.05478634437985,116,0.26755000000000007,1,0,0,0
7712,3.0,3.970457593065537,0.970457593065537,103,0.267455,1,0,0,0
7713,3.0,3.9965864348167606,0.9965864348167608,108,0.26736000000000004,1,0,0,0
7714,3.0,4.1416043271385945,1.1416043271385974,128,0.2672650000000001,1,0,0,0
7715,3.0,4.064262281951775,1.064262281951777,118,0.26717,1,0,0,0
7716,3.0,4.068488779259879,1.0684887792598807,118,0.26707500000000006,1,0,0,0
7717,3.0,4.018319426128357,1.0183194261283568,113,0.2669800000000001,1,0,0,0
7718,3.0,4.101248988079267,1.10124898807927,123,0.26688500000000004,1,0,0,0
7719,3.0,3.9902888696967915,0.9902888696967914,107,0.26678999999999997,1,0,0,0
7720,3.0,3.9106263164342825,0.9106263164342826,95,0.266695,1,0,0,0
7721,3.0,4.009955067748596,1.0099550677485956,109,0.26660000000000006,1,0,0,0
7722,3.0,3.923470886938044,0.9234708869380444,97,0.266505,1,0,0,0
7723,3.0,4.005288869696791,1.0052888696967914,109,0.26641000000000004,1,0,0,0
7724,3.0,4.1418499657854895,1.141849965785493,130,0.2663150000000001,1,0,0,0
7725,3.0,3.995474855624595,0.9954748556245951,109,0.26622,1,0,0,0
7726,3.0,3.965457593065537,0.965457593065537,103,0.26612500000000006,1,0,0,0
7727,3.0,4.147099406049313,1.1470994060493163,132,0.2660300000000001,1,0,0,0
7728,3.0,4.109177920267402,1.1091779202674041,124,0.26593500000000003,1,0,0,0
7729,3.0,4.104533259326729,1.1045332593267316,124,0.26583999999999997,1,0,0,0
7730,3.0,4.089093558583029,1.0890935585830313,122,0.265745,1,0,0,0
7731,3.0,4.074504118981743,1.0745041189817452,120,0.26565000000000005,1,0,0,0
7732,3.0,4.000288869696792,1.0002888696967915,108,0.265555,1,0,0,0
7733,3.0,3.9745997286892676,0.974599728689268,104,0.26546000000000003,1,0,0,0
7734,3.0,3.9630527233054753,0.9630527233054754,102,0.2653650000000001,1,0,0,0
7735,3.0,4.027275575824284,1.0272755758242842,113,0.26527,1,0,0,0
7736,3.0,4.022799638252357,1.0227996382523574,111,0.26517500000000005,1,0,0,0
7737,3.0,3.9952850680798635,0.9952850680798638,108,0.2650800000000001,1,0,0,0
7738,3.0,3.993217801884926,0.993217801884926,108,0.264985,1,0,0,0
7739,3.0,4.005288869696791,1.0052888696967914,109,0.26488999999999996,1,0,0,0
7740,3.0,3.993741864312999,0.9937418643129989,107,0.264795,1,0,0,0
7741,3.0,4.051405833662086,1.0514058336620866,118,0.26470000000000005,1,0,0,0
7742,3.0,4.186871029961473,1.1868710299614786,139,0.264605,1,0,0,0
7743,3.0,3.9895153670048957,0.9895153670048954,107,0.26451,1,0,0,0
7744,3.0,3.9745997286892676,0.974599728689268,104,0.26441500000000007,1,0,0,0
7745,3.0,4.009431005320522,1.0094310053205224,110,0.2643200000000001,1,0,0,0
7746,3.0,4.056079634947745,1.056079634947746,118,0.26422500000000004,1,0,0,0
7747,3.0,4.043171610107963,1.0431716101079642,117,0.2641300000000001,1,0,0,0
7748,3.0,4.038239338996057,1.0382393389960574,114,0.264035,1,0,0,0
7749,3.0,4.088125993794329,1.0881259937943308,122,0.26393999999999995,1,0,0,0
7750,3.0,4.086857412191714,1.0868574121917154,120,0.263845,1,0,0,0
7751,3.0,4.020538309960614,1.0205383099606147,112,0.26375000000000004,1,0,0,0
7752,3.0,4.02597040747046,1.0259704074704603,113,0.263655,1,0,0,0
7753,3.0,4.034346643636149,1.0343466436361497,113,0.26356,1,0,0,0
7754,3.0,4.081235582470603,1.081235582470605,123,0.26346500000000006,1,0,0,0
7755,3.0,3.9292443896299405,0.9292443896299406,98,0.2633700000000001,1,0,0,0
7756,3.0,4.023906942892449,1.0239069428924494,113,0.26327500000000004,1,0,0,0
7757,3.0,4.091477419500571,1.0914774195005734,126,0.2631800000000001,1,0,0,0
7758,3.0,4.00890694289245,1.0089069428924493,110,0.2630850000000001,1,0,0,0
7759,3.0,4.029870706064222,1.0298707060642225,113,0.26298999999999995,1,0,0,0
7760,3.0,4.0375212144711785,1.0375212144711798,115,0.262895,1,0,0,0
7761,3.0,3.968302163569299,0.9683021635692988,104,0.26280000000000003,1,0,0,0
7762,3.0,3.977194858929206,0.9771948589292064,104,0.2627050000000001,1,0,0,0
7763,3.0,4.113122192177401,1.1131221921774033,125,0.26261,1,0,0,0
7764,3.0,4.0202007063954905,1.0202007063954912,112,0.26251500000000005,1,0,0,0
7765,3.0,3.977778101141226,0.9777781011412258,106,0.2624200000000001,1,0,0,0
7766,3.0,4.082542751582309,1.0825427515823116,121,0.26232500000000003,1,0,0,0
7767,3.0,4.077106852455538,1.0771068524555387,120,0.2622300000000001,1,0,0,0
7768,3.0,3.9801791692843596,0.98017916928436,106,0.2621350000000001,1,0,0,0
7769,3.0,3.9247684520580135,0.9247684520580137,97,0.26203999999999994,1,0,0,0
7770,3.0,3.995094807599987,0.995094807599987,109,0.261945,1,0,0,0
7771,3.0,4.033573140944252,1.0335731409442532,113,0.26185,1,0,0,0
7772,3.0,4.0752852249074945,1.0752852249074962,121,0.26175500000000007,1,0,0,0
7773,3.0,3.9251022540062097,0.9251022540062096,97,0.26166,1,0,0,0
7774,3.0,3.9544938298937637,0.9544938298937639,102,0.26156500000000005,1,0,0,0
7775,3.0,4.093650056222401,1.0936500562224039,123,0.2614700000000001,1,0,0,0
7776,3.0,4.10726812941806,1.1072681294180617,126,0.261375,1,0,0,0
7777,3.0,3.951755158185506,0.9517551581855062,101,0.26128000000000007,1,0,0,0
7778,3.0,3.918994949366117,0.9189949493661175,96,0.2611850000000001,1,0,0,0
7779,3.0,3.957613022561775,0.9576130225617755,101,0.26109000000000004,1,0,0,0
7780,3.0,4.039596083899973,1.0395960838999732,115,0.260995,1,0,0,0
7781,3.0,4.072880355147433,1.0728803551474348,120,0.2609,1,0,0,0
7782,3.0,3.9924442991930302,0.99244429919303,107,0.26080500000000006,1,0,0,0
7783,3.0,4.011062372388688,1.0110623723886878,111,0.26071,1,0,0,0
7784,3.0,4.076769248890414,1.0767692488904155,120,0.26061500000000004,1,0,0,0
7785,3.0,4.038573140944253,1.0385731409442533,113,0.2605200000000001,1,0,0,0
7786,3.0,4.004431005320523,1.0044310053205223,109,0.260425,1,0,0,0
7787,3.0,4.137365952044561,1.1373659520445651,131,0.26033000000000006,1,0,0,0
7788,3.0,3.993214000267998,0.9932140002679986,108,0.2602350000000001,1,0,0,0
7789,3.0,4.01760937777248,1.0176093777724804,111,0.26014000000000004,1,0,0,0
7790,3.0,3.931839519869879,0.9318395198698789,98,0.26004499999999997,1,0,0,0
7791,3.0,3.952613022561775,0.9526130225617753,101,0.25995,1,0,0,0
7792,3.0,3.963302163569298,0.9633021635692988,103,0.25985500000000006,1,0,0,0
7793,3.0,4.044596083899972,1.0445960838999728,116,0.25976,1,0,0,0
7794,3.0,3.9670045984493294,0.9670045984493296,104,0.25966500000000003,1,0,0,0
7795,3.0,3.9437165255849402,0.9437165255849402,101,0.2595700000000001,1,0,0,0
7796,3.0,3.9247684520580135,0.9247684520580136,97,0.259475,1,0,0,0
7797,3.0,3.989075666261195,0.989075666261195,107,0.25938000000000005,1,0,0,0
7798,3.0,4.095281423290567,1.0952814232905692,124,0.2592850000000001,1,0,0,0
7799,3.0,3.9675286608774023,0.9675286608774025,103,0.25919000000000003,1,0,0,0
7800,3.0,4.0627152765679835,1.0627152765679846,117,0.25909499999999996,1,0,0,0
7801,3.0,3.9829683616211025,0.9829683616211028,106,0.259,1,0,0,0
7802,3.0,4.013991304576822,1.0139913045768223,110,0.25890500000000005,1,0,0,0
7803,3.0,4.043045276899252,1.043045276899253,115,0.25881,1,0,0,0
7804,3.0,3.911733621074375,0.9117336210743748,96,0.25871500000000003,1,0,0,0
7805,3.0,4.006772420744564,1.0067724207445643,110,0.25862000000000007,1,0,0,0
7806,3.0,4.102880355147433,1.1028803551474349,123,0.2585250000000001,1,0,0,0
7807,3.0,4.130028338237448,1.1300283382374512,129,0.25843000000000005,1,0,0,0
7808,3.0,3.9350178923218366,0.9350178923218369,99,0.2583350000000001,1,0,0,0
7809,3.0,4.0674406544037325,1.0674406544037347,120,0.25824,1,0,0,0
7810,3.0,3.981670796501133,0.9816707965011334,106,0.25814499999999996,1,0,0,0
7811,3.0,4.0534887792598795,1.0534887792598808,116,0.25805,1,0,0,0
7812,3.0,3.9641600279455673,0.9641600279455679,103,0.25795500000000005,1,0,0,0
7813,3.0,3.9683021635692985,0.9683021635692988,104,0.25786,1,0,0,0
7814,3.0,3.9437203272018677,0.9437203272018676,101,0.257765,1,0,0,0
7815,3.0,4.089617621011103,1.0896176210111044,122,0.25767000000000007,1,0,0,0
7816,3.0,3.990094807599987,0.990094807599987,108,0.2575750000000001,1,0,0,0
7817,3.0,4.161131841260612,1.1611318412606157,133,0.25748000000000004,1,0,0,0
7818,3.0,4.070999547815445,1.0709995478154464,119,0.2573850000000001,1,0,0,0
7819,3.0,3.9368395198698787,0.9368395198698791,99,0.25729,1,0,0,0
7820,3.0,4.106160824777967,1.1061608247779693,125,0.25719499999999995,1,0,0,0
7821,3.0,4.022081513727479,1.0220815137274797,113,0.2571,1,0,0,0
7822,3.0,4.096582790027464,1.0965827900274658,124,0.25700500000000004,1,0,0,0
7823,3.0,4.038573140944253,1.0385731409442536,113,0.2569100000000001,1,0,0,0
7824,3.0,3.993217801884926,0.9932178018849259,107,0.256815,1,0,0,0
7825,3.0,3.9575286608774025,0.9575286608774025,102,0.25672000000000006,1,0,0,0
7826,3.0,4.0795445626833455,1.0795445626833475,123,0.2566250000000001,1,0,0,0
7827,3.0,4.07263091488361,1.0726309148836117,119,0.25653000000000004,1,0,0,0
7828,3.0,3.9446840903736407,0.9446840903736408,100,0.2564350000000001,1,0,0,0
7829,3.0,4.00105857077176,1.00105857077176,109,0.25634,1,0,0,0
7830,3.0,3.9528624628255984,0.9528624628255986,102,0.25624499999999995,1,0,0,0
7831,3.0,4.056667151711837,1.0566671517118384,118,0.25615,1,0,0,0
7832,3.0,4.0372755758242835,1.0372755758242842,114,0.25605500000000003,1,0,0,0
7833,3.0,4.052323350757447,1.0523233507574483,119,0.2559600000000001,1,0,0,0
7834,3.0,3.969929729020537,0.9699297290205368,104,0.255865,1,0,0,0
7835,3.0,3.94598165549361,0.94598165549361,100,0.25577000000000005,1,0,0,0
7836,3.0,4.029346643636149,1.0293466436361498,113,0.2556750000000001,1,0,0,0
7837,3.0,3.9292443896299405,0.9292443896299407,98,0.25558000000000003,1,0,0,0
7838,3.0,4.052187412522983,1.052187412522984,116,0.2554850000000001,1,0,0,0
7839,3.0,4.06219121413991,1.0621912141399115,118,0.25539,1,0,0,0
7840,3.0,4.037601774538624,1.0376017745386255,115,0.25529500000000005,1,0,0,0
7841,3.0,3.9829683616211025,0.9829683616211029,105,0.2552,1,0,0,0
7842,3.0,3.9433865252536715,0.9433865252536716,100,0.255105,1,0,0,0
7843,3.0,4.008657502628626,1.0086575026286262,109,0.25501000000000007,1,0,0,0
7844,3.0,4.0579647168318065,1.0579647168318078,117,0.254915,1,0,0,0
7845,3.0,3.984849168953091,0.9848491689530913,107,0.25482000000000005,1,0,0,0
7846,3.0,3.9533865252536713,0.9533865252536716,101,0.2547250000000001,1,0,0,0
7847,3.0,4.042521214471179,1.0425212144711804,116,0.25463,1,0,0,0
7848,3.0,4.037021861008387,1.0370218610083874,115,0.25453500000000007,1,0,0,0
7849,3.0,3.9935440005992673,0.9935440005992673,108,0.25444,1,0,0,0
7850,3.0,3.997693739456853,0.997693739456853,109,0.25434500000000004,1,0,0,0
7851,3.0,3.99244429919303,0.9924442991930298,107,0.25425,1,0,0,0
7852,3.0,3.933470886938044,0.9334708869380443,98,0.254155,1,0,0,0
7853,3.0,4.0078839999367295,1.00788399993673,109,0.25406000000000006,1,0,0,0
7854,3.0,4.047521214471179,1.0475212144711803,116,0.253965,1,0,0,0
7855,3.0,3.9900394294329677,0.9900394294329683,106,0.25387000000000004,1,0,0,0
7856,3.0,4.016388571103029,1.016388571103029,111,0.2537750000000001,1,0,0,0
7857,3.0,3.975703231712433,0.9757032317124331,105,0.25368,1,0,0,0
7858,3.0,4.026747711779283,1.0267477117792836,113,0.25358500000000006,1,0,0,0
7859,3.0,4.1211646263948944,1.121164626394897,127,0.25349,1,0,0,0
7860,3.0,4.114665395944266,1.1146653959442685,127,0.25339500000000004,1,0,0,0
7861,3.0,3.964933530637464,0.9649335306374641,103,0.25329999999999997,1,0,0,0
7862,3.0,4.044342842019221,1.0443428420192222,115,0.253205,1,0,0,0
7863,3.0,4.057436852786806,1.0574368527868074,118,0.25311000000000006,1,0,0,0
7864,3.0,4.00114673407306,1.0011467340730604,108,0.253015,1,0,0,0
7865,3.0,3.9858129321248645,0.9858129321248648,106,0.25292000000000003,1,0,0,0
7866,3.0,3.996396174336884,0.9963961743368839,109,0.2528250000000001,1,0,0,0
7867,3.0,4.0658054857186405,1.0658054857186419,119,0.2527300000000001,1,0,0,0
7868,3.0,3.9546840903736404,0.9546840903736408,101,0.25263500000000005,1,0,0,0
7869,3.0,4.063488779259879,1.0634887792598806,117,0.25254,1,0,0,0
7870,3.0,4.03804907851618,1.0380490785161804,115,0.25244500000000003,1,0,0,0
7871,3.0,3.9915864348167602,0.9915864348167607,107,0.25234999999999996,1,0,0,0
7872,3.0,4.07580548571864,1.0758054857186419,121,0.252255,1,0,0,0
7873,3.0,4.019236943223718,1.019236943223718,112,0.25216000000000005,1,0,0,0
7874,3.0,3.9658972938092374,0.9658972938092374,103,0.252065,1,0,0,0
7875,3.0,3.9670007968324024,0.9670007968324023,104,0.25197,1,0,0,0
7876,3.0,3.9163998191261786,0.9163998191261787,96,0.25187500000000007,1,0,0,0
7877,3.0,4.024097203372326,1.0240972033723263,111,0.2517800000000001,1,0,0,0
7878,3.0,4.020728570440491,1.0207285704404918,111,0.25168500000000005,1,0,0,0
7879,3.0,4.033712880795644,1.0337128807956453,114,0.2515900000000001,1,0,0,0
7880,3.0,4.025534508343687,1.025534508343687,113,0.251495,1,0,0,0
7881,3.0,3.9978839999367297,0.9978839999367302,108,0.25139999999999996,1,0,0,0
7882,3.0,3.9392443896299403,0.9392443896299406,99,0.251305,1,0,0,0
7883,3.0,3.9483865252536714,0.9483865252536716,101,0.25121000000000004,1,0,0,0
7884,3.0,3.995094807599987,0.9950948075999871,109,0.2511150000000001,1,0,0,0
7885,3.0,4.00105857077176,1.0010585707717603,109,0.25102,1,0,0,0
7886,3.0,3.996586434816761,0.9965864348167609,108,0.25092500000000006,1,0,0,0
7887,3.0,4.009431005320522,1.0094310053205224,110,0.2508300000000001,1,0,0,0
7888,3.0,4.094863259657998,1.0948632596580001,123,0.25073500000000004,1,0,0,0
7889,3.0,3.998991304576822,0.9989913045768223,108,0.2506400000000001,1,0,0,0
7890,3.0,4.042901262495787,1.042901262495788,116,0.250545,1,0,0,0
7891,3.0,3.9470889601337023,0.9470889601337023,101,0.25044999999999995,1,0,0,0
7892,3.0,4.020094807599987,1.020094807599987,113,0.250355,1,0,0,0
7893,3.0,3.9956226716449876,0.9956226716449877,109,0.25026000000000004,1,0,0,0
7894,3.0,4.001586434816761,1.0015864348167607,108,0.2501650000000001,1,0,0,0
7895,3.0,3.9858129321248645,0.9858129321248644,106,0.25007,1,0,0,0
7896,3.0,3.9774442991930297,0.9774442991930298,105,0.24997500000000006,1,0,0,0
7897,3.0,3.969785714617071,0.9697857146170716,105,0.2498800000000001,1,0,0,0
7898,3.0,4.064452542431653,1.064452542431654,117,0.24978500000000003,1,0,0,0
7899,3.0,3.997359937508657,0.997359937508657,108,0.24969000000000008,1,0,0,0
7900,3.0,4.0532312628270555,1.0532312628270566,117,0.249595,1,0,0,0
7901,3.0,3.98561887002806,0.9856188700280603,107,0.24950000000000006,1,0,0,0
7902,3.0,4.030450146659314,1.0304501466593146,114,0.249405,1,0,0,0
7903,3.0,4.053154977311683,1.0531549773116846,116,0.24931000000000003,1,0,0,0
7904,3.0,4.006586434816761,1.0065864348167606,109,0.24921500000000008,1,0,0,0
7905,3.0,4.033818779591149,1.0338187795911495,114,0.24912,1,0,0,0
7906,3.0,3.972000796832402,0.972000796832402,105,0.24902500000000005,1,0,0,0
7907,3.0,4.005288869696791,1.0052888696967914,109,0.2489300000000001,1,0,0,0
7908,3.0,3.971476734404329,0.971476734404329,105,0.24883500000000003,1,0,0,0
7909,3.0,3.9858129321248645,0.9858129321248645,106,0.24874000000000007,1,0,0,0
7910,3.0,4.0089875029598945,1.008987502959895,110,0.248645,1,0,0,0
7911,3.0,3.952088960133702,0.9520889601337023,101,0.24855000000000005,1,0,0,0
7912,3.0,4.001252632868565,1.0012526328685647,108,0.24845499999999998,1,0,0,0
7913,3.0,3.9751791692843597,0.9751791692843599,106,0.24836000000000003,1,0,0,0
7914,3.0,3.9694938298937634,0.9694938298937638,104,0.24826500000000007,1,0,0,0
7915,3.0,3.9392443896299403,0.9392443896299407,99,0.24817,1,0,0,0
7916,3.0,4.046417711448014,1.0464177114480153,115,0.24807500000000005,1,0,0,0
7917,3.0,3.984515367004895,0.9845153670048952,106,0.2479800000000001,1,0,0,0
7918,3.0,4.024097203372326,1.0240972033723263,111,0.24788500000000002,1,0,0,0
7919,3.0,4.133235694206759,1.1332356942067625,127,0.24779000000000007,1,0,0,0
7920,3.0,3.972194858929206,0.9721948589292065,104,0.247695,1,0,0,0
7921,3.0,4.083924205451506,1.0839242054515075,123,0.24760000000000004,1,0,0,0
7922,3.0,4.043822581208076,1.0438225812080768,115,0.24750499999999998,1,0,0,0
7923,3.0,3.9806226716449875,0.9806226716449875,106,0.24741000000000002,1,0,0,0
7924,3.0,4.017799638252357,1.017799638252357,111,0.24731500000000006,1,0,0,0
7925,3.0,3.989849168953091,0.9898491689530913,107,0.24722,1,0,0,0
7926,3.0,4.076582790027464,1.0765827900274658,120,0.24712500000000004,1,0,0,0
7927,3.0,4.0443848135435605,1.0443848135435607,117,0.24703000000000008,1,0,0,0
7928,3.0,4.012883999936729,1.0128839999367298,109,0.24693500000000013,1,0,0,0
7929,3.0,4.032263698038355,1.032263698038356,116,0.24684000000000006,1,0,0,0
7930,3.0,3.988991304576823,0.9889913045768224,107,0.246745,1,0,0,0
7931,3.0,4.006835875080584,1.0068358750805841,110,0.24665000000000004,1,0,0,0
7932,3.0,3.9334708869380446,0.9334708869380445,98,0.24655499999999997,1,0,0,0
7933,3.0,3.984515367004895,0.9845153670048953,106,0.24646,1,0,0,0
7934,3.0,4.164364535957982,1.1643645359579862,132,0.24636500000000006,1,0,0,0
7935,3.0,3.973826225997372,0.9738262259973718,104,0.24627,1,0,0,0
7936,3.0,4.088650056222402,1.0886500562224037,122,0.24617500000000003,1,0,0,0
7937,3.0,4.015534508343688,1.0155345083436873,112,0.24608000000000008,1,0,0,0
7938,3.0,4.001392372719956,1.0013923727199563,110,0.24598500000000012,1,0,0,0
7939,3.0,4.008987502959895,1.008987502959895,110,0.24589000000000005,1,0,0,0
7940,3.0,4.061139287666837,1.061139287666838,119,0.24579499999999999,1,0,0,0
7941,3.0,4.038822581208075,1.0388225812080767,115,0.24570000000000003,1,0,0,0
7942,3.0,4.115112699921821,1.1151126999218235,127,0.24560499999999996,1,0,0,0
7943,3.0,4.051667151711838,1.0516671517118386,117,0.24551,1,0,0,0
7944,3.0,4.013129638583626,1.0131296385836257,111,0.24541500000000005,1,0,0,0
7945,3.0,4.026835875080583,1.026835875080584,113,0.2453200000000001,1,0,0,0
7946,3.0,3.9906226716449877,0.9906226716449876,107,0.24522500000000003,1,0,0,0
7947,3.0,4.004431005320523,1.0044310053205225,109,0.24513000000000007,1,0,0,0
7948,3.0,4.04796091521488,1.04796091521488,116,0.2450350000000001,1,0,0,0
7949,3.0,3.948382723636744,0.9483827236367441,101,0.24494000000000005,1,0,0,0
7950,3.0,3.989515367004895,0.9895153670048952,107,0.24484499999999998,1,0,0,0
7951,3.0,4.00890694289245,1.0089069428924495,110,0.24475000000000002,1,0,0,0
7952,3.0,3.9871104972448337,0.9871104972448338,106,0.24465499999999996,1,0,0,0
7953,3.0,3.9941815650566994,0.9941815650566994,107,0.24456,1,0,0,0
7954,3.0,3.9483865252536714,0.9483865252536715,101,0.24446500000000004,1,0,0,0
7955,3.0,4.030978010704315,1.030978010704315,113,0.2443700000000001,1,0,0,0
7956,3.0,3.9457913950137327,0.945791395013733,101,0.24427500000000002,1,0,0,0
7957,3.0,3.9143287513143132,0.9143287513143135,96,0.24418000000000006,1,0,0,0
7958,3.0,3.971670796501133,0.9716707965011333,104,0.2440850000000001,1,0,0,0
7959,3.0,3.9530527233054755,0.9530527233054755,101,0.24399000000000004,1,0,0,0
7960,3.0,3.99244429919303,0.99244429919303,108,0.24389499999999997,1,0,0,0
7961,3.0,3.9093287513143133,0.9093287513143135,95,0.24380000000000002,1,0,0,0
7962,3.0,4.070893649019941,1.070893649019942,120,0.24370500000000006,1,0,0,0
7963,3.0,4.031751513396211,1.0317515133962114,114,0.24361,1,0,0,0
7964,3.0,3.9389105876817445,0.9389105876817446,99,0.24351500000000004,1,0,0,0
7965,3.0,3.9986575026286264,0.9986575026286262,108,0.24342000000000008,1,0,0,0
7966,3.0,3.984515367004895,0.9845153670048953,106,0.243325,1,0,0,0
7967,3.0,4.028573140944253,1.0285731409442533,112,0.24323000000000006,1,0,0,0
7968,3.0,3.955457593065537,0.955457593065537,102,0.2431350000000001,1,0,0,0
7969,3.0,4.001062372388688,1.0010623723886878,109,0.24304000000000003,1,0,0,0
7970,3.0,4.042275575824283,1.0422755758242843,114,0.24294499999999997,1,0,0,0
7971,3.0,4.034346643636149,1.0343466436361497,114,0.24285,1,0,0,0
7972,3.0,4.098125993794328,1.0981259937943306,124,0.24275500000000005,1,0,0,0
7973,3.0,4.028573140944253,1.0285731409442533,112,0.24266,1,0,0,0
7974,3.0,3.9093287513143133,0.9093287513143135,95,0.24256500000000003,1,0,0,0
7975,3.0,3.94924438962994,0.9492443896299404,101,0.24247000000000007,1,0,0,0
7976,3.0,3.984265926741072,0.984265926741072,105,0.242375,1,0,0,0
7977,3.0,4.064262281951775,1.064262281951777,118,0.24228000000000005,1,0,0,0
7978,3.0,3.9986575026286264,0.9986575026286263,108,0.2421850000000001,1,0,0,0
7979,3.0,4.06815070275961,1.068150702759611,120,0.24209000000000003,1,0,0,0
7980,3.0,4.092732539127041,1.0927325391270424,123,0.24199499999999996,1,0,0,0
7981,3.0,4.095577109630803,1.0955771096308042,124,0.2419,1,0,0,0
7982,3.0,3.9541600279455675,0.9541600279455678,102,0.24180500000000005,1,0,0,0
7983,3.0,3.988217801884926,0.9882178018849259,107,0.24170999999999998,1,0,0,0
7984,3.0,3.9459816554936102,0.9459816554936101,100,0.24161500000000002,1,0,0,0
7985,3.0,4.035978010704314,1.035978010704315,114,0.24152000000000007,1,0,0,0
7986,3.0,3.9206263164342823,0.9206263164342825,96,0.241425,1,0,0,0
7987,3.0,3.951755158185506,0.9517551581855063,101,0.24133000000000004,1,0,0,0
7988,3.0,3.964599728689268,0.964599728689268,103,0.2412350000000001,1,0,0,0
7989,3.0,3.9800394294329684,0.9800394294329683,105,0.24114000000000013,1,0,0,0
7990,3.0,4.060889847403013,1.060889847403015,118,0.24104499999999995,1,0,0,0
7991,3.0,4.0663333497636405,1.0663333497636425,118,0.24095,1,0,0,0
7992,3.0,3.9533865252536713,0.9533865252536714,101,0.24085500000000004,1,0,0,0
7993,3.0,4.023906942892449,1.0239069428924494,113,0.24075999999999997,1,0,0,0
7994,3.0,3.94054195474991,0.9405419547499099,99,0.24066500000000002,1,0,0,0
7995,3.0,3.994599728689268,0.9945997286892682,106,0.24057000000000006,1,0,0,0
7996,3.0,4.0556995869231365,1.0556995869231378,118,0.240475,1,0,0,0
7997,3.0,3.9620045984493295,0.9620045984493294,103,0.24038000000000004,1,0,0,0
7998,3.0,4.009240744840645,1.0092407448406455,111,0.24028500000000008,1,0,0,0
7999,3.0,4.050695785306209,1.0506957853062104,118,0.24019000000000013,1,0,0,0
8000,3.0,3.9787418643129993,0.978741864312999,105,0.24009499999999995,1,0,0,0
8001,3.0,4.008991304576822,1.0089913045768224,110,0.24,1,0,0,0
8002,3.0,3.9840756662611945,0.984075666261195,106,0.23990500000000003,1,0,0,0
8003,3.0,4.038239338996057,1.0382393389960574,113,0.23980999999999997,1,0,0,0
8004,3.0,3.923470886938044,0.9234708869380444,97,0.239715,1,0,0,0
8005,3.0,3.99879344086309,0.9987934408630905,110,0.23962000000000006,1,0,0,0
8006,3.0,3.9433865252536715,0.9433865252536717,100,0.2395250000000001,1,0,0,0
8007,3.0,4.038294717163075,1.0382947171630763,115,0.23943000000000003,1,0,0,0
8008,3.0,3.9599335306374637,0.9599335306374639,103,0.23933500000000008,1,0,0,0
8009,3.0,3.9935516038331222,0.9935516038331222,109,0.23924000000000012,1,0,0,0
8010,3.0,4.066912790358733,1.066912790358734,119,0.23914500000000005,1,0,0,0
8011,3.0,4.06821415709563,1.068214157095631,119,0.23904999999999998,1,0,0,0
8012,3.0,3.9716707965011335,0.9716707965011336,104,0.23895500000000003,1,0,0,0
8013,3.0,3.95098165549361,0.95098165549361,101,0.23885999999999996,1,0,0,0
8014,3.0,4.051747711779283,1.051747711779284,116,0.238765,1,0,0,0
8015,3.0,4.051417711448014,1.0514177114480154,116,0.23867000000000005,1,0,0,0
8016,3.0,3.959342212256444,0.9593422122564439,104,0.2385750000000001,1,0,0,0
8017,3.0,3.9863369945529374,0.9863369945529374,106,0.23848000000000003,1,0,0,0
8018,3.0,4.0275250160881075,1.0275250160881075,113,0.23838500000000007,1,0,0,0
8019,3.0,4.084884167006351,1.0848841670063534,122,0.2382900000000001,1,0,0,0
8020,3.0,3.9850394294329683,0.9850394294329684,106,0.23819500000000005,1,0,0,0
8021,3.0,4.046417711448014,1.046417711448015,115,0.23809999999999998,1,0,0,0
8022,3.0,3.9329468245099712,0.9329468245099715,99,0.23800500000000002,1,0,0,0
8023,3.0,3.9953732313811647,0.9953732313811644,107,0.23791000000000007,1,0,0,0
8024,3.0,4.062964716831806,1.0629647168318077,118,0.237815,1,0,0,0
8025,3.0,3.995288869696792,0.9952888696967915,108,0.23772000000000004,1,0,0,0
8026,3.0,4.045110542336308,1.045110542336309,117,0.2376250000000001,1,0,0,0
8027,3.0,4.011062372388688,1.0110623723886878,110,0.23753000000000002,1,0,0,0
8028,3.0,4.0165826331998336,1.0165826331998333,110,0.23743500000000006,1,0,0,0
8029,3.0,4.031941773876087,1.0319417738760879,113,0.2373400000000001,1,0,0,0
8030,3.0,3.9989913045768226,0.9989913045768224,108,0.23724500000000004,1,0,0,0
8031,3.0,4.0330699858645325,1.0330699858645334,113,0.23714999999999997,1,0,0,0
8032,3.0,4.02304907851618,1.0230490785161803,112,0.23705500000000002,1,0,0,0
8033,3.0,4.089757360862494,1.089757360862496,124,0.23696000000000006,1,0,0,0
8034,3.0,4.014431005320523,1.0144310053205225,110,0.236865,1,0,0,0
8035,3.0,4.03304907851618,1.0330490785161808,114,0.23677000000000004,1,0,0,0
8036,3.0,4.0590682198549715,1.0590682198549726,118,0.23667500000000008,1,0,0,0
8037,3.0,3.9890756662611953,0.9890756662611953,106,0.23658,1,0,0,0
8038,3.0,4.002359937508657,1.002359937508657,109,0.23648500000000006,1,0,0,0
8039,3.0,4.089423558914298,1.0894235589143002,122,0.2363900000000001,1,0,0,0
8040,3.0,4.012110497244834,1.0121104972448336,109,0.23629500000000003,1,0,0,0
8041,3.0,3.9703732313811644,0.9703732313811642,104,0.23619999999999997,1,0,0,0
8042,3.0,4.019283189300129,1.01928318930013,112,0.236105,1,0,0,0
8043,3.0,4.090035784643671,1.0900357846436732,123,0.23601000000000005,1,0,0,0
8044,3.0,4.095857062268732,1.0958570622687336,125,0.23591499999999999,1,0,0,0
8045,3.0,4.083210355478702,1.0832103554787036,122,0.23582000000000003,1,0,0,0
8046,3.0,3.9500178923218368,0.9500178923218369,101,0.23572500000000007,1,0,0,0
8047,3.0,3.93554195474991,0.93554195474991,99,0.23563,1,0,0,0
8048,3.0,3.994181565056699,0.9941815650566991,107,0.23553500000000005,1,0,0,0
8049,3.0,3.9961467340730605,0.9961467340730606,108,0.2354400000000001,1,0,0,0
8050,3.0,3.999075666261195,0.999075666261195,108,0.23534500000000014,1,0,0,0
8051,3.0,4.021832073463656,1.0218320734636566,112,0.23524999999999996,1,0,0,0
8052,3.0,3.9916707965011335,0.9916707965011337,107,0.235155,1,0,0,0
8053,3.0,3.980039429432968,0.9800394294329683,105,0.23506000000000005,1,0,0,0
8054,3.0,4.008991304576822,1.0089913045768222,111,0.23496499999999998,1,0,0,0
8055,3.0,4.007359937508657,1.007359937508657,110,0.23487000000000002,1,0,0,0
8056,3.0,3.984849168953091,0.9848491689530912,107,0.23477500000000007,1,0,0,0
8057,3.0,4.037799638252356,1.0377996382523573,113,0.23468,1,0,0,0
8058,3.0,4.073844118319206,1.073844118319208,119,0.23458500000000004,1,0,0,0
8059,3.0,4.077542278647164,1.0775422786471656,122,0.2344900000000001,1,0,0,0
8060,3.0,4.003657502628626,1.003657502628626,109,0.23439500000000013,1,0,0,0
8061,3.0,3.94054195474991,0.9405419547499099,99,0.23429999999999995,1,0,0,0
8062,3.0,4.029680445584345,1.0296804455843458,113,0.234205,1,0,0,0
8063,3.0,4.002359937508658,1.002359937508657,109,0.23411000000000004,1,0,0,0
8064,3.0,4.015204508012419,1.0152045080124188,111,0.23401499999999997,1,0,0,0
8065,3.0,3.9726249556811695,0.9726249556811697,106,0.23392000000000002,1,0,0,0
8066,3.0,3.9833021635692987,0.9833021635692988,106,0.23382500000000006,1,0,0,0
8067,3.0,4.00158643481676,1.0015864348167607,109,0.2337300000000001,1,0,0,0
8068,3.0,4.04666335009491,1.046663350094911,116,0.23363500000000004,1,0,0,0
8069,3.0,4.01649827151546,1.0164982715154605,111,0.23354000000000008,1,0,0,0
8070,3.0,3.969075666261195,0.9690756662611949,104,0.23344500000000012,1,0,0,0
8071,3.0,3.9612310957574337,0.9612310957574335,103,0.23334999999999995,1,0,0,0
8072,3.0,4.145995903026148,1.1459959030261515,130,0.233255,1,0,0,0
8073,3.0,3.9376130225617754,0.9376130225617754,99,0.23316000000000003,1,0,0,0
8074,3.0,4.087018689154236,1.0870186891542386,122,0.23306499999999997,1,0,0,0
8075,3.0,3.996586434816761,0.9965864348167608,108,0.23297,1,0,0,0
8076,3.0,4.036941773876087,1.0369417738760882,114,0.23287500000000005,1,0,0,0
8077,3.0,4.030450146659314,1.0304501466593143,114,0.2327800000000001,1,0,0,0
8078,3.0,3.977778101141226,0.9777781011412259,105,0.23268500000000003,1,0,0,0
8079,3.0,3.9772677942271946,0.9772677942271947,107,0.23259000000000007,1,0,0,0
8080,3.0,4.036227450968138,1.0362274509681382,114,0.23249500000000012,1,0,0,0
8081,3.0,4.004431005320522,1.0044310053205223,109,0.23239999999999994,1,0,0,0
8082,3.0,3.9651237911173407,0.9651237911173411,103,0.23230499999999998,1,0,0,0
8083,3.0,3.9578624628255987,0.9578624628255987,102,0.23221000000000003,1,0,0,0
8084,3.0,4.022605576155552,1.0226055761555526,113,0.23211500000000007,1,0,0,0
8085,3.0,4.019621265800399,1.0196212658003994,110,0.23202,1,0,0,0
8086,3.0,4.118041632109955,1.1180416321099582,126,0.23192500000000005,1,0,0,0
8087,3.0,4.005288869696791,1.0052888696967914,109,0.2318300000000001,1,0,0,0
8088,3.0,4.094030104247009,1.0940301042470117,123,0.23173500000000002,1,0,0,0
8089,3.0,4.002939378103749,1.0029393781037488,110,0.23164000000000007,1,0,0,0
8090,3.0,4.010014247532542,1.0100142475325418,111,0.2315450000000001,1,0,0,0
8091,3.0,4.0534887792598795,1.0534887792598808,116,0.23144999999999993,1,0,0,0
8092,3.0,4.051857412191714,1.0518574121917152,116,0.23135499999999998,1,0,0,0
8093,3.0,3.9586321639005675,0.9586321639005675,103,0.23126000000000002,1,0,0,0
8094,3.0,4.017605576155553,1.0176055761555527,112,0.23116500000000006,1,0,0,0
8095,3.0,3.985373231381164,0.9853732313811643,106,0.23107,1,0,0,0
8096,3.0,3.9331370849898484,0.9331370849898484,98,0.23097500000000004,1,0,0,0
8097,3.0,3.9638262259973716,0.9638262259973718,103,0.23088000000000009,1,0,0,0
8098,3.0,4.014955067748595,1.0149550677485955,110,0.23078500000000002,1,0,0,0
8099,3.0,3.9774442991930297,0.9774442991930297,105,0.23069000000000006,1,0,0,0
8100,3.0,3.9804575930655375,0.9804575930655373,104,0.2305950000000001,1,0,0,0
8101,3.0,4.010622671644987,1.0106226716449875,111,0.23050000000000004,1,0,0,0
8102,3.0,4.058294717163076,1.058294717163076,118,0.23040499999999997,1,0,0,0
8103,3.0,3.960457593065537,0.9604575930655371,102,0.23031000000000001,1,0,0,0
8104,3.0,4.004431005320523,1.0044310053205225,109,0.23021500000000006,1,0,0,0
8105,3.0,3.9625286608774024,0.9625286608774024,103,0.23012,1,0,0,0
8106,3.0,3.9263998191261784,0.9263998191261789,97,0.23002500000000003,1,0,0,0
8107,3.0,3.9463154574418056,0.946315457441806,100,0.22993000000000008,1,0,0,0
8108,3.0,3.9483865252536714,0.9483865252536715,101,0.229835,1,0,0,0
8109,3.0,4.022275575824283,1.022275575824284,112,0.22974000000000006,1,0,0,0
8110,3.0,3.9816707965011338,0.9816707965011336,105,0.2296450000000001,1,0,0,0
8111,3.0,3.9974442991930292,0.9974442991930297,107,0.22955000000000003,1,0,0,0
8112,3.0,3.93554195474991,0.9355419547499099,99,0.22945499999999996,1,0,0,0
8113,3.0,3.9720007968324023,0.9720007968324021,105,0.22936,1,0,0,0
8114,3.0,4.030978010704314,1.030978010704315,113,0.22926500000000005,1,0,0,0
8115,3.0,4.0230490785161805,1.0230490785161805,112,0.22916999999999998,1,0,0,0
8116,3.0,4.070217968954548,1.0702179689545492,121,0.22907500000000003,1,0,0,0
8117,3.0,3.923470886938044,0.9234708869380444,97,0.22898000000000007,1,0,0,0
8118,3.0,4.013906942892449,1.0139069428924496,111,0.228885,1,0,0,0
8119,3.0,4.054064418238044,1.0540644182380452,118,0.22879000000000005,1,0,0,0
8120,3.0,4.060893649019941,1.0608936490199423,118,0.2286950000000001,1,0,0,0
8121,3.0,3.9807032317124325,0.9807032317124329,106,0.22860000000000003,1,0,0,0
8122,3.0,3.98114673407306,0.9811467340730603,106,0.22850499999999996,1,0,0,0
8123,3.0,3.998991304576822,0.9989913045768223,109,0.22841,1,0,0,0
8124,3.0,4.001586434816761,1.0015864348167607,108,0.22831500000000005,1,0,0,0
8125,3.0,4.0196670399756815,1.019667039975681,114,0.22821999999999998,1,0,0,0
8126,3.0,3.9433865252536715,0.9433865252536715,100,0.22812500000000002,1,0,0,0
8127,3.0,4.006392372719956,1.0063923727199564,110,0.22803000000000007,1,0,0,0
8128,3.0,3.9505419547499097,0.95054195474991,101,0.2279350000000001,1,0,0,0
8129,3.0,3.9292443896299405,0.9292443896299406,98,0.22784000000000004,1,0,0,0
8130,3.0,4.002359937508657,1.002359937508657,109,0.2277450000000001,1,0,0,0
8131,3.0,4.108367830824298,1.1083678308242995,127,0.22765000000000013,1,0,0,0
8132,3.0,3.94424438962994,0.9442443896299406,100,0.22755499999999995,1,0,0,0
8133,3.0,3.9745997286892676,0.974599728689268,104,0.22746,1,0,0,0
8134,3.0,3.9530527233054755,0.9530527233054754,101,0.22736500000000004,1,0,0,0
8135,3.0,4.008133440200553,1.008133440200553,110,0.22726999999999997,1,0,0,0
8136,3.0,4.0529647168318075,1.0529647168318077,117,0.22717500000000002,1,0,0,0
8137,3.0,3.9400140907049095,0.9400140907049095,100,0.22708000000000006,1,0,0,0
8138,3.0,3.989849168953092,0.9898491689530915,107,0.2269850000000001,1,0,0,0
8139,3.0,4.0213080110355826,1.0213080110355837,113,0.22689000000000004,1,0,0,0
8140,3.0,3.9439105876817444,0.9439105876817445,100,0.22679500000000008,1,0,0,0
8141,3.0,4.031751513396211,1.0317515133962112,114,0.22670000000000012,1,0,0,0
8142,3.0,3.99070703332936,0.9907070333293604,107,0.22660499999999995,1,0,0,0
8143,3.0,4.044972330307653,1.0449723303076535,116,0.22651,1,0,0,0
8144,3.0,3.9633021635692987,0.9633021635692987,103,0.22641500000000003,1,0,0,0
8145,3.0,4.028573140944253,1.0285731409442536,113,0.22632000000000008,1,0,0,0
8146,3.0,3.9138046888862403,0.9138046888862403,96,0.226225,1,0,0,0
8147,3.0,3.989849168953091,0.9898491689530913,108,0.22613000000000005,1,0,0,0
8148,3.0,4.016062372388687,1.0160623723886877,111,0.2260350000000001,1,0,0,0
8149,3.0,3.952613022561775,0.9526130225617754,101,0.22594000000000003,1,0,0,0
8150,3.0,3.974933530637464,0.974933530637464,106,0.22584500000000007,1,0,0,0
8151,3.0,3.910626316434282,0.9106263164342825,95,0.22575000000000012,1,0,0,0
8152,3.0,4.0039913045768225,1.0039913045768223,110,0.22565499999999994,1,0,0,0
8153,3.0,3.969933530637464,0.969933530637464,104,0.22555999999999998,1,0,0,0
8154,3.0,4.00605857077176,1.0060585707717602,110,0.22546500000000003,1,0,0,0
8155,3.0,3.9845997286892683,0.9845997286892683,105,0.22537000000000007,1,0,0,0
8156,3.0,3.9260660171779826,0.9260660171779829,97,0.225275,1,0,0,0
8157,3.0,3.9219238815542514,0.9219238815542519,96,0.22518000000000005,1,0,0,0
8158,3.0,3.9329468245099717,0.9329468245099714,99,0.2250850000000001,1,0,0,0
8159,3.0,3.931839519869879,0.9318395198698792,98,0.22499000000000002,1,0,0,0
8160,3.0,4.046857412191715,1.0468574121917154,115,0.22489500000000007,1,0,0,0
8161,3.0,3.9916707965011335,0.9916707965011337,106,0.2248000000000001,1,0,0,0
8162,3.0,3.9363154574418058,0.9363154574418062,99,0.22470500000000004,1,0,0,0
8163,3.0,4.0157285704404915,1.015728570440492,111,0.22460999999999998,1,0,0,0
8164,3.0,3.9874442991930295,0.9874442991930297,107,0.22451500000000002,1,0,0,0
8165,3.0,3.9565648977056296,0.9565648977056295,102,0.22442000000000006,1,0,0,0
8166,3.0,3.9716707965011335,0.9716707965011336,104,0.224325,1,0,0,0
8167,3.0,3.9575286608774025,0.9575286608774026,102,0.22423000000000004,1,0,0,0
8168,3.0,3.9446840903736407,0.9446840903736408,100,0.22413500000000008,1,0,0,0
8169,3.0,3.950457593065537,0.9504575930655369,101,0.22404000000000002,1,0,0,0
8170,3.0,3.900710678118655,0.9007106781186554,93,0.22394500000000006,1,0,0,0
8171,3.0,3.99288399993673,0.99288399993673,107,0.2238500000000001,1,0,0,0
8172,3.0,3.9792659267410717,0.979265926741072,105,0.22375500000000004,1,0,0,0
8173,3.0,4.011062372388688,1.0110623723886878,110,0.22365999999999997,1,0,0,0
8174,3.0,4.015978010704314,1.0159780107043148,111,0.223565,1,0,0,0
8175,3.0,4.03304907851618,1.0330490785161803,114,0.22347000000000006,1,0,0,0
8176,3.0,3.9496840903736405,0.9496840903736409,101,0.223375,1,0,0,0
8177,3.0,4.054786344379849,1.05478634437985,116,0.22328000000000003,1,0,0,0
8178,3.0,4.004845367336164,1.004845367336164,109,0.22318500000000008,1,0,0,0
8179,3.0,3.938910587681744,0.9389105876817445,99,0.22309,1,0,0,0
8180,3.0,3.9263998191261784,0.9263998191261789,97,0.22299500000000005,1,0,0,0
8181,3.0,4.033379078847449,1.033379078847449,114,0.2229000000000001,1,0,0,0
8182,3.0,4.05763091488361,1.0576309148836118,117,0.22280500000000003,1,0,0,0
8183,3.0,3.9861467340730607,0.9861467340730606,107,0.22270999999999996,1,0,0,0
8184,3.0,3.936315457441806,0.9363154574418063,99,0.222615,1,0,0,0
8185,3.0,3.9371695202011474,0.9371695202011476,99,0.22252000000000005,1,0,0,0
8186,3.0,3.9496840903736405,0.9496840903736409,101,0.22242499999999998,1,0,0,0
8187,3.0,4.006252632868565,1.0062526328685646,109,0.22233000000000003,1,0,0,0
8188,3.0,4.009955067748596,1.0099550677485953,109,0.22223500000000007,1,0,0,0
8189,3.0,3.9470889601337023,0.9470889601337023,101,0.22214000000000012,1,0,0,0
8190,3.0,3.962088960133702,0.9620889601337023,103,0.22204500000000005,1,0,0,0
8191,3.0,3.9305419547499096,0.9305419547499097,98,0.2219500000000001,1,0,0,0
8192,3.0,3.995094807599987,0.995094807599987,109,0.22185500000000002,1,0,0,0
8193,3.0,4.045893649019941,1.045893649019942,116,0.22175999999999996,1,0,0,0
8194,3.0,4.026062372388688,1.026062372388688,112,0.221665,1,0,0,0
8195,3.0,4.022359937508656,1.022359937508657,111,0.22157000000000004,1,0,0,0
8196,3.0,3.9163998191261786,0.9163998191261788,96,0.22147499999999998,1,0,0,0
8197,3.0,3.8996625532625093,0.8996625532625094,94,0.22138000000000002,1,0,0,0
8198,3.0,3.964599728689268,0.9645997286892679,103,0.22128500000000006,1,0,0,0
8199,3.0,4.072436852786806,1.0724368527868073,120,0.2211900000000001,1,0,0,0
8200,3.0,4.036751513396211,1.036751513396211,114,0.22109500000000004,1,0,0,0
8201,3.0,3.926649259390002,0.9266492593900022,98,0.22100000000000009,1,0,0,0
8202,3.0,3.9633865252536715,0.9633865252536716,102,0.22090500000000002,1,0,0,0
8203,3.0,4.015204508012419,1.0152045080124186,111,0.22080999999999995,1,0,0,0
8204,3.0,3.9625286608774024,0.9625286608774025,103,0.220715,1,0,0,0
8205,3.0,3.9402081528017137,0.9402081528017138,99,0.22062000000000004,1,0,0,0
8206,3.0,4.031941773876087,1.031941773876088,113,0.22052500000000008,1,0,0,0
8207,3.0,3.9151022540062095,0.9151022540062096,96,0.22043000000000001,1,0,0,0
8208,3.0,4.016502073132388,1.0165020731323877,111,0.22033500000000006,1,0,0,0
8209,3.0,3.908031186194344,0.9080311861943441,95,0.2202400000000001,1,0,0,0
8210,3.0,3.961231095757433,0.9612310957574332,103,0.22014500000000004,1,0,0,0
8211,3.0,3.9691600279455677,0.9691600279455679,103,0.22005000000000008,1,0,0,0
8212,3.0,3.9575286608774025,0.9575286608774026,102,0.219955,1,0,0,0
8213,3.0,3.9599297290205366,0.9599297290205369,103,0.21985999999999994,1,0,0,0
8214,3.0,3.97200459844933,0.9720045984493296,104,0.219765,1,0,0,0
8215,3.0,4.01760937777248,1.0176093777724802,111,0.21967000000000003,1,0,0,0
8216,3.0,4.012359937508657,1.012359937508657,110,0.21957500000000008,1,0,0,0
8217,3.0,3.94924438962994,0.9492443896299406,101,0.21948,1,0,0,0
8218,3.0,4.025978010704314,1.025978010704315,113,0.21938500000000005,1,0,0,0
8219,3.0,3.995373231381164,0.9953732313811643,107,0.2192900000000001,1,0,0,0
8220,3.0,3.975897293809237,0.9758972938092374,104,0.21919500000000003,1,0,0,0
8221,3.0,3.9667551581855065,0.9667551581855064,103,0.21910000000000007,1,0,0,0
8222,3.0,3.9533865252536713,0.9533865252536715,101,0.219005,1,0,0,0
8223,3.0,3.9958129321248643,0.9958129321248645,107,0.21891000000000005,1,0,0,0
8224,3.0,3.933137084989848,0.9331370849898483,98,0.21881499999999998,1,0,0,0
8225,3.0,3.910626316434282,0.9106263164342826,95,0.21872000000000003,1,0,0,0
8226,3.0,3.9982140002679984,0.9982140002679986,108,0.21862500000000007,1,0,0,0
8227,3.0,4.007935576486821,1.0079355764868214,111,0.21853,1,0,0,0
8228,3.0,3.9392443896299403,0.9392443896299405,99,0.21843500000000005,1,0,0,0
8229,3.0,3.9491600279455676,0.9491600279455679,101,0.2183400000000001,1,0,0,0
8230,3.0,3.9433865252536715,0.9433865252536716,100,0.21824500000000002,1,0,0,0
8231,3.0,3.9620045984493295,0.9620045984493295,103,0.21815000000000007,1,0,0,0
8232,3.0,3.957613022561775,0.9576130225617755,101,0.218055,1,0,0,0
8233,3.0,3.9861467340730607,0.9861467340730606,107,0.21796000000000004,1,0,0,0
8234,3.0,3.9463154574418056,0.946315457441806,101,0.21786499999999998,1,0,0,0
8235,3.0,3.9376130225617754,0.9376130225617754,99,0.21777000000000002,1,0,0,0
8236,3.0,4.129669197561193,1.129669197561196,129,0.21767500000000006,1,0,0,0
8237,3.0,3.9546840903736404,0.9546840903736409,101,0.21758,1,0,0,0
8238,3.0,3.907257683502448,0.9072576835024478,95,0.21748500000000004,1,0,0,0
8239,3.0,3.9251022540062093,0.9251022540062095,97,0.21739000000000008,1,0,0,0
8240,3.0,3.9813369945529375,0.9813369945529373,105,0.21729500000000002,1,0,0,0
8241,3.0,4.013129638583626,1.0131296385836257,111,0.21720000000000006,1,0,0,0
8242,3.0,3.971417081685237,0.971417081685237,106,0.217105,1,0,0,0
8243,3.0,4.016062372388687,1.0160623723886875,112,0.21701000000000004,1,0,0,0
8244,3.0,3.9138890505706128,0.9138890505706131,96,0.21691499999999997,1,0,0,0
8245,3.0,4.021751513396211,1.0217515133962112,112,0.21682,1,0,0,0
8246,3.0,3.9701237911173406,0.9701237911173409,103,0.21672500000000006,1,0,0,0
8247,3.0,3.9580527233054754,0.9580527233054755,102,0.21663,1,0,0,0
8248,3.0,3.9858129321248645,0.9858129321248645,106,0.21653500000000003,1,0,0,0
8249,3.0,3.943386525253671,0.9433865252536715,100,0.21644000000000008,1,0,0,0
8250,3.0,4.0501201463280445,1.050120146328046,117,0.21634500000000012,1,0,0,0
8251,3.0,3.989511565387968,0.9895115653879681,107,0.21625000000000005,1,0,0,0
8252,3.0,3.9504575930655372,0.9504575930655373,101,0.2161550000000001,1,0,0,0
8253,3.0,3.8977817459305206,0.8977817459305208,93,0.21606000000000003,1,0,0,0
8254,3.0,3.9459816554936094,0.9459816554936098,100,0.21596499999999996,1,0,0,0
8255,3.0,3.9638262259973716,0.9638262259973718,103,0.21587,1,0,0,0
8256,3.0,3.9670045984493294,0.9670045984493295,104,0.21577500000000005,1,0,0,0
8257,3.0,3.9546840903736404,0.954684090373641,102,0.21567999999999998,1,0,0,0
8258,3.0,3.8553553390593276,0.8553553390593279,87,0.21558500000000003,1,0,0,0
8259,3.0,3.9376130225617754,0.9376130225617754,99,0.21549000000000007,1,0,0,0
8260,3.0,3.9559816554936096,0.9559816554936098,101,0.21539500000000011,1,0,0,0
8261,3.0,3.922173321818075,0.9221733218180752,97,0.21530000000000005,1,0,0,0
8262,3.0,3.9308757566981054,0.9308757566981058,98,0.2152050000000001,1,0,0,0
8263,3.0,4.010285068079864,1.0102850680798643,110,0.21511000000000002,1,0,0,0
8264,3.0,3.9001866156905822,0.9001866156905824,94,0.21501499999999996,1,0,0,0
8265,3.0,3.9761467340730605,0.9761467340730606,105,0.21492,1,0,0,0
8266,3.0,3.958632163900567,0.9586321639005674,103,0.21482500000000004,1,0,0,0
8267,3.0,3.95598165549361,0.95598165549361,101,0.2147300000000001,1,0,0,0
8268,3.0,3.995285068079864,0.995285068079864,108,0.21463500000000002,1,0,0,0
8269,3.0,3.9292443896299405,0.9292443896299407,98,0.21454000000000006,1,0,0,0
8270,3.0,4.004849168953092,1.0048491689530914,109,0.2144450000000001,1,0,0,0
8271,3.0,3.927173321818075,0.9271733218180751,98,0.21435000000000004,1,0,0,0
8272,3.0,4.041417711448014,1.0414177114480152,115,0.21425500000000008,1,0,0,0
8273,3.0,3.972580237427494,0.9725802374274941,106,0.21416000000000002,1,0,0,0
8274,3.0,3.9284708869380442,0.9284708869380444,98,0.21406499999999995,1,0,0,0
8275,3.0,3.958386525253671,0.9583865252536714,102,0.21397,1,0,0,0
8276,3.0,3.8881155478787166,0.8881155478787169,92,0.21387500000000004,1,0,0,0
8277,3.0,3.9446840903736407,0.9446840903736409,100,0.21378000000000008,1,0,0,0
8278,3.0,3.9284708869380447,0.9284708869380446,98,0.213685,1,0,0,0
8279,3.0,3.9625286608774024,0.9625286608774026,103,0.21359000000000006,1,0,0,0
8280,3.0,4.069177920267403,1.0691779202674043,119,0.2134950000000001,1,0,0,0
8281,3.0,4.018382880464377,1.0183828804643766,112,0.21340000000000003,1,0,0,0
8282,3.0,3.9500178923218368,0.9500178923218368,101,0.21330500000000008,1,0,0,0
8283,3.0,3.9716707965011335,0.9716707965011334,104,0.21321,1,0,0,0
8284,3.0,3.9675286608774023,0.9675286608774026,103,0.21311500000000005,1,0,0,0
8285,3.0,3.9533865252536717,0.9533865252536716,101,0.21302,1,0,0,0
8286,3.0,3.918994949366117,0.9189949493661174,96,0.21292500000000003,1,0,0,0
8287,3.0,4.14641026504179,1.1464102650417929,129,0.21283000000000007,1,0,0,0
8288,3.0,3.959409468209391,0.9594094682093911,103,0.212735,1,0,0,0
8289,3.0,4.053679039739757,1.0536790397397577,115,0.21264000000000005,1,0,0,0
8290,3.0,3.9292443896299405,0.9292443896299406,98,0.2125450000000001,1,0,0,0
8291,3.0,3.9543502884254442,0.9543502884254448,101,0.21245000000000003,1,0,0,0
8292,3.0,3.960123791117341,0.9601237911173411,102,0.21235500000000007,1,0,0,0
8293,3.0,3.902257683502448,0.902257683502448,94,0.21226,1,0,0,0
8294,3.0,3.9745997286892676,0.974599728689268,104,0.21216500000000005,1,0,0,0
8295,3.0,3.9714805360212564,0.9714805360212566,105,0.21206999999999998,1,0,0,0
8296,3.0,3.956755158185506,0.9567551581855063,102,0.21197500000000002,1,0,0,0
8297,3.0,3.979075666261195,0.9790756662611951,106,0.21188000000000007,1,0,0,0
8298,3.0,3.8951866156905823,0.8951866156905824,93,0.211785,1,0,0,0
8299,3.0,3.936315457441806,0.9363154574418062,99,0.21169000000000004,1,0,0,0
8300,3.0,3.953052723305475,0.9530527233054753,101,0.2115950000000001,1,0,0,0
8301,3.0,3.99114673407306,0.9911467340730605,107,0.21150000000000002,1,0,0,0
8302,3.0,4.007026135560461,1.007026135560461,109,0.21140500000000007,1,0,0,0
8303,3.0,3.999321304908091,0.9993213049080908,109,0.21131,1,0,0,0
8304,3.0,3.94598165549361,0.94598165549361,100,0.21121500000000004,1,0,0,0
8305,3.0,3.9708972938092373,0.9708972938092372,104,0.21111999999999997,1,0,0,0
8306,3.0,3.94054195474991,0.9405419547499098,99,0.21102500000000002,1,0,0,0
8307,3.0,4.056930347489702,1.0569303474897034,119,0.21093000000000006,1,0,0,0
8308,3.0,4.006392372719956,1.0063923727199564,110,0.210835,1,0,0,0
8309,3.0,3.9251022540062097,0.9251022540062098,97,0.21074000000000004,1,0,0,0
8310,3.0,3.988741864312999,0.988741864312999,106,0.21064500000000008,1,0,0,0
8311,3.0,3.9984672421487497,0.9984672421487493,109,0.21055000000000013,1,0,0,0
8312,3.0,3.984849168953091,0.9848491689530914,107,0.21045500000000006,1,0,0,0
8313,3.0,3.9305419547499096,0.9305419547499097,98,0.21036,1,0,0,0
8314,3.0,3.9816707965011338,0.9816707965011335,105,0.21026500000000004,1,0,0,0
8315,3.0,3.9483865252536714,0.9483865252536716,101,0.21016999999999997,1,0,0,0
8316,3.0,4.032605576155552,1.0326055761555528,113,0.210075,1,0,0,0
8317,3.0,3.972528660877402,0.9725286608774028,104,0.20998000000000006,1,0,0,0
8318,3.0,3.960457593065537,0.960457593065537,102,0.209885,1,0,0,0
8319,3.0,3.886568542494924,0.8865685424949244,91,0.20979000000000003,1,0,0,0
8320,3.0,4.005288869696791,1.0052888696967914,109,0.20969500000000008,1,0,0,0
8321,3.0,3.940017892321837,0.9400178923218369,100,0.20960000000000012,1,0,0,0
8322,3.0,3.925812302362086,0.9258123023620862,98,0.20950500000000005,1,0,0,0
8323,3.0,3.9984080623648026,0.9984080623648028,107,0.20940999999999999,1,0,0,0
8324,3.0,3.9119238815542516,0.9119238815542519,95,0.20931500000000003,1,0,0,0
8325,3.0,3.9163998191261786,0.9163998191261788,96,0.20921999999999996,1,0,0,0
8326,3.0,3.9035552486224168,0.9035552486224169,94,0.209125,1,0,0,0
8327,3.0,3.990373231381164,0.9903732313811644,106,0.20903000000000005,1,0,0,0
8328,3.0,3.908031186194344,0.9080311861943443,95,0.2089350000000001,1,0,0,0
8329,3.0,4.010724768823564,1.010724768823564,110,0.20884000000000003,1,0,0,0
8330,3.0,3.9319238815542517,0.9319238815542519,97,0.20874500000000007,1,0,0,0
8331,3.0,4.0372755758242835,1.037275575824284,114,0.2086500000000001,1,0,0,0
8332,3.0,3.9562310957574334,0.9562310957574334,102,0.20855500000000005,1,0,0,0
8333,3.0,3.908031186194344,0.9080311861943442,95,0.20845999999999998,1,0,0,0
8334,3.0,4.013906942892449,1.0139069428924494,111,0.20836500000000002,1,0,0,0
8335,3.0,4.047964716831807,1.0479647168318076,116,0.20826999999999996,1,0,0,0
8336,3.0,3.8694974746830586,0.8694974746830589,89,0.208175,1,0,0,0
8337,3.0,4.014431005320522,1.0144310053205223,111,0.20808000000000004,1,0,0,0
8338,3.0,4.030204508012418,1.0302045080124187,113,0.2079850000000001,1,0,0,0
8339,3.0,4.034152581539345,1.0341525815393453,114,0.20789000000000002,1,0,0,0
8340,3.0,4.031168271184191,1.0311682711841919,112,0.20779500000000006,1,0,0,0
8341,3.0,3.923470886938044,0.9234708869380444,97,0.2077000000000001,1,0,0,0
8342,3.0,3.963302163569299,0.9633021635692989,103,0.20760500000000004,1,0,0,0
8343,3.0,3.9916707965011335,0.9916707965011337,106,0.20750999999999997,1,0,0,0
8344,3.0,4.006835875080584,1.006835875080584,110,0.20741500000000002,1,0,0,0
8345,3.0,4.013657502628626,1.013657502628626,110,0.20732000000000006,1,0,0,0
8346,3.0,3.9543502884254442,0.9543502884254448,101,0.207225,1,0,0,0
8347,3.0,3.9861467340730607,0.9861467340730606,106,0.20713000000000004,1,0,0,0
8348,3.0,3.9502081528017134,0.950208152801714,100,0.20703500000000008,1,0,0,0
8349,3.0,3.9363154574418058,0.936315457441806,99,0.20694,1,0,0,0
8350,3.0,3.9932178018849256,0.9932178018849259,108,0.20684500000000006,1,0,0,0
8351,3.0,3.9292443896299405,0.9292443896299407,98,0.2067500000000001,1,0,0,0
8352,3.0,3.9620889601337024,0.9620889601337024,103,0.20665500000000003,1,0,0,0
8353,3.0,3.9342443896299404,0.9342443896299406,99,0.20655999999999997,1,0,0,0
8354,3.0,3.9787418643129993,0.9787418643129991,105,0.206465,1,0,0,0
8355,3.0,3.9547394685406596,0.9547394685406596,103,0.20637000000000005,1,0,0,0
8356,3.0,3.8951866156905823,0.8951866156905824,93,0.206275,1,0,0,0
8357,3.0,3.94054195474991,0.9405419547499099,99,0.20618000000000003,1,0,0,0
8358,3.0,3.8964841808105515,0.8964841808105516,93,0.20608500000000007,1,0,0,0
8359,3.0,3.938910587681744,0.9389105876817445,99,0.20599,1,0,0,0
8360,3.0,3.99288399993673,0.99288399993673,107,0.20589500000000005,1,0,0,0
8361,3.0,3.9578624628255987,0.9578624628255986,102,0.2058000000000001,1,0,0,0
8362,3.0,4.010728570440492,1.0107285704404918,110,0.20570500000000003,1,0,0,0
8363,3.0,3.963302163569299,0.9633021635692989,103,0.20560999999999996,1,0,0,0
8364,3.0,3.9997648072687184,0.9997648072687184,109,0.205515,1,0,0,0
8365,3.0,3.9588262259973717,0.9588262259973719,102,0.20542000000000005,1,0,0,0
8366,3.0,3.931839519869879,0.9318395198698791,98,0.20532499999999998,1,0,0,0
8367,3.0,3.9279468245099713,0.9279468245099715,98,0.20523000000000002,1,0,0,0
8368,3.0,4.0495960838999725,1.049596083899973,117,0.20513500000000007,1,0,0,0
8369,3.0,4.014431005320523,1.0144310053205223,110,0.20504,1,0,0,0
8370,3.0,4.079072021471898,1.0790720214718998,121,0.20494500000000004,1,0,0,0
8371,3.0,3.9093287513143133,0.9093287513143135,95,0.2048500000000001,1,0,0,0
8372,3.0,3.8894131129986858,0.8894131129986861,92,0.20475500000000013,1,0,0,0
8373,3.0,4.016502073132388,1.016502073132388,111,0.20465999999999995,1,0,0,0
8374,3.0,3.9206263164342827,0.9206263164342827,96,0.204565,1,0,0,0
8375,3.0,3.9837418643129983,0.9837418643129988,106,0.20447000000000004,1,0,0,0
8376,3.0,3.972778101141226,0.9727781011412258,105,0.20437499999999997,1,0,0,0
8377,3.0,4.008133440200553,1.008133440200553,110,0.20428000000000002,1,0,0,0
8378,3.0,4.0280452768992525,1.028045276899253,113,0.20418500000000006,1,0,0,0
8379,3.0,3.9837418643129987,0.9837418643129989,106,0.20409,1,0,0,0
8380,3.0,3.9549335306374642,0.9549335306374641,102,0.20399500000000004,1,0,0,0
8381,3.0,4.007689937839926,1.0076899378399253,110,0.20390000000000008,1,0,0,0
8382,3.0,3.9575286608774025,0.9575286608774026,102,0.20380500000000012,1,0,0,0
8383,3.0,3.9376130225617754,0.9376130225617751,99,0.20371000000000006,1,0,0,0
8384,3.0,3.9530527233054755,0.9530527233054754,101,0.203615,1,0,0,0
8385,3.0,3.869497474683059,0.8694974746830589,89,0.20352000000000003,1,0,0,0
8386,3.0,3.9247684520580135,0.9247684520580136,97,0.20342499999999997,1,0,0,0
8387,3.0,4.029812582201882,1.0298125822018829,116,0.20333,1,0,0,0
8388,3.0,3.9130311861943445,0.9130311861943443,96,0.20323500000000005,1,0,0,0
8389,3.0,3.8752709773749547,0.8752709773749551,90,0.2031400000000001,1,0,0,0
8390,3.0,3.92010225400621,0.9201022540062096,97,0.20304500000000003,1,0,0,0
8391,3.0,3.9247684520580135,0.9247684520580135,97,0.20295000000000007,1,0,0,0
8392,3.0,3.9978839999367297,0.99788399993673,108,0.20285500000000012,1,0,0,0
8393,3.0,3.991328918383936,0.9913289183839366,109,0.20276000000000005,1,0,0,0
8394,3.0,3.993217801884926,0.9932178018849259,108,0.20266499999999998,1,0,0,0
8395,3.0,3.932173321818075,0.9321733218180753,99,0.20257000000000003,1,0,0,0
8396,3.0,3.9742659267410714,0.9742659267410718,104,0.20247499999999996,1,0,0,0
8397,3.0,3.953572511181475,0.9535725111814749,103,0.20238,1,0,0,0
8398,3.0,3.9729683616211027,0.9729683616211026,104,0.20228500000000005,1,0,0,0
8399,3.0,3.9575286608774025,0.9575286608774026,102,0.2021900000000001,1,0,0,0
8400,3.0,4.0289069428924495,1.0289069428924493,114,0.20209500000000002,1,0,0,0
8401,3.0,3.8881155478787166,0.8881155478787169,92,0.20200000000000007,1,0,0,0
8402,3.0,3.9612310957574337,0.9612310957574335,103,0.2019050000000001,1,0,0,0
8403,3.0,3.923470886938044,0.9234708869380445,97,0.20181000000000004,1,0,0,0
8404,3.0,3.961755158185506,0.9617551581855064,102,0.20171499999999998,1,0,0,0
8405,3.0,4.026062372388687,1.0260623723886877,112,0.20162000000000002,1,0,0,0
8406,3.0,3.9308757566981054,0.9308757566981058,98,0.20152500000000007,1,0,0,0
8407,3.0,3.9633021635692987,0.9633021635692988,103,0.20143,1,0,0,0
8408,3.0,3.989849168953091,0.9898491689530912,108,0.20133500000000004,1,0,0,0
8409,3.0,3.9446840903736407,0.9446840903736408,100,0.20124000000000009,1,0,0,0
8410,3.0,3.9943251065250185,0.9943251065250185,108,0.20114500000000002,1,0,0,0
8411,3.0,3.9489105876817447,0.9489105876817447,100,0.20105000000000006,1,0,0,0
8412,3.0,3.966413280068309,0.9664132800683097,105,0.2009550000000001,1,0,0,0
8413,3.0,3.9583865252536716,0.9583865252536716,102,0.20086000000000004,1,0,0,0
8414,3.0,4.02428318930013,1.0242831893001298,113,0.20076499999999997,1,0,0,0
8415,3.0,3.971670796501133,0.9716707965011335,104,0.20067000000000002,1,0,0,0
8416,3.0,3.9986575026286264,0.9986575026286263,108,0.20057500000000006,1,0,0,0
8417,3.0,3.8765685424949243,0.8765685424949244,90,0.20048,1,0,0,0
8418,3.0,3.9470889601337023,0.9470889601337025,101,0.20038500000000004,1,0,0,0
8419,3.0,3.9602081528017132,0.9602081528017137,101,0.20029000000000008,1,0,0,0
8420,3.0,3.950457593065537,0.950457593065537,101,0.200195,1,0,0,0
8421,3.0,3.9260660171779826,0.9260660171779829,97,0.20010000000000006,1,0,0,0
8422,3.0,3.951755158185506,0.9517551581855063,101,0.2000050000000001,1,0,0,0
8423,3.0,3.955457593065537,0.9554575930655371,102,0.19991000000000003,1,0,0,0
8424,3.0,3.9491600279455676,0.9491600279455679,101,0.19981499999999996,1,0,0,0
8425,3.0,3.9489105876817447,0.9489105876817446,100,0.19972,1,0,0,0
8426,3.0,3.981501443369609,0.9815014433696098,106,0.19962500000000005,1,0,0,0
8427,3.0,3.972528660877402,0.9725286608774024,104,0.19952999999999999,1,0,0,0
8428,3.0,3.9932140002679986,0.9932140002679988,108,0.19943500000000003,1,0,0,0
8429,3.0,3.959933530637464,0.9599335306374641,103,0.19934000000000007,1,0,0,0
8430,3.0,4.055893649019941,1.055893649019942,116,0.199245,1,0,0,0
8431,3.0,3.931839519869879,0.9318395198698791,98,0.19915000000000005,1,0,0,0
8432,3.0,3.9392443896299407,0.9392443896299407,99,0.1990550000000001,1,0,0,0
8433,3.0,3.961755158185506,0.9617551581855063,102,0.19896000000000014,1,0,0,0
8434,3.0,3.9562310957574334,0.9562310957574333,102,0.19886499999999996,1,0,0,0
8435,3.0,3.9546840903736404,0.9546840903736408,101,0.19877,1,0,0,0
8436,3.0,3.9575286608774025,0.9575286608774025,102,0.19867500000000005,1,0,0,0
8437,3.0,4.006062372388688,1.0060623723886877,110,0.19857999999999998,1,0,0,0
8438,3.0,3.9106263164342825,0.9106263164342826,95,0.19848500000000002,1,0,0,0
8439,3.0,4.031062372388687,1.0310623723886878,113,0.19839000000000007,1,0,0,0
8440,3.0,3.9022576835024476,0.9022576835024478,94,0.198295,1,0,0,0
8441,3.0,4.003991304576822,1.0039913045768223,109,0.19820000000000004,1,0,0,0
8442,3.0,3.9397684520580136,0.9397684520580137,99,0.1981050000000001,1,0,0,0
8443,3.0,3.9305419547499096,0.9305419547499097,98,0.19801000000000013,1,0,0,0
8444,3.0,3.9833021635692987,0.9833021635692987,105,0.19791499999999995,1,0,0,0
8445,3.0,3.8752709773749547,0.8752709773749551,90,0.19782,1,0,0,0
8446,3.0,3.998657502628626,0.9986575026286262,108,0.19772500000000004,1,0,0,0
8447,3.0,3.993217801884926,0.9932178018849261,107,0.19762999999999997,1,0,0,0
8448,3.0,3.951755158185506,0.9517551581855063,101,0.19753500000000002,1,0,0,0
8449,3.0,4.010285068079864,1.010285068079864,110,0.19744000000000006,1,0,0,0
8450,3.0,3.9096625532625096,0.9096625532625094,95,0.1973450000000001,1,0,0,0
8451,3.0,3.94598165549361,0.94598165549361,100,0.19725000000000004,1,0,0,0
8452,3.0,3.8964841808105515,0.8964841808105515,93,0.19715500000000008,1,0,0,0
8453,3.0,3.9491600279455676,0.9491600279455676,101,0.19706000000000012,1,0,0,0
8454,3.0,3.994515367004895,0.9945153670048953,108,0.19696499999999995,1,0,0,0
8455,3.0,3.918994949366117,0.9189949493661174,96,0.19687,1,0,0,0
8456,3.0,3.8823420451868205,0.8823420451868207,91,0.19677500000000003,1,0,0,0
8457,3.0,3.8881155478787166,0.8881155478787169,92,0.19667999999999997,1,0,0,0
8458,3.0,4.001586434816761,1.0015864348167607,108,0.196585,1,0,0,0
8459,3.0,3.9517551581855064,0.9517551581855064,101,0.19649000000000005,1,0,0,0
8460,3.0,3.97570703332936,0.9757070333293603,105,0.1963950000000001,1,0,0,0
8461,3.0,3.9753732313811643,0.9753732313811643,105,0.19630000000000003,1,0,0,0
8462,3.0,3.9459816554936102,0.9459816554936101,100,0.19620500000000007,1,0,0,0
8463,3.0,3.9048528137423864,0.9048528137423865,94,0.19611000000000012,1,0,0,0
8464,3.0,3.9575286608774025,0.9575286608774025,102,0.19601499999999994,1,0,0,0
8465,3.0,3.979845367336164,0.9798453673361638,106,0.19591999999999998,1,0,0,0
8466,3.0,3.992689937839925,0.9926899378399255,108,0.19582500000000003,1,0,0,0
8467,3.0,4.037715276567984,1.0377152765679845,114,0.19573000000000007,1,0,0,0
8468,3.0,3.9439105876817444,0.9439105876817446,100,0.195635,1,0,0,0
8469,3.0,3.9247684520580135,0.9247684520580136,97,0.19554000000000005,1,0,0,0
8470,3.0,3.968302163569299,0.9683021635692989,104,0.1954450000000001,1,0,0,0
8471,3.0,3.9631081014724945,0.9631081014724946,104,0.19535000000000002,1,0,0,0
8472,3.0,4.00744429919303,1.0074442991930297,109,0.19525500000000007,1,0,0,0
8473,3.0,3.918994949366117,0.9189949493661173,96,0.1951600000000001,1,0,0,0
8474,3.0,3.99288399993673,0.99288399993673,107,0.19506499999999993,1,0,0,0
8475,3.0,3.8765685424949243,0.8765685424949243,90,0.19496999999999998,1,0,0,0
8476,3.0,3.9701237911173406,0.9701237911173411,103,0.19487500000000002,1,0,0,0
8477,3.0,3.971231095757433,0.9712310957574333,104,0.19478000000000006,1,0,0,0
8478,3.0,3.959933530637464,0.9599335306374641,103,0.194685,1,0,0,0
8479,3.0,3.9437203272018673,0.9437203272018676,101,0.19459000000000004,1,0,0,0
8480,3.0,4.002359937508657,1.002359937508657,109,0.19449500000000008,1,0,0,0
8481,3.0,3.9163998191261786,0.9163998191261788,96,0.19440000000000002,1,0,0,0
8482,3.0,3.9546840903736404,0.9546840903736409,101,0.19430500000000006,1,0,0,0
8483,3.0,3.9753732313811643,0.9753732313811644,105,0.1942100000000001,1,0,0,0
8484,3.0,3.998741864312999,0.9987418643129989,107,0.19411500000000004,1,0,0,0
8485,3.0,3.9119238815542516,0.9119238815542519,95,0.19401999999999997,1,0,0,0
8486,3.0,3.964599728689268,0.9645997286892679,103,0.19392500000000001,1,0,0,0
8487,3.0,3.9562310957574334,0.9562310957574334,102,0.19383000000000006,1,0,0,0
8488,3.0,4.0039913045768225,1.0039913045768223,109,0.193735,1,0,0,0
8489,3.0,3.927697384246148,0.9276973842461481,97,0.19364000000000003,1,0,0,0
8490,3.0,3.904852813742386,0.9048528137423862,94,0.19354500000000008,1,0,0,0
8491,3.0,4.015204508012419,1.0152045080124188,111,0.19345,1,0,0,0
8492,3.0,3.9816707965011338,0.9816707965011336,106,0.19335500000000005,1,0,0,0
8493,3.0,3.9446840903736407,0.9446840903736409,100,0.1932600000000001,1,0,0,0
8494,3.0,3.951755158185506,0.9517551581855062,101,0.19316500000000003,1,0,0,0
8495,3.0,3.9638262259973716,0.9638262259973719,103,0.19306999999999996,1,0,0,0
8496,3.0,3.980897293809237,0.9808972938092373,105,0.192975,1,0,0,0
8497,3.0,4.024870706064222,1.0248707060642228,112,0.19288000000000005,1,0,0,0
8498,3.0,3.917697384246148,0.9176973842461481,96,0.19278499999999998,1,0,0,0
8499,3.0,3.9093287513143133,0.9093287513143132,95,0.19269000000000003,1,0,0,0
8500,3.0,3.9489105876817447,0.9489105876817446,100,0.19259500000000007,1,0,0,0
8501,3.0,3.9106263164342825,0.9106263164342826,95,0.1925,1,0,0,0
8502,3.0,3.927946824509972,0.9279468245099715,98,0.19240500000000005,1,0,0,0
8503,3.0,4.009431005320522,1.0094310053205224,110,0.1923100000000001,1,0,0,0
8504,3.0,3.9908129321248644,0.9908129321248645,107,0.19221500000000014,1,0,0,0
8505,3.0,3.922697384246148,0.9226973842461481,97,0.19211999999999996,1,0,0,0
8506,3.0,4.003987502959895,1.003987502959895,110,0.192025,1,0,0,0
8507,3.0,4.00158643481676,1.0015864348167607,108,0.19193000000000005,1,0,0,0
8508,3.0,3.9387203272018674,0.9387203272018676,100,0.19183499999999998,1,0,0,0
8509,3.0,3.9292443896299405,0.9292443896299406,98,0.19174000000000002,1,0,0,0
8510,3.0,3.9617551581855066,0.9617551581855063,102,0.19164500000000007,1,0,0,0
8511,3.0,3.924852813742386,0.9248528137423863,96,0.1915500000000001,1,0,0,0
8512,3.0,3.9444900282768365,0.9444900282768365,101,0.19145500000000004,1,0,0,0
8513,3.0,3.952088960133702,0.9520889601337023,101,0.19136000000000009,1,0,0,0
8514,3.0,3.9363154574418058,0.9363154574418062,99,0.19126500000000013,1,0,0,0
8515,3.0,3.988217801884926,0.9882178018849259,107,0.19116999999999995,1,0,0,0
8516,3.0,3.9528624628255984,0.9528624628255985,102,0.191075,1,0,0,0
8517,3.0,3.8931155478787165,0.8931155478787169,93,0.19098000000000004,1,0,0,0
8518,3.0,3.926066017177983,0.926066017177983,97,0.19088499999999997,1,0,0,0
8519,3.0,3.9871104972448332,0.9871104972448337,106,0.19079000000000002,1,0,0,0
8520,3.0,3.902257683502448,0.902257683502448,94,0.19069500000000006,1,0,0,0
8521,3.0,3.8765685424949243,0.8765685424949243,90,0.1906000000000001,1,0,0,0
8522,3.0,3.9537203272018675,0.9537203272018676,102,0.19050500000000004,1,0,0,0
8523,3.0,3.9096625532625096,0.9096625532625094,95,0.19041000000000008,1,0,0,0
8524,3.0,3.9376130225617754,0.9376130225617755,99,0.19031500000000012,1,0,0,0
8525,3.0,3.982004598449329,0.9820045984493295,107,0.19021999999999994,1,0,0,0
8526,3.0,3.9866707965011337,0.9866707965011337,106,0.190125,1,0,0,0
8527,3.0,3.933470886938044,0.9334708869380444,98,0.19003000000000003,1,0,0,0
8528,3.0,3.98114673407306,0.9811467340730604,106,0.18993500000000008,1,0,0,0
8529,3.0,3.889413112998686,0.8894131129986863,92,0.18984,1,0,0,0
8530,3.0,3.921399819126179,0.921399819126179,97,0.18974500000000005,1,0,0,0
8531,3.0,3.9741600279455676,0.9741600279455679,104,0.1896500000000001,1,0,0,0
8532,3.0,3.967858661208671,0.9678586612086713,104,0.18955500000000003,1,0,0,0
8533,3.0,3.9035552486224168,0.903555248622417,94,0.18946000000000007,1,0,0,0
8534,3.0,3.9093287513143133,0.9093287513143135,95,0.18936500000000012,1,0,0,0
8535,3.0,4.148235694206759,1.1482356942067624,129,0.18926999999999994,1,0,0,0
8536,3.0,3.943386525253671,0.9433865252536715,100,0.18917499999999998,1,0,0,0
8537,3.0,3.968302163569299,0.9683021635692989,104,0.18908000000000003,1,0,0,0
8538,3.0,3.9219238815542514,0.9219238815542518,96,0.18898500000000007,1,0,0,0
8539,3.0,3.8765685424949243,0.8765685424949243,90,0.18889,1,0,0,0
8540,3.0,3.989515367004895,0.9895153670048953,107,0.18879500000000005,1,0,0,0
8541,3.0,4.032077712110551,1.0320777121105524,114,0.1887000000000001,1,0,0,0
8542,3.0,3.9376130225617754,0.9376130225617754,99,0.18860500000000002,1,0,0,0
8543,3.0,3.943386525253672,0.9433865252536716,100,0.18851000000000007,1,0,0,0
8544,3.0,3.951755158185506,0.9517551581855063,101,0.1884150000000001,1,0,0,0
8545,3.0,4.021832073463656,1.0218320734636563,112,0.18832000000000004,1,0,0,0
8546,3.0,3.8951866156905823,0.8951866156905826,93,0.18822499999999998,1,0,0,0
8547,3.0,3.919328751314313,0.9193287513143134,96,0.18813000000000002,1,0,0,0
8548,3.0,3.8836396103067896,0.8836396103067898,91,0.18803500000000006,1,0,0,0
8549,3.0,3.917697384246148,0.9176973842461481,96,0.18794,1,0,0,0
8550,3.0,4.0451201463280455,1.0451201463280462,115,0.18784500000000004,1,0,0,0
8551,3.0,3.93054195474991,0.93054195474991,98,0.18775000000000008,1,0,0,0
8552,3.0,3.9151022540062095,0.9151022540062096,96,0.18765500000000002,1,0,0,0
8553,3.0,3.953910587681744,0.9539105876817444,101,0.18756000000000006,1,0,0,0
8554,3.0,3.9360660171779824,0.9360660171779828,98,0.1874650000000001,1,0,0,0
8555,3.0,3.9420889601337024,0.9420889601337024,100,0.18737000000000004,1,0,0,0
8556,3.0,4.010288869696791,1.0102888696967915,109,0.18727499999999997,1,0,0,0
8557,3.0,3.951755158185506,0.9517551581855063,101,0.18718,1,0,0,0
8558,3.0,3.9151022540062095,0.9151022540062096,96,0.18708500000000006,1,0,0,0
8559,3.0,3.9845997286892683,0.984599728689268,105,0.18699,1,0,0,0
8560,3.0,3.9762310957574334,0.9762310957574334,105,0.18689500000000003,1,0,0,0
8561,3.0,3.9376130225617754,0.9376130225617754,99,0.18680000000000008,1,0,0,0
8562,3.0,3.9331370849898484,0.9331370849898483,98,0.186705,1,0,0,0
8563,3.0,3.9658972938092374,0.9658972938092373,103,0.18661000000000005,1,0,0,0
8564,3.0,3.9633021635692987,0.9633021635692988,103,0.1865150000000001,1,0,0,0
8565,3.0,3.943137084989848,0.9431370849898484,99,0.18642000000000003,1,0,0,0
8566,3.0,3.964599728689268,0.9645997286892679,103,0.18632499999999996,1,0,0,0
8567,3.0,3.9433865252536715,0.9433865252536716,100,0.18623,1,0,0,0
8568,3.0,3.890710678118655,0.8907106781186553,92,0.18613500000000005,1,0,0,0
8569,3.0,3.9363154574418058,0.9363154574418061,99,0.18603999999999998,1,0,0,0
8570,3.0,3.918994949366117,0.9189949493661173,96,0.18594500000000003,1,0,0,0
8571,3.0,3.9596840903736403,0.9596840903736408,102,0.18585000000000007,1,0,0,0
8572,3.0,3.9563154574418062,0.9563154574418062,102,0.18575500000000011,1,0,0,0
8573,3.0,3.917697384246148,0.9176973842461481,96,0.18566000000000005,1,0,0,0
8574,3.0,3.947862462825599,0.9478624628255987,101,0.1855650000000001,1,0,0,0
8575,3.0,3.9630527233054753,0.9630527233054755,102,0.18547000000000002,1,0,0,0
8576,3.0,3.937173321818075,0.9371733218180752,99,0.18537499999999996,1,0,0,0
8577,3.0,3.97570703332936,0.9757070333293602,106,0.18528,1,0,0,0
8578,3.0,3.9541600279455675,0.9541600279455678,102,0.18518500000000004,1,0,0,0
8579,3.0,3.9496840903736405,0.9496840903736409,101,0.18508999999999998,1,0,0,0
8580,3.0,4.001586434816761,1.001586434816761,108,0.18499500000000002,1,0,0,0
8581,3.0,4.016502073132388,1.0165020731323882,111,0.18490000000000006,1,0,0,0
8582,3.0,3.9662310957574336,0.9662310957574334,104,0.1848050000000001,1,0,0,0
8583,3.0,4.015204508012419,1.0152045080124188,111,0.18471000000000004,1,0,0,0
8584,3.0,4.036417711448014,1.036417711448015,114,0.18461500000000008,1,0,0,0
8585,3.0,4.076329548146713,1.0763295481467152,119,0.18452000000000002,1,0,0,0
8586,3.0,3.93054195474991,0.93054195474991,98,0.18442499999999995,1,0,0,0
8587,3.0,3.9578624628255987,0.9578624628255987,102,0.18433,1,0,0,0
8588,3.0,3.9342443896299404,0.9342443896299404,99,0.18423500000000004,1,0,0,0
8589,3.0,3.9260660171779826,0.9260660171779829,97,0.18414000000000008,1,0,0,0
8590,3.0,3.910626316434283,0.9106263164342827,95,0.18404500000000001,1,0,0,0
8591,3.0,3.99244429919303,0.9924442991930298,107,0.18395000000000006,1,0,0,0
8592,3.0,3.903889050570613,0.9038890505706132,95,0.1838550000000001,1,0,0,0
8593,3.0,4.0467515133962095,1.0467515133962113,115,0.18376000000000003,1,0,0,0
8594,3.0,3.9213998191261785,0.9213998191261787,97,0.18366500000000008,1,0,0,0
8595,3.0,3.9292443896299405,0.9292443896299406,98,0.18357,1,0,0,0
8596,3.0,3.927697384246148,0.9276973842461482,97,0.18347499999999994,1,0,0,0
8597,3.0,4.019431005320522,1.0194310053205224,111,0.18338,1,0,0,0
8598,3.0,3.9625286608774024,0.9625286608774026,103,0.18328500000000003,1,0,0,0
8599,3.0,3.931839519869879,0.931839519869879,98,0.18319000000000007,1,0,0,0
8600,3.0,3.927173321818075,0.9271733218180752,98,0.183095,1,0,0,0
8601,3.0,3.8936396103067894,0.8936396103067898,92,0.18300000000000005,1,0,0,0
8602,3.0,3.942088960133702,0.9420889601337022,100,0.1829050000000001,1,0,0,0
8603,3.0,3.974075666261195,0.9740756662611952,105,0.18281000000000003,1,0,0,0
8604,3.0,3.890710678118655,0.8907106781186552,92,0.18271500000000007,1,0,0,0
8605,3.0,3.8936396103067894,0.8936396103067898,92,0.18262,1,0,0,0
8606,3.0,3.88234204518682,0.8823420451868206,91,0.18252500000000005,1,0,0,0
8607,3.0,3.8936396103067894,0.8936396103067898,92,0.18242999999999998,1,0,0,0
8608,3.0,3.9470851585167743,0.9470851585167749,101,0.18233500000000002,1,0,0,0
8609,3.0,4.009431005320523,1.0094310053205227,110,0.18224000000000007,1,0,0,0
8610,3.0,3.932173321818075,0.9321733218180752,98,0.182145,1,0,0,0
8611,3.0,3.9176973842461478,0.917697384246148,96,0.18205000000000005,1,0,0,0
8612,3.0,4.027275575824284,1.0272755758242842,112,0.1819550000000001,1,0,0,0
8613,3.0,3.9093287513143133,0.9093287513143133,95,0.18186000000000002,1,0,0,0
8614,3.0,3.951755158185506,0.9517551581855065,101,0.18176500000000007,1,0,0,0
8615,3.0,3.9576130225617754,0.9576130225617755,101,0.18167,1,0,0,0
8616,3.0,4.012359937508657,1.0123599375086572,110,0.18157500000000004,1,0,0,0
8617,3.0,3.8694974746830586,0.8694974746830588,89,0.18147999999999997,1,0,0,0
8618,3.0,3.9418395198698786,0.941839519869879,99,0.18138500000000002,1,0,0,0
8619,3.0,3.9703732313811644,0.9703732313811643,104,0.18129000000000006,1,0,0,0
8620,3.0,3.9292443896299405,0.9292443896299406,98,0.181195,1,0,0,0
8621,3.0,3.9858972938092374,0.9858972938092375,105,0.18110000000000004,1,0,0,0
8622,3.0,3.895186615690582,0.8951866156905824,93,0.18100500000000008,1,0,0,0
8623,3.0,3.9754575930655367,0.9754575930655369,104,0.18091000000000002,1,0,0,0
8624,3.0,3.952613022561775,0.9526130225617755,101,0.18081500000000006,1,0,0,0
8625,3.0,3.969933530637464,0.9699335306374641,105,0.18072,1,0,0,0
8626,3.0,3.880270977374955,0.8802709773749553,91,0.18062500000000004,1,0,0,0
8627,3.0,4.001920236764956,1.001920236764957,109,0.18052999999999997,1,0,0,0
8628,3.0,3.9106263164342825,0.9106263164342827,95,0.180435,1,0,0,0
8629,3.0,3.9143287513143132,0.9143287513143133,96,0.18034000000000006,1,0,0,0
8630,3.0,3.9347684520580133,0.9347684520580136,98,0.180245,1,0,0,0
8631,3.0,4.0269417738760875,1.0269417738760884,112,0.18015000000000003,1,0,0,0
8632,3.0,3.9937418643129985,0.9937418643129988,107,0.18005500000000008,1,0,0,0
8633,3.0,3.9368395198698787,0.936839519869879,99,0.17996000000000012,1,0,0,0
8634,3.0,4.054926084231241,1.0549260842312416,117,0.17986500000000005,1,0,0,0
8635,3.0,3.92010225400621,0.9201022540062097,97,0.1797700000000001,1,0,0,0
8636,3.0,3.999515367004895,0.9995153670048953,108,0.17967500000000003,1,0,0,0
8637,3.0,3.999761005651791,0.9997610056517909,109,0.17957999999999996,1,0,0,0
8638,3.0,3.936066017177983,0.9360660171779829,98,0.179485,1,0,0,0
8639,3.0,3.9035552486224168,0.9035552486224172,94,0.17939000000000005,1,0,0,0
8640,3.0,3.912257683502448,0.9122576835024478,95,0.17929499999999998,1,0,0,0
8641,3.0,3.9541600279455675,0.9541600279455678,102,0.17920000000000003,1,0,0,0
8642,3.0,3.9530527233054755,0.9530527233054755,101,0.17910500000000007,1,0,0,0
8643,3.0,3.981476734404329,0.9814767344043293,106,0.1790100000000001,1,0,0,0
8644,3.0,3.9530527233054755,0.9530527233054757,101,0.17891500000000005,1,0,0,0
8645,3.0,3.938910587681744,0.9389105876817446,99,0.1788200000000001,1,0,0,0
8646,3.0,3.8964841808105515,0.8964841808105515,93,0.17872500000000002,1,0,0,0
8647,3.0,3.9347684520580133,0.9347684520580136,98,0.17862999999999996,1,0,0,0
8648,3.0,4.014431005320523,1.0144310053205223,110,0.178535,1,0,0,0
8649,3.0,3.939768452058013,0.9397684520580137,99,0.17844000000000004,1,0,0,0
8650,3.0,3.9263998191261784,0.9263998191261789,97,0.1783450000000001,1,0,0,0
8651,3.0,3.8823420451868205,0.8823420451868207,91,0.17825000000000002,1,0,0,0
8652,3.0,3.9305419547499096,0.9305419547499099,98,0.17815500000000006,1,0,0,0
8653,3.0,4.020534508343687,1.0205345083436874,112,0.1780600000000001,1,0,0,0
8654,3.0,3.9363154574418058,0.9363154574418061,99,0.17796500000000004,1,0,0,0
8655,3.0,3.8823420451868205,0.8823420451868207,91,0.17787000000000008,1,0,0,0
8656,3.0,3.964160027945568,0.9641600279455679,103,0.17777500000000002,1,0,0,0
8657,3.0,3.880270977374955,0.8802709773749552,91,0.17767999999999995,1,0,0,0
8658,3.0,3.9848453673361637,0.984845367336164,107,0.177585,1,0,0,0
8659,3.0,4.020552065474655,1.0205520654746565,113,0.17749000000000004,1,0,0,0
8660,3.0,4.035644208756119,1.035644208756119,113,0.17739500000000008,1,0,0,0
8661,3.0,3.9119238815542516,0.9119238815542519,95,0.1773,1,0,0,0
8662,3.0,3.997693739456853,0.9976937394568531,108,0.17720500000000006,1,0,0,0
8663,3.0,3.9234708869380444,0.9234708869380444,97,0.1771100000000001,1,0,0,0
8664,3.0,3.923470886938044,0.9234708869380442,97,0.17701500000000003,1,0,0,0
8665,3.0,3.9036396103067896,0.90363961030679,93,0.17692000000000008,1,0,0,0
8666,3.0,3.9505419547499097,0.9505419547499099,100,0.176825,1,0,0,0
8667,3.0,4.0157285704404915,1.0157285704404917,110,0.17673000000000005,1,0,0,0
8668,3.0,3.9119238815542516,0.9119238815542519,95,0.176635,1,0,0,0
8669,3.0,3.8810444800668513,0.8810444800668514,91,0.17654000000000003,1,0,0,0
8670,3.0,3.9824442991930296,0.9824442991930297,106,0.17644500000000007,1,0,0,0
8671,3.0,3.9331370849898484,0.9331370849898484,98,0.17635,1,0,0,0
8672,3.0,3.8925914854506436,0.8925914854506439,93,0.17625500000000005,1,0,0,0
8673,3.0,4.035120146328046,1.035120146328046,114,0.1761600000000001,1,0,0,0
8674,3.0,3.981480536021256,0.9814805360212565,107,0.17606500000000003,1,0,0,0
8675,3.0,3.980039429432968,0.9800394294329682,105,0.17597000000000007,1,0,0,0
8676,3.0,3.93054195474991,0.9305419547499099,98,0.175875,1,0,0,0
8677,3.0,3.990636427159029,0.9906364271590291,108,0.17578000000000005,1,0,0,0
8678,3.0,3.9156263164342824,0.9156263164342826,96,0.17568499999999998,1,0,0,0
8679,3.0,3.9418395198698786,0.9418395198698791,99,0.17559000000000002,1,0,0,0
8680,3.0,3.9460660171779827,0.9460660171779828,99,0.17549500000000007,1,0,0,0
8681,3.0,3.9703732313811644,0.9703732313811643,104,0.1754,1,0,0,0
8682,3.0,3.956231095757433,0.9562310957574334,102,0.17530500000000004,1,0,0,0
8683,3.0,3.9392443896299403,0.9392443896299405,100,0.1752100000000001,1,0,0,0
8684,3.0,3.9251022540062097,0.9251022540062096,97,0.17511500000000002,1,0,0,0
8685,3.0,3.95098165549361,0.9509816554936101,101,0.17502000000000006,1,0,0,0
8686,3.0,4.024346643636149,1.0243466436361497,112,0.174925,1,0,0,0
8687,3.0,3.999181565056699,0.9991815650566992,108,0.17483000000000004,1,0,0,0
8688,3.0,4.005288869696791,1.0052888696967914,109,0.17473499999999997,1,0,0,0
8689,3.0,3.947613022561775,0.9476130225617752,100,0.17464000000000002,1,0,0,0
8690,3.0,3.8964841808105515,0.8964841808105517,93,0.17454500000000006,1,0,0,0
8691,3.0,3.8765685424949243,0.8765685424949244,90,0.17445,1,0,0,0
8692,3.0,3.9749335306374647,0.9749335306374642,104,0.17435500000000004,1,0,0,0
8693,3.0,3.953137084989848,0.9531370849898483,100,0.17426000000000008,1,0,0,0
8694,3.0,3.9363154574418058,0.936315457441806,99,0.17416500000000013,1,0,0,0
8695,3.0,3.937946824509971,0.9379468245099712,99,0.17407000000000006,1,0,0,0
8696,3.0,3.9670889601337023,0.9670889601337024,103,0.173975,1,0,0,0
8697,3.0,3.8964841808105515,0.8964841808105516,93,0.17388000000000003,1,0,0,0
8698,3.0,3.889413112998686,0.8894131129986862,92,0.17378499999999997,1,0,0,0
8699,3.0,3.968302163569298,0.9683021635692985,104,0.17369,1,0,0,0
8700,3.0,3.895186615690582,0.8951866156905824,93,0.17359500000000005,1,0,0,0
8701,3.0,3.982440497576102,0.9824404975761023,106,0.1735,1,0,0,0
8702,3.0,3.934240588013013,0.9342405880130132,99,0.17340500000000003,1,0,0,0
8703,3.0,3.9263998191261784,0.9263998191261789,97,0.17331000000000008,1,0,0,0
8704,3.0,3.956231095757433,0.9562310957574333,102,0.17321500000000012,1,0,0,0
8705,3.0,3.895186615690582,0.8951866156905823,93,0.17312000000000005,1,0,0,0
8706,3.0,3.8765685424949243,0.8765685424949244,90,0.17302499999999998,1,0,0,0
8707,3.0,3.9093287513143133,0.9093287513143135,95,0.17293000000000003,1,0,0,0
8708,3.0,3.8977817459305206,0.8977817459305208,93,0.17283499999999996,1,0,0,0
8709,3.0,3.939768452058013,0.9397684520580136,99,0.17274,1,0,0,0
8710,3.0,3.943137084989848,0.9431370849898483,99,0.17264500000000005,1,0,0,0
8711,3.0,3.9163998191261786,0.9163998191261787,96,0.1725500000000001,1,0,0,0
8712,3.0,3.9226973842461477,0.922697384246148,97,0.17245500000000002,1,0,0,0
8713,3.0,3.8681999095630895,0.8681999095630897,89,0.17236000000000007,1,0,0,0
8714,3.0,3.8836396103067896,0.88363961030679,91,0.1722650000000001,1,0,0,0
8715,3.0,3.9080311861943438,0.9080311861943441,95,0.17217000000000005,1,0,0,0
8716,3.0,3.9035552486224168,0.9035552486224171,94,0.17207499999999998,1,0,0,0
8717,3.0,3.9163998191261786,0.9163998191261788,96,0.17198000000000002,1,0,0,0
8718,3.0,3.889413112998686,0.8894131129986862,92,0.17188499999999995,1,0,0,0
8719,3.0,3.9675286608774023,0.9675286608774025,104,0.17179,1,0,0,0
8720,3.0,3.933470886938044,0.9334708869380444,98,0.17169500000000004,1,0,0,0
8721,3.0,3.9051866156905826,0.9051866156905825,94,0.17160000000000009,1,0,0,0
8722,3.0,3.8681999095630895,0.8681999095630898,89,0.17150500000000002,1,0,0,0
8723,3.0,3.9745997286892676,0.974599728689268,105,0.17141000000000006,1,0,0,0
8724,3.0,3.9780527233054754,0.9780527233054757,104,0.1713150000000001,1,0,0,0
8725,3.0,3.9022576835024476,0.9022576835024477,94,0.17122000000000004,1,0,0,0
8726,3.0,3.9093287513143133,0.9093287513143135,95,0.17112499999999997,1,0,0,0
8727,3.0,3.9247684520580135,0.9247684520580135,97,0.17103000000000002,1,0,0,0
8728,3.0,3.968298361952371,0.9682983619523715,104,0.17093500000000006,1,0,0,0
8729,3.0,3.9119238815542516,0.911923881554252,95,0.17084,1,0,0,0
8730,3.0,3.951315457441806,0.9513154574418061,102,0.17074500000000004,1,0,0,0
8731,3.0,4.010728570440492,1.0107285704404918,110,0.17065000000000008,1,0,0,0
8732,3.0,3.904413112998686,0.9044131129986862,94,0.170555,1,0,0,0
8733,3.0,3.9874442991930295,0.9874442991930298,107,0.17046000000000006,1,0,0,0
8734,3.0,3.9363154574418058,0.9363154574418061,99,0.1703650000000001,1,0,0,0
8735,3.0,4.010204508012419,1.0102045080124187,110,0.17027000000000003,1,0,0,0
8736,3.0,3.9188046888862402,0.9188046888862403,97,0.17017499999999997,1,0,0,0
8737,3.0,3.9729683616211027,0.9729683616211026,104,0.17008,1,0,0,0
8738,3.0,3.902257683502448,0.9022576835024478,94,0.16998500000000005,1,0,0,0
8739,3.0,3.9048528137423864,0.9048528137423862,94,0.16988999999999999,1,0,0,0
8740,3.0,3.917697384246148,0.9176973842461481,96,0.16979500000000003,1,0,0,0
8741,3.0,3.8769023444431205,0.8769023444431205,91,0.16970000000000007,1,0,0,0
8742,3.0,3.940017892321837,0.940017892321837,100,0.169605,1,0,0,0
8743,3.0,3.960457593065537,0.9604575930655371,103,0.16951000000000005,1,0,0,0
8744,3.0,3.972528660877402,0.9725286608774026,104,0.1694150000000001,1,0,0,0
8745,3.0,3.9384708869380445,0.9384708869380443,99,0.16932000000000003,1,0,0,0
8746,3.0,3.9106263164342825,0.9106263164342827,95,0.16922499999999996,1,0,0,0
8747,3.0,3.889413112998686,0.8894131129986862,92,0.16913,1,0,0,0
8748,3.0,3.8694974746830586,0.8694974746830588,89,0.16903500000000005,1,0,0,0
8749,3.0,3.923470886938044,0.9234708869380444,97,0.16893999999999998,1,0,0,0
8750,3.0,3.9048528137423864,0.9048528137423865,94,0.16884500000000002,1,0,0,0
8751,3.0,3.923470886938044,0.9234708869380445,97,0.16875000000000007,1,0,0,0
8752,3.0,3.93380468888624,0.9338046888862402,99,0.168655,1,0,0,0
8753,3.0,3.945791395013733,0.9457913950137331,101,0.16856000000000004,1,0,0,0
8754,3.0,3.9426130225617753,0.9426130225617753,100,0.1684650000000001,1,0,0,0
8755,3.0,3.969075666261195,0.9690756662611949,104,0.16837000000000013,1,0,0,0
8756,3.0,3.923470886938044,0.9234708869380442,97,0.16827500000000006,1,0,0,0
8757,3.0,3.958386525253671,0.9583865252536715,102,0.16818,1,0,0,0
8758,3.0,3.937946824509971,0.9379468245099715,100,0.16808500000000004,1,0,0,0
8759,3.0,3.9536359655174946,0.9536359655174947,102,0.16798999999999997,1,0,0,0
8760,3.0,3.8752709773749547,0.875270977374955,90,0.16789500000000002,1,0,0,0
8761,3.0,3.862426406871193,0.8624264068711934,88,0.16780000000000006,1,0,0,0
8762,3.0,3.9163998191261786,0.9163998191261787,96,0.1677050000000001,1,0,0,0
8763,3.0,3.964599728689268,0.9645997286892681,103,0.16761000000000004,1,0,0,0
8764,3.0,3.996062372388688,0.9960623723886878,108,0.16751500000000008,1,0,0,0
8765,3.0,3.9877781011412257,0.9877781011412258,107,0.16742000000000012,1,0,0,0
8766,3.0,3.9256263164342826,0.9256263164342827,97,0.16732500000000006,1,0,0,0
8767,3.0,3.9533865252536717,0.9533865252536716,101,0.16723,1,0,0,0
8768,3.0,3.904852813742386,0.9048528137423862,94,0.16713500000000003,1,0,0,0
8769,3.0,3.8669023444431203,0.8669023444431204,89,0.16703999999999997,1,0,0,0
8770,3.0,3.9219238815542514,0.921923881554252,96,0.166945,1,0,0,0
8771,3.0,3.912257683502448,0.912257683502448,95,0.16685000000000005,1,0,0,0
8772,3.0,3.918994949366117,0.9189949493661171,96,0.1667550000000001,1,0,0,0
8773,3.0,3.886044480066851,0.8860444800668515,92,0.16666000000000003,1,0,0,0
8774,3.0,3.9433865252536715,0.9433865252536716,100,0.16656500000000007,1,0,0,0
8775,3.0,3.9163998191261786,0.916399819126179,96,0.16647000000000012,1,0,0,0
8776,3.0,3.9712310957574335,0.9712310957574334,104,0.16637500000000005,1,0,0,0
8777,3.0,3.8951866156905823,0.8951866156905824,93,0.16627999999999998,1,0,0,0
8778,3.0,3.958965965848763,0.9589659658487634,103,0.16618500000000003,1,0,0,0
8779,3.0,3.9695997286892677,0.969599728689268,104,0.16609000000000007,1,0,0,0
8780,3.0,3.957946824509971,0.9579468245099716,102,0.165995,1,0,0,0
8781,3.0,3.9541600279455675,0.9541600279455679,102,0.16590000000000005,1,0,0,0
8782,3.0,3.9588262259973717,0.9588262259973719,102,0.1658050000000001,1,0,0,0
8783,3.0,3.8873420451868204,0.8873420451868206,92,0.16571000000000002,1,0,0,0
8784,3.0,3.967085158516775,0.967085158516775,103,0.16561500000000007,1,0,0,0
8785,3.0,3.9740718646442676,0.9740718646442678,105,0.1655200000000001,1,0,0,0
8786,3.0,3.9956188700280606,0.9956188700280605,109,0.16542500000000004,1,0,0,0
8787,3.0,3.886817982758748,0.8868179827587477,92,0.16532999999999998,1,0,0,0
8788,3.0,3.8836396103067896,0.8836396103067898,91,0.16523500000000002,1,0,0,0
8789,3.0,3.913031186194344,0.9130311861943442,96,0.16514000000000006,1,0,0,0
8790,3.0,3.922173321818075,0.9221733218180752,97,0.165045,1,0,0,0
8791,3.0,3.879497474683059,0.8794974746830589,90,0.16495000000000004,1,0,0,0
8792,3.0,3.869497474683059,0.8694974746830589,89,0.16485500000000008,1,0,0,0
8793,3.0,3.9413154574418057,0.9413154574418059,100,0.16476000000000002,1,0,0,0
8794,3.0,3.943386525253671,0.9433865252536716,100,0.16466500000000006,1,0,0,0
8795,3.0,3.9206263164342823,0.9206263164342826,96,0.1645700000000001,1,0,0,0
8796,3.0,3.9392443896299403,0.9392443896299406,99,0.16447500000000004,1,0,0,0
8797,3.0,3.890710678118655,0.8907106781186553,92,0.16437999999999997,1,0,0,0
8798,3.0,3.9402081528017137,0.9402081528017138,99,0.16428500000000001,1,0,0,0
8799,3.0,3.8977817459305206,0.8977817459305208,93,0.16419000000000006,1,0,0,0
8800,3.0,3.869497474683059,0.869497474683059,89,0.164095,1,0,0,0
8801,3.0,3.862426406871193,0.8624264068711934,88,0.16400000000000003,1,0,0,0
8802,3.0,3.9048528137423864,0.9048528137423864,94,0.16390500000000008,1,0,0,0
8803,3.0,3.8810444800668513,0.8810444800668514,91,0.16381,1,0,0,0
8804,3.0,3.9119238815542516,0.9119238815542519,95,0.16371500000000005,1,0,0,0
8805,3.0,3.9420889601337024,0.9420889601337022,100,0.1636200000000001,1,0,0,0
8806,3.0,3.9363154574418058,0.9363154574418061,99,0.16352500000000014,1,0,0,0
8807,3.0,3.9628624628255986,0.9628624628255987,104,0.16342999999999996,1,0,0,0
8808,3.0,3.9093287513143133,0.9093287513143133,95,0.163335,1,0,0,0
8809,3.0,3.889413112998686,0.8894131129986863,92,0.16324000000000005,1,0,0,0
8810,3.0,3.9007106781186556,0.9007106781186555,93,0.16314499999999998,1,0,0,0
8811,3.0,3.880270977374955,0.8802709773749552,91,0.16305000000000003,1,0,0,0
8812,3.0,3.9567551581855063,0.9567551581855065,102,0.16295500000000007,1,0,0,0
8813,3.0,3.923470886938044,0.9234708869380444,97,0.16286,1,0,0,0
8814,3.0,3.94598165549361,0.9459816554936101,100,0.16276500000000005,1,0,0,0
8815,3.0,3.9368395198698787,0.9368395198698791,99,0.1626700000000001,1,0,0,0
8816,3.0,3.9201022540062094,0.9201022540062096,97,0.16257500000000014,1,0,0,0
8817,3.0,3.9143287513143132,0.9143287513143133,96,0.16247999999999996,1,0,0,0
8818,3.0,3.9363154574418058,0.936315457441806,99,0.162385,1,0,0,0
8819,3.0,3.8482842712474623,0.8482842712474624,86,0.16229000000000005,1,0,0,0
8820,3.0,3.8964841808105515,0.8964841808105517,93,0.16219499999999998,1,0,0,0
8821,3.0,3.9206263164342823,0.9206263164342825,96,0.16210000000000002,1,0,0,0
8822,3.0,3.910626316434282,0.9106263164342825,95,0.16200500000000007,1,0,0,0
8823,3.0,3.988991304576822,0.9889913045768223,107,0.1619100000000001,1,0,0,0
8824,3.0,3.8681999095630895,0.8681999095630898,89,0.16181500000000004,1,0,0,0
8825,3.0,3.8968179827587477,0.8968179827587478,93,0.16172000000000009,1,0,0,0
8826,3.0,3.9489105876817443,0.9489105876817444,100,0.16162500000000013,1,0,0,0
8827,3.0,3.8765685424949243,0.8765685424949243,90,0.16152999999999995,1,0,0,0
8828,3.0,3.9263998191261784,0.9263998191261786,97,0.161435,1,0,0,0
8829,3.0,3.9035552486224168,0.903555248622417,94,0.16134000000000004,1,0,0,0
8830,3.0,4.004955067748595,1.0049550677485954,109,0.16124499999999997,1,0,0,0
8831,3.0,3.9163998191261786,0.9163998191261788,96,0.16115000000000002,1,0,0,0
8832,3.0,3.9085552486224167,0.9085552486224171,95,0.16105500000000006,1,0,0,0
8833,3.0,3.974071864644267,0.9740718646442675,105,0.1609600000000001,1,0,0,0
8834,3.0,3.8977817459305206,0.8977817459305208,93,0.16086500000000004,1,0,0,0
8835,3.0,3.9162057570293745,0.9162057570293746,97,0.16077000000000008,1,0,0,0
8836,3.0,3.918994949366117,0.9189949493661174,96,0.16067500000000012,1,0,0,0
8837,3.0,3.9163998191261786,0.9163998191261788,96,0.16057999999999995,1,0,0,0
8838,3.0,3.988217801884926,0.988217801884926,107,0.160485,1,0,0,0
8839,3.0,3.902257683502448,0.902257683502448,94,0.16039000000000003,1,0,0,0
8840,3.0,3.9151022540062095,0.9151022540062096,96,0.16029500000000008,1,0,0,0
8841,3.0,3.9607875933968053,0.9607875933968056,103,0.1602,1,0,0,0
8842,3.0,3.9163998191261786,0.9163998191261788,96,0.16010500000000005,1,0,0,0
8843,3.0,3.8964841808105515,0.8964841808105517,93,0.1600100000000001,1,0,0,0
8844,3.0,3.88234204518682,0.8823420451868205,91,0.15991500000000003,1,0,0,0
8845,3.0,3.927946824509971,0.9279468245099712,98,0.15982000000000007,1,0,0,0
8846,3.0,3.9492443896299405,0.9492443896299407,101,0.15972500000000012,1,0,0,0
8847,3.0,3.89778174593052,0.8977817459305207,93,0.15962999999999994,1,0,0,0
8848,3.0,3.989845367336164,0.9898453673361639,107,0.15953499999999998,1,0,0,0
8849,3.0,3.9363154574418058,0.936315457441806,99,0.15944000000000003,1,0,0,0
8850,3.0,3.9413154574418057,0.9413154574418061,100,0.15934500000000007,1,0,0,0
8851,3.0,3.9717551581855064,0.9717551581855065,103,0.15925,1,0,0,0
8852,3.0,3.9035552486224168,0.9035552486224172,94,0.15915500000000005,1,0,0,0
8853,3.0,3.9413154574418057,0.941315457441806,100,0.1590600000000001,1,0,0,0
8854,3.0,3.920098452389282,0.9200984523892822,97,0.15896500000000002,1,0,0,0
8855,3.0,3.904852813742386,0.9048528137423862,94,0.15887000000000007,1,0,0,0
8856,3.0,3.894413112998686,0.8944131129986862,93,0.1587750000000001,1,0,0,0
8857,3.0,3.966231095757433,0.9662310957574332,104,0.15868000000000004,1,0,0,0
8858,3.0,3.9489105876817443,0.9489105876817446,100,0.15858499999999998,1,0,0,0
8859,3.0,4.010010445915615,1.0100104459156145,111,0.15849000000000002,1,0,0,0
8860,3.0,3.9753732313811643,0.9753732313811643,105,0.15839500000000006,1,0,0,0
8861,3.0,3.890710678118655,0.8907106781186552,92,0.1583,1,0,0,0
8862,3.0,3.9208757566981056,0.9208757566981057,97,0.15820500000000004,1,0,0,0
8863,3.0,3.931839519869879,0.931839519869879,98,0.15811000000000008,1,0,0,0
8864,3.0,3.943137084989848,0.9431370849898483,99,0.15801500000000002,1,0,0,0
8865,3.0,3.9420889601337024,0.9420889601337024,100,0.15792000000000006,1,0,0,0
8866,3.0,3.9247684520580135,0.9247684520580135,97,0.1578250000000001,1,0,0,0
8867,3.0,3.9662310957574327,0.9662310957574332,103,0.15773000000000004,1,0,0,0
8868,3.0,3.9376130225617754,0.9376130225617753,99,0.15763499999999997,1,0,0,0
8869,3.0,3.919328751314313,0.9193287513143131,96,0.15754,1,0,0,0
8870,3.0,3.9575286608774025,0.9575286608774025,102,0.15744500000000006,1,0,0,0
8871,3.0,3.92010225400621,0.9201022540062096,97,0.15735,1,0,0,0
8872,3.0,3.8873420451868204,0.8873420451868207,92,0.15725500000000003,1,0,0,0
8873,3.0,3.907781745930521,0.907781745930521,94,0.15716000000000008,1,0,0,0
8874,3.0,3.9446840903736407,0.9446840903736409,100,0.157065,1,0,0,0
8875,3.0,3.890710678118655,0.8907106781186552,92,0.15697000000000005,1,0,0,0
8876,3.0,3.9504575930655372,0.950457593065537,101,0.1568750000000001,1,0,0,0
8877,3.0,3.9771948589292068,0.9771948589292065,104,0.15678000000000014,1,0,0,0
8878,3.0,3.93054195474991,0.9305419547499099,98,0.15668499999999996,1,0,0,0
8879,3.0,3.951755158185506,0.9517551581855063,101,0.15659,1,0,0,0
8880,3.0,3.9106263164342825,0.9106263164342826,95,0.15649500000000005,1,0,0,0
8881,3.0,3.945017892321837,0.9450178923218367,100,0.15639999999999998,1,0,0,0
8882,3.0,3.9163998191261786,0.9163998191261787,96,0.15630500000000003,1,0,0,0
8883,3.0,3.93054195474991,0.9305419547499099,98,0.15621000000000007,1,0,0,0
8884,3.0,3.8977817459305206,0.8977817459305208,93,0.15611500000000011,1,0,0,0
8885,3.0,3.9080311861943438,0.9080311861943441,95,0.15602000000000005,1,0,0,0
8886,3.0,3.976666994884206,0.976666994884206,105,0.1559250000000001,1,0,0,0
8887,3.0,3.912257683502448,0.912257683502448,95,0.15583000000000014,1,0,0,0
8888,3.0,3.910626316434282,0.9106263164342825,95,0.15573499999999996,1,0,0,0
8889,3.0,3.8923420451868207,0.8923420451868207,92,0.15564,1,0,0,0
8890,3.0,4.025056691992026,1.025056691992026,113,0.15554500000000004,1,0,0,0
8891,3.0,3.9420889601337024,0.9420889601337024,100,0.15544999999999998,1,0,0,0
8892,3.0,3.919328751314313,0.9193287513143134,97,0.15535500000000002,1,0,0,0
8893,3.0,3.9895153670048953,0.9895153670048954,107,0.15526000000000006,1,0,0,0
8894,3.0,3.980373231381164,0.9803732313811645,105,0.1551650000000001,1,0,0,0
8895,3.0,3.968826225997372,0.9688262259973719,103,0.15507000000000004,1,0,0,0
8896,3.0,3.933470886938044,0.9334708869380445,98,0.15497500000000008,1,0,0,0
8897,3.0,3.9347684520580133,0.9347684520580136,98,0.15488000000000013,1,0,0,0
8898,3.0,3.9289949493661167,0.9289949493661173,97,0.15478499999999995,1,0,0,0
8899,3.0,3.9080311861943438,0.9080311861943441,95,0.15469,1,0,0,0
8900,3.0,3.8836396103067896,0.88363961030679,91,0.15459500000000004,1,0,0,0
8901,3.0,3.923470886938044,0.9234708869380444,97,0.15450000000000008,1,0,0,0
8902,3.0,3.9305419547499096,0.9305419547499099,98,0.15440500000000001,1,0,0,0
8903,3.0,3.9376130225617754,0.9376130225617753,99,0.15431000000000006,1,0,0,0
8904,3.0,3.9292443896299405,0.9292443896299405,98,0.1542150000000001,1,0,0,0
8905,3.0,3.92880468888624,0.9288046888862405,98,0.15412000000000003,1,0,0,0
8906,3.0,3.9945153670048947,0.994515367004895,107,0.15402500000000008,1,0,0,0
8907,3.0,3.9695997286892677,0.9695997286892681,104,0.15393000000000012,1,0,0,0
8908,3.0,3.932173321818075,0.9321733218180751,98,0.15383499999999994,1,0,0,0
8909,3.0,3.9138046888862403,0.9138046888862404,96,0.15374,1,0,0,0
8910,3.0,3.8881155478787166,0.8881155478787169,92,0.15364500000000003,1,0,0,0
8911,3.0,3.9130311861943445,0.9130311861943442,96,0.15355000000000008,1,0,0,0
8912,3.0,3.9234708869380444,0.9234708869380444,97,0.153455,1,0,0,0
8913,3.0,3.9641600279455678,0.9641600279455678,103,0.15336000000000005,1,0,0,0
8914,3.0,3.9686359655174943,0.9686359655174948,104,0.1532650000000001,1,0,0,0
8915,3.0,3.9114841808105516,0.9114841808105517,95,0.15317000000000003,1,0,0,0
8916,3.0,3.9559816554936096,0.9559816554936098,101,0.15307500000000007,1,0,0,0
8917,3.0,3.9455419547499098,0.9455419547499099,100,0.15298000000000012,1,0,0,0
8918,3.0,3.862426406871193,0.8624264068711933,88,0.15288500000000005,1,0,0,0
8919,3.0,3.903889050570613,0.9038890505706132,95,0.15278999999999998,1,0,0,0
8920,3.0,3.9824442991930296,0.9824442991930299,106,0.15269500000000003,1,0,0,0
8921,3.0,3.9258757566981055,0.925875756698106,98,0.15260000000000007,1,0,0,0
8922,3.0,3.9342443896299404,0.9342443896299406,99,0.152505,1,0,0,0
8923,3.0,3.93054195474991,0.9305419547499099,98,0.15241000000000005,1,0,0,0
8924,3.0,3.947279220613579,0.9472792206135793,100,0.1523150000000001,1,0,0,0
8925,3.0,3.9334708869380446,0.9334708869380444,98,0.15222000000000002,1,0,0,0
8926,3.0,3.912257683502448,0.912257683502448,95,0.15212500000000007,1,0,0,0
8927,3.0,3.978386525253671,0.9783865252536715,104,0.1520300000000001,1,0,0,0
8928,3.0,3.9035552486224168,0.9035552486224171,94,0.15193500000000004,1,0,0,0
8929,3.0,3.9176973842461478,0.9176973842461481,96,0.15183999999999997,1,0,0,0
8930,3.0,3.8765685424949243,0.8765685424949244,90,0.15174500000000002,1,0,0,0
8931,3.0,3.937173321818075,0.9371733218180751,99,0.15165000000000006,1,0,0,0
8932,3.0,3.946315457441806,0.9463154574418061,100,0.151555,1,0,0,0
8933,3.0,3.8964841808105515,0.8964841808105517,93,0.15146000000000004,1,0,0,0
8934,3.0,3.8836396103067896,0.8836396103067897,91,0.15136500000000008,1,0,0,0
8935,3.0,3.9292443896299405,0.9292443896299406,98,0.15127000000000002,1,0,0,0
8936,3.0,3.912257683502448,0.9122576835024478,95,0.15117500000000006,1,0,0,0
8937,3.0,3.958826225997371,0.9588262259973716,102,0.1510800000000001,1,0,0,0
8938,3.0,3.910626316434282,0.9106263164342826,95,0.15098500000000004,1,0,0,0
8939,3.0,3.933470886938044,0.9334708869380443,98,0.15088999999999997,1,0,0,0
8940,3.0,3.890710678118655,0.8907106781186553,92,0.150795,1,0,0,0
8941,3.0,3.990373231381164,0.9903732313811644,107,0.15070000000000006,1,0,0,0
8942,3.0,3.97614673407306,0.9761467340730604,105,0.150605,1,0,0,0
8943,3.0,3.9305419547499096,0.9305419547499097,98,0.15051000000000003,1,0,0,0
8944,3.0,3.9009601183824785,0.9009601183824785,94,0.15041500000000008,1,0,0,0
8945,3.0,3.910626316434282,0.9106263164342825,95,0.15032000000000012,1,0,0,0
8946,3.0,3.9119238815542516,0.9119238815542517,95,0.15022500000000005,1,0,0,0
8947,3.0,3.9457913950137335,0.9457913950137333,101,0.1501300000000001,1,0,0,0
8948,3.0,3.9783021635692988,0.9783021635692989,105,0.15003500000000003,1,0,0,0
8949,3.0,3.922173321818075,0.9221733218180752,97,0.14993999999999996,1,0,0,0
8950,3.0,3.9368395198698787,0.936839519869879,99,0.149845,1,0,0,0
8951,3.0,3.9219238815542514,0.921923881554252,96,0.14975000000000005,1,0,0,0
8952,3.0,3.9064841808105513,0.9064841808105517,94,0.14965499999999998,1,0,0,0
8953,3.0,3.897781745930521,0.897781745930521,93,0.14956000000000003,1,0,0,0
8954,3.0,3.9014841808105514,0.9014841808105517,94,0.14946500000000007,1,0,0,0
8955,3.0,3.911729819457447,0.9117298194574475,96,0.1493700000000001,1,0,0,0
8956,3.0,3.9247684520580135,0.9247684520580136,97,0.14927500000000005,1,0,0,0
8957,3.0,3.9328833701739514,0.9328833701739517,99,0.1491800000000001,1,0,0,0
8958,3.0,3.8624264068711933,0.8624264068711935,88,0.14908500000000002,1,0,0,0
8959,3.0,3.902257683502448,0.9022576835024478,94,0.14898999999999996,1,0,0,0
8960,3.0,3.897781745930521,0.897781745930521,93,0.148895,1,0,0,0
8961,3.0,3.961755158185506,0.9617551581855063,102,0.14880000000000004,1,0,0,0
8962,3.0,3.9798491689530913,0.9798491689530914,106,0.1487050000000001,1,0,0,0
8963,3.0,3.9313998191261788,0.9313998191261789,98,0.14861000000000002,1,0,0,0
8964,3.0,3.9251022540062097,0.9251022540062096,97,0.14851500000000006,1,0,0,0
8965,3.0,3.873973412254986,0.8739734122549859,90,0.1484200000000001,1,0,0,0
8966,3.0,3.927697384246148,0.927697384246148,97,0.14832500000000004,1,0,0,0
8967,3.0,3.912257683502448,0.912257683502448,95,0.14823000000000008,1,0,0,0
8968,3.0,3.8964841808105515,0.8964841808105517,93,0.14813500000000002,1,0,0,0
8969,3.0,3.861128841751224,0.8611288417512241,88,0.14803999999999995,1,0,0,0
8970,3.0,3.9059601183824784,0.9059601183824788,95,0.147945,1,0,0,0
8971,3.0,3.9707032317124327,0.9707032317124328,105,0.14785000000000004,1,0,0,0
8972,3.0,3.9119238815542516,0.9119238815542519,95,0.14775500000000008,1,0,0,0
8973,3.0,3.9048528137423864,0.9048528137423864,94,0.14766,1,0,0,0
8974,3.0,3.9080311861943438,0.9080311861943442,95,0.14756500000000006,1,0,0,0
8975,3.0,3.8965685424949243,0.8965685424949245,92,0.1474700000000001,1,0,0,0
8976,3.0,3.8977817459305206,0.8977817459305208,93,0.14737500000000003,1,0,0,0
8977,3.0,3.9048528137423864,0.9048528137423865,94,0.14728000000000008,1,0,0,0
8978,3.0,3.8836396103067896,0.88363961030679,91,0.147185,1,0,0,0
8979,3.0,3.9009601183824785,0.9009601183824787,94,0.14709000000000005,1,0,0,0
8980,3.0,3.9906226716449877,0.9906226716449876,108,0.146995,1,0,0,0
8981,3.0,3.8964841808105515,0.8964841808105516,93,0.14690000000000003,1,0,0,0
8982,3.0,3.875270977374955,0.8752709773749553,90,0.14680500000000007,1,0,0,0
8983,3.0,3.89181418114182,0.8918141811418204,93,0.14671,1,0,0,0
8984,3.0,3.8569867061274934,0.8569867061274933,87,0.14661500000000005,1,0,0,0
8985,3.0,3.913555248622417,0.9135552486224173,95,0.1465200000000001,1,0,0,0
8986,3.0,3.9022576835024476,0.9022576835024478,94,0.14642500000000003,1,0,0,0
8987,3.0,3.916399819126179,0.9163998191261791,96,0.14633000000000007,1,0,0,0
8988,3.0,3.9247684520580135,0.9247684520580136,97,0.146235,1,0,0,0
8989,3.0,3.9151866156905824,0.9151866156905824,96,0.14614000000000005,1,0,0,0
8990,3.0,3.993217801884926,0.993217801884926,107,0.14604499999999998,1,0,0,0
8991,3.0,3.8810444800668513,0.8810444800668513,91,0.14595000000000002,1,0,0,0
8992,3.0,3.9093287513143133,0.9093287513143132,95,0.14585500000000007,1,0,0,0
8993,3.0,3.990897293809237,0.9908972938092373,106,0.14576,1,0,0,0
8994,3.0,3.9256263164342826,0.9256263164342827,97,0.14566500000000004,1,0,0,0
8995,3.0,3.910626316434282,0.9106263164342826,95,0.1455700000000001,1,0,0,0
8996,3.0,3.943386525253671,0.9433865252536715,100,0.14547500000000002,1,0,0,0
8997,3.0,3.9517551581855064,0.9517551581855064,101,0.14538000000000006,1,0,0,0
8998,3.0,3.9376130225617754,0.9376130225617754,99,0.145285,1,0,0,0
8999,3.0,3.8553553390593276,0.8553553390593279,87,0.14519000000000004,1,0,0,0
9000,3.0,3.8553553390593276,0.855355339059328,87,0.14509499999999997,1,0,0,0
9001,3.0,3.912257683502448,0.912257683502448,95,0.14500000000000002,1,0,0,0
9002,3.0,3.8964841808105515,0.8964841808105516,93,0.14490500000000006,1,0,0,0
9003,3.0,3.9163998191261786,0.9163998191261787,96,0.14481,1,0,0,0
9004,3.0,3.902257683502448,0.9022576835024481,94,0.14471500000000004,1,0,0,0
9005,3.0,3.9303478926531055,0.9303478926531057,99,0.14462000000000008,1,0,0,0
9006,3.0,3.9578624628255983,0.9578624628255985,102,0.14452500000000013,1,0,0,0
9007,3.0,3.9106263164342825,0.9106263164342826,95,0.14443000000000006,1,0,0,0
9008,3.0,3.964684090373641,0.9646840903736409,102,0.1443350000000001,1,0,0,0
9009,3.0,3.889413112998686,0.8894131129986861,92,0.14424000000000003,1,0,0,0
9010,3.0,3.875270977374955,0.8752709773749553,90,0.14414499999999997,1,0,0,0
9011,3.0,3.899413112998686,0.8994131129986863,93,0.14405,1,0,0,0
9012,3.0,3.914852813742386,0.9148528137423864,95,0.14395500000000006,1,0,0,0
9013,3.0,3.9048528137423864,0.9048528137423865,94,0.14386,1,0,0,0
9014,3.0,3.9247684520580135,0.9247684520580135,97,0.14376500000000003,1,0,0,0
9015,3.0,3.899413112998686,0.8994131129986863,93,0.14367000000000008,1,0,0,0
9016,3.0,4.031502073132387,1.031502073132388,113,0.14357500000000012,1,0,0,0
9017,3.0,3.9260660171779826,0.9260660171779828,97,0.14348000000000005,1,0,0,0
9018,3.0,3.865355339059328,0.865355339059328,88,0.1433850000000001,1,0,0,0
9019,3.0,3.8823420451868205,0.8823420451868207,91,0.14329000000000003,1,0,0,0
9020,3.0,3.9347684520580133,0.9347684520580135,98,0.14319499999999996,1,0,0,0
9021,3.0,3.890710678118655,0.8907106781186553,92,0.1431,1,0,0,0
9022,3.0,3.895186615690582,0.8951866156905824,93,0.14300500000000005,1,0,0,0
9023,3.0,3.975897293809237,0.9758972938092375,104,0.1429100000000001,1,0,0,0
9024,3.0,3.9163998191261786,0.916399819126179,96,0.14281500000000003,1,0,0,0
9025,3.0,3.8977817459305206,0.8977817459305208,93,0.14272000000000007,1,0,0,0
9026,3.0,3.943386525253671,0.9433865252536715,100,0.1426250000000001,1,0,0,0
9027,3.0,3.8977817459305206,0.8977817459305208,93,0.14253000000000005,1,0,0,0
9028,3.0,3.9035552486224168,0.9035552486224171,94,0.1424350000000001,1,0,0,0
9029,3.0,3.912257683502448,0.9122576835024481,95,0.14234000000000002,1,0,0,0
9030,3.0,3.932173321818075,0.9321733218180752,98,0.14224499999999995,1,0,0,0
9031,3.0,3.9035552486224168,0.9035552486224171,94,0.14215,1,0,0,0
9032,3.0,3.8553553390593276,0.855355339059328,87,0.14205500000000004,1,0,0,0
9033,3.0,3.977528660877402,0.9775286608774023,104,0.14196000000000009,1,0,0,0
9034,3.0,3.9376130225617754,0.9376130225617754,99,0.14186500000000002,1,0,0,0
9035,3.0,3.9164841808105515,0.9164841808105517,95,0.14177000000000006,1,0,0,0
9036,3.0,3.9064841808105513,0.9064841808105516,94,0.1416750000000001,1,0,0,0
9037,3.0,3.907257683502448,0.907257683502448,95,0.14158000000000004,1,0,0,0
9038,3.0,3.9620851585167745,0.9620851585167749,103,0.14148500000000008,1,0,0,0
9039,3.0,3.8964841808105515,0.8964841808105516,93,0.14139000000000002,1,0,0,0
9040,3.0,3.917697384246148,0.9176973842461481,96,0.14129500000000006,1,0,0,0
9041,3.0,3.8553553390593276,0.8553553390593279,87,0.1412,1,0,0,0
9042,3.0,3.9247684520580135,0.9247684520580136,97,0.14110500000000004,1,0,0,0
9043,3.0,3.8823420451868205,0.8823420451868207,91,0.14101000000000008,1,0,0,0
9044,3.0,3.8823420451868205,0.8823420451868207,91,0.140915,1,0,0,0
9045,3.0,3.889413112998686,0.8894131129986862,92,0.14082000000000006,1,0,0,0
9046,3.0,3.907257683502448,0.9072576835024478,95,0.1407250000000001,1,0,0,0
9047,3.0,3.8923420451868207,0.8923420451868207,92,0.14063000000000003,1,0,0,0
9048,3.0,3.9363154574418067,0.9363154574418062,99,0.14053500000000008,1,0,0,0
9049,3.0,3.9247684520580135,0.9247684520580136,97,0.14044,1,0,0,0
9050,3.0,3.9064841808105513,0.9064841808105515,94,0.14034500000000005,1,0,0,0
9051,3.0,3.9035552486224168,0.9035552486224171,94,0.14024999999999999,1,0,0,0
9052,3.0,3.889413112998686,0.8894131129986862,92,0.14015500000000003,1,0,0,0
9053,3.0,3.869497474683059,0.869497474683059,89,0.14006000000000007,1,0,0,0
9054,3.0,3.9402081528017137,0.9402081528017138,99,0.139965,1,0,0,0
9055,3.0,3.909328751314313,0.9093287513143131,95,0.13987000000000005,1,0,0,0
9056,3.0,3.9500178923218368,0.9500178923218368,101,0.1397750000000001,1,0,0,0
9057,3.0,3.861128841751224,0.8611288417512242,88,0.13968000000000003,1,0,0,0
9058,3.0,3.8823420451868205,0.8823420451868207,91,0.13958500000000007,1,0,0,0
9059,3.0,3.8482842712474623,0.8482842712474624,86,0.13949,1,0,0,0
9060,3.0,3.928470886938044,0.9284708869380444,98,0.13939500000000005,1,0,0,0
9061,3.0,3.8765685424949243,0.8765685424949243,90,0.13929999999999998,1,0,0,0
9062,3.0,3.928470886938044,0.9284708869380442,98,0.13920500000000002,1,0,0,0
9063,3.0,3.8823420451868205,0.8823420451868207,91,0.13911000000000007,1,0,0,0
9064,3.0,3.9633021635692987,0.9633021635692988,103,0.139015,1,0,0,0
9065,3.0,3.873973412254986,0.8739734122549859,90,0.13892000000000004,1,0,0,0
9066,3.0,3.9292443896299405,0.9292443896299407,98,0.1388250000000001,1,0,0,0
9067,3.0,3.9106263164342825,0.9106263164342826,95,0.13873000000000013,1,0,0,0
9068,3.0,3.923470886938044,0.9234708869380444,97,0.13863500000000006,1,0,0,0
9069,3.0,3.8739734122549856,0.8739734122549859,90,0.13854,1,0,0,0
9070,3.0,3.9209601183824785,0.9209601183824786,97,0.13844500000000004,1,0,0,0
9071,3.0,3.9614213562373104,0.9614213562373103,102,0.13834999999999997,1,0,0,0
9072,3.0,3.8553553390593276,0.855355339059328,87,0.13825500000000002,1,0,0,0
9073,3.0,3.889413112998686,0.8894131129986861,92,0.13816000000000006,1,0,0,0
9074,3.0,3.9180311861943444,0.9180311861943442,96,0.138065,1,0,0,0
9075,3.0,3.9064841808105513,0.9064841808105516,94,0.13797000000000004,1,0,0,0
9076,3.0,3.8964841808105515,0.8964841808105517,93,0.13787500000000008,1,0,0,0
9077,3.0,3.910626316434282,0.9106263164342826,95,0.13778000000000012,1,0,0,0
9078,3.0,3.930875756698106,0.930875756698106,98,0.13768500000000006,1,0,0,0
9079,3.0,3.92010225400621,0.9201022540062097,97,0.13759,1,0,0,0
9080,3.0,3.9308757566981054,0.9308757566981057,99,0.13749500000000003,1,0,0,0
9081,3.0,3.9546840903736404,0.9546840903736408,101,0.13739999999999997,1,0,0,0
9082,3.0,3.913031186194344,0.9130311861943442,96,0.137305,1,0,0,0
9083,3.0,3.9151866156905824,0.9151866156905824,95,0.13721000000000005,1,0,0,0
9084,3.0,3.8752709773749547,0.8752709773749552,90,0.1371150000000001,1,0,0,0
9085,3.0,3.893889050570613,0.8938890505706132,93,0.13702000000000003,1,0,0,0
9086,3.0,3.907781745930521,0.9077817459305209,94,0.13692500000000007,1,0,0,0
9087,3.0,3.8694974746830586,0.8694974746830589,89,0.13683000000000012,1,0,0,0
9088,3.0,3.8977817459305206,0.897781745930521,93,0.13673500000000005,1,0,0,0
9089,3.0,3.94871652558494,0.9487165255849402,101,0.13663999999999998,1,0,0,0
9090,3.0,3.912257683502448,0.9122576835024478,95,0.13654500000000003,1,0,0,0
9091,3.0,3.967194858929206,0.9671948589292064,103,0.13644999999999996,1,0,0,0
9092,3.0,3.951755158185506,0.9517551581855062,101,0.136355,1,0,0,0
9093,3.0,3.875270977374955,0.8752709773749553,90,0.13626000000000005,1,0,0,0
9094,3.0,3.9234708869380444,0.9234708869380445,97,0.1361650000000001,1,0,0,0
9095,3.0,3.9550178923218366,0.955017892321837,101,0.13607000000000002,1,0,0,0
9096,3.0,3.8977817459305206,0.8977817459305208,93,0.13597500000000007,1,0,0,0
9097,3.0,3.9470889601337023,0.9470889601337025,101,0.1358800000000001,1,0,0,0
9098,3.0,3.890710678118655,0.8907106781186553,92,0.13578500000000004,1,0,0,0
9099,3.0,3.9463154574418056,0.946315457441806,100,0.13568999999999998,1,0,0,0
9100,3.0,3.8836396103067896,0.8836396103067901,91,0.13559500000000002,1,0,0,0
9101,3.0,3.9470889601337023,0.9470889601337024,101,0.13550000000000006,1,0,0,0
9102,3.0,3.872426406871193,0.8724264068711934,89,0.135405,1,0,0,0
9103,3.0,3.9489105876817447,0.9489105876817446,100,0.13531000000000004,1,0,0,0
9104,3.0,3.9625286608774024,0.9625286608774026,103,0.13521500000000009,1,0,0,0
9105,3.0,3.9392443896299403,0.9392443896299406,99,0.13512000000000002,1,0,0,0
9106,3.0,3.8964841808105515,0.8964841808105517,93,0.13502500000000006,1,0,0,0
9107,3.0,3.9347684520580133,0.9347684520580134,98,0.1349300000000001,1,0,0,0
9108,3.0,3.9080311861943438,0.9080311861943442,95,0.13483500000000004,1,0,0,0
9109,3.0,3.8973420451868206,0.8973420451868206,93,0.13473999999999997,1,0,0,0
9110,3.0,3.8681999095630895,0.8681999095630898,89,0.13464500000000001,1,0,0,0
9111,3.0,3.9093287513143133,0.9093287513143136,95,0.13455000000000006,1,0,0,0
9112,3.0,3.9334708869380446,0.9334708869380444,98,0.134455,1,0,0,0
9113,3.0,3.982968361621103,0.9829683616211029,105,0.13436000000000003,1,0,0,0
9114,3.0,3.904852813742386,0.9048528137423862,94,0.13426500000000008,1,0,0,0
9115,3.0,3.9135552486224165,0.913555248622417,95,0.13417,1,0,0,0
9116,3.0,3.9163998191261786,0.916399819126179,96,0.13407500000000006,1,0,0,0
9117,3.0,3.958826225997372,0.9588262259973721,102,0.1339800000000001,1,0,0,0
9118,3.0,3.9022576835024476,0.9022576835024478,94,0.13388500000000003,1,0,0,0
9119,3.0,3.910626316434282,0.9106263164342825,95,0.13378999999999996,1,0,0,0
9120,3.0,3.8752709773749547,0.8752709773749552,90,0.133695,1,0,0,0
9121,3.0,3.9064841808105513,0.9064841808105516,94,0.13360000000000005,1,0,0,0
9122,3.0,3.910626316434282,0.9106263164342825,95,0.13350499999999998,1,0,0,0
9123,3.0,3.92880468888624,0.9288046888862403,98,0.13341000000000003,1,0,0,0
9124,3.0,3.9012901187137468,0.9012901187137473,95,0.13331500000000007,1,0,0,0
9125,3.0,3.861128841751224,0.8611288417512242,88,0.13322,1,0,0,0
9126,3.0,3.9908129321248644,0.9908129321248647,107,0.13312500000000005,1,0,0,0
9127,3.0,3.9085552486224167,0.908555248622417,95,0.1330300000000001,1,0,0,0
9128,3.0,3.9135552486224174,0.9135552486224173,95,0.13293500000000014,1,0,0,0
9129,3.0,3.8836396103067896,0.8836396103067898,91,0.13284000000000007,1,0,0,0
9130,3.0,4.009181565056699,1.009181565056699,109,0.132745,1,0,0,0
9131,3.0,3.916733621074375,0.916733621074375,96,0.13265000000000005,1,0,0,0
9132,3.0,3.8341421356237313,0.8341421356237315,84,0.13255499999999998,1,0,0,0
9133,3.0,3.923470886938044,0.9234708869380441,97,0.13246000000000002,1,0,0,0
9134,3.0,3.854057773939359,0.8540577739393588,87,0.13236500000000007,1,0,0,0
9135,3.0,3.910626316434283,0.9106263164342827,95,0.13227,1,0,0,0
9136,3.0,3.918994949366117,0.9189949493661174,96,0.13217500000000004,1,0,0,0
9137,3.0,3.873973412254986,0.8739734122549859,90,0.1320800000000001,1,0,0,0
9138,3.0,3.896044480066851,0.8960444800668514,93,0.13198500000000013,1,0,0,0
9139,3.0,3.8881155478787166,0.8881155478787168,92,0.13189000000000006,1,0,0,0
9140,3.0,3.917697384246148,0.917697384246148,96,0.131795,1,0,0,0
9141,3.0,3.8694974746830586,0.8694974746830589,89,0.13170000000000004,1,0,0,0
9142,3.0,3.9035552486224168,0.9035552486224172,94,0.13160499999999997,1,0,0,0
9143,3.0,3.865355339059328,0.8653553390593279,88,0.13151000000000002,1,0,0,0
9144,3.0,3.936315457441806,0.9363154574418062,99,0.13141500000000006,1,0,0,0
9145,3.0,3.958826225997371,0.9588262259973717,102,0.1313200000000001,1,0,0,0
9146,3.0,3.951755158185506,0.9517551581855063,101,0.13122500000000004,1,0,0,0
9147,3.0,3.8624264068711933,0.8624264068711934,88,0.13113000000000008,1,0,0,0
9148,3.0,3.8694974746830586,0.8694974746830587,89,0.13103500000000012,1,0,0,0
9149,3.0,3.94598165549361,0.94598165549361,100,0.13094000000000006,1,0,0,0
9150,3.0,3.8482842712474623,0.8482842712474625,86,0.130845,1,0,0,0
9151,3.0,3.945017892321837,0.9450178923218369,100,0.13075000000000003,1,0,0,0
9152,3.0,3.917697384246148,0.9176973842461482,96,0.13065499999999997,1,0,0,0
9153,3.0,3.910626316434282,0.9106263164342825,95,0.13056,1,0,0,0
9154,3.0,3.9119238815542516,0.9119238815542519,95,0.13046500000000005,1,0,0,0
9155,3.0,3.861128841751224,0.8611288417512243,88,0.1303700000000001,1,0,0,0
9156,3.0,3.8907106781186553,0.8907106781186555,92,0.13027500000000003,1,0,0,0
9157,3.0,3.9533865252536713,0.9533865252536716,101,0.13018000000000007,1,0,0,0
9158,3.0,3.907257683502448,0.9072576835024478,95,0.13008500000000012,1,0,0,0
9159,3.0,3.8765685424949243,0.8765685424949246,90,0.12999000000000005,1,0,0,0
9160,3.0,3.886044480066851,0.8860444800668513,92,0.12989499999999998,1,0,0,0
9161,3.0,3.940017892321837,0.940017892321837,100,0.12980000000000003,1,0,0,0
9162,3.0,3.9470889601337023,0.9470889601337025,101,0.12970500000000007,1,0,0,0
9163,3.0,3.8482842712474623,0.8482842712474625,86,0.12961,1,0,0,0
9164,3.0,3.8653553390593274,0.8653553390593278,88,0.12951500000000005,1,0,0,0
9165,3.0,3.979845367336164,0.9798453673361639,106,0.1294200000000001,1,0,0,0
9166,3.0,3.893889050570613,0.8938890505706133,93,0.12932500000000002,1,0,0,0
9167,3.0,3.933470886938044,0.9334708869380444,98,0.12923000000000007,1,0,0,0
9168,3.0,3.8624264068711933,0.8624264068711934,88,0.1291350000000001,1,0,0,0
9169,3.0,3.9163998191261786,0.9163998191261788,96,0.12904000000000004,1,0,0,0
9170,3.0,3.947862462825598,0.9478624628255986,101,0.12894499999999998,1,0,0,0
9171,3.0,3.8752709773749547,0.8752709773749552,90,0.12885000000000002,1,0,0,0
9172,3.0,3.9009601183824785,0.9009601183824787,94,0.12875500000000006,1,0,0,0
9173,3.0,3.9014841808105514,0.9014841808105517,94,0.12866,1,0,0,0
9174,3.0,3.902257683502448,0.902257683502448,94,0.12856500000000004,1,0,0,0
9175,3.0,3.907257683502448,0.9072576835024478,95,0.12847000000000008,1,0,0,0
9176,3.0,3.889413112998686,0.8894131129986861,92,0.12837500000000002,1,0,0,0
9177,3.0,3.890710678118655,0.8907106781186553,92,0.12828000000000006,1,0,0,0
9178,3.0,3.8694974746830586,0.8694974746830588,89,0.1281850000000001,1,0,0,0
9179,3.0,3.889413112998686,0.8894131129986862,92,0.12809000000000004,1,0,0,0
9180,3.0,3.964599728689268,0.9645997286892679,103,0.12799499999999997,1,0,0,0
9181,3.0,3.9163998191261786,0.9163998191261788,96,0.1279,1,0,0,0
9182,3.0,3.9085552486224167,0.9085552486224171,95,0.12780500000000006,1,0,0,0
9183,3.0,3.890710678118655,0.8907106781186555,92,0.12771,1,0,0,0
9184,3.0,3.9093287513143133,0.9093287513143133,95,0.12761500000000003,1,0,0,0
9185,3.0,3.938910587681744,0.9389105876817445,99,0.12752000000000008,1,0,0,0
9186,3.0,3.9151022540062095,0.9151022540062097,96,0.127425,1,0,0,0
9187,3.0,3.8951866156905823,0.8951866156905824,93,0.12733000000000005,1,0,0,0
9188,3.0,3.936315457441806,0.9363154574418061,99,0.1272350000000001,1,0,0,0
9189,3.0,3.869497474683059,0.869497474683059,89,0.12714000000000014,1,0,0,0
9190,3.0,3.8624264068711933,0.8624264068711935,88,0.12704499999999996,1,0,0,0
9191,3.0,3.8482842712474623,0.8482842712474625,86,0.12695,1,0,0,0
9192,3.0,3.9106263164342825,0.9106263164342826,95,0.12685500000000005,1,0,0,0
9193,3.0,3.9188046888862402,0.9188046888862403,97,0.12675999999999998,1,0,0,0
9194,3.0,3.8951866156905823,0.8951866156905824,93,0.12666500000000003,1,0,0,0
9195,3.0,3.903555248622417,0.9035552486224172,94,0.12657000000000007,1,0,0,0
9196,3.0,3.912257683502448,0.9122576835024478,95,0.126475,1,0,0,0
9197,3.0,3.9163998191261786,0.9163998191261788,96,0.12638000000000005,1,0,0,0
9198,3.0,3.9106263164342825,0.9106263164342827,95,0.1262850000000001,1,0,0,0
9199,3.0,3.8694974746830586,0.8694974746830589,89,0.12619000000000014,1,0,0,0
9200,3.0,3.9575286608774025,0.9575286608774025,102,0.12609499999999996,1,0,0,0
9201,3.0,3.8894131129986858,0.8894131129986861,92,0.126,1,0,0,0
9202,3.0,3.917697384246148,0.9176973842461481,96,0.12590500000000004,1,0,0,0
9203,3.0,4.010812932124864,1.0108129321248644,109,0.12580999999999998,1,0,0,0
9204,3.0,3.9035552486224168,0.9035552486224172,94,0.12571500000000002,1,0,0,0
9205,3.0,3.9263998191261784,0.926399819126179,98,0.12562000000000006,1,0,0,0
9206,3.0,3.9014841808105514,0.9014841808105517,94,0.1255250000000001,1,0,0,0
9207,3.0,3.9489105876817447,0.9489105876817445,100,0.12543000000000004,1,0,0,0
9208,3.0,3.8894131129986858,0.8894131129986861,92,0.12533500000000009,1,0,0,0
9209,3.0,3.9446840903736407,0.9446840903736409,100,0.12524000000000013,1,0,0,0
9210,3.0,3.8752709773749547,0.8752709773749552,90,0.12514499999999995,1,0,0,0
9211,3.0,3.890710678118655,0.8907106781186553,92,0.12505,1,0,0,0
9212,3.0,3.946501443369609,0.9465014433696096,102,0.12495500000000004,1,0,0,0
9213,3.0,3.8694974746830586,0.8694974746830588,89,0.12485999999999997,1,0,0,0
9214,3.0,3.9135552486224165,0.9135552486224171,95,0.12476500000000001,1,0,0,0
9215,3.0,3.8482842712474623,0.8482842712474624,86,0.12467000000000006,1,0,0,0
9216,3.0,3.862426406871193,0.8624264068711934,88,0.1245750000000001,1,0,0,0
9217,3.0,3.929328751314313,0.9293287513143134,98,0.12448000000000004,1,0,0,0
9218,3.0,3.8752709773749547,0.8752709773749552,90,0.12438500000000008,1,0,0,0
9219,3.0,3.88234204518682,0.8823420451868205,91,0.12429000000000012,1,0,0,0
9220,3.0,3.8694974746830586,0.8694974746830589,89,0.12419499999999994,1,0,0,0
9221,3.0,3.8964841808105515,0.8964841808105517,93,0.12409999999999999,1,0,0,0
9222,3.0,3.89363961030679,0.8936396103067901,92,0.12400500000000003,1,0,0,0
9223,3.0,3.862426406871193,0.8624264068711933,88,0.12391000000000008,1,0,0,0
9224,3.0,3.9022576835024476,0.9022576835024477,94,0.12381500000000001,1,0,0,0
9225,3.0,3.8482842712474623,0.8482842712474624,86,0.12372000000000005,1,0,0,0
9226,3.0,3.936839519869879,0.9368395198698792,99,0.1236250000000001,1,0,0,0
9227,3.0,3.87690234444312,0.8769023444431204,90,0.12353000000000003,1,0,0,0
9228,3.0,3.8977817459305206,0.8977817459305208,93,0.12343500000000007,1,0,0,0
9229,3.0,3.907257683502448,0.907257683502448,95,0.12334000000000012,1,0,0,0
9230,3.0,3.959933530637464,0.9599335306374641,103,0.12324499999999994,1,0,0,0
9231,3.0,3.9305419547499096,0.9305419547499099,98,0.12314999999999998,1,0,0,0
9232,3.0,3.9342443896299404,0.9342443896299406,99,0.12305500000000003,1,0,0,0
9233,3.0,3.8341421356237313,0.8341421356237314,84,0.12296000000000007,1,0,0,0
9234,3.0,3.8482842712474623,0.8482842712474624,86,0.122865,1,0,0,0
9235,3.0,3.9106263164342825,0.9106263164342827,95,0.12277000000000005,1,0,0,0
9236,3.0,3.8977817459305206,0.897781745930521,93,0.12267500000000009,1,0,0,0
9237,3.0,3.9816707965011338,0.9816707965011338,105,0.12258000000000002,1,0,0,0
9238,3.0,3.8624264068711933,0.8624264068711935,88,0.12248500000000007,1,0,0,0
9239,3.0,3.8977817459305206,0.8977817459305208,93,0.12239000000000011,1,0,0,0
9240,3.0,3.927697384246148,0.9276973842461481,97,0.12229500000000004,1,0,0,0
9241,3.0,3.9135552486224165,0.913555248622417,95,0.12219999999999998,1,0,0,0
9242,3.0,3.8553553390593276,0.855355339059328,87,0.12210500000000002,1,0,0,0
9243,3.0,3.9048528137423864,0.9048528137423865,94,0.12201000000000006,1,0,0,0
9244,3.0,3.9001866156905822,0.9001866156905824,94,0.121915,1,0,0,0
9245,3.0,3.8765685424949243,0.8765685424949243,90,0.12182000000000004,1,0,0,0
9246,3.0,3.8836396103067896,0.88363961030679,91,0.12172500000000008,1,0,0,0
9247,3.0,3.9072576835024475,0.9072576835024477,95,0.12163000000000002,1,0,0,0
9248,3.0,3.861128841751224,0.8611288417512243,88,0.12153500000000006,1,0,0,0
9249,3.0,3.8752709773749547,0.8752709773749552,90,0.1214400000000001,1,0,0,0
9250,3.0,3.9048528137423864,0.9048528137423865,94,0.12134500000000004,1,0,0,0
9251,3.0,3.9675286608774023,0.9675286608774026,103,0.12124999999999997,1,0,0,0
9252,3.0,3.912257683502448,0.9122576835024478,95,0.12115500000000001,1,0,0,0
9253,3.0,3.8881155478787166,0.8881155478787168,92,0.12106000000000006,1,0,0,0
9254,3.0,3.899413112998686,0.8994131129986862,93,0.12096499999999999,1,0,0,0
9255,3.0,3.8765685424949243,0.8765685424949244,90,0.12087000000000003,1,0,0,0
9256,3.0,3.8881155478787166,0.8881155478787169,92,0.12077500000000008,1,0,0,0
9257,3.0,3.8412132034355966,0.8412132034355969,85,0.12068000000000001,1,0,0,0
9258,3.0,3.900186615690582,0.9001866156905823,94,0.12058500000000005,1,0,0,0
9259,3.0,3.932946824509971,0.9329468245099714,99,0.1204900000000001,1,0,0,0
9260,3.0,3.8977817459305206,0.897781745930521,93,0.12039500000000014,1,0,0,0
9261,3.0,3.9035552486224168,0.9035552486224171,94,0.12029999999999996,1,0,0,0
9262,3.0,3.861128841751224,0.8611288417512242,88,0.120205,1,0,0,0
9263,3.0,3.9484708869380443,0.9484708869380444,100,0.12011000000000005,1,0,0,0
9264,3.0,3.8894131129986858,0.8894131129986861,92,0.12001499999999998,1,0,0,0
9265,3.0,3.8894131129986858,0.8894131129986861,92,0.11992000000000003,1,0,0,0
9266,3.0,3.913555248622417,0.9135552486224172,95,0.11982500000000007,1,0,0,0
9267,3.0,3.9163998191261786,0.916399819126179,96,0.11973000000000011,1,0,0,0
9268,3.0,3.9247684520580135,0.9247684520580135,97,0.11963500000000005,1,0,0,0
9269,3.0,3.8765685424949243,0.8765685424949244,90,0.11954000000000009,1,0,0,0
9270,3.0,3.9176973842461478,0.917697384246148,96,0.11944500000000013,1,0,0,0
9271,3.0,3.889413112998686,0.8894131129986863,92,0.11934999999999996,1,0,0,0
9272,3.0,3.8765685424949243,0.8765685424949244,90,0.119255,1,0,0,0
9273,3.0,3.8752709773749547,0.8752709773749552,90,0.11916000000000004,1,0,0,0
9274,3.0,3.9035552486224168,0.903555248622417,94,0.11906499999999998,1,0,0,0
9275,3.0,3.9206263164342823,0.9206263164342825,96,0.11897000000000002,1,0,0,0
9276,3.0,3.9292443896299405,0.9292443896299407,98,0.11887500000000006,1,0,0,0
9277,3.0,3.895186615690582,0.8951866156905823,93,0.11878000000000011,1,0,0,0
9278,3.0,3.9496840903736405,0.949684090373641,101,0.11868500000000004,1,0,0,0
9279,3.0,3.8836396103067896,0.8836396103067898,91,0.11859000000000008,1,0,0,0
9280,3.0,3.900710678118655,0.9007106781186552,93,0.11849500000000013,1,0,0,0
9281,3.0,3.8907106781186553,0.8907106781186555,92,0.11839999999999995,1,0,0,0
9282,3.0,3.8681999095630895,0.8681999095630897,89,0.118305,1,0,0,0
9283,3.0,3.891044480066851,0.8910444800668513,92,0.11821000000000004,1,0,0,0
9284,3.0,3.931839519869879,0.9318395198698791,98,0.11811500000000008,1,0,0,0
9285,3.0,3.861128841751224,0.8611288417512243,88,0.11802000000000001,1,0,0,0
9286,3.0,3.9688262259973714,0.9688262259973717,103,0.11792500000000006,1,0,0,0
9287,3.0,3.890710678118655,0.8907106781186553,92,0.1178300000000001,1,0,0,0
9288,3.0,3.952088960133702,0.9520889601337024,101,0.11773500000000003,1,0,0,0
9289,3.0,3.9222576835024476,0.922257683502448,96,0.11764000000000008,1,0,0,0
9290,3.0,3.895186615690582,0.8951866156905823,93,0.11754500000000012,1,0,0,0
9291,3.0,3.9176973842461478,0.917697384246148,96,0.11744999999999994,1,0,0,0
9292,3.0,3.9263998191261784,0.9263998191261789,97,0.11735499999999999,1,0,0,0
9293,3.0,3.9106263164342825,0.9106263164342826,95,0.11726000000000003,1,0,0,0
9294,3.0,3.889413112998686,0.8894131129986862,92,0.11716500000000007,1,0,0,0
9295,3.0,3.913555248622417,0.9135552486224171,95,0.11707000000000001,1,0,0,0
9296,3.0,3.8965685424949243,0.8965685424949245,92,0.11697500000000005,1,0,0,0
9297,3.0,3.9437203272018677,0.9437203272018677,100,0.1168800000000001,1,0,0,0
9298,3.0,3.933132810437775,0.9331328104377751,100,0.11678500000000003,1,0,0,0
9299,3.0,3.8894131129986858,0.8894131129986861,92,0.11669000000000007,1,0,0,0
9300,3.0,3.8823420451868205,0.8823420451868207,91,0.11659500000000012,1,0,0,0
9301,3.0,3.890710678118655,0.8907106781186553,92,0.11650000000000005,1,0,0,0
9302,3.0,3.933470886938044,0.9334708869380443,98,0.11640499999999998,1,0,0,0
9303,3.0,3.8681999095630895,0.8681999095630898,89,0.11631000000000002,1,0,0,0
9304,3.0,3.8907106781186553,0.8907106781186555,92,0.11621500000000007,1,0,0,0
9305,3.0,3.9222576835024476,0.922257683502448,96,0.11612,1,0,0,0
9306,3.0,3.869497474683059,0.869497474683059,89,0.11602500000000004,1,0,0,0
9307,3.0,3.9176973842461478,0.917697384246148,96,0.11593000000000009,1,0,0,0
9308,3.0,3.8810444800668513,0.8810444800668514,91,0.11583500000000002,1,0,0,0
9309,3.0,3.958386525253671,0.9583865252536714,102,0.11574000000000007,1,0,0,0
9310,3.0,3.8724264068711935,0.8724264068711934,89,0.11564500000000011,1,0,0,0
9311,3.0,3.9048528137423864,0.9048528137423864,94,0.11555000000000004,1,0,0,0
9312,3.0,3.8765685424949243,0.8765685424949243,90,0.11545499999999997,1,0,0,0
9313,3.0,3.915626316434282,0.9156263164342825,96,0.11536000000000002,1,0,0,0
9314,3.0,3.861128841751224,0.8611288417512243,88,0.11526500000000006,1,0,0,0
9315,3.0,3.9093287513143133,0.9093287513143135,95,0.11517,1,0,0,0
9316,3.0,3.841213203435597,0.841213203435597,85,0.11507500000000004,1,0,0,0
9317,3.0,3.862426406871193,0.8624264068711933,88,0.11498000000000008,1,0,0,0
9318,3.0,3.8894131129986858,0.8894131129986861,92,0.11488500000000001,1,0,0,0
9319,3.0,3.8765685424949243,0.8765685424949244,90,0.11479000000000006,1,0,0,0
9320,3.0,3.962088960133702,0.9620889601337024,103,0.1146950000000001,1,0,0,0
9321,3.0,3.8964841808105515,0.8964841808105517,93,0.11460000000000004,1,0,0,0
9322,3.0,3.975897293809237,0.9758972938092373,104,0.11450499999999997,1,0,0,0
9323,3.0,3.865355339059328,0.8653553390593279,88,0.11441000000000001,1,0,0,0
9324,3.0,3.8823420451868205,0.8823420451868206,91,0.11431500000000006,1,0,0,0
9325,3.0,3.841213203435597,0.841213203435597,85,0.11421999999999999,1,0,0,0
9326,3.0,3.8836396103067896,0.88363961030679,91,0.11412500000000003,1,0,0,0
9327,3.0,3.8752709773749547,0.8752709773749552,90,0.11403000000000008,1,0,0,0
9328,3.0,3.9541600279455675,0.9541600279455678,102,0.11393500000000012,1,0,0,0
9329,3.0,3.926399819126179,0.926399819126179,97,0.11384000000000005,1,0,0,0
9330,3.0,3.8681999095630895,0.8681999095630896,89,0.1137450000000001,1,0,0,0
9331,3.0,3.8881155478787166,0.8881155478787168,92,0.11365000000000003,1,0,0,0
9332,3.0,3.905186615690582,0.9051866156905823,94,0.11355499999999996,1,0,0,0
9333,3.0,3.861128841751224,0.8611288417512243,88,0.11346,1,0,0,0
9334,3.0,3.923470886938044,0.9234708869380442,97,0.11336500000000005,1,0,0,0
9335,3.0,3.910626316434282,0.9106263164342825,95,0.11326999999999998,1,0,0,0
9336,3.0,3.872426406871193,0.8724264068711933,89,0.11317500000000003,1,0,0,0
9337,3.0,3.913555248622417,0.9135552486224171,95,0.11308000000000007,1,0,0,0
9338,3.0,3.8752709773749547,0.8752709773749552,90,0.11298500000000011,1,0,0,0
9339,3.0,3.9106263164342825,0.9106263164342827,95,0.11289000000000005,1,0,0,0
9340,3.0,3.923470886938044,0.9234708869380444,97,0.11279500000000009,1,0,0,0
9341,3.0,3.9009601183824785,0.9009601183824786,94,0.11270000000000002,1,0,0,0
9342,3.0,3.8765685424949243,0.8765685424949244,90,0.11260499999999996,1,0,0,0
9343,3.0,3.9292443896299405,0.9292443896299407,98,0.11251,1,0,0,0
9344,3.0,3.8412132034355966,0.8412132034355969,85,0.11241500000000004,1,0,0,0
9345,3.0,3.8964841808105515,0.8964841808105516,93,0.11232000000000009,1,0,0,0
9346,3.0,3.969599728689268,0.9695997286892681,104,0.11222500000000002,1,0,0,0
9347,3.0,3.964599728689268,0.964599728689268,103,0.11213000000000006,1,0,0,0
9348,3.0,3.89363961030679,0.89363961030679,92,0.1120350000000001,1,0,0,0
9349,3.0,3.9048528137423864,0.9048528137423864,94,0.11194000000000004,1,0,0,0
9350,3.0,3.9106263164342825,0.9106263164342826,95,0.11184500000000008,1,0,0,0
9351,3.0,3.9023420451868205,0.9023420451868206,93,0.11175000000000002,1,0,0,0
9352,3.0,3.8724264068711935,0.8724264068711935,89,0.11165499999999995,1,0,0,0
9353,3.0,3.902257683502447,0.9022576835024476,94,0.11155999999999999,1,0,0,0
9354,3.0,3.841213203435597,0.841213203435597,85,0.11146500000000004,1,0,0,0
9355,3.0,3.862426406871193,0.8624264068711933,88,0.11137000000000008,1,0,0,0
9356,3.0,3.889413112998686,0.8894131129986862,92,0.11127500000000001,1,0,0,0
9357,3.0,3.882342045186821,0.8823420451868208,91,0.11118000000000006,1,0,0,0
9358,3.0,3.8823420451868205,0.8823420451868207,91,0.1110850000000001,1,0,0,0
9359,3.0,3.8540577739393584,0.8540577739393587,87,0.11099000000000003,1,0,0,0
9360,3.0,3.9119238815542516,0.9119238815542517,95,0.11089500000000008,1,0,0,0
9361,3.0,3.9625248592604754,0.9625248592604753,103,0.11080000000000001,1,0,0,0
9362,3.0,3.9106263164342825,0.9106263164342826,95,0.11070500000000005,1,0,0,0
9363,3.0,3.9064841808105513,0.9064841808105517,94,0.11060999999999999,1,0,0,0
9364,3.0,3.9201022540062094,0.9201022540062096,97,0.11051500000000003,1,0,0,0
9365,3.0,3.8836396103067896,0.8836396103067898,91,0.11042000000000007,1,0,0,0
9366,3.0,3.903889050570613,0.9038890505706132,94,0.110325,1,0,0,0
9367,3.0,3.907781745930521,0.9077817459305211,94,0.11023000000000005,1,0,0,0
9368,3.0,3.8752709773749547,0.8752709773749552,90,0.1101350000000001,1,0,0,0
9369,3.0,3.8836396103067896,0.8836396103067898,91,0.11004000000000003,1,0,0,0
9370,3.0,3.8724264068711935,0.8724264068711935,89,0.10994500000000007,1,0,0,0
9371,3.0,3.875270977374955,0.8752709773749553,90,0.10985,1,0,0,0
9372,3.0,3.891044480066851,0.8910444800668513,92,0.10975500000000005,1,0,0,0
9373,3.0,3.9504575930655372,0.9504575930655373,101,0.10965999999999998,1,0,0,0
9374,3.0,3.858284271247462,0.8582842712474624,87,0.10956500000000002,1,0,0,0
9375,3.0,3.889413112998686,0.8894131129986862,92,0.10947000000000007,1,0,0,0
9376,3.0,3.907781745930521,0.9077817459305209,94,0.109375,1,0,0,0
9377,3.0,3.8964841808105515,0.8964841808105517,93,0.10928000000000004,1,0,0,0
9378,3.0,3.9151022540062095,0.9151022540062096,96,0.10918500000000009,1,0,0,0
9379,3.0,3.862426406871193,0.8624264068711934,88,0.10909000000000002,1,0,0,0
9380,3.0,3.9093287513143133,0.9093287513143135,95,0.10899500000000006,1,0,0,0
9381,3.0,3.919328751314313,0.9193287513143135,96,0.10890000000000011,1,0,0,0
9382,3.0,3.869497474683059,0.8694974746830589,89,0.10880500000000004,1,0,0,0
9383,3.0,3.879497474683059,0.8794974746830588,90,0.10870999999999997,1,0,0,0
9384,3.0,3.8482842712474623,0.8482842712474625,86,0.10861500000000002,1,0,0,0
9385,3.0,3.8881155478787166,0.8881155478787168,92,0.10852000000000006,1,0,0,0
9386,3.0,3.8752709773749547,0.8752709773749553,90,0.108425,1,0,0,0
9387,3.0,3.889413112998686,0.8894131129986861,92,0.10833000000000004,1,0,0,0
9388,3.0,3.873973412254986,0.8739734122549859,90,0.10823500000000008,1,0,0,0
9389,3.0,3.8482842712474623,0.8482842712474624,86,0.10814000000000012,1,0,0,0
9390,3.0,3.8810444800668513,0.8810444800668515,91,0.10804500000000006,1,0,0,0
9391,3.0,3.883973412254986,0.8839734122549859,92,0.1079500000000001,1,0,0,0
9392,3.0,3.873973412254986,0.873973412254986,90,0.10785500000000003,1,0,0,0
9393,3.0,3.902257683502448,0.902257683502448,94,0.10775999999999997,1,0,0,0
9394,3.0,3.8977817459305206,0.8977817459305208,93,0.10766500000000001,1,0,0,0
9395,3.0,3.8975876838337165,0.8975876838337163,94,0.10757000000000005,1,0,0,0
9396,3.0,3.9284708869380442,0.9284708869380445,98,0.10747499999999999,1,0,0,0
9397,3.0,3.862426406871193,0.8624264068711934,88,0.10738000000000003,1,0,0,0
9398,3.0,3.8823420451868205,0.8823420451868207,91,0.10728500000000007,1,0,0,0
9399,3.0,3.8936396103067894,0.8936396103067898,92,0.10719000000000012,1,0,0,0
9400,3.0,3.8752709773749547,0.8752709773749552,90,0.10709500000000005,1,0,0,0
9401,3.0,3.8412132034355966,0.8412132034355969,85,0.1070000000000001,1,0,0,0
9402,3.0,3.9048528137423864,0.9048528137423864,94,0.10690500000000003,1,0,0,0
9403,3.0,3.8836396103067896,0.8836396103067898,91,0.10680999999999996,1,0,0,0
9404,3.0,3.9035552486224168,0.9035552486224173,94,0.106715,1,0,0,0
9405,3.0,3.8624264068711933,0.8624264068711935,88,0.10662000000000005,1,0,0,0
9406,3.0,3.931839519869879,0.9318395198698791,98,0.10652500000000009,1,0,0,0
9407,3.0,3.8553553390593276,0.8553553390593279,87,0.10643000000000002,1,0,0,0
9408,3.0,3.9048528137423864,0.9048528137423864,94,0.10633500000000007,1,0,0,0
9409,3.0,3.8765685424949243,0.8765685424949243,90,0.10624000000000011,1,0,0,0
9410,3.0,3.8624264068711933,0.8624264068711934,88,0.10614500000000004,1,0,0,0
9411,3.0,3.937613022561775,0.9376130225617751,99,0.10605000000000009,1,0,0,0
9412,3.0,3.8765685424949243,0.8765685424949244,90,0.10595500000000002,1,0,0,0
9413,3.0,3.8923420451868203,0.8923420451868206,92,0.10585999999999995,1,0,0,0
9414,3.0,3.9106263164342825,0.9106263164342826,95,0.105765,1,0,0,0
9415,3.0,3.879497474683059,0.879497474683059,90,0.10567000000000004,1,0,0,0
9416,3.0,3.8765685424949243,0.8765685424949244,90,0.10557500000000009,1,0,0,0
9417,3.0,3.9347684520580133,0.9347684520580135,98,0.10548000000000002,1,0,0,0
9418,3.0,3.8823420451868205,0.8823420451868206,91,0.10538500000000006,1,0,0,0
9419,3.0,3.8910444800668516,0.8910444800668516,92,0.1052900000000001,1,0,0,0
9420,3.0,3.880270977374955,0.8802709773749552,91,0.10519500000000004,1,0,0,0
9421,3.0,3.8752709773749547,0.8752709773749552,90,0.10510000000000008,1,0,0,0
9422,3.0,3.8553553390593276,0.8553553390593279,87,0.10500500000000001,1,0,0,0
9423,3.0,3.890710678118655,0.8907106781186553,92,0.10491000000000006,1,0,0,0
9424,3.0,3.9355419547499095,0.9355419547499098,99,0.10481499999999999,1,0,0,0
9425,3.0,3.8868179827587475,0.8868179827587477,92,0.10472000000000004,1,0,0,0
9426,3.0,3.861128841751224,0.8611288417512243,88,0.10462500000000008,1,0,0,0
9427,3.0,3.89363961030679,0.89363961030679,92,0.10453000000000001,1,0,0,0
9428,3.0,3.887342045186821,0.8873420451868207,92,0.10443500000000006,1,0,0,0
9429,3.0,3.8964841808105515,0.8964841808105517,93,0.1043400000000001,1,0,0,0
9430,3.0,3.9036396103067896,0.9036396103067899,93,0.10424500000000003,1,0,0,0
9431,3.0,3.889413112998686,0.8894131129986861,92,0.10415000000000008,1,0,0,0
9432,3.0,3.885270977374955,0.8852709773749552,91,0.10405500000000001,1,0,0,0
9433,3.0,3.9035552486224168,0.9035552486224172,94,0.10396000000000005,1,0,0,0
9434,3.0,3.8964841808105515,0.8964841808105517,93,0.10386499999999999,1,0,0,0
9435,3.0,3.917697384246148,0.9176973842461481,96,0.10377000000000003,1,0,0,0
9436,3.0,3.9446840903736407,0.9446840903736407,100,0.10367500000000007,1,0,0,0
9437,3.0,3.931839519869879,0.9318395198698791,98,0.10358,1,0,0,0
9438,3.0,3.8540577739393584,0.8540577739393587,87,0.10348500000000005,1,0,0,0
9439,3.0,3.889413112998686,0.8894131129986862,92,0.10339000000000009,1,0,0,0
9440,3.0,3.841213203435597,0.841213203435597,85,0.10329500000000003,1,0,0,0
9441,3.0,3.8964841808105515,0.8964841808105515,93,0.10320000000000007,1,0,0,0
9442,3.0,3.886568542494924,0.8865685424949244,91,0.103105,1,0,0,0
9443,3.0,3.92010225400621,0.9201022540062096,97,0.10301000000000005,1,0,0,0
9444,3.0,3.941923881554252,0.9419238815542519,98,0.10291499999999998,1,0,0,0
9445,3.0,3.8752709773749547,0.8752709773749552,90,0.10282000000000002,1,0,0,0
9446,3.0,3.8964841808105515,0.8964841808105517,93,0.10272500000000007,1,0,0,0
9447,3.0,3.851213203435597,0.851213203435597,86,0.10263,1,0,0,0
9448,3.0,3.8482842712474623,0.8482842712474625,86,0.10253500000000004,1,0,0,0
9449,3.0,3.890710678118655,0.8907106781186555,92,0.10244000000000009,1,0,0,0
9450,3.0,3.902257683502448,0.9022576835024481,94,0.10234500000000013,1,0,0,0
9451,3.0,3.8894131129986858,0.8894131129986861,92,0.10225000000000006,1,0,0,0
9452,3.0,3.8964841808105515,0.8964841808105517,93,0.102155,1,0,0,0
9453,3.0,3.858284271247462,0.8582842712474625,87,0.10206000000000004,1,0,0,0
9454,3.0,3.8624264068711933,0.8624264068711934,88,0.10196499999999997,1,0,0,0
9455,3.0,3.9176973842461478,0.9176973842461479,96,0.10187000000000002,1,0,0,0
9456,3.0,3.8752709773749547,0.8752709773749552,90,0.10177500000000006,1,0,0,0
9457,3.0,3.9035552486224168,0.9035552486224171,94,0.10167999999999999,1,0,0,0
9458,3.0,3.8681999095630895,0.8681999095630898,89,0.10158500000000004,1,0,0,0
9459,3.0,3.8341421356237313,0.8341421356237314,84,0.10149000000000008,1,0,0,0
9460,3.0,3.8836396103067896,0.88363961030679,91,0.10139500000000012,1,0,0,0
9461,3.0,3.8553553390593276,0.855355339059328,87,0.10130000000000006,1,0,0,0
9462,3.0,3.873973412254986,0.8739734122549859,90,0.10120499999999999,1,0,0,0
9463,3.0,3.8765685424949243,0.8765685424949244,90,0.10111000000000003,1,0,0,0
9464,3.0,3.8731999095630893,0.8731999095630897,90,0.10101499999999997,1,0,0,0
9465,3.0,3.8449156383156273,0.8449156383156278,86,0.10092000000000001,1,0,0,0
9466,3.0,3.8977817459305206,0.8977817459305208,93,0.10082500000000005,1,0,0,0
9467,3.0,3.9247684520580135,0.9247684520580136,97,0.1007300000000001,1,0,0,0
9468,3.0,3.8624264068711933,0.8624264068711934,88,0.10063500000000003,1,0,0,0
9469,3.0,3.9048528137423864,0.9048528137423862,94,0.10054000000000007,1,0,0,0
9470,3.0,3.8765685424949243,0.8765685424949244,90,0.10044500000000012,1,0,0,0
9471,3.0,3.8719023444431206,0.8719023444431205,90,0.10035000000000005,1,0,0,0
9472,3.0,3.8694974746830586,0.8694974746830589,89,0.10025499999999998,1,0,0,0
9473,3.0,3.9119238815542516,0.9119238815542519,95,0.10016000000000003,1,0,0,0
9474,3.0,3.8881155478787166,0.888115547878717,92,0.10006499999999996,1,0,0,0
9475,3.0,3.8694974746830586,0.8694974746830589,89,0.09997,1,0,0,0
9476,3.0,3.869497474683059,0.869497474683059,89,0.09987500000000005,1,0,0,0
9477,3.0,3.889413112998686,0.8894131129986861,92,0.09978000000000009,1,0,0,0
9478,3.0,3.862426406871193,0.8624264068711933,88,0.09968500000000002,1,0,0,0
9479,3.0,3.8964841808105515,0.8964841808105516,93,0.09959000000000007,1,0,0,0
9480,3.0,3.846986706127493,0.8469867061274933,86,0.09949500000000011,1,0,0,0
9481,3.0,3.9072576835024475,0.9072576835024478,95,0.09940000000000004,1,0,0,0
9482,3.0,3.8964841808105515,0.8964841808105518,93,0.09930499999999998,1,0,0,0
9483,3.0,3.9319238815542517,0.9319238815542519,97,0.09921000000000002,1,0,0,0
9484,3.0,3.9446840903736407,0.9446840903736409,100,0.09911500000000006,1,0,0,0
9485,3.0,3.841213203435597,0.841213203435597,85,0.09902,1,0,0,0
9486,3.0,3.841213203435597,0.841213203435597,85,0.09892500000000004,1,0,0,0
9487,3.0,3.902257683502448,0.902257683502448,94,0.09883000000000008,1,0,0,0
9488,3.0,3.9347684520580133,0.9347684520580134,98,0.09873500000000002,1,0,0,0
9489,3.0,3.8765685424949243,0.8765685424949244,90,0.09864000000000006,1,0,0,0
9490,3.0,3.95598165549361,0.95598165549361,101,0.0985450000000001,1,0,0,0
9491,3.0,3.8640577739393587,0.8640577739393587,88,0.09845000000000004,1,0,0,0
9492,3.0,3.8824264068711933,0.8824264068711934,90,0.09835499999999997,1,0,0,0
9493,3.0,3.846986706127493,0.8469867061274933,86,0.09826000000000001,1,0,0,0
9494,3.0,3.919328751314313,0.9193287513143134,96,0.09816500000000006,1,0,0,0
9495,3.0,3.8810444800668513,0.8810444800668514,91,0.09806999999999999,1,0,0,0
9496,3.0,3.8412132034355966,0.8412132034355969,85,0.09797500000000003,1,0,0,0
9497,3.0,3.9446840903736407,0.9446840903736407,100,0.09788000000000008,1,0,0,0
9498,3.0,3.8694974746830586,0.8694974746830589,89,0.09778500000000001,1,0,0,0
9499,3.0,3.890710678118655,0.8907106781186555,92,0.09769000000000005,1,0,0,0
9500,3.0,3.861128841751224,0.8611288417512243,88,0.0975950000000001,1,0,0,0
9501,3.0,3.8624264068711933,0.8624264068711935,88,0.09750000000000003,1,0,0,0
9502,3.0,3.8270710678118656,0.827071067811866,83,0.09740500000000007,1,0,0,0
9503,3.0,3.9470889601337023,0.9470889601337023,101,0.09731000000000001,1,0,0,0
9504,3.0,3.9156263164342824,0.9156263164342826,96,0.09721500000000005,1,0,0,0
9505,3.0,3.8694974746830586,0.8694974746830589,89,0.09711999999999998,1,0,0,0
9506,3.0,3.8624264068711933,0.8624264068711934,88,0.09702500000000003,1,0,0,0
9507,3.0,3.8553553390593276,0.855355339059328,87,0.09693000000000007,1,0,0,0
9508,3.0,3.895186615690582,0.8951866156905823,93,0.096835,1,0,0,0
9509,3.0,3.8823420451868205,0.8823420451868207,91,0.09674000000000005,1,0,0,0
9510,3.0,3.9658972938092365,0.9658972938092371,103,0.09664500000000009,1,0,0,0
9511,3.0,3.8894131129986858,0.889413112998686,92,0.09655000000000014,1,0,0,0
9512,3.0,3.8694974746830586,0.8694974746830588,89,0.09645500000000007,1,0,0,0
9513,3.0,3.964599728689268,0.964599728689268,103,0.09636,1,0,0,0
9514,3.0,3.8553553390593276,0.8553553390593279,87,0.09626500000000004,1,0,0,0
9515,3.0,3.899413112998686,0.8994131129986861,93,0.09616999999999998,1,0,0,0
9516,3.0,3.890710678118655,0.8907106781186555,92,0.09607500000000002,1,0,0,0
9517,3.0,3.882342045186821,0.8823420451868208,91,0.09598000000000007,1,0,0,0
9518,3.0,3.8836396103067896,0.88363961030679,91,0.095885,1,0,0,0
9519,3.0,3.8823420451868205,0.8823420451868207,91,0.09579000000000004,1,0,0,0
9520,3.0,3.8482842712474623,0.8482842712474624,86,0.09569500000000009,1,0,0,0
9521,3.0,3.8781999095630897,0.8781999095630898,90,0.09560000000000013,1,0,0,0
9522,3.0,3.899413112998686,0.8994131129986861,93,0.09550500000000006,1,0,0,0
9523,3.0,3.8752709773749547,0.8752709773749552,90,0.09541,1,0,0,0
9524,3.0,3.879497474683059,0.879497474683059,90,0.09531500000000004,1,0,0,0
9525,3.0,3.865355339059328,0.865355339059328,88,0.09521999999999997,1,0,0,0
9526,3.0,3.8681999095630895,0.8681999095630898,89,0.09512500000000002,1,0,0,0
9527,3.0,3.8836396103067896,0.88363961030679,91,0.09503000000000006,1,0,0,0
9528,3.0,3.8868179827587475,0.8868179827587477,92,0.0949350000000001,1,0,0,0
9529,3.0,3.8341421356237313,0.8341421356237315,84,0.09484000000000004,1,0,0,0
9530,3.0,3.8482842712474623,0.8482842712474625,86,0.09474500000000008,1,0,0,0
9531,3.0,3.854057773939359,0.8540577739393588,87,0.09465000000000012,1,0,0,0
9532,3.0,3.8752709773749547,0.8752709773749551,90,0.09455500000000006,1,0,0,0
9533,3.0,3.918031186194344,0.9180311861943442,97,0.09445999999999999,1,0,0,0
9534,3.0,3.8907106781186553,0.8907106781186555,92,0.09436500000000003,1,0,0,0
9535,3.0,3.8624264068711933,0.8624264068711934,88,0.09426999999999996,1,0,0,0
9536,3.0,3.9080311861943438,0.9080311861943441,95,0.09417500000000001,1,0,0,0
9537,3.0,3.8553553390593276,0.8553553390593279,87,0.09408000000000005,1,0,0,0
9538,3.0,3.8482842712474623,0.8482842712474625,86,0.0939850000000001,1,0,0,0
9539,3.0,3.8482842712474623,0.8482842712474624,86,0.09389000000000003,1,0,0,0
9540,3.0,3.8341421356237313,0.8341421356237315,84,0.09379500000000007,1,0,0,0
9541,3.0,3.8951866156905823,0.8951866156905824,93,0.09370000000000012,1,0,0,0
9542,3.0,3.879497474683059,0.8794974746830589,90,0.09360500000000005,1,0,0,0
9543,3.0,3.885270977374955,0.8852709773749551,91,0.09350999999999998,1,0,0,0
9544,3.0,3.9238046888862406,0.9238046888862405,97,0.09341500000000003,1,0,0,0
9545,3.0,3.927697384246148,0.9276973842461481,97,0.09332000000000007,1,0,0,0
9546,3.0,3.8611288417512237,0.8611288417512241,88,0.093225,1,0,0,0
9547,3.0,3.9119238815542516,0.9119238815542517,95,0.09313000000000005,1,0,0,0
9548,3.0,3.8553553390593276,0.8553553390593279,87,0.09303500000000009,1,0,0,0
9549,3.0,3.8553553390593276,0.8553553390593279,87,0.09294000000000002,1,0,0,0
9550,3.0,3.9014841808105514,0.9014841808105516,94,0.09284500000000007,1,0,0,0
9551,3.0,3.9093287513143133,0.9093287513143135,95,0.09275000000000011,1,0,0,0
9552,3.0,3.8964841808105515,0.8964841808105517,93,0.09265500000000004,1,0,0,0
9553,3.0,3.8681999095630895,0.8681999095630898,89,0.09255999999999998,1,0,0,0
9554,3.0,3.889413112998686,0.8894131129986862,92,0.09246500000000002,1,0,0,0
9555,3.0,3.9305419547499096,0.9305419547499097,98,0.09237000000000006,1,0,0,0
9556,3.0,3.8681999095630895,0.8681999095630897,89,0.092275,1,0,0,0
9557,3.0,3.869497474683059,0.8694974746830589,89,0.09218000000000004,1,0,0,0
9558,3.0,3.8836396103067896,0.88363961030679,91,0.09208500000000008,1,0,0,0
9559,3.0,3.9035552486224168,0.9035552486224172,94,0.09199000000000002,1,0,0,0
9560,3.0,3.8694974746830586,0.8694974746830589,89,0.09189500000000006,1,0,0,0
9561,3.0,3.9575286608774025,0.9575286608774025,102,0.0918000000000001,1,0,0,0
9562,3.0,3.8553553390593276,0.855355339059328,87,0.09170500000000004,1,0,0,0
9563,3.0,3.929328751314313,0.9293287513143134,97,0.09160999999999997,1,0,0,0
9564,3.0,3.8694974746830586,0.8694974746830589,89,0.09151500000000001,1,0,0,0
9565,3.0,3.861128841751224,0.8611288417512242,88,0.09142000000000006,1,0,0,0
9566,3.0,3.841213203435597,0.841213203435597,85,0.09132499999999999,1,0,0,0
9567,3.0,3.913555248622417,0.9135552486224171,95,0.09123000000000003,1,0,0,0
9568,3.0,3.8598312766312546,0.8598312766312549,88,0.09113500000000008,1,0,0,0
9569,3.0,3.8624264068711933,0.8624264068711934,88,0.09104000000000001,1,0,0,0
9570,3.0,3.8553553390593276,0.8553553390593279,87,0.09094500000000005,1,0,0,0
9571,3.0,3.851213203435597,0.851213203435597,86,0.0908500000000001,1,0,0,0
9572,3.0,3.8836396103067896,0.8836396103067898,91,0.09075500000000014,1,0,0,0
9573,3.0,3.841213203435597,0.841213203435597,85,0.09065999999999996,1,0,0,0
9574,3.0,3.8765685424949243,0.8765685424949246,90,0.090565,1,0,0,0
9575,3.0,3.873973412254986,0.873973412254986,90,0.09047000000000005,1,0,0,0
9576,3.0,3.8553553390593276,0.8553553390593279,87,0.09037499999999998,1,0,0,0
9577,3.0,3.8624264068711933,0.8624264068711934,88,0.09028000000000003,1,0,0,0
9578,3.0,3.8624264068711933,0.8624264068711934,88,0.09018500000000007,1,0,0,0
9579,3.0,3.8341421356237313,0.8341421356237314,84,0.09009,1,0,0,0
9580,3.0,3.8681999095630895,0.8681999095630897,89,0.08999500000000005,1,0,0,0
9581,3.0,3.8836396103067896,0.8836396103067901,91,0.08990000000000009,1,0,0,0
9582,3.0,3.8894131129986858,0.8894131129986861,92,0.08980500000000013,1,0,0,0
9583,3.0,3.88234204518682,0.8823420451868206,91,0.08970999999999996,1,0,0,0
9584,3.0,3.8341421356237313,0.8341421356237315,84,0.089615,1,0,0,0
9585,3.0,3.8553553390593276,0.8553553390593279,87,0.08952000000000004,1,0,0,0
9586,3.0,3.873973412254986,0.873973412254986,90,0.08942499999999998,1,0,0,0
9587,3.0,3.9163998191261786,0.9163998191261787,96,0.08933000000000002,1,0,0,0
9588,3.0,3.89363961030679,0.8936396103067901,92,0.08923500000000006,1,0,0,0
9589,3.0,3.9106263164342825,0.9106263164342826,95,0.08914000000000011,1,0,0,0
9590,3.0,3.8765685424949243,0.8765685424949244,90,0.08904500000000004,1,0,0,0
9591,3.0,3.8724264068711935,0.8724264068711935,89,0.08895000000000008,1,0,0,0
9592,3.0,3.8648312766312545,0.8648312766312549,89,0.08885500000000013,1,0,0,0
9593,3.0,3.862426406871193,0.8624264068711934,88,0.08875999999999995,1,0,0,0
9594,3.0,3.9096625532625096,0.9096625532625094,95,0.088665,1,0,0,0
9595,3.0,3.8776758471350163,0.8776758471350168,91,0.08857000000000004,1,0,0,0
9596,3.0,3.8752709773749547,0.8752709773749552,90,0.08847499999999997,1,0,0,0
9597,3.0,3.8868179827587475,0.8868179827587477,92,0.08838000000000001,1,0,0,0
9598,3.0,3.8482842712474623,0.8482842712474623,86,0.08828500000000006,1,0,0,0
9599,3.0,3.882342045186821,0.8823420451868208,91,0.0881900000000001,1,0,0,0
9600,3.0,3.8399156383156274,0.8399156383156278,85,0.08809500000000003,1,0,0,0
9601,3.0,3.8836396103067896,0.8836396103067898,91,0.08800000000000008,1,0,0,0
9602,3.0,3.928470886938044,0.9284708869380442,98,0.08790500000000012,1,0,0,0
9603,3.0,3.9114841808105516,0.9114841808105517,95,0.08780999999999994,1,0,0,0
9604,3.0,3.8553553390593276,0.8553553390593279,87,0.08771499999999999,1,0,0,0
9605,3.0,3.8553553390593276,0.8553553390593278,87,0.08762000000000003,1,0,0,0
9606,3.0,3.9048528137423864,0.9048528137423865,94,0.08752500000000007,1,0,0,0
9607,3.0,3.8923420451868203,0.8923420451868206,92,0.08743000000000001,1,0,0,0
9608,3.0,3.8681999095630895,0.8681999095630897,89,0.08733500000000005,1,0,0,0
9609,3.0,3.8482842712474623,0.8482842712474625,86,0.0872400000000001,1,0,0,0
9610,3.0,3.861128841751224,0.8611288417512242,88,0.08714500000000003,1,0,0,0
9611,3.0,3.9331370849898484,0.9331370849898484,98,0.08705000000000007,1,0,0,0
9612,3.0,3.8482842712474623,0.8482842712474623,86,0.08695500000000012,1,0,0,0
9613,3.0,3.8553553390593276,0.8553553390593279,87,0.08685999999999994,1,0,0,0
9614,3.0,3.918994949366117,0.9189949493661173,96,0.08676499999999998,1,0,0,0
9615,3.0,3.8482842712474623,0.8482842712474624,86,0.08667000000000002,1,0,0,0
9616,3.0,3.841213203435597,0.841213203435597,85,0.08657500000000007,1,0,0,0
9617,3.0,3.886568542494924,0.8865685424949243,91,0.08648,1,0,0,0
9618,3.0,3.862426406871193,0.8624264068711934,88,0.08638500000000005,1,0,0,0
9619,3.0,3.8681999095630895,0.8681999095630898,89,0.08629000000000009,1,0,0,0
9620,3.0,3.8836396103067896,0.8836396103067901,91,0.08619500000000002,1,0,0,0
9621,3.0,3.8836396103067896,0.8836396103067898,91,0.08610000000000007,1,0,0,0
9622,3.0,3.8836396103067896,0.88363961030679,91,0.08600500000000011,1,0,0,0
9623,3.0,3.861128841751224,0.8611288417512243,88,0.08591000000000004,1,0,0,0
9624,3.0,3.8681999095630895,0.8681999095630896,89,0.08581499999999997,1,0,0,0
9625,3.0,3.872426406871193,0.8724264068711934,89,0.08572000000000002,1,0,0,0
9626,3.0,3.8624264068711933,0.8624264068711934,88,0.08562500000000006,1,0,0,0
9627,3.0,3.8681999095630895,0.8681999095630898,89,0.08553,1,0,0,0
9628,3.0,3.8836396103067896,0.8836396103067898,91,0.08543500000000004,1,0,0,0
9629,3.0,3.862426406871193,0.8624264068711934,88,0.08534000000000008,1,0,0,0
9630,3.0,3.8482842712474623,0.8482842712474625,86,0.08524500000000002,1,0,0,0
9631,3.0,3.8341421356237313,0.8341421356237314,84,0.08515000000000006,1,0,0,0
9632,3.0,3.8731999095630893,0.8731999095630898,90,0.0850550000000001,1,0,0,0
9633,3.0,3.862426406871193,0.8624264068711933,88,0.08496000000000015,1,0,0,0
9634,3.0,3.8482842712474623,0.8482842712474624,86,0.08486499999999997,1,0,0,0
9635,3.0,3.886044480066851,0.8860444800668514,92,0.08477000000000001,1,0,0,0
9636,3.0,3.8765685424949243,0.8765685424949244,90,0.08467500000000006,1,0,0,0
9637,3.0,3.8765685424949243,0.8765685424949244,90,0.08457999999999999,1,0,0,0
9638,3.0,3.88234204518682,0.8823420451868206,91,0.08448500000000003,1,0,0,0
9639,3.0,3.841213203435597,0.841213203435597,85,0.08439000000000008,1,0,0,0
9640,3.0,3.8482842712474623,0.8482842712474625,86,0.08429500000000001,1,0,0,0
9641,3.0,3.8781999095630892,0.8781999095630897,90,0.08420000000000005,1,0,0,0
9642,3.0,3.8270710678118656,0.827071067811866,83,0.0841050000000001,1,0,0,0
9643,3.0,3.9405419547499094,0.9405419547499096,99,0.08401000000000014,1,0,0,0
9644,3.0,3.9064841808105513,0.9064841808105517,94,0.08391499999999996,1,0,0,0
9645,3.0,3.8553553390593276,0.8553553390593279,87,0.08382,1,0,0,0
9646,3.0,3.8765685424949243,0.8765685424949243,90,0.08372500000000005,1,0,0,0
9647,3.0,3.927697384246148,0.927697384246148,97,0.08362999999999998,1,0,0,0
9648,3.0,3.8836396103067896,0.88363961030679,91,0.08353500000000003,1,0,0,0
9649,3.0,3.8765685424949243,0.8765685424949243,90,0.08344000000000007,1,0,0,0
9650,3.0,3.8441421356237315,0.8441421356237315,85,0.08334500000000011,1,0,0,0
9651,3.0,3.872426406871193,0.8724264068711934,89,0.08325000000000005,1,0,0,0
9652,3.0,3.841213203435597,0.841213203435597,85,0.08315500000000009,1,0,0,0
9653,3.0,3.9263998191261784,0.9263998191261787,97,0.08306000000000013,1,0,0,0
9654,3.0,3.891044480066851,0.8910444800668516,93,0.08296499999999996,1,0,0,0
9655,3.0,3.8482842712474623,0.8482842712474624,86,0.08287,1,0,0,0
9656,3.0,3.8624264068711933,0.8624264068711935,88,0.08277500000000004,1,0,0,0
9657,3.0,3.861128841751224,0.8611288417512242,88,0.08267999999999998,1,0,0,0
9658,3.0,3.8765685424949243,0.8765685424949244,90,0.08258500000000002,1,0,0,0
9659,3.0,3.8977817459305206,0.8977817459305208,93,0.08249000000000006,1,0,0,0
9660,3.0,3.8412132034355966,0.8412132034355969,85,0.08239500000000011,1,0,0,0
9661,3.0,3.8681999095630895,0.8681999095630897,89,0.08230000000000004,1,0,0,0
9662,3.0,3.873973412254986,0.873973412254986,90,0.08220500000000008,1,0,0,0
9663,3.0,3.8553553390593276,0.855355339059328,87,0.08211000000000013,1,0,0,0
9664,3.0,3.869497474683059,0.869497474683059,89,0.08201499999999995,1,0,0,0
9665,3.0,3.8341421356237313,0.8341421356237315,84,0.08191999999999999,1,0,0,0
9666,3.0,3.8482842712474623,0.8482842712474624,86,0.08182500000000004,1,0,0,0
9667,3.0,3.861128841751224,0.8611288417512243,88,0.08173000000000008,1,0,0,0
9668,3.0,3.9035552486224168,0.9035552486224172,94,0.08163500000000001,1,0,0,0
9669,3.0,3.8810444800668513,0.8810444800668515,91,0.08154000000000006,1,0,0,0
9670,3.0,3.841213203435597,0.841213203435597,85,0.0814450000000001,1,0,0,0
9671,3.0,3.8482842712474623,0.8482842712474624,86,0.08135000000000003,1,0,0,0
9672,3.0,3.8553553390593276,0.8553553390593279,87,0.08125500000000008,1,0,0,0
9673,3.0,3.8482842712474623,0.8482842712474625,86,0.08116000000000012,1,0,0,0
9674,3.0,3.8553553390593276,0.855355339059328,87,0.08106499999999994,1,0,0,0
9675,3.0,3.8624264068711933,0.8624264068711934,88,0.08096999999999999,1,0,0,0
9676,3.0,3.837071067811866,0.837071067811866,84,0.08087500000000003,1,0,0,0
9677,3.0,3.862426406871193,0.8624264068711934,88,0.08078000000000007,1,0,0,0
9678,3.0,3.8624264068711933,0.8624264068711934,88,0.080685,1,0,0,0
9679,3.0,3.8341421356237313,0.8341421356237315,84,0.08059000000000005,1,0,0,0
9680,3.0,3.854057773939359,0.8540577739393588,87,0.0804950000000001,1,0,0,0
9681,3.0,3.8823420451868205,0.8823420451868207,91,0.08040000000000003,1,0,0,0
9682,3.0,3.8752709773749547,0.8752709773749551,90,0.08030500000000007,1,0,0,0
9683,3.0,3.8681999095630895,0.8681999095630898,89,0.08021000000000011,1,0,0,0
9684,3.0,3.8951866156905823,0.8951866156905824,93,0.08011500000000005,1,0,0,0
9685,3.0,3.8752709773749547,0.8752709773749552,90,0.08001999999999998,1,0,0,0
9686,3.0,3.9135552486224165,0.913555248622417,95,0.07992500000000002,1,0,0,0
9687,3.0,3.895186615690582,0.8951866156905823,93,0.07983000000000007,1,0,0,0
9688,3.0,3.910626316434282,0.9106263164342825,95,0.079735,1,0,0,0
9689,3.0,3.8553553390593276,0.855355339059328,87,0.07964000000000004,1,0,0,0
9690,3.0,3.8765685424949243,0.8765685424949246,90,0.07954500000000009,1,0,0,0
9691,3.0,3.8482842712474623,0.8482842712474624,86,0.07945000000000002,1,0,0,0
9692,3.0,3.8482842712474623,0.8482842712474624,86,0.07935500000000006,1,0,0,0
9693,3.0,3.851213203435597,0.851213203435597,86,0.07926000000000011,1,0,0,0
9694,3.0,3.8765685424949243,0.8765685424949243,90,0.07916500000000004,1,0,0,0
9695,3.0,3.9048528137423864,0.9048528137423864,94,0.07906999999999997,1,0,0,0
9696,3.0,3.8968179827587477,0.8968179827587477,93,0.07897500000000002,1,0,0,0
9697,3.0,3.8681999095630895,0.8681999095630898,89,0.07888000000000006,1,0,0,0
9698,3.0,3.885270977374955,0.8852709773749551,91,0.078785,1,0,0,0
9699,3.0,3.8482842712474623,0.8482842712474625,86,0.07869000000000004,1,0,0,0
9700,3.0,3.893889050570613,0.8938890505706132,93,0.07859500000000008,1,0,0,0
9701,3.0,3.9035552486224168,0.9035552486224171,94,0.07850000000000001,1,0,0,0
9702,3.0,3.9235552486224172,0.9235552486224172,96,0.07840500000000006,1,0,0,0
9703,3.0,3.8765685424949243,0.8765685424949244,90,0.0783100000000001,1,0,0,0
9704,3.0,3.8681999095630895,0.8681999095630897,89,0.07821500000000003,1,0,0,0
9705,3.0,3.9093287513143133,0.9093287513143135,95,0.07811999999999997,1,0,0,0
9706,3.0,3.9048528137423864,0.9048528137423864,94,0.07802500000000001,1,0,0,0
9707,3.0,3.8399156383156274,0.8399156383156278,85,0.07793000000000005,1,0,0,0
9708,3.0,3.8836396103067896,0.8836396103067898,91,0.07783499999999999,1,0,0,0
9709,3.0,3.8694974746830586,0.8694974746830589,89,0.07774000000000003,1,0,0,0
9710,3.0,3.890710678118655,0.8907106781186553,92,0.07764500000000008,1,0,0,0
9711,3.0,3.8765685424949243,0.8765685424949244,90,0.07755000000000012,1,0,0,0
9712,3.0,3.8752709773749547,0.8752709773749551,90,0.07745500000000005,1,0,0,0
9713,3.0,3.952858661208671,0.9528586612086712,102,0.0773600000000001,1,0,0,0
9714,3.0,3.8624264068711933,0.8624264068711934,88,0.07726500000000003,1,0,0,0
9715,3.0,3.8553553390593276,0.855355339059328,87,0.07716999999999996,1,0,0,0
9716,3.0,3.8270710678118656,0.827071067811866,83,0.077075,1,0,0,0
9717,3.0,3.8341421356237313,0.8341421356237315,84,0.07698000000000005,1,0,0,0
9718,3.0,3.869497474683059,0.869497474683059,89,0.07688499999999998,1,0,0,0
9719,3.0,3.8482842712474623,0.8482842712474625,86,0.07679000000000002,1,0,0,0
9720,3.0,3.8200000000000003,0.8200000000000005,82,0.07669500000000007,1,0,0,0
9721,3.0,3.8694974746830586,0.8694974746830589,89,0.07660000000000011,1,0,0,0
9722,3.0,3.8553553390593276,0.8553553390593279,87,0.07650500000000005,1,0,0,0
9723,3.0,3.879497474683059,0.8794974746830589,90,0.07641000000000009,1,0,0,0
9724,3.0,3.8681999095630895,0.8681999095630898,89,0.07631500000000002,1,0,0,0
9725,3.0,3.881128841751224,0.8811288417512243,90,0.07621999999999995,1,0,0,0
9726,3.0,3.8270710678118656,0.827071067811866,83,0.076125,1,0,0,0
9727,3.0,3.865355339059328,0.8653553390593279,88,0.07603000000000004,1,0,0,0
9728,3.0,3.8907106781186553,0.8907106781186555,92,0.07593500000000009,1,0,0,0
9729,3.0,3.909328751314313,0.9093287513143131,95,0.07584000000000002,1,0,0,0
9730,3.0,3.8823420451868205,0.8823420451868207,91,0.07574500000000006,1,0,0,0
9731,3.0,3.8482842712474623,0.8482842712474624,86,0.0756500000000001,1,0,0,0
9732,3.0,3.8977817459305206,0.8977817459305208,93,0.07555500000000004,1,0,0,0
9733,3.0,3.8270710678118656,0.827071067811866,83,0.07546000000000008,1,0,0,0
9734,3.0,3.841213203435597,0.841213203435597,85,0.07536500000000002,1,0,0,0
9735,3.0,3.8482842712474623,0.8482842712474625,86,0.07526999999999995,1,0,0,0
9736,3.0,3.841213203435597,0.841213203435597,85,0.07517499999999999,1,0,0,0
9737,3.0,3.8482842712474623,0.8482842712474625,86,0.07508000000000004,1,0,0,0
9738,3.0,3.8441421356237315,0.8441421356237315,85,0.07498500000000008,1,0,0,0
9739,3.0,3.886568542494924,0.8865685424949243,91,0.07489000000000001,1,0,0,0
9740,3.0,3.8482842712474623,0.8482842712474624,86,0.07479500000000006,1,0,0,0
9741,3.0,3.8977817459305206,0.8977817459305207,93,0.0747000000000001,1,0,0,0
9742,3.0,3.8681999095630895,0.8681999095630897,89,0.07460500000000003,1,0,0,0
9743,3.0,3.858284271247462,0.8582842712474625,87,0.07451000000000008,1,0,0,0
9744,3.0,3.8836396103067896,0.8836396103067898,91,0.07441500000000001,1,0,0,0
9745,3.0,3.869497474683059,0.8694974746830589,89,0.07432000000000005,1,0,0,0
9746,3.0,3.878973412254986,0.8789734122549859,91,0.07422499999999999,1,0,0,0
9747,3.0,3.8694974746830586,0.8694974746830588,89,0.07413000000000003,1,0,0,0
9748,3.0,3.88234204518682,0.8823420451868206,91,0.07403500000000007,1,0,0,0
9749,3.0,3.8823420451868205,0.8823420451868207,91,0.07394,1,0,0,0
9750,3.0,3.8482842712474623,0.8482842712474624,86,0.07384500000000005,1,0,0,0
9751,3.0,3.8624264068711933,0.8624264068711935,88,0.0737500000000001,1,0,0,0
9752,3.0,3.8412132034355966,0.8412132034355969,85,0.07365500000000003,1,0,0,0
9753,3.0,3.8553553390593276,0.8553553390593279,87,0.07356000000000007,1,0,0,0
9754,3.0,3.8412132034355966,0.8412132034355969,85,0.07346500000000011,1,0,0,0
9755,3.0,3.8964841808105515,0.8964841808105516,93,0.07337000000000005,1,0,0,0
9756,3.0,3.837071067811866,0.837071067811866,84,0.07327499999999998,1,0,0,0
9757,3.0,3.8752709773749547,0.8752709773749552,90,0.07318000000000002,1,0,0,0
9758,3.0,3.8752709773749547,0.8752709773749552,90,0.07308500000000007,1,0,0,0
9759,3.0,3.8553553390593276,0.855355339059328,87,0.07299,1,0,0,0
9760,3.0,3.8540577739393584,0.8540577739393588,87,0.07289500000000004,1,0,0,0
9761,3.0,3.8624264068711933,0.8624264068711934,88,0.07280000000000009,1,0,0,0
9762,3.0,3.8482842712474623,0.8482842712474625,86,0.07270500000000002,1,0,0,0
9763,3.0,3.8553553390593276,0.8553553390593279,87,0.07261000000000006,1,0,0,0
9764,3.0,3.8553553390593276,0.855355339059328,87,0.07251500000000011,1,0,0,0
9765,3.0,3.8681999095630895,0.8681999095630897,89,0.07242000000000004,1,0,0,0
9766,3.0,3.8341421356237313,0.8341421356237314,84,0.07232499999999997,1,0,0,0
9767,3.0,3.865355339059328,0.865355339059328,88,0.07223000000000002,1,0,0,0
9768,3.0,3.8482842712474623,0.8482842712474625,86,0.07213500000000006,1,0,0,0
9769,3.0,3.841213203435597,0.841213203435597,85,0.07203999999999999,1,0,0,0
9770,3.0,3.8200000000000003,0.8200000000000005,82,0.07194500000000004,1,0,0,0
9771,3.0,3.8752709773749547,0.8752709773749552,90,0.07185000000000008,1,0,0,0
9772,3.0,3.8540577739393584,0.8540577739393587,87,0.07175500000000012,1,0,0,0
9773,3.0,3.872426406871193,0.8724264068711934,89,0.07166000000000006,1,0,0,0
9774,3.0,3.8482842712474623,0.8482842712474624,86,0.0715650000000001,1,0,0,0
9775,3.0,3.8694974746830586,0.8694974746830589,89,0.07147000000000003,1,0,0,0
9776,3.0,3.8624264068711933,0.8624264068711934,88,0.07137499999999997,1,0,0,0
9777,3.0,3.862426406871193,0.8624264068711933,88,0.07128000000000001,1,0,0,0
9778,3.0,3.875270977374955,0.8752709773749553,90,0.07118500000000005,1,0,0,0
9779,3.0,3.8752709773749547,0.8752709773749552,90,0.07108999999999999,1,0,0,0
9780,3.0,3.8624264068711933,0.8624264068711935,88,0.07099500000000003,1,0,0,0
9781,3.0,3.890710678118655,0.8907106781186553,92,0.07090000000000007,1,0,0,0
9782,3.0,3.854057773939359,0.8540577739393588,87,0.07080500000000012,1,0,0,0
9783,3.0,3.862426406871193,0.8624264068711934,88,0.07071000000000005,1,0,0,0
9784,3.0,3.8823420451868205,0.8823420451868206,91,0.0706150000000001,1,0,0,0
9785,3.0,3.841213203435597,0.841213203435597,85,0.07052000000000003,1,0,0,0
9786,3.0,3.8694974746830586,0.8694974746830588,89,0.07042499999999996,1,0,0,0
9787,3.0,3.9048528137423864,0.9048528137423864,94,0.07033,1,0,0,0
9788,3.0,3.9014841808105514,0.9014841808105516,94,0.07023500000000005,1,0,0,0
9789,3.0,3.9209601183824785,0.9209601183824786,96,0.07014000000000009,1,0,0,0
9790,3.0,3.8694974746830586,0.8694974746830588,89,0.07004500000000002,1,0,0,0
9791,3.0,3.8341421356237313,0.8341421356237315,84,0.06995000000000007,1,0,0,0
9792,3.0,3.8270710678118656,0.827071067811866,83,0.06985500000000011,1,0,0,0
9793,3.0,3.872426406871193,0.8724264068711934,89,0.06976000000000004,1,0,0,0
9794,3.0,3.8540577739393584,0.8540577739393588,87,0.06966500000000009,1,0,0,0
9795,3.0,3.8624264068711933,0.8624264068711935,88,0.06957000000000002,1,0,0,0
9796,3.0,3.8341421356237313,0.8341421356237315,84,0.06947499999999995,1,0,0,0
9797,3.0,3.9007106781186547,0.9007106781186552,93,0.06938,1,0,0,0
9798,3.0,3.8270710678118656,0.827071067811866,83,0.06928500000000004,1,0,0,0
9799,3.0,3.869497474683059,0.869497474683059,89,0.06919000000000008,1,0,0,0
9800,3.0,3.885270977374955,0.8852709773749552,91,0.06909500000000002,1,0,0,0
9801,3.0,3.8482842712474623,0.8482842712474625,86,0.06900000000000006,1,0,0,0
9802,3.0,3.886817982758748,0.8868179827587478,92,0.0689050000000001,1,0,0,0
9803,3.0,3.8482842712474623,0.8482842712474625,86,0.06881000000000004,1,0,0,0
9804,3.0,3.8694974746830586,0.8694974746830588,89,0.06871500000000008,1,0,0,0
9805,3.0,3.8731999095630893,0.8731999095630896,90,0.06862000000000001,1,0,0,0
9806,3.0,3.862426406871193,0.8624264068711933,88,0.06852500000000006,1,0,0,0
9807,3.0,3.8624264068711933,0.8624264068711934,88,0.06842999999999999,1,0,0,0
9808,3.0,3.858284271247462,0.8582842712474624,87,0.06833500000000003,1,0,0,0
9809,3.0,3.861128841751224,0.8611288417512242,88,0.06824000000000008,1,0,0,0
9810,3.0,3.8469867061274927,0.8469867061274932,86,0.06814500000000001,1,0,0,0
9811,3.0,3.8482842712474623,0.8482842712474625,86,0.06805000000000005,1,0,0,0
9812,3.0,3.869497474683059,0.869497474683059,89,0.0679550000000001,1,0,0,0
9813,3.0,3.8341421356237313,0.8341421356237314,84,0.06786000000000003,1,0,0,0
9814,3.0,3.8624264068711933,0.8624264068711934,88,0.06776500000000008,1,0,0,0
9815,3.0,3.8823420451868205,0.8823420451868206,91,0.06767000000000001,1,0,0,0
9816,3.0,3.8482842712474623,0.8482842712474624,86,0.06757500000000005,1,0,0,0
9817,3.0,3.8653553390593274,0.8653553390593279,88,0.06747999999999998,1,0,0,0
9818,3.0,3.8694974746830586,0.8694974746830588,89,0.06738500000000003,1,0,0,0
9819,3.0,3.862426406871193,0.8624264068711933,88,0.06729000000000007,1,0,0,0
9820,3.0,3.8694974746830586,0.8694974746830588,89,0.067195,1,0,0,0
9821,3.0,3.8482842712474623,0.8482842712474625,86,0.06710000000000005,1,0,0,0
9822,3.0,3.8553553390593276,0.8553553390593278,87,0.06700500000000009,1,0,0,0
9823,3.0,3.8270710678118656,0.827071067811866,83,0.06691000000000003,1,0,0,0
9824,3.0,3.841213203435597,0.841213203435597,85,0.06681500000000007,1,0,0,0
9825,3.0,3.841213203435597,0.8412132034355969,85,0.06672,1,0,0,0
9826,3.0,3.8540577739393584,0.8540577739393587,87,0.06662500000000005,1,0,0,0
9827,3.0,3.8482842712474623,0.8482842712474624,86,0.06652999999999998,1,0,0,0
9828,3.0,3.8270710678118656,0.827071067811866,83,0.06643500000000002,1,0,0,0
9829,3.0,3.8553553390593276,0.8553553390593279,87,0.06634000000000007,1,0,0,0
9830,3.0,3.8624264068711933,0.8624264068711935,88,0.066245,1,0,0,0
9831,3.0,3.8836396103067896,0.88363961030679,91,0.06615000000000004,1,0,0,0
9832,3.0,3.8765685424949243,0.8765685424949243,90,0.06605500000000009,1,0,0,0
9833,3.0,3.8341421356237313,0.8341421356237315,84,0.06596000000000013,1,0,0,0
9834,3.0,3.869497474683059,0.8694974746830589,89,0.06586500000000006,1,0,0,0
9835,3.0,3.8681999095630895,0.8681999095630897,89,0.06577,1,0,0,0
9836,3.0,3.8412132034355966,0.8412132034355969,85,0.06567500000000004,1,0,0,0
9837,3.0,3.8977817459305206,0.8977817459305208,93,0.06557999999999997,1,0,0,0
9838,3.0,3.8553553390593276,0.8553553390593279,87,0.06548500000000002,1,0,0,0
9839,3.0,3.8553553390593276,0.855355339059328,87,0.06539000000000006,1,0,0,0
9840,3.0,3.8341421356237313,0.8341421356237315,84,0.06529499999999999,1,0,0,0
9841,3.0,3.9247684520580135,0.9247684520580135,97,0.06520000000000004,1,0,0,0
9842,3.0,3.8694974746830586,0.8694974746830589,89,0.06510500000000008,1,0,0,0
9843,3.0,3.8341421356237313,0.8341421356237315,84,0.06501000000000012,1,0,0,0
9844,3.0,3.889413112998686,0.8894131129986862,92,0.06491500000000006,1,0,0,0
9845,3.0,3.8482842712474623,0.8482842712474625,86,0.06481999999999999,1,0,0,0
9846,3.0,3.8553553390593276,0.8553553390593279,87,0.06472500000000003,1,0,0,0
9847,3.0,3.8341421356237313,0.8341421356237315,84,0.06462999999999997,1,0,0,0
9848,3.0,3.841213203435597,0.841213203435597,85,0.06453500000000001,1,0,0,0
9849,3.0,3.9163998191261786,0.9163998191261788,96,0.06444000000000005,1,0,0,0
9850,3.0,3.8553553390593276,0.8553553390593279,87,0.0643450000000001,1,0,0,0
9851,3.0,3.861128841751224,0.8611288417512243,88,0.06425000000000003,1,0,0,0
9852,3.0,3.861128841751224,0.8611288417512243,88,0.06415500000000007,1,0,0,0
9853,3.0,3.8624264068711933,0.8624264068711935,88,0.06406000000000012,1,0,0,0
9854,3.0,3.9305419547499096,0.9305419547499097,98,0.06396500000000005,1,0,0,0
9855,3.0,3.8412132034355966,0.8412132034355969,85,0.06386999999999998,1,0,0,0
9856,3.0,3.8694974746830586,0.8694974746830589,89,0.06377500000000003,1,0,0,0
9857,3.0,3.8341421356237313,0.8341421356237314,84,0.06367999999999996,1,0,0,0
9858,3.0,3.8341421356237313,0.8341421356237315,84,0.063585,1,0,0,0
9859,3.0,3.858284271247462,0.8582842712474625,87,0.06349000000000005,1,0,0,0
9860,3.0,3.8553553390593276,0.855355339059328,87,0.06339500000000009,1,0,0,0
9861,3.0,3.865355339059328,0.865355339059328,88,0.06330000000000002,1,0,0,0
9862,3.0,3.8624264068711933,0.8624264068711935,88,0.06320500000000007,1,0,0,0
9863,3.0,3.862426406871193,0.8624264068711934,88,0.06311000000000011,1,0,0,0
9864,3.0,3.8624264068711933,0.8624264068711934,88,0.06301500000000004,1,0,0,0
9865,3.0,3.903555248622417,0.9035552486224173,94,0.06291999999999998,1,0,0,0
9866,3.0,3.8341421356237313,0.8341421356237315,84,0.06282500000000002,1,0,0,0
9867,3.0,3.8881155478787166,0.888115547878717,92,0.06273000000000006,1,0,0,0
9868,3.0,3.8553553390593276,0.855355339059328,87,0.062635,1,0,0,0
9869,3.0,3.8482842712474623,0.8482842712474624,86,0.06254000000000004,1,0,0,0
9870,3.0,3.8624264068711933,0.8624264068711935,88,0.062445000000000084,1,0,0,0
9871,3.0,3.8270710678118656,0.827071067811866,83,0.062350000000000017,1,0,0,0
9872,3.0,3.8482842712474623,0.8482842712474624,86,0.06225500000000006,1,0,0,0
9873,3.0,3.8694974746830586,0.8694974746830589,89,0.062160000000000104,1,0,0,0
9874,3.0,3.8823420451868205,0.8823420451868207,91,0.06206500000000004,1,0,0,0
9875,3.0,3.8341421356237313,0.8341421356237315,84,0.06196999999999997,1,0,0,0
9876,3.0,3.869497474683059,0.8694974746830589,89,0.06187500000000001,1,0,0,0
9877,3.0,3.841213203435597,0.841213203435597,85,0.06178000000000006,1,0,0,0
9878,3.0,3.8724264068711935,0.8724264068711935,89,0.06168499999999999,1,0,0,0
9879,3.0,3.8341421356237313,0.8341421356237315,84,0.061590000000000034,1,0,0,0
9880,3.0,3.862426406871193,0.8624264068711934,88,0.06149500000000008,1,0,0,0
9881,3.0,3.8938890505706127,0.8938890505706131,93,0.06140000000000001,1,0,0,0
9882,3.0,3.8341421356237313,0.8341421356237315,84,0.061305000000000054,1,0,0,0
9883,3.0,3.841213203435597,0.841213203435597,85,0.0612100000000001,1,0,0,0
9884,3.0,3.8836396103067896,0.88363961030679,91,0.06111500000000003,1,0,0,0
9885,3.0,3.8341421356237313,0.8341421356237315,84,0.061020000000000074,1,0,0,0
9886,3.0,3.862426406871193,0.8624264068711934,88,0.06092500000000001,1,0,0,0
9887,3.0,3.8341421356237313,0.8341421356237314,84,0.06083000000000005,1,0,0,0
9888,3.0,3.8482842712474623,0.8482842712474624,86,0.06073499999999998,1,0,0,0
9889,3.0,3.8482842712474623,0.8482842712474625,86,0.06064000000000003,1,0,0,0
9890,3.0,3.8694974746830586,0.8694974746830588,89,0.06054500000000007,1,0,0,0
9891,3.0,3.895186615690582,0.8951866156905823,93,0.060450000000000004,1,0,0,0
9892,3.0,3.8482842712474623,0.8482842712474624,86,0.06035500000000005,1,0,0,0
9893,3.0,3.879497474683059,0.8794974746830588,90,0.06026000000000009,1,0,0,0
9894,3.0,3.8553553390593276,0.8553553390593279,87,0.060165000000000135,1,0,0,0
9895,3.0,3.890710678118655,0.8907106781186553,92,0.06007000000000007,1,0,0,0
9896,3.0,3.8553553390593276,0.8553553390593278,87,0.059975,1,0,0,0
9897,3.0,3.8341421356237313,0.8341421356237314,84,0.059880000000000044,1,0,0,0
9898,3.0,3.8938890505706127,0.8938890505706131,93,0.05978499999999998,1,0,0,0
9899,3.0,3.8482842712474623,0.8482842712474625,86,0.05969000000000002,1,0,0,0
9900,3.0,3.8681999095630895,0.8681999095630897,89,0.059595000000000065,1,0,0,0
9901,3.0,3.841213203435597,0.841213203435597,85,0.0595,1,0,0,0
9902,3.0,3.8553553390593276,0.8553553390593279,87,0.05940500000000004,1,0,0,0
9903,3.0,3.851213203435597,0.8512132034355969,86,0.059310000000000085,1,0,0,0
9904,3.0,3.8341421356237313,0.8341421356237315,84,0.05921500000000013,1,0,0,0
9905,3.0,3.8694974746830586,0.8694974746830588,89,0.05912000000000006,1,0,0,0
9906,3.0,3.8270710678118656,0.827071067811866,83,0.059024999999999994,1,0,0,0
9907,3.0,3.8341421356237313,0.8341421356237315,84,0.05893000000000004,1,0,0,0
9908,3.0,3.8341421356237313,0.8341421356237315,84,0.05883499999999997,1,0,0,0
9909,3.0,3.841213203435597,0.841213203435597,85,0.058740000000000014,1,0,0,0
9910,3.0,3.8612132034355966,0.861213203435597,87,0.05864500000000006,1,0,0,0
9911,3.0,3.8341421356237313,0.8341421356237315,84,0.0585500000000001,1,0,0,0
9912,3.0,3.8482842712474623,0.8482842712474624,86,0.058455000000000035,1,0,0,0
9913,3.0,3.841213203435597,0.841213203435597,85,0.05836000000000008,1,0,0,0
9914,3.0,3.8624264068711933,0.8624264068711935,88,0.05826500000000012,1,0,0,0
9915,3.0,3.8640577739393587,0.8640577739393587,88,0.058170000000000055,1,0,0,0
9916,3.0,3.8341421356237313,0.8341421356237315,84,0.05807499999999999,1,0,0,0
9917,3.0,3.872426406871193,0.8724264068711934,89,0.05798000000000003,1,0,0,0
9918,3.0,3.861128841751224,0.8611288417512243,88,0.057884999999999964,1,0,0,0
9919,3.0,3.841213203435597,0.841213203435597,85,0.05779000000000001,1,0,0,0
9920,3.0,3.9094131129986858,0.9094131129986862,94,0.05769500000000005,1,0,0,0
9921,3.0,3.869497474683059,0.8694974746830589,89,0.057600000000000096,1,0,0,0
9922,3.0,3.8482842712474623,0.8482842712474624,86,0.05750500000000003,1,0,0,0
9923,3.0,3.858284271247462,0.8582842712474624,87,0.05741000000000007,1,0,0,0
9924,3.0,3.8553553390593276,0.855355339059328,87,0.057315000000000116,1,0,0,0
9925,3.0,3.8270710678118656,0.827071067811866,83,0.05722000000000005,1,0,0,0
9926,3.0,3.8482842712474623,0.8482842712474624,86,0.05712499999999998,1,0,0,0
9927,3.0,3.865355339059328,0.8653553390593279,88,0.057030000000000025,1,0,0,0
9928,3.0,3.851213203435597,0.8512132034355969,86,0.05693500000000007,1,0,0,0
9929,3.0,3.886568542494924,0.8865685424949243,91,0.05684,1,0,0,0
9930,3.0,3.869497474683059,0.869497474683059,89,0.056745000000000045,1,0,0,0
9931,3.0,3.8482842712474623,0.8482842712474624,86,0.05665000000000009,1,0,0,0
9932,3.0,3.8881155478787166,0.8881155478787167,92,0.05655500000000002,1,0,0,0
9933,3.0,3.8765685424949243,0.8765685424949244,90,0.056460000000000066,1,0,0,0
9934,3.0,3.8624264068711933,0.8624264068711934,88,0.05636500000000011,1,0,0,0
9935,3.0,3.8553553390593276,0.855355339059328,87,0.05627000000000004,1,0,0,0
9936,3.0,3.8624264068711933,0.8624264068711934,88,0.056174999999999975,1,0,0,0
9937,3.0,3.841213203435597,0.8412132034355969,85,0.05608000000000002,1,0,0,0
9938,3.0,3.8553553390593276,0.8553553390593279,87,0.05598500000000006,1,0,0,0
9939,3.0,3.8482842712474623,0.8482842712474624,86,0.055889999999999995,1,0,0,0
9940,3.0,3.865355339059328,0.865355339059328,88,0.05579500000000004,1,0,0,0
9941,3.0,3.8553553390593276,0.8553553390593279,87,0.05570000000000008,1,0,0,0
9942,3.0,3.8540577739393584,0.8540577739393588,87,0.055605000000000016,1,0,0,0
9943,3.0,3.841213203435597,0.841213203435597,85,0.05551000000000006,1,0,0,0
9944,3.0,3.8553553390593276,0.8553553390593279,87,0.0554150000000001,1,0,0,0
9945,3.0,3.8341421356237313,0.8341421356237315,84,0.055320000000000036,1,0,0,0
9946,3.0,3.858284271247462,0.8582842712474624,87,0.05522499999999997,1,0,0,0
9947,3.0,3.8553553390593276,0.8553553390593279,87,0.05513000000000001,1,0,0,0
9948,3.0,3.8752709773749547,0.8752709773749551,90,0.055035000000000056,1,0,0,0
9949,3.0,3.841213203435597,0.841213203435597,85,0.05493999999999999,1,0,0,0
9950,3.0,3.8341421356237313,0.8341421356237314,84,0.05484500000000003,1,0,0,0
9951,3.0,3.8482842712474623,0.8482842712474624,86,0.054750000000000076,1,0,0,0
9952,3.0,3.851213203435597,0.8512132034355969,86,0.05465500000000001,1,0,0,0
9953,3.0,3.8624264068711933,0.8624264068711935,88,0.05456000000000005,1,0,0,0
9954,3.0,3.862426406871193,0.8624264068711934,88,0.0544650000000001,1,0,0,0
9955,3.0,3.861128841751224,0.8611288417512242,88,0.05437000000000014,1,0,0,0
9956,3.0,3.8200000000000003,0.8200000000000005,82,0.05427499999999996,1,0,0,0
9957,3.0,3.841213203435597,0.8412132034355969,85,0.054180000000000006,1,0,0,0
9958,3.0,3.841213203435597,0.841213203435597,85,0.05408500000000005,1,0,0,0
9959,3.0,3.841213203435597,0.841213203435597,85,0.05398999999999998,1,0,0,0
9960,3.0,3.8553553390593276,0.8553553390593279,87,0.053895000000000026,1,0,0,0
9961,3.0,3.8624264068711933,0.8624264068711935,88,0.05380000000000007,1,0,0,0
9962,3.0,3.8482842712474623,0.8482842712474625,86,0.053705,1,0,0,0
9963,3.0,3.854057773939359,0.8540577739393588,87,0.053610000000000047,1,0,0,0
9964,3.0,3.861128841751224,0.8611288417512242,88,0.05351500000000009,1,0,0,0
9965,3.0,3.8200000000000003,0.8200000000000005,82,0.053420000000000134,1,0,0,0
9966,3.0,3.8624264068711933,0.8624264068711934,88,0.053324999999999956,1,0,0,0
9967,3.0,3.8200000000000003,0.8200000000000005,82,0.05323,1,0,0,0
9968,3.0,3.8482842712474623,0.8482842712474625,86,0.05313500000000004,1,0,0,0
9969,3.0,3.8341421356237313,0.8341421356237315,84,0.053039999999999976,1,0,0,0
9970,3.0,3.858284271247462,0.8582842712474624,87,0.05294500000000002,1,0,0,0
9971,3.0,3.8341421356237313,0.8341421356237315,84,0.052850000000000064,1,0,0,0
9972,3.0,3.851213203435597,0.851213203435597,86,0.05275500000000011,1,0,0,0
9973,3.0,3.876128841751224,0.8761288417512243,90,0.05266000000000004,1,0,0,0
9974,3.0,3.8540577739393584,0.8540577739393588,87,0.052565000000000084,1,0,0,0
9975,3.0,3.8482842712474623,0.8482842712474624,86,0.05247000000000013,1,0,0,0
9976,3.0,3.8482842712474623,0.8482842712474625,86,0.05237499999999995,1,0,0,0
9977,3.0,3.8270710678118656,0.827071067811866,83,0.05227999999999999,1,0,0,0
9978,3.0,3.8482842712474623,0.8482842712474625,86,0.05218500000000004,1,0,0,0
9979,3.0,3.8200000000000003,0.8200000000000005,82,0.05208999999999997,1,0,0,0
9980,3.0,3.8341421356237313,0.8341421356237315,84,0.05199500000000001,1,0,0,0
9981,3.0,3.886568542494924,0.8865685424949243,91,0.05190000000000006,1,0,0,0
9982,3.0,3.8752709773749547,0.8752709773749551,90,0.0518050000000001,1,0,0,0
9983,3.0,3.885270977374955,0.8852709773749552,91,0.051710000000000034,1,0,0,0
9984,3.0,3.8669023444431203,0.8669023444431204,89,0.05161500000000008,1,0,0,0
9985,3.0,3.8694974746830586,0.8694974746830589,89,0.05152000000000012,1,0,0,0
9986,3.0,3.8624264068711933,0.8624264068711935,88,0.05142499999999994,1,0,0,0
9987,3.0,3.8752709773749547,0.8752709773749551,90,0.05132999999999999,1,0,0,0
9988,3.0,3.841213203435597,0.841213203435597,85,0.05123500000000003,1,0,0,0
9989,3.0,3.8553553390593276,0.8553553390593279,87,0.051140000000000074,1,0,0,0
9990,3.0,3.8200000000000003,0.8200000000000005,82,0.05104500000000001,1,0,0,0
9991,3.0,3.8553553390593276,0.8553553390593279,87,0.05095000000000005,1,0,0,0
9992,3.0,3.8765685424949243,0.8765685424949243,90,0.050855000000000095,1,0,0,0
9993,3.0,3.8200000000000003,0.8200000000000005,82,0.05076000000000003,1,0,0,0
9994,3.0,3.8553553390593276,0.855355339059328,87,0.05066500000000007,1,0,0,0
9995,3.0,3.8270710678118656,0.827071067811866,83,0.050570000000000115,1,0,0,0
9996,3.0,3.8200000000000003,0.8200000000000005,82,0.05047499999999994,1,0,0,0
9997,3.0,3.8482842712474623,0.8482842712474625,86,0.05037999999999998,1,0,0,0
9998,3.0,3.8624264068711933,0.8624264068711935,88,0.050285000000000024,1,0,0,0
9999,3.0,3.8553553390593276,0.8553553390593279,87,0.05019000000000007,1,0,0,0
10000,3.0,3.8482842712474623,0.8482842712474624,86,0.050095,1,0,0,0
10001,3.0,3.8441421356237315,0.8441421356237315,85,0.05,1,0,0,0
10002,3.0,3.8482842712474623,0.8482842712474624,86,0.05,1,0,0,0
10003,3.0,3.8341421356237313,0.8341421356237315,84,0.05,1,0,0,0
10004,3.0,3.865355339059328,0.865355339059328,88,0.05,1,0,0,0
10005,3.0,3.8765685424949243,0.8765685424949243,90,0.05,1,0,0,0
10006,3.0,3.8341421356237313,0.8341421356237315,84,0.05,1,0,0,0
10007,3.0,3.8341421356237313,0.8341421356237315,84,0.05,1,0,0,0
10008,3.0,3.905186615690582,0.9051866156905823,94,0.05,1,0,0,0
10009,3.0,3.8341421356237313,0.8341421356237315,84,0.05,1,0,0,0
10010,3.0,3.8894974746830586,0.8894974746830588,91,0.05,1,0,0,0
10011,3.0,3.841213203435597,0.841213203435597,85,0.05,1,0,0,0
10012,3.0,3.8553553390593276,0.8553553390593278,87,0.05,1,0,0,0
10013,3.0,3.882342045186821,0.8823420451868208,91,0.05,1,0,0,0
10014,3.0,3.8482842712474623,0.8482842712474625,86,0.05,1,0,0,0
10015,3.0,3.841213203435597,0.841213203435597,85,0.05,1,0,0,0
10016,3.0,3.8341421356237313,0.8341421356237315,84,0.05,1,0,0,0
10017,3.0,3.8553553390593276,0.8553553390593279,87,0.05,1,0,0,0
10018,3.0,3.8624264068711933,0.8624264068711935,88,0.05,1,0,0,0
10019,3.0,3.8482842712474623,0.8482842712474624,86,0.05,1,0,0,0
10020,3.0,3.8341421356237313,0.8341421356237315,84,0.05,1,0,0,0
10021,3.0,3.837071067811866,0.837071067811866,84,0.05,1,0,0,0
10022,3.0,3.8482842712474623,0.8482842712474623,86,0.05,1,0,0,0
10023,3.0,3.854057773939359,0.8540577739393588,87,0.05,1,0,0,0
10024,3.0,3.890710678118655,0.8907106781186552,92,0.05,1,0,0,0
10025,3.0,3.8412132034355966,0.8412132034355969,85,0.05,1,0,0,0
10026,3.0,3.8482842712474623,0.8482842712474625,86,0.05,1,0,0,0
10027,3.0,3.8669023444431203,0.8669023444431204,89,0.05,1,0,0,0
10028,3.0,3.869497474683059,0.8694974746830589,89,0.05,1,0,0,0
10029,3.0,3.8519867061274926,0.8519867061274932,87,0.05,1,0,0,0
10030,3.0,3.8200000000000003,0.8200000000000005,82,0.05,1,0,0,0
10031,3.0,3.862426406871193,0.8624264068711934,88,0.05,1,0,0,0
10032,3.0,3.8553553390593276,0.8553553390593279,87,0.05,1,0,0,0
10033,3.0,3.8482842712474623,0.8482842712474624,86,0.05,1,0,0,0
10034,3.0,3.8694974746830586,0.8694974746830588,89,0.05,1,0,0,0
10035,3.0,3.8624264068711933,0.8624264068711934,88,0.05,1,0,0,0
10036,3.0,3.8765685424949243,0.8765685424949246,90,0.05,1,0,0,0
10037,3.0,3.8270710678118656,0.827071067811866,83,0.05,1,0,0,0
10038,3.0,3.8412132034355966,0.8412132034355969,85,0.05,1,0,0,0
10039,3.0,3.8412132034355966,0.8412132034355969,85,0.05,1,0,0,0
10040,3.0,3.8270710678118656,0.827071067811866,83,0.05,1,0,0,0
10041,3.0,3.9085552486224167,0.9085552486224171,95,0.05,1,0,0,0
10042,3.0,3.886568542494924,0.8865685424949244,91,0.05,1,0,0,0
10043,3.0,3.8765685424949243,0.8765685424949244,90,0.05,1,0,0,0
10044,3.0,3.858284271247462,0.8582842712474624,87,0.05,1,0,0,0
10045,3.0,3.8341421356237313,0.8341421356237315,84,0.05,1,0,0,0
10046,3.0,3.869497474683059,0.8694974746830589,89,0.05,1,0,0,0
10047,3.0,3.8553553390593276,0.8553553390593279,87,0.05,1,0,0,0
10048,3.0,3.8907106781186553,0.8907106781186555,92,0.05,1,0,0,0
10049,3.0,3.889413112998686,0.8894131129986861,92,0.05,1,0,0,0
10050,3.0,3.8270710678118656,0.827071067811866,83,0.05,1,0,0,0
10051,3.0,3.8624264068711933,0.8624264068711935,88,0.05,1,0,0,0
10052,3.0,3.8482842712474623,0.8482842712474625,86,0.05,1,0,0,0
10053,3.0,3.8270710678118656,0.827071067811866,83,0.05,1,0,0,0
10054,3.0,3.8341421356237313,0.8341421356237315,84,0.05,1,0,0,0
10055,3.0,3.841213203435597,0.841213203435597,85,0.05,1,0,0,0
10056,3.0,3.8765685424949243,0.8765685424949244,90,0.05,1,0,0,0
10057,3.0,3.8469867061274927,0.8469867061274932,86,0.05,1,0,0,0
10058,3.0,3.8624264068711933,0.8624264068711935,88,0.05,1,0,0,0
10059,3.0,3.8341421356237313,0.8341421356237315,84,0.05,1,0,0,0
10060,3.0,3.8200000000000003,0.8200000000000005,82,0.05,1,0,0,0
10061,3.0,3.841213203435597,0.8412132034355969,85,0.05,1,0,0,0
10062,3.0,3.846986706127493,0.8469867061274933,86,0.05,1,0,0,0
10063,3.0,3.841213203435597,0.841213203435597,85,0.05,1,0,0,0
10064,3.0,3.8810444800668513,0.8810444800668513,91,0.05,1,0,0,0
10065,3.0,3.8553553390593276,0.8553553390593279,87,0.05,1,0,0,0
10066,3.0,3.862426406871193,0.8624264068711934,88,0.05,1,0,0,0
10067,3.0,3.8482842712474623,0.8482842712474624,86,0.05,1,0,0,0
10068,3.0,3.904852813742386,0.9048528137423862,94,0.05,1,0,0,0
10069,3.0,3.8341421356237313,0.8341421356237315,84,0.05,1,0,0,0
10070,3.0,3.8624264068711933,0.8624264068711935,88,0.05,1,0,0,0
10071,3.0,3.8341421356237313,0.8341421356237315,84,0.05,1,0,0,0
10072,3.0,3.8341421356237313,0.8341421356237315,84,0.05,1,0,0,0
10073,3.0,3.8836396103067896,0.88363961030679,91,0.05,1,0,0,0
10074,3.0,3.8200000000000003,0.8200000000000005,82,0.05,1,0,0,0
10075,3.0,3.8553553390593276,0.8553553390593279,87,0.05,1,0,0,0
10076,3.0,3.8823420451868205,0.8823420451868207,91,0.05,1,0,0,0
10077,3.0,3.869497474683059,0.869497474683059,89,0.05,1,0,0,0
10078,3.0,3.8482842712474623,0.8482842712474625,86,0.05,1,0,0,0
10079,3.0,3.8836396103067896,0.88363961030679,91,0.05,1,0,0,0
10080,3.0,3.8540577739393584,0.8540577739393587,87,0.05,1,0,0,0
10081,3.0,3.8694974746830586,0.8694974746830589,89,0.05,1,0,0,0
10082,3.0,3.86690234444312,0.8669023444431203,89,0.05,1,0,0,0
10083,3.0,3.862426406871193,0.8624264068711933,88,0.05,1,0,0,0
10084,3.0,3.8624264068711933,0.8624264068711935,88,0.05,1,0,0,0
10085,3.0,3.844142135623731,0.8441421356237314,85,0.05,1,0,0,0
10086,3.0,3.8681999095630895,0.8681999095630898,89,0.05,1,0,0,0
10087,3.0,3.869497474683059,0.8694974746830589,89,0.05,1,0,0,0
10088,3.0,3.8412132034355966,0.8412132034355969,85,0.05,1,0,0,0
10089,3.0,3.8553553390593276,0.8553553390593279,87,0.05,1,0,0,0
10090,3.0,3.8341421356237313,0.8341421356237315,84,0.05,1,0,0,0
10091,3.0,3.8977817459305206,0.8977817459305208,93,0.05,1,0,0,0
10092,3.0,3.8482842712474623,0.8482842712474625,86,0.05,1,0,0,0
10093,3.0,3.861128841751224,0.8611288417512242,88,0.05,1,0,0,0
10094,3.0,3.841213203435597,0.841213203435597,85,0.05,1,0,0,0
10095,3.0,3.872426406871193,0.8724264068711934,89,0.05,1,0,0,0
10096,3.0,3.8270710678118656,0.827071067811866,83,0.05,1,0,0,0
10097,3.0,3.841213203435597,0.841213203435597,85,0.05,1,0,0,0
10098,3.0,3.8341421356237313,0.8341421356237315,84,0.05,1,0,0,0
10099,3.0,3.841213203435597,0.841213203435597,85,0.05,1,0,0,0
10100,3.0,3.8553553390593276,0.855355339059328,87,0.05,1,0,0,0
10101,3.0,3.8341421356237313,0.8341421356237315,84,0.05,1,0,0,0
10102,3.0,3.858284271247462,0.8582842712474624,87,0.05,1,0,0,0
10103,3.0,3.861128841751224,0.8611288417512242,88,0.05,1,0,0,0
10104,3.0,3.872426406871193,0.8724264068711934,89,0.05,1,0,0,0
10105,3.0,3.8553553390593276,0.8553553390593279,87,0.05,1,0,0,0
10106,3.0,3.8553553390593276,0.8553553390593279,87,0.05,1,0,0,0
10107,3.0,3.8653553390593274,0.8653553390593279,88,0.05,1,0,0,0
10108,3.0,3.841213203435597,0.841213203435597,85,0.05,1,0,0,0
10109,3.0,3.8341421356237313,0.8341421356237314,84,0.05,1,0,0,0
10110,3.0,3.8341421356237313,0.8341421356237315,84,0.05,1,0,0,0
10111,3.0,3.841213203435597,0.841213203435597,85,0.05,1,0,0,0
10112,3.0,3.8553553390593276,0.8553553390593279,87,0.05,1,0,0,0
10113,3.0,3.8553553390593276,0.8553553390593278,87,0.05,1,0,0,0
10114,3.0,3.841213203435597,0.841213203435597,85,0.05,1,0,0,0
10115,3.0,3.841213203435597,0.841213203435597,85,0.05,1,0,0,0
10116,3.0,3.858284271247462,0.8582842712474625,87,0.05,1,0,0,0
10117,3.0,3.8611288417512237,0.8611288417512241,88,0.05,1,0,0,0
10118,3.0,3.8341421356237313,0.8341421356237315,84,0.05,1,0,0,0
10119,3.0,3.8553553390593276,0.8553553390593279,87,0.05,1,0,0,0
10120,3.0,3.832844570503762,0.8328445705037623,84,0.05,1,0,0,0
10121,3.0,3.8341421356237313,0.8341421356237315,84,0.05,1,0,0,0
10122,3.0,3.8482842712474623,0.8482842712474624,86,0.05,1,0,0,0
10123,3.0,3.8270710678118656,0.827071067811866,83,0.05,1,0,0,0
10124,3.0,3.8412132034355966,0.8412132034355969,85,0.05,1,0,0,0
10125,3.0,3.8270710678118656,0.827071067811866,83,0.05,1,0,0,0
10126,3.0,3.8270710678118656,0.827071067811866,83,0.05,1,0,0,0
10127,3.0,3.8412132034355966,0.8412132034355969,85,0.05,1,0,0,0
10128,3.0,3.846986706127493,0.8469867061274933,86,0.05,1,0,0,0
10129,3.0,3.846986706127493,0.8469867061274933,86,0.05,1,0,0,0
10130,3.0,3.879497474683059,0.879497474683059,90,0.05,1,0,0,0
10131,3.0,3.8553553390593276,0.8553553390593279,87,0.05,1,0,0,0
10132,3.0,3.8200000000000003,0.8200000000000005,82,0.05,1,0,0,0
10133,3.0,3.858284271247462,0.8582842712474625,87,0.05,1,0,0,0
10134,3.0,3.8341421356237313,0.8341421356237315,84,0.05,1,0,0,0
10135,3.0,3.8694974746830586,0.8694974746830589,89,0.05,1,0,0,0
10136,3.0,3.8482842712474623,0.8482842712474624,86,0.05,1,0,0,0
10137,3.0,3.8200000000000003,0.8200000000000005,82,0.05,1,0,0,0
10138,3.0,3.8270710678118656,0.827071067811866,83,0.05,1,0,0,0
10139,3.0,3.8341421356237313,0.8341421356237315,84,0.05,1,0,0,0
10140,3.0,3.8482842712474623,0.8482842712474624,86,0.05,1,0,0,0
10141,3.0,3.8923420451868203,0.8923420451868205,92,0.05,1,0,0,0
10142,3.0,3.8553553390593276,0.855355339059328,87,0.05,1,0,0,0
10143,3.0,3.8341421356237313,0.8341421356237315,84,0.05,1,0,0,0
10144,3.0,3.8200000000000003,0.8200000000000005,82,0.05,1,0,0,0
10145,3.0,3.841213203435597,0.841213203435597,85,0.05,1,0,0,0
10146,3.0,3.8553553390593276,0.8553553390593279,87,0.05,1,0,0,0
10147,3.0,3.8624264068711933,0.8624264068711934,88,0.05,1,0,0,0
10148,3.0,3.8836396103067896,0.88363961030679,91,0.05,1,0,0,0
10149,3.0,3.8200000000000003,0.8200000000000005,82,0.05,1,0,0,0
10150,3.0,3.87190234444312,0.8719023444431204,90,0.05,1,0,0,0
10151,3.0,3.8270710678118656,0.827071067811866,83,0.05,1,0,0,0
10152,3.0,3.841213203435597,0.841213203435597,85,0.05,1,0,0,0
10153,3.0,3.8823420451868205,0.8823420451868208,91,0.05,1,0,0,0
10154,3.0,3.8624264068711933,0.8624264068711934,88,0.05,1,0,0,0
10155,3.0,3.8341421356237313,0.8341421356237314,84,0.05,1,0,0,0
10156,3.0,3.8964841808105515,0.8964841808105516,93,0.05,1,0,0,0
10157,3.0,3.869497474683059,0.869497474683059,89,0.05,1,0,0,0
10158,3.0,3.8412132034355966,0.8412132034355969,85,0.05,1,0,0,0
10159,3.0,3.8341421356237313,0.8341421356237314,84,0.05,1,0,0,0
10160,3.0,3.8694974746830586,0.8694974746830589,89,0.05,1,0,0,0
10161,3.0,3.8553553390593276,0.8553553390593279,87,0.05,1,0,0,0
10162,3.0,3.841213203435597,0.841213203435597,85,0.05,1,0,0,0
10163,3.0,3.8270710678118656,0.827071067811866,83,0.05,1,0,0,0
10164,3.0,3.869497474683059,0.8694974746830589,89,0.05,1,0,0,0
10165,3.0,3.875604779323151,0.8756047793231513,90,0.05,1,0,0,0
10166,3.0,3.8836396103067896,0.88363961030679,91,0.05,1,0,0,0
10167,3.0,3.8482842712474623,0.8482842712474625,86,0.05,1,0,0,0
10168,3.0,3.8482842712474623,0.8482842712474624,86,0.05,1,0,0,0
10169,3.0,3.8270710678118656,0.827071067811866,83,0.05,1,0,0,0
10170,3.0,3.8399156383156274,0.8399156383156277,85,0.05,1,0,0,0
10171,3.0,3.8270710678118656,0.827071067811866,83,0.05,1,0,0,0
10172,3.0,3.8482842712474623,0.8482842712474625,86,0.05,1,0,0,0
10173,3.0,3.862426406871193,0.8624264068711934,88,0.05,1,0,0,0
10174,3.0,3.8482842712474623,0.8482842712474625,86,0.05,1,0,0,0
10175,3.0,3.8694974746830586,0.8694974746830588,89,0.05,1,0,0,0
10176,3.0,3.8810444800668513,0.8810444800668513,91,0.05,1,0,0,0
10177,3.0,3.8341421356237313,0.8341421356237315,84,0.05,1,0,0,0
10178,3.0,3.862426406871193,0.8624264068711934,88,0.05,1,0,0,0
10179,3.0,3.8653553390593274,0.8653553390593278,88,0.05,1,0,0,0
10180,3.0,3.8540577739393584,0.8540577739393587,87,0.05,1,0,0,0
10181,3.0,3.8482842712474623,0.8482842712474625,86,0.05,1,0,0,0
10182,3.0,3.837071067811866,0.837071067811866,84,0.05,1,0,0,0
10183,3.0,3.8553553390593276,0.855355339059328,87,0.05,1,0,0,0
10184,3.0,3.8482842712474623,0.8482842712474623,86,0.05,1,0,0,0
10185,3.0,3.8977817459305206,0.8977817459305208,93,0.05,1,0,0,0
10186,3.0,3.8694974746830586,0.8694974746830589,89,0.05,1,0,0,0
10187,3.0,3.8270710678118656,0.827071067811866,83,0.05,1,0,0,0
10188,3.0,3.897781745930521,0.897781745930521,93,0.05,1,0,0,0
10189,3.0,3.875270977374955,0.8752709773749553,90,0.05,1,0,0,0
10190,3.0,3.8341421356237313,0.8341421356237315,84,0.05,1,0,0,0
10191,3.0,3.8553553390593276,0.8553553390593279,87,0.05,1,0,0,0
10192,3.0,3.862426406871193,0.8624264068711933,88,0.05,1,0,0,0
10193,3.0,3.914852813742386,0.9148528137423865,95,0.05,1,0,0,0
10194,3.0,3.8200000000000003,0.8200000000000005,82,0.05,1,0,0,0
10195,3.0,3.8270710678118656,0.827071067811866,83,0.05,1,0,0,0
10196,3.0,3.841213203435597,0.841213203435597,85,0.05,1,0,0,0
10197,3.0,3.841213203435597,0.8412132034355969,85,0.05,1,0,0,0
10198,3.0,3.88234204518682,0.8823420451868205,91,0.05,1,0,0,0
10199,3.0,3.8682842712474623,0.8682842712474624,88,0.05,1,0,0,0
10200,3.0,3.8341421356237313,0.8341421356237315,84,0.05,1,0,0,0
10201,3.0,3.8553553390593276,0.8553553390593279,87,0.05,1,0,0,0
10202,3.0,3.8553553390593276,0.855355339059328,87,0.05,1,0,0,0
10203,3.0,3.8200000000000003,0.8200000000000005,82,0.05,1,0,0,0
10204,3.0,3.8200000000000003,0.8200000000000005,82,0.05,1,0,0,0
10205,3.0,3.8341421356237313,0.8341421356237315,84,0.05,1,0,0,0
10206,3.0,3.8553553390593276,0.8553553390593278,87,0.05,1,0,0,0
10207,3.0,3.8341421356237313,0.8341421356237315,84,0.05,1,0,0,0
10208,3.0,3.841213203435597,0.841213203435597,85,0.05,1,0,0,0
10209,3.0,3.854057773939359,0.8540577739393588,87,0.05,1,0,0,0
10210,3.0,3.8553553390593276,0.8553553390593279,87,0.05,1,0,0,0
10211,3.0,3.8482842712474623,0.8482842712474625,86,0.05,1,0,0,0
10212,3.0,3.8200000000000003,0.8200000000000005,82,0.05,1,0,0,0
10213,3.0,3.8341421356237313,0.8341421356237314,84,0.05,1,0,0,0
10214,3.0,3.8681999095630895,0.8681999095630898,89,0.05,1,0,0,0
10215,3.0,3.8694974746830586,0.8694974746830587,89,0.05,1,0,0,0
10216,3.0,3.841213203435597,0.841213203435597,85,0.05,1,0,0,0
10217,3.0,3.8341421356237313,0.8341421356237314,84,0.05,1,0,0,0
10218,3.0,3.905186615690582,0.9051866156905823,95,0.05,1,0,0,0
10219,3.0,3.832844570503762,0.8328445705037623,84,0.05,1,0,0,0
10220,3.0,3.8270710678118656,0.827071067811866,83,0.05,1,0,0,0
10221,3.0,3.8341421356237313,0.8341421356237314,84,0.05,1,0,0,0
10222,3.0,3.841213203435597,0.841213203435597,85,0.05,1,0,0,0
10223,3.0,3.8270710678118656,0.827071067811866,83,0.05,1,0,0,0
10224,3.0,3.8624264068711933,0.8624264068711935,88,0.05,1,0,0,0
10225,3.0,3.8624264068711933,0.8624264068711934,88,0.05,1,0,0,0
10226,3.0,3.841213203435597,0.841213203435597,85,0.05,1,0,0,0
10227,3.0,3.841213203435597,0.841213203435597,85,0.05,1,0,0,0
10228,3.0,3.89778174593052,0.8977817459305207,93,0.05,1,0,0,0
10229,3.0,3.8341421356237313,0.8341421356237315,84,0.05,1,0,0,0
10230,3.0,3.8200000000000003,0.8200000000000005,82,0.05,1,0,0,0
10231,3.0,3.8553553390593276,0.855355339059328,87,0.05,1,0,0,0
10232,3.0,3.8469867061274927,0.8469867061274933,86,0.05,1,0,0,0
10233,3.0,3.8341421356237313,0.8341421356237315,84,0.05,1,0,0,0
10234,3.0,3.8553553390593276,0.855355339059328,87,0.05,1,0,0,0
10235,3.0,3.8482842712474623,0.8482842712474625,86,0.05,1,0,0,0
10236,3.0,3.8341421356237313,0.8341421356237315,84,0.05,1,0,0,0
10237,3.0,3.8553553390593276,0.8553553390593279,87,0.05,1,0,0,0
10238,3.0,3.8482842712474623,0.8482842712474624,86,0.05,1,0,0,0
10239,3.0,3.8341421356237313,0.8341421356237315,84,0.05,1,0,0,0
10240,3.0,3.8441421356237315,0.8441421356237315,85,0.05,1,0,0,0
10241,3.0,3.8681999095630895,0.8681999095630897,89,0.05,1,0,0,0
10242,3.0,3.862426406871193,0.8624264068711933,88,0.05,1,0,0,0
10243,3.0,3.862426406871193,0.8624264068711934,88,0.05,1,0,0,0
10244,3.0,3.8553553390593276,0.8553553390593279,87,0.05,1,0,0,0
10245,3.0,3.8482842712474623,0.8482842712474624,86,0.05,1,0,0,0
10246,3.0,3.8482842712474623,0.8482842712474625,86,0.05,1,0,0,0
10247,3.0,3.8412132034355966,0.8412132034355969,85,0.05,1,0,0,0
10248,3.0,3.8553553390593276,0.855355339059328,87,0.05,1,0,0,0
10249,3.0,3.8482842712474623,0.8482842712474624,86,0.05,1,0,0,0
10250,3.0,3.841213203435597,0.841213203435597,85,0.05,1,0,0,0
10251,3.0,3.8881155478787166,0.8881155478787167,92,0.05,1,0,0,0
10252,3.0,3.841213203435597,0.841213203435597,85,0.05,1,0,0,0
10253,3.0,3.8482842712474623,0.8482842712474625,86,0.05,1,0,0,0
10254,3.0,3.861128841751224,0.8611288417512241,88,0.05,1,0,0,0
10255,3.0,3.844142135623731,0.8441421356237314,85,0.05,1,0,0,0
10256,3.0,3.8482842712474623,0.8482842712474624,86,0.05,1,0,0,0
10257,3.0,3.8553553390593276,0.8553553390593278,87,0.05,1,0,0,0
10258,3.0,3.8412132034355966,0.8412132034355969,85,0.05,1,0,0,0
10259,3.0,3.8781999095630892,0.8781999095630897,90,0.05,1,0,0,0
10260,3.0,3.8412132034355966,0.8412132034355969,85,0.05,1,0,0,0
10261,3.0,3.8399156383156274,0.8399156383156278,85,0.05,1,0,0,0
10262,3.0,3.8553553390593276,0.855355339059328,87,0.05,1,0,0,0
10263,3.0,3.8341421356237313,0.8341421356237315,84,0.05,1,0,0,0
10264,3.0,3.8412132034355966,0.8412132034355969,85,0.05,1,0,0,0
10265,3.0,3.8469867061274927,0.8469867061274933,86,0.05,1,0,0,0
10266,3.0,3.8624264068711933,0.8624264068711935,88,0.05,1,0,0,0
10267,3.0,3.8200000000000003,0.8200000000000005,82,0.05,1,0,0,0
10268,3.0,3.8482842712474623,0.8482842712474625,86,0.05,1,0,0,0
10269,3.0,3.8399156383156274,0.8399156383156278,85,0.05,1,0,0,0
10270,3.0,3.862426406871193,0.8624264068711934,88,0.05,1,0,0,0
10271,3.0,3.8482842712474623,0.8482842712474624,86,0.05,1,0,0,0
10272,3.0,3.8482842712474623,0.8482842712474625,86,0.05,1,0,0,0
10273,3.0,3.8270710678118656,0.827071067811866,83,0.05,1,0,0,0
10274,3.0,3.8624264068711933,0.8624264068711934,88,0.05,1,0,0,0
10275,3.0,3.8823420451868205,0.8823420451868207,91,0.05,1,0,0,0
10276,3.0,3.858284271247462,0.8582842712474624,87,0.05,1,0,0,0
10277,3.0,3.8482842712474623,0.8482842712474625,86,0.05,1,0,0,0
10278,3.0,3.851213203435597,0.851213203435597,86,0.05,1,0,0,0
10279,3.0,3.8836396103067896,0.8836396103067901,91,0.05,1,0,0,0
10280,3.0,3.8669023444431203,0.8669023444431206,89,0.05,1,0,0,0
10281,3.0,3.8669023444431203,0.8669023444431205,89,0.05,1,0,0,0
10282,3.0,3.8765685424949243,0.8765685424949242,90,0.05,1,0,0,0
10283,3.0,3.841213203435597,0.841213203435597,85,0.05,1,0,0,0
10284,3.0,3.8482842712474623,0.8482842712474625,86,0.05,1,0,0,0
10285,3.0,3.8270710678118656,0.827071067811866,83,0.05,1,0,0,0
10286,3.0,3.8482842712474623,0.8482842712474624,86,0.05,1,0,0,0
10287,3.0,3.8482842712474623,0.8482842712474624,86,0.05,1,0,0,0
10288,3.0,3.862426406871193,0.8624264068711933,88,0.05,1,0,0,0
10289,3.0,3.8341421356237313,0.8341421356237315,84,0.05,1,0,0,0
10290,3.0,3.8482842712474623,0.8482842712474625,86,0.05,1,0,0,0
10291,3.0,3.862426406871193,0.8624264068711933,88,0.05,1,0,0,0
10292,3.0,3.8669023444431208,0.8669023444431205,89,0.05,1,0,0,0
10293,3.0,3.861128841751224,0.8611288417512242,88,0.05,1,0,0,0
10294,3.0,3.8270710678118656,0.827071067811866,83,0.05,1,0,0,0
10295,3.0,3.8724264068711935,0.8724264068711934,89,0.05,1,0,0,0
10296,3.0,3.8624264068711933,0.8624264068711935,88,0.05,1,0,0,0
10297,3.0,3.8553553390593276,0.8553553390593279,87,0.05,1,0,0,0
10298,3.0,3.8624264068711933,0.8624264068711934,88,0.05,1,0,0,0
10299,3.0,3.8765685424949243,0.8765685424949244,90,0.05,1,0,0,0
10300,3.0,3.841213203435597,0.841213203435597,85,0.05,1,0,0,0
10301,3.0,3.8553553390593276,0.855355339059328,87,0.05,1,0,0,0
10302,3.0,3.841213203435597,0.841213203435597,85,0.05,1,0,0,0
10303,3.0,3.8412132034355966,0.8412132034355969,85,0.05,1,0,0,0
10304,3.0,3.8412132034355966,0.8412132034355969,85,0.05,1,0,0,0
10305,3.0,3.854057773939359,0.8540577739393587,87,0.05,1,0,0,0
10306,3.0,3.841213203435597,0.841213203435597,85,0.05,1,0,0,0
10307,3.0,3.8482842712474623,0.8482842712474624,86,0.05,1,0,0,0
10308,3.0,3.8482842712474623,0.8482842712474624,86,0.05,1,0,0,0
10309,3.0,3.8482842712474623,0.8482842712474625,86,0.05,1,0,0,0
10310,3.0,3.865355339059328,0.865355339059328,88,0.05,1,0,0,0
10311,3.0,3.8200000000000003,0.8200000000000005,82,0.05,1,0,0,0
10312,3.0,3.862426406871193,0.8624264068711933,88,0.05,1,0,0,0
10313,3.0,3.8341421356237313,0.8341421356237315,84,0.05,1,0,0,0
10314,3.0,3.841213203435597,0.841213203435597,85,0.05,1,0,0,0
10315,3.0,3.8624264068711933,0.8624264068711934,88,0.05,1,0,0,0
10316,3.0,3.8765685424949243,0.8765685424949244,90,0.05,1,0,0,0
10317,3.0,3.8270710678118656,0.827071067811866,83,0.05,1,0,0,0
10318,3.0,3.8412132034355966,0.8412132034355969,85,0.05,1,0,0,0
10319,3.0,3.8823420451868205,0.8823420451868206,91,0.05,1,0,0,0
10320,3.0,3.882342045186821,0.8823420451868208,91,0.05,1,0,0,0
10321,3.0,3.8553553390593276,0.8553553390593279,87,0.05,1,0,0,0
10322,3.0,3.8341421356237313,0.8341421356237315,84,0.05,1,0,0,0
10323,3.0,3.8270710678118656,0.827071067811866,83,0.05,1,0,0,0
10324,3.0,3.854057773939359,0.8540577739393588,87,0.05,1,0,0,0
10325,3.0,3.8624264068711933,0.8624264068711934,88,0.05,1,0,0,0
10326,3.0,3.841213203435597,0.841213203435597,85,0.05,1,0,0,0
10327,3.0,3.841213203435597,0.841213203435597,85,0.05,1,0,0,0
10328,3.0,3.862426406871193,0.8624264068711934,88,0.05,1,0,0,0
10329,3.0,3.862426406871193,0.8624264068711933,88,0.05,1,0,0,0
10330,3.0,3.8482842712474623,0.8482842712474625,86,0.05,1,0,0,0
10331,3.0,3.8540577739393584,0.8540577739393588,87,0.05,1,0,0,0
10332,3.0,3.8553553390593276,0.8553553390593278,87,0.05,1,0,0,0
10333,3.0,3.841213203435597,0.841213203435597,85,0.05,1,0,0,0
10334,3.0,3.8200000000000003,0.8200000000000005,82,0.05,1,0,0,0
10335,3.0,3.9007106781186556,0.9007106781186555,93,0.05,1,0,0,0
10336,3.0,3.8341421356237313,0.8341421356237314,84,0.05,1,0,0,0
10337,3.0,3.8482842712474623,0.8482842712474625,86,0.05,1,0,0,0
10338,3.0,3.854057773939359,0.8540577739393588,87,0.05,1,0,0,0
10339,3.0,3.8341421356237313,0.8341421356237315,84,0.05,1,0,0,0
10340,3.0,3.841213203435597,0.841213203435597,85,0.05,1,0,0,0
10341,3.0,3.8441421356237315,0.8441421356237315,85,0.05,1,0,0,0
10342,3.0,3.8669023444431208,0.8669023444431205,89,0.05,1,0,0,0
10343,3.0,3.8341421356237313,0.8341421356237315,84,0.05,1,0,0,0
10344,3.0,3.8200000000000003,0.8200000000000005,82,0.05,1,0,0,0
10345,3.0,3.9048528137423864,0.9048528137423864,94,0.05,1,0,0,0
10346,3.0,3.8951866156905823,0.8951866156905824,93,0.05,1,0,0,0
10347,3.0,3.841213203435597,0.841213203435597,85,0.05,1,0,0,0
10348,3.0,3.8341421356237313,0.8341421356237315,84,0.05,1,0,0,0
10349,3.0,3.8482842712474623,0.8482842712474624,86,0.05,1,0,0,0
10350,3.0,3.8752709773749547,0.8752709773749552,90,0.05,1,0,0,0
10351,3.0,3.869497474683059,0.869497474683059,89,0.05,1,0,0,0
10352,3.0,3.9022576835024476,0.902257683502448,94,0.05,1,0,0,0
10353,3.0,3.8482842712474623,0.8482842712474624,86,0.05,1,0,0,0
10354,3.0,3.8894131129986858,0.8894131129986861,92,0.05,1,0,0,0
10355,3.0,3.8836396103067896,0.88363961030679,91,0.05,1,0,0,0
10356,3.0,3.8270710678118656,0.827071067811866,83,0.05,1,0,0,0
10357,3.0,3.8553553390593276,0.8553553390593279,87,0.05,1,0,0,0
10358,3.0,3.8482842712474623,0.8482842712474625,86,0.05,1,0,0,0
10359,3.0,3.8412132034355966,0.8412132034355969,85,0.05,1,0,0,0
10360,3.0,3.9048528137423864,0.9048528137423865,94,0.05,1,0,0,0
10361,3.0,3.8200000000000003,0.8200000000000005,82,0.05,1,0,0,0
10362,3.0,3.8482842712474623,0.8482842712474624,86,0.05,1,0,0,0
10363,3.0,3.8553553390593276,0.8553553390593279,87,0.05,1,0,0,0
10364,3.0,3.8341421356237313,0.8341421356237315,84,0.05,1,0,0,0
10365,3.0,3.880270977374955,0.8802709773749552,91,0.05,1,0,0,0
10366,3.0,3.841213203435597,0.841213203435597,85,0.05,1,0,0,0
10367,3.0,3.8200000000000003,0.8200000000000005,82,0.05,1,0,0,0
10368,3.0,3.841213203435597,0.841213203435597,85,0.05,1,0,0,0
10369,3.0,3.8341421356237313,0.8341421356237315,84,0.05,1,0,0,0
10370,3.0,3.8553553390593276,0.8553553390593279,87,0.05,1,0,0,0
10371,3.0,3.8823420451868205,0.8823420451868206,91,0.05,1,0,0,0
10372,3.0,3.8681999095630895,0.8681999095630898,89,0.05,1,0,0,0
10373,3.0,3.8341421356237313,0.8341421356237315,84,0.05,1,0,0,0
10374,3.0,3.8553553390593276,0.8553553390593278,87,0.05,1,0,0,0
10375,3.0,3.8681999095630895,0.8681999095630897,89,0.05,1,0,0,0
10376,3.0,3.8553553390593276,0.8553553390593279,87,0.05,1,0,0,0
10377,3.0,3.8553553390593276,0.8553553390593279,87,0.05,1,0,0,0
10378,3.0,3.8624264068711933,0.8624264068711934,88,0.05,1,0,0,0
10379,3.0,3.8341421356237313,0.8341421356237315,84,0.05,1,0,0,0
10380,3.0,3.880270977374955,0.8802709773749552,91,0.05,1,0,0,0
10381,3.0,3.858284271247462,0.8582842712474624,87,0.05,1,0,0,0
10382,3.0,3.917697384246148,0.9176973842461482,96,0.05,1,0,0,0
10383,3.0,3.8270710678118656,0.827071067811866,83,0.05,1,0,0,0
10384,3.0,3.8270710678118656,0.827071067811866,83,0.05,1,0,0,0
10385,3.0,3.8270710678118656,0.827071067811866,83,0.05,1,0,0,0
10386,3.0,3.869497474683059,0.8694974746830589,89,0.05,1,0,0,0
10387,3.0,3.854057773939359,0.8540577739393588,87,0.05,1,0,0,0
10388,3.0,3.8412132034355966,0.8412132034355969,85,0.05,1,0,0,0
10389,3.0,3.8836396103067896,0.8836396103067898,91,0.05,1,0,0,0
10390,3.0,3.841213203435597,0.841213203435597,85,0.05,1,0,0,0
10391,3.0,3.8540577739393584,0.8540577739393588,87,0.05,1,0,0,0
10392,3.0,3.8482842712474623,0.8482842712474624,86,0.05,1,0,0,0
10393,3.0,3.8923420451868207,0.8923420451868207,92,0.05,1,0,0,0
10394,3.0,3.8482842712474623,0.8482842712474624,86,0.05,1,0,0,0
10395,3.0,3.841213203435597,0.841213203435597,85,0.05,1,0,0,0
10396,3.0,3.8482842712474623,0.8482842712474624,86,0.05,1,0,0,0
10397,3.0,3.846986706127493,0.8469867061274933,86,0.05,1,0,0,0
10398,3.0,3.861128841751224,0.8611288417512242,88,0.05,1,0,0,0
10399,3.0,3.8270710678118656,0.827071067811866,83,0.05,1,0,0,0
10400,3.0,3.8681999095630895,0.8681999095630898,89,0.05,1,0,0,0
10401,3.0,3.8341421356237313,0.8341421356237314,84,0.05,1,0,0,0
10402,3.0,3.8752709773749547,0.8752709773749552,90,0.05,1,0,0,0
10403,3.0,3.869497474683059,0.869497474683059,89,0.05,1,0,0,0
10404,3.0,3.8482842712474623,0.8482842712474624,86,0.05,1,0,0,0
10405,3.0,3.8553553390593276,0.855355339059328,87,0.05,1,0,0,0
10406,3.0,3.861128841751224,0.8611288417512243,88,0.05,1,0,0,0
10407,3.0,3.841213203435597,0.841213203435597,85,0.05,1,0,0,0
10408,3.0,3.8482842712474623,0.8482842712474624,86,0.05,1,0,0,0
10409,3.0,3.8553553390593276,0.8553553390593279,87,0.05,1,0,0,0
10410,3.0,3.8553553390593276,0.8553553390593279,87,0.05,1,0,0,0
10411,3.0,3.8482842712474623,0.8482842712474624,86,0.05,1,0,0,0
10412,3.0,3.8624264068711933,0.8624264068711935,88,0.05,1,0,0,0
10413,3.0,3.861128841751224,0.8611288417512242,88,0.05,1,0,0,0
10414,3.0,3.8341421356237313,0.8341421356237315,84,0.05,1,0,0,0
10415,3.0,3.8482842712474623,0.8482842712474624,86,0.05,1,0,0,0
10416,3.0,3.869497474683059,0.869497474683059,89,0.05,1,0,0,0
10417,3.0,3.8681999095630895,0.8681999095630896,89,0.05,1,0,0,0
10418,3.0,3.8553553390593276,0.855355339059328,87,0.05,1,0,0,0
10419,3.0,3.8412132034355966,0.8412132034355969,85,0.05,1,0,0,0
10420,3.0,3.851213203435597,0.851213203435597,86,0.05,1,0,0,0
10421,3.0,3.854057773939359,0.8540577739393588,87,0.05,1,0,0,0
10422,3.0,3.8540577739393584,0.8540577739393587,87,0.05,1,0,0,0
10423,3.0,3.8200000000000003,0.8200000000000005,82,0.05,1,0,0,0
10424,3.0,3.8823420451868205,0.8823420451868207,91,0.05,1,0,0,0
10425,3.0,3.8482842712474623,0.8482842712474625,86,0.05,1,0,0,0
10426,3.0,3.8270710678118656,0.827071067811866,83,0.05,1,0,0,0
10427,3.0,3.8482842712474623,0.8482842712474625,86,0.05,1,0,0,0
10428,3.0,3.8964841808105515,0.8964841808105516,93,0.05,1,0,0,0
10429,3.0,3.861128841751224,0.8611288417512243,88,0.05,1,0,0,0
10430,3.0,3.8482842712474623,0.8482842712474625,86,0.05,1,0,0,0
10431,3.0,3.841213203435597,0.8412132034355969,85,0.05,1,0,0,0
10432,3.0,3.8824264068711933,0.8824264068711934,90,0.05,1,0,0,0
10433,3.0,3.841213203435597,0.841213203435597,85,0.05,1,0,0,0
10434,3.0,3.859057773939359,0.8590577739393588,88,0.05,1,0,0,0
10435,3.0,3.8694974746830586,0.8694974746830588,89,0.05,1,0,0,0
10436,3.0,3.8482842712474623,0.8482842712474625,86,0.05,1,0,0,0
10437,3.0,3.832844570503762,0.8328445705037623,84,0.05,1,0,0,0
10438,3.0,3.8412132034355966,0.8412132034355969,85,0.05,1,0,0,0
10439,3.0,3.8200000000000003,0.8200000000000005,82,0.05,1,0,0,0
10440,3.0,3.8553553390593276,0.855355339059328,87,0.05,1,0,0,0
10441,3.0,3.851213203435597,0.851213203435597,86,0.05,1,0,0,0
10442,3.0,3.869497474683059,0.8694974746830589,89,0.05,1,0,0,0
10443,3.0,3.8341421356237313,0.8341421356237315,84,0.05,1,0,0,0
10444,3.0,3.841213203435597,0.841213203435597,85,0.05,1,0,0,0
10445,3.0,3.8270710678118656,0.827071067811866,83,0.05,1,0,0,0
10446,3.0,3.8553553390593276,0.855355339059328,87,0.05,1,0,0,0
10447,3.0,3.8694974746830586,0.8694974746830588,89,0.05,1,0,0,0
10448,3.0,3.8553553390593276,0.8553553390593278,87,0.05,1,0,0,0
10449,3.0,3.886568542494924,0.8865685424949244,91,0.05,1,0,0,0
10450,3.0,3.845689141007524,0.845689141007524,86,0.05,1,0,0,0
10451,3.0,3.841213203435597,0.841213203435597,85,0.05,1,0,0,0
10452,3.0,3.8482842712474623,0.8482842712474624,86,0.05,1,0,0,0
10453,3.0,3.8553553390593276,0.8553553390593279,87,0.05,1,0,0,0
10454,3.0,3.8341421356237313,0.8341421356237315,84,0.05,1,0,0,0
10455,3.0,3.8836396103067896,0.88363961030679,91,0.05,1,0,0,0
10456,3.0,3.8765685424949243,0.8765685424949244,90,0.05,1,0,0,0
10457,3.0,3.8270710678118656,0.827071067811866,83,0.05,1,0,0,0
10458,3.0,3.869497474683059,0.869497474683059,89,0.05,1,0,0,0
10459,3.0,3.8694974746830586,0.8694974746830588,89,0.05,1,0,0,0
10460,3.0,3.8765685424949243,0.8765685424949243,90,0.05,1,0,0,0
10461,3.0,3.862426406871193,0.8624264068711934,88,0.05,1,0,0,0
10462,3.0,3.8412132034355966,0.8412132034355969,85,0.05,1,0,0,0
10463,3.0,3.841213203435597,0.841213203435597,85,0.05,1,0,0,0
10464,3.0,3.8694974746830586,0.8694974746830589,89,0.05,1,0,0,0
10465,3.0,3.8931155478787165,0.8931155478787167,93,0.05,1,0,0,0
10466,3.0,3.886568542494924,0.8865685424949244,91,0.05,1,0,0,0
10467,3.0,3.8341421356237313,0.8341421356237315,84,0.05,1,0,0,0
10468,3.0,3.8988852489536856,0.8988852489536858,94,0.05,1,0,0,0
10469,3.0,3.841213203435597,0.841213203435597,85,0.05,1,0,0,0
10470,3.0,3.8482842712474623,0.8482842712474624,86,0.05,1,0,0,0
10471,3.0,3.8823420451868205,0.8823420451868207,91,0.05,1,0,0,0
10472,3.0,3.8823420451868205,0.8823420451868207,91,0.05,1,0,0,0
10473,3.0,3.8341421356237313,0.8341421356237315,84,0.05,1,0,0,0
10474,3.0,3.8482842712474623,0.8482842712474624,86,0.05,1,0,0,0
10475,3.0,3.9225033221493435,0.9225033221493439,98,0.05,1,0,0,0
10476,3.0,3.8441421356237315,0.8441421356237315,85,0.05,1,0,0,0
10477,3.0,3.8482842712474623,0.8482842712474625,86,0.05,1,0,0,0
10478,3.0,3.8739734122549856,0.8739734122549859,90,0.05,1,0,0,0
10479,3.0,3.865355339059328,0.865355339059328,88,0.05,1,0,0,0
10480,3.0,3.8624264068711933,0.8624264068711934,88,0.05,1,0,0,0
10481,3.0,3.8482842712474623,0.8482842712474625,86,0.05,1,0,0,0
10482,3.0,3.861128841751224,0.8611288417512243,88,0.05,1,0,0,0
10483,3.0,3.8553553390593276,0.855355339059328,87,0.05,1,0,0,0
10484,3.0,3.8341421356237313,0.8341421356237315,84,0.05,1,0,0,0
10485,3.0,3.8836396103067896,0.8836396103067898,91,0.05,1,0,0,0
10486,3.0,3.8341421356237313,0.8341421356237315,84,0.05,1,0,0,0
10487,3.0,3.851213203435597,0.8512132034355969,86,0.05,1,0,0,0
10488,3.0,3.8724264068711935,0.8724264068711935,89,0.05,1,0,0,0
10489,3.0,3.841213203435597,0.841213203435597,85,0.05,1,0,0,0
10490,3.0,3.8765685424949243,0.8765685424949243,90,0.05,1,0,0,0
10491,3.0,3.8200000000000003,0.8200000000000005,82,0.05,1,0,0,0
10492,3.0,3.8553553390593276,0.8553553390593279,87,0.05,1,0,0,0
10493,3.0,3.8270710678118656,0.827071067811866,83,0.05,1,0,0,0
10494,3.0,3.8482842712474623,0.8482842712474625,86,0.05,1,0,0,0
10495,3.0,3.8270710678118656,0.827071067811866,83,0.05,1,0,0,0
10496,3.0,3.8681999095630895,0.8681999095630897,89,0.05,1,0,0,0
10497,3.0,3.8553553390593276,0.8553553390593279,87,0.05,1,0,0,0
10498,3.0,3.8270710678118656,0.827071067811866,83,0.05,1,0,0,0
10499,3.0,3.8681999095630895,0.8681999095630897,89,0.05,1,0,0,0
10500,3.0,3.858284271247462,0.8582842712474625,87,0.05,1,0,0,0
10501,3.0,3.862426406871193,0.8624264068711934,88,0.05,1,0,0,0
10502,3.0,3.8200000000000003,0.8200000000000005,82,0.05,1,0,0,0
10503,3.0,3.8624264068711933,0.8624264068711934,88,0.05,1,0,0,0
10504,3.0,3.8412132034355966,0.8412132034355969,85,0.05,1,0,0,0
10505,3.0,3.8823420451868205,0.8823420451868206,91,0.05,1,0,0,0
10506,3.0,3.8765685424949243,0.8765685424949243,90,0.05,1,0,0,0
10507,3.0,3.8553553390593276,0.8553553390593279,87,0.05,1,0,0,0
10508,3.0,3.8341421356237313,0.8341421356237315,84,0.05,1,0,0,0
10509,3.0,3.8341421356237313,0.8341421356237315,84,0.05,1,0,0,0
10510,3.0,3.8482842712474623,0.8482842712474625,86,0.05,1,0,0,0
10511,3.0,3.8624264068711933,0.8624264068711935,88,0.05,1,0,0,0
10512,3.0,3.8553553390593276,0.8553553390593279,87,0.05,1,0,0,0
10513,3.0,3.841213203435597,0.841213203435597,85,0.05,1,0,0,0
10514,3.0,3.923470886938044,0.9234708869380442,97,0.05,1,0,0,0
10515,3.0,3.861128841751224,0.8611288417512242,88,0.05,1,0,0,0
10516,3.0,3.8341421356237313,0.8341421356237315,84,0.05,1,0,0,0
10517,3.0,3.8270710678118656,0.827071067811866,83,0.05,1,0,0,0
10518,3.0,3.8765685424949243,0.8765685424949244,90,0.05,1,0,0,0
10519,3.0,3.8200000000000003,0.8200000000000005,82,0.05,1,0,0,0
10520,3.0,3.8653553390593274,0.8653553390593278,88,0.05,1,0,0,0
10521,3.0,3.841213203435597,0.841213203435597,85,0.05,1,0,0,0
10522,3.0,3.8341421356237313,0.8341421356237315,84,0.05,1,0,0,0
10523,3.0,3.886568542494924,0.8865685424949244,91,0.05,1,0,0,0
10524,3.0,3.8482842712474623,0.8482842712474625,86,0.05,1,0,0,0
10525,3.0,3.889413112998686,0.8894131129986862,92,0.05,1,0,0,0
10526,3.0,3.841213203435597,0.841213203435597,85,0.05,1,0,0,0
10527,3.0,3.8624264068711933,0.8624264068711935,88,0.05,1,0,0,0
10528,3.0,3.8694974746830586,0.8694974746830588,89,0.05,1,0,0,0
10529,3.0,3.8270710678118656,0.827071067811866,83,0.05,1,0,0,0
10530,3.0,3.8936396103067894,0.8936396103067897,92,0.05,1,0,0,0
10531,3.0,3.8624264068711933,0.8624264068711935,88,0.05,1,0,0,0
10532,3.0,3.8270710678118656,0.827071067811866,83,0.05,1,0,0,0
10533,3.0,3.841213203435597,0.841213203435597,85,0.05,1,0,0,0
10534,3.0,3.841213203435597,0.841213203435597,85,0.05,1,0,0,0
10535,3.0,3.862426406871193,0.8624264068711933,88,0.05,1,0,0,0
10536,3.0,3.8482842712474623,0.8482842712474624,86,0.05,1,0,0,0
10537,3.0,3.865355339059328,0.865355339059328,88,0.05,1,0,0,0
10538,3.0,3.8681999095630895,0.8681999095630898,89,0.05,1,0,0,0
10539,3.0,3.8482842712474623,0.8482842712474625,86,0.05,1,0,0,0
10540,3.0,3.861128841751224,0.8611288417512242,88,0.05,1,0,0,0
10541,3.0,3.841213203435597,0.841213203435597,85,0.05,1,0,0,0
10542,3.0,3.8553553390593276,0.855355339059328,87,0.05,1,0,0,0
10543,3.0,3.8836396103067896,0.8836396103067898,91,0.05,1,0,0,0
10544,3.0,3.858284271247462,0.8582842712474623,87,0.05,1,0,0,0
10545,3.0,3.8341421356237313,0.8341421356237315,84,0.05,1,0,0,0
10546,3.0,3.8836396103067896,0.88363961030679,91,0.05,1,0,0,0
10547,3.0,3.837071067811866,0.837071067811866,84,0.05,1,0,0,0
10548,3.0,3.8482842712474623,0.8482842712474625,86,0.05,1,0,0,0
10549,3.0,3.8200000000000003,0.8200000000000005,82,0.05,1,0,0,0
10550,3.0,3.841213203435597,0.841213203435597,85,0.05,1,0,0,0
10551,3.0,3.8527602088193893,0.8527602088193894,87,0.05,1,0,0,0
10552,3.0,3.8540577739393584,0.8540577739393586,87,0.05,1,0,0,0
10553,3.0,3.8731999095630893,0.8731999095630897,90,0.05,1,0,0,0
10554,3.0,3.8341421356237313,0.8341421356237315,84,0.05,1,0,0,0
10555,3.0,3.841213203435597,0.841213203435597,85,0.05,1,0,0,0
10556,3.0,3.8553553390593276,0.8553553390593279,87,0.05,1,0,0,0
10557,3.0,3.8441421356237315,0.8441421356237315,85,0.05,1,0,0,0
10558,3.0,3.8624264068711933,0.8624264068711935,88,0.05,1,0,0,0
10559,3.0,3.8482842712474623,0.8482842712474624,86,0.05,1,0,0,0
10560,3.0,3.8482842712474623,0.8482842712474625,86,0.05,1,0,0,0
10561,3.0,3.8482842712474623,0.8482842712474625,86,0.05,1,0,0,0
10562,3.0,3.8540577739393584,0.8540577739393587,87,0.05,1,0,0,0
10563,3.0,3.8810444800668513,0.8810444800668514,91,0.05,1,0,0,0
10564,3.0,3.9163998191261786,0.9163998191261788,96,0.05,1,0,0,0
10565,3.0,3.8553553390593276,0.8553553390593279,87,0.05,1,0,0,0
10566,3.0,3.8482842712474623,0.8482842712474624,86,0.05,1,0,0,0
10567,3.0,3.861128841751224,0.8611288417512242,88,0.05,1,0,0,0
10568,3.0,3.900710678118655,0.9007106781186554,93,0.05,1,0,0,0
10569,3.0,3.8270710678118656,0.827071067811866,83,0.05,1,0,0,0
10570,3.0,3.854057773939359,0.8540577739393588,87,0.05,1,0,0,0
10571,3.0,3.8482842712474623,0.8482842712474624,86,0.05,1,0,0,0
10572,3.0,3.865355339059328,0.865355339059328,88,0.05,1,0,0,0
10573,3.0,3.8553553390593276,0.8553553390593279,87,0.05,1,0,0,0
10574,3.0,3.8810444800668513,0.8810444800668514,91,0.05,1,0,0,0
10575,3.0,3.8681999095630895,0.8681999095630897,89,0.05,1,0,0,0
10576,3.0,3.846986706127493,0.8469867061274933,86,0.05,1,0,0,0
10577,3.0,3.8412132034355966,0.8412132034355969,85,0.05,1,0,0,0
10578,3.0,3.8669023444431203,0.8669023444431205,89,0.05,1,0,0,0
10579,3.0,3.872426406871193,0.8724264068711933,89,0.05,1,0,0,0
10580,3.0,3.8200000000000003,0.8200000000000005,82,0.05,1,0,0,0
10581,3.0,3.8553553390593276,0.8553553390593279,87,0.05,1,0,0,0
10582,3.0,3.8624264068711933,0.8624264068711934,88,0.05,1,0,0,0
10583,3.0,3.8553553390593276,0.8553553390593279,87,0.05,1,0,0,0
10584,3.0,3.858284271247462,0.8582842712474625,87,0.05,1,0,0,0
10585,3.0,3.854057773939359,0.8540577739393588,87,0.05,1,0,0,0
10586,3.0,3.8553553390593276,0.8553553390593279,87,0.05,1,0,0,0
10587,3.0,3.8752709773749547,0.8752709773749551,90,0.05,1,0,0,0
10588,3.0,3.8482842712474623,0.8482842712474625,86,0.05,1,0,0,0
10589,3.0,3.8200000000000003,0.8200000000000005,82,0.05,1,0,0,0
10590,3.0,3.8270710678118656,0.827071067811866,83,0.05,1,0,0,0
10591,3.0,3.841213203435597,0.841213203435597,85,0.05,1,0,0,0
10592,3.0,3.8694974746830586,0.8694974746830588,89,0.05,1,0,0,0
10593,3.0,3.8681999095630895,0.8681999095630897,89,0.05,1,0,0,0
10594,3.0,3.8482842712474623,0.8482842712474625,86,0.05,1,0,0,0
10595,3.0,3.8482842712474623,0.8482842712474625,86,0.05,1,0,0,0
10596,3.0,3.8752709773749547,0.8752709773749551,90,0.05,1,0,0,0
10597,3.0,3.8341421356237313,0.8341421356237315,84,0.05,1,0,0,0
10598,3.0,3.8553553390593276,0.8553553390593279,87,0.05,1,0,0,0
10599,3.0,3.8553553390593276,0.855355339059328,87,0.05,1,0,0,0
10600,3.0,3.8270710678118656,0.827071067811866,83,0.05,1,0,0,0
10601,3.0,3.8469867061274927,0.8469867061274932,86,0.05,1,0,0,0
10602,3.0,3.8694974746830586,0.8694974746830588,89,0.05,1,0,0,0
10603,3.0,3.846986706127493,0.8469867061274933,86,0.05,1,0,0,0
10604,3.0,3.841213203435597,0.841213203435597,85,0.05,1,0,0,0
10605,3.0,3.8270710678118656,0.827071067811866,83,0.05,1,0,0,0
10606,3.0,3.886568542494924,0.8865685424949246,91,0.05,1,0,0,0
10607,3.0,3.8765685424949243,0.8765685424949244,90,0.05,1,0,0,0
10608,3.0,3.8765685424949243,0.8765685424949243,90,0.05,1,0,0,0
10609,3.0,3.8341421356237313,0.8341421356237315,84,0.05,1,0,0,0
10610,3.0,3.8669023444431203,0.8669023444431204,89,0.05,1,0,0,0
10611,3.0,3.8553553390593276,0.8553553390593279,87,0.05,1,0,0,0
10612,3.0,3.841213203435597,0.841213203435597,85,0.05,1,0,0,0
10613,3.0,3.890710678118655,0.8907106781186552,92,0.05,1,0,0,0
10614,3.0,3.8270710678118656,0.827071067811866,83,0.05,1,0,0,0
10615,3.0,3.862426406871193,0.8624264068711933,88,0.05,1,0,0,0
10616,3.0,3.8341421356237313,0.8341421356237315,84,0.05,1,0,0,0
10617,3.0,3.8681999095630895,0.8681999095630897,89,0.05,1,0,0,0
10618,3.0,3.8781999095630892,0.8781999095630896,90,0.05,1,0,0,0
10619,3.0,3.8200000000000003,0.8200000000000005,82,0.05,1,0,0,0
10620,3.0,3.8752709773749547,0.8752709773749551,90,0.05,1,0,0,0
10621,3.0,3.8482842712474623,0.8482842712474624,86,0.05,1,0,0,0
10622,3.0,3.8624264068711933,0.8624264068711935,88,0.05,1,0,0,0
10623,3.0,3.8681999095630895,0.8681999095630898,89,0.05,1,0,0,0
10624,3.0,3.8200000000000003,0.8200000000000005,82,0.05,1,0,0,0
10625,3.0,3.8341421356237313,0.8341421356237315,84,0.05,1,0,0,0
10626,3.0,3.8694974746830586,0.8694974746830588,89,0.05,1,0,0,0
10627,3.0,3.8553553390593276,0.855355339059328,87,0.05,1,0,0,0
10628,3.0,3.8341421356237313,0.8341421356237314,84,0.05,1,0,0,0
10629,3.0,3.869497474683059,0.8694974746830589,89,0.05,1,0,0,0
10630,3.0,3.841213203435597,0.841213203435597,85,0.05,1,0,0,0
10631,3.0,3.8270710678118656,0.827071067811866,83,0.05,1,0,0,0
10632,3.0,3.858284271247462,0.8582842712474625,87,0.05,1,0,0,0
10633,3.0,3.844142135623731,0.8441421356237314,85,0.05,1,0,0,0
10634,3.0,3.8765685424949243,0.8765685424949244,90,0.05,1,0,0,0
10635,3.0,3.8482842712474623,0.8482842712474624,86,0.05,1,0,0,0
10636,3.0,3.8412132034355966,0.8412132034355969,85,0.05,1,0,0,0
10637,3.0,3.858284271247462,0.8582842712474624,87,0.05,1,0,0,0
10638,3.0,3.861128841751224,0.8611288417512242,88,0.05,1,0,0,0
10639,3.0,3.8694974746830586,0.8694974746830588,89,0.05,1,0,0,0
10640,3.0,3.8553553390593276,0.8553553390593279,87,0.05,1,0,0,0
10641,3.0,3.8836396103067896,0.8836396103067897,91,0.05,1,0,0,0
10642,3.0,3.8482842712474623,0.8482842712474624,86,0.05,1,0,0,0
10643,3.0,3.8482842712474623,0.8482842712474624,86,0.05,1,0,0,0
10644,3.0,3.8553553390593276,0.855355339059328,87,0.05,1,0,0,0
10645,3.0,3.8482842712474623,0.8482842712474624,86,0.05,1,0,0,0
10646,3.0,3.8553553390593276,0.8553553390593279,87,0.05,1,0,0,0
10647,3.0,3.8341421356237313,0.8341421356237315,84,0.05,1,0,0,0
10648,3.0,3.8270710678118656,0.827071067811866,83,0.05,1,0,0,0
10649,3.0,3.841213203435597,0.841213203435597,85,0.05,1,0,0,0
10650,3.0,3.9048528137423864,0.9048528137423864,94,0.05,1,0,0,0
10651,3.0,3.8270710678118656,0.827071067811866,83,0.05,1,0,0,0
10652,3.0,3.846986706127493,0.8469867061274933,86,0.05,1,0,0,0
10653,3.0,3.8482842712474623,0.8482842712474625,86,0.05,1,0,0,0
10654,3.0,3.8341421356237313,0.8341421356237314,84,0.05,1,0,0,0
10655,3.0,3.8553553390593276,0.855355339059328,87,0.05,1,0,0,0
10656,3.0,3.869497474683059,0.8694974746830589,89,0.05,1,0,0,0
10657,3.0,3.8482842712474623,0.8482842712474625,86,0.05,1,0,0,0
10658,3.0,3.8341421356237313,0.8341421356237315,84,0.05,1,0,0,0
10659,3.0,3.8553553390593276,0.8553553390593279,87,0.05,1,0,0,0
10660,3.0,3.890710678118655,0.8907106781186553,92,0.05,1,0,0,0
10661,3.0,3.8598312766312546,0.8598312766312549,88,0.05,1,0,0,0
10662,3.0,3.8341421356237313,0.8341421356237314,84,0.05,1,0,0,0
10663,3.0,3.88234204518682,0.8823420451868206,91,0.05,1,0,0,0
10664,3.0,3.8341421356237313,0.8341421356237314,84,0.05,1,0,0,0
10665,3.0,3.8482842712474623,0.8482842712474624,86,0.05,1,0,0,0
10666,3.0,3.8270710678118656,0.827071067811866,83,0.05,1,0,0,0
10667,3.0,3.8765685424949243,0.8765685424949246,90,0.05,1,0,0,0
10668,3.0,3.889413112998686,0.8894131129986861,92,0.05,1,0,0,0
10669,3.0,3.841213203435597,0.841213203435597,85,0.05,1,0,0,0
10670,3.0,3.8341421356237313,0.8341421356237315,84,0.05,1,0,0,0
10671,3.0,3.8341421356237313,0.8341421356237315,84,0.05,1,0,0,0
10672,3.0,3.8624264068711933,0.8624264068711935,88,0.05,1,0,0,0
10673,3.0,3.8482842712474623,0.8482842712474624,86,0.05,1,0,0,0
10674,3.0,3.8482842712474623,0.8482842712474625,86,0.05,1,0,0,0
10675,3.0,3.854057773939359,0.8540577739393588,87,0.05,1,0,0,0
10676,3.0,3.841213203435597,0.841213203435597,85,0.05,1,0,0,0
10677,3.0,3.8836396103067896,0.8836396103067898,91,0.05,1,0,0,0
10678,3.0,3.8270710678118656,0.827071067811866,83,0.05,1,0,0,0
10679,3.0,3.8482842712474623,0.8482842712474624,86,0.05,1,0,0,0
10680,3.0,3.8482842712474623,0.8482842712474624,86,0.05,1,0,0,0
10681,3.0,3.8341421356237313,0.8341421356237315,84,0.05,1,0,0,0
10682,3.0,3.858284271247462,0.8582842712474625,87,0.05,1,0,0,0
10683,3.0,3.8836396103067896,0.8836396103067898,91,0.05,1,0,0,0
10684,3.0,3.8270710678118656,0.827071067811866,83,0.05,1,0,0,0
10685,3.0,3.875270977374955,0.8752709773749553,90,0.05,1,0,0,0
10686,3.0,3.8200000000000003,0.8200000000000005,82,0.05,1,0,0,0
10687,3.0,3.861128841751224,0.8611288417512243,88,0.05,1,0,0,0
10688,3.0,3.841213203435597,0.841213203435597,85,0.05,1,0,0,0
10689,3.0,3.841213203435597,0.841213203435597,85,0.05,1,0,0,0
10690,3.0,3.8482842712474623,0.8482842712474625,86,0.05,1,0,0,0
10691,3.0,3.899413112998686,0.8994131129986862,93,0.05,1,0,0,0
10692,3.0,3.841213203435597,0.841213203435597,85,0.05,1,0,0,0
10693,3.0,3.8270710678118656,0.827071067811866,83,0.05,1,0,0,0
10694,3.0,3.841213203435597,0.841213203435597,85,0.05,1,0,0,0
10695,3.0,3.8624264068711933,0.8624264068711934,88,0.05,1,0,0,0
10696,3.0,3.8341421356237313,0.8341421356237315,84,0.05,1,0,0,0
10697,3.0,3.869497474683059,0.869497474683059,89,0.05,1,0,0,0
10698,3.0,3.861128841751224,0.8611288417512243,88,0.05,1,0,0,0
10699,3.0,3.8482842712474623,0.8482842712474624,86,0.05,1,0,0,0
10700,3.0,3.8611288417512237,0.8611288417512241,88,0.05,1,0,0,0
10701,3.0,3.8270710678118656,0.827071067811866,83,0.05,1,0,0,0
10702,3.0,3.8341421356237313,0.8341421356237315,84,0.05,1,0,0,0
10703,3.0,3.8200000000000003,0.8200000000000005,82,0.05,1,0,0,0
10704,3.0,3.8894131129986858,0.8894131129986861,92,0.05,1,0,0,0
10705,3.0,3.897781745930521,0.897781745930521,93,0.05,1,0,0,0
10706,3.0,3.862426406871193,0.8624264068711933,88,0.05,1,0,0,0
10707,3.0,3.8765685424949243,0.8765685424949244,90,0.05,1,0,0,0
10708,3.0,3.8553553390593276,0.8553553390593279,87,0.05,1,0,0,0
10709,3.0,3.8977817459305206,0.8977817459305208,93,0.05,1,0,0,0
10710,3.0,3.861128841751224,0.8611288417512243,88,0.05,1,0,0,0
10711,3.0,3.8412132034355966,0.8412132034355969,85,0.05,1,0,0,0
10712,3.0,3.8341421356237313,0.8341421356237314,84,0.05,1,0,0,0
10713,3.0,3.862426406871193,0.8624264068711933,88,0.05,1,0,0,0
10714,3.0,3.8624264068711933,0.8624264068711935,88,0.05,1,0,0,0
10715,3.0,3.8694974746830586,0.8694974746830589,89,0.05,1,0,0,0
10716,3.0,3.8724264068711935,0.8724264068711935,89,0.05,1,0,0,0
10717,3.0,3.8341421356237313,0.8341421356237314,84,0.05,1,0,0,0
10718,3.0,3.8270710678118656,0.827071067811866,83,0.05,1,0,0,0
10719,3.0,3.8553553390593276,0.8553553390593279,87,0.05,1,0,0,0
10720,3.0,3.8200000000000003,0.8200000000000005,82,0.05,1,0,0,0
10721,3.0,3.886568542494924,0.8865685424949243,91,0.05,1,0,0,0
10722,3.0,3.8270710678118656,0.827071067811866,83,0.05,1,0,0,0
10723,3.0,3.862426406871193,0.8624264068711934,88,0.05,1,0,0,0
10724,3.0,3.8412132034355966,0.8412132034355969,85,0.05,1,0,0,0
10725,3.0,3.841213203435597,0.841213203435597,85,0.05,1,0,0,0
10726,3.0,3.8540577739393584,0.8540577739393587,87,0.05,1,0,0,0
10727,3.0,3.841213203435597,0.841213203435597,85,0.05,1,0,0,0
10728,3.0,3.8694974746830586,0.8694974746830588,89,0.05,1,0,0,0
10729,3.0,3.8553553390593276,0.855355339059328,87,0.05,1,0,0,0
10730,3.0,3.841213203435597,0.841213203435597,85,0.05,1,0,0,0
10731,3.0,3.8694974746830586,0.8694974746830589,89,0.05,1,0,0,0
10732,3.0,3.8341421356237313,0.8341421356237315,84,0.05,1,0,0,0
10733,3.0,3.910186615690582,0.9101866156905823,95,0.05,1,0,0,0
10734,3.0,3.862426406871193,0.8624264068711934,88,0.05,1,0,0,0
10735,3.0,3.8810444800668513,0.8810444800668515,91,0.05,1,0,0,0
10736,3.0,3.8341421356237313,0.8341421356237314,84,0.05,1,0,0,0
10737,3.0,3.8200000000000003,0.8200000000000005,82,0.05,1,0,0,0
10738,3.0,3.8270710678118656,0.827071067811866,83,0.05,1,0,0,0
10739,3.0,3.8412132034355966,0.8412132034355969,85,0.05,1,0,0,0
10740,3.0,3.8553553390593276,0.8553553390593279,87,0.05,1,0,0,0
10741,3.0,3.8553553390593276,0.8553553390593279,87,0.05,1,0,0,0
10742,3.0,3.841213203435597,0.841213203435597,85,0.05,1,0,0,0
10743,3.0,3.8399156383156274,0.8399156383156278,85,0.05,1,0,0,0
10744,3.0,3.8341421356237313,0.8341421356237315,84,0.05,1,0,0,0
10745,3.0,3.8765685424949243,0.8765685424949244,90,0.05,1,0,0,0
10746,3.0,3.869497474683059,0.8694974746830589,89,0.05,1,0,0,0
10747,3.0,3.8553553390593276,0.8553553390593279,87,0.05,1,0,0,0
10748,3.0,3.8270710678118656,0.827071067811866,83,0.05,1,0,0,0
10749,3.0,3.862426406871193,0.8624264068711934,88,0.05,1,0,0,0
10750,3.0,3.8270710678118656,0.827071067811866,83,0.05,1,0,0,0
10751,3.0,3.8694974746830586,0.8694974746830589,89,0.05,1,0,0,0
10752,3.0,3.8640577739393587,0.8640577739393588,88,0.05,1,0,0,0
10753,3.0,3.890710678118655,0.8907106781186553,92,0.05,1,0,0,0
10754,3.0,3.8810444800668513,0.8810444800668514,91,0.05,1,0,0,0
10755,3.0,3.8341421356237313,0.8341421356237315,84,0.05,1,0,0,0
10756,3.0,3.8624264068711933,0.8624264068711935,88,0.05,1,0,0,0
10757,3.0,3.861128841751224,0.8611288417512242,88,0.05,1,0,0,0
10758,3.0,3.841213203435597,0.841213203435597,85,0.05,1,0,0,0
10759,3.0,3.8482842712474623,0.8482842712474624,86,0.05,1,0,0,0
10760,3.0,3.841213203435597,0.841213203435597,85,0.05,1,0,0,0
10761,3.0,3.8341421356237313,0.8341421356237315,84,0.05,1,0,0,0
10762,3.0,3.8907106781186553,0.8907106781186555,92,0.05,1,0,0,0
10763,3.0,3.8553553390593276,0.8553553390593279,87,0.05,1,0,0,0
10764,3.0,3.841213203435597,0.841213203435597,85,0.05,1,0,0,0
10765,3.0,3.841213203435597,0.841213203435597,85,0.05,1,0,0,0
10766,3.0,3.8553553390593276,0.8553553390593279,87,0.05,1,0,0,0
10767,3.0,3.865355339059328,0.865355339059328,88,0.05,1,0,0,0
10768,3.0,3.8482842712474623,0.8482842712474624,86,0.05,1,0,0,0
10769,3.0,3.889413112998686,0.8894131129986861,92,0.05,1,0,0,0
10770,3.0,3.841213203435597,0.841213203435597,85,0.05,1,0,0,0
10771,3.0,3.8653553390593274,0.8653553390593279,88,0.05,1,0,0,0
10772,3.0,3.8270710678118656,0.827071067811866,83,0.05,1,0,0,0
10773,3.0,3.8270710678118656,0.827071067811866,83,0.05,1,0,0,0
10774,3.0,3.869497474683059,0.869497474683059,89,0.05,1,0,0,0
10775,3.0,3.8553553390593276,0.855355339059328,87,0.05,1,0,0,0
10776,3.0,3.8553553390593276,0.8553553390593278,87,0.05,1,0,0,0
10777,3.0,3.8482842712474623,0.8482842712474624,86,0.05,1,0,0,0
10778,3.0,3.8553553390593276,0.855355339059328,87,0.05,1,0,0,0
10779,3.0,3.8200000000000003,0.8200000000000005,82,0.05,1,0,0,0
10780,3.0,3.8624264068711933,0.8624264068711935,88,0.05,1,0,0,0
10781,3.0,3.9219238815542514,0.9219238815542519,96,0.05,1,0,0,0
10782,3.0,3.8270710678118656,0.827071067811866,83,0.05,1,0,0,0
10783,3.0,3.8341421356237313,0.8341421356237315,84,0.05,1,0,0,0
10784,3.0,3.879497474683059,0.8794974746830589,90,0.05,1,0,0,0
10785,3.0,3.862426406871193,0.8624264068711934,88,0.05,1,0,0,0
10786,3.0,3.873973412254986,0.873973412254986,90,0.05,1,0,0,0
10787,3.0,3.8624264068711933,0.8624264068711934,88,0.05,1,0,0,0
10788,3.0,3.8341421356237313,0.8341421356237315,84,0.05,1,0,0,0
10789,3.0,3.8270710678118656,0.827071067811866,83,0.05,1,0,0,0
10790,3.0,3.8341421356237313,0.8341421356237315,84,0.05,1,0,0,0
10791,3.0,3.907781745930521,0.9077817459305209,94,0.05,1,0,0,0
10792,3.0,3.8724264068711935,0.8724264068711935,89,0.05,1,0,0,0
10793,3.0,3.846986706127493,0.8469867061274932,86,0.05,1,0,0,0
10794,3.0,3.8270710678118656,0.827071067811866,83,0.05,1,0,0,0
10795,3.0,3.8624264068711933,0.8624264068711934,88,0.05,1,0,0,0
10796,3.0,3.8540577739393584,0.8540577739393587,87,0.05,1,0,0,0
10797,3.0,3.8270710678118656,0.827071067811866,83,0.05,1,0,0,0
10798,3.0,3.841213203435597,0.841213203435597,85,0.05,1,0,0,0
10799,3.0,3.8553553390593276,0.8553553390593279,87,0.05,1,0,0,0
10800,3.0,3.8624264068711933,0.8624264068711934,88,0.05,1,0,0,0
10801,3.0,3.8341421356237313,0.8341421356237315,84,0.05,1,0,0,0
10802,3.0,3.8341421356237313,0.8341421356237315,84,0.05,1,0,0,0
10803,3.0,3.8482842712474623,0.8482842712474625,86,0.05,1,0,0,0
10804,3.0,3.858284271247462,0.8582842712474625,87,0.05,1,0,0,0
10805,3.0,3.8270710678118656,0.827071067811866,83,0.05,1,0,0,0
10806,3.0,3.8341421356237313,0.8341421356237315,84,0.05,1,0,0,0
10807,3.0,3.8624264068711933,0.8624264068711934,88,0.05,1,0,0,0
10808,3.0,3.8765685424949243,0.8765685424949246,90,0.05,1,0,0,0
10809,3.0,3.8694974746830586,0.8694974746830589,89,0.05,1,0,0,0
10810,3.0,3.846986706127493,0.8469867061274933,86,0.05,1,0,0,0
10811,3.0,3.8482842712474623,0.8482842712474623,86,0.05,1,0,0,0
10812,3.0,3.841213203435597,0.8412132034355969,85,0.05,1,0,0,0
10813,3.0,3.8270710678118656,0.827071067811866,83,0.05,1,0,0,0
10814,3.0,3.8270710678118656,0.827071067811866,83,0.05,1,0,0,0
10815,3.0,3.8270710678118656,0.827071067811866,83,0.05,1,0,0,0
10816,3.0,3.862426406871193,0.8624264068711934,88,0.05,1,0,0,0
10817,3.0,3.858284271247462,0.8582842712474625,87,0.05,1,0,0,0
10818,3.0,3.832844570503762,0.8328445705037623,84,0.05,1,0,0,0
10819,3.0,3.8270710678118656,0.827071067811866,83,0.05,1,0,0,0
10820,3.0,3.8341421356237313,0.8341421356237314,84,0.05,1,0,0,0
10821,3.0,3.869497474683059,0.869497474683059,89,0.05,1,0,0,0
10822,3.0,3.862426406871193,0.8624264068711933,88,0.05,1,0,0,0
10823,3.0,3.8482842712474623,0.8482842712474625,86,0.05,1,0,0,0
10824,3.0,3.8553553390593276,0.8553553390593279,87,0.05,1,0,0,0
10825,3.0,3.854057773939359,0.8540577739393588,87,0.05,1,0,0,0
10826,3.0,3.8482842712474623,0.8482842712474623,86,0.05,1,0,0,0
10827,3.0,3.8412132034355966,0.8412132034355969,85,0.05,1,0,0,0
10828,3.0,3.8482842712474623,0.8482842712474625,86,0.05,1,0,0,0
10829,3.0,3.8341421356237313,0.8341421356237315,84,0.05,1,0,0,0
10830,3.0,3.8270710678118656,0.827071067811866,83,0.05,1,0,0,0
10831,3.0,3.8681999095630895,0.8681999095630896,89,0.05,1,0,0,0
10832,3.0,3.8482842712474623,0.8482842712474625,86,0.05,1,0,0,0
10833,3.0,3.8270710678118656,0.827071067811866,83,0.05,1,0,0,0
10834,3.0,3.8200000000000003,0.8200000000000005,82,0.05,1,0,0,0
10835,3.0,3.8341421356237313,0.8341421356237315,84,0.05,1,0,0,0
10836,3.0,3.8341421356237313,0.8341421356237315,84,0.05,1,0,0,0
10837,3.0,3.8553553390593276,0.8553553390593278,87,0.05,1,0,0,0
10838,3.0,3.8681999095630895,0.8681999095630897,89,0.05,1,0,0,0
10839,3.0,3.8270710678118656,0.827071067811866,83,0.05,1,0,0,0
10840,3.0,3.869497474683059,0.869497474683059,89,0.05,1,0,0,0
10841,3.0,3.8341421356237313,0.8341421356237314,84,0.05,1,0,0,0
10842,3.0,3.862426406871193,0.8624264068711933,88,0.05,1,0,0,0
10843,3.0,3.854057773939359,0.8540577739393587,87,0.05,1,0,0,0
10844,3.0,3.8694974746830586,0.8694974746830589,89,0.05,1,0,0,0
10845,3.0,3.8694974746830586,0.8694974746830588,89,0.05,1,0,0,0
10846,3.0,3.858284271247462,0.8582842712474625,87,0.05,1,0,0,0
10847,3.0,3.8341421356237313,0.8341421356237315,84,0.05,1,0,0,0
10848,3.0,3.841213203435597,0.841213203435597,85,0.05,1,0,0,0
10849,3.0,3.8836396103067896,0.8836396103067897,91,0.05,1,0,0,0
10850,3.0,3.861128841751224,0.8611288417512243,88,0.05,1,0,0,0
10851,3.0,3.899413112998686,0.8994131129986863,93,0.05,1,0,0,0
10852,3.0,3.8341421356237313,0.8341421356237314,84,0.05,1,0,0,0
10853,3.0,3.8341421356237313,0.8341421356237315,84,0.05,1,0,0,0
10854,3.0,3.841213203435597,0.841213203435597,85,0.05,1,0,0,0
10855,3.0,3.8200000000000003,0.8200000000000005,82,0.05,1,0,0,0
10856,3.0,3.8482842712474623,0.8482842712474625,86,0.05,1,0,0,0
10857,3.0,3.8482842712474623,0.8482842712474624,86,0.05,1,0,0,0
10858,3.0,3.8200000000000003,0.8200000000000005,82,0.05,1,0,0,0
10859,3.0,3.8553553390593276,0.855355339059328,87,0.05,1,0,0,0
10860,3.0,3.8399156383156274,0.8399156383156278,85,0.05,1,0,0,0
10861,3.0,3.841213203435597,0.841213203435597,85,0.05,1,0,0,0
10862,3.0,3.841213203435597,0.841213203435597,85,0.05,1,0,0,0
10863,3.0,3.8412132034355966,0.8412132034355969,85,0.05,1,0,0,0
10864,3.0,3.861128841751224,0.8611288417512243,88,0.05,1,0,0,0
10865,3.0,3.8412132034355966,0.8412132034355969,85,0.05,1,0,0,0
10866,3.0,3.8341421356237313,0.8341421356237314,84,0.05,1,0,0,0
10867,3.0,3.8341421356237313,0.8341421356237315,84,0.05,1,0,0,0
10868,3.0,3.8553553390593276,0.8553553390593279,87,0.05,1,0,0,0
10869,3.0,3.841213203435597,0.841213203435597,85,0.05,1,0,0,0
10870,3.0,3.841213203435597,0.841213203435597,85,0.05,1,0,0,0
10871,3.0,3.8341421356237313,0.8341421356237315,84,0.05,1,0,0,0
10872,3.0,3.8553553390593276,0.8553553390593279,87,0.05,1,0,0,0
10873,3.0,3.854057773939359,0.8540577739393588,87,0.05,1,0,0,0
10874,3.0,3.854057773939359,0.8540577739393588,87,0.05,1,0,0,0
10875,3.0,3.8681999095630895,0.8681999095630897,89,0.05,1,0,0,0
10876,3.0,3.8341421356237313,0.8341421356237315,84,0.05,1,0,0,0
10877,3.0,3.8669023444431203,0.8669023444431205,89,0.05,1,0,0,0
10878,3.0,3.8482842712474623,0.8482842712474624,86,0.05,1,0,0,0
10879,3.0,3.8482842712474623,0.8482842712474624,86,0.05,1,0,0,0
10880,3.0,3.8341421356237313,0.8341421356237315,84,0.05,1,0,0,0
10881,3.0,3.841213203435597,0.841213203435597,85,0.05,1,0,0,0
10882,3.0,3.841213203435597,0.841213203435597,85,0.05,1,0,0,0
10883,3.0,3.841213203435597,0.841213203435597,85,0.05,1,0,0,0
10884,3.0,3.889413112998686,0.8894131129986863,92,0.05,1,0,0,0
10885,3.0,3.8200000000000003,0.8200000000000005,82,0.05,1,0,0,0
10886,3.0,3.841213203435597,0.841213203435597,85,0.05,1,0,0,0
10887,3.0,3.8624264068711933,0.8624264068711934,88,0.05,1,0,0,0
10888,3.0,3.8200000000000003,0.8200000000000005,82,0.05,1,0,0,0
10889,3.0,3.8270710678118656,0.827071067811866,83,0.05,1,0,0,0
10890,3.0,3.8482842712474623,0.8482842712474624,86,0.05,1,0,0,0
10891,3.0,3.8270710678118656,0.827071067811866,83,0.05,1,0,0,0
10892,3.0,3.8951866156905823,0.8951866156905823,93,0.05,1,0,0,0
10893,3.0,3.8200000000000003,0.8200000000000005,82,0.05,1,0,0,0
10894,3.0,3.8399156383156274,0.8399156383156278,85,0.05,1,0,0,0
10895,3.0,3.8270710678118656,0.827071067811866,83,0.05,1,0,0,0
10896,3.0,3.8341421356237313,0.8341421356237315,84,0.05,1,0,0,0
10897,3.0,3.8341421356237313,0.8341421356237315,84,0.05,1,0,0,0
10898,3.0,3.8412132034355966,0.8412132034355969,85,0.05,1,0,0,0
10899,3.0,3.841213203435597,0.841213203435597,85,0.05,1,0,0,0
10900,3.0,3.841213203435597,0.841213203435597,85,0.05,1,0,0,0
10901,3.0,3.8482842712474623,0.8482842712474624,86,0.05,1,0,0,0
10902,3.0,3.8341421356237313,0.8341421356237314,84,0.05,1,0,0,0
10903,3.0,3.8482842712474623,0.8482842712474625,86,0.05,1,0,0,0
10904,3.0,3.8341421356237313,0.8341421356237315,84,0.05,1,0,0,0
10905,3.0,3.8752709773749547,0.8752709773749552,90,0.05,1,0,0,0
10906,3.0,3.8341421356237313,0.8341421356237315,84,0.05,1,0,0,0
10907,3.0,3.8553553390593276,0.855355339059328,87,0.05,1,0,0,0
10908,3.0,3.8270710678118656,0.827071067811866,83,0.05,1,0,0,0
10909,3.0,3.8469867061274927,0.8469867061274932,86,0.05,1,0,0,0
10910,3.0,3.8200000000000003,0.8200000000000005,82,0.05,1,0,0,0
10911,3.0,3.8482842712474623,0.8482842712474625,86,0.05,1,0,0,0
10912,3.0,3.8482842712474623,0.8482842712474625,86,0.05,1,0,0,0
10913,3.0,3.8399156383156274,0.8399156383156278,85,0.05,1,0,0,0
10914,3.0,3.8694974746830586,0.8694974746830589,89,0.05,1,0,0,0
10915,3.0,3.873973412254986,0.873973412254986,90,0.05,1,0,0,0
10916,3.0,3.8412132034355966,0.8412132034355969,85,0.05,1,0,0,0
10917,3.0,3.841213203435597,0.841213203435597,85,0.05,1,0,0,0
10918,3.0,3.8270710678118656,0.827071067811866,83,0.05,1,0,0,0
10919,3.0,3.8341421356237313,0.8341421356237315,84,0.05,1,0,0,0
10920,3.0,3.8823420451868205,0.8823420451868207,91,0.05,1,0,0,0
10921,3.0,3.8482842712474623,0.8482842712474624,86,0.05,1,0,0,0
10922,3.0,3.8412132034355966,0.8412132034355969,85,0.05,1,0,0,0
10923,3.0,3.8341421356237313,0.8341421356237314,84,0.05,1,0,0,0
10924,3.0,3.8412132034355966,0.8412132034355969,85,0.05,1,0,0,0
10925,3.0,3.8412132034355966,0.8412132034355969,85,0.05,1,0,0,0
10926,3.0,3.8200000000000003,0.8200000000000005,82,0.05,1,0,0,0
10927,3.0,3.8553553390593276,0.8553553390593279,87,0.05,1,0,0,0
10928,3.0,3.841213203435597,0.841213203435597,85,0.05,1,0,0,0
10929,3.0,3.8341421356237313,0.8341421356237315,84,0.05,1,0,0,0
10930,3.0,3.8553553390593276,0.8553553390593279,87,0.05,1,0,0,0
10931,3.0,3.8482842712474623,0.8482842712474625,86,0.05,1,0,0,0
10932,3.0,3.8200000000000003,0.8200000000000005,82,0.05,1,0,0,0
10933,3.0,3.8936396103067894,0.8936396103067898,92,0.05,1,0,0,0
10934,3.0,3.8270710678118656,0.827071067811866,83,0.05,1,0,0,0
10935,3.0,3.841213203435597,0.841213203435597,85,0.05,1,0,0,0
10936,3.0,3.8270710678118656,0.827071067811866,83,0.05,1,0,0,0
10937,3.0,3.8694974746830586,0.8694974746830589,89,0.05,1,0,0,0
10938,3.0,3.8482842712474623,0.8482842712474625,86,0.05,1,0,0,0
10939,3.0,3.8540577739393584,0.8540577739393587,87,0.05,1,0,0,0
10940,3.0,3.8270710678118656,0.827071067811866,83,0.05,1,0,0,0
10941,3.0,3.865355339059328,0.865355339059328,88,0.05,1,0,0,0
10942,3.0,3.841213203435597,0.841213203435597,85,0.05,1,0,0,0
10943,3.0,3.851213203435597,0.851213203435597,86,0.05,1,0,0,0
10944,3.0,3.8341421356237313,0.8341421356237315,84,0.05,1,0,0,0
10945,3.0,3.879497474683059,0.8794974746830589,90,0.05,1,0,0,0
10946,3.0,3.8553553390593276,0.8553553390593278,87,0.05,1,0,0,0
10947,3.0,3.8951866156905823,0.8951866156905824,93,0.05,1,0,0,0
10948,3.0,3.8681999095630895,0.8681999095630897,89,0.05,1,0,0,0
10949,3.0,3.8341421356237313,0.8341421356237315,84,0.05,1,0,0,0
10950,3.0,3.8200000000000003,0.8200000000000005,82,0.05,1,0,0,0
10951,3.0,3.8412132034355966,0.8412132034355969,85,0.05,1,0,0,0
10952,3.0,3.844142135623731,0.8441421356237314,85,0.05,1,0,0,0
10953,3.0,3.841213203435597,0.841213203435597,85,0.05,1,0,0,0
10954,3.0,3.841213203435597,0.841213203435597,85,0.05,1,0,0,0
10955,3.0,3.8482842712474623,0.8482842712474625,86,0.05,1,0,0,0
10956,3.0,3.8482842712474623,0.8482842712474624,86,0.05,1,0,0,0
10957,3.0,3.841213203435597,0.841213203435597,85,0.05,1,0,0,0
10958,3.0,3.869497474683059,0.869497474683059,89,0.05,1,0,0,0
10959,3.0,3.841213203435597,0.8412132034355969,85,0.05,1,0,0,0
10960,3.0,3.8724264068711935,0.8724264068711935,89,0.05,1,0,0,0
10961,3.0,3.8482842712474623,0.8482842712474625,86,0.05,1,0,0,0
10962,3.0,3.8694974746830586,0.8694974746830589,89,0.05,1,0,0,0
10963,3.0,3.8681999095630895,0.8681999095630897,89,0.05,1,0,0,0
10964,3.0,3.8341421356237313,0.8341421356237314,84,0.05,1,0,0,0
10965,3.0,3.8482842712474623,0.8482842712474625,86,0.05,1,0,0,0
10966,3.0,3.8624264068711933,0.8624264068711935,88,0.05,1,0,0,0
10967,3.0,3.8540577739393584,0.8540577739393587,87,0.05,1,0,0,0
10968,3.0,3.8482842712474623,0.8482842712474624,86,0.05,1,0,0,0
10969,3.0,3.8482842712474623,0.8482842712474623,86,0.05,1,0,0,0
10970,3.0,3.8624264068711933,0.8624264068711934,88,0.05,1,0,0,0
10971,3.0,3.8341421356237313,0.8341421356237315,84,0.05,1,0,0,0
10972,3.0,3.8540577739393584,0.8540577739393587,87,0.05,1,0,0,0
10973,3.0,3.8270710678118656,0.827071067811866,83,0.05,1,0,0,0
10974,3.0,3.841213203435597,0.841213203435597,85,0.05,1,0,0,0
10975,3.0,3.8341421356237313,0.8341421356237315,84,0.05,1,0,0,0
10976,3.0,3.8553553390593276,0.8553553390593279,87,0.05,1,0,0,0
10977,3.0,3.8412132034355966,0.8412132034355969,85,0.05,1,0,0,0
10978,3.0,3.8810444800668513,0.8810444800668515,91,0.05,1,0,0,0
10979,3.0,3.8270710678118656,0.827071067811866,83,0.05,1,0,0,0
10980,3.0,3.8412132034355966,0.8412132034355969,85,0.05,1,0,0,0
10981,3.0,3.8200000000000003,0.8200000000000005,82,0.05,1,0,0,0
10982,3.0,3.8341421356237313,0.8341421356237315,84,0.05,1,0,0,0
10983,3.0,3.8341421356237313,0.8341421356237315,84,0.05,1,0,0,0
10984,3.0,3.8270710678118656,0.827071067811866,83,0.05,1,0,0,0
10985,3.0,3.841213203435597,0.841213203435597,85,0.05,1,0,0,0
10986,3.0,3.8412132034355966,0.8412132034355969,85,0.05,1,0,0,0
10987,3.0,3.8270710678118656,0.827071067811866,83,0.05,1,0,0,0
10988,3.0,3.865355339059328,0.8653553390593279,88,0.05,1,0,0,0
10989,3.0,3.858284271247462,0.8582842712474625,87,0.05,1,0,0,0
10990,3.0,3.8553553390593276,0.855355339059328,87,0.05,1,0,0,0
10991,3.0,3.8823420451868205,0.8823420451868207,91,0.05,1,0,0,0
10992,3.0,3.8540577739393584,0.8540577739393588,87,0.05,1,0,0,0
10993,3.0,3.8553553390593276,0.8553553390593279,87,0.05,1,0,0,0
10994,3.0,3.8482842712474623,0.8482842712474624,86,0.05,1,0,0,0
10995,3.0,3.8200000000000003,0.8200000000000005,82,0.05,1,0,0,0
10996,3.0,3.8482842712474623,0.8482842712474624,86,0.05,1,0,0,0
10997,3.0,3.869497474683059,0.8694974746830589,89,0.05,1,0,0,0
10998,3.0,3.8553553390593276,0.855355339059328,87,0.05,1,0,0,0
10999,3.0,3.8341421356237313,0.8341421356237315,84,0.05,1,0,0,0
11000,3.0,3.8881155478787166,0.8881155478787168,92,0.05,1,0,0,0
11001,3.0,3.8823420451868205,0.8823420451868207,91,0.05,1,0,0,0
11002,3.0,3.8200000000000003,0.8200000000000005,82,0.05,1,0,0,0
11003,3.0,3.8341421356237313,0.8341421356237315,84,0.05,1,0,0,0
11004,3.0,3.861128841751224,0.8611288417512242,88,0.05,1,0,0,0
11005,3.0,3.841213203435597,0.841213203435597,85,0.05,1,0,0,0
11006,3.0,3.8482842712474623,0.8482842712474625,86,0.05,1,0,0,0
11007,3.0,3.8694974746830586,0.8694974746830589,89,0.05,1,0,0,0
11008,3.0,3.8341421356237313,0.8341421356237315,84,0.05,1,0,0,0
11009,3.0,3.8412132034355966,0.8412132034355969,85,0.05,1,0,0,0
11010,3.0,3.8341421356237313,0.8341421356237315,84,0.05,1,0,0,0
11011,3.0,3.8482842712474623,0.8482842712474624,86,0.05,1,0,0,0
11012,3.0,3.844142135623731,0.8441421356237314,85,0.05,1,0,0,0
11013,3.0,3.8694974746830586,0.8694974746830588,89,0.05,1,0,0,0
11014,3.0,3.8270710678118656,0.827071067811866,83,0.05,1,0,0,0
11015,3.0,3.8936396103067894,0.89363961030679,92,0.05,1,0,0,0
11016,3.0,3.841213203435597,0.841213203435597,85,0.05,1,0,0,0
11017,3.0,3.8482842712474623,0.8482842712474625,86,0.05,1,0,0,0
11018,3.0,3.8482842712474623,0.8482842712474625,86,0.05,1,0,0,0
11019,3.0,3.861128841751224,0.8611288417512243,88,0.05,1,0,0,0
11020,3.0,3.869497474683059,0.869497474683059,89,0.05,1,0,0,0
11021,3.0,3.858284271247462,0.8582842712474625,87,0.05,1,0,0,0
11022,3.0,3.8482842712474623,0.8482842712474625,86,0.05,1,0,0,0
11023,3.0,3.88234204518682,0.8823420451868206,91,0.05,1,0,0,0
11024,3.0,3.8624264068711933,0.8624264068711934,88,0.05,1,0,0,0
11025,3.0,3.8482842712474623,0.8482842712474625,86,0.05,1,0,0,0
11026,3.0,3.861128841751224,0.8611288417512243,88,0.05,1,0,0,0
11027,3.0,3.8341421356237313,0.8341421356237315,84,0.05,1,0,0,0
11028,3.0,3.8270710678118656,0.827071067811866,83,0.05,1,0,0,0
11029,3.0,3.841213203435597,0.841213203435597,85,0.05,1,0,0,0
11030,3.0,3.8200000000000003,0.8200000000000005,82,0.05,1,0,0,0
11031,3.0,3.914852813742386,0.9148528137423865,95,0.05,1,0,0,0
11032,3.0,3.841213203435597,0.841213203435597,85,0.05,1,0,0,0
11033,3.0,3.8341421356237313,0.8341421356237314,84,0.05,1,0,0,0
11034,3.0,3.8412132034355966,0.8412132034355969,85,0.05,1,0,0,0
11035,3.0,3.8270710678118656,0.827071067811866,83,0.05,1,0,0,0
11036,3.0,3.8200000000000003,0.8200000000000005,82,0.05,1,0,0,0
11037,3.0,3.8341421356237313,0.8341421356237314,84,0.05,1,0,0,0
11038,3.0,3.886568542494924,0.8865685424949244,91,0.05,1,0,0,0
11039,3.0,3.841213203435597,0.841213203435597,85,0.05,1,0,0,0
11040,3.0,3.8341421356237313,0.8341421356237315,84,0.05,1,0,0,0
11041,3.0,3.8341421356237313,0.8341421356237315,84,0.05,1,0,0,0
11042,3.0,3.8482842712474623,0.8482842712474625,86,0.05,1,0,0,0
11043,3.0,3.872426406871193,0.8724264068711933,89,0.05,1,0,0,0
11044,3.0,3.8694974746830586,0.8694974746830588,89,0.05,1,0,0,0
11045,3.0,3.8553553390593276,0.8553553390593279,87,0.05,1,0,0,0
11046,3.0,3.841213203435597,0.841213203435597,85,0.05,1,0,0,0
11047,3.0,3.8270710678118656,0.827071067811866,83,0.05,1,0,0,0
11048,3.0,3.8341421356237313,0.8341421356237315,84,0.05,1,0,0,0
11049,3.0,3.8553553390593276,0.8553553390593279,87,0.05,1,0,0,0
11050,3.0,3.8553553390593276,0.8553553390593279,87,0.05,1,0,0,0
11051,3.0,3.8270710678118656,0.827071067811866,83,0.05,1,0,0,0
11052,3.0,3.8681999095630895,0.8681999095630897,89,0.05,1,0,0,0
11053,3.0,3.8624264068711933,0.8624264068711934,88,0.05,1,0,0,0
11054,3.0,3.8540577739393584,0.8540577739393588,87,0.05,1,0,0,0
11055,3.0,3.8769023444431205,0.8769023444431204,90,0.05,1,0,0,0
11056,3.0,3.841213203435597,0.841213203435597,85,0.05,1,0,0,0
11057,3.0,3.8694974746830586,0.8694974746830588,89,0.05,1,0,0,0
11058,3.0,3.862426406871193,0.8624264068711933,88,0.05,1,0,0,0
11059,3.0,3.8441421356237315,0.8441421356237315,85,0.05,1,0,0,0
11060,3.0,3.899413112998686,0.8994131129986862,93,0.05,1,0,0,0
11061,3.0,3.869497474683059,0.8694974746830589,89,0.05,1,0,0,0
11062,3.0,3.841213203435597,0.841213203435597,85,0.05,1,0,0,0
11063,3.0,3.841213203435597,0.841213203435597,85,0.05,1,0,0,0
11064,3.0,3.8724264068711935,0.8724264068711935,89,0.05,1,0,0,0
11065,3.0,3.841213203435597,0.8412132034355969,85,0.05,1,0,0,0
11066,3.0,3.883199909563089,0.8831999095630897,91,0.05,1,0,0,0
11067,3.0,3.8399156383156274,0.8399156383156278,85,0.05,1,0,0,0
11068,3.0,3.841213203435597,0.841213203435597,85,0.05,1,0,0,0
11069,3.0,3.8270710678118656,0.827071067811866,83,0.05,1,0,0,0
11070,3.0,3.8441421356237315,0.8441421356237315,85,0.05,1,0,0,0
11071,3.0,3.8341421356237313,0.8341421356237315,84,0.05,1,0,0,0
11072,3.0,3.861128841751224,0.8611288417512243,88,0.05,1,0,0,0
11073,3.0,3.858284271247462,0.8582842712474625,87,0.05,1,0,0,0
11074,3.0,3.8553553390593276,0.8553553390593279,87,0.05,1,0,0,0
11075,3.0,3.8553553390593276,0.8553553390593279,87,0.05,1,0,0,0
11076,3.0,3.8624264068711933,0.8624264068711934,88,0.05,1,0,0,0
11077,3.0,3.8553553390593276,0.855355339059328,87,0.05,1,0,0,0
11078,3.0,3.861128841751224,0.8611288417512242,88,0.05,1,0,0,0
11079,3.0,3.8341421356237313,0.8341421356237314,84,0.05,1,0,0,0
11080,3.0,3.841213203435597,0.8412132034355969,85,0.05,1,0,0,0
11081,3.0,3.8482842712474623,0.8482842712474624,86,0.05,1,0,0,0
11082,3.0,3.8482842712474623,0.8482842712474625,86,0.05,1,0,0,0
11083,3.0,3.8624264068711933,0.8624264068711934,88,0.05,1,0,0,0
11084,3.0,3.8482842712474623,0.8482842712474625,86,0.05,1,0,0,0
11085,3.0,3.8482842712474623,0.8482842712474624,86,0.05,1,0,0,0
11086,3.0,3.8694974746830586,0.8694974746830589,89,0.05,1,0,0,0
11087,3.0,3.8482842712474623,0.8482842712474625,86,0.05,1,0,0,0
11088,3.0,3.8482842712474623,0.8482842712474625,86,0.05,1,0,0,0
11089,3.0,3.8540577739393584,0.8540577739393587,87,0.05,1,0,0,0
11090,3.0,3.8270710678118656,0.827071067811866,83,0.05,1,0,0,0
11091,3.0,3.8341421356237313,0.8341421356237315,84,0.05,1,0,0,0
11092,3.0,3.8653553390593274,0.8653553390593279,88,0.05,1,0,0,0
11093,3.0,3.841213203435597,0.841213203435597,85,0.05,1,0,0,0
11094,3.0,3.841213203435597,0.841213203435597,85,0.05,1,0,0,0
11095,3.0,3.841213203435597,0.841213203435597,85,0.05,1,0,0,0
11096,3.0,3.862426406871193,0.8624264068711933,88,0.05,1,0,0,0
11097,3.0,3.861128841751224,0.8611288417512242,88,0.05,1,0,0,0
11098,3.0,3.841213203435597,0.841213203435597,85,0.05,1,0,0,0
11099,3.0,3.8482842712474623,0.8482842712474625,86,0.05,1,0,0,0
11100,3.0,3.8553553390593276,0.8553553390593279,87,0.05,1,0,0,0
11101,3.0,3.88234204518682,0.8823420451868206,91,0.05,1,0,0,0
11102,3.0,3.8341421356237313,0.8341421356237315,84,0.05,1,0,0,0
11103,3.0,3.8341421356237313,0.8341421356237315,84,0.05,1,0,0,0
11104,3.0,3.8765685424949243,0.8765685424949244,90,0.05,1,0,0,0
11105,3.0,3.8270710678118656,0.827071067811866,83,0.05,1,0,0,0
11106,3.0,3.8341421356237313,0.8341421356237315,84,0.05,1,0,0,0
11107,3.0,3.8482842712474623,0.8482842712474624,86,0.05,1,0,0,0
11108,3.0,3.8640577739393587,0.8640577739393588,88,0.05,1,0,0,0
11109,3.0,3.8482842712474623,0.8482842712474625,86,0.05,1,0,0,0
11110,3.0,3.8482842712474623,0.8482842712474624,86,0.05,1,0,0,0
11111,3.0,3.8341421356237313,0.8341421356237315,84,0.05,1,0,0,0
11112,3.0,3.8482842712474623,0.8482842712474625,86,0.05,1,0,0,0
11113,3.0,3.8823420451868205,0.8823420451868207,91,0.05,1,0,0,0
11114,3.0,3.846986706127493,0.8469867061274933,86,0.05,1,0,0,0
11115,3.0,3.845689141007524,0.845689141007524,86,0.05,1,0,0,0
11116,3.0,3.8412132034355966,0.8412132034355969,85,0.05,1,0,0,0
11117,3.0,3.8341421356237313,0.8341421356237315,84,0.05,1,0,0,0
11118,3.0,3.8270710678118656,0.827071067811866,83,0.05,1,0,0,0
11119,3.0,3.8270710678118656,0.827071067811866,83,0.05,1,0,0,0
11120,3.0,3.9180311861943444,0.9180311861943442,96,0.05,1,0,0,0
11121,3.0,3.8341421356237313,0.8341421356237315,84,0.05,1,0,0,0
11122,3.0,3.8341421356237313,0.8341421356237315,84,0.05,1,0,0,0
11123,3.0,3.8482842712474623,0.8482842712474624,86,0.05,1,0,0,0
11124,3.0,3.8482842712474623,0.8482842712474625,86,0.05,1,0,0,0
11125,3.0,3.861128841751224,0.8611288417512243,88,0.05,1,0,0,0
11126,3.0,3.8341421356237313,0.8341421356237315,84,0.05,1,0,0,0
11127,3.0,3.841213203435597,0.8412132034355969,85,0.05,1,0,0,0
11128,3.0,3.841213203435597,0.841213203435597,85,0.05,1,0,0,0
11129,3.0,3.8482842712474623,0.8482842712474624,86,0.05,1,0,0,0
11130,3.0,3.8482842712474623,0.8482842712474624,86,0.05,1,0,0,0
11131,3.0,3.8482842712474623,0.8482842712474624,86,0.05,1,0,0,0
11132,3.0,3.8694974746830586,0.8694974746830588,89,0.05,1,0,0,0
11133,3.0,3.8469867061274927,0.8469867061274933,86,0.05,1,0,0,0
11134,3.0,3.841213203435597,0.841213203435597,85,0.05,1,0,0,0
11135,3.0,3.8936396103067894,0.89363961030679,92,0.05,1,0,0,0
11136,3.0,3.8341421356237313,0.8341421356237315,84,0.05,1,0,0,0
11137,3.0,3.8341421356237313,0.8341421356237314,84,0.05,1,0,0,0
11138,3.0,3.8412132034355966,0.8412132034355969,85,0.05,1,0,0,0
11139,3.0,3.8270710678118656,0.827071067811866,83,0.05,1,0,0,0
11140,3.0,3.8341421356237313,0.8341421356237314,84,0.05,1,0,0,0
11141,3.0,3.841213203435597,0.841213203435597,85,0.05,1,0,0,0
11142,3.0,3.8341421356237313,0.8341421356237315,84,0.05,1,0,0,0
11143,3.0,3.8694974746830586,0.8694974746830589,89,0.05,1,0,0,0
11144,3.0,3.8341421356237313,0.8341421356237315,84,0.05,1,0,0,0
11145,3.0,3.9007106781186547,0.9007106781186552,93,0.05,1,0,0,0
11146,3.0,3.854057773939359,0.8540577739393588,87,0.05,1,0,0,0
11147,3.0,3.8553553390593276,0.855355339059328,87,0.05,1,0,0,0
11148,3.0,3.8341421356237313,0.8341421356237315,84,0.05,1,0,0,0
11149,3.0,3.8624264068711933,0.8624264068711934,88,0.05,1,0,0,0
11150,3.0,3.8341421356237313,0.8341421356237315,84,0.05,1,0,0,0
11151,3.0,3.8553553390593276,0.855355339059328,87,0.05,1,0,0,0
11152,3.0,3.8482842712474623,0.8482842712474625,86,0.05,1,0,0,0
11153,3.0,3.862426406871193,0.8624264068711933,88,0.05,1,0,0,0
11154,3.0,3.8836396103067896,0.88363961030679,91,0.05,1,0,0,0
11155,3.0,3.8200000000000003,0.8200000000000005,82,0.05,1,0,0,0
11156,3.0,3.890710678118655,0.8907106781186553,92,0.05,1,0,0,0
11157,3.0,3.8341421356237313,0.8341421356237315,84,0.05,1,0,0,0
11158,3.0,3.8341421356237313,0.8341421356237315,84,0.05,1,0,0,0
11159,3.0,3.8482842712474623,0.8482842712474625,86,0.05,1,0,0,0
11160,3.0,3.8765685424949243,0.8765685424949243,90,0.05,1,0,0,0
11161,3.0,3.8694974746830586,0.8694974746830588,89,0.05,1,0,0,0
11162,3.0,3.862426406871193,0.8624264068711933,88,0.05,1,0,0,0
11163,3.0,3.8765685424949243,0.8765685424949246,90,0.05,1,0,0,0
11164,3.0,3.8341421356237313,0.8341421356237315,84,0.05,1,0,0,0
11165,3.0,3.8270710678118656,0.827071067811866,83,0.05,1,0,0,0
11166,3.0,3.8341421356237313,0.8341421356237315,84,0.05,1,0,0,0
11167,3.0,3.832844570503762,0.8328445705037623,84,0.05,1,0,0,0
11168,3.0,3.8540577739393584,0.8540577739393587,87,0.05,1,0,0,0
11169,3.0,3.8540577739393584,0.8540577739393588,87,0.05,1,0,0,0
11170,3.0,3.862426406871193,0.8624264068711933,88,0.05,1,0,0,0
11171,3.0,3.8553553390593276,0.855355339059328,87,0.05,1,0,0,0
11172,3.0,3.8624264068711933,0.8624264068711934,88,0.05,1,0,0,0
11173,3.0,3.889413112998686,0.8894131129986862,92,0.05,1,0,0,0
11174,3.0,3.858284271247462,0.8582842712474625,87,0.05,1,0,0,0
11175,3.0,3.869497474683059,0.869497474683059,89,0.05,1,0,0,0
11176,3.0,3.8482842712474623,0.8482842712474624,86,0.05,1,0,0,0
11177,3.0,3.8200000000000003,0.8200000000000005,82,0.05,1,0,0,0
11178,3.0,3.8894131129986858,0.8894131129986861,92,0.05,1,0,0,0
11179,3.0,3.8270710678118656,0.827071067811866,83,0.05,1,0,0,0
11180,3.0,3.8412132034355966,0.8412132034355969,85,0.05,1,0,0,0
11181,3.0,3.8270710678118656,0.827071067811866,83,0.05,1,0,0,0
11182,3.0,3.8200000000000003,0.8200000000000005,82,0.05,1,0,0,0
11183,3.0,3.8482842712474623,0.8482842712474624,86,0.05,1,0,0,0
11184,3.0,3.872426406871193,0.8724264068711934,89,0.05,1,0,0,0
11185,3.0,3.8553553390593276,0.8553553390593279,87,0.05,1,0,0,0
11186,3.0,3.8482842712474623,0.8482842712474624,86,0.05,1,0,0,0
11187,3.0,3.8553553390593276,0.855355339059328,87,0.05,1,0,0,0
11188,3.0,3.8341421356237313,0.8341421356237315,84,0.05,1,0,0,0
11189,3.0,3.8482842712474623,0.8482842712474625,86,0.05,1,0,0,0
11190,3.0,3.875270977374955,0.8752709773749553,90,0.05,1,0,0,0
11191,3.0,3.871128841751224,0.8711288417512243,89,0.05,1,0,0,0
11192,3.0,3.8482842712474623,0.8482842712474625,86,0.05,1,0,0,0
11193,3.0,3.8341421356237313,0.8341421356237315,84,0.05,1,0,0,0
11194,3.0,3.862760208819389,0.8627602088193894,88,0.05,1,0,0,0
11195,3.0,3.883973412254986,0.8839734122549859,91,0.05,1,0,0,0
11196,3.0,3.891044480066851,0.8910444800668514,93,0.05,1,0,0,0
11197,3.0,3.8482842712474623,0.8482842712474625,86,0.05,1,0,0,0
11198,3.0,3.862426406871193,0.8624264068711933,88,0.05,1,0,0,0
11199,3.0,3.8598312766312546,0.8598312766312549,88,0.05,1,0,0,0
11200,3.0,3.8341421356237313,0.8341421356237315,84,0.05,1,0,0,0
11201,3.0,3.841213203435597,0.841213203435597,85,0.05,1,0,0,0
11202,3.0,3.861128841751224,0.8611288417512243,88,0.05,1,0,0,0
11203,3.0,3.88234204518682,0.8823420451868206,91,0.05,1,0,0,0
11204,3.0,3.917697384246148,0.9176973842461481,96,0.05,1,0,0,0
11205,3.0,3.8553553390593276,0.8553553390593279,87,0.05,1,0,0,0
11206,3.0,3.861128841751224,0.8611288417512242,88,0.05,1,0,0,0
11207,3.0,3.8553553390593276,0.8553553390593278,87,0.05,1,0,0,0
11208,3.0,3.8482842712474623,0.8482842712474625,86,0.05,1,0,0,0
11209,3.0,3.8341421356237313,0.8341421356237315,84,0.05,1,0,0,0
11210,3.0,3.8200000000000003,0.8200000000000005,82,0.05,1,0,0,0
11211,3.0,3.841213203435597,0.841213203435597,85,0.05,1,0,0,0
11212,3.0,3.8399156383156274,0.8399156383156278,85,0.05,1,0,0,0
11213,3.0,3.841213203435597,0.841213203435597,85,0.05,1,0,0,0
11214,3.0,3.841213203435597,0.841213203435597,85,0.05,1,0,0,0
11215,3.0,3.8553553390593276,0.8553553390593279,87,0.05,1,0,0,0
11216,3.0,3.8341421356237313,0.8341421356237315,84,0.05,1,0,0,0
11217,3.0,3.8482842712474623,0.8482842712474624,86,0.05,1,0,0,0
11218,3.0,3.8681999095630895,0.8681999095630897,89,0.05,1,0,0,0
11219,3.0,3.895186615690582,0.8951866156905823,93,0.05,1,0,0,0
11220,3.0,3.8553553390593276,0.8553553390593279,87,0.05,1,0,0,0
11221,3.0,3.841213203435597,0.841213203435597,85,0.05,1,0,0,0
11222,3.0,3.8270710678118656,0.827071067811866,83,0.05,1,0,0,0
11223,3.0,3.8341421356237313,0.8341421356237314,84,0.05,1,0,0,0
11224,3.0,3.869497474683059,0.8694974746830589,89,0.05,1,0,0,0
11225,3.0,3.8482842712474623,0.8482842712474625,86,0.05,1,0,0,0
11226,3.0,3.871128841751224,0.8711288417512243,89,0.05,1,0,0,0
11227,3.0,3.8482842712474623,0.8482842712474624,86,0.05,1,0,0,0
11228,3.0,3.8341421356237313,0.8341421356237315,84,0.05,1,0,0,0
11229,3.0,3.8341421356237313,0.8341421356237315,84,0.05,1,0,0,0
11230,3.0,3.869497474683059,0.8694974746830589,89,0.05,1,0,0,0
11231,3.0,3.8270710678118656,0.827071067811866,83,0.05,1,0,0,0
11232,3.0,3.861128841751224,0.8611288417512242,88,0.05,1,0,0,0
11233,3.0,3.8270710678118656,0.827071067811866,83,0.05,1,0,0,0
11234,3.0,3.8270710678118656,0.827071067811866,83,0.05,1,0,0,0
11235,3.0,3.8341421356237313,0.8341421356237315,84,0.05,1,0,0,0
11236,3.0,3.8341421356237313,0.8341421356237314,84,0.05,1,0,0,0
11237,3.0,3.8681999095630895,0.8681999095630897,89,0.05,1,0,0,0
11238,3.0,3.890710678118655,0.8907106781186553,92,0.05,1,0,0,0
11239,3.0,3.8341421356237313,0.8341421356237315,84,0.05,1,0,0,0
11240,3.0,3.8270710678118656,0.827071067811866,83,0.05,1,0,0,0
11241,3.0,3.8823420451868205,0.8823420451868207,91,0.05,1,0,0,0
11242,3.0,3.8341421356237313,0.8341421356237315,84,0.05,1,0,0,0
11243,3.0,3.8341421356237313,0.8341421356237315,84,0.05,1,0,0,0
11244,3.0,3.854057773939359,0.8540577739393588,87,0.05,1,0,0,0
11245,3.0,3.841213203435597,0.841213203435597,85,0.05,1,0,0,0
11246,3.0,3.8200000000000003,0.8200000000000005,82,0.05,1,0,0,0
11247,3.0,3.8553553390593276,0.8553553390593279,87,0.05,1,0,0,0
11248,3.0,3.8200000000000003,0.8200000000000005,82,0.05,1,0,0,0
11249,3.0,3.8200000000000003,0.8200000000000005,82,0.05,1,0,0,0
11250,3.0,3.8399156383156274,0.8399156383156278,85,0.05,1,0,0,0
11251,3.0,3.8200000000000003,0.8200000000000005,82,0.05,1,0,0,0
11252,3.0,3.8341421356237313,0.8341421356237315,84,0.05,1,0,0,0
11253,3.0,3.8907106781186553,0.8907106781186555,92,0.05,1,0,0,0
11254,3.0,3.8873420451868204,0.8873420451868207,92,0.05,1,0,0,0
11255,3.0,3.841213203435597,0.841213203435597,85,0.05,1,0,0,0
11256,3.0,3.8482842712474623,0.8482842712474625,86,0.05,1,0,0,0
11257,3.0,3.8200000000000003,0.8200000000000005,82,0.05,1,0,0,0
11258,3.0,3.841213203435597,0.8412132034355969,85,0.05,1,0,0,0
11259,3.0,3.841213203435597,0.841213203435597,85,0.05,1,0,0,0
11260,3.0,3.8341421356237313,0.8341421356237314,84,0.05,1,0,0,0
11261,3.0,3.858284271247462,0.8582842712474625,87,0.05,1,0,0,0
11262,3.0,3.8200000000000003,0.8200000000000005,82,0.05,1,0,0,0
11263,3.0,3.8482842712474623,0.8482842712474625,86,0.05,1,0,0,0
11264,3.0,3.8341421356237313,0.8341421356237315,84,0.05,1,0,0,0
11265,3.0,3.8553553390593276,0.855355339059328,87,0.05,1,0,0,0
11266,3.0,3.890710678118655,0.8907106781186552,92,0.05,1,0,0,0
11267,3.0,3.8527602088193893,0.8527602088193895,87,0.05,1,0,0,0
11268,3.0,3.8270710678118656,0.827071067811866,83,0.05,1,0,0,0
11269,3.0,3.8907106781186553,0.8907106781186556,92,0.05,1,0,0,0
11270,3.0,3.8482842712474623,0.8482842712474624,86,0.05,1,0,0,0
11271,3.0,3.8270710678118656,0.827071067811866,83,0.05,1,0,0,0
11272,3.0,3.8341421356237313,0.8341421356237315,84,0.05,1,0,0,0
11273,3.0,3.8765685424949243,0.8765685424949243,90,0.05,1,0,0,0
11274,3.0,3.841213203435597,0.841213203435597,85,0.05,1,0,0,0
11275,3.0,3.8341421356237313,0.8341421356237315,84,0.05,1,0,0,0
11276,3.0,3.8669023444431203,0.8669023444431204,89,0.05,1,0,0,0
11277,3.0,3.8412132034355966,0.8412132034355969,85,0.05,1,0,0,0
11278,3.0,3.9271733218180747,0.9271733218180749,98,0.05,1,0,0,0
11279,3.0,3.879497474683059,0.8794974746830588,90,0.05,1,0,0,0
11280,3.0,3.8765685424949243,0.8765685424949243,90,0.05,1,0,0,0
11281,3.0,3.8341421356237313,0.8341421356237315,84,0.05,1,0,0,0
11282,3.0,3.869497474683059,0.8694974746830589,89,0.05,1,0,0,0
11283,3.0,3.8482842712474623,0.8482842712474625,86,0.05,1,0,0,0
11284,3.0,3.8200000000000003,0.8200000000000005,82,0.05,1,0,0,0
11285,3.0,3.841213203435597,0.841213203435597,85,0.05,1,0,0,0
11286,3.0,3.8553553390593276,0.8553553390593279,87,0.05,1,0,0,0
11287,3.0,3.8482842712474623,0.8482842712474625,86,0.05,1,0,0,0
11288,3.0,3.841213203435597,0.841213203435597,85,0.05,1,0,0,0
11289,3.0,3.8200000000000003,0.8200000000000005,82,0.05,1,0,0,0
11290,3.0,3.832844570503762,0.8328445705037623,84,0.05,1,0,0,0
11291,3.0,3.8482842712474623,0.8482842712474625,86,0.05,1,0,0,0
11292,3.0,3.8200000000000003,0.8200000000000005,82,0.05,1,0,0,0
11293,3.0,3.8341421356237313,0.8341421356237315,84,0.05,1,0,0,0
11294,3.0,3.851213203435597,0.8512132034355969,86,0.05,1,0,0,0
11295,3.0,3.8624264068711933,0.8624264068711935,88,0.05,1,0,0,0
11296,3.0,3.8270710678118656,0.827071067811866,83,0.05,1,0,0,0
11297,3.0,3.936066017177983,0.936066017177983,98,0.05,1,0,0,0
11298,3.0,3.8765685424949243,0.8765685424949244,90,0.05,1,0,0,0
11299,3.0,3.8200000000000003,0.8200000000000005,82,0.05,1,0,0,0
11300,3.0,3.8540577739393584,0.8540577739393587,87,0.05,1,0,0,0
11301,3.0,3.8270710678118656,0.827071067811866,83,0.05,1,0,0,0
11302,3.0,3.890710678118655,0.8907106781186553,92,0.05,1,0,0,0
11303,3.0,3.8482842712474623,0.8482842712474625,86,0.05,1,0,0,0
11304,3.0,3.885270977374955,0.8852709773749551,91,0.05,1,0,0,0
11305,3.0,3.890710678118655,0.8907106781186555,92,0.05,1,0,0,0
11306,3.0,3.8752709773749547,0.8752709773749552,90,0.05,1,0,0,0
11307,3.0,3.8270710678118656,0.827071067811866,83,0.05,1,0,0,0
11308,3.0,3.8200000000000003,0.8200000000000005,82,0.05,1,0,0,0
11309,3.0,3.8681999095630895,0.8681999095630897,89,0.05,1,0,0,0
11310,3.0,3.8200000000000003,0.8200000000000005,82,0.05,1,0,0,0
11311,3.0,3.895186615690582,0.8951866156905822,93,0.05,1,0,0,0
11312,3.0,3.879497474683059,0.8794974746830589,90,0.05,1,0,0,0
11313,3.0,3.8694974746830586,0.8694974746830589,89,0.05,1,0,0,0
11314,3.0,3.86690234444312,0.8669023444431203,89,0.05,1,0,0,0
11315,3.0,3.8200000000000003,0.8200000000000005,82,0.05,1,0,0,0
11316,3.0,3.8681999095630895,0.8681999095630897,89,0.05,1,0,0,0
11317,3.0,3.8341421356237313,0.8341421356237314,84,0.05,1,0,0,0
11318,3.0,3.8482842712474623,0.8482842712474624,86,0.05,1,0,0,0
11319,3.0,3.8341421356237313,0.8341421356237315,84,0.05,1,0,0,0
11320,3.0,3.8694974746830586,0.8694974746830589,89,0.05,1,0,0,0
11321,3.0,3.8200000000000003,0.8200000000000005,82,0.05,1,0,0,0
11322,3.0,3.8412132034355966,0.8412132034355969,85,0.05,1,0,0,0
11323,3.0,3.9048528137423864,0.9048528137423864,94,0.05,1,0,0,0
11324,3.0,3.8341421356237313,0.8341421356237315,84,0.05,1,0,0,0
11325,3.0,3.8341421356237313,0.8341421356237314,84,0.05,1,0,0,0
11326,3.0,3.9035552486224168,0.9035552486224172,94,0.05,1,0,0,0
11327,3.0,3.8482842712474623,0.8482842712474625,86,0.05,1,0,0,0
11328,3.0,3.8553553390593276,0.8553553390593279,87,0.05,1,0,0,0
11329,3.0,3.8540577739393584,0.8540577739393587,87,0.05,1,0,0,0
11330,3.0,3.861128841751224,0.8611288417512242,88,0.05,1,0,0,0
11331,3.0,3.8553553390593276,0.855355339059328,87,0.05,1,0,0,0
11332,3.0,3.8669023444431203,0.8669023444431204,89,0.05,1,0,0,0
11333,3.0,3.8624264068711933,0.8624264068711935,88,0.05,1,0,0,0
11334,3.0,3.8200000000000003,0.8200000000000005,82,0.05,1,0,0,0
11335,3.0,3.8553553390593276,0.8553553390593279,87,0.05,1,0,0,0
11336,3.0,3.8553553390593276,0.8553553390593279,87,0.05,1,0,0,0
11337,3.0,3.8200000000000003,0.8200000000000005,82,0.05,1,0,0,0
11338,3.0,3.8341421356237313,0.8341421356237315,84,0.05,1,0,0,0
11339,3.0,3.8270710678118656,0.827071067811866,83,0.05,1,0,0,0
11340,3.0,3.872426406871193,0.8724264068711934,89,0.05,1,0,0,0
11341,3.0,3.8553553390593276,0.8553553390593279,87,0.05,1,0,0,0
11342,3.0,3.8341421356237313,0.8341421356237315,84,0.05,1,0,0,0
11343,3.0,3.895186615690582,0.8951866156905823,93,0.05,1,0,0,0
11344,3.0,3.8977817459305206,0.8977817459305208,93,0.05,1,0,0,0
11345,3.0,3.858284271247462,0.8582842712474624,87,0.05,1,0,0,0
11346,3.0,3.862426406871193,0.8624264068711933,88,0.05,1,0,0,0
11347,3.0,3.897781745930521,0.8977817459305211,93,0.05,1,0,0,0
11348,3.0,3.879831276631255,0.879831276631255,91,0.05,1,0,0,0
11349,3.0,3.841213203435597,0.841213203435597,85,0.05,1,0,0,0
11350,3.0,3.8341421356237313,0.8341421356237315,84,0.05,1,0,0,0
11351,3.0,3.8412132034355966,0.8412132034355969,85,0.05,1,0,0,0
11352,3.0,3.8341421356237313,0.8341421356237315,84,0.05,1,0,0,0
11353,3.0,3.8482842712474623,0.8482842712474625,86,0.05,1,0,0,0
11354,3.0,3.841213203435597,0.841213203435597,85,0.05,1,0,0,0
11355,3.0,3.841213203435597,0.841213203435597,85,0.05,1,0,0,0
11356,3.0,3.8482842712474623,0.8482842712474625,86,0.05,1,0,0,0
11357,3.0,3.844142135623731,0.8441421356237314,85,0.05,1,0,0,0
11358,3.0,3.8270710678118656,0.827071067811866,83,0.05,1,0,0,0
11359,3.0,3.8823420451868205,0.8823420451868206,91,0.05,1,0,0,0
11360,3.0,3.846986706127493,0.8469867061274933,86,0.05,1,0,0,0
11361,3.0,3.861128841751224,0.8611288417512243,88,0.05,1,0,0,0
11362,3.0,3.8824264068711933,0.8824264068711934,90,0.05,1,0,0,0
11363,3.0,3.8553553390593276,0.8553553390593279,87,0.05,1,0,0,0
11364,3.0,3.851213203435597,0.851213203435597,86,0.05,1,0,0,0
11365,3.0,3.886568542494924,0.8865685424949244,91,0.05,1,0,0,0
11366,3.0,3.8482842712474623,0.8482842712474625,86,0.05,1,0,0,0
11367,3.0,3.8681999095630895,0.8681999095630897,89,0.05,1,0,0,0
11368,3.0,3.858284271247462,0.8582842712474625,87,0.05,1,0,0,0
11369,3.0,3.879497474683059,0.8794974746830589,90,0.05,1,0,0,0
11370,3.0,3.8881155478787166,0.8881155478787169,92,0.05,1,0,0,0
11371,3.0,3.8341421356237313,0.8341421356237315,84,0.05,1,0,0,0
11372,3.0,3.841213203435597,0.841213203435597,85,0.05,1,0,0,0
11373,3.0,3.854057773939359,0.8540577739393588,87,0.05,1,0,0,0
11374,3.0,3.8200000000000003,0.8200000000000005,82,0.05,1,0,0,0
11375,3.0,3.861128841751224,0.8611288417512243,88,0.05,1,0,0,0
11376,3.0,3.8752709773749547,0.8752709773749552,90,0.05,1,0,0,0
11377,3.0,3.8553553390593276,0.8553553390593279,87,0.05,1,0,0,0
11378,3.0,3.8341421356237313,0.8341421356237315,84,0.05,1,0,0,0
11379,3.0,3.8341421356237313,0.8341421356237315,84,0.05,1,0,0,0
11380,3.0,3.8482842712474623,0.8482842712474624,86,0.05,1,0,0,0
11381,3.0,3.8482842712474623,0.8482842712474625,86,0.05,1,0,0,0
11382,3.0,3.8669023444431203,0.8669023444431204,89,0.05,1,0,0,0
11383,3.0,3.841213203435597,0.841213203435597,85,0.05,1,0,0,0
11384,3.0,3.865355339059328,0.865355339059328,88,0.05,1,0,0,0
11385,3.0,3.8724264068711935,0.8724264068711935,89,0.05,1,0,0,0
11386,3.0,3.8341421356237313,0.8341421356237315,84,0.05,1,0,0,0
11387,3.0,3.841213203435597,0.8412132034355969,85,0.05,1,0,0,0
11388,3.0,3.8482842712474623,0.8482842712474624,86,0.05,1,0,0,0
11389,3.0,3.8341421356237313,0.8341421356237315,84,0.05,1,0,0,0
11390,3.0,3.841213203435597,0.841213203435597,85,0.05,1,0,0,0
11391,3.0,3.841213203435597,0.841213203435597,85,0.05,1,0,0,0
11392,3.0,3.8200000000000003,0.8200000000000005,82,0.05,1,0,0,0
11393,3.0,3.8781999095630892,0.8781999095630896,90,0.05,1,0,0,0
11394,3.0,3.8482842712474623,0.8482842712474624,86,0.05,1,0,0,0
11395,3.0,3.862426406871193,0.8624264068711934,88,0.05,1,0,0,0
11396,3.0,3.8200000000000003,0.8200000000000005,82,0.05,1,0,0,0
11397,3.0,3.8836396103067896,0.8836396103067898,91,0.05,1,0,0,0
11398,3.0,3.841213203435597,0.841213203435597,85,0.05,1,0,0,0
11399,3.0,3.8200000000000003,0.8200000000000005,82,0.05,1,0,0,0
11400,3.0,3.8553553390593276,0.8553553390593279,87,0.05,1,0,0,0
11401,3.0,3.8553553390593276,0.8553553390593279,87,0.05,1,0,0,0
11402,3.0,3.8270710678118656,0.827071067811866,83,0.05,1,0,0,0
11403,3.0,3.8412132034355966,0.8412132034355969,85,0.05,1,0,0,0
11404,3.0,3.8341421356237313,0.8341421356237315,84,0.05,1,0,0,0
11405,3.0,3.8482842712474623,0.8482842712474625,86,0.05,1,0,0,0
11406,3.0,3.8482842712474623,0.8482842712474624,86,0.05,1,0,0,0
11407,3.0,3.922173321818075,0.9221733218180751,97,0.05,1,0,0,0
11408,3.0,3.862426406871193,0.8624264068711933,88,0.05,1,0,0,0
11409,3.0,3.841213203435597,0.841213203435597,85,0.05,1,0,0,0
11410,3.0,3.8624264068711933,0.8624264068711934,88,0.05,1,0,0,0
11411,3.0,3.8200000000000003,0.8200000000000005,82,0.05,1,0,0,0
11412,3.0,3.8412132034355966,0.8412132034355969,85,0.05,1,0,0,0
11413,3.0,3.8270710678118656,0.827071067811866,83,0.05,1,0,0,0
11414,3.0,3.8270710678118656,0.827071067811866,83,0.05,1,0,0,0
11415,3.0,3.8341421356237313,0.8341421356237315,84,0.05,1,0,0,0
11416,3.0,3.8270710678118656,0.827071067811866,83,0.05,1,0,0,0
11417,3.0,3.8482842712474623,0.8482842712474625,86,0.05,1,0,0,0
11418,3.0,3.8624264068711933,0.8624264068711935,88,0.05,1,0,0,0
11419,3.0,3.8482842712474623,0.8482842712474624,86,0.05,1,0,0,0
11420,3.0,3.8341421356237313,0.8341421356237315,84,0.05,1,0,0,0
11421,3.0,3.862426406871193,0.8624264068711934,88,0.05,1,0,0,0
11422,3.0,3.841213203435597,0.841213203435597,85,0.05,1,0,0,0
11423,3.0,3.8412132034355966,0.8412132034355969,85,0.05,1,0,0,0
11424,3.0,3.8341421356237313,0.8341421356237315,84,0.05,1,0,0,0
11425,3.0,3.8469867061274927,0.8469867061274932,86,0.05,1,0,0,0
11426,3.0,3.8553553390593276,0.8553553390593279,87,0.05,1,0,0,0
11427,3.0,3.8540577739393584,0.8540577739393588,87,0.05,1,0,0,0
11428,3.0,3.8270710678118656,0.827071067811866,83,0.05,1,0,0,0
11429,3.0,3.8270710678118656,0.827071067811866,83,0.05,1,0,0,0
11430,3.0,3.861128841751224,0.8611288417512242,88,0.05,1,0,0,0
11431,3.0,3.8341421356237313,0.8341421356237315,84,0.05,1,0,0,0
11432,3.0,3.841213203435597,0.841213203435597,85,0.05,1,0,0,0
11433,3.0,3.88234204518682,0.8823420451868206,91,0.05,1,0,0,0
11434,3.0,3.889413112998686,0.8894131129986862,92,0.05,1,0,0,0
11435,3.0,3.8341421356237313,0.8341421356237315,84,0.05,1,0,0,0
11436,3.0,3.8399156383156274,0.8399156383156278,85,0.05,1,0,0,0
11437,3.0,3.8270710678118656,0.827071067811866,83,0.05,1,0,0,0
11438,3.0,3.8694974746830586,0.8694974746830589,89,0.05,1,0,0,0
11439,3.0,3.841213203435597,0.841213203435597,85,0.05,1,0,0,0
11440,3.0,3.8399156383156274,0.8399156383156278,85,0.05,1,0,0,0
11441,3.0,3.8681999095630895,0.8681999095630898,89,0.05,1,0,0,0
11442,3.0,3.8553553390593276,0.8553553390593279,87,0.05,1,0,0,0
11443,3.0,3.8270710678118656,0.827071067811866,83,0.05,1,0,0,0
11444,3.0,3.841213203435597,0.841213203435597,85,0.05,1,0,0,0
11445,3.0,3.862426406871193,0.8624264068711933,88,0.05,1,0,0,0
11446,3.0,3.8270710678118656,0.827071067811866,83,0.05,1,0,0,0
11447,3.0,3.8270710678118656,0.827071067811866,83,0.05,1,0,0,0
11448,3.0,3.8200000000000003,0.8200000000000005,82,0.05,1,0,0,0
11449,3.0,3.8553553390593276,0.8553553390593279,87,0.05,1,0,0,0
11450,3.0,3.8412132034355966,0.8412132034355969,85,0.05,1,0,0,0
11451,3.0,3.90363961030679,0.9036396103067901,93,0.05,1,0,0,0
11452,3.0,3.8482842712474623,0.8482842712474625,86,0.05,1,0,0,0
11453,3.0,3.8694974746830586,0.8694974746830589,89,0.05,1,0,0,0
11454,3.0,3.8412132034355966,0.8412132034355969,85,0.05,1,0,0,0
11455,3.0,3.862426406871193,0.8624264068711934,88,0.05,1,0,0,0
11456,3.0,3.862426406871193,0.8624264068711933,88,0.05,1,0,0,0
11457,3.0,3.8200000000000003,0.8200000000000005,82,0.05,1,0,0,0
11458,3.0,3.8553553390593276,0.8553553390593278,87,0.05,1,0,0,0
11459,3.0,3.8553553390593276,0.855355339059328,87,0.05,1,0,0,0
11460,3.0,3.8624264068711933,0.8624264068711934,88,0.05,1,0,0,0
11461,3.0,3.8341421356237313,0.8341421356237315,84,0.05,1,0,0,0
11462,3.0,3.8482842712474623,0.8482842712474624,86,0.05,1,0,0,0
11463,3.0,3.841213203435597,0.841213203435597,85,0.05,1,0,0,0
11464,3.0,3.861128841751224,0.8611288417512242,88,0.05,1,0,0,0
11465,3.0,3.8482842712474623,0.8482842712474624,86,0.05,1,0,0,0
11466,3.0,3.8482842712474623,0.8482842712474624,86,0.05,1,0,0,0
11467,3.0,3.861128841751224,0.8611288417512242,88,0.05,1,0,0,0
11468,3.0,3.8624264068711933,0.8624264068711934,88,0.05,1,0,0,0
11469,3.0,3.841213203435597,0.841213203435597,85,0.05,1,0,0,0
11470,3.0,3.8482842712474623,0.8482842712474624,86,0.05,1,0,0,0
11471,3.0,3.846986706127493,0.8469867061274933,86,0.05,1,0,0,0
11472,3.0,3.8482842712474623,0.8482842712474624,86,0.05,1,0,0,0
11473,3.0,3.8341421356237313,0.8341421356237314,84,0.05,1,0,0,0
11474,3.0,3.8482842712474623,0.8482842712474624,86,0.05,1,0,0,0
11475,3.0,3.8341421356237313,0.8341421356237315,84,0.05,1,0,0,0
11476,3.0,3.841213203435597,0.841213203435597,85,0.05,1,0,0,0
11477,3.0,3.841213203435597,0.8412132034355969,85,0.05,1,0,0,0
11478,3.0,3.8482842712474623,0.8482842712474624,86,0.05,1,0,0,0
11479,3.0,3.8681999095630895,0.8681999095630898,89,0.05,1,0,0,0
11480,3.0,3.8752709773749547,0.8752709773749551,90,0.05,1,0,0,0
11481,3.0,3.8482842712474623,0.8482842712474624,86,0.05,1,0,0,0
11482,3.0,3.8341421356237313,0.8341421356237315,84,0.05,1,0,0,0
11483,3.0,3.8553553390593276,0.8553553390593279,87,0.05,1,0,0,0
11484,3.0,3.8200000000000003,0.8200000000000005,82,0.05,1,0,0,0
11485,3.0,3.8270710678118656,0.827071067811866,83,0.05,1,0,0,0
11486,3.0,3.8270710678118656,0.827071067811866,83,0.05,1,0,0,0
11487,3.0,3.8482842712474623,0.8482842712474625,86,0.05,1,0,0,0
11488,3.0,3.841213203435597,0.841213203435597,85,0.05,1,0,0,0
11489,3.0,3.8341421356237313,0.8341421356237314,84,0.05,1,0,0,0
11490,3.0,3.8399156383156274,0.8399156383156278,85,0.05,1,0,0,0
11491,3.0,3.8752709773749547,0.8752709773749552,90,0.05,1,0,0,0
11492,3.0,3.865355339059328,0.8653553390593279,88,0.05,1,0,0,0
11493,3.0,3.8200000000000003,0.8200000000000005,82,0.05,1,0,0,0
11494,3.0,3.8482842712474623,0.8482842712474624,86,0.05,1,0,0,0
11495,3.0,3.8341421356237313,0.8341421356237315,84,0.05,1,0,0,0
11496,3.0,3.8624264068711933,0.8624264068711935,88,0.05,1,0,0,0
11497,3.0,3.8694974746830586,0.8694974746830589,89,0.05,1,0,0,0
11498,3.0,3.8341421356237313,0.8341421356237315,84,0.05,1,0,0,0
11499,3.0,3.8200000000000003,0.8200000000000005,82,0.05,1,0,0,0
11500,3.0,3.8270710678118656,0.827071067811866,83,0.05,1,0,0,0
11501,3.0,3.8341421356237313,0.8341421356237314,84,0.05,1,0,0,0
11502,3.0,3.861128841751224,0.8611288417512243,88,0.05,1,0,0,0
11503,3.0,3.8540577739393584,0.8540577739393587,87,0.05,1,0,0,0
11504,3.0,3.8624264068711933,0.8624264068711934,88,0.05,1,0,0,0
11505,3.0,3.8482842712474623,0.8482842712474624,86,0.05,1,0,0,0
11506,3.0,3.841213203435597,0.841213203435597,85,0.05,1,0,0,0
11507,3.0,3.866128841751224,0.8661288417512243,89,0.05,1,0,0,0
11508,3.0,3.8341421356237313,0.8341421356237315,84,0.05,1,0,0,0
11509,3.0,3.8341421356237313,0.8341421356237315,84,0.05,1,0,0,0
11510,3.0,3.8624264068711933,0.8624264068711934,88,0.05,1,0,0,0
11511,3.0,3.9219238815542514,0.9219238815542519,96,0.05,1,0,0,0
11512,3.0,3.8611288417512237,0.8611288417512241,88,0.05,1,0,0,0
11513,3.0,3.8624264068711933,0.8624264068711934,88,0.05,1,0,0,0
11514,3.0,3.9247684520580135,0.9247684520580135,97,0.05,1,0,0,0
11515,3.0,3.841213203435597,0.841213203435597,85,0.05,1,0,0,0
11516,3.0,3.8553553390593276,0.8553553390593279,87,0.05,1,0,0,0
11517,3.0,3.8412132034355966,0.8412132034355969,85,0.05,1,0,0,0
11518,3.0,3.862426406871193,0.8624264068711934,88,0.05,1,0,0,0
11519,3.0,3.8412132034355966,0.8412132034355969,85,0.05,1,0,0,0
11520,3.0,3.8482842712474623,0.8482842712474625,86,0.05,1,0,0,0
11521,3.0,3.8270710678118656,0.827071067811866,83,0.05,1,0,0,0
11522,3.0,3.862426406871193,0.8624264068711934,88,0.05,1,0,0,0
11523,3.0,3.875270977374955,0.8752709773749553,90,0.05,1,0,0,0
11524,3.0,3.8824264068711933,0.8824264068711934,90,0.05,1,0,0,0
11525,3.0,3.8270710678118656,0.827071067811866,83,0.05,1,0,0,0
11526,3.0,3.837071067811866,0.837071067811866,84,0.05,1,0,0,0
11527,3.0,3.8752709773749547,0.8752709773749551,90,0.05,1,0,0,0
11528,3.0,3.8270710678118656,0.827071067811866,83,0.05,1,0,0,0
11529,3.0,3.861128841751224,0.8611288417512242,88,0.05,1,0,0,0
11530,3.0,3.8270710678118656,0.827071067811866,83,0.05,1,0,0,0
11531,3.0,3.8200000000000003,0.8200000000000005,82,0.05,1,0,0,0
11532,3.0,3.8553553390593276,0.8553553390593279,87,0.05,1,0,0,0
11533,3.0,3.8624264068711933,0.8624264068711934,88,0.05,1,0,0,0
11534,3.0,3.861128841751224,0.8611288417512242,88,0.05,1,0,0,0
11535,3.0,3.8482842712474623,0.8482842712474625,86,0.05,1,0,0,0
11536,3.0,3.854057773939359,0.8540577739393588,87,0.05,1,0,0,0
11537,3.0,3.854057773939359,0.8540577739393588,87,0.05,1,0,0,0
11538,3.0,3.8624264068711933,0.8624264068711934,88,0.05,1,0,0,0
11539,3.0,3.8469867061274927,0.8469867061274932,86,0.05,1,0,0,0
11540,3.0,3.8694974746830586,0.8694974746830589,89,0.05,1,0,0,0
11541,3.0,3.8810444800668513,0.8810444800668515,91,0.05,1,0,0,0
11542,3.0,3.837071067811866,0.837071067811866,84,0.05,1,0,0,0
11543,3.0,3.8200000000000003,0.8200000000000005,82,0.05,1,0,0,0
11544,3.0,3.8553553390593276,0.855355339059328,87,0.05,1,0,0,0
11545,3.0,3.9001866156905822,0.9001866156905824,94,0.05,1,0,0,0
11546,3.0,3.8341421356237313,0.8341421356237314,84,0.05,1,0,0,0
11547,3.0,3.837071067811866,0.837071067811866,84,0.05,1,0,0,0
11548,3.0,3.8681999095630895,0.8681999095630897,89,0.05,1,0,0,0
11549,3.0,3.8270710678118656,0.827071067811866,83,0.05,1,0,0,0
11550,3.0,3.886817982758748,0.8868179827587478,92,0.05,1,0,0,0
11551,3.0,3.8752709773749547,0.8752709773749552,90,0.05,1,0,0,0
11552,3.0,3.8341421356237313,0.8341421356237315,84,0.05,1,0,0,0
11553,3.0,3.8341421356237313,0.8341421356237315,84,0.05,1,0,0,0
11554,3.0,3.8341421356237313,0.8341421356237315,84,0.05,1,0,0,0
11555,3.0,3.8482842712474623,0.8482842712474625,86,0.05,1,0,0,0
11556,3.0,3.8200000000000003,0.8200000000000005,82,0.05,1,0,0,0
11557,3.0,3.871128841751224,0.8711288417512242,89,0.05,1,0,0,0
11558,3.0,3.841213203435597,0.841213203435597,85,0.05,1,0,0,0
11559,3.0,3.8752709773749547,0.8752709773749553,90,0.05,1,0,0,0
11560,3.0,3.8341421356237313,0.8341421356237315,84,0.05,1,0,0,0
11561,3.0,3.8553553390593276,0.855355339059328,87,0.05,1,0,0,0
11562,3.0,3.8482842712474623,0.8482842712474624,86,0.05,1,0,0,0
11563,3.0,3.8694974746830586,0.8694974746830588,89,0.05,1,0,0,0
11564,3.0,3.8553553390593276,0.8553553390593279,87,0.05,1,0,0,0
11565,3.0,3.8341421356237313,0.8341421356237315,84,0.05,1,0,0,0
11566,3.0,3.841213203435597,0.841213203435597,85,0.05,1,0,0,0
11567,3.0,3.861128841751224,0.8611288417512242,88,0.05,1,0,0,0
11568,3.0,3.8624264068711933,0.8624264068711935,88,0.05,1,0,0,0
11569,3.0,3.8482842712474623,0.8482842712474624,86,0.05,1,0,0,0
11570,3.0,3.8341421356237313,0.8341421356237314,84,0.05,1,0,0,0
11571,3.0,3.8553553390593276,0.8553553390593279,87,0.05,1,0,0,0
11572,3.0,3.8624264068711933,0.8624264068711934,88,0.05,1,0,0,0
11573,3.0,3.8412132034355966,0.8412132034355969,85,0.05,1,0,0,0
11574,3.0,3.8412132034355966,0.8412132034355969,85,0.05,1,0,0,0
11575,3.0,3.8694974746830586,0.8694974746830588,89,0.05,1,0,0,0
11576,3.0,3.8341421356237313,0.8341421356237315,84,0.05,1,0,0,0
11577,3.0,3.8341421356237313,0.8341421356237315,84,0.05,1,0,0,0
11578,3.0,3.8270710678118656,0.827071067811866,83,0.05,1,0,0,0
11579,3.0,3.8449156383156273,0.8449156383156278,86,0.05,1,0,0,0
11580,3.0,3.846986706127493,0.8469867061274933,86,0.05,1,0,0,0
11581,3.0,3.8681999095630895,0.8681999095630898,89,0.05,1,0,0,0
11582,3.0,3.8553553390593276,0.8553553390593279,87,0.05,1,0,0,0
11583,3.0,3.873973412254986,0.8739734122549859,90,0.05,1,0,0,0
11584,3.0,3.8270710678118656,0.827071067811866,83,0.05,1,0,0,0
11585,3.0,3.8270710678118656,0.827071067811866,83,0.05,1,0,0,0
11586,3.0,3.8694974746830586,0.8694974746830589,89,0.05,1,0,0,0
11587,3.0,3.869497474683059,0.8694974746830589,89,0.05,1,0,0,0
11588,3.0,3.8341421356237313,0.8341421356237315,84,0.05,1,0,0,0
11589,3.0,3.841213203435597,0.841213203435597,85,0.05,1,0,0,0
11590,3.0,3.873973412254986,0.873973412254986,90,0.05,1,0,0,0
11591,3.0,3.875270977374955,0.8752709773749552,90,0.05,1,0,0,0
11592,3.0,3.841213203435597,0.841213203435597,85,0.05,1,0,0,0
11593,3.0,3.861128841751224,0.8611288417512243,88,0.05,1,0,0,0
11594,3.0,3.8200000000000003,0.8200000000000005,82,0.05,1,0,0,0
11595,3.0,3.8270710678118656,0.827071067811866,83,0.05,1,0,0,0
11596,3.0,3.8341421356237313,0.8341421356237315,84,0.05,1,0,0,0
11597,3.0,3.8823420451868205,0.8823420451868206,91,0.05,1,0,0,0
11598,3.0,3.8341421356237313,0.8341421356237315,84,0.05,1,0,0,0
11599,3.0,3.8923420451868207,0.8923420451868207,92,0.05,1,0,0,0
11600,3.0,3.8624264068711933,0.8624264068711934,88,0.05,1,0,0,0
11601,3.0,3.8341421356237313,0.8341421356237314,84,0.05,1,0,0,0
11602,3.0,3.841213203435597,0.841213203435597,85,0.05,1,0,0,0
11603,3.0,3.8270710678118656,0.827071067811866,83,0.05,1,0,0,0
11604,3.0,3.8836396103067896,0.8836396103067898,91,0.05,1,0,0,0
11605,3.0,3.8553553390593276,0.8553553390593278,87,0.05,1,0,0,0
11606,3.0,3.8482842712474623,0.8482842712474624,86,0.05,1,0,0,0
11607,3.0,3.8412132034355966,0.8412132034355969,85,0.05,1,0,0,0
11608,3.0,3.927697384246148,0.9276973842461482,97,0.05,1,0,0,0
11609,3.0,3.8482842712474623,0.8482842712474625,86,0.05,1,0,0,0
11610,3.0,3.8553553390593276,0.8553553390593279,87,0.05,1,0,0,0
11611,3.0,3.8923420451868203,0.8923420451868206,92,0.05,1,0,0,0
11612,3.0,3.8412132034355966,0.8412132034355969,85,0.05,1,0,0,0
11613,3.0,3.8270710678118656,0.827071067811866,83,0.05,1,0,0,0
11614,3.0,3.851213203435597,0.851213203435597,86,0.05,1,0,0,0
11615,3.0,3.8341421356237313,0.8341421356237315,84,0.05,1,0,0,0
11616,3.0,3.8341421356237313,0.8341421356237315,84,0.05,1,0,0,0
11617,3.0,3.86690234444312,0.8669023444431204,89,0.05,1,0,0,0
11618,3.0,3.8341421356237313,0.8341421356237315,84,0.05,1,0,0,0
11619,3.0,3.8482842712474623,0.8482842712474624,86,0.05,1,0,0,0
11620,3.0,3.8341421356237313,0.8341421356237315,84,0.05,1,0,0,0
11621,3.0,3.8553553390593276,0.855355339059328,87,0.05,1,0,0,0
11622,3.0,3.8270710678118656,0.827071067811866,83,0.05,1,0,0,0
11623,3.0,3.8482842712474623,0.8482842712474625,86,0.05,1,0,0,0
11624,3.0,3.8341421356237313,0.8341421356237315,84,0.05,1,0,0,0
11625,3.0,3.8836396103067896,0.88363961030679,91,0.05,1,0,0,0
11626,3.0,3.8881155478787166,0.8881155478787168,92,0.05,1,0,0,0
11627,3.0,3.8270710678118656,0.827071067811866,83,0.05,1,0,0,0
11628,3.0,3.8341421356237313,0.8341421356237315,84,0.05,1,0,0,0
11629,3.0,3.854057773939359,0.8540577739393588,87,0.05,1,0,0,0
11630,3.0,3.8270710678118656,0.827071067811866,83,0.05,1,0,0,0
11631,3.0,3.8694974746830586,0.8694974746830589,89,0.05,1,0,0,0
11632,3.0,3.8341421356237313,0.8341421356237315,84,0.05,1,0,0,0
11633,3.0,3.8200000000000003,0.8200000000000005,82,0.05,1,0,0,0
11634,3.0,3.8412132034355966,0.8412132034355969,85,0.05,1,0,0,0
11635,3.0,3.8270710678118656,0.827071067811866,83,0.05,1,0,0,0
11636,3.0,3.8553553390593276,0.8553553390593279,87,0.05,1,0,0,0
11637,3.0,3.8781999095630892,0.8781999095630897,90,0.05,1,0,0,0
11638,3.0,3.841213203435597,0.841213203435597,85,0.05,1,0,0,0
11639,3.0,3.8341421356237313,0.8341421356237315,84,0.05,1,0,0,0
11640,3.0,3.8553553390593276,0.855355339059328,87,0.05,1,0,0,0
11641,3.0,3.841213203435597,0.841213203435597,85,0.05,1,0,0,0
11642,3.0,3.8482842712474623,0.8482842712474625,86,0.05,1,0,0,0
11643,3.0,3.8341421356237313,0.8341421356237315,84,0.05,1,0,0,0
11644,3.0,3.889413112998686,0.8894131129986862,92,0.05,1,0,0,0
11645,3.0,3.8951866156905823,0.8951866156905824,93,0.05,1,0,0,0
11646,3.0,3.841213203435597,0.8412132034355969,85,0.05,1,0,0,0
11647,3.0,3.869497474683059,0.8694974746830589,89,0.05,1,0,0,0
11648,3.0,3.8399156383156274,0.8399156383156278,85,0.05,1,0,0,0
11649,3.0,3.858284271247462,0.8582842712474625,87,0.05,1,0,0,0
11650,3.0,3.869497474683059,0.8694974746830589,89,0.05,1,0,0,0
11651,3.0,3.8482842712474623,0.8482842712474624,86,0.05,1,0,0,0
11652,3.0,3.8341421356237313,0.8341421356237315,84,0.05,1,0,0,0
11653,3.0,3.8441421356237315,0.8441421356237315,85,0.05,1,0,0,0
11654,3.0,3.8624264068711933,0.8624264068711935,88,0.05,1,0,0,0
11655,3.0,3.8469867061274927,0.8469867061274932,86,0.05,1,0,0,0
11656,3.0,3.851213203435597,0.851213203435597,86,0.05,1,0,0,0
11657,3.0,3.8341421356237313,0.8341421356237314,84,0.05,1,0,0,0
11658,3.0,3.862426406871193,0.8624264068711933,88,0.05,1,0,0,0
11659,3.0,3.841213203435597,0.841213203435597,85,0.05,1,0,0,0
11660,3.0,3.8482842712474623,0.8482842712474624,86,0.05,1,0,0,0
11661,3.0,3.8270710678118656,0.827071067811866,83,0.05,1,0,0,0
11662,3.0,3.841213203435597,0.841213203435597,85,0.05,1,0,0,0
11663,3.0,3.8341421356237313,0.8341421356237315,84,0.05,1,0,0,0
11664,3.0,3.846986706127493,0.8469867061274933,86,0.05,1,0,0,0
11665,3.0,3.8341421356237313,0.8341421356237315,84,0.05,1,0,0,0
11666,3.0,3.862760208819389,0.8627602088193894,88,0.05,1,0,0,0
11667,3.0,3.8270710678118656,0.827071067811866,83,0.05,1,0,0,0
11668,3.0,3.846986706127493,0.8469867061274933,86,0.05,1,0,0,0
11669,3.0,3.8341421356237313,0.8341421356237315,84,0.05,1,0,0,0
11670,3.0,3.8482842712474623,0.8482842712474625,86,0.05,1,0,0,0
11671,3.0,3.8412132034355966,0.8412132034355969,85,0.05,1,0,0,0
11672,3.0,3.8200000000000003,0.8200000000000005,82,0.05,1,0,0,0
11673,3.0,3.8482842712474623,0.8482842712474624,86,0.05,1,0,0,0
11674,3.0,3.8553553390593276,0.8553553390593279,87,0.05,1,0,0,0
11675,3.0,3.8765685424949243,0.8765685424949242,90,0.05,1,0,0,0
11676,3.0,3.841213203435597,0.841213203435597,85,0.05,1,0,0,0
11677,3.0,3.8200000000000003,0.8200000000000005,82,0.05,1,0,0,0
11678,3.0,3.8482842712474623,0.8482842712474625,86,0.05,1,0,0,0
11679,3.0,3.8553553390593276,0.8553553390593278,87,0.05,1,0,0,0
11680,3.0,3.8694974746830586,0.8694974746830588,89,0.05,1,0,0,0
11681,3.0,3.8200000000000003,0.8200000000000005,82,0.05,1,0,0,0
11682,3.0,3.8553553390593276,0.8553553390593279,87,0.05,1,0,0,0
11683,3.0,3.8553553390593276,0.855355339059328,87,0.05,1,0,0,0
11684,3.0,3.8412132034355966,0.8412132034355969,85,0.05,1,0,0,0
11685,3.0,3.8553553390593276,0.8553553390593279,87,0.05,1,0,0,0
11686,3.0,3.8553553390593276,0.855355339059328,87,0.05,1,0,0,0
11687,3.0,3.869497474683059,0.869497474683059,89,0.05,1,0,0,0
11688,3.0,3.8624264068711933,0.8624264068711935,88,0.05,1,0,0,0
11689,3.0,3.8200000000000003,0.8200000000000005,82,0.05,1,0,0,0
11690,3.0,3.8482842712474623,0.8482842712474625,86,0.05,1,0,0,0
11691,3.0,3.8341421356237313,0.8341421356237314,84,0.05,1,0,0,0
11692,3.0,3.9035552486224168,0.9035552486224171,94,0.05,1,0,0,0
11693,3.0,3.8482842712474623,0.8482842712474624,86,0.05,1,0,0,0
11694,3.0,3.8341421356237313,0.8341421356237315,84,0.05,1,0,0,0
11695,3.0,3.8694974746830586,0.8694974746830588,89,0.05,1,0,0,0
11696,3.0,3.8553553390593276,0.8553553390593278,87,0.05,1,0,0,0
11697,3.0,3.8482842712474623,0.8482842712474625,86,0.05,1,0,0,0
11698,3.0,3.8553553390593276,0.855355339059328,87,0.05,1,0,0,0
11699,3.0,3.8270710678118656,0.827071067811866,83,0.05,1,0,0,0
11700,3.0,3.862426406871193,0.8624264068711933,88,0.05,1,0,0,0
11701,3.0,3.886817982758748,0.8868179827587478,92,0.05,1,0,0,0
11702,3.0,3.841213203435597,0.841213203435597,85,0.05,1,0,0,0
11703,3.0,3.8694974746830586,0.8694974746830588,89,0.05,1,0,0,0
11704,3.0,3.8482842712474623,0.8482842712474624,86,0.05,1,0,0,0
11705,3.0,3.869497474683059,0.869497474683059,89,0.05,1,0,0,0
11706,3.0,3.8200000000000003,0.8200000000000005,82,0.05,1,0,0,0
11707,3.0,3.854057773939359,0.8540577739393588,87,0.05,1,0,0,0
11708,3.0,3.8341421356237313,0.8341421356237315,84,0.05,1,0,0,0
11709,3.0,3.8341421356237313,0.8341421356237315,84,0.05,1,0,0,0
11710,3.0,3.8553553390593276,0.8553553390593279,87,0.05,1,0,0,0
11711,3.0,3.841213203435597,0.8412132034355969,85,0.05,1,0,0,0
11712,3.0,3.8341421356237313,0.8341421356237315,84,0.05,1,0,0,0
11713,3.0,3.8270710678118656,0.827071067811866,83,0.05,1,0,0,0
11714,3.0,3.8553553390593276,0.855355339059328,87,0.05,1,0,0,0
11715,3.0,3.8624264068711933,0.8624264068711935,88,0.05,1,0,0,0
11716,3.0,3.841213203435597,0.841213203435597,85,0.05,1,0,0,0
11717,3.0,3.8482842712474623,0.8482842712474624,86,0.05,1,0,0,0
11718,3.0,3.8270710678118656,0.827071067811866,83,0.05,1,0,0,0
11719,3.0,3.8341421356237313,0.8341421356237314,84,0.05,1,0,0,0
11720,3.0,3.869497474683058,0.8694974746830587,89,0.05,1,0,0,0
11721,3.0,3.8624264068711933,0.8624264068711934,88,0.05,1,0,0,0
11722,3.0,3.8553553390593276,0.8553553390593279,87,0.05,1,0,0,0
11723,3.0,3.8765685424949243,0.8765685424949244,90,0.05,1,0,0,0
11724,3.0,3.890710678118655,0.8907106781186551,92,0.05,1,0,0,0
11725,3.0,3.841213203435597,0.841213203435597,85,0.05,1,0,0,0
11726,3.0,3.872426406871193,0.8724264068711933,89,0.05,1,0,0,0
11727,3.0,3.8270710678118656,0.827071067811866,83,0.05,1,0,0,0
11728,3.0,3.862426406871193,0.8624264068711934,88,0.05,1,0,0,0
11729,3.0,3.8341421356237313,0.8341421356237314,84,0.05,1,0,0,0
11730,3.0,3.8553553390593276,0.855355339059328,87,0.05,1,0,0,0
11731,3.0,3.865355339059328,0.8653553390593279,88,0.05,1,0,0,0
11732,3.0,3.8482842712474623,0.8482842712474624,86,0.05,1,0,0,0
11733,3.0,3.8412132034355966,0.8412132034355969,85,0.05,1,0,0,0
11734,3.0,3.8441421356237315,0.8441421356237315,85,0.05,1,0,0,0
11735,3.0,3.8624264068711933,0.8624264068711934,88,0.05,1,0,0,0
11736,3.0,3.865355339059328,0.8653553390593279,88,0.05,1,0,0,0
11737,3.0,3.8200000000000003,0.8200000000000005,82,0.05,1,0,0,0
11738,3.0,3.8341421356237313,0.8341421356237315,84,0.05,1,0,0,0
11739,3.0,3.869497474683059,0.869497474683059,89,0.05,1,0,0,0
11740,3.0,3.8341421356237313,0.8341421356237315,84,0.05,1,0,0,0
11741,3.0,3.8694974746830586,0.8694974746830588,89,0.05,1,0,0,0
11742,3.0,3.8341421356237313,0.8341421356237315,84,0.05,1,0,0,0
11743,3.0,3.841213203435597,0.841213203435597,85,0.05,1,0,0,0
11744,3.0,3.8341421356237313,0.8341421356237315,84,0.05,1,0,0,0
11745,3.0,3.8341421356237313,0.8341421356237314,84,0.05,1,0,0,0
11746,3.0,3.89363961030679,0.89363961030679,92,0.05,1,0,0,0
11747,3.0,3.879497474683059,0.8794974746830588,90,0.05,1,0,0,0
11748,3.0,3.872426406871193,0.8724264068711934,89,0.05,1,0,0,0
11749,3.0,3.88234204518682,0.8823420451868205,91,0.05,1,0,0,0
11750,3.0,3.851986706127493,0.8519867061274933,87,0.05,1,0,0,0
11751,3.0,3.8694974746830586,0.8694974746830588,89,0.05,1,0,0,0
11752,3.0,3.8270710678118656,0.827071067811866,83,0.05,1,0,0,0
11753,3.0,3.8270710678118656,0.827071067811866,83,0.05,1,0,0,0
11754,3.0,3.8553553390593276,0.8553553390593279,87,0.05,1,0,0,0
11755,3.0,3.8399156383156274,0.8399156383156278,85,0.05,1,0,0,0
11756,3.0,3.841213203435597,0.841213203435597,85,0.05,1,0,0,0
11757,3.0,3.9035552486224168,0.9035552486224172,94,0.05,1,0,0,0
11758,3.0,3.8553553390593276,0.8553553390593279,87,0.05,1,0,0,0
11759,3.0,3.8341421356237313,0.8341421356237315,84,0.05,1,0,0,0
11760,3.0,3.8341421356237313,0.8341421356237315,84,0.05,1,0,0,0
11761,3.0,3.8341421356237313,0.8341421356237315,84,0.05,1,0,0,0
11762,3.0,3.8765685424949243,0.8765685424949244,90,0.05,1,0,0,0
11763,3.0,3.8482842712474623,0.8482842712474625,86,0.05,1,0,0,0
11764,3.0,3.841213203435597,0.8412132034355969,85,0.05,1,0,0,0
11765,3.0,3.8200000000000003,0.8200000000000005,82,0.05,1,0,0,0
11766,3.0,3.875270977374955,0.8752709773749553,90,0.05,1,0,0,0
11767,3.0,3.862426406871193,0.8624264068711934,88,0.05,1,0,0,0
11768,3.0,3.8553553390593276,0.855355339059328,87,0.05,1,0,0,0
11769,3.0,3.8553553390593276,0.8553553390593279,87,0.05,1,0,0,0
11770,3.0,3.8894131129986858,0.889413112998686,92,0.05,1,0,0,0
11771,3.0,3.8270710678118656,0.827071067811866,83,0.05,1,0,0,0
11772,3.0,3.8341421356237313,0.8341421356237314,84,0.05,1,0,0,0
11773,3.0,3.8341421356237313,0.8341421356237315,84,0.05,1,0,0,0
11774,3.0,3.841213203435597,0.841213203435597,85,0.05,1,0,0,0
11775,3.0,3.8341421356237313,0.8341421356237314,84,0.05,1,0,0,0
11776,3.0,3.8889734122549857,0.8889734122549859,92,0.05,1,0,0,0
11777,3.0,3.8341421356237313,0.8341421356237315,84,0.05,1,0,0,0
11778,3.0,3.858284271247462,0.8582842712474624,87,0.05,1,0,0,0
11779,3.0,3.8765685424949243,0.8765685424949243,90,0.05,1,0,0,0
11780,3.0,3.865355339059328,0.8653553390593279,88,0.05,1,0,0,0
11781,3.0,3.837071067811866,0.837071067811866,84,0.05,1,0,0,0
11782,3.0,3.872426406871193,0.8724264068711934,89,0.05,1,0,0,0
11783,3.0,3.8341421356237313,0.8341421356237315,84,0.05,1,0,0,0
11784,3.0,3.8341421356237313,0.8341421356237315,84,0.05,1,0,0,0
11785,3.0,3.858284271247462,0.8582842712474624,87,0.05,1,0,0,0
11786,3.0,3.8482842712474623,0.8482842712474624,86,0.05,1,0,0,0
11787,3.0,3.8482842712474623,0.8482842712474624,86,0.05,1,0,0,0
11788,3.0,3.8341421356237313,0.8341421356237315,84,0.05,1,0,0,0
11789,3.0,3.8341421356237313,0.8341421356237314,84,0.05,1,0,0,0
11790,3.0,3.8341421356237313,0.8341421356237315,84,0.05,1,0,0,0
11791,3.0,3.8412132034355966,0.8412132034355969,85,0.05,1,0,0,0
11792,3.0,3.846986706127493,0.8469867061274933,86,0.05,1,0,0,0
11793,3.0,3.8270710678118656,0.827071067811866,83,0.05,1,0,0,0
11794,3.0,3.861128841751224,0.8611288417512243,88,0.05,1,0,0,0
11795,3.0,3.8540577739393584,0.8540577739393588,87,0.05,1,0,0,0
11796,3.0,3.8553553390593276,0.8553553390593279,87,0.05,1,0,0,0
11797,3.0,3.8482842712474623,0.8482842712474625,86,0.05,1,0,0,0
11798,3.0,3.841213203435597,0.841213203435597,85,0.05,1,0,0,0
11799,3.0,3.8341421356237313,0.8341421356237315,84,0.05,1,0,0,0
11800,3.0,3.8482842712474623,0.8482842712474624,86,0.05,1,0,0,0
11801,3.0,3.8964841808105515,0.8964841808105517,93,0.05,1,0,0,0
11802,3.0,3.8341421356237313,0.8341421356237315,84,0.05,1,0,0,0
11803,3.0,3.841213203435597,0.841213203435597,85,0.05,1,0,0,0
11804,3.0,3.8341421356237313,0.8341421356237315,84,0.05,1,0,0,0
11805,3.0,3.8270710678118656,0.827071067811866,83,0.05,1,0,0,0
11806,3.0,3.885270977374955,0.8852709773749552,91,0.05,1,0,0,0
11807,3.0,3.8200000000000003,0.8200000000000005,82,0.05,1,0,0,0
11808,3.0,3.841213203435597,0.841213203435597,85,0.05,1,0,0,0
11809,3.0,3.8482842712474623,0.8482842712474624,86,0.05,1,0,0,0
11810,3.0,3.8270710678118656,0.827071067811866,83,0.05,1,0,0,0
11811,3.0,3.8412132034355966,0.8412132034355969,85,0.05,1,0,0,0
11812,3.0,3.8341421356237313,0.8341421356237315,84,0.05,1,0,0,0
11813,3.0,3.8482842712474623,0.8482842712474624,86,0.05,1,0,0,0
11814,3.0,3.8482842712474623,0.8482842712474625,86,0.05,1,0,0,0
11815,3.0,3.861128841751224,0.8611288417512242,88,0.05,1,0,0,0
11816,3.0,3.8482842712474623,0.8482842712474624,86,0.05,1,0,0,0
11817,3.0,3.8694974746830586,0.8694974746830589,89,0.05,1,0,0,0
11818,3.0,3.865355339059328,0.8653553390593279,88,0.05,1,0,0,0
11819,3.0,3.8553553390593276,0.855355339059328,87,0.05,1,0,0,0
11820,3.0,3.8694974746830586,0.8694974746830588,89,0.05,1,0,0,0
11821,3.0,3.8553553390593276,0.8553553390593279,87,0.05,1,0,0,0
11822,3.0,3.8553553390593276,0.8553553390593279,87,0.05,1,0,0,0
11823,3.0,3.890710678118655,0.8907106781186553,92,0.05,1,0,0,0
11824,3.0,3.8482842712474623,0.8482842712474624,86,0.05,1,0,0,0
11825,3.0,3.872426406871193,0.8724264068711934,89,0.05,1,0,0,0
11826,3.0,3.8553553390593276,0.8553553390593279,87,0.05,1,0,0,0
11827,3.0,3.8270710678118656,0.827071067811866,83,0.05,1,0,0,0
11828,3.0,3.8482842712474623,0.8482842712474625,86,0.05,1,0,0,0
11829,3.0,3.869497474683059,0.8694974746830589,89,0.05,1,0,0,0
11830,3.0,3.837071067811866,0.837071067811866,84,0.05,1,0,0,0
11831,3.0,3.8200000000000003,0.8200000000000005,82,0.05,1,0,0,0
11832,3.0,3.841213203435597,0.841213203435597,85,0.05,1,0,0,0
11833,3.0,3.8553553390593276,0.8553553390593279,87,0.05,1,0,0,0
11834,3.0,3.8270710678118656,0.827071067811866,83,0.05,1,0,0,0
11835,3.0,3.8270710678118656,0.827071067811866,83,0.05,1,0,0,0
11836,3.0,3.841213203435597,0.841213203435597,85,0.05,1,0,0,0
11837,3.0,3.8270710678118656,0.827071067811866,83,0.05,1,0,0,0
11838,3.0,3.8200000000000003,0.8200000000000005,82,0.05,1,0,0,0
11839,3.0,3.8200000000000003,0.8200000000000005,82,0.05,1,0,0,0
11840,3.0,3.8765685424949243,0.8765685424949243,90,0.05,1,0,0,0
11841,3.0,3.8540577739393584,0.8540577739393587,87,0.05,1,0,0,0
11842,3.0,3.8648312766312545,0.864831276631255,89,0.05,1,0,0,0
11843,3.0,3.8553553390593276,0.8553553390593279,87,0.05,1,0,0,0
11844,3.0,3.841213203435597,0.841213203435597,85,0.05,1,0,0,0
11845,3.0,3.8341421356237313,0.8341421356237315,84,0.05,1,0,0,0
11846,3.0,3.8553553390593276,0.855355339059328,87,0.05,1,0,0,0
11847,3.0,3.8482842712474623,0.8482842712474624,86,0.05,1,0,0,0
11848,3.0,3.8694974746830586,0.8694974746830587,89,0.05,1,0,0,0
11849,3.0,3.8341421356237313,0.8341421356237314,84,0.05,1,0,0,0
11850,3.0,3.8341421356237313,0.8341421356237314,84,0.05,1,0,0,0
11851,3.0,3.8624264068711933,0.8624264068711934,88,0.05,1,0,0,0
11852,3.0,3.8977817459305206,0.8977817459305208,93,0.05,1,0,0,0
11853,3.0,3.8694974746830586,0.8694974746830589,89,0.05,1,0,0,0
11854,3.0,3.8270710678118656,0.827071067811866,83,0.05,1,0,0,0
11855,3.0,3.8270710678118656,0.827071067811866,83,0.05,1,0,0,0
11856,3.0,3.8752709773749547,0.8752709773749553,90,0.05,1,0,0,0
11857,3.0,3.8553553390593276,0.8553553390593279,87,0.05,1,0,0,0
11858,3.0,3.8694974746830586,0.8694974746830589,89,0.05,1,0,0,0
11859,3.0,3.869497474683059,0.8694974746830589,89,0.05,1,0,0,0
11860,3.0,3.8836396103067896,0.88363961030679,91,0.05,1,0,0,0
11861,3.0,3.8669023444431203,0.8669023444431204,89,0.05,1,0,0,0
11862,3.0,3.846986706127493,0.8469867061274933,86,0.05,1,0,0,0
11863,3.0,3.8823420451868205,0.8823420451868207,91,0.05,1,0,0,0
11864,3.0,3.841213203435597,0.841213203435597,85,0.05,1,0,0,0
11865,3.0,3.8765685424949243,0.8765685424949243,90,0.05,1,0,0,0
11866,3.0,3.8681999095630895,0.8681999095630897,89,0.05,1,0,0,0
11867,3.0,3.846986706127493,0.8469867061274933,86,0.05,1,0,0,0
11868,3.0,3.8482842712474623,0.8482842712474624,86,0.05,1,0,0,0
11869,3.0,3.8765685424949243,0.8765685424949244,90,0.05,1,0,0,0
11870,3.0,3.837071067811866,0.837071067811866,84,0.05,1,0,0,0
11871,3.0,3.858284271247462,0.8582842712474625,87,0.05,1,0,0,0
11872,3.0,3.8553553390593276,0.8553553390593279,87,0.05,1,0,0,0
11873,3.0,3.8624264068711933,0.8624264068711935,88,0.05,1,0,0,0
11874,3.0,3.8200000000000003,0.8200000000000005,82,0.05,1,0,0,0
11875,3.0,3.8341421356237313,0.8341421356237315,84,0.05,1,0,0,0
11876,3.0,3.8553553390593276,0.8553553390593278,87,0.05,1,0,0,0
11877,3.0,3.837071067811866,0.837071067811866,84,0.05,1,0,0,0
11878,3.0,3.8341421356237313,0.8341421356237314,84,0.05,1,0,0,0
11879,3.0,3.841213203435597,0.841213203435597,85,0.05,1,0,0,0
11880,3.0,3.8341421356237313,0.8341421356237315,84,0.05,1,0,0,0
11881,3.0,3.8765685424949243,0.8765685424949244,90,0.05,1,0,0,0
11882,3.0,3.8482842712474623,0.8482842712474625,86,0.05,1,0,0,0
11883,3.0,3.885270977374955,0.8852709773749552,91,0.05,1,0,0,0
11884,3.0,3.8624264068711933,0.8624264068711934,88,0.05,1,0,0,0
11885,3.0,3.846986706127493,0.8469867061274932,86,0.05,1,0,0,0
11886,3.0,3.8270710678118656,0.827071067811866,83,0.05,1,0,0,0
11887,3.0,3.8540577739393584,0.8540577739393587,87,0.05,1,0,0,0
11888,3.0,3.841213203435597,0.841213203435597,85,0.05,1,0,0,0
11889,3.0,3.851213203435597,0.8512132034355969,86,0.05,1,0,0,0
11890,3.0,3.8482842712474623,0.8482842712474625,86,0.05,1,0,0,0
11891,3.0,3.8624264068711933,0.8624264068711935,88,0.05,1,0,0,0
11892,3.0,3.8752709773749547,0.8752709773749551,90,0.05,1,0,0,0
11893,3.0,3.854057773939359,0.8540577739393588,87,0.05,1,0,0,0
11894,3.0,3.8270710678118656,0.827071067811866,83,0.05,1,0,0,0
11895,3.0,3.851213203435597,0.851213203435597,86,0.05,1,0,0,0
11896,3.0,3.8765685424949243,0.8765685424949244,90,0.05,1,0,0,0
11897,3.0,3.8482842712474623,0.8482842712474625,86,0.05,1,0,0,0
11898,3.0,3.879497474683059,0.8794974746830589,90,0.05,1,0,0,0
11899,3.0,3.865355339059328,0.8653553390593279,88,0.05,1,0,0,0
11900,3.0,3.8482842712474623,0.8482842712474624,86,0.05,1,0,0,0
11901,3.0,3.8553553390593276,0.855355339059328,87,0.05,1,0,0,0
11902,3.0,3.8412132034355966,0.8412132034355969,85,0.05,1,0,0,0
11903,3.0,3.8553553390593276,0.8553553390593278,87,0.05,1,0,0,0
11904,3.0,3.851213203435597,0.851213203435597,86,0.05,1,0,0,0
11905,3.0,3.8836396103067896,0.8836396103067898,91,0.05,1,0,0,0
11906,3.0,3.8270710678118656,0.827071067811866,83,0.05,1,0,0,0
11907,3.0,3.8270710678118656,0.827071067811866,83,0.05,1,0,0,0
11908,3.0,3.8694974746830586,0.8694974746830588,89,0.05,1,0,0,0
11909,3.0,3.8681999095630895,0.8681999095630896,89,0.05,1,0,0,0
11910,3.0,3.8553553390593276,0.855355339059328,87,0.05,1,0,0,0
11911,3.0,3.8553553390593276,0.855355339059328,87,0.05,1,0,0,0
11912,3.0,3.8724264068711935,0.8724264068711934,89,0.05,1,0,0,0
11913,3.0,3.8270710678118656,0.827071067811866,83,0.05,1,0,0,0
11914,3.0,3.8553553390593276,0.855355339059328,87,0.05,1,0,0,0
11915,3.0,3.8469867061274927,0.8469867061274932,86,0.05,1,0,0,0
11916,3.0,3.8624264068711933,0.8624264068711934,88,0.05,1,0,0,0
11917,3.0,3.8341421356237313,0.8341421356237315,84,0.05,1,0,0,0
11918,3.0,3.8624264068711933,0.8624264068711934,88,0.05,1,0,0,0
11919,3.0,3.869497474683059,0.869497474683059,89,0.05,1,0,0,0
11920,3.0,3.8270710678118656,0.827071067811866,83,0.05,1,0,0,0
11921,3.0,3.8624264068711933,0.8624264068711935,88,0.05,1,0,0,0
11922,3.0,3.869497474683059,0.8694974746830589,89,0.05,1,0,0,0
11923,3.0,3.841213203435597,0.841213203435597,85,0.05,1,0,0,0
11924,3.0,3.8540577739393584,0.8540577739393587,87,0.05,1,0,0,0
11925,3.0,3.8270710678118656,0.827071067811866,83,0.05,1,0,0,0
11926,3.0,3.865355339059328,0.865355339059328,88,0.05,1,0,0,0
11927,3.0,3.8270710678118656,0.827071067811866,83,0.05,1,0,0,0
11928,3.0,3.841213203435597,0.841213203435597,85,0.05,1,0,0,0
11929,3.0,3.841213203435597,0.841213203435597,85,0.05,1,0,0,0
11930,3.0,3.8553553390593276,0.8553553390593279,87,0.05,1,0,0,0
11931,3.0,3.8553553390593276,0.8553553390593279,87,0.05,1,0,0,0
11932,3.0,3.8341421356237313,0.8341421356237314,84,0.05,1,0,0,0
11933,3.0,3.841213203435597,0.841213203435597,85,0.05,1,0,0,0
11934,3.0,3.8553553390593276,0.855355339059328,87,0.05,1,0,0,0
11935,3.0,3.8270710678118656,0.827071067811866,83,0.05,1,0,0,0
11936,3.0,3.869497474683059,0.8694974746830589,89,0.05,1,0,0,0
11937,3.0,3.859057773939359,0.8590577739393588,88,0.05,1,0,0,0
11938,3.0,3.841213203435597,0.841213203435597,85,0.05,1,0,0,0
11939,3.0,3.8823420451868205,0.8823420451868207,91,0.05,1,0,0,0
11940,3.0,3.841213203435597,0.841213203435597,85,0.05,1,0,0,0
11941,3.0,3.8270710678118656,0.827071067811866,83,0.05,1,0,0,0
11942,3.0,3.871128841751224,0.8711288417512243,89,0.05,1,0,0,0
11943,3.0,3.8341421356237313,0.8341421356237315,84,0.05,1,0,0,0
11944,3.0,3.8540577739393584,0.8540577739393587,87,0.05,1,0,0,0
11945,3.0,3.8752709773749547,0.8752709773749552,90,0.05,1,0,0,0
11946,3.0,3.8681999095630895,0.8681999095630898,89,0.05,1,0,0,0
11947,3.0,3.8200000000000003,0.8200000000000005,82,0.05,1,0,0,0
11948,3.0,3.8341421356237313,0.8341421356237315,84,0.05,1,0,0,0
11949,3.0,3.841213203435597,0.841213203435597,85,0.05,1,0,0,0
11950,3.0,3.8482842712474623,0.8482842712474625,86,0.05,1,0,0,0
11951,3.0,3.8553553390593276,0.8553553390593279,87,0.05,1,0,0,0
11952,3.0,3.86690234444312,0.8669023444431204,89,0.05,1,0,0,0
11953,3.0,3.8200000000000003,0.8200000000000005,82,0.05,1,0,0,0
11954,3.0,3.841213203435597,0.841213203435597,85,0.05,1,0,0,0
11955,3.0,3.8341421356237313,0.8341421356237314,84,0.05,1,0,0,0
11956,3.0,3.8482842712474623,0.8482842712474625,86,0.05,1,0,0,0
11957,3.0,3.841213203435597,0.841213203435597,85,0.05,1,0,0,0
11958,3.0,3.846986706127493,0.8469867061274933,86,0.05,1,0,0,0
11959,3.0,3.8482842712474623,0.8482842712474624,86,0.05,1,0,0,0
11960,3.0,3.861128841751224,0.8611288417512242,88,0.05,1,0,0,0
11961,3.0,3.8399156383156274,0.8399156383156278,85,0.05,1,0,0,0
11962,3.0,3.8482842712474623,0.8482842712474625,86,0.05,1,0,0,0
11963,3.0,3.8669023444431203,0.8669023444431204,89,0.05,1,0,0,0
11964,3.0,3.841213203435597,0.8412132034355969,85,0.05,1,0,0,0
11965,3.0,3.8553553390593276,0.855355339059328,87,0.05,1,0,0,0
11966,3.0,3.841213203435597,0.841213203435597,85,0.05,1,0,0,0
11967,3.0,3.8482842712474623,0.8482842712474625,86,0.05,1,0,0,0
11968,3.0,3.8482842712474623,0.8482842712474624,86,0.05,1,0,0,0
11969,3.0,3.8341421356237313,0.8341421356237315,84,0.05,1,0,0,0
11970,3.0,3.8836396103067896,0.88363961030679,91,0.05,1,0,0,0
11971,3.0,3.841213203435597,0.841213203435597,85,0.05,1,0,0,0
11972,3.0,3.8681999095630895,0.8681999095630898,89,0.05,1,0,0,0
11973,3.0,3.8341421356237313,0.8341421356237315,84,0.05,1,0,0,0
11974,3.0,3.8200000000000003,0.8200000000000005,82,0.05,1,0,0,0
11975,3.0,3.8553553390593276,0.8553553390593279,87,0.05,1,0,0,0
11976,3.0,3.854057773939359,0.8540577739393588,87,0.05,1,0,0,0
11977,3.0,3.9051866156905826,0.9051866156905823,94,0.05,1,0,0,0
11978,3.0,3.869497474683059,0.869497474683059,89,0.05,1,0,0,0
11979,3.0,3.862426406871193,0.8624264068711933,88,0.05,1,0,0,0
11980,3.0,3.8341421356237313,0.8341421356237315,84,0.05,1,0,0,0
11981,3.0,3.8624264068711933,0.8624264068711934,88,0.05,1,0,0,0
11982,3.0,3.8553553390593276,0.8553553390593279,87,0.05,1,0,0,0
11983,3.0,3.8752709773749547,0.8752709773749551,90,0.05,1,0,0,0
11984,3.0,3.8341421356237313,0.8341421356237315,84,0.05,1,0,0,0
11985,3.0,3.8399156383156274,0.8399156383156278,85,0.05,1,0,0,0
11986,3.0,3.8341421356237313,0.8341421356237315,84,0.05,1,0,0,0
11987,3.0,3.8624264068711933,0.8624264068711935,88,0.05,1,0,0,0
11988,3.0,3.841213203435597,0.8412132034355969,85,0.05,1,0,0,0
11989,3.0,3.8681999095630895,0.8681999095630897,89,0.05,1,0,0,0
11990,3.0,3.890710678118655,0.8907106781186555,92,0.05,1,0,0,0
11991,3.0,3.862426406871193,0.8624264068711933,88,0.05,1,0,0,0
11992,3.0,3.861128841751224,0.8611288417512242,88,0.05,1,0,0,0
11993,3.0,3.8200000000000003,0.8200000000000005,82,0.05,1,0,0,0
11994,3.0,3.8540577739393584,0.8540577739393587,87,0.05,1,0,0,0
11995,3.0,3.8553553390593276,0.8553553390593279,87,0.05,1,0,0,0
11996,3.0,3.8412132034355966,0.8412132034355969,85,0.05,1,0,0,0
11997,3.0,3.8482842712474623,0.8482842712474625,86,0.05,1,0,0,0
11998,3.0,3.8553553390593276,0.8553553390593279,87,0.05,1,0,0,0
11999,3.0,3.8341421356237313,0.8341421356237314,84,0.05,1,0,0,0
12000,3.0,3.8765685424949243,0.8765685424949244,90,0.05,1,0,0,0
12001,3.0,3.8200000000000003,0.8200000000000005,82,0.05,1,0,0,0
12002,3.0,3.8624264068711933,0.8624264068711934,88,0.05,1,0,0,0
12003,3.0,3.8752709773749547,0.8752709773749551,90,0.05,1,0,0,0
12004,3.0,3.861128841751224,0.8611288417512243,88,0.05,1,0,0,0
12005,3.0,3.865355339059328,0.8653553390593279,88,0.05,1,0,0,0
12006,3.0,3.899413112998686,0.8994131129986863,93,0.05,1,0,0,0
12007,3.0,3.8270710678118656,0.827071067811866,83,0.05,1,0,0,0
12008,3.0,3.8270710678118656,0.827071067811866,83,0.05,1,0,0,0
12009,3.0,3.879497474683059,0.8794974746830589,90,0.05,1,0,0,0
12010,3.0,3.8669023444431203,0.8669023444431205,89,0.05,1,0,0,0
12011,3.0,3.8765685424949243,0.8765685424949243,90,0.05,1,0,0,0
12012,3.0,3.862426406871193,0.8624264068711933,88,0.05,1,0,0,0
12013,3.0,3.8836396103067896,0.8836396103067898,91,0.05,1,0,0,0
12014,3.0,3.8270710678118656,0.827071067811866,83,0.05,1,0,0,0
12015,3.0,3.869497474683059,0.8694974746830589,89,0.05,1,0,0,0
12016,3.0,3.841213203435597,0.841213203435597,85,0.05,1,0,0,0
12017,3.0,3.8694974746830586,0.8694974746830588,89,0.05,1,0,0,0
12018,3.0,3.8412132034355966,0.8412132034355969,85,0.05,1,0,0,0
12019,3.0,3.841213203435597,0.841213203435597,85,0.05,1,0,0,0
12020,3.0,3.8624264068711933,0.8624264068711934,88,0.05,1,0,0,0
12021,3.0,3.8482842712474623,0.8482842712474625,86,0.05,1,0,0,0
12022,3.0,3.8765685424949243,0.8765685424949246,90,0.05,1,0,0,0
12023,3.0,3.841213203435597,0.841213203435597,85,0.05,1,0,0,0
12024,3.0,3.8200000000000003,0.8200000000000005,82,0.05,1,0,0,0
12025,3.0,3.8482842712474623,0.8482842712474624,86,0.05,1,0,0,0
12026,3.0,3.8341421356237313,0.8341421356237315,84,0.05,1,0,0,0
12027,3.0,3.8553553390593276,0.8553553390593279,87,0.05,1,0,0,0
12028,3.0,3.872426406871193,0.8724264068711934,89,0.05,1,0,0,0
12029,3.0,3.8270710678118656,0.827071067811866,83,0.05,1,0,0,0
12030,3.0,3.865355339059328,0.865355339059328,88,0.05,1,0,0,0
12031,3.0,3.861128841751224,0.8611288417512242,88,0.05,1,0,0,0
12032,3.0,3.8553553390593276,0.8553553390593279,87,0.05,1,0,0,0
12033,3.0,3.8270710678118656,0.827071067811866,83,0.05,1,0,0,0
12034,3.0,3.856986706127493,0.8569867061274932,87,0.05,1,0,0,0
12035,3.0,3.9119238815542516,0.911923881554252,95,0.05,1,0,0,0
12036,3.0,3.841213203435597,0.841213203435597,85,0.05,1,0,0,0
12037,3.0,3.859831276631255,0.859831276631255,88,0.05,1,0,0,0
12038,3.0,3.8270710678118656,0.827071067811866,83,0.05,1,0,0,0
12039,3.0,3.861128841751224,0.8611288417512242,88,0.05,1,0,0,0
12040,3.0,3.8399156383156274,0.8399156383156278,85,0.05,1,0,0,0
12041,3.0,3.862426406871193,0.8624264068711934,88,0.05,1,0,0,0
12042,3.0,3.8412132034355966,0.8412132034355969,85,0.05,1,0,0,0
12043,3.0,3.841213203435597,0.841213203435597,85,0.05,1,0,0,0
12044,3.0,3.8270710678118656,0.827071067811866,83,0.05,1,0,0,0
12045,3.0,3.862426406871193,0.8624264068711934,88,0.05,1,0,0,0
12046,3.0,3.8341421356237313,0.8341421356237315,84,0.05,1,0,0,0
12047,3.0,3.841213203435597,0.841213203435597,85,0.05,1,0,0,0
12048,3.0,3.841213203435597,0.841213203435597,85,0.05,1,0,0,0
12049,3.0,3.8270710678118656,0.827071067811866,83,0.05,1,0,0,0
12050,3.0,3.871128841751224,0.8711288417512242,89,0.05,1,0,0,0
12051,3.0,3.8482842712474623,0.8482842712474624,86,0.05,1,0,0,0
12052,3.0,3.841213203435597,0.841213203435597,85,0.05,1,0,0,0
12053,3.0,3.8624264068711933,0.8624264068711934,88,0.05,1,0,0,0
12054,3.0,3.8624264068711933,0.8624264068711934,88,0.05,1,0,0,0
12055,3.0,3.8553553390593276,0.8553553390593279,87,0.05,1,0,0,0
12056,3.0,3.846986706127493,0.8469867061274933,86,0.05,1,0,0,0
12057,3.0,3.8810444800668513,0.8810444800668514,91,0.05,1,0,0,0
12058,3.0,3.862426406871193,0.8624264068711934,88,0.05,1,0,0,0
12059,3.0,3.8341421356237313,0.8341421356237314,84,0.05,1,0,0,0
12060,3.0,3.8341421356237313,0.8341421356237315,84,0.05,1,0,0,0
12061,3.0,3.8694974746830586,0.8694974746830588,89,0.05,1,0,0,0
12062,3.0,3.8624264068711933,0.8624264068711935,88,0.05,1,0,0,0
12063,3.0,3.8412132034355966,0.8412132034355969,85,0.05,1,0,0,0
12064,3.0,3.8482842712474623,0.8482842712474624,86,0.05,1,0,0,0
12065,3.0,3.8270710678118656,0.827071067811866,83,0.05,1,0,0,0
12066,3.0,3.841213203435597,0.841213203435597,85,0.05,1,0,0,0
12067,3.0,3.8270710678118656,0.827071067811866,83,0.05,1,0,0,0
12068,3.0,3.8553553390593276,0.8553553390593279,87,0.05,1,0,0,0
12069,3.0,3.841213203435597,0.841213203435597,85,0.05,1,0,0,0
12070,3.0,3.8719023444431206,0.8719023444431205,90,0.05,1,0,0,0
12071,3.0,3.883973412254986,0.8839734122549859,91,0.05,1,0,0,0
12072,3.0,3.8482842712474623,0.8482842712474624,86,0.05,1,0,0,0
12073,3.0,3.8681999095630895,0.8681999095630897,89,0.05,1,0,0,0
12074,3.0,3.885270977374955,0.8852709773749551,91,0.05,1,0,0,0
12075,3.0,3.8341421356237313,0.8341421356237315,84,0.05,1,0,0,0
12076,3.0,3.878973412254986,0.8789734122549859,91,0.05,1,0,0,0
12077,3.0,3.9219238815542514,0.9219238815542518,96,0.05,1,0,0,0
12078,3.0,3.861128841751224,0.8611288417512243,88,0.05,1,0,0,0
12079,3.0,3.869831276631255,0.869831276631255,89,0.05,1,0,0,0
12080,3.0,3.8553553390593276,0.855355339059328,87,0.05,1,0,0,0
12081,3.0,3.8270710678118656,0.827071067811866,83,0.05,1,0,0,0
12082,3.0,3.8200000000000003,0.8200000000000005,82,0.05,1,0,0,0
12083,3.0,3.8469867061274927,0.8469867061274933,86,0.05,1,0,0,0
12084,3.0,3.8412132034355966,0.8412132034355969,85,0.05,1,0,0,0
12085,3.0,3.8341421356237313,0.8341421356237315,84,0.05,1,0,0,0
12086,3.0,3.8341421356237313,0.8341421356237315,84,0.05,1,0,0,0
12087,3.0,3.879497474683059,0.8794974746830588,90,0.05,1,0,0,0
12088,3.0,3.8553553390593276,0.8553553390593279,87,0.05,1,0,0,0
12089,3.0,3.8553553390593276,0.8553553390593278,87,0.05,1,0,0,0
12090,3.0,3.8412132034355966,0.8412132034355969,85,0.05,1,0,0,0
12091,3.0,3.8482842712474623,0.8482842712474624,86,0.05,1,0,0,0
12092,3.0,3.8341421356237313,0.8341421356237315,84,0.05,1,0,0,0
12093,3.0,3.8200000000000003,0.8200000000000005,82,0.05,1,0,0,0
12094,3.0,3.8624264068711933,0.8624264068711934,88,0.05,1,0,0,0
12095,3.0,3.858284271247462,0.8582842712474624,87,0.05,1,0,0,0
12096,3.0,3.8553553390593276,0.855355339059328,87,0.05,1,0,0,0
12097,3.0,3.8341421356237313,0.8341421356237315,84,0.05,1,0,0,0
12098,3.0,3.8270710678118656,0.827071067811866,83,0.05,1,0,0,0
12099,3.0,3.8482842712474623,0.8482842712474624,86,0.05,1,0,0,0
12100,3.0,3.8881155478787166,0.8881155478787168,92,0.05,1,0,0,0
12101,3.0,3.8200000000000003,0.8200000000000005,82,0.05,1,0,0,0
12102,3.0,3.8964841808105515,0.8964841808105516,93,0.05,1,0,0,0
12103,3.0,3.8669023444431203,0.8669023444431204,89,0.05,1,0,0,0
12104,3.0,3.8624264068711933,0.8624264068711934,88,0.05,1,0,0,0
12105,3.0,3.8724264068711935,0.8724264068711935,89,0.05,1,0,0,0
12106,3.0,3.869497474683059,0.8694974746830589,89,0.05,1,0,0,0
12107,3.0,3.8200000000000003,0.8200000000000005,82,0.05,1,0,0,0
12108,3.0,3.876568542494924,0.8765685424949242,90,0.05,1,0,0,0
12109,3.0,3.841213203435597,0.841213203435597,85,0.05,1,0,0,0
12110,3.0,3.846986706127493,0.8469867061274933,86,0.05,1,0,0,0
12111,3.0,3.8270710678118656,0.827071067811866,83,0.05,1,0,0,0
12112,3.0,3.8482842712474623,0.8482842712474625,86,0.05,1,0,0,0
12113,3.0,3.8270710678118656,0.827071067811866,83,0.05,1,0,0,0
12114,3.0,3.8553553390593276,0.855355339059328,87,0.05,1,0,0,0
12115,3.0,3.841213203435597,0.841213203435597,85,0.05,1,0,0,0
12116,3.0,3.8553553390593276,0.8553553390593279,87,0.05,1,0,0,0
12117,3.0,3.8540577739393584,0.8540577739393587,87,0.05,1,0,0,0
12118,3.0,3.8482842712474623,0.8482842712474624,86,0.05,1,0,0,0
12119,3.0,3.8765685424949243,0.8765685424949244,90,0.05,1,0,0,0
12120,3.0,3.858284271247462,0.8582842712474624,87,0.05,1,0,0,0
12121,3.0,3.8624264068711933,0.8624264068711934,88,0.05,1,0,0,0
12122,3.0,3.8270710678118656,0.827071067811866,83,0.05,1,0,0,0
12123,3.0,3.875270977374955,0.8752709773749553,90,0.05,1,0,0,0
12124,3.0,3.861128841751224,0.8611288417512242,88,0.05,1,0,0,0
12125,3.0,3.8482842712474623,0.8482842712474625,86,0.05,1,0,0,0
12126,3.0,3.841213203435597,0.841213203435597,85,0.05,1,0,0,0
12127,3.0,3.869497474683059,0.8694974746830589,89,0.05,1,0,0,0
12128,3.0,3.8553553390593276,0.8553553390593279,87,0.05,1,0,0,0
12129,3.0,3.8694974746830586,0.8694974746830589,89,0.05,1,0,0,0
12130,3.0,3.8694974746830586,0.8694974746830589,89,0.05,1,0,0,0
12131,3.0,3.8836396103067896,0.88363961030679,91,0.05,1,0,0,0
12132,3.0,3.8681999095630895,0.8681999095630897,89,0.05,1,0,0,0
12133,3.0,3.858284271247462,0.8582842712474625,87,0.05,1,0,0,0
12134,3.0,3.872426406871193,0.8724264068711934,89,0.05,1,0,0,0
12135,3.0,3.8200000000000003,0.8200000000000005,82,0.05,1,0,0,0
12136,3.0,3.8341421356237313,0.8341421356237315,84,0.05,1,0,0,0
12137,3.0,3.8200000000000003,0.8200000000000005,82,0.05,1,0,0,0
12138,3.0,3.862426406871193,0.8624264068711933,88,0.05,1,0,0,0
12139,3.0,3.841213203435597,0.8412132034355969,85,0.05,1,0,0,0
12140,3.0,3.8482842712474623,0.8482842712474624,86,0.05,1,0,0,0
12141,3.0,3.8341421356237313,0.8341421356237315,84,0.05,1,0,0,0
12142,3.0,3.8270710678118656,0.827071067811866,83,0.05,1,0,0,0
12143,3.0,3.8482842712474623,0.8482842712474625,86,0.05,1,0,0,0
12144,3.0,3.8341421356237313,0.8341421356237315,84,0.05,1,0,0,0
12145,3.0,3.854057773939359,0.8540577739393588,87,0.05,1,0,0,0
12146,3.0,3.8270710678118656,0.827071067811866,83,0.05,1,0,0,0
12147,3.0,3.862426406871193,0.8624264068711933,88,0.05,1,0,0,0
12148,3.0,3.841213203435597,0.841213203435597,85,0.05,1,0,0,0
12149,3.0,3.8681999095630895,0.8681999095630897,89,0.05,1,0,0,0
12150,3.0,3.8482842712474623,0.8482842712474625,86,0.05,1,0,0,0
12151,3.0,3.841213203435597,0.841213203435597,85,0.05,1,0,0,0
12152,3.0,3.8765685424949243,0.8765685424949246,90,0.05,1,0,0,0
12153,3.0,3.8200000000000003,0.8200000000000005,82,0.05,1,0,0,0
12154,3.0,3.8694974746830586,0.8694974746830588,89,0.05,1,0,0,0
12155,3.0,3.8836396103067896,0.88363961030679,91,0.05,1,0,0,0
12156,3.0,3.8482842712474623,0.8482842712474625,86,0.05,1,0,0,0
12157,3.0,3.8553553390593276,0.8553553390593279,87,0.05,1,0,0,0
12158,3.0,3.8553553390593276,0.8553553390593279,87,0.05,1,0,0,0
12159,3.0,3.841213203435597,0.8412132034355969,85,0.05,1,0,0,0
12160,3.0,3.873973412254986,0.8739734122549859,90,0.05,1,0,0,0
12161,3.0,3.841213203435597,0.841213203435597,85,0.05,1,0,0,0
12162,3.0,3.88234204518682,0.8823420451868206,91,0.05,1,0,0,0
12163,3.0,3.889413112998686,0.8894131129986862,92,0.05,1,0,0,0
12164,3.0,3.8482842712474623,0.8482842712474625,86,0.05,1,0,0,0
12165,3.0,3.8624264068711933,0.8624264068711935,88,0.05,1,0,0,0
12166,3.0,3.8341421356237313,0.8341421356237314,84,0.05,1,0,0,0
12167,3.0,3.8482842712474623,0.8482842712474625,86,0.05,1,0,0,0
12168,3.0,3.8341421356237313,0.8341421356237315,84,0.05,1,0,0,0
12169,3.0,3.8724264068711935,0.8724264068711935,89,0.05,1,0,0,0
12170,3.0,3.865355339059328,0.865355339059328,88,0.05,1,0,0,0
12171,3.0,3.854057773939359,0.8540577739393588,87,0.05,1,0,0,0
12172,3.0,3.8482842712474623,0.8482842712474624,86,0.05,1,0,0,0
12173,3.0,3.8694974746830586,0.8694974746830589,89,0.05,1,0,0,0
12174,3.0,3.8200000000000003,0.8200000000000005,82,0.05,1,0,0,0
12175,3.0,3.861128841751224,0.8611288417512242,88,0.05,1,0,0,0
12176,3.0,3.8624264068711933,0.8624264068711934,88,0.05,1,0,0,0
12177,3.0,3.8482842712474623,0.8482842712474624,86,0.05,1,0,0,0
12178,3.0,3.8341421356237313,0.8341421356237315,84,0.05,1,0,0,0
12179,3.0,3.8482842712474623,0.8482842712474625,86,0.05,1,0,0,0
12180,3.0,3.8341421356237313,0.8341421356237315,84,0.05,1,0,0,0
12181,3.0,3.8412132034355966,0.8412132034355969,85,0.05,1,0,0,0
12182,3.0,3.8341421356237313,0.8341421356237315,84,0.05,1,0,0,0
12183,3.0,3.8270710678118656,0.827071067811866,83,0.05,1,0,0,0
12184,3.0,3.8681999095630895,0.8681999095630898,89,0.05,1,0,0,0
12185,3.0,3.8341421356237313,0.8341421356237315,84,0.05,1,0,0,0
12186,3.0,3.841213203435597,0.841213203435597,85,0.05,1,0,0,0
12187,3.0,3.8482842712474623,0.8482842712474625,86,0.05,1,0,0,0
12188,3.0,3.8482842712474623,0.8482842712474624,86,0.05,1,0,0,0
12189,3.0,3.8624264068711933,0.8624264068711934,88,0.05,1,0,0,0
12190,3.0,3.8399156383156274,0.8399156383156278,85,0.05,1,0,0,0
12191,3.0,3.8624264068711933,0.8624264068711935,88,0.05,1,0,0,0
12192,3.0,3.8200000000000003,0.8200000000000005,82,0.05,1,0,0,0
12193,3.0,3.8270710678118656,0.827071067811866,83,0.05,1,0,0,0
12194,3.0,3.8200000000000003,0.8200000000000005,82,0.05,1,0,0,0
12195,3.0,3.8200000000000003,0.8200000000000005,82,0.05,1,0,0,0
12196,3.0,3.8482842712474623,0.8482842712474625,86,0.05,1,0,0,0
12197,3.0,3.8640577739393587,0.8640577739393588,88,0.05,1,0,0,0
12198,3.0,3.854057773939359,0.8540577739393588,87,0.05,1,0,0,0
12199,3.0,3.8412132034355966,0.8412132034355969,85,0.05,1,0,0,0
12200,3.0,3.8823420451868205,0.8823420451868206,91,0.05,1,0,0,0
12201,3.0,3.8540577739393584,0.8540577739393587,87,0.05,1,0,0,0
12202,3.0,3.8553553390593276,0.8553553390593279,87,0.05,1,0,0,0
12203,3.0,3.8553553390593276,0.855355339059328,87,0.05,1,0,0,0
12204,3.0,3.8341421356237313,0.8341421356237315,84,0.05,1,0,0,0
12205,3.0,3.871128841751224,0.8711288417512242,89,0.05,1,0,0,0
12206,3.0,3.8482842712474623,0.8482842712474625,86,0.05,1,0,0,0
12207,3.0,3.8270710678118656,0.827071067811866,83,0.05,1,0,0,0
12208,3.0,3.8752709773749547,0.8752709773749553,90,0.05,1,0,0,0
12209,3.0,3.8836396103067896,0.8836396103067898,91,0.05,1,0,0,0
12210,3.0,3.8341421356237313,0.8341421356237314,84,0.05,1,0,0,0
12211,3.0,3.8341421356237313,0.8341421356237315,84,0.05,1,0,0,0
12212,3.0,3.8482842712474623,0.8482842712474625,86,0.05,1,0,0,0
12213,3.0,3.861128841751224,0.8611288417512241,88,0.05,1,0,0,0
12214,3.0,3.8341421356237313,0.8341421356237315,84,0.05,1,0,0,0
12215,3.0,3.8907106781186553,0.8907106781186555,92,0.05,1,0,0,0
12216,3.0,3.8341421356237313,0.8341421356237315,84,0.05,1,0,0,0
12217,3.0,3.8341421356237313,0.8341421356237315,84,0.05,1,0,0,0
12218,3.0,3.879497474683059,0.879497474683059,90,0.05,1,0,0,0
12219,3.0,3.862426406871193,0.8624264068711934,88,0.05,1,0,0,0
12220,3.0,3.862426406871193,0.8624264068711934,88,0.05,1,0,0,0
12221,3.0,3.8341421356237313,0.8341421356237315,84,0.05,1,0,0,0
12222,3.0,3.8270710678118656,0.827071067811866,83,0.05,1,0,0,0
12223,3.0,3.8624264068711933,0.8624264068711935,88,0.05,1,0,0,0
12224,3.0,3.8624264068711933,0.8624264068711935,88,0.05,1,0,0,0
12225,3.0,3.8694974746830586,0.8694974746830588,89,0.05,1,0,0,0
12226,3.0,3.8624264068711933,0.8624264068711935,88,0.05,1,0,0,0
12227,3.0,3.8270710678118656,0.827071067811866,83,0.05,1,0,0,0
12228,3.0,3.865355339059328,0.865355339059328,88,0.05,1,0,0,0
12229,3.0,3.8469867061274927,0.8469867061274933,86,0.05,1,0,0,0
12230,3.0,3.8341421356237313,0.8341421356237315,84,0.05,1,0,0,0
12231,3.0,3.8200000000000003,0.8200000000000005,82,0.05,1,0,0,0
12232,3.0,3.865355339059328,0.865355339059328,88,0.05,1,0,0,0
12233,3.0,3.8553553390593276,0.855355339059328,87,0.05,1,0,0,0
12234,3.0,3.857760208819389,0.8577602088193894,88,0.05,1,0,0,0
12235,3.0,3.8341421356237313,0.8341421356237314,84,0.05,1,0,0,0
12236,3.0,3.899413112998686,0.899413112998686,93,0.05,1,0,0,0
12237,3.0,3.8341421356237313,0.8341421356237315,84,0.05,1,0,0,0
12238,3.0,3.8553553390593276,0.8553553390593279,87,0.05,1,0,0,0
12239,3.0,3.8412132034355966,0.8412132034355969,85,0.05,1,0,0,0
12240,3.0,3.8669023444431208,0.8669023444431205,89,0.05,1,0,0,0
12241,3.0,3.8399156383156274,0.8399156383156277,85,0.05,1,0,0,0
12242,3.0,3.8270710678118656,0.827071067811866,83,0.05,1,0,0,0
12243,3.0,3.890710678118655,0.8907106781186553,92,0.05,1,0,0,0
12244,3.0,3.8482842712474623,0.8482842712474625,86,0.05,1,0,0,0
12245,3.0,3.8836396103067896,0.88363961030679,91,0.05,1,0,0,0
12246,3.0,3.8200000000000003,0.8200000000000005,82,0.05,1,0,0,0
12247,3.0,3.878973412254986,0.8789734122549859,91,0.05,1,0,0,0
12248,3.0,3.9046587516455817,0.9046587516455821,95,0.05,1,0,0,0
12249,3.0,3.8810444800668513,0.8810444800668514,91,0.05,1,0,0,0
12250,3.0,3.8270710678118656,0.827071067811866,83,0.05,1,0,0,0
12251,3.0,3.8923420451868207,0.8923420451868207,92,0.05,1,0,0,0
12252,3.0,3.8200000000000003,0.8200000000000005,82,0.05,1,0,0,0
12253,3.0,3.8270710678118656,0.827071067811866,83,0.05,1,0,0,0
12254,3.0,3.841213203435597,0.841213203435597,85,0.05,1,0,0,0
12255,3.0,3.8412132034355966,0.8412132034355969,85,0.05,1,0,0,0
12256,3.0,3.841213203435597,0.841213203435597,85,0.05,1,0,0,0
12257,3.0,3.869497474683059,0.8694974746830589,89,0.05,1,0,0,0
12258,3.0,3.8482842712474623,0.8482842712474625,86,0.05,1,0,0,0
12259,3.0,3.8341421356237313,0.8341421356237314,84,0.05,1,0,0,0
12260,3.0,3.8341421356237313,0.8341421356237314,84,0.05,1,0,0,0
12261,3.0,3.8894131129986858,0.8894131129986861,92,0.05,1,0,0,0
12262,3.0,3.865355339059328,0.8653553390593279,88,0.05,1,0,0,0
12263,3.0,3.861128841751224,0.8611288417512242,88,0.05,1,0,0,0
12264,3.0,3.8270710678118656,0.827071067811866,83,0.05,1,0,0,0
12265,3.0,3.869497474683059,0.8694974746830589,89,0.05,1,0,0,0
12266,3.0,3.841213203435597,0.841213203435597,85,0.05,1,0,0,0
12267,3.0,3.841213203435597,0.8412132034355969,85,0.05,1,0,0,0
12268,3.0,3.841213203435597,0.841213203435597,85,0.05,1,0,0,0
12269,3.0,3.8752709773749547,0.8752709773749551,90,0.05,1,0,0,0
12270,3.0,3.8270710678118656,0.827071067811866,83,0.05,1,0,0,0
12271,3.0,3.8836396103067896,0.8836396103067898,91,0.05,1,0,0,0
12272,3.0,3.8624264068711933,0.8624264068711935,88,0.05,1,0,0,0
12273,3.0,3.8836396103067896,0.8836396103067898,91,0.05,1,0,0,0
12274,3.0,3.8200000000000003,0.8200000000000005,82,0.05,1,0,0,0
12275,3.0,3.862426406871193,0.8624264068711933,88,0.05,1,0,0,0
12276,3.0,3.841213203435597,0.841213203435597,85,0.05,1,0,0,0
12277,3.0,3.861128841751224,0.8611288417512243,88,0.05,1,0,0,0
12278,3.0,3.8270710678118656,0.827071067811866,83,0.05,1,0,0,0
12279,3.0,3.8482842712474623,0.8482842712474625,86,0.05,1,0,0,0
12280,3.0,3.8553553390593276,0.855355339059328,87,0.05,1,0,0,0
12281,3.0,3.8482842712474623,0.8482842712474624,86,0.05,1,0,0,0
12282,3.0,3.8341421356237313,0.8341421356237315,84,0.05,1,0,0,0
12283,3.0,3.8482842712474623,0.8482842712474625,86,0.05,1,0,0,0
12284,3.0,3.8482842712474623,0.8482842712474624,86,0.05,1,0,0,0
12285,3.0,3.8482842712474623,0.8482842712474624,86,0.05,1,0,0,0
12286,3.0,3.841213203435597,0.841213203435597,85,0.05,1,0,0,0
12287,3.0,3.8624264068711933,0.8624264068711935,88,0.05,1,0,0,0
12288,3.0,3.8270710678118656,0.827071067811866,83,0.05,1,0,0,0
12289,3.0,3.8341421356237313,0.8341421356237315,84,0.05,1,0,0,0
12290,3.0,3.8553553390593276,0.855355339059328,87,0.05,1,0,0,0
12291,3.0,3.8482842712474623,0.8482842712474624,86,0.05,1,0,0,0
12292,3.0,3.8270710678118656,0.827071067811866,83,0.05,1,0,0,0
12293,3.0,3.858284271247462,0.8582842712474624,87,0.05,1,0,0,0
12294,3.0,3.8200000000000003,0.8200000000000005,82,0.05,1,0,0,0
12295,3.0,3.869497474683059,0.869497474683059,89,0.05,1,0,0,0
12296,3.0,3.8624264068711933,0.8624264068711935,88,0.05,1,0,0,0
12297,3.0,3.8270710678118656,0.827071067811866,83,0.05,1,0,0,0
12298,3.0,3.8482842712474623,0.8482842712474624,86,0.05,1,0,0,0
12299,3.0,3.841213203435597,0.841213203435597,85,0.05,1,0,0,0
12300,3.0,3.8482842712474623,0.8482842712474624,86,0.05,1,0,0,0
12301,3.0,3.8482842712474623,0.8482842712474624,86,0.05,1,0,0,0
12302,3.0,3.8341421356237313,0.8341421356237315,84,0.05,1,0,0,0
12303,3.0,3.8923420451868207,0.8923420451868206,92,0.05,1,0,0,0
12304,3.0,3.8553553390593276,0.8553553390593279,87,0.05,1,0,0,0
12305,3.0,3.8412132034355966,0.8412132034355969,85,0.05,1,0,0,0
12306,3.0,3.841213203435597,0.841213203435597,85,0.05,1,0,0,0
12307,3.0,3.8624264068711933,0.8624264068711934,88,0.05,1,0,0,0
12308,3.0,3.8341421356237313,0.8341421356237315,84,0.05,1,0,0,0
12309,3.0,3.865355339059328,0.8653553390593279,88,0.05,1,0,0,0
12310,3.0,3.8482842712474623,0.8482842712474625,86,0.05,1,0,0,0
12311,3.0,3.8624264068711933,0.8624264068711935,88,0.05,1,0,0,0
12312,3.0,3.846986706127493,0.8469867061274933,86,0.05,1,0,0,0
12313,3.0,3.841213203435597,0.841213203435597,85,0.05,1,0,0,0
12314,3.0,3.841213203435597,0.841213203435597,85,0.05,1,0,0,0
12315,3.0,3.841213203435597,0.841213203435597,85,0.05,1,0,0,0
12316,3.0,3.8341421356237313,0.8341421356237315,84,0.05,1,0,0,0
12317,3.0,3.8553553390593276,0.855355339059328,87,0.05,1,0,0,0
12318,3.0,3.8341421356237313,0.8341421356237315,84,0.05,1,0,0,0
12319,3.0,3.8341421356237313,0.8341421356237315,84,0.05,1,0,0,0
12320,3.0,3.869497474683059,0.8694974746830589,89,0.05,1,0,0,0
12321,3.0,3.8553553390593276,0.855355339059328,87,0.05,1,0,0,0
12322,3.0,3.8341421356237313,0.8341421356237315,84,0.05,1,0,0,0
12323,3.0,3.8681999095630895,0.8681999095630898,89,0.05,1,0,0,0
12324,3.0,3.899413112998686,0.8994131129986862,93,0.05,1,0,0,0
12325,3.0,3.841213203435597,0.8412132034355969,85,0.05,1,0,0,0
12326,3.0,3.8482842712474623,0.8482842712474625,86,0.05,1,0,0,0
12327,3.0,3.8765685424949243,0.8765685424949246,90,0.05,1,0,0,0
12328,3.0,3.8270710678118656,0.827071067811866,83,0.05,1,0,0,0
12329,3.0,3.8694974746830586,0.8694974746830588,89,0.05,1,0,0,0
12330,3.0,3.872426406871193,0.8724264068711934,89,0.05,1,0,0,0
12331,3.0,3.8341421356237313,0.8341421356237315,84,0.05,1,0,0,0
12332,3.0,3.8873420451868204,0.8873420451868206,92,0.05,1,0,0,0
12333,3.0,3.8482842712474623,0.8482842712474625,86,0.05,1,0,0,0
12334,3.0,3.8270710678118656,0.827071067811866,83,0.05,1,0,0,0
12335,3.0,3.872426406871193,0.8724264068711933,89,0.05,1,0,0,0
12336,3.0,3.837071067811866,0.837071067811866,84,0.05,1,0,0,0
12337,3.0,3.8553553390593276,0.855355339059328,87,0.05,1,0,0,0
12338,3.0,3.8540577739393584,0.8540577739393587,87,0.05,1,0,0,0
12339,3.0,3.841213203435597,0.8412132034355969,85,0.05,1,0,0,0
12340,3.0,3.841213203435597,0.841213203435597,85,0.05,1,0,0,0
12341,3.0,3.8270710678118656,0.827071067811866,83,0.05,1,0,0,0
12342,3.0,3.88234204518682,0.8823420451868206,91,0.05,1,0,0,0
12343,3.0,3.8653553390593274,0.8653553390593279,88,0.05,1,0,0,0
12344,3.0,3.8341421356237313,0.8341421356237315,84,0.05,1,0,0,0
12345,3.0,3.851213203435597,0.851213203435597,86,0.05,1,0,0,0
12346,3.0,3.8482842712474623,0.8482842712474624,86,0.05,1,0,0,0
12347,3.0,3.8694974746830586,0.8694974746830588,89,0.05,1,0,0,0
12348,3.0,3.8412132034355966,0.8412132034355969,85,0.05,1,0,0,0
12349,3.0,3.8553553390593276,0.8553553390593279,87,0.05,1,0,0,0
12350,3.0,3.841213203435597,0.841213203435597,85,0.05,1,0,0,0
12351,3.0,3.8553553390593276,0.855355339059328,87,0.05,1,0,0,0
12352,3.0,3.8823420451868205,0.8823420451868207,91,0.05,1,0,0,0
12353,3.0,3.8482842712474623,0.8482842712474625,86,0.05,1,0,0,0
12354,3.0,3.8681999095630895,0.8681999095630896,89,0.05,1,0,0,0
12355,3.0,3.8341421356237313,0.8341421356237315,84,0.05,1,0,0,0
12356,3.0,3.861128841751224,0.8611288417512243,88,0.05,1,0,0,0
12357,3.0,3.8624264068711933,0.8624264068711935,88,0.05,1,0,0,0
12358,3.0,3.8441421356237315,0.8441421356237315,85,0.05,1,0,0,0
12359,3.0,3.8540577739393584,0.8540577739393587,87,0.05,1,0,0,0
12360,3.0,3.8441421356237315,0.8441421356237315,85,0.05,1,0,0,0
12361,3.0,3.9048528137423864,0.9048528137423864,94,0.05,1,0,0,0
12362,3.0,3.8482842712474623,0.8482842712474624,86,0.05,1,0,0,0
12363,3.0,3.8341421356237313,0.8341421356237315,84,0.05,1,0,0,0
12364,3.0,3.8482842712474623,0.8482842712474625,86,0.05,1,0,0,0
12365,3.0,3.885270977374955,0.8852709773749552,91,0.05,1,0,0,0
12366,3.0,3.9048528137423864,0.9048528137423865,94,0.05,1,0,0,0
12367,3.0,3.8341421356237313,0.8341421356237315,84,0.05,1,0,0,0
12368,3.0,3.8270710678118656,0.827071067811866,83,0.05,1,0,0,0
12369,3.0,3.8624264068711933,0.8624264068711934,88,0.05,1,0,0,0
12370,3.0,3.865355339059328,0.8653553390593279,88,0.05,1,0,0,0
12371,3.0,3.865355339059328,0.8653553390593279,88,0.05,1,0,0,0
12372,3.0,3.8399156383156274,0.8399156383156278,85,0.05,1,0,0,0
12373,3.0,3.859057773939359,0.8590577739393588,88,0.05,1,0,0,0
12374,3.0,3.841213203435597,0.841213203435597,85,0.05,1,0,0,0
12375,3.0,3.8681999095630895,0.8681999095630898,89,0.05,1,0,0,0
12376,3.0,3.8341421356237313,0.8341421356237314,84,0.05,1,0,0,0
12377,3.0,3.8482842712474623,0.8482842712474625,86,0.05,1,0,0,0
12378,3.0,3.8412132034355966,0.8412132034355969,85,0.05,1,0,0,0
12379,3.0,3.8482842712474623,0.8482842712474624,86,0.05,1,0,0,0
12380,3.0,3.8540577739393584,0.8540577739393587,87,0.05,1,0,0,0
12381,3.0,3.841213203435597,0.8412132034355969,85,0.05,1,0,0,0
12382,3.0,3.8765685424949243,0.8765685424949244,90,0.05,1,0,0,0
12383,3.0,3.8341421356237313,0.8341421356237315,84,0.05,1,0,0,0
12384,3.0,3.8270710678118656,0.827071067811866,83,0.05,1,0,0,0
12385,3.0,3.8469867061274927,0.8469867061274932,86,0.05,1,0,0,0
12386,3.0,3.8270710678118656,0.827071067811866,83,0.05,1,0,0,0
12387,3.0,3.841213203435597,0.841213203435597,85,0.05,1,0,0,0
12388,3.0,3.8624264068711933,0.8624264068711935,88,0.05,1,0,0,0
12389,3.0,3.854057773939359,0.8540577739393588,87,0.05,1,0,0,0
12390,3.0,3.841213203435597,0.841213203435597,85,0.05,1,0,0,0
12391,3.0,3.8482842712474623,0.8482842712474625,86,0.05,1,0,0,0
12392,3.0,3.8200000000000003,0.8200000000000005,82,0.05,1,0,0,0
12393,3.0,3.8482842712474623,0.8482842712474623,86,0.05,1,0,0,0
12394,3.0,3.8653553390593274,0.8653553390593279,88,0.05,1,0,0,0
12395,3.0,3.8694974746830586,0.8694974746830589,89,0.05,1,0,0,0
12396,3.0,3.8553553390593276,0.8553553390593279,87,0.05,1,0,0,0
12397,3.0,3.851213203435597,0.851213203435597,86,0.05,1,0,0,0
12398,3.0,3.8653553390593274,0.8653553390593278,88,0.05,1,0,0,0
12399,3.0,3.8624264068711933,0.8624264068711934,88,0.05,1,0,0,0
12400,3.0,3.841213203435597,0.841213203435597,85,0.05,1,0,0,0
12401,3.0,3.841213203435597,0.841213203435597,85,0.05,1,0,0,0
12402,3.0,3.8341421356237313,0.8341421356237315,84,0.05,1,0,0,0
12403,3.0,3.862426406871193,0.8624264068711934,88,0.05,1,0,0,0
12404,3.0,3.8482842712474623,0.8482842712474624,86,0.05,1,0,0,0
12405,3.0,3.8412132034355966,0.8412132034355969,85,0.05,1,0,0,0
12406,3.0,3.8752709773749547,0.8752709773749552,90,0.05,1,0,0,0
12407,3.0,3.841213203435597,0.841213203435597,85,0.05,1,0,0,0
12408,3.0,3.8752709773749547,0.8752709773749551,90,0.05,1,0,0,0
12409,3.0,3.8936396103067894,0.8936396103067898,92,0.05,1,0,0,0
12410,3.0,3.8341421356237313,0.8341421356237315,84,0.05,1,0,0,0
12411,3.0,3.8553553390593276,0.8553553390593279,87,0.05,1,0,0,0
12412,3.0,3.8270710678118656,0.827071067811866,83,0.05,1,0,0,0
12413,3.0,3.844142135623731,0.8441421356237314,85,0.05,1,0,0,0
12414,3.0,3.8270710678118656,0.827071067811866,83,0.05,1,0,0,0
12415,3.0,3.841213203435597,0.841213203435597,85,0.05,1,0,0,0
12416,3.0,3.8624264068711933,0.8624264068711934,88,0.05,1,0,0,0
12417,3.0,3.8765685424949243,0.8765685424949244,90,0.05,1,0,0,0
12418,3.0,3.8341421356237313,0.8341421356237314,84,0.05,1,0,0,0
12419,3.0,3.8553553390593276,0.8553553390593278,87,0.05,1,0,0,0
12420,3.0,3.8469867061274927,0.8469867061274933,86,0.05,1,0,0,0
12421,3.0,3.8624264068711933,0.8624264068711934,88,0.05,1,0,0,0
12422,3.0,3.8482842712474623,0.8482842712474625,86,0.05,1,0,0,0
12423,3.0,3.8482842712474623,0.8482842712474625,86,0.05,1,0,0,0
12424,3.0,3.8553553390593276,0.8553553390593279,87,0.05,1,0,0,0
12425,3.0,3.8270710678118656,0.827071067811866,83,0.05,1,0,0,0
12426,3.0,3.8341421356237313,0.8341421356237315,84,0.05,1,0,0,0
12427,3.0,3.841213203435597,0.8412132034355969,85,0.05,1,0,0,0
12428,3.0,3.8624264068711933,0.8624264068711934,88,0.05,1,0,0,0
12429,3.0,3.8694974746830586,0.8694974746830589,89,0.05,1,0,0,0
12430,3.0,3.8681999095630895,0.8681999095630896,89,0.05,1,0,0,0
12431,3.0,3.921923881554252,0.921923881554252,96,0.05,1,0,0,0
12432,3.0,3.8341421356237313,0.8341421356237315,84,0.05,1,0,0,0
12433,3.0,3.869497474683059,0.8694974746830589,89,0.05,1,0,0,0
12434,3.0,3.8836396103067896,0.88363961030679,91,0.05,1,0,0,0
12435,3.0,3.841213203435597,0.841213203435597,85,0.05,1,0,0,0
12436,3.0,3.841213203435597,0.841213203435597,85,0.05,1,0,0,0
12437,3.0,3.8341421356237313,0.8341421356237315,84,0.05,1,0,0,0
12438,3.0,3.841213203435597,0.841213203435597,85,0.05,1,0,0,0
12439,3.0,3.8412132034355966,0.8412132034355969,85,0.05,1,0,0,0
12440,3.0,3.8624264068711933,0.8624264068711935,88,0.05,1,0,0,0
12441,3.0,3.8823420451868205,0.8823420451868207,91,0.05,1,0,0,0
12442,3.0,3.8694974746830586,0.8694974746830587,89,0.05,1,0,0,0
12443,3.0,3.8694974746830586,0.8694974746830589,89,0.05,1,0,0,0
12444,3.0,3.851986706127493,0.8519867061274933,87,0.05,1,0,0,0
12445,3.0,3.8724264068711935,0.8724264068711934,89,0.05,1,0,0,0
12446,3.0,3.8341421356237313,0.8341421356237315,84,0.05,1,0,0,0
12447,3.0,3.858284271247462,0.8582842712474625,87,0.05,1,0,0,0
12448,3.0,3.873973412254986,0.873973412254986,90,0.05,1,0,0,0
12449,3.0,3.8482842712474623,0.8482842712474625,86,0.05,1,0,0,0
12450,3.0,3.8341421356237313,0.8341421356237315,84,0.05,1,0,0,0
12451,3.0,3.8482842712474623,0.8482842712474624,86,0.05,1,0,0,0
12452,3.0,3.841213203435597,0.841213203435597,85,0.05,1,0,0,0
12453,3.0,3.862426406871193,0.8624264068711933,88,0.05,1,0,0,0
12454,3.0,3.8553553390593276,0.855355339059328,87,0.05,1,0,0,0
12455,3.0,3.8624264068711933,0.8624264068711934,88,0.05,1,0,0,0
12456,3.0,3.8482842712474623,0.8482842712474625,86,0.05,1,0,0,0
12457,3.0,3.8482842712474623,0.8482842712474625,86,0.05,1,0,0,0
12458,3.0,3.8540577739393584,0.8540577739393588,87,0.05,1,0,0,0
12459,3.0,3.8441421356237315,0.8441421356237315,85,0.05,1,0,0,0
12460,3.0,3.8200000000000003,0.8200000000000005,82,0.05,1,0,0,0
12461,3.0,3.8624264068711933,0.8624264068711934,88,0.05,1,0,0,0
12462,3.0,3.8200000000000003,0.8200000000000005,82,0.05,1,0,0,0
12463,3.0,3.841213203435597,0.841213203435597,85,0.05,1,0,0,0
12464,3.0,3.8412132034355966,0.8412132034355969,85,0.05,1,0,0,0
12465,3.0,3.8412132034355966,0.8412132034355969,85,0.05,1,0,0,0
12466,3.0,3.8540577739393584,0.8540577739393587,87,0.05,1,0,0,0
12467,3.0,3.8482842712474623,0.8482842712474624,86,0.05,1,0,0,0
12468,3.0,3.8731999095630893,0.8731999095630897,90,0.05,1,0,0,0
12469,3.0,3.8553553390593276,0.8553553390593279,87,0.05,1,0,0,0
12470,3.0,3.8765685424949243,0.8765685424949244,90,0.05,1,0,0,0
12471,3.0,3.841213203435597,0.841213203435597,85,0.05,1,0,0,0
12472,3.0,3.8553553390593276,0.855355339059328,87,0.05,1,0,0,0
12473,3.0,3.869497474683059,0.8694974746830589,89,0.05,1,0,0,0
12474,3.0,3.8553553390593276,0.855355339059328,87,0.05,1,0,0,0
12475,3.0,3.841213203435597,0.841213203435597,85,0.05,1,0,0,0
12476,3.0,3.8270710678118656,0.827071067811866,83,0.05,1,0,0,0
12477,3.0,3.8752709773749547,0.8752709773749551,90,0.05,1,0,0,0
12478,3.0,3.8341421356237313,0.8341421356237314,84,0.05,1,0,0,0
12479,3.0,3.8270710678118656,0.827071067811866,83,0.05,1,0,0,0
12480,3.0,3.841213203435597,0.841213203435597,85,0.05,1,0,0,0
12481,3.0,3.8624264068711933,0.8624264068711934,88,0.05,1,0,0,0
12482,3.0,3.8270710678118656,0.827071067811866,83,0.05,1,0,0,0
12483,3.0,3.841213203435597,0.841213203435597,85,0.05,1,0,0,0
12484,3.0,3.8553553390593276,0.855355339059328,87,0.05,1,0,0,0
12485,3.0,3.8482842712474623,0.8482842712474623,86,0.05,1,0,0,0
12486,3.0,3.8482842712474623,0.8482842712474625,86,0.05,1,0,0,0
12487,3.0,3.8553553390593276,0.8553553390593279,87,0.05,1,0,0,0
12488,3.0,3.8341421356237313,0.8341421356237315,84,0.05,1,0,0,0
12489,3.0,3.851213203435597,0.851213203435597,86,0.05,1,0,0,0
12490,3.0,3.8341421356237313,0.8341421356237315,84,0.05,1,0,0,0
12491,3.0,3.8482842712474623,0.8482842712474625,86,0.05,1,0,0,0
12492,3.0,3.8765685424949243,0.8765685424949243,90,0.05,1,0,0,0
12493,3.0,3.846986706127493,0.8469867061274933,86,0.05,1,0,0,0
12494,3.0,3.8482842712474623,0.8482842712474625,86,0.05,1,0,0,0
12495,3.0,3.8823420451868205,0.8823420451868207,91,0.05,1,0,0,0
12496,3.0,3.8724264068711935,0.8724264068711934,89,0.05,1,0,0,0
12497,3.0,3.8624264068711933,0.8624264068711934,88,0.05,1,0,0,0
12498,3.0,3.8482842712474623,0.8482842712474624,86,0.05,1,0,0,0
12499,3.0,3.8694974746830586,0.8694974746830588,89,0.05,1,0,0,0
12500,3.0,3.8341421356237313,0.8341421356237315,84,0.05,1,0,0,0
12501,3.0,3.861128841751224,0.8611288417512242,88,0.05,1,0,0,0
12502,3.0,3.8553553390593276,0.855355339059328,87,0.05,1,0,0,0
12503,3.0,3.841213203435597,0.841213203435597,85,0.05,1,0,0,0
12504,3.0,3.841213203435597,0.8412132034355969,85,0.05,1,0,0,0
12505,3.0,3.841213203435597,0.841213203435597,85,0.05,1,0,0,0
12506,3.0,3.869831276631255,0.8698312766312549,89,0.05,1,0,0,0
12507,3.0,3.886568542494924,0.8865685424949244,91,0.05,1,0,0,0
12508,3.0,3.8624264068711933,0.8624264068711935,88,0.05,1,0,0,0
12509,3.0,3.8341421356237313,0.8341421356237314,84,0.05,1,0,0,0
12510,3.0,3.8823420451868205,0.8823420451868207,91,0.05,1,0,0,0
12511,3.0,3.8482842712474623,0.8482842712474624,86,0.05,1,0,0,0
12512,3.0,3.875270977374955,0.8752709773749552,90,0.05,1,0,0,0
12513,3.0,3.8482842712474623,0.8482842712474625,86,0.05,1,0,0,0
12514,3.0,3.879497474683059,0.8794974746830589,90,0.05,1,0,0,0
12515,3.0,3.8624264068711933,0.8624264068711934,88,0.05,1,0,0,0
12516,3.0,3.8482842712474623,0.8482842712474625,86,0.05,1,0,0,0
12517,3.0,3.8640577739393587,0.8640577739393587,88,0.05,1,0,0,0
12518,3.0,3.8412132034355966,0.8412132034355969,85,0.05,1,0,0,0
12519,3.0,3.851213203435597,0.851213203435597,86,0.05,1,0,0,0
12520,3.0,3.8873420451868204,0.8873420451868207,92,0.05,1,0,0,0
12521,3.0,3.858284271247462,0.8582842712474625,87,0.05,1,0,0,0
12522,3.0,3.8624264068711933,0.8624264068711935,88,0.05,1,0,0,0
12523,3.0,3.841213203435597,0.841213203435597,85,0.05,1,0,0,0
12524,3.0,3.841213203435597,0.841213203435597,85,0.05,1,0,0,0
12525,3.0,3.9001866156905822,0.9001866156905824,94,0.05,1,0,0,0
12526,3.0,3.841213203435597,0.841213203435597,85,0.05,1,0,0,0
12527,3.0,3.851213203435597,0.8512132034355969,86,0.05,1,0,0,0
12528,3.0,3.8469867061274927,0.8469867061274933,86,0.05,1,0,0,0
12529,3.0,3.8824264068711933,0.8824264068711934,90,0.05,1,0,0,0
12530,3.0,3.869497474683059,0.869497474683059,89,0.05,1,0,0,0
12531,3.0,3.8482842712474623,0.8482842712474624,86,0.05,1,0,0,0
12532,3.0,3.8270710678118656,0.827071067811866,83,0.05,1,0,0,0
12533,3.0,3.8765685424949243,0.8765685424949244,90,0.05,1,0,0,0
12534,3.0,3.8681999095630895,0.8681999095630898,89,0.05,1,0,0,0
12535,3.0,3.8765685424949243,0.8765685424949243,90,0.05,1,0,0,0
12536,3.0,3.841213203435597,0.8412132034355969,85,0.05,1,0,0,0
12537,3.0,3.8399156383156274,0.8399156383156278,85,0.05,1,0,0,0
12538,3.0,3.8341421356237313,0.8341421356237315,84,0.05,1,0,0,0
12539,3.0,3.8482842712474623,0.8482842712474624,86,0.05,1,0,0,0
12540,3.0,3.8752709773749547,0.8752709773749551,90,0.05,1,0,0,0
12541,3.0,3.8836396103067896,0.8836396103067898,91,0.05,1,0,0,0
12542,3.0,3.862426406871193,0.8624264068711934,88,0.05,1,0,0,0
12543,3.0,3.841213203435597,0.841213203435597,85,0.05,1,0,0,0
12544,3.0,3.8836396103067896,0.88363961030679,91,0.05,1,0,0,0
12545,3.0,3.841213203435597,0.841213203435597,85,0.05,1,0,0,0
12546,3.0,3.8540577739393584,0.8540577739393588,87,0.05,1,0,0,0
12547,3.0,3.8341421356237313,0.8341421356237315,84,0.05,1,0,0,0
12548,3.0,3.841213203435597,0.841213203435597,85,0.05,1,0,0,0
12549,3.0,3.8752709773749547,0.8752709773749552,90,0.05,1,0,0,0
12550,3.0,3.8441421356237315,0.8441421356237315,85,0.05,1,0,0,0
12551,3.0,3.841213203435597,0.841213203435597,85,0.05,1,0,0,0
12552,3.0,3.885270977374955,0.8852709773749553,91,0.05,1,0,0,0
12553,3.0,3.8412132034355966,0.8412132034355969,85,0.05,1,0,0,0
12554,3.0,3.841213203435597,0.841213203435597,85,0.05,1,0,0,0
12555,3.0,3.8341421356237313,0.8341421356237315,84,0.05,1,0,0,0
12556,3.0,3.9093287513143133,0.9093287513143135,95,0.05,1,0,0,0
12557,3.0,3.8482842712474623,0.8482842712474624,86,0.05,1,0,0,0
12558,3.0,3.8341421356237313,0.8341421356237315,84,0.05,1,0,0,0
12559,3.0,3.8341421356237313,0.8341421356237315,84,0.05,1,0,0,0
12560,3.0,3.8482842712474623,0.8482842712474625,86,0.05,1,0,0,0
12561,3.0,3.841213203435597,0.841213203435597,85,0.05,1,0,0,0
12562,3.0,3.8341421356237313,0.8341421356237315,84,0.05,1,0,0,0
12563,3.0,3.8881155478787166,0.888115547878717,92,0.05,1,0,0,0
12564,3.0,3.8553553390593276,0.8553553390593279,87,0.05,1,0,0,0
12565,3.0,3.8200000000000003,0.8200000000000005,82,0.05,1,0,0,0
12566,3.0,3.862426406871193,0.8624264068711934,88,0.05,1,0,0,0
12567,3.0,3.862426406871193,0.8624264068711932,88,0.05,1,0,0,0
12568,3.0,3.8200000000000003,0.8200000000000005,82,0.05,1,0,0,0
12569,3.0,3.8694974746830586,0.8694974746830588,89,0.05,1,0,0,0
12570,3.0,3.8399156383156274,0.8399156383156278,85,0.05,1,0,0,0
12571,3.0,3.9289949493661167,0.9289949493661173,97,0.05,1,0,0,0
12572,3.0,3.8553553390593276,0.8553553390593279,87,0.05,1,0,0,0
12573,3.0,3.8270710678118656,0.827071067811866,83,0.05,1,0,0,0
12574,3.0,3.8624264068711933,0.8624264068711935,88,0.05,1,0,0,0
12575,3.0,3.841213203435597,0.841213203435597,85,0.05,1,0,0,0
12576,3.0,3.895186615690582,0.8951866156905823,93,0.05,1,0,0,0
12577,3.0,3.8553553390593276,0.8553553390593279,87,0.05,1,0,0,0
12578,3.0,3.8553553390593276,0.8553553390593278,87,0.05,1,0,0,0
12579,3.0,3.8200000000000003,0.8200000000000005,82,0.05,1,0,0,0
12580,3.0,3.841213203435597,0.841213203435597,85,0.05,1,0,0,0
12581,3.0,3.8694974746830586,0.8694974746830589,89,0.05,1,0,0,0
12582,3.0,3.873973412254986,0.873973412254986,90,0.05,1,0,0,0
12583,3.0,3.861128841751224,0.8611288417512243,88,0.05,1,0,0,0
12584,3.0,3.851213203435597,0.851213203435597,86,0.05,1,0,0,0
12585,3.0,3.8341421356237313,0.8341421356237315,84,0.05,1,0,0,0
12586,3.0,3.8553553390593276,0.855355339059328,87,0.05,1,0,0,0
12587,3.0,3.8611288417512237,0.8611288417512241,88,0.05,1,0,0,0
12588,3.0,3.8624264068711933,0.8624264068711934,88,0.05,1,0,0,0
12589,3.0,3.8270710678118656,0.827071067811866,83,0.05,1,0,0,0
12590,3.0,3.8553553390593276,0.855355339059328,87,0.05,1,0,0,0
12591,3.0,3.841213203435597,0.841213203435597,85,0.05,1,0,0,0
12592,3.0,3.8341421356237313,0.8341421356237315,84,0.05,1,0,0,0
12593,3.0,3.8341421356237313,0.8341421356237315,84,0.05,1,0,0,0
12594,3.0,3.841213203435597,0.841213203435597,85,0.05,1,0,0,0
12595,3.0,3.8482842712474623,0.8482842712474625,86,0.05,1,0,0,0
12596,3.0,3.8482842712474623,0.8482842712474625,86,0.05,1,0,0,0
12597,3.0,3.8482842712474623,0.8482842712474623,86,0.05,1,0,0,0
12598,3.0,3.8540577739393584,0.8540577739393587,87,0.05,1,0,0,0
12599,3.0,3.8765685424949243,0.8765685424949244,90,0.05,1,0,0,0
12600,3.0,3.841213203435597,0.841213203435597,85,0.05,1,0,0,0
12601,3.0,3.841213203435597,0.841213203435597,85,0.05,1,0,0,0
12602,3.0,3.8341421356237313,0.8341421356237315,84,0.05,1,0,0,0
12603,3.0,3.8482842712474623,0.8482842712474625,86,0.05,1,0,0,0
12604,3.0,3.865355339059328,0.8653553390593279,88,0.05,1,0,0,0
12605,3.0,3.8553553390593276,0.8553553390593278,87,0.05,1,0,0,0
12606,3.0,3.8482842712474623,0.8482842712474625,86,0.05,1,0,0,0
12607,3.0,3.9292443896299405,0.9292443896299405,98,0.05,1,0,0,0
12608,3.0,3.8624264068711933,0.8624264068711935,88,0.05,1,0,0,0
12609,3.0,3.8553553390593276,0.8553553390593279,87,0.05,1,0,0,0
12610,3.0,3.8823420451868205,0.8823420451868207,91,0.05,1,0,0,0
12611,3.0,3.8482842712474623,0.8482842712474625,86,0.05,1,0,0,0
12612,3.0,3.8752709773749547,0.8752709773749552,90,0.05,1,0,0,0
12613,3.0,3.8553553390593276,0.8553553390593279,87,0.05,1,0,0,0
12614,3.0,3.841213203435597,0.841213203435597,85,0.05,1,0,0,0
12615,3.0,3.8553553390593276,0.8553553390593279,87,0.05,1,0,0,0
12616,3.0,3.8482842712474623,0.8482842712474624,86,0.05,1,0,0,0
12617,3.0,3.841213203435597,0.841213203435597,85,0.05,1,0,0,0
12618,3.0,3.8553553390593276,0.8553553390593279,87,0.05,1,0,0,0
12619,3.0,3.8681999095630895,0.8681999095630897,89,0.05,1,0,0,0
12620,3.0,3.8624264068711933,0.8624264068711934,88,0.05,1,0,0,0
12621,3.0,3.8270710678118656,0.827071067811866,83,0.05,1,0,0,0
12622,3.0,3.8482842712474623,0.8482842712474624,86,0.05,1,0,0,0
12623,3.0,3.8341421356237313,0.8341421356237315,84,0.05,1,0,0,0
12624,3.0,3.8482842712474623,0.8482842712474625,86,0.05,1,0,0,0
12625,3.0,3.8200000000000003,0.8200000000000005,82,0.05,1,0,0,0
12626,3.0,3.837071067811866,0.837071067811866,84,0.05,1,0,0,0
12627,3.0,3.8482842712474623,0.8482842712474625,86,0.05,1,0,0,0
12628,3.0,3.8836396103067896,0.88363961030679,91,0.05,1,0,0,0
12629,3.0,3.8469867061274927,0.8469867061274933,86,0.05,1,0,0,0
12630,3.0,3.8482842712474623,0.8482842712474625,86,0.05,1,0,0,0
12631,3.0,3.8341421356237313,0.8341421356237315,84,0.05,1,0,0,0
12632,3.0,3.8341421356237313,0.8341421356237315,84,0.05,1,0,0,0
12633,3.0,3.841213203435597,0.841213203435597,85,0.05,1,0,0,0
12634,3.0,3.8553553390593276,0.8553553390593279,87,0.05,1,0,0,0
12635,3.0,3.8482842712474623,0.8482842712474625,86,0.05,1,0,0,0
12636,3.0,3.8341421356237313,0.8341421356237315,84,0.05,1,0,0,0
12637,3.0,3.8694974746830586,0.8694974746830589,89,0.05,1,0,0,0
12638,3.0,3.861128841751224,0.8611288417512242,88,0.05,1,0,0,0
12639,3.0,3.8341421356237313,0.8341421356237315,84,0.05,1,0,0,0
12640,3.0,3.900710678118655,0.9007106781186554,93,0.05,1,0,0,0
12641,3.0,3.8669023444431203,0.8669023444431204,89,0.05,1,0,0,0
12642,3.0,3.8341421356237313,0.8341421356237315,84,0.05,1,0,0,0
12643,3.0,3.8873420451868204,0.8873420451868206,92,0.05,1,0,0,0
12644,3.0,3.8341421356237313,0.8341421356237315,84,0.05,1,0,0,0
12645,3.0,3.879497474683059,0.8794974746830589,90,0.05,1,0,0,0
12646,3.0,3.846986706127493,0.8469867061274933,86,0.05,1,0,0,0
12647,3.0,3.8341421356237313,0.8341421356237315,84,0.05,1,0,0,0
12648,3.0,3.8553553390593276,0.855355339059328,87,0.05,1,0,0,0
12649,3.0,3.8482842712474623,0.8482842712474624,86,0.05,1,0,0,0
12650,3.0,3.8694974746830586,0.8694974746830588,89,0.05,1,0,0,0
12651,3.0,3.8482842712474623,0.8482842712474624,86,0.05,1,0,0,0
12652,3.0,3.8341421356237313,0.8341421356237315,84,0.05,1,0,0,0
12653,3.0,3.862426406871193,0.8624264068711934,88,0.05,1,0,0,0
12654,3.0,3.851213203435597,0.851213203435597,86,0.05,1,0,0,0
12655,3.0,3.841213203435597,0.841213203435597,85,0.05,1,0,0,0
12656,3.0,3.9009601183824785,0.9009601183824787,94,0.05,1,0,0,0
12657,3.0,3.8694974746830586,0.8694974746830588,89,0.05,1,0,0,0
12658,3.0,3.8894131129986858,0.889413112998686,92,0.05,1,0,0,0
12659,3.0,3.841213203435597,0.841213203435597,85,0.05,1,0,0,0
12660,3.0,3.841213203435597,0.841213203435597,85,0.05,1,0,0,0
12661,3.0,3.858284271247462,0.8582842712474625,87,0.05,1,0,0,0
12662,3.0,3.8823420451868205,0.8823420451868207,91,0.05,1,0,0,0
12663,3.0,3.858284271247462,0.8582842712474624,87,0.05,1,0,0,0
12664,3.0,3.8200000000000003,0.8200000000000005,82,0.05,1,0,0,0
12665,3.0,3.8769023444431205,0.8769023444431205,90,0.05,1,0,0,0
12666,3.0,3.8964841808105515,0.8964841808105516,93,0.05,1,0,0,0
12667,3.0,3.8341421356237313,0.8341421356237315,84,0.05,1,0,0,0
12668,3.0,3.8482842712474623,0.8482842712474625,86,0.05,1,0,0,0
12669,3.0,3.8752709773749547,0.8752709773749552,90,0.05,1,0,0,0
12670,3.0,3.890710678118655,0.8907106781186552,92,0.05,1,0,0,0
12671,3.0,3.8341421356237313,0.8341421356237314,84,0.05,1,0,0,0
12672,3.0,3.841213203435597,0.841213203435597,85,0.05,1,0,0,0
12673,3.0,3.858284271247462,0.8582842712474624,87,0.05,1,0,0,0
12674,3.0,3.8412132034355966,0.8412132034355969,85,0.05,1,0,0,0
12675,3.0,3.8553553390593276,0.8553553390593279,87,0.05,1,0,0,0
12676,3.0,3.8341421356237313,0.8341421356237315,84,0.05,1,0,0,0
12677,3.0,3.841213203435597,0.841213203435597,85,0.05,1,0,0,0
12678,3.0,3.8624264068711933,0.8624264068711934,88,0.05,1,0,0,0
12679,3.0,3.8482842712474623,0.8482842712474625,86,0.05,1,0,0,0
12680,3.0,3.841213203435597,0.841213203435597,85,0.05,1,0,0,0
12681,3.0,3.8482842712474623,0.8482842712474625,86,0.05,1,0,0,0
12682,3.0,3.8341421356237313,0.8341421356237315,84,0.05,1,0,0,0
12683,3.0,3.846986706127493,0.8469867061274933,86,0.05,1,0,0,0
12684,3.0,3.8482842712474623,0.8482842712474624,86,0.05,1,0,0,0
12685,3.0,3.8341421356237313,0.8341421356237314,84,0.05,1,0,0,0
12686,3.0,3.8553553390593276,0.8553553390593279,87,0.05,1,0,0,0
12687,3.0,3.8540577739393584,0.8540577739393586,87,0.05,1,0,0,0
12688,3.0,3.841213203435597,0.841213203435597,85,0.05,1,0,0,0
12689,3.0,3.890710678118655,0.8907106781186553,92,0.05,1,0,0,0
12690,3.0,3.8765685424949243,0.8765685424949246,90,0.05,1,0,0,0
12691,3.0,3.869497474683059,0.8694974746830589,89,0.05,1,0,0,0
12692,3.0,3.8270710678118656,0.827071067811866,83,0.05,1,0,0,0
12693,3.0,3.8270710678118656,0.827071067811866,83,0.05,1,0,0,0
12694,3.0,3.8482842712474623,0.8482842712474624,86,0.05,1,0,0,0
12695,3.0,3.8341421356237313,0.8341421356237314,84,0.05,1,0,0,0
12696,3.0,3.8694974746830586,0.8694974746830588,89,0.05,1,0,0,0
12697,3.0,3.862426406871193,0.8624264068711933,88,0.05,1,0,0,0
12698,3.0,3.861128841751224,0.8611288417512242,88,0.05,1,0,0,0
12699,3.0,3.862426406871193,0.8624264068711934,88,0.05,1,0,0,0
12700,3.0,3.869497474683059,0.869497474683059,89,0.05,1,0,0,0
12701,3.0,3.8482842712474623,0.8482842712474625,86,0.05,1,0,0,0
12702,3.0,3.8765685424949243,0.8765685424949242,90,0.05,1,0,0,0
12703,3.0,3.8200000000000003,0.8200000000000005,82,0.05,1,0,0,0
12704,3.0,3.841213203435597,0.841213203435597,85,0.05,1,0,0,0
12705,3.0,3.8270710678118656,0.827071067811866,83,0.05,1,0,0,0
12706,3.0,3.8270710678118656,0.827071067811866,83,0.05,1,0,0,0
12707,3.0,3.8482842712474623,0.8482842712474625,86,0.05,1,0,0,0
12708,3.0,3.8200000000000003,0.8200000000000005,82,0.05,1,0,0,0
12709,3.0,3.862426406871193,0.8624264068711933,88,0.05,1,0,0,0
12710,3.0,3.841213203435597,0.841213203435597,85,0.05,1,0,0,0
12711,3.0,3.841213203435597,0.841213203435597,85,0.05,1,0,0,0
12712,3.0,3.8694974746830586,0.8694974746830588,89,0.05,1,0,0,0
12713,3.0,3.8553553390593276,0.8553553390593279,87,0.05,1,0,0,0
12714,3.0,3.862426406871193,0.8624264068711934,88,0.05,1,0,0,0
12715,3.0,3.8553553390593276,0.8553553390593279,87,0.05,1,0,0,0
12716,3.0,3.8553553390593276,0.855355339059328,87,0.05,1,0,0,0
12717,3.0,3.8765685424949243,0.8765685424949246,90,0.05,1,0,0,0
12718,3.0,3.841213203435597,0.841213203435597,85,0.05,1,0,0,0
12719,3.0,3.841213203435597,0.841213203435597,85,0.05,1,0,0,0
12720,3.0,3.8341421356237313,0.8341421356237315,84,0.05,1,0,0,0
12721,3.0,3.841213203435597,0.841213203435597,85,0.05,1,0,0,0
12722,3.0,3.8412132034355966,0.8412132034355969,85,0.05,1,0,0,0
12723,3.0,3.8482842712474623,0.8482842712474624,86,0.05,1,0,0,0
12724,3.0,3.8553553390593276,0.855355339059328,87,0.05,1,0,0,0
12725,3.0,3.8341421356237313,0.8341421356237315,84,0.05,1,0,0,0
12726,3.0,3.841213203435597,0.841213203435597,85,0.05,1,0,0,0
12727,3.0,3.861128841751224,0.8611288417512242,88,0.05,1,0,0,0
12728,3.0,3.841213203435597,0.841213203435597,85,0.05,1,0,0,0
12729,3.0,3.8270710678118656,0.827071067811866,83,0.05,1,0,0,0
12730,3.0,3.841213203435597,0.841213203435597,85,0.05,1,0,0,0
12731,3.0,3.8553553390593276,0.8553553390593279,87,0.05,1,0,0,0
12732,3.0,3.8553553390593276,0.8553553390593279,87,0.05,1,0,0,0
12733,3.0,3.8341421356237313,0.8341421356237315,84,0.05,1,0,0,0
12734,3.0,3.8624264068711933,0.8624264068711934,88,0.05,1,0,0,0
12735,3.0,3.8553553390593276,0.855355339059328,87,0.05,1,0,0,0
12736,3.0,3.8341421356237313,0.8341421356237315,84,0.05,1,0,0,0
12737,3.0,3.8341421356237313,0.8341421356237314,84,0.05,1,0,0,0
12738,3.0,3.8823420451868205,0.8823420451868207,91,0.05,1,0,0,0
12739,3.0,3.8200000000000003,0.8200000000000005,82,0.05,1,0,0,0
12740,3.0,3.8270710678118656,0.827071067811866,83,0.05,1,0,0,0
12741,3.0,3.851213203435597,0.8512132034355969,86,0.05,1,0,0,0
12742,3.0,3.8341421356237313,0.8341421356237315,84,0.05,1,0,0,0
12743,3.0,3.841213203435597,0.841213203435597,85,0.05,1,0,0,0
12744,3.0,3.8482842712474623,0.8482842712474625,86,0.05,1,0,0,0
12745,3.0,3.865355339059328,0.8653553390593279,88,0.05,1,0,0,0
12746,3.0,3.8553553390593276,0.855355339059328,87,0.05,1,0,0,0
12747,3.0,3.8270710678118656,0.827071067811866,83,0.05,1,0,0,0
12748,3.0,3.841213203435597,0.841213203435597,85,0.05,1,0,0,0
12749,3.0,3.8681999095630895,0.8681999095630898,89,0.05,1,0,0,0
12750,3.0,3.8624264068711933,0.8624264068711934,88,0.05,1,0,0,0
12751,3.0,3.9093287513143133,0.9093287513143133,95,0.05,1,0,0,0
12752,3.0,3.8341421356237313,0.8341421356237314,84,0.05,1,0,0,0
12753,3.0,3.8907106781186553,0.8907106781186555,92,0.05,1,0,0,0
12754,3.0,3.8681999095630895,0.8681999095630897,89,0.05,1,0,0,0
12755,3.0,3.8540577739393584,0.8540577739393587,87,0.05,1,0,0,0
12756,3.0,3.841213203435597,0.841213203435597,85,0.05,1,0,0,0
12757,3.0,3.8553553390593276,0.855355339059328,87,0.05,1,0,0,0
12758,3.0,3.9064841808105513,0.9064841808105516,94,0.05,1,0,0,0
12759,3.0,3.8624264068711933,0.8624264068711935,88,0.05,1,0,0,0
12760,3.0,3.899413112998686,0.8994131129986861,93,0.05,1,0,0,0
12761,3.0,3.8412132034355966,0.8412132034355969,85,0.05,1,0,0,0
12762,3.0,3.8341421356237313,0.8341421356237314,84,0.05,1,0,0,0
12763,3.0,3.88234204518682,0.8823420451868206,91,0.05,1,0,0,0
12764,3.0,3.841213203435597,0.841213203435597,85,0.05,1,0,0,0
12765,3.0,3.8553553390593276,0.8553553390593278,87,0.05,1,0,0,0
12766,3.0,3.86690234444312,0.8669023444431204,89,0.05,1,0,0,0
12767,3.0,3.8739734122549856,0.8739734122549858,90,0.05,1,0,0,0
12768,3.0,3.8624264068711933,0.8624264068711934,88,0.05,1,0,0,0
12769,3.0,3.875270977374955,0.8752709773749552,90,0.05,1,0,0,0
12770,3.0,3.8553553390593276,0.8553553390593279,87,0.05,1,0,0,0
12771,3.0,3.8200000000000003,0.8200000000000005,82,0.05,1,0,0,0
12772,3.0,3.8482842712474623,0.8482842712474623,86,0.05,1,0,0,0
12773,3.0,3.8270710678118656,0.827071067811866,83,0.05,1,0,0,0
12774,3.0,3.8270710678118656,0.827071067811866,83,0.05,1,0,0,0
12775,3.0,3.8469867061274927,0.8469867061274932,86,0.05,1,0,0,0
12776,3.0,3.841213203435597,0.841213203435597,85,0.05,1,0,0,0
12777,3.0,3.8765685424949243,0.8765685424949242,90,0.05,1,0,0,0
12778,3.0,3.8823420451868205,0.8823420451868206,91,0.05,1,0,0,0
12779,3.0,3.8341421356237313,0.8341421356237315,84,0.05,1,0,0,0
12780,3.0,3.885270977374955,0.8852709773749553,91,0.05,1,0,0,0
12781,3.0,3.8482842712474623,0.8482842712474625,86,0.05,1,0,0,0
12782,3.0,3.854057773939359,0.8540577739393588,87,0.05,1,0,0,0
12783,3.0,3.8341421356237313,0.8341421356237315,84,0.05,1,0,0,0
12784,3.0,3.8553553390593276,0.8553553390593279,87,0.05,1,0,0,0
12785,3.0,3.873973412254986,0.873973412254986,90,0.05,1,0,0,0
12786,3.0,3.8341421356237313,0.8341421356237315,84,0.05,1,0,0,0
12787,3.0,3.8441421356237315,0.8441421356237315,85,0.05,1,0,0,0
12788,3.0,3.861128841751224,0.8611288417512242,88,0.05,1,0,0,0
12789,3.0,3.861128841751224,0.8611288417512242,88,0.05,1,0,0,0
12790,3.0,3.8270710678118656,0.827071067811866,83,0.05,1,0,0,0
12791,3.0,3.8681999095630895,0.8681999095630897,89,0.05,1,0,0,0
12792,3.0,3.8823420451868205,0.8823420451868208,91,0.05,1,0,0,0
12793,3.0,3.8624264068711933,0.8624264068711934,88,0.05,1,0,0,0
12794,3.0,3.8200000000000003,0.8200000000000005,82,0.05,1,0,0,0
12795,3.0,3.862426406871193,0.8624264068711934,88,0.05,1,0,0,0
12796,3.0,3.8341421356237313,0.8341421356237315,84,0.05,1,0,0,0
12797,3.0,3.8964841808105515,0.8964841808105516,93,0.05,1,0,0,0
12798,3.0,3.8270710678118656,0.827071067811866,83,0.05,1,0,0,0
12799,3.0,3.8553553390593276,0.8553553390593279,87,0.05,1,0,0,0
12800,3.0,3.8482842712474623,0.8482842712474625,86,0.05,1,0,0,0
12801,3.0,3.8200000000000003,0.8200000000000005,82,0.05,1,0,0,0
12802,3.0,3.8624264068711933,0.8624264068711934,88,0.05,1,0,0,0
12803,3.0,3.8482842712474623,0.8482842712474624,86,0.05,1,0,0,0
12804,3.0,3.869497474683059,0.869497474683059,89,0.05,1,0,0,0
12805,3.0,3.858284271247462,0.8582842712474624,87,0.05,1,0,0,0
12806,3.0,3.869497474683059,0.869497474683059,89,0.05,1,0,0,0
12807,3.0,3.8341421356237313,0.8341421356237315,84,0.05,1,0,0,0
12808,3.0,3.841213203435597,0.841213203435597,85,0.05,1,0,0,0
12809,3.0,3.861128841751224,0.8611288417512242,88,0.05,1,0,0,0
12810,3.0,3.8341421356237313,0.8341421356237315,84,0.05,1,0,0,0
12811,3.0,3.8482842712474623,0.8482842712474624,86,0.05,1,0,0,0
12812,3.0,3.8270710678118656,0.827071067811866,83,0.05,1,0,0,0
12813,3.0,3.8412132034355966,0.8412132034355969,85,0.05,1,0,0,0
12814,3.0,3.8540577739393584,0.8540577739393587,87,0.05,1,0,0,0
12815,3.0,3.8341421356237313,0.8341421356237315,84,0.05,1,0,0,0
12816,3.0,3.8694974746830586,0.8694974746830589,89,0.05,1,0,0,0
12817,3.0,3.872426406871193,0.8724264068711933,89,0.05,1,0,0,0
12818,3.0,3.8341421356237313,0.8341421356237314,84,0.05,1,0,0,0
12819,3.0,3.8341421356237313,0.8341421356237315,84,0.05,1,0,0,0
12820,3.0,3.858284271247462,0.8582842712474624,87,0.05,1,0,0,0
12821,3.0,3.8482842712474623,0.8482842712474625,86,0.05,1,0,0,0
12822,3.0,3.878973412254986,0.8789734122549859,91,0.05,1,0,0,0
12823,3.0,3.8341421356237313,0.8341421356237315,84,0.05,1,0,0,0
12824,3.0,3.8341421356237313,0.8341421356237315,84,0.05,1,0,0,0
12825,3.0,3.8200000000000003,0.8200000000000005,82,0.05,1,0,0,0
12826,3.0,3.8907106781186553,0.8907106781186555,92,0.05,1,0,0,0
12827,3.0,3.8270710678118656,0.827071067811866,83,0.05,1,0,0,0
12828,3.0,3.8469867061274927,0.8469867061274932,86,0.05,1,0,0,0
12829,3.0,3.841213203435597,0.841213203435597,85,0.05,1,0,0,0
12830,3.0,3.8270710678118656,0.827071067811866,83,0.05,1,0,0,0
12831,3.0,3.8270710678118656,0.827071067811866,83,0.05,1,0,0,0
12832,3.0,3.865355339059328,0.865355339059328,88,0.05,1,0,0,0
12833,3.0,3.8553553390593276,0.8553553390593279,87,0.05,1,0,0,0
12834,3.0,3.861128841751224,0.8611288417512243,88,0.05,1,0,0,0
12835,3.0,3.8412132034355966,0.8412132034355969,85,0.05,1,0,0,0
12836,3.0,3.8482842712474623,0.8482842712474624,86,0.05,1,0,0,0
12837,3.0,3.841213203435597,0.841213203435597,85,0.05,1,0,0,0
12838,3.0,3.879497474683059,0.8794974746830589,90,0.05,1,0,0,0
12839,3.0,3.846986706127493,0.8469867061274933,86,0.05,1,0,0,0
12840,3.0,3.8341421356237313,0.8341421356237315,84,0.05,1,0,0,0
12841,3.0,3.8624264068711933,0.8624264068711935,88,0.05,1,0,0,0
12842,3.0,3.8540577739393584,0.8540577739393587,87,0.05,1,0,0,0
12843,3.0,3.8482842712474623,0.8482842712474624,86,0.05,1,0,0,0
12844,3.0,3.8341421356237313,0.8341421356237315,84,0.05,1,0,0,0
12845,3.0,3.8482842712474623,0.8482842712474624,86,0.05,1,0,0,0
12846,3.0,3.8836396103067896,0.8836396103067898,91,0.05,1,0,0,0
12847,3.0,3.8270710678118656,0.827071067811866,83,0.05,1,0,0,0
12848,3.0,3.8482842712474623,0.8482842712474625,86,0.05,1,0,0,0
12849,3.0,3.8399156383156274,0.8399156383156278,85,0.05,1,0,0,0
12850,3.0,3.8200000000000003,0.8200000000000005,82,0.05,1,0,0,0
12851,3.0,3.8694974746830586,0.8694974746830588,89,0.05,1,0,0,0
12852,3.0,3.8553553390593276,0.8553553390593279,87,0.05,1,0,0,0
12853,3.0,3.841213203435597,0.841213203435597,85,0.05,1,0,0,0
12854,3.0,3.8482842712474623,0.8482842712474624,86,0.05,1,0,0,0
12855,3.0,3.8752709773749547,0.8752709773749553,90,0.05,1,0,0,0
12856,3.0,3.888115547878717,0.8881155478787169,92,0.05,1,0,0,0
12857,3.0,3.862426406871193,0.8624264068711934,88,0.05,1,0,0,0
12858,3.0,3.8200000000000003,0.8200000000000005,82,0.05,1,0,0,0
12859,3.0,3.8681999095630895,0.8681999095630897,89,0.05,1,0,0,0
12860,3.0,3.862426406871193,0.8624264068711934,88,0.05,1,0,0,0
12861,3.0,3.8200000000000003,0.8200000000000005,82,0.05,1,0,0,0
12862,3.0,3.8341421356237313,0.8341421356237315,84,0.05,1,0,0,0
12863,3.0,3.8482842712474623,0.8482842712474625,86,0.05,1,0,0,0
12864,3.0,3.8482842712474623,0.8482842712474625,86,0.05,1,0,0,0
12865,3.0,3.8482842712474623,0.8482842712474624,86,0.05,1,0,0,0
12866,3.0,3.8944131129986856,0.894413112998686,93,0.05,1,0,0,0
12867,3.0,3.8270710678118656,0.827071067811866,83,0.05,1,0,0,0
12868,3.0,3.856986706127493,0.8569867061274933,87,0.05,1,0,0,0
12869,3.0,3.841213203435597,0.841213203435597,85,0.05,1,0,0,0
12870,3.0,3.8270710678118656,0.827071067811866,83,0.05,1,0,0,0
12871,3.0,3.8341421356237313,0.8341421356237315,84,0.05,1,0,0,0
12872,3.0,3.8836396103067896,0.8836396103067898,91,0.05,1,0,0,0
12873,3.0,3.8341421356237313,0.8341421356237315,84,0.05,1,0,0,0
12874,3.0,3.8270710678118656,0.827071067811866,83,0.05,1,0,0,0
12875,3.0,3.8482842712474623,0.8482842712474624,86,0.05,1,0,0,0
12876,3.0,3.8624264068711933,0.8624264068711934,88,0.05,1,0,0,0
12877,3.0,3.841213203435597,0.841213203435597,85,0.05,1,0,0,0
12878,3.0,3.890710678118655,0.8907106781186553,92,0.05,1,0,0,0
12879,3.0,3.8441421356237315,0.8441421356237315,85,0.05,1,0,0,0
12880,3.0,3.8270710678118656,0.827071067811866,83,0.05,1,0,0,0
12881,3.0,3.8781999095630892,0.8781999095630897,90,0.05,1,0,0,0
12882,3.0,3.8341421356237313,0.8341421356237315,84,0.05,1,0,0,0
12883,3.0,3.8553553390593276,0.855355339059328,87,0.05,1,0,0,0
12884,3.0,3.8553553390593276,0.8553553390593279,87,0.05,1,0,0,0
12885,3.0,3.8553553390593276,0.8553553390593279,87,0.05,1,0,0,0
12886,3.0,3.851213203435597,0.851213203435597,86,0.05,1,0,0,0
12887,3.0,3.8694974746830586,0.8694974746830589,89,0.05,1,0,0,0
12888,3.0,3.8341421356237313,0.8341421356237315,84,0.05,1,0,0,0
12889,3.0,3.8200000000000003,0.8200000000000005,82,0.05,1,0,0,0
12890,3.0,3.8881155478787166,0.8881155478787168,92,0.05,1,0,0,0
12891,3.0,3.8200000000000003,0.8200000000000005,82,0.05,1,0,0,0
12892,3.0,3.869497474683059,0.8694974746830589,89,0.05,1,0,0,0
12893,3.0,3.8482842712474623,0.8482842712474624,86,0.05,1,0,0,0
12894,3.0,3.8341421356237313,0.8341421356237315,84,0.05,1,0,0,0
12895,3.0,3.8624264068711933,0.8624264068711934,88,0.05,1,0,0,0
12896,3.0,3.8694974746830586,0.8694974746830589,89,0.05,1,0,0,0
12897,3.0,3.8823420451868205,0.8823420451868207,91,0.05,1,0,0,0
12898,3.0,3.8482842712474623,0.8482842712474624,86,0.05,1,0,0,0
12899,3.0,3.8441421356237315,0.8441421356237315,85,0.05,1,0,0,0
12900,3.0,3.861128841751224,0.8611288417512243,88,0.05,1,0,0,0
12901,3.0,3.8752709773749547,0.8752709773749552,90,0.05,1,0,0,0
12902,3.0,3.8412132034355966,0.8412132034355969,85,0.05,1,0,0,0
12903,3.0,3.858284271247462,0.8582842712474624,87,0.05,1,0,0,0
12904,3.0,3.8540577739393584,0.8540577739393588,87,0.05,1,0,0,0
12905,3.0,3.8341421356237313,0.8341421356237314,84,0.05,1,0,0,0
12906,3.0,3.8553553390593276,0.8553553390593279,87,0.05,1,0,0,0
12907,3.0,3.8482842712474623,0.8482842712474625,86,0.05,1,0,0,0
12908,3.0,3.8341421356237313,0.8341421356237315,84,0.05,1,0,0,0
12909,3.0,3.864831276631255,0.864831276631255,89,0.05,1,0,0,0
12910,3.0,3.8482842712474623,0.8482842712474623,86,0.05,1,0,0,0
12911,3.0,3.8624264068711933,0.8624264068711934,88,0.05,1,0,0,0
12912,3.0,3.8553553390593276,0.855355339059328,87,0.05,1,0,0,0
12913,3.0,3.8200000000000003,0.8200000000000005,82,0.05,1,0,0,0
12914,3.0,3.8482842712474623,0.8482842712474624,86,0.05,1,0,0,0
12915,3.0,3.862426406871193,0.8624264068711933,88,0.05,1,0,0,0
12916,3.0,3.8341421356237313,0.8341421356237315,84,0.05,1,0,0,0
12917,3.0,3.873973412254986,0.8739734122549859,90,0.05,1,0,0,0
12918,3.0,3.8341421356237313,0.8341421356237315,84,0.05,1,0,0,0
12919,3.0,3.909413112998686,0.9094131129986863,94,0.05,1,0,0,0
12920,3.0,3.869497474683059,0.8694974746830589,89,0.05,1,0,0,0
12921,3.0,3.8341421356237313,0.8341421356237314,84,0.05,1,0,0,0
12922,3.0,3.8482842712474623,0.8482842712474624,86,0.05,1,0,0,0
12923,3.0,3.8553553390593276,0.8553553390593278,87,0.05,1,0,0,0
12924,3.0,3.8482842712474623,0.8482842712474624,86,0.05,1,0,0,0
12925,3.0,3.8553553390593276,0.8553553390593279,87,0.05,1,0,0,0
12926,3.0,3.8341421356237313,0.8341421356237315,84,0.05,1,0,0,0
12927,3.0,3.869497474683059,0.869497474683059,89,0.05,1,0,0,0
12928,3.0,3.841213203435597,0.841213203435597,85,0.05,1,0,0,0
12929,3.0,3.8553553390593276,0.855355339059328,87,0.05,1,0,0,0
12930,3.0,3.8553553390593276,0.855355339059328,87,0.05,1,0,0,0
12931,3.0,3.8200000000000003,0.8200000000000005,82,0.05,1,0,0,0
12932,3.0,3.8412132034355966,0.8412132034355969,85,0.05,1,0,0,0
12933,3.0,3.841213203435597,0.841213203435597,85,0.05,1,0,0,0
12934,3.0,3.8553553390593276,0.8553553390593279,87,0.05,1,0,0,0
12935,3.0,3.8270710678118656,0.827071067811866,83,0.05,1,0,0,0
12936,3.0,3.841213203435597,0.841213203435597,85,0.05,1,0,0,0
12937,3.0,3.8412132034355966,0.8412132034355969,85,0.05,1,0,0,0
12938,3.0,3.8341421356237313,0.8341421356237315,84,0.05,1,0,0,0
12939,3.0,3.882342045186821,0.8823420451868207,91,0.05,1,0,0,0
12940,3.0,3.832844570503762,0.8328445705037623,84,0.05,1,0,0,0
12941,3.0,3.8823420451868205,0.8823420451868206,91,0.05,1,0,0,0
12942,3.0,3.841213203435597,0.841213203435597,85,0.05,1,0,0,0
12943,3.0,3.8341421356237313,0.8341421356237315,84,0.05,1,0,0,0
12944,3.0,3.8270710678118656,0.827071067811866,83,0.05,1,0,0,0
12945,3.0,3.8540577739393584,0.8540577739393588,87,0.05,1,0,0,0
12946,3.0,3.889413112998686,0.8894131129986861,92,0.05,1,0,0,0
12947,3.0,3.8341421356237313,0.8341421356237315,84,0.05,1,0,0,0
12948,3.0,3.8694974746830586,0.8694974746830589,89,0.05,1,0,0,0
12949,3.0,3.8624264068711933,0.8624264068711935,88,0.05,1,0,0,0
12950,3.0,3.8624264068711933,0.8624264068711935,88,0.05,1,0,0,0
12951,3.0,3.8681999095630895,0.8681999095630898,89,0.05,1,0,0,0
12952,3.0,3.8765685424949243,0.8765685424949243,90,0.05,1,0,0,0
12953,3.0,3.8553553390593276,0.8553553390593279,87,0.05,1,0,0,0
12954,3.0,3.841213203435597,0.841213203435597,85,0.05,1,0,0,0
12955,3.0,3.8781999095630892,0.8781999095630897,90,0.05,1,0,0,0
12956,3.0,3.8694974746830586,0.8694974746830589,89,0.05,1,0,0,0
12957,3.0,3.8270710678118656,0.827071067811866,83,0.05,1,0,0,0
12958,3.0,3.8540577739393584,0.8540577739393587,87,0.05,1,0,0,0
12959,3.0,3.8977817459305206,0.897781745930521,93,0.05,1,0,0,0
12960,3.0,3.8482842712474623,0.8482842712474624,86,0.05,1,0,0,0
12961,3.0,3.869497474683059,0.869497474683059,89,0.05,1,0,0,0
12962,3.0,3.856986706127493,0.8569867061274933,87,0.05,1,0,0,0
12963,3.0,3.8553553390593276,0.8553553390593279,87,0.05,1,0,0,0
12964,3.0,3.8553553390593276,0.8553553390593279,87,0.05,1,0,0,0
12965,3.0,3.8923420451868207,0.8923420451868207,92,0.05,1,0,0,0
12966,3.0,3.8341421356237313,0.8341421356237315,84,0.05,1,0,0,0
12967,3.0,3.8681999095630895,0.8681999095630898,89,0.05,1,0,0,0
12968,3.0,3.8341421356237313,0.8341421356237315,84,0.05,1,0,0,0
12969,3.0,3.862426406871193,0.8624264068711933,88,0.05,1,0,0,0
12970,3.0,3.8765685424949243,0.8765685424949244,90,0.05,1,0,0,0
12971,3.0,3.8482842712474623,0.8482842712474625,86,0.05,1,0,0,0
12972,3.0,3.8270710678118656,0.827071067811866,83,0.05,1,0,0,0
12973,3.0,3.8669023444431203,0.8669023444431205,89,0.05,1,0,0,0
12974,3.0,3.8200000000000003,0.8200000000000005,82,0.05,1,0,0,0
12975,3.0,3.841213203435597,0.841213203435597,85,0.05,1,0,0,0
12976,3.0,3.8553553390593276,0.8553553390593279,87,0.05,1,0,0,0
12977,3.0,3.88234204518682,0.8823420451868206,91,0.05,1,0,0,0
12978,3.0,3.8412132034355966,0.8412132034355969,85,0.05,1,0,0,0
12979,3.0,3.8270710678118656,0.827071067811866,83,0.05,1,0,0,0
12980,3.0,3.8836396103067896,0.88363961030679,91,0.05,1,0,0,0
12981,3.0,3.841213203435597,0.841213203435597,85,0.05,1,0,0,0
12982,3.0,3.8341421356237313,0.8341421356237315,84,0.05,1,0,0,0
12983,3.0,3.8624264068711933,0.8624264068711934,88,0.05,1,0,0,0
12984,3.0,3.862426406871193,0.8624264068711933,88,0.05,1,0,0,0
12985,3.0,3.8469867061274927,0.8469867061274933,86,0.05,1,0,0,0
12986,3.0,3.8270710678118656,0.827071067811866,83,0.05,1,0,0,0
12987,3.0,3.8270710678118656,0.827071067811866,83,0.05,1,0,0,0
12988,3.0,3.8200000000000003,0.8200000000000005,82,0.05,1,0,0,0
12989,3.0,3.858284271247462,0.8582842712474625,87,0.05,1,0,0,0
12990,3.0,3.8341421356237313,0.8341421356237315,84,0.05,1,0,0,0
12991,3.0,3.8341421356237313,0.8341421356237315,84,0.05,1,0,0,0
12992,3.0,3.8412132034355966,0.8412132034355969,85,0.05,1,0,0,0
12993,3.0,3.8341421356237313,0.8341421356237315,84,0.05,1,0,0,0
12994,3.0,3.858284271247462,0.8582842712474625,87,0.05,1,0,0,0
12995,3.0,3.861128841751224,0.8611288417512243,88,0.05,1,0,0,0
12996,3.0,3.8823420451868205,0.8823420451868207,91,0.05,1,0,0,0
12997,3.0,3.841213203435597,0.841213203435597,85,0.05,1,0,0,0
12998,3.0,3.8694974746830586,0.8694974746830589,89,0.05,1,0,0,0
12999,3.0,3.8482842712474623,0.8482842712474625,86,0.05,1,0,0,0
13000,3.0,3.8482842712474623,0.8482842712474624,86,0.05,1,0,0,0
13001,3.0,3.8270710678118656,0.827071067811866,83,0.05,1,0,0,0
13002,3.0,3.8540577739393584,0.8540577739393588,87,0.05,1,0,0,0
13003,3.0,3.8200000000000003,0.8200000000000005,82,0.05,1,0,0,0
13004,3.0,3.8270710678118656,0.827071067811866,83,0.05,1,0,0,0
13005,3.0,3.8200000000000003,0.8200000000000005,82,0.05,1,0,0,0
13006,3.0,3.858284271247462,0.8582842712474624,87,0.05,1,0,0,0
13007,3.0,3.8341421356237313,0.8341421356237315,84,0.05,1,0,0,0
13008,3.0,3.8482842712474623,0.8482842712474625,86,0.05,1,0,0,0
13009,3.0,3.8694974746830586,0.8694974746830588,89,0.05,1,0,0,0
13010,3.0,3.8694974746830586,0.8694974746830589,89,0.05,1,0,0,0
13011,3.0,3.8694974746830586,0.8694974746830589,89,0.05,1,0,0,0
13012,3.0,3.8341421356237313,0.8341421356237315,84,0.05,1,0,0,0
13013,3.0,3.8553553390593276,0.855355339059328,87,0.05,1,0,0,0
13014,3.0,3.8341421356237313,0.8341421356237315,84,0.05,1,0,0,0
13015,3.0,3.8270710678118656,0.827071067811866,83,0.05,1,0,0,0
13016,3.0,3.865355339059328,0.865355339059328,88,0.05,1,0,0,0
13017,3.0,3.8469867061274927,0.8469867061274933,86,0.05,1,0,0,0
13018,3.0,3.8341421356237313,0.8341421356237315,84,0.05,1,0,0,0
13019,3.0,3.8341421356237313,0.8341421356237314,84,0.05,1,0,0,0
13020,3.0,3.8200000000000003,0.8200000000000005,82,0.05,1,0,0,0
13021,3.0,3.8469867061274927,0.8469867061274932,86,0.05,1,0,0,0
13022,3.0,3.846986706127493,0.8469867061274933,86,0.05,1,0,0,0
13023,3.0,3.886568542494924,0.8865685424949246,91,0.05,1,0,0,0
13024,3.0,3.8341421356237313,0.8341421356237315,84,0.05,1,0,0,0
13025,3.0,3.873973412254986,0.873973412254986,90,0.05,1,0,0,0
13026,3.0,3.8752709773749547,0.8752709773749552,90,0.05,1,0,0,0
13027,3.0,3.837071067811866,0.837071067811866,84,0.05,1,0,0,0
13028,3.0,3.841213203435597,0.841213203435597,85,0.05,1,0,0,0
13029,3.0,3.8412132034355966,0.8412132034355969,85,0.05,1,0,0,0
13030,3.0,3.8270710678118656,0.827071067811866,83,0.05,1,0,0,0
13031,3.0,3.8341421356237313,0.8341421356237315,84,0.05,1,0,0,0
13032,3.0,3.9080311861943438,0.9080311861943441,95,0.05,1,0,0,0
13033,3.0,3.8694974746830586,0.8694974746830589,89,0.05,1,0,0,0
13034,3.0,3.8200000000000003,0.8200000000000005,82,0.05,1,0,0,0
13035,3.0,3.841213203435597,0.8412132034355969,85,0.05,1,0,0,0
13036,3.0,3.8200000000000003,0.8200000000000005,82,0.05,1,0,0,0
13037,3.0,3.8752709773749547,0.8752709773749552,90,0.05,1,0,0,0
13038,3.0,3.886568542494924,0.8865685424949244,91,0.05,1,0,0,0
13039,3.0,3.862426406871193,0.8624264068711933,88,0.05,1,0,0,0
13040,3.0,3.8482842712474623,0.8482842712474624,86,0.05,1,0,0,0
13041,3.0,3.8200000000000003,0.8200000000000005,82,0.05,1,0,0,0
13042,3.0,3.8553553390593276,0.8553553390593279,87,0.05,1,0,0,0
13043,3.0,3.8270710678118656,0.827071067811866,83,0.05,1,0,0,0
13044,3.0,3.841213203435597,0.841213203435597,85,0.05,1,0,0,0
13045,3.0,3.8752709773749547,0.8752709773749552,90,0.05,1,0,0,0
13046,3.0,3.869497474683059,0.869497474683059,89,0.05,1,0,0,0
13047,3.0,3.8553553390593276,0.8553553390593279,87,0.05,1,0,0,0
13048,3.0,3.8482842712474623,0.8482842712474625,86,0.05,1,0,0,0
13049,3.0,3.8553553390593276,0.8553553390593278,87,0.05,1,0,0,0
13050,3.0,3.8412132034355966,0.8412132034355969,85,0.05,1,0,0,0
13051,3.0,3.8200000000000003,0.8200000000000005,82,0.05,1,0,0,0
13052,3.0,3.8540577739393584,0.8540577739393587,87,0.05,1,0,0,0
13053,3.0,3.8482842712474623,0.8482842712474625,86,0.05,1,0,0,0
13054,3.0,3.8399156383156274,0.8399156383156277,85,0.05,1,0,0,0
13055,3.0,3.8765685424949243,0.8765685424949244,90,0.05,1,0,0,0
13056,3.0,3.879497474683059,0.8794974746830588,90,0.05,1,0,0,0
13057,3.0,3.8341421356237313,0.8341421356237315,84,0.05,1,0,0,0
13058,3.0,3.8624264068711933,0.8624264068711935,88,0.05,1,0,0,0
13059,3.0,3.862426406871193,0.8624264068711933,88,0.05,1,0,0,0
13060,3.0,3.8540577739393584,0.8540577739393588,87,0.05,1,0,0,0
13061,3.0,3.8341421356237313,0.8341421356237314,84,0.05,1,0,0,0
13062,3.0,3.861128841751224,0.8611288417512242,88,0.05,1,0,0,0
13063,3.0,3.8553553390593276,0.855355339059328,87,0.05,1,0,0,0
13064,3.0,3.8553553390593276,0.8553553390593279,87,0.05,1,0,0,0
13065,3.0,3.865355339059328,0.8653553390593279,88,0.05,1,0,0,0
13066,3.0,3.8482842712474623,0.8482842712474624,86,0.05,1,0,0,0
13067,3.0,3.875270977374955,0.8752709773749552,90,0.05,1,0,0,0
13068,3.0,3.841213203435597,0.841213203435597,85,0.05,1,0,0,0
13069,3.0,3.8553553390593276,0.855355339059328,87,0.05,1,0,0,0
13070,3.0,3.862426406871193,0.8624264068711933,88,0.05,1,0,0,0
13071,3.0,3.8681999095630895,0.8681999095630896,89,0.05,1,0,0,0
13072,3.0,3.8765685424949243,0.8765685424949244,90,0.05,1,0,0,0
13073,3.0,3.8341421356237313,0.8341421356237315,84,0.05,1,0,0,0
13074,3.0,3.8724264068711935,0.8724264068711934,89,0.05,1,0,0,0
13075,3.0,3.862426406871193,0.8624264068711933,88,0.05,1,0,0,0
13076,3.0,3.8341421356237313,0.8341421356237314,84,0.05,1,0,0,0
13077,3.0,3.865355339059328,0.865355339059328,88,0.05,1,0,0,0
13078,3.0,3.8482842712474623,0.8482842712474625,86,0.05,1,0,0,0
13079,3.0,3.8412132034355966,0.8412132034355969,85,0.05,1,0,0,0
13080,3.0,3.862426406871193,0.8624264068711934,88,0.05,1,0,0,0
13081,3.0,3.8907106781186553,0.8907106781186555,92,0.05,1,0,0,0
13082,3.0,3.841213203435597,0.841213203435597,85,0.05,1,0,0,0
13083,3.0,3.862426406871193,0.8624264068711933,88,0.05,1,0,0,0
13084,3.0,3.8200000000000003,0.8200000000000005,82,0.05,1,0,0,0
13085,3.0,3.862426406871193,0.8624264068711934,88,0.05,1,0,0,0
13086,3.0,3.8739734122549856,0.8739734122549859,90,0.05,1,0,0,0
13087,3.0,3.8441421356237315,0.8441421356237315,85,0.05,1,0,0,0
13088,3.0,3.8482842712474623,0.8482842712474624,86,0.05,1,0,0,0
13089,3.0,3.871128841751224,0.8711288417512243,89,0.05,1,0,0,0
13090,3.0,3.8624264068711933,0.8624264068711934,88,0.05,1,0,0,0
13091,3.0,3.8482842712474623,0.8482842712474624,86,0.05,1,0,0,0
13092,3.0,3.862426406871193,0.8624264068711933,88,0.05,1,0,0,0
13093,3.0,3.8270710678118656,0.827071067811866,83,0.05,1,0,0,0
13094,3.0,3.861128841751224,0.8611288417512243,88,0.05,1,0,0,0
13095,3.0,3.8341421356237313,0.8341421356237315,84,0.05,1,0,0,0
13096,3.0,3.8200000000000003,0.8200000000000005,82,0.05,1,0,0,0
13097,3.0,3.8694974746830586,0.8694974746830588,89,0.05,1,0,0,0
13098,3.0,3.869497474683059,0.869497474683059,89,0.05,1,0,0,0
13099,3.0,3.8399156383156274,0.8399156383156278,85,0.05,1,0,0,0
13100,3.0,3.858284271247462,0.8582842712474625,87,0.05,1,0,0,0
13101,3.0,3.858284271247462,0.8582842712474624,87,0.05,1,0,0,0
13102,3.0,3.862426406871193,0.8624264068711933,88,0.05,1,0,0,0
13103,3.0,3.8553553390593276,0.8553553390593279,87,0.05,1,0,0,0
13104,3.0,3.8341421356237313,0.8341421356237315,84,0.05,1,0,0,0
13105,3.0,3.8482842712474623,0.8482842712474624,86,0.05,1,0,0,0
13106,3.0,3.841213203435597,0.841213203435597,85,0.05,1,0,0,0
13107,3.0,3.841213203435597,0.841213203435597,85,0.05,1,0,0,0
13108,3.0,3.8823420451868205,0.8823420451868207,91,0.05,1,0,0,0
13109,3.0,3.873973412254986,0.8739734122549859,90,0.05,1,0,0,0
13110,3.0,3.841213203435597,0.841213203435597,85,0.05,1,0,0,0
13111,3.0,3.8341421356237313,0.8341421356237315,84,0.05,1,0,0,0
13112,3.0,3.8624264068711933,0.8624264068711935,88,0.05,1,0,0,0
13113,3.0,3.841213203435597,0.841213203435597,85,0.05,1,0,0,0
13114,3.0,3.8482842712474623,0.8482842712474625,86,0.05,1,0,0,0
13115,3.0,3.841213203435597,0.841213203435597,85,0.05,1,0,0,0
13116,3.0,3.841213203435597,0.841213203435597,85,0.05,1,0,0,0
13117,3.0,3.8482842712474623,0.8482842712474625,86,0.05,1,0,0,0
13118,3.0,3.841213203435597,0.841213203435597,85,0.05,1,0,0,0
13119,3.0,3.8624264068711933,0.8624264068711934,88,0.05,1,0,0,0
13120,3.0,3.8694974746830586,0.8694974746830588,89,0.05,1,0,0,0
13121,3.0,3.8781999095630897,0.8781999095630897,90,0.05,1,0,0,0
13122,3.0,3.871128841751224,0.8711288417512242,89,0.05,1,0,0,0
13123,3.0,3.8270710678118656,0.827071067811866,83,0.05,1,0,0,0
13124,3.0,3.841213203435597,0.8412132034355969,85,0.05,1,0,0,0
13125,3.0,3.8624264068711933,0.8624264068711934,88,0.05,1,0,0,0
13126,3.0,3.841213203435597,0.841213203435597,85,0.05,1,0,0,0
13127,3.0,3.8412132034355966,0.8412132034355969,85,0.05,1,0,0,0
13128,3.0,3.8482842712474623,0.8482842712474625,86,0.05,1,0,0,0
13129,3.0,3.8270710678118656,0.827071067811866,83,0.05,1,0,0,0
13130,3.0,3.8341421356237313,0.8341421356237315,84,0.05,1,0,0,0
13131,3.0,3.8341421356237313,0.8341421356237315,84,0.05,1,0,0,0
13132,3.0,3.8611288417512237,0.8611288417512241,88,0.05,1,0,0,0
13133,3.0,3.8482842712474623,0.8482842712474624,86,0.05,1,0,0,0
13134,3.0,3.8694974746830586,0.8694974746830588,89,0.05,1,0,0,0
13135,3.0,3.8553553390593276,0.855355339059328,87,0.05,1,0,0,0
13136,3.0,3.8482842712474623,0.8482842712474624,86,0.05,1,0,0,0
13137,3.0,3.8482842712474623,0.8482842712474625,86,0.05,1,0,0,0
13138,3.0,3.8200000000000003,0.8200000000000005,82,0.05,1,0,0,0
13139,3.0,3.8341421356237313,0.8341421356237315,84,0.05,1,0,0,0
13140,3.0,3.856986706127493,0.8569867061274932,87,0.05,1,0,0,0
13141,3.0,3.875355339059328,0.875355339059328,89,0.05,1,0,0,0
13142,3.0,3.8540577739393584,0.8540577739393588,87,0.05,1,0,0,0
13143,3.0,3.8341421356237313,0.8341421356237315,84,0.05,1,0,0,0
13144,3.0,3.861128841751224,0.8611288417512243,88,0.05,1,0,0,0
13145,3.0,3.8270710678118656,0.827071067811866,83,0.05,1,0,0,0
13146,3.0,3.8270710678118656,0.827071067811866,83,0.05,1,0,0,0
13147,3.0,3.8270710678118656,0.827071067811866,83,0.05,1,0,0,0
13148,3.0,3.8270710678118656,0.827071067811866,83,0.05,1,0,0,0
13149,3.0,3.8540577739393584,0.8540577739393588,87,0.05,1,0,0,0
13150,3.0,3.841213203435597,0.841213203435597,85,0.05,1,0,0,0
13151,3.0,3.8553553390593276,0.8553553390593279,87,0.05,1,0,0,0
13152,3.0,3.8341421356237313,0.8341421356237315,84,0.05,1,0,0,0
13153,3.0,3.8936396103067894,0.89363961030679,92,0.05,1,0,0,0
13154,3.0,3.872426406871193,0.8724264068711934,89,0.05,1,0,0,0
13155,3.0,3.8341421356237313,0.8341421356237315,84,0.05,1,0,0,0
13156,3.0,3.8270710678118656,0.827071067811866,83,0.05,1,0,0,0
13157,3.0,3.841213203435597,0.841213203435597,85,0.05,1,0,0,0
13158,3.0,3.8810444800668513,0.8810444800668515,91,0.05,1,0,0,0
13159,3.0,3.841213203435597,0.8412132034355969,85,0.05,1,0,0,0
13160,3.0,3.861128841751224,0.8611288417512242,88,0.05,1,0,0,0
13161,3.0,3.8341421356237313,0.8341421356237315,84,0.05,1,0,0,0
13162,3.0,3.889413112998686,0.8894131129986861,92,0.05,1,0,0,0
13163,3.0,3.8482842712474623,0.8482842712474623,86,0.05,1,0,0,0
13164,3.0,3.869497474683059,0.869497474683059,89,0.05,1,0,0,0
13165,3.0,3.8482842712474623,0.8482842712474625,86,0.05,1,0,0,0
13166,3.0,3.8694974746830586,0.8694974746830589,89,0.05,1,0,0,0
13167,3.0,3.8553553390593276,0.855355339059328,87,0.05,1,0,0,0
13168,3.0,3.851213203435597,0.851213203435597,86,0.05,1,0,0,0
13169,3.0,3.8270710678118656,0.827071067811866,83,0.05,1,0,0,0
13170,3.0,3.8553553390593276,0.8553553390593279,87,0.05,1,0,0,0
13171,3.0,3.8553553390593276,0.8553553390593279,87,0.05,1,0,0,0
13172,3.0,3.841213203435597,0.841213203435597,85,0.05,1,0,0,0
13173,3.0,3.8341421356237313,0.8341421356237315,84,0.05,1,0,0,0
13174,3.0,3.8270710678118656,0.827071067811866,83,0.05,1,0,0,0
13175,3.0,3.8553553390593276,0.8553553390593279,87,0.05,1,0,0,0
13176,3.0,3.8781999095630897,0.8781999095630898,90,0.05,1,0,0,0
13177,3.0,3.8482842712474623,0.8482842712474624,86,0.05,1,0,0,0
13178,3.0,3.8270710678118656,0.827071067811866,83,0.05,1,0,0,0
13179,3.0,3.8482842712474623,0.8482842712474625,86,0.05,1,0,0,0
13180,3.0,3.846986706127493,0.8469867061274932,86,0.05,1,0,0,0
13181,3.0,3.8482842712474623,0.8482842712474625,86,0.05,1,0,0,0
13182,3.0,3.8341421356237313,0.8341421356237315,84,0.05,1,0,0,0
13183,3.0,3.851213203435597,0.851213203435597,86,0.05,1,0,0,0
13184,3.0,3.8270710678118656,0.827071067811866,83,0.05,1,0,0,0
13185,3.0,3.8270710678118656,0.827071067811866,83,0.05,1,0,0,0
13186,3.0,3.8540577739393584,0.8540577739393588,87,0.05,1,0,0,0
13187,3.0,3.9206263164342827,0.9206263164342826,96,0.05,1,0,0,0
13188,3.0,3.8624264068711933,0.8624264068711935,88,0.05,1,0,0,0
13189,3.0,3.862426406871193,0.8624264068711934,88,0.05,1,0,0,0
13190,3.0,3.865355339059328,0.8653553390593279,88,0.05,1,0,0,0
13191,3.0,3.8200000000000003,0.8200000000000005,82,0.05,1,0,0,0
13192,3.0,3.8910444800668516,0.8910444800668516,92,0.05,1,0,0,0
13193,3.0,3.841213203435597,0.841213203435597,85,0.05,1,0,0,0
13194,3.0,3.8553553390593276,0.855355339059328,87,0.05,1,0,0,0
13195,3.0,3.8553553390593276,0.8553553390593278,87,0.05,1,0,0,0
13196,3.0,3.8341421356237313,0.8341421356237315,84,0.05,1,0,0,0
13197,3.0,3.8540577739393584,0.8540577739393588,87,0.05,1,0,0,0
13198,3.0,3.8341421356237313,0.8341421356237315,84,0.05,1,0,0,0
13199,3.0,3.8412132034355966,0.8412132034355969,85,0.05,1,0,0,0
13200,3.0,3.8341421356237313,0.8341421356237315,84,0.05,1,0,0,0
13201,3.0,3.861128841751224,0.8611288417512243,88,0.05,1,0,0,0
13202,3.0,3.8482842712474623,0.8482842712474624,86,0.05,1,0,0,0
13203,3.0,3.865355339059328,0.865355339059328,88,0.05,1,0,0,0
13204,3.0,3.8412132034355966,0.8412132034355969,85,0.05,1,0,0,0
13205,3.0,3.8341421356237313,0.8341421356237315,84,0.05,1,0,0,0
13206,3.0,3.889413112998686,0.8894131129986863,92,0.05,1,0,0,0
13207,3.0,3.8270710678118656,0.827071067811866,83,0.05,1,0,0,0
13208,3.0,3.9151022540062095,0.9151022540062097,96,0.05,1,0,0,0
13209,3.0,3.876568542494924,0.8765685424949242,90,0.05,1,0,0,0
13210,3.0,3.8482842712474623,0.8482842712474625,86,0.05,1,0,0,0
13211,3.0,3.841213203435597,0.841213203435597,85,0.05,1,0,0,0
13212,3.0,3.8553553390593276,0.8553553390593279,87,0.05,1,0,0,0
13213,3.0,3.8341421356237313,0.8341421356237315,84,0.05,1,0,0,0
13214,3.0,3.8553553390593276,0.8553553390593279,87,0.05,1,0,0,0
13215,3.0,3.8752709773749547,0.8752709773749551,90,0.05,1,0,0,0
13216,3.0,3.8765685424949243,0.8765685424949243,90,0.05,1,0,0,0
13217,3.0,3.8553553390593276,0.855355339059328,87,0.05,1,0,0,0
13218,3.0,3.8681999095630895,0.8681999095630898,89,0.05,1,0,0,0
13219,3.0,3.8270710678118656,0.827071067811866,83,0.05,1,0,0,0
13220,3.0,3.8270710678118656,0.827071067811866,83,0.05,1,0,0,0
13221,3.0,3.841213203435597,0.841213203435597,85,0.05,1,0,0,0
13222,3.0,3.8553553390593276,0.8553553390593279,87,0.05,1,0,0,0
13223,3.0,3.8752709773749547,0.8752709773749552,90,0.05,1,0,0,0
13224,3.0,3.8412132034355966,0.8412132034355969,85,0.05,1,0,0,0
13225,3.0,3.8823420451868205,0.8823420451868207,91,0.05,1,0,0,0
13226,3.0,3.8681999095630895,0.8681999095630896,89,0.05,1,0,0,0
13227,3.0,3.8482842712474623,0.8482842712474624,86,0.05,1,0,0,0
13228,3.0,3.858284271247462,0.8582842712474624,87,0.05,1,0,0,0
13229,3.0,3.851213203435597,0.851213203435597,86,0.05,1,0,0,0
13230,3.0,3.8412132034355966,0.8412132034355969,85,0.05,1,0,0,0
13231,3.0,3.8200000000000003,0.8200000000000005,82,0.05,1,0,0,0
13232,3.0,3.869497474683059,0.8694974746830589,89,0.05,1,0,0,0
13233,3.0,3.882342045186821,0.8823420451868208,91,0.05,1,0,0,0
13234,3.0,3.862426406871193,0.8624264068711934,88,0.05,1,0,0,0
13235,3.0,3.908115547878717,0.908115547878717,94,0.05,1,0,0,0
13236,3.0,3.8341421356237313,0.8341421356237314,84,0.05,1,0,0,0
13237,3.0,3.832844570503762,0.8328445705037623,84,0.05,1,0,0,0
13238,3.0,3.8553553390593276,0.855355339059328,87,0.05,1,0,0,0
13239,3.0,3.841213203435597,0.841213203435597,85,0.05,1,0,0,0
13240,3.0,3.8923420451868203,0.8923420451868206,92,0.05,1,0,0,0
13241,3.0,3.8694974746830586,0.8694974746830589,89,0.05,1,0,0,0
13242,3.0,3.8694974746830586,0.8694974746830588,89,0.05,1,0,0,0
13243,3.0,3.841213203435597,0.841213203435597,85,0.05,1,0,0,0
13244,3.0,3.8341421356237313,0.8341421356237315,84,0.05,1,0,0,0
13245,3.0,3.858284271247462,0.8582842712474625,87,0.05,1,0,0,0
13246,3.0,3.8341421356237313,0.8341421356237315,84,0.05,1,0,0,0
13247,3.0,3.8553553390593276,0.855355339059328,87,0.05,1,0,0,0
13248,3.0,3.8653553390593274,0.8653553390593279,88,0.05,1,0,0,0
13249,3.0,3.841213203435597,0.841213203435597,85,0.05,1,0,0,0
13250,3.0,3.8270710678118656,0.827071067811866,83,0.05,1,0,0,0
13251,3.0,3.841213203435597,0.841213203435597,85,0.05,1,0,0,0
13252,3.0,3.8624264068711933,0.8624264068711935,88,0.05,1,0,0,0
13253,3.0,3.8412132034355966,0.8412132034355969,85,0.05,1,0,0,0
13254,3.0,3.8341421356237313,0.8341421356237315,84,0.05,1,0,0,0
13255,3.0,3.8341421356237313,0.8341421356237315,84,0.05,1,0,0,0
13256,3.0,3.8482842712474623,0.8482842712474625,86,0.05,1,0,0,0
13257,3.0,3.8200000000000003,0.8200000000000005,82,0.05,1,0,0,0
13258,3.0,3.841213203435597,0.841213203435597,85,0.05,1,0,0,0
13259,3.0,3.841213203435597,0.841213203435597,85,0.05,1,0,0,0
13260,3.0,3.8482842712474623,0.8482842712474625,86,0.05,1,0,0,0
13261,3.0,3.8341421356237313,0.8341421356237315,84,0.05,1,0,0,0
13262,3.0,3.8482842712474623,0.8482842712474624,86,0.05,1,0,0,0
13263,3.0,3.8553553390593276,0.855355339059328,87,0.05,1,0,0,0
13264,3.0,3.851213203435597,0.851213203435597,86,0.05,1,0,0,0
13265,3.0,3.8412132034355966,0.8412132034355969,85,0.05,1,0,0,0
13266,3.0,3.8270710678118656,0.827071067811866,83,0.05,1,0,0,0
13267,3.0,3.8341421356237313,0.8341421356237315,84,0.05,1,0,0,0
13268,3.0,3.8553553390593276,0.8553553390593279,87,0.05,1,0,0,0
13269,3.0,3.8341421356237313,0.8341421356237315,84,0.05,1,0,0,0
13270,3.0,3.854057773939359,0.8540577739393587,87,0.05,1,0,0,0
13271,3.0,3.8823420451868205,0.8823420451868206,91,0.05,1,0,0,0
13272,3.0,3.8540577739393584,0.8540577739393587,87,0.05,1,0,0,0
13273,3.0,3.841213203435597,0.841213203435597,85,0.05,1,0,0,0
13274,3.0,3.8341421356237313,0.8341421356237315,84,0.05,1,0,0,0
13275,3.0,3.8482842712474623,0.8482842712474625,86,0.05,1,0,0,0
13276,3.0,3.8482842712474623,0.8482842712474624,86,0.05,1,0,0,0
13277,3.0,3.8765685424949243,0.8765685424949243,90,0.05,1,0,0,0
13278,3.0,3.8753553390593276,0.8753553390593278,89,0.05,1,0,0,0
13279,3.0,3.862426406871193,0.8624264068711934,88,0.05,1,0,0,0
13280,3.0,3.854057773939359,0.8540577739393588,87,0.05,1,0,0,0
13281,3.0,3.8412132034355966,0.8412132034355969,85,0.05,1,0,0,0
13282,3.0,3.8341421356237313,0.8341421356237315,84,0.05,1,0,0,0
13283,3.0,3.8836396103067896,0.88363961030679,91,0.05,1,0,0,0
13284,3.0,3.8441421356237315,0.8441421356237315,85,0.05,1,0,0,0
13285,3.0,3.8200000000000003,0.8200000000000005,82,0.05,1,0,0,0
13286,3.0,3.8694974746830586,0.8694974746830588,89,0.05,1,0,0,0
13287,3.0,3.8341421356237313,0.8341421356237315,84,0.05,1,0,0,0
13288,3.0,3.8482842712474623,0.8482842712474624,86,0.05,1,0,0,0
13289,3.0,3.8412132034355966,0.8412132034355969,85,0.05,1,0,0,0
13290,3.0,3.8200000000000003,0.8200000000000005,82,0.05,1,0,0,0
13291,3.0,3.8200000000000003,0.8200000000000005,82,0.05,1,0,0,0
13292,3.0,3.8270710678118656,0.827071067811866,83,0.05,1,0,0,0
13293,3.0,3.841213203435597,0.841213203435597,85,0.05,1,0,0,0
13294,3.0,3.8540577739393584,0.8540577739393587,87,0.05,1,0,0,0
13295,3.0,3.8341421356237313,0.8341421356237315,84,0.05,1,0,0,0
13296,3.0,3.8482842712474623,0.8482842712474624,86,0.05,1,0,0,0
13297,3.0,3.8553553390593276,0.855355339059328,87,0.05,1,0,0,0
13298,3.0,3.889413112998686,0.8894131129986861,92,0.05,1,0,0,0
13299,3.0,3.8341421356237313,0.8341421356237315,84,0.05,1,0,0,0
13300,3.0,3.8553553390593276,0.855355339059328,87,0.05,1,0,0,0
13301,3.0,3.8553553390593276,0.8553553390593279,87,0.05,1,0,0,0
13302,3.0,3.8341421356237313,0.8341421356237314,84,0.05,1,0,0,0
13303,3.0,3.8270710678118656,0.827071067811866,83,0.05,1,0,0,0
13304,3.0,3.841213203435597,0.841213203435597,85,0.05,1,0,0,0
13305,3.0,3.8624264068711933,0.8624264068711935,88,0.05,1,0,0,0
13306,3.0,3.8540577739393584,0.8540577739393587,87,0.05,1,0,0,0
13307,3.0,3.8270710678118656,0.827071067811866,83,0.05,1,0,0,0
13308,3.0,3.8412132034355966,0.8412132034355969,85,0.05,1,0,0,0
13309,3.0,3.8624264068711933,0.8624264068711935,88,0.05,1,0,0,0
13310,3.0,3.8923420451868207,0.8923420451868208,92,0.05,1,0,0,0
13311,3.0,3.8482842712474623,0.8482842712474625,86,0.05,1,0,0,0
13312,3.0,3.8482842712474623,0.8482842712474623,86,0.05,1,0,0,0
13313,3.0,3.841213203435597,0.8412132034355969,85,0.05,1,0,0,0
13314,3.0,3.841213203435597,0.841213203435597,85,0.05,1,0,0,0
13315,3.0,3.8482842712474623,0.8482842712474624,86,0.05,1,0,0,0
13316,3.0,3.890710678118655,0.8907106781186553,92,0.05,1,0,0,0
13317,3.0,3.8765685424949243,0.8765685424949244,90,0.05,1,0,0,0
13318,3.0,3.872426406871193,0.8724264068711933,89,0.05,1,0,0,0
13319,3.0,3.8200000000000003,0.8200000000000005,82,0.05,1,0,0,0
13320,3.0,3.8540577739393584,0.8540577739393587,87,0.05,1,0,0,0
13321,3.0,3.8553553390593276,0.8553553390593279,87,0.05,1,0,0,0
13322,3.0,3.841213203435597,0.841213203435597,85,0.05,1,0,0,0
13323,3.0,3.841213203435597,0.841213203435597,85,0.05,1,0,0,0
13324,3.0,3.8270710678118656,0.827071067811866,83,0.05,1,0,0,0
13325,3.0,3.8200000000000003,0.8200000000000005,82,0.05,1,0,0,0
13326,3.0,3.841213203435597,0.841213203435597,85,0.05,1,0,0,0
13327,3.0,3.8482842712474623,0.8482842712474624,86,0.05,1,0,0,0
13328,3.0,3.8681999095630895,0.8681999095630896,89,0.05,1,0,0,0
13329,3.0,3.8482842712474623,0.8482842712474625,86,0.05,1,0,0,0
13330,3.0,3.8341421356237313,0.8341421356237315,84,0.05,1,0,0,0
13331,3.0,3.846986706127493,0.8469867061274933,86,0.05,1,0,0,0
13332,3.0,3.8482842712474623,0.8482842712474624,86,0.05,1,0,0,0
13333,3.0,3.846986706127493,0.8469867061274933,86,0.05,1,0,0,0
13334,3.0,3.841213203435597,0.841213203435597,85,0.05,1,0,0,0
13335,3.0,3.8624264068711933,0.8624264068711934,88,0.05,1,0,0,0
13336,3.0,3.854057773939359,0.8540577739393587,87,0.05,1,0,0,0
13337,3.0,3.854057773939359,0.8540577739393588,87,0.05,1,0,0,0
13338,3.0,3.862426406871193,0.8624264068711934,88,0.05,1,0,0,0
13339,3.0,3.8341421356237313,0.8341421356237315,84,0.05,1,0,0,0
13340,3.0,3.858284271247462,0.8582842712474625,87,0.05,1,0,0,0
13341,3.0,3.8270710678118656,0.827071067811866,83,0.05,1,0,0,0
13342,3.0,3.869497474683059,0.8694974746830589,89,0.05,1,0,0,0
13343,3.0,3.8624264068711933,0.8624264068711935,88,0.05,1,0,0,0
13344,3.0,3.8200000000000003,0.8200000000000005,82,0.05,1,0,0,0
13345,3.0,3.8553553390593276,0.8553553390593279,87,0.05,1,0,0,0
13346,3.0,3.8341421356237313,0.8341421356237315,84,0.05,1,0,0,0
13347,3.0,3.8482842712474623,0.8482842712474625,86,0.05,1,0,0,0
13348,3.0,3.8270710678118656,0.827071067811866,83,0.05,1,0,0,0
13349,3.0,3.861128841751224,0.8611288417512242,88,0.05,1,0,0,0
13350,3.0,3.8553553390593276,0.8553553390593279,87,0.05,1,0,0,0
13351,3.0,3.8624264068711933,0.8624264068711935,88,0.05,1,0,0,0
13352,3.0,3.8553553390593276,0.8553553390593279,87,0.05,1,0,0,0
13353,3.0,3.8412132034355966,0.8412132034355969,85,0.05,1,0,0,0
13354,3.0,3.872426406871193,0.8724264068711934,89,0.05,1,0,0,0
13355,3.0,3.862426406871193,0.8624264068711934,88,0.05,1,0,0,0
13356,3.0,3.841213203435597,0.841213203435597,85,0.05,1,0,0,0
13357,3.0,3.8341421356237313,0.8341421356237315,84,0.05,1,0,0,0
13358,3.0,3.8270710678118656,0.827071067811866,83,0.05,1,0,0,0
13359,3.0,3.846986706127493,0.8469867061274933,86,0.05,1,0,0,0
13360,3.0,3.8482842712474623,0.8482842712474625,86,0.05,1,0,0,0
13361,3.0,3.8482842712474623,0.8482842712474625,86,0.05,1,0,0,0
13362,3.0,3.8482842712474623,0.8482842712474625,86,0.05,1,0,0,0
13363,3.0,3.841213203435597,0.8412132034355969,85,0.05,1,0,0,0
13364,3.0,3.8553553390593276,0.8553553390593279,87,0.05,1,0,0,0
13365,3.0,3.8624264068711933,0.8624264068711935,88,0.05,1,0,0,0
13366,3.0,3.871128841751224,0.8711288417512242,89,0.05,1,0,0,0
13367,3.0,3.8200000000000003,0.8200000000000005,82,0.05,1,0,0,0
13368,3.0,3.841213203435597,0.841213203435597,85,0.05,1,0,0,0
13369,3.0,3.8553553390593276,0.855355339059328,87,0.05,1,0,0,0
13370,3.0,3.8765685424949243,0.8765685424949243,90,0.05,1,0,0,0
13371,3.0,3.8482842712474623,0.8482842712474625,86,0.05,1,0,0,0
13372,3.0,3.8553553390593276,0.855355339059328,87,0.05,1,0,0,0
13373,3.0,3.900710678118655,0.9007106781186552,93,0.05,1,0,0,0
13374,3.0,3.8553553390593276,0.8553553390593279,87,0.05,1,0,0,0
13375,3.0,3.8270710678118656,0.827071067811866,83,0.05,1,0,0,0
13376,3.0,3.8482842712474623,0.8482842712474625,86,0.05,1,0,0,0
13377,3.0,3.8553553390593276,0.855355339059328,87,0.05,1,0,0,0
13378,3.0,3.8270710678118656,0.827071067811866,83,0.05,1,0,0,0
13379,3.0,3.889413112998686,0.8894131129986861,92,0.05,1,0,0,0
13380,3.0,3.8640577739393587,0.8640577739393588,88,0.05,1,0,0,0
13381,3.0,3.8624264068711933,0.8624264068711935,88,0.05,1,0,0,0
13382,3.0,3.8765685424949243,0.8765685424949243,90,0.05,1,0,0,0
13383,3.0,3.8624264068711933,0.8624264068711934,88,0.05,1,0,0,0
13384,3.0,3.8482842712474623,0.8482842712474625,86,0.05,1,0,0,0
13385,3.0,3.8553553390593276,0.855355339059328,87,0.05,1,0,0,0
13386,3.0,3.8553553390593276,0.8553553390593279,87,0.05,1,0,0,0
13387,3.0,3.8553553390593276,0.855355339059328,87,0.05,1,0,0,0
13388,3.0,3.8341421356237313,0.8341421356237314,84,0.05,1,0,0,0
13389,3.0,3.841213203435597,0.841213203435597,85,0.05,1,0,0,0
13390,3.0,3.8270710678118656,0.827071067811866,83,0.05,1,0,0,0
13391,3.0,3.841213203435597,0.841213203435597,85,0.05,1,0,0,0
13392,3.0,3.8270710678118656,0.827071067811866,83,0.05,1,0,0,0
13393,3.0,3.861128841751224,0.8611288417512242,88,0.05,1,0,0,0
13394,3.0,3.8399156383156274,0.8399156383156278,85,0.05,1,0,0,0
13395,3.0,3.8412132034355966,0.8412132034355969,85,0.05,1,0,0,0
13396,3.0,3.841213203435597,0.841213203435597,85,0.05,1,0,0,0
13397,3.0,3.8624264068711933,0.8624264068711934,88,0.05,1,0,0,0
13398,3.0,3.8694974746830586,0.8694974746830589,89,0.05,1,0,0,0
13399,3.0,3.8553553390593276,0.8553553390593279,87,0.05,1,0,0,0
13400,3.0,3.862426406871193,0.8624264068711934,88,0.05,1,0,0,0
13401,3.0,3.8553553390593276,0.8553553390593279,87,0.05,1,0,0,0
13402,3.0,3.9048528137423864,0.9048528137423864,94,0.05,1,0,0,0
13403,3.0,3.8270710678118656,0.827071067811866,83,0.05,1,0,0,0
13404,3.0,3.862426406871193,0.8624264068711934,88,0.05,1,0,0,0
13405,3.0,3.8200000000000003,0.8200000000000005,82,0.05,1,0,0,0
13406,3.0,3.8482842712474623,0.8482842712474624,86,0.05,1,0,0,0
13407,3.0,3.8341421356237313,0.8341421356237315,84,0.05,1,0,0,0
13408,3.0,3.8694974746830586,0.8694974746830589,89,0.05,1,0,0,0
13409,3.0,3.8482842712474623,0.8482842712474624,86,0.05,1,0,0,0
13410,3.0,3.8681999095630895,0.8681999095630897,89,0.05,1,0,0,0
13411,3.0,3.869497474683059,0.8694974746830589,89,0.05,1,0,0,0
13412,3.0,3.8553553390593276,0.855355339059328,87,0.05,1,0,0,0
13413,3.0,3.8341421356237313,0.8341421356237315,84,0.05,1,0,0,0
13414,3.0,3.8482842712474623,0.8482842712474625,86,0.05,1,0,0,0
13415,3.0,3.8441421356237315,0.8441421356237315,85,0.05,1,0,0,0
13416,3.0,3.841213203435597,0.841213203435597,85,0.05,1,0,0,0
13417,3.0,3.902257683502448,0.902257683502448,94,0.05,1,0,0,0
13418,3.0,3.8399156383156274,0.8399156383156278,85,0.05,1,0,0,0
13419,3.0,3.869497474683059,0.8694974746830589,89,0.05,1,0,0,0
13420,3.0,3.8341421356237313,0.8341421356237315,84,0.05,1,0,0,0
13421,3.0,3.8482842712474623,0.8482842712474625,86,0.05,1,0,0,0
13422,3.0,3.8694974746830586,0.8694974746830589,89,0.05,1,0,0,0
13423,3.0,3.861128841751224,0.8611288417512242,88,0.05,1,0,0,0
13424,3.0,3.8441421356237315,0.8441421356237315,85,0.05,1,0,0,0
13425,3.0,3.8341421356237313,0.8341421356237315,84,0.05,1,0,0,0
13426,3.0,3.886568542494924,0.8865685424949244,91,0.05,1,0,0,0
13427,3.0,3.8752709773749547,0.8752709773749552,90,0.05,1,0,0,0
13428,3.0,3.841213203435597,0.841213203435597,85,0.05,1,0,0,0
13429,3.0,3.8270710678118656,0.827071067811866,83,0.05,1,0,0,0
13430,3.0,3.8553553390593276,0.8553553390593279,87,0.05,1,0,0,0
13431,3.0,3.8553553390593276,0.8553553390593279,87,0.05,1,0,0,0
13432,3.0,3.862426406871193,0.8624264068711934,88,0.05,1,0,0,0
13433,3.0,3.8482842712474623,0.8482842712474625,86,0.05,1,0,0,0
13434,3.0,3.851213203435597,0.851213203435597,86,0.05,1,0,0,0
13435,3.0,3.8441421356237315,0.8441421356237315,85,0.05,1,0,0,0
13436,3.0,3.862426406871193,0.8624264068711934,88,0.05,1,0,0,0
13437,3.0,3.872426406871193,0.8724264068711933,89,0.05,1,0,0,0
13438,3.0,3.8482842712474623,0.8482842712474624,86,0.05,1,0,0,0
13439,3.0,3.8341421356237313,0.8341421356237315,84,0.05,1,0,0,0
13440,3.0,3.8540577739393584,0.8540577739393587,87,0.05,1,0,0,0
13441,3.0,3.8482842712474623,0.8482842712474625,86,0.05,1,0,0,0
13442,3.0,3.886044480066851,0.8860444800668514,92,0.05,1,0,0,0
13443,3.0,3.8482842712474623,0.8482842712474625,86,0.05,1,0,0,0
13444,3.0,3.8270710678118656,0.827071067811866,83,0.05,1,0,0,0
13445,3.0,3.8341421356237313,0.8341421356237315,84,0.05,1,0,0,0
13446,3.0,3.866128841751224,0.8661288417512244,89,0.05,1,0,0,0
13447,3.0,3.8482842712474623,0.8482842712474625,86,0.05,1,0,0,0
13448,3.0,3.8469867061274927,0.8469867061274933,86,0.05,1,0,0,0
13449,3.0,3.851213203435597,0.8512132034355969,86,0.05,1,0,0,0
13450,3.0,3.841213203435597,0.8412132034355969,85,0.05,1,0,0,0
13451,3.0,3.8653553390593274,0.8653553390593279,88,0.05,1,0,0,0
13452,3.0,3.841213203435597,0.841213203435597,85,0.05,1,0,0,0
13453,3.0,3.8553553390593276,0.855355339059328,87,0.05,1,0,0,0
13454,3.0,3.8412132034355966,0.8412132034355969,85,0.05,1,0,0,0
13455,3.0,3.8341421356237313,0.8341421356237315,84,0.05,1,0,0,0
13456,3.0,3.8200000000000003,0.8200000000000005,82,0.05,1,0,0,0
13457,3.0,3.8553553390593276,0.855355339059328,87,0.05,1,0,0,0
13458,3.0,3.8270710678118656,0.827071067811866,83,0.05,1,0,0,0
13459,3.0,3.8441421356237315,0.8441421356237315,85,0.05,1,0,0,0
13460,3.0,3.8553553390593276,0.855355339059328,87,0.05,1,0,0,0
13461,3.0,3.8694974746830586,0.8694974746830588,89,0.05,1,0,0,0
13462,3.0,3.8482842712474623,0.8482842712474624,86,0.05,1,0,0,0
13463,3.0,3.8412132034355966,0.8412132034355969,85,0.05,1,0,0,0
13464,3.0,3.865355339059328,0.8653553390593279,88,0.05,1,0,0,0
13465,3.0,3.841213203435597,0.8412132034355969,85,0.05,1,0,0,0
13466,3.0,3.88234204518682,0.8823420451868205,91,0.05,1,0,0,0
13467,3.0,3.8624264068711933,0.8624264068711934,88,0.05,1,0,0,0
13468,3.0,3.8412132034355966,0.8412132034355969,85,0.05,1,0,0,0
13469,3.0,3.8412132034355966,0.8412132034355969,85,0.05,1,0,0,0
13470,3.0,3.841213203435597,0.8412132034355969,85,0.05,1,0,0,0
13471,3.0,3.8681999095630895,0.8681999095630897,89,0.05,1,0,0,0
13472,3.0,3.8482842712474623,0.8482842712474624,86,0.05,1,0,0,0
13473,3.0,3.8200000000000003,0.8200000000000005,82,0.05,1,0,0,0
13474,3.0,3.8482842712474623,0.8482842712474625,86,0.05,1,0,0,0
13475,3.0,3.8200000000000003,0.8200000000000005,82,0.05,1,0,0,0
13476,3.0,3.841213203435597,0.841213203435597,85,0.05,1,0,0,0
13477,3.0,3.8553553390593276,0.855355339059328,87,0.05,1,0,0,0
13478,3.0,3.8341421356237313,0.8341421356237314,84,0.05,1,0,0,0
13479,3.0,3.841213203435597,0.841213203435597,85,0.05,1,0,0,0
13480,3.0,3.8200000000000003,0.8200000000000005,82,0.05,1,0,0,0
13481,3.0,3.8752709773749547,0.8752709773749553,90,0.05,1,0,0,0
13482,3.0,3.841213203435597,0.841213203435597,85,0.05,1,0,0,0
13483,3.0,3.8765685424949243,0.8765685424949243,90,0.05,1,0,0,0
13484,3.0,3.8553553390593276,0.8553553390593279,87,0.05,1,0,0,0
13485,3.0,3.8341421356237313,0.8341421356237315,84,0.05,1,0,0,0
13486,3.0,3.865355339059328,0.8653553390593279,88,0.05,1,0,0,0
13487,3.0,3.869497474683059,0.869497474683059,89,0.05,1,0,0,0
13488,3.0,3.8624264068711933,0.8624264068711934,88,0.05,1,0,0,0
13489,3.0,3.8553553390593276,0.8553553390593279,87,0.05,1,0,0,0
13490,3.0,3.8341421356237313,0.8341421356237314,84,0.05,1,0,0,0
13491,3.0,3.8765685424949243,0.8765685424949243,90,0.05,1,0,0,0
13492,3.0,3.8482842712474623,0.8482842712474623,86,0.05,1,0,0,0
13493,3.0,3.8553553390593276,0.8553553390593279,87,0.05,1,0,0,0
13494,3.0,3.8694974746830586,0.8694974746830589,89,0.05,1,0,0,0
13495,3.0,3.841213203435597,0.841213203435597,85,0.05,1,0,0,0
13496,3.0,3.869497474683059,0.869497474683059,89,0.05,1,0,0,0
13497,3.0,3.8681999095630895,0.8681999095630897,89,0.05,1,0,0,0
13498,3.0,3.8482842712474623,0.8482842712474624,86,0.05,1,0,0,0
13499,3.0,3.8624264068711933,0.8624264068711935,88,0.05,1,0,0,0
13500,3.0,3.8681999095630895,0.8681999095630898,89,0.05,1,0,0,0
13501,3.0,3.8270710678118656,0.827071067811866,83,0.05,1,0,0,0
13502,3.0,3.869497474683059,0.8694974746830589,89,0.05,1,0,0,0
13503,3.0,3.8810444800668513,0.8810444800668514,91,0.05,1,0,0,0
13504,3.0,3.8752709773749547,0.8752709773749553,90,0.05,1,0,0,0
13505,3.0,3.8270710678118656,0.827071067811866,83,0.05,1,0,0,0
13506,3.0,3.841213203435597,0.841213203435597,85,0.05,1,0,0,0
13507,3.0,3.861128841751224,0.8611288417512243,88,0.05,1,0,0,0
13508,3.0,3.8482842712474623,0.8482842712474624,86,0.05,1,0,0,0
13509,3.0,3.8482842712474623,0.8482842712474625,86,0.05,1,0,0,0
13510,3.0,3.8399156383156274,0.8399156383156278,85,0.05,1,0,0,0
13511,3.0,3.8270710678118656,0.827071067811866,83,0.05,1,0,0,0
13512,3.0,3.8936396103067894,0.8936396103067898,92,0.05,1,0,0,0
13513,3.0,3.851213203435597,0.851213203435597,86,0.05,1,0,0,0
13514,3.0,3.8752709773749547,0.8752709773749551,90,0.05,1,0,0,0
13515,3.0,3.858284271247462,0.8582842712474625,87,0.05,1,0,0,0
13516,3.0,3.8341421356237313,0.8341421356237315,84,0.05,1,0,0,0
13517,3.0,3.8482842712474623,0.8482842712474625,86,0.05,1,0,0,0
13518,3.0,3.841213203435597,0.841213203435597,85,0.05,1,0,0,0
13519,3.0,3.8681999095630895,0.8681999095630896,89,0.05,1,0,0,0
13520,3.0,3.9035552486224168,0.9035552486224171,94,0.05,1,0,0,0
13521,3.0,3.8482842712474623,0.8482842712474625,86,0.05,1,0,0,0
13522,3.0,3.8553553390593276,0.8553553390593279,87,0.05,1,0,0,0
13523,3.0,3.841213203435597,0.841213203435597,85,0.05,1,0,0,0
13524,3.0,3.8752709773749547,0.8752709773749551,90,0.05,1,0,0,0
13525,3.0,3.8624264068711933,0.8624264068711935,88,0.05,1,0,0,0
13526,3.0,3.86690234444312,0.8669023444431204,89,0.05,1,0,0,0
13527,3.0,3.8341421356237313,0.8341421356237314,84,0.05,1,0,0,0
13528,3.0,3.8412132034355966,0.8412132034355969,85,0.05,1,0,0,0
13529,3.0,3.8200000000000003,0.8200000000000005,82,0.05,1,0,0,0
13530,3.0,3.8399156383156274,0.8399156383156278,85,0.05,1,0,0,0
13531,3.0,3.8200000000000003,0.8200000000000005,82,0.05,1,0,0,0
13532,3.0,3.8341421356237313,0.8341421356237315,84,0.05,1,0,0,0
13533,3.0,3.8624264068711933,0.8624264068711935,88,0.05,1,0,0,0
13534,3.0,3.841213203435597,0.841213203435597,85,0.05,1,0,0,0
13535,3.0,3.8341421356237313,0.8341421356237315,84,0.05,1,0,0,0
13536,3.0,3.854057773939359,0.8540577739393588,87,0.05,1,0,0,0
13537,3.0,3.8200000000000003,0.8200000000000005,82,0.05,1,0,0,0
13538,3.0,3.8341421356237313,0.8341421356237315,84,0.05,1,0,0,0
13539,3.0,3.851213203435597,0.851213203435597,86,0.05,1,0,0,0
13540,3.0,3.832844570503762,0.8328445705037623,84,0.05,1,0,0,0
13541,3.0,3.841213203435597,0.841213203435597,85,0.05,1,0,0,0
13542,3.0,3.8341421356237313,0.8341421356237315,84,0.05,1,0,0,0
13543,3.0,3.8669023444431203,0.8669023444431205,89,0.05,1,0,0,0
13544,3.0,3.8624264068711933,0.8624264068711935,88,0.05,1,0,0,0
13545,3.0,3.8681999095630895,0.8681999095630898,89,0.05,1,0,0,0
13546,3.0,3.8341421356237313,0.8341421356237315,84,0.05,1,0,0,0
13547,3.0,3.8200000000000003,0.8200000000000005,82,0.05,1,0,0,0
13548,3.0,3.8482842712474623,0.8482842712474625,86,0.05,1,0,0,0
13549,3.0,3.8836396103067896,0.88363961030679,91,0.05,1,0,0,0
13550,3.0,3.879497474683059,0.8794974746830589,90,0.05,1,0,0,0
13551,3.0,3.8341421356237313,0.8341421356237315,84,0.05,1,0,0,0
13552,3.0,3.8810444800668513,0.8810444800668515,91,0.05,1,0,0,0
13553,3.0,3.8553553390593276,0.855355339059328,87,0.05,1,0,0,0
13554,3.0,3.858284271247462,0.8582842712474624,87,0.05,1,0,0,0
13555,3.0,3.862426406871193,0.8624264068711934,88,0.05,1,0,0,0
13556,3.0,3.8482842712474623,0.8482842712474624,86,0.05,1,0,0,0
13557,3.0,3.8482842712474623,0.8482842712474625,86,0.05,1,0,0,0
13558,3.0,3.8553553390593276,0.8553553390593279,87,0.05,1,0,0,0
13559,3.0,3.917697384246148,0.9176973842461482,96,0.05,1,0,0,0
13560,3.0,3.8752709773749547,0.8752709773749552,90,0.05,1,0,0,0
13561,3.0,3.8553553390593276,0.8553553390593279,87,0.05,1,0,0,0
13562,3.0,3.8482842712474623,0.8482842712474625,86,0.05,1,0,0,0
13563,3.0,3.8553553390593276,0.8553553390593279,87,0.05,1,0,0,0
13564,3.0,3.8270710678118656,0.827071067811866,83,0.05,1,0,0,0
13565,3.0,3.8553553390593276,0.855355339059328,87,0.05,1,0,0,0
13566,3.0,3.8611288417512237,0.8611288417512241,88,0.05,1,0,0,0
13567,3.0,3.8540577739393584,0.8540577739393588,87,0.05,1,0,0,0
13568,3.0,3.841213203435597,0.841213203435597,85,0.05,1,0,0,0
13569,3.0,3.8681999095630895,0.8681999095630898,89,0.05,1,0,0,0
13570,3.0,3.8341421356237313,0.8341421356237315,84,0.05,1,0,0,0
13571,3.0,3.886568542494924,0.8865685424949244,91,0.05,1,0,0,0
13572,3.0,3.9035552486224168,0.9035552486224171,94,0.05,1,0,0,0
13573,3.0,3.8270710678118656,0.827071067811866,83,0.05,1,0,0,0
13574,3.0,3.8553553390593276,0.8553553390593279,87,0.05,1,0,0,0
13575,3.0,3.8894974746830586,0.8894974746830591,91,0.05,1,0,0,0
13576,3.0,3.879497474683059,0.8794974746830589,90,0.05,1,0,0,0
13577,3.0,3.841213203435597,0.841213203435597,85,0.05,1,0,0,0
13578,3.0,3.851213203435597,0.851213203435597,86,0.05,1,0,0,0
13579,3.0,3.8752709773749547,0.8752709773749552,90,0.05,1,0,0,0
13580,3.0,3.8412132034355966,0.8412132034355969,85,0.05,1,0,0,0
13581,3.0,3.8270710678118656,0.827071067811866,83,0.05,1,0,0,0
13582,3.0,3.8553553390593276,0.855355339059328,87,0.05,1,0,0,0
13583,3.0,3.8694974746830586,0.8694974746830589,89,0.05,1,0,0,0
13584,3.0,3.8653553390593274,0.8653553390593278,88,0.05,1,0,0,0
13585,3.0,3.8412132034355966,0.8412132034355969,85,0.05,1,0,0,0
13586,3.0,3.8553553390593276,0.855355339059328,87,0.05,1,0,0,0
13587,3.0,3.8412132034355966,0.8412132034355969,85,0.05,1,0,0,0
13588,3.0,3.879497474683059,0.8794974746830589,90,0.05,1,0,0,0
13589,3.0,3.841213203435597,0.841213203435597,85,0.05,1,0,0,0
13590,3.0,3.8341421356237313,0.8341421356237315,84,0.05,1,0,0,0
13591,3.0,3.861128841751224,0.8611288417512242,88,0.05,1,0,0,0
13592,3.0,3.8270710678118656,0.827071067811866,83,0.05,1,0,0,0
13593,3.0,3.851213203435597,0.851213203435597,86,0.05,1,0,0,0
13594,3.0,3.841213203435597,0.841213203435597,85,0.05,1,0,0,0
13595,3.0,3.841213203435597,0.841213203435597,85,0.05,1,0,0,0
13596,3.0,3.9106263164342825,0.9106263164342826,95,0.05,1,0,0,0
13597,3.0,3.8482842712474623,0.8482842712474625,86,0.05,1,0,0,0
13598,3.0,3.8200000000000003,0.8200000000000005,82,0.05,1,0,0,0
13599,3.0,3.8482842712474623,0.8482842712474624,86,0.05,1,0,0,0
13600,3.0,3.841213203435597,0.841213203435597,85,0.05,1,0,0,0
13601,3.0,3.8412132034355966,0.8412132034355969,85,0.05,1,0,0,0
13602,3.0,3.8482842712474623,0.8482842712474625,86,0.05,1,0,0,0
13603,3.0,3.8482842712474623,0.8482842712474624,86,0.05,1,0,0,0
13604,3.0,3.8482842712474623,0.8482842712474624,86,0.05,1,0,0,0
13605,3.0,3.8270710678118656,0.827071067811866,83,0.05,1,0,0,0
13606,3.0,3.8341421356237313,0.8341421356237315,84,0.05,1,0,0,0
13607,3.0,3.8624264068711933,0.8624264068711935,88,0.05,1,0,0,0
13608,3.0,3.8341421356237313,0.8341421356237315,84,0.05,1,0,0,0
13609,3.0,3.861128841751224,0.8611288417512243,88,0.05,1,0,0,0
13610,3.0,3.8553553390593276,0.8553553390593279,87,0.05,1,0,0,0
13611,3.0,3.8482842712474623,0.8482842712474624,86,0.05,1,0,0,0
13612,3.0,3.8341421356237313,0.8341421356237315,84,0.05,1,0,0,0
13613,3.0,3.8341421356237313,0.8341421356237315,84,0.05,1,0,0,0
13614,3.0,3.8624264068711933,0.8624264068711934,88,0.05,1,0,0,0
13615,3.0,3.841213203435597,0.841213203435597,85,0.05,1,0,0,0
13616,3.0,3.858284271247462,0.8582842712474624,87,0.05,1,0,0,0
13617,3.0,3.8341421356237313,0.8341421356237315,84,0.05,1,0,0,0
13618,3.0,3.841213203435597,0.841213203435597,85,0.05,1,0,0,0
13619,3.0,3.8482842712474623,0.8482842712474625,86,0.05,1,0,0,0
13620,3.0,3.886568542494924,0.8865685424949244,91,0.05,1,0,0,0
13621,3.0,3.8765685424949243,0.8765685424949243,90,0.05,1,0,0,0
13622,3.0,3.8553553390593276,0.8553553390593279,87,0.05,1,0,0,0
13623,3.0,3.8341421356237313,0.8341421356237314,84,0.05,1,0,0,0
13624,3.0,3.8739734122549856,0.8739734122549858,90,0.05,1,0,0,0
13625,3.0,3.8482842712474623,0.8482842712474625,86,0.05,1,0,0,0
13626,3.0,3.841213203435597,0.841213203435597,85,0.05,1,0,0,0
13627,3.0,3.841213203435597,0.841213203435597,85,0.05,1,0,0,0
13628,3.0,3.8765685424949243,0.8765685424949244,90,0.05,1,0,0,0
13629,3.0,3.8482842712474623,0.8482842712474625,86,0.05,1,0,0,0
13630,3.0,3.8200000000000003,0.8200000000000005,82,0.05,1,0,0,0
13631,3.0,3.8624264068711933,0.8624264068711934,88,0.05,1,0,0,0
13632,3.0,3.8412132034355966,0.8412132034355969,85,0.05,1,0,0,0
13633,3.0,3.891044480066851,0.8910444800668514,92,0.05,1,0,0,0
13634,3.0,3.8553553390593276,0.855355339059328,87,0.05,1,0,0,0
13635,3.0,3.8200000000000003,0.8200000000000005,82,0.05,1,0,0,0
13636,3.0,3.8200000000000003,0.8200000000000005,82,0.05,1,0,0,0
13637,3.0,3.8553553390593276,0.8553553390593279,87,0.05,1,0,0,0
13638,3.0,3.8341421356237313,0.8341421356237315,84,0.05,1,0,0,0
13639,3.0,3.879497474683059,0.8794974746830589,90,0.05,1,0,0,0
13640,3.0,3.8482842712474623,0.8482842712474625,86,0.05,1,0,0,0
13641,3.0,3.8553553390593276,0.8553553390593279,87,0.05,1,0,0,0
13642,3.0,3.8270710678118656,0.827071067811866,83,0.05,1,0,0,0
13643,3.0,3.858284271247462,0.8582842712474625,87,0.05,1,0,0,0
13644,3.0,3.854057773939359,0.8540577739393588,87,0.05,1,0,0,0
13645,3.0,3.8624264068711933,0.8624264068711934,88,0.05,1,0,0,0
13646,3.0,3.8341421356237313,0.8341421356237315,84,0.05,1,0,0,0
13647,3.0,3.861128841751224,0.8611288417512242,88,0.05,1,0,0,0
13648,3.0,3.8200000000000003,0.8200000000000005,82,0.05,1,0,0,0
13649,3.0,3.8681999095630895,0.8681999095630896,89,0.05,1,0,0,0
13650,3.0,3.841213203435597,0.8412132034355969,85,0.05,1,0,0,0
13651,3.0,3.8553553390593276,0.8553553390593278,87,0.05,1,0,0,0
13652,3.0,3.8341421356237313,0.8341421356237315,84,0.05,1,0,0,0
13653,3.0,3.8553553390593276,0.855355339059328,87,0.05,1,0,0,0
13654,3.0,3.8765685424949243,0.8765685424949244,90,0.05,1,0,0,0
13655,3.0,3.8482842712474623,0.8482842712474625,86,0.05,1,0,0,0
13656,3.0,3.8482842712474623,0.8482842712474624,86,0.05,1,0,0,0
13657,3.0,3.8482842712474623,0.8482842712474624,86,0.05,1,0,0,0
13658,3.0,3.846986706127493,0.8469867061274932,86,0.05,1,0,0,0
13659,3.0,3.8482842712474623,0.8482842712474625,86,0.05,1,0,0,0
13660,3.0,3.851213203435597,0.8512132034355969,86,0.05,1,0,0,0
13661,3.0,3.8553553390593276,0.8553553390593279,87,0.05,1,0,0,0
13662,3.0,3.8540577739393584,0.8540577739393588,87,0.05,1,0,0,0
13663,3.0,3.869497474683059,0.8694974746830589,89,0.05,1,0,0,0
13664,3.0,3.8553553390593276,0.8553553390593279,87,0.05,1,0,0,0
13665,3.0,3.862426406871193,0.8624264068711934,88,0.05,1,0,0,0
13666,3.0,3.841213203435597,0.841213203435597,85,0.05,1,0,0,0
13667,3.0,3.8624264068711933,0.8624264068711934,88,0.05,1,0,0,0
13668,3.0,3.869497474683059,0.8694974746830589,89,0.05,1,0,0,0
13669,3.0,3.8640577739393587,0.8640577739393588,88,0.05,1,0,0,0
13670,3.0,3.8270710678118656,0.827071067811866,83,0.05,1,0,0,0
13671,3.0,3.8341421356237313,0.8341421356237315,84,0.05,1,0,0,0
13672,3.0,3.861128841751224,0.8611288417512242,88,0.05,1,0,0,0
13673,3.0,3.841213203435597,0.841213203435597,85,0.05,1,0,0,0
13674,3.0,3.8724264068711935,0.8724264068711935,89,0.05,1,0,0,0
13675,3.0,3.862426406871193,0.8624264068711934,88,0.05,1,0,0,0
13676,3.0,3.8482842712474623,0.8482842712474625,86,0.05,1,0,0,0
13677,3.0,3.841213203435597,0.8412132034355969,85,0.05,1,0,0,0
13678,3.0,3.8200000000000003,0.8200000000000005,82,0.05,1,0,0,0
13679,3.0,3.8270710678118656,0.827071067811866,83,0.05,1,0,0,0
13680,3.0,3.8341421356237313,0.8341421356237315,84,0.05,1,0,0,0
13681,3.0,3.8412132034355966,0.8412132034355969,85,0.05,1,0,0,0
13682,3.0,3.8341421356237313,0.8341421356237315,84,0.05,1,0,0,0
13683,3.0,3.882342045186821,0.8823420451868208,91,0.05,1,0,0,0
13684,3.0,3.841213203435597,0.841213203435597,85,0.05,1,0,0,0
13685,3.0,3.8553553390593276,0.8553553390593279,87,0.05,1,0,0,0
13686,3.0,3.889413112998686,0.8894131129986861,92,0.05,1,0,0,0
13687,3.0,3.8200000000000003,0.8200000000000005,82,0.05,1,0,0,0
13688,3.0,3.841213203435597,0.841213203435597,85,0.05,1,0,0,0
13689,3.0,3.8624264068711933,0.8624264068711934,88,0.05,1,0,0,0
13690,3.0,3.8482842712474623,0.8482842712474624,86,0.05,1,0,0,0
13691,3.0,3.8341421356237313,0.8341421356237315,84,0.05,1,0,0,0
13692,3.0,3.841213203435597,0.841213203435597,85,0.05,1,0,0,0
13693,3.0,3.8341421356237313,0.8341421356237315,84,0.05,1,0,0,0
13694,3.0,3.8341421356237313,0.8341421356237315,84,0.05,1,0,0,0
13695,3.0,3.841213203435597,0.841213203435597,85,0.05,1,0,0,0
13696,3.0,3.8624264068711933,0.8624264068711935,88,0.05,1,0,0,0
13697,3.0,3.8412132034355966,0.8412132034355969,85,0.05,1,0,0,0
13698,3.0,3.8412132034355966,0.8412132034355969,85,0.05,1,0,0,0
13699,3.0,3.841213203435597,0.841213203435597,85,0.05,1,0,0,0
13700,3.0,3.841213203435597,0.841213203435597,85,0.05,1,0,0,0
13701,3.0,3.8270710678118656,0.827071067811866,83,0.05,1,0,0,0
13702,3.0,3.8624264068711933,0.8624264068711934,88,0.05,1,0,0,0
13703,3.0,3.8482842712474623,0.8482842712474625,86,0.05,1,0,0,0
13704,3.0,3.865355339059328,0.8653553390593279,88,0.05,1,0,0,0
13705,3.0,3.8624264068711933,0.8624264068711935,88,0.05,1,0,0,0
13706,3.0,3.841213203435597,0.841213203435597,85,0.05,1,0,0,0
13707,3.0,3.871128841751224,0.8711288417512242,89,0.05,1,0,0,0
13708,3.0,3.8341421356237313,0.8341421356237315,84,0.05,1,0,0,0
13709,3.0,3.8412132034355966,0.8412132034355969,85,0.05,1,0,0,0
13710,3.0,3.8482842712474623,0.8482842712474624,86,0.05,1,0,0,0
13711,3.0,3.8270710678118656,0.827071067811866,83,0.05,1,0,0,0
13712,3.0,3.879497474683059,0.8794974746830589,90,0.05,1,0,0,0
13713,3.0,3.8553553390593276,0.855355339059328,87,0.05,1,0,0,0
13714,3.0,3.862426406871193,0.8624264068711934,88,0.05,1,0,0,0
13715,3.0,3.8553553390593276,0.8553553390593279,87,0.05,1,0,0,0
13716,3.0,3.861128841751224,0.8611288417512243,88,0.05,1,0,0,0
13717,3.0,3.8469867061274927,0.8469867061274932,86,0.05,1,0,0,0
13718,3.0,3.8412132034355966,0.8412132034355969,85,0.05,1,0,0,0
13719,3.0,3.8694974746830586,0.8694974746830588,89,0.05,1,0,0,0
13720,3.0,3.8270710678118656,0.827071067811866,83,0.05,1,0,0,0
13721,3.0,3.8836396103067896,0.88363961030679,91,0.05,1,0,0,0
13722,3.0,3.8482842712474623,0.8482842712474624,86,0.05,1,0,0,0
13723,3.0,3.8624264068711933,0.8624264068711935,88,0.05,1,0,0,0
13724,3.0,3.8482842712474623,0.8482842712474625,86,0.05,1,0,0,0
13725,3.0,3.8836396103067896,0.8836396103067898,91,0.05,1,0,0,0
13726,3.0,3.8624264068711933,0.8624264068711935,88,0.05,1,0,0,0
13727,3.0,3.8624264068711933,0.8624264068711934,88,0.05,1,0,0,0
13728,3.0,3.8553553390593276,0.8553553390593278,87,0.05,1,0,0,0
13729,3.0,3.8624264068711933,0.8624264068711934,88,0.05,1,0,0,0
13730,3.0,3.8624264068711933,0.8624264068711935,88,0.05,1,0,0,0
13731,3.0,3.8873420451868204,0.8873420451868207,92,0.05,1,0,0,0
13732,3.0,3.8752709773749547,0.8752709773749551,90,0.05,1,0,0,0
13733,3.0,3.8553553390593276,0.8553553390593279,87,0.05,1,0,0,0
13734,3.0,3.8341421356237313,0.8341421356237315,84,0.05,1,0,0,0
13735,3.0,3.8482842712474623,0.8482842712474624,86,0.05,1,0,0,0
13736,3.0,3.8482842712474623,0.8482842712474625,86,0.05,1,0,0,0
13737,3.0,3.8412132034355966,0.8412132034355969,85,0.05,1,0,0,0
13738,3.0,3.883973412254986,0.8839734122549858,91,0.05,1,0,0,0
13739,3.0,3.841213203435597,0.841213203435597,85,0.05,1,0,0,0
13740,3.0,3.8270710678118656,0.827071067811866,83,0.05,1,0,0,0
13741,3.0,3.8765685424949243,0.8765685424949243,90,0.05,1,0,0,0
13742,3.0,3.8482842712474623,0.8482842712474624,86,0.05,1,0,0,0
13743,3.0,3.841213203435597,0.841213203435597,85,0.05,1,0,0,0
13744,3.0,3.8482842712474623,0.8482842712474624,86,0.05,1,0,0,0
13745,3.0,3.841213203435597,0.841213203435597,85,0.05,1,0,0,0
13746,3.0,3.8482842712474623,0.8482842712474624,86,0.05,1,0,0,0
13747,3.0,3.8341421356237313,0.8341421356237315,84,0.05,1,0,0,0
13748,3.0,3.8341421356237313,0.8341421356237315,84,0.05,1,0,0,0
13749,3.0,3.886568542494924,0.8865685424949243,91,0.05,1,0,0,0
13750,3.0,3.8482842712474623,0.8482842712474625,86,0.05,1,0,0,0
13751,3.0,3.8553553390593276,0.855355339059328,87,0.05,1,0,0,0
13752,3.0,3.8624264068711933,0.8624264068711934,88,0.05,1,0,0,0
13753,3.0,3.8412132034355966,0.8412132034355969,85,0.05,1,0,0,0
13754,3.0,3.885270977374955,0.8852709773749552,91,0.05,1,0,0,0
13755,3.0,3.8553553390593276,0.855355339059328,87,0.05,1,0,0,0
13756,3.0,3.858284271247462,0.8582842712474625,87,0.05,1,0,0,0
13757,3.0,3.8482842712474623,0.8482842712474624,86,0.05,1,0,0,0
13758,3.0,3.841213203435597,0.841213203435597,85,0.05,1,0,0,0
13759,3.0,3.8482842712474623,0.8482842712474625,86,0.05,1,0,0,0
13760,3.0,3.8482842712474623,0.8482842712474625,86,0.05,1,0,0,0
13761,3.0,3.8752709773749547,0.8752709773749552,90,0.05,1,0,0,0
13762,3.0,3.8341421356237313,0.8341421356237315,84,0.05,1,0,0,0
13763,3.0,3.8482842712474623,0.8482842712474625,86,0.05,1,0,0,0
13764,3.0,3.8341421356237313,0.8341421356237315,84,0.05,1,0,0,0
13765,3.0,3.8469867061274927,0.8469867061274932,86,0.05,1,0,0,0
13766,3.0,3.8270710678118656,0.827071067811866,83,0.05,1,0,0,0
13767,3.0,3.8482842712474623,0.8482842712474624,86,0.05,1,0,0,0
13768,3.0,3.8482842712474623,0.8482842712474624,86,0.05,1,0,0,0
13769,3.0,3.8341421356237313,0.8341421356237314,84,0.05,1,0,0,0
13770,3.0,3.8611288417512237,0.8611288417512241,88,0.05,1,0,0,0
13771,3.0,3.8341421356237313,0.8341421356237315,84,0.05,1,0,0,0
13772,3.0,3.8553553390593276,0.855355339059328,87,0.05,1,0,0,0
13773,3.0,3.8412132034355966,0.8412132034355969,85,0.05,1,0,0,0
13774,3.0,3.846986706127493,0.8469867061274933,86,0.05,1,0,0,0
13775,3.0,3.8482842712474623,0.8482842712474625,86,0.05,1,0,0,0
13776,3.0,3.889413112998686,0.8894131129986861,92,0.05,1,0,0,0
13777,3.0,3.858284271247462,0.8582842712474625,87,0.05,1,0,0,0
13778,3.0,3.8681999095630895,0.8681999095630896,89,0.05,1,0,0,0
13779,3.0,3.8553553390593276,0.855355339059328,87,0.05,1,0,0,0
13780,3.0,3.8341421356237313,0.8341421356237314,84,0.05,1,0,0,0
13781,3.0,3.8482842712474623,0.8482842712474625,86,0.05,1,0,0,0
13782,3.0,3.8624264068711933,0.8624264068711934,88,0.05,1,0,0,0
13783,3.0,3.8553553390593276,0.855355339059328,87,0.05,1,0,0,0
13784,3.0,3.8553553390593276,0.855355339059328,87,0.05,1,0,0,0
13785,3.0,3.8270710678118656,0.827071067811866,83,0.05,1,0,0,0
13786,3.0,3.8553553390593276,0.8553553390593279,87,0.05,1,0,0,0
13787,3.0,3.841213203435597,0.841213203435597,85,0.05,1,0,0,0
13788,3.0,3.841213203435597,0.841213203435597,85,0.05,1,0,0,0
13789,3.0,3.8270710678118656,0.827071067811866,83,0.05,1,0,0,0
13790,3.0,3.894413112998686,0.8944131129986862,93,0.05,1,0,0,0
13791,3.0,3.846986706127493,0.8469867061274933,86,0.05,1,0,0,0
13792,3.0,3.854057773939359,0.8540577739393588,87,0.05,1,0,0,0
13793,3.0,3.8752709773749547,0.8752709773749552,90,0.05,1,0,0,0
13794,3.0,3.841213203435597,0.841213203435597,85,0.05,1,0,0,0
13795,3.0,3.8553553390593276,0.855355339059328,87,0.05,1,0,0,0
13796,3.0,3.8765685424949243,0.8765685424949244,90,0.05,1,0,0,0
13797,3.0,3.8341421356237313,0.8341421356237315,84,0.05,1,0,0,0
13798,3.0,3.8752709773749547,0.8752709773749552,90,0.05,1,0,0,0
13799,3.0,3.861128841751224,0.8611288417512243,88,0.05,1,0,0,0
13800,3.0,3.8200000000000003,0.8200000000000005,82,0.05,1,0,0,0
13801,3.0,3.8341421356237313,0.8341421356237315,84,0.05,1,0,0,0
13802,3.0,3.8540577739393584,0.8540577739393587,87,0.05,1,0,0,0
13803,3.0,3.8200000000000003,0.8200000000000005,82,0.05,1,0,0,0
13804,3.0,3.861128841751224,0.8611288417512243,88,0.05,1,0,0,0
13805,3.0,3.8200000000000003,0.8200000000000005,82,0.05,1,0,0,0
13806,3.0,3.889413112998686,0.8894131129986862,92,0.05,1,0,0,0
13807,3.0,3.8553553390593276,0.8553553390593279,87,0.05,1,0,0,0
13808,3.0,3.8412132034355966,0.8412132034355969,85,0.05,1,0,0,0
13809,3.0,3.869497474683059,0.8694974746830589,89,0.05,1,0,0,0
13810,3.0,3.841213203435597,0.8412132034355969,85,0.05,1,0,0,0
13811,3.0,3.8482842712474623,0.8482842712474625,86,0.05,1,0,0,0
13812,3.0,3.8482842712474623,0.8482842712474624,86,0.05,1,0,0,0
13813,3.0,3.879497474683059,0.8794974746830589,90,0.05,1,0,0,0
13814,3.0,3.8412132034355966,0.8412132034355969,85,0.05,1,0,0,0
13815,3.0,3.8341421356237313,0.8341421356237314,84,0.05,1,0,0,0
13816,3.0,3.8270710678118656,0.827071067811866,83,0.05,1,0,0,0
13817,3.0,3.837071067811866,0.837071067811866,84,0.05,1,0,0,0
13818,3.0,3.8653553390593274,0.8653553390593279,88,0.05,1,0,0,0
13819,3.0,3.8341421356237313,0.8341421356237315,84,0.05,1,0,0,0
13820,3.0,3.8765685424949243,0.8765685424949243,90,0.05,1,0,0,0
13821,3.0,3.854057773939359,0.8540577739393588,87,0.05,1,0,0,0
13822,3.0,3.8553553390593276,0.8553553390593278,87,0.05,1,0,0,0
13823,3.0,3.8200000000000003,0.8200000000000005,82,0.05,1,0,0,0
13824,3.0,3.841213203435597,0.841213203435597,85,0.05,1,0,0,0
13825,3.0,3.875270977374955,0.8752709773749553,90,0.05,1,0,0,0
13826,3.0,3.8270710678118656,0.827071067811866,83,0.05,1,0,0,0
13827,3.0,3.8553553390593276,0.8553553390593279,87,0.05,1,0,0,0
13828,3.0,3.8200000000000003,0.8200000000000005,82,0.05,1,0,0,0
13829,3.0,3.8624264068711933,0.8624264068711935,88,0.05,1,0,0,0
13830,3.0,3.8694974746830586,0.8694974746830588,89,0.05,1,0,0,0
13831,3.0,3.882342045186821,0.8823420451868207,91,0.05,1,0,0,0
13832,3.0,3.8200000000000003,0.8200000000000005,82,0.05,1,0,0,0
13833,3.0,3.890270977374955,0.8902709773749551,92,0.05,1,0,0,0
13834,3.0,3.8412132034355966,0.8412132034355969,85,0.05,1,0,0,0
13835,3.0,3.8553553390593276,0.855355339059328,87,0.05,1,0,0,0
13836,3.0,3.862426406871193,0.8624264068711934,88,0.05,1,0,0,0
13837,3.0,3.8823420451868205,0.8823420451868208,91,0.05,1,0,0,0
13838,3.0,3.8341421356237313,0.8341421356237315,84,0.05,1,0,0,0
13839,3.0,3.841213203435597,0.841213203435597,85,0.05,1,0,0,0
13840,3.0,3.8341421356237313,0.8341421356237314,84,0.05,1,0,0,0
13841,3.0,3.8482842712474623,0.8482842712474625,86,0.05,1,0,0,0
13842,3.0,3.8341421356237313,0.8341421356237315,84,0.05,1,0,0,0
13843,3.0,3.8200000000000003,0.8200000000000005,82,0.05,1,0,0,0
13844,3.0,3.8694974746830586,0.8694974746830588,89,0.05,1,0,0,0
13845,3.0,3.8553553390593276,0.855355339059328,87,0.05,1,0,0,0
13846,3.0,3.851213203435597,0.851213203435597,86,0.05,1,0,0,0
13847,3.0,3.8653553390593274,0.8653553390593279,88,0.05,1,0,0,0
13848,3.0,3.8553553390593276,0.8553553390593279,87,0.05,1,0,0,0
13849,3.0,3.841213203435597,0.8412132034355969,85,0.05,1,0,0,0
13850,3.0,3.8482842712474623,0.8482842712474625,86,0.05,1,0,0,0
13851,3.0,3.8694974746830586,0.8694974746830589,89,0.05,1,0,0,0
13852,3.0,3.8553553390593276,0.8553553390593279,87,0.05,1,0,0,0
13853,3.0,3.841213203435597,0.841213203435597,85,0.05,1,0,0,0
13854,3.0,3.8553553390593276,0.855355339059328,87,0.05,1,0,0,0
13855,3.0,3.872426406871193,0.8724264068711934,89,0.05,1,0,0,0
13856,3.0,3.8412132034355966,0.8412132034355969,85,0.05,1,0,0,0
13857,3.0,3.841213203435597,0.841213203435597,85,0.05,1,0,0,0
13858,3.0,3.841213203435597,0.841213203435597,85,0.05,1,0,0,0
13859,3.0,3.8669023444431203,0.8669023444431204,89,0.05,1,0,0,0
13860,3.0,3.8341421356237313,0.8341421356237314,84,0.05,1,0,0,0
13861,3.0,3.851213203435597,0.851213203435597,86,0.05,1,0,0,0
13862,3.0,3.8482842712474623,0.8482842712474624,86,0.05,1,0,0,0
13863,3.0,3.8553553390593276,0.8553553390593279,87,0.05,1,0,0,0
13864,3.0,3.841213203435597,0.841213203435597,85,0.05,1,0,0,0
13865,3.0,3.869497474683059,0.8694974746830589,89,0.05,1,0,0,0
13866,3.0,3.8540577739393584,0.8540577739393587,87,0.05,1,0,0,0
13867,3.0,3.8270710678118656,0.827071067811866,83,0.05,1,0,0,0
13868,3.0,3.879497474683059,0.879497474683059,90,0.05,1,0,0,0
13869,3.0,3.8553553390593276,0.855355339059328,87,0.05,1,0,0,0
13870,3.0,3.879497474683059,0.879497474683059,90,0.05,1,0,0,0
13871,3.0,3.862426406871193,0.8624264068711934,88,0.05,1,0,0,0
13872,3.0,3.8200000000000003,0.8200000000000005,82,0.05,1,0,0,0
13873,3.0,3.8200000000000003,0.8200000000000005,82,0.05,1,0,0,0
13874,3.0,3.8694974746830586,0.8694974746830589,89,0.05,1,0,0,0
13875,3.0,3.8270710678118656,0.827071067811866,83,0.05,1,0,0,0
13876,3.0,3.862426406871193,0.8624264068711934,88,0.05,1,0,0,0
13877,3.0,3.8694974746830586,0.8694974746830588,89,0.05,1,0,0,0
13878,3.0,3.8200000000000003,0.8200000000000005,82,0.05,1,0,0,0
13879,3.0,3.8836396103067896,0.8836396103067898,91,0.05,1,0,0,0
13880,3.0,3.8765685424949243,0.8765685424949244,90,0.05,1,0,0,0
13881,3.0,3.841213203435597,0.841213203435597,85,0.05,1,0,0,0
13882,3.0,3.8669023444431203,0.8669023444431204,89,0.05,1,0,0,0
13883,3.0,3.8482842712474623,0.8482842712474625,86,0.05,1,0,0,0
13884,3.0,3.8341421356237313,0.8341421356237315,84,0.05,1,0,0,0
13885,3.0,3.861128841751224,0.8611288417512242,88,0.05,1,0,0,0
13886,3.0,3.890710678118655,0.8907106781186552,92,0.05,1,0,0,0
13887,3.0,3.8553553390593276,0.855355339059328,87,0.05,1,0,0,0
13888,3.0,3.8553553390593276,0.8553553390593278,87,0.05,1,0,0,0
13889,3.0,3.8482842712474623,0.8482842712474625,86,0.05,1,0,0,0
13890,3.0,3.8553553390593276,0.855355339059328,87,0.05,1,0,0,0
13891,3.0,3.8752709773749547,0.8752709773749552,90,0.05,1,0,0,0
13892,3.0,3.832844570503762,0.8328445705037623,84,0.05,1,0,0,0
13893,3.0,3.8200000000000003,0.8200000000000005,82,0.05,1,0,0,0
13894,3.0,3.8553553390593276,0.8553553390593279,87,0.05,1,0,0,0
13895,3.0,3.8341421356237313,0.8341421356237315,84,0.05,1,0,0,0
13896,3.0,3.8200000000000003,0.8200000000000005,82,0.05,1,0,0,0
13897,3.0,3.8553553390593276,0.8553553390593279,87,0.05,1,0,0,0
13898,3.0,3.8482842712474623,0.8482842712474624,86,0.05,1,0,0,0
13899,3.0,3.8341421356237313,0.8341421356237315,84,0.05,1,0,0,0
13900,3.0,3.8270710678118656,0.827071067811866,83,0.05,1,0,0,0
13901,3.0,3.841213203435597,0.841213203435597,85,0.05,1,0,0,0
13902,3.0,3.8624264068711933,0.8624264068711935,88,0.05,1,0,0,0
13903,3.0,3.8270710678118656,0.827071067811866,83,0.05,1,0,0,0
13904,3.0,3.841213203435597,0.841213203435597,85,0.05,1,0,0,0
13905,3.0,3.8341421356237313,0.8341421356237314,84,0.05,1,0,0,0
13906,3.0,3.8482842712474623,0.8482842712474624,86,0.05,1,0,0,0
13907,3.0,3.8653553390593274,0.8653553390593278,88,0.05,1,0,0,0
13908,3.0,3.8836396103067896,0.8836396103067898,91,0.05,1,0,0,0
13909,3.0,3.8553553390593276,0.8553553390593279,87,0.05,1,0,0,0
13910,3.0,3.8653553390593274,0.8653553390593279,88,0.05,1,0,0,0
13911,3.0,3.8482842712474623,0.8482842712474625,86,0.05,1,0,0,0
13912,3.0,3.8469867061274927,0.8469867061274932,86,0.05,1,0,0,0
13913,3.0,3.8270710678118656,0.827071067811866,83,0.05,1,0,0,0
13914,3.0,3.841213203435597,0.841213203435597,85,0.05,1,0,0,0
13915,3.0,3.8553553390593276,0.8553553390593279,87,0.05,1,0,0,0
13916,3.0,3.8681999095630895,0.8681999095630897,89,0.05,1,0,0,0
13917,3.0,3.876568542494924,0.8765685424949242,90,0.05,1,0,0,0
13918,3.0,3.841213203435597,0.841213203435597,85,0.05,1,0,0,0
13919,3.0,3.861128841751224,0.8611288417512242,88,0.05,1,0,0,0
13920,3.0,3.841213203435597,0.841213203435597,85,0.05,1,0,0,0
13921,3.0,3.8482842712474623,0.8482842712474624,86,0.05,1,0,0,0
13922,3.0,3.854057773939359,0.8540577739393588,87,0.05,1,0,0,0
13923,3.0,3.8739734122549856,0.8739734122549859,90,0.05,1,0,0,0
13924,3.0,3.861128841751224,0.8611288417512241,88,0.05,1,0,0,0
13925,3.0,3.841213203435597,0.8412132034355969,85,0.05,1,0,0,0
13926,3.0,3.862426406871193,0.8624264068711934,88,0.05,1,0,0,0
13927,3.0,3.875270977374955,0.8752709773749553,90,0.05,1,0,0,0
13928,3.0,3.8482842712474623,0.8482842712474625,86,0.05,1,0,0,0
13929,3.0,3.8270710678118656,0.827071067811866,83,0.05,1,0,0,0
13930,3.0,3.8341421356237313,0.8341421356237315,84,0.05,1,0,0,0
13931,3.0,3.851213203435597,0.851213203435597,86,0.05,1,0,0,0
13932,3.0,3.8553553390593276,0.855355339059328,87,0.05,1,0,0,0
13933,3.0,3.8482842712474623,0.8482842712474624,86,0.05,1,0,0,0
13934,3.0,3.8931155478787165,0.8931155478787168,93,0.05,1,0,0,0
13935,3.0,3.8694974746830586,0.8694974746830588,89,0.05,1,0,0,0
13936,3.0,3.869497474683059,0.869497474683059,89,0.05,1,0,0,0
13937,3.0,3.8681999095630895,0.8681999095630897,89,0.05,1,0,0,0
13938,3.0,3.8553553390593276,0.8553553390593279,87,0.05,1,0,0,0
13939,3.0,3.8341421356237313,0.8341421356237315,84,0.05,1,0,0,0
13940,3.0,3.8482842712474623,0.8482842712474624,86,0.05,1,0,0,0
13941,3.0,3.8270710678118656,0.827071067811866,83,0.05,1,0,0,0
13942,3.0,3.841213203435597,0.841213203435597,85,0.05,1,0,0,0
13943,3.0,3.862426406871193,0.8624264068711934,88,0.05,1,0,0,0
13944,3.0,3.8341421356237313,0.8341421356237315,84,0.05,1,0,0,0
13945,3.0,3.8412132034355966,0.8412132034355969,85,0.05,1,0,0,0
13946,3.0,3.861128841751224,0.8611288417512242,88,0.05,1,0,0,0
13947,3.0,3.8482842712474623,0.8482842712474624,86,0.05,1,0,0,0
13948,3.0,3.8540577739393584,0.8540577739393588,87,0.05,1,0,0,0
13949,3.0,3.8412132034355966,0.8412132034355969,85,0.05,1,0,0,0
13950,3.0,3.8624264068711933,0.8624264068711934,88,0.05,1,0,0,0
13951,3.0,3.8482842712474623,0.8482842712474625,86,0.05,1,0,0,0
13952,3.0,3.862426406871193,0.8624264068711934,88,0.05,1,0,0,0
13953,3.0,3.8270710678118656,0.827071067811866,83,0.05,1,0,0,0
13954,3.0,3.8482842712474623,0.8482842712474625,86,0.05,1,0,0,0
13955,3.0,3.8624264068711933,0.8624264068711935,88,0.05,1,0,0,0
13956,3.0,3.851986706127493,0.8519867061274933,87,0.05,1,0,0,0
13957,3.0,3.8270710678118656,0.827071067811866,83,0.05,1,0,0,0
13958,3.0,3.8341421356237313,0.8341421356237315,84,0.05,1,0,0,0
13959,3.0,3.8482842712474623,0.8482842712474625,86,0.05,1,0,0,0
13960,3.0,3.8341421356237313,0.8341421356237315,84,0.05,1,0,0,0
13961,3.0,3.841213203435597,0.841213203435597,85,0.05,1,0,0,0
13962,3.0,3.8200000000000003,0.8200000000000005,82,0.05,1,0,0,0
13963,3.0,3.8341421356237313,0.8341421356237315,84,0.05,1,0,0,0
13964,3.0,3.8482842712474623,0.8482842712474625,86,0.05,1,0,0,0
13965,3.0,3.8482842712474623,0.8482842712474625,86,0.05,1,0,0,0
13966,3.0,3.841213203435597,0.841213203435597,85,0.05,1,0,0,0
13967,3.0,3.8200000000000003,0.8200000000000005,82,0.05,1,0,0,0
13968,3.0,3.8553553390593276,0.8553553390593279,87,0.05,1,0,0,0
13969,3.0,3.9119238815542516,0.9119238815542519,95,0.05,1,0,0,0
13970,3.0,3.841213203435597,0.841213203435597,85,0.05,1,0,0,0
13971,3.0,3.8653553390593274,0.8653553390593278,88,0.05,1,0,0,0
13972,3.0,3.8553553390593276,0.8553553390593279,87,0.05,1,0,0,0
13973,3.0,3.8482842712474623,0.8482842712474624,86,0.05,1,0,0,0
13974,3.0,3.8765685424949243,0.8765685424949244,90,0.05,1,0,0,0
13975,3.0,3.879497474683059,0.8794974746830588,90,0.05,1,0,0,0
13976,3.0,3.9009601183824785,0.9009601183824787,94,0.05,1,0,0,0
13977,3.0,3.8482842712474623,0.8482842712474624,86,0.05,1,0,0,0
13978,3.0,3.8482842712474623,0.8482842712474624,86,0.05,1,0,0,0
13979,3.0,3.8482842712474623,0.8482842712474624,86,0.05,1,0,0,0
13980,3.0,3.841213203435597,0.841213203435597,85,0.05,1,0,0,0
13981,3.0,3.8694974746830586,0.8694974746830588,89,0.05,1,0,0,0
13982,3.0,3.8482842712474623,0.8482842712474625,86,0.05,1,0,0,0
13983,3.0,3.8482842712474623,0.8482842712474625,86,0.05,1,0,0,0
13984,3.0,3.8964841808105515,0.8964841808105516,93,0.05,1,0,0,0
13985,3.0,3.8270710678118656,0.827071067811866,83,0.05,1,0,0,0
13986,3.0,3.851213203435597,0.851213203435597,86,0.05,1,0,0,0
13987,3.0,3.862426406871193,0.8624264068711933,88,0.05,1,0,0,0
13988,3.0,3.862426406871193,0.8624264068711934,88,0.05,1,0,0,0
13989,3.0,3.8200000000000003,0.8200000000000005,82,0.05,1,0,0,0
13990,3.0,3.8341421356237313,0.8341421356237315,84,0.05,1,0,0,0
13991,3.0,3.8270710678118656,0.827071067811866,83,0.05,1,0,0,0
13992,3.0,3.8553553390593276,0.8553553390593279,87,0.05,1,0,0,0
13993,3.0,3.8836396103067896,0.88363961030679,91,0.05,1,0,0,0
13994,3.0,3.8624264068711933,0.8624264068711935,88,0.05,1,0,0,0
13995,3.0,3.841213203435597,0.841213203435597,85,0.05,1,0,0,0
13996,3.0,3.8200000000000003,0.8200000000000005,82,0.05,1,0,0,0
13997,3.0,3.8624264068711933,0.8624264068711934,88,0.05,1,0,0,0
13998,3.0,3.8341421356237313,0.8341421356237315,84,0.05,1,0,0,0
13999,3.0,3.862426406871193,0.8624264068711934,88,0.05,1,0,0,0
14000,3.0,3.841213203435597,0.841213203435597,85,0.05,1,0,0,0
