episode,environment_return,learning_return,intrinsic_return,steps,epsilon,success,died,truncated,monster_moves
1,0.0,0.0,0.0,350,1.0,0,0,1,0
2,0.0,0.0,0.0,350,0.9998882352941176,0,0,1,0
3,2.0,2.0,0.0,66,0.9997764705882353,0,1,0,0
4,0.0,0.0,0.0,350,0.9996647058823529,0,0,1,0
5,4.0,4.0,0.0,272,0.9995529411764705,0,1,0,0
6,0.0,0.0,0.0,350,0.9994411764705883,0,0,1,0
7,0.0,0.0,0.0,350,0.9993294117647059,0,0,1,0
8,1.0,1.0,0.0,350,0.9992176470588235,0,0,1,0
9,2.0,2.0,0.0,350,0.9991058823529412,0,0,1,0
10,0.0,0.0,0.0,350,0.9989941176470588,0,0,1,0
11,0.0,0.0,0.0,350,0.9988823529411764,0,0,1,0
12,0.0,0.0,0.0,350,0.9987705882352941,0,0,1,0
13,0.0,0.0,0.0,350,0.9986588235294117,0,0,1,0
14,4.0,4.0,0.0,287,0.9985470588235295,0,1,0,0
15,4.0,4.0,0.0,140,0.9984352941176471,0,1,0,0
16,0.0,0.0,0.0,350,0.9983235294117647,0,0,1,0
17,0.0,0.0,0.0,350,0.9982117647058824,0,0,1,0
18,0.0,0.0,0.0,350,0.9981,0,0,1,0
19,0.0,0.0,0.0,350,0.9979882352941176,0,0,1,0
20,0.0,0.0,0.0,350,0.9978764705882353,0,0,1,0
21,0.0,0.0,0.0,350,0.9977647058823529,0,0,1,0
22,1.0,1.0,0.0,350,0.9976529411764706,0,0,1,0
23,0.0,0.0,0.0,350,0.9975411764705883,0,0,1,0
24,0.0,0.0,0.0,350,0.9974294117647059,0,0,1,0
25,0.0,0.0,0.0,350,0.9973176470588235,0,0,1,0
26,2.0,2.0,0.0,311,0.9972058823529412,0,1,0,0
27,0.0,0.0,0.0,350,0.9970941176470588,0,0,1,0
28,0.0,0.0,0.0,350,0.9969823529411764,0,0,1,0
29,1.0,1.0,0.0,350,0.9968705882352941,0,0,1,0
30,2.0,2.0,0.0,155,0.9967588235294118,0,1,0,0
31,2.0,2.0,0.0,350,0.9966470588235294,0,0,1,0
32,0.0,0.0,0.0,350,0.9965352941176471,0,0,1,0
33,3.0,3.0,0.0,155,0.9964235294117647,0,1,0,0
34,2.0,2.0,0.0,350,0.9963117647058823,0,0,1,0
35,2.0,2.0,0.0,320,0.9962,0,1,0,0
36,1.0,1.0,0.0,350,0.9960882352941176,0,0,1,0
37,1.0,1.0,0.0,350,0.9959764705882352,0,0,1,0
38,2.0,2.0,0.0,83,0.995864705882353,0,1,0,0
39,0.0,0.0,0.0,350,0.9957529411764706,0,0,1,0
40,0.0,0.0,0.0,350,0.9956411764705883,0,0,1,0
41,2.0,2.0,0.0,350,0.9955294117647059,0,0,1,0
42,1.0,1.0,0.0,75,0.9954176470588235,0,1,0,0
43,2.0,2.0,0.0,350,0.9953058823529412,0,0,1,0
44,4.0,4.0,0.0,168,0.9951941176470588,0,1,0,0
45,2.0,2.0,0.0,138,0.9950823529411764,0,1,0,0
46,2.0,2.0,0.0,350,0.9949705882352942,0,0,1,0
47,0.0,0.0,0.0,350,0.9948588235294118,0,0,1,0
48,0.0,0.0,0.0,350,0.9947470588235294,0,0,1,0
49,0.0,0.0,0.0,350,0.9946352941176471,0,0,1,0
50,0.0,0.0,0.0,350,0.9945235294117647,0,0,1,0
51,0.0,0.0,0.0,350,0.9944117647058823,0,0,1,0
52,0.0,0.0,0.0,350,0.9943,0,0,1,0
53,0.0,0.0,0.0,350,0.9941882352941176,0,0,1,0
54,1.0,1.0,0.0,350,0.9940764705882353,0,0,1,0
55,2.0,2.0,0.0,192,0.993964705882353,0,1,0,0
56,2.0,2.0,0.0,350,0.9938529411764706,0,0,1,0
57,0.0,0.0,0.0,350,0.9937411764705882,0,0,1,0
58,2.0,2.0,0.0,174,0.9936294117647059,0,1,0,0
59,4.0,4.0,0.0,74,0.9935176470588235,0,1,0,0
60,0.0,0.0,0.0,350,0.9934058823529411,0,0,1,0
61,0.0,0.0,0.0,350,0.9932941176470588,0,0,1,0
62,4.0,4.0,0.0,335,0.9931823529411765,0,1,0,0
63,2.0,2.0,0.0,335,0.9930705882352941,0,1,0,0
64,4.0,4.0,0.0,79,0.9929588235294118,0,1,0,0
65,4.0,4.0,0.0,296,0.9928470588235294,0,1,0,0
66,2.0,2.0,0.0,350,0.992735294117647,0,0,1,0
67,0.0,0.0,0.0,350,0.9926235294117647,0,0,1,0
68,0.0,0.0,0.0,350,0.9925117647058823,0,0,1,0
69,0.0,0.0,0.0,350,0.9924,0,0,1,0
70,1.0,1.0,0.0,157,0.9922882352941177,0,1,0,0
71,2.0,2.0,0.0,178,0.9921764705882353,0,1,0,0
72,2.0,2.0,0.0,350,0.992064705882353,0,0,1,0
73,1.0,1.0,0.0,350,0.9919529411764706,0,0,1,0
74,0.0,0.0,0.0,350,0.9918411764705882,0,0,1,0
75,0.0,0.0,0.0,350,0.9917294117647059,0,0,1,0
76,0.0,0.0,0.0,350,0.9916176470588235,0,0,1,0
77,2.0,2.0,0.0,281,0.9915058823529411,0,1,0,0
78,0.0,0.0,0.0,350,0.9913941176470589,0,0,1,0
79,2.0,2.0,0.0,350,0.9912823529411765,0,0,1,0
80,4.0,4.0,0.0,304,0.9911705882352941,0,1,0,0
81,2.0,2.0,0.0,350,0.9910588235294118,0,0,1,0
82,0.0,0.0,0.0,350,0.9909470588235294,0,0,1,0
83,2.0,2.0,0.0,350,0.990835294117647,0,0,1,0
84,0.0,0.0,0.0,350,0.9907235294117647,0,0,1,0
85,0.0,0.0,0.0,350,0.9906117647058823,0,0,1,0
86,0.0,0.0,0.0,350,0.9905,0,0,1,0
87,0.0,0.0,0.0,350,0.9903882352941177,0,0,1,0
88,0.0,0.0,0.0,350,0.9902764705882353,0,0,1,0
89,1.0,1.0,0.0,326,0.990164705882353,0,1,0,0
90,2.0,2.0,0.0,350,0.9900529411764706,0,0,1,0
91,1.0,1.0,0.0,108,0.9899411764705882,0,1,0,0
92,0.0,0.0,0.0,350,0.9898294117647058,0,0,1,0
93,0.0,0.0,0.0,350,0.9897176470588235,0,0,1,0
94,1.0,1.0,0.0,202,0.9896058823529412,0,1,0,0
95,0.0,0.0,0.0,350,0.9894941176470589,0,0,1,0
96,0.0,0.0,0.0,350,0.9893823529411765,0,0,1,0
97,0.0,0.0,0.0,350,0.9892705882352941,0,0,1,0
98,2.0,2.0,0.0,350,0.9891588235294118,0,0,1,0
99,0.0,0.0,0.0,350,0.9890470588235294,0,0,1,0
100,0.0,0.0,0.0,350,0.988935294117647,0,0,1,0
101,2.0,2.0,0.0,350,0.9888235294117647,0,0,1,0
102,4.0,4.0,0.0,252,0.9887117647058824,0,1,0,0
103,0.0,0.0,0.0,350,0.9886,0,0,1,0
104,1.0,1.0,0.0,350,0.9884882352941177,0,0,1,0
105,0.0,0.0,0.0,350,0.9883764705882353,0,0,1,0
106,2.0,2.0,0.0,191,0.9882647058823529,0,1,0,0
107,0.0,0.0,0.0,350,0.9881529411764706,0,0,1,0
108,0.0,0.0,0.0,350,0.9880411764705882,0,0,1,0
109,2.0,2.0,0.0,350,0.9879294117647058,0,0,1,0
110,0.0,0.0,0.0,350,0.9878176470588236,0,0,1,0
111,2.0,2.0,0.0,348,0.9877058823529412,0,1,0,0
112,0.0,0.0,0.0,350,0.9875941176470588,0,0,1,0
113,0.0,0.0,0.0,350,0.9874823529411765,0,0,1,0
114,0.0,0.0,0.0,350,0.9873705882352941,0,0,1,0
115,2.0,2.0,0.0,350,0.9872588235294117,0,0,1,0
116,0.0,0.0,0.0,350,0.9871470588235294,0,0,1,0
117,0.0,0.0,0.0,350,0.987035294117647,0,0,1,0
118,0.0,0.0,0.0,350,0.9869235294117648,0,0,1,0
119,2.0,2.0,0.0,350,0.9868117647058824,0,0,1,0
120,4.0,4.0,0.0,285,0.9867,0,1,0,0
121,0.0,0.0,0.0,350,0.9865882352941177,0,0,1,0
122,4.0,4.0,0.0,260,0.9864764705882353,0,1,0,0
123,4.0,4.0,0.0,275,0.9863647058823529,0,1,0,0
124,0.0,0.0,0.0,350,0.9862529411764706,0,0,1,0
125,0.0,0.0,0.0,350,0.9861411764705882,0,0,1,0
126,2.0,2.0,0.0,350,0.9860294117647059,0,0,1,0
127,0.0,0.0,0.0,350,0.9859176470588236,0,0,1,0
128,1.0,1.0,0.0,350,0.9858058823529412,0,0,1,0
129,0.0,0.0,0.0,350,0.9856941176470588,0,0,1,0
130,1.0,1.0,0.0,350,0.9855823529411765,0,0,1,0
131,3.0,3.0,0.0,344,0.9854705882352941,0,1,0,0
132,2.0,2.0,0.0,350,0.9853588235294117,0,0,1,0
133,2.0,2.0,0.0,350,0.9852470588235294,0,0,1,0
134,4.0,4.0,0.0,247,0.9851352941176471,0,1,0,0
135,1.0,1.0,0.0,79,0.9850235294117647,0,1,0,0
136,0.0,0.0,0.0,350,0.9849117647058824,0,0,1,0
137,2.0,2.0,0.0,291,0.9848,0,1,0,0
138,4.0,4.0,0.0,230,0.9846882352941176,0,1,0,0
139,0.0,0.0,0.0,350,0.9845764705882353,0,0,1,0
140,4.0,4.0,0.0,161,0.9844647058823529,0,1,0,0
141,4.0,4.0,0.0,333,0.9843529411764705,0,1,0,0
142,2.0,2.0,0.0,350,0.9842411764705883,0,0,1,0
143,0.0,0.0,0.0,350,0.9841294117647059,0,0,1,0
144,2.0,2.0,0.0,350,0.9840176470588236,0,0,1,0
145,2.0,2.0,0.0,350,0.9839058823529412,0,0,1,0
146,2.0,2.0,0.0,350,0.9837941176470588,0,0,1,0
147,0.0,0.0,0.0,350,0.9836823529411765,0,0,1,0
148,0.0,0.0,0.0,350,0.9835705882352941,0,0,1,0
149,0.0,0.0,0.0,350,0.9834588235294117,0,0,1,0
150,2.0,2.0,0.0,279,0.9833470588235295,0,1,0,0
151,4.0,4.0,0.0,330,0.9832352941176471,0,1,0,0
152,0.0,0.0,0.0,350,0.9831235294117647,0,0,1,0
153,2.0,2.0,0.0,350,0.9830117647058824,0,0,1,0
154,0.0,0.0,0.0,350,0.9829,0,0,1,0
155,0.0,0.0,0.0,350,0.9827882352941176,0,0,1,0
156,0.0,0.0,0.0,350,0.9826764705882353,0,0,1,0
157,2.0,2.0,0.0,101,0.9825647058823529,0,1,0,0
158,2.0,2.0,0.0,350,0.9824529411764706,0,0,1,0
159,0.0,0.0,0.0,350,0.9823411764705883,0,0,1,0
160,0.0,0.0,0.0,350,0.9822294117647059,0,0,1,0
161,4.0,4.0,0.0,166,0.9821176470588235,0,1,0,0
162,0.0,0.0,0.0,350,0.9820058823529412,0,0,1,0
163,4.0,4.0,0.0,269,0.9818941176470588,0,1,0,0
164,0.0,0.0,0.0,350,0.9817823529411764,0,0,1,0
165,2.0,2.0,0.0,282,0.9816705882352941,0,1,0,0
166,3.0,3.0,0.0,185,0.9815588235294118,0,1,0,0
167,2.0,2.0,0.0,345,0.9814470588235295,0,1,0,0
168,4.0,4.0,0.0,307,0.9813352941176471,0,1,0,0
169,4.0,4.0,0.0,253,0.9812235294117647,0,1,0,0
170,0.0,0.0,0.0,350,0.9811117647058823,0,0,1,0
171,0.0,0.0,0.0,350,0.981,0,0,1,0
172,2.0,2.0,0.0,350,0.9808882352941176,0,0,1,0
173,0.0,0.0,0.0,350,0.9807764705882352,0,0,1,0
174,1.0,1.0,0.0,350,0.980664705882353,0,0,1,0
175,0.0,0.0,0.0,350,0.9805529411764706,0,0,1,0
176,2.0,2.0,0.0,350,0.9804411764705883,0,0,1,0
177,4.0,4.0,0.0,247,0.9803294117647059,0,1,0,0
178,0.0,0.0,0.0,350,0.9802176470588235,0,0,1,0
179,1.0,1.0,0.0,78,0.9801058823529412,0,1,0,0
180,0.0,0.0,0.0,350,0.9799941176470588,0,0,1,0
181,4.0,4.0,0.0,323,0.9798823529411764,0,1,0,0
182,0.0,0.0,0.0,350,0.9797705882352942,0,0,1,0
183,0.0,0.0,0.0,350,0.9796588235294118,0,0,1,0
184,0.0,0.0,0.0,350,0.9795470588235294,0,0,1,0
185,4.0,4.0,0.0,246,0.9794352941176471,0,1,0,0
186,1.0,1.0,0.0,40,0.9793235294117647,0,1,0,0
187,0.0,0.0,0.0,350,0.9792117647058823,0,0,1,0
188,2.0,2.0,0.0,325,0.9791,0,1,0,0
189,2.0,2.0,0.0,180,0.9789882352941176,0,1,0,0
190,1.0,1.0,0.0,248,0.9788764705882353,0,1,0,0
191,2.0,2.0,0.0,350,0.978764705882353,0,0,1,0
192,4.0,4.0,0.0,232,0.9786529411764706,0,1,0,0
193,4.0,4.0,0.0,158,0.9785411764705882,0,1,0,0
194,0.0,0.0,0.0,350,0.9784294117647059,0,0,1,0
195,1.0,1.0,0.0,350,0.9783176470588235,0,0,1,0
196,3.0,3.0,0.0,288,0.9782058823529411,0,1,0,0
197,2.0,2.0,0.0,135,0.9780941176470588,0,1,0,0
198,2.0,2.0,0.0,350,0.9779823529411764,0,0,1,0
199,4.0,4.0,0.0,169,0.9778705882352942,0,1,0,0
200,1.0,1.0,0.0,159,0.9777588235294118,0,1,0,0
201,2.0,2.0,0.0,254,0.9776470588235294,0,1,0,0
202,0.0,0.0,0.0,350,0.9775352941176471,0,0,1,0
203,2.0,2.0,0.0,350,0.9774235294117647,0,0,1,0
204,0.0,0.0,0.0,350,0.9773117647058823,0,0,1,0
205,2.0,2.0,0.0,150,0.9772,0,1,0,0
206,4.0,4.0,0.0,158,0.9770882352941177,0,1,0,0
207,0.0,0.0,0.0,350,0.9769764705882353,0,0,1,0
208,3.0,3.0,0.0,222,0.976864705882353,0,1,0,0
209,4.0,4.0,0.0,151,0.9767529411764706,0,1,0,0
210,2.0,2.0,0.0,348,0.9766411764705882,0,1,0,0
211,1.0,1.0,0.0,350,0.9765294117647059,0,0,1,0
212,0.0,0.0,0.0,350,0.9764176470588235,0,0,1,0
213,0.0,0.0,0.0,350,0.9763058823529411,0,0,1,0
214,1.0,1.0,0.0,118,0.9761941176470588,0,1,0,0
215,0.0,0.0,0.0,350,0.9760823529411765,0,0,1,0
216,2.0,2.0,0.0,250,0.9759705882352941,0,1,0,0
217,2.0,2.0,0.0,278,0.9758588235294118,0,1,0,0
218,0.0,0.0,0.0,350,0.9757470588235294,0,0,1,0
219,2.0,2.0,0.0,156,0.975635294117647,0,1,0,0
220,0.0,0.0,0.0,350,0.9755235294117647,0,0,1,0
221,0.0,0.0,0.0,350,0.9754117647058823,0,0,1,0
222,1.0,1.0,0.0,258,0.9753000000000001,0,1,0,0
223,0.0,0.0,0.0,350,0.9751882352941177,0,0,1,0
224,4.0,4.0,0.0,230,0.9750764705882353,0,1,0,0
225,0.0,0.0,0.0,350,0.974964705882353,0,0,1,0
226,4.0,4.0,0.0,275,0.9748529411764706,0,1,0,0
227,0.0,0.0,0.0,350,0.9747411764705882,0,0,1,0
228,2.0,2.0,0.0,203,0.9746294117647059,0,1,0,0
229,0.0,0.0,0.0,350,0.9745176470588235,0,0,1,0
230,2.0,2.0,0.0,213,0.9744058823529411,0,1,0,0
231,0.0,0.0,0.0,350,0.9742941176470589,0,0,1,0
232,0.0,0.0,0.0,350,0.9741823529411765,0,0,1,0
233,0.0,0.0,0.0,350,0.9740705882352941,0,0,1,0
234,3.0,3.0,0.0,310,0.9739588235294118,0,1,0,0
235,4.0,4.0,0.0,301,0.9738470588235294,0,1,0,0
236,4.0,4.0,0.0,79,0.973735294117647,0,1,0,0
237,0.0,0.0,0.0,350,0.9736235294117647,0,0,1,0
238,4.0,4.0,0.0,304,0.9735117647058824,0,1,0,0
239,0.0,0.0,0.0,350,0.9734,0,0,1,0
240,2.0,2.0,0.0,320,0.9732882352941177,0,1,0,0
241,2.0,2.0,0.0,175,0.9731764705882353,0,1,0,0
242,0.0,0.0,0.0,350,0.9730647058823529,0,0,1,0
243,0.0,0.0,0.0,350,0.9729529411764706,0,0,1,0
244,3.0,3.0,0.0,240,0.9728411764705882,0,1,0,0
245,4.0,4.0,0.0,148,0.9727294117647058,0,1,0,0
246,3.0,3.0,0.0,101,0.9726176470588235,0,1,0,0
247,2.0,2.0,0.0,350,0.9725058823529412,0,0,1,0
248,0.0,0.0,0.0,350,0.9723941176470589,0,0,1,0
249,0.0,0.0,0.0,350,0.9722823529411765,0,0,1,0
250,2.0,2.0,0.0,350,0.9721705882352941,0,0,1,0
251,4.0,4.0,0.0,296,0.9720588235294118,0,1,0,0
252,0.0,0.0,0.0,350,0.9719470588235294,0,0,1,0
253,2.0,2.0,0.0,78,0.971835294117647,0,1,0,0
254,0.0,0.0,0.0,350,0.9717235294117648,0,0,1,0
255,2.0,2.0,0.0,87,0.9716117647058824,0,1,0,0
256,4.0,4.0,0.0,339,0.9715,0,1,0,0
257,0.0,0.0,0.0,350,0.9713882352941177,0,0,1,0
258,0.0,0.0,0.0,350,0.9712764705882353,0,0,1,0
259,0.0,0.0,0.0,350,0.9711647058823529,0,0,1,0
260,0.0,0.0,0.0,350,0.9710529411764706,0,0,1,0
261,2.0,2.0,0.0,350,0.9709411764705882,0,0,1,0
262,1.0,1.0,0.0,350,0.9708294117647058,0,0,1,0
263,1.0,1.0,0.0,176,0.9707176470588236,0,1,0,0
264,4.0,4.0,0.0,350,0.9706058823529412,0,0,1,0
265,2.0,2.0,0.0,311,0.9704941176470588,0,1,0,0
266,0.0,0.0,0.0,350,0.9703823529411765,0,0,1,0
267,2.0,2.0,0.0,280,0.9702705882352941,0,1,0,0
268,4.0,4.0,0.0,213,0.9701588235294117,0,1,0,0
269,0.0,0.0,0.0,350,0.9700470588235294,0,0,1,0
270,2.0,2.0,0.0,316,0.9699352941176471,0,1,0,0
271,3.0,3.0,0.0,209,0.9698235294117648,0,1,0,0
272,2.0,2.0,0.0,350,0.9697117647058824,0,0,1,0
273,4.0,4.0,0.0,275,0.9696,0,1,0,0
274,0.0,0.0,0.0,350,0.9694882352941177,0,0,1,0
275,4.0,4.0,0.0,305,0.9693764705882353,0,1,0,0
276,0.0,0.0,0.0,350,0.9692647058823529,0,0,1,0
277,0.0,0.0,0.0,350,0.9691529411764706,0,0,1,0
278,2.0,2.0,0.0,350,0.9690411764705882,0,0,1,0
279,4.0,4.0,0.0,350,0.9689294117647059,0,0,1,0
280,0.0,0.0,0.0,350,0.9688176470588236,0,0,1,0
281,0.0,0.0,0.0,350,0.9687058823529412,0,0,1,0
282,2.0,2.0,0.0,350,0.9685941176470588,0,0,1,0
283,0.0,0.0,0.0,350,0.9684823529411765,0,0,1,0
284,2.0,2.0,0.0,181,0.9683705882352941,0,1,0,0
285,0.0,0.0,0.0,350,0.9682588235294117,0,0,1,0
286,4.0,4.0,0.0,253,0.9681470588235294,0,1,0,0
287,2.0,2.0,0.0,53,0.9680352941176471,0,1,0,0
288,0.0,0.0,0.0,350,0.9679235294117647,0,0,1,0
289,4.0,4.0,0.0,247,0.9678117647058824,0,1,0,0
290,4.0,4.0,0.0,165,0.9677,0,1,0,0
291,4.0,4.0,0.0,293,0.9675882352941176,0,1,0,0
292,2.0,2.0,0.0,350,0.9674764705882353,0,0,1,0
293,0.0,0.0,0.0,350,0.9673647058823529,0,0,1,0
294,4.0,4.0,0.0,133,0.9672529411764705,0,1,0,0
295,4.0,4.0,0.0,350,0.9671411764705883,0,0,1,0
296,2.0,2.0,0.0,350,0.9670294117647059,0,0,1,0
297,4.0,4.0,0.0,110,0.9669176470588235,0,1,0,0
298,2.0,2.0,0.0,350,0.9668058823529412,0,0,1,0
299,2.0,2.0,0.0,302,0.9666941176470588,0,1,0,0
300,2.0,2.0,0.0,350,0.9665823529411764,0,0,1,0
301,0.0,0.0,0.0,350,0.9664705882352941,0,0,1,0
302,4.0,4.0,0.0,350,0.9663588235294118,0,0,1,0
303,0.0,0.0,0.0,350,0.9662470588235295,0,0,1,0
304,3.0,3.0,0.0,122,0.9661352941176471,0,1,0,0
305,2.0,2.0,0.0,103,0.9660235294117647,0,1,0,0
306,0.0,0.0,0.0,350,0.9659117647058824,0,0,1,0
307,3.0,3.0,0.0,297,0.9658,0,1,0,0
308,1.0,1.0,0.0,102,0.9656882352941176,0,1,0,0
309,4.0,4.0,0.0,336,0.9655764705882353,0,1,0,0
310,2.0,2.0,0.0,350,0.9654647058823529,0,0,1,0
311,1.0,1.0,0.0,350,0.9653529411764706,0,0,1,0
312,4.0,4.0,0.0,151,0.9652411764705883,0,1,0,0
313,4.0,4.0,0.0,289,0.9651294117647059,0,1,0,0
314,4.0,4.0,0.0,151,0.9650176470588235,0,1,0,0
315,2.0,2.0,0.0,183,0.9649058823529412,0,1,0,0
316,0.0,0.0,0.0,350,0.9647941176470588,0,0,1,0
317,0.0,0.0,0.0,350,0.9646823529411764,0,0,1,0
318,4.0,4.0,0.0,107,0.9645705882352941,0,1,0,0
319,0.0,0.0,0.0,350,0.9644588235294118,0,0,1,0
320,4.0,4.0,0.0,350,0.9643470588235294,0,0,1,0
321,4.0,4.0,0.0,226,0.9642352941176471,0,1,0,0
322,2.0,2.0,0.0,296,0.9641235294117647,0,1,0,0
323,1.0,1.0,0.0,92,0.9640117647058823,0,1,0,0
324,2.0,2.0,0.0,350,0.9639,0,0,1,0
325,4.0,4.0,0.0,172,0.9637882352941176,0,1,0,0
326,2.0,2.0,0.0,350,0.9636764705882352,0,0,1,0
327,2.0,2.0,0.0,350,0.963564705882353,0,0,1,0
328,4.0,4.0,0.0,350,0.9634529411764706,0,0,1,0
329,2.0,2.0,0.0,336,0.9633411764705883,0,1,0,0
330,0.0,0.0,0.0,350,0.9632294117647059,0,0,1,0
331,4.0,4.0,0.0,350,0.9631176470588235,0,0,1,0
332,3.0,3.0,0.0,348,0.9630058823529412,0,1,0,0
333,4.0,4.0,0.0,256,0.9628941176470588,0,1,0,0
334,4.0,4.0,0.0,124,0.9627823529411765,0,1,0,0
335,4.0,4.0,0.0,350,0.9626705882352942,0,0,1,0
336,0.0,0.0,0.0,350,0.9625588235294118,0,0,1,0
337,4.0,4.0,0.0,329,0.9624470588235294,0,1,0,0
338,0.0,0.0,0.0,350,0.9623352941176471,0,0,1,0
339,4.0,4.0,0.0,276,0.9622235294117647,0,1,0,0
340,1.0,1.0,0.0,350,0.9621117647058823,0,0,1,0
341,4.0,4.0,0.0,350,0.962,0,0,1,0
342,1.0,1.0,0.0,140,0.9618882352941176,0,1,0,0
343,0.0,0.0,0.0,350,0.9617764705882353,0,0,1,0
344,0.0,0.0,0.0,350,0.961664705882353,0,0,1,0
345,4.0,4.0,0.0,165,0.9615529411764706,0,1,0,0
346,2.0,2.0,0.0,337,0.9614411764705882,0,1,0,0
347,2.0,2.0,0.0,257,0.9613294117647059,0,1,0,0
348,4.0,4.0,0.0,250,0.9612176470588235,0,1,0,0
349,2.0,2.0,0.0,136,0.9611058823529411,0,1,0,0
350,2.0,2.0,0.0,306,0.9609941176470588,0,1,0,0
351,2.0,2.0,0.0,350,0.9608823529411765,0,0,1,0
352,0.0,0.0,0.0,350,0.9607705882352942,0,0,1,0
353,4.0,4.0,0.0,240,0.9606588235294118,0,1,0,0
354,2.0,2.0,0.0,350,0.9605470588235294,0,0,1,0
355,0.0,0.0,0.0,350,0.960435294117647,0,0,1,0
356,2.0,2.0,0.0,350,0.9603235294117647,0,0,1,0
357,4.0,4.0,0.0,147,0.9602117647058823,0,1,0,0
358,4.0,4.0,0.0,350,0.9601,0,0,1,0
359,3.0,3.0,0.0,115,0.9599882352941177,0,1,0,0
360,3.0,3.0,0.0,163,0.9598764705882353,0,1,0,0
361,2.0,2.0,0.0,350,0.959764705882353,0,0,1,0
362,2.0,2.0,0.0,350,0.9596529411764706,0,0,1,0
363,2.0,2.0,0.0,252,0.9595411764705882,0,1,0,0
364,0.0,0.0,0.0,350,0.9594294117647059,0,0,1,0
365,0.0,0.0,0.0,350,0.9593176470588235,0,0,1,0
366,4.0,4.0,0.0,263,0.9592058823529411,0,1,0,0
367,0.0,0.0,0.0,350,0.9590941176470589,0,0,1,0
368,4.0,4.0,0.0,265,0.9589823529411765,0,1,0,0
369,2.0,2.0,0.0,46,0.9588705882352941,0,1,0,0
370,0.0,0.0,0.0,350,0.9587588235294118,0,0,1,0
371,0.0,0.0,0.0,350,0.9586470588235294,0,0,1,0
372,0.0,0.0,0.0,350,0.958535294117647,0,0,1,0
373,2.0,2.0,0.0,350,0.9584235294117647,0,0,1,0
374,0.0,0.0,0.0,350,0.9583117647058823,0,0,1,0
375,3.0,3.0,0.0,189,0.9582,0,1,0,0
376,2.0,2.0,0.0,350,0.9580882352941177,0,0,1,0
377,3.0,3.0,0.0,111,0.9579764705882353,0,1,0,0
378,0.0,0.0,0.0,350,0.957864705882353,0,0,1,0
379,4.0,4.0,0.0,241,0.9577529411764706,0,1,0,0
380,0.0,0.0,0.0,350,0.9576411764705882,0,0,1,0
381,0.0,0.0,0.0,350,0.9575294117647059,0,0,1,0
382,2.0,2.0,0.0,350,0.9574176470588235,0,0,1,0
383,3.0,3.0,0.0,345,0.9573058823529412,0,1,0,0
384,0.0,0.0,0.0,350,0.9571941176470589,0,0,1,0
385,2.0,2.0,0.0,350,0.9570823529411765,0,0,1,0
386,2.0,2.0,0.0,328,0.9569705882352941,0,1,0,0
387,2.0,2.0,0.0,266,0.9568588235294118,0,1,0,0
388,4.0,4.0,0.0,293,0.9567470588235294,0,1,0,0
389,2.0,2.0,0.0,350,0.956635294117647,0,0,1,0
390,0.0,0.0,0.0,350,0.9565235294117647,0,0,1,0
391,1.0,1.0,0.0,350,0.9564117647058824,0,0,1,0
392,2.0,2.0,0.0,350,0.9563,0,0,1,0
393,3.0,3.0,0.0,65,0.9561882352941177,0,1,0,0
394,2.0,2.0,0.0,350,0.9560764705882353,0,0,1,0
395,0.0,0.0,0.0,350,0.9559647058823529,0,0,1,0
396,2.0,2.0,0.0,350,0.9558529411764706,0,0,1,0
397,0.0,0.0,0.0,350,0.9557411764705882,0,0,1,0
398,2.0,2.0,0.0,350,0.9556294117647058,0,0,1,0
399,0.0,0.0,0.0,350,0.9555176470588236,0,0,1,0
400,4.0,4.0,0.0,212,0.9554058823529412,0,1,0,0
401,0.0,0.0,0.0,350,0.9552941176470588,0,0,1,0
402,4.0,4.0,0.0,99,0.9551823529411765,0,1,0,0
403,2.0,2.0,0.0,350,0.9550705882352941,0,0,1,0
404,2.0,2.0,0.0,224,0.9549588235294117,0,1,0,0
405,2.0,2.0,0.0,350,0.9548470588235294,0,0,1,0
406,2.0,2.0,0.0,350,0.954735294117647,0,0,1,0
407,2.0,2.0,0.0,173,0.9546235294117648,0,1,0,0
408,0.0,0.0,0.0,350,0.9545117647058824,0,0,1,0
409,0.0,0.0,0.0,350,0.9544,0,0,1,0
410,0.0,0.0,0.0,350,0.9542882352941177,0,0,1,0
411,2.0,2.0,0.0,350,0.9541764705882353,0,0,1,0
412,4.0,4.0,0.0,221,0.9540647058823529,0,1,0,0
413,2.0,2.0,0.0,167,0.9539529411764706,0,1,0,0
414,2.0,2.0,0.0,350,0.9538411764705882,0,0,1,0
415,2.0,2.0,0.0,350,0.9537294117647059,0,0,1,0
416,2.0,2.0,0.0,169,0.9536176470588236,0,1,0,0
417,4.0,4.0,0.0,285,0.9535058823529412,0,1,0,0
418,2.0,2.0,0.0,135,0.9533941176470588,0,1,0,0
419,3.0,3.0,0.0,81,0.9532823529411765,0,1,0,0
420,0.0,0.0,0.0,350,0.9531705882352941,0,0,1,0
421,2.0,2.0,0.0,350,0.9530588235294117,0,0,1,0
422,0.0,0.0,0.0,350,0.9529470588235294,0,0,1,0
423,0.0,0.0,0.0,350,0.952835294117647,0,0,1,0
424,4.0,4.0,0.0,254,0.9527235294117647,0,1,0,0
425,2.0,2.0,0.0,130,0.9526117647058824,0,1,0,0
426,4.0,4.0,0.0,328,0.9525,0,1,0,0
427,2.0,2.0,0.0,350,0.9523882352941176,0,0,1,0
428,2.0,2.0,0.0,350,0.9522764705882353,0,0,1,0
429,2.0,2.0,0.0,227,0.9521647058823529,0,1,0,0
430,4.0,4.0,0.0,350,0.9520529411764705,0,0,1,0
431,0.0,0.0,0.0,350,0.9519411764705883,0,0,1,0
432,2.0,2.0,0.0,350,0.9518294117647059,0,0,1,0
433,2.0,2.0,0.0,350,0.9517176470588236,0,0,1,0
434,0.0,0.0,0.0,350,0.9516058823529412,0,0,1,0
435,2.0,2.0,0.0,350,0.9514941176470588,0,0,1,0
436,4.0,4.0,0.0,280,0.9513823529411765,0,1,0,0
437,0.0,0.0,0.0,350,0.9512705882352941,0,0,1,0
438,2.0,2.0,0.0,350,0.9511588235294117,0,0,1,0
439,4.0,4.0,0.0,132,0.9510470588235295,0,1,0,0
440,0.0,0.0,0.0,350,0.9509352941176471,0,0,1,0
441,4.0,4.0,0.0,200,0.9508235294117647,0,1,0,0
442,4.0,4.0,0.0,139,0.9507117647058824,0,1,0,0
443,1.0,1.0,0.0,129,0.9506,0,1,0,0
444,4.0,4.0,0.0,166,0.9504882352941176,0,1,0,0
445,4.0,4.0,0.0,269,0.9503764705882353,0,1,0,0
446,2.0,2.0,0.0,330,0.9502647058823529,0,1,0,0
447,1.0,1.0,0.0,153,0.9501529411764706,0,1,0,0
448,2.0,2.0,0.0,350,0.9500411764705883,0,0,1,0
449,4.0,4.0,0.0,263,0.9499294117647059,0,1,0,0
450,0.0,0.0,0.0,350,0.9498176470588235,0,0,1,0
451,2.0,2.0,0.0,330,0.9497058823529412,0,1,0,0
452,2.0,2.0,0.0,350,0.9495941176470588,0,0,1,0
453,4.0,4.0,0.0,278,0.9494823529411764,0,1,0,0
454,1.0,1.0,0.0,263,0.9493705882352941,0,1,0,0
455,2.0,2.0,0.0,185,0.9492588235294117,0,1,0,0
456,4.0,4.0,0.0,163,0.9491470588235295,0,1,0,0
457,4.0,4.0,0.0,126,0.9490352941176471,0,1,0,0
458,4.0,4.0,0.0,133,0.9489235294117647,0,1,0,0
459,4.0,4.0,0.0,205,0.9488117647058824,0,1,0,0
460,0.0,0.0,0.0,350,0.9487,0,0,1,0
461,2.0,2.0,0.0,256,0.9485882352941176,0,1,0,0
462,2.0,2.0,0.0,350,0.9484764705882353,0,0,1,0
463,3.0,3.0,0.0,165,0.948364705882353,0,1,0,0
464,4.0,4.0,0.0,234,0.9482529411764706,0,1,0,0
465,4.0,4.0,0.0,97,0.9481411764705883,0,1,0,0
466,0.0,0.0,0.0,350,0.9480294117647059,0,0,1,0
467,2.0,2.0,0.0,350,0.9479176470588235,0,0,1,0
468,1.0,1.0,0.0,224,0.9478058823529412,0,1,0,0
469,0.0,0.0,0.0,350,0.9476941176470588,0,0,1,0
470,2.0,2.0,0.0,350,0.9475823529411764,0,0,1,0
471,3.0,3.0,0.0,234,0.9474705882352941,0,1,0,0
472,4.0,4.0,0.0,125,0.9473588235294118,0,1,0,0
473,0.0,0.0,0.0,350,0.9472470588235294,0,0,1,0
474,2.0,2.0,0.0,138,0.9471352941176471,0,1,0,0
475,2.0,2.0,0.0,153,0.9470235294117647,0,1,0,0
476,2.0,2.0,0.0,279,0.9469117647058823,0,1,0,0
477,0.0,0.0,0.0,350,0.9468,0,0,1,0
478,4.0,4.0,0.0,193,0.9466882352941176,0,1,0,0
479,3.0,3.0,0.0,215,0.9465764705882354,0,1,0,0
480,2.0,2.0,0.0,345,0.946464705882353,0,1,0,0
481,2.0,2.0,0.0,350,0.9463529411764706,0,0,1,0
482,2.0,2.0,0.0,184,0.9462411764705883,0,1,0,0
483,4.0,4.0,0.0,222,0.9461294117647059,0,1,0,0
484,2.0,2.0,0.0,271,0.9460176470588235,0,1,0,0
485,4.0,4.0,0.0,301,0.9459058823529412,0,1,0,0
486,1.0,1.0,0.0,77,0.9457941176470588,0,1,0,0
487,4.0,4.0,0.0,332,0.9456823529411764,0,1,0,0
488,4.0,4.0,0.0,103,0.9455705882352942,0,1,0,0
489,1.0,1.0,0.0,230,0.9454588235294118,0,1,0,0
490,4.0,4.0,0.0,119,0.9453470588235294,0,1,0,0
491,0.0,0.0,0.0,350,0.9452352941176471,0,0,1,0
492,2.0,2.0,0.0,350,0.9451235294117647,0,0,1,0
493,2.0,2.0,0.0,133,0.9450117647058823,0,1,0,0
494,2.0,2.0,0.0,350,0.9449,0,0,1,0
495,2.0,2.0,0.0,263,0.9447882352941177,0,1,0,0
496,2.0,2.0,0.0,350,0.9446764705882353,0,0,1,0
497,4.0,4.0,0.0,154,0.944564705882353,0,1,0,0
498,2.0,2.0,0.0,240,0.9444529411764706,0,1,0,0
499,0.0,0.0,0.0,350,0.9443411764705882,0,0,1,0
500,2.0,2.0,0.0,228,0.9442294117647059,0,1,0,0
501,4.0,4.0,0.0,294,0.9441176470588235,0,1,0,0
502,0.0,0.0,0.0,350,0.9440058823529411,0,0,1,0
503,5.0,5.0,0.0,177,0.9438941176470588,1,0,0,0
504,2.0,2.0,0.0,309,0.9437823529411765,0,1,0,0
505,2.0,2.0,0.0,98,0.9436705882352941,0,1,0,0
506,4.0,4.0,0.0,263,0.9435588235294118,0,1,0,0
507,2.0,2.0,0.0,278,0.9434470588235294,0,1,0,0
508,2.0,2.0,0.0,350,0.943335294117647,0,0,1,0
509,2.0,2.0,0.0,316,0.9432235294117647,0,1,0,0
510,4.0,4.0,0.0,259,0.9431117647058823,0,1,0,0
511,2.0,2.0,0.0,350,0.9430000000000001,0,0,1,0
512,2.0,2.0,0.0,96,0.9428882352941177,0,1,0,0
513,3.0,3.0,0.0,207,0.9427764705882353,0,1,0,0
514,2.0,2.0,0.0,350,0.942664705882353,0,0,1,0
515,1.0,1.0,0.0,350,0.9425529411764706,0,0,1,0
516,1.0,1.0,0.0,341,0.9424411764705882,0,1,0,0
517,4.0,4.0,0.0,181,0.9423294117647059,0,1,0,0
518,0.0,0.0,0.0,350,0.9422176470588235,0,0,1,0
519,3.0,3.0,0.0,134,0.9421058823529411,0,1,0,0
520,4.0,4.0,0.0,202,0.9419941176470589,0,1,0,0
521,4.0,4.0,0.0,144,0.9418823529411765,0,1,0,0
522,3.0,3.0,0.0,188,0.9417705882352941,0,1,0,0
523,2.0,2.0,0.0,350,0.9416588235294118,0,1,0,0
524,1.0,1.0,0.0,350,0.9415470588235294,0,0,1,0
525,2.0,2.0,0.0,236,0.941435294117647,0,1,0,0
526,1.0,1.0,0.0,350,0.9413235294117647,0,0,1,0
527,0.0,0.0,0.0,350,0.9412117647058823,0,0,1,0
528,2.0,2.0,0.0,153,0.9411,0,1,0,0
529,1.0,1.0,0.0,214,0.9409882352941177,0,1,0,0
530,4.0,4.0,0.0,230,0.9408764705882353,0,1,0,0
531,2.0,2.0,0.0,201,0.940764705882353,0,1,0,0
532,4.0,4.0,0.0,92,0.9406529411764706,0,1,0,0
533,2.0,2.0,0.0,350,0.9405411764705882,0,0,1,0
534,2.0,2.0,0.0,269,0.9404294117647058,0,1,0,0
535,4.0,4.0,0.0,320,0.9403176470588235,0,1,0,0
536,0.0,0.0,0.0,350,0.9402058823529412,0,0,1,0
537,4.0,4.0,0.0,350,0.9400941176470589,0,0,1,0
538,2.0,2.0,0.0,85,0.9399823529411765,0,1,0,0
539,4.0,4.0,0.0,126,0.9398705882352941,0,1,0,0
540,2.0,2.0,0.0,185,0.9397588235294118,0,1,0,0
541,4.0,4.0,0.0,288,0.9396470588235294,0,1,0,0
542,2.0,2.0,0.0,319,0.939535294117647,0,1,0,0
543,0.0,0.0,0.0,350,0.9394235294117647,0,0,1,0
544,0.0,0.0,0.0,350,0.9393117647058824,0,0,1,0
545,4.0,4.0,0.0,231,0.9392,0,1,0,0
546,4.0,4.0,0.0,184,0.9390882352941177,0,1,0,0
547,0.0,0.0,0.0,350,0.9389764705882353,0,0,1,0
548,2.0,2.0,0.0,131,0.9388647058823529,0,1,0,0
549,2.0,2.0,0.0,350,0.9387529411764706,0,0,1,0
550,2.0,2.0,0.0,350,0.9386411764705882,0,0,1,0
551,2.0,2.0,0.0,318,0.9385294117647058,0,1,0,0
552,2.0,2.0,0.0,65,0.9384176470588236,0,1,0,0
553,2.0,2.0,0.0,323,0.9383058823529412,0,1,0,0
554,4.0,4.0,0.0,315,0.9381941176470588,0,1,0,0
555,2.0,2.0,0.0,239,0.9380823529411765,0,1,0,0
556,0.0,0.0,0.0,350,0.9379705882352941,0,0,1,0
557,2.0,2.0,0.0,350,0.9378588235294117,0,0,1,0
558,2.0,2.0,0.0,350,0.9377470588235294,0,0,1,0
559,1.0,1.0,0.0,163,0.9376352941176471,0,1,0,0
560,2.0,2.0,0.0,166,0.9375235294117648,0,1,0,0
561,2.0,2.0,0.0,350,0.9374117647058824,0,0,1,0
562,4.0,4.0,0.0,133,0.9373,0,1,0,0
563,1.0,1.0,0.0,350,0.9371882352941177,0,0,1,0
564,2.0,2.0,0.0,318,0.9370764705882353,0,1,0,0
565,4.0,4.0,0.0,302,0.9369647058823529,0,1,0,0
566,2.0,2.0,0.0,232,0.9368529411764706,0,1,0,0
567,0.0,0.0,0.0,350,0.9367411764705882,0,0,1,0
568,2.0,2.0,0.0,123,0.9366294117647059,0,1,0,0
569,3.0,3.0,0.0,180,0.9365176470588236,0,1,0,0
570,4.0,4.0,0.0,109,0.9364058823529412,0,1,0,0
571,4.0,4.0,0.0,175,0.9362941176470588,0,1,0,0
572,4.0,4.0,0.0,234,0.9361823529411765,0,1,0,0
573,2.0,2.0,0.0,160,0.9360705882352941,0,1,0,0
574,2.0,2.0,0.0,350,0.9359588235294117,0,0,1,0
575,3.0,3.0,0.0,218,0.9358470588235295,0,1,0,0
576,2.0,2.0,0.0,324,0.9357352941176471,0,1,0,0
577,5.0,5.0,0.0,223,0.9356235294117647,1,0,0,0
578,2.0,2.0,0.0,350,0.9355117647058824,0,0,1,0
579,2.0,2.0,0.0,278,0.9354,0,1,0,0
580,3.0,3.0,0.0,128,0.9352882352941176,0,1,0,0
581,2.0,2.0,0.0,350,0.9351764705882353,0,0,1,0
582,2.0,2.0,0.0,243,0.9350647058823529,0,1,0,0
583,2.0,2.0,0.0,350,0.9349529411764705,0,0,1,0
584,4.0,4.0,0.0,138,0.9348411764705883,0,1,0,0
585,4.0,4.0,0.0,350,0.9347294117647059,0,0,1,0
586,2.0,2.0,0.0,81,0.9346176470588236,0,1,0,0
587,4.0,4.0,0.0,115,0.9345058823529412,0,1,0,0
588,4.0,4.0,0.0,316,0.9343941176470588,0,1,0,0
589,4.0,4.0,0.0,268,0.9342823529411765,0,1,0,0
590,2.0,2.0,0.0,206,0.9341705882352941,0,1,0,0
591,1.0,1.0,0.0,263,0.9340588235294117,0,1,0,0
592,3.0,3.0,0.0,262,0.9339470588235295,0,1,0,0
593,2.0,2.0,0.0,117,0.9338352941176471,0,1,0,0
594,2.0,2.0,0.0,350,0.9337235294117647,0,0,1,0
595,2.0,2.0,0.0,350,0.9336117647058824,0,0,1,0
596,3.0,3.0,0.0,147,0.9335,0,1,0,0
597,4.0,4.0,0.0,290,0.9333882352941176,0,1,0,0
598,2.0,2.0,0.0,350,0.9332764705882353,0,0,1,0
599,1.0,1.0,0.0,104,0.9331647058823529,0,1,0,0
600,2.0,2.0,0.0,194,0.9330529411764705,0,1,0,0
601,4.0,4.0,0.0,163,0.9329411764705883,0,1,0,0
602,4.0,4.0,0.0,350,0.9328294117647059,0,0,1,0
603,4.0,4.0,0.0,187,0.9327176470588235,0,1,0,0
604,2.0,2.0,0.0,135,0.9326058823529412,0,1,0,0
605,4.0,4.0,0.0,195,0.9324941176470588,0,1,0,0
606,2.0,2.0,0.0,350,0.9323823529411764,0,0,1,0
607,4.0,4.0,0.0,204,0.9322705882352941,0,1,0,0
608,4.0,4.0,0.0,285,0.9321588235294118,0,1,0,0
609,1.0,1.0,0.0,350,0.9320470588235295,0,0,1,0
610,2.0,2.0,0.0,350,0.9319352941176471,0,0,1,0
611,4.0,4.0,0.0,248,0.9318235294117647,0,1,0,0
612,2.0,2.0,0.0,350,0.9317117647058824,0,0,1,0
613,4.0,4.0,0.0,240,0.9316,0,1,0,0
614,2.0,2.0,0.0,165,0.9314882352941176,0,1,0,0
615,4.0,4.0,0.0,294,0.9313764705882353,0,1,0,0
616,2.0,2.0,0.0,350,0.9312647058823529,0,0,1,0
617,2.0,2.0,0.0,350,0.9311529411764706,0,0,1,0
618,1.0,1.0,0.0,147,0.9310411764705883,0,1,0,0
619,1.0,1.0,0.0,107,0.9309294117647059,0,1,0,0
620,1.0,1.0,0.0,350,0.9308176470588235,0,0,1,0
621,4.0,4.0,0.0,92,0.9307058823529412,0,1,0,0
622,2.0,2.0,0.0,237,0.9305941176470588,0,1,0,0
623,2.0,2.0,0.0,80,0.9304823529411765,0,1,0,0
624,4.0,4.0,0.0,224,0.9303705882352942,0,1,0,0
625,2.0,2.0,0.0,350,0.9302588235294118,0,0,1,0
626,3.0,3.0,0.0,140,0.9301470588235294,0,1,0,0
627,2.0,2.0,0.0,121,0.9300352941176471,0,1,0,0
628,1.0,1.0,0.0,221,0.9299235294117647,0,1,0,0
629,4.0,4.0,0.0,145,0.9298117647058823,0,1,0,0
630,4.0,4.0,0.0,100,0.9297,0,1,0,0
631,4.0,4.0,0.0,250,0.9295882352941176,0,1,0,0
632,0.0,0.0,0.0,350,0.9294764705882353,0,0,1,0
633,2.0,2.0,0.0,112,0.929364705882353,0,1,0,0
634,2.0,2.0,0.0,172,0.9292529411764706,0,1,0,0
635,2.0,2.0,0.0,289,0.9291411764705882,0,1,0,0
636,4.0,4.0,0.0,275,0.9290294117647059,0,1,0,0
637,4.0,4.0,0.0,350,0.9289176470588235,0,0,1,0
638,4.0,4.0,0.0,225,0.9288058823529411,0,1,0,0
639,0.0,0.0,0.0,350,0.9286941176470589,0,0,1,0
640,4.0,4.0,0.0,160,0.9285823529411765,0,1,0,0
641,4.0,4.0,0.0,258,0.9284705882352942,0,1,0,0
642,2.0,2.0,0.0,350,0.9283588235294118,0,0,1,0
643,2.0,2.0,0.0,145,0.9282470588235294,0,1,0,0
644,1.0,1.0,0.0,350,0.9281352941176471,0,0,1,0
645,2.0,2.0,0.0,350,0.9280235294117647,0,0,1,0
646,4.0,4.0,0.0,338,0.9279117647058823,0,1,0,0
647,4.0,4.0,0.0,175,0.9278,0,1,0,0
648,2.0,2.0,0.0,350,0.9276882352941176,0,0,1,0
649,1.0,1.0,0.0,350,0.9275764705882353,0,0,1,0
650,3.0,3.0,0.0,198,0.927464705882353,0,1,0,0
651,4.0,4.0,0.0,140,0.9273529411764706,0,1,0,0
652,2.0,2.0,0.0,220,0.9272411764705882,0,1,0,0
653,2.0,2.0,0.0,350,0.9271294117647059,0,0,1,0
654,2.0,2.0,0.0,169,0.9270176470588235,0,1,0,0
655,2.0,2.0,0.0,318,0.9269058823529411,0,1,0,0
656,1.0,1.0,0.0,46,0.9267941176470589,0,1,0,0
657,4.0,4.0,0.0,183,0.9266823529411765,0,1,0,0
658,0.0,0.0,0.0,350,0.9265705882352941,0,0,1,0
659,4.0,4.0,0.0,300,0.9264588235294118,0,1,0,0
660,1.0,1.0,0.0,128,0.9263470588235294,0,1,0,0
661,2.0,2.0,0.0,333,0.926235294117647,0,1,0,0
662,0.0,0.0,0.0,350,0.9261235294117647,0,0,1,0
663,4.0,4.0,0.0,138,0.9260117647058823,0,1,0,0
664,4.0,4.0,0.0,237,0.9259,0,1,0,0
665,4.0,4.0,0.0,105,0.9257882352941177,0,1,0,0
666,4.0,4.0,0.0,51,0.9256764705882353,0,1,0,0
667,2.0,2.0,0.0,250,0.925564705882353,0,1,0,0
668,4.0,4.0,0.0,350,0.9254529411764706,0,0,1,0
669,4.0,4.0,0.0,85,0.9253411764705882,0,1,0,0
670,4.0,4.0,0.0,210,0.9252294117647059,0,1,0,0
671,2.0,2.0,0.0,183,0.9251176470588235,0,1,0,0
672,2.0,2.0,0.0,253,0.9250058823529412,0,1,0,0
673,2.0,2.0,0.0,350,0.9248941176470589,0,0,1,0
674,4.0,4.0,0.0,350,0.9247823529411765,0,0,1,0
675,2.0,2.0,0.0,217,0.9246705882352941,0,1,0,0
676,2.0,2.0,0.0,155,0.9245588235294118,0,1,0,0
677,2.0,2.0,0.0,126,0.9244470588235294,0,1,0,0
678,0.0,0.0,0.0,350,0.924335294117647,0,0,1,0
679,4.0,4.0,0.0,96,0.9242235294117647,0,1,0,0
680,3.0,3.0,0.0,73,0.9241117647058823,0,1,0,0
681,2.0,2.0,0.0,295,0.924,0,1,0,0
682,4.0,4.0,0.0,101,0.9238882352941177,0,1,0,0
683,4.0,4.0,0.0,162,0.9237764705882353,0,1,0,0
684,4.0,4.0,0.0,306,0.9236647058823529,0,1,0,0
685,2.0,2.0,0.0,133,0.9235529411764706,0,1,0,0
686,2.0,2.0,0.0,227,0.9234411764705882,0,1,0,0
687,2.0,2.0,0.0,306,0.9233294117647058,0,1,0,0
688,2.0,2.0,0.0,109,0.9232176470588236,0,1,0,0
689,2.0,2.0,0.0,259,0.9231058823529412,0,1,0,0
690,3.0,3.0,0.0,139,0.9229941176470589,0,1,0,0
691,2.0,2.0,0.0,223,0.9228823529411765,0,1,0,0
692,1.0,1.0,0.0,335,0.9227705882352941,0,1,0,0
693,0.0,0.0,0.0,350,0.9226588235294118,0,0,1,0
694,1.0,1.0,0.0,350,0.9225470588235294,0,0,1,0
695,4.0,4.0,0.0,124,0.922435294117647,0,1,0,0
696,0.0,0.0,0.0,350,0.9223235294117647,0,0,1,0
697,4.0,4.0,0.0,266,0.9222117647058824,0,1,0,0
698,4.0,4.0,0.0,211,0.9221,0,1,0,0
699,4.0,4.0,0.0,234,0.9219882352941177,0,1,0,0
700,4.0,4.0,0.0,194,0.9218764705882353,0,1,0,0
701,4.0,4.0,0.0,103,0.9217647058823529,0,1,0,0
702,4.0,4.0,0.0,141,0.9216529411764706,0,1,0,0
703,2.0,2.0,0.0,212,0.9215411764705882,0,1,0,0
704,0.0,0.0,0.0,350,0.9214294117647059,0,0,1,0
705,2.0,2.0,0.0,338,0.9213176470588236,0,1,0,0
706,4.0,4.0,0.0,91,0.9212058823529412,0,1,0,0
707,4.0,4.0,0.0,211,0.9210941176470588,0,1,0,0
708,2.0,2.0,0.0,225,0.9209823529411765,0,1,0,0
709,2.0,2.0,0.0,201,0.9208705882352941,0,1,0,0
710,2.0,2.0,0.0,214,0.9207588235294117,0,1,0,0
711,4.0,4.0,0.0,125,0.9206470588235294,0,1,0,0
712,2.0,2.0,0.0,350,0.920535294117647,0,0,1,0
713,4.0,4.0,0.0,131,0.9204235294117648,0,1,0,0
714,0.0,0.0,0.0,350,0.9203117647058824,0,0,1,0
715,3.0,3.0,0.0,78,0.9202,0,1,0,0
716,2.0,2.0,0.0,312,0.9200882352941177,0,1,0,0
717,4.0,4.0,0.0,258,0.9199764705882353,0,1,0,0
718,3.0,3.0,0.0,137,0.9198647058823529,0,1,0,0
719,2.0,2.0,0.0,350,0.9197529411764706,0,0,1,0
720,2.0,2.0,0.0,103,0.9196411764705883,0,1,0,0
721,4.0,4.0,0.0,136,0.9195294117647059,0,1,0,0
722,2.0,2.0,0.0,120,0.9194176470588236,0,1,0,0
723,4.0,4.0,0.0,318,0.9193058823529412,0,1,0,0
724,4.0,4.0,0.0,101,0.9191941176470588,0,1,0,0
725,2.0,2.0,0.0,101,0.9190823529411765,0,1,0,0
726,4.0,4.0,0.0,350,0.9189705882352941,0,0,1,0
727,0.0,0.0,0.0,350,0.9188588235294117,0,0,1,0
728,2.0,2.0,0.0,286,0.9187470588235294,0,1,0,0
729,4.0,4.0,0.0,221,0.9186352941176471,0,1,0,0
730,4.0,4.0,0.0,336,0.9185235294117647,0,1,0,0
731,4.0,4.0,0.0,62,0.9184117647058824,0,1,0,0
732,2.0,2.0,0.0,173,0.9183,0,1,0,0
733,2.0,2.0,0.0,267,0.9181882352941176,0,1,0,0
734,2.0,2.0,0.0,250,0.9180764705882353,0,1,0,0
735,4.0,4.0,0.0,106,0.9179647058823529,0,1,0,0
736,2.0,2.0,0.0,350,0.9178529411764706,0,0,1,0
737,3.0,3.0,0.0,195,0.9177411764705883,0,1,0,0
738,2.0,2.0,0.0,194,0.9176294117647059,0,1,0,0
739,0.0,0.0,0.0,350,0.9175176470588235,0,0,1,0
740,4.0,4.0,0.0,259,0.9174058823529412,0,1,0,0
741,4.0,4.0,0.0,116,0.9172941176470588,0,1,0,0
742,4.0,4.0,0.0,142,0.9171823529411764,0,1,0,0
743,4.0,4.0,0.0,206,0.9170705882352941,0,1,0,0
744,4.0,4.0,0.0,155,0.9169588235294117,0,1,0,0
745,4.0,4.0,0.0,350,0.9168470588235295,0,0,1,0
746,4.0,4.0,0.0,263,0.9167352941176471,0,1,0,0
747,4.0,4.0,0.0,350,0.9166235294117647,0,0,1,0
748,2.0,2.0,0.0,185,0.9165117647058824,0,1,0,0
749,2.0,2.0,0.0,344,0.9164,0,1,0,0
750,0.0,0.0,0.0,350,0.9162882352941176,0,0,1,0
751,4.0,4.0,0.0,134,0.9161764705882353,0,1,0,0
752,4.0,4.0,0.0,177,0.916064705882353,0,1,0,0
753,2.0,2.0,0.0,165,0.9159529411764706,0,1,0,0
754,2.0,2.0,0.0,206,0.9158411764705883,0,1,0,0
755,4.0,4.0,0.0,128,0.9157294117647059,0,1,0,0
756,2.0,2.0,0.0,350,0.9156176470588235,0,0,1,0
757,2.0,2.0,0.0,234,0.9155058823529412,0,1,0,0
758,4.0,4.0,0.0,244,0.9153941176470588,0,1,0,0
759,2.0,2.0,0.0,268,0.9152823529411764,0,1,0,0
760,2.0,2.0,0.0,246,0.9151705882352941,0,1,0,0
761,2.0,2.0,0.0,72,0.9150588235294117,0,1,0,0
762,4.0,4.0,0.0,283,0.9149470588235294,0,1,0,0
763,4.0,4.0,0.0,64,0.9148352941176471,0,1,0,0
764,2.0,2.0,0.0,191,0.9147235294117647,0,1,0,0
765,2.0,2.0,0.0,57,0.9146117647058823,0,1,0,0
766,1.0,1.0,0.0,127,0.9145,0,1,0,0
767,2.0,2.0,0.0,350,0.9143882352941176,0,0,1,0
768,2.0,2.0,0.0,350,0.9142764705882354,0,0,1,0
769,4.0,4.0,0.0,155,0.914164705882353,0,1,0,0
770,2.0,2.0,0.0,205,0.9140529411764706,0,1,0,0
771,2.0,2.0,0.0,226,0.9139411764705883,0,1,0,0
772,3.0,3.0,0.0,164,0.9138294117647059,0,1,0,0
773,2.0,2.0,0.0,35,0.9137176470588235,0,1,0,0
774,2.0,2.0,0.0,134,0.9136058823529412,0,1,0,0
775,4.0,4.0,0.0,212,0.9134941176470588,0,1,0,0
776,1.0,1.0,0.0,201,0.9133823529411764,0,1,0,0
777,2.0,2.0,0.0,210,0.9132705882352942,0,1,0,0
778,2.0,2.0,0.0,200,0.9131588235294118,0,1,0,0
779,4.0,4.0,0.0,113,0.9130470588235294,0,1,0,0
780,4.0,4.0,0.0,105,0.9129352941176471,0,1,0,0
781,4.0,4.0,0.0,256,0.9128235294117647,0,1,0,0
782,2.0,2.0,0.0,350,0.9127117647058823,0,0,1,0
783,4.0,4.0,0.0,172,0.9126,0,1,0,0
784,3.0,3.0,0.0,136,0.9124882352941177,0,1,0,0
785,0.0,0.0,0.0,350,0.9123764705882353,0,0,1,0
786,3.0,3.0,0.0,144,0.912264705882353,0,1,0,0
787,4.0,4.0,0.0,209,0.9121529411764706,0,1,0,0
788,2.0,2.0,0.0,350,0.9120411764705882,0,0,1,0
789,1.0,1.0,0.0,114,0.9119294117647059,0,1,0,0
790,4.0,4.0,0.0,279,0.9118176470588235,0,1,0,0
791,2.0,2.0,0.0,350,0.9117058823529411,0,0,1,0
792,2.0,2.0,0.0,316,0.9115941176470588,0,1,0,0
793,4.0,4.0,0.0,277,0.9114823529411765,0,1,0,0
794,4.0,4.0,0.0,225,0.9113705882352942,0,1,0,0
795,4.0,4.0,0.0,284,0.9112588235294118,0,1,0,0
796,2.0,2.0,0.0,350,0.9111470588235294,0,0,1,0
797,4.0,4.0,0.0,171,0.911035294117647,0,1,0,0
798,2.0,2.0,0.0,244,0.9109235294117647,0,1,0,0
799,2.0,2.0,0.0,228,0.9108117647058823,0,1,0,0
800,2.0,2.0,0.0,254,0.9107000000000001,0,1,0,0
801,0.0,0.0,0.0,350,0.9105882352941177,0,0,1,0
802,4.0,4.0,0.0,196,0.9104764705882353,0,1,0,0
803,4.0,4.0,0.0,213,0.910364705882353,0,1,0,0
804,2.0,2.0,0.0,137,0.9102529411764706,0,1,0,0
805,4.0,4.0,0.0,128,0.9101411764705882,0,1,0,0
806,4.0,4.0,0.0,234,0.9100294117647059,0,1,0,0
807,4.0,4.0,0.0,150,0.9099176470588235,0,1,0,0
808,3.0,3.0,0.0,146,0.9098058823529411,0,1,0,0
809,4.0,4.0,0.0,345,0.9096941176470589,0,1,0,0
810,5.0,5.0,0.0,220,0.9095823529411765,1,0,0,0
811,2.0,2.0,0.0,154,0.9094705882352941,0,1,0,0
812,4.0,4.0,0.0,169,0.9093588235294118,0,1,0,0
813,4.0,4.0,0.0,193,0.9092470588235294,0,1,0,0
814,4.0,4.0,0.0,145,0.909135294117647,0,1,0,0
815,2.0,2.0,0.0,350,0.9090235294117647,0,0,1,0
816,2.0,2.0,0.0,110,0.9089117647058823,0,1,0,0
817,4.0,4.0,0.0,141,0.9088,0,1,0,0
818,4.0,4.0,0.0,337,0.9086882352941177,0,1,0,0
819,4.0,4.0,0.0,136,0.9085764705882353,0,1,0,0
820,4.0,4.0,0.0,304,0.908464705882353,0,1,0,0
821,2.0,2.0,0.0,158,0.9083529411764706,0,1,0,0
822,4.0,4.0,0.0,328,0.9082411764705882,0,1,0,0
823,2.0,2.0,0.0,167,0.9081294117647059,0,1,0,0
824,4.0,4.0,0.0,137,0.9080176470588235,0,1,0,0
825,4.0,4.0,0.0,209,0.9079058823529411,0,1,0,0
826,2.0,2.0,0.0,350,0.9077941176470589,0,0,1,0
827,4.0,4.0,0.0,100,0.9076823529411765,0,1,0,0
828,2.0,2.0,0.0,90,0.9075705882352941,0,1,0,0
829,2.0,2.0,0.0,350,0.9074588235294118,0,0,1,0
830,2.0,2.0,0.0,350,0.9073470588235294,0,0,1,0
831,4.0,4.0,0.0,121,0.907235294117647,0,1,0,0
832,4.0,4.0,0.0,350,0.9071235294117647,0,0,1,0
833,4.0,4.0,0.0,350,0.9070117647058824,0,0,1,0
834,1.0,1.0,0.0,145,0.9069,0,1,0,0
835,4.0,4.0,0.0,225,0.9067882352941177,0,1,0,0
836,2.0,2.0,0.0,249,0.9066764705882353,0,1,0,0
837,4.0,4.0,0.0,330,0.9065647058823529,0,1,0,0
838,4.0,4.0,0.0,142,0.9064529411764706,0,1,0,0
839,2.0,2.0,0.0,350,0.9063411764705882,0,0,1,0
840,4.0,4.0,0.0,169,0.9062294117647058,0,1,0,0
841,4.0,4.0,0.0,137,0.9061176470588236,0,1,0,0
842,4.0,4.0,0.0,232,0.9060058823529412,0,1,0,0
843,4.0,4.0,0.0,280,0.9058941176470588,0,1,0,0
844,2.0,2.0,0.0,350,0.9057823529411765,0,0,1,0
845,4.0,4.0,0.0,159,0.9056705882352941,0,1,0,0
846,4.0,4.0,0.0,175,0.9055588235294117,0,1,0,0
847,4.0,4.0,0.0,199,0.9054470588235294,0,1,0,0
848,4.0,4.0,0.0,231,0.9053352941176471,0,1,0,0
849,0.0,0.0,0.0,350,0.9052235294117648,0,0,1,0
850,2.0,2.0,0.0,160,0.9051117647058824,0,1,0,0
851,3.0,3.0,0.0,342,0.905,0,1,0,0
852,4.0,4.0,0.0,200,0.9048882352941177,0,1,0,0
853,2.0,2.0,0.0,73,0.9047764705882353,0,1,0,0
854,4.0,4.0,0.0,147,0.9046647058823529,0,1,0,0
855,4.0,4.0,0.0,294,0.9045529411764706,0,1,0,0
856,4.0,4.0,0.0,221,0.9044411764705882,0,1,0,0
857,3.0,3.0,0.0,84,0.9043294117647059,0,1,0,0
858,4.0,4.0,0.0,167,0.9042176470588236,0,1,0,0
859,2.0,2.0,0.0,75,0.9041058823529412,0,1,0,0
860,2.0,2.0,0.0,168,0.9039941176470588,0,1,0,0
861,4.0,4.0,0.0,157,0.9038823529411765,0,1,0,0
862,2.0,2.0,0.0,130,0.9037705882352941,0,1,0,0
863,2.0,2.0,0.0,344,0.9036588235294117,0,1,0,0
864,4.0,4.0,0.0,350,0.9035470588235294,0,0,1,0
865,0.0,0.0,0.0,350,0.9034352941176471,0,0,1,0
866,4.0,4.0,0.0,212,0.9033235294117647,0,1,0,0
867,4.0,4.0,0.0,293,0.9032117647058824,0,1,0,0
868,5.0,5.0,0.0,327,0.9031,1,0,0,0
869,4.0,4.0,0.0,256,0.9029882352941176,0,1,0,0
870,2.0,2.0,0.0,350,0.9028764705882353,0,0,1,0
871,2.0,2.0,0.0,350,0.9027647058823529,0,0,1,0
872,2.0,2.0,0.0,350,0.9026529411764705,0,0,1,0
873,2.0,2.0,0.0,260,0.9025411764705882,0,1,0,0
874,5.0,5.0,0.0,182,0.9024294117647059,1,0,0,0
875,4.0,4.0,0.0,245,0.9023176470588236,0,1,0,0
876,4.0,4.0,0.0,83,0.9022058823529412,0,1,0,0
877,4.0,4.0,0.0,221,0.9020941176470588,0,1,0,0
878,2.0,2.0,0.0,159,0.9019823529411765,0,1,0,0
879,2.0,2.0,0.0,350,0.9018705882352941,0,0,1,0
880,4.0,4.0,0.0,350,0.9017588235294117,0,0,1,0
881,4.0,4.0,0.0,275,0.9016470588235295,0,1,0,0
882,1.0,1.0,0.0,138,0.9015352941176471,0,1,0,0
883,2.0,2.0,0.0,220,0.9014235294117647,0,1,0,0
884,4.0,4.0,0.0,179,0.9013117647058824,0,1,0,0
885,4.0,4.0,0.0,100,0.9012,0,1,0,0
886,2.0,2.0,0.0,164,0.9010882352941176,0,1,0,0
887,4.0,4.0,0.0,153,0.9009764705882353,0,1,0,0
888,4.0,4.0,0.0,153,0.9008647058823529,0,1,0,0
889,2.0,2.0,0.0,109,0.9007529411764705,0,1,0,0
890,4.0,4.0,0.0,130,0.9006411764705883,0,1,0,0
891,4.0,4.0,0.0,131,0.9005294117647059,0,1,0,0
892,4.0,4.0,0.0,229,0.9004176470588235,0,1,0,0
893,2.0,2.0,0.0,178,0.9003058823529412,0,1,0,0
894,5.0,5.0,0.0,147,0.9001941176470588,1,0,0,0
895,2.0,2.0,0.0,350,0.9000823529411764,0,0,1,0
896,2.0,2.0,0.0,90,0.8999705882352941,0,1,0,0
897,2.0,2.0,0.0,184,0.8998588235294118,0,1,0,0
898,5.0,5.0,0.0,84,0.8997470588235295,1,0,0,0
899,4.0,4.0,0.0,133,0.8996352941176471,0,1,0,0
900,4.0,4.0,0.0,98,0.8995235294117647,0,1,0,0
901,2.0,2.0,0.0,292,0.8994117647058824,0,1,0,0
902,4.0,4.0,0.0,255,0.8993,0,1,0,0
903,4.0,4.0,0.0,161,0.8991882352941176,0,1,0,0
904,2.0,2.0,0.0,154,0.8990764705882353,0,1,0,0
905,2.0,2.0,0.0,152,0.8989647058823529,0,1,0,0
906,4.0,4.0,0.0,95,0.8988529411764706,0,1,0,0
907,2.0,2.0,0.0,226,0.8987411764705883,0,1,0,0
908,4.0,4.0,0.0,255,0.8986294117647059,0,1,0,0
909,1.0,1.0,0.0,189,0.8985176470588235,0,1,0,0
910,2.0,2.0,0.0,174,0.8984058823529412,0,1,0,0
911,4.0,4.0,0.0,153,0.8982941176470588,0,1,0,0
912,4.0,4.0,0.0,311,0.8981823529411764,0,1,0,0
913,4.0,4.0,0.0,215,0.8980705882352942,0,1,0,0
914,1.0,1.0,0.0,161,0.8979588235294118,0,1,0,0
915,4.0,4.0,0.0,264,0.8978470588235294,0,1,0,0
916,2.0,2.0,0.0,137,0.8977352941176471,0,1,0,0
917,4.0,4.0,0.0,257,0.8976235294117647,0,1,0,0
918,4.0,4.0,0.0,283,0.8975117647058823,0,1,0,0
919,4.0,4.0,0.0,173,0.8974,0,1,0,0
920,2.0,2.0,0.0,154,0.8972882352941176,0,1,0,0
921,4.0,4.0,0.0,173,0.8971764705882352,0,1,0,0
922,2.0,2.0,0.0,154,0.897064705882353,0,1,0,0
923,5.0,5.0,0.0,250,0.8969529411764706,1,0,0,0
924,4.0,4.0,0.0,116,0.8968411764705883,0,1,0,0
925,4.0,4.0,0.0,48,0.8967294117647059,0,1,0,0
926,2.0,2.0,0.0,192,0.8966176470588235,0,1,0,0
927,3.0,3.0,0.0,163,0.8965058823529412,0,1,0,0
928,0.0,0.0,0.0,350,0.8963941176470588,0,0,1,0
929,2.0,2.0,0.0,201,0.8962823529411765,0,1,0,0
930,4.0,4.0,0.0,62,0.8961705882352942,0,1,0,0
931,2.0,2.0,0.0,350,0.8960588235294118,0,0,1,0
932,1.0,1.0,0.0,151,0.8959470588235294,0,1,0,0
933,4.0,4.0,0.0,296,0.8958352941176471,0,1,0,0
934,4.0,4.0,0.0,149,0.8957235294117647,0,1,0,0
935,4.0,4.0,0.0,258,0.8956117647058823,0,1,0,0
936,2.0,2.0,0.0,270,0.8955,0,1,0,0
937,4.0,4.0,0.0,186,0.8953882352941176,0,1,0,0
938,2.0,2.0,0.0,205,0.8952764705882353,0,1,0,0
939,4.0,4.0,0.0,195,0.895164705882353,0,1,0,0
940,4.0,4.0,0.0,74,0.8950529411764706,0,1,0,0
941,1.0,1.0,0.0,81,0.8949411764705882,0,1,0,0
942,4.0,4.0,0.0,171,0.8948294117647059,0,1,0,0
943,4.0,4.0,0.0,277,0.8947176470588235,0,1,0,0
944,4.0,4.0,0.0,204,0.8946058823529411,0,1,0,0
945,2.0,2.0,0.0,174,0.8944941176470589,0,1,0,0
946,2.0,2.0,0.0,155,0.8943823529411765,0,1,0,0
947,5.0,5.0,0.0,232,0.8942705882352942,1,0,0,0
948,2.0,2.0,0.0,131,0.8941588235294118,0,1,0,0
949,3.0,3.0,0.0,172,0.8940470588235294,0,1,0,0
950,1.0,1.0,0.0,113,0.893935294117647,0,1,0,0
951,4.0,4.0,0.0,205,0.8938235294117647,0,1,0,0
952,2.0,2.0,0.0,209,0.8937117647058823,0,1,0,0
953,2.0,2.0,0.0,169,0.8936,0,1,0,0
954,1.0,1.0,0.0,123,0.8934882352941177,0,1,0,0
955,0.0,0.0,0.0,350,0.8933764705882353,0,0,1,0
956,1.0,1.0,0.0,350,0.893264705882353,0,0,1,0
957,4.0,4.0,0.0,169,0.8931529411764706,0,1,0,0
958,3.0,3.0,0.0,166,0.8930411764705882,0,1,0,0
959,4.0,4.0,0.0,196,0.8929294117647059,0,1,0,0
960,2.0,2.0,0.0,149,0.8928176470588235,0,1,0,0
961,4.0,4.0,0.0,202,0.8927058823529412,0,1,0,0
962,5.0,5.0,0.0,139,0.8925941176470589,1,0,0,0
963,4.0,4.0,0.0,110,0.8924823529411765,0,1,0,0
964,2.0,2.0,0.0,238,0.8923705882352941,0,1,0,0
965,4.0,4.0,0.0,144,0.8922588235294118,0,1,0,0
966,4.0,4.0,0.0,348,0.8921470588235294,0,1,0,0
967,3.0,3.0,0.0,127,0.892035294117647,0,1,0,0
968,1.0,1.0,0.0,125,0.8919235294117647,0,1,0,0
969,2.0,2.0,0.0,226,0.8918117647058823,0,1,0,0
970,0.0,0.0,0.0,350,0.8917,0,0,1,0
971,4.0,4.0,0.0,187,0.8915882352941177,0,1,0,0
972,4.0,4.0,0.0,158,0.8914764705882353,0,1,0,0
973,4.0,4.0,0.0,240,0.891364705882353,0,1,0,0
974,2.0,2.0,0.0,350,0.8912529411764706,0,0,1,0
975,4.0,4.0,0.0,162,0.8911411764705882,0,1,0,0
976,4.0,4.0,0.0,215,0.8910294117647058,0,1,0,0
977,4.0,4.0,0.0,305,0.8909176470588236,0,1,0,0
978,4.0,4.0,0.0,77,0.8908058823529412,0,1,0,0
979,4.0,4.0,0.0,170,0.8906941176470589,0,1,0,0
980,4.0,4.0,0.0,93,0.8905823529411765,0,1,0,0
981,2.0,2.0,0.0,161,0.8904705882352941,0,1,0,0
982,2.0,2.0,0.0,191,0.8903588235294118,0,1,0,0
983,4.0,4.0,0.0,167,0.8902470588235294,0,1,0,0
984,2.0,2.0,0.0,309,0.890135294117647,0,1,0,0
985,2.0,2.0,0.0,305,0.8900235294117647,0,1,0,0
986,4.0,4.0,0.0,246,0.8899117647058824,0,1,0,0
987,2.0,2.0,0.0,261,0.8898,0,1,0,0
988,2.0,2.0,0.0,94,0.8896882352941177,0,1,0,0
989,4.0,4.0,0.0,230,0.8895764705882353,0,1,0,0
990,2.0,2.0,0.0,234,0.8894647058823529,0,1,0,0
991,2.0,2.0,0.0,350,0.8893529411764706,0,0,1,0
992,4.0,4.0,0.0,153,0.8892411764705882,0,1,0,0
993,4.0,4.0,0.0,219,0.889129411764706,0,1,0,0
994,4.0,4.0,0.0,73,0.8890176470588236,0,1,0,0
995,4.0,4.0,0.0,283,0.8889058823529412,0,1,0,0
996,4.0,4.0,0.0,309,0.8887941176470588,0,1,0,0
997,4.0,4.0,0.0,269,0.8886823529411765,0,1,0,0
998,4.0,4.0,0.0,139,0.8885705882352941,0,1,0,0
999,2.0,2.0,0.0,164,0.8884588235294117,0,1,0,0
1000,4.0,4.0,0.0,350,0.8883470588235294,0,0,1,0
1001,4.0,4.0,0.0,350,0.888235294117647,0,0,1,0
1002,1.0,1.0,0.0,131,0.8881235294117648,0,1,0,0
1003,2.0,2.0,0.0,208,0.8880117647058824,0,1,0,0
1004,2.0,2.0,0.0,201,0.8879,0,1,0,0
1005,2.0,2.0,0.0,184,0.8877882352941177,0,1,0,0
1006,1.0,1.0,0.0,350,0.8876764705882353,0,0,1,0
1007,1.0,1.0,0.0,77,0.8875647058823529,0,1,0,0
1008,4.0,4.0,0.0,259,0.8874529411764706,0,1,0,0
1009,0.0,0.0,0.0,350,0.8873411764705883,0,0,1,0
1010,4.0,4.0,0.0,119,0.8872294117647059,0,1,0,0
1011,5.0,5.0,0.0,136,0.8871176470588236,1,0,0,0
1012,4.0,4.0,0.0,243,0.8870058823529412,0,1,0,0
1013,2.0,2.0,0.0,129,0.8868941176470588,0,1,0,0
1014,4.0,4.0,0.0,99,0.8867823529411765,0,1,0,0
1015,4.0,4.0,0.0,100,0.8866705882352941,0,1,0,0
1016,2.0,2.0,0.0,158,0.8865588235294117,0,1,0,0
1017,4.0,4.0,0.0,291,0.8864470588235294,0,1,0,0
1018,1.0,1.0,0.0,90,0.8863352941176471,0,1,0,0
1019,4.0,4.0,0.0,325,0.8862235294117647,0,1,0,0
1020,4.0,4.0,0.0,113,0.8861117647058824,0,1,0,0
1021,2.0,2.0,0.0,144,0.886,0,1,0,0
1022,2.0,2.0,0.0,241,0.8858882352941176,0,1,0,0
1023,4.0,4.0,0.0,223,0.8857764705882353,0,1,0,0
1024,4.0,4.0,0.0,279,0.8856647058823529,0,1,0,0
1025,4.0,4.0,0.0,350,0.8855529411764705,0,0,1,0
1026,1.0,1.0,0.0,144,0.8854411764705883,0,1,0,0
1027,2.0,2.0,0.0,350,0.8853294117647059,0,0,1,0
1028,4.0,4.0,0.0,119,0.8852176470588236,0,1,0,0
1029,2.0,2.0,0.0,350,0.8851058823529412,0,0,1,0
1030,2.0,2.0,0.0,102,0.8849941176470588,0,1,0,0
1031,4.0,4.0,0.0,167,0.8848823529411765,0,1,0,0
1032,4.0,4.0,0.0,81,0.8847705882352941,0,1,0,0
1033,2.0,2.0,0.0,251,0.8846588235294117,0,1,0,0
1034,2.0,2.0,0.0,186,0.8845470588235294,0,1,0,0
1035,2.0,2.0,0.0,211,0.8844352941176471,0,1,0,0
1036,2.0,2.0,0.0,148,0.8843235294117647,0,1,0,0
1037,2.0,2.0,0.0,220,0.8842117647058824,0,1,0,0
1038,4.0,4.0,0.0,199,0.8841,0,1,0,0
1039,4.0,4.0,0.0,143,0.8839882352941176,0,1,0,0
1040,5.0,5.0,0.0,184,0.8838764705882353,1,0,0,0
1041,3.0,3.0,0.0,74,0.8837647058823529,0,1,0,0
1042,2.0,2.0,0.0,105,0.8836529411764706,0,1,0,0
1043,1.0,1.0,0.0,114,0.8835411764705883,0,1,0,0
1044,4.0,4.0,0.0,89,0.8834294117647059,0,1,0,0
1045,4.0,4.0,0.0,107,0.8833176470588235,0,1,0,0
1046,4.0,4.0,0.0,288,0.8832058823529412,0,1,0,0
1047,4.0,4.0,0.0,129,0.8830941176470588,0,1,0,0
1048,4.0,4.0,0.0,170,0.8829823529411764,0,1,0,0
1049,4.0,4.0,0.0,211,0.8828705882352941,0,1,0,0
1050,4.0,4.0,0.0,288,0.8827588235294117,0,1,0,0
1051,4.0,4.0,0.0,139,0.8826470588235295,0,1,0,0
1052,4.0,4.0,0.0,297,0.8825352941176471,0,1,0,0
1053,4.0,4.0,0.0,330,0.8824235294117647,0,1,0,0
1054,4.0,4.0,0.0,143,0.8823117647058824,0,1,0,0
1055,4.0,4.0,0.0,90,0.8822,0,1,0,0
1056,4.0,4.0,0.0,129,0.8820882352941176,0,1,0,0
1057,2.0,2.0,0.0,295,0.8819764705882354,0,1,0,0
1058,4.0,4.0,0.0,205,0.881864705882353,0,1,0,0
1059,4.0,4.0,0.0,313,0.8817529411764706,0,1,0,0
1060,4.0,4.0,0.0,245,0.8816411764705883,0,1,0,0
1061,2.0,2.0,0.0,186,0.8815294117647059,0,1,0,0
1062,4.0,4.0,0.0,325,0.8814176470588235,0,1,0,0
1063,2.0,2.0,0.0,105,0.8813058823529412,0,1,0,0
1064,2.0,2.0,0.0,350,0.8811941176470588,0,0,1,0
1065,4.0,4.0,0.0,149,0.8810823529411764,0,1,0,0
1066,4.0,4.0,0.0,321,0.8809705882352941,0,1,0,0
1067,2.0,2.0,0.0,350,0.8808588235294118,0,0,1,0
1068,2.0,2.0,0.0,85,0.8807470588235294,0,1,0,0
1069,4.0,4.0,0.0,224,0.8806352941176471,0,1,0,0
1070,2.0,2.0,0.0,304,0.8805235294117647,0,1,0,0
1071,3.0,3.0,0.0,141,0.8804117647058823,0,1,0,0
1072,4.0,4.0,0.0,206,0.8803,0,1,0,0
1073,2.0,2.0,0.0,173,0.8801882352941177,0,1,0,0
1074,4.0,4.0,0.0,322,0.8800764705882353,0,1,0,0
1075,2.0,2.0,0.0,259,0.879964705882353,0,1,0,0
1076,4.0,4.0,0.0,107,0.8798529411764706,0,1,0,0
1077,2.0,2.0,0.0,221,0.8797411764705882,0,1,0,0
1078,4.0,4.0,0.0,98,0.8796294117647059,0,1,0,0
1079,2.0,2.0,0.0,121,0.8795176470588235,0,1,0,0
1080,4.0,4.0,0.0,57,0.8794058823529411,0,1,0,0
1081,2.0,2.0,0.0,129,0.8792941176470588,0,1,0,0
1082,3.0,3.0,0.0,112,0.8791823529411764,0,1,0,0
1083,1.0,1.0,0.0,177,0.8790705882352942,0,1,0,0
1084,2.0,2.0,0.0,226,0.8789588235294118,0,1,0,0
1085,2.0,2.0,0.0,175,0.8788470588235294,0,1,0,0
1086,4.0,4.0,0.0,143,0.8787352941176471,0,1,0,0
1087,2.0,2.0,0.0,85,0.8786235294117647,0,1,0,0
1088,4.0,4.0,0.0,130,0.8785117647058823,0,1,0,0
1089,4.0,4.0,0.0,124,0.8784,0,1,0,0
1090,2.0,2.0,0.0,237,0.8782882352941177,0,1,0,0
1091,1.0,1.0,0.0,65,0.8781764705882353,0,1,0,0
1092,4.0,4.0,0.0,127,0.878064705882353,0,1,0,0
1093,4.0,4.0,0.0,253,0.8779529411764706,0,1,0,0
1094,4.0,4.0,0.0,121,0.8778411764705882,0,1,0,0
1095,2.0,2.0,0.0,64,0.8777294117647059,0,1,0,0
1096,2.0,2.0,0.0,294,0.8776176470588235,0,1,0,0
1097,4.0,4.0,0.0,128,0.8775058823529411,0,1,0,0
1098,4.0,4.0,0.0,105,0.8773941176470589,0,1,0,0
1099,2.0,2.0,0.0,244,0.8772823529411765,0,1,0,0
1100,5.0,5.0,0.0,184,0.8771705882352941,1,0,0,0
1101,4.0,4.0,0.0,132,0.8770588235294118,0,1,0,0
1102,4.0,4.0,0.0,203,0.8769470588235294,0,1,0,0
1103,2.0,2.0,0.0,277,0.876835294117647,0,1,0,0
1104,1.0,1.0,0.0,168,0.8767235294117647,0,1,0,0
1105,2.0,2.0,0.0,350,0.8766117647058823,0,0,1,0
1106,4.0,4.0,0.0,170,0.8765000000000001,0,1,0,0
1107,4.0,4.0,0.0,204,0.8763882352941177,0,1,0,0
1108,4.0,4.0,0.0,229,0.8762764705882353,0,1,0,0
1109,5.0,5.0,0.0,90,0.876164705882353,1,0,0,0
1110,4.0,4.0,0.0,107,0.8760529411764706,0,1,0,0
1111,2.0,2.0,0.0,133,0.8759411764705882,0,1,0,0
1112,4.0,4.0,0.0,167,0.8758294117647059,0,1,0,0
1113,2.0,2.0,0.0,91,0.8757176470588235,0,1,0,0
1114,4.0,4.0,0.0,219,0.8756058823529412,0,1,0,0
1115,4.0,4.0,0.0,131,0.8754941176470589,0,1,0,0
1116,1.0,1.0,0.0,57,0.8753823529411765,0,1,0,0
1117,4.0,4.0,0.0,212,0.8752705882352941,0,1,0,0
1118,5.0,5.0,0.0,232,0.8751588235294118,1,0,0,0
1119,4.0,4.0,0.0,277,0.8750470588235294,0,1,0,0
1120,1.0,1.0,0.0,183,0.874935294117647,0,1,0,0
1121,4.0,4.0,0.0,90,0.8748235294117647,0,1,0,0
1122,4.0,4.0,0.0,144,0.8747117647058824,0,1,0,0
1123,4.0,4.0,0.0,92,0.8746,0,1,0,0
1124,4.0,4.0,0.0,125,0.8744882352941177,0,1,0,0
1125,4.0,4.0,0.0,282,0.8743764705882353,0,1,0,0
1126,4.0,4.0,0.0,96,0.8742647058823529,0,1,0,0
1127,4.0,4.0,0.0,113,0.8741529411764706,0,1,0,0
1128,2.0,2.0,0.0,179,0.8740411764705882,0,1,0,0
1129,2.0,2.0,0.0,252,0.8739294117647058,0,1,0,0
1130,2.0,2.0,0.0,64,0.8738176470588235,0,1,0,0
1131,2.0,2.0,0.0,200,0.8737058823529412,0,1,0,0
1132,4.0,4.0,0.0,146,0.8735941176470589,0,1,0,0
1133,3.0,3.0,0.0,104,0.8734823529411765,0,1,0,0
1134,4.0,4.0,0.0,350,0.8733705882352941,0,0,1,0
1135,4.0,4.0,0.0,227,0.8732588235294118,0,1,0,0
1136,4.0,4.0,0.0,218,0.8731470588235295,0,1,0,0
1137,2.0,2.0,0.0,174,0.873035294117647,0,1,0,0
1138,4.0,4.0,0.0,198,0.8729235294117648,0,1,0,0
1139,4.0,4.0,0.0,150,0.8728117647058824,0,1,0,0
1140,1.0,1.0,0.0,92,0.8727,0,1,0,0
1141,2.0,2.0,0.0,95,0.8725882352941177,0,1,0,0
1142,2.0,2.0,0.0,350,0.8724764705882353,0,0,1,0
1143,4.0,4.0,0.0,162,0.8723647058823529,0,1,0,0
1144,4.0,4.0,0.0,69,0.8722529411764706,0,1,0,0
1145,4.0,4.0,0.0,350,0.8721411764705882,0,0,1,0
1146,4.0,4.0,0.0,123,0.8720294117647058,0,1,0,0
1147,4.0,4.0,0.0,160,0.8719176470588236,0,1,0,0
1148,1.0,1.0,0.0,217,0.8718058823529412,0,1,0,0
1149,1.0,1.0,0.0,65,0.8716941176470588,0,1,0,0
1150,4.0,4.0,0.0,350,0.8715823529411765,0,0,1,0
1151,1.0,1.0,0.0,191,0.8714705882352941,0,1,0,0
1152,4.0,4.0,0.0,239,0.8713588235294117,0,1,0,0
1153,4.0,4.0,0.0,161,0.8712470588235295,0,1,0,0
1154,4.0,4.0,0.0,257,0.8711352941176471,0,1,0,0
1155,4.0,4.0,0.0,115,0.8710235294117648,0,1,0,0
1156,4.0,4.0,0.0,57,0.8709117647058824,0,1,0,0
1157,4.0,4.0,0.0,278,0.8708,0,1,0,0
1158,4.0,4.0,0.0,333,0.8706882352941177,0,1,0,0
1159,5.0,5.0,0.0,82,0.8705764705882353,1,0,0,0
1160,4.0,4.0,0.0,148,0.8704647058823529,0,1,0,0
1161,2.0,2.0,0.0,117,0.8703529411764706,0,1,0,0
1162,4.0,4.0,0.0,153,0.8702411764705882,0,1,0,0
1163,4.0,4.0,0.0,350,0.8701294117647059,0,1,0,0
1164,2.0,2.0,0.0,177,0.8700176470588236,0,1,0,0
1165,2.0,2.0,0.0,247,0.8699058823529412,0,1,0,0
1166,4.0,4.0,0.0,344,0.8697941176470588,0,1,0,0
1167,4.0,4.0,0.0,201,0.8696823529411765,0,1,0,0
1168,4.0,4.0,0.0,180,0.8695705882352941,0,1,0,0
1169,4.0,4.0,0.0,142,0.8694588235294118,0,1,0,0
1170,4.0,4.0,0.0,221,0.8693470588235295,0,1,0,0
1171,4.0,4.0,0.0,99,0.8692352941176471,0,1,0,0
1172,2.0,2.0,0.0,114,0.8691235294117647,0,1,0,0
1173,4.0,4.0,0.0,185,0.8690117647058824,0,1,0,0
1174,2.0,2.0,0.0,334,0.8689,0,1,0,0
1175,4.0,4.0,0.0,118,0.8687882352941176,0,1,0,0
1176,3.0,3.0,0.0,102,0.8686764705882353,0,1,0,0
1177,5.0,5.0,0.0,165,0.8685647058823529,1,0,0,0
1178,5.0,5.0,0.0,147,0.8684529411764705,1,0,0,0
1179,4.0,4.0,0.0,87,0.8683411764705882,0,1,0,0
1180,4.0,4.0,0.0,173,0.8682294117647059,0,1,0,0
1181,4.0,4.0,0.0,252,0.8681176470588235,0,1,0,0
1182,3.0,3.0,0.0,55,0.8680058823529412,0,1,0,0
1183,4.0,4.0,0.0,83,0.8678941176470588,0,1,0,0
1184,4.0,4.0,0.0,276,0.8677823529411764,0,1,0,0
1185,4.0,4.0,0.0,241,0.8676705882352942,0,1,0,0
1186,2.0,2.0,0.0,149,0.8675588235294118,0,1,0,0
1187,5.0,5.0,0.0,127,0.8674470588235295,1,0,0,0
1188,2.0,2.0,0.0,164,0.8673352941176471,0,1,0,0
1189,4.0,4.0,0.0,112,0.8672235294117647,0,1,0,0
1190,4.0,4.0,0.0,280,0.8671117647058824,0,1,0,0
1191,4.0,4.0,0.0,80,0.867,0,1,0,0
1192,4.0,4.0,0.0,254,0.8668882352941176,0,1,0,0
1193,4.0,4.0,0.0,225,0.8667764705882353,0,1,0,0
1194,4.0,4.0,0.0,73,0.8666647058823529,0,1,0,0
1195,4.0,4.0,0.0,83,0.8665529411764705,0,1,0,0
1196,2.0,2.0,0.0,98,0.8664411764705883,0,1,0,0
1197,2.0,2.0,0.0,113,0.8663294117647059,0,1,0,0
1198,4.0,4.0,0.0,80,0.8662176470588235,0,1,0,0
1199,2.0,2.0,0.0,142,0.8661058823529412,0,1,0,0
1200,4.0,4.0,0.0,117,0.8659941176470588,0,1,0,0
1201,2.0,2.0,0.0,264,0.8658823529411765,0,1,0,0
1202,2.0,2.0,0.0,132,0.8657705882352942,0,1,0,0
1203,4.0,4.0,0.0,125,0.8656588235294118,0,1,0,0
1204,5.0,5.0,0.0,184,0.8655470588235294,1,0,0,0
1205,4.0,4.0,0.0,143,0.8654352941176471,0,1,0,0
1206,2.0,2.0,0.0,189,0.8653235294117647,0,1,0,0
1207,2.0,2.0,0.0,127,0.8652117647058823,0,1,0,0
1208,4.0,4.0,0.0,92,0.8651,0,1,0,0
1209,4.0,4.0,0.0,190,0.8649882352941176,0,1,0,0
1210,4.0,4.0,0.0,334,0.8648764705882352,0,1,0,0
1211,4.0,4.0,0.0,141,0.8647647058823529,0,1,0,0
1212,4.0,4.0,0.0,159,0.8646529411764706,0,1,0,0
1213,4.0,4.0,0.0,182,0.8645411764705883,0,1,0,0
1214,4.0,4.0,0.0,170,0.8644294117647059,0,1,0,0
1215,4.0,4.0,0.0,148,0.8643176470588235,0,1,0,0
1216,2.0,2.0,0.0,157,0.8642058823529412,0,1,0,0
1217,4.0,4.0,0.0,257,0.8640941176470588,0,1,0,0
1218,4.0,4.0,0.0,101,0.8639823529411765,0,1,0,0
1219,4.0,4.0,0.0,196,0.8638705882352942,0,1,0,0
1220,2.0,2.0,0.0,151,0.8637588235294118,0,1,0,0
1221,2.0,2.0,0.0,161,0.8636470588235294,0,1,0,0
1222,2.0,2.0,0.0,123,0.8635352941176471,0,1,0,0
1223,2.0,2.0,0.0,121,0.8634235294117647,0,1,0,0
1224,2.0,2.0,0.0,43,0.8633117647058823,0,1,0,0
1225,4.0,4.0,0.0,242,0.8632,0,1,0,0
1226,1.0,1.0,0.0,341,0.8630882352941176,0,1,0,0
1227,1.0,1.0,0.0,95,0.8629764705882352,0,1,0,0
1228,4.0,4.0,0.0,259,0.8628647058823529,0,1,0,0
1229,4.0,4.0,0.0,127,0.8627529411764706,0,1,0,0
1230,2.0,2.0,0.0,155,0.8626411764705882,0,1,0,0
1231,4.0,4.0,0.0,120,0.8625294117647059,0,1,0,0
1232,4.0,4.0,0.0,178,0.8624176470588235,0,1,0,0
1233,3.0,3.0,0.0,66,0.8623058823529411,0,1,0,0
1234,2.0,2.0,0.0,79,0.8621941176470589,0,1,0,0
1235,0.0,0.0,0.0,350,0.8620823529411765,0,0,1,0
1236,4.0,4.0,0.0,323,0.8619705882352942,0,1,0,0
1237,2.0,2.0,0.0,200,0.8618588235294118,0,1,0,0
1238,2.0,2.0,0.0,128,0.8617470588235294,0,1,0,0
1239,4.0,4.0,0.0,176,0.861635294117647,0,1,0,0
1240,4.0,4.0,0.0,66,0.8615235294117647,0,1,0,0
1241,2.0,2.0,0.0,150,0.8614117647058823,0,1,0,0
1242,2.0,2.0,0.0,350,0.8613,0,0,1,0
1243,2.0,2.0,0.0,124,0.8611882352941177,0,1,0,0
1244,2.0,2.0,0.0,272,0.8610764705882353,0,1,0,0
1245,2.0,2.0,0.0,112,0.860964705882353,0,1,0,0
1246,2.0,2.0,0.0,121,0.8608529411764706,0,1,0,0
1247,4.0,4.0,0.0,134,0.8607411764705882,0,1,0,0
1248,3.0,3.0,0.0,255,0.8606294117647059,0,1,0,0
1249,5.0,5.0,0.0,258,0.8605176470588235,1,0,0,0
1250,4.0,4.0,0.0,154,0.8604058823529412,0,1,0,0
1251,4.0,4.0,0.0,86,0.8602941176470589,0,1,0,0
1252,2.0,2.0,0.0,157,0.8601823529411765,0,1,0,0
1253,4.0,4.0,0.0,116,0.8600705882352941,0,1,0,0
1254,2.0,2.0,0.0,63,0.8599588235294118,0,1,0,0
1255,2.0,2.0,0.0,129,0.8598470588235294,0,1,0,0
1256,4.0,4.0,0.0,236,0.859735294117647,0,1,0,0
1257,2.0,2.0,0.0,124,0.8596235294117647,0,1,0,0
1258,4.0,4.0,0.0,121,0.8595117647058823,0,1,0,0
1259,3.0,3.0,0.0,94,0.8594,0,1,0,0
1260,4.0,4.0,0.0,192,0.8592882352941177,0,1,0,0
1261,4.0,4.0,0.0,326,0.8591764705882353,0,1,0,0
1262,2.0,2.0,0.0,77,0.859064705882353,0,1,0,0
1263,4.0,4.0,0.0,130,0.8589529411764706,0,1,0,0
1264,4.0,4.0,0.0,165,0.8588411764705882,0,1,0,0
1265,4.0,4.0,0.0,67,0.8587294117647059,0,1,0,0
1266,2.0,2.0,0.0,350,0.8586176470588235,0,0,1,0
1267,4.0,4.0,0.0,101,0.8585058823529412,0,1,0,0
1268,4.0,4.0,0.0,265,0.8583941176470589,0,1,0,0
1269,1.0,1.0,0.0,183,0.8582823529411765,0,1,0,0
1270,2.0,2.0,0.0,166,0.8581705882352941,0,1,0,0
1271,4.0,4.0,0.0,154,0.8580588235294118,0,1,0,0
1272,4.0,4.0,0.0,149,0.8579470588235294,0,1,0,0
1273,4.0,4.0,0.0,162,0.857835294117647,0,1,0,0
1274,4.0,4.0,0.0,154,0.8577235294117647,0,1,0,0
1275,5.0,5.0,0.0,229,0.8576117647058823,1,0,0,0
1276,4.0,4.0,0.0,170,0.8575,0,1,0,0
1277,4.0,4.0,0.0,100,0.8573882352941177,0,1,0,0
1278,2.0,2.0,0.0,143,0.8572764705882353,0,1,0,0
1279,4.0,4.0,0.0,81,0.8571647058823529,0,1,0,0
1280,4.0,4.0,0.0,156,0.8570529411764706,0,1,0,0
1281,4.0,4.0,0.0,203,0.8569411764705883,0,1,0,0
1282,4.0,4.0,0.0,163,0.8568294117647058,0,1,0,0
1283,4.0,4.0,0.0,202,0.8567176470588236,0,1,0,0
1284,4.0,4.0,0.0,58,0.8566058823529412,0,1,0,0
1285,4.0,4.0,0.0,68,0.8564941176470589,0,1,0,0
1286,4.0,4.0,0.0,141,0.8563823529411765,0,1,0,0
1287,3.0,3.0,0.0,105,0.8562705882352941,0,1,0,0
1288,2.0,2.0,0.0,76,0.8561588235294117,0,1,0,0
1289,4.0,4.0,0.0,273,0.8560470588235294,0,1,0,0
1290,2.0,2.0,0.0,147,0.855935294117647,0,1,0,0
1291,2.0,2.0,0.0,53,0.8558235294117646,0,1,0,0
1292,2.0,2.0,0.0,157,0.8557117647058824,0,1,0,0
1293,4.0,4.0,0.0,130,0.8556,0,1,0,0
1294,4.0,4.0,0.0,61,0.8554882352941177,0,1,0,0
1295,4.0,4.0,0.0,175,0.8553764705882353,0,1,0,0
1296,4.0,4.0,0.0,178,0.8552647058823529,0,1,0,0
1297,2.0,2.0,0.0,126,0.8551529411764707,0,1,0,0
1298,2.0,2.0,0.0,350,0.8550411764705883,0,0,1,0
1299,4.0,4.0,0.0,185,0.8549294117647059,0,1,0,0
1300,4.0,4.0,0.0,120,0.8548176470588236,0,1,0,0
1301,4.0,4.0,0.0,266,0.8547058823529412,0,1,0,0
1302,4.0,4.0,0.0,143,0.8545941176470588,0,1,0,0
1303,4.0,4.0,0.0,197,0.8544823529411765,0,1,0,0
1304,4.0,4.0,0.0,171,0.8543705882352941,0,1,0,0
1305,4.0,4.0,0.0,44,0.8542588235294117,0,1,0,0
1306,4.0,4.0,0.0,207,0.8541470588235294,0,1,0,0
1307,4.0,4.0,0.0,185,0.854035294117647,0,1,0,0
1308,4.0,4.0,0.0,240,0.8539235294117647,0,1,0,0
1309,4.0,4.0,0.0,195,0.8538117647058824,0,1,0,0
1310,4.0,4.0,0.0,310,0.8537,0,1,0,0
1311,4.0,4.0,0.0,229,0.8535882352941176,0,1,0,0
1312,4.0,4.0,0.0,79,0.8534764705882353,0,1,0,0
1313,2.0,2.0,0.0,64,0.8533647058823529,0,1,0,0
1314,2.0,2.0,0.0,133,0.8532529411764707,0,1,0,0
1315,4.0,4.0,0.0,188,0.8531411764705883,0,1,0,0
1316,4.0,4.0,0.0,241,0.8530294117647059,0,1,0,0
1317,2.0,2.0,0.0,343,0.8529176470588236,0,1,0,0
1318,4.0,4.0,0.0,64,0.8528058823529412,0,1,0,0
1319,5.0,5.0,0.0,149,0.8526941176470588,1,0,0,0
1320,5.0,5.0,0.0,274,0.8525823529411765,1,0,0,0
1321,3.0,3.0,0.0,109,0.8524705882352941,0,1,0,0
1322,4.0,4.0,0.0,190,0.8523588235294117,0,1,0,0
1323,4.0,4.0,0.0,182,0.8522470588235294,0,1,0,0
1324,5.0,5.0,0.0,245,0.8521352941176471,1,0,0,0
1325,4.0,4.0,0.0,111,0.8520235294117647,0,1,0,0
1326,4.0,4.0,0.0,116,0.8519117647058824,0,1,0,0
1327,4.0,4.0,0.0,214,0.8518,0,1,0,0
1328,2.0,2.0,0.0,99,0.8516882352941176,0,1,0,0
1329,4.0,4.0,0.0,123,0.8515764705882353,0,1,0,0
1330,4.0,4.0,0.0,108,0.851464705882353,0,1,0,0
1331,2.0,2.0,0.0,89,0.8513529411764706,0,1,0,0
1332,2.0,2.0,0.0,89,0.8512411764705883,0,1,0,0
1333,2.0,2.0,0.0,127,0.8511294117647059,0,1,0,0
1334,4.0,4.0,0.0,95,0.8510176470588235,0,1,0,0
1335,5.0,5.0,0.0,208,0.8509058823529412,1,0,0,0
1336,5.0,5.0,0.0,196,0.8507941176470588,1,0,0,0
1337,4.0,4.0,0.0,199,0.8506823529411764,0,1,0,0
1338,0.0,0.0,0.0,350,0.8505705882352941,0,0,1,0
1339,4.0,4.0,0.0,136,0.8504588235294117,0,1,0,0
1340,4.0,4.0,0.0,111,0.8503470588235293,0,1,0,0
1341,4.0,4.0,0.0,187,0.8502352941176471,0,1,0,0
1342,2.0,2.0,0.0,350,0.8501235294117647,0,0,1,0
1343,4.0,4.0,0.0,148,0.8500117647058824,0,1,0,0
1344,4.0,4.0,0.0,88,0.8499,0,1,0,0
1345,4.0,4.0,0.0,107,0.8497882352941176,0,1,0,0
1346,2.0,2.0,0.0,142,0.8496764705882354,0,1,0,0
1347,4.0,4.0,0.0,189,0.849564705882353,0,1,0,0
1348,4.0,4.0,0.0,143,0.8494529411764706,0,1,0,0
1349,4.0,4.0,0.0,120,0.8493411764705883,0,1,0,0
1350,4.0,4.0,0.0,78,0.8492294117647059,0,1,0,0
1351,4.0,4.0,0.0,114,0.8491176470588235,0,1,0,0
1352,4.0,4.0,0.0,204,0.8490058823529412,0,1,0,0
1353,2.0,2.0,0.0,108,0.8488941176470588,0,1,0,0
1354,4.0,4.0,0.0,244,0.8487823529411764,0,1,0,0
1355,0.0,0.0,0.0,350,0.8486705882352941,0,0,1,0
1356,4.0,4.0,0.0,219,0.8485588235294117,0,1,0,0
1357,4.0,4.0,0.0,166,0.8484470588235294,0,1,0,0
1358,4.0,4.0,0.0,120,0.8483352941176471,0,1,0,0
1359,4.0,4.0,0.0,155,0.8482235294117647,0,1,0,0
1360,4.0,4.0,0.0,216,0.8481117647058823,0,1,0,0
1361,4.0,4.0,0.0,175,0.848,0,1,0,0
1362,2.0,2.0,0.0,225,0.8478882352941177,0,1,0,0
1363,4.0,4.0,0.0,79,0.8477764705882354,0,1,0,0
1364,3.0,3.0,0.0,86,0.847664705882353,0,1,0,0
1365,4.0,4.0,0.0,117,0.8475529411764706,0,1,0,0
1366,4.0,4.0,0.0,123,0.8474411764705883,0,1,0,0
1367,2.0,2.0,0.0,229,0.8473294117647059,0,1,0,0
1368,2.0,2.0,0.0,79,0.8472176470588235,0,1,0,0
1369,4.0,4.0,0.0,126,0.8471058823529412,0,1,0,0
1370,4.0,4.0,0.0,156,0.8469941176470588,0,1,0,0
1371,4.0,4.0,0.0,164,0.8468823529411765,0,1,0,0
1372,4.0,4.0,0.0,183,0.8467705882352942,0,1,0,0
1373,2.0,2.0,0.0,124,0.8466588235294118,0,1,0,0
1374,4.0,4.0,0.0,190,0.8465470588235294,0,1,0,0
1375,4.0,4.0,0.0,133,0.8464352941176471,0,1,0,0
1376,4.0,4.0,0.0,271,0.8463235294117647,0,1,0,0
1377,2.0,2.0,0.0,111,0.8462117647058823,0,1,0,0
1378,4.0,4.0,0.0,219,0.8461,0,1,0,0
1379,4.0,4.0,0.0,221,0.8459882352941177,0,1,0,0
1380,2.0,2.0,0.0,131,0.8458764705882353,0,1,0,0
1381,4.0,4.0,0.0,131,0.845764705882353,0,1,0,0
1382,4.0,4.0,0.0,324,0.8456529411764706,0,1,0,0
1383,4.0,4.0,0.0,224,0.8455411764705882,0,1,0,0
1384,4.0,4.0,0.0,146,0.8454294117647059,0,1,0,0
1385,4.0,4.0,0.0,322,0.8453176470588235,0,1,0,0
1386,4.0,4.0,0.0,200,0.8452058823529411,0,1,0,0
1387,4.0,4.0,0.0,203,0.8450941176470588,0,1,0,0
1388,4.0,4.0,0.0,191,0.8449823529411765,0,1,0,0
1389,5.0,5.0,0.0,106,0.8448705882352942,1,0,0,0
1390,1.0,1.0,0.0,52,0.8447588235294118,0,1,0,0
1391,4.0,4.0,0.0,206,0.8446470588235294,0,1,0,0
1392,2.0,2.0,0.0,145,0.844535294117647,0,1,0,0
1393,4.0,4.0,0.0,112,0.8444235294117647,0,1,0,0
1394,2.0,2.0,0.0,143,0.8443117647058823,0,1,0,0
1395,4.0,4.0,0.0,106,0.8442000000000001,0,1,0,0
1396,4.0,4.0,0.0,267,0.8440882352941177,0,1,0,0
1397,4.0,4.0,0.0,68,0.8439764705882353,0,1,0,0
1398,4.0,4.0,0.0,179,0.843864705882353,0,1,0,0
1399,2.0,2.0,0.0,96,0.8437529411764706,0,1,0,0
1400,4.0,4.0,0.0,87,0.8436411764705882,0,1,0,0
1401,4.0,4.0,0.0,124,0.8435294117647059,0,1,0,0
1402,2.0,2.0,0.0,71,0.8434176470588235,0,1,0,0
1403,1.0,1.0,0.0,111,0.8433058823529411,0,1,0,0
1404,4.0,4.0,0.0,108,0.8431941176470589,0,1,0,0
1405,2.0,2.0,0.0,105,0.8430823529411765,0,1,0,0
1406,2.0,2.0,0.0,97,0.8429705882352941,0,1,0,0
1407,2.0,2.0,0.0,77,0.8428588235294118,0,1,0,0
1408,2.0,2.0,0.0,215,0.8427470588235294,0,1,0,0
1409,4.0,4.0,0.0,214,0.842635294117647,0,1,0,0
1410,5.0,5.0,0.0,223,0.8425235294117647,1,0,0,0
1411,4.0,4.0,0.0,105,0.8424117647058824,0,1,0,0
1412,4.0,4.0,0.0,298,0.8423,0,1,0,0
1413,4.0,4.0,0.0,162,0.8421882352941177,0,1,0,0
1414,4.0,4.0,0.0,236,0.8420764705882353,0,1,0,0
1415,5.0,5.0,0.0,250,0.841964705882353,1,0,0,0
1416,4.0,4.0,0.0,78,0.8418529411764706,0,1,0,0
1417,4.0,4.0,0.0,350,0.8417411764705882,0,0,1,0
1418,2.0,2.0,0.0,68,0.8416294117647058,0,1,0,0
1419,4.0,4.0,0.0,101,0.8415176470588235,0,1,0,0
1420,5.0,5.0,0.0,287,0.8414058823529412,1,0,0,0
1421,5.0,5.0,0.0,262,0.8412941176470589,1,0,0,0
1422,2.0,2.0,0.0,213,0.8411823529411765,0,1,0,0
1423,4.0,4.0,0.0,198,0.8410705882352941,0,1,0,0
1424,4.0,4.0,0.0,191,0.8409588235294118,0,1,0,0
1425,4.0,4.0,0.0,137,0.8408470588235294,0,1,0,0
1426,4.0,4.0,0.0,306,0.8407352941176471,0,1,0,0
1427,4.0,4.0,0.0,155,0.8406235294117648,0,1,0,0
1428,4.0,4.0,0.0,119,0.8405117647058824,0,1,0,0
1429,1.0,1.0,0.0,92,0.8404,0,1,0,0
1430,4.0,4.0,0.0,186,0.8402882352941177,0,1,0,0
1431,4.0,4.0,0.0,222,0.8401764705882353,0,1,0,0
1432,2.0,2.0,0.0,220,0.8400647058823529,0,1,0,0
1433,4.0,4.0,0.0,130,0.8399529411764706,0,1,0,0
1434,2.0,2.0,0.0,146,0.8398411764705882,0,1,0,0
1435,2.0,2.0,0.0,88,0.8397294117647058,0,1,0,0
1436,4.0,4.0,0.0,140,0.8396176470588235,0,1,0,0
1437,4.0,4.0,0.0,199,0.8395058823529412,0,1,0,0
1438,3.0,3.0,0.0,177,0.8393941176470588,0,1,0,0
1439,4.0,4.0,0.0,171,0.8392823529411765,0,1,0,0
1440,4.0,4.0,0.0,149,0.8391705882352941,0,1,0,0
1441,4.0,4.0,0.0,225,0.8390588235294117,0,1,0,0
1442,4.0,4.0,0.0,291,0.8389470588235295,0,1,0,0
1443,4.0,4.0,0.0,193,0.8388352941176471,0,1,0,0
1444,4.0,4.0,0.0,234,0.8387235294117648,0,1,0,0
1445,2.0,2.0,0.0,350,0.8386117647058824,0,0,1,0
1446,2.0,2.0,0.0,350,0.8385,0,0,1,0
1447,4.0,4.0,0.0,135,0.8383882352941177,0,1,0,0
1448,2.0,2.0,0.0,91,0.8382764705882353,0,1,0,0
1449,4.0,4.0,0.0,350,0.8381647058823529,0,0,1,0
1450,2.0,2.0,0.0,104,0.8380529411764706,0,1,0,0
1451,4.0,4.0,0.0,80,0.8379411764705882,0,1,0,0
1452,2.0,2.0,0.0,159,0.8378294117647058,0,1,0,0
1453,4.0,4.0,0.0,209,0.8377176470588236,0,1,0,0
1454,2.0,2.0,0.0,91,0.8376058823529412,0,1,0,0
1455,4.0,4.0,0.0,245,0.8374941176470588,0,1,0,0
1456,4.0,4.0,0.0,83,0.8373823529411765,0,1,0,0
1457,5.0,5.0,0.0,287,0.8372705882352941,1,0,0,0
1458,4.0,4.0,0.0,328,0.8371588235294118,0,1,0,0
1459,4.0,4.0,0.0,119,0.8370470588235295,0,1,0,0
1460,2.0,2.0,0.0,169,0.8369352941176471,0,1,0,0
1461,2.0,2.0,0.0,86,0.8368235294117647,0,1,0,0
1462,2.0,2.0,0.0,86,0.8367117647058824,0,1,0,0
1463,2.0,2.0,0.0,112,0.8366,0,1,0,0
1464,4.0,4.0,0.0,164,0.8364882352941176,0,1,0,0
1465,4.0,4.0,0.0,142,0.8363764705882353,0,1,0,0
1466,2.0,2.0,0.0,190,0.8362647058823529,0,1,0,0
1467,4.0,4.0,0.0,223,0.8361529411764705,0,1,0,0
1468,2.0,2.0,0.0,204,0.8360411764705882,0,1,0,0
1469,1.0,1.0,0.0,110,0.8359294117647059,0,1,0,0
1470,4.0,4.0,0.0,120,0.8358176470588236,0,1,0,0
1471,4.0,4.0,0.0,136,0.8357058823529412,0,1,0,0
1472,4.0,4.0,0.0,223,0.8355941176470588,0,1,0,0
1473,2.0,2.0,0.0,237,0.8354823529411765,0,1,0,0
1474,4.0,4.0,0.0,141,0.8353705882352941,0,1,0,0
1475,4.0,4.0,0.0,67,0.8352588235294118,0,1,0,0
1476,4.0,4.0,0.0,170,0.8351470588235295,0,1,0,0
1477,4.0,4.0,0.0,163,0.8350352941176471,0,1,0,0
1478,4.0,4.0,0.0,58,0.8349235294117647,0,1,0,0
1479,4.0,4.0,0.0,95,0.8348117647058824,0,1,0,0
1480,5.0,5.0,0.0,79,0.8347,1,0,0,0
1481,4.0,4.0,0.0,326,0.8345882352941176,0,1,0,0
1482,5.0,5.0,0.0,95,0.8344764705882353,1,0,0,0
1483,4.0,4.0,0.0,241,0.8343647058823529,0,1,0,0
1484,4.0,4.0,0.0,152,0.8342529411764705,0,1,0,0
1485,4.0,4.0,0.0,184,0.8341411764705883,0,1,0,0
1486,4.0,4.0,0.0,157,0.8340294117647059,0,1,0,0
1487,4.0,4.0,0.0,126,0.8339176470588235,0,1,0,0
1488,5.0,5.0,0.0,129,0.8338058823529412,1,0,0,0
1489,4.0,4.0,0.0,290,0.8336941176470588,0,1,0,0
1490,4.0,4.0,0.0,172,0.8335823529411764,0,1,0,0
1491,4.0,4.0,0.0,199,0.8334705882352942,0,1,0,0
1492,4.0,4.0,0.0,88,0.8333588235294118,0,1,0,0
1493,4.0,4.0,0.0,99,0.8332470588235295,0,1,0,0
1494,4.0,4.0,0.0,161,0.8331352941176471,0,1,0,0
1495,4.0,4.0,0.0,96,0.8330235294117647,0,1,0,0
1496,2.0,2.0,0.0,260,0.8329117647058824,0,1,0,0
1497,4.0,4.0,0.0,104,0.8328,0,1,0,0
1498,4.0,4.0,0.0,106,0.8326882352941176,0,1,0,0
1499,4.0,4.0,0.0,232,0.8325764705882353,0,1,0,0
1500,4.0,4.0,0.0,142,0.8324647058823529,0,1,0,0
1501,4.0,4.0,0.0,223,0.8323529411764705,0,1,0,0
1502,4.0,4.0,0.0,139,0.8322411764705883,0,1,0,0
1503,2.0,2.0,0.0,186,0.8321294117647059,0,1,0,0
1504,4.0,4.0,0.0,86,0.8320176470588235,0,1,0,0
1505,4.0,4.0,0.0,175,0.8319058823529412,0,1,0,0
1506,4.0,4.0,0.0,245,0.8317941176470588,0,1,0,0
1507,4.0,4.0,0.0,146,0.8316823529411765,0,1,0,0
1508,4.0,4.0,0.0,110,0.8315705882352942,0,1,0,0
1509,4.0,4.0,0.0,116,0.8314588235294118,0,1,0,0
1510,4.0,4.0,0.0,135,0.8313470588235294,0,1,0,0
1511,4.0,4.0,0.0,208,0.8312352941176471,0,1,0,0
1512,4.0,4.0,0.0,71,0.8311235294117647,0,1,0,0
1513,4.0,4.0,0.0,146,0.8310117647058823,0,1,0,0
1514,2.0,2.0,0.0,186,0.8309,0,1,0,0
1515,2.0,2.0,0.0,131,0.8307882352941176,0,1,0,0
1516,4.0,4.0,0.0,103,0.8306764705882353,0,1,0,0
1517,4.0,4.0,0.0,140,0.830564705882353,0,1,0,0
1518,2.0,2.0,0.0,350,0.8304529411764706,0,0,1,0
1519,4.0,4.0,0.0,177,0.8303411764705882,0,1,0,0
1520,2.0,2.0,0.0,171,0.8302294117647059,0,1,0,0
1521,4.0,4.0,0.0,164,0.8301176470588235,0,1,0,0
1522,5.0,5.0,0.0,279,0.8300058823529411,1,0,0,0
1523,4.0,4.0,0.0,153,0.8298941176470589,0,1,0,0
1524,4.0,4.0,0.0,230,0.8297823529411765,0,1,0,0
1525,4.0,4.0,0.0,290,0.8296705882352942,0,1,0,0
1526,4.0,4.0,0.0,65,0.8295588235294118,0,1,0,0
1527,4.0,4.0,0.0,197,0.8294470588235294,0,1,0,0
1528,4.0,4.0,0.0,162,0.8293352941176471,0,1,0,0
1529,5.0,5.0,0.0,120,0.8292235294117647,1,0,0,0
1530,2.0,2.0,0.0,107,0.8291117647058823,0,1,0,0
1531,4.0,4.0,0.0,122,0.829,0,1,0,0
1532,4.0,4.0,0.0,156,0.8288882352941177,0,1,0,0
1533,4.0,4.0,0.0,213,0.8287764705882353,0,1,0,0
1534,4.0,4.0,0.0,159,0.828664705882353,0,1,0,0
1535,5.0,5.0,0.0,164,0.8285529411764706,1,0,0,0
1536,2.0,2.0,0.0,160,0.8284411764705882,0,1,0,0
1537,2.0,2.0,0.0,76,0.8283294117647059,0,1,0,0
1538,2.0,2.0,0.0,67,0.8282176470588235,0,1,0,0
1539,2.0,2.0,0.0,194,0.8281058823529411,0,1,0,0
1540,4.0,4.0,0.0,101,0.8279941176470589,0,1,0,0
1541,5.0,5.0,0.0,91,0.8278823529411765,1,0,0,0
1542,4.0,4.0,0.0,134,0.8277705882352941,0,1,0,0
1543,4.0,4.0,0.0,102,0.8276588235294118,0,1,0,0
1544,2.0,2.0,0.0,181,0.8275470588235294,0,1,0,0
1545,4.0,4.0,0.0,221,0.827435294117647,0,1,0,0
1546,4.0,4.0,0.0,128,0.8273235294117647,0,1,0,0
1547,4.0,4.0,0.0,215,0.8272117647058823,0,1,0,0
1548,2.0,2.0,0.0,77,0.8271,0,1,0,0
1549,0.0,0.0,0.0,350,0.8269882352941177,0,0,1,0
1550,4.0,4.0,0.0,119,0.8268764705882353,0,1,0,0
1551,4.0,4.0,0.0,163,0.826764705882353,0,1,0,0
1552,4.0,4.0,0.0,140,0.8266529411764706,0,1,0,0
1553,4.0,4.0,0.0,171,0.8265411764705882,0,1,0,0
1554,5.0,5.0,0.0,199,0.8264294117647059,1,0,0,0
1555,4.0,4.0,0.0,123,0.8263176470588235,0,1,0,0
1556,2.0,2.0,0.0,264,0.8262058823529412,0,1,0,0
1557,4.0,4.0,0.0,104,0.8260941176470589,0,1,0,0
1558,4.0,4.0,0.0,44,0.8259823529411765,0,1,0,0
1559,4.0,4.0,0.0,137,0.8258705882352941,0,1,0,0
1560,2.0,2.0,0.0,134,0.8257588235294118,0,1,0,0
1561,4.0,4.0,0.0,54,0.8256470588235294,0,1,0,0
1562,4.0,4.0,0.0,96,0.825535294117647,0,1,0,0
1563,2.0,2.0,0.0,187,0.8254235294117647,0,1,0,0
1564,4.0,4.0,0.0,99,0.8253117647058823,0,1,0,0
1565,4.0,4.0,0.0,118,0.8252,0,1,0,0
1566,2.0,2.0,0.0,100,0.8250882352941177,0,1,0,0
1567,4.0,4.0,0.0,217,0.8249764705882353,0,1,0,0
1568,4.0,4.0,0.0,153,0.8248647058823529,0,1,0,0
1569,4.0,4.0,0.0,224,0.8247529411764706,0,1,0,0
1570,4.0,4.0,0.0,188,0.8246411764705883,0,1,0,0
1571,2.0,2.0,0.0,215,0.824529411764706,0,1,0,0
1572,4.0,4.0,0.0,79,0.8244176470588236,0,1,0,0
1573,2.0,2.0,0.0,140,0.8243058823529412,0,1,0,0
1574,4.0,4.0,0.0,116,0.8241941176470589,0,1,0,0
1575,4.0,4.0,0.0,189,0.8240823529411765,0,1,0,0
1576,2.0,2.0,0.0,140,0.8239705882352941,0,1,0,0
1577,2.0,2.0,0.0,51,0.8238588235294118,0,1,0,0
1578,4.0,4.0,0.0,177,0.8237470588235294,0,1,0,0
1579,2.0,2.0,0.0,91,0.823635294117647,0,1,0,0
1580,4.0,4.0,0.0,80,0.8235235294117647,0,1,0,0
1581,5.0,5.0,0.0,161,0.8234117647058824,1,0,0,0
1582,4.0,4.0,0.0,75,0.8233,0,1,0,0
1583,4.0,4.0,0.0,109,0.8231882352941177,0,1,0,0
1584,4.0,4.0,0.0,100,0.8230764705882353,0,1,0,0
1585,4.0,4.0,0.0,299,0.8229647058823529,0,1,0,0
1586,4.0,4.0,0.0,84,0.8228529411764706,0,1,0,0
1587,2.0,2.0,0.0,85,0.8227411764705883,0,1,0,0
1588,4.0,4.0,0.0,149,0.8226294117647059,0,1,0,0
1589,2.0,2.0,0.0,120,0.8225176470588236,0,1,0,0
1590,4.0,4.0,0.0,192,0.8224058823529412,0,1,0,0
1591,2.0,2.0,0.0,177,0.8222941176470588,0,1,0,0
1592,2.0,2.0,0.0,154,0.8221823529411765,0,1,0,0
1593,4.0,4.0,0.0,76,0.8220705882352941,0,1,0,0
1594,2.0,2.0,0.0,50,0.8219588235294117,0,1,0,0
1595,2.0,2.0,0.0,145,0.8218470588235294,0,1,0,0
1596,4.0,4.0,0.0,129,0.821735294117647,0,1,0,0
1597,4.0,4.0,0.0,206,0.8216235294117648,0,1,0,0
1598,5.0,5.0,0.0,113,0.8215117647058824,1,0,0,0
1599,4.0,4.0,0.0,120,0.8214,0,1,0,0
1600,2.0,2.0,0.0,49,0.8212882352941177,0,1,0,0
1601,4.0,4.0,0.0,178,0.8211764705882353,0,1,0,0
1602,2.0,2.0,0.0,78,0.8210647058823529,0,1,0,0
1603,2.0,2.0,0.0,137,0.8209529411764707,0,1,0,0
1604,4.0,4.0,0.0,185,0.8208411764705883,0,1,0,0
1605,4.0,4.0,0.0,147,0.8207294117647059,0,1,0,0
1606,4.0,4.0,0.0,59,0.8206176470588236,0,1,0,0
1607,5.0,5.0,0.0,185,0.8205058823529412,1,0,0,0
1608,2.0,2.0,0.0,108,0.8203941176470588,0,1,0,0
1609,2.0,2.0,0.0,116,0.8202823529411765,0,1,0,0
1610,4.0,4.0,0.0,250,0.8201705882352941,0,1,0,0
1611,4.0,4.0,0.0,140,0.8200588235294117,0,1,0,0
1612,4.0,4.0,0.0,239,0.8199470588235294,0,1,0,0
1613,2.0,2.0,0.0,350,0.819835294117647,0,0,1,0
1614,4.0,4.0,0.0,91,0.8197235294117647,0,1,0,0
1615,4.0,4.0,0.0,85,0.8196117647058824,0,1,0,0
1616,4.0,4.0,0.0,90,0.8195,0,1,0,0
1617,4.0,4.0,0.0,154,0.8193882352941176,0,1,0,0
1618,2.0,2.0,0.0,106,0.8192764705882353,0,1,0,0
1619,4.0,4.0,0.0,100,0.819164705882353,0,1,0,0
1620,2.0,2.0,0.0,138,0.8190529411764707,0,1,0,0
1621,4.0,4.0,0.0,162,0.8189411764705883,0,1,0,0
1622,4.0,4.0,0.0,142,0.8188294117647059,0,1,0,0
1623,4.0,4.0,0.0,147,0.8187176470588235,0,1,0,0
1624,4.0,4.0,0.0,137,0.8186058823529412,0,1,0,0
1625,4.0,4.0,0.0,142,0.8184941176470588,0,1,0,0
1626,4.0,4.0,0.0,107,0.8183823529411764,0,1,0,0
1627,5.0,5.0,0.0,167,0.8182705882352941,1,0,0,0
1628,2.0,2.0,0.0,125,0.8181588235294117,0,1,0,0
1629,4.0,4.0,0.0,129,0.8180470588235293,0,1,0,0
1630,4.0,4.0,0.0,195,0.8179352941176471,0,1,0,0
1631,4.0,4.0,0.0,173,0.8178235294117647,0,1,0,0
1632,4.0,4.0,0.0,136,0.8177117647058824,0,1,0,0
1633,5.0,5.0,0.0,178,0.8176,1,0,0,0
1634,4.0,4.0,0.0,153,0.8174882352941176,0,1,0,0
1635,2.0,2.0,0.0,82,0.8173764705882354,0,1,0,0
1636,4.0,4.0,0.0,93,0.817264705882353,0,1,0,0
1637,4.0,4.0,0.0,87,0.8171529411764706,0,1,0,0
1638,4.0,4.0,0.0,83,0.8170411764705883,0,1,0,0
1639,4.0,4.0,0.0,235,0.8169294117647059,0,1,0,0
1640,4.0,4.0,0.0,147,0.8168176470588235,0,1,0,0
1641,4.0,4.0,0.0,185,0.8167058823529412,0,1,0,0
1642,4.0,4.0,0.0,314,0.8165941176470588,0,1,0,0
1643,4.0,4.0,0.0,154,0.8164823529411764,0,1,0,0
1644,4.0,4.0,0.0,120,0.8163705882352941,0,1,0,0
1645,4.0,4.0,0.0,143,0.8162588235294117,0,1,0,0
1646,5.0,5.0,0.0,219,0.8161470588235294,1,0,0,0
1647,4.0,4.0,0.0,102,0.8160352941176471,0,1,0,0
1648,4.0,4.0,0.0,194,0.8159235294117647,0,1,0,0
1649,4.0,4.0,0.0,122,0.8158117647058823,0,1,0,0
1650,4.0,4.0,0.0,99,0.8157,0,1,0,0
1651,4.0,4.0,0.0,165,0.8155882352941176,0,1,0,0
1652,4.0,4.0,0.0,53,0.8154764705882354,0,1,0,0
1653,4.0,4.0,0.0,199,0.815364705882353,0,1,0,0
1654,4.0,4.0,0.0,123,0.8152529411764706,0,1,0,0
1655,4.0,4.0,0.0,100,0.8151411764705883,0,1,0,0
1656,4.0,4.0,0.0,94,0.8150294117647059,0,1,0,0
1657,2.0,2.0,0.0,93,0.8149176470588235,0,1,0,0
1658,3.0,3.0,0.0,57,0.8148058823529412,0,1,0,0
1659,4.0,4.0,0.0,103,0.8146941176470588,0,1,0,0
1660,1.0,1.0,0.0,128,0.8145823529411764,0,1,0,0
1661,4.0,4.0,0.0,176,0.8144705882352942,0,1,0,0
1662,2.0,2.0,0.0,129,0.8143588235294118,0,1,0,0
1663,2.0,2.0,0.0,210,0.8142470588235294,0,1,0,0
1664,2.0,2.0,0.0,95,0.8141352941176471,0,1,0,0
1665,4.0,4.0,0.0,71,0.8140235294117647,0,1,0,0
1666,4.0,4.0,0.0,231,0.8139117647058823,0,1,0,0
1667,4.0,4.0,0.0,107,0.8138,0,1,0,0
1668,4.0,4.0,0.0,105,0.8136882352941177,0,1,0,0
1669,4.0,4.0,0.0,83,0.8135764705882353,0,1,0,0
1670,4.0,4.0,0.0,123,0.813464705882353,0,1,0,0
1671,5.0,5.0,0.0,43,0.8133529411764706,1,0,0,0
1672,4.0,4.0,0.0,168,0.8132411764705882,0,1,0,0
1673,4.0,4.0,0.0,171,0.8131294117647059,0,1,0,0
1674,4.0,4.0,0.0,127,0.8130176470588235,0,1,0,0
1675,4.0,4.0,0.0,162,0.8129058823529411,0,1,0,0
1676,4.0,4.0,0.0,259,0.8127941176470588,0,1,0,0
1677,2.0,2.0,0.0,163,0.8126823529411765,0,1,0,0
1678,4.0,4.0,0.0,115,0.8125705882352942,0,1,0,0
1679,3.0,3.0,0.0,48,0.8124588235294118,0,1,0,0
1680,4.0,4.0,0.0,133,0.8123470588235294,0,1,0,0
1681,5.0,5.0,0.0,75,0.812235294117647,1,0,0,0
1682,4.0,4.0,0.0,141,0.8121235294117647,0,1,0,0
1683,4.0,4.0,0.0,178,0.8120117647058823,0,1,0,0
1684,2.0,2.0,0.0,284,0.8119000000000001,0,1,0,0
1685,4.0,4.0,0.0,140,0.8117882352941177,0,1,0,0
1686,4.0,4.0,0.0,115,0.8116764705882353,0,1,0,0
1687,4.0,4.0,0.0,84,0.811564705882353,0,1,0,0
1688,2.0,2.0,0.0,107,0.8114529411764706,0,1,0,0
1689,2.0,2.0,0.0,61,0.8113411764705882,0,1,0,0
1690,5.0,5.0,0.0,156,0.8112294117647059,1,0,0,0
1691,4.0,4.0,0.0,144,0.8111176470588235,0,1,0,0
1692,4.0,4.0,0.0,103,0.8110058823529411,0,1,0,0
1693,5.0,5.0,0.0,136,0.8108941176470589,1,0,0,0
1694,4.0,4.0,0.0,255,0.8107823529411765,0,1,0,0
1695,2.0,2.0,0.0,160,0.8106705882352941,0,1,0,0
1696,4.0,4.0,0.0,207,0.8105588235294118,0,1,0,0
1697,4.0,4.0,0.0,123,0.8104470588235294,0,1,0,0
1698,4.0,4.0,0.0,103,0.810335294117647,0,1,0,0
1699,4.0,4.0,0.0,86,0.8102235294117648,0,1,0,0
1700,4.0,4.0,0.0,136,0.8101117647058823,0,1,0,0
1701,5.0,5.0,0.0,315,0.81,1,0,0,0
1702,4.0,4.0,0.0,108,0.8098882352941177,0,1,0,0
1703,4.0,4.0,0.0,178,0.8097764705882353,0,1,0,0
1704,2.0,2.0,0.0,101,0.809664705882353,0,1,0,0
1705,4.0,4.0,0.0,85,0.8095529411764706,0,1,0,0
1706,2.0,2.0,0.0,84,0.8094411764705882,0,1,0,0
1707,4.0,4.0,0.0,155,0.8093294117647059,0,1,0,0
1708,4.0,4.0,0.0,100,0.8092176470588235,0,1,0,0
1709,2.0,2.0,0.0,175,0.8091058823529411,0,1,0,0
1710,4.0,4.0,0.0,98,0.8089941176470589,0,1,0,0
1711,4.0,4.0,0.0,182,0.8088823529411765,0,1,0,0
1712,5.0,5.0,0.0,171,0.8087705882352941,1,0,0,0
1713,3.0,3.0,0.0,95,0.8086588235294118,0,1,0,0
1714,4.0,4.0,0.0,125,0.8085470588235294,0,1,0,0
1715,4.0,4.0,0.0,79,0.8084352941176471,0,1,0,0
1716,2.0,2.0,0.0,76,0.8083235294117648,0,1,0,0
1717,4.0,4.0,0.0,112,0.8082117647058824,0,1,0,0
1718,2.0,2.0,0.0,116,0.8081,0,1,0,0
1719,2.0,2.0,0.0,124,0.8079882352941177,0,1,0,0
1720,5.0,5.0,0.0,128,0.8078764705882353,1,0,0,0
1721,4.0,4.0,0.0,136,0.8077647058823529,0,1,0,0
1722,5.0,5.0,0.0,173,0.8076529411764706,1,0,0,0
1723,2.0,2.0,0.0,76,0.8075411764705882,0,1,0,0
1724,2.0,2.0,0.0,78,0.8074294117647058,0,1,0,0
1725,4.0,4.0,0.0,109,0.8073176470588235,0,1,0,0
1726,5.0,5.0,0.0,143,0.8072058823529412,1,0,0,0
1727,2.0,2.0,0.0,167,0.8070941176470589,0,1,0,0
1728,4.0,4.0,0.0,86,0.8069823529411765,0,1,0,0
1729,4.0,4.0,0.0,159,0.8068705882352941,0,1,0,0
1730,2.0,2.0,0.0,109,0.8067588235294118,0,1,0,0
1731,4.0,4.0,0.0,93,0.8066470588235295,0,1,0,0
1732,4.0,4.0,0.0,222,0.8065352941176471,0,1,0,0
1733,4.0,4.0,0.0,180,0.8064235294117648,0,1,0,0
1734,4.0,4.0,0.0,75,0.8063117647058824,0,1,0,0
1735,4.0,4.0,0.0,55,0.8062,0,1,0,0
1736,4.0,4.0,0.0,230,0.8060882352941177,0,1,0,0
1737,4.0,4.0,0.0,89,0.8059764705882353,0,1,0,0
1738,4.0,4.0,0.0,156,0.8058647058823529,0,1,0,0
1739,5.0,5.0,0.0,212,0.8057529411764706,1,0,0,0
1740,4.0,4.0,0.0,142,0.8056411764705882,0,1,0,0
1741,1.0,1.0,0.0,111,0.8055294117647058,0,1,0,0
1742,2.0,2.0,0.0,141,0.8054176470588236,0,1,0,0
1743,4.0,4.0,0.0,224,0.8053058823529412,0,1,0,0
1744,4.0,4.0,0.0,142,0.8051941176470588,0,1,0,0
1745,4.0,4.0,0.0,72,0.8050823529411765,0,1,0,0
1746,4.0,4.0,0.0,216,0.8049705882352941,0,1,0,0
1747,4.0,4.0,0.0,95,0.8048588235294117,0,1,0,0
1748,3.0,3.0,0.0,46,0.8047470588235295,0,1,0,0
1749,2.0,2.0,0.0,141,0.8046352941176471,0,1,0,0
1750,3.0,3.0,0.0,46,0.8045235294117647,0,1,0,0
1751,2.0,2.0,0.0,151,0.8044117647058824,0,1,0,0
1752,2.0,2.0,0.0,112,0.8043,0,1,0,0
1753,2.0,2.0,0.0,233,0.8041882352941176,0,1,0,0
1754,2.0,2.0,0.0,110,0.8040764705882353,0,1,0,0
1755,4.0,4.0,0.0,99,0.8039647058823529,0,1,0,0
1756,4.0,4.0,0.0,98,0.8038529411764705,0,1,0,0
1757,4.0,4.0,0.0,173,0.8037411764705882,0,1,0,0
1758,4.0,4.0,0.0,137,0.8036294117647059,0,1,0,0
1759,2.0,2.0,0.0,104,0.8035176470588236,0,1,0,0
1760,2.0,2.0,0.0,178,0.8034058823529412,0,1,0,0
1761,2.0,2.0,0.0,78,0.8032941176470588,0,1,0,0
1762,2.0,2.0,0.0,74,0.8031823529411765,0,1,0,0
1763,4.0,4.0,0.0,158,0.8030705882352941,0,1,0,0
1764,4.0,4.0,0.0,288,0.8029588235294118,0,1,0,0
1765,4.0,4.0,0.0,184,0.8028470588235295,0,1,0,0
1766,2.0,2.0,0.0,119,0.8027352941176471,0,1,0,0
1767,4.0,4.0,0.0,187,0.8026235294117647,0,1,0,0
1768,4.0,4.0,0.0,143,0.8025117647058824,0,1,0,0
1769,4.0,4.0,0.0,117,0.8024,0,1,0,0
1770,5.0,5.0,0.0,182,0.8022882352941176,1,0,0,0
1771,2.0,2.0,0.0,51,0.8021764705882353,0,1,0,0
1772,4.0,4.0,0.0,105,0.8020647058823529,0,1,0,0
1773,4.0,4.0,0.0,115,0.8019529411764705,0,1,0,0
1774,4.0,4.0,0.0,86,0.8018411764705882,0,1,0,0
1775,4.0,4.0,0.0,116,0.8017294117647059,0,1,0,0
1776,2.0,2.0,0.0,104,0.8016176470588235,0,1,0,0
1777,2.0,2.0,0.0,99,0.8015058823529412,0,1,0,0
1778,1.0,1.0,0.0,114,0.8013941176470588,0,1,0,0
1779,5.0,5.0,0.0,93,0.8012823529411764,1,0,0,0
1780,5.0,5.0,0.0,101,0.8011705882352942,1,0,0,0
1781,2.0,2.0,0.0,163,0.8010588235294118,0,1,0,0
1782,5.0,5.0,0.0,110,0.8009470588235295,1,0,0,0
1783,4.0,4.0,0.0,117,0.8008352941176471,0,1,0,0
1784,4.0,4.0,0.0,232,0.8007235294117647,0,1,0,0
1785,1.0,1.0,0.0,43,0.8006117647058824,0,1,0,0
1786,4.0,4.0,0.0,101,0.8005,0,1,0,0
1787,1.0,1.0,0.0,107,0.8003882352941176,0,1,0,0
1788,4.0,4.0,0.0,211,0.8002764705882353,0,1,0,0
1789,4.0,4.0,0.0,261,0.800164705882353,0,1,0,0
1790,4.0,4.0,0.0,275,0.8000529411764705,0,1,0,0
1791,4.0,4.0,0.0,61,0.7999411764705883,0,1,0,0
1792,2.0,2.0,0.0,208,0.7998294117647059,0,1,0,0
1793,4.0,4.0,0.0,107,0.7997176470588235,0,1,0,0
1794,2.0,2.0,0.0,159,0.7996058823529412,0,1,0,0
1795,4.0,4.0,0.0,117,0.7994941176470588,0,1,0,0
1796,4.0,4.0,0.0,179,0.7993823529411765,0,1,0,0
1797,5.0,5.0,0.0,154,0.7992705882352942,1,0,0,0
1798,2.0,2.0,0.0,147,0.7991588235294118,0,1,0,0
1799,5.0,5.0,0.0,108,0.7990470588235294,1,0,0,0
1800,4.0,4.0,0.0,152,0.7989352941176471,0,1,0,0
1801,2.0,2.0,0.0,211,0.7988235294117647,0,1,0,0
1802,2.0,2.0,0.0,143,0.7987117647058823,0,1,0,0
1803,4.0,4.0,0.0,236,0.7986,0,1,0,0
1804,4.0,4.0,0.0,95,0.7984882352941176,0,1,0,0
1805,4.0,4.0,0.0,46,0.7983764705882352,0,1,0,0
1806,4.0,4.0,0.0,76,0.798264705882353,0,1,0,0
1807,4.0,4.0,0.0,93,0.7981529411764706,0,1,0,0
1808,4.0,4.0,0.0,116,0.7980411764705883,0,1,0,0
1809,2.0,2.0,0.0,119,0.7979294117647059,0,1,0,0
1810,5.0,5.0,0.0,145,0.7978176470588235,1,0,0,0
1811,4.0,4.0,0.0,81,0.7977058823529412,0,1,0,0
1812,5.0,5.0,0.0,176,0.7975941176470588,1,0,0,0
1813,2.0,2.0,0.0,73,0.7974823529411765,0,1,0,0
1814,5.0,5.0,0.0,110,0.7973705882352942,1,0,0,0
1815,4.0,4.0,0.0,217,0.7972588235294118,0,1,0,0
1816,4.0,4.0,0.0,143,0.7971470588235294,0,1,0,0
1817,4.0,4.0,0.0,65,0.7970352941176471,0,1,0,0
1818,4.0,4.0,0.0,165,0.7969235294117647,0,1,0,0
1819,4.0,4.0,0.0,62,0.7968117647058823,0,1,0,0
1820,4.0,4.0,0.0,90,0.7967,0,1,0,0
1821,4.0,4.0,0.0,73,0.7965882352941176,0,1,0,0
1822,2.0,2.0,0.0,86,0.7964764705882353,0,1,0,0
1823,4.0,4.0,0.0,127,0.796364705882353,0,1,0,0
1824,4.0,4.0,0.0,168,0.7962529411764706,0,1,0,0
1825,4.0,4.0,0.0,220,0.7961411764705882,0,1,0,0
1826,4.0,4.0,0.0,124,0.7960294117647059,0,1,0,0
1827,4.0,4.0,0.0,97,0.7959176470588235,0,1,0,0
1828,5.0,5.0,0.0,72,0.7958058823529411,1,0,0,0
1829,2.0,2.0,0.0,111,0.7956941176470589,0,1,0,0
1830,4.0,4.0,0.0,86,0.7955823529411765,0,1,0,0
1831,3.0,3.0,0.0,90,0.7954705882352942,0,1,0,0
1832,5.0,5.0,0.0,139,0.7953588235294118,1,0,0,0
1833,4.0,4.0,0.0,105,0.7952470588235294,0,1,0,0
1834,5.0,5.0,0.0,185,0.795135294117647,1,0,0,0
1835,4.0,4.0,0.0,87,0.7950235294117647,0,1,0,0
1836,5.0,5.0,0.0,137,0.7949117647058823,1,0,0,0
1837,2.0,2.0,0.0,103,0.7948,0,1,0,0
1838,4.0,4.0,0.0,62,0.7946882352941177,0,1,0,0
1839,5.0,5.0,0.0,231,0.7945764705882353,1,0,0,0
1840,5.0,5.0,0.0,91,0.794464705882353,1,0,0,0
1841,5.0,5.0,0.0,166,0.7943529411764706,1,0,0,0
1842,4.0,4.0,0.0,93,0.7942411764705882,0,1,0,0
1843,4.0,4.0,0.0,148,0.7941294117647059,0,1,0,0
1844,5.0,5.0,0.0,148,0.7940176470588236,1,0,0,0
1845,4.0,4.0,0.0,107,0.7939058823529412,0,1,0,0
1846,4.0,4.0,0.0,154,0.7937941176470589,0,1,0,0
1847,4.0,4.0,0.0,173,0.7936823529411765,0,1,0,0
1848,4.0,4.0,0.0,180,0.7935705882352941,0,1,0,0
1849,4.0,4.0,0.0,169,0.7934588235294118,0,1,0,0
1850,3.0,3.0,0.0,126,0.7933470588235294,0,1,0,0
1851,4.0,4.0,0.0,179,0.793235294117647,0,1,0,0
1852,4.0,4.0,0.0,142,0.7931235294117647,0,1,0,0
1853,4.0,4.0,0.0,103,0.7930117647058823,0,1,0,0
1854,2.0,2.0,0.0,56,0.7929,0,1,0,0
1855,4.0,4.0,0.0,111,0.7927882352941177,0,1,0,0
1856,4.0,4.0,0.0,106,0.7926764705882353,0,1,0,0
1857,4.0,4.0,0.0,157,0.792564705882353,0,1,0,0
1858,4.0,4.0,0.0,139,0.7924529411764706,0,1,0,0
1859,4.0,4.0,0.0,78,0.7923411764705882,0,1,0,0
1860,4.0,4.0,0.0,73,0.792229411764706,0,1,0,0
1861,4.0,4.0,0.0,152,0.7921176470588236,0,1,0,0
1862,5.0,5.0,0.0,195,0.7920058823529412,1,0,0,0
1863,1.0,1.0,0.0,162,0.7918941176470589,0,1,0,0
1864,2.0,2.0,0.0,102,0.7917823529411765,0,1,0,0
1865,2.0,2.0,0.0,211,0.7916705882352941,0,1,0,0
1866,4.0,4.0,0.0,90,0.7915588235294118,0,1,0,0
1867,5.0,5.0,0.0,94,0.7914470588235294,1,0,0,0
1868,5.0,5.0,0.0,173,0.791335294117647,1,0,0,0
1869,5.0,5.0,0.0,98,0.7912235294117647,1,0,0,0
1870,5.0,5.0,0.0,142,0.7911117647058823,1,0,0,0
1871,5.0,5.0,0.0,109,0.791,1,0,0,0
1872,4.0,4.0,0.0,171,0.7908882352941177,0,1,0,0
1873,4.0,4.0,0.0,102,0.7907764705882353,0,1,0,0
1874,4.0,4.0,0.0,97,0.7906647058823529,0,1,0,0
1875,5.0,5.0,0.0,110,0.7905529411764706,1,0,0,0
1876,4.0,4.0,0.0,132,0.7904411764705883,0,1,0,0
1877,4.0,4.0,0.0,99,0.790329411764706,0,1,0,0
1878,4.0,4.0,0.0,138,0.7902176470588236,0,1,0,0
1879,4.0,4.0,0.0,131,0.7901058823529412,0,1,0,0
1880,4.0,4.0,0.0,171,0.7899941176470588,0,1,0,0
1881,4.0,4.0,0.0,167,0.7898823529411765,0,1,0,0
1882,4.0,4.0,0.0,133,0.7897705882352941,0,1,0,0
1883,5.0,5.0,0.0,117,0.7896588235294117,1,0,0,0
1884,2.0,2.0,0.0,212,0.7895470588235294,0,1,0,0
1885,5.0,5.0,0.0,150,0.789435294117647,1,0,0,0
1886,2.0,2.0,0.0,158,0.7893235294117646,0,1,0,0
1887,5.0,5.0,0.0,107,0.7892117647058824,1,0,0,0
1888,5.0,5.0,0.0,124,0.7891,1,0,0,0
1889,3.0,3.0,0.0,122,0.7889882352941177,0,1,0,0
1890,4.0,4.0,0.0,222,0.7888764705882353,0,1,0,0
1891,4.0,4.0,0.0,110,0.7887647058823529,0,1,0,0
1892,4.0,4.0,0.0,94,0.7886529411764707,0,1,0,0
1893,4.0,4.0,0.0,119,0.7885411764705883,0,1,0,0
1894,4.0,4.0,0.0,173,0.7884294117647059,0,1,0,0
1895,2.0,2.0,0.0,75,0.7883176470588236,0,1,0,0
1896,5.0,5.0,0.0,104,0.7882058823529412,1,0,0,0
1897,4.0,4.0,0.0,80,0.7880941176470588,0,1,0,0
1898,4.0,4.0,0.0,148,0.7879823529411765,0,1,0,0
1899,4.0,4.0,0.0,109,0.7878705882352941,0,1,0,0
1900,2.0,2.0,0.0,115,0.7877588235294117,0,1,0,0
1901,4.0,4.0,0.0,106,0.7876470588235294,0,1,0,0
1902,2.0,2.0,0.0,175,0.787535294117647,0,1,0,0
1903,4.0,4.0,0.0,129,0.7874235294117647,0,1,0,0
1904,3.0,3.0,0.0,80,0.7873117647058824,0,1,0,0
1905,5.0,5.0,0.0,151,0.7872,1,0,0,0
1906,2.0,2.0,0.0,190,0.7870882352941176,0,1,0,0
1907,4.0,4.0,0.0,152,0.7869764705882353,0,1,0,0
1908,4.0,4.0,0.0,83,0.7868647058823529,0,1,0,0
1909,4.0,4.0,0.0,115,0.7867529411764707,0,1,0,0
1910,4.0,4.0,0.0,47,0.7866411764705883,0,1,0,0
1911,4.0,4.0,0.0,131,0.7865294117647059,0,1,0,0
1912,4.0,4.0,0.0,104,0.7864176470588236,0,1,0,0
1913,2.0,2.0,0.0,89,0.7863058823529412,0,1,0,0
1914,2.0,2.0,0.0,103,0.7861941176470588,0,1,0,0
1915,4.0,4.0,0.0,118,0.7860823529411765,0,1,0,0
1916,4.0,4.0,0.0,126,0.7859705882352941,0,1,0,0
1917,4.0,4.0,0.0,103,0.7858588235294117,0,1,0,0
1918,4.0,4.0,0.0,141,0.7857470588235294,0,1,0,0
1919,1.0,1.0,0.0,60,0.7856352941176471,0,1,0,0
1920,4.0,4.0,0.0,43,0.7855235294117647,0,1,0,0
1921,2.0,2.0,0.0,80,0.7854117647058824,0,1,0,0
1922,4.0,4.0,0.0,174,0.7853,0,1,0,0
1923,5.0,5.0,0.0,80,0.7851882352941176,1,0,0,0
1924,2.0,2.0,0.0,101,0.7850764705882353,0,1,0,0
1925,2.0,2.0,0.0,88,0.784964705882353,0,1,0,0
1926,4.0,4.0,0.0,212,0.7848529411764706,0,1,0,0
1927,1.0,1.0,0.0,53,0.7847411764705883,0,1,0,0
1928,4.0,4.0,0.0,126,0.7846294117647059,0,1,0,0
1929,4.0,4.0,0.0,54,0.7845176470588235,0,1,0,0
1930,5.0,5.0,0.0,135,0.7844058823529412,1,0,0,0
1931,4.0,4.0,0.0,117,0.7842941176470588,0,1,0,0
1932,4.0,4.0,0.0,134,0.7841823529411764,0,1,0,0
1933,2.0,2.0,0.0,91,0.7840705882352941,0,1,0,0
1934,2.0,2.0,0.0,156,0.7839588235294118,0,1,0,0
1935,4.0,4.0,0.0,84,0.7838470588235295,0,1,0,0
1936,5.0,5.0,0.0,138,0.7837352941176471,1,0,0,0
1937,4.0,4.0,0.0,69,0.7836235294117647,0,1,0,0
1938,5.0,5.0,0.0,103,0.7835117647058824,1,0,0,0
1939,4.0,4.0,0.0,132,0.7834,0,1,0,0
1940,4.0,4.0,0.0,127,0.7832882352941176,0,1,0,0
1941,4.0,4.0,0.0,65,0.7831764705882354,0,1,0,0
1942,4.0,4.0,0.0,54,0.783064705882353,0,1,0,0
1943,4.0,4.0,0.0,70,0.7829529411764706,0,1,0,0
1944,4.0,4.0,0.0,129,0.7828411764705883,0,1,0,0
1945,4.0,4.0,0.0,191,0.7827294117647059,0,1,0,0
1946,4.0,4.0,0.0,55,0.7826176470588235,0,1,0,0
1947,4.0,4.0,0.0,73,0.7825058823529412,0,1,0,0
1948,4.0,4.0,0.0,146,0.7823941176470588,0,1,0,0
1949,4.0,4.0,0.0,98,0.7822823529411764,0,1,0,0
1950,2.0,2.0,0.0,194,0.7821705882352942,0,1,0,0
1951,4.0,4.0,0.0,100,0.7820588235294118,0,1,0,0
1952,4.0,4.0,0.0,142,0.7819470588235294,0,1,0,0
1953,4.0,4.0,0.0,154,0.7818352941176471,0,1,0,0
1954,4.0,4.0,0.0,114,0.7817235294117647,0,1,0,0
1955,4.0,4.0,0.0,183,0.7816117647058823,0,1,0,0
1956,2.0,2.0,0.0,58,0.7815,0,1,0,0
1957,4.0,4.0,0.0,157,0.7813882352941177,0,1,0,0
1958,4.0,4.0,0.0,71,0.7812764705882353,0,1,0,0
1959,3.0,3.0,0.0,132,0.781164705882353,0,1,0,0
1960,2.0,2.0,0.0,184,0.7810529411764706,0,1,0,0
1961,4.0,4.0,0.0,152,0.7809411764705882,0,1,0,0
1962,4.0,4.0,0.0,144,0.7808294117647059,0,1,0,0
1963,2.0,2.0,0.0,101,0.7807176470588235,0,1,0,0
1964,4.0,4.0,0.0,114,0.7806058823529411,0,1,0,0
1965,4.0,4.0,0.0,56,0.7804941176470588,0,1,0,0
1966,4.0,4.0,0.0,79,0.7803823529411765,0,1,0,0
1967,4.0,4.0,0.0,147,0.7802705882352942,0,1,0,0
1968,4.0,4.0,0.0,48,0.7801588235294118,0,1,0,0
1969,2.0,2.0,0.0,79,0.7800470588235294,0,1,0,0
1970,4.0,4.0,0.0,93,0.7799352941176471,0,1,0,0
1971,5.0,5.0,0.0,116,0.7798235294117647,1,0,0,0
1972,4.0,4.0,0.0,75,0.7797117647058823,0,1,0,0
1973,4.0,4.0,0.0,74,0.7796,0,1,0,0
1974,4.0,4.0,0.0,150,0.7794882352941177,0,1,0,0
1975,2.0,2.0,0.0,84,0.7793764705882353,0,1,0,0
1976,4.0,4.0,0.0,174,0.779264705882353,0,1,0,0
1977,4.0,4.0,0.0,108,0.7791529411764706,0,1,0,0
1978,3.0,3.0,0.0,110,0.7790411764705882,0,1,0,0
1979,4.0,4.0,0.0,101,0.7789294117647059,0,1,0,0
1980,5.0,5.0,0.0,169,0.7788176470588235,1,0,0,0
1981,3.0,3.0,0.0,84,0.7787058823529411,0,1,0,0
1982,4.0,4.0,0.0,113,0.7785941176470588,0,1,0,0
1983,4.0,4.0,0.0,165,0.7784823529411765,0,1,0,0
1984,4.0,4.0,0.0,130,0.7783705882352941,0,1,0,0
1985,4.0,4.0,0.0,99,0.7782588235294118,0,1,0,0
1986,2.0,2.0,0.0,48,0.7781470588235294,0,1,0,0
1987,4.0,4.0,0.0,93,0.778035294117647,0,1,0,0
1988,4.0,4.0,0.0,174,0.7779235294117648,0,1,0,0
1989,4.0,4.0,0.0,117,0.7778117647058824,0,1,0,0
1990,4.0,4.0,0.0,65,0.7777000000000001,0,1,0,0
1991,4.0,4.0,0.0,118,0.7775882352941177,0,1,0,0
1992,4.0,4.0,0.0,163,0.7774764705882353,0,1,0,0
1993,4.0,4.0,0.0,126,0.777364705882353,0,1,0,0
1994,4.0,4.0,0.0,129,0.7772529411764706,0,1,0,0
1995,2.0,2.0,0.0,104,0.7771411764705882,0,1,0,0
1996,5.0,5.0,0.0,83,0.7770294117647059,1,0,0,0
1997,4.0,4.0,0.0,90,0.7769176470588235,0,1,0,0
1998,4.0,4.0,0.0,97,0.7768058823529411,0,1,0,0
1999,4.0,4.0,0.0,86,0.7766941176470589,0,1,0,0
2000,5.0,5.0,0.0,169,0.7765823529411765,1,0,0,0
2001,5.0,5.0,0.0,140,0.7764705882352941,1,0,0,0
2002,4.0,4.0,0.0,122,0.7763588235294118,0,1,0,0
2003,2.0,2.0,0.0,78,0.7762470588235294,0,1,0,0
2004,2.0,2.0,0.0,103,0.7761352941176471,0,1,0,0
2005,4.0,4.0,0.0,84,0.7760235294117648,0,1,0,0
2006,2.0,2.0,0.0,106,0.7759117647058824,0,1,0,0
2007,4.0,4.0,0.0,96,0.7758,0,1,0,0
2008,1.0,1.0,0.0,96,0.7756882352941177,0,1,0,0
2009,5.0,5.0,0.0,105,0.7755764705882353,1,0,0,0
2010,4.0,4.0,0.0,125,0.775464705882353,0,1,0,0
2011,2.0,2.0,0.0,68,0.7753529411764706,0,1,0,0
2012,2.0,2.0,0.0,79,0.7752411764705882,0,1,0,0
2013,4.0,4.0,0.0,63,0.7751294117647058,0,1,0,0
2014,2.0,2.0,0.0,86,0.7750176470588235,0,1,0,0
2015,5.0,5.0,0.0,161,0.7749058823529412,1,0,0,0
2016,4.0,4.0,0.0,94,0.7747941176470589,0,1,0,0
2017,4.0,4.0,0.0,95,0.7746823529411765,0,1,0,0
2018,4.0,4.0,0.0,101,0.7745705882352941,0,1,0,0
2019,4.0,4.0,0.0,83,0.7744588235294118,0,1,0,0
2020,4.0,4.0,0.0,141,0.7743470588235294,0,1,0,0
2021,2.0,2.0,0.0,85,0.7742352941176471,0,1,0,0
2022,2.0,2.0,0.0,108,0.7741235294117648,0,1,0,0
2023,2.0,2.0,0.0,91,0.7740117647058824,0,1,0,0
2024,2.0,2.0,0.0,62,0.7739,0,1,0,0
2025,4.0,4.0,0.0,172,0.7737882352941177,0,1,0,0
2026,4.0,4.0,0.0,134,0.7736764705882353,0,1,0,0
2027,4.0,4.0,0.0,85,0.7735647058823529,0,1,0,0
2028,4.0,4.0,0.0,190,0.7734529411764706,0,1,0,0
2029,4.0,4.0,0.0,151,0.7733411764705882,0,1,0,0
2030,4.0,4.0,0.0,144,0.7732294117647058,0,1,0,0
2031,2.0,2.0,0.0,79,0.7731176470588235,0,1,0,0
2032,2.0,2.0,0.0,165,0.7730058823529412,0,1,0,0
2033,4.0,4.0,0.0,85,0.7728941176470588,0,1,0,0
2034,4.0,4.0,0.0,79,0.7727823529411765,0,1,0,0
2035,4.0,4.0,0.0,113,0.7726705882352941,0,1,0,0
2036,4.0,4.0,0.0,83,0.7725588235294117,0,1,0,0
2037,4.0,4.0,0.0,90,0.7724470588235295,0,1,0,0
2038,2.0,2.0,0.0,58,0.7723352941176471,0,1,0,0
2039,4.0,4.0,0.0,104,0.7722235294117648,0,1,0,0
2040,5.0,5.0,0.0,57,0.7721117647058824,1,0,0,0
2041,4.0,4.0,0.0,92,0.772,0,1,0,0
2042,2.0,2.0,0.0,169,0.7718882352941177,0,1,0,0
2043,4.0,4.0,0.0,51,0.7717764705882353,0,1,0,0
2044,4.0,4.0,0.0,75,0.7716647058823529,0,1,0,0
2045,4.0,4.0,0.0,163,0.7715529411764706,0,1,0,0
2046,4.0,4.0,0.0,171,0.7714411764705882,0,1,0,0
2047,2.0,2.0,0.0,88,0.7713294117647058,0,1,0,0
2048,4.0,4.0,0.0,61,0.7712176470588236,0,1,0,0
2049,4.0,4.0,0.0,107,0.7711058823529412,0,1,0,0
2050,2.0,2.0,0.0,114,0.7709941176470588,0,1,0,0
2051,4.0,4.0,0.0,85,0.7708823529411765,0,1,0,0
2052,4.0,4.0,0.0,79,0.7707705882352941,0,1,0,0
2053,4.0,4.0,0.0,106,0.7706588235294118,0,1,0,0
2054,4.0,4.0,0.0,78,0.7705470588235295,0,1,0,0
2055,2.0,2.0,0.0,46,0.7704352941176471,0,1,0,0
2056,2.0,2.0,0.0,61,0.7703235294117647,0,1,0,0
2057,4.0,4.0,0.0,186,0.7702117647058824,0,1,0,0
2058,5.0,5.0,0.0,124,0.7701,1,0,0,0
2059,2.0,2.0,0.0,51,0.7699882352941176,0,1,0,0
2060,4.0,4.0,0.0,99,0.7698764705882353,0,1,0,0
2061,4.0,4.0,0.0,64,0.7697647058823529,0,1,0,0
2062,4.0,4.0,0.0,123,0.7696529411764707,0,1,0,0
2063,4.0,4.0,0.0,109,0.7695411764705882,0,1,0,0
2064,4.0,4.0,0.0,120,0.7694294117647059,0,1,0,0
2065,4.0,4.0,0.0,86,0.7693176470588236,0,1,0,0
2066,2.0,2.0,0.0,103,0.7692058823529412,0,1,0,0
2067,5.0,5.0,0.0,126,0.7690941176470588,1,0,0,0
2068,4.0,4.0,0.0,98,0.7689823529411765,0,1,0,0
2069,4.0,4.0,0.0,127,0.7688705882352941,0,1,0,0
2070,5.0,5.0,0.0,153,0.7687588235294118,1,0,0,0
2071,4.0,4.0,0.0,119,0.7686470588235295,0,1,0,0
2072,4.0,4.0,0.0,93,0.7685352941176471,0,1,0,0
2073,2.0,2.0,0.0,78,0.7684235294117647,0,1,0,0
2074,4.0,4.0,0.0,69,0.7683117647058824,0,1,0,0
2075,4.0,4.0,0.0,70,0.7682,0,1,0,0
2076,4.0,4.0,0.0,82,0.7680882352941176,0,1,0,0
2077,5.0,5.0,0.0,114,0.7679764705882353,1,0,0,0
2078,4.0,4.0,0.0,156,0.7678647058823529,0,1,0,0
2079,4.0,4.0,0.0,60,0.7677529411764706,0,1,0,0
2080,4.0,4.0,0.0,94,0.7676411764705883,0,1,0,0
2081,5.0,5.0,0.0,109,0.7675294117647059,1,0,0,0
2082,4.0,4.0,0.0,169,0.7674176470588235,0,1,0,0
2083,2.0,2.0,0.0,67,0.7673058823529412,0,1,0,0
2084,4.0,4.0,0.0,163,0.7671941176470588,0,1,0,0
2085,4.0,4.0,0.0,157,0.7670823529411764,0,1,0,0
2086,2.0,2.0,0.0,61,0.7669705882352942,0,1,0,0
2087,5.0,5.0,0.0,100,0.7668588235294118,1,0,0,0
2088,4.0,4.0,0.0,155,0.7667470588235294,0,1,0,0
2089,4.0,4.0,0.0,92,0.7666352941176471,0,1,0,0
2090,4.0,4.0,0.0,82,0.7665235294117647,0,1,0,0
2091,5.0,5.0,0.0,136,0.7664117647058823,1,0,0,0
2092,4.0,4.0,0.0,55,0.7663,0,1,0,0
2093,5.0,5.0,0.0,78,0.7661882352941176,1,0,0,0
2094,5.0,5.0,0.0,119,0.7660764705882352,1,0,0,0
2095,4.0,4.0,0.0,83,0.765964705882353,0,1,0,0
2096,5.0,5.0,0.0,101,0.7658529411764706,1,0,0,0
2097,4.0,4.0,0.0,62,0.7657411764705883,0,1,0,0
2098,2.0,2.0,0.0,60,0.7656294117647059,0,1,0,0
2099,4.0,4.0,0.0,43,0.7655176470588235,0,1,0,0
2100,2.0,2.0,0.0,59,0.7654058823529412,0,1,0,0
2101,4.0,4.0,0.0,97,0.7652941176470588,0,1,0,0
2102,2.0,2.0,0.0,129,0.7651823529411765,0,1,0,0
2103,2.0,2.0,0.0,133,0.7650705882352942,0,1,0,0
2104,5.0,5.0,0.0,115,0.7649588235294118,1,0,0,0
2105,4.0,4.0,0.0,78,0.7648470588235294,0,1,0,0
2106,4.0,4.0,0.0,73,0.7647352941176471,0,1,0,0
2107,3.0,3.0,0.0,75,0.7646235294117647,0,1,0,0
2108,4.0,4.0,0.0,77,0.7645117647058823,0,1,0,0
2109,4.0,4.0,0.0,123,0.7644,0,1,0,0
2110,4.0,4.0,0.0,227,0.7642882352941176,0,1,0,0
2111,5.0,5.0,0.0,149,0.7641764705882353,1,0,0,0
2112,4.0,4.0,0.0,144,0.764064705882353,0,1,0,0
2113,5.0,5.0,0.0,100,0.7639529411764706,1,0,0,0
2114,4.0,4.0,0.0,118,0.7638411764705882,0,1,0,0
2115,4.0,4.0,0.0,75,0.7637294117647059,0,1,0,0
2116,5.0,5.0,0.0,72,0.7636176470588235,1,0,0,0
2117,4.0,4.0,0.0,117,0.7635058823529411,0,1,0,0
2118,4.0,4.0,0.0,120,0.7633941176470589,0,1,0,0
2119,2.0,2.0,0.0,89,0.7632823529411765,0,1,0,0
2120,2.0,2.0,0.0,85,0.7631705882352942,0,1,0,0
2121,4.0,4.0,0.0,77,0.7630588235294118,0,1,0,0
2122,2.0,2.0,0.0,63,0.7629470588235294,0,1,0,0
2123,5.0,5.0,0.0,110,0.7628352941176471,1,0,0,0
2124,4.0,4.0,0.0,83,0.7627235294117647,0,1,0,0
2125,4.0,4.0,0.0,91,0.7626117647058823,0,1,0,0
2126,2.0,2.0,0.0,48,0.7625,0,1,0,0
2127,4.0,4.0,0.0,68,0.7623882352941176,0,1,0,0
2128,2.0,2.0,0.0,122,0.7622764705882353,0,1,0,0
2129,4.0,4.0,0.0,130,0.762164705882353,0,1,0,0
2130,4.0,4.0,0.0,169,0.7620529411764706,0,1,0,0
2131,2.0,2.0,0.0,107,0.7619411764705882,0,1,0,0
2132,2.0,2.0,0.0,124,0.7618294117647059,0,1,0,0
2133,4.0,4.0,0.0,89,0.7617176470588235,0,1,0,0
2134,4.0,4.0,0.0,86,0.7616058823529412,0,1,0,0
2135,4.0,4.0,0.0,101,0.7614941176470589,0,1,0,0
2136,4.0,4.0,0.0,140,0.7613823529411765,0,1,0,0
2137,2.0,2.0,0.0,95,0.7612705882352941,0,1,0,0
2138,4.0,4.0,0.0,69,0.7611588235294118,0,1,0,0
2139,2.0,2.0,0.0,147,0.7610470588235294,0,1,0,0
2140,4.0,4.0,0.0,93,0.760935294117647,0,1,0,0
2141,4.0,4.0,0.0,53,0.7608235294117647,0,1,0,0
2142,4.0,4.0,0.0,71,0.7607117647058824,0,1,0,0
2143,4.0,4.0,0.0,86,0.7605999999999999,0,1,0,0
2144,4.0,4.0,0.0,60,0.7604882352941177,0,1,0,0
2145,4.0,4.0,0.0,49,0.7603764705882353,0,1,0,0
2146,4.0,4.0,0.0,96,0.760264705882353,0,1,0,0
2147,2.0,2.0,0.0,83,0.7601529411764706,0,1,0,0
2148,4.0,4.0,0.0,159,0.7600411764705882,0,1,0,0
2149,4.0,4.0,0.0,88,0.759929411764706,0,1,0,0
2150,4.0,4.0,0.0,129,0.7598176470588235,0,1,0,0
2151,4.0,4.0,0.0,125,0.7597058823529412,0,1,0,0
2152,2.0,2.0,0.0,115,0.7595941176470589,0,1,0,0
2153,4.0,4.0,0.0,75,0.7594823529411765,0,1,0,0
2154,4.0,4.0,0.0,102,0.7593705882352941,0,1,0,0
2155,2.0,2.0,0.0,196,0.7592588235294118,0,1,0,0
2156,2.0,2.0,0.0,53,0.7591470588235294,0,1,0,0
2157,4.0,4.0,0.0,126,0.759035294117647,0,1,0,0
2158,4.0,4.0,0.0,139,0.7589235294117647,0,1,0,0
2159,4.0,4.0,0.0,129,0.7588117647058824,0,1,0,0
2160,4.0,4.0,0.0,143,0.7587,0,1,0,0
2161,2.0,2.0,0.0,222,0.7585882352941177,0,1,0,0
2162,4.0,4.0,0.0,77,0.7584764705882353,0,1,0,0
2163,4.0,4.0,0.0,115,0.7583647058823529,0,1,0,0
2164,2.0,2.0,0.0,52,0.7582529411764706,0,1,0,0
2165,4.0,4.0,0.0,77,0.7581411764705882,0,1,0,0
2166,2.0,2.0,0.0,46,0.758029411764706,0,1,0,0
2167,4.0,4.0,0.0,69,0.7579176470588236,0,1,0,0
2168,4.0,4.0,0.0,134,0.7578058823529412,0,1,0,0
2169,4.0,4.0,0.0,98,0.7576941176470589,0,1,0,0
2170,2.0,2.0,0.0,67,0.7575823529411765,0,1,0,0
2171,4.0,4.0,0.0,119,0.7574705882352941,0,1,0,0
2172,4.0,4.0,0.0,196,0.7573588235294118,0,1,0,0
2173,5.0,5.0,0.0,149,0.7572470588235294,1,0,0,0
2174,4.0,4.0,0.0,71,0.7571352941176471,0,1,0,0
2175,2.0,2.0,0.0,88,0.7570235294117647,0,1,0,0
2176,2.0,2.0,0.0,65,0.7569117647058824,0,1,0,0
2177,5.0,5.0,0.0,103,0.7568,1,0,0,0
2178,2.0,2.0,0.0,104,0.7566882352941177,0,1,0,0
2179,3.0,3.0,0.0,65,0.7565764705882353,0,1,0,0
2180,2.0,2.0,0.0,72,0.756464705882353,0,1,0,0
2181,2.0,2.0,0.0,100,0.7563529411764706,0,1,0,0
2182,2.0,2.0,0.0,82,0.7562411764705882,0,1,0,0
2183,4.0,4.0,0.0,125,0.7561294117647059,0,1,0,0
2184,4.0,4.0,0.0,109,0.7560176470588236,0,1,0,0
2185,4.0,4.0,0.0,143,0.7559058823529412,0,1,0,0
2186,4.0,4.0,0.0,108,0.7557941176470588,0,1,0,0
2187,4.0,4.0,0.0,45,0.7556823529411765,0,1,0,0
2188,2.0,2.0,0.0,94,0.7555705882352941,0,1,0,0
2189,4.0,4.0,0.0,156,0.7554588235294117,0,1,0,0
2190,4.0,4.0,0.0,87,0.7553470588235294,0,1,0,0
2191,2.0,2.0,0.0,124,0.7552352941176471,0,1,0,0
2192,4.0,4.0,0.0,91,0.7551235294117647,0,1,0,0
2193,4.0,4.0,0.0,116,0.7550117647058824,0,1,0,0
2194,2.0,2.0,0.0,117,0.7549,0,1,0,0
2195,1.0,1.0,0.0,111,0.7547882352941176,0,1,0,0
2196,4.0,4.0,0.0,112,0.7546764705882353,0,1,0,0
2197,4.0,4.0,0.0,184,0.754564705882353,0,1,0,0
2198,4.0,4.0,0.0,144,0.7544529411764707,0,1,0,0
2199,2.0,2.0,0.0,42,0.7543411764705882,0,1,0,0
2200,4.0,4.0,0.0,72,0.7542294117647059,0,1,0,0
2201,4.0,4.0,0.0,124,0.7541176470588236,0,1,0,0
2202,2.0,2.0,0.0,115,0.7540058823529412,0,1,0,0
2203,4.0,4.0,0.0,57,0.7538941176470588,0,1,0,0
2204,5.0,5.0,0.0,95,0.7537823529411765,1,0,0,0
2205,2.0,2.0,0.0,119,0.7536705882352941,0,1,0,0
2206,2.0,2.0,0.0,85,0.7535588235294117,0,1,0,0
2207,4.0,4.0,0.0,83,0.7534470588235294,0,1,0,0
2208,4.0,4.0,0.0,80,0.7533352941176471,0,1,0,0
2209,4.0,4.0,0.0,91,0.7532235294117647,0,1,0,0
2210,2.0,2.0,0.0,63,0.7531117647058824,0,1,0,0
2211,4.0,4.0,0.0,118,0.753,0,1,0,0
2212,4.0,4.0,0.0,120,0.7528882352941177,0,1,0,0
2213,2.0,2.0,0.0,115,0.7527764705882353,0,1,0,0
2214,2.0,2.0,0.0,72,0.752664705882353,0,1,0,0
2215,5.0,5.0,0.0,90,0.7525529411764706,1,0,0,0
2216,4.0,4.0,0.0,112,0.7524411764705883,0,1,0,0
2217,4.0,4.0,0.0,166,0.7523294117647059,0,1,0,0
2218,4.0,4.0,0.0,131,0.7522176470588235,0,1,0,0
2219,4.0,4.0,0.0,138,0.7521058823529412,0,1,0,0
2220,4.0,4.0,0.0,150,0.7519941176470588,0,1,0,0
2221,4.0,4.0,0.0,84,0.7518823529411764,0,1,0,0
2222,2.0,2.0,0.0,98,0.7517705882352941,0,1,0,0
2223,4.0,4.0,0.0,99,0.7516588235294118,0,1,0,0
2224,4.0,4.0,0.0,72,0.7515470588235293,0,1,0,0
2225,2.0,2.0,0.0,90,0.7514352941176471,0,1,0,0
2226,4.0,4.0,0.0,85,0.7513235294117647,0,1,0,0
2227,4.0,4.0,0.0,81,0.7512117647058824,0,1,0,0
2228,5.0,5.0,0.0,115,0.7511,1,0,0,0
2229,4.0,4.0,0.0,108,0.7509882352941177,0,1,0,0
2230,2.0,2.0,0.0,83,0.7508764705882354,0,1,0,0
2231,4.0,4.0,0.0,68,0.750764705882353,0,1,0,0
2232,2.0,2.0,0.0,73,0.7506529411764706,0,1,0,0
2233,4.0,4.0,0.0,61,0.7505411764705883,0,1,0,0
2234,4.0,4.0,0.0,73,0.7504294117647059,0,1,0,0
2235,4.0,4.0,0.0,92,0.7503176470588235,0,1,0,0
2236,2.0,2.0,0.0,54,0.7502058823529412,0,1,0,0
2237,4.0,4.0,0.0,104,0.7500941176470588,0,1,0,0
2238,2.0,2.0,0.0,65,0.7499823529411764,0,1,0,0
2239,4.0,4.0,0.0,78,0.7498705882352941,0,1,0,0
2240,4.0,4.0,0.0,148,0.7497588235294118,0,1,0,0
2241,5.0,5.0,0.0,86,0.7496470588235293,1,0,0,0
2242,5.0,5.0,0.0,83,0.7495352941176471,1,0,0,0
2243,4.0,4.0,0.0,110,0.7494235294117647,0,1,0,0
2244,4.0,4.0,0.0,93,0.7493117647058825,0,1,0,0
2245,2.0,2.0,0.0,54,0.7492,0,1,0,0
2246,4.0,4.0,0.0,75,0.7490882352941177,0,1,0,0
2247,4.0,4.0,0.0,62,0.7489764705882354,0,1,0,0
2248,4.0,4.0,0.0,111,0.748864705882353,0,1,0,0
2249,2.0,2.0,0.0,135,0.7487529411764706,0,1,0,0
2250,4.0,4.0,0.0,101,0.7486411764705883,0,1,0,0
2251,5.0,5.0,0.0,109,0.7485294117647059,1,0,0,0
2252,5.0,5.0,0.0,130,0.7484176470588235,1,0,0,0
2253,2.0,2.0,0.0,94,0.7483058823529412,0,1,0,0
2254,4.0,4.0,0.0,98,0.7481941176470588,0,1,0,0
2255,4.0,4.0,0.0,112,0.7480823529411764,0,1,0,0
2256,2.0,2.0,0.0,54,0.747970588235294,0,1,0,0
2257,4.0,4.0,0.0,115,0.7478588235294118,0,1,0,0
2258,2.0,2.0,0.0,80,0.7477470588235294,0,1,0,0
2259,4.0,4.0,0.0,43,0.7476352941176471,0,1,0,0
2260,5.0,5.0,0.0,89,0.7475235294117647,1,0,0,0
2261,2.0,2.0,0.0,63,0.7474117647058824,0,1,0,0
2262,4.0,4.0,0.0,119,0.7473000000000001,0,1,0,0
2263,4.0,4.0,0.0,61,0.7471882352941177,0,1,0,0
2264,4.0,4.0,0.0,138,0.7470764705882353,0,1,0,0
2265,2.0,2.0,0.0,55,0.746964705882353,0,1,0,0
2266,4.0,4.0,0.0,120,0.7468529411764706,0,1,0,0
2267,4.0,4.0,0.0,69,0.7467411764705882,0,1,0,0
2268,4.0,4.0,0.0,121,0.7466294117647059,0,1,0,0
2269,4.0,4.0,0.0,78,0.7465176470588235,0,1,0,0
2270,5.0,5.0,0.0,62,0.7464058823529411,1,0,0,0
2271,5.0,5.0,0.0,86,0.7462941176470589,1,0,0,0
2272,2.0,2.0,0.0,64,0.7461823529411764,0,1,0,0
2273,2.0,2.0,0.0,110,0.746070588235294,0,1,0,0
2274,4.0,4.0,0.0,119,0.7459588235294118,0,1,0,0
2275,4.0,4.0,0.0,75,0.7458470588235294,0,1,0,0
2276,2.0,2.0,0.0,97,0.745735294117647,0,1,0,0
2277,4.0,4.0,0.0,49,0.7456235294117647,0,1,0,0
2278,4.0,4.0,0.0,111,0.7455117647058824,0,1,0,0
2279,4.0,4.0,0.0,90,0.7454000000000001,0,1,0,0
2280,2.0,2.0,0.0,94,0.7452882352941177,0,1,0,0
2281,4.0,4.0,0.0,75,0.7451764705882353,0,1,0,0
2282,2.0,2.0,0.0,52,0.745064705882353,0,1,0,0
2283,4.0,4.0,0.0,66,0.7449529411764706,0,1,0,0
2284,4.0,4.0,0.0,62,0.7448411764705882,0,1,0,0
2285,4.0,4.0,0.0,90,0.7447294117647059,0,1,0,0
2286,5.0,5.0,0.0,123,0.7446176470588235,1,0,0,0
2287,4.0,4.0,0.0,86,0.7445058823529411,0,1,0,0
2288,4.0,4.0,0.0,83,0.7443941176470589,0,1,0,0
2289,4.0,4.0,0.0,89,0.7442823529411765,0,1,0,0
2290,5.0,5.0,0.0,195,0.744170588235294,1,0,0,0
2291,4.0,4.0,0.0,99,0.7440588235294118,0,1,0,0
2292,2.0,2.0,0.0,71,0.7439470588235294,0,1,0,0
2293,4.0,4.0,0.0,101,0.7438352941176472,0,1,0,0
2294,2.0,2.0,0.0,67,0.7437235294117647,0,1,0,0
2295,4.0,4.0,0.0,127,0.7436117647058824,0,1,0,0
2296,4.0,4.0,0.0,99,0.7435,0,1,0,0
2297,4.0,4.0,0.0,53,0.7433882352941177,0,1,0,0
2298,5.0,5.0,0.0,84,0.7432764705882353,1,0,0,0
2299,5.0,5.0,0.0,105,0.743164705882353,1,0,0,0
2300,4.0,4.0,0.0,168,0.7430529411764706,0,1,0,0
2301,5.0,5.0,0.0,96,0.7429411764705882,1,0,0,0
2302,4.0,4.0,0.0,82,0.7428294117647058,0,1,0,0
2303,4.0,4.0,0.0,74,0.7427176470588235,0,1,0,0
2304,5.0,5.0,0.0,178,0.7426058823529411,1,0,0,0
2305,4.0,4.0,0.0,76,0.7424941176470589,0,1,0,0
2306,2.0,2.0,0.0,99,0.7423823529411765,0,1,0,0
2307,4.0,4.0,0.0,68,0.7422705882352942,0,1,0,0
2308,4.0,4.0,0.0,159,0.7421588235294118,0,1,0,0
2309,4.0,4.0,0.0,195,0.7420470588235294,0,1,0,0
2310,5.0,5.0,0.0,76,0.7419352941176471,1,0,0,0
2311,4.0,4.0,0.0,113,0.7418235294117648,0,1,0,0
2312,4.0,4.0,0.0,76,0.7417117647058824,0,1,0,0
2313,4.0,4.0,0.0,63,0.7416,0,1,0,0
2314,4.0,4.0,0.0,131,0.7414882352941177,0,1,0,0
2315,5.0,5.0,0.0,60,0.7413764705882353,1,0,0,0
2316,4.0,4.0,0.0,135,0.7412647058823529,0,1,0,0
2317,4.0,4.0,0.0,117,0.7411529411764706,0,1,0,0
2318,4.0,4.0,0.0,50,0.7410411764705882,0,1,0,0
2319,2.0,2.0,0.0,51,0.7409294117647058,0,1,0,0
2320,4.0,4.0,0.0,135,0.7408176470588236,0,1,0,0
2321,2.0,2.0,0.0,63,0.7407058823529411,0,1,0,0
2322,2.0,2.0,0.0,102,0.7405941176470588,0,1,0,0
2323,4.0,4.0,0.0,101,0.7404823529411765,0,1,0,0
2324,5.0,5.0,0.0,91,0.7403705882352942,1,0,0,0
2325,4.0,4.0,0.0,74,0.7402588235294119,0,1,0,0
2326,4.0,4.0,0.0,137,0.7401470588235294,0,1,0,0
2327,2.0,2.0,0.0,122,0.7400352941176471,0,1,0,0
2328,4.0,4.0,0.0,73,0.7399235294117648,0,1,0,0
2329,2.0,2.0,0.0,107,0.7398117647058824,0,1,0,0
2330,2.0,2.0,0.0,61,0.7397,0,1,0,0
2331,2.0,2.0,0.0,100,0.7395882352941177,0,1,0,0
2332,4.0,4.0,0.0,86,0.7394764705882353,0,1,0,0
2333,2.0,2.0,0.0,117,0.7393647058823529,0,1,0,0
2334,4.0,4.0,0.0,68,0.7392529411764706,0,1,0,0
2335,4.0,4.0,0.0,62,0.7391411764705882,0,1,0,0
2336,5.0,5.0,0.0,123,0.7390294117647058,1,0,0,0
2337,4.0,4.0,0.0,89,0.7389176470588236,0,1,0,0
2338,4.0,4.0,0.0,142,0.7388058823529412,0,1,0,0
2339,2.0,2.0,0.0,50,0.7386941176470588,0,1,0,0
2340,4.0,4.0,0.0,78,0.7385823529411765,0,1,0,0
2341,5.0,5.0,0.0,85,0.7384705882352942,1,0,0,0
2342,4.0,4.0,0.0,169,0.7383588235294118,0,1,0,0
2343,4.0,4.0,0.0,156,0.7382470588235295,0,1,0,0
2344,5.0,5.0,0.0,138,0.7381352941176471,1,0,0,0
2345,2.0,2.0,0.0,77,0.7380235294117647,0,1,0,0
2346,2.0,2.0,0.0,164,0.7379117647058824,0,1,0,0
2347,4.0,4.0,0.0,63,0.7378,0,1,0,0
2348,4.0,4.0,0.0,64,0.7376882352941176,0,1,0,0
2349,5.0,5.0,0.0,92,0.7375764705882353,1,0,0,0
2350,4.0,4.0,0.0,181,0.7374647058823529,0,1,0,0
2351,4.0,4.0,0.0,52,0.7373529411764705,0,1,0,0
2352,4.0,4.0,0.0,55,0.7372411764705882,0,1,0,0
2353,4.0,4.0,0.0,185,0.7371294117647058,0,1,0,0
2354,2.0,2.0,0.0,167,0.7370176470588236,0,1,0,0
2355,4.0,4.0,0.0,142,0.7369058823529412,0,1,0,0
2356,4.0,4.0,0.0,118,0.7367941176470589,0,1,0,0
2357,2.0,2.0,0.0,158,0.7366823529411765,0,1,0,0
2358,2.0,2.0,0.0,54,0.7365705882352942,0,1,0,0
2359,2.0,2.0,0.0,53,0.7364588235294118,0,1,0,0
2360,4.0,4.0,0.0,93,0.7363470588235295,0,1,0,0
2361,4.0,4.0,0.0,72,0.7362352941176471,0,1,0,0
2362,5.0,5.0,0.0,106,0.7361235294117647,1,0,0,0
2363,4.0,4.0,0.0,100,0.7360117647058824,0,1,0,0
2364,4.0,4.0,0.0,73,0.7359,0,1,0,0
2365,4.0,4.0,0.0,82,0.7357882352941176,0,1,0,0
2366,5.0,5.0,0.0,138,0.7356764705882353,1,0,0,0
2367,4.0,4.0,0.0,133,0.7355647058823529,0,1,0,0
2368,4.0,4.0,0.0,93,0.7354529411764705,0,1,0,0
2369,4.0,4.0,0.0,54,0.7353411764705883,0,1,0,0
2370,4.0,4.0,0.0,86,0.7352294117647058,0,1,0,0
2371,4.0,4.0,0.0,113,0.7351176470588235,0,1,0,0
2372,4.0,4.0,0.0,38,0.7350058823529412,0,1,0,0
2373,4.0,4.0,0.0,80,0.7348941176470589,0,1,0,0
2374,4.0,4.0,0.0,72,0.7347823529411766,0,1,0,0
2375,4.0,4.0,0.0,60,0.7346705882352942,0,1,0,0
2376,4.0,4.0,0.0,142,0.7345588235294118,0,1,0,0
2377,5.0,5.0,0.0,72,0.7344470588235295,1,0,0,0
2378,5.0,5.0,0.0,114,0.7343352941176471,1,0,0,0
2379,5.0,5.0,0.0,67,0.7342235294117647,1,0,0,0
2380,5.0,5.0,0.0,73,0.7341117647058824,1,0,0,0
2381,4.0,4.0,0.0,55,0.734,0,1,0,0
2382,4.0,4.0,0.0,60,0.7338882352941176,0,1,0,0
2383,4.0,4.0,0.0,82,0.7337764705882353,0,1,0,0
2384,5.0,5.0,0.0,69,0.7336647058823529,1,0,0,0
2385,4.0,4.0,0.0,59,0.7335529411764705,0,1,0,0
2386,4.0,4.0,0.0,96,0.7334411764705883,0,1,0,0
2387,2.0,2.0,0.0,41,0.7333294117647059,0,1,0,0
2388,4.0,4.0,0.0,46,0.7332176470588235,0,1,0,0
2389,4.0,4.0,0.0,63,0.7331058823529412,0,1,0,0
2390,2.0,2.0,0.0,75,0.7329941176470589,0,1,0,0
2391,1.0,1.0,0.0,59,0.7328823529411765,0,1,0,0
2392,4.0,4.0,0.0,138,0.7327705882352942,0,1,0,0
2393,5.0,5.0,0.0,115,0.7326588235294118,1,0,0,0
2394,4.0,4.0,0.0,44,0.7325470588235294,0,1,0,0
2395,4.0,4.0,0.0,75,0.7324352941176471,0,1,0,0
2396,5.0,5.0,0.0,107,0.7323235294117647,1,0,0,0
2397,4.0,4.0,0.0,129,0.7322117647058823,0,1,0,0
2398,4.0,4.0,0.0,97,0.7321,0,1,0,0
2399,4.0,4.0,0.0,85,0.7319882352941176,0,1,0,0
2400,4.0,4.0,0.0,86,0.7318764705882352,0,1,0,0
2401,4.0,4.0,0.0,37,0.731764705882353,0,1,0,0
2402,4.0,4.0,0.0,158,0.7316529411764705,0,1,0,0
2403,2.0,2.0,0.0,69,0.7315411764705883,0,1,0,0
2404,4.0,4.0,0.0,48,0.7314294117647059,0,1,0,0
2405,4.0,4.0,0.0,80,0.7313176470588236,0,1,0,0
2406,4.0,4.0,0.0,42,0.7312058823529411,0,1,0,0
2407,5.0,5.0,0.0,84,0.7310941176470589,1,0,0,0
2408,2.0,2.0,0.0,114,0.7309823529411765,0,1,0,0
2409,4.0,4.0,0.0,109,0.7308705882352942,0,1,0,0
2410,2.0,2.0,0.0,151,0.7307588235294118,0,1,0,0
2411,5.0,5.0,0.0,106,0.7306470588235294,1,0,0,0
2412,4.0,4.0,0.0,79,0.7305352941176471,0,1,0,0
2413,2.0,2.0,0.0,74,0.7304235294117647,0,1,0,0
2414,4.0,4.0,0.0,81,0.7303117647058823,0,1,0,0
2415,5.0,5.0,0.0,89,0.7302,1,0,0,0
2416,4.0,4.0,0.0,44,0.7300882352941176,0,1,0,0
2417,4.0,4.0,0.0,72,0.7299764705882352,0,1,0,0
2418,3.0,3.0,0.0,58,0.729864705882353,0,1,0,0
2419,4.0,4.0,0.0,75,0.7297529411764706,0,1,0,0
2420,5.0,5.0,0.0,66,0.7296411764705882,1,0,0,0
2421,4.0,4.0,0.0,76,0.7295294117647059,0,1,0,0
2422,5.0,5.0,0.0,113,0.7294176470588236,1,0,0,0
2423,2.0,2.0,0.0,63,0.7293058823529412,0,1,0,0
2424,2.0,2.0,0.0,76,0.7291941176470589,0,1,0,0
2425,4.0,4.0,0.0,75,0.7290823529411765,0,1,0,0
2426,3.0,3.0,0.0,65,0.7289705882352941,0,1,0,0
2427,5.0,5.0,0.0,127,0.7288588235294118,1,0,0,0
2428,5.0,5.0,0.0,68,0.7287470588235294,1,0,0,0
2429,5.0,5.0,0.0,139,0.728635294117647,1,0,0,0
2430,4.0,4.0,0.0,107,0.7285235294117647,0,1,0,0
2431,4.0,4.0,0.0,129,0.7284117647058823,0,1,0,0
2432,4.0,4.0,0.0,54,0.7283000000000001,0,1,0,0
2433,4.0,4.0,0.0,73,0.7281882352941176,0,1,0,0
2434,2.0,2.0,0.0,77,0.7280764705882353,0,1,0,0
2435,4.0,4.0,0.0,63,0.727964705882353,0,1,0,0
2436,2.0,2.0,0.0,74,0.7278529411764706,0,1,0,0
2437,4.0,4.0,0.0,68,0.7277411764705882,0,1,0,0
2438,4.0,4.0,0.0,91,0.7276294117647059,0,1,0,0
2439,4.0,4.0,0.0,85,0.7275176470588236,0,1,0,0
2440,4.0,4.0,0.0,92,0.7274058823529412,0,1,0,0
2441,4.0,4.0,0.0,65,0.7272941176470589,0,1,0,0
2442,5.0,5.0,0.0,135,0.7271823529411765,1,0,0,0
2443,4.0,4.0,0.0,84,0.7270705882352941,0,1,0,0
2444,4.0,4.0,0.0,76,0.7269588235294118,0,1,0,0
2445,4.0,4.0,0.0,119,0.7268470588235294,0,1,0,0
2446,5.0,5.0,0.0,75,0.726735294117647,1,0,0,0
2447,5.0,5.0,0.0,122,0.7266235294117647,1,0,0,0
2448,5.0,5.0,0.0,72,0.7265117647058823,1,0,0,0
2449,4.0,4.0,0.0,91,0.7264,0,1,0,0
2450,5.0,5.0,0.0,160,0.7262882352941177,1,0,0,0
2451,2.0,2.0,0.0,70,0.7261764705882353,0,1,0,0
2452,2.0,2.0,0.0,42,0.726064705882353,0,1,0,0
2453,4.0,4.0,0.0,53,0.7259529411764706,0,1,0,0
2454,5.0,5.0,0.0,94,0.7258411764705883,1,0,0,0
2455,4.0,4.0,0.0,56,0.7257294117647058,0,1,0,0
2456,4.0,4.0,0.0,63,0.7256176470588236,0,1,0,0
2457,2.0,2.0,0.0,87,0.7255058823529412,0,1,0,0
2458,5.0,5.0,0.0,105,0.7253941176470589,1,0,0,0
2459,4.0,4.0,0.0,142,0.7252823529411765,0,1,0,0
2460,4.0,4.0,0.0,111,0.7251705882352941,0,1,0,0
2461,2.0,2.0,0.0,49,0.7250588235294118,0,1,0,0
2462,4.0,4.0,0.0,109,0.7249470588235294,0,1,0,0
2463,4.0,4.0,0.0,77,0.724835294117647,0,1,0,0
2464,4.0,4.0,0.0,50,0.7247235294117647,0,1,0,0
2465,5.0,5.0,0.0,102,0.7246117647058823,1,0,0,0
2466,2.0,2.0,0.0,108,0.7245,0,1,0,0
2467,2.0,2.0,0.0,87,0.7243882352941177,0,1,0,0
2468,4.0,4.0,0.0,129,0.7242764705882354,0,1,0,0
2469,2.0,2.0,0.0,120,0.7241647058823529,0,1,0,0
2470,4.0,4.0,0.0,106,0.7240529411764707,0,1,0,0
2471,4.0,4.0,0.0,103,0.7239411764705883,0,1,0,0
2472,2.0,2.0,0.0,86,0.7238294117647059,0,1,0,0
2473,4.0,4.0,0.0,145,0.7237176470588236,0,1,0,0
2474,5.0,5.0,0.0,75,0.7236058823529412,1,0,0,0
2475,5.0,5.0,0.0,65,0.7234941176470588,1,0,0,0
2476,1.0,1.0,0.0,36,0.7233823529411765,0,1,0,0
2477,5.0,5.0,0.0,95,0.7232705882352941,1,0,0,0
2478,4.0,4.0,0.0,94,0.7231588235294117,0,1,0,0
2479,4.0,4.0,0.0,95,0.7230470588235294,0,1,0,0
2480,4.0,4.0,0.0,92,0.722935294117647,0,1,0,0
2481,4.0,4.0,0.0,98,0.7228235294117648,0,1,0,0
2482,2.0,2.0,0.0,77,0.7227117647058823,0,1,0,0
2483,5.0,5.0,0.0,86,0.7226,1,0,0,0
2484,4.0,4.0,0.0,110,0.7224882352941177,0,1,0,0
2485,4.0,4.0,0.0,68,0.7223764705882354,0,1,0,0
2486,4.0,4.0,0.0,71,0.722264705882353,0,1,0,0
2487,5.0,5.0,0.0,93,0.7221529411764707,1,0,0,0
2488,4.0,4.0,0.0,49,0.7220411764705883,0,1,0,0
2489,2.0,2.0,0.0,85,0.7219294117647059,0,1,0,0
2490,5.0,5.0,0.0,98,0.7218176470588236,1,0,0,0
2491,2.0,2.0,0.0,68,0.7217058823529412,0,1,0,0
2492,2.0,2.0,0.0,57,0.7215941176470588,0,1,0,0
2493,4.0,4.0,0.0,79,0.7214823529411765,0,1,0,0
2494,4.0,4.0,0.0,60,0.7213705882352941,0,1,0,0
2495,2.0,2.0,0.0,94,0.7212588235294117,0,1,0,0
2496,4.0,4.0,0.0,83,0.7211470588235294,0,1,0,0
2497,4.0,4.0,0.0,100,0.721035294117647,0,1,0,0
2498,4.0,4.0,0.0,69,0.7209235294117647,0,1,0,0
2499,5.0,5.0,0.0,66,0.7208117647058824,1,0,0,0
2500,4.0,4.0,0.0,78,0.7207,0,1,0,0
2501,4.0,4.0,0.0,102,0.7205882352941176,0,1,0,0
2502,4.0,4.0,0.0,108,0.7204764705882354,0,1,0,0
2503,4.0,4.0,0.0,126,0.720364705882353,0,1,0,0
2504,4.0,4.0,0.0,121,0.7202529411764707,0,1,0,0
2505,2.0,2.0,0.0,87,0.7201411764705883,0,1,0,0
2506,2.0,2.0,0.0,105,0.7200294117647059,0,1,0,0
2507,2.0,2.0,0.0,102,0.7199176470588236,0,1,0,0
2508,4.0,4.0,0.0,55,0.7198058823529412,0,1,0,0
2509,4.0,4.0,0.0,84,0.7196941176470588,0,1,0,0
2510,4.0,4.0,0.0,54,0.7195823529411765,0,1,0,0
2511,4.0,4.0,0.0,105,0.7194705882352941,0,1,0,0
2512,4.0,4.0,0.0,75,0.7193588235294117,0,1,0,0
2513,4.0,4.0,0.0,64,0.7192470588235294,0,1,0,0
2514,4.0,4.0,0.0,84,0.719135294117647,0,1,0,0
2515,4.0,4.0,0.0,43,0.7190235294117647,0,1,0,0
2516,5.0,5.0,0.0,153,0.7189117647058824,1,0,0,0
2517,4.0,4.0,0.0,143,0.7188000000000001,0,1,0,0
2518,4.0,4.0,0.0,78,0.7186882352941176,0,1,0,0
2519,4.0,4.0,0.0,78,0.7185764705882354,0,1,0,0
2520,5.0,5.0,0.0,103,0.718464705882353,1,0,0,0
2521,2.0,2.0,0.0,86,0.7183529411764706,0,1,0,0
2522,5.0,5.0,0.0,111,0.7182411764705883,1,0,0,0
2523,4.0,4.0,0.0,79,0.7181294117647059,0,1,0,0
2524,2.0,2.0,0.0,75,0.7180176470588235,0,1,0,0
2525,5.0,5.0,0.0,134,0.7179058823529412,1,0,0,0
2526,4.0,4.0,0.0,83,0.7177941176470588,0,1,0,0
2527,4.0,4.0,0.0,33,0.7176823529411764,0,1,0,0
2528,4.0,4.0,0.0,64,0.7175705882352941,0,1,0,0
2529,5.0,5.0,0.0,100,0.7174588235294117,1,0,0,0
2530,4.0,4.0,0.0,162,0.7173470588235294,0,1,0,0
2531,2.0,2.0,0.0,98,0.717235294117647,0,1,0,0
2532,2.0,2.0,0.0,61,0.7171235294117647,0,1,0,0
2533,2.0,2.0,0.0,62,0.7170117647058823,0,1,0,0
2534,2.0,2.0,0.0,62,0.7169000000000001,0,1,0,0
2535,4.0,4.0,0.0,101,0.7167882352941177,0,1,0,0
2536,4.0,4.0,0.0,72,0.7166764705882354,0,1,0,0
2537,4.0,4.0,0.0,51,0.716564705882353,0,1,0,0
2538,4.0,4.0,0.0,84,0.7164529411764706,0,1,0,0
2539,2.0,2.0,0.0,86,0.7163411764705883,0,1,0,0
2540,4.0,4.0,0.0,79,0.7162294117647059,0,1,0,0
2541,5.0,5.0,0.0,82,0.7161176470588235,1,0,0,0
2542,2.0,2.0,0.0,70,0.7160058823529412,0,1,0,0
2543,4.0,4.0,0.0,80,0.7158941176470588,0,1,0,0
2544,5.0,5.0,0.0,123,0.7157823529411764,1,0,0,0
2545,5.0,5.0,0.0,102,0.7156705882352941,1,0,0,0
2546,2.0,2.0,0.0,72,0.7155588235294117,0,1,0,0
2547,4.0,4.0,0.0,78,0.7154470588235294,0,1,0,0
2548,4.0,4.0,0.0,77,0.7153352941176471,0,1,0,0
2549,4.0,4.0,0.0,85,0.7152235294117647,0,1,0,0
2550,5.0,5.0,0.0,61,0.7151117647058823,1,0,0,0
2551,2.0,2.0,0.0,71,0.7150000000000001,0,1,0,0
2552,4.0,4.0,0.0,101,0.7148882352941177,0,1,0,0
2553,4.0,4.0,0.0,76,0.7147764705882353,0,1,0,0
2554,2.0,2.0,0.0,87,0.714664705882353,0,1,0,0
2555,4.0,4.0,0.0,43,0.7145529411764706,0,1,0,0
2556,4.0,4.0,0.0,129,0.7144411764705882,0,1,0,0
2557,4.0,4.0,0.0,94,0.7143294117647059,0,1,0,0
2558,2.0,2.0,0.0,43,0.7142176470588235,0,1,0,0
2559,4.0,4.0,0.0,55,0.7141058823529411,0,1,0,0
2560,4.0,4.0,0.0,44,0.7139941176470588,0,1,0,0
2561,2.0,2.0,0.0,41,0.7138823529411765,0,1,0,0
2562,2.0,2.0,0.0,82,0.7137705882352942,0,1,0,0
2563,4.0,4.0,0.0,99,0.7136588235294117,0,1,0,0
2564,4.0,4.0,0.0,134,0.7135470588235294,0,1,0,0
2565,4.0,4.0,0.0,107,0.7134352941176471,0,1,0,0
2566,4.0,4.0,0.0,150,0.7133235294117648,0,1,0,0
2567,4.0,4.0,0.0,92,0.7132117647058823,0,1,0,0
2568,4.0,4.0,0.0,109,0.7131000000000001,0,1,0,0
2569,4.0,4.0,0.0,125,0.7129882352941177,0,1,0,0
2570,4.0,4.0,0.0,122,0.7128764705882353,0,1,0,0
2571,4.0,4.0,0.0,83,0.712764705882353,0,1,0,0
2572,2.0,2.0,0.0,122,0.7126529411764706,0,1,0,0
2573,4.0,4.0,0.0,59,0.7125411764705882,0,1,0,0
2574,4.0,4.0,0.0,62,0.7124294117647059,0,1,0,0
2575,4.0,4.0,0.0,92,0.7123176470588235,0,1,0,0
2576,2.0,2.0,0.0,62,0.7122058823529411,0,1,0,0
2577,5.0,5.0,0.0,182,0.7120941176470588,1,0,0,0
2578,5.0,5.0,0.0,99,0.7119823529411765,1,0,0,0
2579,4.0,4.0,0.0,63,0.7118705882352941,0,1,0,0
2580,4.0,4.0,0.0,84,0.7117588235294118,0,1,0,0
2581,2.0,2.0,0.0,83,0.7116470588235294,0,1,0,0
2582,4.0,4.0,0.0,109,0.711535294117647,0,1,0,0
2583,4.0,4.0,0.0,74,0.7114235294117648,0,1,0,0
2584,5.0,5.0,0.0,111,0.7113117647058824,1,0,0,0
2585,4.0,4.0,0.0,70,0.7112,0,1,0,0
2586,4.0,4.0,0.0,104,0.7110882352941177,0,1,0,0
2587,4.0,4.0,0.0,76,0.7109764705882353,0,1,0,0
2588,5.0,5.0,0.0,162,0.710864705882353,1,0,0,0
2589,4.0,4.0,0.0,97,0.7107529411764706,0,1,0,0
2590,4.0,4.0,0.0,114,0.7106411764705882,0,1,0,0
2591,4.0,4.0,0.0,109,0.7105294117647059,0,1,0,0
2592,2.0,2.0,0.0,58,0.7104176470588235,0,1,0,0
2593,4.0,4.0,0.0,72,0.7103058823529412,0,1,0,0
2594,4.0,4.0,0.0,77,0.7101941176470588,0,1,0,0
2595,2.0,2.0,0.0,120,0.7100823529411765,0,1,0,0
2596,4.0,4.0,0.0,62,0.7099705882352941,0,1,0,0
2597,5.0,5.0,0.0,51,0.7098588235294119,1,0,0,0
2598,4.0,4.0,0.0,50,0.7097470588235294,0,1,0,0
2599,4.0,4.0,0.0,54,0.709635294117647,0,1,0,0
2600,4.0,4.0,0.0,69,0.7095235294117648,0,1,0,0
2601,4.0,4.0,0.0,91,0.7094117647058824,0,1,0,0
2602,4.0,4.0,0.0,90,0.7093,0,1,0,0
2603,2.0,2.0,0.0,56,0.7091882352941177,0,1,0,0
2604,4.0,4.0,0.0,87,0.7090764705882353,0,1,0,0
2605,4.0,4.0,0.0,99,0.7089647058823529,0,1,0,0
2606,4.0,4.0,0.0,80,0.7088529411764706,0,1,0,0
2607,2.0,2.0,0.0,106,0.7087411764705882,0,1,0,0
2608,4.0,4.0,0.0,110,0.7086294117647058,0,1,0,0
2609,5.0,5.0,0.0,74,0.7085176470588235,1,0,0,0
2610,5.0,5.0,0.0,81,0.7084058823529412,1,0,0,0
2611,4.0,4.0,0.0,110,0.7082941176470589,0,1,0,0
2612,2.0,2.0,0.0,69,0.7081823529411765,0,1,0,0
2613,4.0,4.0,0.0,77,0.7080705882352941,0,1,0,0
2614,4.0,4.0,0.0,72,0.7079588235294119,0,1,0,0
2615,5.0,5.0,0.0,109,0.7078470588235295,1,0,0,0
2616,4.0,4.0,0.0,113,0.7077352941176471,0,1,0,0
2617,2.0,2.0,0.0,97,0.7076235294117648,0,1,0,0
2618,4.0,4.0,0.0,71,0.7075117647058824,0,1,0,0
2619,4.0,4.0,0.0,97,0.7074,0,1,0,0
2620,4.0,4.0,0.0,66,0.7072882352941177,0,1,0,0
2621,4.0,4.0,0.0,35,0.7071764705882353,0,1,0,0
2622,2.0,2.0,0.0,88,0.7070647058823529,0,1,0,0
2623,4.0,4.0,0.0,118,0.7069529411764706,0,1,0,0
2624,5.0,5.0,0.0,65,0.7068411764705882,1,0,0,0
2625,2.0,2.0,0.0,44,0.7067294117647058,0,1,0,0
2626,4.0,4.0,0.0,139,0.7066176470588235,0,1,0,0
2627,5.0,5.0,0.0,60,0.7065058823529412,1,0,0,0
2628,4.0,4.0,0.0,50,0.7063941176470588,0,1,0,0
2629,4.0,4.0,0.0,78,0.7062823529411766,0,1,0,0
2630,2.0,2.0,0.0,128,0.7061705882352941,0,1,0,0
2631,5.0,5.0,0.0,109,0.7060588235294118,1,0,0,0
2632,4.0,4.0,0.0,131,0.7059470588235295,0,1,0,0
2633,4.0,4.0,0.0,71,0.7058352941176471,0,1,0,0
2634,4.0,4.0,0.0,49,0.7057235294117647,0,1,0,0
2635,5.0,5.0,0.0,153,0.7056117647058824,1,0,0,0
2636,4.0,4.0,0.0,125,0.7055,0,1,0,0
2637,4.0,4.0,0.0,87,0.7053882352941176,0,1,0,0
2638,5.0,5.0,0.0,157,0.7052764705882353,1,0,0,0
2639,2.0,2.0,0.0,98,0.7051647058823529,0,1,0,0
2640,5.0,5.0,0.0,104,0.7050529411764705,1,0,0,0
2641,4.0,4.0,0.0,65,0.7049411764705882,0,1,0,0
2642,2.0,2.0,0.0,73,0.7048294117647059,0,1,0,0
2643,5.0,5.0,0.0,67,0.7047176470588234,1,0,0,0
2644,5.0,5.0,0.0,89,0.7046058823529412,1,0,0,0
2645,4.0,4.0,0.0,84,0.7044941176470588,0,1,0,0
2646,4.0,4.0,0.0,79,0.7043823529411766,0,1,0,0
2647,5.0,5.0,0.0,70,0.7042705882352942,1,0,0,0
2648,4.0,4.0,0.0,46,0.7041588235294118,0,1,0,0
2649,4.0,4.0,0.0,109,0.7040470588235295,0,1,0,0
2650,4.0,4.0,0.0,70,0.7039352941176471,0,1,0,0
2651,5.0,5.0,0.0,123,0.7038235294117647,1,0,0,0
2652,2.0,2.0,0.0,51,0.7037117647058824,0,1,0,0
2653,4.0,4.0,0.0,69,0.7036,0,1,0,0
2654,5.0,5.0,0.0,66,0.7034882352941176,1,0,0,0
2655,5.0,5.0,0.0,77,0.7033764705882353,1,0,0,0
2656,4.0,4.0,0.0,58,0.7032647058823529,0,1,0,0
2657,4.0,4.0,0.0,159,0.7031529411764705,0,1,0,0
2658,4.0,4.0,0.0,106,0.7030411764705882,0,1,0,0
2659,4.0,4.0,0.0,115,0.7029294117647059,0,1,0,0
2660,4.0,4.0,0.0,53,0.7028176470588235,0,1,0,0
2661,5.0,5.0,0.0,152,0.7027058823529412,1,0,0,0
2662,5.0,5.0,0.0,90,0.7025941176470588,1,0,0,0
2663,2.0,2.0,0.0,120,0.7024823529411766,0,1,0,0
2664,2.0,2.0,0.0,84,0.7023705882352942,0,1,0,0
2665,4.0,4.0,0.0,85,0.7022588235294118,0,1,0,0
2666,4.0,4.0,0.0,80,0.7021470588235295,0,1,0,0
2667,2.0,2.0,0.0,60,0.7020352941176471,0,1,0,0
2668,5.0,5.0,0.0,67,0.7019235294117647,1,0,0,0
2669,4.0,4.0,0.0,85,0.7018117647058824,0,1,0,0
2670,4.0,4.0,0.0,55,0.7017,0,1,0,0
2671,4.0,4.0,0.0,106,0.7015882352941176,0,1,0,0
2672,2.0,2.0,0.0,92,0.7014764705882353,0,1,0,0
2673,5.0,5.0,0.0,83,0.7013647058823529,1,0,0,0
2674,4.0,4.0,0.0,84,0.7012529411764706,0,1,0,0
2675,4.0,4.0,0.0,92,0.7011411764705882,0,1,0,0
2676,4.0,4.0,0.0,69,0.7010294117647059,0,1,0,0
2677,4.0,4.0,0.0,42,0.7009176470588235,0,1,0,0
2678,2.0,2.0,0.0,78,0.7008058823529413,0,1,0,0
2679,2.0,2.0,0.0,66,0.7006941176470588,0,1,0,0
2680,4.0,4.0,0.0,131,0.7005823529411765,0,1,0,0
2681,4.0,4.0,0.0,98,0.7004705882352942,0,1,0,0
2682,5.0,5.0,0.0,115,0.7003588235294118,1,0,0,0
2683,2.0,2.0,0.0,66,0.7002470588235294,0,1,0,0
2684,4.0,4.0,0.0,47,0.7001352941176471,0,1,0,0
2685,4.0,4.0,0.0,65,0.7000235294117647,0,1,0,0
2686,5.0,5.0,0.0,98,0.6999117647058823,1,0,0,0
2687,4.0,4.0,0.0,118,0.6998,0,1,0,0
2688,4.0,4.0,0.0,106,0.6996882352941176,0,1,0,0
2689,4.0,4.0,0.0,72,0.6995764705882352,0,1,0,0
2690,2.0,2.0,0.0,70,0.6994647058823529,0,1,0,0
2691,5.0,5.0,0.0,93,0.6993529411764706,1,0,0,0
2692,4.0,4.0,0.0,62,0.6992411764705883,0,1,0,0
2693,2.0,2.0,0.0,79,0.6991294117647059,0,1,0,0
2694,4.0,4.0,0.0,111,0.6990176470588235,0,1,0,0
2695,4.0,4.0,0.0,80,0.6989058823529413,0,1,0,0
2696,4.0,4.0,0.0,55,0.6987941176470589,0,1,0,0
2697,4.0,4.0,0.0,59,0.6986823529411765,0,1,0,0
2698,4.0,4.0,0.0,80,0.6985705882352942,0,1,0,0
2699,5.0,5.0,0.0,93,0.6984588235294118,1,0,0,0
2700,5.0,5.0,0.0,63,0.6983470588235294,1,0,0,0
2701,4.0,4.0,0.0,79,0.6982352941176471,0,1,0,0
2702,4.0,4.0,0.0,64,0.6981235294117647,0,1,0,0
2703,4.0,4.0,0.0,61,0.6980117647058823,0,1,0,0
2704,4.0,4.0,0.0,110,0.6979,0,1,0,0
2705,4.0,4.0,0.0,55,0.6977882352941177,0,1,0,0
2706,4.0,4.0,0.0,116,0.6976764705882352,0,1,0,0
2707,4.0,4.0,0.0,62,0.697564705882353,0,1,0,0
2708,5.0,5.0,0.0,64,0.6974529411764706,1,0,0,0
2709,4.0,4.0,0.0,88,0.6973411764705882,0,1,0,0
2710,4.0,4.0,0.0,51,0.6972294117647059,0,1,0,0
2711,2.0,2.0,0.0,84,0.6971176470588235,0,1,0,0
2712,4.0,4.0,0.0,71,0.6970058823529413,0,1,0,0
2713,4.0,4.0,0.0,49,0.6968941176470589,0,1,0,0
2714,5.0,5.0,0.0,121,0.6967823529411765,1,0,0,0
2715,4.0,4.0,0.0,67,0.6966705882352942,0,1,0,0
2716,4.0,4.0,0.0,87,0.6965588235294118,0,1,0,0
2717,4.0,4.0,0.0,102,0.6964470588235294,0,1,0,0
2718,2.0,2.0,0.0,77,0.696335294117647,0,1,0,0
2719,4.0,4.0,0.0,78,0.6962235294117647,0,1,0,0
2720,4.0,4.0,0.0,46,0.6961117647058823,0,1,0,0
2721,2.0,2.0,0.0,74,0.696,0,1,0,0
2722,2.0,2.0,0.0,65,0.6958882352941177,0,1,0,0
2723,4.0,4.0,0.0,74,0.6957764705882353,0,1,0,0
2724,4.0,4.0,0.0,60,0.695664705882353,0,1,0,0
2725,4.0,4.0,0.0,138,0.6955529411764706,0,1,0,0
2726,4.0,4.0,0.0,104,0.6954411764705882,0,1,0,0
2727,2.0,2.0,0.0,66,0.695329411764706,0,1,0,0
2728,4.0,4.0,0.0,77,0.6952176470588235,0,1,0,0
2729,4.0,4.0,0.0,54,0.6951058823529412,0,1,0,0
2730,2.0,2.0,0.0,39,0.6949941176470589,0,1,0,0
2731,5.0,5.0,0.0,104,0.6948823529411765,1,0,0,0
2732,2.0,2.0,0.0,83,0.6947705882352941,0,1,0,0
2733,2.0,2.0,0.0,55,0.6946588235294118,0,1,0,0
2734,2.0,2.0,0.0,49,0.6945470588235294,0,1,0,0
2735,2.0,2.0,0.0,103,0.694435294117647,0,1,0,0
2736,4.0,4.0,0.0,69,0.6943235294117647,0,1,0,0
2737,4.0,4.0,0.0,55,0.6942117647058823,0,1,0,0
2738,4.0,4.0,0.0,101,0.6940999999999999,0,1,0,0
2739,4.0,4.0,0.0,64,0.6939882352941177,0,1,0,0
2740,2.0,2.0,0.0,69,0.6938764705882353,0,1,0,0
2741,5.0,5.0,0.0,73,0.6937647058823531,1,0,0,0
2742,4.0,4.0,0.0,55,0.6936529411764706,0,1,0,0
2743,4.0,4.0,0.0,93,0.6935411764705883,0,1,0,0
2744,5.0,5.0,0.0,77,0.693429411764706,1,0,0,0
2745,4.0,4.0,0.0,81,0.6933176470588236,0,1,0,0
2746,4.0,4.0,0.0,65,0.6932058823529412,0,1,0,0
2747,2.0,2.0,0.0,39,0.6930941176470589,0,1,0,0
2748,4.0,4.0,0.0,110,0.6929823529411765,0,1,0,0
2749,5.0,5.0,0.0,64,0.6928705882352941,1,0,0,0
2750,2.0,2.0,0.0,77,0.6927588235294118,0,1,0,0
2751,4.0,4.0,0.0,115,0.6926470588235294,0,1,0,0
2752,2.0,2.0,0.0,34,0.692535294117647,0,1,0,0
2753,4.0,4.0,0.0,91,0.6924235294117647,0,1,0,0
2754,4.0,4.0,0.0,49,0.6923117647058824,0,1,0,0
2755,2.0,2.0,0.0,104,0.6921999999999999,0,1,0,0
2756,2.0,2.0,0.0,69,0.6920882352941177,0,1,0,0
2757,5.0,5.0,0.0,137,0.6919764705882353,1,0,0,0
2758,4.0,4.0,0.0,33,0.691864705882353,0,1,0,0
2759,4.0,4.0,0.0,91,0.6917529411764707,0,1,0,0
2760,4.0,4.0,0.0,63,0.6916411764705883,0,1,0,0
2761,4.0,4.0,0.0,51,0.691529411764706,0,1,0,0
2762,4.0,4.0,0.0,127,0.6914176470588236,0,1,0,0
2763,1.0,1.0,0.0,37,0.6913058823529412,0,1,0,0
2764,4.0,4.0,0.0,75,0.6911941176470588,0,1,0,0
2765,4.0,4.0,0.0,107,0.6910823529411765,0,1,0,0
2766,4.0,4.0,0.0,67,0.6909705882352941,0,1,0,0
2767,4.0,4.0,0.0,70,0.6908588235294117,0,1,0,0
2768,5.0,5.0,0.0,85,0.6907470588235294,1,0,0,0
2769,4.0,4.0,0.0,65,0.690635294117647,0,1,0,0
2770,2.0,2.0,0.0,65,0.6905235294117646,0,1,0,0
2771,5.0,5.0,0.0,50,0.6904117647058824,1,0,0,0
2772,4.0,4.0,0.0,133,0.6903,0,1,0,0
2773,4.0,4.0,0.0,124,0.6901882352941177,0,1,0,0
2774,4.0,4.0,0.0,64,0.6900764705882353,0,1,0,0
2775,5.0,5.0,0.0,59,0.689964705882353,1,0,0,0
2776,2.0,2.0,0.0,100,0.6898529411764707,0,1,0,0
2777,4.0,4.0,0.0,94,0.6897411764705883,0,1,0,0
2778,4.0,4.0,0.0,80,0.6896294117647059,0,1,0,0
2779,4.0,4.0,0.0,46,0.6895176470588236,0,1,0,0
2780,5.0,5.0,0.0,103,0.6894058823529412,1,0,0,0
2781,4.0,4.0,0.0,62,0.6892941176470588,0,1,0,0
2782,2.0,2.0,0.0,43,0.6891823529411765,0,1,0,0
2783,4.0,4.0,0.0,75,0.6890705882352941,0,1,0,0
2784,4.0,4.0,0.0,77,0.6889588235294117,0,1,0,0
2785,4.0,4.0,0.0,90,0.6888470588235294,0,1,0,0
2786,4.0,4.0,0.0,69,0.688735294117647,0,1,0,0
2787,4.0,4.0,0.0,103,0.6886235294117646,0,1,0,0
2788,4.0,4.0,0.0,68,0.6885117647058824,0,1,0,0
2789,4.0,4.0,0.0,115,0.6884,0,1,0,0
2790,5.0,5.0,0.0,71,0.6882882352941178,1,0,0,0
2791,4.0,4.0,0.0,158,0.6881764705882353,0,1,0,0
2792,5.0,5.0,0.0,61,0.688064705882353,1,0,0,0
2793,5.0,5.0,0.0,108,0.6879529411764707,1,0,0,0
2794,4.0,4.0,0.0,42,0.6878411764705883,0,1,0,0
2795,4.0,4.0,0.0,123,0.6877294117647059,0,1,0,0
2796,4.0,4.0,0.0,73,0.6876176470588236,0,1,0,0
2797,5.0,5.0,0.0,140,0.6875058823529412,1,0,0,0
2798,5.0,5.0,0.0,120,0.6873941176470588,1,0,0,0
2799,5.0,5.0,0.0,80,0.6872823529411765,1,0,0,0
2800,2.0,2.0,0.0,55,0.6871705882352941,0,1,0,0
2801,4.0,4.0,0.0,101,0.6870588235294117,0,1,0,0
2802,4.0,4.0,0.0,62,0.6869470588235294,0,1,0,0
2803,2.0,2.0,0.0,98,0.6868352941176471,0,1,0,0
2804,4.0,4.0,0.0,33,0.6867235294117646,0,1,0,0
2805,4.0,4.0,0.0,113,0.6866117647058824,0,1,0,0
2806,5.0,5.0,0.0,94,0.6865,1,0,0,0
2807,4.0,4.0,0.0,60,0.6863882352941177,0,1,0,0
2808,5.0,5.0,0.0,89,0.6862764705882354,1,0,0,0
2809,4.0,4.0,0.0,84,0.686164705882353,0,1,0,0
2810,4.0,4.0,0.0,50,0.6860529411764706,0,1,0,0
2811,4.0,4.0,0.0,79,0.6859411764705883,0,1,0,0
2812,4.0,4.0,0.0,63,0.6858294117647059,0,1,0,0
2813,4.0,4.0,0.0,78,0.6857176470588235,0,1,0,0
2814,2.0,2.0,0.0,67,0.6856058823529412,0,1,0,0
2815,4.0,4.0,0.0,68,0.6854941176470588,0,1,0,0
2816,4.0,4.0,0.0,64,0.6853823529411764,0,1,0,0
2817,2.0,2.0,0.0,122,0.6852705882352941,0,1,0,0
2818,5.0,5.0,0.0,96,0.6851588235294117,1,0,0,0
2819,4.0,4.0,0.0,48,0.6850470588235293,0,1,0,0
2820,2.0,2.0,0.0,55,0.6849352941176471,0,1,0,0
2821,4.0,4.0,0.0,77,0.6848235294117647,0,1,0,0
2822,5.0,5.0,0.0,116,0.6847117647058824,1,0,0,0
2823,4.0,4.0,0.0,82,0.6846,0,1,0,0
2824,4.0,4.0,0.0,66,0.6844882352941177,0,1,0,0
2825,5.0,5.0,0.0,101,0.6843764705882354,1,0,0,0
2826,4.0,4.0,0.0,72,0.684264705882353,0,1,0,0
2827,4.0,4.0,0.0,129,0.6841529411764706,0,1,0,0
2828,4.0,4.0,0.0,92,0.6840411764705883,0,1,0,0
2829,4.0,4.0,0.0,80,0.6839294117647059,0,1,0,0
2830,4.0,4.0,0.0,66,0.6838176470588235,0,1,0,0
2831,2.0,2.0,0.0,47,0.6837058823529412,0,1,0,0
2832,4.0,4.0,0.0,80,0.6835941176470588,0,1,0,0
2833,4.0,4.0,0.0,72,0.6834823529411764,0,1,0,0
2834,4.0,4.0,0.0,80,0.6833705882352942,0,1,0,0
2835,2.0,2.0,0.0,54,0.6832588235294118,0,1,0,0
2836,4.0,4.0,0.0,76,0.6831470588235293,0,1,0,0
2837,4.0,4.0,0.0,78,0.6830352941176471,0,1,0,0
2838,4.0,4.0,0.0,126,0.6829235294117647,0,1,0,0
2839,4.0,4.0,0.0,93,0.6828117647058825,0,1,0,0
2840,4.0,4.0,0.0,57,0.6827,0,1,0,0
2841,4.0,4.0,0.0,77,0.6825882352941177,0,1,0,0
2842,4.0,4.0,0.0,56,0.6824764705882354,0,1,0,0
2843,4.0,4.0,0.0,88,0.682364705882353,0,1,0,0
2844,2.0,2.0,0.0,62,0.6822529411764706,0,1,0,0
2845,5.0,5.0,0.0,78,0.6821411764705883,1,0,0,0
2846,2.0,2.0,0.0,101,0.6820294117647059,0,1,0,0
2847,5.0,5.0,0.0,131,0.6819176470588235,1,0,0,0
2848,4.0,4.0,0.0,81,0.6818058823529412,0,1,0,0
2849,2.0,2.0,0.0,50,0.6816941176470588,0,1,0,0
2850,4.0,4.0,0.0,54,0.6815823529411764,0,1,0,0
2851,5.0,5.0,0.0,97,0.6814705882352942,1,0,0,0
2852,5.0,5.0,0.0,53,0.6813588235294118,1,0,0,0
2853,4.0,4.0,0.0,35,0.6812470588235294,0,1,0,0
2854,2.0,2.0,0.0,47,0.6811352941176471,0,1,0,0
2855,4.0,4.0,0.0,112,0.6810235294117647,0,1,0,0
2856,4.0,4.0,0.0,48,0.6809117647058824,0,1,0,0
2857,4.0,4.0,0.0,68,0.6808000000000001,0,1,0,0
2858,2.0,2.0,0.0,108,0.6806882352941177,0,1,0,0
2859,2.0,2.0,0.0,99,0.6805764705882353,0,1,0,0
2860,4.0,4.0,0.0,53,0.680464705882353,0,1,0,0
2861,4.0,4.0,0.0,80,0.6803529411764706,0,1,0,0
2862,2.0,2.0,0.0,70,0.6802411764705882,0,1,0,0
2863,2.0,2.0,0.0,75,0.6801294117647059,0,1,0,0
2864,2.0,2.0,0.0,106,0.6800176470588235,0,1,0,0
2865,2.0,2.0,0.0,72,0.6799058823529411,0,1,0,0
2866,5.0,5.0,0.0,92,0.6797941176470589,1,0,0,0
2867,5.0,5.0,0.0,57,0.6796823529411764,1,0,0,0
2868,2.0,2.0,0.0,41,0.6795705882352941,0,1,0,0
2869,4.0,4.0,0.0,59,0.6794588235294118,0,1,0,0
2870,2.0,2.0,0.0,31,0.6793470588235295,0,1,0,0
2871,4.0,4.0,0.0,114,0.679235294117647,0,1,0,0
2872,5.0,5.0,0.0,83,0.6791235294117647,1,0,0,0
2873,5.0,5.0,0.0,149,0.6790117647058824,1,0,0,0
2874,5.0,5.0,0.0,88,0.6789000000000001,1,0,0,0
2875,2.0,2.0,0.0,116,0.6787882352941177,0,1,0,0
2876,5.0,5.0,0.0,123,0.6786764705882353,1,0,0,0
2877,4.0,4.0,0.0,61,0.678564705882353,0,1,0,0
2878,4.0,4.0,0.0,85,0.6784529411764706,0,1,0,0
2879,4.0,4.0,0.0,86,0.6783411764705882,0,1,0,0
2880,4.0,4.0,0.0,58,0.6782294117647059,0,1,0,0
2881,5.0,5.0,0.0,80,0.6781176470588235,1,0,0,0
2882,4.0,4.0,0.0,67,0.6780058823529411,0,1,0,0
2883,4.0,4.0,0.0,84,0.6778941176470589,0,1,0,0
2884,2.0,2.0,0.0,59,0.6777823529411765,0,1,0,0
2885,4.0,4.0,0.0,56,0.6776705882352941,0,1,0,0
2886,4.0,4.0,0.0,50,0.6775588235294118,0,1,0,0
2887,4.0,4.0,0.0,104,0.6774470588235295,0,1,0,0
2888,4.0,4.0,0.0,82,0.6773352941176471,0,1,0,0
2889,4.0,4.0,0.0,118,0.6772235294117647,0,1,0,0
2890,5.0,5.0,0.0,99,0.6771117647058824,1,0,0,0
2891,5.0,5.0,0.0,62,0.677,1,0,0,0
2892,2.0,2.0,0.0,33,0.6768882352941177,0,1,0,0
2893,2.0,2.0,0.0,61,0.6767764705882353,0,1,0,0
2894,2.0,2.0,0.0,75,0.676664705882353,0,1,0,0
2895,2.0,2.0,0.0,48,0.6765529411764706,0,1,0,0
2896,4.0,4.0,0.0,100,0.6764411764705882,0,1,0,0
2897,1.0,1.0,0.0,40,0.6763294117647058,0,1,0,0
2898,2.0,2.0,0.0,94,0.6762176470588235,0,1,0,0
2899,2.0,2.0,0.0,54,0.6761058823529411,0,1,0,0
2900,4.0,4.0,0.0,103,0.6759941176470589,0,1,0,0
2901,2.0,2.0,0.0,54,0.6758823529411765,0,1,0,0
2902,5.0,5.0,0.0,59,0.6757705882352942,1,0,0,0
2903,4.0,4.0,0.0,109,0.6756588235294118,0,1,0,0
2904,4.0,4.0,0.0,93,0.6755470588235295,0,1,0,0
2905,4.0,4.0,0.0,45,0.6754352941176471,0,1,0,0
2906,4.0,4.0,0.0,98,0.6753235294117648,0,1,0,0
2907,4.0,4.0,0.0,62,0.6752117647058824,0,1,0,0
2908,2.0,2.0,0.0,87,0.6751,0,1,0,0
2909,4.0,4.0,0.0,70,0.6749882352941177,0,1,0,0
2910,4.0,4.0,0.0,68,0.6748764705882353,0,1,0,0
2911,5.0,5.0,0.0,55,0.6747647058823529,1,0,0,0
2912,4.0,4.0,0.0,90,0.6746529411764706,0,1,0,0
2913,4.0,4.0,0.0,70,0.6745411764705882,0,1,0,0
2914,2.0,2.0,0.0,111,0.6744294117647058,0,1,0,0
2915,5.0,5.0,0.0,61,0.6743176470588236,1,0,0,0
2916,4.0,4.0,0.0,82,0.6742058823529411,0,1,0,0
2917,5.0,5.0,0.0,157,0.6740941176470588,1,0,0,0
2918,4.0,4.0,0.0,93,0.6739823529411765,0,1,0,0
2919,4.0,4.0,0.0,82,0.6738705882352942,0,1,0,0
2920,5.0,5.0,0.0,155,0.6737588235294119,1,0,0,0
2921,4.0,4.0,0.0,119,0.6736470588235295,0,1,0,0
2922,4.0,4.0,0.0,76,0.6735352941176471,0,1,0,0
2923,4.0,4.0,0.0,84,0.6734235294117648,0,1,0,0
2924,5.0,5.0,0.0,74,0.6733117647058824,1,0,0,0
2925,5.0,5.0,0.0,72,0.6732,1,0,0,0
2926,4.0,4.0,0.0,45,0.6730882352941177,0,1,0,0
2927,4.0,4.0,0.0,41,0.6729764705882353,0,1,0,0
2928,4.0,4.0,0.0,54,0.6728647058823529,0,1,0,0
2929,4.0,4.0,0.0,64,0.6727529411764706,0,1,0,0
2930,4.0,4.0,0.0,78,0.6726411764705882,0,1,0,0
2931,4.0,4.0,0.0,60,0.6725294117647058,0,1,0,0
2932,4.0,4.0,0.0,81,0.6724176470588236,0,1,0,0
2933,5.0,5.0,0.0,58,0.6723058823529412,1,0,0,0
2934,2.0,2.0,0.0,70,0.6721941176470588,0,1,0,0
2935,4.0,4.0,0.0,87,0.6720823529411765,0,1,0,0
2936,4.0,4.0,0.0,69,0.6719705882352942,0,1,0,0
2937,4.0,4.0,0.0,106,0.6718588235294118,0,1,0,0
2938,4.0,4.0,0.0,90,0.6717470588235295,0,1,0,0
2939,5.0,5.0,0.0,70,0.6716352941176471,1,0,0,0
2940,4.0,4.0,0.0,54,0.6715235294117647,0,1,0,0
2941,2.0,2.0,0.0,60,0.6714117647058824,0,1,0,0
2942,4.0,4.0,0.0,80,0.6713,0,1,0,0
2943,5.0,5.0,0.0,113,0.6711882352941176,1,0,0,0
2944,4.0,4.0,0.0,109,0.6710764705882353,0,1,0,0
2945,4.0,4.0,0.0,112,0.6709647058823529,0,1,0,0
2946,5.0,5.0,0.0,52,0.6708529411764705,1,0,0,0
2947,4.0,4.0,0.0,57,0.6707411764705882,0,1,0,0
2948,2.0,2.0,0.0,38,0.6706294117647058,0,1,0,0
2949,4.0,4.0,0.0,50,0.6705176470588236,0,1,0,0
2950,4.0,4.0,0.0,86,0.6704058823529412,0,1,0,0
2951,5.0,5.0,0.0,81,0.6702941176470589,1,0,0,0
2952,5.0,5.0,0.0,83,0.6701823529411765,1,0,0,0
2953,4.0,4.0,0.0,131,0.6700705882352942,0,1,0,0
2954,4.0,4.0,0.0,72,0.6699588235294118,0,1,0,0
2955,4.0,4.0,0.0,68,0.6698470588235295,0,1,0,0
2956,4.0,4.0,0.0,42,0.6697352941176471,0,1,0,0
2957,4.0,4.0,0.0,78,0.6696235294117647,0,1,0,0
2958,5.0,5.0,0.0,82,0.6695117647058824,1,0,0,0
2959,2.0,2.0,0.0,85,0.6694,0,1,0,0
2960,4.0,4.0,0.0,60,0.6692882352941176,0,1,0,0
2961,5.0,5.0,0.0,73,0.6691764705882353,1,0,0,0
2962,2.0,2.0,0.0,47,0.6690647058823529,0,1,0,0
2963,4.0,4.0,0.0,59,0.6689529411764705,0,1,0,0
2964,4.0,4.0,0.0,62,0.6688411764705883,0,1,0,0
2965,5.0,5.0,0.0,65,0.6687294117647058,1,0,0,0
2966,4.0,4.0,0.0,88,0.6686176470588235,0,1,0,0
2967,4.0,4.0,0.0,40,0.6685058823529412,0,1,0,0
2968,2.0,2.0,0.0,68,0.6683941176470589,0,1,0,0
2969,4.0,4.0,0.0,71,0.6682823529411765,0,1,0,0
2970,5.0,5.0,0.0,92,0.6681705882352942,1,0,0,0
2971,4.0,4.0,0.0,102,0.6680588235294118,0,1,0,0
2972,4.0,4.0,0.0,57,0.6679470588235294,0,1,0,0
2973,5.0,5.0,0.0,49,0.6678352941176471,1,0,0,0
2974,2.0,2.0,0.0,84,0.6677235294117647,0,1,0,0
2975,4.0,4.0,0.0,96,0.6676117647058823,0,1,0,0
2976,5.0,5.0,0.0,61,0.6675,1,0,0,0
2977,4.0,4.0,0.0,59,0.6673882352941176,0,1,0,0
2978,2.0,2.0,0.0,61,0.6672764705882354,0,1,0,0
2979,4.0,4.0,0.0,56,0.6671647058823529,0,1,0,0
2980,2.0,2.0,0.0,65,0.6670529411764705,0,1,0,0
2981,4.0,4.0,0.0,59,0.6669411764705883,0,1,0,0
2982,4.0,4.0,0.0,69,0.6668294117647059,0,1,0,0
2983,4.0,4.0,0.0,55,0.6667176470588235,0,1,0,0
2984,4.0,4.0,0.0,54,0.6666058823529412,0,1,0,0
2985,4.0,4.0,0.0,56,0.6664941176470589,0,1,0,0
2986,2.0,2.0,0.0,52,0.6663823529411765,0,1,0,0
2987,2.0,2.0,0.0,92,0.6662705882352942,0,1,0,0
2988,4.0,4.0,0.0,72,0.6661588235294118,0,1,0,0
2989,2.0,2.0,0.0,65,0.6660470588235294,0,1,0,0
2990,4.0,4.0,0.0,59,0.6659352941176471,0,1,0,0
2991,2.0,2.0,0.0,43,0.6658235294117647,0,1,0,0
2992,4.0,4.0,0.0,85,0.6657117647058823,0,1,0,0
2993,5.0,5.0,0.0,75,0.6656,1,0,0,0
2994,2.0,2.0,0.0,78,0.6654882352941176,0,1,0,0
2995,4.0,4.0,0.0,112,0.6653764705882353,0,1,0,0
2996,4.0,4.0,0.0,88,0.665264705882353,0,1,0,0
2997,4.0,4.0,0.0,69,0.6651529411764706,0,1,0,0
2998,4.0,4.0,0.0,93,0.6650411764705882,0,1,0,0
2999,2.0,2.0,0.0,67,0.6649294117647059,0,1,0,0
3000,2.0,2.0,0.0,33,0.6648176470588236,0,1,0,0
3001,5.0,5.0,0.0,113,0.6647058823529411,1,0,0,0
3002,4.0,4.0,0.0,110,0.6645941176470589,0,1,0,0
3003,5.0,5.0,0.0,74,0.6644823529411765,1,0,0,0
3004,5.0,5.0,0.0,97,0.6643705882352942,1,0,0,0
3005,4.0,4.0,0.0,71,0.6642588235294118,0,1,0,0
3006,5.0,5.0,0.0,74,0.6641470588235294,1,0,0,0
3007,4.0,4.0,0.0,43,0.6640352941176471,0,1,0,0
3008,2.0,2.0,0.0,94,0.6639235294117647,0,1,0,0
3009,4.0,4.0,0.0,67,0.6638117647058823,0,1,0,0
3010,5.0,5.0,0.0,77,0.6637,1,0,0,0
3011,4.0,4.0,0.0,51,0.6635882352941176,0,1,0,0
3012,4.0,4.0,0.0,58,0.6634764705882353,0,1,0,0
3013,4.0,4.0,0.0,55,0.663364705882353,0,1,0,0
3014,4.0,4.0,0.0,49,0.6632529411764706,0,1,0,0
3015,4.0,4.0,0.0,85,0.6631411764705882,0,1,0,0
3016,4.0,4.0,0.0,59,0.6630294117647059,0,1,0,0
3017,5.0,5.0,0.0,52,0.6629176470588236,1,0,0,0
3018,5.0,5.0,0.0,98,0.6628058823529412,1,0,0,0
3019,4.0,4.0,0.0,149,0.6626941176470589,0,1,0,0
3020,5.0,5.0,0.0,118,0.6625823529411765,1,0,0,0
3021,4.0,4.0,0.0,125,0.6624705882352941,0,1,0,0
3022,2.0,2.0,0.0,87,0.6623588235294118,0,1,0,0
3023,4.0,4.0,0.0,60,0.6622470588235294,0,1,0,0
3024,3.0,3.0,0.0,49,0.662135294117647,0,1,0,0
3025,5.0,5.0,0.0,71,0.6620235294117647,1,0,0,0
3026,5.0,5.0,0.0,83,0.6619117647058823,1,0,0,0
3027,4.0,4.0,0.0,108,0.6618,0,1,0,0
3028,2.0,2.0,0.0,76,0.6616882352941176,0,1,0,0
3029,5.0,5.0,0.0,76,0.6615764705882353,1,0,0,0
3030,5.0,5.0,0.0,93,0.661464705882353,1,0,0,0
3031,2.0,2.0,0.0,65,0.6613529411764707,0,1,0,0
3032,4.0,4.0,0.0,98,0.6612411764705882,0,1,0,0
3033,2.0,2.0,0.0,80,0.661129411764706,0,1,0,0
3034,4.0,4.0,0.0,68,0.6610176470588236,0,1,0,0
3035,4.0,4.0,0.0,114,0.6609058823529412,0,1,0,0
3036,4.0,4.0,0.0,69,0.6607941176470589,0,1,0,0
3037,4.0,4.0,0.0,132,0.6606823529411765,0,1,0,0
3038,5.0,5.0,0.0,90,0.6605705882352941,1,0,0,0
3039,4.0,4.0,0.0,108,0.6604588235294118,0,1,0,0
3040,4.0,4.0,0.0,91,0.6603470588235294,0,1,0,0
3041,5.0,5.0,0.0,76,0.660235294117647,1,0,0,0
3042,2.0,2.0,0.0,86,0.6601235294117647,0,1,0,0
3043,4.0,4.0,0.0,92,0.6600117647058823,0,1,0,0
3044,5.0,5.0,0.0,107,0.6599,1,0,0,0
3045,4.0,4.0,0.0,69,0.6597882352941177,0,1,0,0
3046,5.0,5.0,0.0,55,0.6596764705882353,1,0,0,0
3047,5.0,5.0,0.0,86,0.6595647058823529,1,0,0,0
3048,4.0,4.0,0.0,78,0.6594529411764707,0,1,0,0
3049,4.0,4.0,0.0,54,0.6593411764705883,0,1,0,0
3050,2.0,2.0,0.0,102,0.659229411764706,0,1,0,0
3051,4.0,4.0,0.0,112,0.6591176470588236,0,1,0,0
3052,5.0,5.0,0.0,143,0.6590058823529412,1,0,0,0
3053,4.0,4.0,0.0,63,0.6588941176470589,0,1,0,0
3054,4.0,4.0,0.0,50,0.6587823529411765,0,1,0,0
3055,5.0,5.0,0.0,88,0.6586705882352941,1,0,0,0
3056,4.0,4.0,0.0,108,0.6585588235294118,0,1,0,0
3057,4.0,4.0,0.0,51,0.6584470588235294,0,1,0,0
3058,4.0,4.0,0.0,82,0.658335294117647,0,1,0,0
3059,2.0,2.0,0.0,47,0.6582235294117647,0,1,0,0
3060,4.0,4.0,0.0,123,0.6581117647058823,0,1,0,0
3061,4.0,4.0,0.0,150,0.658,0,1,0,0
3062,2.0,2.0,0.0,49,0.6578882352941177,0,1,0,0
3063,4.0,4.0,0.0,93,0.6577764705882354,0,1,0,0
3064,4.0,4.0,0.0,45,0.6576647058823529,0,1,0,0
3065,4.0,4.0,0.0,109,0.6575529411764707,0,1,0,0
3066,2.0,2.0,0.0,35,0.6574411764705883,0,1,0,0
3067,2.0,2.0,0.0,88,0.6573294117647059,0,1,0,0
3068,4.0,4.0,0.0,53,0.6572176470588236,0,1,0,0
3069,4.0,4.0,0.0,101,0.6571058823529412,0,1,0,0
3070,4.0,4.0,0.0,60,0.6569941176470588,0,1,0,0
3071,4.0,4.0,0.0,74,0.6568823529411765,0,1,0,0
3072,5.0,5.0,0.0,69,0.6567705882352941,1,0,0,0
3073,4.0,4.0,0.0,72,0.6566588235294117,0,1,0,0
3074,5.0,5.0,0.0,76,0.6565470588235294,1,0,0,0
3075,5.0,5.0,0.0,65,0.656435294117647,1,0,0,0
3076,4.0,4.0,0.0,47,0.6563235294117648,0,1,0,0
3077,5.0,5.0,0.0,74,0.6562117647058823,1,0,0,0
3078,5.0,5.0,0.0,50,0.6561,1,0,0,0
3079,4.0,4.0,0.0,65,0.6559882352941176,0,1,0,0
3080,2.0,2.0,0.0,45,0.6558764705882354,0,1,0,0
3081,2.0,2.0,0.0,50,0.655764705882353,0,1,0,0
3082,5.0,5.0,0.0,57,0.6556529411764707,1,0,0,0
3083,4.0,4.0,0.0,60,0.6555411764705883,0,1,0,0
3084,4.0,4.0,0.0,120,0.6554294117647059,0,1,0,0
3085,5.0,5.0,0.0,51,0.6553176470588236,1,0,0,0
3086,4.0,4.0,0.0,82,0.6552058823529412,0,1,0,0
3087,5.0,5.0,0.0,85,0.6550941176470588,1,0,0,0
3088,4.0,4.0,0.0,39,0.6549823529411765,0,1,0,0
3089,5.0,5.0,0.0,43,0.6548705882352941,1,0,0,0
3090,5.0,5.0,0.0,106,0.6547588235294117,1,0,0,0
3091,4.0,4.0,0.0,48,0.6546470588235294,0,1,0,0
3092,4.0,4.0,0.0,85,0.654535294117647,0,1,0,0
3093,4.0,4.0,0.0,108,0.6544235294117647,0,1,0,0
3094,4.0,4.0,0.0,89,0.6543117647058824,0,1,0,0
3095,4.0,4.0,0.0,78,0.6542,0,1,0,0
3096,4.0,4.0,0.0,46,0.6540882352941176,0,1,0,0
3097,4.0,4.0,0.0,51,0.6539764705882354,0,1,0,0
3098,4.0,4.0,0.0,53,0.653864705882353,0,1,0,0
3099,2.0,2.0,0.0,49,0.6537529411764706,0,1,0,0
3100,4.0,4.0,0.0,54,0.6536411764705883,0,1,0,0
3101,2.0,2.0,0.0,64,0.6535294117647059,0,1,0,0
3102,5.0,5.0,0.0,94,0.6534176470588235,1,0,0,0
3103,4.0,4.0,0.0,66,0.6533058823529412,0,1,0,0
3104,4.0,4.0,0.0,98,0.6531941176470588,0,1,0,0
3105,4.0,4.0,0.0,37,0.6530823529411764,0,1,0,0
3106,5.0,5.0,0.0,94,0.6529705882352941,1,0,0,0
3107,5.0,5.0,0.0,59,0.6528588235294117,1,0,0,0
3108,5.0,5.0,0.0,52,0.6527470588235293,1,0,0,0
3109,5.0,5.0,0.0,46,0.652635294117647,1,0,0,0
3110,4.0,4.0,0.0,73,0.6525235294117647,0,1,0,0
3111,4.0,4.0,0.0,57,0.6524117647058824,0,1,0,0
3112,2.0,2.0,0.0,142,0.6523000000000001,0,1,0,0
3113,5.0,5.0,0.0,65,0.6521882352941176,1,0,0,0
3114,4.0,4.0,0.0,57,0.6520764705882354,0,1,0,0
3115,5.0,5.0,0.0,58,0.651964705882353,1,0,0,0
3116,4.0,4.0,0.0,70,0.6518529411764706,0,1,0,0
3117,4.0,4.0,0.0,95,0.6517411764705883,0,1,0,0
3118,2.0,2.0,0.0,117,0.6516294117647059,0,1,0,0
3119,4.0,4.0,0.0,126,0.6515176470588235,0,1,0,0
3120,4.0,4.0,0.0,74,0.6514058823529412,0,1,0,0
3121,2.0,2.0,0.0,65,0.6512941176470588,0,1,0,0
3122,4.0,4.0,0.0,43,0.6511823529411764,0,1,0,0
3123,4.0,4.0,0.0,71,0.6510705882352941,0,1,0,0
3124,4.0,4.0,0.0,60,0.6509588235294118,0,1,0,0
3125,4.0,4.0,0.0,76,0.6508470588235294,0,1,0,0
3126,4.0,4.0,0.0,72,0.650735294117647,0,1,0,0
3127,4.0,4.0,0.0,93,0.6506235294117647,0,1,0,0
3128,4.0,4.0,0.0,64,0.6505117647058823,0,1,0,0
3129,5.0,5.0,0.0,63,0.6504000000000001,1,0,0,0
3130,4.0,4.0,0.0,57,0.6502882352941177,0,1,0,0
3131,5.0,5.0,0.0,99,0.6501764705882354,1,0,0,0
3132,4.0,4.0,0.0,104,0.650064705882353,0,1,0,0
3133,5.0,5.0,0.0,85,0.6499529411764706,1,0,0,0
3134,4.0,4.0,0.0,37,0.6498411764705883,0,1,0,0
3135,4.0,4.0,0.0,39,0.6497294117647059,0,1,0,0
3136,5.0,5.0,0.0,81,0.6496176470588235,1,0,0,0
3137,4.0,4.0,0.0,148,0.6495058823529412,0,1,0,0
3138,2.0,2.0,0.0,117,0.6493941176470588,0,1,0,0
3139,4.0,4.0,0.0,62,0.6492823529411765,0,1,0,0
3140,4.0,4.0,0.0,68,0.649170588235294,0,1,0,0
3141,2.0,2.0,0.0,36,0.6490588235294118,0,1,0,0
3142,4.0,4.0,0.0,61,0.6489470588235294,0,1,0,0
3143,5.0,5.0,0.0,120,0.6488352941176472,1,0,0,0
3144,5.0,5.0,0.0,85,0.6487235294117647,1,0,0,0
3145,4.0,4.0,0.0,100,0.6486117647058823,0,1,0,0
3146,2.0,2.0,0.0,39,0.6485000000000001,0,1,0,0
3147,5.0,5.0,0.0,57,0.6483882352941177,1,0,0,0
3148,4.0,4.0,0.0,79,0.6482764705882353,0,1,0,0
3149,2.0,2.0,0.0,51,0.648164705882353,0,1,0,0
3150,5.0,5.0,0.0,91,0.6480529411764706,1,0,0,0
3151,4.0,4.0,0.0,88,0.6479411764705882,0,1,0,0
3152,4.0,4.0,0.0,95,0.6478294117647059,0,1,0,0
3153,5.0,5.0,0.0,68,0.6477176470588235,1,0,0,0
3154,5.0,5.0,0.0,59,0.6476058823529411,1,0,0,0
3155,4.0,4.0,0.0,47,0.6474941176470588,0,1,0,0
3156,4.0,4.0,0.0,64,0.6473823529411765,0,1,0,0
3157,4.0,4.0,0.0,61,0.6472705882352942,0,1,0,0
3158,4.0,4.0,0.0,59,0.6471588235294118,0,1,0,0
3159,4.0,4.0,0.0,70,0.6470470588235294,0,1,0,0
3160,4.0,4.0,0.0,81,0.6469352941176472,0,1,0,0
3161,4.0,4.0,0.0,32,0.6468235294117648,0,1,0,0
3162,5.0,5.0,0.0,65,0.6467117647058823,1,0,0,0
3163,5.0,5.0,0.0,92,0.6466000000000001,1,0,0,0
3164,5.0,5.0,0.0,70,0.6464882352941177,1,0,0,0
3165,5.0,5.0,0.0,77,0.6463764705882353,1,0,0,0
3166,2.0,2.0,0.0,53,0.646264705882353,0,1,0,0
3167,4.0,4.0,0.0,68,0.6461529411764706,0,1,0,0
3168,5.0,5.0,0.0,91,0.6460411764705882,1,0,0,0
3169,2.0,2.0,0.0,66,0.6459294117647059,0,1,0,0
3170,2.0,2.0,0.0,67,0.6458176470588235,0,1,0,0
3171,5.0,5.0,0.0,66,0.6457058823529411,1,0,0,0
3172,4.0,4.0,0.0,69,0.6455941176470588,0,1,0,0
3173,2.0,2.0,0.0,64,0.6454823529411765,0,1,0,0
3174,5.0,5.0,0.0,51,0.6453705882352941,1,0,0,0
3175,5.0,5.0,0.0,105,0.6452588235294118,1,0,0,0
3176,4.0,4.0,0.0,77,0.6451470588235294,0,1,0,0
3177,5.0,5.0,0.0,41,0.6450352941176472,1,0,0,0
3178,4.0,4.0,0.0,45,0.6449235294117648,0,1,0,0
3179,4.0,4.0,0.0,58,0.6448117647058824,0,1,0,0
3180,2.0,2.0,0.0,48,0.6447,0,1,0,0
3181,4.0,4.0,0.0,35,0.6445882352941177,0,1,0,0
3182,4.0,4.0,0.0,51,0.6444764705882353,0,1,0,0
3183,5.0,5.0,0.0,105,0.644364705882353,1,0,0,0
3184,2.0,2.0,0.0,42,0.6442529411764706,0,1,0,0
3185,5.0,5.0,0.0,130,0.6441411764705882,1,0,0,0
3186,2.0,2.0,0.0,46,0.6440294117647059,0,1,0,0
3187,5.0,5.0,0.0,81,0.6439176470588235,1,0,0,0
3188,4.0,4.0,0.0,88,0.6438058823529412,0,1,0,0
3189,4.0,4.0,0.0,69,0.6436941176470588,0,1,0,0
3190,4.0,4.0,0.0,39,0.6435823529411765,0,1,0,0
3191,4.0,4.0,0.0,103,0.6434705882352941,0,1,0,0
3192,4.0,4.0,0.0,74,0.6433588235294119,0,1,0,0
3193,4.0,4.0,0.0,87,0.6432470588235295,0,1,0,0
3194,4.0,4.0,0.0,114,0.6431352941176471,0,1,0,0
3195,4.0,4.0,0.0,65,0.6430235294117648,0,1,0,0
3196,4.0,4.0,0.0,45,0.6429117647058824,0,1,0,0
3197,2.0,2.0,0.0,54,0.6428,0,1,0,0
3198,4.0,4.0,0.0,62,0.6426882352941177,0,1,0,0
3199,5.0,5.0,0.0,68,0.6425764705882353,1,0,0,0
3200,4.0,4.0,0.0,72,0.6424647058823529,0,1,0,0
3201,4.0,4.0,0.0,52,0.6423529411764706,0,1,0,0
3202,2.0,2.0,0.0,64,0.6422411764705882,0,1,0,0
3203,2.0,2.0,0.0,51,0.6421294117647058,0,1,0,0
3204,5.0,5.0,0.0,104,0.6420176470588235,1,0,0,0
3205,4.0,4.0,0.0,36,0.6419058823529412,0,1,0,0
3206,4.0,4.0,0.0,56,0.6417941176470588,0,1,0,0
3207,4.0,4.0,0.0,79,0.6416823529411765,0,1,0,0
3208,4.0,4.0,0.0,87,0.6415705882352941,0,1,0,0
3209,4.0,4.0,0.0,73,0.6414588235294119,0,1,0,0
3210,4.0,4.0,0.0,66,0.6413470588235295,0,1,0,0
3211,4.0,4.0,0.0,46,0.6412352941176471,0,1,0,0
3212,4.0,4.0,0.0,53,0.6411235294117648,0,1,0,0
3213,2.0,2.0,0.0,68,0.6410117647058824,0,1,0,0
3214,4.0,4.0,0.0,60,0.6409,0,1,0,0
3215,4.0,4.0,0.0,147,0.6407882352941177,0,1,0,0
3216,5.0,5.0,0.0,79,0.6406764705882353,1,0,0,0
3217,4.0,4.0,0.0,78,0.6405647058823529,0,1,0,0
3218,5.0,5.0,0.0,87,0.6404529411764706,1,0,0,0
3219,5.0,5.0,0.0,90,0.6403411764705882,1,0,0,0
3220,4.0,4.0,0.0,41,0.6402294117647058,0,1,0,0
3221,4.0,4.0,0.0,93,0.6401176470588235,0,1,0,0
3222,5.0,5.0,0.0,84,0.6400058823529412,1,0,0,0
3223,4.0,4.0,0.0,60,0.6398941176470588,0,1,0,0
3224,4.0,4.0,0.0,113,0.6397823529411766,0,1,0,0
3225,4.0,4.0,0.0,55,0.6396705882352941,0,1,0,0
3226,4.0,4.0,0.0,51,0.6395588235294118,0,1,0,0
3227,5.0,5.0,0.0,53,0.6394470588235295,1,0,0,0
3228,4.0,4.0,0.0,86,0.6393352941176471,0,1,0,0
3229,4.0,4.0,0.0,71,0.6392235294117647,0,1,0,0
3230,5.0,5.0,0.0,55,0.6391117647058824,1,0,0,0
3231,4.0,4.0,0.0,101,0.639,0,1,0,0
3232,4.0,4.0,0.0,126,0.6388882352941176,0,1,0,0
3233,4.0,4.0,0.0,66,0.6387764705882353,0,1,0,0
3234,4.0,4.0,0.0,68,0.6386647058823529,0,1,0,0
3235,2.0,2.0,0.0,88,0.6385529411764705,0,1,0,0
3236,4.0,4.0,0.0,77,0.6384411764705882,0,1,0,0
3237,4.0,4.0,0.0,97,0.6383294117647059,0,1,0,0
3238,5.0,5.0,0.0,62,0.6382176470588234,1,0,0,0
3239,4.0,4.0,0.0,53,0.6381058823529412,0,1,0,0
3240,4.0,4.0,0.0,52,0.6379941176470588,0,1,0,0
3241,4.0,4.0,0.0,46,0.6378823529411766,0,1,0,0
3242,2.0,2.0,0.0,33,0.6377705882352942,0,1,0,0
3243,2.0,2.0,0.0,50,0.6376588235294118,0,1,0,0
3244,2.0,2.0,0.0,51,0.6375470588235295,0,1,0,0
3245,4.0,4.0,0.0,66,0.6374352941176471,0,1,0,0
3246,2.0,2.0,0.0,43,0.6373235294117647,0,1,0,0
3247,5.0,5.0,0.0,113,0.6372117647058824,1,0,0,0
3248,5.0,5.0,0.0,73,0.6371,1,0,0,0
3249,4.0,4.0,0.0,40,0.6369882352941176,0,1,0,0
3250,4.0,4.0,0.0,64,0.6368764705882353,0,1,0,0
3251,4.0,4.0,0.0,78,0.636764705882353,0,1,0,0
3252,5.0,5.0,0.0,77,0.6366529411764705,1,0,0,0
3253,4.0,4.0,0.0,87,0.6365411764705882,0,1,0,0
3254,4.0,4.0,0.0,64,0.6364294117647059,0,1,0,0
3255,2.0,2.0,0.0,53,0.6363176470588235,0,1,0,0
3256,4.0,4.0,0.0,119,0.6362058823529412,0,1,0,0
3257,4.0,4.0,0.0,63,0.6360941176470588,0,1,0,0
3258,5.0,5.0,0.0,54,0.6359823529411766,1,0,0,0
3259,4.0,4.0,0.0,47,0.6358705882352942,0,1,0,0
3260,4.0,4.0,0.0,47,0.6357588235294118,0,1,0,0
3261,2.0,2.0,0.0,69,0.6356470588235295,0,1,0,0
3262,4.0,4.0,0.0,86,0.6355352941176471,0,1,0,0
3263,2.0,2.0,0.0,69,0.6354235294117647,0,1,0,0
3264,4.0,4.0,0.0,77,0.6353117647058824,0,1,0,0
3265,4.0,4.0,0.0,69,0.6352,0,1,0,0
3266,5.0,5.0,0.0,75,0.6350882352941176,1,0,0,0
3267,5.0,5.0,0.0,74,0.6349764705882353,1,0,0,0
3268,2.0,2.0,0.0,72,0.634864705882353,0,1,0,0
3269,4.0,4.0,0.0,68,0.6347529411764706,0,1,0,0
3270,5.0,5.0,0.0,57,0.6346411764705883,1,0,0,0
3271,4.0,4.0,0.0,75,0.6345294117647059,0,1,0,0
3272,5.0,5.0,0.0,118,0.6344176470588235,1,0,0,0
3273,5.0,5.0,0.0,46,0.6343058823529413,1,0,0,0
3274,5.0,5.0,0.0,79,0.6341941176470588,1,0,0,0
3275,4.0,4.0,0.0,69,0.6340823529411765,0,1,0,0
3276,4.0,4.0,0.0,55,0.6339705882352942,0,1,0,0
3277,2.0,2.0,0.0,35,0.6338588235294118,0,1,0,0
3278,4.0,4.0,0.0,71,0.6337470588235294,0,1,0,0
3279,2.0,2.0,0.0,49,0.6336352941176471,0,1,0,0
3280,5.0,5.0,0.0,92,0.6335235294117647,1,0,0,0
3281,4.0,4.0,0.0,89,0.6334117647058823,0,1,0,0
3282,4.0,4.0,0.0,93,0.6333,0,1,0,0
3283,4.0,4.0,0.0,45,0.6331882352941176,0,1,0,0
3284,5.0,5.0,0.0,63,0.6330764705882352,1,0,0,0
3285,4.0,4.0,0.0,58,0.632964705882353,0,1,0,0
3286,5.0,5.0,0.0,84,0.6328529411764706,1,0,0,0
3287,4.0,4.0,0.0,64,0.6327411764705883,0,1,0,0
3288,5.0,5.0,0.0,78,0.6326294117647059,1,0,0,0
3289,5.0,5.0,0.0,77,0.6325176470588235,1,0,0,0
3290,4.0,4.0,0.0,54,0.6324058823529413,0,1,0,0
3291,5.0,5.0,0.0,65,0.6322941176470589,1,0,0,0
3292,5.0,5.0,0.0,77,0.6321823529411765,1,0,0,0
3293,5.0,5.0,0.0,84,0.6320705882352942,1,0,0,0
3294,4.0,4.0,0.0,70,0.6319588235294118,0,1,0,0
3295,4.0,4.0,0.0,131,0.6318470588235294,0,1,0,0
3296,4.0,4.0,0.0,91,0.6317352941176471,0,1,0,0
3297,5.0,5.0,0.0,87,0.6316235294117647,1,0,0,0
3298,4.0,4.0,0.0,55,0.6315117647058823,0,1,0,0
3299,2.0,2.0,0.0,78,0.6314,0,1,0,0
3300,4.0,4.0,0.0,53,0.6312882352941177,0,1,0,0
3301,2.0,2.0,0.0,53,0.6311764705882352,0,1,0,0
3302,4.0,4.0,0.0,97,0.631064705882353,0,1,0,0
3303,4.0,4.0,0.0,69,0.6309529411764706,0,1,0,0
3304,2.0,2.0,0.0,83,0.6308411764705883,0,1,0,0
3305,2.0,2.0,0.0,50,0.6307294117647059,0,1,0,0
3306,4.0,4.0,0.0,70,0.6306176470588236,0,1,0,0
3307,5.0,5.0,0.0,48,0.6305058823529412,1,0,0,0
3308,5.0,5.0,0.0,63,0.6303941176470589,1,0,0,0
3309,4.0,4.0,0.0,79,0.6302823529411765,0,1,0,0
3310,4.0,4.0,0.0,53,0.6301705882352941,0,1,0,0
3311,4.0,4.0,0.0,41,0.6300588235294118,0,1,0,0
3312,5.0,5.0,0.0,103,0.6299470588235294,1,0,0,0
3313,4.0,4.0,0.0,47,0.629835294117647,0,1,0,0
3314,4.0,4.0,0.0,89,0.6297235294117647,0,1,0,0
3315,4.0,4.0,0.0,68,0.6296117647058823,0,1,0,0
3316,4.0,4.0,0.0,65,0.6295,0,1,0,0
3317,4.0,4.0,0.0,55,0.6293882352941177,0,1,0,0
3318,4.0,4.0,0.0,57,0.6292764705882353,0,1,0,0
3319,4.0,4.0,0.0,41,0.629164705882353,0,1,0,0
3320,4.0,4.0,0.0,79,0.6290529411764706,0,1,0,0
3321,5.0,5.0,0.0,95,0.6289411764705883,1,0,0,0
3322,4.0,4.0,0.0,81,0.628829411764706,0,1,0,0
3323,4.0,4.0,0.0,36,0.6287176470588236,0,1,0,0
3324,4.0,4.0,0.0,53,0.6286058823529412,0,1,0,0
3325,5.0,5.0,0.0,74,0.6284941176470589,1,0,0,0
3326,4.0,4.0,0.0,85,0.6283823529411765,0,1,0,0
3327,5.0,5.0,0.0,110,0.6282705882352941,1,0,0,0
3328,4.0,4.0,0.0,88,0.6281588235294118,0,1,0,0
3329,4.0,4.0,0.0,71,0.6280470588235294,0,1,0,0
3330,4.0,4.0,0.0,67,0.627935294117647,0,1,0,0
3331,4.0,4.0,0.0,49,0.6278235294117647,0,1,0,0
3332,5.0,5.0,0.0,100,0.6277117647058823,1,0,0,0
3333,2.0,2.0,0.0,44,0.6275999999999999,0,1,0,0
3334,5.0,5.0,0.0,61,0.6274882352941177,1,0,0,0
3335,4.0,4.0,0.0,51,0.6273764705882353,0,1,0,0
3336,2.0,2.0,0.0,104,0.6272647058823531,0,1,0,0
3337,4.0,4.0,0.0,90,0.6271529411764706,0,1,0,0
3338,4.0,4.0,0.0,65,0.6270411764705883,0,1,0,0
3339,4.0,4.0,0.0,74,0.626929411764706,0,1,0,0
3340,2.0,2.0,0.0,43,0.6268176470588236,0,1,0,0
3341,4.0,4.0,0.0,57,0.6267058823529412,0,1,0,0
3342,4.0,4.0,0.0,52,0.6265941176470589,0,1,0,0
3343,4.0,4.0,0.0,97,0.6264823529411765,0,1,0,0
3344,4.0,4.0,0.0,70,0.6263705882352941,0,1,0,0
3345,4.0,4.0,0.0,81,0.6262588235294118,0,1,0,0
3346,5.0,5.0,0.0,56,0.6261470588235294,1,0,0,0
3347,4.0,4.0,0.0,59,0.626035294117647,0,1,0,0
3348,2.0,2.0,0.0,42,0.6259235294117647,0,1,0,0
3349,4.0,4.0,0.0,62,0.6258117647058824,0,1,0,0
3350,2.0,2.0,0.0,69,0.6256999999999999,0,1,0,0
3351,4.0,4.0,0.0,75,0.6255882352941177,0,1,0,0
3352,5.0,5.0,0.0,62,0.6254764705882353,1,0,0,0
3353,4.0,4.0,0.0,105,0.625364705882353,0,1,0,0
3354,4.0,4.0,0.0,69,0.6252529411764707,0,1,0,0
3355,2.0,2.0,0.0,55,0.6251411764705883,0,1,0,0
3356,2.0,2.0,0.0,53,0.6250294117647059,0,1,0,0
3357,5.0,5.0,0.0,48,0.6249176470588236,1,0,0,0
3358,4.0,4.0,0.0,86,0.6248058823529412,0,1,0,0
3359,4.0,4.0,0.0,122,0.6246941176470588,0,1,0,0
3360,4.0,4.0,0.0,59,0.6245823529411765,0,1,0,0
3361,5.0,5.0,0.0,74,0.6244705882352941,1,0,0,0
3362,5.0,5.0,0.0,71,0.6243588235294117,1,0,0,0
3363,4.0,4.0,0.0,106,0.6242470588235294,0,1,0,0
3364,5.0,5.0,0.0,78,0.624135294117647,1,0,0,0
3365,4.0,4.0,0.0,40,0.6240235294117646,0,1,0,0
3366,4.0,4.0,0.0,66,0.6239117647058824,0,1,0,0
3367,5.0,5.0,0.0,86,0.6238,1,0,0,0
3368,5.0,5.0,0.0,81,0.6236882352941177,1,0,0,0
3369,4.0,4.0,0.0,83,0.6235764705882353,0,1,0,0
3370,5.0,5.0,0.0,64,0.623464705882353,1,0,0,0
3371,5.0,5.0,0.0,58,0.6233529411764707,1,0,0,0
3372,4.0,4.0,0.0,75,0.6232411764705883,0,1,0,0
3373,5.0,5.0,0.0,69,0.6231294117647059,1,0,0,0
3374,4.0,4.0,0.0,80,0.6230176470588236,0,1,0,0
3375,4.0,4.0,0.0,85,0.6229058823529412,0,1,0,0
3376,4.0,4.0,0.0,69,0.6227941176470588,0,1,0,0
3377,5.0,5.0,0.0,49,0.6226823529411765,1,0,0,0
3378,4.0,4.0,0.0,70,0.6225705882352941,0,1,0,0
3379,5.0,5.0,0.0,82,0.6224588235294117,1,0,0,0
3380,5.0,5.0,0.0,94,0.6223470588235294,1,0,0,0
3381,5.0,5.0,0.0,70,0.622235294117647,1,0,0,0
3382,5.0,5.0,0.0,79,0.6221235294117646,1,0,0,0
3383,5.0,5.0,0.0,61,0.6220117647058824,1,0,0,0
3384,5.0,5.0,0.0,59,0.6219,1,0,0,0
3385,4.0,4.0,0.0,83,0.6217882352941178,0,1,0,0
3386,4.0,4.0,0.0,91,0.6216764705882353,0,1,0,0
3387,4.0,4.0,0.0,74,0.621564705882353,0,1,0,0
3388,2.0,2.0,0.0,50,0.6214529411764707,0,1,0,0
3389,5.0,5.0,0.0,45,0.6213411764705883,1,0,0,0
3390,2.0,2.0,0.0,47,0.6212294117647059,0,1,0,0
3391,2.0,2.0,0.0,53,0.6211176470588236,0,1,0,0
3392,4.0,4.0,0.0,53,0.6210058823529412,0,1,0,0
3393,5.0,5.0,0.0,58,0.6208941176470588,1,0,0,0
3394,2.0,2.0,0.0,47,0.6207823529411765,0,1,0,0
3395,4.0,4.0,0.0,54,0.6206705882352941,0,1,0,0
3396,4.0,4.0,0.0,60,0.6205588235294117,0,1,0,0
3397,4.0,4.0,0.0,97,0.6204470588235295,0,1,0,0
3398,4.0,4.0,0.0,38,0.6203352941176471,0,1,0,0
3399,4.0,4.0,0.0,39,0.6202235294117646,0,1,0,0
3400,4.0,4.0,0.0,67,0.6201117647058824,0,1,0,0
3401,5.0,5.0,0.0,80,0.62,1,0,0,0
3402,5.0,5.0,0.0,65,0.6198882352941177,1,0,0,0
3403,5.0,5.0,0.0,74,0.6197764705882354,1,0,0,0
3404,4.0,4.0,0.0,46,0.619664705882353,0,1,0,0
3405,4.0,4.0,0.0,50,0.6195529411764706,0,1,0,0
3406,5.0,5.0,0.0,61,0.6194411764705883,1,0,0,0
3407,2.0,2.0,0.0,65,0.6193294117647059,0,1,0,0
3408,4.0,4.0,0.0,69,0.6192176470588235,0,1,0,0
3409,5.0,5.0,0.0,57,0.6191058823529412,1,0,0,0
3410,4.0,4.0,0.0,85,0.6189941176470588,0,1,0,0
3411,5.0,5.0,0.0,100,0.6188823529411764,1,0,0,0
3412,5.0,5.0,0.0,60,0.6187705882352942,1,0,0,0
3413,5.0,5.0,0.0,64,0.6186588235294117,1,0,0,0
3414,5.0,5.0,0.0,91,0.6185470588235294,1,0,0,0
3415,5.0,5.0,0.0,65,0.6184352941176471,1,0,0,0
3416,5.0,5.0,0.0,93,0.6183235294117647,1,0,0,0
3417,4.0,4.0,0.0,46,0.6182117647058823,0,1,0,0
3418,4.0,4.0,0.0,69,0.6181,0,1,0,0
3419,4.0,4.0,0.0,53,0.6179882352941177,0,1,0,0
3420,4.0,4.0,0.0,66,0.6178764705882354,0,1,0,0
3421,4.0,4.0,0.0,95,0.617764705882353,0,1,0,0
3422,5.0,5.0,0.0,55,0.6176529411764706,1,0,0,0
3423,4.0,4.0,0.0,81,0.6175411764705883,0,1,0,0
3424,4.0,4.0,0.0,82,0.6174294117647059,0,1,0,0
3425,4.0,4.0,0.0,40,0.6173176470588235,0,1,0,0
3426,5.0,5.0,0.0,86,0.6172058823529412,1,0,0,0
3427,5.0,5.0,0.0,77,0.6170941176470588,1,0,0,0
3428,4.0,4.0,0.0,85,0.6169823529411764,0,1,0,0
3429,4.0,4.0,0.0,62,0.6168705882352942,0,1,0,0
3430,5.0,5.0,0.0,55,0.6167588235294118,1,0,0,0
3431,5.0,5.0,0.0,72,0.6166470588235294,1,0,0,0
3432,4.0,4.0,0.0,59,0.6165352941176471,0,1,0,0
3433,4.0,4.0,0.0,59,0.6164235294117648,0,1,0,0
3434,5.0,5.0,0.0,68,0.6163117647058824,1,0,0,0
3435,5.0,5.0,0.0,43,0.6162,1,0,0,0
3436,4.0,4.0,0.0,53,0.6160882352941177,0,1,0,0
3437,4.0,4.0,0.0,63,0.6159764705882353,0,1,0,0
3438,5.0,5.0,0.0,69,0.615864705882353,1,0,0,0
3439,4.0,4.0,0.0,77,0.6157529411764706,0,1,0,0
3440,2.0,2.0,0.0,32,0.6156411764705882,0,1,0,0
3441,4.0,4.0,0.0,111,0.6155294117647059,0,1,0,0
3442,4.0,4.0,0.0,50,0.6154176470588235,0,1,0,0
3443,5.0,5.0,0.0,50,0.6153058823529411,1,0,0,0
3444,5.0,5.0,0.0,90,0.6151941176470588,1,0,0,0
3445,5.0,5.0,0.0,69,0.6150823529411764,1,0,0,0
3446,5.0,5.0,0.0,76,0.6149705882352942,1,0,0,0
3447,2.0,2.0,0.0,57,0.6148588235294118,0,1,0,0
3448,4.0,4.0,0.0,108,0.6147470588235294,0,1,0,0
3449,4.0,4.0,0.0,76,0.6146352941176471,0,1,0,0
3450,4.0,4.0,0.0,76,0.6145235294117648,0,1,0,0
3451,2.0,2.0,0.0,45,0.6144117647058824,0,1,0,0
3452,4.0,4.0,0.0,45,0.6143000000000001,0,1,0,0
3453,5.0,5.0,0.0,70,0.6141882352941177,1,0,0,0
3454,5.0,5.0,0.0,89,0.6140764705882353,1,0,0,0
3455,5.0,5.0,0.0,107,0.613964705882353,1,0,0,0
3456,5.0,5.0,0.0,77,0.6138529411764706,1,0,0,0
3457,5.0,5.0,0.0,46,0.6137411764705882,1,0,0,0
3458,5.0,5.0,0.0,55,0.6136294117647059,1,0,0,0
3459,4.0,4.0,0.0,42,0.6135176470588235,0,1,0,0
3460,4.0,4.0,0.0,95,0.6134058823529411,0,1,0,0
3461,2.0,2.0,0.0,50,0.6132941176470589,0,1,0,0
3462,4.0,4.0,0.0,48,0.6131823529411764,0,1,0,0
3463,5.0,5.0,0.0,76,0.6130705882352941,1,0,0,0
3464,2.0,2.0,0.0,39,0.6129588235294118,0,1,0,0
3465,4.0,4.0,0.0,47,0.6128470588235295,0,1,0,0
3466,4.0,4.0,0.0,68,0.612735294117647,0,1,0,0
3467,4.0,4.0,0.0,54,0.6126235294117648,0,1,0,0
3468,5.0,5.0,0.0,62,0.6125117647058824,1,0,0,0
3469,4.0,4.0,0.0,62,0.6124,0,1,0,0
3470,4.0,4.0,0.0,118,0.6122882352941177,0,1,0,0
3471,4.0,4.0,0.0,151,0.6121764705882353,0,1,0,0
3472,4.0,4.0,0.0,75,0.612064705882353,0,1,0,0
3473,4.0,4.0,0.0,55,0.6119529411764706,0,1,0,0
3474,2.0,2.0,0.0,68,0.6118411764705882,0,1,0,0
3475,4.0,4.0,0.0,92,0.6117294117647059,0,1,0,0
3476,4.0,4.0,0.0,59,0.6116176470588235,0,1,0,0
3477,4.0,4.0,0.0,62,0.6115058823529411,0,1,0,0
3478,4.0,4.0,0.0,39,0.6113941176470589,0,1,0,0
3479,2.0,2.0,0.0,39,0.6112823529411765,0,1,0,0
3480,5.0,5.0,0.0,51,0.6111705882352941,1,0,0,0
3481,5.0,5.0,0.0,57,0.6110588235294118,1,0,0,0
3482,5.0,5.0,0.0,74,0.6109470588235295,1,0,0,0
3483,2.0,2.0,0.0,50,0.6108352941176471,0,1,0,0
3484,5.0,5.0,0.0,78,0.6107235294117648,1,0,0,0
3485,5.0,5.0,0.0,69,0.6106117647058824,1,0,0,0
3486,4.0,4.0,0.0,54,0.6105,0,1,0,0
3487,4.0,4.0,0.0,80,0.6103882352941177,0,1,0,0
3488,2.0,2.0,0.0,45,0.6102764705882353,0,1,0,0
3489,5.0,5.0,0.0,59,0.6101647058823529,1,0,0,0
3490,4.0,4.0,0.0,80,0.6100529411764706,0,1,0,0
3491,2.0,2.0,0.0,97,0.6099411764705882,0,1,0,0
3492,4.0,4.0,0.0,37,0.6098294117647058,0,1,0,0
3493,4.0,4.0,0.0,59,0.6097176470588235,0,1,0,0
3494,5.0,5.0,0.0,53,0.6096058823529411,1,0,0,0
3495,4.0,4.0,0.0,85,0.6094941176470589,0,1,0,0
3496,2.0,2.0,0.0,43,0.6093823529411765,0,1,0,0
3497,4.0,4.0,0.0,67,0.6092705882352942,0,1,0,0
3498,5.0,5.0,0.0,65,0.6091588235294118,1,0,0,0
3499,4.0,4.0,0.0,92,0.6090470588235295,0,1,0,0
3500,4.0,4.0,0.0,44,0.6089352941176471,0,1,0,0
3501,5.0,5.0,0.0,114,0.6088235294117648,1,0,0,0
3502,4.0,4.0,0.0,63,0.6087117647058824,0,1,0,0
3503,5.0,5.0,0.0,94,0.6086,1,0,0,0
3504,5.0,5.0,0.0,61,0.6084882352941177,1,0,0,0
3505,2.0,2.0,0.0,36,0.6083764705882353,0,1,0,0
3506,4.0,4.0,0.0,82,0.6082647058823529,0,1,0,0
3507,5.0,5.0,0.0,89,0.6081529411764706,1,0,0,0
3508,4.0,4.0,0.0,66,0.6080411764705882,0,1,0,0
3509,4.0,4.0,0.0,93,0.6079294117647058,0,1,0,0
3510,4.0,4.0,0.0,38,0.6078176470588236,0,1,0,0
3511,4.0,4.0,0.0,70,0.6077058823529411,0,1,0,0
3512,2.0,2.0,0.0,44,0.6075941176470588,0,1,0,0
3513,4.0,4.0,0.0,83,0.6074823529411765,0,1,0,0
3514,4.0,4.0,0.0,31,0.6073705882352942,0,1,0,0
3515,1.0,1.0,0.0,25,0.6072588235294119,0,1,0,0
3516,4.0,4.0,0.0,48,0.6071470588235295,0,1,0,0
3517,2.0,2.0,0.0,62,0.6070352941176471,0,1,0,0
3518,5.0,5.0,0.0,61,0.6069235294117648,1,0,0,0
3519,4.0,4.0,0.0,62,0.6068117647058824,0,1,0,0
3520,5.0,5.0,0.0,89,0.6067,1,0,0,0
3521,4.0,4.0,0.0,65,0.6065882352941177,0,1,0,0
3522,4.0,4.0,0.0,75,0.6064764705882353,0,1,0,0
3523,2.0,2.0,0.0,52,0.6063647058823529,0,1,0,0
3524,5.0,5.0,0.0,49,0.6062529411764706,1,0,0,0
3525,4.0,4.0,0.0,54,0.6061411764705882,0,1,0,0
3526,5.0,5.0,0.0,107,0.6060294117647058,1,0,0,0
3527,2.0,2.0,0.0,58,0.6059176470588236,0,1,0,0
3528,4.0,4.0,0.0,64,0.6058058823529412,0,1,0,0
3529,5.0,5.0,0.0,119,0.6056941176470588,1,0,0,0
3530,2.0,2.0,0.0,54,0.6055823529411765,0,1,0,0
3531,4.0,4.0,0.0,77,0.6054705882352942,0,1,0,0
3532,5.0,5.0,0.0,74,0.6053588235294118,1,0,0,0
3533,2.0,2.0,0.0,66,0.6052470588235295,0,1,0,0
3534,4.0,4.0,0.0,96,0.6051352941176471,0,1,0,0
3535,5.0,5.0,0.0,63,0.6050235294117647,1,0,0,0
3536,4.0,4.0,0.0,69,0.6049117647058824,0,1,0,0
3537,2.0,2.0,0.0,65,0.6048,0,1,0,0
3538,5.0,5.0,0.0,69,0.6046882352941176,1,0,0,0
3539,4.0,4.0,0.0,67,0.6045764705882353,0,1,0,0
3540,2.0,2.0,0.0,50,0.6044647058823529,0,1,0,0
3541,5.0,5.0,0.0,78,0.6043529411764706,1,0,0,0
3542,4.0,4.0,0.0,48,0.6042411764705882,0,1,0,0
3543,4.0,4.0,0.0,56,0.6041294117647058,0,1,0,0
3544,5.0,5.0,0.0,74,0.6040176470588235,1,0,0,0
3545,4.0,4.0,0.0,64,0.6039058823529412,0,1,0,0
3546,5.0,5.0,0.0,60,0.6037941176470589,1,0,0,0
3547,4.0,4.0,0.0,39,0.6036823529411764,0,1,0,0
3548,4.0,4.0,0.0,34,0.6035705882352942,0,1,0,0
3549,4.0,4.0,0.0,79,0.6034588235294118,0,1,0,0
3550,4.0,4.0,0.0,50,0.6033470588235295,0,1,0,0
3551,5.0,5.0,0.0,55,0.6032352941176471,1,0,0,0
3552,4.0,4.0,0.0,62,0.6031235294117647,0,1,0,0
3553,4.0,4.0,0.0,84,0.6030117647058824,0,1,0,0
3554,5.0,5.0,0.0,73,0.6029,1,0,0,0
3555,4.0,4.0,0.0,43,0.6027882352941176,0,1,0,0
3556,4.0,4.0,0.0,60,0.6026764705882353,0,1,0,0
3557,4.0,4.0,0.0,31,0.6025647058823529,0,1,0,0
3558,4.0,4.0,0.0,86,0.6024529411764706,0,1,0,0
3559,4.0,4.0,0.0,56,0.6023411764705883,0,1,0,0
3560,5.0,5.0,0.0,85,0.6022294117647059,1,0,0,0
3561,5.0,5.0,0.0,55,0.6021176470588235,1,0,0,0
3562,5.0,5.0,0.0,97,0.6020058823529412,1,0,0,0
3563,2.0,2.0,0.0,46,0.6018941176470589,0,1,0,0
3564,5.0,5.0,0.0,65,0.6017823529411765,1,0,0,0
3565,5.0,5.0,0.0,77,0.6016705882352942,1,0,0,0
3566,2.0,2.0,0.0,72,0.6015588235294118,0,1,0,0
3567,4.0,4.0,0.0,90,0.6014470588235294,0,1,0,0
3568,5.0,5.0,0.0,76,0.6013352941176471,1,0,0,0
3569,4.0,4.0,0.0,68,0.6012235294117647,0,1,0,0
3570,4.0,4.0,0.0,47,0.6011117647058823,0,1,0,0
3571,4.0,4.0,0.0,58,0.601,0,1,0,0
3572,4.0,4.0,0.0,61,0.6008882352941176,0,1,0,0
3573,4.0,4.0,0.0,64,0.6007764705882354,0,1,0,0
3574,4.0,4.0,0.0,73,0.6006647058823529,0,1,0,0
3575,4.0,4.0,0.0,49,0.6005529411764706,0,1,0,0
3576,4.0,4.0,0.0,56,0.6004411764705883,0,1,0,0
3577,4.0,4.0,0.0,52,0.600329411764706,0,1,0,0
3578,4.0,4.0,0.0,39,0.6002176470588235,0,1,0,0
3579,5.0,5.0,0.0,58,0.6001058823529412,1,0,0,0
3580,4.0,4.0,0.0,68,0.5999941176470589,0,1,0,0
3581,4.0,4.0,0.0,67,0.5998823529411765,0,1,0,0
3582,4.0,4.0,0.0,50,0.5997705882352942,0,1,0,0
3583,4.0,4.0,0.0,48,0.5996588235294118,0,1,0,0
3584,4.0,4.0,0.0,50,0.5995470588235294,0,1,0,0
3585,4.0,4.0,0.0,48,0.5994352941176471,0,1,0,0
3586,2.0,2.0,0.0,59,0.5993235294117647,0,1,0,0
3587,4.0,4.0,0.0,59,0.5992117647058823,0,1,0,0
3588,4.0,4.0,0.0,71,0.5991,0,1,0,0
3589,5.0,5.0,0.0,58,0.5989882352941176,1,0,0,0
3590,5.0,5.0,0.0,36,0.5988764705882353,1,0,0,0
3591,4.0,4.0,0.0,42,0.598764705882353,0,1,0,0
3592,4.0,4.0,0.0,48,0.5986529411764706,0,1,0,0
3593,4.0,4.0,0.0,71,0.5985411764705882,0,1,0,0
3594,5.0,5.0,0.0,53,0.598429411764706,1,0,0,0
3595,4.0,4.0,0.0,70,0.5983176470588236,0,1,0,0
3596,5.0,5.0,0.0,46,0.5982058823529413,1,0,0,0
3597,4.0,4.0,0.0,102,0.5980941176470589,0,1,0,0
3598,5.0,5.0,0.0,63,0.5979823529411765,1,0,0,0
3599,5.0,5.0,0.0,54,0.5978705882352942,1,0,0,0
3600,5.0,5.0,0.0,39,0.5977588235294118,1,0,0,0
3601,4.0,4.0,0.0,65,0.5976470588235294,0,1,0,0
3602,4.0,4.0,0.0,55,0.597535294117647,0,1,0,0
3603,4.0,4.0,0.0,46,0.5974235294117647,0,1,0,0
3604,4.0,4.0,0.0,64,0.5973117647058823,0,1,0,0
3605,5.0,5.0,0.0,52,0.5972,1,0,0,0
3606,4.0,4.0,0.0,63,0.5970882352941176,0,1,0,0
3607,4.0,4.0,0.0,73,0.5969764705882353,0,1,0,0
3608,2.0,2.0,0.0,70,0.596864705882353,0,1,0,0
3609,4.0,4.0,0.0,42,0.5967529411764706,0,1,0,0
3610,2.0,2.0,0.0,45,0.5966411764705882,0,1,0,0
3611,4.0,4.0,0.0,38,0.596529411764706,0,1,0,0
3612,5.0,5.0,0.0,91,0.5964176470588236,1,0,0,0
3613,4.0,4.0,0.0,72,0.5963058823529412,0,1,0,0
3614,4.0,4.0,0.0,65,0.5961941176470589,0,1,0,0
3615,4.0,4.0,0.0,38,0.5960823529411765,0,1,0,0
3616,4.0,4.0,0.0,43,0.5959705882352941,0,1,0,0
3617,2.0,2.0,0.0,34,0.5958588235294118,0,1,0,0
3618,4.0,4.0,0.0,56,0.5957470588235294,0,1,0,0
3619,5.0,5.0,0.0,86,0.595635294117647,1,0,0,0
3620,2.0,2.0,0.0,66,0.5955235294117647,0,1,0,0
3621,4.0,4.0,0.0,58,0.5954117647058823,0,1,0,0
3622,5.0,5.0,0.0,57,0.5953,1,0,0,0
3623,5.0,5.0,0.0,95,0.5951882352941176,1,0,0,0
3624,4.0,4.0,0.0,84,0.5950764705882353,0,1,0,0
3625,5.0,5.0,0.0,71,0.594964705882353,1,0,0,0
3626,4.0,4.0,0.0,62,0.5948529411764707,0,1,0,0
3627,4.0,4.0,0.0,46,0.5947411764705882,0,1,0,0
3628,5.0,5.0,0.0,85,0.594629411764706,1,0,0,0
3629,4.0,4.0,0.0,53,0.5945176470588236,0,1,0,0
3630,4.0,4.0,0.0,57,0.5944058823529412,0,1,0,0
3631,5.0,5.0,0.0,63,0.5942941176470589,1,0,0,0
3632,4.0,4.0,0.0,62,0.5941823529411765,0,1,0,0
3633,4.0,4.0,0.0,64,0.5940705882352941,0,1,0,0
3634,4.0,4.0,0.0,70,0.5939588235294118,0,1,0,0
3635,4.0,4.0,0.0,61,0.5938470588235294,0,1,0,0
3636,5.0,5.0,0.0,104,0.593735294117647,1,0,0,0
3637,4.0,4.0,0.0,99,0.5936235294117647,0,1,0,0
3638,4.0,4.0,0.0,61,0.5935117647058823,0,1,0,0
3639,4.0,4.0,0.0,70,0.5934,0,1,0,0
3640,5.0,5.0,0.0,72,0.5932882352941177,1,0,0,0
3641,2.0,2.0,0.0,54,0.5931764705882353,0,1,0,0
3642,5.0,5.0,0.0,49,0.5930647058823529,1,0,0,0
3643,4.0,4.0,0.0,80,0.5929529411764707,0,1,0,0
3644,4.0,4.0,0.0,45,0.5928411764705883,0,1,0,0
3645,5.0,5.0,0.0,44,0.592729411764706,1,0,0,0
3646,4.0,4.0,0.0,68,0.5926176470588236,0,1,0,0
3647,5.0,5.0,0.0,60,0.5925058823529412,1,0,0,0
3648,5.0,5.0,0.0,56,0.5923941176470588,1,0,0,0
3649,2.0,2.0,0.0,48,0.5922823529411765,0,1,0,0
3650,2.0,2.0,0.0,43,0.5921705882352941,0,1,0,0
3651,4.0,4.0,0.0,76,0.5920588235294117,0,1,0,0
3652,4.0,4.0,0.0,40,0.5919470588235294,0,1,0,0
3653,4.0,4.0,0.0,74,0.591835294117647,0,1,0,0
3654,5.0,5.0,0.0,57,0.5917235294117646,1,0,0,0
3655,2.0,2.0,0.0,67,0.5916117647058823,0,1,0,0
3656,5.0,5.0,0.0,59,0.5915,1,0,0,0
3657,4.0,4.0,0.0,39,0.5913882352941177,0,1,0,0
3658,4.0,4.0,0.0,54,0.5912764705882354,0,1,0,0
3659,4.0,4.0,0.0,60,0.5911647058823529,0,1,0,0
3660,4.0,4.0,0.0,40,0.5910529411764707,0,1,0,0
3661,5.0,5.0,0.0,65,0.5909411764705883,1,0,0,0
3662,4.0,4.0,0.0,91,0.5908294117647059,0,1,0,0
3663,4.0,4.0,0.0,47,0.5907176470588236,0,1,0,0
3664,2.0,2.0,0.0,33,0.5906058823529412,0,1,0,0
3665,4.0,4.0,0.0,70,0.5904941176470588,0,1,0,0
3666,4.0,4.0,0.0,82,0.5903823529411765,0,1,0,0
3667,5.0,5.0,0.0,109,0.5902705882352941,1,0,0,0
3668,2.0,2.0,0.0,68,0.5901588235294117,0,1,0,0
3669,4.0,4.0,0.0,69,0.5900470588235294,0,1,0,0
3670,5.0,5.0,0.0,59,0.589935294117647,1,0,0,0
3671,4.0,4.0,0.0,93,0.5898235294117647,0,1,0,0
3672,4.0,4.0,0.0,59,0.5897117647058823,0,1,0,0
3673,5.0,5.0,0.0,64,0.5896,1,0,0,0
3674,5.0,5.0,0.0,60,0.5894882352941176,1,0,0,0
3675,2.0,2.0,0.0,56,0.5893764705882354,0,1,0,0
3676,4.0,4.0,0.0,60,0.589264705882353,0,1,0,0
3677,2.0,2.0,0.0,54,0.5891529411764707,0,1,0,0
3678,2.0,2.0,0.0,42,0.5890411764705883,0,1,0,0
3679,2.0,2.0,0.0,57,0.5889294117647059,0,1,0,0
3680,4.0,4.0,0.0,51,0.5888176470588236,0,1,0,0
3681,4.0,4.0,0.0,48,0.5887058823529412,0,1,0,0
3682,4.0,4.0,0.0,68,0.5885941176470588,0,1,0,0
3683,4.0,4.0,0.0,67,0.5884823529411765,0,1,0,0
3684,2.0,2.0,0.0,61,0.5883705882352941,0,1,0,0
3685,4.0,4.0,0.0,59,0.5882588235294117,0,1,0,0
3686,2.0,2.0,0.0,48,0.5881470588235294,0,1,0,0
3687,4.0,4.0,0.0,62,0.5880352941176471,0,1,0,0
3688,4.0,4.0,0.0,59,0.5879235294117647,0,1,0,0
3689,4.0,4.0,0.0,66,0.5878117647058824,0,1,0,0
3690,5.0,5.0,0.0,66,0.5877,1,0,0,0
3691,5.0,5.0,0.0,76,0.5875882352941176,1,0,0,0
3692,5.0,5.0,0.0,111,0.5874764705882354,1,0,0,0
3693,4.0,4.0,0.0,77,0.587364705882353,0,1,0,0
3694,4.0,4.0,0.0,64,0.5872529411764706,0,1,0,0
3695,4.0,4.0,0.0,51,0.5871411764705883,0,1,0,0
3696,5.0,5.0,0.0,57,0.5870294117647059,1,0,0,0
3697,2.0,2.0,0.0,67,0.5869176470588235,0,1,0,0
3698,4.0,4.0,0.0,66,0.5868058823529412,0,1,0,0
3699,4.0,4.0,0.0,79,0.5866941176470588,0,1,0,0
3700,5.0,5.0,0.0,54,0.5865823529411764,1,0,0,0
3701,4.0,4.0,0.0,88,0.5864705882352941,0,1,0,0
3702,4.0,4.0,0.0,78,0.5863588235294118,0,1,0,0
3703,4.0,4.0,0.0,46,0.5862470588235293,0,1,0,0
3704,5.0,5.0,0.0,65,0.5861352941176471,1,0,0,0
3705,5.0,5.0,0.0,43,0.5860235294117647,1,0,0,0
3706,4.0,4.0,0.0,52,0.5859117647058825,0,1,0,0
3707,5.0,5.0,0.0,99,0.5858000000000001,1,0,0,0
3708,4.0,4.0,0.0,86,0.5856882352941176,0,1,0,0
3709,4.0,4.0,0.0,64,0.5855764705882354,0,1,0,0
3710,5.0,5.0,0.0,99,0.585464705882353,1,0,0,0
3711,5.0,5.0,0.0,66,0.5853529411764706,1,0,0,0
3712,4.0,4.0,0.0,50,0.5852411764705883,0,1,0,0
3713,5.0,5.0,0.0,93,0.5851294117647059,1,0,0,0
3714,2.0,2.0,0.0,39,0.5850176470588235,0,1,0,0
3715,5.0,5.0,0.0,55,0.5849058823529412,1,0,0,0
3716,4.0,4.0,0.0,61,0.5847941176470588,0,1,0,0
3717,2.0,2.0,0.0,115,0.5846823529411764,0,1,0,0
3718,4.0,4.0,0.0,36,0.5845705882352941,0,1,0,0
3719,4.0,4.0,0.0,45,0.5844588235294118,0,1,0,0
3720,5.0,5.0,0.0,52,0.5843470588235294,1,0,0,0
3721,2.0,2.0,0.0,53,0.5842352941176471,0,1,0,0
3722,5.0,5.0,0.0,59,0.5841235294117647,1,0,0,0
3723,4.0,4.0,0.0,72,0.5840117647058825,0,1,0,0
3724,1.0,1.0,0.0,34,0.5839000000000001,0,1,0,0
3725,5.0,5.0,0.0,92,0.5837882352941177,1,0,0,0
3726,4.0,4.0,0.0,35,0.5836764705882354,0,1,0,0
3727,4.0,4.0,0.0,68,0.583564705882353,0,1,0,0
3728,5.0,5.0,0.0,70,0.5834529411764706,1,0,0,0
3729,5.0,5.0,0.0,53,0.5833411764705883,1,0,0,0
3730,4.0,4.0,0.0,71,0.5832294117647059,0,1,0,0
3731,5.0,5.0,0.0,93,0.5831176470588235,1,0,0,0
3732,5.0,5.0,0.0,90,0.5830058823529412,1,0,0,0
3733,4.0,4.0,0.0,90,0.5828941176470588,0,1,0,0
3734,5.0,5.0,0.0,72,0.5827823529411765,1,0,0,0
3735,5.0,5.0,0.0,81,0.582670588235294,1,0,0,0
3736,5.0,5.0,0.0,57,0.5825588235294118,1,0,0,0
3737,2.0,2.0,0.0,30,0.5824470588235294,0,1,0,0
3738,2.0,2.0,0.0,80,0.5823352941176472,0,1,0,0
3739,4.0,4.0,0.0,47,0.5822235294117647,0,1,0,0
3740,5.0,5.0,0.0,65,0.5821117647058824,1,0,0,0
3741,4.0,4.0,0.0,51,0.5820000000000001,0,1,0,0
3742,2.0,2.0,0.0,31,0.5818882352941177,0,1,0,0
3743,4.0,4.0,0.0,67,0.5817764705882353,0,1,0,0
3744,5.0,5.0,0.0,71,0.581664705882353,1,0,0,0
3745,5.0,5.0,0.0,59,0.5815529411764706,1,0,0,0
3746,4.0,4.0,0.0,128,0.5814411764705882,0,1,0,0
3747,5.0,5.0,0.0,74,0.5813294117647059,1,0,0,0
3748,4.0,4.0,0.0,46,0.5812176470588235,0,1,0,0
3749,4.0,4.0,0.0,48,0.5811058823529411,0,1,0,0
3750,2.0,2.0,0.0,63,0.5809941176470588,0,1,0,0
3751,4.0,4.0,0.0,91,0.5808823529411765,0,1,0,0
3752,4.0,4.0,0.0,52,0.5807705882352941,0,1,0,0
3753,4.0,4.0,0.0,51,0.5806588235294118,0,1,0,0
3754,5.0,5.0,0.0,98,0.5805470588235294,1,0,0,0
3755,5.0,5.0,0.0,58,0.5804352941176472,1,0,0,0
3756,5.0,5.0,0.0,62,0.5803235294117648,1,0,0,0
3757,5.0,5.0,0.0,65,0.5802117647058824,1,0,0,0
3758,5.0,5.0,0.0,71,0.5801000000000001,1,0,0,0
3759,4.0,4.0,0.0,55,0.5799882352941177,0,1,0,0
3760,5.0,5.0,0.0,81,0.5798764705882353,1,0,0,0
3761,2.0,2.0,0.0,38,0.579764705882353,0,1,0,0
3762,4.0,4.0,0.0,70,0.5796529411764706,0,1,0,0
3763,2.0,2.0,0.0,49,0.5795411764705882,0,1,0,0
3764,4.0,4.0,0.0,40,0.5794294117647059,0,1,0,0
3765,4.0,4.0,0.0,50,0.5793176470588235,0,1,0,0
3766,5.0,5.0,0.0,53,0.5792058823529411,1,0,0,0
3767,4.0,4.0,0.0,68,0.5790941176470588,0,1,0,0
3768,5.0,5.0,0.0,59,0.5789823529411765,1,0,0,0
3769,4.0,4.0,0.0,63,0.5788705882352941,0,1,0,0
3770,2.0,2.0,0.0,27,0.5787588235294119,0,1,0,0
3771,5.0,5.0,0.0,55,0.5786470588235294,1,0,0,0
3772,5.0,5.0,0.0,94,0.5785352941176471,1,0,0,0
3773,4.0,4.0,0.0,26,0.5784235294117648,0,1,0,0
3774,4.0,4.0,0.0,39,0.5783117647058824,0,1,0,0
3775,4.0,4.0,0.0,45,0.5782,0,1,0,0
3776,4.0,4.0,0.0,43,0.5780882352941177,0,1,0,0
3777,4.0,4.0,0.0,56,0.5779764705882353,0,1,0,0
3778,4.0,4.0,0.0,52,0.577864705882353,0,1,0,0
3779,5.0,5.0,0.0,59,0.5777529411764706,1,0,0,0
3780,4.0,4.0,0.0,44,0.5776411764705882,0,1,0,0
3781,5.0,5.0,0.0,56,0.5775294117647058,1,0,0,0
3782,5.0,5.0,0.0,62,0.5774176470588235,1,0,0,0
3783,5.0,5.0,0.0,93,0.5773058823529412,1,0,0,0
3784,4.0,4.0,0.0,73,0.5771941176470587,0,1,0,0
3785,4.0,4.0,0.0,42,0.5770823529411765,0,1,0,0
3786,5.0,5.0,0.0,41,0.5769705882352941,1,0,0,0
3787,5.0,5.0,0.0,44,0.5768588235294119,1,0,0,0
3788,4.0,4.0,0.0,81,0.5767470588235295,0,1,0,0
3789,5.0,5.0,0.0,62,0.5766352941176471,1,0,0,0
3790,4.0,4.0,0.0,46,0.5765235294117648,0,1,0,0
3791,5.0,5.0,0.0,71,0.5764117647058824,1,0,0,0
3792,5.0,5.0,0.0,56,0.5763,1,0,0,0
3793,5.0,5.0,0.0,53,0.5761882352941177,1,0,0,0
3794,4.0,4.0,0.0,43,0.5760764705882353,0,1,0,0
3795,5.0,5.0,0.0,91,0.5759647058823529,1,0,0,0
3796,4.0,4.0,0.0,33,0.5758529411764706,0,1,0,0
3797,4.0,4.0,0.0,57,0.5757411764705882,0,1,0,0
3798,4.0,4.0,0.0,95,0.5756294117647058,0,1,0,0
3799,5.0,5.0,0.0,56,0.5755176470588235,1,0,0,0
3800,4.0,4.0,0.0,61,0.5754058823529412,0,1,0,0
3801,4.0,4.0,0.0,76,0.5752941176470588,0,1,0,0
3802,4.0,4.0,0.0,74,0.5751823529411765,0,1,0,0
3803,4.0,4.0,0.0,36,0.5750705882352941,0,1,0,0
3804,5.0,5.0,0.0,53,0.5749588235294119,1,0,0,0
3805,4.0,4.0,0.0,46,0.5748470588235295,0,1,0,0
3806,5.0,5.0,0.0,55,0.5747352941176471,1,0,0,0
3807,5.0,5.0,0.0,56,0.5746235294117648,1,0,0,0
3808,4.0,4.0,0.0,38,0.5745117647058824,0,1,0,0
3809,2.0,2.0,0.0,91,0.5744,0,1,0,0
3810,4.0,4.0,0.0,42,0.5742882352941177,0,1,0,0
3811,4.0,4.0,0.0,56,0.5741764705882353,0,1,0,0
3812,5.0,5.0,0.0,57,0.5740647058823529,1,0,0,0
3813,5.0,5.0,0.0,73,0.5739529411764706,1,0,0,0
3814,2.0,2.0,0.0,36,0.5738411764705883,0,1,0,0
3815,4.0,4.0,0.0,46,0.5737294117647058,0,1,0,0
3816,5.0,5.0,0.0,88,0.5736176470588235,1,0,0,0
3817,5.0,5.0,0.0,69,0.5735058823529412,1,0,0,0
3818,4.0,4.0,0.0,106,0.5733941176470588,0,1,0,0
3819,4.0,4.0,0.0,101,0.5732823529411766,0,1,0,0
3820,4.0,4.0,0.0,42,0.5731705882352941,0,1,0,0
3821,5.0,5.0,0.0,75,0.5730588235294118,1,0,0,0
3822,4.0,4.0,0.0,55,0.5729470588235295,0,1,0,0
3823,5.0,5.0,0.0,63,0.5728352941176471,1,0,0,0
3824,4.0,4.0,0.0,42,0.5727235294117647,0,1,0,0
3825,4.0,4.0,0.0,73,0.5726117647058824,0,1,0,0
3826,4.0,4.0,0.0,57,0.5725,0,1,0,0
3827,5.0,5.0,0.0,63,0.5723882352941176,1,0,0,0
3828,5.0,5.0,0.0,64,0.5722764705882353,1,0,0,0
3829,5.0,5.0,0.0,87,0.5721647058823529,1,0,0,0
3830,5.0,5.0,0.0,56,0.5720529411764705,1,0,0,0
3831,5.0,5.0,0.0,42,0.5719411764705883,1,0,0,0
3832,4.0,4.0,0.0,44,0.5718294117647059,0,1,0,0
3833,5.0,5.0,0.0,87,0.5717176470588236,1,0,0,0
3834,2.0,2.0,0.0,45,0.5716058823529412,0,1,0,0
3835,5.0,5.0,0.0,73,0.5714941176470588,1,0,0,0
3836,5.0,5.0,0.0,64,0.5713823529411766,1,0,0,0
3837,4.0,4.0,0.0,42,0.5712705882352942,0,1,0,0
3838,4.0,4.0,0.0,43,0.5711588235294118,0,1,0,0
3839,4.0,4.0,0.0,39,0.5710470588235295,0,1,0,0
3840,4.0,4.0,0.0,75,0.5709352941176471,0,1,0,0
3841,4.0,4.0,0.0,80,0.5708235294117647,0,1,0,0
3842,5.0,5.0,0.0,52,0.5707117647058824,1,0,0,0
3843,4.0,4.0,0.0,46,0.5706,0,1,0,0
3844,4.0,4.0,0.0,47,0.5704882352941176,0,1,0,0
3845,1.0,1.0,0.0,43,0.5703764705882353,0,1,0,0
3846,5.0,5.0,0.0,45,0.570264705882353,1,0,0,0
3847,4.0,4.0,0.0,51,0.5701529411764705,0,1,0,0
3848,4.0,4.0,0.0,47,0.5700411764705883,0,1,0,0
3849,5.0,5.0,0.0,72,0.5699294117647059,1,0,0,0
3850,4.0,4.0,0.0,47,0.5698176470588237,0,1,0,0
3851,5.0,5.0,0.0,88,0.5697058823529412,1,0,0,0
3852,5.0,5.0,0.0,47,0.5695941176470588,1,0,0,0
3853,4.0,4.0,0.0,65,0.5694823529411766,0,1,0,0
3854,5.0,5.0,0.0,93,0.5693705882352942,1,0,0,0
3855,4.0,4.0,0.0,77,0.5692588235294118,0,1,0,0
3856,4.0,4.0,0.0,46,0.5691470588235295,0,1,0,0
3857,5.0,5.0,0.0,76,0.5690352941176471,1,0,0,0
3858,5.0,5.0,0.0,76,0.5689235294117647,1,0,0,0
3859,5.0,5.0,0.0,79,0.5688117647058824,1,0,0,0
3860,4.0,4.0,0.0,77,0.5687,0,1,0,0
3861,5.0,5.0,0.0,48,0.5685882352941176,1,0,0,0
3862,5.0,5.0,0.0,46,0.5684764705882352,1,0,0,0
3863,4.0,4.0,0.0,60,0.568364705882353,0,1,0,0
3864,4.0,4.0,0.0,39,0.5682529411764706,0,1,0,0
3865,4.0,4.0,0.0,62,0.5681411764705883,0,1,0,0
3866,4.0,4.0,0.0,46,0.5680294117647059,0,1,0,0
3867,4.0,4.0,0.0,51,0.5679176470588236,0,1,0,0
3868,4.0,4.0,0.0,64,0.5678058823529413,0,1,0,0
3869,4.0,4.0,0.0,54,0.5676941176470589,0,1,0,0
3870,4.0,4.0,0.0,79,0.5675823529411765,0,1,0,0
3871,4.0,4.0,0.0,36,0.5674705882352942,0,1,0,0
3872,5.0,5.0,0.0,78,0.5673588235294118,1,0,0,0
3873,4.0,4.0,0.0,32,0.5672470588235294,0,1,0,0
3874,4.0,4.0,0.0,34,0.5671352941176471,0,1,0,0
3875,4.0,4.0,0.0,43,0.5670235294117647,0,1,0,0
3876,4.0,4.0,0.0,49,0.5669117647058823,0,1,0,0
3877,4.0,4.0,0.0,48,0.5668,0,1,0,0
3878,5.0,5.0,0.0,75,0.5666882352941176,1,0,0,0
3879,4.0,4.0,0.0,52,0.5665764705882352,0,1,0,0
3880,5.0,5.0,0.0,58,0.566464705882353,1,0,0,0
3881,5.0,5.0,0.0,62,0.5663529411764706,1,0,0,0
3882,2.0,2.0,0.0,38,0.5662411764705882,0,1,0,0
3883,5.0,5.0,0.0,74,0.5661294117647059,1,0,0,0
3884,4.0,4.0,0.0,55,0.5660176470588236,0,1,0,0
3885,4.0,4.0,0.0,45,0.5659058823529413,0,1,0,0
3886,5.0,5.0,0.0,62,0.5657941176470589,1,0,0,0
3887,4.0,4.0,0.0,47,0.5656823529411765,0,1,0,0
3888,4.0,4.0,0.0,59,0.5655705882352942,0,1,0,0
3889,5.0,5.0,0.0,68,0.5654588235294118,1,0,0,0
3890,2.0,2.0,0.0,40,0.5653470588235294,0,1,0,0
3891,4.0,4.0,0.0,69,0.5652352941176471,0,1,0,0
3892,4.0,4.0,0.0,45,0.5651235294117647,0,1,0,0
3893,4.0,4.0,0.0,51,0.5650117647058823,0,1,0,0
3894,5.0,5.0,0.0,48,0.5649,1,0,0,0
3895,4.0,4.0,0.0,62,0.5647882352941177,0,1,0,0
3896,5.0,5.0,0.0,39,0.5646764705882352,1,0,0,0
3897,5.0,5.0,0.0,69,0.564564705882353,1,0,0,0
3898,5.0,5.0,0.0,73,0.5644529411764706,1,0,0,0
3899,4.0,4.0,0.0,63,0.5643411764705883,0,1,0,0
3900,4.0,4.0,0.0,42,0.5642294117647059,0,1,0,0
3901,5.0,5.0,0.0,68,0.5641176470588236,1,0,0,0
3902,4.0,4.0,0.0,61,0.5640058823529412,0,1,0,0
3903,5.0,5.0,0.0,77,0.5638941176470589,1,0,0,0
3904,4.0,4.0,0.0,58,0.5637823529411765,0,1,0,0
3905,4.0,4.0,0.0,52,0.5636705882352941,0,1,0,0
3906,4.0,4.0,0.0,57,0.5635588235294118,0,1,0,0
3907,4.0,4.0,0.0,60,0.5634470588235294,0,1,0,0
3908,2.0,2.0,0.0,50,0.563335294117647,0,1,0,0
3909,4.0,4.0,0.0,84,0.5632235294117647,0,1,0,0
3910,4.0,4.0,0.0,54,0.5631117647058823,0,1,0,0
3911,5.0,5.0,0.0,54,0.563,1,0,0,0
3912,4.0,4.0,0.0,50,0.5628882352941177,0,1,0,0
3913,4.0,4.0,0.0,30,0.5627764705882353,0,1,0,0
3914,4.0,4.0,0.0,81,0.562664705882353,0,1,0,0
3915,5.0,5.0,0.0,63,0.5625529411764706,1,0,0,0
3916,4.0,4.0,0.0,40,0.5624411764705883,0,1,0,0
3917,5.0,5.0,0.0,55,0.562329411764706,1,0,0,0
3918,5.0,5.0,0.0,70,0.5622176470588236,1,0,0,0
3919,4.0,4.0,0.0,73,0.5621058823529412,0,1,0,0
3920,4.0,4.0,0.0,61,0.5619941176470589,0,1,0,0
3921,4.0,4.0,0.0,67,0.5618823529411765,0,1,0,0
3922,4.0,4.0,0.0,83,0.5617705882352941,0,1,0,0
3923,2.0,2.0,0.0,41,0.5616588235294118,0,1,0,0
3924,4.0,4.0,0.0,47,0.5615470588235294,0,1,0,0
3925,4.0,4.0,0.0,59,0.561435294117647,0,1,0,0
3926,4.0,4.0,0.0,53,0.5613235294117647,0,1,0,0
3927,4.0,4.0,0.0,55,0.5612117647058823,0,1,0,0
3928,5.0,5.0,0.0,79,0.5610999999999999,1,0,0,0
3929,4.0,4.0,0.0,37,0.5609882352941177,0,1,0,0
3930,2.0,2.0,0.0,40,0.5608764705882353,0,1,0,0
3931,2.0,2.0,0.0,40,0.560764705882353,0,1,0,0
3932,2.0,2.0,0.0,39,0.5606529411764706,0,1,0,0
3933,4.0,4.0,0.0,52,0.5605411764705883,0,1,0,0
3934,2.0,2.0,0.0,56,0.560429411764706,0,1,0,0
3935,4.0,4.0,0.0,39,0.5603176470588236,0,1,0,0
3936,4.0,4.0,0.0,54,0.5602058823529412,0,1,0,0
3937,2.0,2.0,0.0,53,0.5600941176470589,0,1,0,0
3938,5.0,5.0,0.0,56,0.5599823529411765,1,0,0,0
3939,5.0,5.0,0.0,86,0.5598705882352941,1,0,0,0
3940,5.0,5.0,0.0,72,0.5597588235294118,1,0,0,0
3941,5.0,5.0,0.0,58,0.5596470588235294,1,0,0,0
3942,4.0,4.0,0.0,35,0.559535294117647,0,1,0,0
3943,2.0,2.0,0.0,64,0.5594235294117647,0,1,0,0
3944,4.0,4.0,0.0,63,0.5593117647058824,0,1,0,0
3945,5.0,5.0,0.0,43,0.5591999999999999,1,0,0,0
3946,5.0,5.0,0.0,82,0.5590882352941177,1,0,0,0
3947,5.0,5.0,0.0,40,0.5589764705882353,1,0,0,0
3948,4.0,4.0,0.0,83,0.558864705882353,0,1,0,0
3949,4.0,4.0,0.0,49,0.5587529411764707,0,1,0,0
3950,4.0,4.0,0.0,44,0.5586411764705883,0,1,0,0
3951,5.0,5.0,0.0,51,0.5585294117647059,1,0,0,0
3952,5.0,5.0,0.0,48,0.5584176470588236,1,0,0,0
3953,5.0,5.0,0.0,99,0.5583058823529412,1,0,0,0
3954,4.0,4.0,0.0,54,0.5581941176470588,0,1,0,0
3955,2.0,2.0,0.0,42,0.5580823529411765,0,1,0,0
3956,4.0,4.0,0.0,56,0.5579705882352941,0,1,0,0
3957,4.0,4.0,0.0,64,0.5578588235294117,0,1,0,0
3958,5.0,5.0,0.0,79,0.5577470588235294,1,0,0,0
3959,5.0,5.0,0.0,67,0.557635294117647,1,0,0,0
3960,2.0,2.0,0.0,45,0.5575235294117648,0,1,0,0
3961,2.0,2.0,0.0,53,0.5574117647058824,0,1,0,0
3962,4.0,4.0,0.0,34,0.5573,0,1,0,0
3963,5.0,5.0,0.0,92,0.5571882352941177,1,0,0,0
3964,4.0,4.0,0.0,33,0.5570764705882353,0,1,0,0
3965,5.0,5.0,0.0,68,0.556964705882353,1,0,0,0
3966,4.0,4.0,0.0,68,0.5568529411764707,0,1,0,0
3967,5.0,5.0,0.0,83,0.5567411764705883,1,0,0,0
3968,2.0,2.0,0.0,45,0.5566294117647059,0,1,0,0
3969,4.0,4.0,0.0,42,0.5565176470588236,0,1,0,0
3970,4.0,4.0,0.0,68,0.5564058823529412,0,1,0,0
3971,4.0,4.0,0.0,36,0.5562941176470588,0,1,0,0
3972,4.0,4.0,0.0,65,0.5561823529411765,0,1,0,0
3973,4.0,4.0,0.0,57,0.5560705882352941,0,1,0,0
3974,2.0,2.0,0.0,60,0.5559588235294117,0,1,0,0
3975,2.0,2.0,0.0,36,0.5558470588235295,0,1,0,0
3976,5.0,5.0,0.0,45,0.555735294117647,1,0,0,0
3977,4.0,4.0,0.0,68,0.5556235294117647,0,1,0,0
3978,5.0,5.0,0.0,55,0.5555117647058824,1,0,0,0
3979,5.0,5.0,0.0,67,0.5554,1,0,0,0
3980,5.0,5.0,0.0,51,0.5552882352941177,1,0,0,0
3981,4.0,4.0,0.0,42,0.5551764705882353,0,1,0,0
3982,5.0,5.0,0.0,83,0.555064705882353,1,0,0,0
3983,4.0,4.0,0.0,49,0.5549529411764706,0,1,0,0
3984,4.0,4.0,0.0,44,0.5548411764705883,0,1,0,0
3985,5.0,5.0,0.0,69,0.5547294117647059,1,0,0,0
3986,5.0,5.0,0.0,63,0.5546176470588235,1,0,0,0
3987,4.0,4.0,0.0,55,0.5545058823529412,0,1,0,0
3988,4.0,4.0,0.0,77,0.5543941176470588,0,1,0,0
3989,2.0,2.0,0.0,49,0.5542823529411764,0,1,0,0
3990,4.0,4.0,0.0,37,0.5541705882352941,0,1,0,0
3991,4.0,4.0,0.0,50,0.5540588235294117,0,1,0,0
3992,4.0,4.0,0.0,41,0.5539470588235295,0,1,0,0
3993,4.0,4.0,0.0,51,0.5538352941176471,0,1,0,0
3994,5.0,5.0,0.0,39,0.5537235294117647,1,0,0,0
3995,5.0,5.0,0.0,70,0.5536117647058824,1,0,0,0
3996,5.0,5.0,0.0,62,0.5535000000000001,1,0,0,0
3997,5.0,5.0,0.0,85,0.5533882352941177,1,0,0,0
3998,5.0,5.0,0.0,55,0.5532764705882354,1,0,0,0
3999,4.0,4.0,0.0,60,0.553164705882353,0,1,0,0
4000,4.0,4.0,0.0,38,0.5530529411764706,0,1,0,0
4001,5.0,5.0,0.0,64,0.5529411764705883,1,0,0,0
4002,5.0,5.0,0.0,69,0.5528294117647059,1,0,0,0
4003,5.0,5.0,0.0,88,0.5527176470588235,1,0,0,0
4004,5.0,5.0,0.0,91,0.5526058823529412,1,0,0,0
4005,5.0,5.0,0.0,56,0.5524941176470588,1,0,0,0
4006,4.0,4.0,0.0,50,0.5523823529411764,0,1,0,0
4007,4.0,4.0,0.0,66,0.5522705882352942,0,1,0,0
4008,5.0,5.0,0.0,73,0.5521588235294117,1,0,0,0
4009,4.0,4.0,0.0,58,0.5520470588235294,0,1,0,0
4010,5.0,5.0,0.0,75,0.5519352941176471,1,0,0,0
4011,4.0,4.0,0.0,39,0.5518235294117648,0,1,0,0
4012,4.0,4.0,0.0,50,0.5517117647058823,0,1,0,0
4013,5.0,5.0,0.0,67,0.5516000000000001,1,0,0,0
4014,4.0,4.0,0.0,43,0.5514882352941177,0,1,0,0
4015,4.0,4.0,0.0,66,0.5513764705882354,0,1,0,0
4016,5.0,5.0,0.0,68,0.551264705882353,1,0,0,0
4017,4.0,4.0,0.0,50,0.5511529411764706,0,1,0,0
4018,4.0,4.0,0.0,37,0.5510411764705883,0,1,0,0
4019,4.0,4.0,0.0,66,0.5509294117647059,0,1,0,0
4020,4.0,4.0,0.0,61,0.5508176470588235,0,1,0,0
4021,4.0,4.0,0.0,66,0.5507058823529412,0,1,0,0
4022,4.0,4.0,0.0,42,0.5505941176470588,0,1,0,0
4023,5.0,5.0,0.0,58,0.5504823529411764,1,0,0,0
4024,2.0,2.0,0.0,44,0.5503705882352942,0,1,0,0
4025,1.0,1.0,0.0,41,0.5502588235294118,0,1,0,0
4026,4.0,4.0,0.0,57,0.5501470588235294,0,1,0,0
4027,4.0,4.0,0.0,49,0.5500352941176471,0,1,0,0
4028,4.0,4.0,0.0,38,0.5499235294117648,0,1,0,0
4029,4.0,4.0,0.0,60,0.5498117647058824,0,1,0,0
4030,4.0,4.0,0.0,69,0.5497000000000001,0,1,0,0
4031,5.0,5.0,0.0,57,0.5495882352941177,1,0,0,0
4032,5.0,5.0,0.0,49,0.5494764705882353,1,0,0,0
4033,5.0,5.0,0.0,57,0.549364705882353,1,0,0,0
4034,5.0,5.0,0.0,62,0.5492529411764706,1,0,0,0
4035,5.0,5.0,0.0,58,0.5491411764705882,1,0,0,0
4036,5.0,5.0,0.0,38,0.5490294117647059,1,0,0,0
4037,4.0,4.0,0.0,58,0.5489176470588235,0,1,0,0
4038,4.0,4.0,0.0,50,0.5488058823529411,0,1,0,0
4039,4.0,4.0,0.0,46,0.5486941176470588,0,1,0,0
4040,4.0,4.0,0.0,40,0.5485823529411764,0,1,0,0
4041,4.0,4.0,0.0,35,0.5484705882352942,0,1,0,0
4042,4.0,4.0,0.0,48,0.5483588235294118,0,1,0,0
4043,4.0,4.0,0.0,58,0.5482470588235294,0,1,0,0
4044,5.0,5.0,0.0,53,0.548135294117647,1,0,0,0
4045,4.0,4.0,0.0,65,0.5480235294117648,0,1,0,0
4046,4.0,4.0,0.0,51,0.5479117647058824,0,1,0,0
4047,4.0,4.0,0.0,55,0.5478000000000001,0,1,0,0
4048,2.0,2.0,0.0,86,0.5476882352941177,0,1,0,0
4049,4.0,4.0,0.0,66,0.5475764705882353,0,1,0,0
4050,4.0,4.0,0.0,39,0.547464705882353,0,1,0,0
4051,5.0,5.0,0.0,58,0.5473529411764706,1,0,0,0
4052,4.0,4.0,0.0,59,0.5472411764705882,0,1,0,0
4053,4.0,4.0,0.0,50,0.5471294117647059,0,1,0,0
4054,4.0,4.0,0.0,49,0.5470176470588235,0,1,0,0
4055,5.0,5.0,0.0,43,0.5469058823529411,1,0,0,0
4056,5.0,5.0,0.0,65,0.5467941176470589,1,0,0,0
4057,5.0,5.0,0.0,51,0.5466823529411764,1,0,0,0
4058,2.0,2.0,0.0,35,0.5465705882352941,0,1,0,0
4059,5.0,5.0,0.0,53,0.5464588235294118,1,0,0,0
4060,4.0,4.0,0.0,53,0.5463470588235295,0,1,0,0
4061,4.0,4.0,0.0,69,0.546235294117647,0,1,0,0
4062,5.0,5.0,0.0,55,0.5461235294117648,1,0,0,0
4063,5.0,5.0,0.0,52,0.5460117647058824,1,0,0,0
4064,5.0,5.0,0.0,56,0.5459,1,0,0,0
4065,4.0,4.0,0.0,48,0.5457882352941177,0,1,0,0
4066,5.0,5.0,0.0,59,0.5456764705882353,1,0,0,0
4067,2.0,2.0,0.0,36,0.545564705882353,0,1,0,0
4068,2.0,2.0,0.0,44,0.5454529411764706,0,1,0,0
4069,5.0,5.0,0.0,85,0.5453411764705882,1,0,0,0
4070,4.0,4.0,0.0,61,0.5452294117647059,0,1,0,0
4071,5.0,5.0,0.0,56,0.5451176470588235,1,0,0,0
4072,5.0,5.0,0.0,60,0.5450058823529411,1,0,0,0
4073,5.0,5.0,0.0,53,0.5448941176470589,1,0,0,0
4074,2.0,2.0,0.0,66,0.5447823529411765,0,1,0,0
4075,4.0,4.0,0.0,65,0.5446705882352941,0,1,0,0
4076,5.0,5.0,0.0,59,0.5445588235294118,1,0,0,0
4077,5.0,5.0,0.0,56,0.5444470588235295,1,0,0,0
4078,5.0,5.0,0.0,47,0.5443352941176471,1,0,0,0
4079,5.0,5.0,0.0,50,0.5442235294117648,1,0,0,0
4080,2.0,2.0,0.0,41,0.5441117647058824,0,1,0,0
4081,5.0,5.0,0.0,78,0.544,1,0,0,0
4082,2.0,2.0,0.0,54,0.5438882352941177,0,1,0,0
4083,5.0,5.0,0.0,62,0.5437764705882353,1,0,0,0
4084,4.0,4.0,0.0,50,0.5436647058823529,0,1,0,0
4085,4.0,4.0,0.0,42,0.5435529411764706,0,1,0,0
4086,4.0,4.0,0.0,55,0.5434411764705882,0,1,0,0
4087,5.0,5.0,0.0,58,0.543329411764706,1,0,0,0
4088,5.0,5.0,0.0,73,0.5432176470588235,1,0,0,0
4089,5.0,5.0,0.0,62,0.5431058823529411,1,0,0,0
4090,5.0,5.0,0.0,79,0.5429941176470588,1,0,0,0
4091,4.0,4.0,0.0,60,0.5428823529411765,0,1,0,0
4092,4.0,4.0,0.0,47,0.5427705882352942,0,1,0,0
4093,4.0,4.0,0.0,61,0.5426588235294117,0,1,0,0
4094,5.0,5.0,0.0,48,0.5425470588235295,1,0,0,0
4095,5.0,5.0,0.0,63,0.5424352941176471,1,0,0,0
4096,4.0,4.0,0.0,48,0.5423235294117648,0,1,0,0
4097,4.0,4.0,0.0,52,0.5422117647058824,0,1,0,0
4098,2.0,2.0,0.0,61,0.5421,0,1,0,0
4099,5.0,5.0,0.0,48,0.5419882352941177,1,0,0,0
4100,2.0,2.0,0.0,43,0.5418764705882353,0,1,0,0
4101,4.0,4.0,0.0,57,0.5417647058823529,0,1,0,0
4102,4.0,4.0,0.0,60,0.5416529411764706,0,1,0,0
4103,4.0,4.0,0.0,54,0.5415411764705882,0,1,0,0
4104,4.0,4.0,0.0,44,0.5414294117647059,0,1,0,0
4105,5.0,5.0,0.0,79,0.5413176470588236,1,0,0,0
4106,5.0,5.0,0.0,51,0.5412058823529411,1,0,0,0
4107,5.0,5.0,0.0,69,0.5410941176470588,1,0,0,0
4108,4.0,4.0,0.0,45,0.5409823529411765,0,1,0,0
4109,4.0,4.0,0.0,54,0.5408705882352942,0,1,0,0
4110,4.0,4.0,0.0,74,0.5407588235294118,0,1,0,0
4111,4.0,4.0,0.0,50,0.5406470588235295,0,1,0,0
4112,4.0,4.0,0.0,54,0.5405352941176471,0,1,0,0
4113,2.0,2.0,0.0,39,0.5404235294117647,0,1,0,0
4114,5.0,5.0,0.0,92,0.5403117647058824,1,0,0,0
4115,4.0,4.0,0.0,55,0.5402,0,1,0,0
4116,2.0,2.0,0.0,42,0.5400882352941176,0,1,0,0
4117,5.0,5.0,0.0,93,0.5399764705882353,1,0,0,0
4118,4.0,4.0,0.0,54,0.5398647058823529,0,1,0,0
4119,4.0,4.0,0.0,29,0.5397529411764705,0,1,0,0
4120,4.0,4.0,0.0,41,0.5396411764705882,0,1,0,0
4121,2.0,2.0,0.0,35,0.5395294117647059,0,1,0,0
4122,4.0,4.0,0.0,54,0.5394176470588236,0,1,0,0
4123,5.0,5.0,0.0,49,0.5393058823529413,1,0,0,0
4124,5.0,5.0,0.0,41,0.5391941176470588,1,0,0,0
4125,5.0,5.0,0.0,47,0.5390823529411765,1,0,0,0
4126,5.0,5.0,0.0,75,0.5389705882352942,1,0,0,0
4127,5.0,5.0,0.0,59,0.5388588235294118,1,0,0,0
4128,4.0,4.0,0.0,73,0.5387470588235295,0,1,0,0
4129,4.0,4.0,0.0,55,0.5386352941176471,0,1,0,0
4130,5.0,5.0,0.0,82,0.5385235294117647,1,0,0,0
4131,4.0,4.0,0.0,51,0.5384117647058824,0,1,0,0
4132,4.0,4.0,0.0,53,0.5383,0,1,0,0
4133,5.0,5.0,0.0,74,0.5381882352941176,1,0,0,0
4134,5.0,5.0,0.0,71,0.5380764705882353,1,0,0,0
4135,4.0,4.0,0.0,62,0.5379647058823529,0,1,0,0
4136,5.0,5.0,0.0,60,0.5378529411764706,1,0,0,0
4137,4.0,4.0,0.0,40,0.5377411764705882,0,1,0,0
4138,5.0,5.0,0.0,72,0.5376294117647059,1,0,0,0
4139,4.0,4.0,0.0,51,0.5375176470588235,0,1,0,0
4140,4.0,4.0,0.0,68,0.5374058823529413,0,1,0,0
4141,4.0,4.0,0.0,49,0.5372941176470589,0,1,0,0
4142,4.0,4.0,0.0,51,0.5371823529411766,0,1,0,0
4143,5.0,5.0,0.0,52,0.5370705882352942,1,0,0,0
4144,4.0,4.0,0.0,66,0.5369588235294118,0,1,0,0
4145,4.0,4.0,0.0,49,0.5368470588235295,0,1,0,0
4146,4.0,4.0,0.0,60,0.5367352941176471,0,1,0,0
4147,5.0,5.0,0.0,46,0.5366235294117647,1,0,0,0
4148,5.0,5.0,0.0,58,0.5365117647058824,1,0,0,0
4149,4.0,4.0,0.0,67,0.5364,0,1,0,0
4150,2.0,2.0,0.0,50,0.5362882352941176,0,1,0,0
4151,4.0,4.0,0.0,46,0.5361764705882353,0,1,0,0
4152,5.0,5.0,0.0,59,0.5360647058823529,1,0,0,0
4153,5.0,5.0,0.0,55,0.5359529411764706,1,0,0,0
4154,5.0,5.0,0.0,38,0.5358411764705883,1,0,0,0
4155,4.0,4.0,0.0,55,0.5357294117647059,0,1,0,0
4156,5.0,5.0,0.0,77,0.5356176470588235,1,0,0,0
4157,5.0,5.0,0.0,53,0.5355058823529413,1,0,0,0
4158,5.0,5.0,0.0,64,0.5353941176470589,1,0,0,0
4159,5.0,5.0,0.0,34,0.5352823529411765,1,0,0,0
4160,4.0,4.0,0.0,91,0.5351705882352942,0,1,0,0
4161,2.0,2.0,0.0,59,0.5350588235294118,0,1,0,0
4162,4.0,4.0,0.0,50,0.5349470588235294,0,1,0,0
4163,5.0,5.0,0.0,47,0.5348352941176471,1,0,0,0
4164,5.0,5.0,0.0,104,0.5347235294117647,1,0,0,0
4165,2.0,2.0,0.0,73,0.5346117647058823,0,1,0,0
4166,5.0,5.0,0.0,69,0.5345,1,0,0,0
4167,4.0,4.0,0.0,39,0.5343882352941176,0,1,0,0
4168,4.0,4.0,0.0,43,0.5342764705882354,0,1,0,0
4169,4.0,4.0,0.0,60,0.5341647058823529,0,1,0,0
4170,5.0,5.0,0.0,43,0.5340529411764706,1,0,0,0
4171,5.0,5.0,0.0,68,0.5339411764705883,1,0,0,0
4172,4.0,4.0,0.0,42,0.533829411764706,0,1,0,0
4173,4.0,4.0,0.0,49,0.5337176470588235,0,1,0,0
4174,5.0,5.0,0.0,42,0.5336058823529413,1,0,0,0
4175,5.0,5.0,0.0,41,0.5334941176470589,1,0,0,0
4176,4.0,4.0,0.0,60,0.5333823529411765,0,1,0,0
4177,5.0,5.0,0.0,68,0.5332705882352942,1,0,0,0
4178,5.0,5.0,0.0,56,0.5331588235294118,1,0,0,0
4179,4.0,4.0,0.0,56,0.5330470588235294,0,1,0,0
4180,5.0,5.0,0.0,55,0.5329352941176471,1,0,0,0
4181,5.0,5.0,0.0,60,0.5328235294117647,1,0,0,0
4182,4.0,4.0,0.0,60,0.5327117647058823,0,1,0,0
4183,4.0,4.0,0.0,69,0.5326,0,1,0,0
4184,4.0,4.0,0.0,78,0.5324882352941176,0,1,0,0
4185,4.0,4.0,0.0,54,0.5323764705882353,0,1,0,0
4186,4.0,4.0,0.0,59,0.532264705882353,0,1,0,0
4187,5.0,5.0,0.0,65,0.5321529411764706,1,0,0,0
4188,5.0,5.0,0.0,61,0.5320411764705882,1,0,0,0
4189,4.0,4.0,0.0,42,0.531929411764706,0,1,0,0
4190,5.0,5.0,0.0,65,0.5318176470588236,1,0,0,0
4191,2.0,2.0,0.0,56,0.5317058823529413,0,1,0,0
4192,5.0,5.0,0.0,50,0.5315941176470589,1,0,0,0
4193,5.0,5.0,0.0,55,0.5314823529411765,1,0,0,0
4194,4.0,4.0,0.0,49,0.5313705882352942,0,1,0,0
4195,2.0,2.0,0.0,49,0.5312588235294118,0,1,0,0
4196,4.0,4.0,0.0,56,0.5311470588235294,0,1,0,0
4197,4.0,4.0,0.0,48,0.531035294117647,0,1,0,0
4198,4.0,4.0,0.0,73,0.5309235294117647,0,1,0,0
4199,5.0,5.0,0.0,56,0.5308117647058823,1,0,0,0
4200,4.0,4.0,0.0,57,0.5307,0,1,0,0
4201,4.0,4.0,0.0,62,0.5305882352941176,0,1,0,0
4202,5.0,5.0,0.0,60,0.5304764705882353,1,0,0,0
4203,2.0,2.0,0.0,46,0.530364705882353,0,1,0,0
4204,5.0,5.0,0.0,77,0.5302529411764706,1,0,0,0
4205,4.0,4.0,0.0,61,0.5301411764705882,0,1,0,0
4206,5.0,5.0,0.0,66,0.530029411764706,1,0,0,0
4207,4.0,4.0,0.0,44,0.5299176470588236,0,1,0,0
4208,5.0,5.0,0.0,59,0.5298058823529412,1,0,0,0
4209,5.0,5.0,0.0,56,0.5296941176470589,1,0,0,0
4210,5.0,5.0,0.0,56,0.5295823529411765,1,0,0,0
4211,5.0,5.0,0.0,67,0.5294705882352941,1,0,0,0
4212,4.0,4.0,0.0,53,0.5293588235294118,0,1,0,0
4213,5.0,5.0,0.0,68,0.5292470588235294,1,0,0,0
4214,5.0,5.0,0.0,60,0.529135294117647,1,0,0,0
4215,5.0,5.0,0.0,83,0.5290235294117647,1,0,0,0
4216,5.0,5.0,0.0,57,0.5289117647058823,1,0,0,0
4217,5.0,5.0,0.0,56,0.5288,1,0,0,0
4218,4.0,4.0,0.0,42,0.5286882352941176,0,1,0,0
4219,4.0,4.0,0.0,38,0.5285764705882353,0,1,0,0
4220,5.0,5.0,0.0,49,0.528464705882353,1,0,0,0
4221,4.0,4.0,0.0,62,0.5283529411764707,0,1,0,0
4222,5.0,5.0,0.0,59,0.5282411764705882,1,0,0,0
4223,5.0,5.0,0.0,74,0.528129411764706,1,0,0,0
4224,4.0,4.0,0.0,75,0.5280176470588236,0,1,0,0
4225,4.0,4.0,0.0,46,0.5279058823529412,0,1,0,0
4226,4.0,4.0,0.0,38,0.5277941176470589,0,1,0,0
4227,5.0,5.0,0.0,47,0.5276823529411765,1,0,0,0
4228,5.0,5.0,0.0,52,0.5275705882352941,1,0,0,0
4229,4.0,4.0,0.0,59,0.5274588235294118,0,1,0,0
4230,5.0,5.0,0.0,76,0.5273470588235294,1,0,0,0
4231,5.0,5.0,0.0,59,0.527235294117647,1,0,0,0
4232,2.0,2.0,0.0,54,0.5271235294117647,0,1,0,0
4233,4.0,4.0,0.0,56,0.5270117647058823,0,1,0,0
4234,4.0,4.0,0.0,47,0.5269,0,1,0,0
4235,4.0,4.0,0.0,44,0.5267882352941177,0,1,0,0
4236,2.0,2.0,0.0,59,0.5266764705882353,0,1,0,0
4237,5.0,5.0,0.0,45,0.5265647058823529,1,0,0,0
4238,5.0,5.0,0.0,63,0.5264529411764707,1,0,0,0
4239,5.0,5.0,0.0,50,0.5263411764705883,1,0,0,0
4240,4.0,4.0,0.0,32,0.526229411764706,0,1,0,0
4241,4.0,4.0,0.0,54,0.5261176470588236,0,1,0,0
4242,5.0,5.0,0.0,53,0.5260058823529412,1,0,0,0
4243,5.0,5.0,0.0,70,0.5258941176470588,1,0,0,0
4244,5.0,5.0,0.0,54,0.5257823529411765,1,0,0,0
4245,2.0,2.0,0.0,43,0.5256705882352941,0,1,0,0
4246,5.0,5.0,0.0,43,0.5255588235294117,1,0,0,0
4247,4.0,4.0,0.0,58,0.5254470588235294,0,1,0,0
4248,4.0,4.0,0.0,58,0.5253352941176471,0,1,0,0
4249,5.0,5.0,0.0,55,0.5252235294117646,1,0,0,0
4250,4.0,4.0,0.0,55,0.5251117647058824,0,1,0,0
4251,2.0,2.0,0.0,39,0.525,0,1,0,0
4252,5.0,5.0,0.0,40,0.5248882352941177,1,0,0,0
4253,5.0,5.0,0.0,72,0.5247764705882353,1,0,0,0
4254,5.0,5.0,0.0,91,0.524664705882353,1,0,0,0
4255,4.0,4.0,0.0,50,0.5245529411764707,0,1,0,0
4256,5.0,5.0,0.0,37,0.5244411764705883,1,0,0,0
4257,3.0,3.0,0.0,32,0.5243294117647059,0,1,0,0
4258,4.0,4.0,0.0,38,0.5242176470588236,0,1,0,0
4259,4.0,4.0,0.0,80,0.5241058823529412,0,1,0,0
4260,4.0,4.0,0.0,41,0.5239941176470588,0,1,0,0
4261,4.0,4.0,0.0,45,0.5238823529411765,0,1,0,0
4262,2.0,2.0,0.0,90,0.5237705882352942,0,1,0,0
4263,4.0,4.0,0.0,45,0.5236588235294117,0,1,0,0
4264,5.0,5.0,0.0,46,0.5235470588235294,1,0,0,0
4265,5.0,5.0,0.0,72,0.523435294117647,1,0,0,0
4266,5.0,5.0,0.0,65,0.5233235294117649,1,0,0,0
4267,4.0,4.0,0.0,59,0.5232117647058824,0,1,0,0
4268,2.0,2.0,0.0,54,0.5231,0,1,0,0
4269,5.0,5.0,0.0,75,0.5229882352941176,1,0,0,0
4270,5.0,5.0,0.0,77,0.5228764705882353,1,0,0,0
4271,4.0,4.0,0.0,55,0.522764705882353,0,1,0,0
4272,5.0,5.0,0.0,63,0.5226529411764707,1,0,0,0
4273,4.0,4.0,0.0,41,0.5225411764705883,0,1,0,0
4274,4.0,4.0,0.0,53,0.5224294117647059,0,1,0,0
4275,4.0,4.0,0.0,43,0.5223176470588236,0,1,0,0
4276,5.0,5.0,0.0,60,0.5222058823529412,1,0,0,0
4277,4.0,4.0,0.0,42,0.5220941176470588,0,1,0,0
4278,4.0,4.0,0.0,27,0.5219823529411765,0,1,0,0
4279,5.0,5.0,0.0,59,0.5218705882352942,1,0,0,0
4280,4.0,4.0,0.0,52,0.5217588235294118,0,1,0,0
4281,4.0,4.0,0.0,42,0.5216470588235294,0,1,0,0
4282,5.0,5.0,0.0,76,0.521535294117647,1,0,0,0
4283,4.0,4.0,0.0,43,0.5214235294117648,0,1,0,0
4284,4.0,4.0,0.0,40,0.5213117647058825,0,1,0,0
4285,4.0,4.0,0.0,59,0.5212,0,1,0,0
4286,5.0,5.0,0.0,71,0.5210882352941176,1,0,0,0
4287,5.0,5.0,0.0,47,0.5209764705882354,1,0,0,0
4288,2.0,2.0,0.0,64,0.520864705882353,0,1,0,0
4289,4.0,4.0,0.0,56,0.5207529411764706,0,1,0,0
4290,4.0,4.0,0.0,44,0.5206411764705883,0,1,0,0
4291,4.0,4.0,0.0,43,0.5205294117647059,0,1,0,0
4292,4.0,4.0,0.0,35,0.5204176470588235,0,1,0,0
4293,4.0,4.0,0.0,40,0.5203058823529412,0,1,0,0
4294,4.0,4.0,0.0,63,0.5201941176470588,0,1,0,0
4295,4.0,4.0,0.0,40,0.5200823529411764,0,1,0,0
4296,4.0,4.0,0.0,31,0.5199705882352942,0,1,0,0
4297,4.0,4.0,0.0,47,0.5198588235294118,0,1,0,0
4298,5.0,5.0,0.0,43,0.5197470588235295,1,0,0,0
4299,5.0,5.0,0.0,62,0.519635294117647,1,0,0,0
4300,5.0,5.0,0.0,45,0.5195235294117648,1,0,0,0
4301,4.0,4.0,0.0,77,0.5194117647058825,0,1,0,0
4302,5.0,5.0,0.0,52,0.5193000000000001,1,0,0,0
4303,4.0,4.0,0.0,66,0.5191882352941176,0,1,0,0
4304,5.0,5.0,0.0,35,0.5190764705882354,1,0,0,0
4305,5.0,5.0,0.0,47,0.518964705882353,1,0,0,0
4306,4.0,4.0,0.0,58,0.5188529411764706,0,1,0,0
4307,5.0,5.0,0.0,53,0.5187411764705883,1,0,0,0
4308,5.0,5.0,0.0,62,0.5186294117647059,1,0,0,0
4309,5.0,5.0,0.0,60,0.5185176470588235,1,0,0,0
4310,5.0,5.0,0.0,75,0.5184058823529412,1,0,0,0
4311,5.0,5.0,0.0,41,0.5182941176470588,1,0,0,0
4312,5.0,5.0,0.0,78,0.5181823529411764,1,0,0,0
4313,4.0,4.0,0.0,57,0.5180705882352942,0,1,0,0
4314,4.0,4.0,0.0,39,0.5179588235294118,0,1,0,0
4315,4.0,4.0,0.0,72,0.5178470588235294,0,1,0,0
4316,2.0,2.0,0.0,56,0.5177352941176471,0,1,0,0
4317,4.0,4.0,0.0,62,0.5176235294117648,0,1,0,0
4318,4.0,4.0,0.0,52,0.5175117647058824,0,1,0,0
4319,5.0,5.0,0.0,58,0.5174000000000001,1,0,0,0
4320,5.0,5.0,0.0,70,0.5172882352941177,1,0,0,0
4321,4.0,4.0,0.0,54,0.5171764705882353,0,1,0,0
4322,5.0,5.0,0.0,45,0.517064705882353,1,0,0,0
4323,4.0,4.0,0.0,73,0.5169529411764706,0,1,0,0
4324,4.0,4.0,0.0,31,0.5168411764705882,0,1,0,0
4325,5.0,5.0,0.0,57,0.5167294117647059,1,0,0,0
4326,5.0,5.0,0.0,55,0.5166176470588235,1,0,0,0
4327,5.0,5.0,0.0,55,0.5165058823529411,1,0,0,0
4328,4.0,4.0,0.0,50,0.5163941176470588,0,1,0,0
4329,4.0,4.0,0.0,52,0.5162823529411764,0,1,0,0
4330,4.0,4.0,0.0,41,0.5161705882352942,0,1,0,0
4331,4.0,4.0,0.0,52,0.5160588235294118,0,1,0,0
4332,4.0,4.0,0.0,44,0.5159470588235294,0,1,0,0
4333,4.0,4.0,0.0,54,0.5158352941176471,0,1,0,0
4334,4.0,4.0,0.0,81,0.5157235294117648,0,1,0,0
4335,4.0,4.0,0.0,56,0.5156117647058824,0,1,0,0
4336,4.0,4.0,0.0,51,0.5155000000000001,0,1,0,0
4337,2.0,2.0,0.0,41,0.5153882352941177,0,1,0,0
4338,4.0,4.0,0.0,31,0.5152764705882353,0,1,0,0
4339,4.0,4.0,0.0,36,0.515164705882353,0,1,0,0
4340,4.0,4.0,0.0,46,0.5150529411764706,0,1,0,0
4341,4.0,4.0,0.0,49,0.5149411764705882,0,1,0,0
4342,4.0,4.0,0.0,76,0.5148294117647059,0,1,0,0
4343,2.0,2.0,0.0,36,0.5147176470588235,0,1,0,0
4344,4.0,4.0,0.0,65,0.5146058823529411,0,1,0,0
4345,5.0,5.0,0.0,63,0.5144941176470588,1,0,0,0
4346,4.0,4.0,0.0,48,0.5143823529411764,0,1,0,0
4347,5.0,5.0,0.0,43,0.5142705882352943,1,0,0,0
4348,4.0,4.0,0.0,37,0.5141588235294118,0,1,0,0
4349,2.0,2.0,0.0,52,0.5140470588235294,0,1,0,0
4350,4.0,4.0,0.0,60,0.513935294117647,0,1,0,0
4351,5.0,5.0,0.0,43,0.5138235294117648,1,0,0,0
4352,4.0,4.0,0.0,62,0.5137117647058824,0,1,0,0
4353,4.0,4.0,0.0,54,0.5136000000000001,0,1,0,0
4354,4.0,4.0,0.0,47,0.5134882352941177,0,1,0,0
4355,4.0,4.0,0.0,29,0.5133764705882353,0,1,0,0
4356,4.0,4.0,0.0,55,0.513264705882353,0,1,0,0
4357,2.0,2.0,0.0,34,0.5131529411764706,0,1,0,0
4358,4.0,4.0,0.0,46,0.5130411764705882,0,1,0,0
4359,5.0,5.0,0.0,47,0.512929411764706,1,0,0,0
4360,5.0,5.0,0.0,62,0.5128176470588236,1,0,0,0
4361,4.0,4.0,0.0,59,0.5127058823529411,0,1,0,0
4362,4.0,4.0,0.0,62,0.5125941176470588,0,1,0,0
4363,4.0,4.0,0.0,63,0.5124823529411764,0,1,0,0
4364,4.0,4.0,0.0,63,0.5123705882352942,0,1,0,0
4365,4.0,4.0,0.0,73,0.5122588235294119,0,1,0,0
4366,2.0,2.0,0.0,47,0.5121470588235294,0,1,0,0
4367,5.0,5.0,0.0,57,0.512035294117647,1,0,0,0
4368,2.0,2.0,0.0,56,0.5119235294117648,0,1,0,0
4369,5.0,5.0,0.0,70,0.5118117647058824,1,0,0,0
4370,5.0,5.0,0.0,60,0.5117,1,0,0,0
4371,5.0,5.0,0.0,48,0.5115882352941177,1,0,0,0
4372,4.0,4.0,0.0,46,0.5114764705882353,0,1,0,0
4373,4.0,4.0,0.0,34,0.5113647058823529,0,1,0,0
4374,4.0,4.0,0.0,37,0.5112529411764706,0,1,0,0
4375,4.0,4.0,0.0,36,0.5111411764705882,0,1,0,0
4376,4.0,4.0,0.0,47,0.511029411764706,0,1,0,0
4377,4.0,4.0,0.0,70,0.5109176470588236,0,1,0,0
4378,5.0,5.0,0.0,57,0.5108058823529412,1,0,0,0
4379,5.0,5.0,0.0,69,0.5106941176470587,1,0,0,0
4380,4.0,4.0,0.0,40,0.5105823529411764,0,1,0,0
4381,4.0,4.0,0.0,42,0.5104705882352942,0,1,0,0
4382,4.0,4.0,0.0,45,0.5103588235294119,0,1,0,0
4383,4.0,4.0,0.0,60,0.5102470588235295,0,1,0,0
4384,5.0,5.0,0.0,62,0.510135294117647,1,0,0,0
4385,4.0,4.0,0.0,67,0.5100235294117648,0,1,0,0
4386,4.0,4.0,0.0,42,0.5099117647058824,0,1,0,0
4387,4.0,4.0,0.0,49,0.5098,0,1,0,0
4388,4.0,4.0,0.0,51,0.5096882352941177,0,1,0,0
4389,5.0,5.0,0.0,50,0.5095764705882353,1,0,0,0
4390,4.0,4.0,0.0,59,0.5094647058823529,0,1,0,0
4391,2.0,2.0,0.0,42,0.5093529411764706,0,1,0,0
4392,5.0,5.0,0.0,101,0.5092411764705882,1,0,0,0
4393,5.0,5.0,0.0,55,0.5091294117647059,1,0,0,0
4394,5.0,5.0,0.0,61,0.5090176470588236,1,0,0,0
4395,5.0,5.0,0.0,58,0.5089058823529412,1,0,0,0
4396,4.0,4.0,0.0,54,0.5087941176470588,0,1,0,0
4397,4.0,4.0,0.0,42,0.5086823529411764,0,1,0,0
4398,5.0,5.0,0.0,68,0.5085705882352942,1,0,0,0
4399,2.0,2.0,0.0,51,0.5084588235294119,0,1,0,0
4400,4.0,4.0,0.0,60,0.5083470588235295,0,1,0,0
4401,5.0,5.0,0.0,86,0.5082352941176471,1,0,0,0
4402,5.0,5.0,0.0,61,0.5081235294117648,1,0,0,0
4403,4.0,4.0,0.0,58,0.5080117647058824,0,1,0,0
4404,4.0,4.0,0.0,62,0.5079,0,1,0,0
4405,2.0,2.0,0.0,35,0.5077882352941177,0,1,0,0
4406,4.0,4.0,0.0,41,0.5076764705882353,0,1,0,0
4407,5.0,5.0,0.0,41,0.5075647058823529,1,0,0,0
4408,4.0,4.0,0.0,75,0.5074529411764706,0,1,0,0
4409,5.0,5.0,0.0,48,0.5073411764705882,1,0,0,0
4410,5.0,5.0,0.0,67,0.5072294117647059,1,0,0,0
4411,5.0,5.0,0.0,47,0.5071176470588236,1,0,0,0
4412,5.0,5.0,0.0,69,0.5070058823529412,1,0,0,0
4413,5.0,5.0,0.0,70,0.5068941176470588,1,0,0,0
4414,5.0,5.0,0.0,58,0.5067823529411766,1,0,0,0
4415,4.0,4.0,0.0,44,0.5066705882352942,0,1,0,0
4416,5.0,5.0,0.0,65,0.5065588235294118,1,0,0,0
4417,4.0,4.0,0.0,44,0.5064470588235295,0,1,0,0
4418,5.0,5.0,0.0,43,0.5063352941176471,1,0,0,0
4419,2.0,2.0,0.0,29,0.5062235294117647,0,1,0,0
4420,5.0,5.0,0.0,49,0.5061117647058824,1,0,0,0
4421,4.0,4.0,0.0,47,0.506,0,1,0,0
4422,5.0,5.0,0.0,49,0.5058882352941176,1,0,0,0
4423,4.0,4.0,0.0,30,0.5057764705882354,0,1,0,0
4424,5.0,5.0,0.0,62,0.5056647058823529,1,0,0,0
4425,5.0,5.0,0.0,38,0.5055529411764705,1,0,0,0
4426,5.0,5.0,0.0,103,0.5054411764705882,1,0,0,0
4427,4.0,4.0,0.0,45,0.505329411764706,0,1,0,0
4428,4.0,4.0,0.0,49,0.5052176470588235,0,1,0,0
4429,5.0,5.0,0.0,59,0.5051058823529412,1,0,0,0
4430,4.0,4.0,0.0,57,0.5049941176470588,0,1,0,0
4431,4.0,4.0,0.0,39,0.5048823529411766,0,1,0,0
4432,4.0,4.0,0.0,69,0.5047705882352942,0,1,0,0
4433,5.0,5.0,0.0,70,0.5046588235294118,1,0,0,0
4434,5.0,5.0,0.0,53,0.5045470588235295,1,0,0,0
4435,4.0,4.0,0.0,52,0.5044352941176471,0,1,0,0
4436,5.0,5.0,0.0,53,0.5043235294117647,1,0,0,0
4437,4.0,4.0,0.0,58,0.5042117647058824,0,1,0,0
4438,5.0,5.0,0.0,42,0.5041,1,0,0,0
4439,5.0,5.0,0.0,56,0.5039882352941176,1,0,0,0
4440,4.0,4.0,0.0,39,0.5038764705882354,0,1,0,0
4441,5.0,5.0,0.0,50,0.503764705882353,1,0,0,0
4442,5.0,5.0,0.0,40,0.5036529411764705,1,0,0,0
4443,5.0,5.0,0.0,59,0.5035411764705882,1,0,0,0
4444,5.0,5.0,0.0,43,0.503429411764706,1,0,0,0
4445,4.0,4.0,0.0,52,0.5033176470588236,0,1,0,0
4446,2.0,2.0,0.0,53,0.5032058823529412,0,1,0,0
4447,4.0,4.0,0.0,45,0.5030941176470588,0,1,0,0
4448,5.0,5.0,0.0,81,0.5029823529411765,1,0,0,0
4449,2.0,2.0,0.0,33,0.5028705882352942,0,1,0,0
4450,4.0,4.0,0.0,41,0.5027588235294118,0,1,0,0
4451,5.0,5.0,0.0,47,0.5026470588235294,1,0,0,0
4452,5.0,5.0,0.0,62,0.5025352941176471,1,0,0,0
4453,5.0,5.0,0.0,75,0.5024235294117647,1,0,0,0
4454,4.0,4.0,0.0,50,0.5023117647058823,0,1,0,0
4455,4.0,4.0,0.0,48,0.5022,0,1,0,0
4456,5.0,5.0,0.0,45,0.5020882352941176,1,0,0,0
4457,4.0,4.0,0.0,41,0.5019764705882354,0,1,0,0
4458,5.0,5.0,0.0,53,0.501864705882353,1,0,0,0
4459,5.0,5.0,0.0,50,0.5017529411764706,1,0,0,0
4460,5.0,5.0,0.0,57,0.5016411764705881,1,0,0,0
4461,5.0,5.0,0.0,47,0.501529411764706,1,0,0,0
4462,2.0,2.0,0.0,38,0.5014176470588236,0,1,0,0
4463,5.0,5.0,0.0,80,0.5013058823529413,1,0,0,0
4464,4.0,4.0,0.0,48,0.5011941176470588,0,1,0,0
4465,5.0,5.0,0.0,63,0.5010823529411765,1,0,0,0
4466,5.0,5.0,0.0,56,0.5009705882352942,1,0,0,0
4467,5.0,5.0,0.0,49,0.5008588235294118,1,0,0,0
4468,5.0,5.0,0.0,58,0.5007470588235294,1,0,0,0
4469,5.0,5.0,0.0,59,0.5006352941176471,1,0,0,0
4470,2.0,2.0,0.0,33,0.5005235294117647,0,1,0,0
4471,4.0,4.0,0.0,43,0.5004117647058823,0,1,0,0
4472,5.0,5.0,0.0,49,0.5003,1,0,0,0
4473,5.0,5.0,0.0,60,0.5001882352941176,1,0,0,0
4474,5.0,5.0,0.0,75,0.5000764705882353,1,0,0,0
4475,5.0,5.0,0.0,59,0.499964705882353,1,0,0,0
4476,5.0,5.0,0.0,67,0.4998529411764706,1,0,0,0
4477,5.0,5.0,0.0,44,0.49974117647058824,1,0,0,0
4478,4.0,4.0,0.0,51,0.499629411764706,0,1,0,0
4479,2.0,2.0,0.0,48,0.4995176470588236,0,1,0,0
4480,5.0,5.0,0.0,70,0.49940588235294114,1,0,0,0
4481,2.0,2.0,0.0,43,0.4992941176470588,0,1,0,0
4482,4.0,4.0,0.0,35,0.4991823529411765,0,1,0,0
4483,5.0,5.0,0.0,54,0.49907058823529415,1,0,0,0
4484,4.0,4.0,0.0,61,0.4989588235294118,0,1,0,0
4485,4.0,4.0,0.0,40,0.4988470588235294,0,1,0,0
4486,5.0,5.0,0.0,53,0.49873529411764717,1,0,0,0
4487,2.0,2.0,0.0,34,0.4986235294117648,0,1,0,0
4488,5.0,5.0,0.0,53,0.49851176470588243,1,0,0,0
4489,5.0,5.0,0.0,64,0.49839999999999995,1,0,0,0
4490,5.0,5.0,0.0,59,0.4982882352941176,1,0,0,0
4491,4.0,4.0,0.0,68,0.49817647058823533,0,1,0,0
4492,5.0,5.0,0.0,60,0.49806470588235296,1,0,0,0
4493,4.0,4.0,0.0,49,0.4979529411764706,0,1,0,0
4494,4.0,4.0,0.0,53,0.49784117647058823,0,1,0,0
4495,5.0,5.0,0.0,66,0.497729411764706,1,0,0,0
4496,4.0,4.0,0.0,45,0.4976176470588236,0,1,0,0
4497,4.0,4.0,0.0,47,0.49750588235294124,0,1,0,0
4498,5.0,5.0,0.0,58,0.49739411764705876,1,0,0,0
4499,5.0,5.0,0.0,71,0.4972823529411765,1,0,0,0
4500,4.0,4.0,0.0,50,0.49717058823529414,0,1,0,0
4501,5.0,5.0,0.0,59,0.4970588235294118,1,0,0,0
4502,5.0,5.0,0.0,59,0.4969470588235294,1,0,0,0
4503,2.0,2.0,0.0,30,0.49683529411764715,0,1,0,0
4504,5.0,5.0,0.0,41,0.4967235294117648,1,0,0,0
4505,5.0,5.0,0.0,53,0.4966117647058824,1,0,0,0
4506,4.0,4.0,0.0,30,0.49650000000000005,0,1,0,0
4507,5.0,5.0,0.0,53,0.4963882352941176,1,0,0,0
4508,5.0,5.0,0.0,107,0.4962764705882353,1,0,0,0
4509,5.0,5.0,0.0,49,0.49616470588235295,1,0,0,0
4510,5.0,5.0,0.0,52,0.4960529411764706,1,0,0,0
4511,5.0,5.0,0.0,60,0.4959411764705882,1,0,0,0
4512,4.0,4.0,0.0,54,0.49582941176470596,0,1,0,0
4513,5.0,5.0,0.0,54,0.4957176470588236,1,0,0,0
4514,4.0,4.0,0.0,55,0.49560588235294123,0,1,0,0
4515,5.0,5.0,0.0,60,0.49549411764705886,1,0,0,0
4516,5.0,5.0,0.0,65,0.4953823529411765,1,0,0,0
4517,4.0,4.0,0.0,41,0.49527058823529413,0,1,0,0
4518,5.0,5.0,0.0,73,0.49515882352941176,1,0,0,0
4519,5.0,5.0,0.0,65,0.4950470588235294,1,0,0,0
4520,5.0,5.0,0.0,54,0.49493529411764714,1,0,0,0
4521,5.0,5.0,0.0,56,0.4948235294117648,1,0,0,0
4522,5.0,5.0,0.0,49,0.4947117647058824,1,0,0,0
4523,5.0,5.0,0.0,59,0.49460000000000004,1,0,0,0
4524,4.0,4.0,0.0,63,0.4944882352941177,0,1,0,0
4525,5.0,5.0,0.0,53,0.4943764705882353,1,0,0,0
4526,5.0,5.0,0.0,44,0.49426470588235294,1,0,0,0
4527,4.0,4.0,0.0,56,0.4941529411764706,0,1,0,0
4528,5.0,5.0,0.0,34,0.4940411764705882,1,0,0,0
4529,4.0,4.0,0.0,52,0.49392941176470595,0,1,0,0
4530,5.0,5.0,0.0,48,0.4938176470588236,1,0,0,0
4531,4.0,4.0,0.0,55,0.4937058823529412,0,1,0,0
4532,4.0,4.0,0.0,64,0.49359411764705885,0,1,0,0
4533,5.0,5.0,0.0,58,0.4934823529411765,1,0,0,0
4534,5.0,5.0,0.0,97,0.4933705882352941,1,0,0,0
4535,4.0,4.0,0.0,42,0.49325882352941175,0,1,0,0
4536,5.0,5.0,0.0,56,0.4931470588235294,1,0,0,0
4537,4.0,4.0,0.0,50,0.4930352941176471,0,1,0,0
4538,4.0,4.0,0.0,62,0.49292352941176476,0,1,0,0
4539,5.0,5.0,0.0,47,0.4928117647058824,1,0,0,0
4540,4.0,4.0,0.0,53,0.4927,0,1,0,0
4541,4.0,4.0,0.0,39,0.49258823529411777,0,1,0,0
4542,5.0,5.0,0.0,39,0.4924764705882353,1,0,0,0
4543,5.0,5.0,0.0,87,0.4923647058823529,1,0,0,0
4544,4.0,4.0,0.0,71,0.49225294117647056,0,1,0,0
4545,5.0,5.0,0.0,46,0.4921411764705882,1,0,0,0
4546,5.0,5.0,0.0,72,0.49202941176470594,1,0,0,0
4547,5.0,5.0,0.0,56,0.49191764705882357,1,0,0,0
4548,5.0,5.0,0.0,58,0.4918058823529412,1,0,0,0
4549,5.0,5.0,0.0,52,0.49169411764705884,1,0,0,0
4550,5.0,5.0,0.0,44,0.4915823529411766,1,0,0,0
4551,2.0,2.0,0.0,33,0.4914705882352941,0,1,0,0
4552,4.0,4.0,0.0,60,0.49135882352941174,0,1,0,0
4553,5.0,5.0,0.0,71,0.49124705882352937,1,0,0,0
4554,5.0,5.0,0.0,66,0.4911352941176471,1,0,0,0
4555,5.0,5.0,0.0,106,0.49102352941176475,1,0,0,0
4556,2.0,2.0,0.0,43,0.4909117647058824,0,1,0,0
4557,4.0,4.0,0.0,43,0.4908,0,1,0,0
4558,4.0,4.0,0.0,44,0.49068823529411776,0,1,0,0
4559,5.0,5.0,0.0,74,0.4905764705882354,1,0,0,0
4560,5.0,5.0,0.0,51,0.4904647058823529,1,0,0,0
4561,2.0,2.0,0.0,50,0.49035294117647055,0,1,0,0
4562,5.0,5.0,0.0,43,0.4902411764705882,1,0,0,0
4563,4.0,4.0,0.0,44,0.4901294117647059,0,1,0,0
4564,4.0,4.0,0.0,29,0.49001764705882356,0,1,0,0
4565,4.0,4.0,0.0,35,0.4899058823529412,0,1,0,0
4566,2.0,2.0,0.0,60,0.4897941176470588,0,1,0,0
4567,5.0,5.0,0.0,67,0.48968235294117657,1,0,0,0
4568,2.0,2.0,0.0,71,0.4895705882352942,0,1,0,0
4569,5.0,5.0,0.0,76,0.4894588235294117,1,0,0,0
4570,5.0,5.0,0.0,47,0.48934705882352936,1,0,0,0
4571,4.0,4.0,0.0,39,0.4892352941176471,0,1,0,0
4572,4.0,4.0,0.0,31,0.48912352941176473,0,1,0,0
4573,4.0,4.0,0.0,62,0.48901176470588237,0,1,0,0
4574,4.0,4.0,0.0,39,0.4889,0,1,0,0
4575,4.0,4.0,0.0,39,0.48878823529411775,0,1,0,0
4576,4.0,4.0,0.0,62,0.4886764705882354,0,1,0,0
4577,2.0,2.0,0.0,51,0.488564705882353,0,1,0,0
4578,4.0,4.0,0.0,26,0.48845294117647053,0,1,0,0
4579,5.0,5.0,0.0,46,0.48834117647058817,1,0,0,0
4580,5.0,5.0,0.0,58,0.4882294117647059,1,0,0,0
4581,2.0,2.0,0.0,36,0.48811764705882354,0,1,0,0
4582,4.0,4.0,0.0,53,0.4880058823529412,0,1,0,0
4583,5.0,5.0,0.0,54,0.4878941176470588,1,0,0,0
4584,4.0,4.0,0.0,23,0.48778235294117656,0,1,0,0
4585,4.0,4.0,0.0,51,0.4876705882352942,0,1,0,0
4586,5.0,5.0,0.0,52,0.4875588235294118,1,0,0,0
4587,4.0,4.0,0.0,68,0.48744705882352934,0,1,0,0
4588,4.0,4.0,0.0,49,0.4873352941176471,0,1,0,0
4589,5.0,5.0,0.0,53,0.4872235294117647,1,0,0,0
4590,5.0,5.0,0.0,56,0.48711176470588236,1,0,0,0
4591,4.0,4.0,0.0,34,0.487,0,1,0,0
4592,4.0,4.0,0.0,41,0.48688823529411773,0,1,0,0
4593,4.0,4.0,0.0,54,0.48677647058823537,0,1,0,0
4594,5.0,5.0,0.0,35,0.486664705882353,1,0,0,0
4595,5.0,5.0,0.0,70,0.48655294117647063,1,0,0,0
4596,5.0,5.0,0.0,70,0.48644117647058827,1,0,0,0
4597,4.0,4.0,0.0,37,0.4863294117647059,0,1,0,0
4598,5.0,5.0,0.0,42,0.48621764705882353,1,0,0,0
4599,4.0,4.0,0.0,42,0.48610588235294117,0,1,0,0
4600,4.0,4.0,0.0,53,0.4859941176470588,0,1,0,0
4601,4.0,4.0,0.0,36,0.48588235294117654,0,1,0,0
4602,5.0,5.0,0.0,53,0.4857705882352942,1,0,0,0
4603,5.0,5.0,0.0,54,0.4856588235294118,1,0,0,0
4604,4.0,4.0,0.0,52,0.48554705882352944,0,1,0,0
4605,5.0,5.0,0.0,50,0.4854352941176471,1,0,0,0
4606,5.0,5.0,0.0,49,0.4853235294117647,1,0,0,0
4607,5.0,5.0,0.0,70,0.48521176470588234,1,0,0,0
4608,5.0,5.0,0.0,61,0.4851,1,0,0,0
4609,5.0,5.0,0.0,52,0.4849882352941177,1,0,0,0
4610,5.0,5.0,0.0,47,0.48487647058823535,1,0,0,0
4611,4.0,4.0,0.0,44,0.484764705882353,0,1,0,0
4612,4.0,4.0,0.0,80,0.4846529411764706,0,1,0,0
4613,5.0,5.0,0.0,44,0.48454117647058836,1,0,0,0
4614,4.0,4.0,0.0,58,0.4844294117647059,0,1,0,0
4615,5.0,5.0,0.0,61,0.4843176470588235,1,0,0,0
4616,5.0,5.0,0.0,48,0.48420588235294115,1,0,0,0
4617,5.0,5.0,0.0,46,0.4840941176470588,1,0,0,0
4618,4.0,4.0,0.0,41,0.48398235294117653,0,1,0,0
4619,5.0,5.0,0.0,77,0.48387058823529416,1,0,0,0
4620,4.0,4.0,0.0,33,0.4837588235294118,0,1,0,0
4621,5.0,5.0,0.0,38,0.48364705882352943,1,0,0,0
4622,4.0,4.0,0.0,44,0.4835352941176472,0,1,0,0
4623,4.0,4.0,0.0,41,0.4834235294117647,0,1,0,0
4624,4.0,4.0,0.0,44,0.48331176470588233,0,1,0,0
4625,4.0,4.0,0.0,52,0.48319999999999996,0,1,0,0
4626,5.0,5.0,0.0,80,0.4830882352941177,1,0,0,0
4627,2.0,2.0,0.0,33,0.48297647058823534,0,1,0,0
4628,5.0,5.0,0.0,48,0.482864705882353,1,0,0,0
4629,5.0,5.0,0.0,53,0.4827529411764706,1,0,0,0
4630,2.0,2.0,0.0,39,0.48264117647058835,0,1,0,0
4631,5.0,5.0,0.0,54,0.482529411764706,1,0,0,0
4632,5.0,5.0,0.0,71,0.4824176470588235,1,0,0,0
4633,4.0,4.0,0.0,40,0.48230588235294114,0,1,0,0
4634,5.0,5.0,0.0,38,0.4821941176470588,1,0,0,0
4635,4.0,4.0,0.0,41,0.4820823529411765,0,1,0,0
4636,4.0,4.0,0.0,47,0.48197058823529415,0,1,0,0
4637,5.0,5.0,0.0,57,0.4818588235294118,1,0,0,0
4638,5.0,5.0,0.0,49,0.4817470588235294,1,0,0,0
4639,4.0,4.0,0.0,38,0.48163529411764716,0,1,0,0
4640,2.0,2.0,0.0,39,0.4815235294117648,0,1,0,0
4641,5.0,5.0,0.0,54,0.4814117647058823,1,0,0,0
4642,5.0,5.0,0.0,72,0.48129999999999995,1,0,0,0
4643,5.0,5.0,0.0,72,0.4811882352941177,1,0,0,0
4644,4.0,4.0,0.0,44,0.4810764705882353,0,1,0,0
4645,5.0,5.0,0.0,53,0.48096470588235296,1,0,0,0
4646,5.0,5.0,0.0,61,0.4808529411764706,1,0,0,0
4647,4.0,4.0,0.0,36,0.48074117647058834,0,1,0,0
4648,4.0,4.0,0.0,56,0.48062941176470597,0,1,0,0
4649,2.0,2.0,0.0,33,0.4805176470588236,0,1,0,0
4650,4.0,4.0,0.0,57,0.4804058823529411,0,1,0,0
4651,4.0,4.0,0.0,50,0.48029411764705876,0,1,0,0
4652,2.0,2.0,0.0,28,0.4801823529411765,0,1,0,0
4653,5.0,5.0,0.0,43,0.48007058823529414,1,0,0,0
4654,5.0,5.0,0.0,45,0.47995882352941177,1,0,0,0
4655,5.0,5.0,0.0,57,0.4798470588235294,1,0,0,0
4656,4.0,4.0,0.0,77,0.47973529411764715,0,1,0,0
4657,4.0,4.0,0.0,45,0.4796235294117648,0,1,0,0
4658,5.0,5.0,0.0,79,0.4795117647058824,1,0,0,0
4659,4.0,4.0,0.0,66,0.47939999999999994,0,1,0,0
4660,5.0,5.0,0.0,44,0.4792882352941177,1,0,0,0
4661,5.0,5.0,0.0,61,0.4791764705882353,1,0,0,0
4662,5.0,5.0,0.0,81,0.47906470588235295,1,0,0,0
4663,5.0,5.0,0.0,58,0.4789529411764706,1,0,0,0
4664,4.0,4.0,0.0,34,0.4788411764705883,0,1,0,0
4665,5.0,5.0,0.0,71,0.47872941176470596,1,0,0,0
4666,4.0,4.0,0.0,51,0.4786176470588236,0,1,0,0
4667,4.0,4.0,0.0,45,0.4785058823529412,0,1,0,0
4668,4.0,4.0,0.0,43,0.47839411764705886,0,1,0,0
4669,4.0,4.0,0.0,36,0.4782823529411765,0,1,0,0
4670,4.0,4.0,0.0,52,0.4781705882352941,0,1,0,0
4671,4.0,4.0,0.0,46,0.47805882352941176,0,1,0,0
4672,4.0,4.0,0.0,58,0.4779470588235294,0,1,0,0
4673,5.0,5.0,0.0,65,0.47783529411764714,1,0,0,0
4674,5.0,5.0,0.0,39,0.47772352941176477,1,0,0,0
4675,4.0,4.0,0.0,35,0.4776117647058824,0,1,0,0
4676,4.0,4.0,0.0,87,0.47750000000000004,0,1,0,0
4677,5.0,5.0,0.0,74,0.47738823529411767,1,0,0,0
4678,4.0,4.0,0.0,66,0.4772764705882353,0,1,0,0
4679,4.0,4.0,0.0,44,0.47716470588235294,0,1,0,0
4680,5.0,5.0,0.0,49,0.47705294117647057,1,0,0,0
4681,5.0,5.0,0.0,69,0.4769411764705883,1,0,0,0
4682,4.0,4.0,0.0,48,0.47682941176470595,0,1,0,0
4683,4.0,4.0,0.0,59,0.4767176470588236,0,1,0,0
4684,5.0,5.0,0.0,37,0.4766058823529412,1,0,0,0
4685,5.0,5.0,0.0,43,0.47649411764705885,1,0,0,0
4686,5.0,5.0,0.0,64,0.4763823529411765,1,0,0,0
4687,5.0,5.0,0.0,38,0.4762705882352941,1,0,0,0
4688,4.0,4.0,0.0,38,0.47615882352941175,0,1,0,0
4689,2.0,2.0,0.0,39,0.4760470588235294,0,1,0,0
4690,4.0,4.0,0.0,36,0.4759352941176471,0,1,0,0
4691,5.0,5.0,0.0,70,0.47582352941176476,1,0,0,0
4692,4.0,4.0,0.0,38,0.4757117647058824,0,1,0,0
4693,4.0,4.0,0.0,56,0.4756,0,1,0,0
4694,5.0,5.0,0.0,54,0.47548823529411766,1,0,0,0
4695,4.0,4.0,0.0,44,0.4753764705882353,0,1,0,0
4696,4.0,4.0,0.0,39,0.4752647058823529,0,1,0,0
4697,4.0,4.0,0.0,49,0.47515294117647056,0,1,0,0
4698,5.0,5.0,0.0,60,0.4750411764705883,1,0,0,0
4699,5.0,5.0,0.0,55,0.47492941176470593,1,0,0,0
4700,5.0,5.0,0.0,37,0.47481764705882357,1,0,0,0
4701,5.0,5.0,0.0,43,0.4747058823529412,1,0,0,0
4702,5.0,5.0,0.0,89,0.47459411764705894,1,0,0,0
4703,5.0,5.0,0.0,53,0.47448235294117647,1,0,0,0
4704,5.0,5.0,0.0,67,0.4743705882352941,1,0,0,0
4705,5.0,5.0,0.0,67,0.47425882352941173,1,0,0,0
4706,5.0,5.0,0.0,80,0.47414705882352937,1,0,0,0
4707,4.0,4.0,0.0,45,0.4740352941176471,0,1,0,0
4708,5.0,5.0,0.0,44,0.47392352941176474,1,0,0,0
4709,4.0,4.0,0.0,54,0.4738117647058824,0,1,0,0
4710,2.0,2.0,0.0,48,0.4737,0,1,0,0
4711,5.0,5.0,0.0,41,0.47358823529411775,1,0,0,0
4712,5.0,5.0,0.0,74,0.4734764705882353,1,0,0,0
4713,5.0,5.0,0.0,40,0.4733647058823529,1,0,0,0
4714,4.0,4.0,0.0,45,0.47325294117647054,0,1,0,0
4715,5.0,5.0,0.0,54,0.4731411764705883,1,0,0,0
4716,5.0,5.0,0.0,40,0.4730294117647059,1,0,0,0
4717,5.0,5.0,0.0,56,0.47291764705882355,1,0,0,0
4718,4.0,4.0,0.0,50,0.4728058823529412,0,1,0,0
4719,2.0,2.0,0.0,49,0.47269411764705893,0,1,0,0
4720,4.0,4.0,0.0,45,0.47258235294117656,0,1,0,0
4721,5.0,5.0,0.0,46,0.4724705882352941,1,0,0,0
4722,5.0,5.0,0.0,48,0.4723588235294117,1,0,0,0
4723,2.0,2.0,0.0,36,0.47224705882352946,0,1,0,0
4724,2.0,2.0,0.0,40,0.4721352941176471,0,1,0,0
4725,2.0,2.0,0.0,35,0.47202352941176473,0,1,0,0
4726,4.0,4.0,0.0,42,0.47191176470588236,0,1,0,0
4727,4.0,4.0,0.0,37,0.4718,0,1,0,0
4728,5.0,5.0,0.0,50,0.47168823529411774,1,0,0,0
4729,5.0,5.0,0.0,60,0.4715764705882354,1,0,0,0
4730,5.0,5.0,0.0,54,0.4714647058823529,1,0,0,0
4731,5.0,5.0,0.0,60,0.47135294117647053,1,0,0,0
4732,5.0,5.0,0.0,54,0.4712411764705883,1,0,0,0
4733,5.0,5.0,0.0,50,0.4711294117647059,1,0,0,0
4734,4.0,4.0,0.0,39,0.47101764705882354,0,1,0,0
4735,4.0,4.0,0.0,37,0.4709058823529412,0,1,0,0
4736,4.0,4.0,0.0,54,0.4707941176470589,0,1,0,0
4737,5.0,5.0,0.0,67,0.47068235294117655,1,0,0,0
4738,4.0,4.0,0.0,30,0.4705705882352942,0,1,0,0
4739,5.0,5.0,0.0,52,0.4704588235294117,1,0,0,0
4740,4.0,4.0,0.0,57,0.47034705882352945,0,1,0,0
4741,4.0,4.0,0.0,52,0.4702352941176471,0,1,0,0
4742,4.0,4.0,0.0,56,0.4701235294117647,0,1,0,0
4743,4.0,4.0,0.0,48,0.47001176470588235,0,1,0,0
4744,2.0,2.0,0.0,59,0.4699,0,1,0,0
4745,4.0,4.0,0.0,47,0.46978823529411773,0,1,0,0
4746,5.0,5.0,0.0,42,0.46967647058823536,1,0,0,0
4747,5.0,5.0,0.0,37,0.469564705882353,1,0,0,0
4748,4.0,4.0,0.0,51,0.4694529411764705,0,1,0,0
4749,4.0,4.0,0.0,57,0.46934117647058826,0,1,0,0
4750,4.0,4.0,0.0,47,0.4692294117647059,0,1,0,0
4751,4.0,4.0,0.0,43,0.46911764705882353,0,1,0,0
4752,4.0,4.0,0.0,39,0.46900588235294116,0,1,0,0
4753,4.0,4.0,0.0,49,0.4688941176470589,0,1,0,0
4754,4.0,4.0,0.0,33,0.46878235294117654,0,1,0,0
4755,4.0,4.0,0.0,50,0.46867058823529417,0,1,0,0
4756,4.0,4.0,0.0,36,0.4685588235294118,0,1,0,0
4757,5.0,5.0,0.0,69,0.46844705882352944,1,0,0,0
4758,5.0,5.0,0.0,38,0.46833529411764707,1,0,0,0
4759,5.0,5.0,0.0,40,0.4682235294117647,1,0,0,0
4760,5.0,5.0,0.0,67,0.46811176470588234,1,0,0,0
4761,4.0,4.0,0.0,29,0.46799999999999997,0,1,0,0
4762,4.0,4.0,0.0,54,0.4678882352941177,0,1,0,0
4763,2.0,2.0,0.0,40,0.46777647058823535,0,1,0,0
4764,4.0,4.0,0.0,35,0.467664705882353,0,1,0,0
4765,4.0,4.0,0.0,66,0.4675529411764706,0,1,0,0
4766,4.0,4.0,0.0,58,0.46744117647058825,0,1,0,0
4767,4.0,4.0,0.0,39,0.4673294117647059,0,1,0,0
4768,4.0,4.0,0.0,47,0.4672176470588235,0,1,0,0
4769,4.0,4.0,0.0,59,0.46710588235294115,0,1,0,0
4770,5.0,5.0,0.0,45,0.4669941176470589,1,0,0,0
4771,2.0,2.0,0.0,33,0.4668823529411765,0,1,0,0
4772,5.0,5.0,0.0,48,0.46677058823529416,1,0,0,0
4773,5.0,5.0,0.0,65,0.4666588235294118,1,0,0,0
4774,5.0,5.0,0.0,81,0.46654705882352954,1,0,0,0
4775,5.0,5.0,0.0,47,0.46643529411764706,1,0,0,0
4776,4.0,4.0,0.0,63,0.4663235294117647,0,1,0,0
4777,5.0,5.0,0.0,72,0.4662117647058823,1,0,0,0
4778,5.0,5.0,0.0,46,0.46609999999999996,1,0,0,0
4779,5.0,5.0,0.0,48,0.4659882352941177,1,0,0,0
4780,5.0,5.0,0.0,63,0.46587647058823534,1,0,0,0
4781,4.0,4.0,0.0,54,0.46576470588235297,0,1,0,0
4782,4.0,4.0,0.0,37,0.4656529411764706,0,1,0,0
4783,5.0,5.0,0.0,41,0.46554117647058835,1,0,0,0
4784,5.0,5.0,0.0,43,0.46542941176470587,1,0,0,0
4785,4.0,4.0,0.0,64,0.4653176470588235,0,1,0,0
4786,5.0,5.0,0.0,45,0.46520588235294114,1,0,0,0
4787,5.0,5.0,0.0,40,0.4650941176470589,1,0,0,0
4788,5.0,5.0,0.0,61,0.4649823529411765,1,0,0,0
4789,5.0,5.0,0.0,75,0.46487058823529415,1,0,0,0
4790,4.0,4.0,0.0,31,0.4647588235294118,0,1,0,0
4791,5.0,5.0,0.0,68,0.4646470588235295,1,0,0,0
4792,2.0,2.0,0.0,41,0.46453529411764716,0,1,0,0
4793,5.0,5.0,0.0,58,0.4644235294117647,1,0,0,0
4794,4.0,4.0,0.0,70,0.4643117647058823,0,1,0,0
4795,2.0,2.0,0.0,23,0.46420000000000006,0,1,0,0
4796,5.0,5.0,0.0,53,0.4640882352941177,1,0,0,0
4797,4.0,4.0,0.0,54,0.4639764705882353,0,1,0,0
4798,5.0,5.0,0.0,46,0.46386470588235296,1,0,0,0
4799,5.0,5.0,0.0,64,0.4637529411764706,1,0,0,0
4800,4.0,4.0,0.0,34,0.46364117647058833,0,1,0,0
4801,5.0,5.0,0.0,50,0.46352941176470597,1,0,0,0
4802,5.0,5.0,0.0,54,0.4634176470588235,1,0,0,0
4803,5.0,5.0,0.0,69,0.4633058823529411,1,0,0,0
4804,4.0,4.0,0.0,66,0.46319411764705887,0,1,0,0
4805,4.0,4.0,0.0,37,0.4630823529411765,0,1,0,0
4806,2.0,2.0,0.0,45,0.46297058823529413,0,1,0,0
4807,5.0,5.0,0.0,49,0.46285882352941177,1,0,0,0
4808,5.0,5.0,0.0,57,0.4627470588235295,1,0,0,0
4809,5.0,5.0,0.0,46,0.46263529411764714,1,0,0,0
4810,2.0,2.0,0.0,27,0.4625235294117648,0,1,0,0
4811,4.0,4.0,0.0,36,0.4624117647058823,0,1,0,0
4812,5.0,5.0,0.0,42,0.46230000000000004,1,0,0,0
4813,4.0,4.0,0.0,35,0.4621882352941177,0,1,0,0
4814,4.0,4.0,0.0,24,0.4620764705882353,0,1,0,0
4815,2.0,2.0,0.0,25,0.46196470588235294,0,1,0,0
4816,4.0,4.0,0.0,46,0.4618529411764706,0,1,0,0
4817,5.0,5.0,0.0,55,0.4617411764705883,1,0,0,0
4818,4.0,4.0,0.0,40,0.46162941176470595,0,1,0,0
4819,5.0,5.0,0.0,43,0.4615176470588236,1,0,0,0
4820,4.0,4.0,0.0,30,0.4614058823529411,0,1,0,0
4821,5.0,5.0,0.0,38,0.46129411764705885,1,0,0,0
4822,4.0,4.0,0.0,48,0.4611823529411765,0,1,0,0
4823,4.0,4.0,0.0,44,0.4610705882352941,0,1,0,0
4824,5.0,5.0,0.0,59,0.46095882352941175,1,0,0,0
4825,5.0,5.0,0.0,58,0.4608470588235295,1,0,0,0
4826,5.0,5.0,0.0,46,0.46073529411764713,1,0,0,0
4827,5.0,5.0,0.0,43,0.46062352941176476,1,0,0,0
4828,5.0,5.0,0.0,52,0.4605117647058824,1,0,0,0
4829,5.0,5.0,0.0,52,0.46040000000000003,1,0,0,0
4830,5.0,5.0,0.0,54,0.46028823529411766,1,0,0,0
4831,4.0,4.0,0.0,60,0.4601764705882353,0,1,0,0
4832,2.0,2.0,0.0,45,0.46006470588235293,0,1,0,0
4833,5.0,5.0,0.0,52,0.45995294117647056,1,0,0,0
4834,4.0,4.0,0.0,34,0.4598411764705883,0,1,0,0
4835,5.0,5.0,0.0,56,0.45972941176470594,1,0,0,0
4836,5.0,5.0,0.0,63,0.4596176470588236,1,0,0,0
4837,2.0,2.0,0.0,36,0.4595058823529412,0,1,0,0
4838,4.0,4.0,0.0,42,0.45939411764705884,0,1,0,0
4839,5.0,5.0,0.0,38,0.4592823529411765,1,0,0,0
4840,5.0,5.0,0.0,60,0.4591705882352941,1,0,0,0
4841,2.0,2.0,0.0,39,0.45905882352941174,0,1,0,0
4842,2.0,2.0,0.0,59,0.4589470588235295,0,1,0,0
4843,2.0,2.0,0.0,46,0.4588352941176471,0,1,0,0
4844,5.0,5.0,0.0,37,0.45872352941176475,1,0,0,0
4845,4.0,4.0,0.0,51,0.4586117647058824,0,1,0,0
4846,4.0,4.0,0.0,29,0.4585,0,1,0,0
4847,5.0,5.0,0.0,42,0.45838823529411765,1,0,0,0
4848,5.0,5.0,0.0,56,0.4582764705882353,1,0,0,0
4849,5.0,5.0,0.0,49,0.4581647058823529,1,0,0,0
4850,5.0,5.0,0.0,42,0.45805294117647066,1,0,0,0
4851,5.0,5.0,0.0,84,0.4579411764705883,1,0,0,0
4852,4.0,4.0,0.0,50,0.45782941176470593,0,1,0,0
4853,4.0,4.0,0.0,54,0.45771764705882356,0,1,0,0
4854,5.0,5.0,0.0,54,0.4576058823529412,1,0,0,0
4855,4.0,4.0,0.0,41,0.45749411764705883,0,1,0,0
4856,5.0,5.0,0.0,64,0.45738235294117646,1,0,0,0
4857,5.0,5.0,0.0,37,0.4572705882352941,1,0,0,0
4858,5.0,5.0,0.0,36,0.45715882352941173,1,0,0,0
4859,4.0,4.0,0.0,31,0.4570470588235295,0,1,0,0
4860,4.0,4.0,0.0,34,0.4569352941176471,0,1,0,0
4861,5.0,5.0,0.0,38,0.45682352941176474,1,0,0,0
4862,5.0,5.0,0.0,54,0.4567117647058824,1,0,0,0
4863,5.0,5.0,0.0,54,0.4566000000000001,1,0,0,0
4864,4.0,4.0,0.0,30,0.45648823529411764,0,1,0,0
4865,4.0,4.0,0.0,41,0.4563764705882353,0,1,0,0
4866,5.0,5.0,0.0,59,0.4562647058823529,1,0,0,0
4867,4.0,4.0,0.0,45,0.45615294117647065,0,1,0,0
4868,5.0,5.0,0.0,53,0.4560411764705883,1,0,0,0
4869,5.0,5.0,0.0,52,0.4559294117647059,1,0,0,0
4870,4.0,4.0,0.0,56,0.45581764705882355,0,1,0,0
4871,4.0,4.0,0.0,45,0.4557058823529412,0,1,0,0
4872,4.0,4.0,0.0,35,0.4555941176470589,0,1,0,0
4873,4.0,4.0,0.0,56,0.45548235294117645,0,1,0,0
4874,2.0,2.0,0.0,29,0.4553705882352941,0,1,0,0
4875,4.0,4.0,0.0,53,0.4552588235294117,0,1,0,0
4876,4.0,4.0,0.0,37,0.45514705882352946,0,1,0,0
4877,5.0,5.0,0.0,49,0.4550352941176471,1,0,0,0
4878,4.0,4.0,0.0,29,0.4549235294117647,0,1,0,0
4879,4.0,4.0,0.0,47,0.45481176470588236,0,1,0,0
4880,4.0,4.0,0.0,43,0.4547000000000001,0,1,0,0
4881,4.0,4.0,0.0,31,0.45458823529411774,0,1,0,0
4882,2.0,2.0,0.0,42,0.45447647058823526,0,1,0,0
4883,4.0,4.0,0.0,36,0.4543647058823529,0,1,0,0
4884,4.0,4.0,0.0,54,0.45425294117647064,0,1,0,0
4885,4.0,4.0,0.0,40,0.45414117647058827,0,1,0,0
4886,5.0,5.0,0.0,78,0.4540294117647059,1,0,0,0
4887,5.0,5.0,0.0,53,0.45391764705882354,1,0,0,0
4888,5.0,5.0,0.0,38,0.45380588235294117,1,0,0,0
4889,5.0,5.0,0.0,51,0.4536941176470589,1,0,0,0
4890,4.0,4.0,0.0,57,0.45358235294117655,0,1,0,0
4891,5.0,5.0,0.0,36,0.45347058823529407,1,0,0,0
4892,5.0,5.0,0.0,48,0.4533588235294117,1,0,0,0
4893,4.0,4.0,0.0,57,0.45324705882352945,0,1,0,0
4894,5.0,5.0,0.0,43,0.4531352941176471,1,0,0,0
4895,4.0,4.0,0.0,30,0.4530235294117647,0,1,0,0
4896,5.0,5.0,0.0,47,0.45291176470588235,1,0,0,0
4897,5.0,5.0,0.0,69,0.4528000000000001,1,0,0,0
4898,4.0,4.0,0.0,33,0.4526882352941177,0,1,0,0
4899,4.0,4.0,0.0,43,0.45257647058823536,0,1,0,0
4900,5.0,5.0,0.0,61,0.4524647058823529,1,0,0,0
4901,2.0,2.0,0.0,25,0.4523529411764706,0,1,0,0
4902,2.0,2.0,0.0,37,0.45224117647058826,0,1,0,0
4903,4.0,4.0,0.0,54,0.4521294117647059,0,1,0,0
4904,2.0,2.0,0.0,51,0.4520176470588235,0,1,0,0
4905,4.0,4.0,0.0,34,0.45190588235294116,0,1,0,0
4906,5.0,5.0,0.0,53,0.4517941176470589,1,0,0,0
4907,4.0,4.0,0.0,35,0.45168235294117653,0,1,0,0
4908,5.0,5.0,0.0,46,0.45157058823529417,1,0,0,0
4909,5.0,5.0,0.0,55,0.4514588235294117,1,0,0,0
4910,5.0,5.0,0.0,41,0.45134705882352943,1,0,0,0
4911,4.0,4.0,0.0,75,0.45123529411764707,0,1,0,0
4912,5.0,5.0,0.0,52,0.4511235294117647,1,0,0,0
4913,5.0,5.0,0.0,50,0.45101176470588233,1,0,0,0
4914,4.0,4.0,0.0,30,0.4509000000000001,0,1,0,0
4915,5.0,5.0,0.0,39,0.4507882352941177,1,0,0,0
4916,2.0,2.0,0.0,58,0.45067647058823535,0,1,0,0
4917,5.0,5.0,0.0,52,0.450564705882353,1,0,0,0
4918,5.0,5.0,0.0,55,0.4504529411764706,1,0,0,0
4919,5.0,5.0,0.0,75,0.45034117647058824,1,0,0,0
4920,5.0,5.0,0.0,56,0.4502294117647059,1,0,0,0
4921,4.0,4.0,0.0,51,0.4501176470588235,0,1,0,0
4922,4.0,4.0,0.0,34,0.45000588235294126,0,1,0,0
4923,5.0,5.0,0.0,39,0.4498941176470589,1,0,0,0
4924,5.0,5.0,0.0,65,0.4497823529411765,1,0,0,0
4925,5.0,5.0,0.0,58,0.44967058823529416,1,0,0,0
4926,4.0,4.0,0.0,53,0.4495588235294118,0,1,0,0
4927,5.0,5.0,0.0,42,0.4494470588235294,1,0,0,0
4928,5.0,5.0,0.0,61,0.44933529411764705,1,0,0,0
4929,5.0,5.0,0.0,41,0.4492235294117647,1,0,0,0
4930,5.0,5.0,0.0,51,0.4491117647058823,1,0,0,0
4931,5.0,5.0,0.0,58,0.44900000000000007,1,0,0,0
4932,4.0,4.0,0.0,33,0.4488882352941177,0,1,0,0
4933,4.0,4.0,0.0,39,0.44877647058823533,0,1,0,0
4934,4.0,4.0,0.0,37,0.44866470588235297,0,1,0,0
4935,4.0,4.0,0.0,31,0.4485529411764707,0,1,0,0
4936,4.0,4.0,0.0,49,0.44844117647058823,0,1,0,0
4937,5.0,5.0,0.0,67,0.44832941176470587,1,0,0,0
4938,2.0,2.0,0.0,37,0.4482176470588235,0,1,0,0
4939,5.0,5.0,0.0,51,0.44810588235294124,1,0,0,0
4940,4.0,4.0,0.0,53,0.4479941176470589,0,1,0,0
4941,5.0,5.0,0.0,78,0.4478823529411765,1,0,0,0
4942,4.0,4.0,0.0,43,0.44777058823529414,0,1,0,0
4943,5.0,5.0,0.0,51,0.4476588235294118,1,0,0,0
4944,5.0,5.0,0.0,38,0.4475470588235295,1,0,0,0
4945,5.0,5.0,0.0,53,0.44743529411764704,1,0,0,0
4946,4.0,4.0,0.0,39,0.4473235294117647,0,1,0,0
4947,5.0,5.0,0.0,41,0.4472117647058823,1,0,0,0
4948,5.0,5.0,0.0,59,0.44710000000000005,1,0,0,0
4949,5.0,5.0,0.0,60,0.4469882352941177,1,0,0,0
4950,4.0,4.0,0.0,35,0.4468764705882353,0,1,0,0
4951,5.0,5.0,0.0,43,0.44676470588235295,1,0,0,0
4952,5.0,5.0,0.0,44,0.4466529411764707,1,0,0,0
4953,5.0,5.0,0.0,58,0.44654117647058833,1,0,0,0
4954,5.0,5.0,0.0,46,0.44642941176470585,1,0,0,0
4955,4.0,4.0,0.0,42,0.4463176470588235,0,1,0,0
4956,5.0,5.0,0.0,45,0.44620588235294123,1,0,0,0
4957,4.0,4.0,0.0,46,0.44609411764705886,0,1,0,0
4958,5.0,5.0,0.0,50,0.4459823529411765,1,0,0,0
4959,4.0,4.0,0.0,31,0.44587058823529413,0,1,0,0
4960,5.0,5.0,0.0,41,0.44575882352941176,1,0,0,0
4961,5.0,5.0,0.0,44,0.4456470588235295,1,0,0,0
4962,4.0,4.0,0.0,76,0.44553529411764714,0,1,0,0
4963,5.0,5.0,0.0,46,0.44542352941176466,1,0,0,0
4964,4.0,4.0,0.0,26,0.4453117647058823,0,1,0,0
4965,4.0,4.0,0.0,51,0.44520000000000004,0,1,0,0
4966,4.0,4.0,0.0,52,0.4450882352941177,0,1,0,0
4967,4.0,4.0,0.0,32,0.4449764705882353,0,1,0,0
4968,5.0,5.0,0.0,50,0.44486470588235294,1,0,0,0
4969,4.0,4.0,0.0,35,0.4447529411764707,0,1,0,0
4970,4.0,4.0,0.0,70,0.4446411764705883,0,1,0,0
4971,5.0,5.0,0.0,56,0.44452941176470595,1,0,0,0
4972,4.0,4.0,0.0,58,0.4444176470588235,0,1,0,0
4973,4.0,4.0,0.0,34,0.4443058823529412,0,1,0,0
4974,5.0,5.0,0.0,50,0.44419411764705885,1,0,0,0
4975,5.0,5.0,0.0,46,0.4440823529411765,1,0,0,0
4976,4.0,4.0,0.0,47,0.4439705882352941,0,1,0,0
4977,4.0,4.0,0.0,43,0.44385882352941186,0,1,0,0
4978,4.0,4.0,0.0,60,0.4437470588235295,0,1,0,0
4979,4.0,4.0,0.0,66,0.4436352941176471,0,1,0,0
4980,5.0,5.0,0.0,55,0.44352352941176476,1,0,0,0
4981,5.0,5.0,0.0,36,0.4434117647058823,1,0,0,0
4982,5.0,5.0,0.0,47,0.4433,1,0,0,0
4983,4.0,4.0,0.0,60,0.44318823529411766,0,1,0,0
4984,5.0,5.0,0.0,40,0.4430764705882353,1,0,0,0
4985,5.0,5.0,0.0,54,0.4429647058823529,1,0,0,0
4986,4.0,4.0,0.0,47,0.44285294117647067,0,1,0,0
4987,4.0,4.0,0.0,36,0.4427411764705883,0,1,0,0
4988,5.0,5.0,0.0,44,0.44262941176470594,1,0,0,0
4989,2.0,2.0,0.0,33,0.44251764705882357,0,1,0,0
4990,5.0,5.0,0.0,47,0.4424058823529412,1,0,0,0
4991,4.0,4.0,0.0,58,0.44229411764705884,0,1,0,0
4992,4.0,4.0,0.0,38,0.44218235294117647,0,1,0,0
4993,5.0,5.0,0.0,47,0.4420705882352941,1,0,0,0
4994,5.0,5.0,0.0,53,0.44195882352941185,1,0,0,0
4995,5.0,5.0,0.0,68,0.4418470588235295,1,0,0,0
4996,2.0,2.0,0.0,38,0.4417352941176471,0,1,0,0
4997,4.0,4.0,0.0,39,0.44162352941176475,0,1,0,0
4998,4.0,4.0,0.0,42,0.4415117647058824,0,1,0,0
4999,5.0,5.0,0.0,34,0.4414,1,0,0,0
5000,5.0,5.0,0.0,51,0.44128823529411765,1,0,0,0
5001,2.0,2.0,0.0,25,0.4411764705882353,0,1,0,0
5002,5.0,5.0,0.0,59,0.4410647058823529,1,0,0,0
5003,5.0,5.0,0.0,40,0.44095294117647066,1,0,0,0
5004,4.0,4.0,0.0,50,0.4408411764705883,0,1,0,0
5005,5.0,5.0,0.0,55,0.4407294117647059,1,0,0,0
5006,4.0,4.0,0.0,47,0.44061764705882356,0,1,0,0
5007,4.0,4.0,0.0,35,0.4405058823529412,0,1,0,0
5008,4.0,4.0,0.0,56,0.4403941176470588,0,1,0,0
5009,4.0,4.0,0.0,33,0.44028235294117646,0,1,0,0
5010,5.0,5.0,0.0,52,0.4401705882352941,1,0,0,0
5011,4.0,4.0,0.0,47,0.44005882352941184,0,1,0,0
5012,5.0,5.0,0.0,41,0.43994705882352947,1,0,0,0
5013,5.0,5.0,0.0,46,0.4398352941176471,1,0,0,0
5014,5.0,5.0,0.0,45,0.43972352941176474,1,0,0,0
5015,5.0,5.0,0.0,51,0.43961176470588237,1,0,0,0
5016,5.0,5.0,0.0,57,0.4395,1,0,0,0
5017,2.0,2.0,0.0,41,0.43938823529411764,0,1,0,0
5018,4.0,4.0,0.0,47,0.43927647058823527,0,1,0,0
5019,4.0,4.0,0.0,41,0.4391647058823529,0,1,0,0
5020,5.0,5.0,0.0,61,0.43905294117647065,1,0,0,0
5021,4.0,4.0,0.0,43,0.4389411764705883,0,1,0,0
5022,5.0,5.0,0.0,57,0.4388294117647059,1,0,0,0
5023,5.0,5.0,0.0,40,0.43871764705882355,1,0,0,0
5024,4.0,4.0,0.0,29,0.4386058823529413,0,1,0,0
5025,4.0,4.0,0.0,42,0.4384941176470588,0,1,0,0
5026,5.0,5.0,0.0,63,0.43838235294117645,1,0,0,0
5027,5.0,5.0,0.0,52,0.4382705882352941,1,0,0,0
5028,4.0,4.0,0.0,43,0.4381588235294118,0,1,0,0
5029,2.0,2.0,0.0,38,0.43804705882352946,0,1,0,0
5030,5.0,5.0,0.0,62,0.4379352941176471,1,0,0,0
5031,4.0,4.0,0.0,56,0.4378235294117647,0,1,0,0
5032,4.0,4.0,0.0,51,0.43771176470588236,0,1,0,0
5033,2.0,2.0,0.0,37,0.4376000000000001,0,1,0,0
5034,5.0,5.0,0.0,60,0.4374882352941176,1,0,0,0
5035,5.0,5.0,0.0,46,0.43737647058823526,1,0,0,0
5036,5.0,5.0,0.0,44,0.4372647058823529,1,0,0,0
5037,5.0,5.0,0.0,62,0.43715294117647063,1,0,0,0
5038,4.0,4.0,0.0,38,0.43704117647058827,0,1,0,0
5039,4.0,4.0,0.0,30,0.4369294117647059,0,1,0,0
5040,2.0,2.0,0.0,40,0.43681764705882353,0,1,0,0
5041,2.0,2.0,0.0,31,0.4367058823529413,0,1,0,0
5042,5.0,5.0,0.0,46,0.4365941176470589,1,0,0,0
5043,5.0,5.0,0.0,42,0.43648235294117643,1,0,0,0
5044,5.0,5.0,0.0,47,0.43637058823529407,1,0,0,0
5045,5.0,5.0,0.0,49,0.4362588235294118,1,0,0,0
5046,5.0,5.0,0.0,55,0.43614705882352944,1,0,0,0
5047,5.0,5.0,0.0,52,0.4360352941176471,1,0,0,0
5048,4.0,4.0,0.0,48,0.4359235294117647,0,1,0,0
5049,5.0,5.0,0.0,47,0.43581176470588245,1,0,0,0
5050,5.0,5.0,0.0,58,0.4357000000000001,1,0,0,0
5051,5.0,5.0,0.0,42,0.4355882352941177,1,0,0,0
5052,5.0,5.0,0.0,45,0.43547647058823524,1,0,0,0
5053,5.0,5.0,0.0,46,0.4353647058823529,1,0,0,0
5054,4.0,4.0,0.0,46,0.4352529411764706,0,1,0,0
5055,4.0,4.0,0.0,37,0.43514117647058825,0,1,0,0
5056,4.0,4.0,0.0,40,0.4350294117647059,0,1,0,0
5057,4.0,4.0,0.0,43,0.4349176470588235,0,1,0,0
5058,5.0,5.0,0.0,44,0.43480588235294126,1,0,0,0
5059,5.0,5.0,0.0,44,0.4346941176470589,1,0,0,0
5060,5.0,5.0,0.0,48,0.43458235294117653,1,0,0,0
5061,2.0,2.0,0.0,50,0.43447058823529405,0,1,0,0
5062,4.0,4.0,0.0,52,0.4343588235294118,0,1,0,0
5063,5.0,5.0,0.0,54,0.43424705882352943,1,0,0,0
5064,5.0,5.0,0.0,45,0.43413529411764706,1,0,0,0
5065,5.0,5.0,0.0,40,0.4340235294117647,1,0,0,0
5066,5.0,5.0,0.0,64,0.43391176470588244,1,0,0,0
5067,5.0,5.0,0.0,46,0.4338000000000001,1,0,0,0
5068,4.0,4.0,0.0,38,0.4336882352941177,0,1,0,0
5069,5.0,5.0,0.0,61,0.43357647058823534,1,0,0,0
5070,4.0,4.0,0.0,43,0.43346470588235286,0,1,0,0
5071,5.0,5.0,0.0,43,0.4333529411764706,1,0,0,0
5072,5.0,5.0,0.0,64,0.43324117647058824,1,0,0,0
5073,4.0,4.0,0.0,62,0.4331294117647059,0,1,0,0
5074,4.0,4.0,0.0,39,0.4330176470588235,0,1,0,0
5075,5.0,5.0,0.0,54,0.43290588235294125,1,0,0,0
5076,2.0,2.0,0.0,53,0.4327941176470589,0,1,0,0
5077,4.0,4.0,0.0,52,0.4326823529411765,0,1,0,0
5078,4.0,4.0,0.0,39,0.43257058823529415,0,1,0,0
5079,5.0,5.0,0.0,31,0.4324588235294118,1,0,0,0
5080,2.0,2.0,0.0,45,0.4323470588235294,0,1,0,0
5081,5.0,5.0,0.0,47,0.43223529411764705,1,0,0,0
5082,4.0,4.0,0.0,55,0.4321235294117647,0,1,0,0
5083,5.0,5.0,0.0,49,0.43201176470588243,1,0,0,0
5084,5.0,5.0,0.0,42,0.43190000000000006,1,0,0,0
5085,4.0,4.0,0.0,41,0.4317882352941177,0,1,0,0
5086,5.0,5.0,0.0,39,0.43167647058823533,1,0,0,0
5087,5.0,5.0,0.0,40,0.43156470588235296,1,0,0,0
5088,5.0,5.0,0.0,50,0.4314529411764706,1,0,0,0
5089,4.0,4.0,0.0,36,0.43134117647058823,0,1,0,0
5090,5.0,5.0,0.0,48,0.43122941176470586,1,0,0,0
5091,5.0,5.0,0.0,55,0.4311176470588235,1,0,0,0
5092,5.0,5.0,0.0,54,0.43100588235294124,1,0,0,0
5093,5.0,5.0,0.0,44,0.43089411764705887,1,0,0,0
5094,4.0,4.0,0.0,52,0.4307823529411765,0,1,0,0
5095,4.0,4.0,0.0,43,0.43067058823529414,0,1,0,0
5096,4.0,4.0,0.0,28,0.4305588235294119,0,1,0,0
5097,4.0,4.0,0.0,44,0.4304470588235294,0,1,0,0
5098,4.0,4.0,0.0,61,0.43033529411764704,0,1,0,0
5099,4.0,4.0,0.0,46,0.43022352941176467,0,1,0,0
5100,4.0,4.0,0.0,56,0.4301117647058824,0,1,0,0
5101,5.0,5.0,0.0,56,0.43000000000000005,1,0,0,0
5102,5.0,5.0,0.0,34,0.4298882352941177,1,0,0,0
5103,5.0,5.0,0.0,54,0.4297764705882353,1,0,0,0
5104,5.0,5.0,0.0,46,0.42966470588235306,1,0,0,0
5105,4.0,4.0,0.0,37,0.4295529411764707,0,1,0,0
5106,4.0,4.0,0.0,50,0.4294411764705882,0,1,0,0
5107,4.0,4.0,0.0,32,0.42932941176470585,0,1,0,0
5108,4.0,4.0,0.0,40,0.4292176470588235,0,1,0,0
5109,5.0,5.0,0.0,40,0.4291058823529412,1,0,0,0
5110,4.0,4.0,0.0,37,0.42899411764705886,0,1,0,0
5111,4.0,4.0,0.0,32,0.4288823529411765,0,1,0,0
5112,5.0,5.0,0.0,40,0.4287705882352941,1,0,0,0
5113,4.0,4.0,0.0,39,0.42865882352941187,0,1,0,0
5114,4.0,4.0,0.0,35,0.4285470588235295,0,1,0,0
5115,4.0,4.0,0.0,32,0.428435294117647,0,1,0,0
5116,4.0,4.0,0.0,45,0.42832352941176466,0,1,0,0
5117,5.0,5.0,0.0,53,0.4282117647058824,1,0,0,0
5118,4.0,4.0,0.0,35,0.42810000000000004,0,1,0,0
5119,5.0,5.0,0.0,76,0.42798823529411767,1,0,0,0
5120,5.0,5.0,0.0,65,0.4278764705882353,1,0,0,0
5121,5.0,5.0,0.0,47,0.42776470588235305,1,0,0,0
5122,5.0,5.0,0.0,42,0.4276529411764707,1,0,0,0
5123,4.0,4.0,0.0,68,0.4275411764705883,0,1,0,0
5124,5.0,5.0,0.0,60,0.42742941176470584,1,0,0,0
5125,4.0,4.0,0.0,37,0.42731764705882347,0,1,0,0
5126,5.0,5.0,0.0,48,0.4272058823529412,1,0,0,0
5127,5.0,5.0,0.0,56,0.42709411764705885,1,0,0,0
5128,5.0,5.0,0.0,37,0.4269823529411765,1,0,0,0
5129,5.0,5.0,0.0,51,0.4268705882352941,1,0,0,0
5130,5.0,5.0,0.0,55,0.42675882352941186,1,0,0,0
5131,5.0,5.0,0.0,47,0.4266470588235295,1,0,0,0
5132,5.0,5.0,0.0,43,0.4265352941176471,1,0,0,0
5133,5.0,5.0,0.0,65,0.42642352941176465,1,0,0,0
5134,5.0,5.0,0.0,32,0.4263117647058824,1,0,0,0
5135,5.0,5.0,0.0,53,0.4262,1,0,0,0
5136,4.0,4.0,0.0,42,0.42608823529411766,0,1,0,0
5137,4.0,4.0,0.0,35,0.4259764705882353,0,1,0,0
5138,4.0,4.0,0.0,29,0.42586470588235303,0,1,0,0
5139,4.0,4.0,0.0,28,0.42575294117647067,0,1,0,0
5140,5.0,5.0,0.0,45,0.4256411764705883,1,0,0,0
5141,4.0,4.0,0.0,30,0.42552941176470593,0,1,0,0
5142,4.0,4.0,0.0,32,0.42541764705882346,0,1,0,0
5143,5.0,5.0,0.0,43,0.4253058823529412,1,0,0,0
5144,5.0,5.0,0.0,54,0.42519411764705883,1,0,0,0
5145,5.0,5.0,0.0,57,0.42508235294117647,1,0,0,0
5146,5.0,5.0,0.0,40,0.4249705882352941,1,0,0,0
5147,4.0,4.0,0.0,41,0.42485882352941184,0,1,0,0
5148,5.0,5.0,0.0,41,0.4247470588235295,1,0,0,0
5149,5.0,5.0,0.0,42,0.4246352941176471,1,0,0,0
5150,5.0,5.0,0.0,39,0.42452352941176474,1,0,0,0
5151,4.0,4.0,0.0,39,0.4244117647058824,0,1,0,0
5152,5.0,5.0,0.0,46,0.4243,1,0,0,0
5153,2.0,2.0,0.0,38,0.42418823529411764,0,1,0,0
5154,4.0,4.0,0.0,31,0.4240764705882353,0,1,0,0
5155,4.0,4.0,0.0,55,0.423964705882353,0,1,0,0
5156,5.0,5.0,0.0,42,0.42385294117647065,1,0,0,0
5157,4.0,4.0,0.0,33,0.4237411764705883,0,1,0,0
5158,4.0,4.0,0.0,30,0.4236294117647059,0,1,0,0
5159,2.0,2.0,0.0,28,0.42351764705882355,0,1,0,0
5160,5.0,5.0,0.0,58,0.4234058823529412,1,0,0,0
5161,5.0,5.0,0.0,62,0.4232941176470588,1,0,0,0
5162,5.0,5.0,0.0,62,0.42318235294117645,1,0,0,0
5163,4.0,4.0,0.0,34,0.4230705882352941,0,1,0,0
5164,4.0,4.0,0.0,42,0.42295882352941183,0,1,0,0
5165,4.0,4.0,0.0,43,0.42284705882352946,0,1,0,0
5166,5.0,5.0,0.0,61,0.4227352941176471,1,0,0,0
5167,4.0,4.0,0.0,39,0.42262352941176473,0,1,0,0
5168,4.0,4.0,0.0,26,0.42251176470588236,0,1,0,0
5169,4.0,4.0,0.0,48,0.4224,0,1,0,0
5170,5.0,5.0,0.0,49,0.42228823529411763,1,0,0,0
5171,5.0,5.0,0.0,43,0.42217647058823526,1,0,0,0
5172,4.0,4.0,0.0,44,0.422064705882353,0,1,0,0
5173,4.0,4.0,0.0,46,0.42195294117647064,0,1,0,0
5174,4.0,4.0,0.0,36,0.4218411764705883,0,1,0,0
5175,4.0,4.0,0.0,42,0.4217294117647059,0,1,0,0
5176,5.0,5.0,0.0,57,0.42161764705882365,1,0,0,0
5177,2.0,2.0,0.0,28,0.4215058823529412,0,1,0,0
5178,4.0,4.0,0.0,47,0.4213941176470588,0,1,0,0
5179,4.0,4.0,0.0,41,0.42128235294117644,0,1,0,0
5180,5.0,5.0,0.0,37,0.4211705882352941,1,0,0,0
5181,5.0,5.0,0.0,44,0.4210588235294118,1,0,0,0
5182,5.0,5.0,0.0,38,0.42094705882352945,1,0,0,0
5183,2.0,2.0,0.0,40,0.4208352941176471,0,1,0,0
5184,4.0,4.0,0.0,45,0.4207235294117647,0,1,0,0
5185,5.0,5.0,0.0,48,0.42061176470588246,1,0,0,0
5186,2.0,2.0,0.0,44,0.4205,0,1,0,0
5187,2.0,2.0,0.0,21,0.4203882352941176,0,1,0,0
5188,4.0,4.0,0.0,42,0.42027647058823525,0,1,0,0
5189,4.0,4.0,0.0,40,0.420164705882353,0,1,0,0
5190,4.0,4.0,0.0,43,0.42005294117647063,0,1,0,0
5191,5.0,5.0,0.0,40,0.41994117647058826,1,0,0,0
5192,2.0,2.0,0.0,36,0.4198294117647059,0,1,0,0
5193,5.0,5.0,0.0,54,0.41971764705882364,1,0,0,0
5194,5.0,5.0,0.0,51,0.4196058823529413,1,0,0,0
5195,4.0,4.0,0.0,31,0.4194941176470588,0,1,0,0
5196,5.0,5.0,0.0,49,0.41938235294117643,1,0,0,0
5197,5.0,5.0,0.0,51,0.41927058823529406,1,0,0,0
5198,4.0,4.0,0.0,34,0.4191588235294118,0,1,0,0
5199,4.0,4.0,0.0,29,0.41904705882352944,0,1,0,0
5200,2.0,2.0,0.0,29,0.4189352941176471,0,1,0,0
5201,2.0,2.0,0.0,32,0.4188235294117647,0,1,0,0
5202,5.0,5.0,0.0,49,0.41871176470588245,1,0,0,0
5203,5.0,5.0,0.0,55,0.4186000000000001,1,0,0,0
5204,5.0,5.0,0.0,52,0.4184882352941176,1,0,0,0
5205,5.0,5.0,0.0,39,0.41837647058823524,1,0,0,0
5206,4.0,4.0,0.0,35,0.418264705882353,0,1,0,0
5207,5.0,5.0,0.0,62,0.4181529411764706,1,0,0,0
5208,5.0,5.0,0.0,74,0.41804117647058825,1,0,0,0
5209,4.0,4.0,0.0,38,0.4179294117647059,0,1,0,0
5210,5.0,5.0,0.0,39,0.4178176470588236,1,0,0,0
5211,5.0,5.0,0.0,44,0.41770588235294126,1,0,0,0
5212,5.0,5.0,0.0,58,0.4175941176470589,1,0,0,0
5213,5.0,5.0,0.0,46,0.4174823529411764,1,0,0,0
5214,5.0,5.0,0.0,53,0.41737058823529405,1,0,0,0
5215,5.0,5.0,0.0,64,0.4172588235294118,1,0,0,0
5216,4.0,4.0,0.0,52,0.4171470588235294,0,1,0,0
5217,2.0,2.0,0.0,33,0.41703529411764706,0,1,0,0
5218,5.0,5.0,0.0,51,0.4169235294117647,1,0,0,0
5219,4.0,4.0,0.0,29,0.41681176470588244,0,1,0,0
5220,2.0,2.0,0.0,38,0.41670000000000007,0,1,0,0
5221,5.0,5.0,0.0,36,0.4165882352941177,1,0,0,0
5222,4.0,4.0,0.0,31,0.4164764705882352,0,1,0,0
5223,5.0,5.0,0.0,58,0.41636470588235297,1,0,0,0
5224,2.0,2.0,0.0,34,0.4162529411764706,0,1,0,0
5225,5.0,5.0,0.0,41,0.41614117647058824,1,0,0,0
5226,4.0,4.0,0.0,61,0.41602941176470587,0,1,0,0
5227,4.0,4.0,0.0,39,0.4159176470588236,0,1,0,0
5228,5.0,5.0,0.0,43,0.41580588235294125,1,0,0,0
5229,5.0,5.0,0.0,60,0.4156941176470589,1,0,0,0
5230,5.0,5.0,0.0,46,0.4155823529411765,1,0,0,0
5231,4.0,4.0,0.0,52,0.41547058823529415,0,1,0,0
5232,4.0,4.0,0.0,26,0.4153588235294118,0,1,0,0
5233,4.0,4.0,0.0,32,0.4152470588235294,0,1,0,0
5234,2.0,2.0,0.0,46,0.41513529411764705,0,1,0,0
5235,5.0,5.0,0.0,43,0.4150235294117647,1,0,0,0
5236,5.0,5.0,0.0,39,0.4149117647058824,1,0,0,0
5237,5.0,5.0,0.0,46,0.41480000000000006,1,0,0,0
5238,5.0,5.0,0.0,51,0.4146882352941177,1,0,0,0
5239,4.0,4.0,0.0,44,0.4145764705882353,0,1,0,0
5240,4.0,4.0,0.0,44,0.41446470588235296,0,1,0,0
5241,2.0,2.0,0.0,33,0.4143529411764706,0,1,0,0
5242,5.0,5.0,0.0,35,0.4142411764705882,1,0,0,0
5243,2.0,2.0,0.0,41,0.41412941176470586,0,1,0,0
5244,5.0,5.0,0.0,53,0.4140176470588236,1,0,0,0
5245,5.0,5.0,0.0,37,0.41390588235294123,1,0,0,0
5246,4.0,4.0,0.0,39,0.41379411764705887,0,1,0,0
5247,4.0,4.0,0.0,46,0.4136823529411765,0,1,0,0
5248,5.0,5.0,0.0,54,0.41357058823529425,1,0,0,0
5249,4.0,4.0,0.0,40,0.41345882352941177,0,1,0,0
5250,2.0,2.0,0.0,41,0.4133470588235294,0,1,0,0
5251,5.0,5.0,0.0,56,0.41323529411764703,1,0,0,0
5252,2.0,2.0,0.0,44,0.41312352941176467,0,1,0,0
5253,5.0,5.0,0.0,41,0.4130117647058824,1,0,0,0
5254,4.0,4.0,0.0,64,0.41290000000000004,0,1,0,0
5255,5.0,5.0,0.0,60,0.4127882352941177,1,0,0,0
5256,5.0,5.0,0.0,43,0.4126764705882353,1,0,0,0
5257,4.0,4.0,0.0,54,0.41256470588235306,0,1,0,0
5258,4.0,4.0,0.0,56,0.4124529411764706,0,1,0,0
5259,2.0,2.0,0.0,43,0.4123411764705882,0,1,0,0
5260,5.0,5.0,0.0,54,0.41222941176470584,1,0,0,0
5261,5.0,5.0,0.0,44,0.4121176470588236,1,0,0,0
5262,2.0,2.0,0.0,34,0.4120058823529412,0,1,0,0
5263,4.0,4.0,0.0,37,0.41189411764705885,0,1,0,0
5264,5.0,5.0,0.0,44,0.4117823529411765,1,0,0,0
5265,4.0,4.0,0.0,38,0.41167058823529423,0,1,0,0
5266,4.0,4.0,0.0,37,0.41155882352941187,0,1,0,0
5267,5.0,5.0,0.0,41,0.4114470588235294,1,0,0,0
5268,5.0,5.0,0.0,35,0.411335294117647,1,0,0,0
5269,5.0,5.0,0.0,61,0.41122352941176465,1,0,0,0
5270,4.0,4.0,0.0,34,0.4111117647058824,0,1,0,0
5271,5.0,5.0,0.0,39,0.41100000000000003,1,0,0,0
5272,4.0,4.0,0.0,35,0.41088823529411767,0,1,0,0
5273,4.0,4.0,0.0,36,0.4107764705882353,0,1,0,0
5274,5.0,5.0,0.0,55,0.41066470588235304,1,0,0,0
5275,5.0,5.0,0.0,49,0.4105529411764707,1,0,0,0
5276,5.0,5.0,0.0,45,0.4104411764705882,1,0,0,0
5277,4.0,4.0,0.0,39,0.41032941176470583,0,1,0,0
5278,5.0,5.0,0.0,47,0.4102176470588236,1,0,0,0
5279,5.0,5.0,0.0,55,0.4101058823529412,1,0,0,0
5280,5.0,5.0,0.0,52,0.40999411764705884,1,0,0,0
5281,4.0,4.0,0.0,46,0.4098823529411765,0,1,0,0
5282,5.0,5.0,0.0,47,0.4097705882352942,1,0,0,0
5283,4.0,4.0,0.0,45,0.40965882352941185,0,1,0,0
5284,5.0,5.0,0.0,40,0.4095470588235295,1,0,0,0
5285,5.0,5.0,0.0,43,0.409435294117647,1,0,0,0
5286,5.0,5.0,0.0,32,0.40932352941176475,1,0,0,0
5287,4.0,4.0,0.0,54,0.4092117647058824,0,1,0,0
5288,2.0,2.0,0.0,25,0.4091,0,1,0,0
5289,5.0,5.0,0.0,38,0.40898823529411765,1,0,0,0
5290,5.0,5.0,0.0,39,0.4088764705882353,1,0,0,0
5291,5.0,5.0,0.0,37,0.40876470588235303,1,0,0,0
5292,2.0,2.0,0.0,30,0.40865294117647066,0,1,0,0
5293,4.0,4.0,0.0,37,0.4085411764705883,0,1,0,0
5294,4.0,4.0,0.0,46,0.4084294117647058,0,1,0,0
5295,5.0,5.0,0.0,41,0.40831764705882356,1,0,0,0
5296,5.0,5.0,0.0,29,0.4082058823529412,1,0,0,0
5297,5.0,5.0,0.0,40,0.40809411764705883,1,0,0,0
5298,5.0,5.0,0.0,64,0.40798235294117646,1,0,0,0
5299,5.0,5.0,0.0,39,0.4078705882352942,1,0,0,0
5300,5.0,5.0,0.0,59,0.40775882352941184,1,0,0,0
5301,5.0,5.0,0.0,38,0.4076470588235295,1,0,0,0
5302,5.0,5.0,0.0,56,0.4075352941176471,1,0,0,0
5303,5.0,5.0,0.0,58,0.40742352941176474,1,0,0,0
5304,5.0,5.0,0.0,45,0.4073117647058824,1,0,0,0
5305,2.0,2.0,0.0,28,0.4072,0,1,0,0
5306,5.0,5.0,0.0,47,0.40708823529411764,1,0,0,0
5307,4.0,4.0,0.0,32,0.4069764705882353,0,1,0,0
5308,5.0,5.0,0.0,31,0.406864705882353,1,0,0,0
5309,5.0,5.0,0.0,40,0.40675294117647065,1,0,0,0
5310,4.0,4.0,0.0,50,0.4066411764705883,0,1,0,0
5311,5.0,5.0,0.0,45,0.4065294117647059,1,0,0,0
5312,4.0,4.0,0.0,45,0.40641764705882355,0,1,0,0
5313,4.0,4.0,0.0,53,0.4063058823529412,0,1,0,0
5314,4.0,4.0,0.0,40,0.4061941176470588,0,1,0,0
5315,4.0,4.0,0.0,25,0.40608235294117645,0,1,0,0
5316,4.0,4.0,0.0,40,0.4059705882352942,0,1,0,0
5317,2.0,2.0,0.0,35,0.4058588235294118,0,1,0,0
5318,5.0,5.0,0.0,47,0.40574705882352946,1,0,0,0
5319,5.0,5.0,0.0,50,0.4056352941176471,1,0,0,0
5320,5.0,5.0,0.0,43,0.40552352941176484,1,0,0,0
5321,4.0,4.0,0.0,31,0.40541176470588236,0,1,0,0
5322,4.0,4.0,0.0,35,0.4053,0,1,0,0
5323,4.0,4.0,0.0,51,0.4051882352941176,0,1,0,0
5324,4.0,4.0,0.0,34,0.40507647058823526,0,1,0,0
5325,5.0,5.0,0.0,58,0.404964705882353,1,0,0,0
5326,5.0,5.0,0.0,31,0.40485294117647064,1,0,0,0
5327,5.0,5.0,0.0,42,0.40474117647058827,1,0,0,0
5328,5.0,5.0,0.0,46,0.4046294117647059,1,0,0,0
5329,5.0,5.0,0.0,58,0.40451764705882365,1,0,0,0
5330,4.0,4.0,0.0,31,0.40440588235294117,0,1,0,0
5331,5.0,5.0,0.0,59,0.4042941176470588,1,0,0,0
5332,5.0,5.0,0.0,41,0.40418235294117644,1,0,0,0
5333,5.0,5.0,0.0,52,0.4040705882352942,1,0,0,0
5334,4.0,4.0,0.0,41,0.4039588235294118,0,1,0,0
5335,5.0,5.0,0.0,52,0.40384705882352945,1,0,0,0
5336,2.0,2.0,0.0,29,0.4037352941176471,0,1,0,0
5337,2.0,2.0,0.0,35,0.4036235294117648,0,1,0,0
5338,4.0,4.0,0.0,40,0.40351176470588246,0,1,0,0
5339,4.0,4.0,0.0,51,0.4034,0,1,0,0
5340,5.0,5.0,0.0,43,0.4032882352941176,1,0,0,0
5341,4.0,4.0,0.0,51,0.40317647058823525,0,1,0,0
5342,5.0,5.0,0.0,55,0.403064705882353,1,0,0,0
5343,4.0,4.0,0.0,36,0.4029529411764706,0,1,0,0
5344,4.0,4.0,0.0,56,0.40284117647058826,0,1,0,0
5345,5.0,5.0,0.0,41,0.4027294117647059,1,0,0,0
5346,5.0,5.0,0.0,55,0.40261764705882364,1,0,0,0
5347,5.0,5.0,0.0,46,0.40250588235294127,1,0,0,0
5348,5.0,5.0,0.0,58,0.4023941176470588,1,0,0,0
5349,5.0,5.0,0.0,59,0.4022823529411764,1,0,0,0
5350,4.0,4.0,0.0,39,0.40217058823529417,0,1,0,0
5351,5.0,5.0,0.0,40,0.4020588235294118,1,0,0,0
5352,5.0,5.0,0.0,44,0.40194705882352944,1,0,0,0
5353,5.0,5.0,0.0,41,0.40183529411764707,1,0,0,0
5354,4.0,4.0,0.0,51,0.4017235294117648,0,1,0,0
5355,4.0,4.0,0.0,39,0.40161176470588245,0,1,0,0
5356,5.0,5.0,0.0,42,0.4015000000000001,1,0,0,0
5357,4.0,4.0,0.0,36,0.4013882352941176,0,1,0,0
5358,4.0,4.0,0.0,28,0.40127647058823535,0,1,0,0
5359,5.0,5.0,0.0,40,0.401164705882353,1,0,0,0
5360,5.0,5.0,0.0,40,0.4010529411764706,1,0,0,0
5361,4.0,4.0,0.0,38,0.40094117647058825,0,1,0,0
5362,2.0,2.0,0.0,45,0.4008294117647059,0,1,0,0
5363,4.0,4.0,0.0,35,0.4007176470588236,0,1,0,0
5364,5.0,5.0,0.0,48,0.40060588235294126,1,0,0,0
5365,4.0,4.0,0.0,37,0.4004941176470589,0,1,0,0
5366,5.0,5.0,0.0,52,0.4003823529411764,1,0,0,0
5367,5.0,5.0,0.0,49,0.40027058823529416,1,0,0,0
5368,4.0,4.0,0.0,30,0.4001588235294118,0,1,0,0
5369,5.0,5.0,0.0,54,0.4000470588235294,1,0,0,0
5370,5.0,5.0,0.0,37,0.39993529411764706,1,0,0,0
5371,5.0,5.0,0.0,37,0.3998235294117648,1,0,0,0
5372,2.0,2.0,0.0,59,0.39971176470588243,0,1,0,0
5373,5.0,5.0,0.0,46,0.39960000000000007,1,0,0,0
5374,5.0,5.0,0.0,44,0.3994882352941177,1,0,0,0
5375,5.0,5.0,0.0,65,0.39937647058823533,1,0,0,0
5376,4.0,4.0,0.0,37,0.39926470588235297,0,1,0,0
5377,4.0,4.0,0.0,39,0.3991529411764706,0,1,0,0
5378,5.0,5.0,0.0,60,0.39904117647058823,1,0,0,0
5379,5.0,5.0,0.0,44,0.39892941176470587,1,0,0,0
5380,5.0,5.0,0.0,45,0.3988176470588236,1,0,0,0
5381,5.0,5.0,0.0,48,0.39870588235294124,1,0,0,0
5382,4.0,4.0,0.0,30,0.3985941176470589,0,1,0,0
5383,4.0,4.0,0.0,47,0.3984823529411765,0,1,0,0
5384,4.0,4.0,0.0,47,0.39837058823529414,0,1,0,0
5385,5.0,5.0,0.0,45,0.3982588235294118,1,0,0,0
5386,4.0,4.0,0.0,37,0.3981470588235294,0,1,0,0
5387,4.0,4.0,0.0,55,0.39803529411764704,0,1,0,0
5388,5.0,5.0,0.0,42,0.3979235294117648,1,0,0,0
5389,4.0,4.0,0.0,37,0.3978117647058824,0,1,0,0
5390,4.0,4.0,0.0,31,0.39770000000000005,0,1,0,0
5391,5.0,5.0,0.0,42,0.3975882352941177,1,0,0,0
5392,5.0,5.0,0.0,55,0.3974764705882353,1,0,0,0
5393,2.0,2.0,0.0,29,0.39736470588235295,0,1,0,0
5394,5.0,5.0,0.0,50,0.3972529411764706,1,0,0,0
5395,5.0,5.0,0.0,48,0.3971411764705882,1,0,0,0
5396,5.0,5.0,0.0,53,0.39702941176470585,1,0,0,0
5397,5.0,5.0,0.0,47,0.3969176470588236,1,0,0,0
5398,5.0,5.0,0.0,63,0.39680588235294123,1,0,0,0
5399,5.0,5.0,0.0,41,0.39669411764705886,1,0,0,0
5400,4.0,4.0,0.0,34,0.3965823529411765,0,1,0,0
5401,5.0,5.0,0.0,42,0.39647058823529413,1,0,0,0
5402,4.0,4.0,0.0,36,0.39635882352941176,0,1,0,0
5403,2.0,2.0,0.0,29,0.3962470588235294,0,1,0,0
5404,5.0,5.0,0.0,48,0.39613529411764703,1,0,0,0
5405,2.0,2.0,0.0,29,0.3960235294117648,0,1,0,0
5406,5.0,5.0,0.0,58,0.3959117647058824,1,0,0,0
5407,4.0,4.0,0.0,37,0.39580000000000004,0,1,0,0
5408,5.0,5.0,0.0,57,0.3956882352941177,1,0,0,0
5409,5.0,5.0,0.0,53,0.3955764705882354,1,0,0,0
5410,5.0,5.0,0.0,46,0.39546470588235294,1,0,0,0
5411,5.0,5.0,0.0,49,0.3953529411764706,1,0,0,0
5412,5.0,5.0,0.0,51,0.3952411764705882,1,0,0,0
5413,4.0,4.0,0.0,42,0.39512941176470595,0,1,0,0
5414,5.0,5.0,0.0,40,0.3950176470588236,1,0,0,0
5415,5.0,5.0,0.0,36,0.3949058823529412,1,0,0,0
5416,5.0,5.0,0.0,56,0.39479411764705885,1,0,0,0
5417,5.0,5.0,0.0,43,0.3946823529411765,1,0,0,0
5418,5.0,5.0,0.0,58,0.39457058823529423,1,0,0,0
5419,4.0,4.0,0.0,35,0.39445882352941175,0,1,0,0
5420,4.0,4.0,0.0,44,0.3943470588235294,0,1,0,0
5421,5.0,5.0,0.0,51,0.394235294117647,1,0,0,0
5422,5.0,5.0,0.0,48,0.39412352941176476,1,0,0,0
5423,5.0,5.0,0.0,46,0.3940117647058824,1,0,0,0
5424,5.0,5.0,0.0,45,0.39390000000000003,1,0,0,0
5425,5.0,5.0,0.0,41,0.39378823529411766,1,0,0,0
5426,5.0,5.0,0.0,60,0.3936764705882354,1,0,0,0
5427,5.0,5.0,0.0,43,0.39356470588235304,1,0,0,0
5428,4.0,4.0,0.0,52,0.39345294117647056,0,1,0,0
5429,4.0,4.0,0.0,61,0.3933411764705882,0,1,0,0
5430,5.0,5.0,0.0,42,0.39322941176470594,1,0,0,0
5431,5.0,5.0,0.0,40,0.39311764705882357,1,0,0,0
5432,5.0,5.0,0.0,35,0.3930058823529412,1,0,0,0
5433,4.0,4.0,0.0,32,0.39289411764705884,0,1,0,0
5434,5.0,5.0,0.0,57,0.39278235294117647,1,0,0,0
5435,5.0,5.0,0.0,34,0.3926705882352942,1,0,0,0
5436,4.0,4.0,0.0,39,0.39255882352941185,0,1,0,0
5437,5.0,5.0,0.0,43,0.39244705882352937,1,0,0,0
5438,4.0,4.0,0.0,40,0.392335294117647,0,1,0,0
5439,5.0,5.0,0.0,57,0.39222352941176475,1,0,0,0
5440,5.0,5.0,0.0,63,0.3921117647058824,1,0,0,0
5441,4.0,4.0,0.0,44,0.392,0,1,0,0
5442,5.0,5.0,0.0,47,0.39188823529411765,1,0,0,0
5443,4.0,4.0,0.0,42,0.3917764705882354,0,1,0,0
5444,4.0,4.0,0.0,53,0.391664705882353,0,1,0,0
5445,5.0,5.0,0.0,52,0.39155294117647066,1,0,0,0
5446,4.0,4.0,0.0,40,0.3914411764705882,0,1,0,0
5447,5.0,5.0,0.0,45,0.3913294117647059,1,0,0,0
5448,5.0,5.0,0.0,50,0.39121764705882356,1,0,0,0
5449,4.0,4.0,0.0,51,0.3911058823529412,0,1,0,0
5450,4.0,4.0,0.0,34,0.3909941176470588,0,1,0,0
5451,4.0,4.0,0.0,40,0.39088235294117646,0,1,0,0
5452,5.0,5.0,0.0,37,0.3907705882352942,1,0,0,0
5453,2.0,2.0,0.0,38,0.39065882352941184,0,1,0,0
5454,5.0,5.0,0.0,38,0.39054705882352947,1,0,0,0
5455,4.0,4.0,0.0,28,0.390435294117647,0,1,0,0
5456,5.0,5.0,0.0,42,0.39032352941176474,1,0,0,0
5457,5.0,5.0,0.0,29,0.39021176470588237,1,0,0,0
5458,4.0,4.0,0.0,38,0.3901,0,1,0,0
5459,5.0,5.0,0.0,52,0.38998823529411764,1,0,0,0
5460,5.0,5.0,0.0,56,0.3898764705882354,1,0,0,0
5461,5.0,5.0,0.0,53,0.389764705882353,1,0,0,0
5462,4.0,4.0,0.0,49,0.38965294117647065,0,1,0,0
5463,5.0,5.0,0.0,43,0.3895411764705883,1,0,0,0
5464,4.0,4.0,0.0,56,0.3894294117647059,0,1,0,0
5465,4.0,4.0,0.0,33,0.38931764705882355,0,1,0,0
5466,4.0,4.0,0.0,33,0.3892058823529412,0,1,0,0
5467,4.0,4.0,0.0,30,0.3890941176470588,0,1,0,0
5468,5.0,5.0,0.0,54,0.38898235294117645,1,0,0,0
5469,5.0,5.0,0.0,51,0.3888705882352942,1,0,0,0
5470,4.0,4.0,0.0,31,0.3887588235294118,0,1,0,0
5471,5.0,5.0,0.0,54,0.38864705882352946,1,0,0,0
5472,4.0,4.0,0.0,40,0.3885352941176471,0,1,0,0
5473,4.0,4.0,0.0,42,0.3884235294117647,0,1,0,0
5474,5.0,5.0,0.0,38,0.38831176470588236,1,0,0,0
5475,2.0,2.0,0.0,33,0.3882,0,1,0,0
5476,5.0,5.0,0.0,92,0.3880882352941176,1,0,0,0
5477,2.0,2.0,0.0,36,0.38797647058823537,0,1,0,0
5478,4.0,4.0,0.0,48,0.387864705882353,0,1,0,0
5479,5.0,5.0,0.0,53,0.38775294117647063,1,0,0,0
5480,4.0,4.0,0.0,46,0.38764117647058827,0,1,0,0
5481,5.0,5.0,0.0,49,0.387529411764706,1,0,0,0
5482,5.0,5.0,0.0,39,0.38741764705882353,1,0,0,0
5483,5.0,5.0,0.0,56,0.38730588235294117,1,0,0,0
5484,5.0,5.0,0.0,45,0.3871941176470588,1,0,0,0
5485,5.0,5.0,0.0,42,0.38708235294117654,1,0,0,0
5486,5.0,5.0,0.0,56,0.3869705882352942,1,0,0,0
5487,5.0,5.0,0.0,38,0.3868588235294118,1,0,0,0
5488,4.0,4.0,0.0,47,0.38674705882352944,0,1,0,0
5489,4.0,4.0,0.0,34,0.3866352941176471,0,1,0,0
5490,4.0,4.0,0.0,56,0.3865235294117648,0,1,0,0
5491,5.0,5.0,0.0,49,0.38641176470588234,1,0,0,0
5492,4.0,4.0,0.0,31,0.3863,0,1,0,0
5493,5.0,5.0,0.0,51,0.3861882352941176,1,0,0,0
5494,4.0,4.0,0.0,50,0.38607647058823535,0,1,0,0
5495,5.0,5.0,0.0,59,0.385964705882353,1,0,0,0
5496,5.0,5.0,0.0,49,0.3858529411764706,1,0,0,0
5497,4.0,4.0,0.0,59,0.38574117647058825,0,1,0,0
5498,5.0,5.0,0.0,41,0.385629411764706,1,0,0,0
5499,4.0,4.0,0.0,52,0.38551764705882363,0,1,0,0
5500,5.0,5.0,0.0,41,0.38540588235294115,1,0,0,0
5501,5.0,5.0,0.0,42,0.3852941176470588,1,0,0,0
5502,5.0,5.0,0.0,52,0.38518235294117653,1,0,0,0
5503,5.0,5.0,0.0,40,0.38507058823529416,1,0,0,0
5504,2.0,2.0,0.0,33,0.3849588235294118,0,1,0,0
5505,5.0,5.0,0.0,46,0.38484705882352943,1,0,0,0
5506,5.0,5.0,0.0,49,0.38473529411764706,1,0,0,0
5507,5.0,5.0,0.0,42,0.3846235294117648,1,0,0,0
5508,5.0,5.0,0.0,39,0.38451176470588244,1,0,0,0
5509,5.0,5.0,0.0,53,0.38439999999999996,1,0,0,0
5510,4.0,4.0,0.0,31,0.3842882352941176,0,1,0,0
5511,4.0,4.0,0.0,34,0.38417647058823534,0,1,0,0
5512,5.0,5.0,0.0,36,0.384064705882353,1,0,0,0
5513,4.0,4.0,0.0,37,0.3839529411764706,0,1,0,0
5514,5.0,5.0,0.0,42,0.38384117647058824,1,0,0,0
5515,4.0,4.0,0.0,56,0.383729411764706,0,1,0,0
5516,5.0,5.0,0.0,40,0.3836176470588236,1,0,0,0
5517,4.0,4.0,0.0,39,0.38350588235294125,0,1,0,0
5518,5.0,5.0,0.0,50,0.3833941176470588,1,0,0,0
5519,5.0,5.0,0.0,44,0.3832823529411765,1,0,0,0
5520,4.0,4.0,0.0,36,0.38317058823529415,0,1,0,0
5521,5.0,5.0,0.0,41,0.3830588235294118,1,0,0,0
5522,2.0,2.0,0.0,32,0.3829470588235294,0,1,0,0
5523,4.0,4.0,0.0,41,0.38283529411764705,0,1,0,0
5524,4.0,4.0,0.0,33,0.3827235294117648,0,1,0,0
5525,5.0,5.0,0.0,41,0.38261176470588243,1,0,0,0
5526,4.0,4.0,0.0,28,0.38250000000000006,0,1,0,0
5527,4.0,4.0,0.0,35,0.3823882352941176,0,1,0,0
5528,5.0,5.0,0.0,39,0.38227647058823533,1,0,0,0
5529,5.0,5.0,0.0,32,0.38216470588235296,1,0,0,0
5530,5.0,5.0,0.0,39,0.3820529411764706,1,0,0,0
5531,5.0,5.0,0.0,70,0.38194117647058823,1,0,0,0
5532,4.0,4.0,0.0,53,0.381829411764706,0,1,0,0
5533,5.0,5.0,0.0,47,0.3817176470588236,1,0,0,0
5534,5.0,5.0,0.0,54,0.38160588235294124,1,0,0,0
5535,5.0,5.0,0.0,41,0.3814941176470589,1,0,0,0
5536,5.0,5.0,0.0,53,0.3813823529411765,1,0,0,0
5537,4.0,4.0,0.0,46,0.38127058823529414,0,1,0,0
5538,5.0,5.0,0.0,42,0.38115882352941177,1,0,0,0
5539,4.0,4.0,0.0,55,0.3810470588235294,0,1,0,0
5540,5.0,5.0,0.0,34,0.38093529411764715,1,0,0,0
5541,4.0,4.0,0.0,32,0.3808235294117648,0,1,0,0
5542,5.0,5.0,0.0,57,0.3807117647058824,1,0,0,0
5543,5.0,5.0,0.0,64,0.38060000000000005,1,0,0,0
5544,5.0,5.0,0.0,39,0.3804882352941177,1,0,0,0
5545,4.0,4.0,0.0,45,0.3803764705882353,0,1,0,0
5546,4.0,4.0,0.0,33,0.38026470588235295,0,1,0,0
5547,5.0,5.0,0.0,40,0.3801529411764706,1,0,0,0
5548,4.0,4.0,0.0,44,0.3800411764705882,0,1,0,0
5549,5.0,5.0,0.0,40,0.37992941176470596,1,0,0,0
5550,4.0,4.0,0.0,48,0.3798176470588236,0,1,0,0
5551,5.0,5.0,0.0,40,0.3797058823529412,1,0,0,0
5552,4.0,4.0,0.0,31,0.37959411764705886,0,1,0,0
5553,4.0,4.0,0.0,41,0.3794823529411765,0,1,0,0
5554,4.0,4.0,0.0,48,0.3793705882352941,0,1,0,0
5555,2.0,2.0,0.0,22,0.37925882352941176,0,1,0,0
5556,5.0,5.0,0.0,53,0.3791470588235294,1,0,0,0
5557,5.0,5.0,0.0,45,0.37903529411764714,1,0,0,0
5558,5.0,5.0,0.0,50,0.37892352941176477,1,0,0,0
5559,5.0,5.0,0.0,45,0.3788117647058824,1,0,0,0
5560,4.0,4.0,0.0,37,0.37870000000000004,0,1,0,0
5561,5.0,5.0,0.0,66,0.37858823529411767,1,0,0,0
5562,4.0,4.0,0.0,60,0.3784764705882353,0,1,0,0
5563,4.0,4.0,0.0,61,0.37836470588235294,0,1,0,0
5564,5.0,5.0,0.0,38,0.37825294117647057,1,0,0,0
5565,5.0,5.0,0.0,41,0.3781411764705882,1,0,0,0
5566,5.0,5.0,0.0,56,0.37802941176470595,1,0,0,0
5567,4.0,4.0,0.0,37,0.3779176470588236,0,1,0,0
5568,2.0,2.0,0.0,35,0.3778058823529412,0,1,0,0
5569,5.0,5.0,0.0,37,0.37769411764705885,1,0,0,0
5570,5.0,5.0,0.0,41,0.3775823529411766,1,0,0,0
5571,2.0,2.0,0.0,24,0.3774705882352941,0,1,0,0
5572,5.0,5.0,0.0,70,0.37735882352941175,1,0,0,0
5573,5.0,5.0,0.0,38,0.3772470588235294,1,0,0,0
5574,4.0,4.0,0.0,47,0.3771352941176471,0,1,0,0
5575,5.0,5.0,0.0,34,0.37702352941176476,1,0,0,0
5576,5.0,5.0,0.0,45,0.3769117647058824,1,0,0,0
5577,4.0,4.0,0.0,47,0.3768,0,1,0,0
5578,4.0,4.0,0.0,33,0.37668823529411766,0,1,0,0
5579,5.0,5.0,0.0,54,0.3765764705882354,1,0,0,0
5580,5.0,5.0,0.0,59,0.3764647058823529,1,0,0,0
5581,5.0,5.0,0.0,38,0.37635294117647056,1,0,0,0
5582,4.0,4.0,0.0,38,0.3762411764705882,0,1,0,0
5583,2.0,2.0,0.0,42,0.37612941176470593,0,1,0,0
5584,5.0,5.0,0.0,52,0.37601764705882357,1,0,0,0
5585,5.0,5.0,0.0,40,0.3759058823529412,1,0,0,0
5586,5.0,5.0,0.0,63,0.37579411764705883,1,0,0,0
5587,5.0,5.0,0.0,44,0.3756823529411766,1,0,0,0
5588,2.0,2.0,0.0,45,0.3755705882352942,0,1,0,0
5589,4.0,4.0,0.0,36,0.37545882352941173,0,1,0,0
5590,5.0,5.0,0.0,48,0.37534705882352937,1,0,0,0
5591,4.0,4.0,0.0,27,0.3752352941176471,0,1,0,0
5592,5.0,5.0,0.0,51,0.37512352941176474,1,0,0,0
5593,5.0,5.0,0.0,42,0.3750117647058824,1,0,0,0
5594,4.0,4.0,0.0,52,0.3749,0,1,0,0
5595,5.0,5.0,0.0,49,0.37478823529411776,1,0,0,0
5596,4.0,4.0,0.0,42,0.3746764705882354,0,1,0,0
5597,4.0,4.0,0.0,28,0.374564705882353,0,1,0,0
5598,5.0,5.0,0.0,58,0.37445294117647054,1,0,0,0
5599,5.0,5.0,0.0,41,0.3743411764705882,1,0,0,0
5600,5.0,5.0,0.0,61,0.3742294117647059,1,0,0,0
5601,5.0,5.0,0.0,40,0.37411764705882355,1,0,0,0
5602,5.0,5.0,0.0,39,0.3740058823529412,1,0,0,0
5603,4.0,4.0,0.0,50,0.3738941176470588,0,1,0,0
5604,2.0,2.0,0.0,27,0.37378235294117657,0,1,0,0
5605,2.0,2.0,0.0,32,0.3736705882352942,0,1,0,0
5606,5.0,5.0,0.0,49,0.37355882352941183,1,0,0,0
5607,5.0,5.0,0.0,49,0.37344705882352935,1,0,0,0
5608,4.0,4.0,0.0,38,0.3733352941176471,0,1,0,0
5609,5.0,5.0,0.0,35,0.37322352941176473,1,0,0,0
5610,4.0,4.0,0.0,30,0.37311176470588236,0,1,0,0
5611,4.0,4.0,0.0,30,0.373,0,1,0,0
5612,4.0,4.0,0.0,37,0.37288823529411774,0,1,0,0
5613,5.0,5.0,0.0,68,0.3727764705882354,1,0,0,0
5614,5.0,5.0,0.0,42,0.372664705882353,1,0,0,0
5615,4.0,4.0,0.0,48,0.37255294117647064,0,1,0,0
5616,5.0,5.0,0.0,36,0.37244117647058816,1,0,0,0
5617,5.0,5.0,0.0,40,0.3723294117647059,1,0,0,0
5618,5.0,5.0,0.0,52,0.37221764705882354,1,0,0,0
5619,4.0,4.0,0.0,38,0.3721058823529412,0,1,0,0
5620,5.0,5.0,0.0,45,0.3719941176470588,1,0,0,0
5621,5.0,5.0,0.0,42,0.37188235294117655,1,0,0,0
5622,4.0,4.0,0.0,38,0.3717705882352942,0,1,0,0
5623,5.0,5.0,0.0,48,0.3716588235294118,1,0,0,0
5624,4.0,4.0,0.0,41,0.37154705882352945,0,1,0,0
5625,2.0,2.0,0.0,53,0.3714352941176471,0,1,0,0
5626,5.0,5.0,0.0,49,0.3713235294117647,1,0,0,0
5627,5.0,5.0,0.0,39,0.37121176470588235,1,0,0,0
5628,4.0,4.0,0.0,44,0.3711,0,1,0,0
5629,5.0,5.0,0.0,45,0.37098823529411773,1,0,0,0
5630,4.0,4.0,0.0,45,0.37087647058823536,0,1,0,0
5631,4.0,4.0,0.0,26,0.370764705882353,0,1,0,0
5632,5.0,5.0,0.0,40,0.37065294117647063,1,0,0,0
5633,5.0,5.0,0.0,52,0.37054117647058826,1,0,0,0
5634,5.0,5.0,0.0,49,0.3704294117647059,1,0,0,0
5635,5.0,5.0,0.0,37,0.37031764705882353,1,0,0,0
5636,4.0,4.0,0.0,64,0.37020588235294116,0,1,0,0
5637,4.0,4.0,0.0,51,0.3700941176470588,0,1,0,0
5638,4.0,4.0,0.0,49,0.36998235294117654,0,1,0,0
5639,5.0,5.0,0.0,30,0.3698705882352942,1,0,0,0
5640,4.0,4.0,0.0,35,0.3697588235294118,0,1,0,0
5641,5.0,5.0,0.0,38,0.36964705882352944,1,0,0,0
5642,5.0,5.0,0.0,50,0.3695352941176472,1,0,0,0
5643,5.0,5.0,0.0,40,0.3694235294117647,1,0,0,0
5644,2.0,2.0,0.0,32,0.36931176470588234,0,1,0,0
5645,5.0,5.0,0.0,39,0.3692,1,0,0,0
5646,5.0,5.0,0.0,54,0.3690882352941177,1,0,0,0
5647,5.0,5.0,0.0,66,0.36897647058823535,1,0,0,0
5648,4.0,4.0,0.0,23,0.368864705882353,0,1,0,0
5649,5.0,5.0,0.0,67,0.3687529411764706,1,0,0,0
5650,5.0,5.0,0.0,48,0.36864117647058825,1,0,0,0
5651,2.0,2.0,0.0,31,0.368529411764706,0,1,0,0
5652,5.0,5.0,0.0,39,0.3684176470588235,1,0,0,0
5653,5.0,5.0,0.0,36,0.36830588235294115,1,0,0,0
5654,5.0,5.0,0.0,33,0.3681941176470588,1,0,0,0
5655,5.0,5.0,0.0,54,0.3680823529411765,1,0,0,0
5656,2.0,2.0,0.0,27,0.36797058823529416,0,1,0,0
5657,5.0,5.0,0.0,42,0.3678588235294118,1,0,0,0
5658,5.0,5.0,0.0,50,0.3677470588235294,1,0,0,0
5659,5.0,5.0,0.0,45,0.36763529411764717,1,0,0,0
5660,2.0,2.0,0.0,25,0.3675235294117648,0,1,0,0
5661,5.0,5.0,0.0,42,0.3674117647058823,1,0,0,0
5662,4.0,4.0,0.0,35,0.36729999999999996,0,1,0,0
5663,5.0,5.0,0.0,30,0.3671882352941177,1,0,0,0
5664,4.0,4.0,0.0,34,0.36707647058823534,0,1,0,0
5665,5.0,5.0,0.0,45,0.36696470588235297,1,0,0,0
5666,5.0,5.0,0.0,48,0.3668529411764706,1,0,0,0
5667,5.0,5.0,0.0,48,0.36674117647058835,1,0,0,0
5668,4.0,4.0,0.0,47,0.366629411764706,0,1,0,0
5669,5.0,5.0,0.0,53,0.3665176470588236,1,0,0,0
5670,5.0,5.0,0.0,43,0.36640588235294114,1,0,0,0
5671,5.0,5.0,0.0,33,0.36629411764705877,1,0,0,0
5672,2.0,2.0,0.0,24,0.3661823529411765,0,1,0,0
5673,4.0,4.0,0.0,38,0.36607058823529415,0,1,0,0
5674,4.0,4.0,0.0,58,0.3659588235294118,0,1,0,0
5675,5.0,5.0,0.0,46,0.3658470588235294,1,0,0,0
5676,2.0,2.0,0.0,37,0.36573529411764716,0,1,0,0
5677,4.0,4.0,0.0,33,0.3656235294117648,0,1,0,0
5678,5.0,5.0,0.0,35,0.3655117647058824,1,0,0,0
5679,4.0,4.0,0.0,43,0.36539999999999995,0,1,0,0
5680,2.0,2.0,0.0,34,0.3652882352941177,0,1,0,0
5681,5.0,5.0,0.0,55,0.3651764705882353,1,0,0,0
5682,5.0,5.0,0.0,42,0.36506470588235296,1,0,0,0
5683,5.0,5.0,0.0,60,0.3649529411764706,1,0,0,0
5684,5.0,5.0,0.0,34,0.36484117647058834,1,0,0,0
5685,4.0,4.0,0.0,38,0.36472941176470597,0,1,0,0
5686,5.0,5.0,0.0,39,0.3646176470588236,1,0,0,0
5687,5.0,5.0,0.0,36,0.36450588235294124,1,0,0,0
5688,5.0,5.0,0.0,41,0.36439411764705876,1,0,0,0
5689,5.0,5.0,0.0,48,0.3642823529411765,1,0,0,0
5690,5.0,5.0,0.0,45,0.36417058823529413,1,0,0,0
5691,2.0,2.0,0.0,37,0.36405882352941177,0,1,0,0
5692,2.0,2.0,0.0,24,0.3639470588235294,0,1,0,0
5693,5.0,5.0,0.0,43,0.36383529411764715,1,0,0,0
5694,4.0,4.0,0.0,32,0.3637235294117648,0,1,0,0
5695,4.0,4.0,0.0,40,0.3636117647058824,0,1,0,0
5696,5.0,5.0,0.0,47,0.36350000000000005,1,0,0,0
5697,4.0,4.0,0.0,32,0.3633882352941177,0,1,0,0
5698,4.0,4.0,0.0,29,0.3632764705882353,0,1,0,0
5699,5.0,5.0,0.0,35,0.36316470588235295,1,0,0,0
5700,2.0,2.0,0.0,35,0.3630529411764706,0,1,0,0
5701,4.0,4.0,0.0,34,0.3629411764705883,0,1,0,0
5702,4.0,4.0,0.0,36,0.36282941176470596,0,1,0,0
5703,4.0,4.0,0.0,45,0.3627176470588236,0,1,0,0
5704,5.0,5.0,0.0,46,0.3626058823529412,1,0,0,0
5705,4.0,4.0,0.0,37,0.36249411764705886,0,1,0,0
5706,5.0,5.0,0.0,59,0.3623823529411765,1,0,0,0
5707,4.0,4.0,0.0,34,0.3622705882352941,0,1,0,0
5708,5.0,5.0,0.0,58,0.36215882352941176,1,0,0,0
5709,5.0,5.0,0.0,53,0.3620470588235294,1,0,0,0
5710,5.0,5.0,0.0,40,0.36193529411764713,1,0,0,0
5711,5.0,5.0,0.0,41,0.36182352941176477,1,0,0,0
5712,4.0,4.0,0.0,28,0.3617117647058824,0,1,0,0
5713,5.0,5.0,0.0,45,0.36160000000000003,1,0,0,0
5714,5.0,5.0,0.0,36,0.36148823529411767,1,0,0,0
5715,5.0,5.0,0.0,45,0.3613764705882353,1,0,0,0
5716,5.0,5.0,0.0,42,0.36126470588235293,1,0,0,0
5717,5.0,5.0,0.0,50,0.36115294117647057,1,0,0,0
5718,5.0,5.0,0.0,40,0.3610411764705883,1,0,0,0
5719,5.0,5.0,0.0,39,0.36092941176470594,1,0,0,0
5720,2.0,2.0,0.0,33,0.3608176470588236,0,1,0,0
5721,4.0,4.0,0.0,54,0.3607058823529412,0,1,0,0
5722,5.0,5.0,0.0,49,0.36059411764705895,1,0,0,0
5723,5.0,5.0,0.0,47,0.3604823529411765,1,0,0,0
5724,5.0,5.0,0.0,43,0.3603705882352941,1,0,0,0
5725,5.0,5.0,0.0,42,0.36025882352941174,1,0,0,0
5726,5.0,5.0,0.0,55,0.3601470588235294,1,0,0,0
5727,5.0,5.0,0.0,41,0.3600352941176471,1,0,0,0
5728,5.0,5.0,0.0,51,0.35992352941176475,1,0,0,0
5729,4.0,4.0,0.0,43,0.3598117647058824,0,1,0,0
5730,4.0,4.0,0.0,29,0.3597,0,1,0,0
5731,5.0,5.0,0.0,41,0.35958823529411776,1,0,0,0
5732,5.0,5.0,0.0,41,0.3594764705882353,1,0,0,0
5733,5.0,5.0,0.0,50,0.3593647058823529,1,0,0,0
5734,5.0,5.0,0.0,56,0.35925294117647055,1,0,0,0
5735,5.0,5.0,0.0,41,0.3591411764705883,1,0,0,0
5736,4.0,4.0,0.0,40,0.35902941176470593,0,1,0,0
5737,5.0,5.0,0.0,54,0.35891764705882356,1,0,0,0
5738,4.0,4.0,0.0,31,0.3588058823529412,0,1,0,0
5739,5.0,5.0,0.0,40,0.35869411764705894,1,0,0,0
5740,2.0,2.0,0.0,28,0.3585823529411766,0,1,0,0
5741,5.0,5.0,0.0,39,0.3584705882352941,1,0,0,0
5742,2.0,2.0,0.0,39,0.35835882352941173,0,1,0,0
5743,4.0,4.0,0.0,36,0.35824705882352936,0,1,0,0
5744,5.0,5.0,0.0,41,0.3581352941176471,1,0,0,0
5745,5.0,5.0,0.0,55,0.35802352941176474,1,0,0,0
5746,4.0,4.0,0.0,37,0.3579117647058824,0,1,0,0
5747,5.0,5.0,0.0,41,0.3578,1,0,0,0
5748,5.0,5.0,0.0,64,0.35768823529411775,1,0,0,0
5749,5.0,5.0,0.0,35,0.3575764705882354,1,0,0,0
5750,2.0,2.0,0.0,26,0.3574647058823529,0,1,0,0
5751,5.0,5.0,0.0,52,0.35735294117647054,1,0,0,0
5752,4.0,4.0,0.0,48,0.3572411764705883,0,1,0,0
5753,4.0,4.0,0.0,28,0.3571294117647059,0,1,0,0
5754,5.0,5.0,0.0,38,0.35701764705882355,1,0,0,0
5755,4.0,4.0,0.0,41,0.3569058823529412,0,1,0,0
5756,5.0,5.0,0.0,45,0.35679411764705893,1,0,0,0
5757,4.0,4.0,0.0,41,0.35668235294117656,0,1,0,0
5758,5.0,5.0,0.0,39,0.3565705882352942,1,0,0,0
5759,5.0,5.0,0.0,37,0.3564588235294117,1,0,0,0
5760,5.0,5.0,0.0,42,0.35634705882352935,1,0,0,0
5761,4.0,4.0,0.0,45,0.3562352941176471,0,1,0,0
5762,4.0,4.0,0.0,37,0.3561235294117647,0,1,0,0
5763,5.0,5.0,0.0,37,0.35601176470588236,1,0,0,0
5764,5.0,5.0,0.0,50,0.3559,1,0,0,0
5765,5.0,5.0,0.0,55,0.35578823529411774,1,0,0,0
5766,5.0,5.0,0.0,51,0.35567647058823537,1,0,0,0
5767,5.0,5.0,0.0,42,0.355564705882353,1,0,0,0
5768,5.0,5.0,0.0,46,0.3554529411764705,1,0,0,0
5769,5.0,5.0,0.0,43,0.35534117647058827,1,0,0,0
5770,4.0,4.0,0.0,35,0.3552294117647059,0,1,0,0
5771,5.0,5.0,0.0,37,0.35511764705882354,1,0,0,0
5772,5.0,5.0,0.0,43,0.35500588235294117,1,0,0,0
5773,4.0,4.0,0.0,32,0.3548941176470589,0,1,0,0
5774,5.0,5.0,0.0,38,0.35478235294117655,1,0,0,0
5775,5.0,5.0,0.0,41,0.3546705882352942,1,0,0,0
5776,5.0,5.0,0.0,45,0.3545588235294118,1,0,0,0
5777,4.0,4.0,0.0,36,0.35444705882352934,0,1,0,0
5778,2.0,2.0,0.0,27,0.3543352941176471,0,1,0,0
5779,4.0,4.0,0.0,39,0.3542235294117647,0,1,0,0
5780,5.0,5.0,0.0,51,0.35411176470588235,1,0,0,0
5781,5.0,5.0,0.0,44,0.354,1,0,0,0
5782,5.0,5.0,0.0,48,0.3538882352941177,1,0,0,0
5783,2.0,2.0,0.0,32,0.35377647058823536,0,1,0,0
5784,4.0,4.0,0.0,60,0.353664705882353,0,1,0,0
5785,5.0,5.0,0.0,40,0.3535529411764706,1,0,0,0
5786,4.0,4.0,0.0,31,0.35344117647058826,0,1,0,0
5787,5.0,5.0,0.0,40,0.3533294117647059,1,0,0,0
5788,4.0,4.0,0.0,33,0.3532176470588235,0,1,0,0
5789,5.0,5.0,0.0,49,0.35310588235294116,1,0,0,0
5790,5.0,5.0,0.0,41,0.3529941176470589,1,0,0,0
5791,5.0,5.0,0.0,44,0.35288235294117654,1,0,0,0
5792,5.0,5.0,0.0,42,0.35277058823529417,1,0,0,0
5793,5.0,5.0,0.0,52,0.3526588235294118,1,0,0,0
5794,4.0,4.0,0.0,41,0.35254705882352955,0,1,0,0
5795,4.0,4.0,0.0,30,0.35243529411764707,0,1,0,0
5796,4.0,4.0,0.0,32,0.3523235294117647,0,1,0,0
5797,2.0,2.0,0.0,31,0.35221176470588234,0,1,0,0
5798,5.0,5.0,0.0,46,0.35209999999999997,1,0,0,0
5799,5.0,5.0,0.0,57,0.3519882352941177,1,0,0,0
5800,2.0,2.0,0.0,42,0.35187647058823535,0,1,0,0
5801,2.0,2.0,0.0,38,0.351764705882353,0,1,0,0
5802,5.0,5.0,0.0,51,0.3516529411764706,1,0,0,0
5803,4.0,4.0,0.0,32,0.35154117647058836,0,1,0,0
5804,5.0,5.0,0.0,57,0.3514294117647059,1,0,0,0
5805,5.0,5.0,0.0,32,0.3513176470588235,1,0,0,0
5806,5.0,5.0,0.0,47,0.35120588235294115,1,0,0,0
5807,5.0,5.0,0.0,41,0.3510941176470589,1,0,0,0
5808,5.0,5.0,0.0,42,0.3509823529411765,1,0,0,0
5809,4.0,4.0,0.0,34,0.35087058823529416,0,1,0,0
5810,4.0,4.0,0.0,39,0.3507588235294118,0,1,0,0
5811,5.0,5.0,0.0,40,0.35064705882352953,1,0,0,0
5812,5.0,5.0,0.0,41,0.35053529411764717,1,0,0,0
5813,5.0,5.0,0.0,40,0.3504235294117647,1,0,0,0
5814,4.0,4.0,0.0,34,0.3503117647058823,0,1,0,0
5815,5.0,5.0,0.0,38,0.35019999999999996,1,0,0,0
5816,5.0,5.0,0.0,41,0.3500882352941177,1,0,0,0
5817,5.0,5.0,0.0,44,0.34997647058823533,1,0,0,0
5818,4.0,4.0,0.0,25,0.34986470588235297,0,1,0,0
5819,4.0,4.0,0.0,25,0.3497529411764706,0,1,0,0
5820,4.0,4.0,0.0,35,0.34964117647058834,0,1,0,0
5821,5.0,5.0,0.0,63,0.349529411764706,1,0,0,0
5822,5.0,5.0,0.0,50,0.3494176470588235,1,0,0,0
5823,5.0,5.0,0.0,50,0.34930588235294113,1,0,0,0
5824,5.0,5.0,0.0,45,0.3491941176470589,1,0,0,0
5825,5.0,5.0,0.0,53,0.3490823529411765,1,0,0,0
5826,5.0,5.0,0.0,33,0.34897058823529414,1,0,0,0
5827,4.0,4.0,0.0,32,0.3488588235294118,0,1,0,0
5828,2.0,2.0,0.0,38,0.3487470588235295,0,1,0,0
5829,4.0,4.0,0.0,36,0.34863529411764715,0,1,0,0
5830,5.0,5.0,0.0,48,0.3485235294117648,1,0,0,0
5831,5.0,5.0,0.0,34,0.3484117647058823,1,0,0,0
5832,5.0,5.0,0.0,50,0.34829999999999994,1,0,0,0
5833,5.0,5.0,0.0,61,0.3481882352941177,1,0,0,0
5834,2.0,2.0,0.0,33,0.3480764705882353,0,1,0,0
5835,5.0,5.0,0.0,43,0.34796470588235295,1,0,0,0
5836,5.0,5.0,0.0,45,0.3478529411764706,1,0,0,0
5837,2.0,2.0,0.0,28,0.34774117647058833,0,1,0,0
5838,5.0,5.0,0.0,41,0.34762941176470596,1,0,0,0
5839,5.0,5.0,0.0,66,0.3475176470588236,1,0,0,0
5840,4.0,4.0,0.0,48,0.3474058823529411,0,1,0,0
5841,4.0,4.0,0.0,41,0.34729411764705886,0,1,0,0
5842,4.0,4.0,0.0,36,0.3471823529411765,0,1,0,0
5843,4.0,4.0,0.0,44,0.34707058823529413,0,1,0,0
5844,5.0,5.0,0.0,46,0.34695882352941176,1,0,0,0
5845,5.0,5.0,0.0,54,0.3468470588235295,1,0,0,0
5846,5.0,5.0,0.0,43,0.34673529411764714,1,0,0,0
5847,4.0,4.0,0.0,37,0.3466235294117648,0,1,0,0
5848,5.0,5.0,0.0,61,0.3465117647058824,1,0,0,0
5849,4.0,4.0,0.0,30,0.34640000000000004,0,1,0,0
5850,5.0,5.0,0.0,49,0.3462882352941177,1,0,0,0
5851,5.0,5.0,0.0,59,0.3461764705882353,1,0,0,0
5852,4.0,4.0,0.0,35,0.34606470588235294,0,1,0,0
5853,5.0,5.0,0.0,50,0.3459529411764706,1,0,0,0
5854,5.0,5.0,0.0,41,0.3458411764705883,1,0,0,0
5855,5.0,5.0,0.0,43,0.34572941176470595,1,0,0,0
5856,5.0,5.0,0.0,36,0.3456176470588236,1,0,0,0
5857,4.0,4.0,0.0,30,0.3455058823529412,0,1,0,0
5858,5.0,5.0,0.0,48,0.34539411764705885,1,0,0,0
5859,4.0,4.0,0.0,31,0.3452823529411765,0,1,0,0
5860,2.0,2.0,0.0,34,0.3451705882352941,0,1,0,0
5861,5.0,5.0,0.0,52,0.34505882352941175,1,0,0,0
5862,5.0,5.0,0.0,37,0.3449470588235295,1,0,0,0
5863,5.0,5.0,0.0,59,0.34483529411764713,1,0,0,0
5864,5.0,5.0,0.0,39,0.34472352941176476,1,0,0,0
5865,5.0,5.0,0.0,35,0.3446117647058824,1,0,0,0
5866,4.0,4.0,0.0,35,0.34450000000000003,0,1,0,0
5867,4.0,4.0,0.0,41,0.34438823529411766,0,1,0,0
5868,5.0,5.0,0.0,35,0.3442764705882353,1,0,0,0
5869,2.0,2.0,0.0,27,0.34416470588235293,0,1,0,0
5870,4.0,4.0,0.0,37,0.34405294117647056,0,1,0,0
5871,5.0,5.0,0.0,46,0.3439411764705883,1,0,0,0
5872,5.0,5.0,0.0,38,0.34382941176470594,1,0,0,0
5873,5.0,5.0,0.0,48,0.34371764705882357,1,0,0,0
5874,5.0,5.0,0.0,43,0.3436058823529412,1,0,0,0
5875,5.0,5.0,0.0,33,0.34349411764705884,1,0,0,0
5876,2.0,2.0,0.0,29,0.34338235294117647,0,1,0,0
5877,5.0,5.0,0.0,41,0.3432705882352941,1,0,0,0
5878,4.0,4.0,0.0,26,0.34315882352941174,0,1,0,0
5879,5.0,5.0,0.0,35,0.3430470588235295,1,0,0,0
5880,5.0,5.0,0.0,48,0.3429352941176471,1,0,0,0
5881,5.0,5.0,0.0,72,0.34282352941176475,1,0,0,0
5882,4.0,4.0,0.0,35,0.3427117647058824,0,1,0,0
5883,5.0,5.0,0.0,44,0.3426000000000001,1,0,0,0
5884,2.0,2.0,0.0,26,0.34248823529411765,0,1,0,0
5885,2.0,2.0,0.0,36,0.3423764705882353,0,1,0,0
5886,5.0,5.0,0.0,35,0.3422647058823529,1,0,0,0
5887,5.0,5.0,0.0,46,0.34215294117647055,1,0,0,0
5888,5.0,5.0,0.0,42,0.3420411764705883,1,0,0,0
5889,4.0,4.0,0.0,34,0.3419294117647059,0,1,0,0
5890,5.0,5.0,0.0,35,0.34181764705882356,1,0,0,0
5891,5.0,5.0,0.0,41,0.3417058823529412,1,0,0,0
5892,5.0,5.0,0.0,49,0.34159411764705894,1,0,0,0
5893,4.0,4.0,0.0,38,0.34148235294117646,0,1,0,0
5894,5.0,5.0,0.0,58,0.3413705882352941,1,0,0,0
5895,4.0,4.0,0.0,50,0.3412588235294117,0,1,0,0
5896,5.0,5.0,0.0,41,0.34114705882352947,1,0,0,0
5897,5.0,5.0,0.0,36,0.3410352941176471,1,0,0,0
5898,5.0,5.0,0.0,40,0.34092352941176474,1,0,0,0
5899,5.0,5.0,0.0,56,0.34081176470588237,1,0,0,0
5900,4.0,4.0,0.0,53,0.3407000000000001,0,1,0,0
5901,4.0,4.0,0.0,36,0.34058823529411775,0,1,0,0
5902,5.0,5.0,0.0,36,0.34047647058823527,1,0,0,0
5903,2.0,2.0,0.0,31,0.3403647058823529,0,1,0,0
5904,4.0,4.0,0.0,42,0.34025294117647054,0,1,0,0
5905,5.0,5.0,0.0,31,0.3401411764705883,1,0,0,0
5906,4.0,4.0,0.0,35,0.3400294117647059,0,1,0,0
5907,5.0,5.0,0.0,30,0.33991764705882355,1,0,0,0
5908,4.0,4.0,0.0,44,0.3398058823529412,0,1,0,0
5909,4.0,4.0,0.0,38,0.3396941176470589,0,1,0,0
5910,4.0,4.0,0.0,30,0.33958235294117656,0,1,0,0
5911,4.0,4.0,0.0,41,0.3394705882352941,0,1,0,0
5912,2.0,2.0,0.0,27,0.3393588235294117,0,1,0,0
5913,4.0,4.0,0.0,34,0.33924705882352946,0,1,0,0
5914,4.0,4.0,0.0,36,0.3391352941176471,0,1,0,0
5915,5.0,5.0,0.0,51,0.3390235294117647,1,0,0,0
5916,4.0,4.0,0.0,32,0.33891176470588236,0,1,0,0
5917,5.0,5.0,0.0,36,0.3388000000000001,1,0,0,0
5918,5.0,5.0,0.0,48,0.33868823529411773,1,0,0,0
5919,5.0,5.0,0.0,37,0.33857647058823537,1,0,0,0
5920,5.0,5.0,0.0,47,0.3384647058823529,1,0,0,0
5921,5.0,5.0,0.0,38,0.33835294117647063,1,0,0,0
5922,5.0,5.0,0.0,47,0.33824117647058827,1,0,0,0
5923,5.0,5.0,0.0,41,0.3381294117647059,1,0,0,0
5924,4.0,4.0,0.0,44,0.33801764705882353,0,1,0,0
5925,5.0,5.0,0.0,50,0.33790588235294117,1,0,0,0
5926,5.0,5.0,0.0,40,0.3377941176470589,1,0,0,0
5927,5.0,5.0,0.0,51,0.33768235294117654,1,0,0,0
5928,5.0,5.0,0.0,33,0.3375705882352942,1,0,0,0
5929,5.0,5.0,0.0,40,0.3374588235294117,1,0,0,0
5930,4.0,4.0,0.0,30,0.33734705882352944,0,1,0,0
5931,5.0,5.0,0.0,43,0.3372352941176471,1,0,0,0
5932,4.0,4.0,0.0,35,0.3371235294117647,0,1,0,0
5933,4.0,4.0,0.0,46,0.33701176470588234,0,1,0,0
5934,4.0,4.0,0.0,46,0.3369000000000001,0,1,0,0
5935,5.0,5.0,0.0,40,0.3367882352941177,1,0,0,0
5936,5.0,5.0,0.0,52,0.33667647058823535,1,0,0,0
5937,5.0,5.0,0.0,37,0.336564705882353,1,0,0,0
5938,5.0,5.0,0.0,46,0.3364529411764706,1,0,0,0
5939,5.0,5.0,0.0,43,0.33634117647058825,1,0,0,0
5940,2.0,2.0,0.0,27,0.3362294117647059,0,1,0,0
5941,5.0,5.0,0.0,50,0.3361176470588235,1,0,0,0
5942,4.0,4.0,0.0,45,0.33600588235294115,0,1,0,0
5943,5.0,5.0,0.0,36,0.3358941176470589,1,0,0,0
5944,5.0,5.0,0.0,42,0.33578235294117653,1,0,0,0
5945,5.0,5.0,0.0,45,0.33567058823529417,1,0,0,0
5946,4.0,4.0,0.0,33,0.3355588235294118,0,1,0,0
5947,5.0,5.0,0.0,36,0.33544705882352943,1,0,0,0
5948,5.0,5.0,0.0,52,0.33533529411764706,1,0,0,0
5949,5.0,5.0,0.0,34,0.3352235294117647,1,0,0,0
5950,5.0,5.0,0.0,33,0.33511176470588233,1,0,0,0
5951,5.0,5.0,0.0,35,0.3350000000000001,1,0,0,0
5952,5.0,5.0,0.0,52,0.3348882352941177,1,0,0,0
5953,4.0,4.0,0.0,34,0.33477647058823534,0,1,0,0
5954,5.0,5.0,0.0,54,0.334664705882353,1,0,0,0
5955,5.0,5.0,0.0,40,0.3345529411764707,1,0,0,0
5956,5.0,5.0,0.0,32,0.33444117647058824,1,0,0,0
5957,5.0,5.0,0.0,34,0.3343294117647059,1,0,0,0
5958,5.0,5.0,0.0,45,0.3342176470588235,1,0,0,0
5959,5.0,5.0,0.0,32,0.33410588235294114,1,0,0,0
5960,5.0,5.0,0.0,36,0.3339941176470589,1,0,0,0
5961,5.0,5.0,0.0,39,0.3338823529411765,1,0,0,0
5962,4.0,4.0,0.0,28,0.33377058823529415,0,1,0,0
5963,5.0,5.0,0.0,42,0.3336588235294118,1,0,0,0
5964,4.0,4.0,0.0,39,0.33354705882352953,0,1,0,0
5965,5.0,5.0,0.0,39,0.33343529411764705,1,0,0,0
5966,5.0,5.0,0.0,32,0.3333235294117647,1,0,0,0
5967,5.0,5.0,0.0,38,0.3332117647058823,1,0,0,0
5968,5.0,5.0,0.0,40,0.33310000000000006,1,0,0,0
5969,5.0,5.0,0.0,46,0.3329882352941177,1,0,0,0
5970,5.0,5.0,0.0,38,0.33287647058823533,1,0,0,0
5971,4.0,4.0,0.0,45,0.33276470588235296,0,1,0,0
5972,5.0,5.0,0.0,37,0.3326529411764707,1,0,0,0
5973,4.0,4.0,0.0,33,0.33254117647058834,0,1,0,0
5974,5.0,5.0,0.0,37,0.33242941176470586,1,0,0,0
5975,2.0,2.0,0.0,30,0.3323176470588235,0,1,0,0
5976,5.0,5.0,0.0,36,0.33220588235294124,1,0,0,0
5977,4.0,4.0,0.0,34,0.3320941176470589,0,1,0,0
5978,5.0,5.0,0.0,42,0.3319823529411765,1,0,0,0
5979,4.0,4.0,0.0,35,0.33187058823529414,0,1,0,0
5980,4.0,4.0,0.0,42,0.3317588235294118,0,1,0,0
5981,5.0,5.0,0.0,33,0.3316470588235295,1,0,0,0
5982,5.0,5.0,0.0,40,0.33153529411764715,1,0,0,0
5983,5.0,5.0,0.0,33,0.3314235294117647,1,0,0,0
5984,5.0,5.0,0.0,44,0.3313117647058823,1,0,0,0
5985,5.0,5.0,0.0,39,0.33120000000000005,1,0,0,0
5986,4.0,4.0,0.0,33,0.3310882352941177,0,1,0,0
5987,5.0,5.0,0.0,32,0.3309764705882353,1,0,0,0
5988,2.0,2.0,0.0,36,0.33086470588235295,0,1,0,0
5989,5.0,5.0,0.0,40,0.3307529411764707,1,0,0,0
5990,5.0,5.0,0.0,38,0.3306411764705883,1,0,0,0
5991,5.0,5.0,0.0,50,0.33052941176470596,1,0,0,0
5992,5.0,5.0,0.0,40,0.3304176470588235,1,0,0,0
5993,5.0,5.0,0.0,31,0.3303058823529412,1,0,0,0
5994,5.0,5.0,0.0,39,0.33019411764705886,1,0,0,0
5995,5.0,5.0,0.0,43,0.3300823529411765,1,0,0,0
5996,5.0,5.0,0.0,50,0.3299705882352941,1,0,0,0
5997,5.0,5.0,0.0,29,0.32985882352941176,1,0,0,0
5998,5.0,5.0,0.0,54,0.3297470588235295,1,0,0,0
5999,4.0,4.0,0.0,49,0.32963529411764714,0,1,0,0
6000,5.0,5.0,0.0,42,0.32952352941176477,1,0,0,0
6001,4.0,4.0,0.0,48,0.3294117647058823,0,1,0,0
6002,2.0,2.0,0.0,21,0.32930000000000004,0,1,0,0
6003,4.0,4.0,0.0,33,0.32918823529411767,0,1,0,0
6004,5.0,5.0,0.0,35,0.3290764705882353,1,0,0,0
6005,2.0,2.0,0.0,29,0.32896470588235294,0,1,0,0
6006,5.0,5.0,0.0,56,0.3288529411764707,1,0,0,0
6007,5.0,5.0,0.0,38,0.3287411764705883,1,0,0,0
6008,4.0,4.0,0.0,31,0.32862941176470595,0,1,0,0
6009,5.0,5.0,0.0,37,0.3285176470588236,1,0,0,0
6010,5.0,5.0,0.0,40,0.3284058823529412,1,0,0,0
6011,5.0,5.0,0.0,38,0.32829411764705885,1,0,0,0
6012,5.0,5.0,0.0,36,0.3281823529411765,1,0,0,0
6013,5.0,5.0,0.0,39,0.3280705882352941,1,0,0,0
6014,4.0,4.0,0.0,47,0.32795882352941175,0,1,0,0
6015,5.0,5.0,0.0,53,0.3278470588235295,1,0,0,0
6016,4.0,4.0,0.0,45,0.3277352941176471,0,1,0,0
6017,5.0,5.0,0.0,55,0.32762352941176476,1,0,0,0
6018,5.0,5.0,0.0,37,0.3275117647058824,1,0,0,0
6019,5.0,5.0,0.0,49,0.3274,1,0,0,0
6020,5.0,5.0,0.0,47,0.32728823529411766,1,0,0,0
6021,4.0,4.0,0.0,34,0.3271764705882353,0,1,0,0
6022,5.0,5.0,0.0,42,0.3270647058823529,1,0,0,0
6023,4.0,4.0,0.0,30,0.32695294117647067,0,1,0,0
6024,5.0,5.0,0.0,38,0.3268411764705883,1,0,0,0
6025,5.0,5.0,0.0,41,0.32672941176470593,1,0,0,0
6026,5.0,5.0,0.0,46,0.32661764705882357,1,0,0,0
6027,5.0,5.0,0.0,37,0.3265058823529412,1,0,0,0
6028,5.0,5.0,0.0,52,0.32639411764705883,1,0,0,0
6029,4.0,4.0,0.0,34,0.32628235294117647,0,1,0,0
6030,5.0,5.0,0.0,47,0.3261705882352941,1,0,0,0
6031,2.0,2.0,0.0,37,0.32605882352941173,0,1,0,0
6032,5.0,5.0,0.0,49,0.3259470588235295,1,0,0,0
6033,5.0,5.0,0.0,37,0.3258352941176471,1,0,0,0
6034,2.0,2.0,0.0,38,0.32572352941176475,0,1,0,0
6035,5.0,5.0,0.0,47,0.3256117647058824,1,0,0,0
6036,5.0,5.0,0.0,53,0.3255,1,0,0,0
6037,5.0,5.0,0.0,34,0.32538823529411764,1,0,0,0
6038,5.0,5.0,0.0,39,0.3252764705882353,1,0,0,0
6039,5.0,5.0,0.0,46,0.3251647058823529,1,0,0,0
6040,5.0,5.0,0.0,79,0.32505294117647066,1,0,0,0
6041,4.0,4.0,0.0,33,0.3249411764705883,0,1,0,0
6042,4.0,4.0,0.0,39,0.3248294117647059,0,1,0,0
6043,4.0,4.0,0.0,33,0.32471764705882356,0,1,0,0
6044,5.0,5.0,0.0,55,0.3246058823529413,1,0,0,0
6045,5.0,5.0,0.0,43,0.3244941176470588,1,0,0,0
6046,5.0,5.0,0.0,51,0.32438235294117646,1,0,0,0
6047,5.0,5.0,0.0,40,0.3242705882352941,1,0,0,0
6048,5.0,5.0,0.0,54,0.32415882352941183,1,0,0,0
6049,4.0,4.0,0.0,39,0.32404705882352947,0,1,0,0
6050,5.0,5.0,0.0,43,0.3239352941176471,1,0,0,0
6051,5.0,5.0,0.0,44,0.32382352941176473,1,0,0,0
6052,4.0,4.0,0.0,35,0.32371176470588237,0,1,0,0
6053,5.0,5.0,0.0,36,0.3236000000000001,1,0,0,0
6054,4.0,4.0,0.0,32,0.32348823529411763,0,1,0,0
6055,5.0,5.0,0.0,56,0.32337647058823527,1,0,0,0
6056,5.0,5.0,0.0,56,0.3232647058823529,1,0,0,0
6057,4.0,4.0,0.0,41,0.32315294117647064,0,1,0,0
6058,5.0,5.0,0.0,42,0.3230411764705883,1,0,0,0
6059,5.0,5.0,0.0,46,0.3229294117647059,1,0,0,0
6060,5.0,5.0,0.0,37,0.32281764705882354,1,0,0,0
6061,4.0,4.0,0.0,38,0.3227058823529413,0,1,0,0
6062,4.0,4.0,0.0,36,0.3225941176470589,0,1,0,0
6063,5.0,5.0,0.0,43,0.32248235294117644,1,0,0,0
6064,5.0,5.0,0.0,39,0.3223705882352941,1,0,0,0
6065,5.0,5.0,0.0,46,0.3222588235294118,1,0,0,0
6066,5.0,5.0,0.0,43,0.32214705882352945,1,0,0,0
6067,5.0,5.0,0.0,37,0.3220352941176471,1,0,0,0
6068,5.0,5.0,0.0,38,0.3219235294117647,1,0,0,0
6069,4.0,4.0,0.0,31,0.32181176470588235,0,1,0,0
6070,4.0,4.0,0.0,41,0.3217000000000001,0,1,0,0
6071,2.0,2.0,0.0,37,0.32158823529411773,0,1,0,0
6072,5.0,5.0,0.0,37,0.32147647058823525,1,0,0,0
6073,5.0,5.0,0.0,37,0.3213647058823529,1,0,0,0
6074,5.0,5.0,0.0,43,0.32125294117647063,1,0,0,0
6075,5.0,5.0,0.0,48,0.32114117647058826,1,0,0,0
6076,5.0,5.0,0.0,58,0.3210294117647059,1,0,0,0
6077,4.0,4.0,0.0,34,0.32091764705882353,0,1,0,0
6078,4.0,4.0,0.0,31,0.3208058823529413,0,1,0,0
6079,5.0,5.0,0.0,41,0.3206941176470589,1,0,0,0
6080,5.0,5.0,0.0,42,0.32058235294117654,1,0,0,0
6081,5.0,5.0,0.0,36,0.32047058823529406,1,0,0,0
6082,5.0,5.0,0.0,47,0.3203588235294118,1,0,0,0
6083,5.0,5.0,0.0,42,0.32024705882352944,1,0,0,0
6084,5.0,5.0,0.0,45,0.3201352941176471,1,0,0,0
6085,4.0,4.0,0.0,50,0.3200235294117647,0,1,0,0
6086,5.0,5.0,0.0,45,0.31991176470588234,1,0,0,0
6087,5.0,5.0,0.0,60,0.3198000000000001,1,0,0,0
6088,5.0,5.0,0.0,42,0.3196882352941177,1,0,0,0
6089,5.0,5.0,0.0,41,0.31957647058823535,1,0,0,0
6090,5.0,5.0,0.0,75,0.3194647058823529,1,0,0,0
6091,5.0,5.0,0.0,49,0.3193529411764706,1,0,0,0
6092,5.0,5.0,0.0,38,0.31924117647058825,1,0,0,0
6093,4.0,4.0,0.0,34,0.3191294117647059,0,1,0,0
6094,4.0,4.0,0.0,32,0.3190176470588235,0,1,0,0
6095,4.0,4.0,0.0,30,0.31890588235294126,0,1,0,0
6096,5.0,5.0,0.0,51,0.3187941176470589,1,0,0,0
6097,5.0,5.0,0.0,39,0.3186823529411765,1,0,0,0
6098,5.0,5.0,0.0,46,0.31857058823529416,1,0,0,0
6099,5.0,5.0,0.0,53,0.3184588235294118,1,0,0,0
6100,5.0,5.0,0.0,44,0.3183470588235294,1,0,0,0
6101,4.0,4.0,0.0,32,0.31823529411764706,0,1,0,0
6102,5.0,5.0,0.0,51,0.3181235294117647,1,0,0,0
6103,4.0,4.0,0.0,36,0.31801176470588244,0,1,0,0
6104,4.0,4.0,0.0,38,0.31790000000000007,0,1,0,0
6105,5.0,5.0,0.0,35,0.3177882352941177,1,0,0,0
6106,4.0,4.0,0.0,34,0.31767647058823534,0,1,0,0
6107,5.0,5.0,0.0,44,0.31756470588235297,1,0,0,0
6108,5.0,5.0,0.0,36,0.3174529411764706,1,0,0,0
6109,4.0,4.0,0.0,28,0.31734117647058824,0,1,0,0
6110,5.0,5.0,0.0,36,0.31722941176470587,1,0,0,0
6111,5.0,5.0,0.0,39,0.3171176470588235,1,0,0,0
6112,5.0,5.0,0.0,52,0.31700588235294125,1,0,0,0
6113,4.0,4.0,0.0,48,0.3168941176470589,0,1,0,0
6114,2.0,2.0,0.0,27,0.3167823529411765,0,1,0,0
6115,4.0,4.0,0.0,36,0.31667058823529415,0,1,0,0
6116,5.0,5.0,0.0,33,0.3165588235294119,1,0,0,0
6117,5.0,5.0,0.0,38,0.3164470588235294,1,0,0,0
6118,5.0,5.0,0.0,46,0.31633529411764705,1,0,0,0
6119,5.0,5.0,0.0,39,0.3162235294117647,1,0,0,0
6120,5.0,5.0,0.0,48,0.3161117647058824,1,0,0,0
6121,5.0,5.0,0.0,47,0.31600000000000006,1,0,0,0
6122,2.0,2.0,0.0,28,0.3158882352941177,0,1,0,0
6123,4.0,4.0,0.0,33,0.3157764705882353,0,1,0,0
6124,4.0,4.0,0.0,45,0.31566470588235296,0,1,0,0
6125,5.0,5.0,0.0,39,0.3155529411764707,1,0,0,0
6126,5.0,5.0,0.0,37,0.3154411764705882,1,0,0,0
6127,5.0,5.0,0.0,43,0.31532941176470586,1,0,0,0
6128,4.0,4.0,0.0,30,0.3152176470588235,0,1,0,0
6129,5.0,5.0,0.0,33,0.31510588235294124,1,0,0,0
6130,5.0,5.0,0.0,32,0.31499411764705887,1,0,0,0
6131,5.0,5.0,0.0,40,0.3148823529411765,1,0,0,0
6132,5.0,5.0,0.0,46,0.31477058823529414,1,0,0,0
6133,5.0,5.0,0.0,41,0.3146588235294119,1,0,0,0
6134,5.0,5.0,0.0,38,0.3145470588235295,1,0,0,0
6135,5.0,5.0,0.0,47,0.31443529411764704,1,0,0,0
6136,5.0,5.0,0.0,37,0.31432352941176467,1,0,0,0
6137,5.0,5.0,0.0,37,0.3142117647058824,1,0,0,0
6138,4.0,4.0,0.0,50,0.31410000000000005,0,1,0,0
6139,5.0,5.0,0.0,43,0.3139882352941177,1,0,0,0
6140,4.0,4.0,0.0,29,0.3138764705882353,0,1,0,0
6141,4.0,4.0,0.0,30,0.31376470588235295,0,1,0,0
6142,4.0,4.0,0.0,38,0.3136529411764707,0,1,0,0
6143,5.0,5.0,0.0,55,0.3135411764705883,1,0,0,0
6144,5.0,5.0,0.0,36,0.31342941176470585,1,0,0,0
6145,5.0,5.0,0.0,35,0.3133176470588235,1,0,0,0
6146,5.0,5.0,0.0,47,0.3132058823529412,1,0,0,0
6147,5.0,5.0,0.0,42,0.31309411764705886,1,0,0,0
6148,2.0,2.0,0.0,42,0.3129823529411765,0,1,0,0
6149,5.0,5.0,0.0,39,0.3128705882352941,1,0,0,0
6150,5.0,5.0,0.0,32,0.31275882352941187,1,0,0,0
6151,5.0,5.0,0.0,37,0.3126470588235295,1,0,0,0
6152,5.0,5.0,0.0,36,0.31253529411764713,1,0,0,0
6153,5.0,5.0,0.0,38,0.31242352941176466,1,0,0,0
6154,4.0,4.0,0.0,26,0.3123117647058824,0,1,0,0
6155,5.0,5.0,0.0,43,0.31220000000000003,1,0,0,0
6156,2.0,2.0,0.0,33,0.31208823529411767,0,1,0,0
6157,5.0,5.0,0.0,33,0.3119764705882353,1,0,0,0
6158,5.0,5.0,0.0,49,0.31186470588235304,1,0,0,0
6159,5.0,5.0,0.0,39,0.3117529411764707,1,0,0,0
6160,4.0,4.0,0.0,37,0.3116411764705883,0,1,0,0
6161,2.0,2.0,0.0,21,0.31152941176470594,0,1,0,0
6162,5.0,5.0,0.0,53,0.31141764705882347,1,0,0,0
6163,5.0,5.0,0.0,33,0.3113058823529412,1,0,0,0
6164,4.0,4.0,0.0,26,0.31119411764705884,0,1,0,0
6165,4.0,4.0,0.0,40,0.3110823529411765,0,1,0,0
6166,5.0,5.0,0.0,45,0.3109705882352941,1,0,0,0
6167,5.0,5.0,0.0,31,0.31085882352941185,1,0,0,0
6168,4.0,4.0,0.0,33,0.3107470588235295,0,1,0,0
6169,5.0,5.0,0.0,41,0.3106352941176471,1,0,0,0
6170,5.0,5.0,0.0,39,0.31052352941176475,1,0,0,0
6171,5.0,5.0,0.0,34,0.3104117647058824,1,0,0,0
6172,2.0,2.0,0.0,31,0.3103,0,1,0,0
6173,5.0,5.0,0.0,36,0.31018823529411765,1,0,0,0
6174,4.0,4.0,0.0,44,0.3100764705882353,0,1,0,0
6175,5.0,5.0,0.0,34,0.30996470588235303,1,0,0,0
6176,5.0,5.0,0.0,34,0.30985294117647066,1,0,0,0
6177,5.0,5.0,0.0,43,0.3097411764705883,1,0,0,0
6178,4.0,4.0,0.0,26,0.30962941176470593,0,1,0,0
6179,4.0,4.0,0.0,48,0.30951764705882356,0,1,0,0
6180,4.0,4.0,0.0,36,0.3094058823529412,0,1,0,0
6181,5.0,5.0,0.0,53,0.30929411764705883,1,0,0,0
6182,5.0,5.0,0.0,45,0.30918235294117646,1,0,0,0
6183,4.0,4.0,0.0,25,0.3090705882352941,0,1,0,0
6184,4.0,4.0,0.0,38,0.30895882352941184,0,1,0,0
6185,4.0,4.0,0.0,44,0.3088470588235295,0,1,0,0
6186,5.0,5.0,0.0,41,0.3087352941176471,1,0,0,0
6187,5.0,5.0,0.0,42,0.30862352941176474,1,0,0,0
6188,5.0,5.0,0.0,43,0.3085117647058824,1,0,0,0
6189,2.0,2.0,0.0,24,0.3084,0,1,0,0
6190,4.0,4.0,0.0,37,0.30828823529411764,0,1,0,0
6191,5.0,5.0,0.0,45,0.3081764705882353,1,0,0,0
6192,4.0,4.0,0.0,27,0.308064705882353,0,1,0,0
6193,5.0,5.0,0.0,43,0.30795294117647065,1,0,0,0
6194,5.0,5.0,0.0,43,0.3078411764705883,1,0,0,0
6195,5.0,5.0,0.0,31,0.3077294117647059,1,0,0,0
6196,5.0,5.0,0.0,41,0.30761764705882355,1,0,0,0
6197,5.0,5.0,0.0,61,0.3075058823529412,1,0,0,0
6198,5.0,5.0,0.0,43,0.3073941176470588,1,0,0,0
6199,5.0,5.0,0.0,55,0.30728235294117645,1,0,0,0
6200,5.0,5.0,0.0,35,0.3071705882352941,1,0,0,0
6201,2.0,2.0,0.0,24,0.30705882352941183,0,1,0,0
6202,4.0,4.0,0.0,24,0.30694705882352946,0,1,0,0
6203,5.0,5.0,0.0,36,0.3068352941176471,1,0,0,0
6204,5.0,5.0,0.0,37,0.30672352941176473,1,0,0,0
6205,4.0,4.0,0.0,34,0.3066117647058825,0,1,0,0
6206,5.0,5.0,0.0,71,0.3065,1,0,0,0
6207,2.0,2.0,0.0,35,0.30638823529411763,0,1,0,0
6208,4.0,4.0,0.0,54,0.30627647058823526,0,1,0,0
6209,5.0,5.0,0.0,35,0.306164705882353,1,0,0,0
6210,5.0,5.0,0.0,49,0.30605294117647064,1,0,0,0
6211,5.0,5.0,0.0,55,0.30594117647058827,1,0,0,0
6212,5.0,5.0,0.0,46,0.3058294117647059,1,0,0,0
6213,5.0,5.0,0.0,36,0.30571764705882354,1,0,0,0
6214,5.0,5.0,0.0,40,0.3056058823529413,1,0,0,0
6215,5.0,5.0,0.0,42,0.3054941176470588,1,0,0,0
6216,5.0,5.0,0.0,36,0.30538235294117644,1,0,0,0
6217,4.0,4.0,0.0,39,0.30527058823529407,0,1,0,0
6218,5.0,5.0,0.0,39,0.3051588235294118,1,0,0,0
6219,5.0,5.0,0.0,37,0.30504705882352945,1,0,0,0
6220,4.0,4.0,0.0,52,0.3049352941176471,0,1,0,0
6221,5.0,5.0,0.0,44,0.3048235294117647,1,0,0,0
6222,5.0,5.0,0.0,37,0.30471176470588246,1,0,0,0
6223,5.0,5.0,0.0,40,0.3046000000000001,1,0,0,0
6224,4.0,4.0,0.0,30,0.3044882352941176,0,1,0,0
6225,5.0,5.0,0.0,39,0.30437647058823525,1,0,0,0
6226,5.0,5.0,0.0,40,0.304264705882353,1,0,0,0
6227,4.0,4.0,0.0,29,0.3041529411764706,0,1,0,0
6228,4.0,4.0,0.0,37,0.30404117647058826,0,1,0,0
6229,5.0,5.0,0.0,38,0.3039294117647059,1,0,0,0
6230,2.0,2.0,0.0,25,0.30381764705882364,0,1,0,0
6231,5.0,5.0,0.0,37,0.30370588235294127,1,0,0,0
6232,5.0,5.0,0.0,40,0.3035941176470589,1,0,0,0
6233,5.0,5.0,0.0,38,0.3034823529411764,1,0,0,0
6234,5.0,5.0,0.0,38,0.30337058823529406,1,0,0,0
6235,5.0,5.0,0.0,48,0.3032588235294118,1,0,0,0
6236,4.0,4.0,0.0,36,0.30314705882352944,0,1,0,0
6237,5.0,5.0,0.0,44,0.30303529411764707,1,0,0,0
6238,5.0,5.0,0.0,33,0.3029235294117647,1,0,0,0
6239,4.0,4.0,0.0,34,0.30281176470588245,0,1,0,0
6240,4.0,4.0,0.0,33,0.3027000000000001,0,1,0,0
6241,4.0,4.0,0.0,38,0.3025882352941177,0,1,0,0
6242,5.0,5.0,0.0,38,0.30247647058823524,1,0,0,0
6243,5.0,5.0,0.0,39,0.302364705882353,1,0,0,0
6244,5.0,5.0,0.0,44,0.3022529411764706,1,0,0,0
6245,4.0,4.0,0.0,34,0.30214117647058825,0,1,0,0
6246,4.0,4.0,0.0,38,0.3020294117647059,0,1,0,0
6247,5.0,5.0,0.0,35,0.3019176470588236,1,0,0,0
6248,4.0,4.0,0.0,33,0.30180588235294126,0,1,0,0
6249,4.0,4.0,0.0,33,0.3016941176470589,0,1,0,0
6250,5.0,5.0,0.0,42,0.3015823529411765,1,0,0,0
6251,5.0,5.0,0.0,40,0.30147058823529405,1,0,0,0
6252,5.0,5.0,0.0,49,0.3013588235294118,1,0,0,0
6253,5.0,5.0,0.0,33,0.3012470588235294,1,0,0,0
6254,5.0,5.0,0.0,32,0.30113529411764706,1,0,0,0
6255,4.0,4.0,0.0,34,0.3010235294117647,0,1,0,0
6256,4.0,4.0,0.0,30,0.30091176470588243,0,1,0,0
6257,5.0,5.0,0.0,38,0.30080000000000007,1,0,0,0
6258,5.0,5.0,0.0,32,0.3006882352941177,1,0,0,0
6259,5.0,5.0,0.0,42,0.30057647058823533,1,0,0,0
6260,5.0,5.0,0.0,37,0.30046470588235297,1,0,0,0
6261,4.0,4.0,0.0,43,0.3003529411764706,0,1,0,0
6262,5.0,5.0,0.0,49,0.30024117647058823,1,0,0,0
6263,4.0,4.0,0.0,44,0.30012941176470587,0,1,0,0
6264,4.0,4.0,0.0,28,0.3000176470588236,0,1,0,0
6265,4.0,4.0,0.0,33,0.29990588235294124,0,1,0,0
6266,5.0,5.0,0.0,44,0.2997941176470589,1,0,0,0
6267,5.0,5.0,0.0,36,0.2996823529411765,1,0,0,0
6268,5.0,5.0,0.0,46,0.29957058823529414,1,0,0,0
6269,5.0,5.0,0.0,38,0.2994588235294118,1,0,0,0
6270,5.0,5.0,0.0,38,0.2993470588235294,1,0,0,0
6271,4.0,4.0,0.0,33,0.29923529411764704,0,1,0,0
6272,5.0,5.0,0.0,39,0.2991235294117647,1,0,0,0
6273,5.0,5.0,0.0,39,0.2990117647058824,1,0,0,0
6274,5.0,5.0,0.0,49,0.29890000000000005,1,0,0,0
6275,2.0,2.0,0.0,28,0.2987882352941177,0,1,0,0
6276,5.0,5.0,0.0,44,0.2986764705882353,1,0,0,0
6277,4.0,4.0,0.0,27,0.29856470588235307,0,1,0,0
6278,5.0,5.0,0.0,36,0.2984529411764706,1,0,0,0
6279,5.0,5.0,0.0,36,0.2983411764705882,1,0,0,0
6280,5.0,5.0,0.0,42,0.29822941176470585,1,0,0,0
6281,5.0,5.0,0.0,46,0.2981176470588236,1,0,0,0
6282,4.0,4.0,0.0,30,0.29800588235294123,0,1,0,0
6283,5.0,5.0,0.0,38,0.29789411764705886,1,0,0,0
6284,4.0,4.0,0.0,34,0.2977823529411765,0,1,0,0
6285,4.0,4.0,0.0,25,0.29767058823529424,0,1,0,0
6286,5.0,5.0,0.0,41,0.2975588235294119,1,0,0,0
6287,5.0,5.0,0.0,33,0.2974470588235294,1,0,0,0
6288,5.0,5.0,0.0,42,0.29733529411764703,1,0,0,0
6289,4.0,4.0,0.0,31,0.29722352941176466,0,1,0,0
6290,5.0,5.0,0.0,34,0.2971117647058824,1,0,0,0
6291,5.0,5.0,0.0,35,0.29700000000000004,1,0,0,0
6292,5.0,5.0,0.0,34,0.2968882352941177,1,0,0,0
6293,5.0,5.0,0.0,48,0.2967764705882353,1,0,0,0
6294,4.0,4.0,0.0,28,0.29666470588235305,0,1,0,0
6295,5.0,5.0,0.0,37,0.2965529411764707,1,0,0,0
6296,4.0,4.0,0.0,28,0.2964411764705882,0,1,0,0
6297,4.0,4.0,0.0,28,0.29632941176470584,0,1,0,0
6298,5.0,5.0,0.0,38,0.2962176470588236,1,0,0,0
6299,4.0,4.0,0.0,34,0.2961058823529412,0,1,0,0
6300,5.0,5.0,0.0,41,0.29599411764705885,1,0,0,0
6301,5.0,5.0,0.0,49,0.2958823529411765,1,0,0,0
6302,4.0,4.0,0.0,38,0.29577058823529423,0,1,0,0
6303,5.0,5.0,0.0,40,0.29565882352941186,1,0,0,0
6304,4.0,4.0,0.0,25,0.2955470588235295,0,1,0,0
6305,5.0,5.0,0.0,51,0.295435294117647,1,0,0,0
6306,5.0,5.0,0.0,39,0.29532352941176465,1,0,0,0
6307,4.0,4.0,0.0,26,0.2952117647058824,0,1,0,0
6308,5.0,5.0,0.0,41,0.29510000000000003,1,0,0,0
6309,5.0,5.0,0.0,35,0.29498823529411766,1,0,0,0
6310,2.0,2.0,0.0,35,0.2948764705882353,0,1,0,0
6311,4.0,4.0,0.0,49,0.29476470588235304,0,1,0,0
6312,5.0,5.0,0.0,38,0.2946529411764707,1,0,0,0
6313,5.0,5.0,0.0,38,0.2945411764705883,1,0,0,0
6314,4.0,4.0,0.0,31,0.29442941176470583,0,1,0,0
6315,4.0,4.0,0.0,34,0.2943176470588236,0,1,0,0
6316,5.0,5.0,0.0,43,0.2942058823529412,1,0,0,0
6317,5.0,5.0,0.0,35,0.29409411764705884,1,0,0,0
6318,5.0,5.0,0.0,41,0.2939823529411765,1,0,0,0
6319,5.0,5.0,0.0,34,0.2938705882352942,1,0,0,0
6320,5.0,5.0,0.0,36,0.29375882352941185,1,0,0,0
6321,4.0,4.0,0.0,41,0.2936470588235295,0,1,0,0
6322,5.0,5.0,0.0,41,0.2935352941176471,1,0,0,0
6323,4.0,4.0,0.0,45,0.29342352941176464,0,1,0,0
6324,5.0,5.0,0.0,33,0.2933117647058824,1,0,0,0
6325,4.0,4.0,0.0,28,0.2932,0,1,0,0
6326,5.0,5.0,0.0,42,0.29308823529411765,1,0,0,0
6327,4.0,4.0,0.0,36,0.2929764705882353,0,1,0,0
6328,4.0,4.0,0.0,45,0.292864705882353,0,1,0,0
6329,5.0,5.0,0.0,40,0.29275294117647066,1,0,0,0
6330,4.0,4.0,0.0,37,0.2926411764705883,0,1,0,0
6331,5.0,5.0,0.0,34,0.2925294117647059,1,0,0,0
6332,2.0,2.0,0.0,41,0.29241764705882356,0,1,0,0
6333,5.0,5.0,0.0,29,0.2923058823529412,1,0,0,0
6334,5.0,5.0,0.0,30,0.2921941176470588,1,0,0,0
6335,5.0,5.0,0.0,38,0.29208235294117646,1,0,0,0
6336,5.0,5.0,0.0,39,0.2919705882352942,1,0,0,0
6337,5.0,5.0,0.0,38,0.29185882352941184,1,0,0,0
6338,5.0,5.0,0.0,34,0.29174705882352947,1,0,0,0
6339,4.0,4.0,0.0,22,0.2916352941176471,0,1,0,0
6340,5.0,5.0,0.0,32,0.29152352941176474,1,0,0,0
6341,5.0,5.0,0.0,39,0.29141176470588237,1,0,0,0
6342,5.0,5.0,0.0,36,0.2913,1,0,0,0
6343,4.0,4.0,0.0,41,0.29118823529411764,0,1,0,0
6344,5.0,5.0,0.0,37,0.29107647058823527,1,0,0,0
6345,5.0,5.0,0.0,37,0.290964705882353,1,0,0,0
6346,5.0,5.0,0.0,35,0.29085294117647065,1,0,0,0
6347,5.0,5.0,0.0,46,0.2907411764705883,1,0,0,0
6348,5.0,5.0,0.0,37,0.2906294117647059,1,0,0,0
6349,5.0,5.0,0.0,39,0.29051764705882355,1,0,0,0
6350,4.0,4.0,0.0,31,0.2904058823529412,0,1,0,0
6351,5.0,5.0,0.0,45,0.2902941176470588,1,0,0,0
6352,5.0,5.0,0.0,36,0.29018235294117645,1,0,0,0
6353,5.0,5.0,0.0,43,0.2900705882352942,1,0,0,0
6354,5.0,5.0,0.0,36,0.2899588235294118,1,0,0,0
6355,4.0,4.0,0.0,29,0.28984705882352946,0,1,0,0
6356,5.0,5.0,0.0,30,0.2897352941176471,1,0,0,0
6357,5.0,5.0,0.0,34,0.28962352941176484,1,0,0,0
6358,5.0,5.0,0.0,35,0.28951176470588236,1,0,0,0
6359,5.0,5.0,0.0,36,0.2894,1,0,0,0
6360,4.0,4.0,0.0,36,0.2892882352941176,0,1,0,0
6361,5.0,5.0,0.0,32,0.28917647058823526,1,0,0,0
6362,5.0,5.0,0.0,36,0.289064705882353,1,0,0,0
6363,5.0,5.0,0.0,37,0.28895294117647063,1,0,0,0
6364,5.0,5.0,0.0,43,0.28884117647058827,1,0,0,0
6365,5.0,5.0,0.0,33,0.2887294117647059,1,0,0,0
6366,5.0,5.0,0.0,32,0.28861764705882365,1,0,0,0
6367,5.0,5.0,0.0,44,0.28850588235294117,1,0,0,0
6368,5.0,5.0,0.0,35,0.2883941176470588,1,0,0,0
6369,5.0,5.0,0.0,47,0.28828235294117643,1,0,0,0
6370,5.0,5.0,0.0,45,0.2881705882352942,1,0,0,0
6371,5.0,5.0,0.0,40,0.2880588235294118,1,0,0,0
6372,5.0,5.0,0.0,41,0.28794705882352944,1,0,0,0
6373,5.0,5.0,0.0,33,0.2878352941176471,1,0,0,0
6374,4.0,4.0,0.0,35,0.2877235294117648,0,1,0,0
6375,5.0,5.0,0.0,35,0.28761176470588246,1,0,0,0
6376,5.0,5.0,0.0,38,0.2875000000000001,1,0,0,0
6377,4.0,4.0,0.0,40,0.2873882352941176,0,1,0,0
6378,5.0,5.0,0.0,45,0.28727647058823524,1,0,0,0
6379,5.0,5.0,0.0,34,0.287164705882353,1,0,0,0
6380,5.0,5.0,0.0,38,0.2870529411764706,1,0,0,0
6381,5.0,5.0,0.0,30,0.28694117647058826,1,0,0,0
6382,5.0,5.0,0.0,38,0.2868294117647059,1,0,0,0
6383,4.0,4.0,0.0,33,0.28671764705882363,0,1,0,0
6384,5.0,5.0,0.0,47,0.28660588235294127,1,0,0,0
6385,5.0,5.0,0.0,49,0.2864941176470589,1,0,0,0
6386,5.0,5.0,0.0,35,0.2863823529411764,1,0,0,0
6387,5.0,5.0,0.0,50,0.28627058823529417,1,0,0,0
6388,5.0,5.0,0.0,39,0.2861588235294118,1,0,0,0
6389,4.0,4.0,0.0,31,0.28604705882352943,0,1,0,0
6390,5.0,5.0,0.0,35,0.28593529411764707,1,0,0,0
6391,5.0,5.0,0.0,39,0.2858235294117648,1,0,0,0
6392,4.0,4.0,0.0,26,0.28571176470588244,0,1,0,0
6393,5.0,5.0,0.0,44,0.2856000000000001,1,0,0,0
6394,5.0,5.0,0.0,31,0.2854882352941177,1,0,0,0
6395,4.0,4.0,0.0,30,0.28537647058823523,0,1,0,0
6396,5.0,5.0,0.0,42,0.285264705882353,1,0,0,0
6397,4.0,4.0,0.0,46,0.2851529411764706,0,1,0,0
6398,5.0,5.0,0.0,56,0.28504117647058824,1,0,0,0
6399,5.0,5.0,0.0,31,0.2849294117647059,1,0,0,0
6400,4.0,4.0,0.0,31,0.2848176470588236,0,1,0,0
6401,5.0,5.0,0.0,35,0.28470588235294125,1,0,0,0
6402,5.0,5.0,0.0,45,0.2845941176470589,1,0,0,0
6403,4.0,4.0,0.0,31,0.2844823529411765,0,1,0,0
6404,4.0,4.0,0.0,39,0.28437058823529415,0,1,0,0
6405,5.0,5.0,0.0,40,0.2842588235294118,1,0,0,0
6406,5.0,5.0,0.0,34,0.2841470588235294,1,0,0,0
6407,5.0,5.0,0.0,38,0.28403529411764705,1,0,0,0
6408,5.0,5.0,0.0,48,0.2839235294117648,1,0,0,0
6409,5.0,5.0,0.0,37,0.28381176470588243,1,0,0,0
6410,4.0,4.0,0.0,37,0.28370000000000006,0,1,0,0
6411,5.0,5.0,0.0,37,0.2835882352941177,1,0,0,0
6412,5.0,5.0,0.0,39,0.28347647058823533,1,0,0,0
6413,5.0,5.0,0.0,28,0.28336470588235296,1,0,0,0
6414,5.0,5.0,0.0,49,0.2832529411764706,1,0,0,0
6415,5.0,5.0,0.0,40,0.28314117647058823,1,0,0,0
6416,5.0,5.0,0.0,46,0.28302941176470586,1,0,0,0
6417,5.0,5.0,0.0,33,0.2829176470588236,1,0,0,0
6418,4.0,4.0,0.0,30,0.28280588235294124,0,1,0,0
6419,4.0,4.0,0.0,25,0.2826941176470589,0,1,0,0
6420,5.0,5.0,0.0,38,0.2825823529411765,1,0,0,0
6421,4.0,4.0,0.0,36,0.28247058823529414,0,1,0,0
6422,5.0,5.0,0.0,34,0.2823588235294118,1,0,0,0
6423,5.0,5.0,0.0,41,0.2822470588235294,1,0,0,0
6424,5.0,5.0,0.0,38,0.28213529411764704,1,0,0,0
6425,4.0,4.0,0.0,29,0.2820235294117648,0,1,0,0
6426,5.0,5.0,0.0,33,0.2819117647058824,1,0,0,0
6427,2.0,2.0,0.0,25,0.28180000000000005,0,1,0,0
6428,2.0,2.0,0.0,30,0.2816882352941177,0,1,0,0
6429,5.0,5.0,0.0,49,0.28157647058823543,1,0,0,0
6430,4.0,4.0,0.0,38,0.28146470588235295,0,1,0,0
6431,5.0,5.0,0.0,42,0.2813529411764706,1,0,0,0
6432,5.0,5.0,0.0,44,0.2812411764705882,1,0,0,0
6433,4.0,4.0,0.0,40,0.28112941176470585,0,1,0,0
6434,5.0,5.0,0.0,39,0.2810176470588236,1,0,0,0
6435,4.0,4.0,0.0,36,0.2809058823529412,0,1,0,0
6436,4.0,4.0,0.0,44,0.28079411764705886,0,1,0,0
6437,4.0,4.0,0.0,45,0.2806823529411765,0,1,0,0
6438,2.0,2.0,0.0,26,0.28057058823529424,0,1,0,0
6439,5.0,5.0,0.0,39,0.28045882352941176,1,0,0,0
6440,5.0,5.0,0.0,44,0.2803470588235294,1,0,0,0
6441,5.0,5.0,0.0,41,0.280235294117647,1,0,0,0
6442,5.0,5.0,0.0,34,0.28012352941176477,1,0,0,0
6443,5.0,5.0,0.0,43,0.2800117647058824,1,0,0,0
6444,5.0,5.0,0.0,38,0.27990000000000004,1,0,0,0
6445,5.0,5.0,0.0,44,0.27978823529411767,1,0,0,0
6446,5.0,5.0,0.0,36,0.2796764705882354,1,0,0,0
6447,5.0,5.0,0.0,38,0.27956470588235305,1,0,0,0
6448,4.0,4.0,0.0,38,0.27945294117647057,0,1,0,0
6449,5.0,5.0,0.0,39,0.2793411764705882,1,0,0,0
6450,5.0,5.0,0.0,37,0.27922941176470584,1,0,0,0
6451,5.0,5.0,0.0,45,0.2791176470588236,1,0,0,0
6452,5.0,5.0,0.0,37,0.2790058823529412,1,0,0,0
6453,4.0,4.0,0.0,27,0.27889411764705885,0,1,0,0
6454,5.0,5.0,0.0,38,0.2787823529411765,1,0,0,0
6455,4.0,4.0,0.0,27,0.2786705882352942,0,1,0,0
6456,5.0,5.0,0.0,42,0.27855882352941186,1,0,0,0
6457,5.0,5.0,0.0,40,0.2784470588235294,1,0,0,0
6458,5.0,5.0,0.0,53,0.278335294117647,1,0,0,0
6459,5.0,5.0,0.0,43,0.27822352941176476,1,0,0,0
6460,5.0,5.0,0.0,34,0.2781117647058824,1,0,0,0
6461,4.0,4.0,0.0,30,0.278,0,1,0,0
6462,5.0,5.0,0.0,40,0.27788823529411766,1,0,0,0
6463,5.0,5.0,0.0,40,0.2777764705882354,1,0,0,0
6464,4.0,4.0,0.0,26,0.27766470588235304,0,1,0,0
6465,5.0,5.0,0.0,41,0.27755294117647067,1,0,0,0
6466,5.0,5.0,0.0,42,0.2774411764705882,1,0,0,0
6467,5.0,5.0,0.0,35,0.2773294117647058,1,0,0,0
6468,5.0,5.0,0.0,36,0.27721764705882357,1,0,0,0
6469,5.0,5.0,0.0,34,0.2771058823529412,1,0,0,0
6470,5.0,5.0,0.0,36,0.27699411764705884,1,0,0,0
6471,5.0,5.0,0.0,39,0.27688235294117647,1,0,0,0
6472,5.0,5.0,0.0,53,0.2767705882352942,1,0,0,0
6473,5.0,5.0,0.0,39,0.27665882352941185,1,0,0,0
6474,5.0,5.0,0.0,32,0.2765470588235295,1,0,0,0
6475,4.0,4.0,0.0,27,0.276435294117647,0,1,0,0
6476,5.0,5.0,0.0,38,0.27632352941176475,1,0,0,0
6477,5.0,5.0,0.0,41,0.2762117647058824,1,0,0,0
6478,5.0,5.0,0.0,47,0.2761,1,0,0,0
6479,5.0,5.0,0.0,39,0.27598823529411765,1,0,0,0
6480,5.0,5.0,0.0,35,0.2758764705882354,1,0,0,0
6481,5.0,5.0,0.0,32,0.275764705882353,1,0,0,0
6482,5.0,5.0,0.0,32,0.27565294117647066,1,0,0,0
6483,4.0,4.0,0.0,25,0.2755411764705883,0,1,0,0
6484,5.0,5.0,0.0,45,0.2754294117647059,1,0,0,0
6485,5.0,5.0,0.0,33,0.27531764705882356,1,0,0,0
6486,5.0,5.0,0.0,37,0.2752058823529412,1,0,0,0
6487,2.0,2.0,0.0,43,0.2750941176470588,0,1,0,0
6488,4.0,4.0,0.0,32,0.27498235294117646,0,1,0,0
6489,5.0,5.0,0.0,34,0.2748705882352942,1,0,0,0
6490,5.0,5.0,0.0,40,0.27475882352941183,1,0,0,0
6491,5.0,5.0,0.0,41,0.27464705882352947,1,0,0,0
6492,5.0,5.0,0.0,41,0.2745352941176471,1,0,0,0
6493,4.0,4.0,0.0,41,0.27442352941176473,0,1,0,0
6494,5.0,5.0,0.0,39,0.27431176470588237,1,0,0,0
6495,5.0,5.0,0.0,35,0.2742,1,0,0,0
6496,4.0,4.0,0.0,38,0.27408823529411763,0,1,0,0
6497,4.0,4.0,0.0,39,0.2739764705882354,0,1,0,0
6498,5.0,5.0,0.0,39,0.273864705882353,1,0,0,0
6499,5.0,5.0,0.0,40,0.27375294117647064,1,0,0,0
6500,4.0,4.0,0.0,47,0.2736411764705883,0,1,0,0
6501,4.0,4.0,0.0,27,0.273529411764706,0,1,0,0
6502,4.0,4.0,0.0,28,0.27341764705882354,0,1,0,0
6503,5.0,5.0,0.0,44,0.2733058823529412,1,0,0,0
6504,5.0,5.0,0.0,32,0.2731941176470588,1,0,0,0
6505,5.0,5.0,0.0,39,0.27308235294117644,1,0,0,0
6506,5.0,5.0,0.0,31,0.2729705882352942,1,0,0,0
6507,5.0,5.0,0.0,32,0.2728588235294118,1,0,0,0
6508,5.0,5.0,0.0,45,0.27274705882352945,1,0,0,0
6509,4.0,4.0,0.0,34,0.2726352941176471,0,1,0,0
6510,4.0,4.0,0.0,26,0.27252352941176483,0,1,0,0
6511,5.0,5.0,0.0,40,0.27241176470588235,1,0,0,0
6512,5.0,5.0,0.0,35,0.2723,1,0,0,0
6513,5.0,5.0,0.0,38,0.2721882352941176,1,0,0,0
6514,4.0,4.0,0.0,28,0.27207647058823536,0,1,0,0
6515,5.0,5.0,0.0,38,0.271964705882353,1,0,0,0
6516,5.0,5.0,0.0,42,0.27185294117647063,1,0,0,0
6517,5.0,5.0,0.0,42,0.27174117647058826,1,0,0,0
6518,5.0,5.0,0.0,34,0.271629411764706,1,0,0,0
6519,5.0,5.0,0.0,41,0.27151764705882364,1,0,0,0
6520,4.0,4.0,0.0,26,0.27140588235294116,0,1,0,0
6521,5.0,5.0,0.0,39,0.2712941176470588,1,0,0,0
6522,5.0,5.0,0.0,46,0.27118235294117643,1,0,0,0
6523,5.0,5.0,0.0,48,0.2710705882352942,1,0,0,0
6524,5.0,5.0,0.0,28,0.2709588235294118,1,0,0,0
6525,5.0,5.0,0.0,33,0.27084705882352944,1,0,0,0
6526,5.0,5.0,0.0,32,0.2707352941176471,1,0,0,0
6527,4.0,4.0,0.0,39,0.2706235294117648,0,1,0,0
6528,5.0,5.0,0.0,28,0.27051176470588245,1,0,0,0
6529,5.0,5.0,0.0,34,0.2704,1,0,0,0
6530,5.0,5.0,0.0,42,0.2702882352941176,1,0,0,0
6531,4.0,4.0,0.0,42,0.27017647058823535,0,1,0,0
6532,5.0,5.0,0.0,29,0.270064705882353,1,0,0,0
6533,5.0,5.0,0.0,41,0.2699529411764706,1,0,0,0
6534,5.0,5.0,0.0,40,0.26984117647058825,1,0,0,0
6535,5.0,5.0,0.0,43,0.269729411764706,1,0,0,0
6536,5.0,5.0,0.0,37,0.26961764705882363,1,0,0,0
6537,5.0,5.0,0.0,39,0.26950588235294126,1,0,0,0
6538,4.0,4.0,0.0,33,0.2693941176470588,0,1,0,0
6539,4.0,4.0,0.0,48,0.26928235294117653,0,1,0,0
6540,5.0,5.0,0.0,57,0.26917058823529416,1,0,0,0
6541,5.0,5.0,0.0,44,0.2690588235294118,1,0,0,0
6542,5.0,5.0,0.0,38,0.26894705882352943,1,0,0,0
6543,5.0,5.0,0.0,40,0.26883529411764706,1,0,0,0
6544,5.0,5.0,0.0,33,0.2687235294117648,1,0,0,0
6545,5.0,5.0,0.0,55,0.26861176470588244,1,0,0,0
6546,5.0,5.0,0.0,35,0.26850000000000007,1,0,0,0
6547,5.0,5.0,0.0,33,0.2683882352941176,1,0,0,0
6548,4.0,4.0,0.0,28,0.26827647058823534,0,1,0,0
6549,5.0,5.0,0.0,38,0.26816470588235297,1,0,0,0
6550,4.0,4.0,0.0,27,0.2680529411764706,0,1,0,0
6551,5.0,5.0,0.0,40,0.26794117647058824,1,0,0,0
6552,5.0,5.0,0.0,41,0.267829411764706,1,0,0,0
6553,5.0,5.0,0.0,30,0.2677176470588236,1,0,0,0
6554,5.0,5.0,0.0,35,0.26760588235294125,1,0,0,0
6555,5.0,5.0,0.0,32,0.2674941176470589,1,0,0,0
6556,5.0,5.0,0.0,36,0.2673823529411765,1,0,0,0
6557,5.0,5.0,0.0,39,0.26727058823529415,1,0,0,0
6558,5.0,5.0,0.0,41,0.2671588235294118,1,0,0,0
6559,5.0,5.0,0.0,47,0.2670470588235294,1,0,0,0
6560,4.0,4.0,0.0,32,0.26693529411764705,0,1,0,0
6561,5.0,5.0,0.0,37,0.2668235294117648,1,0,0,0
6562,5.0,5.0,0.0,47,0.2667117647058824,1,0,0,0
6563,5.0,5.0,0.0,37,0.26660000000000006,1,0,0,0
6564,5.0,5.0,0.0,35,0.2664882352941177,1,0,0,0
6565,4.0,4.0,0.0,28,0.2663764705882353,0,1,0,0
6566,5.0,5.0,0.0,44,0.26626470588235296,1,0,0,0
6567,4.0,4.0,0.0,30,0.2661529411764706,0,1,0,0
6568,5.0,5.0,0.0,33,0.2660411764705882,1,0,0,0
6569,4.0,4.0,0.0,33,0.26592941176470597,0,1,0,0
6570,5.0,5.0,0.0,39,0.2658176470588236,1,0,0,0
6571,5.0,5.0,0.0,42,0.26570588235294124,1,0,0,0
6572,5.0,5.0,0.0,41,0.26559411764705887,1,0,0,0
6573,5.0,5.0,0.0,38,0.2654823529411765,1,0,0,0
6574,5.0,5.0,0.0,34,0.26537058823529414,1,0,0,0
6575,5.0,5.0,0.0,45,0.26525882352941177,1,0,0,0
6576,2.0,2.0,0.0,23,0.2651470588235294,0,1,0,0
6577,5.0,5.0,0.0,41,0.26503529411764704,1,0,0,0
6578,4.0,4.0,0.0,42,0.2649235294117648,0,1,0,0
6579,5.0,5.0,0.0,35,0.2648117647058824,1,0,0,0
6580,5.0,5.0,0.0,42,0.26470000000000005,1,0,0,0
6581,5.0,5.0,0.0,45,0.2645882352941177,1,0,0,0
6582,5.0,5.0,0.0,32,0.2644764705882353,1,0,0,0
6583,5.0,5.0,0.0,44,0.26436470588235295,1,0,0,0
6584,4.0,4.0,0.0,30,0.2642529411764706,0,1,0,0
6585,5.0,5.0,0.0,33,0.2641411764705882,1,0,0,0
6586,5.0,5.0,0.0,46,0.26402941176470596,1,0,0,0
6587,5.0,5.0,0.0,42,0.2639176470588236,1,0,0,0
6588,5.0,5.0,0.0,35,0.2638058823529412,1,0,0,0
6589,5.0,5.0,0.0,43,0.26369411764705886,1,0,0,0
6590,2.0,2.0,0.0,27,0.2635823529411766,0,1,0,0
6591,5.0,5.0,0.0,34,0.2634705882352941,1,0,0,0
6592,5.0,5.0,0.0,36,0.26335882352941176,1,0,0,0
6593,5.0,5.0,0.0,33,0.2632470588235294,1,0,0,0
6594,5.0,5.0,0.0,30,0.263135294117647,1,0,0,0
6595,5.0,5.0,0.0,32,0.26302352941176477,1,0,0,0
6596,4.0,4.0,0.0,28,0.2629117647058824,0,1,0,0
6597,5.0,5.0,0.0,36,0.26280000000000003,1,0,0,0
6598,5.0,5.0,0.0,43,0.26268823529411767,1,0,0,0
6599,5.0,5.0,0.0,39,0.2625764705882354,1,0,0,0
6600,4.0,4.0,0.0,39,0.26246470588235293,0,1,0,0
6601,5.0,5.0,0.0,34,0.26235294117647057,1,0,0,0
6602,5.0,5.0,0.0,35,0.2622411764705882,1,0,0,0
6603,5.0,5.0,0.0,30,0.26212941176470594,1,0,0,0
6604,5.0,5.0,0.0,31,0.2620176470588236,1,0,0,0
6605,5.0,5.0,0.0,35,0.2619058823529412,1,0,0,0
6606,5.0,5.0,0.0,42,0.26179411764705884,1,0,0,0
6607,5.0,5.0,0.0,44,0.2616823529411766,1,0,0,0
6608,4.0,4.0,0.0,30,0.2615705882352942,0,1,0,0
6609,5.0,5.0,0.0,37,0.26145882352941174,1,0,0,0
6610,5.0,5.0,0.0,38,0.2613470588235294,1,0,0,0
6611,5.0,5.0,0.0,40,0.2612352941176471,1,0,0,0
6612,4.0,4.0,0.0,32,0.26112352941176475,0,1,0,0
6613,5.0,5.0,0.0,38,0.2610117647058824,1,0,0,0
6614,5.0,5.0,0.0,30,0.2609,1,0,0,0
6615,4.0,4.0,0.0,36,0.26078823529411765,0,1,0,0
6616,5.0,5.0,0.0,37,0.2606764705882354,1,0,0,0
6617,5.0,5.0,0.0,41,0.26056470588235303,1,0,0,0
6618,4.0,4.0,0.0,32,0.26045294117647055,0,1,0,0
6619,4.0,4.0,0.0,30,0.2603411764705882,0,1,0,0
6620,4.0,4.0,0.0,30,0.26022941176470593,0,1,0,0
6621,5.0,5.0,0.0,32,0.26011764705882356,1,0,0,0
6622,5.0,5.0,0.0,34,0.2600058823529412,1,0,0,0
6623,4.0,4.0,0.0,30,0.25989411764705883,0,1,0,0
6624,5.0,5.0,0.0,38,0.2597823529411766,1,0,0,0
6625,5.0,5.0,0.0,28,0.2596705882352942,1,0,0,0
6626,5.0,5.0,0.0,35,0.25955882352941184,1,0,0,0
6627,4.0,4.0,0.0,34,0.25944705882352936,0,1,0,0
6628,5.0,5.0,0.0,41,0.2593352941176471,1,0,0,0
6629,5.0,5.0,0.0,37,0.25922352941176474,1,0,0,0
6630,5.0,5.0,0.0,39,0.2591117647058824,1,0,0,0
6631,5.0,5.0,0.0,36,0.259,1,0,0,0
6632,5.0,5.0,0.0,40,0.25888823529411764,1,0,0,0
6633,4.0,4.0,0.0,33,0.2587764705882354,0,1,0,0
6634,5.0,5.0,0.0,44,0.258664705882353,1,0,0,0
6635,5.0,5.0,0.0,44,0.25855294117647065,1,0,0,0
6636,5.0,5.0,0.0,34,0.2584411764705882,1,0,0,0
6637,5.0,5.0,0.0,37,0.2583294117647059,1,0,0,0
6638,4.0,4.0,0.0,40,0.25821764705882355,0,1,0,0
6639,5.0,5.0,0.0,40,0.2581058823529412,1,0,0,0
6640,5.0,5.0,0.0,38,0.2579941176470588,1,0,0,0
6641,5.0,5.0,0.0,34,0.25788235294117656,1,0,0,0
6642,5.0,5.0,0.0,38,0.2577705882352942,1,0,0,0
6643,5.0,5.0,0.0,38,0.25765882352941183,1,0,0,0
6644,4.0,4.0,0.0,30,0.25754705882352946,0,1,0,0
6645,4.0,4.0,0.0,42,0.2574352941176471,0,1,0,0
6646,5.0,5.0,0.0,37,0.25732352941176473,1,0,0,0
6647,4.0,4.0,0.0,31,0.25721176470588236,0,1,0,0
6648,5.0,5.0,0.0,39,0.2571,1,0,0,0
6649,2.0,2.0,0.0,31,0.25698823529411763,0,1,0,0
6650,5.0,5.0,0.0,40,0.2568764705882354,1,0,0,0
6651,4.0,4.0,0.0,32,0.256764705882353,0,1,0,0
6652,2.0,2.0,0.0,33,0.25665294117647064,0,1,0,0
6653,5.0,5.0,0.0,41,0.2565411764705883,1,0,0,0
6654,5.0,5.0,0.0,40,0.2564294117647059,1,0,0,0
6655,5.0,5.0,0.0,42,0.25631764705882354,1,0,0,0
6656,4.0,4.0,0.0,33,0.25620588235294117,0,1,0,0
6657,5.0,5.0,0.0,44,0.2560941176470588,1,0,0,0
6658,5.0,5.0,0.0,42,0.25598235294117655,1,0,0,0
6659,5.0,5.0,0.0,39,0.2558705882352942,1,0,0,0
6660,4.0,4.0,0.0,33,0.2557588235294118,0,1,0,0
6661,5.0,5.0,0.0,36,0.25564705882352945,1,0,0,0
6662,5.0,5.0,0.0,47,0.2555352941176472,1,0,0,0
6663,4.0,4.0,0.0,29,0.2554235294117647,0,1,0,0
6664,5.0,5.0,0.0,34,0.25531176470588235,1,0,0,0
6665,5.0,5.0,0.0,35,0.2552,1,0,0,0
6666,5.0,5.0,0.0,39,0.2550882352941177,1,0,0,0
6667,5.0,5.0,0.0,29,0.25497647058823536,1,0,0,0
6668,5.0,5.0,0.0,37,0.254864705882353,1,0,0,0
6669,5.0,5.0,0.0,38,0.2547529411764706,1,0,0,0
6670,5.0,5.0,0.0,38,0.25464117647058826,1,0,0,0
6671,5.0,5.0,0.0,36,0.254529411764706,1,0,0,0
6672,4.0,4.0,0.0,34,0.2544176470588235,0,1,0,0
6673,5.0,5.0,0.0,36,0.25430588235294116,1,0,0,0
6674,5.0,5.0,0.0,36,0.2541941176470588,1,0,0,0
6675,5.0,5.0,0.0,42,0.25408235294117654,1,0,0,0
6676,5.0,5.0,0.0,39,0.25397058823529417,1,0,0,0
6677,4.0,4.0,0.0,45,0.2538588235294118,0,1,0,0
6678,4.0,4.0,0.0,41,0.25374705882352944,0,1,0,0
6679,4.0,4.0,0.0,33,0.2536352941176472,0,1,0,0
6680,5.0,5.0,0.0,43,0.2535235294117648,1,0,0,0
6681,5.0,5.0,0.0,34,0.25341176470588234,1,0,0,0
6682,5.0,5.0,0.0,38,0.25329999999999997,1,0,0,0
6683,5.0,5.0,0.0,43,0.2531882352941177,1,0,0,0
6684,5.0,5.0,0.0,34,0.25307647058823535,1,0,0,0
6685,5.0,5.0,0.0,34,0.252964705882353,1,0,0,0
6686,5.0,5.0,0.0,38,0.2528529411764706,1,0,0,0
6687,5.0,5.0,0.0,30,0.25274117647058825,1,0,0,0
6688,5.0,5.0,0.0,37,0.252629411764706,1,0,0,0
6689,5.0,5.0,0.0,39,0.2525176470588236,1,0,0,0
6690,5.0,5.0,0.0,31,0.25240588235294115,1,0,0,0
6691,5.0,5.0,0.0,44,0.2522941176470588,1,0,0,0
6692,5.0,5.0,0.0,38,0.2521823529411765,1,0,0,0
6693,5.0,5.0,0.0,37,0.25207058823529416,1,0,0,0
6694,5.0,5.0,0.0,35,0.2519588235294118,1,0,0,0
6695,2.0,2.0,0.0,27,0.2518470588235294,0,1,0,0
6696,5.0,5.0,0.0,32,0.25173529411764717,1,0,0,0
6697,5.0,5.0,0.0,38,0.2516235294117648,1,0,0,0
6698,5.0,5.0,0.0,39,0.25151176470588243,1,0,0,0
6699,5.0,5.0,0.0,28,0.25139999999999996,1,0,0,0
6700,4.0,4.0,0.0,31,0.2512882352941177,0,1,0,0
6701,5.0,5.0,0.0,32,0.25117647058823533,1,0,0,0
6702,5.0,5.0,0.0,36,0.25106470588235297,1,0,0,0
6703,5.0,5.0,0.0,35,0.2509529411764706,1,0,0,0
6704,5.0,5.0,0.0,31,0.25084117647058823,1,0,0,0
6705,5.0,5.0,0.0,32,0.250729411764706,1,0,0,0
6706,5.0,5.0,0.0,42,0.2506176470588236,1,0,0,0
6707,5.0,5.0,0.0,38,0.25050588235294124,1,0,0,0
6708,5.0,5.0,0.0,32,0.25039411764705877,1,0,0,0
6709,5.0,5.0,0.0,30,0.2502823529411765,1,0,0,0
6710,5.0,5.0,0.0,34,0.25017058823529414,1,0,0,0
6711,5.0,5.0,0.0,36,0.2500588235294118,1,0,0,0
6712,5.0,5.0,0.0,45,0.2499470588235294,1,0,0,0
6713,5.0,5.0,0.0,32,0.24983529411764716,1,0,0,0
6714,5.0,5.0,0.0,36,0.2497235294117648,1,0,0,0
6715,5.0,5.0,0.0,29,0.24961176470588242,1,0,0,0
6716,5.0,5.0,0.0,31,0.24950000000000006,1,0,0,0
6717,5.0,5.0,0.0,39,0.2493882352941177,1,0,0,0
6718,5.0,5.0,0.0,39,0.24927647058823532,1,0,0,0
6719,5.0,5.0,0.0,41,0.24916470588235295,1,0,0,0
6720,5.0,5.0,0.0,43,0.2490529411764706,1,0,0,0
6721,4.0,4.0,0.0,31,0.24894117647058833,0,1,0,0
6722,5.0,5.0,0.0,41,0.24882941176470597,1,0,0,0
6723,5.0,5.0,0.0,38,0.2487176470588236,1,0,0,0
6724,5.0,5.0,0.0,33,0.24860588235294123,1,0,0,0
6725,5.0,5.0,0.0,36,0.24849411764705887,1,0,0,0
6726,2.0,2.0,0.0,28,0.2483823529411765,0,1,0,0
6727,5.0,5.0,0.0,42,0.24827058823529413,1,0,0,0
6728,4.0,4.0,0.0,39,0.24815882352941177,0,1,0,0
6729,5.0,5.0,0.0,31,0.2480470588235294,1,0,0,0
6730,5.0,5.0,0.0,37,0.24793529411764714,1,0,0,0
6731,5.0,5.0,0.0,43,0.24782352941176478,1,0,0,0
6732,5.0,5.0,0.0,38,0.2477117647058824,1,0,0,0
6733,5.0,5.0,0.0,37,0.24760000000000004,1,0,0,0
6734,4.0,4.0,0.0,27,0.24748823529411768,0,1,0,0
6735,5.0,5.0,0.0,28,0.2473764705882353,1,0,0,0
6736,5.0,5.0,0.0,47,0.24726470588235294,1,0,0,0
6737,5.0,5.0,0.0,41,0.24715294117647058,1,0,0,0
6738,5.0,5.0,0.0,33,0.24704117647058832,1,0,0,0
6739,5.0,5.0,0.0,34,0.24692941176470595,1,0,0,0
6740,5.0,5.0,0.0,35,0.24681764705882359,1,0,0,0
6741,5.0,5.0,0.0,32,0.24670588235294122,1,0,0,0
6742,4.0,4.0,0.0,41,0.24659411764705885,0,1,0,0
6743,5.0,5.0,0.0,45,0.24648235294117649,1,0,0,0
6744,5.0,5.0,0.0,44,0.24637058823529412,1,0,0,0
6745,5.0,5.0,0.0,46,0.24625882352941175,1,0,0,0
6746,5.0,5.0,0.0,44,0.24614705882352939,1,0,0,0
6747,5.0,5.0,0.0,33,0.24603529411764713,1,0,0,0
6748,5.0,5.0,0.0,34,0.24592352941176476,1,0,0,0
6749,4.0,4.0,0.0,27,0.2458117647058824,0,1,0,0
6750,5.0,5.0,0.0,43,0.24570000000000003,1,0,0,0
6751,4.0,4.0,0.0,26,0.24558823529411777,0,1,0,0
6752,5.0,5.0,0.0,46,0.2454764705882353,1,0,0,0
6753,2.0,2.0,0.0,27,0.24536470588235293,0,1,0,0
6754,5.0,5.0,0.0,36,0.24525294117647056,1,0,0,0
6755,5.0,5.0,0.0,34,0.2451411764705883,1,0,0,0
6756,5.0,5.0,0.0,37,0.24502941176470594,1,0,0,0
6757,5.0,5.0,0.0,38,0.24491764705882357,1,0,0,0
6758,4.0,4.0,0.0,46,0.2448058823529412,0,1,0,0
6759,5.0,5.0,0.0,31,0.24469411764705884,1,0,0,0
6760,5.0,5.0,0.0,34,0.24458235294117658,1,0,0,0
6761,5.0,5.0,0.0,30,0.2444705882352941,1,0,0,0
6762,5.0,5.0,0.0,34,0.24435882352941174,1,0,0,0
6763,5.0,5.0,0.0,35,0.24424705882352937,1,0,0,0
6764,5.0,5.0,0.0,33,0.24413529411764712,1,0,0,0
6765,4.0,4.0,0.0,36,0.24402352941176475,0,1,0,0
6766,5.0,5.0,0.0,39,0.24391176470588238,1,0,0,0
6767,5.0,5.0,0.0,37,0.24380000000000002,1,0,0,0
6768,2.0,2.0,0.0,24,0.24368823529411776,0,1,0,0
6769,5.0,5.0,0.0,40,0.2435764705882354,1,0,0,0
6770,5.0,5.0,0.0,34,0.24346470588235292,1,0,0,0
6771,5.0,5.0,0.0,48,0.24335294117647055,1,0,0,0
6772,4.0,4.0,0.0,31,0.2432411764705883,0,1,0,0
6773,5.0,5.0,0.0,42,0.24312941176470593,1,0,0,0
6774,2.0,2.0,0.0,29,0.24301764705882356,0,1,0,0
6775,5.0,5.0,0.0,33,0.2429058823529412,1,0,0,0
6776,4.0,4.0,0.0,40,0.24279411764705883,0,1,0,0
6777,4.0,4.0,0.0,29,0.24268235294117657,0,1,0,0
6778,5.0,5.0,0.0,39,0.2425705882352942,1,0,0,0
6779,4.0,4.0,0.0,34,0.24245882352941173,0,1,0,0
6780,4.0,4.0,0.0,40,0.24234705882352936,0,1,0,0
6781,5.0,5.0,0.0,44,0.2422352941176471,1,0,0,0
6782,4.0,4.0,0.0,34,0.24212352941176474,0,1,0,0
6783,5.0,5.0,0.0,32,0.24201176470588237,1,0,0,0
6784,5.0,5.0,0.0,29,0.2419,1,0,0,0
6785,5.0,5.0,0.0,35,0.24178823529411775,1,0,0,0
6786,5.0,5.0,0.0,30,0.24167647058823538,1,0,0,0
6787,4.0,4.0,0.0,29,0.24156470588235301,0,1,0,0
6788,5.0,5.0,0.0,37,0.24145294117647054,1,0,0,0
6789,5.0,5.0,0.0,36,0.24134117647058828,1,0,0,0
6790,5.0,5.0,0.0,40,0.24122941176470591,1,0,0,0
6791,5.0,5.0,0.0,34,0.24111764705882355,1,0,0,0
6792,5.0,5.0,0.0,35,0.24100588235294118,1,0,0,0
6793,5.0,5.0,0.0,28,0.24089411764705893,1,0,0,0
6794,5.0,5.0,0.0,48,0.24078235294117656,1,0,0,0
6795,5.0,5.0,0.0,30,0.2406705882352942,1,0,0,0
6796,5.0,5.0,0.0,49,0.24055882352941182,1,0,0,0
6797,5.0,5.0,0.0,34,0.24044705882352935,1,0,0,0
6798,5.0,5.0,0.0,36,0.2403352941176471,1,0,0,0
6799,5.0,5.0,0.0,40,0.24022352941176472,1,0,0,0
6800,5.0,5.0,0.0,38,0.24011176470588236,1,0,0,0
6801,4.0,4.0,0.0,26,0.24,0,1,0,0
6802,4.0,4.0,0.0,34,0.23988823529411774,0,1,0,0
6803,5.0,5.0,0.0,38,0.23977647058823537,1,0,0,0
6804,5.0,5.0,0.0,35,0.239664705882353,1,0,0,0
6805,5.0,5.0,0.0,34,0.23955294117647064,1,0,0,0
6806,4.0,4.0,0.0,33,0.23944117647058827,0,1,0,0
6807,4.0,4.0,0.0,27,0.2393294117647059,0,1,0,0
6808,5.0,5.0,0.0,35,0.23921764705882353,1,0,0,0
6809,5.0,5.0,0.0,35,0.23910588235294117,1,0,0,0
6810,4.0,4.0,0.0,30,0.2389941176470589,0,1,0,0
6811,5.0,5.0,0.0,35,0.23888235294117655,1,0,0,0
6812,5.0,5.0,0.0,35,0.23877058823529418,1,0,0,0
6813,5.0,5.0,0.0,34,0.2386588235294118,1,0,0,0
6814,5.0,5.0,0.0,34,0.23854705882352945,1,0,0,0
6815,5.0,5.0,0.0,44,0.23843529411764708,1,0,0,0
6816,5.0,5.0,0.0,35,0.2383235294117647,1,0,0,0
6817,5.0,5.0,0.0,42,0.23821176470588235,1,0,0,0
6818,5.0,5.0,0.0,40,0.23809999999999998,1,0,0,0
6819,5.0,5.0,0.0,30,0.23798823529411772,1,0,0,0
6820,5.0,5.0,0.0,30,0.23787647058823536,1,0,0,0
6821,5.0,5.0,0.0,38,0.237764705882353,1,0,0,0
6822,5.0,5.0,0.0,31,0.23765294117647062,1,0,0,0
6823,5.0,5.0,0.0,35,0.23754117647058837,1,0,0,0
6824,5.0,5.0,0.0,37,0.2374294117647059,1,0,0,0
6825,5.0,5.0,0.0,38,0.23731764705882352,1,0,0,0
6826,5.0,5.0,0.0,49,0.23720588235294116,1,0,0,0
6827,5.0,5.0,0.0,43,0.2370941176470589,1,0,0,0
6828,5.0,5.0,0.0,33,0.23698235294117653,1,0,0,0
6829,4.0,4.0,0.0,33,0.23687058823529417,0,1,0,0
6830,5.0,5.0,0.0,41,0.2367588235294118,1,0,0,0
6831,5.0,5.0,0.0,30,0.23664705882352943,1,0,0,0
6832,4.0,4.0,0.0,27,0.23653529411764718,0,1,0,0
6833,5.0,5.0,0.0,36,0.2364235294117647,1,0,0,0
6834,5.0,5.0,0.0,31,0.23631176470588233,1,0,0,0
6835,5.0,5.0,0.0,35,0.23619999999999997,1,0,0,0
6836,4.0,4.0,0.0,37,0.2360882352941177,0,1,0,0
6837,5.0,5.0,0.0,38,0.23597647058823534,1,0,0,0
6838,5.0,5.0,0.0,30,0.23586470588235298,1,0,0,0
6839,5.0,5.0,0.0,43,0.2357529411764706,1,0,0,0
6840,4.0,4.0,0.0,35,0.23564117647058835,0,1,0,0
6841,4.0,4.0,0.0,31,0.235529411764706,0,1,0,0
6842,5.0,5.0,0.0,34,0.2354176470588235,1,0,0,0
6843,5.0,5.0,0.0,40,0.23530588235294114,1,0,0,0
6844,5.0,5.0,0.0,38,0.2351941176470589,1,0,0,0
6845,5.0,5.0,0.0,34,0.23508235294117652,1,0,0,0
6846,5.0,5.0,0.0,53,0.23497058823529415,1,0,0,0
6847,4.0,4.0,0.0,24,0.2348588235294118,0,1,0,0
6848,5.0,5.0,0.0,39,0.23474705882352953,1,0,0,0
6849,5.0,5.0,0.0,34,0.23463529411764716,1,0,0,0
6850,4.0,4.0,0.0,22,0.2345235294117648,0,1,0,0
6851,5.0,5.0,0.0,40,0.23441176470588232,1,0,0,0
6852,5.0,5.0,0.0,39,0.23429999999999995,1,0,0,0
6853,5.0,5.0,0.0,36,0.2341882352941177,1,0,0,0
6854,5.0,5.0,0.0,42,0.23407647058823533,1,0,0,0
6855,5.0,5.0,0.0,38,0.23396470588235296,1,0,0,0
6856,5.0,5.0,0.0,39,0.2338529411764706,1,0,0,0
6857,4.0,4.0,0.0,32,0.23374117647058834,0,1,0,0
6858,5.0,5.0,0.0,41,0.23362941176470597,1,0,0,0
6859,5.0,5.0,0.0,36,0.2335176470588236,1,0,0,0
6860,5.0,5.0,0.0,39,0.23340588235294113,1,0,0,0
6861,5.0,5.0,0.0,50,0.23329411764705887,1,0,0,0
6862,5.0,5.0,0.0,39,0.2331823529411765,1,0,0,0
6863,4.0,4.0,0.0,34,0.23307058823529414,0,1,0,0
6864,5.0,5.0,0.0,37,0.23295882352941177,1,0,0,0
6865,5.0,5.0,0.0,33,0.23284705882352952,1,0,0,0
6866,5.0,5.0,0.0,35,0.23273529411764715,1,0,0,0
6867,5.0,5.0,0.0,33,0.23262352941176478,1,0,0,0
6868,5.0,5.0,0.0,37,0.23251176470588242,1,0,0,0
6869,5.0,5.0,0.0,31,0.23239999999999994,1,0,0,0
6870,5.0,5.0,0.0,31,0.23228823529411768,1,0,0,0
6871,5.0,5.0,0.0,35,0.23217647058823532,1,0,0,0
6872,5.0,5.0,0.0,34,0.23206470588235295,1,0,0,0
6873,5.0,5.0,0.0,38,0.23195294117647058,1,0,0,0
6874,5.0,5.0,0.0,34,0.23184117647058833,1,0,0,0
6875,5.0,5.0,0.0,43,0.23172941176470596,1,0,0,0
6876,5.0,5.0,0.0,37,0.2316176470588236,1,0,0,0
6877,5.0,5.0,0.0,33,0.23150588235294123,1,0,0,0
6878,5.0,5.0,0.0,32,0.23139411764705886,1,0,0,0
6879,5.0,5.0,0.0,36,0.2312823529411765,1,0,0,0
6880,5.0,5.0,0.0,32,0.23117058823529413,1,0,0,0
6881,5.0,5.0,0.0,44,0.23105882352941176,1,0,0,0
6882,5.0,5.0,0.0,40,0.2309470588235295,1,0,0,0
6883,5.0,5.0,0.0,36,0.23083529411764714,1,0,0,0
6884,5.0,5.0,0.0,41,0.23072352941176477,1,0,0,0
6885,5.0,5.0,0.0,34,0.2306117647058824,1,0,0,0
6886,5.0,5.0,0.0,36,0.23050000000000004,1,0,0,0
6887,5.0,5.0,0.0,37,0.23038823529411767,1,0,0,0
6888,5.0,5.0,0.0,35,0.2302764705882353,1,0,0,0
6889,4.0,4.0,0.0,35,0.23016470588235294,0,1,0,0
6890,4.0,4.0,0.0,42,0.23005294117647057,0,1,0,0
6891,5.0,5.0,0.0,38,0.22994117647058832,1,0,0,0
6892,5.0,5.0,0.0,36,0.22982941176470595,1,0,0,0
6893,5.0,5.0,0.0,34,0.22971764705882358,1,0,0,0
6894,5.0,5.0,0.0,35,0.22960588235294122,1,0,0,0
6895,5.0,5.0,0.0,38,0.22949411764705885,1,0,0,0
6896,5.0,5.0,0.0,32,0.22938235294117648,1,0,0,0
6897,5.0,5.0,0.0,31,0.22927058823529411,1,0,0,0
6898,4.0,4.0,0.0,25,0.22915882352941175,0,1,0,0
6899,5.0,5.0,0.0,36,0.2290470588235295,1,0,0,0
6900,5.0,5.0,0.0,35,0.22893529411764713,1,0,0,0
6901,5.0,5.0,0.0,31,0.22882352941176476,1,0,0,0
6902,5.0,5.0,0.0,32,0.2287117647058824,1,0,0,0
6903,5.0,5.0,0.0,36,0.22860000000000003,1,0,0,0
6904,5.0,5.0,0.0,35,0.22848823529411766,1,0,0,0
6905,5.0,5.0,0.0,32,0.2283764705882353,1,0,0,0
6906,5.0,5.0,0.0,43,0.22826470588235293,1,0,0,0
6907,5.0,5.0,0.0,28,0.22815294117647056,1,0,0,0
6908,2.0,2.0,0.0,21,0.2280411764705883,0,1,0,0
6909,4.0,4.0,0.0,31,0.22792941176470594,0,1,0,0
6910,5.0,5.0,0.0,32,0.22781764705882357,1,0,0,0
6911,5.0,5.0,0.0,37,0.2277058823529412,1,0,0,0
6912,5.0,5.0,0.0,40,0.22759411764705895,1,0,0,0
6913,4.0,4.0,0.0,31,0.22748235294117647,0,1,0,0
6914,5.0,5.0,0.0,35,0.2273705882352941,1,0,0,0
6915,5.0,5.0,0.0,31,0.22725882352941174,1,0,0,0
6916,5.0,5.0,0.0,33,0.22714705882352948,1,0,0,0
6917,5.0,5.0,0.0,36,0.2270352941176471,1,0,0,0
6918,5.0,5.0,0.0,33,0.22692352941176475,1,0,0,0
6919,5.0,5.0,0.0,37,0.22681176470588238,1,0,0,0
6920,5.0,5.0,0.0,28,0.22670000000000012,1,0,0,0
6921,5.0,5.0,0.0,37,0.22658823529411776,1,0,0,0
6922,5.0,5.0,0.0,41,0.22647647058823528,1,0,0,0
6923,5.0,5.0,0.0,48,0.2263647058823529,1,0,0,0
6924,4.0,4.0,0.0,36,0.22625294117647055,0,1,0,0
6925,5.0,5.0,0.0,38,0.2261411764705883,1,0,0,0
6926,5.0,5.0,0.0,39,0.22602941176470592,1,0,0,0
6927,4.0,4.0,0.0,31,0.22591764705882356,0,1,0,0
6928,5.0,5.0,0.0,33,0.2258058823529412,1,0,0,0
6929,5.0,5.0,0.0,28,0.22569411764705893,1,0,0,0
6930,4.0,4.0,0.0,26,0.22558235294117657,0,1,0,0
6931,5.0,5.0,0.0,40,0.2254705882352941,1,0,0,0
6932,5.0,5.0,0.0,38,0.22535882352941172,1,0,0,0
6933,5.0,5.0,0.0,41,0.22524705882352947,1,0,0,0
6934,5.0,5.0,0.0,32,0.2251352941176471,1,0,0,0
6935,5.0,5.0,0.0,41,0.22502352941176473,1,0,0,0
6936,5.0,5.0,0.0,35,0.22491176470588237,1,0,0,0
6937,2.0,2.0,0.0,24,0.2248000000000001,0,1,0,0
6938,5.0,5.0,0.0,40,0.22468823529411774,1,0,0,0
6939,5.0,5.0,0.0,31,0.22457647058823538,1,0,0,0
6940,5.0,5.0,0.0,32,0.2244647058823529,1,0,0,0
6941,5.0,5.0,0.0,44,0.22435294117647053,1,0,0,0
6942,5.0,5.0,0.0,28,0.22424117647058828,1,0,0,0
6943,5.0,5.0,0.0,32,0.2241294117647059,1,0,0,0
6944,4.0,4.0,0.0,36,0.22401764705882354,0,1,0,0
6945,5.0,5.0,0.0,32,0.22390588235294118,1,0,0,0
6946,5.0,5.0,0.0,41,0.22379411764705892,1,0,0,0
6947,5.0,5.0,0.0,29,0.22368235294117655,1,0,0,0
6948,5.0,5.0,0.0,41,0.2235705882352942,1,0,0,0
6949,5.0,5.0,0.0,32,0.2234588235294117,1,0,0,0
6950,2.0,2.0,0.0,28,0.22334705882352945,0,1,0,0
6951,5.0,5.0,0.0,39,0.2232352941176471,1,0,0,0
6952,5.0,5.0,0.0,35,0.22312352941176472,1,0,0,0
6953,5.0,5.0,0.0,40,0.22301176470588235,1,0,0,0
6954,5.0,5.0,0.0,33,0.2229000000000001,1,0,0,0
6955,5.0,5.0,0.0,32,0.22278823529411773,1,0,0,0
6956,4.0,4.0,0.0,31,0.22267647058823536,0,1,0,0
6957,5.0,5.0,0.0,38,0.222564705882353,1,0,0,0
6958,4.0,4.0,0.0,34,0.22245294117647052,0,1,0,0
6959,5.0,5.0,0.0,39,0.22234117647058826,1,0,0,0
6960,4.0,4.0,0.0,41,0.2222294117647059,0,1,0,0
6961,5.0,5.0,0.0,41,0.22211764705882353,1,0,0,0
6962,5.0,5.0,0.0,36,0.22200588235294116,1,0,0,0
6963,5.0,5.0,0.0,35,0.2218941176470589,1,0,0,0
6964,5.0,5.0,0.0,36,0.22178235294117654,1,0,0,0
6965,5.0,5.0,0.0,51,0.22167058823529417,1,0,0,0
6966,5.0,5.0,0.0,42,0.2215588235294118,1,0,0,0
6967,5.0,5.0,0.0,34,0.22144705882352944,1,0,0,0
6968,4.0,4.0,0.0,32,0.22133529411764707,0,1,0,0
6969,5.0,5.0,0.0,37,0.2212235294117647,1,0,0,0
6970,4.0,4.0,0.0,34,0.22111176470588234,0,1,0,0
6971,5.0,5.0,0.0,39,0.22100000000000009,1,0,0,0
6972,5.0,5.0,0.0,36,0.22088823529411772,1,0,0,0
6973,2.0,2.0,0.0,26,0.22077647058823535,0,1,0,0
6974,5.0,5.0,0.0,38,0.22066470588235299,1,0,0,0
6975,5.0,5.0,0.0,30,0.22055294117647073,1,0,0,0
6976,5.0,5.0,0.0,38,0.22044117647058825,1,0,0,0
6977,5.0,5.0,0.0,35,0.22032941176470588,1,0,0,0
6978,2.0,2.0,0.0,26,0.22021764705882352,0,1,0,0
6979,4.0,4.0,0.0,31,0.22010588235294115,0,1,0,0
6980,5.0,5.0,0.0,38,0.2199941176470589,1,0,0,0
6981,5.0,5.0,0.0,36,0.21988235294117653,1,0,0,0
6982,5.0,5.0,0.0,34,0.21977058823529416,1,0,0,0
6983,5.0,5.0,0.0,34,0.2196588235294118,1,0,0,0
6984,5.0,5.0,0.0,34,0.21954705882352954,1,0,0,0
6985,5.0,5.0,0.0,36,0.21943529411764706,1,0,0,0
6986,5.0,5.0,0.0,35,0.2193235294117647,1,0,0,0
6987,5.0,5.0,0.0,30,0.21921176470588233,1,0,0,0
6988,5.0,5.0,0.0,41,0.21910000000000007,1,0,0,0
6989,4.0,4.0,0.0,35,0.2189882352941177,0,1,0,0
6990,5.0,5.0,0.0,33,0.21887647058823534,1,0,0,0
6991,5.0,5.0,0.0,36,0.21876470588235297,1,0,0,0
6992,5.0,5.0,0.0,47,0.21865294117647072,1,0,0,0
6993,5.0,5.0,0.0,38,0.21854117647058835,1,0,0,0
6994,5.0,5.0,0.0,34,0.21842941176470587,1,0,0,0
6995,4.0,4.0,0.0,35,0.2183176470588235,0,1,0,0
6996,5.0,5.0,0.0,31,0.21820588235294114,1,0,0,0
6997,5.0,5.0,0.0,30,0.21809411764705888,1,0,0,0
6998,5.0,5.0,0.0,31,0.21798235294117652,1,0,0,0
6999,5.0,5.0,0.0,40,0.21787058823529415,1,0,0,0
7000,5.0,5.0,0.0,36,0.21775882352941178,1,0,0,0
7001,5.0,5.0,0.0,32,0.21764705882352953,1,0,0,0
7002,5.0,5.0,0.0,38,0.21753529411764716,1,0,0,0
7003,5.0,5.0,0.0,39,0.21742352941176468,1,0,0,0
7004,5.0,5.0,0.0,42,0.21731176470588232,1,0,0,0
7005,2.0,2.0,0.0,26,0.21720000000000006,0,1,0,0
7006,5.0,5.0,0.0,41,0.2170882352941177,1,0,0,0
7007,5.0,5.0,0.0,28,0.21697647058823533,1,0,0,0
7008,4.0,4.0,0.0,34,0.21686470588235296,0,1,0,0
7009,4.0,4.0,0.0,27,0.2167529411764707,0,1,0,0
7010,5.0,5.0,0.0,31,0.21664117647058834,1,0,0,0
7011,5.0,5.0,0.0,44,0.21652941176470597,1,0,0,0
7012,5.0,5.0,0.0,40,0.2164176470588235,1,0,0,0
7013,5.0,5.0,0.0,36,0.21630588235294113,1,0,0,0
7014,5.0,5.0,0.0,42,0.21619411764705887,1,0,0,0
7015,5.0,5.0,0.0,34,0.2160823529411765,1,0,0,0
7016,5.0,5.0,0.0,37,0.21597058823529414,1,0,0,0
7017,4.0,4.0,0.0,24,0.21585882352941177,0,1,0,0
7018,5.0,5.0,0.0,32,0.21574705882352951,1,0,0,0
7019,5.0,5.0,0.0,36,0.21563529411764715,1,0,0,0
7020,5.0,5.0,0.0,34,0.21552352941176478,1,0,0,0
7021,5.0,5.0,0.0,32,0.2154117647058823,1,0,0,0
7022,5.0,5.0,0.0,39,0.21530000000000005,1,0,0,0
7023,5.0,5.0,0.0,31,0.21518823529411768,1,0,0,0
7024,5.0,5.0,0.0,30,0.2150764705882353,1,0,0,0
7025,5.0,5.0,0.0,37,0.21496470588235295,1,0,0,0
7026,5.0,5.0,0.0,38,0.2148529411764707,1,0,0,0
7027,5.0,5.0,0.0,46,0.21474117647058832,1,0,0,0
7028,5.0,5.0,0.0,34,0.21462941176470596,1,0,0,0
7029,4.0,4.0,0.0,27,0.2145176470588236,0,1,0,0
7030,4.0,4.0,0.0,36,0.2144058823529411,0,1,0,0
7031,5.0,5.0,0.0,33,0.21429411764705886,1,0,0,0
7032,5.0,5.0,0.0,40,0.2141823529411765,1,0,0,0
7033,5.0,5.0,0.0,29,0.21407058823529412,1,0,0,0
7034,2.0,2.0,0.0,28,0.21395882352941176,0,1,0,0
7035,5.0,5.0,0.0,30,0.2138470588235295,1,0,0,0
7036,5.0,5.0,0.0,38,0.21373529411764713,1,0,0,0
7037,5.0,5.0,0.0,43,0.21362352941176477,1,0,0,0
7038,5.0,5.0,0.0,34,0.2135117647058824,1,0,0,0
7039,5.0,5.0,0.0,34,0.21340000000000003,1,0,0,0
7040,5.0,5.0,0.0,38,0.21328823529411767,1,0,0,0
7041,5.0,5.0,0.0,38,0.2131764705882353,1,0,0,0
7042,5.0,5.0,0.0,44,0.21306470588235293,1,0,0,0
7043,5.0,5.0,0.0,36,0.21295294117647068,1,0,0,0
7044,5.0,5.0,0.0,33,0.2128411764705883,1,0,0,0
7045,5.0,5.0,0.0,31,0.21272941176470594,1,0,0,0
7046,5.0,5.0,0.0,36,0.21261764705882358,1,0,0,0
7047,4.0,4.0,0.0,28,0.2125058823529412,0,1,0,0
7048,5.0,5.0,0.0,35,0.21239411764705884,1,0,0,0
7049,4.0,4.0,0.0,30,0.21228235294117648,0,1,0,0
7050,5.0,5.0,0.0,38,0.2121705882352941,1,0,0,0
7051,5.0,5.0,0.0,33,0.21205882352941174,1,0,0,0
7052,5.0,5.0,0.0,28,0.2119470588235295,1,0,0,0
7053,5.0,5.0,0.0,35,0.21183529411764712,1,0,0,0
7054,2.0,2.0,0.0,21,0.21172352941176475,0,1,0,0
7055,5.0,5.0,0.0,38,0.2116117647058824,1,0,0,0
7056,5.0,5.0,0.0,36,0.21150000000000002,1,0,0,0
7057,5.0,5.0,0.0,36,0.21138823529411765,1,0,0,0
7058,4.0,4.0,0.0,30,0.2112764705882353,0,1,0,0
7059,5.0,5.0,0.0,32,0.21116470588235292,1,0,0,0
7060,5.0,5.0,0.0,36,0.21105294117647067,1,0,0,0
7061,5.0,5.0,0.0,28,0.2109411764705883,1,0,0,0
7062,5.0,5.0,0.0,43,0.21082941176470593,1,0,0,0
7063,5.0,5.0,0.0,43,0.21071764705882357,1,0,0,0
7064,5.0,5.0,0.0,30,0.2106058823529413,1,0,0,0
7065,5.0,5.0,0.0,36,0.21049411764705883,1,0,0,0
7066,4.0,4.0,0.0,29,0.21038235294117646,0,1,0,0
7067,5.0,5.0,0.0,30,0.2102705882352941,1,0,0,0
7068,5.0,5.0,0.0,38,0.21015882352941173,1,0,0,0
7069,5.0,5.0,0.0,31,0.21004705882352948,1,0,0,0
7070,5.0,5.0,0.0,32,0.2099352941176471,1,0,0,0
7071,5.0,5.0,0.0,37,0.20982352941176474,1,0,0,0
7072,5.0,5.0,0.0,28,0.20971176470588238,1,0,0,0
7073,5.0,5.0,0.0,42,0.20960000000000012,1,0,0,0
7074,5.0,5.0,0.0,32,0.20948823529411764,1,0,0,0
7075,5.0,5.0,0.0,35,0.20937647058823528,1,0,0,0
7076,4.0,4.0,0.0,28,0.2092647058823529,0,1,0,0
7077,5.0,5.0,0.0,30,0.20915294117647065,1,0,0,0
7078,5.0,5.0,0.0,34,0.20904117647058829,1,0,0,0
7079,5.0,5.0,0.0,36,0.20892941176470592,1,0,0,0
7080,5.0,5.0,0.0,49,0.20881764705882355,1,0,0,0
7081,5.0,5.0,0.0,37,0.2087058823529413,1,0,0,0
7082,5.0,5.0,0.0,37,0.20859411764705893,1,0,0,0
7083,5.0,5.0,0.0,33,0.20848235294117645,1,0,0,0
7084,5.0,5.0,0.0,33,0.20837058823529409,1,0,0,0
7085,4.0,4.0,0.0,34,0.20825882352941172,0,1,0,0
7086,5.0,5.0,0.0,35,0.20814705882352946,1,0,0,0
7087,5.0,5.0,0.0,35,0.2080352941176471,1,0,0,0
7088,5.0,5.0,0.0,46,0.20792352941176473,1,0,0,0
7089,5.0,5.0,0.0,49,0.20781176470588236,1,0,0,0
7090,5.0,5.0,0.0,37,0.2077000000000001,1,0,0,0
7091,5.0,5.0,0.0,31,0.20758823529411774,1,0,0,0
7092,5.0,5.0,0.0,35,0.20747647058823526,1,0,0,0
7093,5.0,5.0,0.0,43,0.2073647058823529,1,0,0,0
7094,5.0,5.0,0.0,31,0.20725294117647064,1,0,0,0
7095,2.0,2.0,0.0,21,0.20714117647058827,0,1,0,0
7096,2.0,2.0,0.0,23,0.2070294117647059,0,1,0,0
7097,5.0,5.0,0.0,38,0.20691764705882354,1,0,0,0
7098,5.0,5.0,0.0,33,0.20680588235294128,1,0,0,0
7099,5.0,5.0,0.0,37,0.20669411764705892,1,0,0,0
7100,5.0,5.0,0.0,32,0.20658235294117655,1,0,0,0
7101,5.0,5.0,0.0,29,0.20647058823529407,1,0,0,0
7102,5.0,5.0,0.0,36,0.20635882352941182,1,0,0,0
7103,5.0,5.0,0.0,38,0.20624705882352945,1,0,0,0
7104,5.0,5.0,0.0,35,0.20613529411764708,1,0,0,0
7105,5.0,5.0,0.0,34,0.20602352941176472,1,0,0,0
7106,5.0,5.0,0.0,32,0.20591176470588235,1,0,0,0
7107,5.0,5.0,0.0,34,0.2058000000000001,1,0,0,0
7108,2.0,2.0,0.0,29,0.20568823529411773,0,1,0,0
7109,5.0,5.0,0.0,34,0.20557647058823536,1,0,0,0
7110,5.0,5.0,0.0,41,0.20546470588235288,1,0,0,0
7111,5.0,5.0,0.0,43,0.20535294117647063,1,0,0,0
7112,5.0,5.0,0.0,38,0.20524117647058826,1,0,0,0
7113,5.0,5.0,0.0,35,0.2051294117647059,1,0,0,0
7114,5.0,5.0,0.0,39,0.20501764705882353,1,0,0,0
7115,4.0,4.0,0.0,37,0.20490588235294127,0,1,0,0
7116,5.0,5.0,0.0,30,0.2047941176470589,1,0,0,0
7117,5.0,5.0,0.0,34,0.20468235294117654,1,0,0,0
7118,5.0,5.0,0.0,44,0.20457058823529417,1,0,0,0
7119,5.0,5.0,0.0,42,0.2044588235294118,1,0,0,0
7120,5.0,5.0,0.0,33,0.20434705882352944,1,0,0,0
7121,4.0,4.0,0.0,26,0.20423529411764707,0,1,0,0
7122,5.0,5.0,0.0,28,0.2041235294117647,1,0,0,0
7123,5.0,5.0,0.0,30,0.20401176470588234,1,0,0,0
7124,5.0,5.0,0.0,36,0.20390000000000008,1,0,0,0
7125,4.0,4.0,0.0,28,0.20378823529411771,0,1,0,0
7126,5.0,5.0,0.0,33,0.20367647058823535,1,0,0,0
7127,4.0,4.0,0.0,27,0.20356470588235298,0,1,0,0
7128,5.0,5.0,0.0,31,0.20345294117647061,1,0,0,0
7129,5.0,5.0,0.0,38,0.20334117647058825,1,0,0,0
7130,5.0,5.0,0.0,36,0.20322941176470588,1,0,0,0
7131,5.0,5.0,0.0,32,0.20311764705882351,1,0,0,0
7132,5.0,5.0,0.0,35,0.20300588235294126,1,0,0,0
7133,5.0,5.0,0.0,28,0.2028941176470589,1,0,0,0
7134,5.0,5.0,0.0,31,0.20278235294117652,1,0,0,0
7135,5.0,5.0,0.0,32,0.20267058823529416,1,0,0,0
7136,5.0,5.0,0.0,38,0.2025588235294119,1,0,0,0
7137,5.0,5.0,0.0,35,0.20244705882352942,1,0,0,0
7138,4.0,4.0,0.0,34,0.20233529411764706,0,1,0,0
7139,5.0,5.0,0.0,38,0.2022235294117647,1,0,0,0
7140,5.0,5.0,0.0,35,0.20211176470588232,1,0,0,0
7141,5.0,5.0,0.0,34,0.20200000000000007,1,0,0,0
7142,5.0,5.0,0.0,35,0.2018882352941177,1,0,0,0
7143,5.0,5.0,0.0,30,0.20177647058823533,1,0,0,0
7144,5.0,5.0,0.0,35,0.20166470588235297,1,0,0,0
7145,5.0,5.0,0.0,31,0.2015529411764707,1,0,0,0
7146,5.0,5.0,0.0,30,0.20144117647058823,1,0,0,0
7147,5.0,5.0,0.0,33,0.20132941176470587,1,0,0,0
7148,2.0,2.0,0.0,22,0.2012176470588235,0,1,0,0
7149,4.0,4.0,0.0,27,0.20110588235294125,0,1,0,0
7150,5.0,5.0,0.0,36,0.20099411764705888,1,0,0,0
7151,5.0,5.0,0.0,35,0.2008823529411765,1,0,0,0
7152,5.0,5.0,0.0,39,0.20077058823529415,1,0,0,0
7153,5.0,5.0,0.0,30,0.2006588235294119,1,0,0,0
7154,5.0,5.0,0.0,34,0.20054705882352952,1,0,0,0
7155,5.0,5.0,0.0,38,0.20043529411764704,1,0,0,0
7156,5.0,5.0,0.0,50,0.20032352941176468,1,0,0,0
7157,5.0,5.0,0.0,31,0.2002117647058823,1,0,0,0
7158,5.0,5.0,0.0,33,0.20010000000000006,1,0,0,0
7159,5.0,5.0,0.0,28,0.1999882352941177,1,0,0,0
7160,5.0,5.0,0.0,34,0.19987647058823532,1,0,0,0
7161,5.0,5.0,0.0,32,0.19976470588235296,1,0,0,0
7162,5.0,5.0,0.0,36,0.1996529411764707,1,0,0,0
7163,5.0,5.0,0.0,34,0.19954117647058833,1,0,0,0
7164,5.0,5.0,0.0,34,0.19942941176470586,1,0,0,0
7165,5.0,5.0,0.0,34,0.1993176470588235,1,0,0,0
7166,5.0,5.0,0.0,39,0.19920588235294123,1,0,0,0
7167,5.0,5.0,0.0,33,0.19909411764705887,1,0,0,0
7168,5.0,5.0,0.0,32,0.1989823529411765,1,0,0,0
7169,5.0,5.0,0.0,40,0.19887058823529413,1,0,0,0
7170,4.0,4.0,0.0,29,0.19875882352941188,0,1,0,0
7171,5.0,5.0,0.0,34,0.1986470588235295,1,0,0,0
7172,5.0,5.0,0.0,38,0.19853529411764714,1,0,0,0
7173,5.0,5.0,0.0,33,0.19842352941176467,1,0,0,0
7174,5.0,5.0,0.0,38,0.1983117647058824,1,0,0,0
7175,5.0,5.0,0.0,32,0.19820000000000004,1,0,0,0
7176,5.0,5.0,0.0,42,0.19808823529411768,1,0,0,0
7177,5.0,5.0,0.0,30,0.1979764705882353,1,0,0,0
7178,5.0,5.0,0.0,37,0.19786470588235294,1,0,0,0
7179,5.0,5.0,0.0,30,0.1977529411764707,1,0,0,0
7180,5.0,5.0,0.0,34,0.19764117647058832,1,0,0,0
7181,2.0,2.0,0.0,28,0.19752941176470595,0,1,0,0
7182,5.0,5.0,0.0,40,0.19741764705882348,1,0,0,0
7183,5.0,5.0,0.0,38,0.19730588235294122,1,0,0,0
7184,5.0,5.0,0.0,34,0.19719411764705885,1,0,0,0
7185,5.0,5.0,0.0,33,0.1970823529411765,1,0,0,0
7186,5.0,5.0,0.0,39,0.19697058823529412,1,0,0,0
7187,5.0,5.0,0.0,35,0.19685882352941186,1,0,0,0
7188,5.0,5.0,0.0,33,0.1967470588235295,1,0,0,0
7189,5.0,5.0,0.0,40,0.19663529411764713,1,0,0,0
7190,5.0,5.0,0.0,42,0.19652352941176476,1,0,0,0
7191,5.0,5.0,0.0,29,0.1964117647058824,1,0,0,0
7192,5.0,5.0,0.0,35,0.19630000000000003,1,0,0,0
7193,5.0,5.0,0.0,36,0.19618823529411766,1,0,0,0
7194,5.0,5.0,0.0,28,0.1960764705882353,1,0,0,0
7195,5.0,5.0,0.0,45,0.19596470588235293,1,0,0,0
7196,4.0,4.0,0.0,28,0.19585294117647067,0,1,0,0
7197,5.0,5.0,0.0,37,0.1957411764705883,1,0,0,0
7198,4.0,4.0,0.0,35,0.19562941176470594,0,1,0,0
7199,5.0,5.0,0.0,33,0.19551764705882357,1,0,0,0
7200,4.0,4.0,0.0,26,0.1954058823529412,0,1,0,0
7201,5.0,5.0,0.0,34,0.19529411764705884,1,0,0,0
7202,5.0,5.0,0.0,30,0.19518235294117647,1,0,0,0
7203,5.0,5.0,0.0,36,0.1950705882352941,1,0,0,0
7204,5.0,5.0,0.0,34,0.19495882352941185,1,0,0,0
7205,5.0,5.0,0.0,35,0.19484705882352948,1,0,0,0
7206,5.0,5.0,0.0,30,0.19473529411764712,1,0,0,0
7207,4.0,4.0,0.0,25,0.19462352941176475,0,1,0,0
7208,5.0,5.0,0.0,30,0.19451176470588238,1,0,0,0
7209,5.0,5.0,0.0,36,0.19440000000000002,1,0,0,0
7210,2.0,2.0,0.0,25,0.19428823529411765,0,1,0,0
7211,5.0,5.0,0.0,42,0.19417647058823528,1,0,0,0
7212,5.0,5.0,0.0,30,0.19406470588235292,1,0,0,0
7213,5.0,5.0,0.0,32,0.19395294117647066,1,0,0,0
7214,5.0,5.0,0.0,32,0.1938411764705883,1,0,0,0
7215,5.0,5.0,0.0,39,0.19372941176470593,1,0,0,0
7216,5.0,5.0,0.0,34,0.19361764705882356,1,0,0,0
7217,5.0,5.0,0.0,30,0.1935058823529412,1,0,0,0
7218,5.0,5.0,0.0,35,0.19339411764705883,1,0,0,0
7219,5.0,5.0,0.0,34,0.19328235294117646,1,0,0,0
7220,5.0,5.0,0.0,44,0.1931705882352941,1,0,0,0
7221,5.0,5.0,0.0,38,0.19305882352941184,1,0,0,0
7222,5.0,5.0,0.0,40,0.19294705882352947,1,0,0,0
7223,4.0,4.0,0.0,27,0.1928352941176471,0,1,0,0
7224,2.0,2.0,0.0,20,0.19272352941176474,0,1,0,0
7225,4.0,4.0,0.0,26,0.19261176470588248,0,1,0,0
7226,5.0,5.0,0.0,37,0.1925,1,0,0,0
7227,5.0,5.0,0.0,32,0.19238823529411764,1,0,0,0
7228,5.0,5.0,0.0,31,0.19227647058823527,1,0,0,0
7229,4.0,4.0,0.0,31,0.19216470588235302,0,1,0,0
7230,4.0,4.0,0.0,34,0.19205294117647065,0,1,0,0
7231,4.0,4.0,0.0,31,0.19194117647058828,0,1,0,0
7232,4.0,4.0,0.0,30,0.19182941176470591,0,1,0,0
7233,4.0,4.0,0.0,25,0.19171764705882355,0,1,0,0
7234,5.0,5.0,0.0,33,0.1916058823529413,1,0,0,0
7235,5.0,5.0,0.0,29,0.19149411764705881,1,0,0,0
7236,5.0,5.0,0.0,39,0.19138235294117645,1,0,0,0
7237,5.0,5.0,0.0,29,0.19127058823529408,1,0,0,0
7238,5.0,5.0,0.0,32,0.19115882352941183,1,0,0,0
7239,4.0,4.0,0.0,34,0.19104705882352946,0,1,0,0
7240,5.0,5.0,0.0,39,0.1909352941176471,1,0,0,0
7241,5.0,5.0,0.0,28,0.19082352941176473,1,0,0,0
7242,5.0,5.0,0.0,40,0.19071176470588247,1,0,0,0
7243,5.0,5.0,0.0,34,0.1906000000000001,1,0,0,0
7244,4.0,4.0,0.0,27,0.19048823529411762,0,1,0,0
7245,5.0,5.0,0.0,38,0.19037647058823526,1,0,0,0
7246,5.0,5.0,0.0,40,0.190264705882353,1,0,0,0
7247,5.0,5.0,0.0,38,0.19015294117647064,1,0,0,0
7248,4.0,4.0,0.0,27,0.19004117647058827,0,1,0,0
7249,4.0,4.0,0.0,29,0.1899294117647059,0,1,0,0
7250,5.0,5.0,0.0,35,0.18981764705882354,1,0,0,0
7251,5.0,5.0,0.0,30,0.18970588235294128,1,0,0,0
7252,5.0,5.0,0.0,40,0.1895941176470589,1,0,0,0
7253,4.0,4.0,0.0,26,0.18948235294117644,0,1,0,0
7254,5.0,5.0,0.0,43,0.18937058823529407,1,0,0,0
7255,5.0,5.0,0.0,38,0.1892588235294118,1,0,0,0
7256,5.0,5.0,0.0,33,0.18914705882352945,1,0,0,0
7257,5.0,5.0,0.0,33,0.18903529411764708,1,0,0,0
7258,5.0,5.0,0.0,33,0.1889235294117647,1,0,0,0
7259,4.0,4.0,0.0,34,0.18881176470588246,0,1,0,0
7260,5.0,5.0,0.0,41,0.1887000000000001,1,0,0,0
7261,5.0,5.0,0.0,32,0.18858823529411772,1,0,0,0
7262,5.0,5.0,0.0,31,0.18847647058823525,1,0,0,0
7263,2.0,2.0,0.0,30,0.188364705882353,0,1,0,0
7264,5.0,5.0,0.0,33,0.18825294117647062,1,0,0,0
7265,5.0,5.0,0.0,47,0.18814117647058826,1,0,0,0
7266,5.0,5.0,0.0,32,0.1880294117647059,1,0,0,0
7267,5.0,5.0,0.0,28,0.18791764705882352,1,0,0,0
7268,4.0,4.0,0.0,28,0.18780588235294127,0,1,0,0
7269,2.0,2.0,0.0,32,0.1876941176470589,0,1,0,0
7270,5.0,5.0,0.0,30,0.18758235294117653,1,0,0,0
7271,5.0,5.0,0.0,30,0.18747058823529406,1,0,0,0
7272,5.0,5.0,0.0,31,0.1873588235294118,1,0,0,0
7273,5.0,5.0,0.0,32,0.18724705882352943,1,0,0,0
7274,5.0,5.0,0.0,32,0.18713529411764707,1,0,0,0
7275,5.0,5.0,0.0,35,0.1870235294117647,1,0,0,0
7276,5.0,5.0,0.0,32,0.18691176470588244,1,0,0,0
7277,2.0,2.0,0.0,21,0.18680000000000008,0,1,0,0
7278,4.0,4.0,0.0,24,0.1866882352941177,0,1,0,0
7279,5.0,5.0,0.0,37,0.18657647058823534,1,0,0,0
7280,5.0,5.0,0.0,34,0.18646470588235298,1,0,0,0
7281,5.0,5.0,0.0,35,0.1863529411764706,1,0,0,0
7282,4.0,4.0,0.0,25,0.18624117647058824,0,1,0,0
7283,5.0,5.0,0.0,29,0.18612941176470588,1,0,0,0
7284,5.0,5.0,0.0,34,0.18601764705882362,1,0,0,0
7285,5.0,5.0,0.0,35,0.18590588235294125,1,0,0,0
7286,5.0,5.0,0.0,42,0.1857941176470589,1,0,0,0
7287,5.0,5.0,0.0,40,0.18568235294117652,1,0,0,0
7288,5.0,5.0,0.0,33,0.18557058823529415,1,0,0,0
7289,5.0,5.0,0.0,34,0.1854588235294118,1,0,0,0
7290,5.0,5.0,0.0,30,0.18534705882352942,1,0,0,0
7291,5.0,5.0,0.0,36,0.18523529411764705,1,0,0,0
7292,5.0,5.0,0.0,40,0.1851235294117647,1,0,0,0
7293,4.0,4.0,0.0,38,0.18501176470588243,0,1,0,0
7294,2.0,2.0,0.0,26,0.18490000000000006,0,1,0,0
7295,5.0,5.0,0.0,40,0.1847882352941177,1,0,0,0
7296,5.0,5.0,0.0,30,0.18467647058823533,1,0,0,0
7297,5.0,5.0,0.0,32,0.18456470588235308,1,0,0,0
7298,5.0,5.0,0.0,37,0.1844529411764706,1,0,0,0
7299,5.0,5.0,0.0,44,0.18434117647058823,1,0,0,0
7300,5.0,5.0,0.0,38,0.18422941176470586,1,0,0,0
7301,5.0,5.0,0.0,34,0.1841176470588236,1,0,0,0
7302,5.0,5.0,0.0,37,0.18400588235294124,1,0,0,0
7303,5.0,5.0,0.0,35,0.18389411764705887,1,0,0,0
7304,5.0,5.0,0.0,30,0.1837823529411765,1,0,0,0
7305,5.0,5.0,0.0,37,0.18367058823529414,1,0,0,0
7306,5.0,5.0,0.0,41,0.18355882352941189,1,0,0,0
7307,5.0,5.0,0.0,34,0.1834470588235294,1,0,0,0
7308,5.0,5.0,0.0,32,0.18333529411764704,1,0,0,0
7309,5.0,5.0,0.0,30,0.18322352941176467,1,0,0,0
7310,4.0,4.0,0.0,27,0.18311176470588242,0,1,0,0
7311,5.0,5.0,0.0,36,0.18300000000000005,1,0,0,0
7312,5.0,5.0,0.0,29,0.18288823529411768,1,0,0,0
7313,5.0,5.0,0.0,40,0.18277647058823532,1,0,0,0
7314,5.0,5.0,0.0,31,0.18266470588235306,1,0,0,0
7315,5.0,5.0,0.0,31,0.1825529411764707,1,0,0,0
7316,5.0,5.0,0.0,35,0.18244117647058822,1,0,0,0
7317,5.0,5.0,0.0,35,0.18232941176470585,1,0,0,0
7318,5.0,5.0,0.0,39,0.1822176470588236,1,0,0,0
7319,5.0,5.0,0.0,32,0.18210588235294123,1,0,0,0
7320,5.0,5.0,0.0,42,0.18199411764705886,1,0,0,0
7321,5.0,5.0,0.0,32,0.1818823529411765,1,0,0,0
7322,5.0,5.0,0.0,36,0.18177058823529413,1,0,0,0
7323,5.0,5.0,0.0,30,0.18165882352941187,1,0,0,0
7324,2.0,2.0,0.0,25,0.1815470588235295,0,1,0,0
7325,5.0,5.0,0.0,37,0.18143529411764703,1,0,0,0
7326,5.0,5.0,0.0,29,0.18132352941176466,1,0,0,0
7327,5.0,5.0,0.0,32,0.1812117647058824,1,0,0,0
7328,5.0,5.0,0.0,33,0.18110000000000004,1,0,0,0
7329,5.0,5.0,0.0,36,0.18098823529411767,1,0,0,0
7330,5.0,5.0,0.0,38,0.1808764705882353,1,0,0,0
7331,5.0,5.0,0.0,43,0.18076470588235305,1,0,0,0
7332,5.0,5.0,0.0,33,0.18065294117647068,1,0,0,0
7333,4.0,4.0,0.0,32,0.18054117647058832,0,1,0,0
7334,5.0,5.0,0.0,40,0.18042941176470584,1,0,0,0
7335,5.0,5.0,0.0,31,0.18031764705882358,1,0,0,0
7336,5.0,5.0,0.0,30,0.18020588235294122,1,0,0,0
7337,5.0,5.0,0.0,31,0.18009411764705885,1,0,0,0
7338,5.0,5.0,0.0,32,0.17998235294117648,1,0,0,0
7339,5.0,5.0,0.0,34,0.17987058823529412,1,0,0,0
7340,5.0,5.0,0.0,38,0.17975882352941186,1,0,0,0
7341,4.0,4.0,0.0,26,0.1796470588235295,0,1,0,0
7342,5.0,5.0,0.0,35,0.17953529411764713,1,0,0,0
7343,5.0,5.0,0.0,35,0.17942352941176465,1,0,0,0
7344,5.0,5.0,0.0,33,0.1793117647058824,1,0,0,0
7345,5.0,5.0,0.0,33,0.17920000000000003,1,0,0,0
7346,5.0,5.0,0.0,34,0.17908823529411766,1,0,0,0
7347,5.0,5.0,0.0,32,0.1789764705882353,1,0,0,0
7348,5.0,5.0,0.0,32,0.17886470588235304,1,0,0,0
7349,5.0,5.0,0.0,32,0.17875294117647067,1,0,0,0
7350,5.0,5.0,0.0,37,0.1786411764705883,1,0,0,0
7351,4.0,4.0,0.0,30,0.17852941176470594,0,1,0,0
7352,5.0,5.0,0.0,42,0.17841764705882357,1,0,0,0
7353,5.0,5.0,0.0,39,0.1783058823529412,1,0,0,0
7354,4.0,4.0,0.0,28,0.17819411764705884,0,1,0,0
7355,4.0,4.0,0.0,24,0.17808235294117647,0,1,0,0
7356,5.0,5.0,0.0,35,0.1779705882352942,1,0,0,0
7357,5.0,5.0,0.0,35,0.17785882352941185,1,0,0,0
7358,5.0,5.0,0.0,31,0.17774705882352948,1,0,0,0
7359,5.0,5.0,0.0,34,0.1776352941176471,1,0,0,0
7360,4.0,4.0,0.0,28,0.17752352941176475,0,1,0,0
7361,5.0,5.0,0.0,29,0.17741176470588238,1,0,0,0
7362,5.0,5.0,0.0,31,0.1773,1,0,0,0
7363,5.0,5.0,0.0,34,0.17718823529411765,1,0,0,0
7364,5.0,5.0,0.0,30,0.17707647058823528,1,0,0,0
7365,5.0,5.0,0.0,33,0.17696470588235302,1,0,0,0
7366,5.0,5.0,0.0,40,0.17685294117647066,1,0,0,0
7367,5.0,5.0,0.0,31,0.1767411764705883,1,0,0,0
7368,5.0,5.0,0.0,36,0.17662941176470592,1,0,0,0
7369,5.0,5.0,0.0,35,0.17651764705882356,1,0,0,0
7370,5.0,5.0,0.0,34,0.1764058823529412,1,0,0,0
7371,5.0,5.0,0.0,32,0.17629411764705882,1,0,0,0
7372,4.0,4.0,0.0,23,0.17618235294117646,0,1,0,0
7373,5.0,5.0,0.0,40,0.1760705882352942,1,0,0,0
7374,5.0,5.0,0.0,32,0.17595882352941183,1,0,0,0
7375,5.0,5.0,0.0,31,0.17584705882352947,1,0,0,0
7376,5.0,5.0,0.0,35,0.1757352941176471,1,0,0,0
7377,5.0,5.0,0.0,36,0.17562352941176473,1,0,0,0
7378,5.0,5.0,0.0,35,0.17551176470588237,1,0,0,0
7379,5.0,5.0,0.0,28,0.1754,1,0,0,0
7380,5.0,5.0,0.0,30,0.17528823529411763,1,0,0,0
7381,5.0,5.0,0.0,30,0.17517647058823527,1,0,0,0
7382,4.0,4.0,0.0,33,0.175064705882353,0,1,0,0
7383,5.0,5.0,0.0,30,0.17495294117647064,1,0,0,0
7384,5.0,5.0,0.0,31,0.17484117647058828,1,0,0,0
7385,5.0,5.0,0.0,35,0.1747294117647059,1,0,0,0
7386,5.0,5.0,0.0,32,0.17461764705882366,1,0,0,0
7387,5.0,5.0,0.0,38,0.17450588235294118,1,0,0,0
7388,5.0,5.0,0.0,30,0.1743941176470588,1,0,0,0
7389,5.0,5.0,0.0,37,0.17428235294117644,1,0,0,0
7390,5.0,5.0,0.0,35,0.1741705882352942,1,0,0,0
7391,5.0,5.0,0.0,36,0.17405882352941182,1,0,0,0
7392,5.0,5.0,0.0,30,0.17394705882352945,1,0,0,0
7393,5.0,5.0,0.0,34,0.1738352941176471,1,0,0,0
7394,2.0,2.0,0.0,24,0.17372352941176472,0,1,0,0
7395,5.0,5.0,0.0,32,0.17361176470588247,1,0,0,0
7396,4.0,4.0,0.0,27,0.1735,0,1,0,0
7397,4.0,4.0,0.0,26,0.17338823529411762,0,1,0,0
7398,5.0,5.0,0.0,30,0.17327647058823525,1,0,0,0
7399,4.0,4.0,0.0,43,0.173164705882353,0,1,0,0
7400,5.0,5.0,0.0,34,0.17305294117647063,1,0,0,0
7401,5.0,5.0,0.0,38,0.17294117647058826,1,0,0,0
7402,5.0,5.0,0.0,34,0.1728294117647059,1,0,0,0
7403,4.0,4.0,0.0,26,0.17271764705882364,0,1,0,0
7404,5.0,5.0,0.0,30,0.17260588235294128,1,0,0,0
7405,2.0,2.0,0.0,22,0.1724941176470588,0,1,0,0
7406,5.0,5.0,0.0,37,0.17238235294117643,1,0,0,0
7407,5.0,5.0,0.0,32,0.17227058823529418,1,0,0,0
7408,4.0,4.0,0.0,26,0.1721588235294118,0,1,0,0
7409,5.0,5.0,0.0,33,0.17204705882352944,1,0,0,0
7410,4.0,4.0,0.0,31,0.17193529411764708,0,1,0,0
7411,4.0,4.0,0.0,33,0.17182352941176482,0,1,0,0
7412,5.0,5.0,0.0,35,0.17171176470588245,1,0,0,0
7413,5.0,5.0,0.0,31,0.17160000000000009,1,0,0,0
7414,5.0,5.0,0.0,34,0.1714882352941176,1,0,0,0
7415,5.0,5.0,0.0,34,0.17137647058823524,1,0,0,0
7416,5.0,5.0,0.0,30,0.17126470588235299,1,0,0,0
7417,5.0,5.0,0.0,34,0.17115294117647062,1,0,0,0
7418,5.0,5.0,0.0,33,0.17104117647058825,1,0,0,0
7419,5.0,5.0,0.0,33,0.17092941176470589,1,0,0,0
7420,5.0,5.0,0.0,37,0.17081764705882363,1,0,0,0
7421,5.0,5.0,0.0,36,0.17070588235294126,1,0,0,0
7422,5.0,5.0,0.0,32,0.1705941176470589,1,0,0,0
7423,5.0,5.0,0.0,32,0.17048235294117642,1,0,0,0
7424,5.0,5.0,0.0,36,0.17037058823529416,1,0,0,0
7425,5.0,5.0,0.0,32,0.1702588235294118,1,0,0,0
7426,5.0,5.0,0.0,33,0.17014705882352943,1,0,0,0
7427,5.0,5.0,0.0,30,0.17003529411764706,1,0,0,0
7428,5.0,5.0,0.0,40,0.1699235294117648,1,0,0,0
7429,5.0,5.0,0.0,37,0.16981176470588244,1,0,0,0
7430,4.0,4.0,0.0,25,0.16970000000000007,0,1,0,0
7431,5.0,5.0,0.0,35,0.1695882352941177,1,0,0,0
7432,5.0,5.0,0.0,33,0.16947647058823523,1,0,0,0
7433,5.0,5.0,0.0,29,0.16936470588235297,1,0,0,0
7434,5.0,5.0,0.0,37,0.1692529411764706,1,0,0,0
7435,5.0,5.0,0.0,30,0.16914117647058824,1,0,0,0
7436,5.0,5.0,0.0,33,0.16902941176470587,1,0,0,0
7437,5.0,5.0,0.0,36,0.16891764705882362,1,0,0,0
7438,5.0,5.0,0.0,31,0.16880588235294125,1,0,0,0
7439,5.0,5.0,0.0,36,0.16869411764705888,1,0,0,0
7440,5.0,5.0,0.0,40,0.16858235294117652,1,0,0,0
7441,5.0,5.0,0.0,42,0.16847058823529415,1,0,0,0
7442,5.0,5.0,0.0,30,0.16835882352941178,1,0,0,0
7443,5.0,5.0,0.0,36,0.16824705882352942,1,0,0,0
7444,5.0,5.0,0.0,37,0.16813529411764705,1,0,0,0
7445,4.0,4.0,0.0,26,0.1680235294117648,0,1,0,0
7446,5.0,5.0,0.0,29,0.16791176470588243,1,0,0,0
7447,4.0,4.0,0.0,23,0.16780000000000006,0,1,0,0
7448,5.0,5.0,0.0,31,0.1676882352941177,1,0,0,0
7449,5.0,5.0,0.0,30,0.16757647058823533,1,0,0,0
7450,5.0,5.0,0.0,30,0.16746470588235296,1,0,0,0
7451,5.0,5.0,0.0,35,0.1673529411764706,1,0,0,0
7452,5.0,5.0,0.0,33,0.16724117647058823,1,0,0,0
7453,5.0,5.0,0.0,34,0.16712941176470586,1,0,0,0
7454,5.0,5.0,0.0,34,0.1670176470588236,1,0,0,0
7455,5.0,5.0,0.0,30,0.16690588235294124,1,0,0,0
7456,5.0,5.0,0.0,37,0.16679411764705887,1,0,0,0
7457,5.0,5.0,0.0,34,0.1666823529411765,1,0,0,0
7458,4.0,4.0,0.0,37,0.16657058823529425,0,1,0,0
7459,4.0,4.0,0.0,22,0.16645882352941177,0,1,0,0
7460,5.0,5.0,0.0,33,0.1663470588235294,1,0,0,0
7461,5.0,5.0,0.0,42,0.16623529411764704,1,0,0,0
7462,5.0,5.0,0.0,33,0.16612352941176478,1,0,0,0
7463,5.0,5.0,0.0,28,0.16601176470588241,1,0,0,0
7464,4.0,4.0,0.0,26,0.16590000000000005,0,1,0,0
7465,5.0,5.0,0.0,36,0.16578823529411768,1,0,0,0
7466,4.0,4.0,0.0,33,0.16567647058823531,0,1,0,0
7467,4.0,4.0,0.0,24,0.16556470588235306,0,1,0,0
7468,5.0,5.0,0.0,32,0.16545294117647058,1,0,0,0
7469,4.0,4.0,0.0,24,0.1653411764705882,0,1,0,0
7470,5.0,5.0,0.0,32,0.16522941176470585,1,0,0,0
7471,5.0,5.0,0.0,30,0.1651176470588236,1,0,0,0
7472,5.0,5.0,0.0,31,0.16500588235294122,1,0,0,0
7473,4.0,4.0,0.0,32,0.16489411764705886,0,1,0,0
7474,5.0,5.0,0.0,32,0.1647823529411765,1,0,0,0
7475,5.0,5.0,0.0,34,0.16467058823529424,1,0,0,0
7476,5.0,5.0,0.0,38,0.16455882352941187,1,0,0,0
7477,5.0,5.0,0.0,33,0.1644470588235294,1,0,0,0
7478,4.0,4.0,0.0,30,0.16433529411764702,0,1,0,0
7479,5.0,5.0,0.0,35,0.16422352941176477,1,0,0,0
7480,5.0,5.0,0.0,38,0.1641117647058824,1,0,0,0
7481,5.0,5.0,0.0,31,0.16400000000000003,1,0,0,0
7482,5.0,5.0,0.0,34,0.16388823529411767,1,0,0,0
7483,5.0,5.0,0.0,28,0.1637764705882354,1,0,0,0
7484,5.0,5.0,0.0,40,0.16366470588235305,1,0,0,0
7485,5.0,5.0,0.0,36,0.16355294117647068,1,0,0,0
7486,5.0,5.0,0.0,39,0.1634411764705882,1,0,0,0
7487,5.0,5.0,0.0,32,0.16332941176470583,1,0,0,0
7488,5.0,5.0,0.0,34,0.16321764705882358,1,0,0,0
7489,5.0,5.0,0.0,35,0.1631058823529412,1,0,0,0
7490,5.0,5.0,0.0,31,0.16299411764705884,1,0,0,0
7491,5.0,5.0,0.0,38,0.16288235294117648,1,0,0,0
7492,5.0,5.0,0.0,34,0.16277058823529422,1,0,0,0
7493,5.0,5.0,0.0,31,0.16265882352941186,1,0,0,0
7494,5.0,5.0,0.0,34,0.1625470588235295,1,0,0,0
7495,5.0,5.0,0.0,38,0.162435294117647,1,0,0,0
7496,4.0,4.0,0.0,28,0.16232352941176476,0,1,0,0
7497,5.0,5.0,0.0,30,0.1622117647058824,1,0,0,0
7498,5.0,5.0,0.0,34,0.16210000000000002,1,0,0,0
7499,5.0,5.0,0.0,36,0.16198823529411766,1,0,0,0
7500,4.0,4.0,0.0,23,0.1618764705882354,0,1,0,0
7501,5.0,5.0,0.0,35,0.16176470588235303,1,0,0,0
7502,5.0,5.0,0.0,32,0.16165294117647067,1,0,0,0
7503,5.0,5.0,0.0,28,0.1615411764705883,1,0,0,0
7504,5.0,5.0,0.0,34,0.16142941176470582,1,0,0,0
7505,5.0,5.0,0.0,35,0.16131764705882357,1,0,0,0
7506,4.0,4.0,0.0,31,0.1612058823529412,0,1,0,0
7507,5.0,5.0,0.0,33,0.16109411764705883,1,0,0,0
7508,5.0,5.0,0.0,34,0.16098235294117647,1,0,0,0
7509,5.0,5.0,0.0,31,0.1608705882352942,1,0,0,0
7510,5.0,5.0,0.0,28,0.16075882352941184,1,0,0,0
7511,5.0,5.0,0.0,34,0.16064705882352948,1,0,0,0
7512,5.0,5.0,0.0,29,0.1605352941176471,1,0,0,0
7513,5.0,5.0,0.0,35,0.16042352941176474,1,0,0,0
7514,5.0,5.0,0.0,32,0.16031176470588238,1,0,0,0
7515,5.0,5.0,0.0,37,0.1602,1,0,0,0
7516,5.0,5.0,0.0,36,0.16008823529411764,1,0,0,0
7517,5.0,5.0,0.0,39,0.1599764705882354,1,0,0,0
7518,5.0,5.0,0.0,35,0.15986470588235302,1,0,0,0
7519,5.0,5.0,0.0,32,0.15975294117647065,1,0,0,0
7520,4.0,4.0,0.0,35,0.1596411764705883,0,1,0,0
7521,5.0,5.0,0.0,33,0.15952941176470592,1,0,0,0
7522,5.0,5.0,0.0,40,0.15941764705882355,1,0,0,0
7523,5.0,5.0,0.0,31,0.15930588235294119,1,0,0,0
7524,5.0,5.0,0.0,32,0.15919411764705882,1,0,0,0
7525,5.0,5.0,0.0,28,0.15908235294117645,1,0,0,0
7526,2.0,2.0,0.0,22,0.1589705882352942,0,1,0,0
7527,4.0,4.0,0.0,29,0.15885882352941183,0,1,0,0
7528,5.0,5.0,0.0,36,0.15874705882352946,1,0,0,0
7529,4.0,4.0,0.0,28,0.1586352941176471,0,1,0,0
7530,5.0,5.0,0.0,28,0.15852352941176484,1,0,0,0
7531,5.0,5.0,0.0,32,0.15841176470588236,1,0,0,0
7532,4.0,4.0,0.0,24,0.1583,0,1,0,0
7533,4.0,4.0,0.0,30,0.15818823529411763,0,1,0,0
7534,5.0,5.0,0.0,36,0.15807647058823537,1,0,0,0
7535,5.0,5.0,0.0,32,0.157964705882353,1,0,0,0
7536,5.0,5.0,0.0,29,0.15785294117647064,1,0,0,0
7537,5.0,5.0,0.0,36,0.15774117647058827,1,0,0,0
7538,4.0,4.0,0.0,33,0.15762941176470602,0,1,0,0
7539,5.0,5.0,0.0,34,0.15751764705882365,1,0,0,0
7540,5.0,5.0,0.0,32,0.15740588235294117,1,0,0,0
7541,5.0,5.0,0.0,36,0.1572941176470588,1,0,0,0
7542,4.0,4.0,0.0,32,0.15718235294117644,0,1,0,0
7543,5.0,5.0,0.0,32,0.15707058823529418,1,0,0,0
7544,5.0,5.0,0.0,30,0.15695882352941182,1,0,0,0
7545,5.0,5.0,0.0,35,0.15684705882352945,1,0,0,0
7546,5.0,5.0,0.0,38,0.15673529411764708,1,0,0,0
7547,5.0,5.0,0.0,32,0.15662352941176483,1,0,0,0
7548,5.0,5.0,0.0,37,0.15651176470588246,1,0,0,0
7549,5.0,5.0,0.0,30,0.15639999999999998,1,0,0,0
7550,5.0,5.0,0.0,35,0.15628823529411762,1,0,0,0
7551,5.0,5.0,0.0,32,0.15617647058823536,1,0,0,0
7552,4.0,4.0,0.0,28,0.156064705882353,0,1,0,0
7553,5.0,5.0,0.0,39,0.15595294117647063,1,0,0,0
7554,5.0,5.0,0.0,32,0.15584117647058826,1,0,0,0
7555,5.0,5.0,0.0,28,0.155729411764706,1,0,0,0
7556,5.0,5.0,0.0,35,0.15561764705882364,1,0,0,0
7557,5.0,5.0,0.0,38,0.15550588235294127,1,0,0,0
7558,5.0,5.0,0.0,28,0.1553941176470588,1,0,0,0
7559,5.0,5.0,0.0,30,0.15528235294117643,1,0,0,0
7560,5.0,5.0,0.0,31,0.15517058823529417,1,0,0,0
7561,5.0,5.0,0.0,37,0.1550588235294118,1,0,0,0
7562,5.0,5.0,0.0,32,0.15494705882352944,1,0,0,0
7563,5.0,5.0,0.0,29,0.15483529411764707,1,0,0,0
7564,5.0,5.0,0.0,36,0.15472352941176482,1,0,0,0
7565,4.0,4.0,0.0,29,0.15461176470588245,0,1,0,0
7566,5.0,5.0,0.0,31,0.15450000000000008,1,0,0,0
7567,5.0,5.0,0.0,36,0.1543882352941176,1,0,0,0
7568,5.0,5.0,0.0,34,0.15427647058823535,1,0,0,0
7569,5.0,5.0,0.0,35,0.15416470588235298,1,0,0,0
7570,5.0,5.0,0.0,32,0.15405294117647061,1,0,0,0
7571,5.0,5.0,0.0,30,0.15394117647058825,1,0,0,0
7572,5.0,5.0,0.0,34,0.153829411764706,1,0,0,0
7573,5.0,5.0,0.0,39,0.15371764705882363,1,0,0,0
7574,5.0,5.0,0.0,36,0.15360588235294126,1,0,0,0
7575,5.0,5.0,0.0,31,0.1534941176470589,1,0,0,0
7576,5.0,5.0,0.0,38,0.15338235294117641,1,0,0,0
7577,5.0,5.0,0.0,35,0.15327058823529416,1,0,0,0
7578,5.0,5.0,0.0,29,0.1531588235294118,1,0,0,0
7579,5.0,5.0,0.0,31,0.15304705882352942,1,0,0,0
7580,5.0,5.0,0.0,30,0.15293529411764706,1,0,0,0
7581,4.0,4.0,0.0,25,0.1528235294117648,0,1,0,0
7582,5.0,5.0,0.0,34,0.15271176470588244,1,0,0,0
7583,5.0,5.0,0.0,36,0.15260000000000007,1,0,0,0
7584,5.0,5.0,0.0,33,0.1524882352941177,1,0,0,0
7585,5.0,5.0,0.0,32,0.15237647058823534,1,0,0,0
7586,5.0,5.0,0.0,30,0.15226470588235297,1,0,0,0
7587,5.0,5.0,0.0,40,0.1521529411764706,1,0,0,0
7588,5.0,5.0,0.0,32,0.15204117647058824,1,0,0,0
7589,2.0,2.0,0.0,22,0.15192941176470598,0,1,0,0
7590,4.0,4.0,0.0,30,0.1518176470588236,0,1,0,0
7591,5.0,5.0,0.0,37,0.15170588235294125,1,0,0,0
7592,5.0,5.0,0.0,30,0.15159411764705888,1,0,0,0
7593,5.0,5.0,0.0,30,0.1514823529411765,1,0,0,0
7594,5.0,5.0,0.0,32,0.15137058823529415,1,0,0,0
7595,5.0,5.0,0.0,31,0.15125882352941178,1,0,0,0
7596,5.0,5.0,0.0,31,0.1511470588235294,1,0,0,0
7597,5.0,5.0,0.0,33,0.15103529411764705,1,0,0,0
7598,5.0,5.0,0.0,32,0.1509235294117648,1,0,0,0
7599,5.0,5.0,0.0,31,0.15081176470588242,1,0,0,0
7600,5.0,5.0,0.0,34,0.15070000000000006,1,0,0,0
7601,4.0,4.0,0.0,26,0.1505882352941177,0,1,0,0
7602,5.0,5.0,0.0,31,0.15047647058823532,1,0,0,0
7603,5.0,5.0,0.0,28,0.15036470588235296,1,0,0,0
7604,2.0,2.0,0.0,28,0.1502529411764706,0,1,0,0
7605,5.0,5.0,0.0,29,0.15014117647058822,1,0,0,0
7606,5.0,5.0,0.0,33,0.15002941176470597,1,0,0,0
7607,5.0,5.0,0.0,28,0.1499176470588236,1,0,0,0
7608,5.0,5.0,0.0,37,0.14980588235294123,1,0,0,0
7609,5.0,5.0,0.0,38,0.14969411764705887,1,0,0,0
7610,4.0,4.0,0.0,24,0.1495823529411766,0,1,0,0
7611,5.0,5.0,0.0,32,0.14947058823529413,1,0,0,0
7612,5.0,5.0,0.0,30,0.14935882352941177,1,0,0,0
7613,5.0,5.0,0.0,38,0.1492470588235294,1,0,0,0
7614,5.0,5.0,0.0,29,0.14913529411764703,1,0,0,0
7615,4.0,4.0,0.0,31,0.14902352941176478,0,1,0,0
7616,5.0,5.0,0.0,31,0.1489117647058824,1,0,0,0
7617,5.0,5.0,0.0,33,0.14880000000000004,1,0,0,0
7618,5.0,5.0,0.0,32,0.14868823529411768,1,0,0,0
7619,5.0,5.0,0.0,32,0.14857647058823542,1,0,0,0
7620,5.0,5.0,0.0,36,0.14846470588235294,1,0,0,0
7621,4.0,4.0,0.0,22,0.14835294117647058,0,1,0,0
7622,5.0,5.0,0.0,34,0.1482411764705882,1,0,0,0
7623,5.0,5.0,0.0,34,0.14812941176470595,1,0,0,0
7624,5.0,5.0,0.0,31,0.1480176470588236,1,0,0,0
7625,5.0,5.0,0.0,38,0.14790588235294122,1,0,0,0
7626,5.0,5.0,0.0,31,0.14779411764705885,1,0,0,0
7627,5.0,5.0,0.0,30,0.1476823529411766,1,0,0,0
7628,5.0,5.0,0.0,34,0.14757058823529423,1,0,0,0
7629,5.0,5.0,0.0,35,0.14745882352941175,1,0,0,0
7630,5.0,5.0,0.0,36,0.1473470588235294,1,0,0,0
7631,5.0,5.0,0.0,32,0.14723529411764702,1,0,0,0
7632,5.0,5.0,0.0,28,0.14712352941176476,1,0,0,0
7633,5.0,5.0,0.0,33,0.1470117647058824,1,0,0,0
7634,5.0,5.0,0.0,35,0.14690000000000003,1,0,0,0
7635,5.0,5.0,0.0,35,0.14678823529411766,1,0,0,0
7636,5.0,5.0,0.0,39,0.1466764705882354,1,0,0,0
7637,4.0,4.0,0.0,29,0.14656470588235304,0,1,0,0
7638,5.0,5.0,0.0,32,0.14645294117647056,1,0,0,0
7639,5.0,5.0,0.0,36,0.1463411764705882,1,0,0,0
7640,5.0,5.0,0.0,37,0.14622941176470594,1,0,0,0
7641,5.0,5.0,0.0,28,0.14611764705882357,1,0,0,0
7642,2.0,2.0,0.0,23,0.1460058823529412,0,1,0,0
7643,5.0,5.0,0.0,34,0.14589411764705884,1,0,0,0
7644,5.0,5.0,0.0,33,0.14578235294117659,1,0,0,0
7645,5.0,5.0,0.0,37,0.14567058823529422,1,0,0,0
7646,5.0,5.0,0.0,32,0.14555882352941185,1,0,0,0
7647,5.0,5.0,0.0,34,0.14544705882352937,1,0,0,0
7648,4.0,4.0,0.0,28,0.145335294117647,0,1,0,0
7649,4.0,4.0,0.0,33,0.14522352941176475,0,1,0,0
7650,5.0,5.0,0.0,36,0.14511176470588238,1,0,0,0
7651,5.0,5.0,0.0,32,0.14500000000000002,1,0,0,0
7652,5.0,5.0,0.0,31,0.14488823529411765,1,0,0,0
7653,5.0,5.0,0.0,35,0.1447764705882354,1,0,0,0
7654,5.0,5.0,0.0,34,0.14466470588235303,1,0,0,0
7655,5.0,5.0,0.0,34,0.14455294117647066,1,0,0,0
7656,5.0,5.0,0.0,36,0.14444117647058818,1,0,0,0
7657,4.0,4.0,0.0,24,0.14432941176470593,0,1,0,0
7658,5.0,5.0,0.0,32,0.14421764705882356,1,0,0,0
7659,5.0,5.0,0.0,39,0.1441058823529412,1,0,0,0
7660,4.0,4.0,0.0,32,0.14399411764705883,0,1,0,0
7661,5.0,5.0,0.0,39,0.14388235294117657,1,0,0,0
7662,5.0,5.0,0.0,30,0.1437705882352942,1,0,0,0
7663,5.0,5.0,0.0,31,0.14365882352941184,1,0,0,0
7664,5.0,5.0,0.0,35,0.14354705882352947,1,0,0,0
7665,5.0,5.0,0.0,36,0.1434352941176471,1,0,0,0
7666,5.0,5.0,0.0,37,0.14332352941176474,1,0,0,0
7667,5.0,5.0,0.0,30,0.14321176470588237,1,0,0,0
7668,5.0,5.0,0.0,30,0.1431,1,0,0,0
7669,5.0,5.0,0.0,32,0.14298823529411764,1,0,0,0
7670,5.0,5.0,0.0,33,0.14287647058823538,1,0,0,0
7671,5.0,5.0,0.0,33,0.14276470588235302,1,0,0,0
7672,5.0,5.0,0.0,32,0.14265294117647065,1,0,0,0
7673,5.0,5.0,0.0,29,0.14254117647058828,1,0,0,0
7674,5.0,5.0,0.0,34,0.14242941176470592,1,0,0,0
7675,5.0,5.0,0.0,33,0.14231764705882355,1,0,0,0
7676,5.0,5.0,0.0,31,0.14220588235294118,1,0,0,0
7677,5.0,5.0,0.0,33,0.14209411764705882,1,0,0,0
7678,5.0,5.0,0.0,33,0.14198235294117656,1,0,0,0
7679,5.0,5.0,0.0,34,0.1418705882352942,1,0,0,0
7680,5.0,5.0,0.0,34,0.14175882352941183,1,0,0,0
7681,4.0,4.0,0.0,33,0.14164705882352946,0,1,0,0
7682,5.0,5.0,0.0,36,0.1415352941176472,1,0,0,0
7683,5.0,5.0,0.0,33,0.14142352941176473,1,0,0,0
7684,4.0,4.0,0.0,24,0.14131176470588236,0,1,0,0
7685,4.0,4.0,0.0,28,0.1412,0,1,0,0
7686,4.0,4.0,0.0,28,0.14108823529411763,0,1,0,0
7687,5.0,5.0,0.0,29,0.14097647058823537,1,0,0,0
7688,5.0,5.0,0.0,29,0.140864705882353,1,0,0,0
7689,5.0,5.0,0.0,32,0.14075294117647064,1,0,0,0
7690,5.0,5.0,0.0,31,0.14064117647058827,1,0,0,0
7691,5.0,5.0,0.0,30,0.140529411764706,1,0,0,0
7692,4.0,4.0,0.0,22,0.14041764705882354,0,1,0,0
7693,5.0,5.0,0.0,34,0.14030588235294117,1,0,0,0
7694,5.0,5.0,0.0,38,0.1401941176470588,1,0,0,0
7695,5.0,5.0,0.0,28,0.14008235294117655,1,0,0,0
7696,5.0,5.0,0.0,37,0.13997058823529418,1,0,0,0
7697,5.0,5.0,0.0,30,0.1398588235294118,1,0,0,0
7698,5.0,5.0,0.0,35,0.13974705882352945,1,0,0,0
7699,4.0,4.0,0.0,40,0.1396352941176472,0,1,0,0
7700,5.0,5.0,0.0,37,0.13952352941176482,1,0,0,0
7701,4.0,4.0,0.0,24,0.13941176470588235,0,1,0,0
7702,5.0,5.0,0.0,36,0.13929999999999998,1,0,0,0
7703,5.0,5.0,0.0,34,0.1391882352941176,1,0,0,0
7704,5.0,5.0,0.0,36,0.13907647058823536,1,0,0,0
7705,5.0,5.0,0.0,36,0.138964705882353,1,0,0,0
7706,5.0,5.0,0.0,31,0.13885294117647062,1,0,0,0
7707,5.0,5.0,0.0,38,0.13874117647058826,1,0,0,0
7708,4.0,4.0,0.0,28,0.138629411764706,0,1,0,0
7709,5.0,5.0,0.0,31,0.13851764705882363,1,0,0,0
7710,5.0,5.0,0.0,34,0.13840588235294116,1,0,0,0
7711,5.0,5.0,0.0,29,0.1382941176470588,1,0,0,0
7712,5.0,5.0,0.0,33,0.13818235294117653,1,0,0,0
7713,5.0,5.0,0.0,36,0.13807058823529417,1,0,0,0
7714,5.0,5.0,0.0,30,0.1379588235294118,1,0,0,0
7715,4.0,4.0,0.0,26,0.13784705882352943,0,1,0,0
7716,5.0,5.0,0.0,32,0.13773529411764718,1,0,0,0
7717,5.0,5.0,0.0,33,0.1376235294117648,1,0,0,0
7718,5.0,5.0,0.0,31,0.13751176470588244,1,0,0,0
7719,5.0,5.0,0.0,32,0.13739999999999997,1,0,0,0
7720,5.0,5.0,0.0,36,0.1372882352941177,1,0,0,0
7721,5.0,5.0,0.0,34,0.13717647058823534,1,0,0,0
7722,4.0,4.0,0.0,24,0.13706470588235298,0,1,0,0
7723,5.0,5.0,0.0,28,0.1369529411764706,1,0,0,0
7724,5.0,5.0,0.0,28,0.13684117647058824,1,0,0,0
7725,5.0,5.0,0.0,32,0.136729411764706,1,0,0,0
7726,5.0,5.0,0.0,30,0.13661764705882362,1,0,0,0
7727,5.0,5.0,0.0,38,0.13650588235294125,1,0,0,0
7728,5.0,5.0,0.0,34,0.13639411764705878,1,0,0,0
7729,5.0,5.0,0.0,31,0.13628235294117652,1,0,0,0
7730,5.0,5.0,0.0,33,0.13617058823529415,1,0,0,0
7731,5.0,5.0,0.0,32,0.1360588235294118,1,0,0,0
7732,5.0,5.0,0.0,33,0.13594705882352942,1,0,0,0
7733,5.0,5.0,0.0,28,0.13583529411764717,1,0,0,0
7734,5.0,5.0,0.0,37,0.1357235294117648,1,0,0,0
7735,5.0,5.0,0.0,42,0.13561176470588243,1,0,0,0
7736,5.0,5.0,0.0,31,0.13550000000000006,1,0,0,0
7737,5.0,5.0,0.0,31,0.1353882352941177,1,0,0,0
7738,5.0,5.0,0.0,28,0.13527647058823533,1,0,0,0
7739,4.0,4.0,0.0,24,0.13516470588235296,0,1,0,0
7740,2.0,2.0,0.0,24,0.1350529411764706,0,1,0,0
7741,5.0,5.0,0.0,35,0.13494117647058823,1,0,0,0
7742,5.0,5.0,0.0,34,0.13482941176470598,1,0,0,0
7743,5.0,5.0,0.0,30,0.1347176470588236,1,0,0,0
7744,5.0,5.0,0.0,29,0.13460588235294124,1,0,0,0
7745,5.0,5.0,0.0,33,0.13449411764705888,1,0,0,0
7746,4.0,4.0,0.0,26,0.1343823529411765,0,1,0,0
7747,5.0,5.0,0.0,36,0.13427058823529414,1,0,0,0
7748,5.0,5.0,0.0,39,0.13415882352941177,1,0,0,0
7749,5.0,5.0,0.0,31,0.1340470588235294,1,0,0,0
7750,5.0,5.0,0.0,33,0.13393529411764715,1,0,0,0
7751,5.0,5.0,0.0,30,0.13382352941176479,1,0,0,0
7752,5.0,5.0,0.0,31,0.13371176470588242,1,0,0,0
7753,5.0,5.0,0.0,32,0.13360000000000005,1,0,0,0
7754,5.0,5.0,0.0,30,0.13348823529411769,1,0,0,0
7755,5.0,5.0,0.0,35,0.13337647058823532,1,0,0,0
7756,5.0,5.0,0.0,30,0.13326470588235295,1,0,0,0
7757,5.0,5.0,0.0,28,0.13315294117647059,1,0,0,0
7758,5.0,5.0,0.0,30,0.13304117647058822,1,0,0,0
7759,5.0,5.0,0.0,37,0.13292941176470596,1,0,0,0
7760,2.0,2.0,0.0,24,0.1328176470588236,0,1,0,0
7761,5.0,5.0,0.0,33,0.13270588235294123,1,0,0,0
7762,5.0,5.0,0.0,35,0.13259411764705886,1,0,0,0
7763,5.0,5.0,0.0,30,0.1324823529411765,1,0,0,0
7764,5.0,5.0,0.0,29,0.13237058823529413,1,0,0,0
7765,4.0,4.0,0.0,24,0.13225882352941176,0,1,0,0
7766,5.0,5.0,0.0,28,0.1321470588235294,1,0,0,0
7767,5.0,5.0,0.0,43,0.13203529411764714,1,0,0,0
7768,2.0,2.0,0.0,24,0.13192352941176477,0,1,0,0
7769,5.0,5.0,0.0,28,0.1318117647058824,1,0,0,0
7770,5.0,5.0,0.0,35,0.13170000000000004,1,0,0,0
7771,5.0,5.0,0.0,29,0.13158823529411778,1,0,0,0
7772,5.0,5.0,0.0,38,0.1314764705882353,1,0,0,0
7773,5.0,5.0,0.0,36,0.13136470588235294,1,0,0,0
7774,5.0,5.0,0.0,28,0.13125294117647057,1,0,0,0
7775,5.0,5.0,0.0,28,0.1311411764705882,1,0,0,0
7776,5.0,5.0,0.0,30,0.13102941176470595,1,0,0,0
7777,4.0,4.0,0.0,22,0.13091764705882358,0,1,0,0
7778,5.0,5.0,0.0,31,0.13080588235294122,1,0,0,0
7779,5.0,5.0,0.0,35,0.13069411764705885,1,0,0,0
7780,5.0,5.0,0.0,30,0.1305823529411766,1,0,0,0
7781,4.0,4.0,0.0,30,0.13047058823529412,0,1,0,0
7782,5.0,5.0,0.0,35,0.13035882352941175,1,0,0,0
7783,5.0,5.0,0.0,30,0.13024705882352938,1,0,0,0
7784,5.0,5.0,0.0,39,0.13013529411764713,1,0,0,0
7785,5.0,5.0,0.0,33,0.13002352941176476,1,0,0,0
7786,5.0,5.0,0.0,33,0.1299117647058824,1,0,0,0
7787,5.0,5.0,0.0,34,0.12980000000000003,1,0,0,0
7788,5.0,5.0,0.0,38,0.12968823529411777,1,0,0,0
7789,5.0,5.0,0.0,33,0.1295764705882354,1,0,0,0
7790,5.0,5.0,0.0,30,0.12946470588235293,1,0,0,0
7791,5.0,5.0,0.0,34,0.12935294117647056,1,0,0,0
7792,4.0,4.0,0.0,26,0.1292411764705883,0,1,0,0
7793,5.0,5.0,0.0,32,0.12912941176470594,1,0,0,0
7794,5.0,5.0,0.0,35,0.12901764705882357,1,0,0,0
7795,5.0,5.0,0.0,30,0.1289058823529412,1,0,0,0
7796,5.0,5.0,0.0,29,0.12879411764705884,1,0,0,0
7797,5.0,5.0,0.0,30,0.12868235294117658,1,0,0,0
7798,5.0,5.0,0.0,36,0.12857058823529421,1,0,0,0
7799,5.0,5.0,0.0,35,0.12845882352941174,1,0,0,0
7800,5.0,5.0,0.0,28,0.12834705882352937,1,0,0,0
7801,5.0,5.0,0.0,34,0.12823529411764711,1,0,0,0
7802,5.0,5.0,0.0,34,0.12812352941176475,1,0,0,0
7803,4.0,4.0,0.0,26,0.12801176470588238,0,1,0,0
7804,5.0,5.0,0.0,37,0.1279,1,0,0,0
7805,4.0,4.0,0.0,22,0.12778823529411776,0,1,0,0
7806,5.0,5.0,0.0,29,0.1276764705882354,1,0,0,0
7807,5.0,5.0,0.0,32,0.12756470588235302,1,0,0,0
7808,5.0,5.0,0.0,30,0.12745294117647055,1,0,0,0
7809,5.0,5.0,0.0,31,0.1273411764705883,1,0,0,0
7810,5.0,5.0,0.0,30,0.12722941176470592,1,0,0,0
7811,5.0,5.0,0.0,32,0.12711764705882356,1,0,0,0
7812,5.0,5.0,0.0,34,0.1270058823529412,1,0,0,0
7813,5.0,5.0,0.0,32,0.12689411764705882,1,0,0,0
7814,5.0,5.0,0.0,31,0.12678235294117657,1,0,0,0
7815,5.0,5.0,0.0,30,0.1266705882352942,1,0,0,0
7816,5.0,5.0,0.0,33,0.12655882352941183,1,0,0,0
7817,5.0,5.0,0.0,30,0.12644705882352936,1,0,0,0
7818,5.0,5.0,0.0,30,0.1263352941176471,1,0,0,0
7819,5.0,5.0,0.0,30,0.12622352941176473,1,0,0,0
7820,5.0,5.0,0.0,34,0.12611176470588237,1,0,0,0
7821,5.0,5.0,0.0,30,0.126,1,0,0,0
7822,4.0,4.0,0.0,25,0.12588823529411775,0,1,0,0
7823,5.0,5.0,0.0,34,0.12577647058823538,1,0,0,0
7824,5.0,5.0,0.0,34,0.125664705882353,1,0,0,0
7825,5.0,5.0,0.0,32,0.12555294117647064,1,0,0,0
7826,5.0,5.0,0.0,28,0.12544117647058828,1,0,0,0
7827,5.0,5.0,0.0,35,0.1253294117647059,1,0,0,0
7828,5.0,5.0,0.0,33,0.12521764705882354,1,0,0,0
7829,5.0,5.0,0.0,32,0.12510588235294118,1,0,0,0
7830,5.0,5.0,0.0,33,0.12499411764705881,1,0,0,0
7831,5.0,5.0,0.0,30,0.12488235294117656,1,0,0,0
7832,5.0,5.0,0.0,31,0.12477058823529419,1,0,0,0
7833,5.0,5.0,0.0,39,0.12465882352941182,1,0,0,0
7834,5.0,5.0,0.0,30,0.12454705882352946,1,0,0,0
7835,5.0,5.0,0.0,28,0.12443529411764709,1,0,0,0
7836,5.0,5.0,0.0,32,0.12432352941176472,1,0,0,0
7837,5.0,5.0,0.0,35,0.12421176470588235,1,0,0,0
7838,5.0,5.0,0.0,30,0.12409999999999999,1,0,0,0
7839,5.0,5.0,0.0,32,0.12398823529411773,1,0,0,0
7840,5.0,5.0,0.0,33,0.12387647058823537,1,0,0,0
7841,5.0,5.0,0.0,32,0.123764705882353,1,0,0,0
7842,5.0,5.0,0.0,29,0.12365294117647063,1,0,0,0
7843,5.0,5.0,0.0,32,0.12354117647058838,1,0,0,0
7844,4.0,4.0,0.0,32,0.1234294117647059,0,1,0,0
7845,5.0,5.0,0.0,28,0.12331764705882353,1,0,0,0
7846,5.0,5.0,0.0,32,0.12320588235294117,1,0,0,0
7847,5.0,5.0,0.0,33,0.12309411764705891,1,0,0,0
7848,5.0,5.0,0.0,36,0.12298235294117654,1,0,0,0
7849,5.0,5.0,0.0,29,0.12287058823529418,1,0,0,0
7850,5.0,5.0,0.0,28,0.12275882352941181,1,0,0,0
7851,5.0,5.0,0.0,34,0.12264705882352944,1,0,0,0
7852,5.0,5.0,0.0,29,0.12253529411764719,1,0,0,0
7853,5.0,5.0,0.0,29,0.12242352941176471,1,0,0,0
7854,5.0,5.0,0.0,32,0.12231176470588234,1,0,0,0
7855,5.0,5.0,0.0,34,0.12219999999999998,1,0,0,0
7856,5.0,5.0,0.0,28,0.12208823529411772,1,0,0,0
7857,5.0,5.0,0.0,28,0.12197647058823535,1,0,0,0
7858,5.0,5.0,0.0,36,0.12186470588235299,1,0,0,0
7859,5.0,5.0,0.0,33,0.12175294117647062,1,0,0,0
7860,5.0,5.0,0.0,28,0.12164117647058836,1,0,0,0
7861,5.0,5.0,0.0,28,0.121529411764706,1,0,0,0
7862,5.0,5.0,0.0,28,0.12141764705882352,1,0,0,0
7863,5.0,5.0,0.0,28,0.12130588235294115,1,0,0,0
7864,5.0,5.0,0.0,31,0.1211941176470589,1,0,0,0
7865,5.0,5.0,0.0,28,0.12108235294117653,1,0,0,0
7866,5.0,5.0,0.0,32,0.12097058823529416,1,0,0,0
7867,5.0,5.0,0.0,32,0.1208588235294118,1,0,0,0
7868,5.0,5.0,0.0,31,0.12074705882352943,1,0,0,0
7869,5.0,5.0,0.0,45,0.12063529411764717,1,0,0,0
7870,5.0,5.0,0.0,30,0.12052352941176481,1,0,0,0
7871,5.0,5.0,0.0,31,0.12041176470588233,1,0,0,0
7872,5.0,5.0,0.0,29,0.12029999999999996,1,0,0,0
7873,5.0,5.0,0.0,29,0.1201882352941177,1,0,0,0
7874,5.0,5.0,0.0,31,0.12007647058823534,1,0,0,0
7875,4.0,4.0,0.0,37,0.11996470588235297,0,1,0,0
7876,2.0,2.0,0.0,21,0.1198529411764706,0,1,0,0
7877,5.0,5.0,0.0,33,0.11974117647058835,1,0,0,0
7878,5.0,5.0,0.0,35,0.11962941176470598,1,0,0,0
7879,5.0,5.0,0.0,29,0.11951764705882362,1,0,0,0
7880,5.0,5.0,0.0,39,0.11940588235294114,1,0,0,0
7881,5.0,5.0,0.0,34,0.11929411764705888,1,0,0,0
7882,5.0,5.0,0.0,30,0.11918235294117652,1,0,0,0
7883,5.0,5.0,0.0,32,0.11907058823529415,1,0,0,0
7884,5.0,5.0,0.0,32,0.11895882352941178,1,0,0,0
7885,5.0,5.0,0.0,33,0.11884705882352942,1,0,0,0
7886,5.0,5.0,0.0,36,0.11873529411764716,1,0,0,0
7887,5.0,5.0,0.0,29,0.1186235294117648,1,0,0,0
7888,5.0,5.0,0.0,31,0.11851176470588243,1,0,0,0
7889,5.0,5.0,0.0,28,0.11839999999999995,1,0,0,0
7890,5.0,5.0,0.0,34,0.1182882352941177,1,0,0,0
7891,5.0,5.0,0.0,32,0.11817647058823533,1,0,0,0
7892,5.0,5.0,0.0,30,0.11806470588235296,1,0,0,0
7893,5.0,5.0,0.0,32,0.1179529411764706,1,0,0,0
7894,5.0,5.0,0.0,28,0.11784117647058834,1,0,0,0
7895,5.0,5.0,0.0,32,0.11772941176470597,1,0,0,0
7896,5.0,5.0,0.0,29,0.1176176470588236,1,0,0,0
7897,5.0,5.0,0.0,30,0.11750588235294124,1,0,0,0
7898,5.0,5.0,0.0,31,0.11739411764705887,1,0,0,0
7899,5.0,5.0,0.0,30,0.1172823529411765,1,0,0,0
7900,5.0,5.0,0.0,31,0.11717058823529414,1,0,0,0
7901,5.0,5.0,0.0,28,0.11705882352941177,1,0,0,0
7902,5.0,5.0,0.0,30,0.1169470588235294,1,0,0,0
7903,4.0,4.0,0.0,26,0.11683529411764715,0,1,0,0
7904,5.0,5.0,0.0,38,0.11672352941176478,1,0,0,0
7905,4.0,4.0,0.0,26,0.11661176470588241,0,1,0,0
7906,5.0,5.0,0.0,28,0.11650000000000005,1,0,0,0
7907,5.0,5.0,0.0,31,0.11638823529411768,1,0,0,0
7908,5.0,5.0,0.0,30,0.11627647058823531,1,0,0,0
7909,5.0,5.0,0.0,29,0.11616470588235295,1,0,0,0
7910,5.0,5.0,0.0,29,0.11605294117647058,1,0,0,0
7911,2.0,2.0,0.0,30,0.11594117647058833,0,1,0,0
7912,5.0,5.0,0.0,32,0.11582941176470596,1,0,0,0
7913,5.0,5.0,0.0,34,0.11571764705882359,1,0,0,0
7914,5.0,5.0,0.0,30,0.11560588235294122,1,0,0,0
7915,5.0,5.0,0.0,30,0.11549411764705886,1,0,0,0
7916,5.0,5.0,0.0,31,0.11538235294117649,1,0,0,0
7917,5.0,5.0,0.0,32,0.11527058823529412,1,0,0,0
7918,5.0,5.0,0.0,32,0.11515882352941176,1,0,0,0
7919,5.0,5.0,0.0,28,0.1150470588235295,1,0,0,0
7920,5.0,5.0,0.0,28,0.11493529411764714,1,0,0,0
7921,5.0,5.0,0.0,32,0.11482352941176477,1,0,0,0
7922,5.0,5.0,0.0,30,0.1147117647058824,1,0,0,0
7923,5.0,5.0,0.0,34,0.11460000000000004,1,0,0,0
7924,4.0,4.0,0.0,26,0.11448823529411767,0,1,0,0
7925,5.0,5.0,0.0,28,0.1143764705882353,1,0,0,0
7926,5.0,5.0,0.0,30,0.11426470588235293,1,0,0,0
7927,5.0,5.0,0.0,34,0.11415294117647057,1,0,0,0
7928,5.0,5.0,0.0,30,0.11404117647058831,1,0,0,0
7929,5.0,5.0,0.0,30,0.11392941176470595,1,0,0,0
7930,5.0,5.0,0.0,39,0.11381764705882358,1,0,0,0
7931,4.0,4.0,0.0,26,0.11370588235294121,0,1,0,0
7932,5.0,5.0,0.0,33,0.11359411764705896,1,0,0,0
7933,5.0,5.0,0.0,30,0.11348235294117648,1,0,0,0
7934,4.0,4.0,0.0,29,0.11337058823529411,0,1,0,0
7935,5.0,5.0,0.0,28,0.11325882352941175,1,0,0,0
7936,5.0,5.0,0.0,30,0.11314705882352949,1,0,0,0
7937,5.0,5.0,0.0,30,0.11303529411764712,1,0,0,0
7938,5.0,5.0,0.0,30,0.11292352941176476,1,0,0,0
7939,4.0,4.0,0.0,22,0.11281176470588239,0,1,0,0
7940,5.0,5.0,0.0,34,0.11270000000000002,1,0,0,0
7941,5.0,5.0,0.0,32,0.11258823529411777,1,0,0,0
7942,5.0,5.0,0.0,28,0.11247647058823529,1,0,0,0
7943,4.0,4.0,0.0,29,0.11236470588235292,0,1,0,0
7944,5.0,5.0,0.0,42,0.11225294117647056,1,0,0,0
7945,5.0,5.0,0.0,31,0.1121411764705883,1,0,0,0
7946,5.0,5.0,0.0,32,0.11202941176470593,1,0,0,0
7947,5.0,5.0,0.0,30,0.11191764705882357,1,0,0,0
7948,5.0,5.0,0.0,32,0.1118058823529412,1,0,0,0
7949,5.0,5.0,0.0,37,0.11169411764705894,1,0,0,0
7950,5.0,5.0,0.0,33,0.11158235294117658,1,0,0,0
7951,5.0,5.0,0.0,35,0.1114705882352941,1,0,0,0
7952,5.0,5.0,0.0,35,0.11135882352941173,1,0,0,0
7953,5.0,5.0,0.0,31,0.11124705882352948,1,0,0,0
7954,5.0,5.0,0.0,29,0.11113529411764711,1,0,0,0
7955,5.0,5.0,0.0,30,0.11102352941176474,1,0,0,0
7956,5.0,5.0,0.0,29,0.11091176470588238,1,0,0,0
7957,4.0,4.0,0.0,32,0.11080000000000001,0,1,0,0
7958,5.0,5.0,0.0,30,0.11068823529411775,1,0,0,0
7959,4.0,4.0,0.0,32,0.11057647058823539,0,1,0,0
7960,5.0,5.0,0.0,28,0.11046470588235291,1,0,0,0
7961,5.0,5.0,0.0,34,0.11035294117647054,1,0,0,0
7962,5.0,5.0,0.0,28,0.11024117647058829,1,0,0,0
7963,5.0,5.0,0.0,28,0.11012941176470592,1,0,0,0
7964,5.0,5.0,0.0,30,0.11001764705882355,1,0,0,0
7965,5.0,5.0,0.0,32,0.10990588235294119,1,0,0,0
7966,5.0,5.0,0.0,30,0.10979411764705893,1,0,0,0
7967,5.0,5.0,0.0,30,0.10968235294117656,1,0,0,0
7968,5.0,5.0,0.0,32,0.1095705882352942,1,0,0,0
7969,5.0,5.0,0.0,35,0.10945882352941172,1,0,0,0
7970,5.0,5.0,0.0,28,0.10934705882352946,1,0,0,0
7971,5.0,5.0,0.0,28,0.1092352941176471,1,0,0,0
7972,5.0,5.0,0.0,31,0.10912352941176473,1,0,0,0
7973,5.0,5.0,0.0,29,0.10901176470588236,1,0,0,0
7974,5.0,5.0,0.0,32,0.10890000000000011,1,0,0,0
7975,5.0,5.0,0.0,34,0.10878823529411774,1,0,0,0
7976,5.0,5.0,0.0,32,0.10867647058823537,1,0,0,0
7977,5.0,5.0,0.0,34,0.10856470588235301,1,0,0,0
7978,5.0,5.0,0.0,28,0.10845294117647053,1,0,0,0
7979,5.0,5.0,0.0,32,0.10834117647058827,1,0,0,0
7980,5.0,5.0,0.0,28,0.10822941176470591,1,0,0,0
7981,5.0,5.0,0.0,34,0.10811764705882354,1,0,0,0
7982,5.0,5.0,0.0,30,0.10800588235294117,1,0,0,0
7983,4.0,4.0,0.0,26,0.10789411764705892,0,1,0,0
7984,5.0,5.0,0.0,30,0.10778235294117655,1,0,0,0
7985,5.0,5.0,0.0,33,0.10767058823529418,1,0,0,0
7986,5.0,5.0,0.0,35,0.10755882352941182,1,0,0,0
7987,4.0,4.0,0.0,27,0.10744705882352945,0,1,0,0
7988,5.0,5.0,0.0,31,0.10733529411764708,1,0,0,0
7989,5.0,5.0,0.0,28,0.10722352941176472,1,0,0,0
7990,5.0,5.0,0.0,30,0.10711176470588235,1,0,0,0
7991,5.0,5.0,0.0,37,0.1070000000000001,1,0,0,0
7992,5.0,5.0,0.0,28,0.10688823529411773,1,0,0,0
7993,5.0,5.0,0.0,33,0.10677647058823536,1,0,0,0
7994,5.0,5.0,0.0,30,0.106664705882353,1,0,0,0
7995,2.0,2.0,0.0,26,0.10655294117647063,0,1,0,0
7996,5.0,5.0,0.0,28,0.10644117647058826,1,0,0,0
7997,5.0,5.0,0.0,28,0.1063294117647059,1,0,0,0
7998,5.0,5.0,0.0,30,0.10621764705882353,1,0,0,0
7999,5.0,5.0,0.0,32,0.10610588235294116,1,0,0,0
8000,5.0,5.0,0.0,29,0.1059941176470589,1,0,0,0
8001,5.0,5.0,0.0,32,0.10588235294117654,1,0,0,0
8002,5.0,5.0,0.0,34,0.10577058823529417,1,0,0,0
8003,5.0,5.0,0.0,30,0.1056588235294118,1,0,0,0
8004,5.0,5.0,0.0,30,0.10554705882352955,1,0,0,0
8005,5.0,5.0,0.0,30,0.10543529411764707,1,0,0,0
8006,4.0,4.0,0.0,27,0.1053235294117647,0,1,0,0
8007,5.0,5.0,0.0,32,0.10521176470588234,1,0,0,0
8008,5.0,5.0,0.0,28,0.10510000000000008,1,0,0,0
8009,5.0,5.0,0.0,32,0.10498823529411772,1,0,0,0
8010,5.0,5.0,0.0,30,0.10487647058823535,1,0,0,0
8011,5.0,5.0,0.0,32,0.10476470588235298,1,0,0,0
8012,5.0,5.0,0.0,32,0.10465294117647062,1,0,0,0
8013,5.0,5.0,0.0,36,0.10454117647058836,1,0,0,0
8014,5.0,5.0,0.0,30,0.10442941176470588,1,0,0,0
8015,4.0,4.0,0.0,30,0.10431764705882351,0,1,0,0
8016,5.0,5.0,0.0,28,0.10420588235294115,1,0,0,0
8017,5.0,5.0,0.0,29,0.10409411764705889,1,0,0,0
8018,5.0,5.0,0.0,28,0.10398235294117653,1,0,0,0
8019,5.0,5.0,0.0,32,0.10387058823529416,1,0,0,0
8020,5.0,5.0,0.0,28,0.10375882352941179,1,0,0,0
8021,4.0,4.0,0.0,24,0.10364705882352954,0,1,0,0
8022,5.0,5.0,0.0,29,0.10353529411764717,1,0,0,0
8023,5.0,5.0,0.0,33,0.10342352941176469,1,0,0,0
8024,5.0,5.0,0.0,28,0.10331176470588233,1,0,0,0
8025,5.0,5.0,0.0,33,0.10320000000000007,1,0,0,0
8026,5.0,5.0,0.0,30,0.1030882352941177,1,0,0,0
8027,5.0,5.0,0.0,28,0.10297647058823534,1,0,0,0
8028,5.0,5.0,0.0,31,0.10286470588235297,1,0,0,0
8029,5.0,5.0,0.0,29,0.1027529411764706,1,0,0,0
8030,5.0,5.0,0.0,32,0.10264117647058835,1,0,0,0
8031,5.0,5.0,0.0,36,0.10252941176470598,1,0,0,0
8032,5.0,5.0,0.0,30,0.1024176470588235,1,0,0,0
8033,5.0,5.0,0.0,30,0.10230588235294114,1,0,0,0
8034,5.0,5.0,0.0,32,0.10219411764705888,1,0,0,0
8035,5.0,5.0,0.0,30,0.10208235294117651,1,0,0,0
8036,5.0,5.0,0.0,37,0.10197058823529415,1,0,0,0
8037,5.0,5.0,0.0,35,0.10185882352941178,1,0,0,0
8038,5.0,5.0,0.0,30,0.10174705882352952,1,0,0,0
8039,5.0,5.0,0.0,36,0.10163529411764716,1,0,0,0
8040,5.0,5.0,0.0,31,0.10152352941176479,1,0,0,0
8041,5.0,5.0,0.0,36,0.10141176470588231,1,0,0,0
8042,5.0,5.0,0.0,32,0.10130000000000006,1,0,0,0
8043,4.0,4.0,0.0,28,0.10118823529411769,0,1,0,0
8044,5.0,5.0,0.0,29,0.10107647058823532,1,0,0,0
8045,5.0,5.0,0.0,28,0.10096470588235296,1,0,0,0
8046,5.0,5.0,0.0,29,0.1008529411764707,1,0,0,0
8047,5.0,5.0,0.0,30,0.10074117647058833,1,0,0,0
8048,5.0,5.0,0.0,28,0.10062941176470597,1,0,0,0
8049,5.0,5.0,0.0,29,0.1005176470588236,1,0,0,0
8050,5.0,5.0,0.0,32,0.10040588235294112,1,0,0,0
8051,5.0,5.0,0.0,29,0.10029411764705887,1,0,0,0
8052,5.0,5.0,0.0,30,0.1001823529411765,1,0,0,0
8053,5.0,5.0,0.0,29,0.10007058823529413,1,0,0,0
8054,5.0,5.0,0.0,28,0.09995882352941177,1,0,0,0
8055,5.0,5.0,0.0,32,0.09984705882352951,1,0,0,0
8056,5.0,5.0,0.0,32,0.09973529411764714,1,0,0,0
8057,5.0,5.0,0.0,30,0.09962352941176478,1,0,0,0
8058,5.0,5.0,0.0,39,0.09951176470588241,1,0,0,0
8059,5.0,5.0,0.0,28,0.09940000000000004,1,0,0,0
8060,5.0,5.0,0.0,29,0.09928823529411768,1,0,0,0
8061,5.0,5.0,0.0,30,0.09917647058823531,1,0,0,0
8062,5.0,5.0,0.0,30,0.09906470588235294,1,0,0,0
8063,5.0,5.0,0.0,34,0.09895294117647069,1,0,0,0
8064,5.0,5.0,0.0,31,0.09884117647058832,1,0,0,0
8065,5.0,5.0,0.0,30,0.09872941176470595,1,0,0,0
8066,5.0,5.0,0.0,28,0.09861764705882359,1,0,0,0
8067,5.0,5.0,0.0,30,0.09850588235294122,1,0,0,0
8068,5.0,5.0,0.0,30,0.09839411764705885,1,0,0,0
8069,4.0,4.0,0.0,24,0.09828235294117649,0,1,0,0
8070,5.0,5.0,0.0,34,0.09817058823529412,1,0,0,0
8071,5.0,5.0,0.0,32,0.09805882352941175,1,0,0,0
8072,5.0,5.0,0.0,29,0.0979470588235295,1,0,0,0
8073,5.0,5.0,0.0,30,0.09783529411764713,1,0,0,0
8074,5.0,5.0,0.0,34,0.09772352941176476,1,0,0,0
8075,5.0,5.0,0.0,31,0.0976117647058824,1,0,0,0
8076,5.0,5.0,0.0,36,0.09750000000000003,1,0,0,0
8077,5.0,5.0,0.0,30,0.09738823529411766,1,0,0,0
8078,5.0,5.0,0.0,30,0.0972764705882353,1,0,0,0
8079,5.0,5.0,0.0,30,0.09716470588235293,1,0,0,0
8080,4.0,4.0,0.0,24,0.09705294117647068,0,1,0,0
8081,5.0,5.0,0.0,28,0.09694117647058831,1,0,0,0
8082,5.0,5.0,0.0,30,0.09682941176470594,1,0,0,0
8083,5.0,5.0,0.0,32,0.09671764705882357,1,0,0,0
8084,5.0,5.0,0.0,29,0.09660588235294121,1,0,0,0
8085,5.0,5.0,0.0,30,0.09649411764705884,1,0,0,0
8086,5.0,5.0,0.0,30,0.09638235294117647,1,0,0,0
8087,5.0,5.0,0.0,30,0.09627058823529411,1,0,0,0
8088,5.0,5.0,0.0,32,0.09615882352941174,1,0,0,0
8089,5.0,5.0,0.0,30,0.09604705882352949,1,0,0,0
8090,5.0,5.0,0.0,32,0.09593529411764712,1,0,0,0
8091,4.0,4.0,0.0,25,0.09582352941176475,0,1,0,0
8092,5.0,5.0,0.0,32,0.09571176470588239,1,0,0,0
8093,5.0,5.0,0.0,32,0.09560000000000013,1,0,0,0
8094,5.0,5.0,0.0,34,0.09548823529411765,1,0,0,0
8095,5.0,5.0,0.0,32,0.09537647058823528,1,0,0,0
8096,5.0,5.0,0.0,31,0.09526470588235292,1,0,0,0
8097,5.0,5.0,0.0,33,0.09515294117647066,1,0,0,0
8098,5.0,5.0,0.0,33,0.0950411764705883,1,0,0,0
8099,5.0,5.0,0.0,32,0.09492941176470593,1,0,0,0
8100,5.0,5.0,0.0,31,0.09481764705882356,1,0,0,0
8101,5.0,5.0,0.0,33,0.0947058823529413,1,0,0,0
8102,5.0,5.0,0.0,37,0.09459411764705894,1,0,0,0
8103,5.0,5.0,0.0,32,0.09448235294117646,1,0,0,0
8104,5.0,5.0,0.0,31,0.0943705882352941,1,0,0,0
8105,4.0,4.0,0.0,24,0.09425882352941173,0,1,0,0
8106,5.0,5.0,0.0,32,0.09414705882352947,1,0,0,0
8107,5.0,5.0,0.0,32,0.0940352941176471,1,0,0,0
8108,5.0,5.0,0.0,32,0.09392352941176474,1,0,0,0
8109,5.0,5.0,0.0,32,0.09381176470588237,1,0,0,0
8110,5.0,5.0,0.0,30,0.09370000000000012,1,0,0,0
8111,5.0,5.0,0.0,29,0.09358823529411775,1,0,0,0
8112,5.0,5.0,0.0,30,0.09347647058823527,1,0,0,0
8113,5.0,5.0,0.0,28,0.0933647058823529,1,0,0,0
8114,5.0,5.0,0.0,32,0.09325294117647065,1,0,0,0
8115,5.0,5.0,0.0,32,0.09314117647058828,1,0,0,0
8116,5.0,5.0,0.0,30,0.09302941176470592,1,0,0,0
8117,5.0,5.0,0.0,30,0.09291764705882355,1,0,0,0
8118,5.0,5.0,0.0,30,0.0928058823529413,1,0,0,0
8119,5.0,5.0,0.0,33,0.09269411764705893,1,0,0,0
8120,5.0,5.0,0.0,33,0.09258235294117656,1,0,0,0
8121,5.0,5.0,0.0,30,0.09247058823529408,1,0,0,0
8122,5.0,5.0,0.0,33,0.09235882352941172,1,0,0,0
8123,5.0,5.0,0.0,34,0.09224705882352946,1,0,0,0
8124,5.0,5.0,0.0,28,0.09213529411764709,1,0,0,0
8125,5.0,5.0,0.0,29,0.09202352941176473,1,0,0,0
8126,5.0,5.0,0.0,30,0.09191176470588236,1,0,0,0
8127,5.0,5.0,0.0,28,0.0918000000000001,1,0,0,0
8128,5.0,5.0,0.0,32,0.09168823529411774,1,0,0,0
8129,4.0,4.0,0.0,23,0.09157647058823537,0,1,0,0
8130,5.0,5.0,0.0,33,0.09146470588235289,1,0,0,0
8131,5.0,5.0,0.0,28,0.09135294117647064,1,0,0,0
8132,4.0,4.0,0.0,26,0.09124117647058827,0,1,0,0
8133,5.0,5.0,0.0,34,0.0911294117647059,1,0,0,0
8134,5.0,5.0,0.0,29,0.09101764705882354,1,0,0,0
8135,5.0,5.0,0.0,33,0.09090588235294128,1,0,0,0
8136,4.0,4.0,0.0,24,0.09079411764705891,0,1,0,0
8137,5.0,5.0,0.0,30,0.09068235294117655,1,0,0,0
8138,5.0,5.0,0.0,32,0.09057058823529418,1,0,0,0
8139,5.0,5.0,0.0,28,0.0904588235294117,1,0,0,0
8140,5.0,5.0,0.0,29,0.09034705882352945,1,0,0,0
8141,5.0,5.0,0.0,30,0.09023529411764708,1,0,0,0
8142,5.0,5.0,0.0,28,0.09012352941176471,1,0,0,0
8143,5.0,5.0,0.0,32,0.09001176470588235,1,0,0,0
8144,5.0,5.0,0.0,28,0.08990000000000009,1,0,0,0
8145,5.0,5.0,0.0,30,0.08978823529411772,1,0,0,0
8146,5.0,5.0,0.0,35,0.08967647058823536,1,0,0,0
8147,5.0,5.0,0.0,30,0.08956470588235299,1,0,0,0
8148,5.0,5.0,0.0,30,0.08945294117647062,1,0,0,0
8149,5.0,5.0,0.0,31,0.08934117647058826,1,0,0,0
8150,5.0,5.0,0.0,36,0.08922941176470589,1,0,0,0
8151,5.0,5.0,0.0,29,0.08911764705882352,1,0,0,0
8152,5.0,5.0,0.0,30,0.08900588235294127,1,0,0,0
8153,5.0,5.0,0.0,30,0.0888941176470589,1,0,0,0
8154,5.0,5.0,0.0,35,0.08878235294117653,1,0,0,0
8155,5.0,5.0,0.0,33,0.08867058823529417,1,0,0,0
8156,5.0,5.0,0.0,29,0.0885588235294118,1,0,0,0
8157,5.0,5.0,0.0,34,0.08844705882352943,1,0,0,0
8158,5.0,5.0,0.0,31,0.08833529411764707,1,0,0,0
8159,5.0,5.0,0.0,30,0.0882235294117647,1,0,0,0
8160,5.0,5.0,0.0,32,0.08811176470588233,1,0,0,0
8161,5.0,5.0,0.0,30,0.08800000000000008,1,0,0,0
8162,5.0,5.0,0.0,29,0.08788823529411771,1,0,0,0
8163,5.0,5.0,0.0,39,0.08777647058823534,1,0,0,0
8164,5.0,5.0,0.0,31,0.08766470588235298,1,0,0,0
8165,5.0,5.0,0.0,31,0.08755294117647072,1,0,0,0
8166,5.0,5.0,0.0,30,0.08744117647058824,1,0,0,0
8167,5.0,5.0,0.0,28,0.08732941176470588,1,0,0,0
8168,5.0,5.0,0.0,30,0.08721764705882351,1,0,0,0
8169,5.0,5.0,0.0,32,0.08710588235294126,1,0,0,0
8170,4.0,4.0,0.0,26,0.08699411764705889,0,1,0,0
8171,5.0,5.0,0.0,30,0.08688235294117652,1,0,0,0
8172,5.0,5.0,0.0,33,0.08677058823529415,1,0,0,0
8173,5.0,5.0,0.0,28,0.0866588235294119,1,0,0,0
8174,5.0,5.0,0.0,28,0.08654705882352953,1,0,0,0
8175,5.0,5.0,0.0,36,0.08643529411764705,1,0,0,0
8176,5.0,5.0,0.0,34,0.08632352941176469,1,0,0,0
8177,5.0,5.0,0.0,30,0.08621176470588232,1,0,0,0
8178,4.0,4.0,0.0,24,0.08610000000000007,0,1,0,0
8179,5.0,5.0,0.0,28,0.0859882352941177,1,0,0,0
8180,5.0,5.0,0.0,30,0.08587647058823533,1,0,0,0
8181,5.0,5.0,0.0,30,0.08576470588235297,1,0,0,0
8182,5.0,5.0,0.0,30,0.08565294117647071,1,0,0,0
8183,5.0,5.0,0.0,31,0.08554117647058834,1,0,0,0
8184,5.0,5.0,0.0,33,0.08542941176470586,1,0,0,0
8185,5.0,5.0,0.0,31,0.0853176470588235,1,0,0,0
8186,5.0,5.0,0.0,28,0.08520588235294124,1,0,0,0
8187,5.0,5.0,0.0,28,0.08509411764705888,1,0,0,0
8188,5.0,5.0,0.0,32,0.08498235294117651,1,0,0,0
8189,5.0,5.0,0.0,39,0.08487058823529414,1,0,0,0
8190,5.0,5.0,0.0,31,0.08475882352941189,1,0,0,0
8191,5.0,5.0,0.0,32,0.08464705882352952,1,0,0,0
8192,5.0,5.0,0.0,32,0.08453529411764715,1,0,0,0
8193,5.0,5.0,0.0,29,0.08442352941176468,1,0,0,0
8194,5.0,5.0,0.0,28,0.08431176470588231,1,0,0,0
8195,5.0,5.0,0.0,28,0.08420000000000005,1,0,0,0
8196,5.0,5.0,0.0,28,0.08408823529411769,1,0,0,0
8197,5.0,5.0,0.0,33,0.08397647058823532,1,0,0,0
8198,5.0,5.0,0.0,30,0.08386470588235295,1,0,0,0
8199,5.0,5.0,0.0,35,0.0837529411764707,1,0,0,0
8200,5.0,5.0,0.0,29,0.08364117647058833,1,0,0,0
8201,5.0,5.0,0.0,30,0.08352941176470596,1,0,0,0
8202,5.0,5.0,0.0,29,0.08341764705882349,1,0,0,0
8203,5.0,5.0,0.0,32,0.08330588235294123,1,0,0,0
8204,5.0,5.0,0.0,29,0.08319411764705886,1,0,0,0
8205,5.0,5.0,0.0,29,0.0830823529411765,1,0,0,0
8206,5.0,5.0,0.0,32,0.08297058823529413,1,0,0,0
8207,5.0,5.0,0.0,32,0.08285882352941187,1,0,0,0
8208,5.0,5.0,0.0,36,0.0827470588235295,1,0,0,0
8209,4.0,4.0,0.0,26,0.08263529411764714,0,1,0,0
8210,5.0,5.0,0.0,28,0.08252352941176477,1,0,0,0
8211,5.0,5.0,0.0,30,0.0824117647058823,1,0,0,0
8212,5.0,5.0,0.0,28,0.08230000000000004,1,0,0,0
8213,5.0,5.0,0.0,30,0.08218823529411767,1,0,0,0
8214,5.0,5.0,0.0,35,0.0820764705882353,1,0,0,0
8215,5.0,5.0,0.0,28,0.08196470588235294,1,0,0,0
8216,5.0,5.0,0.0,31,0.08185294117647068,1,0,0,0
8217,5.0,5.0,0.0,28,0.08174117647058832,1,0,0,0
8218,5.0,5.0,0.0,30,0.08162941176470595,1,0,0,0
8219,5.0,5.0,0.0,28,0.08151764705882358,1,0,0,0
8220,5.0,5.0,0.0,30,0.08140588235294122,1,0,0,0
8221,5.0,5.0,0.0,28,0.08129411764705885,1,0,0,0
8222,5.0,5.0,0.0,30,0.08118235294117648,1,0,0,0
8223,5.0,5.0,0.0,28,0.08107058823529412,1,0,0,0
8224,5.0,5.0,0.0,32,0.08095882352941186,1,0,0,0
8225,5.0,5.0,0.0,31,0.0808470588235295,1,0,0,0
8226,5.0,5.0,0.0,33,0.08073529411764713,1,0,0,0
8227,5.0,5.0,0.0,30,0.08062352941176476,1,0,0,0
8228,5.0,5.0,0.0,30,0.0805117647058824,1,0,0,0
8229,5.0,5.0,0.0,33,0.08040000000000003,1,0,0,0
8230,5.0,5.0,0.0,30,0.08028823529411766,1,0,0,0
8231,5.0,5.0,0.0,35,0.0801764705882353,1,0,0,0
8232,5.0,5.0,0.0,34,0.08006470588235293,1,0,0,0
8233,5.0,5.0,0.0,28,0.07995294117647067,1,0,0,0
8234,5.0,5.0,0.0,31,0.0798411764705883,1,0,0,0
8235,5.0,5.0,0.0,28,0.07972941176470594,1,0,0,0
8236,5.0,5.0,0.0,30,0.07961764705882357,1,0,0,0
8237,5.0,5.0,0.0,28,0.0795058823529412,1,0,0,0
8238,5.0,5.0,0.0,30,0.07939411764705884,1,0,0,0
8239,5.0,5.0,0.0,32,0.07928235294117647,1,0,0,0
8240,5.0,5.0,0.0,33,0.0791705882352941,1,0,0,0
8241,5.0,5.0,0.0,30,0.07905882352941185,1,0,0,0
8242,5.0,5.0,0.0,30,0.07894705882352948,1,0,0,0
8243,5.0,5.0,0.0,33,0.07883529411764711,1,0,0,0
8244,4.0,4.0,0.0,29,0.07872352941176475,0,1,0,0
8245,5.0,5.0,0.0,38,0.07861176470588249,1,0,0,0
8246,5.0,5.0,0.0,28,0.07850000000000001,1,0,0,0
8247,5.0,5.0,0.0,28,0.07838823529411765,1,0,0,0
8248,5.0,5.0,0.0,32,0.07827647058823528,1,0,0,0
8249,5.0,5.0,0.0,32,0.07816470588235291,1,0,0,0
8250,5.0,5.0,0.0,28,0.07805294117647066,1,0,0,0
8251,5.0,5.0,0.0,28,0.07794117647058829,1,0,0,0
8252,5.0,5.0,0.0,36,0.07782941176470592,1,0,0,0
8253,5.0,5.0,0.0,30,0.07771764705882356,1,0,0,0
8254,5.0,5.0,0.0,30,0.0776058823529413,1,0,0,0
8255,5.0,5.0,0.0,28,0.07749411764705882,1,0,0,0
8256,5.0,5.0,0.0,28,0.07738235294117646,1,0,0,0
8257,5.0,5.0,0.0,30,0.07727058823529409,1,0,0,0
8258,5.0,5.0,0.0,30,0.07715882352941184,1,0,0,0
8259,5.0,5.0,0.0,28,0.07704705882352947,1,0,0,0
8260,5.0,5.0,0.0,28,0.0769352941176471,1,0,0,0
8261,5.0,5.0,0.0,30,0.07682352941176473,1,0,0,0
8262,5.0,5.0,0.0,33,0.07671176470588248,1,0,0,0
8263,5.0,5.0,0.0,30,0.07660000000000011,1,0,0,0
8264,4.0,4.0,0.0,22,0.07648823529411763,0,1,0,0
8265,5.0,5.0,0.0,30,0.07637647058823527,1,0,0,0
8266,5.0,5.0,0.0,29,0.0762647058823529,1,0,0,0
8267,5.0,5.0,0.0,38,0.07615294117647065,1,0,0,0
8268,5.0,5.0,0.0,28,0.07604117647058828,1,0,0,0
8269,5.0,5.0,0.0,28,0.07592941176470591,1,0,0,0
8270,5.0,5.0,0.0,30,0.07581764705882355,1,0,0,0
8271,5.0,5.0,0.0,30,0.07570588235294129,1,0,0,0
8272,5.0,5.0,0.0,29,0.07559411764705892,1,0,0,0
8273,5.0,5.0,0.0,32,0.07548235294117644,1,0,0,0
8274,4.0,4.0,0.0,26,0.07537058823529408,0,1,0,0
8275,5.0,5.0,0.0,33,0.07525882352941182,1,0,0,0
8276,5.0,5.0,0.0,30,0.07514705882352946,1,0,0,0
8277,5.0,5.0,0.0,29,0.07503529411764709,1,0,0,0
8278,5.0,5.0,0.0,32,0.07492352941176472,1,0,0,0
8279,5.0,5.0,0.0,32,0.07481176470588247,1,0,0,0
8280,5.0,5.0,0.0,32,0.0747000000000001,1,0,0,0
8281,5.0,5.0,0.0,28,0.07458823529411773,1,0,0,0
8282,5.0,5.0,0.0,29,0.07447647058823526,1,0,0,0
8283,5.0,5.0,0.0,30,0.074364705882353,1,0,0,0
8284,5.0,5.0,0.0,28,0.07425294117647063,1,0,0,0
8285,5.0,5.0,0.0,32,0.07414117647058827,1,0,0,0
8286,5.0,5.0,0.0,30,0.0740294117647059,1,0,0,0
8287,5.0,5.0,0.0,32,0.07391764705882353,1,0,0,0
8288,5.0,5.0,0.0,29,0.07380588235294128,1,0,0,0
8289,5.0,5.0,0.0,32,0.07369411764705891,1,0,0,0
8290,5.0,5.0,0.0,28,0.07358235294117654,1,0,0,0
8291,5.0,5.0,0.0,32,0.07347058823529407,1,0,0,0
8292,5.0,5.0,0.0,30,0.07335882352941181,1,0,0,0
8293,5.0,5.0,0.0,33,0.07324705882352944,1,0,0,0
8294,5.0,5.0,0.0,31,0.07313529411764708,1,0,0,0
8295,5.0,5.0,0.0,30,0.07302352941176471,1,0,0,0
8296,5.0,5.0,0.0,28,0.07291176470588245,1,0,0,0
8297,5.0,5.0,0.0,30,0.07280000000000009,1,0,0,0
8298,5.0,5.0,0.0,36,0.07268823529411772,1,0,0,0
8299,5.0,5.0,0.0,29,0.07257647058823535,1,0,0,0
8300,5.0,5.0,0.0,36,0.07246470588235299,1,0,0,0
8301,5.0,5.0,0.0,29,0.07235294117647062,1,0,0,0
8302,5.0,5.0,0.0,32,0.07224117647058825,1,0,0,0
8303,4.0,4.0,0.0,26,0.07212941176470589,0,1,0,0
8304,5.0,5.0,0.0,30,0.07201764705882352,1,0,0,0
8305,5.0,5.0,0.0,30,0.07190588235294126,1,0,0,0
8306,5.0,5.0,0.0,36,0.0717941176470589,1,0,0,0
8307,5.0,5.0,0.0,30,0.07168235294117653,1,0,0,0
8308,5.0,5.0,0.0,32,0.07157058823529416,1,0,0,0
8309,5.0,5.0,0.0,30,0.0714588235294118,1,0,0,0
8310,4.0,4.0,0.0,28,0.07134705882352943,0,1,0,0
8311,5.0,5.0,0.0,29,0.07123529411764706,1,0,0,0
8312,5.0,5.0,0.0,33,0.0711235294117647,1,0,0,0
8313,5.0,5.0,0.0,30,0.07101176470588244,1,0,0,0
8314,5.0,5.0,0.0,30,0.07090000000000007,1,0,0,0
8315,5.0,5.0,0.0,33,0.07078823529411771,1,0,0,0
8316,4.0,4.0,0.0,22,0.07067647058823534,0,1,0,0
8317,5.0,5.0,0.0,31,0.07056470588235308,1,0,0,0
8318,5.0,5.0,0.0,30,0.07045294117647061,1,0,0,0
8319,5.0,5.0,0.0,34,0.07034117647058824,1,0,0,0
8320,5.0,5.0,0.0,29,0.07022941176470587,1,0,0,0
8321,4.0,4.0,0.0,26,0.0701176470588235,0,1,0,0
8322,5.0,5.0,0.0,30,0.07000588235294125,1,0,0,0
8323,5.0,5.0,0.0,30,0.06989411764705888,1,0,0,0
8324,5.0,5.0,0.0,29,0.06978235294117652,1,0,0,0
8325,5.0,5.0,0.0,32,0.06967058823529415,1,0,0,0
8326,5.0,5.0,0.0,30,0.0695588235294119,1,0,0,0
8327,5.0,5.0,0.0,32,0.06944705882352942,1,0,0,0
8328,5.0,5.0,0.0,30,0.06933529411764705,1,0,0,0
8329,5.0,5.0,0.0,32,0.06922352941176468,1,0,0,0
8330,5.0,5.0,0.0,32,0.06911176470588243,1,0,0,0
8331,5.0,5.0,0.0,30,0.06900000000000006,1,0,0,0
8332,5.0,5.0,0.0,30,0.0688882352941177,1,0,0,0
8333,5.0,5.0,0.0,30,0.06877647058823533,1,0,0,0
8334,5.0,5.0,0.0,31,0.06866470588235307,1,0,0,0
8335,5.0,5.0,0.0,34,0.0685529411764707,1,0,0,0
8336,5.0,5.0,0.0,33,0.06844117647058823,1,0,0,0
8337,5.0,5.0,0.0,31,0.06832941176470586,1,0,0,0
8338,5.0,5.0,0.0,32,0.0682176470588235,1,0,0,0
8339,5.0,5.0,0.0,34,0.06810588235294124,1,0,0,0
8340,5.0,5.0,0.0,29,0.06799411764705887,1,0,0,0
8341,4.0,4.0,0.0,27,0.0678823529411765,0,1,0,0
8342,5.0,5.0,0.0,28,0.06777058823529414,1,0,0,0
8343,5.0,5.0,0.0,28,0.06765882352941188,1,0,0,0
8344,5.0,5.0,0.0,29,0.06754705882352952,1,0,0,0
8345,5.0,5.0,0.0,29,0.06743529411764704,1,0,0,0
8346,5.0,5.0,0.0,28,0.06732352941176467,1,0,0,0
8347,5.0,5.0,0.0,30,0.06721176470588242,1,0,0,0
8348,5.0,5.0,0.0,29,0.06710000000000005,1,0,0,0
8349,5.0,5.0,0.0,28,0.06698823529411768,1,0,0,0
8350,5.0,5.0,0.0,33,0.06687647058823531,1,0,0,0
8351,5.0,5.0,0.0,28,0.06676470588235306,1,0,0,0
8352,5.0,5.0,0.0,30,0.06665294117647069,1,0,0,0
8353,5.0,5.0,0.0,28,0.06654117647058833,1,0,0,0
8354,5.0,5.0,0.0,33,0.06642941176470585,1,0,0,0
8355,5.0,5.0,0.0,33,0.06631764705882359,1,0,0,0
8356,5.0,5.0,0.0,30,0.06620588235294123,1,0,0,0
8357,5.0,5.0,0.0,29,0.06609411764705886,1,0,0,0
8358,5.0,5.0,0.0,28,0.06598235294117649,1,0,0,0
8359,5.0,5.0,0.0,32,0.06587058823529413,1,0,0,0
8360,5.0,5.0,0.0,34,0.06575882352941187,1,0,0,0
8361,5.0,5.0,0.0,28,0.0656470588235295,1,0,0,0
8362,5.0,5.0,0.0,31,0.06553529411764714,1,0,0,0
8363,5.0,5.0,0.0,28,0.06542352941176466,1,0,0,0
8364,5.0,5.0,0.0,30,0.0653117647058824,1,0,0,0
8365,5.0,5.0,0.0,28,0.06520000000000004,1,0,0,0
8366,5.0,5.0,0.0,28,0.06508823529411767,1,0,0,0
8367,5.0,5.0,0.0,32,0.0649764705882353,1,0,0,0
8368,5.0,5.0,0.0,30,0.06486470588235305,1,0,0,0
8369,5.0,5.0,0.0,30,0.06475294117647068,1,0,0,0
8370,5.0,5.0,0.0,28,0.06464117647058831,1,0,0,0
8371,5.0,5.0,0.0,28,0.06452941176470595,1,0,0,0
8372,5.0,5.0,0.0,30,0.06441764705882358,1,0,0,0
8373,5.0,5.0,0.0,30,0.06430588235294121,1,0,0,0
8374,5.0,5.0,0.0,28,0.06419411764705885,1,0,0,0
8375,5.0,5.0,0.0,33,0.06408235294117648,1,0,0,0
8376,5.0,5.0,0.0,30,0.06397058823529411,1,0,0,0
8377,5.0,5.0,0.0,30,0.06385882352941186,1,0,0,0
8378,5.0,5.0,0.0,30,0.06374705882352949,1,0,0,0
8379,5.0,5.0,0.0,31,0.06363529411764712,1,0,0,0
8380,5.0,5.0,0.0,28,0.06352352941176476,1,0,0,0
8381,5.0,5.0,0.0,33,0.06341176470588239,1,0,0,0
8382,5.0,5.0,0.0,28,0.06330000000000002,1,0,0,0
8383,5.0,5.0,0.0,29,0.06318823529411766,1,0,0,0
8384,5.0,5.0,0.0,33,0.06307647058823529,1,0,0,0
8385,5.0,5.0,0.0,32,0.06296470588235303,1,0,0,0
8386,5.0,5.0,0.0,37,0.06285294117647067,1,0,0,0
8387,5.0,5.0,0.0,31,0.0627411764705883,1,0,0,0
8388,5.0,5.0,0.0,29,0.06262941176470593,1,0,0,0
8389,5.0,5.0,0.0,28,0.06251764705882357,1,0,0,0
8390,5.0,5.0,0.0,28,0.0624058823529412,1,0,0,0
8391,5.0,5.0,0.0,29,0.06229411764705883,1,0,0,0
8392,5.0,5.0,0.0,28,0.062182352941176466,1,0,0,0
8393,5.0,5.0,0.0,32,0.0620705882352941,1,0,0,0
8394,5.0,5.0,0.0,28,0.061958823529411844,1,0,0,0
8395,5.0,5.0,0.0,29,0.06184705882352948,1,0,0,0
8396,5.0,5.0,0.0,28,0.06173529411764711,1,0,0,0
8397,4.0,4.0,0.0,24,0.061623529411764744,0,1,0,0
8398,5.0,5.0,0.0,28,0.06151176470588238,1,0,0,0
8399,5.0,5.0,0.0,28,0.06140000000000001,1,0,0,0
8400,5.0,5.0,0.0,29,0.06128823529411764,1,0,0,0
8401,5.0,5.0,0.0,28,0.06117647058823528,1,0,0,0
8402,5.0,5.0,0.0,32,0.06106470588235302,1,0,0,0
8403,5.0,5.0,0.0,36,0.060952941176470654,1,0,0,0
8404,5.0,5.0,0.0,30,0.06084117647058829,1,0,0,0
8405,5.0,5.0,0.0,29,0.06072941176470592,1,0,0,0
8406,2.0,2.0,0.0,23,0.060617647058823665,0,1,0,0
8407,5.0,5.0,0.0,30,0.06050588235294119,1,0,0,0
8408,5.0,5.0,0.0,30,0.06039411764705882,1,0,0,0
8409,5.0,5.0,0.0,28,0.060282352941176454,1,0,0,0
8410,5.0,5.0,0.0,32,0.0601705882352942,1,0,0,0
8411,5.0,5.0,0.0,32,0.06005882352941183,1,0,0,0
8412,5.0,5.0,0.0,33,0.059947058823529464,1,0,0,0
8413,5.0,5.0,0.0,36,0.0598352941176471,1,0,0,0
8414,5.0,5.0,0.0,28,0.05972352941176473,1,0,0,0
8415,5.0,5.0,0.0,30,0.059611764705882475,1,0,0,0
8416,5.0,5.0,0.0,28,0.0595,1,0,0,0
8417,5.0,5.0,0.0,28,0.05938823529411763,1,0,0,0
8418,5.0,5.0,0.0,30,0.059276470588235264,1,0,0,0
8419,5.0,5.0,0.0,32,0.05916470588235301,1,0,0,0
8420,5.0,5.0,0.0,30,0.05905294117647064,1,0,0,0
8421,5.0,5.0,0.0,37,0.058941176470588275,1,0,0,0
8422,5.0,5.0,0.0,28,0.05882941176470591,1,0,0,0
8423,5.0,5.0,0.0,28,0.05871764705882365,1,0,0,0
8424,5.0,5.0,0.0,28,0.058605882352941285,1,0,0,0
8425,4.0,4.0,0.0,22,0.05849411764705881,0,1,0,0
8426,5.0,5.0,0.0,30,0.05838235294117644,1,0,0,0
8427,5.0,5.0,0.0,34,0.058270588235294185,1,0,0,0
8428,5.0,5.0,0.0,28,0.05815882352941182,1,0,0,0
8429,5.0,5.0,0.0,32,0.05804705882352945,1,0,0,0
8430,5.0,5.0,0.0,30,0.057935294117647085,1,0,0,0
8431,5.0,5.0,0.0,28,0.05782352941176472,1,0,0,0
8432,5.0,5.0,0.0,30,0.05771176470588246,1,0,0,0
8433,5.0,5.0,0.0,30,0.057600000000000096,1,0,0,0
8434,5.0,5.0,0.0,28,0.05748823529411762,1,0,0,0
8435,5.0,5.0,0.0,28,0.05737647058823525,1,0,0,0
8436,5.0,5.0,0.0,35,0.057264705882352995,1,0,0,0
8437,5.0,5.0,0.0,32,0.05715294117647063,1,0,0,0
8438,5.0,5.0,0.0,28,0.05704117647058826,1,0,0,0
8439,5.0,5.0,0.0,29,0.056929411764705895,1,0,0,0
8440,5.0,5.0,0.0,30,0.05681764705882364,1,0,0,0
8441,5.0,5.0,0.0,28,0.05670588235294127,1,0,0,0
8442,5.0,5.0,0.0,30,0.056594117647058906,1,0,0,0
8443,5.0,5.0,0.0,30,0.05648235294117643,1,0,0,0
8444,5.0,5.0,0.0,28,0.05637058823529417,1,0,0,0
8445,5.0,5.0,0.0,28,0.056258823529411806,1,0,0,0
8446,5.0,5.0,0.0,32,0.05614705882352944,1,0,0,0
8447,5.0,5.0,0.0,28,0.05603529411764707,1,0,0,0
8448,5.0,5.0,0.0,32,0.055923529411764705,1,0,0,0
8449,5.0,5.0,0.0,28,0.05581176470588245,1,0,0,0
8450,5.0,5.0,0.0,28,0.05570000000000008,1,0,0,0
8451,5.0,5.0,0.0,31,0.055588235294117716,1,0,0,0
8452,4.0,4.0,0.0,27,0.05547647058823524,0,1,0,0
8453,5.0,5.0,0.0,30,0.05536470588235298,1,0,0,0
8454,5.0,5.0,0.0,32,0.055252941176470616,1,0,0,0
8455,5.0,5.0,0.0,28,0.05514117647058825,1,0,0,0
8456,5.0,5.0,0.0,28,0.05502941176470588,1,0,0,0
8457,5.0,5.0,0.0,28,0.054917647058823627,1,0,0,0
8458,5.0,5.0,0.0,30,0.05480588235294126,1,0,0,0
8459,5.0,5.0,0.0,28,0.05469411764705889,1,0,0,0
8460,5.0,5.0,0.0,28,0.054582352941176526,1,0,0,0
8461,5.0,5.0,0.0,30,0.05447058823529416,1,0,0,0
8462,5.0,5.0,0.0,29,0.05435882352941179,1,0,0,0
8463,5.0,5.0,0.0,28,0.054247058823529426,1,0,0,0
8464,5.0,5.0,0.0,28,0.05413529411764706,1,0,0,0
8465,5.0,5.0,0.0,31,0.05402352941176469,1,0,0,0
8466,5.0,5.0,0.0,29,0.05391176470588244,1,0,0,0
8467,5.0,5.0,0.0,30,0.05380000000000007,1,0,0,0
8468,5.0,5.0,0.0,34,0.0536882352941177,1,0,0,0
8469,5.0,5.0,0.0,31,0.053576470588235336,1,0,0,0
8470,5.0,5.0,0.0,30,0.05346470588235297,1,0,0,0
8471,5.0,5.0,0.0,33,0.0533529411764706,1,0,0,0
8472,5.0,5.0,0.0,30,0.053241176470588236,1,0,0,0
8473,5.0,5.0,0.0,29,0.05312941176470587,1,0,0,0
8474,5.0,5.0,0.0,32,0.053017647058823614,1,0,0,0
8475,5.0,5.0,0.0,34,0.05290588235294125,1,0,0,0
8476,5.0,5.0,0.0,28,0.05279411764705888,1,0,0,0
8477,5.0,5.0,0.0,28,0.05268235294117651,1,0,0,0
8478,5.0,5.0,0.0,32,0.05257058823529426,1,0,0,0
8479,5.0,5.0,0.0,28,0.05245882352941178,1,0,0,0
8480,5.0,5.0,0.0,28,0.05234705882352941,1,0,0,0
8481,5.0,5.0,0.0,30,0.052235294117647046,1,0,0,0
8482,5.0,5.0,0.0,29,0.05212352941176479,1,0,0,0
8483,5.0,5.0,0.0,30,0.052011764705882424,1,0,0,0
8484,5.0,5.0,0.0,28,0.05190000000000006,1,0,0,0
8485,5.0,5.0,0.0,28,0.05178823529411769,1,0,0,0
8486,5.0,5.0,0.0,28,0.051676470588235324,1,0,0,0
8487,5.0,5.0,0.0,30,0.05156470588235307,1,0,0,0
8488,5.0,5.0,0.0,32,0.05145294117647059,1,0,0,0
8489,5.0,5.0,0.0,28,0.05134117647058822,1,0,0,0
8490,5.0,5.0,0.0,28,0.05122941176470586,1,0,0,0
8491,5.0,5.0,0.0,28,0.0511176470588236,1,0,0,0
8492,5.0,5.0,0.0,28,0.051005882352941234,1,0,0,0
8493,5.0,5.0,0.0,30,0.05089411764705887,1,0,0,0
8494,5.0,5.0,0.0,28,0.0507823529411765,1,0,0,0
8495,5.0,5.0,0.0,29,0.050670588235294245,1,0,0,0
8496,5.0,5.0,0.0,28,0.05055882352941188,1,0,0,0
8497,5.0,5.0,0.0,29,0.0504470588235294,1,0,0,0
8498,5.0,5.0,0.0,30,0.050335294117647034,1,0,0,0
8499,5.0,5.0,0.0,28,0.05022352941176478,1,0,0,0
8500,5.0,5.0,0.0,30,0.05011176470588241,1,0,0,0
8501,5.0,5.0,0.0,28,0.05,1,0,0,0
8502,5.0,5.0,0.0,29,0.05,1,0,0,0
8503,5.0,5.0,0.0,28,0.05,1,0,0,0
8504,5.0,5.0,0.0,28,0.05,1,0,0,0
8505,5.0,5.0,0.0,30,0.05,1,0,0,0
8506,5.0,5.0,0.0,28,0.05,1,0,0,0
8507,5.0,5.0,0.0,28,0.05,1,0,0,0
8508,5.0,5.0,0.0,30,0.05,1,0,0,0
8509,5.0,5.0,0.0,32,0.05,1,0,0,0
8510,5.0,5.0,0.0,28,0.05,1,0,0,0
8511,5.0,5.0,0.0,30,0.05,1,0,0,0
8512,5.0,5.0,0.0,28,0.05,1,0,0,0
8513,5.0,5.0,0.0,29,0.05,1,0,0,0
8514,5.0,5.0,0.0,30,0.05,1,0,0,0
8515,5.0,5.0,0.0,30,0.05,1,0,0,0
8516,5.0,5.0,0.0,29,0.05,1,0,0,0
8517,5.0,5.0,0.0,28,0.05,1,0,0,0
8518,5.0,5.0,0.0,29,0.05,1,0,0,0
8519,5.0,5.0,0.0,31,0.05,1,0,0,0
8520,5.0,5.0,0.0,29,0.05,1,0,0,0
8521,5.0,5.0,0.0,28,0.05,1,0,0,0
8522,5.0,5.0,0.0,28,0.05,1,0,0,0
8523,5.0,5.0,0.0,32,0.05,1,0,0,0
8524,5.0,5.0,0.0,30,0.05,1,0,0,0
8525,5.0,5.0,0.0,30,0.05,1,0,0,0
8526,5.0,5.0,0.0,28,0.05,1,0,0,0
8527,5.0,5.0,0.0,31,0.05,1,0,0,0
8528,5.0,5.0,0.0,34,0.05,1,0,0,0
8529,5.0,5.0,0.0,28,0.05,1,0,0,0
8530,5.0,5.0,0.0,28,0.05,1,0,0,0
8531,5.0,5.0,0.0,30,0.05,1,0,0,0
8532,5.0,5.0,0.0,28,0.05,1,0,0,0
8533,5.0,5.0,0.0,28,0.05,1,0,0,0
8534,5.0,5.0,0.0,28,0.05,1,0,0,0
8535,5.0,5.0,0.0,28,0.05,1,0,0,0
8536,5.0,5.0,0.0,28,0.05,1,0,0,0
8537,5.0,5.0,0.0,32,0.05,1,0,0,0
8538,5.0,5.0,0.0,28,0.05,1,0,0,0
8539,5.0,5.0,0.0,28,0.05,1,0,0,0
8540,4.0,4.0,0.0,28,0.05,0,1,0,0
8541,5.0,5.0,0.0,28,0.05,1,0,0,0
8542,5.0,5.0,0.0,30,0.05,1,0,0,0
8543,5.0,5.0,0.0,32,0.05,1,0,0,0
8544,5.0,5.0,0.0,28,0.05,1,0,0,0
8545,5.0,5.0,0.0,28,0.05,1,0,0,0
8546,5.0,5.0,0.0,28,0.05,1,0,0,0
8547,5.0,5.0,0.0,30,0.05,1,0,0,0
8548,5.0,5.0,0.0,30,0.05,1,0,0,0
8549,5.0,5.0,0.0,35,0.05,1,0,0,0
8550,5.0,5.0,0.0,30,0.05,1,0,0,0
8551,5.0,5.0,0.0,28,0.05,1,0,0,0
8552,5.0,5.0,0.0,28,0.05,1,0,0,0
8553,5.0,5.0,0.0,28,0.05,1,0,0,0
8554,5.0,5.0,0.0,30,0.05,1,0,0,0
8555,5.0,5.0,0.0,32,0.05,1,0,0,0
8556,5.0,5.0,0.0,30,0.05,1,0,0,0
8557,5.0,5.0,0.0,28,0.05,1,0,0,0
8558,5.0,5.0,0.0,29,0.05,1,0,0,0
8559,5.0,5.0,0.0,32,0.05,1,0,0,0
8560,5.0,5.0,0.0,30,0.05,1,0,0,0
8561,5.0,5.0,0.0,30,0.05,1,0,0,0
8562,5.0,5.0,0.0,28,0.05,1,0,0,0
8563,5.0,5.0,0.0,30,0.05,1,0,0,0
8564,5.0,5.0,0.0,28,0.05,1,0,0,0
8565,5.0,5.0,0.0,28,0.05,1,0,0,0
8566,5.0,5.0,0.0,31,0.05,1,0,0,0
8567,5.0,5.0,0.0,30,0.05,1,0,0,0
8568,5.0,5.0,0.0,35,0.05,1,0,0,0
8569,5.0,5.0,0.0,34,0.05,1,0,0,0
8570,5.0,5.0,0.0,30,0.05,1,0,0,0
8571,5.0,5.0,0.0,28,0.05,1,0,0,0
8572,5.0,5.0,0.0,35,0.05,1,0,0,0
8573,5.0,5.0,0.0,28,0.05,1,0,0,0
8574,5.0,5.0,0.0,28,0.05,1,0,0,0
8575,5.0,5.0,0.0,28,0.05,1,0,0,0
8576,5.0,5.0,0.0,28,0.05,1,0,0,0
8577,5.0,5.0,0.0,28,0.05,1,0,0,0
8578,5.0,5.0,0.0,28,0.05,1,0,0,0
8579,5.0,5.0,0.0,30,0.05,1,0,0,0
8580,5.0,5.0,0.0,30,0.05,1,0,0,0
8581,5.0,5.0,0.0,30,0.05,1,0,0,0
8582,5.0,5.0,0.0,30,0.05,1,0,0,0
8583,5.0,5.0,0.0,28,0.05,1,0,0,0
8584,5.0,5.0,0.0,30,0.05,1,0,0,0
8585,5.0,5.0,0.0,30,0.05,1,0,0,0
8586,5.0,5.0,0.0,30,0.05,1,0,0,0
8587,5.0,5.0,0.0,28,0.05,1,0,0,0
8588,5.0,5.0,0.0,30,0.05,1,0,0,0
8589,5.0,5.0,0.0,29,0.05,1,0,0,0
8590,5.0,5.0,0.0,30,0.05,1,0,0,0
8591,5.0,5.0,0.0,28,0.05,1,0,0,0
8592,5.0,5.0,0.0,28,0.05,1,0,0,0
8593,5.0,5.0,0.0,28,0.05,1,0,0,0
8594,5.0,5.0,0.0,28,0.05,1,0,0,0
8595,5.0,5.0,0.0,28,0.05,1,0,0,0
8596,5.0,5.0,0.0,32,0.05,1,0,0,0
8597,5.0,5.0,0.0,30,0.05,1,0,0,0
8598,5.0,5.0,0.0,28,0.05,1,0,0,0
8599,5.0,5.0,0.0,36,0.05,1,0,0,0
8600,4.0,4.0,0.0,26,0.05,0,1,0,0
8601,5.0,5.0,0.0,33,0.05,1,0,0,0
8602,5.0,5.0,0.0,30,0.05,1,0,0,0
8603,5.0,5.0,0.0,28,0.05,1,0,0,0
8604,5.0,5.0,0.0,28,0.05,1,0,0,0
8605,5.0,5.0,0.0,30,0.05,1,0,0,0
8606,5.0,5.0,0.0,30,0.05,1,0,0,0
8607,5.0,5.0,0.0,30,0.05,1,0,0,0
8608,5.0,5.0,0.0,28,0.05,1,0,0,0
8609,5.0,5.0,0.0,31,0.05,1,0,0,0
8610,5.0,5.0,0.0,28,0.05,1,0,0,0
8611,5.0,5.0,0.0,31,0.05,1,0,0,0
8612,5.0,5.0,0.0,28,0.05,1,0,0,0
8613,5.0,5.0,0.0,32,0.05,1,0,0,0
8614,5.0,5.0,0.0,28,0.05,1,0,0,0
8615,5.0,5.0,0.0,29,0.05,1,0,0,0
8616,5.0,5.0,0.0,31,0.05,1,0,0,0
8617,4.0,4.0,0.0,26,0.05,0,1,0,0
8618,5.0,5.0,0.0,28,0.05,1,0,0,0
8619,5.0,5.0,0.0,28,0.05,1,0,0,0
8620,5.0,5.0,0.0,28,0.05,1,0,0,0
8621,5.0,5.0,0.0,28,0.05,1,0,0,0
8622,5.0,5.0,0.0,28,0.05,1,0,0,0
8623,5.0,5.0,0.0,28,0.05,1,0,0,0
8624,5.0,5.0,0.0,28,0.05,1,0,0,0
8625,5.0,5.0,0.0,28,0.05,1,0,0,0
8626,5.0,5.0,0.0,28,0.05,1,0,0,0
8627,5.0,5.0,0.0,28,0.05,1,0,0,0
8628,5.0,5.0,0.0,34,0.05,1,0,0,0
8629,5.0,5.0,0.0,28,0.05,1,0,0,0
8630,5.0,5.0,0.0,32,0.05,1,0,0,0
8631,2.0,2.0,0.0,24,0.05,0,1,0,0
8632,5.0,5.0,0.0,30,0.05,1,0,0,0
8633,5.0,5.0,0.0,30,0.05,1,0,0,0
8634,5.0,5.0,0.0,28,0.05,1,0,0,0
8635,5.0,5.0,0.0,28,0.05,1,0,0,0
8636,5.0,5.0,0.0,28,0.05,1,0,0,0
8637,5.0,5.0,0.0,28,0.05,1,0,0,0
8638,5.0,5.0,0.0,30,0.05,1,0,0,0
8639,5.0,5.0,0.0,31,0.05,1,0,0,0
8640,4.0,4.0,0.0,24,0.05,0,1,0,0
8641,5.0,5.0,0.0,30,0.05,1,0,0,0
8642,5.0,5.0,0.0,30,0.05,1,0,0,0
8643,5.0,5.0,0.0,31,0.05,1,0,0,0
8644,5.0,5.0,0.0,28,0.05,1,0,0,0
8645,5.0,5.0,0.0,30,0.05,1,0,0,0
8646,5.0,5.0,0.0,28,0.05,1,0,0,0
8647,5.0,5.0,0.0,35,0.05,1,0,0,0
8648,4.0,4.0,0.0,22,0.05,0,1,0,0
8649,5.0,5.0,0.0,30,0.05,1,0,0,0
8650,5.0,5.0,0.0,28,0.05,1,0,0,0
8651,5.0,5.0,0.0,30,0.05,1,0,0,0
8652,5.0,5.0,0.0,30,0.05,1,0,0,0
8653,5.0,5.0,0.0,32,0.05,1,0,0,0
8654,5.0,5.0,0.0,32,0.05,1,0,0,0
8655,5.0,5.0,0.0,31,0.05,1,0,0,0
8656,5.0,5.0,0.0,28,0.05,1,0,0,0
8657,5.0,5.0,0.0,30,0.05,1,0,0,0
8658,5.0,5.0,0.0,29,0.05,1,0,0,0
8659,5.0,5.0,0.0,31,0.05,1,0,0,0
8660,5.0,5.0,0.0,30,0.05,1,0,0,0
8661,5.0,5.0,0.0,28,0.05,1,0,0,0
8662,5.0,5.0,0.0,30,0.05,1,0,0,0
8663,5.0,5.0,0.0,32,0.05,1,0,0,0
8664,5.0,5.0,0.0,32,0.05,1,0,0,0
8665,5.0,5.0,0.0,28,0.05,1,0,0,0
8666,5.0,5.0,0.0,28,0.05,1,0,0,0
8667,5.0,5.0,0.0,30,0.05,1,0,0,0
8668,5.0,5.0,0.0,30,0.05,1,0,0,0
8669,5.0,5.0,0.0,35,0.05,1,0,0,0
8670,5.0,5.0,0.0,28,0.05,1,0,0,0
8671,5.0,5.0,0.0,31,0.05,1,0,0,0
8672,5.0,5.0,0.0,28,0.05,1,0,0,0
8673,5.0,5.0,0.0,29,0.05,1,0,0,0
8674,5.0,5.0,0.0,30,0.05,1,0,0,0
8675,5.0,5.0,0.0,31,0.05,1,0,0,0
8676,5.0,5.0,0.0,30,0.05,1,0,0,0
8677,5.0,5.0,0.0,30,0.05,1,0,0,0
8678,5.0,5.0,0.0,28,0.05,1,0,0,0
8679,5.0,5.0,0.0,28,0.05,1,0,0,0
8680,5.0,5.0,0.0,32,0.05,1,0,0,0
8681,5.0,5.0,0.0,30,0.05,1,0,0,0
8682,5.0,5.0,0.0,28,0.05,1,0,0,0
8683,5.0,5.0,0.0,28,0.05,1,0,0,0
8684,5.0,5.0,0.0,29,0.05,1,0,0,0
8685,5.0,5.0,0.0,30,0.05,1,0,0,0
8686,2.0,2.0,0.0,21,0.05,0,1,0,0
8687,5.0,5.0,0.0,32,0.05,1,0,0,0
8688,5.0,5.0,0.0,31,0.05,1,0,0,0
8689,5.0,5.0,0.0,29,0.05,1,0,0,0
8690,5.0,5.0,0.0,30,0.05,1,0,0,0
8691,5.0,5.0,0.0,35,0.05,1,0,0,0
8692,5.0,5.0,0.0,28,0.05,1,0,0,0
8693,5.0,5.0,0.0,30,0.05,1,0,0,0
8694,5.0,5.0,0.0,28,0.05,1,0,0,0
8695,5.0,5.0,0.0,29,0.05,1,0,0,0
8696,5.0,5.0,0.0,30,0.05,1,0,0,0
8697,5.0,5.0,0.0,30,0.05,1,0,0,0
8698,5.0,5.0,0.0,28,0.05,1,0,0,0
8699,5.0,5.0,0.0,28,0.05,1,0,0,0
8700,5.0,5.0,0.0,30,0.05,1,0,0,0
8701,5.0,5.0,0.0,34,0.05,1,0,0,0
8702,5.0,5.0,0.0,28,0.05,1,0,0,0
8703,5.0,5.0,0.0,30,0.05,1,0,0,0
8704,5.0,5.0,0.0,28,0.05,1,0,0,0
8705,5.0,5.0,0.0,30,0.05,1,0,0,0
8706,5.0,5.0,0.0,28,0.05,1,0,0,0
8707,5.0,5.0,0.0,30,0.05,1,0,0,0
8708,5.0,5.0,0.0,28,0.05,1,0,0,0
8709,5.0,5.0,0.0,30,0.05,1,0,0,0
8710,5.0,5.0,0.0,30,0.05,1,0,0,0
8711,5.0,5.0,0.0,32,0.05,1,0,0,0
8712,5.0,5.0,0.0,30,0.05,1,0,0,0
8713,5.0,5.0,0.0,28,0.05,1,0,0,0
8714,5.0,5.0,0.0,28,0.05,1,0,0,0
8715,5.0,5.0,0.0,30,0.05,1,0,0,0
8716,5.0,5.0,0.0,28,0.05,1,0,0,0
8717,5.0,5.0,0.0,32,0.05,1,0,0,0
8718,5.0,5.0,0.0,28,0.05,1,0,0,0
8719,5.0,5.0,0.0,28,0.05,1,0,0,0
8720,5.0,5.0,0.0,28,0.05,1,0,0,0
8721,5.0,5.0,0.0,29,0.05,1,0,0,0
8722,5.0,5.0,0.0,28,0.05,1,0,0,0
8723,5.0,5.0,0.0,28,0.05,1,0,0,0
8724,5.0,5.0,0.0,28,0.05,1,0,0,0
8725,5.0,5.0,0.0,32,0.05,1,0,0,0
8726,5.0,5.0,0.0,30,0.05,1,0,0,0
8727,5.0,5.0,0.0,28,0.05,1,0,0,0
8728,5.0,5.0,0.0,28,0.05,1,0,0,0
8729,5.0,5.0,0.0,30,0.05,1,0,0,0
8730,5.0,5.0,0.0,28,0.05,1,0,0,0
8731,5.0,5.0,0.0,28,0.05,1,0,0,0
8732,5.0,5.0,0.0,30,0.05,1,0,0,0
8733,5.0,5.0,0.0,28,0.05,1,0,0,0
8734,5.0,5.0,0.0,29,0.05,1,0,0,0
8735,5.0,5.0,0.0,28,0.05,1,0,0,0
8736,5.0,5.0,0.0,35,0.05,1,0,0,0
8737,5.0,5.0,0.0,30,0.05,1,0,0,0
8738,5.0,5.0,0.0,29,0.05,1,0,0,0
8739,5.0,5.0,0.0,28,0.05,1,0,0,0
8740,5.0,5.0,0.0,28,0.05,1,0,0,0
8741,5.0,5.0,0.0,28,0.05,1,0,0,0
8742,5.0,5.0,0.0,28,0.05,1,0,0,0
8743,5.0,5.0,0.0,28,0.05,1,0,0,0
8744,5.0,5.0,0.0,30,0.05,1,0,0,0
8745,5.0,5.0,0.0,29,0.05,1,0,0,0
8746,5.0,5.0,0.0,28,0.05,1,0,0,0
8747,5.0,5.0,0.0,30,0.05,1,0,0,0
8748,2.0,2.0,0.0,24,0.05,0,1,0,0
8749,5.0,5.0,0.0,28,0.05,1,0,0,0
8750,5.0,5.0,0.0,29,0.05,1,0,0,0
8751,5.0,5.0,0.0,28,0.05,1,0,0,0
8752,4.0,4.0,0.0,26,0.05,0,1,0,0
8753,5.0,5.0,0.0,28,0.05,1,0,0,0
8754,5.0,5.0,0.0,30,0.05,1,0,0,0
8755,5.0,5.0,0.0,28,0.05,1,0,0,0
8756,5.0,5.0,0.0,30,0.05,1,0,0,0
8757,5.0,5.0,0.0,28,0.05,1,0,0,0
8758,5.0,5.0,0.0,30,0.05,1,0,0,0
8759,5.0,5.0,0.0,30,0.05,1,0,0,0
8760,5.0,5.0,0.0,28,0.05,1,0,0,0
8761,5.0,5.0,0.0,28,0.05,1,0,0,0
8762,5.0,5.0,0.0,28,0.05,1,0,0,0
8763,5.0,5.0,0.0,31,0.05,1,0,0,0
8764,5.0,5.0,0.0,30,0.05,1,0,0,0
8765,5.0,5.0,0.0,30,0.05,1,0,0,0
8766,5.0,5.0,0.0,30,0.05,1,0,0,0
8767,5.0,5.0,0.0,32,0.05,1,0,0,0
8768,4.0,4.0,0.0,29,0.05,0,1,0,0
8769,5.0,5.0,0.0,28,0.05,1,0,0,0
8770,5.0,5.0,0.0,28,0.05,1,0,0,0
8771,4.0,4.0,0.0,22,0.05,0,1,0,0
8772,5.0,5.0,0.0,31,0.05,1,0,0,0
8773,5.0,5.0,0.0,30,0.05,1,0,0,0
8774,5.0,5.0,0.0,28,0.05,1,0,0,0
8775,5.0,5.0,0.0,32,0.05,1,0,0,0
8776,5.0,5.0,0.0,28,0.05,1,0,0,0
8777,5.0,5.0,0.0,29,0.05,1,0,0,0
8778,5.0,5.0,0.0,28,0.05,1,0,0,0
8779,5.0,5.0,0.0,32,0.05,1,0,0,0
8780,5.0,5.0,0.0,28,0.05,1,0,0,0
8781,5.0,5.0,0.0,28,0.05,1,0,0,0
8782,5.0,5.0,0.0,30,0.05,1,0,0,0
8783,5.0,5.0,0.0,30,0.05,1,0,0,0
8784,5.0,5.0,0.0,31,0.05,1,0,0,0
8785,5.0,5.0,0.0,30,0.05,1,0,0,0
8786,5.0,5.0,0.0,30,0.05,1,0,0,0
8787,5.0,5.0,0.0,28,0.05,1,0,0,0
8788,5.0,5.0,0.0,28,0.05,1,0,0,0
8789,5.0,5.0,0.0,31,0.05,1,0,0,0
8790,5.0,5.0,0.0,32,0.05,1,0,0,0
8791,5.0,5.0,0.0,29,0.05,1,0,0,0
8792,5.0,5.0,0.0,28,0.05,1,0,0,0
8793,5.0,5.0,0.0,28,0.05,1,0,0,0
8794,5.0,5.0,0.0,32,0.05,1,0,0,0
8795,5.0,5.0,0.0,29,0.05,1,0,0,0
8796,5.0,5.0,0.0,28,0.05,1,0,0,0
8797,5.0,5.0,0.0,29,0.05,1,0,0,0
8798,5.0,5.0,0.0,28,0.05,1,0,0,0
8799,5.0,5.0,0.0,29,0.05,1,0,0,0
8800,5.0,5.0,0.0,32,0.05,1,0,0,0
8801,5.0,5.0,0.0,28,0.05,1,0,0,0
8802,5.0,5.0,0.0,30,0.05,1,0,0,0
8803,5.0,5.0,0.0,30,0.05,1,0,0,0
8804,5.0,5.0,0.0,28,0.05,1,0,0,0
8805,5.0,5.0,0.0,28,0.05,1,0,0,0
8806,5.0,5.0,0.0,32,0.05,1,0,0,0
8807,5.0,5.0,0.0,29,0.05,1,0,0,0
8808,5.0,5.0,0.0,30,0.05,1,0,0,0
8809,5.0,5.0,0.0,28,0.05,1,0,0,0
8810,5.0,5.0,0.0,28,0.05,1,0,0,0
8811,5.0,5.0,0.0,30,0.05,1,0,0,0
8812,5.0,5.0,0.0,30,0.05,1,0,0,0
8813,4.0,4.0,0.0,29,0.05,0,1,0,0
8814,5.0,5.0,0.0,30,0.05,1,0,0,0
8815,4.0,4.0,0.0,26,0.05,0,1,0,0
8816,5.0,5.0,0.0,28,0.05,1,0,0,0
8817,5.0,5.0,0.0,29,0.05,1,0,0,0
8818,5.0,5.0,0.0,28,0.05,1,0,0,0
8819,5.0,5.0,0.0,30,0.05,1,0,0,0
8820,5.0,5.0,0.0,28,0.05,1,0,0,0
8821,5.0,5.0,0.0,28,0.05,1,0,0,0
8822,4.0,4.0,0.0,24,0.05,0,1,0,0
8823,5.0,5.0,0.0,30,0.05,1,0,0,0
8824,5.0,5.0,0.0,30,0.05,1,0,0,0
8825,5.0,5.0,0.0,28,0.05,1,0,0,0
8826,5.0,5.0,0.0,32,0.05,1,0,0,0
8827,5.0,5.0,0.0,34,0.05,1,0,0,0
8828,5.0,5.0,0.0,30,0.05,1,0,0,0
8829,5.0,5.0,0.0,30,0.05,1,0,0,0
8830,5.0,5.0,0.0,29,0.05,1,0,0,0
8831,5.0,5.0,0.0,28,0.05,1,0,0,0
8832,5.0,5.0,0.0,28,0.05,1,0,0,0
8833,5.0,5.0,0.0,28,0.05,1,0,0,0
8834,5.0,5.0,0.0,28,0.05,1,0,0,0
8835,5.0,5.0,0.0,31,0.05,1,0,0,0
8836,5.0,5.0,0.0,28,0.05,1,0,0,0
8837,5.0,5.0,0.0,28,0.05,1,0,0,0
8838,5.0,5.0,0.0,28,0.05,1,0,0,0
8839,5.0,5.0,0.0,29,0.05,1,0,0,0
8840,5.0,5.0,0.0,29,0.05,1,0,0,0
8841,5.0,5.0,0.0,28,0.05,1,0,0,0
8842,5.0,5.0,0.0,35,0.05,1,0,0,0
8843,5.0,5.0,0.0,28,0.05,1,0,0,0
8844,5.0,5.0,0.0,30,0.05,1,0,0,0
8845,5.0,5.0,0.0,28,0.05,1,0,0,0
8846,5.0,5.0,0.0,31,0.05,1,0,0,0
8847,5.0,5.0,0.0,31,0.05,1,0,0,0
8848,5.0,5.0,0.0,28,0.05,1,0,0,0
8849,5.0,5.0,0.0,32,0.05,1,0,0,0
8850,5.0,5.0,0.0,28,0.05,1,0,0,0
8851,5.0,5.0,0.0,30,0.05,1,0,0,0
8852,5.0,5.0,0.0,32,0.05,1,0,0,0
8853,5.0,5.0,0.0,29,0.05,1,0,0,0
8854,5.0,5.0,0.0,32,0.05,1,0,0,0
8855,5.0,5.0,0.0,28,0.05,1,0,0,0
8856,5.0,5.0,0.0,32,0.05,1,0,0,0
8857,5.0,5.0,0.0,32,0.05,1,0,0,0
8858,5.0,5.0,0.0,29,0.05,1,0,0,0
8859,5.0,5.0,0.0,30,0.05,1,0,0,0
8860,5.0,5.0,0.0,28,0.05,1,0,0,0
8861,5.0,5.0,0.0,28,0.05,1,0,0,0
8862,5.0,5.0,0.0,28,0.05,1,0,0,0
8863,5.0,5.0,0.0,30,0.05,1,0,0,0
8864,5.0,5.0,0.0,30,0.05,1,0,0,0
8865,5.0,5.0,0.0,28,0.05,1,0,0,0
8866,5.0,5.0,0.0,31,0.05,1,0,0,0
8867,5.0,5.0,0.0,30,0.05,1,0,0,0
8868,5.0,5.0,0.0,31,0.05,1,0,0,0
8869,5.0,5.0,0.0,32,0.05,1,0,0,0
8870,5.0,5.0,0.0,34,0.05,1,0,0,0
8871,5.0,5.0,0.0,29,0.05,1,0,0,0
8872,5.0,5.0,0.0,35,0.05,1,0,0,0
8873,5.0,5.0,0.0,31,0.05,1,0,0,0
8874,5.0,5.0,0.0,28,0.05,1,0,0,0
8875,5.0,5.0,0.0,30,0.05,1,0,0,0
8876,5.0,5.0,0.0,32,0.05,1,0,0,0
8877,5.0,5.0,0.0,30,0.05,1,0,0,0
8878,5.0,5.0,0.0,28,0.05,1,0,0,0
8879,5.0,5.0,0.0,32,0.05,1,0,0,0
8880,5.0,5.0,0.0,32,0.05,1,0,0,0
8881,5.0,5.0,0.0,28,0.05,1,0,0,0
8882,5.0,5.0,0.0,28,0.05,1,0,0,0
8883,5.0,5.0,0.0,29,0.05,1,0,0,0
8884,5.0,5.0,0.0,30,0.05,1,0,0,0
8885,5.0,5.0,0.0,32,0.05,1,0,0,0
8886,5.0,5.0,0.0,28,0.05,1,0,0,0
8887,5.0,5.0,0.0,31,0.05,1,0,0,0
8888,5.0,5.0,0.0,35,0.05,1,0,0,0
8889,5.0,5.0,0.0,30,0.05,1,0,0,0
8890,5.0,5.0,0.0,29,0.05,1,0,0,0
8891,5.0,5.0,0.0,30,0.05,1,0,0,0
8892,5.0,5.0,0.0,28,0.05,1,0,0,0
8893,5.0,5.0,0.0,28,0.05,1,0,0,0
8894,5.0,5.0,0.0,28,0.05,1,0,0,0
8895,5.0,5.0,0.0,29,0.05,1,0,0,0
8896,5.0,5.0,0.0,29,0.05,1,0,0,0
8897,5.0,5.0,0.0,30,0.05,1,0,0,0
8898,5.0,5.0,0.0,30,0.05,1,0,0,0
8899,5.0,5.0,0.0,28,0.05,1,0,0,0
8900,4.0,4.0,0.0,28,0.05,0,1,0,0
8901,5.0,5.0,0.0,30,0.05,1,0,0,0
8902,5.0,5.0,0.0,28,0.05,1,0,0,0
8903,5.0,5.0,0.0,30,0.05,1,0,0,0
8904,5.0,5.0,0.0,30,0.05,1,0,0,0
8905,5.0,5.0,0.0,31,0.05,1,0,0,0
8906,5.0,5.0,0.0,30,0.05,1,0,0,0
8907,5.0,5.0,0.0,28,0.05,1,0,0,0
8908,5.0,5.0,0.0,28,0.05,1,0,0,0
8909,5.0,5.0,0.0,28,0.05,1,0,0,0
8910,5.0,5.0,0.0,32,0.05,1,0,0,0
8911,5.0,5.0,0.0,31,0.05,1,0,0,0
8912,5.0,5.0,0.0,30,0.05,1,0,0,0
8913,5.0,5.0,0.0,30,0.05,1,0,0,0
8914,5.0,5.0,0.0,28,0.05,1,0,0,0
8915,5.0,5.0,0.0,28,0.05,1,0,0,0
8916,5.0,5.0,0.0,29,0.05,1,0,0,0
8917,5.0,5.0,0.0,28,0.05,1,0,0,0
8918,5.0,5.0,0.0,28,0.05,1,0,0,0
8919,5.0,5.0,0.0,30,0.05,1,0,0,0
8920,5.0,5.0,0.0,28,0.05,1,0,0,0
8921,4.0,4.0,0.0,22,0.05,0,1,0,0
8922,5.0,5.0,0.0,30,0.05,1,0,0,0
8923,5.0,5.0,0.0,28,0.05,1,0,0,0
8924,5.0,5.0,0.0,31,0.05,1,0,0,0
8925,5.0,5.0,0.0,30,0.05,1,0,0,0
8926,5.0,5.0,0.0,30,0.05,1,0,0,0
8927,5.0,5.0,0.0,29,0.05,1,0,0,0
8928,5.0,5.0,0.0,28,0.05,1,0,0,0
8929,5.0,5.0,0.0,30,0.05,1,0,0,0
8930,5.0,5.0,0.0,30,0.05,1,0,0,0
8931,5.0,5.0,0.0,28,0.05,1,0,0,0
8932,5.0,5.0,0.0,29,0.05,1,0,0,0
8933,5.0,5.0,0.0,33,0.05,1,0,0,0
8934,5.0,5.0,0.0,28,0.05,1,0,0,0
8935,5.0,5.0,0.0,30,0.05,1,0,0,0
8936,5.0,5.0,0.0,31,0.05,1,0,0,0
8937,5.0,5.0,0.0,28,0.05,1,0,0,0
8938,5.0,5.0,0.0,28,0.05,1,0,0,0
8939,5.0,5.0,0.0,30,0.05,1,0,0,0
8940,5.0,5.0,0.0,28,0.05,1,0,0,0
8941,5.0,5.0,0.0,28,0.05,1,0,0,0
8942,5.0,5.0,0.0,30,0.05,1,0,0,0
8943,5.0,5.0,0.0,31,0.05,1,0,0,0
8944,5.0,5.0,0.0,30,0.05,1,0,0,0
8945,5.0,5.0,0.0,30,0.05,1,0,0,0
8946,5.0,5.0,0.0,28,0.05,1,0,0,0
8947,5.0,5.0,0.0,32,0.05,1,0,0,0
8948,5.0,5.0,0.0,28,0.05,1,0,0,0
8949,5.0,5.0,0.0,29,0.05,1,0,0,0
8950,5.0,5.0,0.0,28,0.05,1,0,0,0
8951,5.0,5.0,0.0,28,0.05,1,0,0,0
8952,5.0,5.0,0.0,32,0.05,1,0,0,0
8953,5.0,5.0,0.0,30,0.05,1,0,0,0
8954,5.0,5.0,0.0,32,0.05,1,0,0,0
8955,5.0,5.0,0.0,28,0.05,1,0,0,0
8956,5.0,5.0,0.0,32,0.05,1,0,0,0
8957,5.0,5.0,0.0,28,0.05,1,0,0,0
8958,2.0,2.0,0.0,24,0.05,0,1,0,0
8959,5.0,5.0,0.0,28,0.05,1,0,0,0
8960,5.0,5.0,0.0,28,0.05,1,0,0,0
8961,5.0,5.0,0.0,28,0.05,1,0,0,0
8962,5.0,5.0,0.0,28,0.05,1,0,0,0
8963,4.0,4.0,0.0,22,0.05,0,1,0,0
8964,5.0,5.0,0.0,30,0.05,1,0,0,0
8965,5.0,5.0,0.0,28,0.05,1,0,0,0
8966,5.0,5.0,0.0,32,0.05,1,0,0,0
8967,5.0,5.0,0.0,30,0.05,1,0,0,0
8968,5.0,5.0,0.0,28,0.05,1,0,0,0
8969,5.0,5.0,0.0,28,0.05,1,0,0,0
8970,5.0,5.0,0.0,28,0.05,1,0,0,0
8971,5.0,5.0,0.0,30,0.05,1,0,0,0
8972,5.0,5.0,0.0,30,0.05,1,0,0,0
8973,5.0,5.0,0.0,30,0.05,1,0,0,0
8974,5.0,5.0,0.0,30,0.05,1,0,0,0
8975,5.0,5.0,0.0,28,0.05,1,0,0,0
8976,5.0,5.0,0.0,28,0.05,1,0,0,0
8977,5.0,5.0,0.0,32,0.05,1,0,0,0
8978,5.0,5.0,0.0,32,0.05,1,0,0,0
8979,5.0,5.0,0.0,30,0.05,1,0,0,0
8980,5.0,5.0,0.0,28,0.05,1,0,0,0
8981,5.0,5.0,0.0,28,0.05,1,0,0,0
8982,5.0,5.0,0.0,30,0.05,1,0,0,0
8983,5.0,5.0,0.0,28,0.05,1,0,0,0
8984,5.0,5.0,0.0,28,0.05,1,0,0,0
8985,5.0,5.0,0.0,30,0.05,1,0,0,0
8986,5.0,5.0,0.0,28,0.05,1,0,0,0
8987,5.0,5.0,0.0,29,0.05,1,0,0,0
8988,5.0,5.0,0.0,31,0.05,1,0,0,0
8989,5.0,5.0,0.0,28,0.05,1,0,0,0
8990,5.0,5.0,0.0,28,0.05,1,0,0,0
8991,5.0,5.0,0.0,30,0.05,1,0,0,0
8992,5.0,5.0,0.0,30,0.05,1,0,0,0
8993,5.0,5.0,0.0,28,0.05,1,0,0,0
8994,5.0,5.0,0.0,32,0.05,1,0,0,0
8995,5.0,5.0,0.0,29,0.05,1,0,0,0
8996,5.0,5.0,0.0,37,0.05,1,0,0,0
8997,5.0,5.0,0.0,30,0.05,1,0,0,0
8998,5.0,5.0,0.0,28,0.05,1,0,0,0
8999,5.0,5.0,0.0,32,0.05,1,0,0,0
9000,5.0,5.0,0.0,29,0.05,1,0,0,0
9001,5.0,5.0,0.0,32,0.05,1,0,0,0
9002,4.0,4.0,0.0,22,0.05,0,1,0,0
9003,5.0,5.0,0.0,28,0.05,1,0,0,0
9004,5.0,5.0,0.0,32,0.05,1,0,0,0
9005,5.0,5.0,0.0,33,0.05,1,0,0,0
9006,5.0,5.0,0.0,30,0.05,1,0,0,0
9007,5.0,5.0,0.0,29,0.05,1,0,0,0
9008,5.0,5.0,0.0,30,0.05,1,0,0,0
9009,5.0,5.0,0.0,28,0.05,1,0,0,0
9010,4.0,4.0,0.0,29,0.05,0,1,0,0
9011,5.0,5.0,0.0,28,0.05,1,0,0,0
9012,5.0,5.0,0.0,28,0.05,1,0,0,0
9013,5.0,5.0,0.0,28,0.05,1,0,0,0
9014,5.0,5.0,0.0,28,0.05,1,0,0,0
9015,5.0,5.0,0.0,30,0.05,1,0,0,0
9016,5.0,5.0,0.0,30,0.05,1,0,0,0
9017,5.0,5.0,0.0,31,0.05,1,0,0,0
9018,5.0,5.0,0.0,30,0.05,1,0,0,0
9019,5.0,5.0,0.0,30,0.05,1,0,0,0
9020,5.0,5.0,0.0,28,0.05,1,0,0,0
9021,5.0,5.0,0.0,29,0.05,1,0,0,0
9022,5.0,5.0,0.0,28,0.05,1,0,0,0
9023,5.0,5.0,0.0,30,0.05,1,0,0,0
9024,5.0,5.0,0.0,29,0.05,1,0,0,0
9025,5.0,5.0,0.0,32,0.05,1,0,0,0
9026,5.0,5.0,0.0,28,0.05,1,0,0,0
9027,5.0,5.0,0.0,28,0.05,1,0,0,0
9028,5.0,5.0,0.0,29,0.05,1,0,0,0
9029,5.0,5.0,0.0,30,0.05,1,0,0,0
9030,5.0,5.0,0.0,32,0.05,1,0,0,0
9031,5.0,5.0,0.0,30,0.05,1,0,0,0
9032,5.0,5.0,0.0,28,0.05,1,0,0,0
9033,5.0,5.0,0.0,30,0.05,1,0,0,0
9034,5.0,5.0,0.0,31,0.05,1,0,0,0
9035,5.0,5.0,0.0,28,0.05,1,0,0,0
9036,5.0,5.0,0.0,28,0.05,1,0,0,0
9037,5.0,5.0,0.0,30,0.05,1,0,0,0
9038,5.0,5.0,0.0,28,0.05,1,0,0,0
9039,5.0,5.0,0.0,28,0.05,1,0,0,0
9040,5.0,5.0,0.0,32,0.05,1,0,0,0
9041,5.0,5.0,0.0,28,0.05,1,0,0,0
9042,5.0,5.0,0.0,33,0.05,1,0,0,0
9043,5.0,5.0,0.0,28,0.05,1,0,0,0
9044,5.0,5.0,0.0,28,0.05,1,0,0,0
9045,5.0,5.0,0.0,29,0.05,1,0,0,0
9046,2.0,2.0,0.0,20,0.05,0,1,0,0
9047,5.0,5.0,0.0,31,0.05,1,0,0,0
9048,2.0,2.0,0.0,21,0.05,0,1,0,0
9049,5.0,5.0,0.0,28,0.05,1,0,0,0
9050,5.0,5.0,0.0,29,0.05,1,0,0,0
9051,5.0,5.0,0.0,30,0.05,1,0,0,0
9052,5.0,5.0,0.0,30,0.05,1,0,0,0
9053,5.0,5.0,0.0,28,0.05,1,0,0,0
9054,5.0,5.0,0.0,28,0.05,1,0,0,0
9055,5.0,5.0,0.0,28,0.05,1,0,0,0
9056,5.0,5.0,0.0,28,0.05,1,0,0,0
9057,5.0,5.0,0.0,31,0.05,1,0,0,0
9058,5.0,5.0,0.0,28,0.05,1,0,0,0
9059,5.0,5.0,0.0,30,0.05,1,0,0,0
9060,5.0,5.0,0.0,28,0.05,1,0,0,0
9061,5.0,5.0,0.0,30,0.05,1,0,0,0
9062,5.0,5.0,0.0,33,0.05,1,0,0,0
9063,5.0,5.0,0.0,32,0.05,1,0,0,0
9064,5.0,5.0,0.0,29,0.05,1,0,0,0
9065,5.0,5.0,0.0,28,0.05,1,0,0,0
9066,5.0,5.0,0.0,28,0.05,1,0,0,0
9067,5.0,5.0,0.0,28,0.05,1,0,0,0
9068,5.0,5.0,0.0,32,0.05,1,0,0,0
9069,5.0,5.0,0.0,29,0.05,1,0,0,0
9070,5.0,5.0,0.0,32,0.05,1,0,0,0
9071,5.0,5.0,0.0,30,0.05,1,0,0,0
9072,5.0,5.0,0.0,28,0.05,1,0,0,0
9073,5.0,5.0,0.0,28,0.05,1,0,0,0
9074,5.0,5.0,0.0,28,0.05,1,0,0,0
9075,5.0,5.0,0.0,29,0.05,1,0,0,0
9076,5.0,5.0,0.0,28,0.05,1,0,0,0
9077,5.0,5.0,0.0,28,0.05,1,0,0,0
9078,5.0,5.0,0.0,28,0.05,1,0,0,0
9079,5.0,5.0,0.0,28,0.05,1,0,0,0
9080,5.0,5.0,0.0,28,0.05,1,0,0,0
9081,5.0,5.0,0.0,28,0.05,1,0,0,0
9082,5.0,5.0,0.0,28,0.05,1,0,0,0
9083,5.0,5.0,0.0,28,0.05,1,0,0,0
9084,5.0,5.0,0.0,28,0.05,1,0,0,0
9085,5.0,5.0,0.0,31,0.05,1,0,0,0
9086,5.0,5.0,0.0,34,0.05,1,0,0,0
9087,5.0,5.0,0.0,32,0.05,1,0,0,0
9088,5.0,5.0,0.0,28,0.05,1,0,0,0
9089,5.0,5.0,0.0,30,0.05,1,0,0,0
9090,5.0,5.0,0.0,30,0.05,1,0,0,0
9091,5.0,5.0,0.0,34,0.05,1,0,0,0
9092,5.0,5.0,0.0,30,0.05,1,0,0,0
9093,5.0,5.0,0.0,28,0.05,1,0,0,0
9094,4.0,4.0,0.0,24,0.05,0,1,0,0
9095,5.0,5.0,0.0,29,0.05,1,0,0,0
9096,5.0,5.0,0.0,28,0.05,1,0,0,0
9097,5.0,5.0,0.0,28,0.05,1,0,0,0
9098,5.0,5.0,0.0,28,0.05,1,0,0,0
9099,5.0,5.0,0.0,28,0.05,1,0,0,0
9100,5.0,5.0,0.0,30,0.05,1,0,0,0
9101,5.0,5.0,0.0,28,0.05,1,0,0,0
9102,4.0,4.0,0.0,23,0.05,0,1,0,0
9103,5.0,5.0,0.0,28,0.05,1,0,0,0
9104,5.0,5.0,0.0,36,0.05,1,0,0,0
9105,4.0,4.0,0.0,24,0.05,0,1,0,0
9106,5.0,5.0,0.0,28,0.05,1,0,0,0
9107,4.0,4.0,0.0,23,0.05,0,1,0,0
9108,5.0,5.0,0.0,28,0.05,1,0,0,0
9109,5.0,5.0,0.0,31,0.05,1,0,0,0
9110,5.0,5.0,0.0,28,0.05,1,0,0,0
9111,5.0,5.0,0.0,34,0.05,1,0,0,0
9112,5.0,5.0,0.0,29,0.05,1,0,0,0
9113,5.0,5.0,0.0,30,0.05,1,0,0,0
9114,5.0,5.0,0.0,29,0.05,1,0,0,0
9115,4.0,4.0,0.0,22,0.05,0,1,0,0
9116,5.0,5.0,0.0,28,0.05,1,0,0,0
9117,5.0,5.0,0.0,30,0.05,1,0,0,0
9118,5.0,5.0,0.0,28,0.05,1,0,0,0
9119,5.0,5.0,0.0,28,0.05,1,0,0,0
9120,5.0,5.0,0.0,29,0.05,1,0,0,0
9121,5.0,5.0,0.0,28,0.05,1,0,0,0
9122,5.0,5.0,0.0,30,0.05,1,0,0,0
9123,5.0,5.0,0.0,28,0.05,1,0,0,0
9124,5.0,5.0,0.0,30,0.05,1,0,0,0
9125,5.0,5.0,0.0,28,0.05,1,0,0,0
9126,5.0,5.0,0.0,32,0.05,1,0,0,0
9127,5.0,5.0,0.0,28,0.05,1,0,0,0
9128,5.0,5.0,0.0,32,0.05,1,0,0,0
9129,5.0,5.0,0.0,30,0.05,1,0,0,0
9130,5.0,5.0,0.0,28,0.05,1,0,0,0
9131,5.0,5.0,0.0,28,0.05,1,0,0,0
9132,5.0,5.0,0.0,28,0.05,1,0,0,0
9133,5.0,5.0,0.0,30,0.05,1,0,0,0
9134,5.0,5.0,0.0,30,0.05,1,0,0,0
9135,5.0,5.0,0.0,28,0.05,1,0,0,0
9136,5.0,5.0,0.0,28,0.05,1,0,0,0
9137,5.0,5.0,0.0,29,0.05,1,0,0,0
9138,5.0,5.0,0.0,28,0.05,1,0,0,0
9139,5.0,5.0,0.0,28,0.05,1,0,0,0
9140,5.0,5.0,0.0,31,0.05,1,0,0,0
9141,5.0,5.0,0.0,28,0.05,1,0,0,0
9142,5.0,5.0,0.0,28,0.05,1,0,0,0
9143,5.0,5.0,0.0,28,0.05,1,0,0,0
9144,5.0,5.0,0.0,28,0.05,1,0,0,0
9145,5.0,5.0,0.0,30,0.05,1,0,0,0
9146,5.0,5.0,0.0,29,0.05,1,0,0,0
9147,5.0,5.0,0.0,30,0.05,1,0,0,0
9148,5.0,5.0,0.0,34,0.05,1,0,0,0
9149,5.0,5.0,0.0,30,0.05,1,0,0,0
9150,5.0,5.0,0.0,30,0.05,1,0,0,0
9151,5.0,5.0,0.0,32,0.05,1,0,0,0
9152,5.0,5.0,0.0,28,0.05,1,0,0,0
9153,5.0,5.0,0.0,28,0.05,1,0,0,0
9154,5.0,5.0,0.0,28,0.05,1,0,0,0
9155,5.0,5.0,0.0,30,0.05,1,0,0,0
9156,5.0,5.0,0.0,29,0.05,1,0,0,0
9157,5.0,5.0,0.0,30,0.05,1,0,0,0
9158,5.0,5.0,0.0,38,0.05,1,0,0,0
9159,5.0,5.0,0.0,28,0.05,1,0,0,0
9160,4.0,4.0,0.0,28,0.05,0,1,0,0
9161,5.0,5.0,0.0,28,0.05,1,0,0,0
9162,5.0,5.0,0.0,28,0.05,1,0,0,0
9163,5.0,5.0,0.0,29,0.05,1,0,0,0
9164,5.0,5.0,0.0,28,0.05,1,0,0,0
9165,5.0,5.0,0.0,32,0.05,1,0,0,0
9166,5.0,5.0,0.0,28,0.05,1,0,0,0
9167,5.0,5.0,0.0,28,0.05,1,0,0,0
9168,5.0,5.0,0.0,30,0.05,1,0,0,0
9169,5.0,5.0,0.0,32,0.05,1,0,0,0
9170,5.0,5.0,0.0,28,0.05,1,0,0,0
9171,5.0,5.0,0.0,29,0.05,1,0,0,0
9172,5.0,5.0,0.0,28,0.05,1,0,0,0
9173,4.0,4.0,0.0,24,0.05,0,1,0,0
9174,5.0,5.0,0.0,30,0.05,1,0,0,0
9175,5.0,5.0,0.0,29,0.05,1,0,0,0
9176,5.0,5.0,0.0,29,0.05,1,0,0,0
9177,5.0,5.0,0.0,30,0.05,1,0,0,0
9178,5.0,5.0,0.0,28,0.05,1,0,0,0
9179,5.0,5.0,0.0,28,0.05,1,0,0,0
9180,5.0,5.0,0.0,28,0.05,1,0,0,0
9181,5.0,5.0,0.0,28,0.05,1,0,0,0
9182,5.0,5.0,0.0,30,0.05,1,0,0,0
9183,5.0,5.0,0.0,28,0.05,1,0,0,0
9184,5.0,5.0,0.0,28,0.05,1,0,0,0
9185,5.0,5.0,0.0,28,0.05,1,0,0,0
9186,2.0,2.0,0.0,21,0.05,0,1,0,0
9187,5.0,5.0,0.0,29,0.05,1,0,0,0
9188,5.0,5.0,0.0,28,0.05,1,0,0,0
9189,5.0,5.0,0.0,28,0.05,1,0,0,0
9190,5.0,5.0,0.0,32,0.05,1,0,0,0
9191,5.0,5.0,0.0,30,0.05,1,0,0,0
9192,5.0,5.0,0.0,28,0.05,1,0,0,0
9193,5.0,5.0,0.0,28,0.05,1,0,0,0
9194,5.0,5.0,0.0,32,0.05,1,0,0,0
9195,5.0,5.0,0.0,28,0.05,1,0,0,0
9196,5.0,5.0,0.0,32,0.05,1,0,0,0
9197,5.0,5.0,0.0,33,0.05,1,0,0,0
9198,5.0,5.0,0.0,28,0.05,1,0,0,0
9199,5.0,5.0,0.0,30,0.05,1,0,0,0
9200,5.0,5.0,0.0,30,0.05,1,0,0,0
9201,5.0,5.0,0.0,29,0.05,1,0,0,0
9202,5.0,5.0,0.0,30,0.05,1,0,0,0
9203,5.0,5.0,0.0,28,0.05,1,0,0,0
9204,5.0,5.0,0.0,28,0.05,1,0,0,0
9205,5.0,5.0,0.0,29,0.05,1,0,0,0
9206,5.0,5.0,0.0,34,0.05,1,0,0,0
9207,5.0,5.0,0.0,32,0.05,1,0,0,0
9208,5.0,5.0,0.0,28,0.05,1,0,0,0
9209,5.0,5.0,0.0,30,0.05,1,0,0,0
9210,5.0,5.0,0.0,29,0.05,1,0,0,0
9211,5.0,5.0,0.0,28,0.05,1,0,0,0
9212,5.0,5.0,0.0,30,0.05,1,0,0,0
9213,5.0,5.0,0.0,34,0.05,1,0,0,0
9214,5.0,5.0,0.0,30,0.05,1,0,0,0
9215,5.0,5.0,0.0,30,0.05,1,0,0,0
9216,5.0,5.0,0.0,30,0.05,1,0,0,0
9217,5.0,5.0,0.0,30,0.05,1,0,0,0
9218,5.0,5.0,0.0,28,0.05,1,0,0,0
9219,5.0,5.0,0.0,28,0.05,1,0,0,0
9220,5.0,5.0,0.0,30,0.05,1,0,0,0
9221,5.0,5.0,0.0,30,0.05,1,0,0,0
9222,5.0,5.0,0.0,28,0.05,1,0,0,0
9223,5.0,5.0,0.0,28,0.05,1,0,0,0
9224,5.0,5.0,0.0,28,0.05,1,0,0,0
9225,5.0,5.0,0.0,28,0.05,1,0,0,0
9226,5.0,5.0,0.0,31,0.05,1,0,0,0
9227,5.0,5.0,0.0,30,0.05,1,0,0,0
9228,5.0,5.0,0.0,32,0.05,1,0,0,0
9229,5.0,5.0,0.0,29,0.05,1,0,0,0
9230,5.0,5.0,0.0,28,0.05,1,0,0,0
9231,5.0,5.0,0.0,28,0.05,1,0,0,0
9232,5.0,5.0,0.0,32,0.05,1,0,0,0
9233,4.0,4.0,0.0,25,0.05,0,1,0,0
9234,5.0,5.0,0.0,30,0.05,1,0,0,0
9235,5.0,5.0,0.0,28,0.05,1,0,0,0
9236,5.0,5.0,0.0,28,0.05,1,0,0,0
9237,5.0,5.0,0.0,28,0.05,1,0,0,0
9238,5.0,5.0,0.0,32,0.05,1,0,0,0
9239,5.0,5.0,0.0,28,0.05,1,0,0,0
9240,5.0,5.0,0.0,28,0.05,1,0,0,0
9241,5.0,5.0,0.0,30,0.05,1,0,0,0
9242,5.0,5.0,0.0,29,0.05,1,0,0,0
9243,5.0,5.0,0.0,28,0.05,1,0,0,0
9244,5.0,5.0,0.0,28,0.05,1,0,0,0
9245,5.0,5.0,0.0,28,0.05,1,0,0,0
9246,5.0,5.0,0.0,30,0.05,1,0,0,0
9247,5.0,5.0,0.0,36,0.05,1,0,0,0
9248,5.0,5.0,0.0,30,0.05,1,0,0,0
9249,5.0,5.0,0.0,31,0.05,1,0,0,0
9250,5.0,5.0,0.0,28,0.05,1,0,0,0
9251,5.0,5.0,0.0,29,0.05,1,0,0,0
9252,5.0,5.0,0.0,28,0.05,1,0,0,0
9253,5.0,5.0,0.0,29,0.05,1,0,0,0
9254,5.0,5.0,0.0,29,0.05,1,0,0,0
9255,5.0,5.0,0.0,28,0.05,1,0,0,0
9256,5.0,5.0,0.0,31,0.05,1,0,0,0
9257,5.0,5.0,0.0,30,0.05,1,0,0,0
9258,5.0,5.0,0.0,30,0.05,1,0,0,0
9259,5.0,5.0,0.0,30,0.05,1,0,0,0
9260,5.0,5.0,0.0,32,0.05,1,0,0,0
9261,5.0,5.0,0.0,28,0.05,1,0,0,0
9262,5.0,5.0,0.0,30,0.05,1,0,0,0
9263,5.0,5.0,0.0,28,0.05,1,0,0,0
9264,5.0,5.0,0.0,28,0.05,1,0,0,0
9265,5.0,5.0,0.0,28,0.05,1,0,0,0
9266,5.0,5.0,0.0,31,0.05,1,0,0,0
9267,5.0,5.0,0.0,30,0.05,1,0,0,0
9268,5.0,5.0,0.0,30,0.05,1,0,0,0
9269,5.0,5.0,0.0,31,0.05,1,0,0,0
9270,5.0,5.0,0.0,32,0.05,1,0,0,0
9271,5.0,5.0,0.0,28,0.05,1,0,0,0
9272,5.0,5.0,0.0,29,0.05,1,0,0,0
9273,5.0,5.0,0.0,29,0.05,1,0,0,0
9274,5.0,5.0,0.0,30,0.05,1,0,0,0
9275,5.0,5.0,0.0,28,0.05,1,0,0,0
9276,5.0,5.0,0.0,30,0.05,1,0,0,0
9277,5.0,5.0,0.0,28,0.05,1,0,0,0
9278,5.0,5.0,0.0,32,0.05,1,0,0,0
9279,5.0,5.0,0.0,28,0.05,1,0,0,0
9280,5.0,5.0,0.0,28,0.05,1,0,0,0
9281,5.0,5.0,0.0,29,0.05,1,0,0,0
9282,5.0,5.0,0.0,31,0.05,1,0,0,0
9283,5.0,5.0,0.0,30,0.05,1,0,0,0
9284,5.0,5.0,0.0,28,0.05,1,0,0,0
9285,5.0,5.0,0.0,28,0.05,1,0,0,0
9286,5.0,5.0,0.0,30,0.05,1,0,0,0
9287,5.0,5.0,0.0,30,0.05,1,0,0,0
9288,5.0,5.0,0.0,28,0.05,1,0,0,0
9289,5.0,5.0,0.0,29,0.05,1,0,0,0
9290,4.0,4.0,0.0,24,0.05,0,1,0,0
9291,5.0,5.0,0.0,31,0.05,1,0,0,0
9292,5.0,5.0,0.0,28,0.05,1,0,0,0
9293,5.0,5.0,0.0,28,0.05,1,0,0,0
9294,5.0,5.0,0.0,28,0.05,1,0,0,0
9295,5.0,5.0,0.0,30,0.05,1,0,0,0
9296,5.0,5.0,0.0,30,0.05,1,0,0,0
9297,5.0,5.0,0.0,34,0.05,1,0,0,0
9298,5.0,5.0,0.0,30,0.05,1,0,0,0
9299,5.0,5.0,0.0,28,0.05,1,0,0,0
9300,5.0,5.0,0.0,28,0.05,1,0,0,0
9301,5.0,5.0,0.0,28,0.05,1,0,0,0
9302,5.0,5.0,0.0,32,0.05,1,0,0,0
9303,5.0,5.0,0.0,29,0.05,1,0,0,0
9304,5.0,5.0,0.0,28,0.05,1,0,0,0
9305,5.0,5.0,0.0,31,0.05,1,0,0,0
9306,5.0,5.0,0.0,29,0.05,1,0,0,0
9307,5.0,5.0,0.0,30,0.05,1,0,0,0
9308,5.0,5.0,0.0,28,0.05,1,0,0,0
9309,5.0,5.0,0.0,28,0.05,1,0,0,0
9310,5.0,5.0,0.0,28,0.05,1,0,0,0
9311,5.0,5.0,0.0,30,0.05,1,0,0,0
9312,5.0,5.0,0.0,34,0.05,1,0,0,0
9313,5.0,5.0,0.0,28,0.05,1,0,0,0
9314,5.0,5.0,0.0,30,0.05,1,0,0,0
9315,5.0,5.0,0.0,28,0.05,1,0,0,0
9316,5.0,5.0,0.0,28,0.05,1,0,0,0
9317,5.0,5.0,0.0,31,0.05,1,0,0,0
9318,5.0,5.0,0.0,31,0.05,1,0,0,0
9319,5.0,5.0,0.0,28,0.05,1,0,0,0
9320,5.0,5.0,0.0,28,0.05,1,0,0,0
9321,5.0,5.0,0.0,28,0.05,1,0,0,0
9322,5.0,5.0,0.0,32,0.05,1,0,0,0
9323,5.0,5.0,0.0,30,0.05,1,0,0,0
9324,5.0,5.0,0.0,28,0.05,1,0,0,0
9325,5.0,5.0,0.0,28,0.05,1,0,0,0
9326,5.0,5.0,0.0,30,0.05,1,0,0,0
9327,5.0,5.0,0.0,28,0.05,1,0,0,0
9328,5.0,5.0,0.0,28,0.05,1,0,0,0
9329,5.0,5.0,0.0,32,0.05,1,0,0,0
9330,5.0,5.0,0.0,28,0.05,1,0,0,0
9331,5.0,5.0,0.0,28,0.05,1,0,0,0
9332,5.0,5.0,0.0,28,0.05,1,0,0,0
9333,5.0,5.0,0.0,28,0.05,1,0,0,0
9334,5.0,5.0,0.0,30,0.05,1,0,0,0
9335,5.0,5.0,0.0,28,0.05,1,0,0,0
9336,5.0,5.0,0.0,28,0.05,1,0,0,0
9337,5.0,5.0,0.0,28,0.05,1,0,0,0
9338,5.0,5.0,0.0,30,0.05,1,0,0,0
9339,5.0,5.0,0.0,28,0.05,1,0,0,0
9340,5.0,5.0,0.0,29,0.05,1,0,0,0
9341,5.0,5.0,0.0,28,0.05,1,0,0,0
9342,5.0,5.0,0.0,29,0.05,1,0,0,0
9343,5.0,5.0,0.0,29,0.05,1,0,0,0
9344,5.0,5.0,0.0,33,0.05,1,0,0,0
9345,5.0,5.0,0.0,29,0.05,1,0,0,0
9346,5.0,5.0,0.0,34,0.05,1,0,0,0
9347,5.0,5.0,0.0,34,0.05,1,0,0,0
9348,5.0,5.0,0.0,29,0.05,1,0,0,0
9349,5.0,5.0,0.0,28,0.05,1,0,0,0
9350,5.0,5.0,0.0,30,0.05,1,0,0,0
9351,5.0,5.0,0.0,28,0.05,1,0,0,0
9352,5.0,5.0,0.0,28,0.05,1,0,0,0
9353,5.0,5.0,0.0,28,0.05,1,0,0,0
9354,5.0,5.0,0.0,28,0.05,1,0,0,0
9355,5.0,5.0,0.0,28,0.05,1,0,0,0
9356,5.0,5.0,0.0,28,0.05,1,0,0,0
9357,4.0,4.0,0.0,22,0.05,0,1,0,0
9358,5.0,5.0,0.0,28,0.05,1,0,0,0
9359,5.0,5.0,0.0,28,0.05,1,0,0,0
9360,5.0,5.0,0.0,29,0.05,1,0,0,0
9361,5.0,5.0,0.0,28,0.05,1,0,0,0
9362,5.0,5.0,0.0,28,0.05,1,0,0,0
9363,5.0,5.0,0.0,30,0.05,1,0,0,0
9364,5.0,5.0,0.0,28,0.05,1,0,0,0
9365,5.0,5.0,0.0,28,0.05,1,0,0,0
9366,5.0,5.0,0.0,33,0.05,1,0,0,0
9367,5.0,5.0,0.0,32,0.05,1,0,0,0
9368,5.0,5.0,0.0,30,0.05,1,0,0,0
9369,5.0,5.0,0.0,30,0.05,1,0,0,0
9370,5.0,5.0,0.0,34,0.05,1,0,0,0
9371,5.0,5.0,0.0,30,0.05,1,0,0,0
9372,5.0,5.0,0.0,28,0.05,1,0,0,0
9373,5.0,5.0,0.0,33,0.05,1,0,0,0
9374,5.0,5.0,0.0,28,0.05,1,0,0,0
9375,5.0,5.0,0.0,30,0.05,1,0,0,0
9376,5.0,5.0,0.0,32,0.05,1,0,0,0
9377,5.0,5.0,0.0,31,0.05,1,0,0,0
9378,4.0,4.0,0.0,23,0.05,0,1,0,0
9379,5.0,5.0,0.0,33,0.05,1,0,0,0
9380,5.0,5.0,0.0,28,0.05,1,0,0,0
9381,5.0,5.0,0.0,28,0.05,1,0,0,0
9382,5.0,5.0,0.0,28,0.05,1,0,0,0
9383,5.0,5.0,0.0,28,0.05,1,0,0,0
9384,4.0,4.0,0.0,34,0.05,0,1,0,0
9385,5.0,5.0,0.0,28,0.05,1,0,0,0
9386,5.0,5.0,0.0,31,0.05,1,0,0,0
9387,5.0,5.0,0.0,32,0.05,1,0,0,0
9388,5.0,5.0,0.0,28,0.05,1,0,0,0
9389,4.0,4.0,0.0,29,0.05,0,1,0,0
9390,5.0,5.0,0.0,30,0.05,1,0,0,0
9391,5.0,5.0,0.0,30,0.05,1,0,0,0
9392,5.0,5.0,0.0,30,0.05,1,0,0,0
9393,5.0,5.0,0.0,32,0.05,1,0,0,0
9394,5.0,5.0,0.0,30,0.05,1,0,0,0
9395,5.0,5.0,0.0,28,0.05,1,0,0,0
9396,5.0,5.0,0.0,28,0.05,1,0,0,0
9397,5.0,5.0,0.0,29,0.05,1,0,0,0
9398,5.0,5.0,0.0,30,0.05,1,0,0,0
9399,5.0,5.0,0.0,30,0.05,1,0,0,0
9400,5.0,5.0,0.0,30,0.05,1,0,0,0
9401,5.0,5.0,0.0,28,0.05,1,0,0,0
9402,5.0,5.0,0.0,28,0.05,1,0,0,0
9403,5.0,5.0,0.0,30,0.05,1,0,0,0
9404,5.0,5.0,0.0,28,0.05,1,0,0,0
9405,5.0,5.0,0.0,32,0.05,1,0,0,0
9406,5.0,5.0,0.0,30,0.05,1,0,0,0
9407,5.0,5.0,0.0,29,0.05,1,0,0,0
9408,5.0,5.0,0.0,28,0.05,1,0,0,0
9409,5.0,5.0,0.0,30,0.05,1,0,0,0
9410,5.0,5.0,0.0,32,0.05,1,0,0,0
9411,5.0,5.0,0.0,28,0.05,1,0,0,0
9412,5.0,5.0,0.0,28,0.05,1,0,0,0
9413,5.0,5.0,0.0,29,0.05,1,0,0,0
9414,5.0,5.0,0.0,28,0.05,1,0,0,0
9415,4.0,4.0,0.0,25,0.05,0,1,0,0
9416,5.0,5.0,0.0,30,0.05,1,0,0,0
9417,5.0,5.0,0.0,29,0.05,1,0,0,0
9418,5.0,5.0,0.0,28,0.05,1,0,0,0
9419,5.0,5.0,0.0,31,0.05,1,0,0,0
9420,5.0,5.0,0.0,30,0.05,1,0,0,0
9421,5.0,5.0,0.0,31,0.05,1,0,0,0
9422,5.0,5.0,0.0,30,0.05,1,0,0,0
9423,5.0,5.0,0.0,30,0.05,1,0,0,0
9424,5.0,5.0,0.0,28,0.05,1,0,0,0
9425,5.0,5.0,0.0,32,0.05,1,0,0,0
9426,5.0,5.0,0.0,28,0.05,1,0,0,0
9427,5.0,5.0,0.0,30,0.05,1,0,0,0
9428,5.0,5.0,0.0,32,0.05,1,0,0,0
9429,5.0,5.0,0.0,35,0.05,1,0,0,0
9430,5.0,5.0,0.0,30,0.05,1,0,0,0
9431,5.0,5.0,0.0,30,0.05,1,0,0,0
9432,5.0,5.0,0.0,30,0.05,1,0,0,0
9433,5.0,5.0,0.0,28,0.05,1,0,0,0
9434,5.0,5.0,0.0,29,0.05,1,0,0,0
9435,5.0,5.0,0.0,32,0.05,1,0,0,0
9436,5.0,5.0,0.0,28,0.05,1,0,0,0
9437,5.0,5.0,0.0,28,0.05,1,0,0,0
9438,5.0,5.0,0.0,30,0.05,1,0,0,0
9439,5.0,5.0,0.0,28,0.05,1,0,0,0
9440,5.0,5.0,0.0,28,0.05,1,0,0,0
9441,5.0,5.0,0.0,28,0.05,1,0,0,0
9442,5.0,5.0,0.0,28,0.05,1,0,0,0
9443,5.0,5.0,0.0,29,0.05,1,0,0,0
9444,5.0,5.0,0.0,30,0.05,1,0,0,0
9445,5.0,5.0,0.0,28,0.05,1,0,0,0
9446,5.0,5.0,0.0,28,0.05,1,0,0,0
9447,5.0,5.0,0.0,28,0.05,1,0,0,0
9448,4.0,4.0,0.0,24,0.05,0,1,0,0
9449,5.0,5.0,0.0,30,0.05,1,0,0,0
9450,5.0,5.0,0.0,32,0.05,1,0,0,0
9451,5.0,5.0,0.0,28,0.05,1,0,0,0
9452,5.0,5.0,0.0,30,0.05,1,0,0,0
9453,5.0,5.0,0.0,28,0.05,1,0,0,0
9454,5.0,5.0,0.0,28,0.05,1,0,0,0
9455,5.0,5.0,0.0,30,0.05,1,0,0,0
9456,5.0,5.0,0.0,30,0.05,1,0,0,0
9457,5.0,5.0,0.0,33,0.05,1,0,0,0
9458,5.0,5.0,0.0,28,0.05,1,0,0,0
9459,5.0,5.0,0.0,28,0.05,1,0,0,0
9460,5.0,5.0,0.0,30,0.05,1,0,0,0
9461,5.0,5.0,0.0,30,0.05,1,0,0,0
9462,5.0,5.0,0.0,28,0.05,1,0,0,0
9463,5.0,5.0,0.0,29,0.05,1,0,0,0
9464,4.0,4.0,0.0,28,0.05,0,1,0,0
9465,5.0,5.0,0.0,30,0.05,1,0,0,0
9466,5.0,5.0,0.0,33,0.05,1,0,0,0
9467,5.0,5.0,0.0,28,0.05,1,0,0,0
9468,5.0,5.0,0.0,30,0.05,1,0,0,0
9469,5.0,5.0,0.0,30,0.05,1,0,0,0
9470,5.0,5.0,0.0,30,0.05,1,0,0,0
9471,5.0,5.0,0.0,30,0.05,1,0,0,0
9472,4.0,4.0,0.0,24,0.05,0,1,0,0
9473,5.0,5.0,0.0,30,0.05,1,0,0,0
9474,5.0,5.0,0.0,30,0.05,1,0,0,0
9475,5.0,5.0,0.0,30,0.05,1,0,0,0
9476,5.0,5.0,0.0,28,0.05,1,0,0,0
9477,5.0,5.0,0.0,32,0.05,1,0,0,0
9478,5.0,5.0,0.0,28,0.05,1,0,0,0
9479,5.0,5.0,0.0,28,0.05,1,0,0,0
9480,5.0,5.0,0.0,30,0.05,1,0,0,0
9481,5.0,5.0,0.0,29,0.05,1,0,0,0
9482,5.0,5.0,0.0,32,0.05,1,0,0,0
9483,5.0,5.0,0.0,31,0.05,1,0,0,0
9484,5.0,5.0,0.0,30,0.05,1,0,0,0
9485,5.0,5.0,0.0,32,0.05,1,0,0,0
9486,5.0,5.0,0.0,28,0.05,1,0,0,0
9487,5.0,5.0,0.0,28,0.05,1,0,0,0
9488,5.0,5.0,0.0,28,0.05,1,0,0,0
9489,5.0,5.0,0.0,34,0.05,1,0,0,0
9490,5.0,5.0,0.0,30,0.05,1,0,0,0
9491,5.0,5.0,0.0,28,0.05,1,0,0,0
9492,5.0,5.0,0.0,28,0.05,1,0,0,0
9493,5.0,5.0,0.0,28,0.05,1,0,0,0
9494,5.0,5.0,0.0,30,0.05,1,0,0,0
9495,5.0,5.0,0.0,28,0.05,1,0,0,0
9496,5.0,5.0,0.0,28,0.05,1,0,0,0
9497,5.0,5.0,0.0,30,0.05,1,0,0,0
9498,5.0,5.0,0.0,28,0.05,1,0,0,0
9499,5.0,5.0,0.0,32,0.05,1,0,0,0
9500,5.0,5.0,0.0,29,0.05,1,0,0,0
9501,5.0,5.0,0.0,28,0.05,1,0,0,0
9502,5.0,5.0,0.0,28,0.05,1,0,0,0
9503,5.0,5.0,0.0,30,0.05,1,0,0,0
9504,5.0,5.0,0.0,28,0.05,1,0,0,0
9505,5.0,5.0,0.0,32,0.05,1,0,0,0
9506,5.0,5.0,0.0,28,0.05,1,0,0,0
9507,5.0,5.0,0.0,30,0.05,1,0,0,0
9508,5.0,5.0,0.0,28,0.05,1,0,0,0
9509,5.0,5.0,0.0,30,0.05,1,0,0,0
9510,5.0,5.0,0.0,32,0.05,1,0,0,0
9511,5.0,5.0,0.0,28,0.05,1,0,0,0
9512,5.0,5.0,0.0,31,0.05,1,0,0,0
9513,4.0,4.0,0.0,26,0.05,0,1,0,0
9514,5.0,5.0,0.0,29,0.05,1,0,0,0
9515,5.0,5.0,0.0,28,0.05,1,0,0,0
9516,5.0,5.0,0.0,32,0.05,1,0,0,0
9517,5.0,5.0,0.0,28,0.05,1,0,0,0
9518,4.0,4.0,0.0,28,0.05,0,1,0,0
9519,5.0,5.0,0.0,28,0.05,1,0,0,0
9520,5.0,5.0,0.0,30,0.05,1,0,0,0
9521,5.0,5.0,0.0,28,0.05,1,0,0,0
9522,5.0,5.0,0.0,28,0.05,1,0,0,0
9523,5.0,5.0,0.0,29,0.05,1,0,0,0
9524,5.0,5.0,0.0,30,0.05,1,0,0,0
9525,4.0,4.0,0.0,22,0.05,0,1,0,0
9526,5.0,5.0,0.0,28,0.05,1,0,0,0
9527,5.0,5.0,0.0,29,0.05,1,0,0,0
9528,5.0,5.0,0.0,28,0.05,1,0,0,0
9529,5.0,5.0,0.0,28,0.05,1,0,0,0
9530,5.0,5.0,0.0,30,0.05,1,0,0,0
9531,5.0,5.0,0.0,29,0.05,1,0,0,0
9532,5.0,5.0,0.0,28,0.05,1,0,0,0
9533,5.0,5.0,0.0,33,0.05,1,0,0,0
9534,5.0,5.0,0.0,34,0.05,1,0,0,0
9535,5.0,5.0,0.0,32,0.05,1,0,0,0
9536,5.0,5.0,0.0,28,0.05,1,0,0,0
9537,5.0,5.0,0.0,30,0.05,1,0,0,0
9538,5.0,5.0,0.0,31,0.05,1,0,0,0
9539,5.0,5.0,0.0,30,0.05,1,0,0,0
9540,5.0,5.0,0.0,29,0.05,1,0,0,0
9541,5.0,5.0,0.0,28,0.05,1,0,0,0
9542,5.0,5.0,0.0,28,0.05,1,0,0,0
9543,5.0,5.0,0.0,32,0.05,1,0,0,0
9544,5.0,5.0,0.0,28,0.05,1,0,0,0
9545,5.0,5.0,0.0,29,0.05,1,0,0,0
9546,5.0,5.0,0.0,28,0.05,1,0,0,0
9547,5.0,5.0,0.0,28,0.05,1,0,0,0
9548,5.0,5.0,0.0,32,0.05,1,0,0,0
9549,5.0,5.0,0.0,30,0.05,1,0,0,0
9550,5.0,5.0,0.0,28,0.05,1,0,0,0
9551,5.0,5.0,0.0,30,0.05,1,0,0,0
9552,5.0,5.0,0.0,28,0.05,1,0,0,0
9553,5.0,5.0,0.0,28,0.05,1,0,0,0
9554,5.0,5.0,0.0,32,0.05,1,0,0,0
9555,5.0,5.0,0.0,28,0.05,1,0,0,0
9556,5.0,5.0,0.0,31,0.05,1,0,0,0
9557,4.0,4.0,0.0,22,0.05,0,1,0,0
9558,5.0,5.0,0.0,33,0.05,1,0,0,0
9559,5.0,5.0,0.0,28,0.05,1,0,0,0
9560,5.0,5.0,0.0,29,0.05,1,0,0,0
9561,5.0,5.0,0.0,30,0.05,1,0,0,0
9562,5.0,5.0,0.0,30,0.05,1,0,0,0
9563,5.0,5.0,0.0,28,0.05,1,0,0,0
9564,5.0,5.0,0.0,29,0.05,1,0,0,0
9565,5.0,5.0,0.0,29,0.05,1,0,0,0
9566,4.0,4.0,0.0,25,0.05,0,1,0,0
9567,5.0,5.0,0.0,30,0.05,1,0,0,0
9568,5.0,5.0,0.0,30,0.05,1,0,0,0
9569,5.0,5.0,0.0,29,0.05,1,0,0,0
9570,5.0,5.0,0.0,30,0.05,1,0,0,0
9571,5.0,5.0,0.0,29,0.05,1,0,0,0
9572,5.0,5.0,0.0,30,0.05,1,0,0,0
9573,5.0,5.0,0.0,30,0.05,1,0,0,0
9574,5.0,5.0,0.0,31,0.05,1,0,0,0
9575,5.0,5.0,0.0,28,0.05,1,0,0,0
9576,5.0,5.0,0.0,28,0.05,1,0,0,0
9577,5.0,5.0,0.0,30,0.05,1,0,0,0
9578,5.0,5.0,0.0,32,0.05,1,0,0,0
9579,5.0,5.0,0.0,34,0.05,1,0,0,0
9580,5.0,5.0,0.0,28,0.05,1,0,0,0
9581,4.0,4.0,0.0,22,0.05,0,1,0,0
9582,5.0,5.0,0.0,32,0.05,1,0,0,0
9583,5.0,5.0,0.0,28,0.05,1,0,0,0
9584,5.0,5.0,0.0,30,0.05,1,0,0,0
9585,5.0,5.0,0.0,32,0.05,1,0,0,0
9586,5.0,5.0,0.0,28,0.05,1,0,0,0
9587,5.0,5.0,0.0,28,0.05,1,0,0,0
9588,5.0,5.0,0.0,28,0.05,1,0,0,0
9589,5.0,5.0,0.0,29,0.05,1,0,0,0
9590,5.0,5.0,0.0,30,0.05,1,0,0,0
9591,5.0,5.0,0.0,28,0.05,1,0,0,0
9592,5.0,5.0,0.0,28,0.05,1,0,0,0
9593,5.0,5.0,0.0,35,0.05,1,0,0,0
9594,5.0,5.0,0.0,30,0.05,1,0,0,0
9595,5.0,5.0,0.0,28,0.05,1,0,0,0
9596,5.0,5.0,0.0,30,0.05,1,0,0,0
9597,5.0,5.0,0.0,31,0.05,1,0,0,0
9598,5.0,5.0,0.0,30,0.05,1,0,0,0
9599,5.0,5.0,0.0,35,0.05,1,0,0,0
9600,5.0,5.0,0.0,30,0.05,1,0,0,0
9601,5.0,5.0,0.0,31,0.05,1,0,0,0
9602,5.0,5.0,0.0,34,0.05,1,0,0,0
9603,5.0,5.0,0.0,30,0.05,1,0,0,0
9604,5.0,5.0,0.0,28,0.05,1,0,0,0
9605,5.0,5.0,0.0,30,0.05,1,0,0,0
9606,5.0,5.0,0.0,31,0.05,1,0,0,0
9607,5.0,5.0,0.0,28,0.05,1,0,0,0
9608,5.0,5.0,0.0,30,0.05,1,0,0,0
9609,5.0,5.0,0.0,28,0.05,1,0,0,0
9610,5.0,5.0,0.0,30,0.05,1,0,0,0
9611,5.0,5.0,0.0,37,0.05,1,0,0,0
9612,5.0,5.0,0.0,29,0.05,1,0,0,0
9613,5.0,5.0,0.0,28,0.05,1,0,0,0
9614,5.0,5.0,0.0,28,0.05,1,0,0,0
9615,5.0,5.0,0.0,30,0.05,1,0,0,0
9616,5.0,5.0,0.0,28,0.05,1,0,0,0
9617,5.0,5.0,0.0,28,0.05,1,0,0,0
9618,5.0,5.0,0.0,28,0.05,1,0,0,0
9619,5.0,5.0,0.0,28,0.05,1,0,0,0
9620,5.0,5.0,0.0,28,0.05,1,0,0,0
9621,5.0,5.0,0.0,28,0.05,1,0,0,0
9622,5.0,5.0,0.0,28,0.05,1,0,0,0
9623,5.0,5.0,0.0,28,0.05,1,0,0,0
9624,5.0,5.0,0.0,28,0.05,1,0,0,0
9625,5.0,5.0,0.0,33,0.05,1,0,0,0
9626,5.0,5.0,0.0,30,0.05,1,0,0,0
9627,5.0,5.0,0.0,29,0.05,1,0,0,0
9628,5.0,5.0,0.0,30,0.05,1,0,0,0
9629,5.0,5.0,0.0,30,0.05,1,0,0,0
9630,5.0,5.0,0.0,31,0.05,1,0,0,0
9631,5.0,5.0,0.0,34,0.05,1,0,0,0
9632,5.0,5.0,0.0,28,0.05,1,0,0,0
9633,5.0,5.0,0.0,28,0.05,1,0,0,0
9634,5.0,5.0,0.0,28,0.05,1,0,0,0
9635,5.0,5.0,0.0,28,0.05,1,0,0,0
9636,5.0,5.0,0.0,31,0.05,1,0,0,0
9637,5.0,5.0,0.0,32,0.05,1,0,0,0
9638,5.0,5.0,0.0,30,0.05,1,0,0,0
9639,5.0,5.0,0.0,32,0.05,1,0,0,0
9640,5.0,5.0,0.0,30,0.05,1,0,0,0
9641,5.0,5.0,0.0,28,0.05,1,0,0,0
9642,5.0,5.0,0.0,37,0.05,1,0,0,0
9643,5.0,5.0,0.0,28,0.05,1,0,0,0
9644,5.0,5.0,0.0,30,0.05,1,0,0,0
9645,5.0,5.0,0.0,28,0.05,1,0,0,0
9646,5.0,5.0,0.0,30,0.05,1,0,0,0
9647,5.0,5.0,0.0,28,0.05,1,0,0,0
9648,5.0,5.0,0.0,30,0.05,1,0,0,0
9649,4.0,4.0,0.0,23,0.05,0,1,0,0
9650,5.0,5.0,0.0,30,0.05,1,0,0,0
9651,5.0,5.0,0.0,28,0.05,1,0,0,0
9652,5.0,5.0,0.0,28,0.05,1,0,0,0
9653,5.0,5.0,0.0,30,0.05,1,0,0,0
9654,5.0,5.0,0.0,31,0.05,1,0,0,0
9655,4.0,4.0,0.0,28,0.05,0,1,0,0
9656,5.0,5.0,0.0,30,0.05,1,0,0,0
9657,5.0,5.0,0.0,30,0.05,1,0,0,0
9658,5.0,5.0,0.0,29,0.05,1,0,0,0
9659,5.0,5.0,0.0,28,0.05,1,0,0,0
9660,5.0,5.0,0.0,30,0.05,1,0,0,0
9661,5.0,5.0,0.0,28,0.05,1,0,0,0
9662,5.0,5.0,0.0,30,0.05,1,0,0,0
9663,5.0,5.0,0.0,30,0.05,1,0,0,0
9664,5.0,5.0,0.0,29,0.05,1,0,0,0
9665,5.0,5.0,0.0,30,0.05,1,0,0,0
9666,5.0,5.0,0.0,28,0.05,1,0,0,0
9667,5.0,5.0,0.0,33,0.05,1,0,0,0
9668,5.0,5.0,0.0,32,0.05,1,0,0,0
9669,5.0,5.0,0.0,35,0.05,1,0,0,0
9670,5.0,5.0,0.0,35,0.05,1,0,0,0
9671,5.0,5.0,0.0,28,0.05,1,0,0,0
9672,5.0,5.0,0.0,31,0.05,1,0,0,0
9673,5.0,5.0,0.0,29,0.05,1,0,0,0
9674,5.0,5.0,0.0,28,0.05,1,0,0,0
9675,5.0,5.0,0.0,28,0.05,1,0,0,0
9676,5.0,5.0,0.0,30,0.05,1,0,0,0
9677,5.0,5.0,0.0,30,0.05,1,0,0,0
9678,5.0,5.0,0.0,29,0.05,1,0,0,0
9679,5.0,5.0,0.0,30,0.05,1,0,0,0
9680,5.0,5.0,0.0,30,0.05,1,0,0,0
9681,5.0,5.0,0.0,31,0.05,1,0,0,0
9682,5.0,5.0,0.0,28,0.05,1,0,0,0
9683,5.0,5.0,0.0,32,0.05,1,0,0,0
9684,5.0,5.0,0.0,28,0.05,1,0,0,0
9685,5.0,5.0,0.0,32,0.05,1,0,0,0
9686,5.0,5.0,0.0,29,0.05,1,0,0,0
9687,5.0,5.0,0.0,30,0.05,1,0,0,0
9688,5.0,5.0,0.0,30,0.05,1,0,0,0
9689,5.0,5.0,0.0,30,0.05,1,0,0,0
9690,5.0,5.0,0.0,28,0.05,1,0,0,0
9691,5.0,5.0,0.0,31,0.05,1,0,0,0
9692,5.0,5.0,0.0,32,0.05,1,0,0,0
9693,5.0,5.0,0.0,28,0.05,1,0,0,0
9694,5.0,5.0,0.0,30,0.05,1,0,0,0
9695,5.0,5.0,0.0,28,0.05,1,0,0,0
9696,5.0,5.0,0.0,28,0.05,1,0,0,0
9697,5.0,5.0,0.0,30,0.05,1,0,0,0
9698,5.0,5.0,0.0,28,0.05,1,0,0,0
9699,5.0,5.0,0.0,32,0.05,1,0,0,0
9700,5.0,5.0,0.0,28,0.05,1,0,0,0
9701,5.0,5.0,0.0,28,0.05,1,0,0,0
9702,5.0,5.0,0.0,30,0.05,1,0,0,0
9703,5.0,5.0,0.0,30,0.05,1,0,0,0
9704,5.0,5.0,0.0,30,0.05,1,0,0,0
9705,5.0,5.0,0.0,29,0.05,1,0,0,0
9706,5.0,5.0,0.0,28,0.05,1,0,0,0
9707,5.0,5.0,0.0,28,0.05,1,0,0,0
9708,5.0,5.0,0.0,30,0.05,1,0,0,0
9709,5.0,5.0,0.0,28,0.05,1,0,0,0
9710,5.0,5.0,0.0,34,0.05,1,0,0,0
9711,5.0,5.0,0.0,28,0.05,1,0,0,0
9712,5.0,5.0,0.0,28,0.05,1,0,0,0
9713,5.0,5.0,0.0,31,0.05,1,0,0,0
9714,5.0,5.0,0.0,28,0.05,1,0,0,0
9715,5.0,5.0,0.0,29,0.05,1,0,0,0
9716,5.0,5.0,0.0,30,0.05,1,0,0,0
9717,5.0,5.0,0.0,28,0.05,1,0,0,0
9718,5.0,5.0,0.0,30,0.05,1,0,0,0
9719,5.0,5.0,0.0,34,0.05,1,0,0,0
9720,5.0,5.0,0.0,28,0.05,1,0,0,0
9721,5.0,5.0,0.0,30,0.05,1,0,0,0
9722,5.0,5.0,0.0,28,0.05,1,0,0,0
9723,5.0,5.0,0.0,30,0.05,1,0,0,0
9724,5.0,5.0,0.0,32,0.05,1,0,0,0
9725,4.0,4.0,0.0,22,0.05,0,1,0,0
9726,5.0,5.0,0.0,30,0.05,1,0,0,0
9727,5.0,5.0,0.0,30,0.05,1,0,0,0
9728,5.0,5.0,0.0,30,0.05,1,0,0,0
9729,5.0,5.0,0.0,33,0.05,1,0,0,0
9730,5.0,5.0,0.0,28,0.05,1,0,0,0
9731,5.0,5.0,0.0,29,0.05,1,0,0,0
9732,5.0,5.0,0.0,31,0.05,1,0,0,0
9733,5.0,5.0,0.0,32,0.05,1,0,0,0
9734,5.0,5.0,0.0,28,0.05,1,0,0,0
9735,5.0,5.0,0.0,30,0.05,1,0,0,0
9736,5.0,5.0,0.0,30,0.05,1,0,0,0
9737,5.0,5.0,0.0,28,0.05,1,0,0,0
9738,5.0,5.0,0.0,28,0.05,1,0,0,0
9739,5.0,5.0,0.0,28,0.05,1,0,0,0
9740,5.0,5.0,0.0,30,0.05,1,0,0,0
9741,5.0,5.0,0.0,30,0.05,1,0,0,0
9742,4.0,4.0,0.0,24,0.05,0,1,0,0
9743,5.0,5.0,0.0,28,0.05,1,0,0,0
9744,5.0,5.0,0.0,30,0.05,1,0,0,0
9745,5.0,5.0,0.0,32,0.05,1,0,0,0
9746,5.0,5.0,0.0,31,0.05,1,0,0,0
9747,5.0,5.0,0.0,30,0.05,1,0,0,0
9748,5.0,5.0,0.0,28,0.05,1,0,0,0
9749,5.0,5.0,0.0,28,0.05,1,0,0,0
9750,5.0,5.0,0.0,28,0.05,1,0,0,0
9751,5.0,5.0,0.0,32,0.05,1,0,0,0
9752,5.0,5.0,0.0,30,0.05,1,0,0,0
9753,5.0,5.0,0.0,28,0.05,1,0,0,0
9754,5.0,5.0,0.0,29,0.05,1,0,0,0
9755,5.0,5.0,0.0,29,0.05,1,0,0,0
9756,5.0,5.0,0.0,29,0.05,1,0,0,0
9757,5.0,5.0,0.0,29,0.05,1,0,0,0
9758,5.0,5.0,0.0,28,0.05,1,0,0,0
9759,5.0,5.0,0.0,28,0.05,1,0,0,0
9760,5.0,5.0,0.0,32,0.05,1,0,0,0
9761,5.0,5.0,0.0,30,0.05,1,0,0,0
9762,5.0,5.0,0.0,28,0.05,1,0,0,0
9763,5.0,5.0,0.0,28,0.05,1,0,0,0
9764,5.0,5.0,0.0,31,0.05,1,0,0,0
9765,5.0,5.0,0.0,30,0.05,1,0,0,0
9766,5.0,5.0,0.0,28,0.05,1,0,0,0
9767,5.0,5.0,0.0,32,0.05,1,0,0,0
9768,5.0,5.0,0.0,30,0.05,1,0,0,0
9769,5.0,5.0,0.0,30,0.05,1,0,0,0
9770,5.0,5.0,0.0,28,0.05,1,0,0,0
9771,5.0,5.0,0.0,30,0.05,1,0,0,0
9772,5.0,5.0,0.0,28,0.05,1,0,0,0
9773,5.0,5.0,0.0,30,0.05,1,0,0,0
9774,4.0,4.0,0.0,24,0.05,0,1,0,0
9775,5.0,5.0,0.0,28,0.05,1,0,0,0
9776,5.0,5.0,0.0,31,0.05,1,0,0,0
9777,5.0,5.0,0.0,28,0.05,1,0,0,0
9778,5.0,5.0,0.0,30,0.05,1,0,0,0
9779,5.0,5.0,0.0,28,0.05,1,0,0,0
9780,5.0,5.0,0.0,29,0.05,1,0,0,0
9781,5.0,5.0,0.0,30,0.05,1,0,0,0
9782,5.0,5.0,0.0,29,0.05,1,0,0,0
9783,5.0,5.0,0.0,28,0.05,1,0,0,0
9784,5.0,5.0,0.0,28,0.05,1,0,0,0
9785,5.0,5.0,0.0,28,0.05,1,0,0,0
9786,5.0,5.0,0.0,30,0.05,1,0,0,0
9787,5.0,5.0,0.0,28,0.05,1,0,0,0
9788,5.0,5.0,0.0,28,0.05,1,0,0,0
9789,5.0,5.0,0.0,30,0.05,1,0,0,0
9790,5.0,5.0,0.0,31,0.05,1,0,0,0
9791,5.0,5.0,0.0,30,0.05,1,0,0,0
9792,5.0,5.0,0.0,28,0.05,1,0,0,0
9793,5.0,5.0,0.0,28,0.05,1,0,0,0
9794,5.0,5.0,0.0,29,0.05,1,0,0,0
9795,5.0,5.0,0.0,32,0.05,1,0,0,0
9796,4.0,4.0,0.0,24,0.05,0,1,0,0
9797,5.0,5.0,0.0,32,0.05,1,0,0,0
9798,5.0,5.0,0.0,30,0.05,1,0,0,0
9799,5.0,5.0,0.0,29,0.05,1,0,0,0
9800,5.0,5.0,0.0,29,0.05,1,0,0,0
9801,5.0,5.0,0.0,28,0.05,1,0,0,0
9802,5.0,5.0,0.0,28,0.05,1,0,0,0
9803,5.0,5.0,0.0,30,0.05,1,0,0,0
9804,4.0,4.0,0.0,25,0.05,0,1,0,0
9805,5.0,5.0,0.0,28,0.05,1,0,0,0
9806,5.0,5.0,0.0,28,0.05,1,0,0,0
9807,5.0,5.0,0.0,28,0.05,1,0,0,0
9808,5.0,5.0,0.0,28,0.05,1,0,0,0
9809,5.0,5.0,0.0,30,0.05,1,0,0,0
9810,5.0,5.0,0.0,31,0.05,1,0,0,0
9811,5.0,5.0,0.0,30,0.05,1,0,0,0
9812,5.0,5.0,0.0,28,0.05,1,0,0,0
9813,5.0,5.0,0.0,28,0.05,1,0,0,0
9814,5.0,5.0,0.0,30,0.05,1,0,0,0
9815,4.0,4.0,0.0,26,0.05,0,1,0,0
9816,5.0,5.0,0.0,28,0.05,1,0,0,0
9817,5.0,5.0,0.0,28,0.05,1,0,0,0
9818,5.0,5.0,0.0,30,0.05,1,0,0,0
9819,5.0,5.0,0.0,34,0.05,1,0,0,0
9820,5.0,5.0,0.0,30,0.05,1,0,0,0
9821,5.0,5.0,0.0,28,0.05,1,0,0,0
9822,5.0,5.0,0.0,31,0.05,1,0,0,0
9823,5.0,5.0,0.0,28,0.05,1,0,0,0
9824,5.0,5.0,0.0,30,0.05,1,0,0,0
9825,5.0,5.0,0.0,29,0.05,1,0,0,0
9826,5.0,5.0,0.0,30,0.05,1,0,0,0
9827,5.0,5.0,0.0,31,0.05,1,0,0,0
9828,5.0,5.0,0.0,32,0.05,1,0,0,0
9829,5.0,5.0,0.0,30,0.05,1,0,0,0
9830,5.0,5.0,0.0,30,0.05,1,0,0,0
9831,5.0,5.0,0.0,29,0.05,1,0,0,0
9832,5.0,5.0,0.0,31,0.05,1,0,0,0
9833,5.0,5.0,0.0,30,0.05,1,0,0,0
9834,5.0,5.0,0.0,28,0.05,1,0,0,0
9835,5.0,5.0,0.0,28,0.05,1,0,0,0
9836,5.0,5.0,0.0,30,0.05,1,0,0,0
9837,5.0,5.0,0.0,32,0.05,1,0,0,0
9838,5.0,5.0,0.0,32,0.05,1,0,0,0
9839,5.0,5.0,0.0,28,0.05,1,0,0,0
9840,5.0,5.0,0.0,30,0.05,1,0,0,0
9841,5.0,5.0,0.0,30,0.05,1,0,0,0
9842,5.0,5.0,0.0,28,0.05,1,0,0,0
9843,5.0,5.0,0.0,29,0.05,1,0,0,0
9844,5.0,5.0,0.0,30,0.05,1,0,0,0
9845,5.0,5.0,0.0,36,0.05,1,0,0,0
9846,4.0,4.0,0.0,26,0.05,0,1,0,0
9847,5.0,5.0,0.0,28,0.05,1,0,0,0
9848,5.0,5.0,0.0,28,0.05,1,0,0,0
9849,5.0,5.0,0.0,30,0.05,1,0,0,0
9850,5.0,5.0,0.0,28,0.05,1,0,0,0
9851,5.0,5.0,0.0,29,0.05,1,0,0,0
9852,5.0,5.0,0.0,28,0.05,1,0,0,0
9853,5.0,5.0,0.0,30,0.05,1,0,0,0
9854,5.0,5.0,0.0,28,0.05,1,0,0,0
9855,5.0,5.0,0.0,30,0.05,1,0,0,0
9856,5.0,5.0,0.0,30,0.05,1,0,0,0
9857,5.0,5.0,0.0,28,0.05,1,0,0,0
9858,5.0,5.0,0.0,28,0.05,1,0,0,0
9859,5.0,5.0,0.0,28,0.05,1,0,0,0
9860,5.0,5.0,0.0,30,0.05,1,0,0,0
9861,5.0,5.0,0.0,28,0.05,1,0,0,0
9862,5.0,5.0,0.0,30,0.05,1,0,0,0
9863,5.0,5.0,0.0,30,0.05,1,0,0,0
9864,5.0,5.0,0.0,29,0.05,1,0,0,0
9865,5.0,5.0,0.0,28,0.05,1,0,0,0
9866,5.0,5.0,0.0,28,0.05,1,0,0,0
9867,5.0,5.0,0.0,30,0.05,1,0,0,0
9868,5.0,5.0,0.0,28,0.05,1,0,0,0
9869,5.0,5.0,0.0,31,0.05,1,0,0,0
9870,5.0,5.0,0.0,28,0.05,1,0,0,0
9871,5.0,5.0,0.0,32,0.05,1,0,0,0
9872,5.0,5.0,0.0,28,0.05,1,0,0,0
9873,5.0,5.0,0.0,32,0.05,1,0,0,0
9874,5.0,5.0,0.0,28,0.05,1,0,0,0
9875,5.0,5.0,0.0,32,0.05,1,0,0,0
9876,5.0,5.0,0.0,28,0.05,1,0,0,0
9877,5.0,5.0,0.0,29,0.05,1,0,0,0
9878,5.0,5.0,0.0,28,0.05,1,0,0,0
9879,4.0,4.0,0.0,26,0.05,0,1,0,0
9880,5.0,5.0,0.0,32,0.05,1,0,0,0
9881,5.0,5.0,0.0,30,0.05,1,0,0,0
9882,5.0,5.0,0.0,28,0.05,1,0,0,0
9883,5.0,5.0,0.0,34,0.05,1,0,0,0
9884,5.0,5.0,0.0,28,0.05,1,0,0,0
9885,5.0,5.0,0.0,28,0.05,1,0,0,0
9886,5.0,5.0,0.0,28,0.05,1,0,0,0
9887,5.0,5.0,0.0,28,0.05,1,0,0,0
9888,5.0,5.0,0.0,30,0.05,1,0,0,0
9889,5.0,5.0,0.0,28,0.05,1,0,0,0
9890,5.0,5.0,0.0,32,0.05,1,0,0,0
9891,5.0,5.0,0.0,28,0.05,1,0,0,0
9892,5.0,5.0,0.0,28,0.05,1,0,0,0
9893,5.0,5.0,0.0,29,0.05,1,0,0,0
9894,5.0,5.0,0.0,36,0.05,1,0,0,0
9895,5.0,5.0,0.0,35,0.05,1,0,0,0
9896,5.0,5.0,0.0,30,0.05,1,0,0,0
9897,5.0,5.0,0.0,30,0.05,1,0,0,0
9898,5.0,5.0,0.0,30,0.05,1,0,0,0
9899,5.0,5.0,0.0,32,0.05,1,0,0,0
9900,5.0,5.0,0.0,28,0.05,1,0,0,0
9901,5.0,5.0,0.0,28,0.05,1,0,0,0
9902,5.0,5.0,0.0,31,0.05,1,0,0,0
9903,4.0,4.0,0.0,22,0.05,0,1,0,0
9904,5.0,5.0,0.0,28,0.05,1,0,0,0
9905,5.0,5.0,0.0,29,0.05,1,0,0,0
9906,5.0,5.0,0.0,31,0.05,1,0,0,0
9907,5.0,5.0,0.0,33,0.05,1,0,0,0
9908,5.0,5.0,0.0,28,0.05,1,0,0,0
9909,5.0,5.0,0.0,30,0.05,1,0,0,0
9910,5.0,5.0,0.0,29,0.05,1,0,0,0
9911,5.0,5.0,0.0,28,0.05,1,0,0,0
9912,5.0,5.0,0.0,28,0.05,1,0,0,0
9913,5.0,5.0,0.0,28,0.05,1,0,0,0
9914,5.0,5.0,0.0,28,0.05,1,0,0,0
9915,5.0,5.0,0.0,28,0.05,1,0,0,0
9916,4.0,4.0,0.0,22,0.05,0,1,0,0
9917,5.0,5.0,0.0,32,0.05,1,0,0,0
9918,5.0,5.0,0.0,30,0.05,1,0,0,0
9919,5.0,5.0,0.0,28,0.05,1,0,0,0
9920,5.0,5.0,0.0,30,0.05,1,0,0,0
9921,5.0,5.0,0.0,33,0.05,1,0,0,0
9922,5.0,5.0,0.0,30,0.05,1,0,0,0
9923,5.0,5.0,0.0,28,0.05,1,0,0,0
9924,5.0,5.0,0.0,28,0.05,1,0,0,0
9925,5.0,5.0,0.0,28,0.05,1,0,0,0
9926,5.0,5.0,0.0,30,0.05,1,0,0,0
9927,5.0,5.0,0.0,32,0.05,1,0,0,0
9928,5.0,5.0,0.0,29,0.05,1,0,0,0
9929,5.0,5.0,0.0,28,0.05,1,0,0,0
9930,5.0,5.0,0.0,28,0.05,1,0,0,0
9931,5.0,5.0,0.0,30,0.05,1,0,0,0
9932,5.0,5.0,0.0,31,0.05,1,0,0,0
9933,5.0,5.0,0.0,28,0.05,1,0,0,0
9934,5.0,5.0,0.0,28,0.05,1,0,0,0
9935,5.0,5.0,0.0,28,0.05,1,0,0,0
9936,5.0,5.0,0.0,29,0.05,1,0,0,0
9937,5.0,5.0,0.0,28,0.05,1,0,0,0
9938,4.0,4.0,0.0,27,0.05,0,1,0,0
9939,5.0,5.0,0.0,28,0.05,1,0,0,0
9940,5.0,5.0,0.0,28,0.05,1,0,0,0
9941,5.0,5.0,0.0,30,0.05,1,0,0,0
9942,5.0,5.0,0.0,28,0.05,1,0,0,0
9943,5.0,5.0,0.0,30,0.05,1,0,0,0
9944,5.0,5.0,0.0,29,0.05,1,0,0,0
9945,5.0,5.0,0.0,32,0.05,1,0,0,0
9946,5.0,5.0,0.0,28,0.05,1,0,0,0
9947,5.0,5.0,0.0,30,0.05,1,0,0,0
9948,5.0,5.0,0.0,30,0.05,1,0,0,0
9949,5.0,5.0,0.0,30,0.05,1,0,0,0
9950,5.0,5.0,0.0,28,0.05,1,0,0,0
9951,5.0,5.0,0.0,28,0.05,1,0,0,0
9952,5.0,5.0,0.0,33,0.05,1,0,0,0
9953,5.0,5.0,0.0,28,0.05,1,0,0,0
9954,5.0,5.0,0.0,30,0.05,1,0,0,0
9955,5.0,5.0,0.0,28,0.05,1,0,0,0
9956,5.0,5.0,0.0,28,0.05,1,0,0,0
9957,5.0,5.0,0.0,30,0.05,1,0,0,0
9958,5.0,5.0,0.0,29,0.05,1,0,0,0
9959,4.0,4.0,0.0,24,0.05,0,1,0,0
9960,5.0,5.0,0.0,30,0.05,1,0,0,0
9961,5.0,5.0,0.0,28,0.05,1,0,0,0
9962,5.0,5.0,0.0,30,0.05,1,0,0,0
9963,5.0,5.0,0.0,30,0.05,1,0,0,0
9964,5.0,5.0,0.0,30,0.05,1,0,0,0
9965,5.0,5.0,0.0,29,0.05,1,0,0,0
9966,5.0,5.0,0.0,31,0.05,1,0,0,0
9967,5.0,5.0,0.0,29,0.05,1,0,0,0
9968,5.0,5.0,0.0,29,0.05,1,0,0,0
9969,5.0,5.0,0.0,32,0.05,1,0,0,0
9970,5.0,5.0,0.0,29,0.05,1,0,0,0
9971,5.0,5.0,0.0,32,0.05,1,0,0,0
9972,5.0,5.0,0.0,30,0.05,1,0,0,0
9973,5.0,5.0,0.0,28,0.05,1,0,0,0
9974,5.0,5.0,0.0,29,0.05,1,0,0,0
9975,5.0,5.0,0.0,32,0.05,1,0,0,0
9976,5.0,5.0,0.0,30,0.05,1,0,0,0
9977,4.0,4.0,0.0,24,0.05,0,1,0,0
9978,5.0,5.0,0.0,30,0.05,1,0,0,0
9979,5.0,5.0,0.0,31,0.05,1,0,0,0
9980,5.0,5.0,0.0,30,0.05,1,0,0,0
9981,5.0,5.0,0.0,28,0.05,1,0,0,0
9982,5.0,5.0,0.0,28,0.05,1,0,0,0
9983,5.0,5.0,0.0,30,0.05,1,0,0,0
9984,4.0,4.0,0.0,26,0.05,0,1,0,0
9985,5.0,5.0,0.0,28,0.05,1,0,0,0
9986,5.0,5.0,0.0,32,0.05,1,0,0,0
9987,5.0,5.0,0.0,33,0.05,1,0,0,0
9988,5.0,5.0,0.0,28,0.05,1,0,0,0
9989,5.0,5.0,0.0,30,0.05,1,0,0,0
9990,5.0,5.0,0.0,30,0.05,1,0,0,0
9991,4.0,4.0,0.0,26,0.05,0,1,0,0
9992,5.0,5.0,0.0,28,0.05,1,0,0,0
9993,5.0,5.0,0.0,30,0.05,1,0,0,0
9994,5.0,5.0,0.0,28,0.05,1,0,0,0
9995,5.0,5.0,0.0,32,0.05,1,0,0,0
9996,5.0,5.0,0.0,29,0.05,1,0,0,0
9997,5.0,5.0,0.0,28,0.05,1,0,0,0
9998,5.0,5.0,0.0,29,0.05,1,0,0,0
9999,5.0,5.0,0.0,30,0.05,1,0,0,0
10000,5.0,5.0,0.0,28,0.05,1,0,0,0
10001,5.0,5.0,0.0,28,0.05,1,0,0,0
10002,5.0,5.0,0.0,29,0.05,1,0,0,0
10003,5.0,5.0,0.0,28,0.05,1,0,0,0
10004,5.0,5.0,0.0,28,0.05,1,0,0,0
10005,5.0,5.0,0.0,29,0.05,1,0,0,0
10006,5.0,5.0,0.0,28,0.05,1,0,0,0
10007,5.0,5.0,0.0,30,0.05,1,0,0,0
10008,5.0,5.0,0.0,30,0.05,1,0,0,0
10009,5.0,5.0,0.0,28,0.05,1,0,0,0
10010,5.0,5.0,0.0,32,0.05,1,0,0,0
10011,5.0,5.0,0.0,30,0.05,1,0,0,0
10012,5.0,5.0,0.0,28,0.05,1,0,0,0
10013,5.0,5.0,0.0,28,0.05,1,0,0,0
10014,5.0,5.0,0.0,28,0.05,1,0,0,0
10015,5.0,5.0,0.0,32,0.05,1,0,0,0
10016,5.0,5.0,0.0,30,0.05,1,0,0,0
10017,5.0,5.0,0.0,28,0.05,1,0,0,0
10018,5.0,5.0,0.0,28,0.05,1,0,0,0
10019,5.0,5.0,0.0,30,0.05,1,0,0,0
10020,5.0,5.0,0.0,28,0.05,1,0,0,0
10021,5.0,5.0,0.0,28,0.05,1,0,0,0
10022,5.0,5.0,0.0,28,0.05,1,0,0,0
10023,5.0,5.0,0.0,30,0.05,1,0,0,0
10024,5.0,5.0,0.0,28,0.05,1,0,0,0
10025,5.0,5.0,0.0,28,0.05,1,0,0,0
10026,5.0,5.0,0.0,30,0.05,1,0,0,0
10027,5.0,5.0,0.0,30,0.05,1,0,0,0
10028,5.0,5.0,0.0,28,0.05,1,0,0,0
10029,5.0,5.0,0.0,32,0.05,1,0,0,0
10030,5.0,5.0,0.0,30,0.05,1,0,0,0
10031,5.0,5.0,0.0,29,0.05,1,0,0,0
10032,5.0,5.0,0.0,28,0.05,1,0,0,0
10033,5.0,5.0,0.0,30,0.05,1,0,0,0
10034,5.0,5.0,0.0,30,0.05,1,0,0,0
10035,5.0,5.0,0.0,31,0.05,1,0,0,0
10036,5.0,5.0,0.0,32,0.05,1,0,0,0
10037,5.0,5.0,0.0,28,0.05,1,0,0,0
10038,5.0,5.0,0.0,32,0.05,1,0,0,0
10039,5.0,5.0,0.0,30,0.05,1,0,0,0
10040,5.0,5.0,0.0,32,0.05,1,0,0,0
10041,5.0,5.0,0.0,30,0.05,1,0,0,0
10042,5.0,5.0,0.0,32,0.05,1,0,0,0
10043,5.0,5.0,0.0,29,0.05,1,0,0,0
10044,5.0,5.0,0.0,28,0.05,1,0,0,0
10045,5.0,5.0,0.0,29,0.05,1,0,0,0
10046,5.0,5.0,0.0,29,0.05,1,0,0,0
10047,5.0,5.0,0.0,28,0.05,1,0,0,0
10048,5.0,5.0,0.0,30,0.05,1,0,0,0
10049,5.0,5.0,0.0,28,0.05,1,0,0,0
10050,4.0,4.0,0.0,26,0.05,0,1,0,0
10051,5.0,5.0,0.0,28,0.05,1,0,0,0
10052,5.0,5.0,0.0,28,0.05,1,0,0,0
10053,5.0,5.0,0.0,30,0.05,1,0,0,0
10054,5.0,5.0,0.0,30,0.05,1,0,0,0
10055,5.0,5.0,0.0,34,0.05,1,0,0,0
10056,5.0,5.0,0.0,32,0.05,1,0,0,0
10057,5.0,5.0,0.0,28,0.05,1,0,0,0
10058,5.0,5.0,0.0,28,0.05,1,0,0,0
10059,5.0,5.0,0.0,32,0.05,1,0,0,0
10060,5.0,5.0,0.0,32,0.05,1,0,0,0
10061,5.0,5.0,0.0,29,0.05,1,0,0,0
10062,4.0,4.0,0.0,28,0.05,0,1,0,0
10063,5.0,5.0,0.0,30,0.05,1,0,0,0
10064,5.0,5.0,0.0,30,0.05,1,0,0,0
10065,5.0,5.0,0.0,30,0.05,1,0,0,0
10066,5.0,5.0,0.0,29,0.05,1,0,0,0
10067,5.0,5.0,0.0,30,0.05,1,0,0,0
10068,5.0,5.0,0.0,29,0.05,1,0,0,0
10069,5.0,5.0,0.0,28,0.05,1,0,0,0
10070,5.0,5.0,0.0,30,0.05,1,0,0,0
10071,5.0,5.0,0.0,32,0.05,1,0,0,0
10072,5.0,5.0,0.0,30,0.05,1,0,0,0
10073,5.0,5.0,0.0,30,0.05,1,0,0,0
10074,5.0,5.0,0.0,30,0.05,1,0,0,0
10075,5.0,5.0,0.0,35,0.05,1,0,0,0
10076,5.0,5.0,0.0,28,0.05,1,0,0,0
10077,5.0,5.0,0.0,29,0.05,1,0,0,0
10078,4.0,4.0,0.0,24,0.05,0,1,0,0
10079,5.0,5.0,0.0,28,0.05,1,0,0,0
10080,5.0,5.0,0.0,29,0.05,1,0,0,0
10081,5.0,5.0,0.0,28,0.05,1,0,0,0
10082,5.0,5.0,0.0,29,0.05,1,0,0,0
10083,5.0,5.0,0.0,28,0.05,1,0,0,0
10084,5.0,5.0,0.0,28,0.05,1,0,0,0
10085,5.0,5.0,0.0,30,0.05,1,0,0,0
10086,5.0,5.0,0.0,28,0.05,1,0,0,0
10087,5.0,5.0,0.0,28,0.05,1,0,0,0
10088,5.0,5.0,0.0,30,0.05,1,0,0,0
10089,5.0,5.0,0.0,29,0.05,1,0,0,0
10090,5.0,5.0,0.0,30,0.05,1,0,0,0
10091,5.0,5.0,0.0,28,0.05,1,0,0,0
10092,5.0,5.0,0.0,28,0.05,1,0,0,0
10093,5.0,5.0,0.0,30,0.05,1,0,0,0
10094,5.0,5.0,0.0,30,0.05,1,0,0,0
10095,5.0,5.0,0.0,31,0.05,1,0,0,0
10096,5.0,5.0,0.0,30,0.05,1,0,0,0
10097,5.0,5.0,0.0,28,0.05,1,0,0,0
10098,5.0,5.0,0.0,28,0.05,1,0,0,0
10099,5.0,5.0,0.0,28,0.05,1,0,0,0
10100,5.0,5.0,0.0,32,0.05,1,0,0,0
10101,5.0,5.0,0.0,29,0.05,1,0,0,0
10102,5.0,5.0,0.0,28,0.05,1,0,0,0
10103,5.0,5.0,0.0,30,0.05,1,0,0,0
10104,5.0,5.0,0.0,28,0.05,1,0,0,0
10105,5.0,5.0,0.0,30,0.05,1,0,0,0
10106,5.0,5.0,0.0,28,0.05,1,0,0,0
10107,5.0,5.0,0.0,28,0.05,1,0,0,0
10108,5.0,5.0,0.0,28,0.05,1,0,0,0
10109,5.0,5.0,0.0,29,0.05,1,0,0,0
10110,5.0,5.0,0.0,28,0.05,1,0,0,0
10111,5.0,5.0,0.0,30,0.05,1,0,0,0
10112,5.0,5.0,0.0,30,0.05,1,0,0,0
10113,5.0,5.0,0.0,28,0.05,1,0,0,0
10114,5.0,5.0,0.0,30,0.05,1,0,0,0
10115,5.0,5.0,0.0,28,0.05,1,0,0,0
10116,5.0,5.0,0.0,29,0.05,1,0,0,0
10117,5.0,5.0,0.0,28,0.05,1,0,0,0
10118,5.0,5.0,0.0,30,0.05,1,0,0,0
10119,5.0,5.0,0.0,31,0.05,1,0,0,0
10120,5.0,5.0,0.0,30,0.05,1,0,0,0
10121,5.0,5.0,0.0,28,0.05,1,0,0,0
10122,5.0,5.0,0.0,28,0.05,1,0,0,0
10123,4.0,4.0,0.0,23,0.05,0,1,0,0
10124,5.0,5.0,0.0,34,0.05,1,0,0,0
10125,5.0,5.0,0.0,31,0.05,1,0,0,0
10126,5.0,5.0,0.0,28,0.05,1,0,0,0
10127,5.0,5.0,0.0,30,0.05,1,0,0,0
10128,5.0,5.0,0.0,28,0.05,1,0,0,0
10129,5.0,5.0,0.0,28,0.05,1,0,0,0
10130,5.0,5.0,0.0,30,0.05,1,0,0,0
10131,5.0,5.0,0.0,30,0.05,1,0,0,0
10132,5.0,5.0,0.0,28,0.05,1,0,0,0
10133,5.0,5.0,0.0,29,0.05,1,0,0,0
10134,5.0,5.0,0.0,30,0.05,1,0,0,0
10135,5.0,5.0,0.0,30,0.05,1,0,0,0
10136,5.0,5.0,0.0,28,0.05,1,0,0,0
10137,5.0,5.0,0.0,31,0.05,1,0,0,0
10138,5.0,5.0,0.0,32,0.05,1,0,0,0
10139,5.0,5.0,0.0,30,0.05,1,0,0,0
10140,5.0,5.0,0.0,30,0.05,1,0,0,0
10141,5.0,5.0,0.0,29,0.05,1,0,0,0
10142,5.0,5.0,0.0,28,0.05,1,0,0,0
10143,5.0,5.0,0.0,32,0.05,1,0,0,0
10144,5.0,5.0,0.0,28,0.05,1,0,0,0
10145,5.0,5.0,0.0,30,0.05,1,0,0,0
10146,5.0,5.0,0.0,28,0.05,1,0,0,0
10147,5.0,5.0,0.0,32,0.05,1,0,0,0
10148,5.0,5.0,0.0,31,0.05,1,0,0,0
10149,5.0,5.0,0.0,30,0.05,1,0,0,0
10150,5.0,5.0,0.0,30,0.05,1,0,0,0
10151,4.0,4.0,0.0,31,0.05,0,1,0,0
10152,5.0,5.0,0.0,28,0.05,1,0,0,0
10153,5.0,5.0,0.0,29,0.05,1,0,0,0
10154,5.0,5.0,0.0,28,0.05,1,0,0,0
10155,5.0,5.0,0.0,28,0.05,1,0,0,0
10156,5.0,5.0,0.0,30,0.05,1,0,0,0
10157,5.0,5.0,0.0,30,0.05,1,0,0,0
10158,5.0,5.0,0.0,30,0.05,1,0,0,0
10159,5.0,5.0,0.0,28,0.05,1,0,0,0
10160,5.0,5.0,0.0,29,0.05,1,0,0,0
10161,5.0,5.0,0.0,29,0.05,1,0,0,0
10162,4.0,4.0,0.0,26,0.05,0,1,0,0
10163,5.0,5.0,0.0,28,0.05,1,0,0,0
10164,4.0,4.0,0.0,26,0.05,0,1,0,0
10165,5.0,5.0,0.0,29,0.05,1,0,0,0
10166,5.0,5.0,0.0,30,0.05,1,0,0,0
10167,5.0,5.0,0.0,28,0.05,1,0,0,0
10168,5.0,5.0,0.0,30,0.05,1,0,0,0
10169,5.0,5.0,0.0,30,0.05,1,0,0,0
10170,5.0,5.0,0.0,29,0.05,1,0,0,0
10171,5.0,5.0,0.0,28,0.05,1,0,0,0
10172,5.0,5.0,0.0,28,0.05,1,0,0,0
10173,5.0,5.0,0.0,30,0.05,1,0,0,0
10174,5.0,5.0,0.0,28,0.05,1,0,0,0
10175,5.0,5.0,0.0,32,0.05,1,0,0,0
10176,5.0,5.0,0.0,28,0.05,1,0,0,0
10177,5.0,5.0,0.0,29,0.05,1,0,0,0
10178,5.0,5.0,0.0,30,0.05,1,0,0,0
10179,5.0,5.0,0.0,28,0.05,1,0,0,0
10180,5.0,5.0,0.0,32,0.05,1,0,0,0
10181,5.0,5.0,0.0,30,0.05,1,0,0,0
10182,5.0,5.0,0.0,30,0.05,1,0,0,0
10183,5.0,5.0,0.0,32,0.05,1,0,0,0
10184,5.0,5.0,0.0,29,0.05,1,0,0,0
10185,5.0,5.0,0.0,28,0.05,1,0,0,0
10186,5.0,5.0,0.0,31,0.05,1,0,0,0
10187,5.0,5.0,0.0,29,0.05,1,0,0,0
10188,5.0,5.0,0.0,32,0.05,1,0,0,0
10189,5.0,5.0,0.0,28,0.05,1,0,0,0
10190,5.0,5.0,0.0,33,0.05,1,0,0,0
10191,5.0,5.0,0.0,28,0.05,1,0,0,0
10192,5.0,5.0,0.0,29,0.05,1,0,0,0
10193,5.0,5.0,0.0,30,0.05,1,0,0,0
10194,5.0,5.0,0.0,28,0.05,1,0,0,0
10195,5.0,5.0,0.0,29,0.05,1,0,0,0
10196,5.0,5.0,0.0,28,0.05,1,0,0,0
10197,5.0,5.0,0.0,32,0.05,1,0,0,0
10198,5.0,5.0,0.0,28,0.05,1,0,0,0
10199,5.0,5.0,0.0,28,0.05,1,0,0,0
10200,5.0,5.0,0.0,28,0.05,1,0,0,0
10201,5.0,5.0,0.0,28,0.05,1,0,0,0
10202,5.0,5.0,0.0,28,0.05,1,0,0,0
10203,5.0,5.0,0.0,32,0.05,1,0,0,0
10204,5.0,5.0,0.0,28,0.05,1,0,0,0
10205,5.0,5.0,0.0,29,0.05,1,0,0,0
10206,5.0,5.0,0.0,28,0.05,1,0,0,0
10207,5.0,5.0,0.0,30,0.05,1,0,0,0
10208,5.0,5.0,0.0,29,0.05,1,0,0,0
10209,5.0,5.0,0.0,29,0.05,1,0,0,0
10210,5.0,5.0,0.0,30,0.05,1,0,0,0
10211,5.0,5.0,0.0,33,0.05,1,0,0,0
10212,5.0,5.0,0.0,30,0.05,1,0,0,0
10213,5.0,5.0,0.0,30,0.05,1,0,0,0
10214,5.0,5.0,0.0,30,0.05,1,0,0,0
10215,5.0,5.0,0.0,28,0.05,1,0,0,0
10216,5.0,5.0,0.0,30,0.05,1,0,0,0
10217,5.0,5.0,0.0,30,0.05,1,0,0,0
10218,5.0,5.0,0.0,28,0.05,1,0,0,0
10219,5.0,5.0,0.0,30,0.05,1,0,0,0
10220,5.0,5.0,0.0,28,0.05,1,0,0,0
10221,5.0,5.0,0.0,29,0.05,1,0,0,0
10222,5.0,5.0,0.0,32,0.05,1,0,0,0
10223,5.0,5.0,0.0,30,0.05,1,0,0,0
10224,5.0,5.0,0.0,33,0.05,1,0,0,0
10225,5.0,5.0,0.0,28,0.05,1,0,0,0
10226,5.0,5.0,0.0,30,0.05,1,0,0,0
10227,5.0,5.0,0.0,28,0.05,1,0,0,0
10228,5.0,5.0,0.0,30,0.05,1,0,0,0
10229,5.0,5.0,0.0,31,0.05,1,0,0,0
10230,5.0,5.0,0.0,38,0.05,1,0,0,0
10231,5.0,5.0,0.0,34,0.05,1,0,0,0
10232,5.0,5.0,0.0,31,0.05,1,0,0,0
10233,5.0,5.0,0.0,30,0.05,1,0,0,0
10234,5.0,5.0,0.0,28,0.05,1,0,0,0
10235,5.0,5.0,0.0,32,0.05,1,0,0,0
10236,5.0,5.0,0.0,28,0.05,1,0,0,0
10237,5.0,5.0,0.0,31,0.05,1,0,0,0
10238,5.0,5.0,0.0,30,0.05,1,0,0,0
10239,5.0,5.0,0.0,29,0.05,1,0,0,0
10240,4.0,4.0,0.0,24,0.05,0,1,0,0
10241,5.0,5.0,0.0,28,0.05,1,0,0,0
10242,5.0,5.0,0.0,32,0.05,1,0,0,0
10243,5.0,5.0,0.0,28,0.05,1,0,0,0
10244,5.0,5.0,0.0,32,0.05,1,0,0,0
10245,5.0,5.0,0.0,28,0.05,1,0,0,0
10246,5.0,5.0,0.0,30,0.05,1,0,0,0
10247,5.0,5.0,0.0,28,0.05,1,0,0,0
10248,5.0,5.0,0.0,28,0.05,1,0,0,0
10249,5.0,5.0,0.0,28,0.05,1,0,0,0
10250,5.0,5.0,0.0,30,0.05,1,0,0,0
10251,5.0,5.0,0.0,29,0.05,1,0,0,0
10252,5.0,5.0,0.0,28,0.05,1,0,0,0
10253,5.0,5.0,0.0,30,0.05,1,0,0,0
10254,5.0,5.0,0.0,28,0.05,1,0,0,0
10255,5.0,5.0,0.0,28,0.05,1,0,0,0
10256,5.0,5.0,0.0,28,0.05,1,0,0,0
10257,5.0,5.0,0.0,29,0.05,1,0,0,0
10258,5.0,5.0,0.0,30,0.05,1,0,0,0
10259,5.0,5.0,0.0,28,0.05,1,0,0,0
10260,5.0,5.0,0.0,30,0.05,1,0,0,0
10261,5.0,5.0,0.0,28,0.05,1,0,0,0
10262,5.0,5.0,0.0,30,0.05,1,0,0,0
10263,5.0,5.0,0.0,28,0.05,1,0,0,0
10264,5.0,5.0,0.0,30,0.05,1,0,0,0
10265,5.0,5.0,0.0,32,0.05,1,0,0,0
10266,5.0,5.0,0.0,28,0.05,1,0,0,0
10267,5.0,5.0,0.0,30,0.05,1,0,0,0
10268,5.0,5.0,0.0,30,0.05,1,0,0,0
10269,5.0,5.0,0.0,28,0.05,1,0,0,0
10270,5.0,5.0,0.0,33,0.05,1,0,0,0
10271,5.0,5.0,0.0,31,0.05,1,0,0,0
10272,5.0,5.0,0.0,28,0.05,1,0,0,0
10273,5.0,5.0,0.0,28,0.05,1,0,0,0
10274,5.0,5.0,0.0,28,0.05,1,0,0,0
10275,5.0,5.0,0.0,28,0.05,1,0,0,0
10276,5.0,5.0,0.0,30,0.05,1,0,0,0
10277,5.0,5.0,0.0,30,0.05,1,0,0,0
10278,5.0,5.0,0.0,28,0.05,1,0,0,0
10279,5.0,5.0,0.0,28,0.05,1,0,0,0
10280,5.0,5.0,0.0,32,0.05,1,0,0,0
10281,5.0,5.0,0.0,30,0.05,1,0,0,0
10282,5.0,5.0,0.0,30,0.05,1,0,0,0
10283,5.0,5.0,0.0,34,0.05,1,0,0,0
10284,5.0,5.0,0.0,28,0.05,1,0,0,0
10285,5.0,5.0,0.0,28,0.05,1,0,0,0
10286,5.0,5.0,0.0,30,0.05,1,0,0,0
10287,5.0,5.0,0.0,30,0.05,1,0,0,0
10288,5.0,5.0,0.0,32,0.05,1,0,0,0
10289,5.0,5.0,0.0,29,0.05,1,0,0,0
10290,5.0,5.0,0.0,28,0.05,1,0,0,0
10291,5.0,5.0,0.0,32,0.05,1,0,0,0
10292,5.0,5.0,0.0,30,0.05,1,0,0,0
10293,5.0,5.0,0.0,28,0.05,1,0,0,0
10294,5.0,5.0,0.0,34,0.05,1,0,0,0
10295,5.0,5.0,0.0,32,0.05,1,0,0,0
10296,5.0,5.0,0.0,35,0.05,1,0,0,0
10297,5.0,5.0,0.0,29,0.05,1,0,0,0
10298,5.0,5.0,0.0,28,0.05,1,0,0,0
10299,5.0,5.0,0.0,30,0.05,1,0,0,0
10300,5.0,5.0,0.0,28,0.05,1,0,0,0
10301,5.0,5.0,0.0,31,0.05,1,0,0,0
10302,5.0,5.0,0.0,28,0.05,1,0,0,0
10303,5.0,5.0,0.0,28,0.05,1,0,0,0
10304,5.0,5.0,0.0,30,0.05,1,0,0,0
10305,5.0,5.0,0.0,32,0.05,1,0,0,0
10306,5.0,5.0,0.0,28,0.05,1,0,0,0
10307,5.0,5.0,0.0,30,0.05,1,0,0,0
10308,5.0,5.0,0.0,32,0.05,1,0,0,0
10309,5.0,5.0,0.0,29,0.05,1,0,0,0
10310,5.0,5.0,0.0,29,0.05,1,0,0,0
10311,5.0,5.0,0.0,31,0.05,1,0,0,0
10312,5.0,5.0,0.0,30,0.05,1,0,0,0
10313,5.0,5.0,0.0,28,0.05,1,0,0,0
10314,5.0,5.0,0.0,28,0.05,1,0,0,0
10315,5.0,5.0,0.0,28,0.05,1,0,0,0
10316,5.0,5.0,0.0,32,0.05,1,0,0,0
10317,5.0,5.0,0.0,31,0.05,1,0,0,0
10318,5.0,5.0,0.0,31,0.05,1,0,0,0
10319,5.0,5.0,0.0,28,0.05,1,0,0,0
10320,5.0,5.0,0.0,28,0.05,1,0,0,0
10321,5.0,5.0,0.0,30,0.05,1,0,0,0
10322,5.0,5.0,0.0,28,0.05,1,0,0,0
10323,5.0,5.0,0.0,31,0.05,1,0,0,0
10324,5.0,5.0,0.0,31,0.05,1,0,0,0
10325,5.0,5.0,0.0,30,0.05,1,0,0,0
10326,5.0,5.0,0.0,28,0.05,1,0,0,0
10327,5.0,5.0,0.0,30,0.05,1,0,0,0
10328,5.0,5.0,0.0,30,0.05,1,0,0,0
10329,5.0,5.0,0.0,28,0.05,1,0,0,0
10330,5.0,5.0,0.0,30,0.05,1,0,0,0
10331,5.0,5.0,0.0,30,0.05,1,0,0,0
10332,5.0,5.0,0.0,29,0.05,1,0,0,0
10333,5.0,5.0,0.0,28,0.05,1,0,0,0
10334,5.0,5.0,0.0,30,0.05,1,0,0,0
10335,5.0,5.0,0.0,30,0.05,1,0,0,0
10336,5.0,5.0,0.0,30,0.05,1,0,0,0
10337,5.0,5.0,0.0,28,0.05,1,0,0,0
10338,5.0,5.0,0.0,28,0.05,1,0,0,0
10339,5.0,5.0,0.0,32,0.05,1,0,0,0
10340,5.0,5.0,0.0,29,0.05,1,0,0,0
10341,5.0,5.0,0.0,28,0.05,1,0,0,0
10342,5.0,5.0,0.0,33,0.05,1,0,0,0
10343,5.0,5.0,0.0,28,0.05,1,0,0,0
10344,5.0,5.0,0.0,30,0.05,1,0,0,0
10345,5.0,5.0,0.0,30,0.05,1,0,0,0
10346,5.0,5.0,0.0,28,0.05,1,0,0,0
10347,5.0,5.0,0.0,32,0.05,1,0,0,0
10348,5.0,5.0,0.0,30,0.05,1,0,0,0
10349,5.0,5.0,0.0,30,0.05,1,0,0,0
10350,5.0,5.0,0.0,31,0.05,1,0,0,0
10351,5.0,5.0,0.0,30,0.05,1,0,0,0
10352,4.0,4.0,0.0,22,0.05,0,1,0,0
10353,5.0,5.0,0.0,28,0.05,1,0,0,0
10354,5.0,5.0,0.0,35,0.05,1,0,0,0
10355,5.0,5.0,0.0,29,0.05,1,0,0,0
10356,5.0,5.0,0.0,28,0.05,1,0,0,0
10357,5.0,5.0,0.0,29,0.05,1,0,0,0
10358,5.0,5.0,0.0,28,0.05,1,0,0,0
10359,5.0,5.0,0.0,28,0.05,1,0,0,0
10360,5.0,5.0,0.0,32,0.05,1,0,0,0
10361,5.0,5.0,0.0,28,0.05,1,0,0,0
10362,5.0,5.0,0.0,30,0.05,1,0,0,0
10363,5.0,5.0,0.0,30,0.05,1,0,0,0
10364,5.0,5.0,0.0,30,0.05,1,0,0,0
10365,5.0,5.0,0.0,30,0.05,1,0,0,0
10366,5.0,5.0,0.0,29,0.05,1,0,0,0
10367,5.0,5.0,0.0,28,0.05,1,0,0,0
10368,5.0,5.0,0.0,29,0.05,1,0,0,0
10369,5.0,5.0,0.0,28,0.05,1,0,0,0
10370,5.0,5.0,0.0,29,0.05,1,0,0,0
10371,5.0,5.0,0.0,31,0.05,1,0,0,0
10372,5.0,5.0,0.0,30,0.05,1,0,0,0
10373,4.0,4.0,0.0,25,0.05,0,1,0,0
10374,5.0,5.0,0.0,28,0.05,1,0,0,0
10375,5.0,5.0,0.0,28,0.05,1,0,0,0
10376,5.0,5.0,0.0,29,0.05,1,0,0,0
10377,5.0,5.0,0.0,28,0.05,1,0,0,0
10378,5.0,5.0,0.0,28,0.05,1,0,0,0
10379,5.0,5.0,0.0,30,0.05,1,0,0,0
10380,5.0,5.0,0.0,32,0.05,1,0,0,0
10381,5.0,5.0,0.0,30,0.05,1,0,0,0
10382,5.0,5.0,0.0,28,0.05,1,0,0,0
10383,5.0,5.0,0.0,30,0.05,1,0,0,0
10384,5.0,5.0,0.0,28,0.05,1,0,0,0
10385,5.0,5.0,0.0,28,0.05,1,0,0,0
10386,5.0,5.0,0.0,30,0.05,1,0,0,0
10387,5.0,5.0,0.0,30,0.05,1,0,0,0
10388,5.0,5.0,0.0,31,0.05,1,0,0,0
10389,5.0,5.0,0.0,28,0.05,1,0,0,0
10390,5.0,5.0,0.0,28,0.05,1,0,0,0
10391,5.0,5.0,0.0,28,0.05,1,0,0,0
10392,4.0,4.0,0.0,26,0.05,0,1,0,0
10393,5.0,5.0,0.0,29,0.05,1,0,0,0
10394,5.0,5.0,0.0,28,0.05,1,0,0,0
10395,5.0,5.0,0.0,32,0.05,1,0,0,0
10396,5.0,5.0,0.0,32,0.05,1,0,0,0
10397,5.0,5.0,0.0,28,0.05,1,0,0,0
10398,5.0,5.0,0.0,30,0.05,1,0,0,0
10399,5.0,5.0,0.0,31,0.05,1,0,0,0
10400,5.0,5.0,0.0,31,0.05,1,0,0,0
10401,5.0,5.0,0.0,30,0.05,1,0,0,0
10402,5.0,5.0,0.0,29,0.05,1,0,0,0
10403,5.0,5.0,0.0,28,0.05,1,0,0,0
10404,5.0,5.0,0.0,28,0.05,1,0,0,0
10405,5.0,5.0,0.0,30,0.05,1,0,0,0
10406,5.0,5.0,0.0,28,0.05,1,0,0,0
10407,5.0,5.0,0.0,31,0.05,1,0,0,0
10408,5.0,5.0,0.0,28,0.05,1,0,0,0
10409,5.0,5.0,0.0,31,0.05,1,0,0,0
10410,5.0,5.0,0.0,29,0.05,1,0,0,0
10411,5.0,5.0,0.0,31,0.05,1,0,0,0
10412,5.0,5.0,0.0,28,0.05,1,0,0,0
10413,5.0,5.0,0.0,30,0.05,1,0,0,0
10414,5.0,5.0,0.0,34,0.05,1,0,0,0
10415,5.0,5.0,0.0,30,0.05,1,0,0,0
10416,5.0,5.0,0.0,28,0.05,1,0,0,0
10417,5.0,5.0,0.0,32,0.05,1,0,0,0
10418,5.0,5.0,0.0,30,0.05,1,0,0,0
10419,5.0,5.0,0.0,32,0.05,1,0,0,0
10420,5.0,5.0,0.0,32,0.05,1,0,0,0
10421,5.0,5.0,0.0,30,0.05,1,0,0,0
10422,5.0,5.0,0.0,28,0.05,1,0,0,0
10423,5.0,5.0,0.0,33,0.05,1,0,0,0
10424,5.0,5.0,0.0,28,0.05,1,0,0,0
10425,5.0,5.0,0.0,28,0.05,1,0,0,0
10426,5.0,5.0,0.0,28,0.05,1,0,0,0
10427,5.0,5.0,0.0,29,0.05,1,0,0,0
10428,5.0,5.0,0.0,28,0.05,1,0,0,0
10429,5.0,5.0,0.0,30,0.05,1,0,0,0
10430,5.0,5.0,0.0,35,0.05,1,0,0,0
10431,5.0,5.0,0.0,28,0.05,1,0,0,0
10432,5.0,5.0,0.0,28,0.05,1,0,0,0
10433,5.0,5.0,0.0,28,0.05,1,0,0,0
10434,5.0,5.0,0.0,31,0.05,1,0,0,0
10435,5.0,5.0,0.0,32,0.05,1,0,0,0
10436,5.0,5.0,0.0,35,0.05,1,0,0,0
10437,5.0,5.0,0.0,29,0.05,1,0,0,0
10438,5.0,5.0,0.0,28,0.05,1,0,0,0
10439,5.0,5.0,0.0,30,0.05,1,0,0,0
10440,5.0,5.0,0.0,28,0.05,1,0,0,0
10441,5.0,5.0,0.0,28,0.05,1,0,0,0
10442,5.0,5.0,0.0,28,0.05,1,0,0,0
10443,5.0,5.0,0.0,34,0.05,1,0,0,0
10444,5.0,5.0,0.0,28,0.05,1,0,0,0
10445,5.0,5.0,0.0,29,0.05,1,0,0,0
10446,5.0,5.0,0.0,30,0.05,1,0,0,0
10447,5.0,5.0,0.0,30,0.05,1,0,0,0
10448,5.0,5.0,0.0,30,0.05,1,0,0,0
10449,5.0,5.0,0.0,30,0.05,1,0,0,0
10450,5.0,5.0,0.0,28,0.05,1,0,0,0
10451,5.0,5.0,0.0,28,0.05,1,0,0,0
10452,5.0,5.0,0.0,30,0.05,1,0,0,0
10453,5.0,5.0,0.0,31,0.05,1,0,0,0
10454,5.0,5.0,0.0,30,0.05,1,0,0,0
10455,5.0,5.0,0.0,30,0.05,1,0,0,0
10456,5.0,5.0,0.0,28,0.05,1,0,0,0
10457,5.0,5.0,0.0,28,0.05,1,0,0,0
10458,5.0,5.0,0.0,28,0.05,1,0,0,0
10459,5.0,5.0,0.0,28,0.05,1,0,0,0
10460,5.0,5.0,0.0,34,0.05,1,0,0,0
10461,5.0,5.0,0.0,32,0.05,1,0,0,0
10462,5.0,5.0,0.0,29,0.05,1,0,0,0
10463,5.0,5.0,0.0,30,0.05,1,0,0,0
10464,5.0,5.0,0.0,28,0.05,1,0,0,0
10465,5.0,5.0,0.0,28,0.05,1,0,0,0
10466,5.0,5.0,0.0,28,0.05,1,0,0,0
10467,5.0,5.0,0.0,33,0.05,1,0,0,0
10468,5.0,5.0,0.0,28,0.05,1,0,0,0
10469,5.0,5.0,0.0,30,0.05,1,0,0,0
10470,5.0,5.0,0.0,28,0.05,1,0,0,0
10471,5.0,5.0,0.0,28,0.05,1,0,0,0
10472,5.0,5.0,0.0,28,0.05,1,0,0,0
10473,5.0,5.0,0.0,30,0.05,1,0,0,0
10474,5.0,5.0,0.0,28,0.05,1,0,0,0
10475,5.0,5.0,0.0,28,0.05,1,0,0,0
10476,5.0,5.0,0.0,32,0.05,1,0,0,0
10477,5.0,5.0,0.0,29,0.05,1,0,0,0
10478,5.0,5.0,0.0,30,0.05,1,0,0,0
10479,5.0,5.0,0.0,28,0.05,1,0,0,0
10480,5.0,5.0,0.0,29,0.05,1,0,0,0
10481,5.0,5.0,0.0,29,0.05,1,0,0,0
10482,5.0,5.0,0.0,30,0.05,1,0,0,0
10483,5.0,5.0,0.0,30,0.05,1,0,0,0
10484,5.0,5.0,0.0,30,0.05,1,0,0,0
10485,5.0,5.0,0.0,30,0.05,1,0,0,0
10486,5.0,5.0,0.0,28,0.05,1,0,0,0
10487,5.0,5.0,0.0,34,0.05,1,0,0,0
10488,5.0,5.0,0.0,28,0.05,1,0,0,0
10489,5.0,5.0,0.0,30,0.05,1,0,0,0
10490,5.0,5.0,0.0,36,0.05,1,0,0,0
10491,5.0,5.0,0.0,28,0.05,1,0,0,0
10492,5.0,5.0,0.0,28,0.05,1,0,0,0
10493,5.0,5.0,0.0,29,0.05,1,0,0,0
10494,5.0,5.0,0.0,28,0.05,1,0,0,0
10495,5.0,5.0,0.0,32,0.05,1,0,0,0
10496,5.0,5.0,0.0,30,0.05,1,0,0,0
10497,5.0,5.0,0.0,28,0.05,1,0,0,0
10498,5.0,5.0,0.0,32,0.05,1,0,0,0
10499,5.0,5.0,0.0,32,0.05,1,0,0,0
10500,5.0,5.0,0.0,28,0.05,1,0,0,0
10501,5.0,5.0,0.0,30,0.05,1,0,0,0
10502,5.0,5.0,0.0,32,0.05,1,0,0,0
10503,5.0,5.0,0.0,28,0.05,1,0,0,0
10504,5.0,5.0,0.0,28,0.05,1,0,0,0
10505,5.0,5.0,0.0,28,0.05,1,0,0,0
10506,4.0,4.0,0.0,26,0.05,0,1,0,0
10507,5.0,5.0,0.0,28,0.05,1,0,0,0
10508,5.0,5.0,0.0,28,0.05,1,0,0,0
10509,5.0,5.0,0.0,28,0.05,1,0,0,0
10510,5.0,5.0,0.0,30,0.05,1,0,0,0
10511,5.0,5.0,0.0,28,0.05,1,0,0,0
10512,5.0,5.0,0.0,28,0.05,1,0,0,0
10513,5.0,5.0,0.0,28,0.05,1,0,0,0
10514,5.0,5.0,0.0,28,0.05,1,0,0,0
10515,5.0,5.0,0.0,28,0.05,1,0,0,0
10516,5.0,5.0,0.0,30,0.05,1,0,0,0
10517,5.0,5.0,0.0,33,0.05,1,0,0,0
10518,5.0,5.0,0.0,28,0.05,1,0,0,0
10519,5.0,5.0,0.0,32,0.05,1,0,0,0
10520,5.0,5.0,0.0,28,0.05,1,0,0,0
10521,5.0,5.0,0.0,28,0.05,1,0,0,0
10522,4.0,4.0,0.0,26,0.05,0,1,0,0
10523,5.0,5.0,0.0,28,0.05,1,0,0,0
10524,5.0,5.0,0.0,28,0.05,1,0,0,0
10525,4.0,4.0,0.0,26,0.05,0,1,0,0
10526,5.0,5.0,0.0,30,0.05,1,0,0,0
10527,5.0,5.0,0.0,29,0.05,1,0,0,0
10528,5.0,5.0,0.0,30,0.05,1,0,0,0
10529,5.0,5.0,0.0,29,0.05,1,0,0,0
10530,5.0,5.0,0.0,29,0.05,1,0,0,0
10531,5.0,5.0,0.0,30,0.05,1,0,0,0
10532,5.0,5.0,0.0,29,0.05,1,0,0,0
10533,5.0,5.0,0.0,30,0.05,1,0,0,0
10534,5.0,5.0,0.0,30,0.05,1,0,0,0
10535,5.0,5.0,0.0,29,0.05,1,0,0,0
10536,5.0,5.0,0.0,28,0.05,1,0,0,0
10537,5.0,5.0,0.0,28,0.05,1,0,0,0
10538,5.0,5.0,0.0,30,0.05,1,0,0,0
10539,5.0,5.0,0.0,28,0.05,1,0,0,0
10540,5.0,5.0,0.0,30,0.05,1,0,0,0
10541,5.0,5.0,0.0,28,0.05,1,0,0,0
10542,5.0,5.0,0.0,32,0.05,1,0,0,0
10543,5.0,5.0,0.0,28,0.05,1,0,0,0
10544,5.0,5.0,0.0,29,0.05,1,0,0,0
10545,5.0,5.0,0.0,28,0.05,1,0,0,0
10546,5.0,5.0,0.0,30,0.05,1,0,0,0
10547,5.0,5.0,0.0,30,0.05,1,0,0,0
10548,5.0,5.0,0.0,28,0.05,1,0,0,0
10549,5.0,5.0,0.0,30,0.05,1,0,0,0
10550,5.0,5.0,0.0,29,0.05,1,0,0,0
10551,5.0,5.0,0.0,28,0.05,1,0,0,0
10552,5.0,5.0,0.0,30,0.05,1,0,0,0
10553,5.0,5.0,0.0,34,0.05,1,0,0,0
10554,5.0,5.0,0.0,29,0.05,1,0,0,0
10555,5.0,5.0,0.0,30,0.05,1,0,0,0
10556,5.0,5.0,0.0,30,0.05,1,0,0,0
10557,5.0,5.0,0.0,28,0.05,1,0,0,0
10558,5.0,5.0,0.0,29,0.05,1,0,0,0
10559,5.0,5.0,0.0,28,0.05,1,0,0,0
10560,5.0,5.0,0.0,28,0.05,1,0,0,0
10561,5.0,5.0,0.0,28,0.05,1,0,0,0
10562,5.0,5.0,0.0,28,0.05,1,0,0,0
10563,5.0,5.0,0.0,31,0.05,1,0,0,0
10564,5.0,5.0,0.0,28,0.05,1,0,0,0
10565,5.0,5.0,0.0,34,0.05,1,0,0,0
10566,5.0,5.0,0.0,28,0.05,1,0,0,0
10567,5.0,5.0,0.0,30,0.05,1,0,0,0
10568,5.0,5.0,0.0,34,0.05,1,0,0,0
10569,5.0,5.0,0.0,28,0.05,1,0,0,0
10570,5.0,5.0,0.0,30,0.05,1,0,0,0
10571,5.0,5.0,0.0,28,0.05,1,0,0,0
10572,5.0,5.0,0.0,28,0.05,1,0,0,0
10573,5.0,5.0,0.0,34,0.05,1,0,0,0
10574,5.0,5.0,0.0,28,0.05,1,0,0,0
10575,5.0,5.0,0.0,28,0.05,1,0,0,0
10576,5.0,5.0,0.0,32,0.05,1,0,0,0
10577,5.0,5.0,0.0,28,0.05,1,0,0,0
10578,5.0,5.0,0.0,28,0.05,1,0,0,0
10579,5.0,5.0,0.0,30,0.05,1,0,0,0
10580,5.0,5.0,0.0,28,0.05,1,0,0,0
10581,5.0,5.0,0.0,30,0.05,1,0,0,0
10582,5.0,5.0,0.0,32,0.05,1,0,0,0
10583,5.0,5.0,0.0,28,0.05,1,0,0,0
10584,5.0,5.0,0.0,28,0.05,1,0,0,0
10585,5.0,5.0,0.0,31,0.05,1,0,0,0
10586,5.0,5.0,0.0,29,0.05,1,0,0,0
10587,2.0,2.0,0.0,21,0.05,0,1,0,0
10588,5.0,5.0,0.0,28,0.05,1,0,0,0
10589,5.0,5.0,0.0,28,0.05,1,0,0,0
10590,5.0,5.0,0.0,30,0.05,1,0,0,0
10591,5.0,5.0,0.0,34,0.05,1,0,0,0
10592,5.0,5.0,0.0,30,0.05,1,0,0,0
10593,5.0,5.0,0.0,34,0.05,1,0,0,0
10594,5.0,5.0,0.0,28,0.05,1,0,0,0
10595,5.0,5.0,0.0,30,0.05,1,0,0,0
10596,4.0,4.0,0.0,28,0.05,0,1,0,0
10597,5.0,5.0,0.0,28,0.05,1,0,0,0
10598,5.0,5.0,0.0,28,0.05,1,0,0,0
10599,5.0,5.0,0.0,30,0.05,1,0,0,0
10600,5.0,5.0,0.0,30,0.05,1,0,0,0
10601,5.0,5.0,0.0,30,0.05,1,0,0,0
10602,5.0,5.0,0.0,32,0.05,1,0,0,0
10603,5.0,5.0,0.0,28,0.05,1,0,0,0
10604,5.0,5.0,0.0,28,0.05,1,0,0,0
10605,5.0,5.0,0.0,29,0.05,1,0,0,0
10606,5.0,5.0,0.0,32,0.05,1,0,0,0
10607,5.0,5.0,0.0,28,0.05,1,0,0,0
10608,4.0,4.0,0.0,32,0.05,0,1,0,0
10609,5.0,5.0,0.0,37,0.05,1,0,0,0
10610,5.0,5.0,0.0,28,0.05,1,0,0,0
10611,5.0,5.0,0.0,30,0.05,1,0,0,0
10612,5.0,5.0,0.0,28,0.05,1,0,0,0
10613,5.0,5.0,0.0,28,0.05,1,0,0,0
10614,5.0,5.0,0.0,28,0.05,1,0,0,0
10615,5.0,5.0,0.0,30,0.05,1,0,0,0
10616,5.0,5.0,0.0,32,0.05,1,0,0,0
10617,5.0,5.0,0.0,35,0.05,1,0,0,0
10618,5.0,5.0,0.0,28,0.05,1,0,0,0
10619,5.0,5.0,0.0,28,0.05,1,0,0,0
10620,5.0,5.0,0.0,28,0.05,1,0,0,0
10621,5.0,5.0,0.0,32,0.05,1,0,0,0
10622,5.0,5.0,0.0,28,0.05,1,0,0,0
10623,5.0,5.0,0.0,28,0.05,1,0,0,0
10624,5.0,5.0,0.0,28,0.05,1,0,0,0
10625,5.0,5.0,0.0,30,0.05,1,0,0,0
10626,5.0,5.0,0.0,31,0.05,1,0,0,0
10627,5.0,5.0,0.0,28,0.05,1,0,0,0
10628,5.0,5.0,0.0,29,0.05,1,0,0,0
10629,5.0,5.0,0.0,30,0.05,1,0,0,0
10630,5.0,5.0,0.0,29,0.05,1,0,0,0
10631,5.0,5.0,0.0,30,0.05,1,0,0,0
10632,5.0,5.0,0.0,28,0.05,1,0,0,0
10633,5.0,5.0,0.0,30,0.05,1,0,0,0
10634,5.0,5.0,0.0,30,0.05,1,0,0,0
10635,5.0,5.0,0.0,33,0.05,1,0,0,0
10636,5.0,5.0,0.0,32,0.05,1,0,0,0
10637,4.0,4.0,0.0,33,0.05,0,1,0,0
10638,5.0,5.0,0.0,28,0.05,1,0,0,0
10639,5.0,5.0,0.0,30,0.05,1,0,0,0
10640,5.0,5.0,0.0,29,0.05,1,0,0,0
10641,5.0,5.0,0.0,28,0.05,1,0,0,0
10642,5.0,5.0,0.0,32,0.05,1,0,0,0
10643,5.0,5.0,0.0,28,0.05,1,0,0,0
10644,5.0,5.0,0.0,29,0.05,1,0,0,0
10645,5.0,5.0,0.0,30,0.05,1,0,0,0
10646,5.0,5.0,0.0,30,0.05,1,0,0,0
10647,5.0,5.0,0.0,30,0.05,1,0,0,0
10648,5.0,5.0,0.0,31,0.05,1,0,0,0
10649,5.0,5.0,0.0,28,0.05,1,0,0,0
10650,5.0,5.0,0.0,28,0.05,1,0,0,0
10651,5.0,5.0,0.0,29,0.05,1,0,0,0
10652,5.0,5.0,0.0,30,0.05,1,0,0,0
10653,5.0,5.0,0.0,30,0.05,1,0,0,0
10654,5.0,5.0,0.0,28,0.05,1,0,0,0
10655,5.0,5.0,0.0,28,0.05,1,0,0,0
10656,5.0,5.0,0.0,32,0.05,1,0,0,0
10657,5.0,5.0,0.0,28,0.05,1,0,0,0
10658,5.0,5.0,0.0,28,0.05,1,0,0,0
10659,5.0,5.0,0.0,31,0.05,1,0,0,0
10660,5.0,5.0,0.0,30,0.05,1,0,0,0
10661,5.0,5.0,0.0,28,0.05,1,0,0,0
10662,5.0,5.0,0.0,28,0.05,1,0,0,0
10663,5.0,5.0,0.0,29,0.05,1,0,0,0
10664,5.0,5.0,0.0,32,0.05,1,0,0,0
10665,5.0,5.0,0.0,28,0.05,1,0,0,0
10666,5.0,5.0,0.0,30,0.05,1,0,0,0
10667,5.0,5.0,0.0,28,0.05,1,0,0,0
10668,4.0,4.0,0.0,30,0.05,0,1,0,0
10669,5.0,5.0,0.0,32,0.05,1,0,0,0
10670,5.0,5.0,0.0,28,0.05,1,0,0,0
10671,5.0,5.0,0.0,30,0.05,1,0,0,0
10672,5.0,5.0,0.0,28,0.05,1,0,0,0
10673,5.0,5.0,0.0,30,0.05,1,0,0,0
10674,5.0,5.0,0.0,32,0.05,1,0,0,0
10675,5.0,5.0,0.0,30,0.05,1,0,0,0
10676,5.0,5.0,0.0,30,0.05,1,0,0,0
10677,5.0,5.0,0.0,30,0.05,1,0,0,0
10678,5.0,5.0,0.0,30,0.05,1,0,0,0
10679,5.0,5.0,0.0,31,0.05,1,0,0,0
10680,5.0,5.0,0.0,30,0.05,1,0,0,0
10681,5.0,5.0,0.0,28,0.05,1,0,0,0
10682,5.0,5.0,0.0,30,0.05,1,0,0,0
10683,5.0,5.0,0.0,32,0.05,1,0,0,0
10684,5.0,5.0,0.0,28,0.05,1,0,0,0
10685,5.0,5.0,0.0,30,0.05,1,0,0,0
10686,5.0,5.0,0.0,30,0.05,1,0,0,0
10687,5.0,5.0,0.0,30,0.05,1,0,0,0
10688,5.0,5.0,0.0,30,0.05,1,0,0,0
10689,5.0,5.0,0.0,30,0.05,1,0,0,0
10690,5.0,5.0,0.0,32,0.05,1,0,0,0
10691,5.0,5.0,0.0,30,0.05,1,0,0,0
10692,5.0,5.0,0.0,29,0.05,1,0,0,0
10693,5.0,5.0,0.0,28,0.05,1,0,0,0
10694,5.0,5.0,0.0,31,0.05,1,0,0,0
10695,5.0,5.0,0.0,31,0.05,1,0,0,0
10696,5.0,5.0,0.0,32,0.05,1,0,0,0
10697,5.0,5.0,0.0,29,0.05,1,0,0,0
10698,5.0,5.0,0.0,28,0.05,1,0,0,0
10699,5.0,5.0,0.0,30,0.05,1,0,0,0
10700,5.0,5.0,0.0,28,0.05,1,0,0,0
10701,5.0,5.0,0.0,29,0.05,1,0,0,0
10702,5.0,5.0,0.0,28,0.05,1,0,0,0
10703,5.0,5.0,0.0,28,0.05,1,0,0,0
10704,5.0,5.0,0.0,32,0.05,1,0,0,0
10705,5.0,5.0,0.0,29,0.05,1,0,0,0
10706,5.0,5.0,0.0,29,0.05,1,0,0,0
10707,5.0,5.0,0.0,30,0.05,1,0,0,0
10708,5.0,5.0,0.0,29,0.05,1,0,0,0
10709,5.0,5.0,0.0,28,0.05,1,0,0,0
10710,5.0,5.0,0.0,29,0.05,1,0,0,0
10711,5.0,5.0,0.0,28,0.05,1,0,0,0
10712,5.0,5.0,0.0,30,0.05,1,0,0,0
10713,5.0,5.0,0.0,28,0.05,1,0,0,0
10714,5.0,5.0,0.0,30,0.05,1,0,0,0
10715,5.0,5.0,0.0,28,0.05,1,0,0,0
10716,4.0,4.0,0.0,24,0.05,0,1,0,0
10717,5.0,5.0,0.0,28,0.05,1,0,0,0
10718,5.0,5.0,0.0,28,0.05,1,0,0,0
10719,5.0,5.0,0.0,33,0.05,1,0,0,0
10720,5.0,5.0,0.0,30,0.05,1,0,0,0
10721,5.0,5.0,0.0,28,0.05,1,0,0,0
10722,5.0,5.0,0.0,30,0.05,1,0,0,0
10723,5.0,5.0,0.0,28,0.05,1,0,0,0
10724,5.0,5.0,0.0,32,0.05,1,0,0,0
10725,5.0,5.0,0.0,28,0.05,1,0,0,0
10726,5.0,5.0,0.0,30,0.05,1,0,0,0
10727,5.0,5.0,0.0,29,0.05,1,0,0,0
10728,5.0,5.0,0.0,28,0.05,1,0,0,0
10729,5.0,5.0,0.0,31,0.05,1,0,0,0
10730,5.0,5.0,0.0,29,0.05,1,0,0,0
10731,5.0,5.0,0.0,28,0.05,1,0,0,0
10732,5.0,5.0,0.0,33,0.05,1,0,0,0
10733,5.0,5.0,0.0,28,0.05,1,0,0,0
10734,5.0,5.0,0.0,28,0.05,1,0,0,0
10735,5.0,5.0,0.0,28,0.05,1,0,0,0
10736,5.0,5.0,0.0,28,0.05,1,0,0,0
10737,5.0,5.0,0.0,28,0.05,1,0,0,0
10738,5.0,5.0,0.0,30,0.05,1,0,0,0
10739,5.0,5.0,0.0,29,0.05,1,0,0,0
10740,5.0,5.0,0.0,30,0.05,1,0,0,0
10741,5.0,5.0,0.0,32,0.05,1,0,0,0
10742,5.0,5.0,0.0,29,0.05,1,0,0,0
10743,5.0,5.0,0.0,28,0.05,1,0,0,0
10744,5.0,5.0,0.0,30,0.05,1,0,0,0
10745,4.0,4.0,0.0,22,0.05,0,1,0,0
10746,4.0,4.0,0.0,26,0.05,0,1,0,0
10747,5.0,5.0,0.0,30,0.05,1,0,0,0
10748,5.0,5.0,0.0,29,0.05,1,0,0,0
10749,5.0,5.0,0.0,28,0.05,1,0,0,0
10750,5.0,5.0,0.0,32,0.05,1,0,0,0
10751,5.0,5.0,0.0,28,0.05,1,0,0,0
10752,5.0,5.0,0.0,29,0.05,1,0,0,0
10753,5.0,5.0,0.0,28,0.05,1,0,0,0
10754,5.0,5.0,0.0,29,0.05,1,0,0,0
10755,5.0,5.0,0.0,28,0.05,1,0,0,0
10756,5.0,5.0,0.0,30,0.05,1,0,0,0
10757,5.0,5.0,0.0,30,0.05,1,0,0,0
10758,5.0,5.0,0.0,28,0.05,1,0,0,0
10759,5.0,5.0,0.0,30,0.05,1,0,0,0
10760,5.0,5.0,0.0,31,0.05,1,0,0,0
10761,5.0,5.0,0.0,28,0.05,1,0,0,0
10762,5.0,5.0,0.0,29,0.05,1,0,0,0
10763,4.0,4.0,0.0,32,0.05,0,1,0,0
10764,5.0,5.0,0.0,32,0.05,1,0,0,0
10765,5.0,5.0,0.0,28,0.05,1,0,0,0
10766,5.0,5.0,0.0,28,0.05,1,0,0,0
10767,5.0,5.0,0.0,30,0.05,1,0,0,0
10768,5.0,5.0,0.0,29,0.05,1,0,0,0
10769,5.0,5.0,0.0,34,0.05,1,0,0,0
10770,5.0,5.0,0.0,28,0.05,1,0,0,0
10771,5.0,5.0,0.0,30,0.05,1,0,0,0
10772,5.0,5.0,0.0,31,0.05,1,0,0,0
10773,5.0,5.0,0.0,30,0.05,1,0,0,0
10774,5.0,5.0,0.0,28,0.05,1,0,0,0
10775,5.0,5.0,0.0,29,0.05,1,0,0,0
10776,5.0,5.0,0.0,30,0.05,1,0,0,0
10777,5.0,5.0,0.0,28,0.05,1,0,0,0
10778,5.0,5.0,0.0,30,0.05,1,0,0,0
10779,5.0,5.0,0.0,28,0.05,1,0,0,0
10780,5.0,5.0,0.0,28,0.05,1,0,0,0
10781,5.0,5.0,0.0,31,0.05,1,0,0,0
10782,5.0,5.0,0.0,28,0.05,1,0,0,0
10783,5.0,5.0,0.0,28,0.05,1,0,0,0
10784,5.0,5.0,0.0,32,0.05,1,0,0,0
10785,5.0,5.0,0.0,28,0.05,1,0,0,0
10786,5.0,5.0,0.0,28,0.05,1,0,0,0
10787,4.0,4.0,0.0,24,0.05,0,1,0,0
10788,5.0,5.0,0.0,29,0.05,1,0,0,0
10789,5.0,5.0,0.0,30,0.05,1,0,0,0
10790,5.0,5.0,0.0,32,0.05,1,0,0,0
10791,5.0,5.0,0.0,30,0.05,1,0,0,0
10792,5.0,5.0,0.0,30,0.05,1,0,0,0
10793,5.0,5.0,0.0,29,0.05,1,0,0,0
10794,5.0,5.0,0.0,30,0.05,1,0,0,0
10795,5.0,5.0,0.0,30,0.05,1,0,0,0
10796,5.0,5.0,0.0,32,0.05,1,0,0,0
10797,5.0,5.0,0.0,31,0.05,1,0,0,0
10798,5.0,5.0,0.0,29,0.05,1,0,0,0
10799,5.0,5.0,0.0,28,0.05,1,0,0,0
10800,4.0,4.0,0.0,24,0.05,0,1,0,0
10801,5.0,5.0,0.0,30,0.05,1,0,0,0
10802,5.0,5.0,0.0,30,0.05,1,0,0,0
10803,5.0,5.0,0.0,31,0.05,1,0,0,0
10804,5.0,5.0,0.0,28,0.05,1,0,0,0
10805,5.0,5.0,0.0,30,0.05,1,0,0,0
10806,5.0,5.0,0.0,28,0.05,1,0,0,0
10807,5.0,5.0,0.0,30,0.05,1,0,0,0
10808,5.0,5.0,0.0,30,0.05,1,0,0,0
10809,5.0,5.0,0.0,31,0.05,1,0,0,0
10810,5.0,5.0,0.0,30,0.05,1,0,0,0
10811,5.0,5.0,0.0,28,0.05,1,0,0,0
10812,5.0,5.0,0.0,28,0.05,1,0,0,0
10813,5.0,5.0,0.0,28,0.05,1,0,0,0
10814,5.0,5.0,0.0,30,0.05,1,0,0,0
10815,5.0,5.0,0.0,29,0.05,1,0,0,0
10816,5.0,5.0,0.0,30,0.05,1,0,0,0
10817,5.0,5.0,0.0,30,0.05,1,0,0,0
10818,5.0,5.0,0.0,28,0.05,1,0,0,0
10819,5.0,5.0,0.0,28,0.05,1,0,0,0
10820,5.0,5.0,0.0,30,0.05,1,0,0,0
10821,5.0,5.0,0.0,28,0.05,1,0,0,0
10822,5.0,5.0,0.0,28,0.05,1,0,0,0
10823,4.0,4.0,0.0,27,0.05,0,1,0,0
10824,5.0,5.0,0.0,28,0.05,1,0,0,0
10825,5.0,5.0,0.0,28,0.05,1,0,0,0
10826,5.0,5.0,0.0,31,0.05,1,0,0,0
10827,5.0,5.0,0.0,28,0.05,1,0,0,0
10828,5.0,5.0,0.0,28,0.05,1,0,0,0
10829,5.0,5.0,0.0,28,0.05,1,0,0,0
10830,5.0,5.0,0.0,28,0.05,1,0,0,0
10831,5.0,5.0,0.0,29,0.05,1,0,0,0
10832,5.0,5.0,0.0,30,0.05,1,0,0,0
10833,4.0,4.0,0.0,24,0.05,0,1,0,0
10834,5.0,5.0,0.0,30,0.05,1,0,0,0
10835,5.0,5.0,0.0,31,0.05,1,0,0,0
10836,5.0,5.0,0.0,32,0.05,1,0,0,0
10837,5.0,5.0,0.0,33,0.05,1,0,0,0
10838,5.0,5.0,0.0,28,0.05,1,0,0,0
10839,5.0,5.0,0.0,30,0.05,1,0,0,0
10840,5.0,5.0,0.0,28,0.05,1,0,0,0
10841,5.0,5.0,0.0,28,0.05,1,0,0,0
10842,5.0,5.0,0.0,28,0.05,1,0,0,0
10843,5.0,5.0,0.0,29,0.05,1,0,0,0
10844,5.0,5.0,0.0,28,0.05,1,0,0,0
10845,5.0,5.0,0.0,32,0.05,1,0,0,0
10846,5.0,5.0,0.0,32,0.05,1,0,0,0
10847,5.0,5.0,0.0,30,0.05,1,0,0,0
10848,5.0,5.0,0.0,28,0.05,1,0,0,0
10849,5.0,5.0,0.0,28,0.05,1,0,0,0
10850,5.0,5.0,0.0,30,0.05,1,0,0,0
10851,5.0,5.0,0.0,28,0.05,1,0,0,0
10852,5.0,5.0,0.0,28,0.05,1,0,0,0
10853,5.0,5.0,0.0,28,0.05,1,0,0,0
10854,5.0,5.0,0.0,28,0.05,1,0,0,0
10855,5.0,5.0,0.0,32,0.05,1,0,0,0
10856,5.0,5.0,0.0,31,0.05,1,0,0,0
10857,5.0,5.0,0.0,29,0.05,1,0,0,0
10858,5.0,5.0,0.0,33,0.05,1,0,0,0
10859,5.0,5.0,0.0,29,0.05,1,0,0,0
10860,5.0,5.0,0.0,29,0.05,1,0,0,0
10861,5.0,5.0,0.0,29,0.05,1,0,0,0
10862,5.0,5.0,0.0,30,0.05,1,0,0,0
10863,5.0,5.0,0.0,31,0.05,1,0,0,0
10864,5.0,5.0,0.0,28,0.05,1,0,0,0
10865,5.0,5.0,0.0,31,0.05,1,0,0,0
10866,5.0,5.0,0.0,30,0.05,1,0,0,0
10867,5.0,5.0,0.0,29,0.05,1,0,0,0
10868,5.0,5.0,0.0,28,0.05,1,0,0,0
10869,5.0,5.0,0.0,30,0.05,1,0,0,0
10870,5.0,5.0,0.0,32,0.05,1,0,0,0
10871,5.0,5.0,0.0,28,0.05,1,0,0,0
10872,5.0,5.0,0.0,28,0.05,1,0,0,0
10873,5.0,5.0,0.0,28,0.05,1,0,0,0
10874,5.0,5.0,0.0,30,0.05,1,0,0,0
10875,5.0,5.0,0.0,29,0.05,1,0,0,0
10876,5.0,5.0,0.0,33,0.05,1,0,0,0
10877,5.0,5.0,0.0,28,0.05,1,0,0,0
10878,5.0,5.0,0.0,34,0.05,1,0,0,0
10879,5.0,5.0,0.0,28,0.05,1,0,0,0
10880,5.0,5.0,0.0,30,0.05,1,0,0,0
10881,4.0,4.0,0.0,22,0.05,0,1,0,0
10882,5.0,5.0,0.0,28,0.05,1,0,0,0
10883,5.0,5.0,0.0,28,0.05,1,0,0,0
10884,5.0,5.0,0.0,28,0.05,1,0,0,0
10885,5.0,5.0,0.0,28,0.05,1,0,0,0
10886,5.0,5.0,0.0,31,0.05,1,0,0,0
10887,5.0,5.0,0.0,29,0.05,1,0,0,0
10888,4.0,4.0,0.0,24,0.05,0,1,0,0
10889,5.0,5.0,0.0,28,0.05,1,0,0,0
10890,5.0,5.0,0.0,28,0.05,1,0,0,0
10891,5.0,5.0,0.0,30,0.05,1,0,0,0
10892,5.0,5.0,0.0,32,0.05,1,0,0,0
10893,5.0,5.0,0.0,32,0.05,1,0,0,0
10894,5.0,5.0,0.0,30,0.05,1,0,0,0
10895,5.0,5.0,0.0,28,0.05,1,0,0,0
10896,5.0,5.0,0.0,32,0.05,1,0,0,0
10897,5.0,5.0,0.0,33,0.05,1,0,0,0
10898,5.0,5.0,0.0,32,0.05,1,0,0,0
10899,5.0,5.0,0.0,31,0.05,1,0,0,0
10900,5.0,5.0,0.0,28,0.05,1,0,0,0
10901,5.0,5.0,0.0,29,0.05,1,0,0,0
10902,5.0,5.0,0.0,29,0.05,1,0,0,0
10903,5.0,5.0,0.0,28,0.05,1,0,0,0
10904,5.0,5.0,0.0,30,0.05,1,0,0,0
10905,5.0,5.0,0.0,28,0.05,1,0,0,0
10906,5.0,5.0,0.0,30,0.05,1,0,0,0
10907,5.0,5.0,0.0,28,0.05,1,0,0,0
10908,5.0,5.0,0.0,30,0.05,1,0,0,0
10909,5.0,5.0,0.0,28,0.05,1,0,0,0
10910,5.0,5.0,0.0,28,0.05,1,0,0,0
10911,5.0,5.0,0.0,32,0.05,1,0,0,0
10912,5.0,5.0,0.0,31,0.05,1,0,0,0
10913,5.0,5.0,0.0,28,0.05,1,0,0,0
10914,5.0,5.0,0.0,28,0.05,1,0,0,0
10915,5.0,5.0,0.0,30,0.05,1,0,0,0
10916,5.0,5.0,0.0,29,0.05,1,0,0,0
10917,5.0,5.0,0.0,28,0.05,1,0,0,0
10918,5.0,5.0,0.0,32,0.05,1,0,0,0
10919,5.0,5.0,0.0,28,0.05,1,0,0,0
10920,5.0,5.0,0.0,28,0.05,1,0,0,0
10921,5.0,5.0,0.0,30,0.05,1,0,0,0
10922,5.0,5.0,0.0,30,0.05,1,0,0,0
10923,5.0,5.0,0.0,30,0.05,1,0,0,0
10924,5.0,5.0,0.0,29,0.05,1,0,0,0
10925,5.0,5.0,0.0,30,0.05,1,0,0,0
10926,5.0,5.0,0.0,28,0.05,1,0,0,0
10927,5.0,5.0,0.0,29,0.05,1,0,0,0
10928,5.0,5.0,0.0,30,0.05,1,0,0,0
10929,5.0,5.0,0.0,30,0.05,1,0,0,0
10930,4.0,4.0,0.0,23,0.05,0,1,0,0
10931,5.0,5.0,0.0,32,0.05,1,0,0,0
10932,5.0,5.0,0.0,30,0.05,1,0,0,0
10933,5.0,5.0,0.0,28,0.05,1,0,0,0
10934,5.0,5.0,0.0,30,0.05,1,0,0,0
10935,5.0,5.0,0.0,30,0.05,1,0,0,0
10936,5.0,5.0,0.0,30,0.05,1,0,0,0
10937,5.0,5.0,0.0,28,0.05,1,0,0,0
10938,5.0,5.0,0.0,28,0.05,1,0,0,0
10939,5.0,5.0,0.0,32,0.05,1,0,0,0
10940,5.0,5.0,0.0,28,0.05,1,0,0,0
10941,5.0,5.0,0.0,30,0.05,1,0,0,0
10942,5.0,5.0,0.0,30,0.05,1,0,0,0
10943,5.0,5.0,0.0,30,0.05,1,0,0,0
10944,5.0,5.0,0.0,28,0.05,1,0,0,0
10945,5.0,5.0,0.0,28,0.05,1,0,0,0
10946,5.0,5.0,0.0,30,0.05,1,0,0,0
10947,5.0,5.0,0.0,30,0.05,1,0,0,0
10948,5.0,5.0,0.0,28,0.05,1,0,0,0
10949,5.0,5.0,0.0,30,0.05,1,0,0,0
10950,5.0,5.0,0.0,28,0.05,1,0,0,0
10951,5.0,5.0,0.0,28,0.05,1,0,0,0
10952,5.0,5.0,0.0,28,0.05,1,0,0,0
10953,5.0,5.0,0.0,30,0.05,1,0,0,0
10954,5.0,5.0,0.0,34,0.05,1,0,0,0
10955,5.0,5.0,0.0,28,0.05,1,0,0,0
10956,5.0,5.0,0.0,32,0.05,1,0,0,0
10957,5.0,5.0,0.0,31,0.05,1,0,0,0
10958,5.0,5.0,0.0,28,0.05,1,0,0,0
10959,5.0,5.0,0.0,30,0.05,1,0,0,0
10960,5.0,5.0,0.0,28,0.05,1,0,0,0
10961,5.0,5.0,0.0,30,0.05,1,0,0,0
10962,5.0,5.0,0.0,28,0.05,1,0,0,0
10963,5.0,5.0,0.0,28,0.05,1,0,0,0
10964,5.0,5.0,0.0,28,0.05,1,0,0,0
10965,5.0,5.0,0.0,30,0.05,1,0,0,0
10966,5.0,5.0,0.0,28,0.05,1,0,0,0
10967,5.0,5.0,0.0,30,0.05,1,0,0,0
10968,5.0,5.0,0.0,31,0.05,1,0,0,0
10969,5.0,5.0,0.0,28,0.05,1,0,0,0
10970,5.0,5.0,0.0,28,0.05,1,0,0,0
10971,5.0,5.0,0.0,28,0.05,1,0,0,0
10972,5.0,5.0,0.0,31,0.05,1,0,0,0
10973,5.0,5.0,0.0,28,0.05,1,0,0,0
10974,5.0,5.0,0.0,28,0.05,1,0,0,0
10975,5.0,5.0,0.0,28,0.05,1,0,0,0
10976,5.0,5.0,0.0,31,0.05,1,0,0,0
10977,5.0,5.0,0.0,32,0.05,1,0,0,0
10978,5.0,5.0,0.0,31,0.05,1,0,0,0
10979,5.0,5.0,0.0,33,0.05,1,0,0,0
10980,5.0,5.0,0.0,32,0.05,1,0,0,0
10981,5.0,5.0,0.0,32,0.05,1,0,0,0
10982,5.0,5.0,0.0,28,0.05,1,0,0,0
10983,5.0,5.0,0.0,29,0.05,1,0,0,0
10984,5.0,5.0,0.0,33,0.05,1,0,0,0
10985,5.0,5.0,0.0,30,0.05,1,0,0,0
10986,5.0,5.0,0.0,30,0.05,1,0,0,0
10987,5.0,5.0,0.0,30,0.05,1,0,0,0
10988,5.0,5.0,0.0,28,0.05,1,0,0,0
10989,5.0,5.0,0.0,28,0.05,1,0,0,0
10990,5.0,5.0,0.0,32,0.05,1,0,0,0
10991,5.0,5.0,0.0,28,0.05,1,0,0,0
10992,5.0,5.0,0.0,30,0.05,1,0,0,0
10993,5.0,5.0,0.0,29,0.05,1,0,0,0
10994,5.0,5.0,0.0,28,0.05,1,0,0,0
10995,5.0,5.0,0.0,30,0.05,1,0,0,0
10996,5.0,5.0,0.0,28,0.05,1,0,0,0
10997,5.0,5.0,0.0,28,0.05,1,0,0,0
10998,5.0,5.0,0.0,28,0.05,1,0,0,0
10999,5.0,5.0,0.0,32,0.05,1,0,0,0
11000,5.0,5.0,0.0,32,0.05,1,0,0,0
11001,5.0,5.0,0.0,30,0.05,1,0,0,0
11002,5.0,5.0,0.0,28,0.05,1,0,0,0
11003,5.0,5.0,0.0,30,0.05,1,0,0,0
11004,4.0,4.0,0.0,26,0.05,0,1,0,0
11005,5.0,5.0,0.0,31,0.05,1,0,0,0
11006,5.0,5.0,0.0,28,0.05,1,0,0,0
11007,5.0,5.0,0.0,33,0.05,1,0,0,0
11008,5.0,5.0,0.0,28,0.05,1,0,0,0
11009,5.0,5.0,0.0,30,0.05,1,0,0,0
11010,5.0,5.0,0.0,34,0.05,1,0,0,0
11011,5.0,5.0,0.0,28,0.05,1,0,0,0
11012,5.0,5.0,0.0,29,0.05,1,0,0,0
11013,5.0,5.0,0.0,30,0.05,1,0,0,0
11014,5.0,5.0,0.0,31,0.05,1,0,0,0
11015,5.0,5.0,0.0,30,0.05,1,0,0,0
11016,5.0,5.0,0.0,28,0.05,1,0,0,0
11017,5.0,5.0,0.0,28,0.05,1,0,0,0
11018,5.0,5.0,0.0,28,0.05,1,0,0,0
11019,5.0,5.0,0.0,28,0.05,1,0,0,0
11020,5.0,5.0,0.0,32,0.05,1,0,0,0
11021,5.0,5.0,0.0,28,0.05,1,0,0,0
11022,5.0,5.0,0.0,30,0.05,1,0,0,0
11023,5.0,5.0,0.0,28,0.05,1,0,0,0
11024,5.0,5.0,0.0,32,0.05,1,0,0,0
11025,5.0,5.0,0.0,30,0.05,1,0,0,0
11026,5.0,5.0,0.0,30,0.05,1,0,0,0
11027,5.0,5.0,0.0,28,0.05,1,0,0,0
11028,5.0,5.0,0.0,28,0.05,1,0,0,0
11029,5.0,5.0,0.0,30,0.05,1,0,0,0
11030,5.0,5.0,0.0,28,0.05,1,0,0,0
11031,5.0,5.0,0.0,30,0.05,1,0,0,0
11032,5.0,5.0,0.0,28,0.05,1,0,0,0
11033,4.0,4.0,0.0,24,0.05,0,1,0,0
11034,5.0,5.0,0.0,28,0.05,1,0,0,0
11035,5.0,5.0,0.0,30,0.05,1,0,0,0
11036,5.0,5.0,0.0,31,0.05,1,0,0,0
11037,5.0,5.0,0.0,28,0.05,1,0,0,0
11038,5.0,5.0,0.0,28,0.05,1,0,0,0
11039,5.0,5.0,0.0,30,0.05,1,0,0,0
11040,5.0,5.0,0.0,28,0.05,1,0,0,0
11041,5.0,5.0,0.0,28,0.05,1,0,0,0
11042,5.0,5.0,0.0,30,0.05,1,0,0,0
11043,5.0,5.0,0.0,28,0.05,1,0,0,0
11044,5.0,5.0,0.0,28,0.05,1,0,0,0
11045,5.0,5.0,0.0,30,0.05,1,0,0,0
11046,5.0,5.0,0.0,28,0.05,1,0,0,0
11047,5.0,5.0,0.0,28,0.05,1,0,0,0
11048,5.0,5.0,0.0,28,0.05,1,0,0,0
11049,5.0,5.0,0.0,29,0.05,1,0,0,0
11050,5.0,5.0,0.0,30,0.05,1,0,0,0
11051,5.0,5.0,0.0,30,0.05,1,0,0,0
11052,5.0,5.0,0.0,30,0.05,1,0,0,0
11053,5.0,5.0,0.0,28,0.05,1,0,0,0
11054,5.0,5.0,0.0,31,0.05,1,0,0,0
11055,5.0,5.0,0.0,28,0.05,1,0,0,0
11056,5.0,5.0,0.0,28,0.05,1,0,0,0
11057,5.0,5.0,0.0,28,0.05,1,0,0,0
11058,5.0,5.0,0.0,28,0.05,1,0,0,0
11059,5.0,5.0,0.0,30,0.05,1,0,0,0
11060,5.0,5.0,0.0,31,0.05,1,0,0,0
11061,5.0,5.0,0.0,28,0.05,1,0,0,0
11062,5.0,5.0,0.0,28,0.05,1,0,0,0
11063,5.0,5.0,0.0,32,0.05,1,0,0,0
11064,5.0,5.0,0.0,30,0.05,1,0,0,0
11065,5.0,5.0,0.0,28,0.05,1,0,0,0
11066,5.0,5.0,0.0,29,0.05,1,0,0,0
11067,4.0,4.0,0.0,22,0.05,0,1,0,0
11068,5.0,5.0,0.0,28,0.05,1,0,0,0
11069,5.0,5.0,0.0,30,0.05,1,0,0,0
11070,5.0,5.0,0.0,30,0.05,1,0,0,0
11071,5.0,5.0,0.0,28,0.05,1,0,0,0
11072,5.0,5.0,0.0,30,0.05,1,0,0,0
11073,4.0,4.0,0.0,22,0.05,0,1,0,0
11074,5.0,5.0,0.0,30,0.05,1,0,0,0
11075,5.0,5.0,0.0,34,0.05,1,0,0,0
11076,5.0,5.0,0.0,28,0.05,1,0,0,0
11077,5.0,5.0,0.0,31,0.05,1,0,0,0
11078,5.0,5.0,0.0,28,0.05,1,0,0,0
11079,5.0,5.0,0.0,28,0.05,1,0,0,0
11080,5.0,5.0,0.0,31,0.05,1,0,0,0
11081,5.0,5.0,0.0,29,0.05,1,0,0,0
11082,5.0,5.0,0.0,30,0.05,1,0,0,0
11083,5.0,5.0,0.0,30,0.05,1,0,0,0
11084,5.0,5.0,0.0,30,0.05,1,0,0,0
11085,5.0,5.0,0.0,33,0.05,1,0,0,0
11086,5.0,5.0,0.0,28,0.05,1,0,0,0
11087,5.0,5.0,0.0,29,0.05,1,0,0,0
11088,5.0,5.0,0.0,29,0.05,1,0,0,0
11089,5.0,5.0,0.0,28,0.05,1,0,0,0
11090,5.0,5.0,0.0,28,0.05,1,0,0,0
11091,5.0,5.0,0.0,28,0.05,1,0,0,0
11092,5.0,5.0,0.0,28,0.05,1,0,0,0
11093,5.0,5.0,0.0,33,0.05,1,0,0,0
11094,5.0,5.0,0.0,29,0.05,1,0,0,0
11095,5.0,5.0,0.0,28,0.05,1,0,0,0
11096,5.0,5.0,0.0,34,0.05,1,0,0,0
11097,5.0,5.0,0.0,30,0.05,1,0,0,0
11098,5.0,5.0,0.0,30,0.05,1,0,0,0
11099,5.0,5.0,0.0,28,0.05,1,0,0,0
11100,5.0,5.0,0.0,32,0.05,1,0,0,0
11101,5.0,5.0,0.0,28,0.05,1,0,0,0
11102,5.0,5.0,0.0,30,0.05,1,0,0,0
11103,5.0,5.0,0.0,28,0.05,1,0,0,0
11104,5.0,5.0,0.0,28,0.05,1,0,0,0
11105,5.0,5.0,0.0,30,0.05,1,0,0,0
11106,5.0,5.0,0.0,28,0.05,1,0,0,0
11107,5.0,5.0,0.0,28,0.05,1,0,0,0
11108,5.0,5.0,0.0,28,0.05,1,0,0,0
11109,5.0,5.0,0.0,32,0.05,1,0,0,0
11110,5.0,5.0,0.0,30,0.05,1,0,0,0
11111,5.0,5.0,0.0,32,0.05,1,0,0,0
11112,5.0,5.0,0.0,33,0.05,1,0,0,0
11113,5.0,5.0,0.0,33,0.05,1,0,0,0
11114,5.0,5.0,0.0,32,0.05,1,0,0,0
11115,5.0,5.0,0.0,28,0.05,1,0,0,0
11116,5.0,5.0,0.0,28,0.05,1,0,0,0
11117,5.0,5.0,0.0,28,0.05,1,0,0,0
11118,4.0,4.0,0.0,28,0.05,0,1,0,0
11119,5.0,5.0,0.0,28,0.05,1,0,0,0
11120,5.0,5.0,0.0,31,0.05,1,0,0,0
11121,5.0,5.0,0.0,28,0.05,1,0,0,0
11122,5.0,5.0,0.0,28,0.05,1,0,0,0
11123,5.0,5.0,0.0,28,0.05,1,0,0,0
11124,5.0,5.0,0.0,30,0.05,1,0,0,0
11125,5.0,5.0,0.0,32,0.05,1,0,0,0
11126,5.0,5.0,0.0,30,0.05,1,0,0,0
11127,5.0,5.0,0.0,30,0.05,1,0,0,0
11128,5.0,5.0,0.0,30,0.05,1,0,0,0
11129,5.0,5.0,0.0,32,0.05,1,0,0,0
11130,5.0,5.0,0.0,28,0.05,1,0,0,0
11131,5.0,5.0,0.0,32,0.05,1,0,0,0
11132,5.0,5.0,0.0,29,0.05,1,0,0,0
11133,5.0,5.0,0.0,28,0.05,1,0,0,0
11134,5.0,5.0,0.0,28,0.05,1,0,0,0
11135,5.0,5.0,0.0,30,0.05,1,0,0,0
11136,5.0,5.0,0.0,28,0.05,1,0,0,0
11137,5.0,5.0,0.0,28,0.05,1,0,0,0
11138,5.0,5.0,0.0,28,0.05,1,0,0,0
11139,5.0,5.0,0.0,28,0.05,1,0,0,0
11140,5.0,5.0,0.0,28,0.05,1,0,0,0
11141,5.0,5.0,0.0,28,0.05,1,0,0,0
11142,5.0,5.0,0.0,29,0.05,1,0,0,0
11143,5.0,5.0,0.0,30,0.05,1,0,0,0
11144,5.0,5.0,0.0,28,0.05,1,0,0,0
11145,5.0,5.0,0.0,31,0.05,1,0,0,0
11146,5.0,5.0,0.0,28,0.05,1,0,0,0
11147,5.0,5.0,0.0,30,0.05,1,0,0,0
11148,5.0,5.0,0.0,28,0.05,1,0,0,0
11149,5.0,5.0,0.0,28,0.05,1,0,0,0
11150,5.0,5.0,0.0,28,0.05,1,0,0,0
11151,5.0,5.0,0.0,30,0.05,1,0,0,0
11152,5.0,5.0,0.0,28,0.05,1,0,0,0
11153,5.0,5.0,0.0,28,0.05,1,0,0,0
11154,5.0,5.0,0.0,28,0.05,1,0,0,0
11155,5.0,5.0,0.0,30,0.05,1,0,0,0
11156,5.0,5.0,0.0,28,0.05,1,0,0,0
11157,5.0,5.0,0.0,30,0.05,1,0,0,0
11158,5.0,5.0,0.0,32,0.05,1,0,0,0
11159,5.0,5.0,0.0,31,0.05,1,0,0,0
11160,5.0,5.0,0.0,30,0.05,1,0,0,0
11161,5.0,5.0,0.0,30,0.05,1,0,0,0
11162,5.0,5.0,0.0,28,0.05,1,0,0,0
11163,5.0,5.0,0.0,30,0.05,1,0,0,0
11164,5.0,5.0,0.0,30,0.05,1,0,0,0
11165,5.0,5.0,0.0,29,0.05,1,0,0,0
11166,5.0,5.0,0.0,29,0.05,1,0,0,0
11167,5.0,5.0,0.0,32,0.05,1,0,0,0
11168,5.0,5.0,0.0,30,0.05,1,0,0,0
11169,5.0,5.0,0.0,28,0.05,1,0,0,0
11170,5.0,5.0,0.0,28,0.05,1,0,0,0
11171,5.0,5.0,0.0,28,0.05,1,0,0,0
11172,5.0,5.0,0.0,30,0.05,1,0,0,0
11173,5.0,5.0,0.0,28,0.05,1,0,0,0
11174,5.0,5.0,0.0,29,0.05,1,0,0,0
11175,5.0,5.0,0.0,28,0.05,1,0,0,0
11176,4.0,4.0,0.0,26,0.05,0,1,0,0
11177,5.0,5.0,0.0,30,0.05,1,0,0,0
11178,5.0,5.0,0.0,28,0.05,1,0,0,0
11179,5.0,5.0,0.0,30,0.05,1,0,0,0
11180,5.0,5.0,0.0,28,0.05,1,0,0,0
11181,5.0,5.0,0.0,28,0.05,1,0,0,0
11182,5.0,5.0,0.0,28,0.05,1,0,0,0
11183,5.0,5.0,0.0,29,0.05,1,0,0,0
11184,5.0,5.0,0.0,28,0.05,1,0,0,0
11185,5.0,5.0,0.0,30,0.05,1,0,0,0
11186,4.0,4.0,0.0,27,0.05,0,1,0,0
11187,5.0,5.0,0.0,28,0.05,1,0,0,0
11188,5.0,5.0,0.0,29,0.05,1,0,0,0
11189,5.0,5.0,0.0,28,0.05,1,0,0,0
11190,5.0,5.0,0.0,28,0.05,1,0,0,0
11191,5.0,5.0,0.0,29,0.05,1,0,0,0
11192,5.0,5.0,0.0,28,0.05,1,0,0,0
11193,5.0,5.0,0.0,28,0.05,1,0,0,0
11194,5.0,5.0,0.0,28,0.05,1,0,0,0
11195,5.0,5.0,0.0,29,0.05,1,0,0,0
11196,5.0,5.0,0.0,33,0.05,1,0,0,0
11197,5.0,5.0,0.0,28,0.05,1,0,0,0
11198,5.0,5.0,0.0,34,0.05,1,0,0,0
11199,5.0,5.0,0.0,31,0.05,1,0,0,0
11200,5.0,5.0,0.0,30,0.05,1,0,0,0
11201,5.0,5.0,0.0,30,0.05,1,0,0,0
11202,5.0,5.0,0.0,28,0.05,1,0,0,0
11203,4.0,4.0,0.0,27,0.05,0,1,0,0
11204,5.0,5.0,0.0,32,0.05,1,0,0,0
11205,5.0,5.0,0.0,30,0.05,1,0,0,0
11206,5.0,5.0,0.0,28,0.05,1,0,0,0
11207,5.0,5.0,0.0,28,0.05,1,0,0,0
11208,5.0,5.0,0.0,31,0.05,1,0,0,0
11209,5.0,5.0,0.0,28,0.05,1,0,0,0
11210,5.0,5.0,0.0,29,0.05,1,0,0,0
11211,5.0,5.0,0.0,30,0.05,1,0,0,0
11212,5.0,5.0,0.0,28,0.05,1,0,0,0
11213,5.0,5.0,0.0,28,0.05,1,0,0,0
11214,5.0,5.0,0.0,29,0.05,1,0,0,0
11215,5.0,5.0,0.0,29,0.05,1,0,0,0
11216,5.0,5.0,0.0,30,0.05,1,0,0,0
11217,5.0,5.0,0.0,28,0.05,1,0,0,0
11218,5.0,5.0,0.0,29,0.05,1,0,0,0
11219,5.0,5.0,0.0,29,0.05,1,0,0,0
11220,5.0,5.0,0.0,28,0.05,1,0,0,0
11221,5.0,5.0,0.0,28,0.05,1,0,0,0
11222,5.0,5.0,0.0,30,0.05,1,0,0,0
11223,5.0,5.0,0.0,29,0.05,1,0,0,0
11224,5.0,5.0,0.0,30,0.05,1,0,0,0
11225,5.0,5.0,0.0,29,0.05,1,0,0,0
11226,5.0,5.0,0.0,30,0.05,1,0,0,0
11227,5.0,5.0,0.0,32,0.05,1,0,0,0
11228,5.0,5.0,0.0,28,0.05,1,0,0,0
11229,5.0,5.0,0.0,28,0.05,1,0,0,0
11230,5.0,5.0,0.0,30,0.05,1,0,0,0
11231,5.0,5.0,0.0,33,0.05,1,0,0,0
11232,5.0,5.0,0.0,30,0.05,1,0,0,0
11233,5.0,5.0,0.0,28,0.05,1,0,0,0
11234,5.0,5.0,0.0,28,0.05,1,0,0,0
11235,4.0,4.0,0.0,26,0.05,0,1,0,0
11236,5.0,5.0,0.0,28,0.05,1,0,0,0
11237,5.0,5.0,0.0,30,0.05,1,0,0,0
11238,5.0,5.0,0.0,28,0.05,1,0,0,0
11239,5.0,5.0,0.0,30,0.05,1,0,0,0
11240,5.0,5.0,0.0,32,0.05,1,0,0,0
11241,5.0,5.0,0.0,28,0.05,1,0,0,0
11242,5.0,5.0,0.0,28,0.05,1,0,0,0
11243,5.0,5.0,0.0,30,0.05,1,0,0,0
11244,5.0,5.0,0.0,28,0.05,1,0,0,0
11245,5.0,5.0,0.0,32,0.05,1,0,0,0
11246,5.0,5.0,0.0,30,0.05,1,0,0,0
11247,5.0,5.0,0.0,28,0.05,1,0,0,0
11248,5.0,5.0,0.0,28,0.05,1,0,0,0
11249,5.0,5.0,0.0,28,0.05,1,0,0,0
11250,5.0,5.0,0.0,31,0.05,1,0,0,0
11251,5.0,5.0,0.0,28,0.05,1,0,0,0
11252,5.0,5.0,0.0,33,0.05,1,0,0,0
11253,5.0,5.0,0.0,32,0.05,1,0,0,0
11254,5.0,5.0,0.0,28,0.05,1,0,0,0
11255,5.0,5.0,0.0,28,0.05,1,0,0,0
11256,5.0,5.0,0.0,28,0.05,1,0,0,0
11257,5.0,5.0,0.0,28,0.05,1,0,0,0
11258,5.0,5.0,0.0,30,0.05,1,0,0,0
11259,5.0,5.0,0.0,30,0.05,1,0,0,0
11260,5.0,5.0,0.0,28,0.05,1,0,0,0
11261,5.0,5.0,0.0,32,0.05,1,0,0,0
11262,5.0,5.0,0.0,28,0.05,1,0,0,0
11263,5.0,5.0,0.0,30,0.05,1,0,0,0
11264,5.0,5.0,0.0,35,0.05,1,0,0,0
11265,5.0,5.0,0.0,28,0.05,1,0,0,0
11266,5.0,5.0,0.0,31,0.05,1,0,0,0
11267,5.0,5.0,0.0,28,0.05,1,0,0,0
11268,5.0,5.0,0.0,32,0.05,1,0,0,0
11269,5.0,5.0,0.0,28,0.05,1,0,0,0
11270,5.0,5.0,0.0,32,0.05,1,0,0,0
11271,5.0,5.0,0.0,30,0.05,1,0,0,0
11272,5.0,5.0,0.0,28,0.05,1,0,0,0
11273,5.0,5.0,0.0,28,0.05,1,0,0,0
11274,5.0,5.0,0.0,28,0.05,1,0,0,0
11275,5.0,5.0,0.0,30,0.05,1,0,0,0
11276,5.0,5.0,0.0,30,0.05,1,0,0,0
11277,5.0,5.0,0.0,30,0.05,1,0,0,0
11278,5.0,5.0,0.0,30,0.05,1,0,0,0
11279,5.0,5.0,0.0,28,0.05,1,0,0,0
11280,5.0,5.0,0.0,28,0.05,1,0,0,0
11281,5.0,5.0,0.0,29,0.05,1,0,0,0
11282,5.0,5.0,0.0,30,0.05,1,0,0,0
11283,5.0,5.0,0.0,30,0.05,1,0,0,0
11284,5.0,5.0,0.0,28,0.05,1,0,0,0
11285,5.0,5.0,0.0,30,0.05,1,0,0,0
11286,5.0,5.0,0.0,28,0.05,1,0,0,0
11287,5.0,5.0,0.0,28,0.05,1,0,0,0
11288,5.0,5.0,0.0,28,0.05,1,0,0,0
11289,5.0,5.0,0.0,28,0.05,1,0,0,0
11290,5.0,5.0,0.0,28,0.05,1,0,0,0
11291,5.0,5.0,0.0,30,0.05,1,0,0,0
11292,5.0,5.0,0.0,32,0.05,1,0,0,0
11293,5.0,5.0,0.0,32,0.05,1,0,0,0
11294,5.0,5.0,0.0,28,0.05,1,0,0,0
11295,5.0,5.0,0.0,30,0.05,1,0,0,0
11296,5.0,5.0,0.0,30,0.05,1,0,0,0
11297,5.0,5.0,0.0,28,0.05,1,0,0,0
11298,5.0,5.0,0.0,28,0.05,1,0,0,0
11299,5.0,5.0,0.0,30,0.05,1,0,0,0
11300,5.0,5.0,0.0,28,0.05,1,0,0,0
11301,5.0,5.0,0.0,28,0.05,1,0,0,0
11302,5.0,5.0,0.0,28,0.05,1,0,0,0
11303,5.0,5.0,0.0,28,0.05,1,0,0,0
11304,5.0,5.0,0.0,30,0.05,1,0,0,0
11305,5.0,5.0,0.0,33,0.05,1,0,0,0
11306,5.0,5.0,0.0,32,0.05,1,0,0,0
11307,5.0,5.0,0.0,30,0.05,1,0,0,0
11308,5.0,5.0,0.0,29,0.05,1,0,0,0
11309,5.0,5.0,0.0,28,0.05,1,0,0,0
11310,5.0,5.0,0.0,30,0.05,1,0,0,0
11311,5.0,5.0,0.0,28,0.05,1,0,0,0
11312,5.0,5.0,0.0,28,0.05,1,0,0,0
11313,5.0,5.0,0.0,30,0.05,1,0,0,0
11314,5.0,5.0,0.0,32,0.05,1,0,0,0
11315,5.0,5.0,0.0,28,0.05,1,0,0,0
11316,5.0,5.0,0.0,30,0.05,1,0,0,0
11317,5.0,5.0,0.0,30,0.05,1,0,0,0
11318,5.0,5.0,0.0,28,0.05,1,0,0,0
11319,5.0,5.0,0.0,34,0.05,1,0,0,0
11320,5.0,5.0,0.0,28,0.05,1,0,0,0
11321,5.0,5.0,0.0,28,0.05,1,0,0,0
11322,5.0,5.0,0.0,28,0.05,1,0,0,0
11323,5.0,5.0,0.0,34,0.05,1,0,0,0
11324,5.0,5.0,0.0,28,0.05,1,0,0,0
11325,5.0,5.0,0.0,29,0.05,1,0,0,0
11326,5.0,5.0,0.0,30,0.05,1,0,0,0
11327,4.0,4.0,0.0,26,0.05,0,1,0,0
11328,5.0,5.0,0.0,32,0.05,1,0,0,0
11329,5.0,5.0,0.0,29,0.05,1,0,0,0
11330,5.0,5.0,0.0,28,0.05,1,0,0,0
11331,4.0,4.0,0.0,22,0.05,0,1,0,0
11332,5.0,5.0,0.0,29,0.05,1,0,0,0
11333,5.0,5.0,0.0,28,0.05,1,0,0,0
11334,5.0,5.0,0.0,35,0.05,1,0,0,0
11335,5.0,5.0,0.0,30,0.05,1,0,0,0
11336,4.0,4.0,0.0,24,0.05,0,1,0,0
11337,5.0,5.0,0.0,28,0.05,1,0,0,0
11338,5.0,5.0,0.0,28,0.05,1,0,0,0
11339,5.0,5.0,0.0,34,0.05,1,0,0,0
11340,4.0,4.0,0.0,30,0.05,0,1,0,0
11341,5.0,5.0,0.0,28,0.05,1,0,0,0
11342,5.0,5.0,0.0,28,0.05,1,0,0,0
11343,5.0,5.0,0.0,30,0.05,1,0,0,0
11344,5.0,5.0,0.0,28,0.05,1,0,0,0
11345,5.0,5.0,0.0,28,0.05,1,0,0,0
11346,5.0,5.0,0.0,30,0.05,1,0,0,0
11347,5.0,5.0,0.0,28,0.05,1,0,0,0
11348,4.0,4.0,0.0,24,0.05,0,1,0,0
11349,5.0,5.0,0.0,28,0.05,1,0,0,0
11350,5.0,5.0,0.0,33,0.05,1,0,0,0
11351,5.0,5.0,0.0,28,0.05,1,0,0,0
11352,5.0,5.0,0.0,28,0.05,1,0,0,0
11353,5.0,5.0,0.0,29,0.05,1,0,0,0
11354,5.0,5.0,0.0,28,0.05,1,0,0,0
11355,5.0,5.0,0.0,28,0.05,1,0,0,0
11356,5.0,5.0,0.0,29,0.05,1,0,0,0
11357,5.0,5.0,0.0,28,0.05,1,0,0,0
11358,5.0,5.0,0.0,28,0.05,1,0,0,0
11359,5.0,5.0,0.0,32,0.05,1,0,0,0
11360,5.0,5.0,0.0,29,0.05,1,0,0,0
11361,5.0,5.0,0.0,28,0.05,1,0,0,0
11362,5.0,5.0,0.0,28,0.05,1,0,0,0
11363,5.0,5.0,0.0,28,0.05,1,0,0,0
11364,5.0,5.0,0.0,28,0.05,1,0,0,0
11365,5.0,5.0,0.0,30,0.05,1,0,0,0
11366,5.0,5.0,0.0,28,0.05,1,0,0,0
11367,5.0,5.0,0.0,30,0.05,1,0,0,0
11368,5.0,5.0,0.0,30,0.05,1,0,0,0
11369,5.0,5.0,0.0,28,0.05,1,0,0,0
11370,5.0,5.0,0.0,32,0.05,1,0,0,0
11371,5.0,5.0,0.0,28,0.05,1,0,0,0
11372,5.0,5.0,0.0,28,0.05,1,0,0,0
11373,5.0,5.0,0.0,28,0.05,1,0,0,0
11374,5.0,5.0,0.0,28,0.05,1,0,0,0
11375,5.0,5.0,0.0,28,0.05,1,0,0,0
11376,5.0,5.0,0.0,30,0.05,1,0,0,0
11377,5.0,5.0,0.0,29,0.05,1,0,0,0
11378,5.0,5.0,0.0,28,0.05,1,0,0,0
11379,5.0,5.0,0.0,30,0.05,1,0,0,0
11380,5.0,5.0,0.0,30,0.05,1,0,0,0
11381,5.0,5.0,0.0,30,0.05,1,0,0,0
11382,5.0,5.0,0.0,30,0.05,1,0,0,0
11383,5.0,5.0,0.0,32,0.05,1,0,0,0
11384,5.0,5.0,0.0,30,0.05,1,0,0,0
11385,5.0,5.0,0.0,28,0.05,1,0,0,0
11386,5.0,5.0,0.0,32,0.05,1,0,0,0
11387,5.0,5.0,0.0,28,0.05,1,0,0,0
11388,5.0,5.0,0.0,31,0.05,1,0,0,0
11389,5.0,5.0,0.0,28,0.05,1,0,0,0
11390,5.0,5.0,0.0,30,0.05,1,0,0,0
11391,5.0,5.0,0.0,30,0.05,1,0,0,0
11392,5.0,5.0,0.0,30,0.05,1,0,0,0
11393,5.0,5.0,0.0,28,0.05,1,0,0,0
11394,5.0,5.0,0.0,31,0.05,1,0,0,0
11395,5.0,5.0,0.0,33,0.05,1,0,0,0
11396,5.0,5.0,0.0,28,0.05,1,0,0,0
11397,5.0,5.0,0.0,32,0.05,1,0,0,0
11398,4.0,4.0,0.0,24,0.05,0,1,0,0
11399,5.0,5.0,0.0,29,0.05,1,0,0,0
11400,4.0,4.0,0.0,27,0.05,0,1,0,0
11401,5.0,5.0,0.0,30,0.05,1,0,0,0
11402,5.0,5.0,0.0,28,0.05,1,0,0,0
11403,5.0,5.0,0.0,28,0.05,1,0,0,0
11404,5.0,5.0,0.0,30,0.05,1,0,0,0
11405,5.0,5.0,0.0,29,0.05,1,0,0,0
11406,5.0,5.0,0.0,29,0.05,1,0,0,0
11407,5.0,5.0,0.0,32,0.05,1,0,0,0
11408,5.0,5.0,0.0,30,0.05,1,0,0,0
11409,5.0,5.0,0.0,28,0.05,1,0,0,0
11410,5.0,5.0,0.0,30,0.05,1,0,0,0
11411,5.0,5.0,0.0,28,0.05,1,0,0,0
11412,5.0,5.0,0.0,28,0.05,1,0,0,0
11413,5.0,5.0,0.0,28,0.05,1,0,0,0
11414,5.0,5.0,0.0,28,0.05,1,0,0,0
11415,5.0,5.0,0.0,30,0.05,1,0,0,0
11416,5.0,5.0,0.0,28,0.05,1,0,0,0
11417,5.0,5.0,0.0,30,0.05,1,0,0,0
11418,4.0,4.0,0.0,27,0.05,0,1,0,0
11419,4.0,4.0,0.0,26,0.05,0,1,0,0
11420,5.0,5.0,0.0,30,0.05,1,0,0,0
11421,5.0,5.0,0.0,31,0.05,1,0,0,0
11422,5.0,5.0,0.0,29,0.05,1,0,0,0
11423,5.0,5.0,0.0,28,0.05,1,0,0,0
11424,5.0,5.0,0.0,30,0.05,1,0,0,0
11425,5.0,5.0,0.0,32,0.05,1,0,0,0
11426,5.0,5.0,0.0,30,0.05,1,0,0,0
11427,5.0,5.0,0.0,34,0.05,1,0,0,0
11428,5.0,5.0,0.0,30,0.05,1,0,0,0
11429,5.0,5.0,0.0,30,0.05,1,0,0,0
11430,5.0,5.0,0.0,30,0.05,1,0,0,0
11431,5.0,5.0,0.0,30,0.05,1,0,0,0
11432,5.0,5.0,0.0,29,0.05,1,0,0,0
11433,5.0,5.0,0.0,29,0.05,1,0,0,0
11434,5.0,5.0,0.0,28,0.05,1,0,0,0
11435,5.0,5.0,0.0,28,0.05,1,0,0,0
11436,5.0,5.0,0.0,30,0.05,1,0,0,0
11437,5.0,5.0,0.0,30,0.05,1,0,0,0
11438,5.0,5.0,0.0,28,0.05,1,0,0,0
11439,5.0,5.0,0.0,28,0.05,1,0,0,0
11440,5.0,5.0,0.0,28,0.05,1,0,0,0
11441,5.0,5.0,0.0,29,0.05,1,0,0,0
11442,5.0,5.0,0.0,28,0.05,1,0,0,0
11443,5.0,5.0,0.0,30,0.05,1,0,0,0
11444,5.0,5.0,0.0,30,0.05,1,0,0,0
11445,5.0,5.0,0.0,28,0.05,1,0,0,0
11446,5.0,5.0,0.0,28,0.05,1,0,0,0
11447,5.0,5.0,0.0,30,0.05,1,0,0,0
11448,5.0,5.0,0.0,28,0.05,1,0,0,0
11449,5.0,5.0,0.0,28,0.05,1,0,0,0
11450,5.0,5.0,0.0,30,0.05,1,0,0,0
11451,5.0,5.0,0.0,28,0.05,1,0,0,0
11452,5.0,5.0,0.0,32,0.05,1,0,0,0
11453,5.0,5.0,0.0,28,0.05,1,0,0,0
11454,5.0,5.0,0.0,31,0.05,1,0,0,0
11455,5.0,5.0,0.0,28,0.05,1,0,0,0
11456,5.0,5.0,0.0,30,0.05,1,0,0,0
11457,5.0,5.0,0.0,29,0.05,1,0,0,0
11458,5.0,5.0,0.0,28,0.05,1,0,0,0
11459,5.0,5.0,0.0,32,0.05,1,0,0,0
11460,5.0,5.0,0.0,30,0.05,1,0,0,0
11461,5.0,5.0,0.0,28,0.05,1,0,0,0
11462,5.0,5.0,0.0,30,0.05,1,0,0,0
11463,5.0,5.0,0.0,28,0.05,1,0,0,0
11464,5.0,5.0,0.0,28,0.05,1,0,0,0
11465,5.0,5.0,0.0,28,0.05,1,0,0,0
11466,5.0,5.0,0.0,28,0.05,1,0,0,0
11467,4.0,4.0,0.0,24,0.05,0,1,0,0
11468,5.0,5.0,0.0,28,0.05,1,0,0,0
11469,5.0,5.0,0.0,30,0.05,1,0,0,0
11470,5.0,5.0,0.0,32,0.05,1,0,0,0
11471,5.0,5.0,0.0,30,0.05,1,0,0,0
11472,5.0,5.0,0.0,28,0.05,1,0,0,0
11473,5.0,5.0,0.0,28,0.05,1,0,0,0
11474,5.0,5.0,0.0,32,0.05,1,0,0,0
11475,5.0,5.0,0.0,30,0.05,1,0,0,0
11476,5.0,5.0,0.0,28,0.05,1,0,0,0
11477,5.0,5.0,0.0,29,0.05,1,0,0,0
11478,5.0,5.0,0.0,32,0.05,1,0,0,0
11479,5.0,5.0,0.0,28,0.05,1,0,0,0
11480,5.0,5.0,0.0,30,0.05,1,0,0,0
11481,5.0,5.0,0.0,28,0.05,1,0,0,0
11482,5.0,5.0,0.0,28,0.05,1,0,0,0
11483,5.0,5.0,0.0,28,0.05,1,0,0,0
11484,5.0,5.0,0.0,29,0.05,1,0,0,0
11485,5.0,5.0,0.0,28,0.05,1,0,0,0
11486,5.0,5.0,0.0,29,0.05,1,0,0,0
11487,5.0,5.0,0.0,32,0.05,1,0,0,0
11488,5.0,5.0,0.0,32,0.05,1,0,0,0
11489,5.0,5.0,0.0,31,0.05,1,0,0,0
11490,5.0,5.0,0.0,30,0.05,1,0,0,0
11491,5.0,5.0,0.0,34,0.05,1,0,0,0
11492,5.0,5.0,0.0,30,0.05,1,0,0,0
11493,5.0,5.0,0.0,30,0.05,1,0,0,0
11494,5.0,5.0,0.0,28,0.05,1,0,0,0
11495,5.0,5.0,0.0,28,0.05,1,0,0,0
11496,5.0,5.0,0.0,33,0.05,1,0,0,0
11497,5.0,5.0,0.0,28,0.05,1,0,0,0
11498,5.0,5.0,0.0,28,0.05,1,0,0,0
11499,5.0,5.0,0.0,28,0.05,1,0,0,0
11500,5.0,5.0,0.0,29,0.05,1,0,0,0
11501,5.0,5.0,0.0,30,0.05,1,0,0,0
11502,5.0,5.0,0.0,28,0.05,1,0,0,0
11503,5.0,5.0,0.0,28,0.05,1,0,0,0
11504,5.0,5.0,0.0,28,0.05,1,0,0,0
11505,5.0,5.0,0.0,30,0.05,1,0,0,0
11506,5.0,5.0,0.0,28,0.05,1,0,0,0
11507,5.0,5.0,0.0,29,0.05,1,0,0,0
11508,5.0,5.0,0.0,28,0.05,1,0,0,0
11509,5.0,5.0,0.0,28,0.05,1,0,0,0
11510,5.0,5.0,0.0,29,0.05,1,0,0,0
11511,5.0,5.0,0.0,29,0.05,1,0,0,0
11512,5.0,5.0,0.0,30,0.05,1,0,0,0
11513,5.0,5.0,0.0,32,0.05,1,0,0,0
11514,5.0,5.0,0.0,30,0.05,1,0,0,0
11515,5.0,5.0,0.0,30,0.05,1,0,0,0
11516,5.0,5.0,0.0,28,0.05,1,0,0,0
11517,5.0,5.0,0.0,30,0.05,1,0,0,0
11518,5.0,5.0,0.0,28,0.05,1,0,0,0
11519,5.0,5.0,0.0,29,0.05,1,0,0,0
11520,5.0,5.0,0.0,32,0.05,1,0,0,0
11521,5.0,5.0,0.0,31,0.05,1,0,0,0
11522,5.0,5.0,0.0,32,0.05,1,0,0,0
11523,5.0,5.0,0.0,30,0.05,1,0,0,0
11524,5.0,5.0,0.0,33,0.05,1,0,0,0
11525,5.0,5.0,0.0,28,0.05,1,0,0,0
11526,5.0,5.0,0.0,28,0.05,1,0,0,0
11527,5.0,5.0,0.0,28,0.05,1,0,0,0
11528,5.0,5.0,0.0,28,0.05,1,0,0,0
11529,5.0,5.0,0.0,28,0.05,1,0,0,0
11530,5.0,5.0,0.0,28,0.05,1,0,0,0
11531,5.0,5.0,0.0,31,0.05,1,0,0,0
11532,5.0,5.0,0.0,29,0.05,1,0,0,0
11533,5.0,5.0,0.0,29,0.05,1,0,0,0
11534,5.0,5.0,0.0,29,0.05,1,0,0,0
11535,5.0,5.0,0.0,30,0.05,1,0,0,0
11536,5.0,5.0,0.0,30,0.05,1,0,0,0
11537,5.0,5.0,0.0,31,0.05,1,0,0,0
11538,5.0,5.0,0.0,28,0.05,1,0,0,0
11539,5.0,5.0,0.0,28,0.05,1,0,0,0
11540,5.0,5.0,0.0,30,0.05,1,0,0,0
11541,5.0,5.0,0.0,31,0.05,1,0,0,0
11542,5.0,5.0,0.0,28,0.05,1,0,0,0
11543,5.0,5.0,0.0,28,0.05,1,0,0,0
11544,5.0,5.0,0.0,30,0.05,1,0,0,0
11545,5.0,5.0,0.0,30,0.05,1,0,0,0
11546,5.0,5.0,0.0,28,0.05,1,0,0,0
11547,5.0,5.0,0.0,28,0.05,1,0,0,0
11548,5.0,5.0,0.0,28,0.05,1,0,0,0
11549,5.0,5.0,0.0,28,0.05,1,0,0,0
11550,5.0,5.0,0.0,28,0.05,1,0,0,0
11551,5.0,5.0,0.0,29,0.05,1,0,0,0
11552,5.0,5.0,0.0,30,0.05,1,0,0,0
11553,5.0,5.0,0.0,31,0.05,1,0,0,0
11554,5.0,5.0,0.0,30,0.05,1,0,0,0
11555,5.0,5.0,0.0,28,0.05,1,0,0,0
11556,5.0,5.0,0.0,30,0.05,1,0,0,0
11557,5.0,5.0,0.0,32,0.05,1,0,0,0
11558,5.0,5.0,0.0,28,0.05,1,0,0,0
11559,5.0,5.0,0.0,28,0.05,1,0,0,0
11560,5.0,5.0,0.0,30,0.05,1,0,0,0
11561,5.0,5.0,0.0,30,0.05,1,0,0,0
11562,5.0,5.0,0.0,30,0.05,1,0,0,0
11563,4.0,4.0,0.0,22,0.05,0,1,0,0
11564,5.0,5.0,0.0,30,0.05,1,0,0,0
11565,5.0,5.0,0.0,35,0.05,1,0,0,0
11566,5.0,5.0,0.0,32,0.05,1,0,0,0
11567,5.0,5.0,0.0,28,0.05,1,0,0,0
11568,5.0,5.0,0.0,30,0.05,1,0,0,0
11569,5.0,5.0,0.0,28,0.05,1,0,0,0
11570,5.0,5.0,0.0,31,0.05,1,0,0,0
11571,5.0,5.0,0.0,30,0.05,1,0,0,0
11572,5.0,5.0,0.0,31,0.05,1,0,0,0
11573,5.0,5.0,0.0,30,0.05,1,0,0,0
11574,5.0,5.0,0.0,29,0.05,1,0,0,0
11575,5.0,5.0,0.0,30,0.05,1,0,0,0
11576,5.0,5.0,0.0,29,0.05,1,0,0,0
11577,5.0,5.0,0.0,28,0.05,1,0,0,0
11578,5.0,5.0,0.0,30,0.05,1,0,0,0
11579,5.0,5.0,0.0,28,0.05,1,0,0,0
11580,5.0,5.0,0.0,28,0.05,1,0,0,0
11581,5.0,5.0,0.0,28,0.05,1,0,0,0
11582,5.0,5.0,0.0,28,0.05,1,0,0,0
11583,5.0,5.0,0.0,31,0.05,1,0,0,0
11584,5.0,5.0,0.0,28,0.05,1,0,0,0
11585,5.0,5.0,0.0,30,0.05,1,0,0,0
11586,5.0,5.0,0.0,30,0.05,1,0,0,0
11587,5.0,5.0,0.0,30,0.05,1,0,0,0
11588,5.0,5.0,0.0,30,0.05,1,0,0,0
11589,5.0,5.0,0.0,30,0.05,1,0,0,0
11590,5.0,5.0,0.0,30,0.05,1,0,0,0
11591,5.0,5.0,0.0,34,0.05,1,0,0,0
11592,5.0,5.0,0.0,30,0.05,1,0,0,0
11593,5.0,5.0,0.0,31,0.05,1,0,0,0
11594,5.0,5.0,0.0,30,0.05,1,0,0,0
11595,5.0,5.0,0.0,30,0.05,1,0,0,0
11596,5.0,5.0,0.0,30,0.05,1,0,0,0
11597,5.0,5.0,0.0,33,0.05,1,0,0,0
11598,5.0,5.0,0.0,28,0.05,1,0,0,0
11599,5.0,5.0,0.0,28,0.05,1,0,0,0
11600,5.0,5.0,0.0,28,0.05,1,0,0,0
11601,5.0,5.0,0.0,32,0.05,1,0,0,0
11602,5.0,5.0,0.0,28,0.05,1,0,0,0
11603,5.0,5.0,0.0,30,0.05,1,0,0,0
11604,5.0,5.0,0.0,28,0.05,1,0,0,0
11605,5.0,5.0,0.0,28,0.05,1,0,0,0
11606,5.0,5.0,0.0,30,0.05,1,0,0,0
11607,5.0,5.0,0.0,34,0.05,1,0,0,0
11608,5.0,5.0,0.0,30,0.05,1,0,0,0
11609,5.0,5.0,0.0,31,0.05,1,0,0,0
11610,5.0,5.0,0.0,28,0.05,1,0,0,0
11611,5.0,5.0,0.0,30,0.05,1,0,0,0
11612,5.0,5.0,0.0,31,0.05,1,0,0,0
11613,5.0,5.0,0.0,28,0.05,1,0,0,0
11614,5.0,5.0,0.0,30,0.05,1,0,0,0
11615,5.0,5.0,0.0,28,0.05,1,0,0,0
11616,5.0,5.0,0.0,32,0.05,1,0,0,0
11617,5.0,5.0,0.0,28,0.05,1,0,0,0
11618,5.0,5.0,0.0,28,0.05,1,0,0,0
11619,5.0,5.0,0.0,28,0.05,1,0,0,0
11620,2.0,2.0,0.0,20,0.05,0,1,0,0
11621,5.0,5.0,0.0,28,0.05,1,0,0,0
11622,5.0,5.0,0.0,34,0.05,1,0,0,0
11623,5.0,5.0,0.0,30,0.05,1,0,0,0
11624,5.0,5.0,0.0,31,0.05,1,0,0,0
11625,5.0,5.0,0.0,34,0.05,1,0,0,0
11626,5.0,5.0,0.0,31,0.05,1,0,0,0
11627,5.0,5.0,0.0,30,0.05,1,0,0,0
11628,5.0,5.0,0.0,31,0.05,1,0,0,0
11629,5.0,5.0,0.0,28,0.05,1,0,0,0
11630,5.0,5.0,0.0,28,0.05,1,0,0,0
11631,5.0,5.0,0.0,28,0.05,1,0,0,0
11632,5.0,5.0,0.0,32,0.05,1,0,0,0
11633,5.0,5.0,0.0,28,0.05,1,0,0,0
11634,5.0,5.0,0.0,28,0.05,1,0,0,0
11635,5.0,5.0,0.0,28,0.05,1,0,0,0
11636,5.0,5.0,0.0,28,0.05,1,0,0,0
11637,5.0,5.0,0.0,28,0.05,1,0,0,0
11638,5.0,5.0,0.0,28,0.05,1,0,0,0
11639,5.0,5.0,0.0,28,0.05,1,0,0,0
11640,5.0,5.0,0.0,34,0.05,1,0,0,0
11641,5.0,5.0,0.0,28,0.05,1,0,0,0
11642,5.0,5.0,0.0,28,0.05,1,0,0,0
11643,5.0,5.0,0.0,30,0.05,1,0,0,0
11644,5.0,5.0,0.0,30,0.05,1,0,0,0
11645,5.0,5.0,0.0,29,0.05,1,0,0,0
11646,5.0,5.0,0.0,28,0.05,1,0,0,0
11647,5.0,5.0,0.0,29,0.05,1,0,0,0
11648,5.0,5.0,0.0,30,0.05,1,0,0,0
11649,5.0,5.0,0.0,28,0.05,1,0,0,0
11650,4.0,4.0,0.0,26,0.05,0,1,0,0
11651,5.0,5.0,0.0,30,0.05,1,0,0,0
11652,5.0,5.0,0.0,32,0.05,1,0,0,0
11653,5.0,5.0,0.0,28,0.05,1,0,0,0
11654,5.0,5.0,0.0,30,0.05,1,0,0,0
11655,5.0,5.0,0.0,34,0.05,1,0,0,0
11656,5.0,5.0,0.0,28,0.05,1,0,0,0
11657,5.0,5.0,0.0,29,0.05,1,0,0,0
11658,5.0,5.0,0.0,28,0.05,1,0,0,0
11659,5.0,5.0,0.0,28,0.05,1,0,0,0
11660,5.0,5.0,0.0,30,0.05,1,0,0,0
11661,5.0,5.0,0.0,28,0.05,1,0,0,0
11662,5.0,5.0,0.0,33,0.05,1,0,0,0
11663,5.0,5.0,0.0,28,0.05,1,0,0,0
11664,5.0,5.0,0.0,32,0.05,1,0,0,0
11665,5.0,5.0,0.0,30,0.05,1,0,0,0
11666,5.0,5.0,0.0,32,0.05,1,0,0,0
11667,5.0,5.0,0.0,32,0.05,1,0,0,0
11668,5.0,5.0,0.0,28,0.05,1,0,0,0
11669,5.0,5.0,0.0,29,0.05,1,0,0,0
11670,5.0,5.0,0.0,28,0.05,1,0,0,0
11671,5.0,5.0,0.0,28,0.05,1,0,0,0
11672,5.0,5.0,0.0,30,0.05,1,0,0,0
11673,5.0,5.0,0.0,28,0.05,1,0,0,0
11674,5.0,5.0,0.0,28,0.05,1,0,0,0
11675,5.0,5.0,0.0,30,0.05,1,0,0,0
11676,5.0,5.0,0.0,30,0.05,1,0,0,0
11677,5.0,5.0,0.0,28,0.05,1,0,0,0
11678,5.0,5.0,0.0,32,0.05,1,0,0,0
11679,5.0,5.0,0.0,30,0.05,1,0,0,0
11680,5.0,5.0,0.0,30,0.05,1,0,0,0
11681,4.0,4.0,0.0,27,0.05,0,1,0,0
11682,5.0,5.0,0.0,30,0.05,1,0,0,0
11683,5.0,5.0,0.0,30,0.05,1,0,0,0
11684,5.0,5.0,0.0,28,0.05,1,0,0,0
11685,5.0,5.0,0.0,28,0.05,1,0,0,0
11686,5.0,5.0,0.0,28,0.05,1,0,0,0
11687,5.0,5.0,0.0,32,0.05,1,0,0,0
11688,5.0,5.0,0.0,28,0.05,1,0,0,0
11689,5.0,5.0,0.0,30,0.05,1,0,0,0
11690,5.0,5.0,0.0,28,0.05,1,0,0,0
11691,5.0,5.0,0.0,35,0.05,1,0,0,0
11692,5.0,5.0,0.0,32,0.05,1,0,0,0
11693,5.0,5.0,0.0,31,0.05,1,0,0,0
11694,5.0,5.0,0.0,30,0.05,1,0,0,0
11695,5.0,5.0,0.0,28,0.05,1,0,0,0
11696,5.0,5.0,0.0,32,0.05,1,0,0,0
11697,4.0,4.0,0.0,25,0.05,0,1,0,0
11698,5.0,5.0,0.0,33,0.05,1,0,0,0
11699,5.0,5.0,0.0,32,0.05,1,0,0,0
11700,5.0,5.0,0.0,28,0.05,1,0,0,0
11701,5.0,5.0,0.0,28,0.05,1,0,0,0
11702,5.0,5.0,0.0,28,0.05,1,0,0,0
11703,5.0,5.0,0.0,29,0.05,1,0,0,0
11704,5.0,5.0,0.0,28,0.05,1,0,0,0
11705,5.0,5.0,0.0,28,0.05,1,0,0,0
11706,5.0,5.0,0.0,28,0.05,1,0,0,0
11707,5.0,5.0,0.0,32,0.05,1,0,0,0
11708,5.0,5.0,0.0,30,0.05,1,0,0,0
11709,5.0,5.0,0.0,31,0.05,1,0,0,0
11710,5.0,5.0,0.0,32,0.05,1,0,0,0
11711,5.0,5.0,0.0,28,0.05,1,0,0,0
11712,5.0,5.0,0.0,32,0.05,1,0,0,0
11713,5.0,5.0,0.0,30,0.05,1,0,0,0
11714,5.0,5.0,0.0,32,0.05,1,0,0,0
11715,5.0,5.0,0.0,32,0.05,1,0,0,0
11716,5.0,5.0,0.0,28,0.05,1,0,0,0
11717,5.0,5.0,0.0,29,0.05,1,0,0,0
11718,5.0,5.0,0.0,28,0.05,1,0,0,0
11719,5.0,5.0,0.0,30,0.05,1,0,0,0
11720,5.0,5.0,0.0,28,0.05,1,0,0,0
11721,4.0,4.0,0.0,27,0.05,0,1,0,0
11722,5.0,5.0,0.0,31,0.05,1,0,0,0
11723,5.0,5.0,0.0,30,0.05,1,0,0,0
11724,5.0,5.0,0.0,28,0.05,1,0,0,0
11725,5.0,5.0,0.0,30,0.05,1,0,0,0
11726,5.0,5.0,0.0,28,0.05,1,0,0,0
11727,5.0,5.0,0.0,30,0.05,1,0,0,0
11728,5.0,5.0,0.0,32,0.05,1,0,0,0
11729,5.0,5.0,0.0,28,0.05,1,0,0,0
11730,5.0,5.0,0.0,30,0.05,1,0,0,0
11731,5.0,5.0,0.0,28,0.05,1,0,0,0
11732,5.0,5.0,0.0,28,0.05,1,0,0,0
11733,5.0,5.0,0.0,28,0.05,1,0,0,0
11734,5.0,5.0,0.0,28,0.05,1,0,0,0
11735,5.0,5.0,0.0,29,0.05,1,0,0,0
11736,5.0,5.0,0.0,28,0.05,1,0,0,0
11737,5.0,5.0,0.0,28,0.05,1,0,0,0
11738,5.0,5.0,0.0,30,0.05,1,0,0,0
11739,5.0,5.0,0.0,31,0.05,1,0,0,0
11740,5.0,5.0,0.0,28,0.05,1,0,0,0
11741,5.0,5.0,0.0,28,0.05,1,0,0,0
11742,5.0,5.0,0.0,28,0.05,1,0,0,0
11743,5.0,5.0,0.0,33,0.05,1,0,0,0
11744,5.0,5.0,0.0,30,0.05,1,0,0,0
11745,5.0,5.0,0.0,28,0.05,1,0,0,0
11746,5.0,5.0,0.0,28,0.05,1,0,0,0
11747,5.0,5.0,0.0,34,0.05,1,0,0,0
11748,4.0,4.0,0.0,24,0.05,0,1,0,0
11749,5.0,5.0,0.0,29,0.05,1,0,0,0
11750,5.0,5.0,0.0,30,0.05,1,0,0,0
11751,5.0,5.0,0.0,28,0.05,1,0,0,0
11752,4.0,4.0,0.0,24,0.05,0,1,0,0
11753,5.0,5.0,0.0,32,0.05,1,0,0,0
11754,5.0,5.0,0.0,30,0.05,1,0,0,0
11755,5.0,5.0,0.0,28,0.05,1,0,0,0
11756,5.0,5.0,0.0,30,0.05,1,0,0,0
11757,5.0,5.0,0.0,32,0.05,1,0,0,0
11758,5.0,5.0,0.0,28,0.05,1,0,0,0
11759,5.0,5.0,0.0,31,0.05,1,0,0,0
11760,5.0,5.0,0.0,28,0.05,1,0,0,0
11761,5.0,5.0,0.0,30,0.05,1,0,0,0
11762,5.0,5.0,0.0,28,0.05,1,0,0,0
11763,5.0,5.0,0.0,30,0.05,1,0,0,0
11764,5.0,5.0,0.0,34,0.05,1,0,0,0
11765,5.0,5.0,0.0,31,0.05,1,0,0,0
11766,5.0,5.0,0.0,29,0.05,1,0,0,0
11767,5.0,5.0,0.0,29,0.05,1,0,0,0
11768,5.0,5.0,0.0,30,0.05,1,0,0,0
11769,5.0,5.0,0.0,28,0.05,1,0,0,0
11770,5.0,5.0,0.0,31,0.05,1,0,0,0
11771,5.0,5.0,0.0,28,0.05,1,0,0,0
11772,5.0,5.0,0.0,30,0.05,1,0,0,0
11773,5.0,5.0,0.0,28,0.05,1,0,0,0
11774,5.0,5.0,0.0,28,0.05,1,0,0,0
11775,5.0,5.0,0.0,33,0.05,1,0,0,0
11776,5.0,5.0,0.0,29,0.05,1,0,0,0
11777,5.0,5.0,0.0,28,0.05,1,0,0,0
11778,5.0,5.0,0.0,28,0.05,1,0,0,0
11779,5.0,5.0,0.0,28,0.05,1,0,0,0
11780,5.0,5.0,0.0,32,0.05,1,0,0,0
11781,5.0,5.0,0.0,28,0.05,1,0,0,0
11782,5.0,5.0,0.0,30,0.05,1,0,0,0
11783,5.0,5.0,0.0,32,0.05,1,0,0,0
11784,5.0,5.0,0.0,30,0.05,1,0,0,0
11785,5.0,5.0,0.0,30,0.05,1,0,0,0
11786,5.0,5.0,0.0,30,0.05,1,0,0,0
11787,5.0,5.0,0.0,28,0.05,1,0,0,0
11788,5.0,5.0,0.0,28,0.05,1,0,0,0
11789,5.0,5.0,0.0,32,0.05,1,0,0,0
11790,5.0,5.0,0.0,29,0.05,1,0,0,0
11791,5.0,5.0,0.0,28,0.05,1,0,0,0
11792,5.0,5.0,0.0,28,0.05,1,0,0,0
11793,5.0,5.0,0.0,28,0.05,1,0,0,0
11794,5.0,5.0,0.0,28,0.05,1,0,0,0
11795,5.0,5.0,0.0,32,0.05,1,0,0,0
11796,5.0,5.0,0.0,30,0.05,1,0,0,0
11797,5.0,5.0,0.0,29,0.05,1,0,0,0
11798,5.0,5.0,0.0,30,0.05,1,0,0,0
11799,5.0,5.0,0.0,30,0.05,1,0,0,0
11800,5.0,5.0,0.0,32,0.05,1,0,0,0
11801,5.0,5.0,0.0,30,0.05,1,0,0,0
11802,5.0,5.0,0.0,32,0.05,1,0,0,0
11803,5.0,5.0,0.0,28,0.05,1,0,0,0
11804,5.0,5.0,0.0,30,0.05,1,0,0,0
11805,5.0,5.0,0.0,29,0.05,1,0,0,0
11806,5.0,5.0,0.0,28,0.05,1,0,0,0
11807,5.0,5.0,0.0,28,0.05,1,0,0,0
11808,5.0,5.0,0.0,28,0.05,1,0,0,0
11809,5.0,5.0,0.0,30,0.05,1,0,0,0
11810,5.0,5.0,0.0,30,0.05,1,0,0,0
11811,5.0,5.0,0.0,28,0.05,1,0,0,0
11812,5.0,5.0,0.0,30,0.05,1,0,0,0
11813,5.0,5.0,0.0,28,0.05,1,0,0,0
11814,5.0,5.0,0.0,30,0.05,1,0,0,0
11815,5.0,5.0,0.0,30,0.05,1,0,0,0
11816,5.0,5.0,0.0,30,0.05,1,0,0,0
11817,5.0,5.0,0.0,29,0.05,1,0,0,0
11818,5.0,5.0,0.0,30,0.05,1,0,0,0
11819,5.0,5.0,0.0,28,0.05,1,0,0,0
11820,5.0,5.0,0.0,28,0.05,1,0,0,0
11821,5.0,5.0,0.0,28,0.05,1,0,0,0
11822,5.0,5.0,0.0,28,0.05,1,0,0,0
11823,5.0,5.0,0.0,32,0.05,1,0,0,0
11824,5.0,5.0,0.0,28,0.05,1,0,0,0
11825,5.0,5.0,0.0,30,0.05,1,0,0,0
11826,5.0,5.0,0.0,29,0.05,1,0,0,0
11827,5.0,5.0,0.0,28,0.05,1,0,0,0
11828,5.0,5.0,0.0,28,0.05,1,0,0,0
11829,5.0,5.0,0.0,28,0.05,1,0,0,0
11830,4.0,4.0,0.0,27,0.05,0,1,0,0
11831,4.0,4.0,0.0,22,0.05,0,1,0,0
11832,5.0,5.0,0.0,30,0.05,1,0,0,0
11833,5.0,5.0,0.0,28,0.05,1,0,0,0
11834,5.0,5.0,0.0,34,0.05,1,0,0,0
11835,5.0,5.0,0.0,28,0.05,1,0,0,0
11836,5.0,5.0,0.0,29,0.05,1,0,0,0
11837,5.0,5.0,0.0,32,0.05,1,0,0,0
11838,5.0,5.0,0.0,32,0.05,1,0,0,0
11839,5.0,5.0,0.0,30,0.05,1,0,0,0
11840,4.0,4.0,0.0,30,0.05,0,1,0,0
11841,5.0,5.0,0.0,30,0.05,1,0,0,0
11842,5.0,5.0,0.0,28,0.05,1,0,0,0
11843,5.0,5.0,0.0,28,0.05,1,0,0,0
11844,5.0,5.0,0.0,28,0.05,1,0,0,0
11845,5.0,5.0,0.0,33,0.05,1,0,0,0
11846,4.0,4.0,0.0,29,0.05,0,1,0,0
11847,5.0,5.0,0.0,32,0.05,1,0,0,0
11848,5.0,5.0,0.0,28,0.05,1,0,0,0
11849,5.0,5.0,0.0,34,0.05,1,0,0,0
11850,5.0,5.0,0.0,28,0.05,1,0,0,0
11851,5.0,5.0,0.0,29,0.05,1,0,0,0
11852,5.0,5.0,0.0,28,0.05,1,0,0,0
11853,5.0,5.0,0.0,30,0.05,1,0,0,0
11854,5.0,5.0,0.0,28,0.05,1,0,0,0
11855,5.0,5.0,0.0,30,0.05,1,0,0,0
11856,5.0,5.0,0.0,32,0.05,1,0,0,0
11857,5.0,5.0,0.0,28,0.05,1,0,0,0
11858,5.0,5.0,0.0,28,0.05,1,0,0,0
11859,5.0,5.0,0.0,30,0.05,1,0,0,0
11860,5.0,5.0,0.0,33,0.05,1,0,0,0
11861,5.0,5.0,0.0,28,0.05,1,0,0,0
11862,4.0,4.0,0.0,24,0.05,0,1,0,0
11863,4.0,4.0,0.0,26,0.05,0,1,0,0
11864,5.0,5.0,0.0,28,0.05,1,0,0,0
11865,5.0,5.0,0.0,30,0.05,1,0,0,0
11866,5.0,5.0,0.0,28,0.05,1,0,0,0
11867,5.0,5.0,0.0,30,0.05,1,0,0,0
11868,5.0,5.0,0.0,28,0.05,1,0,0,0
11869,5.0,5.0,0.0,29,0.05,1,0,0,0
11870,5.0,5.0,0.0,32,0.05,1,0,0,0
11871,5.0,5.0,0.0,30,0.05,1,0,0,0
11872,5.0,5.0,0.0,30,0.05,1,0,0,0
11873,5.0,5.0,0.0,30,0.05,1,0,0,0
11874,5.0,5.0,0.0,28,0.05,1,0,0,0
11875,5.0,5.0,0.0,28,0.05,1,0,0,0
11876,5.0,5.0,0.0,28,0.05,1,0,0,0
11877,5.0,5.0,0.0,30,0.05,1,0,0,0
11878,5.0,5.0,0.0,32,0.05,1,0,0,0
11879,5.0,5.0,0.0,28,0.05,1,0,0,0
11880,5.0,5.0,0.0,28,0.05,1,0,0,0
11881,5.0,5.0,0.0,30,0.05,1,0,0,0
11882,5.0,5.0,0.0,28,0.05,1,0,0,0
11883,5.0,5.0,0.0,30,0.05,1,0,0,0
11884,5.0,5.0,0.0,29,0.05,1,0,0,0
11885,5.0,5.0,0.0,28,0.05,1,0,0,0
11886,5.0,5.0,0.0,29,0.05,1,0,0,0
11887,5.0,5.0,0.0,34,0.05,1,0,0,0
11888,5.0,5.0,0.0,28,0.05,1,0,0,0
11889,5.0,5.0,0.0,28,0.05,1,0,0,0
11890,5.0,5.0,0.0,30,0.05,1,0,0,0
11891,5.0,5.0,0.0,31,0.05,1,0,0,0
11892,5.0,5.0,0.0,30,0.05,1,0,0,0
11893,5.0,5.0,0.0,30,0.05,1,0,0,0
11894,5.0,5.0,0.0,28,0.05,1,0,0,0
11895,5.0,5.0,0.0,29,0.05,1,0,0,0
11896,5.0,5.0,0.0,28,0.05,1,0,0,0
11897,5.0,5.0,0.0,28,0.05,1,0,0,0
11898,5.0,5.0,0.0,28,0.05,1,0,0,0
11899,5.0,5.0,0.0,32,0.05,1,0,0,0
11900,5.0,5.0,0.0,29,0.05,1,0,0,0
11901,5.0,5.0,0.0,28,0.05,1,0,0,0
11902,5.0,5.0,0.0,30,0.05,1,0,0,0
11903,5.0,5.0,0.0,30,0.05,1,0,0,0
11904,5.0,5.0,0.0,30,0.05,1,0,0,0
11905,5.0,5.0,0.0,31,0.05,1,0,0,0
11906,5.0,5.0,0.0,28,0.05,1,0,0,0
11907,5.0,5.0,0.0,31,0.05,1,0,0,0
11908,5.0,5.0,0.0,28,0.05,1,0,0,0
11909,5.0,5.0,0.0,28,0.05,1,0,0,0
11910,5.0,5.0,0.0,32,0.05,1,0,0,0
11911,5.0,5.0,0.0,28,0.05,1,0,0,0
11912,5.0,5.0,0.0,30,0.05,1,0,0,0
11913,5.0,5.0,0.0,28,0.05,1,0,0,0
11914,5.0,5.0,0.0,30,0.05,1,0,0,0
11915,5.0,5.0,0.0,33,0.05,1,0,0,0
11916,5.0,5.0,0.0,30,0.05,1,0,0,0
11917,5.0,5.0,0.0,28,0.05,1,0,0,0
11918,5.0,5.0,0.0,28,0.05,1,0,0,0
11919,5.0,5.0,0.0,31,0.05,1,0,0,0
11920,5.0,5.0,0.0,28,0.05,1,0,0,0
11921,5.0,5.0,0.0,28,0.05,1,0,0,0
11922,5.0,5.0,0.0,30,0.05,1,0,0,0
11923,5.0,5.0,0.0,31,0.05,1,0,0,0
11924,5.0,5.0,0.0,30,0.05,1,0,0,0
11925,5.0,5.0,0.0,30,0.05,1,0,0,0
11926,5.0,5.0,0.0,28,0.05,1,0,0,0
11927,5.0,5.0,0.0,28,0.05,1,0,0,0
11928,5.0,5.0,0.0,29,0.05,1,0,0,0
11929,5.0,5.0,0.0,28,0.05,1,0,0,0
11930,5.0,5.0,0.0,28,0.05,1,0,0,0
11931,5.0,5.0,0.0,30,0.05,1,0,0,0
11932,5.0,5.0,0.0,30,0.05,1,0,0,0
11933,5.0,5.0,0.0,30,0.05,1,0,0,0
11934,5.0,5.0,0.0,28,0.05,1,0,0,0
11935,5.0,5.0,0.0,31,0.05,1,0,0,0
11936,5.0,5.0,0.0,28,0.05,1,0,0,0
11937,5.0,5.0,0.0,32,0.05,1,0,0,0
11938,5.0,5.0,0.0,30,0.05,1,0,0,0
11939,5.0,5.0,0.0,28,0.05,1,0,0,0
11940,5.0,5.0,0.0,32,0.05,1,0,0,0
11941,5.0,5.0,0.0,30,0.05,1,0,0,0
11942,5.0,5.0,0.0,28,0.05,1,0,0,0
11943,5.0,5.0,0.0,31,0.05,1,0,0,0
11944,5.0,5.0,0.0,30,0.05,1,0,0,0
11945,5.0,5.0,0.0,28,0.05,1,0,0,0
11946,5.0,5.0,0.0,28,0.05,1,0,0,0
11947,5.0,5.0,0.0,29,0.05,1,0,0,0
11948,5.0,5.0,0.0,34,0.05,1,0,0,0
11949,5.0,5.0,0.0,36,0.05,1,0,0,0
11950,5.0,5.0,0.0,30,0.05,1,0,0,0
11951,5.0,5.0,0.0,30,0.05,1,0,0,0
11952,5.0,5.0,0.0,34,0.05,1,0,0,0
11953,4.0,4.0,0.0,28,0.05,0,1,0,0
11954,5.0,5.0,0.0,28,0.05,1,0,0,0
11955,5.0,5.0,0.0,32,0.05,1,0,0,0
11956,5.0,5.0,0.0,30,0.05,1,0,0,0
11957,5.0,5.0,0.0,34,0.05,1,0,0,0
11958,5.0,5.0,0.0,29,0.05,1,0,0,0
11959,5.0,5.0,0.0,30,0.05,1,0,0,0
11960,5.0,5.0,0.0,31,0.05,1,0,0,0
11961,5.0,5.0,0.0,30,0.05,1,0,0,0
11962,5.0,5.0,0.0,28,0.05,1,0,0,0
11963,5.0,5.0,0.0,28,0.05,1,0,0,0
11964,5.0,5.0,0.0,28,0.05,1,0,0,0
11965,5.0,5.0,0.0,28,0.05,1,0,0,0
11966,5.0,5.0,0.0,28,0.05,1,0,0,0
11967,5.0,5.0,0.0,31,0.05,1,0,0,0
11968,5.0,5.0,0.0,31,0.05,1,0,0,0
11969,5.0,5.0,0.0,28,0.05,1,0,0,0
11970,5.0,5.0,0.0,29,0.05,1,0,0,0
11971,4.0,4.0,0.0,26,0.05,0,1,0,0
11972,5.0,5.0,0.0,31,0.05,1,0,0,0
11973,5.0,5.0,0.0,30,0.05,1,0,0,0
11974,5.0,5.0,0.0,30,0.05,1,0,0,0
11975,5.0,5.0,0.0,34,0.05,1,0,0,0
11976,4.0,4.0,0.0,22,0.05,0,1,0,0
11977,5.0,5.0,0.0,30,0.05,1,0,0,0
11978,5.0,5.0,0.0,31,0.05,1,0,0,0
11979,5.0,5.0,0.0,31,0.05,1,0,0,0
11980,5.0,5.0,0.0,28,0.05,1,0,0,0
11981,5.0,5.0,0.0,31,0.05,1,0,0,0
11982,5.0,5.0,0.0,34,0.05,1,0,0,0
11983,5.0,5.0,0.0,30,0.05,1,0,0,0
11984,5.0,5.0,0.0,30,0.05,1,0,0,0
11985,5.0,5.0,0.0,28,0.05,1,0,0,0
11986,5.0,5.0,0.0,28,0.05,1,0,0,0
11987,5.0,5.0,0.0,33,0.05,1,0,0,0
11988,5.0,5.0,0.0,30,0.05,1,0,0,0
11989,5.0,5.0,0.0,28,0.05,1,0,0,0
11990,5.0,5.0,0.0,29,0.05,1,0,0,0
11991,5.0,5.0,0.0,34,0.05,1,0,0,0
11992,5.0,5.0,0.0,28,0.05,1,0,0,0
11993,5.0,5.0,0.0,28,0.05,1,0,0,0
11994,5.0,5.0,0.0,30,0.05,1,0,0,0
11995,5.0,5.0,0.0,30,0.05,1,0,0,0
11996,5.0,5.0,0.0,30,0.05,1,0,0,0
11997,5.0,5.0,0.0,28,0.05,1,0,0,0
11998,5.0,5.0,0.0,28,0.05,1,0,0,0
11999,5.0,5.0,0.0,32,0.05,1,0,0,0
12000,5.0,5.0,0.0,30,0.05,1,0,0,0
