episode,environment_return,learning_return,intrinsic_return,steps,epsilon,success,died,truncated,monster_moves
1,3.0,3.0,0.0,240,1.0,0,0,1,0
2,3.0,3.0,0.0,240,0.999703125,0,0,1,0
3,1.0,1.0,0.0,240,0.99940625,0,0,1,0
4,1.0,1.0,0.0,240,0.999109375,0,0,1,0
5,5.0,5.0,0.0,240,0.9988125,0,0,1,0
6,6.0,6.0,0.0,226,0.998515625,1,0,0,0
7,4.0,4.0,0.0,240,0.99821875,0,0,1,0
8,0.0,0.0,0.0,240,0.997921875,0,0,1,0
9,1.0,1.0,0.0,240,0.997625,0,0,1,0
10,0.0,0.0,0.0,240,0.997328125,0,0,1,0
11,4.0,4.0,0.0,240,0.99703125,0,0,1,0
12,6.0,6.0,0.0,183,0.996734375,1,0,0,0
13,1.0,1.0,0.0,240,0.9964375,0,0,1,0
14,5.0,5.0,0.0,240,0.996140625,0,0,1,0
15,5.0,5.0,0.0,240,0.99584375,0,0,1,0
16,3.0,3.0,0.0,240,0.995546875,0,0,1,0
17,4.0,4.0,0.0,240,0.99525,0,0,1,0
18,4.0,4.0,0.0,240,0.994953125,0,0,1,0
19,6.0,6.0,0.0,189,0.99465625,1,0,0,0
20,6.0,6.0,0.0,68,0.994359375,1,0,0,0
21,5.0,5.0,0.0,240,0.9940625,0,0,1,0
22,3.0,3.0,0.0,240,0.993765625,0,0,1,0
23,0.0,0.0,0.0,240,0.99346875,0,0,1,0
24,3.0,3.0,0.0,240,0.993171875,0,0,1,0
25,0.0,0.0,0.0,240,0.992875,0,0,1,0
26,2.0,2.0,0.0,240,0.992578125,0,0,1,0
27,2.0,2.0,0.0,240,0.99228125,0,0,1,0
28,2.0,2.0,0.0,240,0.991984375,0,0,1,0
29,0.0,0.0,0.0,240,0.9916875,0,0,1,0
30,6.0,6.0,0.0,222,0.991390625,1,0,0,0
31,4.0,4.0,0.0,240,0.99109375,0,0,1,0
32,2.0,2.0,0.0,240,0.990796875,0,0,1,0
33,4.0,4.0,0.0,240,0.9905,0,0,1,0
34,5.0,5.0,0.0,240,0.990203125,0,0,1,0
35,2.0,2.0,0.0,240,0.98990625,0,0,1,0
36,5.0,5.0,0.0,240,0.989609375,0,0,1,0
37,0.0,0.0,0.0,240,0.9893125,0,0,1,0
38,6.0,6.0,0.0,143,0.989015625,1,0,0,0
39,6.0,6.0,0.0,67,0.98871875,1,0,0,0
40,6.0,6.0,0.0,230,0.988421875,1,0,0,0
41,0.0,0.0,0.0,240,0.988125,0,0,1,0
42,6.0,6.0,0.0,87,0.9878281250000001,1,0,0,0
43,4.0,4.0,0.0,240,0.98753125,0,0,1,0
44,3.0,3.0,0.0,240,0.987234375,0,0,1,0
45,4.0,4.0,0.0,240,0.9869375,0,0,1,0
46,6.0,6.0,0.0,178,0.986640625,1,0,0,0
47,6.0,6.0,0.0,128,0.98634375,1,0,0,0
48,6.0,6.0,0.0,200,0.986046875,1,0,0,0
49,4.0,4.0,0.0,240,0.98575,0,0,1,0
50,6.0,6.0,0.0,236,0.985453125,1,0,0,0
51,6.0,6.0,0.0,145,0.98515625,1,0,0,0
52,1.0,1.0,0.0,240,0.984859375,0,0,1,0
53,6.0,6.0,0.0,169,0.9845625,1,0,0,0
54,1.0,1.0,0.0,240,0.984265625,0,0,1,0
55,5.0,5.0,0.0,240,0.98396875,0,0,1,0
56,5.0,5.0,0.0,240,0.983671875,0,0,1,0
57,4.0,4.0,0.0,240,0.983375,0,0,1,0
58,0.0,0.0,0.0,240,0.983078125,0,0,1,0
59,4.0,4.0,0.0,240,0.98278125,0,0,1,0
60,2.0,2.0,0.0,240,0.982484375,0,0,1,0
61,4.0,4.0,0.0,240,0.9821875,0,0,1,0
62,6.0,6.0,0.0,141,0.981890625,1,0,0,0
63,6.0,6.0,0.0,74,0.98159375,1,0,0,0
64,4.0,4.0,0.0,240,0.981296875,0,0,1,0
65,3.0,3.0,0.0,240,0.981,0,0,1,0
66,0.0,0.0,0.0,240,0.980703125,0,0,1,0
67,0.0,0.0,0.0,240,0.98040625,0,0,1,0
68,3.0,3.0,0.0,240,0.980109375,0,0,1,0
69,2.0,2.0,0.0,240,0.9798125,0,0,1,0
70,4.0,4.0,0.0,240,0.979515625,0,0,1,0
71,2.0,2.0,0.0,240,0.97921875,0,0,1,0
72,5.0,5.0,0.0,240,0.978921875,0,0,1,0
73,0.0,0.0,0.0,240,0.978625,0,0,1,0
74,3.0,3.0,0.0,240,0.978328125,0,0,1,0
75,2.0,2.0,0.0,240,0.97803125,0,0,1,0
76,5.0,5.0,0.0,240,0.977734375,0,0,1,0
77,6.0,6.0,0.0,141,0.9774375,1,0,0,0
78,5.0,5.0,0.0,240,0.977140625,0,0,1,0
79,6.0,6.0,0.0,173,0.97684375,1,0,0,0
80,6.0,6.0,0.0,217,0.976546875,1,0,0,0
81,0.0,0.0,0.0,240,0.97625,0,0,1,0
82,4.0,4.0,0.0,240,0.975953125,0,0,1,0
83,1.0,1.0,0.0,240,0.97565625,0,0,1,0
84,2.0,2.0,0.0,240,0.975359375,0,0,1,0
85,5.0,5.0,0.0,240,0.9750625,0,0,1,0
86,6.0,6.0,0.0,164,0.974765625,1,0,0,0
87,5.0,5.0,0.0,240,0.97446875,0,0,1,0
88,6.0,6.0,0.0,176,0.974171875,1,0,0,0
89,6.0,6.0,0.0,224,0.973875,1,0,0,0
90,1.0,1.0,0.0,240,0.973578125,0,0,1,0
91,6.0,6.0,0.0,195,0.97328125,1,0,0,0
92,4.0,4.0,0.0,240,0.972984375,0,0,1,0
93,3.0,3.0,0.0,240,0.9726875,0,0,1,0
94,6.0,6.0,0.0,91,0.972390625,1,0,0,0
95,0.0,0.0,0.0,240,0.97209375,0,0,1,0
96,2.0,2.0,0.0,240,0.971796875,0,0,1,0
97,5.0,5.0,0.0,240,0.9715,0,0,1,0
98,5.0,5.0,0.0,240,0.971203125,0,0,1,0
99,6.0,6.0,0.0,153,0.97090625,1,0,0,0
100,6.0,6.0,0.0,230,0.970609375,1,0,0,0
101,3.0,3.0,0.0,240,0.9703125,0,0,1,0
102,2.0,2.0,0.0,240,0.970015625,0,0,1,0
103,2.0,2.0,0.0,240,0.96971875,0,0,1,0
104,3.0,3.0,0.0,240,0.969421875,0,0,1,0
105,4.0,4.0,0.0,240,0.969125,0,0,1,0
106,6.0,6.0,0.0,179,0.968828125,1,0,0,0
107,4.0,4.0,0.0,240,0.96853125,0,0,1,0
108,0.0,0.0,0.0,240,0.968234375,0,0,1,0
109,4.0,4.0,0.0,240,0.9679375,0,0,1,0
110,6.0,6.0,0.0,111,0.967640625,1,0,0,0
111,5.0,5.0,0.0,240,0.96734375,0,0,1,0
112,6.0,6.0,0.0,213,0.967046875,1,0,0,0
113,6.0,6.0,0.0,157,0.96675,1,0,0,0
114,0.0,0.0,0.0,240,0.966453125,0,0,1,0
115,0.0,0.0,0.0,240,0.96615625,0,0,1,0
116,1.0,1.0,0.0,240,0.965859375,0,0,1,0
117,3.0,3.0,0.0,240,0.9655625,0,0,1,0
118,6.0,6.0,0.0,119,0.965265625,1,0,0,0
119,1.0,1.0,0.0,240,0.96496875,0,0,1,0
120,0.0,0.0,0.0,240,0.964671875,0,0,1,0
121,0.0,0.0,0.0,240,0.964375,0,0,1,0
122,0.0,0.0,0.0,240,0.964078125,0,0,1,0
123,4.0,4.0,0.0,240,0.96378125,0,0,1,0
124,4.0,4.0,0.0,240,0.963484375,0,0,1,0
125,3.0,3.0,0.0,240,0.9631875,0,0,1,0
126,5.0,5.0,0.0,240,0.962890625,0,0,1,0
127,4.0,4.0,0.0,240,0.96259375,0,0,1,0
128,5.0,5.0,0.0,240,0.962296875,0,0,1,0
129,5.0,5.0,0.0,240,0.962,0,0,1,0
130,6.0,6.0,0.0,66,0.961703125,1,0,0,0
131,0.0,0.0,0.0,240,0.96140625,0,0,1,0
132,4.0,4.0,0.0,240,0.961109375,0,0,1,0
133,3.0,3.0,0.0,240,0.9608125,0,0,1,0
134,1.0,1.0,0.0,240,0.960515625,0,0,1,0
135,3.0,3.0,0.0,240,0.96021875,0,0,1,0
136,6.0,6.0,0.0,88,0.959921875,1,0,0,0
137,6.0,6.0,0.0,138,0.959625,1,0,0,0
138,1.0,1.0,0.0,240,0.959328125,0,0,1,0
139,4.0,4.0,0.0,240,0.95903125,0,0,1,0
140,3.0,3.0,0.0,240,0.958734375,0,0,1,0
141,6.0,6.0,0.0,97,0.9584375,1,0,0,0
142,5.0,5.0,0.0,240,0.958140625,0,0,1,0
143,5.0,5.0,0.0,240,0.95784375,0,0,1,0
144,5.0,5.0,0.0,240,0.957546875,0,0,1,0
145,6.0,6.0,0.0,123,0.95725,1,0,0,0
146,4.0,4.0,0.0,240,0.956953125,0,0,1,0
147,6.0,6.0,0.0,234,0.95665625,1,0,0,0
148,4.0,4.0,0.0,240,0.956359375,0,0,1,0
149,5.0,5.0,0.0,240,0.9560625,0,0,1,0
150,2.0,2.0,0.0,240,0.955765625,0,0,1,0
151,6.0,6.0,0.0,187,0.95546875,1,0,0,0
152,6.0,6.0,0.0,144,0.955171875,1,0,0,0
153,5.0,5.0,0.0,240,0.954875,0,0,1,0
154,3.0,3.0,0.0,240,0.954578125,0,0,1,0
155,3.0,3.0,0.0,240,0.95428125,0,0,1,0
156,6.0,6.0,0.0,139,0.953984375,1,0,0,0
157,6.0,6.0,0.0,120,0.9536875,1,0,0,0
158,2.0,2.0,0.0,240,0.953390625,0,0,1,0
159,6.0,6.0,0.0,224,0.95309375,1,0,0,0
160,6.0,6.0,0.0,236,0.952796875,1,0,0,0
161,0.0,0.0,0.0,240,0.9525,0,0,1,0
162,4.0,4.0,0.0,240,0.952203125,0,0,1,0
163,3.0,3.0,0.0,240,0.95190625,0,0,1,0
164,6.0,6.0,0.0,105,0.951609375,1,0,0,0
165,6.0,6.0,0.0,134,0.9513125,1,0,0,0
166,5.0,5.0,0.0,240,0.951015625,0,0,1,0
167,4.0,4.0,0.0,240,0.9507187500000001,0,0,1,0
168,0.0,0.0,0.0,240,0.950421875,0,0,1,0
169,6.0,6.0,0.0,206,0.950125,1,0,0,0
170,4.0,4.0,0.0,240,0.949828125,0,0,1,0
171,6.0,6.0,0.0,151,0.94953125,1,0,0,0
172,4.0,4.0,0.0,240,0.949234375,0,0,1,0
173,3.0,3.0,0.0,240,0.9489375,0,0,1,0
174,6.0,6.0,0.0,96,0.948640625,1,0,0,0
175,3.0,3.0,0.0,240,0.94834375,0,0,1,0
176,3.0,3.0,0.0,240,0.948046875,0,0,1,0
177,4.0,4.0,0.0,240,0.94775,0,0,1,0
178,3.0,3.0,0.0,240,0.947453125,0,0,1,0
179,5.0,5.0,0.0,240,0.94715625,0,0,1,0
180,1.0,1.0,0.0,240,0.9468593750000001,0,0,1,0
181,6.0,6.0,0.0,141,0.9465625,1,0,0,0
182,6.0,6.0,0.0,148,0.946265625,1,0,0,0
183,4.0,4.0,0.0,240,0.94596875,0,0,1,0
184,3.0,3.0,0.0,240,0.945671875,0,0,1,0
185,6.0,6.0,0.0,147,0.945375,1,0,0,0
186,1.0,1.0,0.0,240,0.945078125,0,0,1,0
187,6.0,6.0,0.0,201,0.94478125,1,0,0,0
188,3.0,3.0,0.0,240,0.944484375,0,0,1,0
189,4.0,4.0,0.0,240,0.9441875,0,0,1,0
190,3.0,3.0,0.0,240,0.943890625,0,0,1,0
191,6.0,6.0,0.0,172,0.94359375,1,0,0,0
192,3.0,3.0,0.0,240,0.943296875,0,0,1,0
193,4.0,4.0,0.0,240,0.9430000000000001,0,0,1,0
194,6.0,6.0,0.0,113,0.942703125,1,0,0,0
195,5.0,5.0,0.0,240,0.94240625,0,0,1,0
196,5.0,5.0,0.0,240,0.942109375,0,0,1,0
197,6.0,6.0,0.0,183,0.9418125,1,0,0,0
198,3.0,3.0,0.0,240,0.941515625,0,0,1,0
199,6.0,6.0,0.0,198,0.94121875,1,0,0,0
200,5.0,5.0,0.0,240,0.940921875,0,0,1,0
201,0.0,0.0,0.0,240,0.940625,0,0,1,0
202,6.0,6.0,0.0,161,0.940328125,1,0,0,0
203,6.0,6.0,0.0,160,0.94003125,1,0,0,0
204,3.0,3.0,0.0,240,0.939734375,0,0,1,0
205,6.0,6.0,0.0,202,0.9394375,1,0,0,0
206,6.0,6.0,0.0,188,0.9391406250000001,1,0,0,0
207,5.0,5.0,0.0,240,0.93884375,0,0,1,0
208,5.0,5.0,0.0,240,0.938546875,0,0,1,0
209,5.0,5.0,0.0,240,0.93825,0,0,1,0
210,5.0,5.0,0.0,240,0.937953125,0,0,1,0
211,6.0,6.0,0.0,124,0.93765625,1,0,0,0
212,4.0,4.0,0.0,240,0.937359375,0,0,1,0
213,1.0,1.0,0.0,240,0.9370625,0,0,1,0
214,0.0,0.0,0.0,240,0.936765625,0,0,1,0
215,6.0,6.0,0.0,231,0.93646875,1,0,0,0
216,3.0,3.0,0.0,240,0.936171875,0,0,1,0
217,5.0,5.0,0.0,240,0.935875,0,0,1,0
218,4.0,4.0,0.0,240,0.935578125,0,0,1,0
219,1.0,1.0,0.0,240,0.93528125,0,0,1,0
220,6.0,6.0,0.0,151,0.934984375,1,0,0,0
221,6.0,6.0,0.0,153,0.9346875,1,0,0,0
222,4.0,4.0,0.0,240,0.934390625,0,0,1,0
223,4.0,4.0,0.0,240,0.93409375,0,0,1,0
224,4.0,4.0,0.0,240,0.933796875,0,0,1,0
225,6.0,6.0,0.0,119,0.9335,1,0,0,0
226,6.0,6.0,0.0,105,0.933203125,1,0,0,0
227,4.0,4.0,0.0,240,0.93290625,0,0,1,0
228,6.0,6.0,0.0,203,0.932609375,1,0,0,0
229,6.0,6.0,0.0,158,0.9323125,1,0,0,0
230,0.0,0.0,0.0,240,0.932015625,0,0,1,0
231,6.0,6.0,0.0,50,0.93171875,1,0,0,0
232,4.0,4.0,0.0,240,0.931421875,0,0,1,0
233,3.0,3.0,0.0,240,0.931125,0,0,1,0
234,2.0,2.0,0.0,240,0.930828125,0,0,1,0
235,4.0,4.0,0.0,240,0.93053125,0,0,1,0
236,6.0,6.0,0.0,206,0.930234375,1,0,0,0
237,6.0,6.0,0.0,118,0.9299375,1,0,0,0
238,2.0,2.0,0.0,240,0.929640625,0,0,1,0
239,1.0,1.0,0.0,240,0.92934375,0,0,1,0
240,2.0,2.0,0.0,240,0.929046875,0,0,1,0
241,5.0,5.0,0.0,240,0.92875,0,0,1,0
242,5.0,5.0,0.0,240,0.928453125,0,0,1,0
243,6.0,6.0,0.0,123,0.92815625,1,0,0,0
244,6.0,6.0,0.0,120,0.927859375,1,0,0,0
245,3.0,3.0,0.0,240,0.9275625,0,0,1,0
246,0.0,0.0,0.0,240,0.927265625,0,0,1,0
247,5.0,5.0,0.0,240,0.92696875,0,0,1,0
248,1.0,1.0,0.0,240,0.926671875,0,0,1,0
249,0.0,0.0,0.0,240,0.926375,0,0,1,0
250,4.0,4.0,0.0,240,0.926078125,0,0,1,0
251,6.0,6.0,0.0,109,0.92578125,1,0,0,0
252,1.0,1.0,0.0,240,0.925484375,0,0,1,0
253,3.0,3.0,0.0,240,0.9251875,0,0,1,0
254,0.0,0.0,0.0,240,0.924890625,0,0,1,0
255,6.0,6.0,0.0,227,0.92459375,1,0,0,0
256,0.0,0.0,0.0,240,0.924296875,0,0,1,0
257,6.0,6.0,0.0,130,0.924,1,0,0,0
258,3.0,3.0,0.0,240,0.9237031250000001,0,0,1,0
259,6.0,6.0,0.0,146,0.92340625,1,0,0,0
260,6.0,6.0,0.0,238,0.923109375,1,0,0,0
261,5.0,5.0,0.0,240,0.9228125,0,0,1,0
262,2.0,2.0,0.0,240,0.922515625,0,0,1,0
263,5.0,5.0,0.0,240,0.92221875,0,0,1,0
264,6.0,6.0,0.0,146,0.921921875,1,0,0,0
265,5.0,5.0,0.0,240,0.921625,0,0,1,0
266,6.0,6.0,0.0,188,0.921328125,1,0,0,0
267,5.0,5.0,0.0,240,0.92103125,0,0,1,0
268,6.0,6.0,0.0,129,0.920734375,1,0,0,0
269,4.0,4.0,0.0,240,0.9204375,0,0,1,0
270,5.0,5.0,0.0,240,0.920140625,0,0,1,0
271,6.0,6.0,0.0,171,0.91984375,1,0,0,0
272,5.0,5.0,0.0,240,0.919546875,0,0,1,0
273,5.0,5.0,0.0,240,0.91925,0,0,1,0
274,6.0,6.0,0.0,89,0.918953125,1,0,0,0
275,6.0,6.0,0.0,112,0.91865625,1,0,0,0
276,6.0,6.0,0.0,193,0.918359375,1,0,0,0
277,6.0,6.0,0.0,189,0.9180625,1,0,0,0
278,6.0,6.0,0.0,229,0.917765625,1,0,0,0
279,5.0,5.0,0.0,240,0.91746875,0,0,1,0
280,6.0,6.0,0.0,96,0.917171875,1,0,0,0
281,6.0,6.0,0.0,198,0.916875,1,0,0,0
282,1.0,1.0,0.0,240,0.916578125,0,0,1,0
283,6.0,6.0,0.0,78,0.91628125,1,0,0,0
284,6.0,6.0,0.0,193,0.915984375,1,0,0,0
285,5.0,5.0,0.0,240,0.9156875,0,0,1,0
286,6.0,6.0,0.0,113,0.915390625,1,0,0,0
287,6.0,6.0,0.0,206,0.91509375,1,0,0,0
288,6.0,6.0,0.0,179,0.914796875,1,0,0,0
289,5.0,5.0,0.0,240,0.9145,0,0,1,0
290,6.0,6.0,0.0,154,0.914203125,1,0,0,0
291,6.0,6.0,0.0,159,0.91390625,1,0,0,0
292,6.0,6.0,0.0,57,0.9136093750000001,1,0,0,0
293,6.0,6.0,0.0,183,0.9133125,1,0,0,0
294,6.0,6.0,0.0,126,0.913015625,1,0,0,0
295,5.0,5.0,0.0,240,0.91271875,0,0,1,0
296,5.0,5.0,0.0,240,0.9124218749999999,0,0,1,0
297,6.0,6.0,0.0,171,0.912125,1,0,0,0
298,6.0,6.0,0.0,171,0.911828125,1,0,0,0
299,4.0,4.0,0.0,240,0.91153125,0,0,1,0
300,5.0,5.0,0.0,240,0.911234375,0,0,1,0
301,2.0,2.0,0.0,240,0.9109375,0,0,1,0
302,6.0,6.0,0.0,188,0.910640625,1,0,0,0
303,6.0,6.0,0.0,91,0.91034375,1,0,0,0
304,6.0,6.0,0.0,53,0.910046875,1,0,0,0
305,5.0,5.0,0.0,240,0.9097500000000001,0,0,1,0
306,6.0,6.0,0.0,169,0.909453125,1,0,0,0
307,2.0,2.0,0.0,240,0.90915625,0,0,1,0
308,4.0,4.0,0.0,240,0.908859375,0,0,1,0
309,6.0,6.0,0.0,207,0.9085625,1,0,0,0
310,4.0,4.0,0.0,240,0.908265625,0,0,1,0
311,3.0,3.0,0.0,240,0.90796875,0,0,1,0
312,6.0,6.0,0.0,200,0.907671875,1,0,0,0
313,5.0,5.0,0.0,240,0.907375,0,0,1,0
314,4.0,4.0,0.0,240,0.907078125,0,0,1,0
315,6.0,6.0,0.0,95,0.90678125,1,0,0,0
316,3.0,3.0,0.0,240,0.906484375,0,0,1,0
317,4.0,4.0,0.0,240,0.9061875,0,0,1,0
318,3.0,3.0,0.0,240,0.9058906250000001,0,0,1,0
319,0.0,0.0,0.0,240,0.90559375,0,0,1,0
320,6.0,6.0,0.0,102,0.905296875,1,0,0,0
321,6.0,6.0,0.0,233,0.905,1,0,0,0
322,6.0,6.0,0.0,117,0.904703125,1,0,0,0
323,6.0,6.0,0.0,119,0.90440625,1,0,0,0
324,5.0,5.0,0.0,240,0.904109375,0,0,1,0
325,6.0,6.0,0.0,167,0.9038125,1,0,0,0
326,6.0,6.0,0.0,38,0.903515625,1,0,0,0
327,6.0,6.0,0.0,75,0.90321875,1,0,0,0
328,6.0,6.0,0.0,61,0.902921875,1,0,0,0
329,5.0,5.0,0.0,240,0.902625,0,0,1,0
330,5.0,5.0,0.0,240,0.902328125,0,0,1,0
331,6.0,6.0,0.0,141,0.9020312500000001,1,0,0,0
332,6.0,6.0,0.0,65,0.901734375,1,0,0,0
333,6.0,6.0,0.0,120,0.9014375,1,0,0,0
334,2.0,2.0,0.0,240,0.901140625,0,0,1,0
335,6.0,6.0,0.0,213,0.90084375,1,0,0,0
336,5.0,5.0,0.0,240,0.900546875,0,0,1,0
337,6.0,6.0,0.0,105,0.90025,1,0,0,0
338,3.0,3.0,0.0,240,0.899953125,0,0,1,0
339,5.0,5.0,0.0,240,0.89965625,0,0,1,0
340,1.0,1.0,0.0,240,0.899359375,0,0,1,0
341,6.0,6.0,0.0,155,0.8990625,1,0,0,0
342,6.0,6.0,0.0,68,0.898765625,1,0,0,0
343,3.0,3.0,0.0,240,0.89846875,0,0,1,0
344,1.0,1.0,0.0,240,0.898171875,0,0,1,0
345,0.0,0.0,0.0,240,0.897875,0,0,1,0
346,6.0,6.0,0.0,114,0.897578125,1,0,0,0
347,6.0,6.0,0.0,177,0.89728125,1,0,0,0
348,4.0,4.0,0.0,240,0.896984375,0,0,1,0
349,6.0,6.0,0.0,228,0.8966875,1,0,0,0
350,3.0,3.0,0.0,240,0.896390625,0,0,1,0
351,4.0,4.0,0.0,240,0.89609375,0,0,1,0
352,6.0,6.0,0.0,161,0.895796875,1,0,0,0
353,4.0,4.0,0.0,240,0.8955,0,0,1,0
354,0.0,0.0,0.0,240,0.895203125,0,0,1,0
355,2.0,2.0,0.0,240,0.89490625,0,0,1,0
356,5.0,5.0,0.0,240,0.894609375,0,0,1,0
357,5.0,5.0,0.0,240,0.8943125000000001,0,0,1,0
358,6.0,6.0,0.0,209,0.894015625,1,0,0,0
359,6.0,6.0,0.0,79,0.89371875,1,0,0,0
360,5.0,5.0,0.0,240,0.893421875,0,0,1,0
361,6.0,6.0,0.0,147,0.893125,1,0,0,0
362,6.0,6.0,0.0,174,0.892828125,1,0,0,0
363,6.0,6.0,0.0,104,0.89253125,1,0,0,0
364,0.0,0.0,0.0,240,0.892234375,0,0,1,0
365,6.0,6.0,0.0,139,0.8919375,1,0,0,0
366,1.0,1.0,0.0,240,0.891640625,0,0,1,0
367,6.0,6.0,0.0,143,0.89134375,1,0,0,0
368,5.0,5.0,0.0,240,0.891046875,0,0,1,0
369,3.0,3.0,0.0,240,0.89075,0,0,1,0
370,6.0,6.0,0.0,145,0.8904531250000001,1,0,0,0
371,6.0,6.0,0.0,196,0.89015625,1,0,0,0
372,6.0,6.0,0.0,225,0.889859375,1,0,0,0
373,6.0,6.0,0.0,48,0.8895625,1,0,0,0
374,6.0,6.0,0.0,205,0.889265625,1,0,0,0
375,5.0,5.0,0.0,240,0.88896875,0,0,1,0
376,3.0,3.0,0.0,240,0.888671875,0,0,1,0
377,4.0,4.0,0.0,240,0.888375,0,0,1,0
378,6.0,6.0,0.0,207,0.888078125,1,0,0,0
379,6.0,6.0,0.0,74,0.88778125,1,0,0,0
380,3.0,3.0,0.0,240,0.887484375,0,0,1,0
381,6.0,6.0,0.0,140,0.8871875,1,0,0,0
382,6.0,6.0,0.0,217,0.886890625,1,0,0,0
383,6.0,6.0,0.0,203,0.8865937500000001,1,0,0,0
384,6.0,6.0,0.0,53,0.886296875,1,0,0,0
385,4.0,4.0,0.0,240,0.886,0,0,1,0
386,4.0,4.0,0.0,240,0.885703125,0,0,1,0
387,6.0,6.0,0.0,207,0.88540625,1,0,0,0
388,6.0,6.0,0.0,177,0.885109375,1,0,0,0
389,6.0,6.0,0.0,89,0.8848125,1,0,0,0
390,6.0,6.0,0.0,149,0.884515625,1,0,0,0
391,6.0,6.0,0.0,129,0.88421875,1,0,0,0
392,6.0,6.0,0.0,110,0.883921875,1,0,0,0
393,6.0,6.0,0.0,179,0.883625,1,0,0,0
394,6.0,6.0,0.0,128,0.883328125,1,0,0,0
395,6.0,6.0,0.0,198,0.88303125,1,0,0,0
396,6.0,6.0,0.0,150,0.882734375,1,0,0,0
397,6.0,6.0,0.0,197,0.8824375,1,0,0,0
398,3.0,3.0,0.0,240,0.882140625,0,0,1,0
399,6.0,6.0,0.0,159,0.88184375,1,0,0,0
400,6.0,6.0,0.0,118,0.881546875,1,0,0,0
401,6.0,6.0,0.0,160,0.88125,1,0,0,0
402,3.0,3.0,0.0,240,0.880953125,0,0,1,0
403,6.0,6.0,0.0,152,0.88065625,1,0,0,0
404,6.0,6.0,0.0,179,0.880359375,1,0,0,0
405,6.0,6.0,0.0,58,0.8800625,1,0,0,0
406,6.0,6.0,0.0,64,0.879765625,1,0,0,0
407,1.0,1.0,0.0,240,0.87946875,0,0,1,0
408,6.0,6.0,0.0,181,0.8791718749999999,1,0,0,0
409,6.0,6.0,0.0,192,0.878875,1,0,0,0
410,4.0,4.0,0.0,240,0.878578125,0,0,1,0
411,6.0,6.0,0.0,153,0.87828125,1,0,0,0
412,0.0,0.0,0.0,240,0.877984375,0,0,1,0
413,3.0,3.0,0.0,240,0.8776875,0,0,1,0
414,6.0,6.0,0.0,210,0.877390625,1,0,0,0
415,6.0,6.0,0.0,160,0.87709375,1,0,0,0
416,6.0,6.0,0.0,227,0.876796875,1,0,0,0
417,5.0,5.0,0.0,240,0.8765000000000001,0,0,1,0
418,0.0,0.0,0.0,240,0.876203125,0,0,1,0
419,6.0,6.0,0.0,85,0.87590625,1,0,0,0
420,0.0,0.0,0.0,240,0.875609375,0,0,1,0
421,0.0,0.0,0.0,240,0.8753125,0,0,1,0
422,6.0,6.0,0.0,51,0.875015625,1,0,0,0
423,5.0,5.0,0.0,240,0.87471875,0,0,1,0
424,3.0,3.0,0.0,240,0.874421875,0,0,1,0
425,0.0,0.0,0.0,240,0.874125,0,0,1,0
426,6.0,6.0,0.0,129,0.873828125,1,0,0,0
427,6.0,6.0,0.0,217,0.87353125,1,0,0,0
428,4.0,4.0,0.0,240,0.873234375,0,0,1,0
429,6.0,6.0,0.0,89,0.8729375,1,0,0,0
430,6.0,6.0,0.0,165,0.8726406250000001,1,0,0,0
431,6.0,6.0,0.0,213,0.87234375,1,0,0,0
432,4.0,4.0,0.0,240,0.872046875,0,0,1,0
433,6.0,6.0,0.0,138,0.87175,1,0,0,0
434,4.0,4.0,0.0,240,0.8714531249999999,0,0,1,0
435,6.0,6.0,0.0,63,0.8711562500000001,1,0,0,0
436,6.0,6.0,0.0,46,0.870859375,1,0,0,0
437,2.0,2.0,0.0,240,0.8705625,0,0,1,0
438,6.0,6.0,0.0,151,0.870265625,1,0,0,0
439,4.0,4.0,0.0,240,0.86996875,0,0,1,0
440,6.0,6.0,0.0,121,0.869671875,1,0,0,0
441,6.0,6.0,0.0,77,0.869375,1,0,0,0
442,6.0,6.0,0.0,67,0.869078125,1,0,0,0
443,6.0,6.0,0.0,129,0.8687812500000001,1,0,0,0
444,6.0,6.0,0.0,69,0.868484375,1,0,0,0
445,6.0,6.0,0.0,159,0.8681875,1,0,0,0
446,6.0,6.0,0.0,214,0.867890625,1,0,0,0
447,6.0,6.0,0.0,173,0.8675937499999999,1,0,0,0
448,6.0,6.0,0.0,134,0.8672968750000001,1,0,0,0
449,6.0,6.0,0.0,105,0.867,1,0,0,0
450,6.0,6.0,0.0,95,0.866703125,1,0,0,0
451,6.0,6.0,0.0,225,0.86640625,1,0,0,0
452,6.0,6.0,0.0,169,0.866109375,1,0,0,0
453,4.0,4.0,0.0,240,0.8658125,0,0,1,0
454,6.0,6.0,0.0,58,0.865515625,1,0,0,0
455,6.0,6.0,0.0,232,0.86521875,1,0,0,0
456,6.0,6.0,0.0,228,0.8649218750000001,1,0,0,0
457,6.0,6.0,0.0,231,0.864625,1,0,0,0
458,6.0,6.0,0.0,181,0.864328125,1,0,0,0
459,6.0,6.0,0.0,81,0.86403125,1,0,0,0
460,5.0,5.0,0.0,240,0.8637343749999999,0,0,1,0
461,6.0,6.0,0.0,48,0.8634375000000001,1,0,0,0
462,6.0,6.0,0.0,228,0.863140625,1,0,0,0
463,6.0,6.0,0.0,145,0.86284375,1,0,0,0
464,6.0,6.0,0.0,160,0.862546875,1,0,0,0
465,6.0,6.0,0.0,122,0.86225,1,0,0,0
466,6.0,6.0,0.0,59,0.861953125,1,0,0,0
467,6.0,6.0,0.0,67,0.86165625,1,0,0,0
468,6.0,6.0,0.0,55,0.861359375,1,0,0,0
469,6.0,6.0,0.0,84,0.8610625000000001,1,0,0,0
470,6.0,6.0,0.0,208,0.860765625,1,0,0,0
471,6.0,6.0,0.0,115,0.86046875,1,0,0,0
472,6.0,6.0,0.0,154,0.860171875,1,0,0,0
473,6.0,6.0,0.0,63,0.859875,1,0,0,0
474,6.0,6.0,0.0,95,0.859578125,1,0,0,0
475,6.0,6.0,0.0,196,0.85928125,1,0,0,0
476,6.0,6.0,0.0,111,0.858984375,1,0,0,0
477,6.0,6.0,0.0,177,0.8586875,1,0,0,0
478,6.0,6.0,0.0,72,0.858390625,1,0,0,0
479,6.0,6.0,0.0,119,0.85809375,1,0,0,0
480,6.0,6.0,0.0,207,0.857796875,1,0,0,0
481,4.0,4.0,0.0,240,0.8575,0,0,1,0
482,0.0,0.0,0.0,240,0.8572031250000001,0,0,1,0
483,5.0,5.0,0.0,240,0.85690625,0,0,1,0
484,6.0,6.0,0.0,116,0.856609375,1,0,0,0
485,4.0,4.0,0.0,240,0.8563125,0,0,1,0
486,6.0,6.0,0.0,53,0.8560156250000001,1,0,0,0
487,6.0,6.0,0.0,126,0.85571875,1,0,0,0
488,6.0,6.0,0.0,108,0.855421875,1,0,0,0
489,6.0,6.0,0.0,87,0.855125,1,0,0,0
490,6.0,6.0,0.0,143,0.854828125,1,0,0,0
491,6.0,6.0,0.0,153,0.85453125,1,0,0,0
492,6.0,6.0,0.0,135,0.854234375,1,0,0,0
493,6.0,6.0,0.0,137,0.8539375,1,0,0,0
494,6.0,6.0,0.0,162,0.853640625,1,0,0,0
495,6.0,6.0,0.0,126,0.85334375,1,0,0,0
496,6.0,6.0,0.0,111,0.853046875,1,0,0,0
497,6.0,6.0,0.0,143,0.85275,1,0,0,0
498,6.0,6.0,0.0,229,0.852453125,1,0,0,0
499,6.0,6.0,0.0,209,0.85215625,1,0,0,0
500,3.0,3.0,0.0,240,0.851859375,0,0,1,0
501,6.0,6.0,0.0,115,0.8515625,1,0,0,0
502,5.0,5.0,0.0,240,0.851265625,0,0,1,0
503,6.0,6.0,0.0,99,0.85096875,1,0,0,0
504,6.0,6.0,0.0,98,0.850671875,1,0,0,0
505,6.0,6.0,0.0,78,0.850375,1,0,0,0
506,4.0,4.0,0.0,240,0.850078125,0,0,1,0
507,3.0,3.0,0.0,240,0.84978125,0,0,1,0
508,6.0,6.0,0.0,87,0.849484375,1,0,0,0
509,6.0,6.0,0.0,128,0.8491875,1,0,0,0
510,6.0,6.0,0.0,218,0.848890625,1,0,0,0
511,4.0,4.0,0.0,240,0.84859375,0,0,1,0
512,6.0,6.0,0.0,84,0.848296875,1,0,0,0
513,6.0,6.0,0.0,100,0.848,1,0,0,0
514,6.0,6.0,0.0,158,0.847703125,1,0,0,0
515,6.0,6.0,0.0,85,0.84740625,1,0,0,0
516,6.0,6.0,0.0,32,0.847109375,1,0,0,0
517,6.0,6.0,0.0,173,0.8468125,1,0,0,0
518,6.0,6.0,0.0,125,0.846515625,1,0,0,0
519,6.0,6.0,0.0,127,0.84621875,1,0,0,0
520,6.0,6.0,0.0,234,0.8459218749999999,1,0,0,0
521,5.0,5.0,0.0,240,0.8456250000000001,0,0,1,0
522,6.0,6.0,0.0,188,0.845328125,1,0,0,0
523,6.0,6.0,0.0,91,0.84503125,1,0,0,0
524,6.0,6.0,0.0,160,0.844734375,1,0,0,0
525,6.0,6.0,0.0,80,0.8444375,1,0,0,0
526,6.0,6.0,0.0,89,0.844140625,1,0,0,0
527,6.0,6.0,0.0,203,0.84384375,1,0,0,0
528,6.0,6.0,0.0,202,0.843546875,1,0,0,0
529,6.0,6.0,0.0,126,0.84325,1,0,0,0
530,6.0,6.0,0.0,165,0.842953125,1,0,0,0
531,6.0,6.0,0.0,134,0.84265625,1,0,0,0
532,6.0,6.0,0.0,120,0.842359375,1,0,0,0
533,6.0,6.0,0.0,120,0.8420624999999999,1,0,0,0
534,3.0,3.0,0.0,240,0.8417656250000001,0,0,1,0
535,6.0,6.0,0.0,218,0.84146875,1,0,0,0
536,6.0,6.0,0.0,118,0.841171875,1,0,0,0
537,6.0,6.0,0.0,76,0.840875,1,0,0,0
538,6.0,6.0,0.0,100,0.840578125,1,0,0,0
539,6.0,6.0,0.0,155,0.84028125,1,0,0,0
540,4.0,4.0,0.0,240,0.839984375,0,0,1,0
541,4.0,4.0,0.0,240,0.8396875,0,0,1,0
542,6.0,6.0,0.0,65,0.8393906250000001,1,0,0,0
543,6.0,6.0,0.0,195,0.83909375,1,0,0,0
544,6.0,6.0,0.0,63,0.838796875,1,0,0,0
545,4.0,4.0,0.0,240,0.8385,0,0,1,0
546,5.0,5.0,0.0,240,0.8382031249999999,0,0,1,0
547,6.0,6.0,0.0,97,0.8379062500000001,1,0,0,0
548,6.0,6.0,0.0,202,0.837609375,1,0,0,0
549,6.0,6.0,0.0,65,0.8373125,1,0,0,0
550,6.0,6.0,0.0,53,0.837015625,1,0,0,0
551,6.0,6.0,0.0,200,0.83671875,1,0,0,0
552,6.0,6.0,0.0,72,0.836421875,1,0,0,0
553,2.0,2.0,0.0,240,0.836125,0,0,1,0
554,6.0,6.0,0.0,82,0.835828125,1,0,0,0
555,6.0,6.0,0.0,132,0.8355312500000001,1,0,0,0
556,5.0,5.0,0.0,240,0.835234375,0,0,1,0
557,6.0,6.0,0.0,94,0.8349375,1,0,0,0
558,6.0,6.0,0.0,88,0.834640625,1,0,0,0
559,6.0,6.0,0.0,57,0.8343437499999999,1,0,0,0
560,6.0,6.0,0.0,213,0.8340468750000001,1,0,0,0
561,6.0,6.0,0.0,95,0.83375,1,0,0,0
562,6.0,6.0,0.0,61,0.833453125,1,0,0,0
563,6.0,6.0,0.0,167,0.83315625,1,0,0,0
564,6.0,6.0,0.0,57,0.832859375,1,0,0,0
565,6.0,6.0,0.0,88,0.8325625,1,0,0,0
566,6.0,6.0,0.0,104,0.832265625,1,0,0,0
567,6.0,6.0,0.0,237,0.83196875,1,0,0,0
568,6.0,6.0,0.0,144,0.8316718750000001,1,0,0,0
569,6.0,6.0,0.0,142,0.831375,1,0,0,0
570,6.0,6.0,0.0,149,0.831078125,1,0,0,0
571,6.0,6.0,0.0,217,0.83078125,1,0,0,0
572,6.0,6.0,0.0,105,0.8304843749999999,1,0,0,0
573,6.0,6.0,0.0,208,0.8301875000000001,1,0,0,0
574,6.0,6.0,0.0,84,0.829890625,1,0,0,0
575,3.0,3.0,0.0,240,0.82959375,0,0,1,0
576,6.0,6.0,0.0,145,0.829296875,1,0,0,0
577,6.0,6.0,0.0,90,0.829,1,0,0,0
578,6.0,6.0,0.0,83,0.828703125,1,0,0,0
579,6.0,6.0,0.0,204,0.82840625,1,0,0,0
580,6.0,6.0,0.0,185,0.828109375,1,0,0,0
581,6.0,6.0,0.0,94,0.8278125000000001,1,0,0,0
582,6.0,6.0,0.0,53,0.827515625,1,0,0,0
583,6.0,6.0,0.0,207,0.82721875,1,0,0,0
584,6.0,6.0,0.0,131,0.826921875,1,0,0,0
585,6.0,6.0,0.0,159,0.8266249999999999,1,0,0,0
586,6.0,6.0,0.0,134,0.8263281250000001,1,0,0,0
587,6.0,6.0,0.0,205,0.82603125,1,0,0,0
588,6.0,6.0,0.0,193,0.825734375,1,0,0,0
589,6.0,6.0,0.0,88,0.8254375,1,0,0,0
590,6.0,6.0,0.0,179,0.825140625,1,0,0,0
591,5.0,5.0,0.0,240,0.82484375,0,0,1,0
592,6.0,6.0,0.0,54,0.824546875,1,0,0,0
593,5.0,5.0,0.0,240,0.82425,0,0,1,0
594,5.0,5.0,0.0,240,0.8239531250000001,0,0,1,0
595,6.0,6.0,0.0,96,0.82365625,1,0,0,0
596,6.0,6.0,0.0,172,0.823359375,1,0,0,0
597,6.0,6.0,0.0,103,0.8230625,1,0,0,0
598,6.0,6.0,0.0,104,0.8227656250000001,1,0,0,0
599,6.0,6.0,0.0,45,0.82246875,1,0,0,0
600,6.0,6.0,0.0,121,0.822171875,1,0,0,0
601,6.0,6.0,0.0,100,0.821875,1,0,0,0
602,6.0,6.0,0.0,115,0.821578125,1,0,0,0
603,6.0,6.0,0.0,79,0.82128125,1,0,0,0
604,6.0,6.0,0.0,161,0.820984375,1,0,0,0
605,6.0,6.0,0.0,174,0.8206875,1,0,0,0
606,6.0,6.0,0.0,196,0.820390625,1,0,0,0
607,6.0,6.0,0.0,146,0.8200937500000001,1,0,0,0
608,3.0,3.0,0.0,240,0.819796875,0,0,1,0
609,6.0,6.0,0.0,78,0.8195,1,0,0,0
610,6.0,6.0,0.0,107,0.819203125,1,0,0,0
611,6.0,6.0,0.0,182,0.8189062500000001,1,0,0,0
612,6.0,6.0,0.0,130,0.818609375,1,0,0,0
613,6.0,6.0,0.0,86,0.8183125,1,0,0,0
614,6.0,6.0,0.0,206,0.818015625,1,0,0,0
615,6.0,6.0,0.0,59,0.81771875,1,0,0,0
616,6.0,6.0,0.0,57,0.817421875,1,0,0,0
617,6.0,6.0,0.0,130,0.817125,1,0,0,0
618,6.0,6.0,0.0,76,0.816828125,1,0,0,0
619,6.0,6.0,0.0,213,0.81653125,1,0,0,0
620,6.0,6.0,0.0,156,0.816234375,1,0,0,0
621,6.0,6.0,0.0,68,0.8159375,1,0,0,0
622,6.0,6.0,0.0,180,0.815640625,1,0,0,0
623,6.0,6.0,0.0,211,0.81534375,1,0,0,0
624,6.0,6.0,0.0,70,0.815046875,1,0,0,0
625,6.0,6.0,0.0,111,0.81475,1,0,0,0
626,6.0,6.0,0.0,65,0.814453125,1,0,0,0
627,6.0,6.0,0.0,147,0.81415625,1,0,0,0
628,6.0,6.0,0.0,75,0.813859375,1,0,0,0
629,6.0,6.0,0.0,43,0.8135625,1,0,0,0
630,6.0,6.0,0.0,104,0.813265625,1,0,0,0
631,6.0,6.0,0.0,116,0.81296875,1,0,0,0
632,6.0,6.0,0.0,74,0.812671875,1,0,0,0
633,6.0,6.0,0.0,80,0.8123750000000001,1,0,0,0
634,6.0,6.0,0.0,88,0.812078125,1,0,0,0
635,6.0,6.0,0.0,191,0.81178125,1,0,0,0
636,6.0,6.0,0.0,81,0.811484375,1,0,0,0
637,6.0,6.0,0.0,101,0.8111875,1,0,0,0
638,6.0,6.0,0.0,61,0.810890625,1,0,0,0
639,6.0,6.0,0.0,100,0.81059375,1,0,0,0
640,6.0,6.0,0.0,35,0.810296875,1,0,0,0
641,6.0,6.0,0.0,76,0.81,1,0,0,0
642,6.0,6.0,0.0,61,0.809703125,1,0,0,0
643,6.0,6.0,0.0,136,0.80940625,1,0,0,0
644,6.0,6.0,0.0,97,0.809109375,1,0,0,0
645,6.0,6.0,0.0,91,0.8088124999999999,1,0,0,0
646,6.0,6.0,0.0,77,0.8085156250000001,1,0,0,0
647,6.0,6.0,0.0,110,0.80821875,1,0,0,0
648,6.0,6.0,0.0,52,0.807921875,1,0,0,0
649,6.0,6.0,0.0,95,0.807625,1,0,0,0
650,6.0,6.0,0.0,66,0.807328125,1,0,0,0
651,6.0,6.0,0.0,103,0.80703125,1,0,0,0
652,6.0,6.0,0.0,192,0.806734375,1,0,0,0
653,6.0,6.0,0.0,184,0.8064375,1,0,0,0
654,6.0,6.0,0.0,105,0.806140625,1,0,0,0
655,6.0,6.0,0.0,134,0.80584375,1,0,0,0
656,6.0,6.0,0.0,169,0.805546875,1,0,0,0
657,6.0,6.0,0.0,105,0.80525,1,0,0,0
658,6.0,6.0,0.0,81,0.8049531249999999,1,0,0,0
659,6.0,6.0,0.0,35,0.8046562500000001,1,0,0,0
660,6.0,6.0,0.0,71,0.804359375,1,0,0,0
661,6.0,6.0,0.0,239,0.8040625,1,0,0,0
662,6.0,6.0,0.0,160,0.803765625,1,0,0,0
663,6.0,6.0,0.0,135,0.80346875,1,0,0,0
664,6.0,6.0,0.0,91,0.803171875,1,0,0,0
665,6.0,6.0,0.0,63,0.802875,1,0,0,0
666,6.0,6.0,0.0,79,0.802578125,1,0,0,0
667,6.0,6.0,0.0,27,0.8022812500000001,1,0,0,0
668,6.0,6.0,0.0,85,0.801984375,1,0,0,0
669,6.0,6.0,0.0,114,0.8016875,1,0,0,0
670,4.0,4.0,0.0,240,0.801390625,0,0,1,0
671,6.0,6.0,0.0,84,0.8010937499999999,1,0,0,0
672,6.0,6.0,0.0,107,0.8007968750000001,1,0,0,0
673,6.0,6.0,0.0,116,0.8005,1,0,0,0
674,6.0,6.0,0.0,103,0.800203125,1,0,0,0
675,6.0,6.0,0.0,88,0.79990625,1,0,0,0
676,6.0,6.0,0.0,71,0.799609375,1,0,0,0
677,6.0,6.0,0.0,76,0.7993125,1,0,0,0
678,6.0,6.0,0.0,152,0.799015625,1,0,0,0
679,6.0,6.0,0.0,158,0.79871875,1,0,0,0
680,6.0,6.0,0.0,142,0.7984218750000001,1,0,0,0
681,6.0,6.0,0.0,54,0.798125,1,0,0,0
682,6.0,6.0,0.0,82,0.797828125,1,0,0,0
683,6.0,6.0,0.0,108,0.79753125,1,0,0,0
684,6.0,6.0,0.0,79,0.7972343749999999,1,0,0,0
685,6.0,6.0,0.0,88,0.7969375000000001,1,0,0,0
686,6.0,6.0,0.0,91,0.796640625,1,0,0,0
687,6.0,6.0,0.0,157,0.79634375,1,0,0,0
688,6.0,6.0,0.0,138,0.796046875,1,0,0,0
689,6.0,6.0,0.0,99,0.79575,1,0,0,0
690,6.0,6.0,0.0,62,0.795453125,1,0,0,0
691,6.0,6.0,0.0,63,0.79515625,1,0,0,0
692,6.0,6.0,0.0,104,0.794859375,1,0,0,0
693,6.0,6.0,0.0,78,0.7945625000000001,1,0,0,0
694,6.0,6.0,0.0,231,0.794265625,1,0,0,0
695,6.0,6.0,0.0,54,0.79396875,1,0,0,0
696,6.0,6.0,0.0,75,0.793671875,1,0,0,0
697,6.0,6.0,0.0,27,0.7933749999999999,1,0,0,0
698,6.0,6.0,0.0,169,0.7930781250000001,1,0,0,0
699,6.0,6.0,0.0,98,0.79278125,1,0,0,0
700,6.0,6.0,0.0,39,0.792484375,1,0,0,0
701,6.0,6.0,0.0,117,0.7921875,1,0,0,0
702,6.0,6.0,0.0,142,0.791890625,1,0,0,0
703,6.0,6.0,0.0,72,0.79159375,1,0,0,0
704,6.0,6.0,0.0,109,0.791296875,1,0,0,0
705,6.0,6.0,0.0,139,0.791,1,0,0,0
706,6.0,6.0,0.0,90,0.7907031250000001,1,0,0,0
707,6.0,6.0,0.0,92,0.79040625,1,0,0,0
708,6.0,6.0,0.0,84,0.790109375,1,0,0,0
709,6.0,6.0,0.0,119,0.7898125,1,0,0,0
710,6.0,6.0,0.0,73,0.789515625,1,0,0,0
711,6.0,6.0,0.0,63,0.7892187500000001,1,0,0,0
712,6.0,6.0,0.0,104,0.788921875,1,0,0,0
713,6.0,6.0,0.0,110,0.788625,1,0,0,0
714,6.0,6.0,0.0,85,0.788328125,1,0,0,0
715,6.0,6.0,0.0,116,0.78803125,1,0,0,0
716,6.0,6.0,0.0,107,0.787734375,1,0,0,0
717,6.0,6.0,0.0,145,0.7874375,1,0,0,0
718,6.0,6.0,0.0,74,0.787140625,1,0,0,0
719,6.0,6.0,0.0,126,0.7868437500000001,1,0,0,0
720,6.0,6.0,0.0,89,0.786546875,1,0,0,0
721,6.0,6.0,0.0,33,0.78625,1,0,0,0
722,6.0,6.0,0.0,94,0.785953125,1,0,0,0
723,6.0,6.0,0.0,109,0.7856562500000001,1,0,0,0
724,6.0,6.0,0.0,48,0.785359375,1,0,0,0
725,6.0,6.0,0.0,133,0.7850625,1,0,0,0
726,6.0,6.0,0.0,56,0.784765625,1,0,0,0
727,6.0,6.0,0.0,59,0.78446875,1,0,0,0
728,6.0,6.0,0.0,71,0.784171875,1,0,0,0
729,6.0,6.0,0.0,155,0.783875,1,0,0,0
730,6.0,6.0,0.0,86,0.783578125,1,0,0,0
731,6.0,6.0,0.0,89,0.78328125,1,0,0,0
732,6.0,6.0,0.0,64,0.7829843750000001,1,0,0,0
733,6.0,6.0,0.0,167,0.7826875,1,0,0,0
734,3.0,3.0,0.0,240,0.782390625,0,0,1,0
735,6.0,6.0,0.0,97,0.78209375,1,0,0,0
736,6.0,6.0,0.0,64,0.7817968750000001,1,0,0,0
737,6.0,6.0,0.0,95,0.7815,1,0,0,0
738,6.0,6.0,0.0,96,0.781203125,1,0,0,0
739,6.0,6.0,0.0,67,0.78090625,1,0,0,0
740,6.0,6.0,0.0,103,0.780609375,1,0,0,0
741,6.0,6.0,0.0,38,0.7803125,1,0,0,0
742,6.0,6.0,0.0,91,0.780015625,1,0,0,0
743,6.0,6.0,0.0,84,0.77971875,1,0,0,0
744,6.0,6.0,0.0,91,0.779421875,1,0,0,0
745,6.0,6.0,0.0,128,0.7791250000000001,1,0,0,0
746,6.0,6.0,0.0,90,0.778828125,1,0,0,0
747,6.0,6.0,0.0,101,0.77853125,1,0,0,0
748,6.0,6.0,0.0,36,0.778234375,1,0,0,0
749,6.0,6.0,0.0,124,0.7779375,1,0,0,0
750,6.0,6.0,0.0,114,0.777640625,1,0,0,0
751,6.0,6.0,0.0,178,0.77734375,1,0,0,0
752,6.0,6.0,0.0,107,0.777046875,1,0,0,0
753,6.0,6.0,0.0,46,0.77675,1,0,0,0
754,6.0,6.0,0.0,139,0.776453125,1,0,0,0
755,6.0,6.0,0.0,44,0.77615625,1,0,0,0
756,6.0,6.0,0.0,104,0.775859375,1,0,0,0
757,6.0,6.0,0.0,198,0.7755625,1,0,0,0
758,6.0,6.0,0.0,60,0.7752656250000001,1,0,0,0
759,6.0,6.0,0.0,147,0.77496875,1,0,0,0
760,6.0,6.0,0.0,80,0.774671875,1,0,0,0
761,6.0,6.0,0.0,73,0.774375,1,0,0,0
762,6.0,6.0,0.0,80,0.774078125,1,0,0,0
763,6.0,6.0,0.0,105,0.77378125,1,0,0,0
764,6.0,6.0,0.0,67,0.773484375,1,0,0,0
765,6.0,6.0,0.0,33,0.7731875,1,0,0,0
766,6.0,6.0,0.0,53,0.772890625,1,0,0,0
767,6.0,6.0,0.0,39,0.77259375,1,0,0,0
768,6.0,6.0,0.0,69,0.772296875,1,0,0,0
769,6.0,6.0,0.0,72,0.772,1,0,0,0
770,6.0,6.0,0.0,88,0.7717031249999999,1,0,0,0
771,6.0,6.0,0.0,62,0.7714062500000001,1,0,0,0
772,6.0,6.0,0.0,49,0.771109375,1,0,0,0
773,6.0,6.0,0.0,82,0.7708125,1,0,0,0
774,6.0,6.0,0.0,69,0.770515625,1,0,0,0
775,3.0,3.0,0.0,240,0.77021875,0,0,1,0
776,6.0,6.0,0.0,90,0.769921875,1,0,0,0
777,6.0,6.0,0.0,76,0.769625,1,0,0,0
778,6.0,6.0,0.0,120,0.769328125,1,0,0,0
779,6.0,6.0,0.0,50,0.76903125,1,0,0,0
780,6.0,6.0,0.0,115,0.768734375,1,0,0,0
781,6.0,6.0,0.0,168,0.7684375,1,0,0,0
782,6.0,6.0,0.0,72,0.768140625,1,0,0,0
783,6.0,6.0,0.0,110,0.7678437499999999,1,0,0,0
784,6.0,6.0,0.0,44,0.7675468750000001,1,0,0,0
785,6.0,6.0,0.0,78,0.76725,1,0,0,0
786,6.0,6.0,0.0,77,0.766953125,1,0,0,0
787,6.0,6.0,0.0,106,0.76665625,1,0,0,0
788,6.0,6.0,0.0,28,0.766359375,1,0,0,0
789,6.0,6.0,0.0,130,0.7660625,1,0,0,0
790,6.0,6.0,0.0,55,0.765765625,1,0,0,0
791,6.0,6.0,0.0,51,0.76546875,1,0,0,0
792,6.0,6.0,0.0,59,0.7651718750000001,1,0,0,0
793,6.0,6.0,0.0,75,0.764875,1,0,0,0
794,6.0,6.0,0.0,182,0.764578125,1,0,0,0
795,6.0,6.0,0.0,108,0.76428125,1,0,0,0
796,6.0,6.0,0.0,98,0.7639843749999999,1,0,0,0
797,6.0,6.0,0.0,54,0.7636875000000001,1,0,0,0
798,6.0,6.0,0.0,41,0.763390625,1,0,0,0
799,6.0,6.0,0.0,85,0.76309375,1,0,0,0
800,6.0,6.0,0.0,192,0.762796875,1,0,0,0
801,6.0,6.0,0.0,52,0.7625,1,0,0,0
802,6.0,6.0,0.0,59,0.762203125,1,0,0,0
803,6.0,6.0,0.0,47,0.76190625,1,0,0,0
804,6.0,6.0,0.0,96,0.761609375,1,0,0,0
805,6.0,6.0,0.0,111,0.7613125000000001,1,0,0,0
806,6.0,6.0,0.0,47,0.761015625,1,0,0,0
807,6.0,6.0,0.0,100,0.76071875,1,0,0,0
808,6.0,6.0,0.0,77,0.760421875,1,0,0,0
809,6.0,6.0,0.0,64,0.760125,1,0,0,0
810,6.0,6.0,0.0,137,0.7598281250000001,1,0,0,0
811,6.0,6.0,0.0,55,0.75953125,1,0,0,0
812,6.0,6.0,0.0,58,0.759234375,1,0,0,0
813,6.0,6.0,0.0,95,0.7589375,1,0,0,0
814,6.0,6.0,0.0,68,0.758640625,1,0,0,0
815,6.0,6.0,0.0,125,0.75834375,1,0,0,0
816,6.0,6.0,0.0,71,0.758046875,1,0,0,0
817,6.0,6.0,0.0,117,0.75775,1,0,0,0
818,6.0,6.0,0.0,83,0.7574531250000001,1,0,0,0
819,6.0,6.0,0.0,56,0.75715625,1,0,0,0
820,6.0,6.0,0.0,33,0.756859375,1,0,0,0
821,6.0,6.0,0.0,107,0.7565625,1,0,0,0
822,6.0,6.0,0.0,152,0.7562656249999999,1,0,0,0
823,4.0,4.0,0.0,240,0.75596875,0,0,1,0
824,6.0,6.0,0.0,43,0.755671875,1,0,0,0
825,6.0,6.0,0.0,75,0.755375,1,0,0,0
826,6.0,6.0,0.0,105,0.755078125,1,0,0,0
827,6.0,6.0,0.0,119,0.75478125,1,0,0,0
828,6.0,6.0,0.0,40,0.754484375,1,0,0,0
829,6.0,6.0,0.0,53,0.7541875,1,0,0,0
830,6.0,6.0,0.0,85,0.753890625,1,0,0,0
831,6.0,6.0,0.0,86,0.75359375,1,0,0,0
832,6.0,6.0,0.0,192,0.753296875,1,0,0,0
833,6.0,6.0,0.0,40,0.753,1,0,0,0
834,6.0,6.0,0.0,71,0.752703125,1,0,0,0
835,6.0,6.0,0.0,102,0.75240625,1,0,0,0
836,6.0,6.0,0.0,48,0.7521093750000001,1,0,0,0
837,6.0,6.0,0.0,197,0.7518125,1,0,0,0
838,6.0,6.0,0.0,157,0.751515625,1,0,0,0
839,6.0,6.0,0.0,65,0.75121875,1,0,0,0
840,6.0,6.0,0.0,64,0.750921875,1,0,0,0
841,6.0,6.0,0.0,35,0.750625,1,0,0,0
842,6.0,6.0,0.0,104,0.750328125,1,0,0,0
843,6.0,6.0,0.0,136,0.75003125,1,0,0,0
844,6.0,6.0,0.0,78,0.7497343750000001,1,0,0,0
845,6.0,6.0,0.0,61,0.7494375,1,0,0,0
846,6.0,6.0,0.0,37,0.7491406250000001,1,0,0,0
847,6.0,6.0,0.0,61,0.74884375,1,0,0,0
848,6.0,6.0,0.0,61,0.748546875,1,0,0,0
849,6.0,6.0,0.0,88,0.7482500000000001,1,0,0,0
850,6.0,6.0,0.0,86,0.747953125,1,0,0,0
851,6.0,6.0,0.0,66,0.74765625,1,0,0,0
852,6.0,6.0,0.0,33,0.747359375,1,0,0,0
853,6.0,6.0,0.0,55,0.7470625,1,0,0,0
854,6.0,6.0,0.0,75,0.7467656250000001,1,0,0,0
855,6.0,6.0,0.0,66,0.74646875,1,0,0,0
856,6.0,6.0,0.0,143,0.7461718749999999,1,0,0,0
857,6.0,6.0,0.0,91,0.7458750000000001,1,0,0,0
858,6.0,6.0,0.0,52,0.745578125,1,0,0,0
859,6.0,6.0,0.0,49,0.74528125,1,0,0,0
860,6.0,6.0,0.0,95,0.744984375,1,0,0,0
861,5.0,5.0,0.0,240,0.7446875,0,0,1,0
862,6.0,6.0,0.0,156,0.7443906250000001,1,0,0,0
863,6.0,6.0,0.0,110,0.74409375,1,0,0,0
864,6.0,6.0,0.0,78,0.7437968749999999,1,0,0,0
865,6.0,6.0,0.0,73,0.7435,1,0,0,0
866,6.0,6.0,0.0,150,0.743203125,1,0,0,0
867,6.0,6.0,0.0,84,0.74290625,1,0,0,0
868,6.0,6.0,0.0,31,0.742609375,1,0,0,0
869,5.0,5.0,0.0,240,0.7423125,0,0,1,0
870,6.0,6.0,0.0,117,0.7420156250000001,1,0,0,0
871,6.0,6.0,0.0,112,0.74171875,1,0,0,0
872,6.0,6.0,0.0,31,0.741421875,1,0,0,0
873,6.0,6.0,0.0,31,0.741125,1,0,0,0
874,6.0,6.0,0.0,39,0.740828125,1,0,0,0
875,6.0,6.0,0.0,114,0.7405312500000001,1,0,0,0
876,6.0,6.0,0.0,60,0.740234375,1,0,0,0
877,6.0,6.0,0.0,93,0.7399375,1,0,0,0
878,6.0,6.0,0.0,43,0.739640625,1,0,0,0
879,6.0,6.0,0.0,69,0.73934375,1,0,0,0
880,6.0,6.0,0.0,82,0.7390468750000001,1,0,0,0
881,6.0,6.0,0.0,27,0.73875,1,0,0,0
882,6.0,6.0,0.0,110,0.7384531249999999,1,0,0,0
883,6.0,6.0,0.0,47,0.7381562500000001,1,0,0,0
884,6.0,6.0,0.0,73,0.737859375,1,0,0,0
885,6.0,6.0,0.0,35,0.7375625,1,0,0,0
886,6.0,6.0,0.0,69,0.737265625,1,0,0,0
887,6.0,6.0,0.0,126,0.73696875,1,0,0,0
888,6.0,6.0,0.0,52,0.7366718750000001,1,0,0,0
889,6.0,6.0,0.0,112,0.736375,1,0,0,0
890,6.0,6.0,0.0,33,0.7360781249999999,1,0,0,0
891,6.0,6.0,0.0,145,0.73578125,1,0,0,0
892,6.0,6.0,0.0,56,0.735484375,1,0,0,0
893,6.0,6.0,0.0,71,0.7351875,1,0,0,0
894,6.0,6.0,0.0,53,0.734890625,1,0,0,0
895,6.0,6.0,0.0,56,0.73459375,1,0,0,0
896,6.0,6.0,0.0,26,0.7342968750000001,1,0,0,0
897,6.0,6.0,0.0,88,0.734,1,0,0,0
898,6.0,6.0,0.0,69,0.733703125,1,0,0,0
899,6.0,6.0,0.0,112,0.73340625,1,0,0,0
900,6.0,6.0,0.0,66,0.733109375,1,0,0,0
901,6.0,6.0,0.0,75,0.7328125000000001,1,0,0,0
902,6.0,6.0,0.0,43,0.732515625,1,0,0,0
903,6.0,6.0,0.0,109,0.73221875,1,0,0,0
904,6.0,6.0,0.0,113,0.731921875,1,0,0,0
905,6.0,6.0,0.0,86,0.731625,1,0,0,0
906,6.0,6.0,0.0,72,0.731328125,1,0,0,0
907,6.0,6.0,0.0,90,0.73103125,1,0,0,0
908,6.0,6.0,0.0,126,0.7307343749999999,1,0,0,0
909,6.0,6.0,0.0,58,0.7304375000000001,1,0,0,0
910,6.0,6.0,0.0,33,0.730140625,1,0,0,0
911,6.0,6.0,0.0,105,0.72984375,1,0,0,0
912,6.0,6.0,0.0,29,0.729546875,1,0,0,0
913,6.0,6.0,0.0,65,0.72925,1,0,0,0
914,6.0,6.0,0.0,64,0.728953125,1,0,0,0
915,6.0,6.0,0.0,53,0.72865625,1,0,0,0
916,6.0,6.0,0.0,87,0.7283593749999999,1,0,0,0
917,6.0,6.0,0.0,43,0.7280625000000001,1,0,0,0
918,6.0,6.0,0.0,38,0.727765625,1,0,0,0
919,6.0,6.0,0.0,105,0.72746875,1,0,0,0
920,6.0,6.0,0.0,62,0.727171875,1,0,0,0
921,6.0,6.0,0.0,68,0.726875,1,0,0,0
922,6.0,6.0,0.0,72,0.726578125,1,0,0,0
923,6.0,6.0,0.0,44,0.72628125,1,0,0,0
924,6.0,6.0,0.0,85,0.725984375,1,0,0,0
925,6.0,6.0,0.0,79,0.7256875,1,0,0,0
926,6.0,6.0,0.0,84,0.725390625,1,0,0,0
927,6.0,6.0,0.0,59,0.7250937500000001,1,0,0,0
928,6.0,6.0,0.0,39,0.724796875,1,0,0,0
929,6.0,6.0,0.0,115,0.7245,1,0,0,0
930,6.0,6.0,0.0,78,0.7242031250000001,1,0,0,0
931,6.0,6.0,0.0,25,0.72390625,1,0,0,0
932,6.0,6.0,0.0,41,0.723609375,1,0,0,0
933,6.0,6.0,0.0,55,0.7233125,1,0,0,0
934,6.0,6.0,0.0,70,0.7230156249999999,1,0,0,0
935,6.0,6.0,0.0,42,0.7227187500000001,1,0,0,0
936,6.0,6.0,0.0,33,0.722421875,1,0,0,0
937,6.0,6.0,0.0,87,0.722125,1,0,0,0
938,6.0,6.0,0.0,71,0.721828125,1,0,0,0
939,6.0,6.0,0.0,30,0.72153125,1,0,0,0
940,6.0,6.0,0.0,134,0.721234375,1,0,0,0
941,6.0,6.0,0.0,129,0.7209375,1,0,0,0
942,6.0,6.0,0.0,41,0.720640625,1,0,0,0
943,6.0,6.0,0.0,52,0.7203437500000001,1,0,0,0
944,6.0,6.0,0.0,129,0.720046875,1,0,0,0
945,6.0,6.0,0.0,94,0.71975,1,0,0,0
946,6.0,6.0,0.0,71,0.719453125,1,0,0,0
947,6.0,6.0,0.0,57,0.7191562499999999,1,0,0,0
948,6.0,6.0,0.0,26,0.718859375,1,0,0,0
949,6.0,6.0,0.0,107,0.7185625,1,0,0,0
950,6.0,6.0,0.0,54,0.718265625,1,0,0,0
951,6.0,6.0,0.0,29,0.71796875,1,0,0,0
952,6.0,6.0,0.0,38,0.717671875,1,0,0,0
953,6.0,6.0,0.0,70,0.7173750000000001,1,0,0,0
954,6.0,6.0,0.0,61,0.717078125,1,0,0,0
955,6.0,6.0,0.0,61,0.71678125,1,0,0,0
956,6.0,6.0,0.0,57,0.7164843750000001,1,0,0,0
957,6.0,6.0,0.0,26,0.7161875,1,0,0,0
958,6.0,6.0,0.0,45,0.715890625,1,0,0,0
959,6.0,6.0,0.0,79,0.71559375,1,0,0,0
960,6.0,6.0,0.0,79,0.7152968749999999,1,0,0,0
961,6.0,6.0,0.0,194,0.7150000000000001,1,0,0,0
962,6.0,6.0,0.0,38,0.714703125,1,0,0,0
963,6.0,6.0,0.0,51,0.71440625,1,0,0,0
964,6.0,6.0,0.0,57,0.714109375,1,0,0,0
965,6.0,6.0,0.0,33,0.7138125,1,0,0,0
966,6.0,6.0,0.0,44,0.713515625,1,0,0,0
967,6.0,6.0,0.0,120,0.71321875,1,0,0,0
968,6.0,6.0,0.0,39,0.712921875,1,0,0,0
969,6.0,6.0,0.0,72,0.7126250000000001,1,0,0,0
970,6.0,6.0,0.0,50,0.712328125,1,0,0,0
971,6.0,6.0,0.0,69,0.7120312500000001,1,0,0,0
972,6.0,6.0,0.0,54,0.711734375,1,0,0,0
973,6.0,6.0,0.0,43,0.7114375,1,0,0,0
974,6.0,6.0,0.0,128,0.7111406250000001,1,0,0,0
975,6.0,6.0,0.0,51,0.71084375,1,0,0,0
976,6.0,6.0,0.0,67,0.710546875,1,0,0,0
977,6.0,6.0,0.0,71,0.71025,1,0,0,0
978,6.0,6.0,0.0,40,0.709953125,1,0,0,0
979,6.0,6.0,0.0,65,0.7096562500000001,1,0,0,0
980,6.0,6.0,0.0,81,0.709359375,1,0,0,0
981,6.0,6.0,0.0,83,0.7090624999999999,1,0,0,0
982,6.0,6.0,0.0,76,0.7087656250000001,1,0,0,0
983,6.0,6.0,0.0,39,0.70846875,1,0,0,0
984,6.0,6.0,0.0,173,0.708171875,1,0,0,0
985,6.0,6.0,0.0,62,0.707875,1,0,0,0
986,6.0,6.0,0.0,35,0.707578125,1,0,0,0
987,6.0,6.0,0.0,57,0.7072812500000001,1,0,0,0
988,6.0,6.0,0.0,92,0.706984375,1,0,0,0
989,6.0,6.0,0.0,118,0.7066874999999999,1,0,0,0
990,6.0,6.0,0.0,40,0.706390625,1,0,0,0
991,6.0,6.0,0.0,72,0.70609375,1,0,0,0
992,6.0,6.0,0.0,112,0.705796875,1,0,0,0
993,6.0,6.0,0.0,64,0.7055,1,0,0,0
994,6.0,6.0,0.0,50,0.705203125,1,0,0,0
995,6.0,6.0,0.0,83,0.7049062500000001,1,0,0,0
996,6.0,6.0,0.0,103,0.704609375,1,0,0,0
997,6.0,6.0,0.0,52,0.7043125,1,0,0,0
998,6.0,6.0,0.0,82,0.704015625,1,0,0,0
999,6.0,6.0,0.0,37,0.70371875,1,0,0,0
1000,6.0,6.0,0.0,26,0.7034218750000001,1,0,0,0
1001,6.0,6.0,0.0,45,0.703125,1,0,0,0
1002,6.0,6.0,0.0,45,0.702828125,1,0,0,0
1003,6.0,6.0,0.0,73,0.70253125,1,0,0,0
1004,6.0,6.0,0.0,62,0.702234375,1,0,0,0
1005,6.0,6.0,0.0,87,0.7019375000000001,1,0,0,0
1006,6.0,6.0,0.0,46,0.701640625,1,0,0,0
1007,6.0,6.0,0.0,35,0.7013437499999999,1,0,0,0
1008,6.0,6.0,0.0,42,0.7010468750000001,1,0,0,0
1009,6.0,6.0,0.0,45,0.70075,1,0,0,0
1010,6.0,6.0,0.0,75,0.700453125,1,0,0,0
1011,6.0,6.0,0.0,53,0.70015625,1,0,0,0
1012,4.0,4.0,0.0,240,0.699859375,0,0,1,0
1013,6.0,6.0,0.0,39,0.6995625000000001,1,0,0,0
1014,6.0,6.0,0.0,23,0.699265625,1,0,0,0
1015,6.0,6.0,0.0,55,0.6989687499999999,1,0,0,0
1016,6.0,6.0,0.0,136,0.698671875,1,0,0,0
1017,6.0,6.0,0.0,49,0.698375,1,0,0,0
1018,6.0,6.0,0.0,63,0.698078125,1,0,0,0
1019,6.0,6.0,0.0,63,0.69778125,1,0,0,0
1020,6.0,6.0,0.0,69,0.697484375,1,0,0,0
1021,6.0,6.0,0.0,56,0.6971875000000001,1,0,0,0
1022,6.0,6.0,0.0,85,0.696890625,1,0,0,0
1023,6.0,6.0,0.0,111,0.69659375,1,0,0,0
1024,6.0,6.0,0.0,67,0.696296875,1,0,0,0
1025,6.0,6.0,0.0,91,0.696,1,0,0,0
1026,6.0,6.0,0.0,72,0.6957031250000001,1,0,0,0
1027,6.0,6.0,0.0,42,0.69540625,1,0,0,0
1028,6.0,6.0,0.0,104,0.695109375,1,0,0,0
1029,6.0,6.0,0.0,45,0.6948125,1,0,0,0
1030,6.0,6.0,0.0,63,0.694515625,1,0,0,0
1031,6.0,6.0,0.0,85,0.69421875,1,0,0,0
1032,6.0,6.0,0.0,52,0.693921875,1,0,0,0
1033,6.0,6.0,0.0,87,0.6936249999999999,1,0,0,0
1034,6.0,6.0,0.0,75,0.6933281250000001,1,0,0,0
1035,6.0,6.0,0.0,95,0.69303125,1,0,0,0
1036,6.0,6.0,0.0,90,0.692734375,1,0,0,0
1037,6.0,6.0,0.0,75,0.6924375,1,0,0,0
1038,6.0,6.0,0.0,61,0.6921406250000001,1,0,0,0
1039,6.0,6.0,0.0,93,0.69184375,1,0,0,0
1040,6.0,6.0,0.0,43,0.691546875,1,0,0,0
1041,6.0,6.0,0.0,63,0.69125,1,0,0,0
1042,6.0,6.0,0.0,66,0.6909531250000001,1,0,0,0
1043,6.0,6.0,0.0,37,0.69065625,1,0,0,0
1044,6.0,6.0,0.0,87,0.690359375,1,0,0,0
1045,6.0,6.0,0.0,50,0.6900625,1,0,0,0
1046,6.0,6.0,0.0,101,0.689765625,1,0,0,0
1047,6.0,6.0,0.0,115,0.68946875,1,0,0,0
1048,6.0,6.0,0.0,44,0.689171875,1,0,0,0
1049,6.0,6.0,0.0,65,0.688875,1,0,0,0
1050,6.0,6.0,0.0,108,0.688578125,1,0,0,0
1051,6.0,6.0,0.0,50,0.68828125,1,0,0,0
1052,6.0,6.0,0.0,67,0.6879843750000001,1,0,0,0
1053,6.0,6.0,0.0,42,0.6876875,1,0,0,0
1054,6.0,6.0,0.0,31,0.687390625,1,0,0,0
1055,6.0,6.0,0.0,70,0.6870937500000001,1,0,0,0
1056,6.0,6.0,0.0,56,0.686796875,1,0,0,0
1057,6.0,6.0,0.0,48,0.6865,1,0,0,0
1058,6.0,6.0,0.0,77,0.686203125,1,0,0,0
1059,6.0,6.0,0.0,67,0.6859062499999999,1,0,0,0
1060,6.0,6.0,0.0,77,0.6856093750000001,1,0,0,0
1061,6.0,6.0,0.0,80,0.6853125,1,0,0,0
1062,6.0,6.0,0.0,59,0.685015625,1,0,0,0
1063,6.0,6.0,0.0,44,0.68471875,1,0,0,0
1064,6.0,6.0,0.0,32,0.684421875,1,0,0,0
1065,6.0,6.0,0.0,56,0.684125,1,0,0,0
1066,6.0,6.0,0.0,66,0.683828125,1,0,0,0
1067,6.0,6.0,0.0,89,0.68353125,1,0,0,0
1068,6.0,6.0,0.0,125,0.6832343750000001,1,0,0,0
1069,6.0,6.0,0.0,48,0.6829375,1,0,0,0
1070,6.0,6.0,0.0,45,0.6826406250000001,1,0,0,0
1071,6.0,6.0,0.0,70,0.68234375,1,0,0,0
1072,6.0,6.0,0.0,54,0.6820468749999999,1,0,0,0
1073,6.0,6.0,0.0,79,0.6817500000000001,1,0,0,0
1074,6.0,6.0,0.0,44,0.681453125,1,0,0,0
1075,6.0,6.0,0.0,54,0.68115625,1,0,0,0
1076,6.0,6.0,0.0,89,0.680859375,1,0,0,0
1077,6.0,6.0,0.0,57,0.6805625,1,0,0,0
1078,6.0,6.0,0.0,74,0.6802656250000001,1,0,0,0
1079,6.0,6.0,0.0,47,0.67996875,1,0,0,0
1080,6.0,6.0,0.0,60,0.679671875,1,0,0,0
1081,6.0,6.0,0.0,78,0.6793750000000001,1,0,0,0
1082,6.0,6.0,0.0,27,0.679078125,1,0,0,0
1083,6.0,6.0,0.0,70,0.67878125,1,0,0,0
1084,6.0,6.0,0.0,72,0.678484375,1,0,0,0
1085,6.0,6.0,0.0,65,0.6781874999999999,1,0,0,0
1086,6.0,6.0,0.0,43,0.6778906250000001,1,0,0,0
1087,6.0,6.0,0.0,67,0.67759375,1,0,0,0
1088,6.0,6.0,0.0,36,0.677296875,1,0,0,0
1089,6.0,6.0,0.0,51,0.677,1,0,0,0
1090,6.0,6.0,0.0,39,0.676703125,1,0,0,0
1091,6.0,6.0,0.0,85,0.67640625,1,0,0,0
1092,6.0,6.0,0.0,54,0.676109375,1,0,0,0
1093,6.0,6.0,0.0,66,0.6758125,1,0,0,0
1094,6.0,6.0,0.0,24,0.6755156250000001,1,0,0,0
1095,6.0,6.0,0.0,47,0.67521875,1,0,0,0
1096,6.0,6.0,0.0,68,0.6749218750000001,1,0,0,0
1097,6.0,6.0,0.0,77,0.674625,1,0,0,0
1098,6.0,6.0,0.0,89,0.674328125,1,0,0,0
1099,6.0,6.0,0.0,63,0.6740312500000001,1,0,0,0
1100,6.0,6.0,0.0,74,0.673734375,1,0,0,0
1101,6.0,6.0,0.0,66,0.6734375,1,0,0,0
1102,6.0,6.0,0.0,67,0.673140625,1,0,0,0
1103,6.0,6.0,0.0,49,0.67284375,1,0,0,0
1104,6.0,6.0,0.0,63,0.6725468750000001,1,0,0,0
1105,6.0,6.0,0.0,63,0.67225,1,0,0,0
1106,6.0,6.0,0.0,70,0.6719531249999999,1,0,0,0
1107,6.0,6.0,0.0,109,0.6716562500000001,1,0,0,0
1108,6.0,6.0,0.0,57,0.671359375,1,0,0,0
1109,6.0,6.0,0.0,74,0.6710625,1,0,0,0
1110,6.0,6.0,0.0,75,0.670765625,1,0,0,0
1111,6.0,6.0,0.0,45,0.67046875,1,0,0,0
1112,6.0,6.0,0.0,69,0.6701718750000001,1,0,0,0
1113,6.0,6.0,0.0,77,0.669875,1,0,0,0
1114,6.0,6.0,0.0,54,0.6695781249999999,1,0,0,0
1115,6.0,6.0,0.0,59,0.66928125,1,0,0,0
1116,6.0,6.0,0.0,110,0.668984375,1,0,0,0
1117,6.0,6.0,0.0,31,0.6686875,1,0,0,0
1118,6.0,6.0,0.0,83,0.668390625,1,0,0,0
1119,6.0,6.0,0.0,78,0.66809375,1,0,0,0
1120,6.0,6.0,0.0,146,0.6677968750000001,1,0,0,0
1121,6.0,6.0,0.0,40,0.6675,1,0,0,0
1122,6.0,6.0,0.0,58,0.667203125,1,0,0,0
1123,6.0,6.0,0.0,31,0.66690625,1,0,0,0
1124,6.0,6.0,0.0,46,0.666609375,1,0,0,0
1125,6.0,6.0,0.0,90,0.6663125000000001,1,0,0,0
1126,6.0,6.0,0.0,41,0.666015625,1,0,0,0
1127,6.0,6.0,0.0,84,0.66571875,1,0,0,0
1128,6.0,6.0,0.0,53,0.665421875,1,0,0,0
1129,6.0,6.0,0.0,23,0.665125,1,0,0,0
1130,6.0,6.0,0.0,71,0.6648281250000001,1,0,0,0
1131,6.0,6.0,0.0,59,0.66453125,1,0,0,0
1132,6.0,6.0,0.0,111,0.6642343749999999,1,0,0,0
1133,6.0,6.0,0.0,38,0.6639375000000001,1,0,0,0
1134,6.0,6.0,0.0,69,0.663640625,1,0,0,0
1135,6.0,6.0,0.0,27,0.66334375,1,0,0,0
1136,6.0,6.0,0.0,65,0.663046875,1,0,0,0
1137,6.0,6.0,0.0,75,0.66275,1,0,0,0
1138,6.0,6.0,0.0,62,0.6624531250000001,1,0,0,0
1139,6.0,6.0,0.0,41,0.66215625,1,0,0,0
1140,6.0,6.0,0.0,52,0.6618593749999999,1,0,0,0
1141,6.0,6.0,0.0,52,0.6615625,1,0,0,0
1142,6.0,6.0,0.0,57,0.661265625,1,0,0,0
1143,6.0,6.0,0.0,49,0.66096875,1,0,0,0
1144,6.0,6.0,0.0,29,0.660671875,1,0,0,0
1145,6.0,6.0,0.0,121,0.660375,1,0,0,0
1146,6.0,6.0,0.0,68,0.6600781250000001,1,0,0,0
1147,6.0,6.0,0.0,58,0.65978125,1,0,0,0
1148,6.0,6.0,0.0,50,0.659484375,1,0,0,0
1149,6.0,6.0,0.0,51,0.6591875,1,0,0,0
1150,6.0,6.0,0.0,29,0.658890625,1,0,0,0
1151,6.0,6.0,0.0,83,0.6585937500000001,1,0,0,0
1152,6.0,6.0,0.0,54,0.658296875,1,0,0,0
1153,6.0,6.0,0.0,39,0.658,1,0,0,0
1154,6.0,6.0,0.0,57,0.657703125,1,0,0,0
1155,6.0,6.0,0.0,41,0.65740625,1,0,0,0
1156,6.0,6.0,0.0,65,0.657109375,1,0,0,0
1157,6.0,6.0,0.0,23,0.6568125,1,0,0,0
1158,6.0,6.0,0.0,82,0.6565156249999999,1,0,0,0
1159,6.0,6.0,0.0,51,0.6562187500000001,1,0,0,0
1160,6.0,6.0,0.0,117,0.655921875,1,0,0,0
1161,6.0,6.0,0.0,113,0.655625,1,0,0,0
1162,6.0,6.0,0.0,46,0.655328125,1,0,0,0
1163,6.0,6.0,0.0,31,0.6550312500000001,1,0,0,0
1164,6.0,6.0,0.0,91,0.654734375,1,0,0,0
1165,6.0,6.0,0.0,103,0.6544375,1,0,0,0
1166,6.0,6.0,0.0,55,0.654140625,1,0,0,0
1167,6.0,6.0,0.0,97,0.6538437500000001,1,0,0,0
1168,6.0,6.0,0.0,56,0.653546875,1,0,0,0
1169,6.0,6.0,0.0,70,0.65325,1,0,0,0
1170,6.0,6.0,0.0,35,0.652953125,1,0,0,0
1171,6.0,6.0,0.0,46,0.65265625,1,0,0,0
1172,6.0,6.0,0.0,32,0.652359375,1,0,0,0
1173,6.0,6.0,0.0,38,0.6520625,1,0,0,0
1174,6.0,6.0,0.0,53,0.651765625,1,0,0,0
1175,6.0,6.0,0.0,81,0.65146875,1,0,0,0
1176,6.0,6.0,0.0,53,0.651171875,1,0,0,0
1177,6.0,6.0,0.0,75,0.6508750000000001,1,0,0,0
1178,6.0,6.0,0.0,50,0.650578125,1,0,0,0
1179,6.0,6.0,0.0,83,0.65028125,1,0,0,0
1180,6.0,6.0,0.0,110,0.6499843750000001,1,0,0,0
1181,6.0,6.0,0.0,41,0.6496875,1,0,0,0
1182,6.0,6.0,0.0,43,0.649390625,1,0,0,0
1183,6.0,6.0,0.0,72,0.64909375,1,0,0,0
1184,6.0,6.0,0.0,83,0.6487968749999999,1,0,0,0
1185,6.0,6.0,0.0,42,0.6485000000000001,1,0,0,0
1186,6.0,6.0,0.0,58,0.648203125,1,0,0,0
1187,6.0,6.0,0.0,57,0.64790625,1,0,0,0
1188,6.0,6.0,0.0,60,0.647609375,1,0,0,0
1189,6.0,6.0,0.0,85,0.6473125,1,0,0,0
1190,6.0,6.0,0.0,67,0.647015625,1,0,0,0
1191,6.0,6.0,0.0,29,0.64671875,1,0,0,0
1192,6.0,6.0,0.0,58,0.646421875,1,0,0,0
1193,6.0,6.0,0.0,83,0.6461250000000001,1,0,0,0
1194,6.0,6.0,0.0,158,0.645828125,1,0,0,0
1195,6.0,6.0,0.0,121,0.6455312500000001,1,0,0,0
1196,6.0,6.0,0.0,58,0.645234375,1,0,0,0
1197,6.0,6.0,0.0,87,0.6449374999999999,1,0,0,0
1198,6.0,6.0,0.0,36,0.6446406250000001,1,0,0,0
1199,6.0,6.0,0.0,50,0.64434375,1,0,0,0
1200,6.0,6.0,0.0,59,0.644046875,1,0,0,0
1201,6.0,6.0,0.0,59,0.64375,1,0,0,0
1202,6.0,6.0,0.0,58,0.643453125,1,0,0,0
1203,6.0,6.0,0.0,130,0.6431562500000001,1,0,0,0
1204,6.0,6.0,0.0,57,0.642859375,1,0,0,0
1205,6.0,6.0,0.0,106,0.6425625,1,0,0,0
1206,6.0,6.0,0.0,48,0.6422656250000001,1,0,0,0
1207,6.0,6.0,0.0,38,0.64196875,1,0,0,0
1208,6.0,6.0,0.0,50,0.641671875,1,0,0,0
1209,6.0,6.0,0.0,68,0.641375,1,0,0,0
1210,6.0,6.0,0.0,29,0.6410781249999999,1,0,0,0
1211,6.0,6.0,0.0,30,0.6407812500000001,1,0,0,0
1212,6.0,6.0,0.0,41,0.640484375,1,0,0,0
1213,6.0,6.0,0.0,37,0.6401875,1,0,0,0
1214,6.0,6.0,0.0,26,0.639890625,1,0,0,0
1215,6.0,6.0,0.0,56,0.63959375,1,0,0,0
1216,6.0,6.0,0.0,71,0.639296875,1,0,0,0
1217,6.0,6.0,0.0,38,0.639,1,0,0,0
1218,6.0,6.0,0.0,30,0.638703125,1,0,0,0
1219,6.0,6.0,0.0,102,0.6384062500000001,1,0,0,0
1220,6.0,6.0,0.0,59,0.638109375,1,0,0,0
1221,6.0,6.0,0.0,76,0.6378125000000001,1,0,0,0
1222,6.0,6.0,0.0,76,0.637515625,1,0,0,0
1223,6.0,6.0,0.0,74,0.63721875,1,0,0,0
1224,6.0,6.0,0.0,75,0.6369218750000001,1,0,0,0
1225,6.0,6.0,0.0,45,0.636625,1,0,0,0
1226,6.0,6.0,0.0,72,0.636328125,1,0,0,0
1227,6.0,6.0,0.0,75,0.63603125,1,0,0,0
1228,6.0,6.0,0.0,54,0.635734375,1,0,0,0
1229,6.0,6.0,0.0,45,0.6354375000000001,1,0,0,0
1230,6.0,6.0,0.0,58,0.635140625,1,0,0,0
1231,6.0,6.0,0.0,32,0.6348437499999999,1,0,0,0
1232,6.0,6.0,0.0,55,0.6345468750000001,1,0,0,0
1233,6.0,6.0,0.0,90,0.63425,1,0,0,0
1234,6.0,6.0,0.0,41,0.633953125,1,0,0,0
1235,6.0,6.0,0.0,63,0.63365625,1,0,0,0
1236,6.0,6.0,0.0,51,0.633359375,1,0,0,0
1237,6.0,6.0,0.0,46,0.6330625000000001,1,0,0,0
1238,6.0,6.0,0.0,34,0.632765625,1,0,0,0
1239,6.0,6.0,0.0,24,0.6324687499999999,1,0,0,0
1240,6.0,6.0,0.0,75,0.632171875,1,0,0,0
1241,6.0,6.0,0.0,62,0.631875,1,0,0,0
1242,6.0,6.0,0.0,77,0.631578125,1,0,0,0
1243,6.0,6.0,0.0,59,0.63128125,1,0,0,0
1244,6.0,6.0,0.0,35,0.630984375,1,0,0,0
1245,6.0,6.0,0.0,32,0.6306875000000001,1,0,0,0
1246,6.0,6.0,0.0,36,0.630390625,1,0,0,0
1247,6.0,6.0,0.0,58,0.63009375,1,0,0,0
1248,6.0,6.0,0.0,43,0.629796875,1,0,0,0
1249,6.0,6.0,0.0,96,0.6295,1,0,0,0
1250,6.0,6.0,0.0,42,0.6292031250000001,1,0,0,0
1251,6.0,6.0,0.0,34,0.62890625,1,0,0,0
1252,6.0,6.0,0.0,88,0.628609375,1,0,0,0
1253,6.0,6.0,0.0,115,0.6283125,1,0,0,0
1254,6.0,6.0,0.0,68,0.628015625,1,0,0,0
1255,6.0,6.0,0.0,32,0.6277187500000001,1,0,0,0
1256,6.0,6.0,0.0,66,0.627421875,1,0,0,0
1257,6.0,6.0,0.0,65,0.6271249999999999,1,0,0,0
1258,6.0,6.0,0.0,36,0.6268281250000001,1,0,0,0
1259,6.0,6.0,0.0,48,0.62653125,1,0,0,0
1260,6.0,6.0,0.0,48,0.626234375,1,0,0,0
1261,6.0,6.0,0.0,44,0.6259375,1,0,0,0
1262,6.0,6.0,0.0,38,0.6256406250000001,1,0,0,0
1263,6.0,6.0,0.0,50,0.6253437500000001,1,0,0,0
1264,6.0,6.0,0.0,43,0.625046875,1,0,0,0
1265,6.0,6.0,0.0,86,0.62475,1,0,0,0
1266,6.0,6.0,0.0,53,0.624453125,1,0,0,0
1267,6.0,6.0,0.0,35,0.62415625,1,0,0,0
1268,6.0,6.0,0.0,67,0.623859375,1,0,0,0
1269,6.0,6.0,0.0,46,0.6235625,1,0,0,0
1270,6.0,6.0,0.0,35,0.623265625,1,0,0,0
1271,6.0,6.0,0.0,54,0.6229687500000001,1,0,0,0
1272,6.0,6.0,0.0,35,0.622671875,1,0,0,0
1273,6.0,6.0,0.0,41,0.622375,1,0,0,0
1274,6.0,6.0,0.0,42,0.622078125,1,0,0,0
1275,6.0,6.0,0.0,74,0.62178125,1,0,0,0
1276,6.0,6.0,0.0,73,0.6214843750000001,1,0,0,0
1277,6.0,6.0,0.0,56,0.6211875,1,0,0,0
1278,6.0,6.0,0.0,39,0.620890625,1,0,0,0
1279,6.0,6.0,0.0,80,0.62059375,1,0,0,0
1280,6.0,6.0,0.0,72,0.620296875,1,0,0,0
1281,6.0,6.0,0.0,74,0.62,1,0,0,0
1282,6.0,6.0,0.0,83,0.619703125,1,0,0,0
1283,6.0,6.0,0.0,57,0.6194062499999999,1,0,0,0
1284,6.0,6.0,0.0,53,0.6191093750000001,1,0,0,0
1285,6.0,6.0,0.0,39,0.6188125,1,0,0,0
1286,6.0,6.0,0.0,44,0.618515625,1,0,0,0
1287,6.0,6.0,0.0,49,0.61821875,1,0,0,0
1288,6.0,6.0,0.0,90,0.6179218750000001,1,0,0,0
1289,6.0,6.0,0.0,74,0.617625,1,0,0,0
1290,6.0,6.0,0.0,77,0.617328125,1,0,0,0
1291,6.0,6.0,0.0,37,0.61703125,1,0,0,0
1292,6.0,6.0,0.0,57,0.6167343750000001,1,0,0,0
1293,6.0,6.0,0.0,30,0.6164375,1,0,0,0
1294,6.0,6.0,0.0,75,0.6161406250000001,1,0,0,0
1295,6.0,6.0,0.0,55,0.61584375,1,0,0,0
1296,6.0,6.0,0.0,53,0.615546875,1,0,0,0
1297,6.0,6.0,0.0,46,0.6152500000000001,1,0,0,0
1298,6.0,6.0,0.0,101,0.614953125,1,0,0,0
1299,6.0,6.0,0.0,55,0.61465625,1,0,0,0
1300,6.0,6.0,0.0,49,0.614359375,1,0,0,0
1301,6.0,6.0,0.0,39,0.6140625,1,0,0,0
1302,6.0,6.0,0.0,39,0.6137656250000001,1,0,0,0
1303,6.0,6.0,0.0,90,0.61346875,1,0,0,0
1304,6.0,6.0,0.0,57,0.613171875,1,0,0,0
1305,6.0,6.0,0.0,66,0.6128750000000001,1,0,0,0
1306,6.0,6.0,0.0,49,0.612578125,1,0,0,0
1307,6.0,6.0,0.0,85,0.61228125,1,0,0,0
1308,6.0,6.0,0.0,36,0.611984375,1,0,0,0
1309,6.0,6.0,0.0,41,0.6116874999999999,1,0,0,0
1310,6.0,6.0,0.0,56,0.6113906250000001,1,0,0,0
1311,6.0,6.0,0.0,39,0.61109375,1,0,0,0
1312,6.0,6.0,0.0,48,0.610796875,1,0,0,0
1313,6.0,6.0,0.0,42,0.6105,1,0,0,0
1314,6.0,6.0,0.0,56,0.610203125,1,0,0,0
1315,6.0,6.0,0.0,60,0.60990625,1,0,0,0
1316,6.0,6.0,0.0,38,0.609609375,1,0,0,0
1317,6.0,6.0,0.0,52,0.6093125,1,0,0,0
1318,6.0,6.0,0.0,69,0.6090156250000001,1,0,0,0
1319,6.0,6.0,0.0,57,0.60871875,1,0,0,0
1320,6.0,6.0,0.0,44,0.6084218750000001,1,0,0,0
1321,6.0,6.0,0.0,57,0.608125,1,0,0,0
1322,6.0,6.0,0.0,60,0.6078281249999999,1,0,0,0
1323,6.0,6.0,0.0,44,0.6075312500000001,1,0,0,0
1324,6.0,6.0,0.0,38,0.607234375,1,0,0,0
1325,6.0,6.0,0.0,43,0.6069375,1,0,0,0
1326,6.0,6.0,0.0,39,0.606640625,1,0,0,0
1327,6.0,6.0,0.0,42,0.60634375,1,0,0,0
1328,6.0,6.0,0.0,41,0.6060468750000001,1,0,0,0
1329,6.0,6.0,0.0,38,0.60575,1,0,0,0
1330,6.0,6.0,0.0,44,0.605453125,1,0,0,0
1331,6.0,6.0,0.0,42,0.6051562500000001,1,0,0,0
1332,6.0,6.0,0.0,37,0.604859375,1,0,0,0
1333,6.0,6.0,0.0,28,0.6045625,1,0,0,0
1334,6.0,6.0,0.0,44,0.604265625,1,0,0,0
1335,6.0,6.0,0.0,72,0.6039687499999999,1,0,0,0
1336,6.0,6.0,0.0,54,0.6036718750000001,1,0,0,0
1337,6.0,6.0,0.0,53,0.603375,1,0,0,0
1338,6.0,6.0,0.0,43,0.603078125,1,0,0,0
1339,6.0,6.0,0.0,58,0.60278125,1,0,0,0
1340,6.0,6.0,0.0,48,0.602484375,1,0,0,0
1341,6.0,6.0,0.0,47,0.6021875,1,0,0,0
1342,6.0,6.0,0.0,47,0.601890625,1,0,0,0
1343,6.0,6.0,0.0,30,0.60159375,1,0,0,0
1344,6.0,6.0,0.0,48,0.6012968750000001,1,0,0,0
1345,6.0,6.0,0.0,40,0.601,1,0,0,0
1346,6.0,6.0,0.0,39,0.6007031250000001,1,0,0,0
1347,6.0,6.0,0.0,37,0.60040625,1,0,0,0
1348,6.0,6.0,0.0,53,0.600109375,1,0,0,0
1349,6.0,6.0,0.0,108,0.5998125000000001,1,0,0,0
1350,6.0,6.0,0.0,35,0.599515625,1,0,0,0
1351,6.0,6.0,0.0,42,0.59921875,1,0,0,0
1352,6.0,6.0,0.0,53,0.598921875,1,0,0,0
1353,6.0,6.0,0.0,41,0.598625,1,0,0,0
1354,6.0,6.0,0.0,31,0.5983281250000001,1,0,0,0
1355,6.0,6.0,0.0,46,0.59803125,1,0,0,0
1356,6.0,6.0,0.0,43,0.5977343749999999,1,0,0,0
1357,6.0,6.0,0.0,48,0.5974375000000001,1,0,0,0
1358,6.0,6.0,0.0,59,0.597140625,1,0,0,0
1359,6.0,6.0,0.0,41,0.59684375,1,0,0,0
1360,6.0,6.0,0.0,42,0.596546875,1,0,0,0
1361,6.0,6.0,0.0,59,0.59625,1,0,0,0
1362,6.0,6.0,0.0,75,0.5959531250000001,1,0,0,0
1363,6.0,6.0,0.0,58,0.59565625,1,0,0,0
1364,6.0,6.0,0.0,39,0.5953593749999999,1,0,0,0
1365,6.0,6.0,0.0,23,0.5950625,1,0,0,0
1366,6.0,6.0,0.0,45,0.594765625,1,0,0,0
1367,6.0,6.0,0.0,51,0.59446875,1,0,0,0
1368,6.0,6.0,0.0,61,0.594171875,1,0,0,0
1369,6.0,6.0,0.0,51,0.593875,1,0,0,0
1370,6.0,6.0,0.0,69,0.5935781250000001,1,0,0,0
1371,6.0,6.0,0.0,26,0.59328125,1,0,0,0
1372,6.0,6.0,0.0,64,0.592984375,1,0,0,0
1373,6.0,6.0,0.0,68,0.5926875,1,0,0,0
1374,6.0,6.0,0.0,25,0.592390625,1,0,0,0
1375,6.0,6.0,0.0,79,0.5920937500000001,1,0,0,0
1376,6.0,6.0,0.0,56,0.591796875,1,0,0,0
1377,6.0,6.0,0.0,62,0.5915,1,0,0,0
1378,6.0,6.0,0.0,60,0.591203125,1,0,0,0
1379,6.0,6.0,0.0,67,0.59090625,1,0,0,0
1380,6.0,6.0,0.0,73,0.5906093750000001,1,0,0,0
1381,6.0,6.0,0.0,43,0.5903125,1,0,0,0
1382,6.0,6.0,0.0,37,0.5900156249999999,1,0,0,0
1383,6.0,6.0,0.0,38,0.5897187500000001,1,0,0,0
1384,6.0,6.0,0.0,44,0.589421875,1,0,0,0
1385,6.0,6.0,0.0,50,0.589125,1,0,0,0
1386,6.0,6.0,0.0,48,0.588828125,1,0,0,0
1387,6.0,6.0,0.0,23,0.5885312500000001,1,0,0,0
1388,6.0,6.0,0.0,28,0.5882343750000001,1,0,0,0
1389,6.0,6.0,0.0,49,0.5879375,1,0,0,0
1390,6.0,6.0,0.0,30,0.587640625,1,0,0,0
1391,6.0,6.0,0.0,45,0.58734375,1,0,0,0
1392,6.0,6.0,0.0,31,0.587046875,1,0,0,0
1393,6.0,6.0,0.0,49,0.58675,1,0,0,0
1394,6.0,6.0,0.0,28,0.586453125,1,0,0,0
1395,6.0,6.0,0.0,42,0.58615625,1,0,0,0
1396,6.0,6.0,0.0,27,0.5858593750000001,1,0,0,0
1397,6.0,6.0,0.0,63,0.5855625,1,0,0,0
1398,6.0,6.0,0.0,38,0.585265625,1,0,0,0
1399,6.0,6.0,0.0,55,0.58496875,1,0,0,0
1400,6.0,6.0,0.0,55,0.584671875,1,0,0,0
1401,6.0,6.0,0.0,36,0.5843750000000001,1,0,0,0
1402,6.0,6.0,0.0,60,0.584078125,1,0,0,0
1403,6.0,6.0,0.0,102,0.58378125,1,0,0,0
1404,6.0,6.0,0.0,52,0.583484375,1,0,0,0
1405,6.0,6.0,0.0,31,0.5831875,1,0,0,0
1406,6.0,6.0,0.0,85,0.582890625,1,0,0,0
1407,6.0,6.0,0.0,51,0.58259375,1,0,0,0
1408,6.0,6.0,0.0,33,0.5822968749999999,1,0,0,0
1409,6.0,6.0,0.0,101,0.5820000000000001,1,0,0,0
1410,6.0,6.0,0.0,24,0.581703125,1,0,0,0
1411,6.0,6.0,0.0,49,0.58140625,1,0,0,0
1412,6.0,6.0,0.0,69,0.581109375,1,0,0,0
1413,6.0,6.0,0.0,50,0.5808125000000001,1,0,0,0
1414,6.0,6.0,0.0,32,0.580515625,1,0,0,0
1415,6.0,6.0,0.0,50,0.58021875,1,0,0,0
1416,6.0,6.0,0.0,26,0.579921875,1,0,0,0
1417,6.0,6.0,0.0,31,0.5796250000000001,1,0,0,0
1418,6.0,6.0,0.0,77,0.579328125,1,0,0,0
1419,6.0,6.0,0.0,24,0.5790312500000001,1,0,0,0
1420,6.0,6.0,0.0,44,0.578734375,1,0,0,0
1421,6.0,6.0,0.0,69,0.5784375,1,0,0,0
1422,6.0,6.0,0.0,36,0.5781406250000001,1,0,0,0
1423,6.0,6.0,0.0,94,0.57784375,1,0,0,0
1424,6.0,6.0,0.0,42,0.577546875,1,0,0,0
1425,6.0,6.0,0.0,39,0.57725,1,0,0,0
1426,6.0,6.0,0.0,25,0.576953125,1,0,0,0
1427,6.0,6.0,0.0,49,0.5766562500000001,1,0,0,0
1428,6.0,6.0,0.0,50,0.576359375,1,0,0,0
1429,6.0,6.0,0.0,47,0.5760625,1,0,0,0
1430,6.0,6.0,0.0,40,0.5757656250000001,1,0,0,0
1431,6.0,6.0,0.0,52,0.57546875,1,0,0,0
1432,6.0,6.0,0.0,35,0.575171875,1,0,0,0
1433,6.0,6.0,0.0,73,0.574875,1,0,0,0
1434,6.0,6.0,0.0,43,0.5745781249999999,1,0,0,0
1435,6.0,6.0,0.0,49,0.5742812500000001,1,0,0,0
1436,6.0,6.0,0.0,25,0.573984375,1,0,0,0
1437,6.0,6.0,0.0,45,0.5736875,1,0,0,0
1438,6.0,6.0,0.0,30,0.573390625,1,0,0,0
1439,6.0,6.0,0.0,54,0.57309375,1,0,0,0
1440,6.0,6.0,0.0,44,0.572796875,1,0,0,0
1441,6.0,6.0,0.0,54,0.5725,1,0,0,0
1442,6.0,6.0,0.0,56,0.572203125,1,0,0,0
1443,6.0,6.0,0.0,37,0.5719062500000001,1,0,0,0
1444,6.0,6.0,0.0,39,0.571609375,1,0,0,0
1445,6.0,6.0,0.0,75,0.5713125000000001,1,0,0,0
1446,6.0,6.0,0.0,32,0.571015625,1,0,0,0
1447,6.0,6.0,0.0,66,0.5707187499999999,1,0,0,0
1448,6.0,6.0,0.0,88,0.5704218750000001,1,0,0,0
1449,6.0,6.0,0.0,31,0.570125,1,0,0,0
1450,6.0,6.0,0.0,53,0.569828125,1,0,0,0
1451,6.0,6.0,0.0,36,0.56953125,1,0,0,0
1452,6.0,6.0,0.0,44,0.569234375,1,0,0,0
1453,6.0,6.0,0.0,52,0.5689375000000001,1,0,0,0
1454,6.0,6.0,0.0,47,0.568640625,1,0,0,0
1455,6.0,6.0,0.0,33,0.56834375,1,0,0,0
1456,6.0,6.0,0.0,28,0.5680468750000001,1,0,0,0
1457,6.0,6.0,0.0,66,0.56775,1,0,0,0
1458,6.0,6.0,0.0,31,0.567453125,1,0,0,0
1459,6.0,6.0,0.0,42,0.56715625,1,0,0,0
1460,6.0,6.0,0.0,51,0.5668593749999999,1,0,0,0
1461,6.0,6.0,0.0,75,0.5665625000000001,1,0,0,0
1462,6.0,6.0,0.0,42,0.566265625,1,0,0,0
1463,6.0,6.0,0.0,60,0.56596875,1,0,0,0
1464,6.0,6.0,0.0,44,0.565671875,1,0,0,0
1465,6.0,6.0,0.0,41,0.565375,1,0,0,0
1466,6.0,6.0,0.0,17,0.565078125,1,0,0,0
1467,6.0,6.0,0.0,35,0.56478125,1,0,0,0
1468,6.0,6.0,0.0,28,0.564484375,1,0,0,0
1469,6.0,6.0,0.0,31,0.5641875000000001,1,0,0,0
1470,6.0,6.0,0.0,26,0.563890625,1,0,0,0
1471,6.0,6.0,0.0,64,0.5635937500000001,1,0,0,0
1472,6.0,6.0,0.0,70,0.563296875,1,0,0,0
1473,6.0,6.0,0.0,71,0.563,1,0,0,0
1474,6.0,6.0,0.0,30,0.5627031250000001,1,0,0,0
1475,6.0,6.0,0.0,75,0.56240625,1,0,0,0
1476,6.0,6.0,0.0,35,0.562109375,1,0,0,0
1477,6.0,6.0,0.0,23,0.5618125,1,0,0,0
1478,6.0,6.0,0.0,47,0.561515625,1,0,0,0
1479,6.0,6.0,0.0,37,0.5612187500000001,1,0,0,0
1480,6.0,6.0,0.0,40,0.560921875,1,0,0,0
1481,6.0,6.0,0.0,57,0.5606249999999999,1,0,0,0
1482,6.0,6.0,0.0,36,0.5603281250000001,1,0,0,0
1483,6.0,6.0,0.0,36,0.56003125,1,0,0,0
1484,6.0,6.0,0.0,52,0.559734375,1,0,0,0
1485,6.0,6.0,0.0,46,0.5594375,1,0,0,0
1486,6.0,6.0,0.0,32,0.5591406250000001,1,0,0,0
1487,6.0,6.0,0.0,36,0.5588437500000001,1,0,0,0
1488,6.0,6.0,0.0,77,0.558546875,1,0,0,0
1489,6.0,6.0,0.0,26,0.55825,1,0,0,0
1490,6.0,6.0,0.0,56,0.557953125,1,0,0,0
1491,6.0,6.0,0.0,49,0.55765625,1,0,0,0
1492,6.0,6.0,0.0,26,0.557359375,1,0,0,0
1493,6.0,6.0,0.0,42,0.5570625,1,0,0,0
1494,6.0,6.0,0.0,51,0.556765625,1,0,0,0
1495,6.0,6.0,0.0,69,0.5564687500000001,1,0,0,0
1496,6.0,6.0,0.0,57,0.556171875,1,0,0,0
1497,6.0,6.0,0.0,43,0.555875,1,0,0,0
1498,6.0,6.0,0.0,43,0.555578125,1,0,0,0
1499,6.0,6.0,0.0,52,0.55528125,1,0,0,0
1500,6.0,6.0,0.0,42,0.5549843750000001,1,0,0,0
1501,6.0,6.0,0.0,31,0.5546875,1,0,0,0
1502,6.0,6.0,0.0,40,0.554390625,1,0,0,0
1503,6.0,6.0,0.0,52,0.55409375,1,0,0,0
1504,6.0,6.0,0.0,47,0.553796875,1,0,0,0
1505,6.0,6.0,0.0,56,0.5535000000000001,1,0,0,0
1506,6.0,6.0,0.0,37,0.553203125,1,0,0,0
1507,6.0,6.0,0.0,74,0.5529062499999999,1,0,0,0
1508,6.0,6.0,0.0,95,0.5526093750000001,1,0,0,0
1509,6.0,6.0,0.0,28,0.5523125,1,0,0,0
1510,6.0,6.0,0.0,42,0.552015625,1,0,0,0
1511,6.0,6.0,0.0,26,0.55171875,1,0,0,0
1512,6.0,6.0,0.0,98,0.5514218750000001,1,0,0,0
1513,6.0,6.0,0.0,19,0.5511250000000001,1,0,0,0
1514,6.0,6.0,0.0,43,0.550828125,1,0,0,0
1515,6.0,6.0,0.0,42,0.55053125,1,0,0,0
1516,6.0,6.0,0.0,31,0.550234375,1,0,0,0
1517,6.0,6.0,0.0,34,0.5499375,1,0,0,0
1518,6.0,6.0,0.0,45,0.5496406250000001,1,0,0,0
1519,6.0,6.0,0.0,68,0.54934375,1,0,0,0
1520,6.0,6.0,0.0,25,0.549046875,1,0,0,0
1521,6.0,6.0,0.0,64,0.5487500000000001,1,0,0,0
1522,6.0,6.0,0.0,29,0.548453125,1,0,0,0
1523,6.0,6.0,0.0,22,0.54815625,1,0,0,0
1524,6.0,6.0,0.0,36,0.547859375,1,0,0,0
1525,6.0,6.0,0.0,30,0.5475625,1,0,0,0
1526,6.0,6.0,0.0,34,0.5472656250000001,1,0,0,0
1527,6.0,6.0,0.0,53,0.54696875,1,0,0,0
1528,6.0,6.0,0.0,41,0.546671875,1,0,0,0
1529,6.0,6.0,0.0,46,0.546375,1,0,0,0
1530,6.0,6.0,0.0,27,0.546078125,1,0,0,0
1531,6.0,6.0,0.0,34,0.54578125,1,0,0,0
1532,6.0,6.0,0.0,37,0.545484375,1,0,0,0
1533,6.0,6.0,0.0,75,0.5451874999999999,1,0,0,0
1534,6.0,6.0,0.0,36,0.5448906250000001,1,0,0,0
1535,6.0,6.0,0.0,50,0.54459375,1,0,0,0
1536,6.0,6.0,0.0,49,0.544296875,1,0,0,0
1537,6.0,6.0,0.0,38,0.544,1,0,0,0
1538,6.0,6.0,0.0,53,0.5437031250000001,1,0,0,0
1539,6.0,6.0,0.0,60,0.54340625,1,0,0,0
1540,6.0,6.0,0.0,52,0.543109375,1,0,0,0
1541,6.0,6.0,0.0,30,0.5428125,1,0,0,0
1542,6.0,6.0,0.0,29,0.5425156250000001,1,0,0,0
1543,6.0,6.0,0.0,35,0.54221875,1,0,0,0
1544,6.0,6.0,0.0,38,0.5419218750000001,1,0,0,0
1545,6.0,6.0,0.0,33,0.541625,1,0,0,0
1546,6.0,6.0,0.0,31,0.541328125,1,0,0,0
1547,6.0,6.0,0.0,53,0.5410312500000001,1,0,0,0
1548,6.0,6.0,0.0,36,0.540734375,1,0,0,0
1549,6.0,6.0,0.0,31,0.5404375,1,0,0,0
1550,6.0,6.0,0.0,49,0.540140625,1,0,0,0
1551,6.0,6.0,0.0,50,0.53984375,1,0,0,0
1552,6.0,6.0,0.0,49,0.5395468750000001,1,0,0,0
1553,6.0,6.0,0.0,51,0.53925,1,0,0,0
1554,6.0,6.0,0.0,41,0.538953125,1,0,0,0
1555,6.0,6.0,0.0,39,0.5386562500000001,1,0,0,0
1556,6.0,6.0,0.0,39,0.538359375,1,0,0,0
1557,6.0,6.0,0.0,20,0.5380625,1,0,0,0
1558,6.0,6.0,0.0,49,0.537765625,1,0,0,0
1559,6.0,6.0,0.0,36,0.5374687499999999,1,0,0,0
1560,6.0,6.0,0.0,25,0.5371718750000001,1,0,0,0
1561,6.0,6.0,0.0,21,0.536875,1,0,0,0
1562,6.0,6.0,0.0,33,0.536578125,1,0,0,0
1563,6.0,6.0,0.0,37,0.53628125,1,0,0,0
1564,6.0,6.0,0.0,41,0.535984375,1,0,0,0
1565,6.0,6.0,0.0,31,0.5356875,1,0,0,0
1566,6.0,6.0,0.0,30,0.535390625,1,0,0,0
1567,6.0,6.0,0.0,55,0.53509375,1,0,0,0
1568,6.0,6.0,0.0,54,0.5347968750000001,1,0,0,0
1569,6.0,6.0,0.0,25,0.5345,1,0,0,0
1570,6.0,6.0,0.0,31,0.5342031250000001,1,0,0,0
1571,6.0,6.0,0.0,36,0.53390625,1,0,0,0
1572,6.0,6.0,0.0,39,0.5336093749999999,1,0,0,0
1573,6.0,6.0,0.0,54,0.5333125000000001,1,0,0,0
1574,6.0,6.0,0.0,38,0.533015625,1,0,0,0
1575,6.0,6.0,0.0,60,0.53271875,1,0,0,0
1576,6.0,6.0,0.0,33,0.532421875,1,0,0,0
1577,6.0,6.0,0.0,34,0.532125,1,0,0,0
1578,6.0,6.0,0.0,42,0.5318281250000001,1,0,0,0
1579,6.0,6.0,0.0,39,0.53153125,1,0,0,0
1580,6.0,6.0,0.0,34,0.531234375,1,0,0,0
1581,6.0,6.0,0.0,40,0.5309375000000001,1,0,0,0
1582,6.0,6.0,0.0,59,0.530640625,1,0,0,0
1583,6.0,6.0,0.0,31,0.53034375,1,0,0,0
1584,6.0,6.0,0.0,32,0.530046875,1,0,0,0
1585,6.0,6.0,0.0,36,0.5297499999999999,1,0,0,0
1586,6.0,6.0,0.0,43,0.5294531250000001,1,0,0,0
1587,6.0,6.0,0.0,38,0.52915625,1,0,0,0
1588,6.0,6.0,0.0,23,0.528859375,1,0,0,0
1589,6.0,6.0,0.0,31,0.5285625,1,0,0,0
1590,6.0,6.0,0.0,43,0.528265625,1,0,0,0
1591,6.0,6.0,0.0,30,0.52796875,1,0,0,0
1592,6.0,6.0,0.0,20,0.527671875,1,0,0,0
1593,6.0,6.0,0.0,31,0.527375,1,0,0,0
1594,6.0,6.0,0.0,44,0.5270781250000001,1,0,0,0
1595,6.0,6.0,0.0,37,0.52678125,1,0,0,0
1596,6.0,6.0,0.0,25,0.5264843750000001,1,0,0,0
1597,6.0,6.0,0.0,54,0.5261875,1,0,0,0
1598,6.0,6.0,0.0,43,0.525890625,1,0,0,0
1599,6.0,6.0,0.0,61,0.5255937500000001,1,0,0,0
1600,6.0,6.0,0.0,35,0.525296875,1,0,0,0
1601,6.0,6.0,0.0,35,0.525,1,0,0,0
1602,6.0,6.0,0.0,45,0.524703125,1,0,0,0
1603,6.0,6.0,0.0,59,0.52440625,1,0,0,0
1604,6.0,6.0,0.0,33,0.524109375,1,0,0,0
1605,6.0,6.0,0.0,33,0.5238125,1,0,0,0
1606,6.0,6.0,0.0,40,0.5235156249999999,1,0,0,0
1607,6.0,6.0,0.0,52,0.5232187500000001,1,0,0,0
1608,6.0,6.0,0.0,37,0.522921875,1,0,0,0
1609,6.0,6.0,0.0,47,0.5226250000000001,1,0,0,0
1610,6.0,6.0,0.0,37,0.522328125,1,0,0,0
1611,6.0,6.0,0.0,51,0.52203125,1,0,0,0
1612,6.0,6.0,0.0,41,0.5217343750000001,1,0,0,0
1613,6.0,6.0,0.0,54,0.5214375,1,0,0,0
1614,6.0,6.0,0.0,44,0.5211406250000001,1,0,0,0
1615,6.0,6.0,0.0,49,0.52084375,1,0,0,0
1616,6.0,6.0,0.0,49,0.5205468750000001,1,0,0,0
1617,6.0,6.0,0.0,53,0.5202500000000001,1,0,0,0
1618,6.0,6.0,0.0,63,0.519953125,1,0,0,0
1619,6.0,6.0,0.0,32,0.51965625,1,0,0,0
1620,6.0,6.0,0.0,36,0.5193593750000001,1,0,0,0
1621,6.0,6.0,0.0,28,0.5190625,1,0,0,0
1622,6.0,6.0,0.0,58,0.518765625,1,0,0,0
1623,6.0,6.0,0.0,50,0.51846875,1,0,0,0
1624,6.0,6.0,0.0,49,0.518171875,1,0,0,0
1625,6.0,6.0,0.0,39,0.5178750000000001,1,0,0,0
1626,6.0,6.0,0.0,38,0.517578125,1,0,0,0
1627,6.0,6.0,0.0,56,0.5172812499999999,1,0,0,0
1628,6.0,6.0,0.0,57,0.516984375,1,0,0,0
1629,6.0,6.0,0.0,31,0.5166875,1,0,0,0
1630,6.0,6.0,0.0,24,0.5163906250000001,1,0,0,0
1631,6.0,6.0,0.0,27,0.51609375,1,0,0,0
1632,6.0,6.0,0.0,20,0.515796875,1,0,0,0
1633,6.0,6.0,0.0,38,0.5155000000000001,1,0,0,0
1634,6.0,6.0,0.0,54,0.5152031250000001,1,0,0,0
1635,6.0,6.0,0.0,46,0.51490625,1,0,0,0
1636,6.0,6.0,0.0,32,0.514609375,1,0,0,0
1637,6.0,6.0,0.0,19,0.5143125000000001,1,0,0,0
1638,6.0,6.0,0.0,53,0.514015625,1,0,0,0
1639,6.0,6.0,0.0,48,0.51371875,1,0,0,0
1640,6.0,6.0,0.0,35,0.513421875,1,0,0,0
1641,6.0,6.0,0.0,32,0.513125,1,0,0,0
1642,6.0,6.0,0.0,65,0.512828125,1,0,0,0
1643,6.0,6.0,0.0,60,0.51253125,1,0,0,0
1644,6.0,6.0,0.0,29,0.512234375,1,0,0,0
1645,6.0,6.0,0.0,49,0.5119374999999999,1,0,0,0
1646,6.0,6.0,0.0,38,0.5116406250000001,1,0,0,0
1647,6.0,6.0,0.0,36,0.51134375,1,0,0,0
1648,6.0,6.0,0.0,23,0.5110468750000001,1,0,0,0
1649,6.0,6.0,0.0,47,0.51075,1,0,0,0
1650,6.0,6.0,0.0,26,0.5104531250000001,1,0,0,0
1651,6.0,6.0,0.0,21,0.5101562500000001,1,0,0,0
1652,6.0,6.0,0.0,17,0.509859375,1,0,0,0
1653,6.0,6.0,0.0,51,0.5095625,1,0,0,0
1654,6.0,6.0,0.0,51,0.509265625,1,0,0,0
1655,6.0,6.0,0.0,64,0.50896875,1,0,0,0
1656,6.0,6.0,0.0,35,0.508671875,1,0,0,0
1657,6.0,6.0,0.0,63,0.508375,1,0,0,0
1658,6.0,6.0,0.0,47,0.5080781249999999,1,0,0,0
1659,6.0,6.0,0.0,43,0.5077812500000001,1,0,0,0
1660,6.0,6.0,0.0,49,0.507484375,1,0,0,0
1661,6.0,6.0,0.0,50,0.5071874999999999,1,0,0,0
1662,6.0,6.0,0.0,45,0.506890625,1,0,0,0
1663,6.0,6.0,0.0,38,0.50659375,1,0,0,0
1664,6.0,6.0,0.0,34,0.5062968750000001,1,0,0,0
1665,6.0,6.0,0.0,64,0.506,1,0,0,0
1666,6.0,6.0,0.0,31,0.5057031250000001,1,0,0,0
1667,6.0,6.0,0.0,23,0.5054062500000001,1,0,0,0
1668,6.0,6.0,0.0,36,0.505109375,1,0,0,0
1669,6.0,6.0,0.0,50,0.5048125000000001,1,0,0,0
1670,6.0,6.0,0.0,62,0.504515625,1,0,0,0
1671,6.0,6.0,0.0,23,0.50421875,1,0,0,0
1672,6.0,6.0,0.0,33,0.5039218750000001,1,0,0,0
1673,6.0,6.0,0.0,42,0.503625,1,0,0,0
1674,6.0,6.0,0.0,28,0.503328125,1,0,0,0
1675,6.0,6.0,0.0,27,0.50303125,1,0,0,0
1676,6.0,6.0,0.0,38,0.502734375,1,0,0,0
1677,6.0,6.0,0.0,56,0.5024375,1,0,0,0
1678,6.0,6.0,0.0,41,0.502140625,1,0,0,0
1679,6.0,6.0,0.0,35,0.5018437499999999,1,0,0,0
1680,6.0,6.0,0.0,26,0.5015468750000001,1,0,0,0
1681,6.0,6.0,0.0,28,0.50125,1,0,0,0
1682,6.0,6.0,0.0,82,0.5009531250000001,1,0,0,0
1683,6.0,6.0,0.0,70,0.50065625,1,0,0,0
1684,6.0,6.0,0.0,25,0.500359375,1,0,0,0
1685,6.0,6.0,0.0,25,0.5000625000000001,1,0,0,0
1686,6.0,6.0,0.0,40,0.499765625,1,0,0,0
1687,6.0,6.0,0.0,22,0.49946875,1,0,0,0
1688,6.0,6.0,0.0,38,0.49917187500000004,1,0,0,0
1689,6.0,6.0,0.0,43,0.49887500000000007,1,0,0,0
1690,6.0,6.0,0.0,25,0.498578125,1,0,0,0
1691,6.0,6.0,0.0,40,0.4982812500000001,1,0,0,0
1692,6.0,6.0,0.0,42,0.49798437500000003,1,0,0,0
1693,6.0,6.0,0.0,46,0.49768749999999995,1,0,0,0
1694,6.0,6.0,0.0,29,0.4973906250000001,1,0,0,0
1695,6.0,6.0,0.0,43,0.49709375,1,0,0,0
1696,6.0,6.0,0.0,37,0.496796875,1,0,0,0
1697,6.0,6.0,0.0,41,0.49650000000000005,1,0,0,0
1698,6.0,6.0,0.0,48,0.4962031250000001,1,0,0,0
1699,6.0,6.0,0.0,39,0.49590625,1,0,0,0
1700,6.0,6.0,0.0,37,0.495609375,1,0,0,0
1701,6.0,6.0,0.0,33,0.49531250000000004,1,0,0,0
1702,6.0,6.0,0.0,38,0.49501562499999996,1,0,0,0
1703,6.0,6.0,0.0,36,0.49471875,1,0,0,0
1704,6.0,6.0,0.0,39,0.494421875,1,0,0,0
1705,6.0,6.0,0.0,48,0.49412500000000004,1,0,0,0
1706,6.0,6.0,0.0,25,0.49382812499999995,1,0,0,0
1707,6.0,6.0,0.0,21,0.4935312500000001,1,0,0,0
1708,6.0,6.0,0.0,36,0.493234375,1,0,0,0
1709,6.0,6.0,0.0,31,0.49293750000000003,1,0,0,0
1710,6.0,6.0,0.0,43,0.49264062500000005,1,0,0,0
1711,6.0,6.0,0.0,45,0.49234374999999997,1,0,0,0
1712,6.0,6.0,0.0,86,0.492046875,1,0,0,0
1713,6.0,6.0,0.0,33,0.49175,1,0,0,0
1714,6.0,6.0,0.0,65,0.49145312500000005,1,0,0,0
1715,6.0,6.0,0.0,37,0.49115624999999996,1,0,0,0
1716,6.0,6.0,0.0,73,0.4908593750000001,1,0,0,0
1717,6.0,6.0,0.0,71,0.4905625,1,0,0,0
1718,6.0,6.0,0.0,32,0.4902656249999999,1,0,0,0
1719,6.0,6.0,0.0,40,0.48996875000000006,1,0,0,0
1720,6.0,6.0,0.0,43,0.489671875,1,0,0,0
1721,6.0,6.0,0.0,28,0.489375,1,0,0,0
1722,6.0,6.0,0.0,68,0.48907812500000003,1,0,0,0
1723,6.0,6.0,0.0,21,0.48878125000000006,1,0,0,0
1724,6.0,6.0,0.0,55,0.48848437499999997,1,0,0,0
1725,6.0,6.0,0.0,25,0.4881875000000001,1,0,0,0
1726,6.0,6.0,0.0,34,0.487890625,1,0,0,0
1727,6.0,6.0,0.0,33,0.48759374999999994,1,0,0,0
1728,6.0,6.0,0.0,30,0.4872968750000001,1,0,0,0
1729,6.0,6.0,0.0,28,0.487,1,0,0,0
1730,6.0,6.0,0.0,37,0.486703125,1,0,0,0
1731,6.0,6.0,0.0,23,0.48640625000000004,1,0,0,0
1732,6.0,6.0,0.0,60,0.48610937500000007,1,0,0,0
1733,6.0,6.0,0.0,43,0.4858125,1,0,0,0
1734,6.0,6.0,0.0,51,0.4855156250000001,1,0,0,0
1735,6.0,6.0,0.0,28,0.48521875000000003,1,0,0,0
1736,6.0,6.0,0.0,39,0.48492187499999995,1,0,0,0
1737,6.0,6.0,0.0,58,0.4846250000000001,1,0,0,0
1738,6.0,6.0,0.0,21,0.484328125,1,0,0,0
1739,6.0,6.0,0.0,41,0.48403125,1,0,0,0
1740,6.0,6.0,0.0,64,0.48373437500000005,1,0,0,0
1741,6.0,6.0,0.0,38,0.4834375000000001,1,0,0,0
1742,6.0,6.0,0.0,29,0.483140625,1,0,0,0
1743,6.0,6.0,0.0,20,0.48284375,1,0,0,0
1744,6.0,6.0,0.0,37,0.48254687500000004,1,0,0,0
1745,6.0,6.0,0.0,17,0.48224999999999996,1,0,0,0
1746,6.0,6.0,0.0,33,0.4819531250000001,1,0,0,0
1747,6.0,6.0,0.0,36,0.48165625,1,0,0,0
1748,6.0,6.0,0.0,63,0.48135937500000003,1,0,0,0
1749,6.0,6.0,0.0,27,0.48106250000000006,1,0,0,0
1750,6.0,6.0,0.0,34,0.4807656250000001,1,0,0,0
1751,6.0,6.0,0.0,47,0.48046875,1,0,0,0
1752,6.0,6.0,0.0,23,0.480171875,1,0,0,0
1753,6.0,6.0,0.0,31,0.47987500000000005,1,0,0,0
1754,6.0,6.0,0.0,56,0.47957812499999997,1,0,0,0
1755,6.0,6.0,0.0,33,0.4792812500000001,1,0,0,0
1756,6.0,6.0,0.0,21,0.478984375,1,0,0,0
1757,6.0,6.0,0.0,32,0.47868750000000004,1,0,0,0
1758,6.0,6.0,0.0,35,0.47839062500000007,1,0,0,0
1759,6.0,6.0,0.0,36,0.4780937500000001,1,0,0,0
1760,6.0,6.0,0.0,31,0.477796875,1,0,0,0
1761,6.0,6.0,0.0,23,0.47750000000000004,1,0,0,0
1762,6.0,6.0,0.0,56,0.47720312500000006,1,0,0,0
1763,6.0,6.0,0.0,47,0.47690625,1,0,0,0
1764,6.0,6.0,0.0,43,0.476609375,1,0,0,0
1765,6.0,6.0,0.0,22,0.4763125,1,0,0,0
1766,6.0,6.0,0.0,38,0.47601562500000005,1,0,0,0
1767,6.0,6.0,0.0,25,0.47571874999999997,1,0,0,0
1768,6.0,6.0,0.0,34,0.475421875,1,0,0,0
1769,6.0,6.0,0.0,35,0.475125,1,0,0,0
1770,6.0,6.0,0.0,25,0.47482812499999993,1,0,0,0
1771,6.0,6.0,0.0,33,0.47453125000000007,1,0,0,0
1772,6.0,6.0,0.0,44,0.474234375,1,0,0,0
1773,6.0,6.0,0.0,27,0.4739375,1,0,0,0
1774,6.0,6.0,0.0,31,0.47364062500000004,1,0,0,0
1775,6.0,6.0,0.0,23,0.47334375000000006,1,0,0,0
1776,6.0,6.0,0.0,39,0.473046875,1,0,0,0
1777,6.0,6.0,0.0,64,0.47275,1,0,0,0
1778,6.0,6.0,0.0,36,0.47245312500000003,1,0,0,0
1779,6.0,6.0,0.0,45,0.47215624999999994,1,0,0,0
1780,6.0,6.0,0.0,32,0.4718593750000001,1,0,0,0
1781,6.0,6.0,0.0,32,0.4715625,1,0,0,0
1782,6.0,6.0,0.0,28,0.471265625,1,0,0,0
1783,6.0,6.0,0.0,23,0.47096875000000005,1,0,0,0
1784,6.0,6.0,0.0,21,0.4706718750000001,1,0,0,0
1785,6.0,6.0,0.0,52,0.470375,1,0,0,0
1786,6.0,6.0,0.0,35,0.470078125,1,0,0,0
1787,6.0,6.0,0.0,37,0.46978125000000004,1,0,0,0
1788,6.0,6.0,0.0,39,0.46948437499999995,1,0,0,0
1789,6.0,6.0,0.0,27,0.4691875000000001,1,0,0,0
1790,6.0,6.0,0.0,42,0.468890625,1,0,0,0
1791,6.0,6.0,0.0,55,0.46859375000000003,1,0,0,0
1792,6.0,6.0,0.0,39,0.46829687500000006,1,0,0,0
1793,6.0,6.0,0.0,34,0.46799999999999997,1,0,0,0
1794,6.0,6.0,0.0,37,0.467703125,1,0,0,0
1795,6.0,6.0,0.0,39,0.46740625,1,0,0,0
1796,6.0,6.0,0.0,30,0.46710937500000005,1,0,0,0
1797,6.0,6.0,0.0,31,0.46681249999999996,1,0,0,0
1798,6.0,6.0,0.0,35,0.4665156250000001,1,0,0,0
1799,6.0,6.0,0.0,31,0.46621875,1,0,0,0
1800,6.0,6.0,0.0,37,0.46592187500000004,1,0,0,0
1801,6.0,6.0,0.0,33,0.46562500000000007,1,0,0,0
1802,6.0,6.0,0.0,35,0.465328125,1,0,0,0
1803,6.0,6.0,0.0,36,0.46503125,1,0,0,0
1804,6.0,6.0,0.0,35,0.46473437500000003,1,0,0,0
1805,6.0,6.0,0.0,20,0.46443750000000006,1,0,0,0
1806,6.0,6.0,0.0,26,0.464140625,1,0,0,0
1807,6.0,6.0,0.0,32,0.4638437500000001,1,0,0,0
1808,6.0,6.0,0.0,23,0.463546875,1,0,0,0
1809,6.0,6.0,0.0,18,0.46325000000000005,1,0,0,0
1810,6.0,6.0,0.0,31,0.4629531250000001,1,0,0,0
1811,6.0,6.0,0.0,33,0.46265625,1,0,0,0
1812,6.0,6.0,0.0,19,0.462359375,1,0,0,0
1813,6.0,6.0,0.0,50,0.46206250000000004,1,0,0,0
1814,6.0,6.0,0.0,37,0.46176562500000007,1,0,0,0
1815,6.0,6.0,0.0,30,0.46146875,1,0,0,0
1816,6.0,6.0,0.0,39,0.4611718750000001,1,0,0,0
1817,6.0,6.0,0.0,33,0.46087500000000003,1,0,0,0
1818,6.0,6.0,0.0,20,0.46057812499999995,1,0,0,0
1819,6.0,6.0,0.0,27,0.4602812500000001,1,0,0,0
1820,6.0,6.0,0.0,61,0.459984375,1,0,0,0
1821,6.0,6.0,0.0,33,0.4596875,1,0,0,0
1822,6.0,6.0,0.0,23,0.45939062500000005,1,0,0,0
1823,6.0,6.0,0.0,29,0.4590937500000001,1,0,0,0
1824,6.0,6.0,0.0,39,0.458796875,1,0,0,0
1825,6.0,6.0,0.0,34,0.4585,1,0,0,0
1826,6.0,6.0,0.0,37,0.45820312500000004,1,0,0,0
1827,6.0,6.0,0.0,29,0.45790624999999996,1,0,0,0
1828,6.0,6.0,0.0,28,0.457609375,1,0,0,0
1829,6.0,6.0,0.0,45,0.4573125,1,0,0,0
1830,6.0,6.0,0.0,45,0.45701562500000004,1,0,0,0
1831,6.0,6.0,0.0,35,0.45671874999999995,1,0,0,0
1832,6.0,6.0,0.0,35,0.4564218750000001,1,0,0,0
1833,6.0,6.0,0.0,23,0.456125,1,0,0,0
1834,6.0,6.0,0.0,35,0.45582812500000003,1,0,0,0
1835,6.0,6.0,0.0,24,0.45553125000000005,1,0,0,0
1836,6.0,6.0,0.0,29,0.45523437499999997,1,0,0,0
1837,6.0,6.0,0.0,33,0.4549375,1,0,0,0
1838,6.0,6.0,0.0,28,0.454640625,1,0,0,0
1839,6.0,6.0,0.0,37,0.45434375000000005,1,0,0,0
1840,6.0,6.0,0.0,23,0.45404687499999996,1,0,0,0
1841,6.0,6.0,0.0,21,0.4537500000000001,1,0,0,0
1842,6.0,6.0,0.0,22,0.453453125,1,0,0,0
1843,6.0,6.0,0.0,34,0.4531562499999999,1,0,0,0
1844,6.0,6.0,0.0,28,0.45285937500000006,1,0,0,0
1845,6.0,6.0,0.0,31,0.4525625,1,0,0,0
1846,6.0,6.0,0.0,33,0.452265625,1,0,0,0
1847,6.0,6.0,0.0,37,0.45196875000000003,1,0,0,0
1848,6.0,6.0,0.0,28,0.45167187500000006,1,0,0,0
1849,6.0,6.0,0.0,23,0.45137499999999997,1,0,0,0
1850,6.0,6.0,0.0,26,0.4510781250000001,1,0,0,0
1851,6.0,6.0,0.0,36,0.45078125,1,0,0,0
1852,6.0,6.0,0.0,48,0.45048437499999994,1,0,0,0
1853,6.0,6.0,0.0,28,0.4501875000000001,1,0,0,0
1854,6.0,6.0,0.0,19,0.449890625,1,0,0,0
1855,6.0,6.0,0.0,37,0.44959375,1,0,0,0
1856,6.0,6.0,0.0,33,0.44929687500000004,1,0,0,0
1857,6.0,6.0,0.0,44,0.44900000000000007,1,0,0,0
1858,6.0,6.0,0.0,34,0.448703125,1,0,0,0
1859,6.0,6.0,0.0,20,0.4484062500000001,1,0,0,0
1860,6.0,6.0,0.0,48,0.44810937500000003,1,0,0,0
1861,6.0,6.0,0.0,23,0.44781249999999995,1,0,0,0
1862,6.0,6.0,0.0,22,0.4475156250000001,1,0,0,0
1863,6.0,6.0,0.0,29,0.44721875,1,0,0,0
1864,6.0,6.0,0.0,43,0.446921875,1,0,0,0
1865,6.0,6.0,0.0,27,0.44662500000000005,1,0,0,0
1866,6.0,6.0,0.0,37,0.4463281250000001,1,0,0,0
1867,6.0,6.0,0.0,29,0.44603125,1,0,0,0
1868,6.0,6.0,0.0,46,0.445734375,1,0,0,0
1869,6.0,6.0,0.0,31,0.44543750000000004,1,0,0,0
1870,6.0,6.0,0.0,27,0.44514062499999996,1,0,0,0
1871,6.0,6.0,0.0,31,0.4448437500000001,1,0,0,0
1872,6.0,6.0,0.0,51,0.444546875,1,0,0,0
1873,6.0,6.0,0.0,21,0.44425000000000003,1,0,0,0
1874,6.0,6.0,0.0,34,0.44395312500000006,1,0,0,0
1875,6.0,6.0,0.0,25,0.4436562500000001,1,0,0,0
1876,6.0,6.0,0.0,32,0.443359375,1,0,0,0
1877,6.0,6.0,0.0,31,0.4430625,1,0,0,0
1878,6.0,6.0,0.0,27,0.44276562500000005,1,0,0,0
1879,6.0,6.0,0.0,21,0.44246874999999997,1,0,0,0
1880,6.0,6.0,0.0,36,0.4421718750000001,1,0,0,0
1881,6.0,6.0,0.0,37,0.441875,1,0,0,0
1882,6.0,6.0,0.0,56,0.44157812500000004,1,0,0,0
1883,6.0,6.0,0.0,43,0.44128125000000007,1,0,0,0
1884,6.0,6.0,0.0,19,0.4409843750000001,1,0,0,0
1885,6.0,6.0,0.0,32,0.4406875,1,0,0,0
1886,6.0,6.0,0.0,23,0.44039062500000004,1,0,0,0
1887,6.0,6.0,0.0,29,0.44009375000000006,1,0,0,0
1888,6.0,6.0,0.0,56,0.439796875,1,0,0,0
1889,6.0,6.0,0.0,31,0.4395,1,0,0,0
1890,6.0,6.0,0.0,24,0.439203125,1,0,0,0
1891,6.0,6.0,0.0,39,0.43890625000000005,1,0,0,0
1892,6.0,6.0,0.0,23,0.43860937499999997,1,0,0,0
1893,6.0,6.0,0.0,32,0.4383125,1,0,0,0
1894,6.0,6.0,0.0,31,0.438015625,1,0,0,0
1895,6.0,6.0,0.0,21,0.43771874999999993,1,0,0,0
1896,6.0,6.0,0.0,43,0.43742187500000007,1,0,0,0
1897,6.0,6.0,0.0,30,0.437125,1,0,0,0
1898,6.0,6.0,0.0,38,0.436828125,1,0,0,0
1899,6.0,6.0,0.0,29,0.43653125000000004,1,0,0,0
1900,6.0,6.0,0.0,23,0.43623437500000006,1,0,0,0
1901,6.0,6.0,0.0,24,0.4359375,1,0,0,0
1902,6.0,6.0,0.0,19,0.435640625,1,0,0,0
1903,6.0,6.0,0.0,35,0.43534375000000003,1,0,0,0
1904,6.0,6.0,0.0,48,0.43504687499999994,1,0,0,0
1905,6.0,6.0,0.0,30,0.4347500000000001,1,0,0,0
1906,6.0,6.0,0.0,66,0.434453125,1,0,0,0
1907,6.0,6.0,0.0,42,0.43415625,1,0,0,0
1908,6.0,6.0,0.0,34,0.43385937500000005,1,0,0,0
1909,6.0,6.0,0.0,26,0.4335625000000001,1,0,0,0
1910,6.0,6.0,0.0,40,0.433265625,1,0,0,0
1911,6.0,6.0,0.0,44,0.43296875,1,0,0,0
1912,6.0,6.0,0.0,35,0.43267187500000004,1,0,0,0
1913,6.0,6.0,0.0,25,0.43237499999999995,1,0,0,0
1914,6.0,6.0,0.0,47,0.4320781250000001,1,0,0,0
1915,6.0,6.0,0.0,37,0.43178125,1,0,0,0
1916,6.0,6.0,0.0,43,0.43148437500000003,1,0,0,0
1917,6.0,6.0,0.0,35,0.43118750000000006,1,0,0,0
1918,6.0,6.0,0.0,28,0.43089062499999997,1,0,0,0
1919,6.0,6.0,0.0,34,0.43059375,1,0,0,0
1920,6.0,6.0,0.0,27,0.430296875,1,0,0,0
1921,6.0,6.0,0.0,47,0.43000000000000005,1,0,0,0
1922,6.0,6.0,0.0,33,0.42970312499999996,1,0,0,0
1923,6.0,6.0,0.0,49,0.4294062500000001,1,0,0,0
1924,6.0,6.0,0.0,37,0.429109375,1,0,0,0
1925,6.0,6.0,0.0,24,0.42881250000000004,1,0,0,0
1926,6.0,6.0,0.0,26,0.42851562500000007,1,0,0,0
1927,6.0,6.0,0.0,32,0.42821875,1,0,0,0
1928,6.0,6.0,0.0,61,0.427921875,1,0,0,0
1929,6.0,6.0,0.0,28,0.42762500000000003,1,0,0,0
1930,6.0,6.0,0.0,25,0.42732812500000006,1,0,0,0
1931,6.0,6.0,0.0,29,0.42703125,1,0,0,0
1932,6.0,6.0,0.0,37,0.4267343750000001,1,0,0,0
1933,6.0,6.0,0.0,26,0.4264375,1,0,0,0
1934,6.0,6.0,0.0,55,0.42614062500000005,1,0,0,0
1935,6.0,6.0,0.0,42,0.4258437500000001,1,0,0,0
1936,6.0,6.0,0.0,16,0.425546875,1,0,0,0
1937,6.0,6.0,0.0,23,0.42525,1,0,0,0
1938,6.0,6.0,0.0,40,0.42495312500000004,1,0,0,0
1939,6.0,6.0,0.0,17,0.42465625000000007,1,0,0,0
1940,6.0,6.0,0.0,40,0.424359375,1,0,0,0
1941,6.0,6.0,0.0,28,0.4240625000000001,1,0,0,0
1942,6.0,6.0,0.0,43,0.42376562500000003,1,0,0,0
1943,6.0,6.0,0.0,36,0.42346874999999995,1,0,0,0
1944,6.0,6.0,0.0,34,0.4231718750000001,1,0,0,0
1945,6.0,6.0,0.0,43,0.422875,1,0,0,0
1946,6.0,6.0,0.0,20,0.422578125,1,0,0,0
1947,6.0,6.0,0.0,25,0.42228125000000005,1,0,0,0
1948,6.0,6.0,0.0,27,0.4219843750000001,1,0,0,0
1949,6.0,6.0,0.0,37,0.4216875,1,0,0,0
1950,6.0,6.0,0.0,28,0.421390625,1,0,0,0
1951,6.0,6.0,0.0,25,0.42109375000000004,1,0,0,0
1952,6.0,6.0,0.0,21,0.42079687499999996,1,0,0,0
1953,6.0,6.0,0.0,34,0.4205,1,0,0,0
1954,6.0,6.0,0.0,15,0.420203125,1,0,0,0
1955,6.0,6.0,0.0,47,0.41990625000000004,1,0,0,0
1956,6.0,6.0,0.0,51,0.41960937499999995,1,0,0,0
1957,6.0,6.0,0.0,36,0.4193125000000001,1,0,0,0
1958,6.0,6.0,0.0,45,0.419015625,1,0,0,0
1959,6.0,6.0,0.0,21,0.41871875000000003,1,0,0,0
1960,6.0,6.0,0.0,27,0.41842187500000005,1,0,0,0
1961,6.0,6.0,0.0,21,0.41812499999999997,1,0,0,0
1962,6.0,6.0,0.0,39,0.417828125,1,0,0,0
1963,6.0,6.0,0.0,35,0.41753125,1,0,0,0
1964,6.0,6.0,0.0,36,0.41723437500000005,1,0,0,0
1965,6.0,6.0,0.0,34,0.41693749999999996,1,0,0,0
1966,6.0,6.0,0.0,30,0.4166406250000001,1,0,0,0
1967,6.0,6.0,0.0,32,0.41634375,1,0,0,0
1968,6.0,6.0,0.0,36,0.4160468749999999,1,0,0,0
1969,6.0,6.0,0.0,30,0.41575000000000006,1,0,0,0
1970,6.0,6.0,0.0,24,0.415453125,1,0,0,0
1971,6.0,6.0,0.0,27,0.41515625,1,0,0,0
1972,6.0,6.0,0.0,24,0.41485937500000003,1,0,0,0
1973,6.0,6.0,0.0,32,0.41456250000000006,1,0,0,0
1974,6.0,6.0,0.0,35,0.41426562499999997,1,0,0,0
1975,6.0,6.0,0.0,30,0.4139687500000001,1,0,0,0
1976,6.0,6.0,0.0,34,0.413671875,1,0,0,0
1977,6.0,6.0,0.0,31,0.41337499999999994,1,0,0,0
1978,6.0,6.0,0.0,33,0.4130781250000001,1,0,0,0
1979,6.0,6.0,0.0,31,0.41278125,1,0,0,0
1980,6.0,6.0,0.0,28,0.412484375,1,0,0,0
1981,6.0,6.0,0.0,51,0.41218750000000004,1,0,0,0
1982,6.0,6.0,0.0,35,0.41189062500000007,1,0,0,0
1983,6.0,6.0,0.0,33,0.41159375,1,0,0,0
1984,6.0,6.0,0.0,30,0.4112968750000001,1,0,0,0
1985,6.0,6.0,0.0,21,0.41100000000000003,1,0,0,0
1986,6.0,6.0,0.0,27,0.41070312499999995,1,0,0,0
1987,6.0,6.0,0.0,31,0.4104062500000001,1,0,0,0
1988,6.0,6.0,0.0,21,0.410109375,1,0,0,0
1989,6.0,6.0,0.0,19,0.4098125,1,0,0,0
1990,6.0,6.0,0.0,27,0.40951562500000005,1,0,0,0
1991,6.0,6.0,0.0,39,0.4092187500000001,1,0,0,0
1992,6.0,6.0,0.0,18,0.408921875,1,0,0,0
1993,6.0,6.0,0.0,33,0.408625,1,0,0,0
1994,6.0,6.0,0.0,35,0.40832812500000004,1,0,0,0
1995,6.0,6.0,0.0,47,0.40803124999999996,1,0,0,0
1996,6.0,6.0,0.0,31,0.4077343750000001,1,0,0,0
1997,6.0,6.0,0.0,24,0.4074375,1,0,0,0
1998,6.0,6.0,0.0,18,0.40714062500000003,1,0,0,0
1999,6.0,6.0,0.0,34,0.40684375000000006,1,0,0,0
2000,6.0,6.0,0.0,34,0.4065468750000001,1,0,0,0
2001,6.0,6.0,0.0,23,0.40625,1,0,0,0
2002,6.0,6.0,0.0,23,0.405953125,1,0,0,0
2003,6.0,6.0,0.0,23,0.40565625000000005,1,0,0,0
2004,6.0,6.0,0.0,35,0.40535937499999997,1,0,0,0
2005,6.0,6.0,0.0,49,0.4050625000000001,1,0,0,0
2006,6.0,6.0,0.0,23,0.404765625,1,0,0,0
2007,6.0,6.0,0.0,30,0.40446875000000004,1,0,0,0
2008,6.0,6.0,0.0,19,0.40417187500000007,1,0,0,0
2009,6.0,6.0,0.0,25,0.4038750000000001,1,0,0,0
2010,6.0,6.0,0.0,27,0.403578125,1,0,0,0
2011,6.0,6.0,0.0,38,0.40328125000000004,1,0,0,0
2012,6.0,6.0,0.0,41,0.40298437500000006,1,0,0,0
2013,6.0,6.0,0.0,43,0.4026875,1,0,0,0
2014,6.0,6.0,0.0,19,0.4023906250000001,1,0,0,0
2015,6.0,6.0,0.0,24,0.40209375,1,0,0,0
2016,6.0,6.0,0.0,36,0.40179687500000005,1,0,0,0
2017,6.0,6.0,0.0,23,0.4015000000000001,1,0,0,0
2018,6.0,6.0,0.0,29,0.401203125,1,0,0,0
2019,6.0,6.0,0.0,28,0.40090625,1,0,0,0
2020,6.0,6.0,0.0,25,0.40060937500000005,1,0,0,0
2021,6.0,6.0,0.0,22,0.40031250000000007,1,0,0,0
2022,6.0,6.0,0.0,30,0.400015625,1,0,0,0
2023,6.0,6.0,0.0,37,0.39971875,1,0,0,0
2024,6.0,6.0,0.0,37,0.39942187500000004,1,0,0,0
2025,6.0,6.0,0.0,35,0.39912500000000006,1,0,0,0
2026,6.0,6.0,0.0,24,0.398828125,1,0,0,0
2027,6.0,6.0,0.0,23,0.39853125,1,0,0,0
2028,6.0,6.0,0.0,27,0.39823437500000003,1,0,0,0
2029,6.0,6.0,0.0,25,0.39793749999999994,1,0,0,0
2030,6.0,6.0,0.0,30,0.3976406250000001,1,0,0,0
2031,6.0,6.0,0.0,32,0.39734375,1,0,0,0
2032,6.0,6.0,0.0,25,0.397046875,1,0,0,0
2033,6.0,6.0,0.0,36,0.39675000000000005,1,0,0,0
2034,6.0,6.0,0.0,31,0.3964531250000001,1,0,0,0
2035,6.0,6.0,0.0,18,0.39615625,1,0,0,0
2036,6.0,6.0,0.0,20,0.395859375,1,0,0,0
2037,6.0,6.0,0.0,27,0.39556250000000004,1,0,0,0
2038,6.0,6.0,0.0,26,0.39526562499999995,1,0,0,0
2039,6.0,6.0,0.0,26,0.3949687500000001,1,0,0,0
2040,6.0,6.0,0.0,30,0.394671875,1,0,0,0
2041,6.0,6.0,0.0,25,0.39437500000000003,1,0,0,0
2042,6.0,6.0,0.0,30,0.39407812500000006,1,0,0,0
2043,6.0,6.0,0.0,30,0.39378124999999997,1,0,0,0
2044,6.0,6.0,0.0,31,0.393484375,1,0,0,0
2045,6.0,6.0,0.0,27,0.3931875,1,0,0,0
2046,6.0,6.0,0.0,39,0.39289062500000005,1,0,0,0
2047,6.0,6.0,0.0,23,0.39259374999999996,1,0,0,0
2048,6.0,6.0,0.0,35,0.3922968750000001,1,0,0,0
2049,6.0,6.0,0.0,41,0.392,1,0,0,0
2050,6.0,6.0,0.0,21,0.39170312500000004,1,0,0,0
2051,6.0,6.0,0.0,23,0.39140625000000007,1,0,0,0
2052,6.0,6.0,0.0,21,0.391109375,1,0,0,0
2053,6.0,6.0,0.0,19,0.3908125,1,0,0,0
2054,6.0,6.0,0.0,24,0.39051562500000003,1,0,0,0
2055,6.0,6.0,0.0,21,0.39021875000000006,1,0,0,0
2056,6.0,6.0,0.0,33,0.389921875,1,0,0,0
2057,6.0,6.0,0.0,35,0.3896250000000001,1,0,0,0
2058,6.0,6.0,0.0,19,0.389328125,1,0,0,0
2059,6.0,6.0,0.0,29,0.38903125000000005,1,0,0,0
2060,6.0,6.0,0.0,44,0.3887343750000001,1,0,0,0
2061,6.0,6.0,0.0,19,0.3884375,1,0,0,0
2062,6.0,6.0,0.0,23,0.388140625,1,0,0,0
2063,6.0,6.0,0.0,25,0.38784375000000004,1,0,0,0
2064,6.0,6.0,0.0,32,0.38754687500000007,1,0,0,0
2065,6.0,6.0,0.0,36,0.38725,1,0,0,0
2066,6.0,6.0,0.0,44,0.3869531250000001,1,0,0,0
2067,6.0,6.0,0.0,27,0.38665625000000003,1,0,0,0
2068,6.0,6.0,0.0,23,0.38635937499999995,1,0,0,0
2069,6.0,6.0,0.0,42,0.3860625000000001,1,0,0,0
2070,6.0,6.0,0.0,24,0.385765625,1,0,0,0
2071,6.0,6.0,0.0,26,0.38546875,1,0,0,0
2072,6.0,6.0,0.0,24,0.38517187500000005,1,0,0,0
2073,6.0,6.0,0.0,19,0.3848750000000001,1,0,0,0
2074,6.0,6.0,0.0,29,0.384578125,1,0,0,0
2075,6.0,6.0,0.0,25,0.38428125000000013,1,0,0,0
2076,6.0,6.0,0.0,23,0.38398437500000004,1,0,0,0
2077,6.0,6.0,0.0,42,0.38368749999999996,1,0,0,0
2078,6.0,6.0,0.0,29,0.3833906250000001,1,0,0,0
2079,6.0,6.0,0.0,27,0.38309375,1,0,0,0
2080,6.0,6.0,0.0,48,0.38279687500000004,1,0,0,0
2081,6.0,6.0,0.0,28,0.38250000000000006,1,0,0,0
2082,6.0,6.0,0.0,29,0.3822031250000001,1,0,0,0
2083,6.0,6.0,0.0,22,0.38190625,1,0,0,0
2084,6.0,6.0,0.0,23,0.38160937500000003,1,0,0,0
2085,6.0,6.0,0.0,45,0.38131250000000005,1,0,0,0
2086,6.0,6.0,0.0,23,0.38101562499999997,1,0,0,0
2087,6.0,6.0,0.0,28,0.38071875,1,0,0,0
2088,6.0,6.0,0.0,32,0.380421875,1,0,0,0
2089,6.0,6.0,0.0,24,0.38012500000000005,1,0,0,0
2090,6.0,6.0,0.0,19,0.37982812499999996,1,0,0,0
2091,6.0,6.0,0.0,28,0.3795312500000001,1,0,0,0
2092,6.0,6.0,0.0,24,0.379234375,1,0,0,0
2093,6.0,6.0,0.0,19,0.3789374999999999,1,0,0,0
2094,6.0,6.0,0.0,25,0.37864062500000006,1,0,0,0
2095,6.0,6.0,0.0,42,0.37834375,1,0,0,0
2096,6.0,6.0,0.0,36,0.378046875,1,0,0,0
2097,6.0,6.0,0.0,43,0.37775000000000003,1,0,0,0
2098,6.0,6.0,0.0,25,0.37745312500000006,1,0,0,0
2099,6.0,6.0,0.0,21,0.37715624999999997,1,0,0,0
2100,6.0,6.0,0.0,20,0.3768593750000001,1,0,0,0
2101,6.0,6.0,0.0,15,0.3765625,1,0,0,0
2102,6.0,6.0,0.0,30,0.37626562499999994,1,0,0,0
2103,6.0,6.0,0.0,23,0.3759687500000001,1,0,0,0
2104,6.0,6.0,0.0,15,0.375671875,1,0,0,0
2105,6.0,6.0,0.0,22,0.375375,1,0,0,0
2106,6.0,6.0,0.0,27,0.37507812500000004,1,0,0,0
2107,6.0,6.0,0.0,28,0.37478125000000007,1,0,0,0
2108,6.0,6.0,0.0,45,0.374484375,1,0,0,0
2109,6.0,6.0,0.0,19,0.3741875000000001,1,0,0,0
2110,6.0,6.0,0.0,19,0.37389062500000003,1,0,0,0
2111,6.0,6.0,0.0,28,0.37359374999999995,1,0,0,0
2112,6.0,6.0,0.0,32,0.3732968750000001,1,0,0,0
2113,6.0,6.0,0.0,47,0.373,1,0,0,0
2114,6.0,6.0,0.0,20,0.372703125,1,0,0,0
2115,6.0,6.0,0.0,17,0.37240625000000005,1,0,0,0
2116,6.0,6.0,0.0,25,0.3721093750000001,1,0,0,0
2117,6.0,6.0,0.0,23,0.3718125,1,0,0,0
2118,6.0,6.0,0.0,39,0.371515625,1,0,0,0
2119,6.0,6.0,0.0,45,0.37121875000000004,1,0,0,0
2120,6.0,6.0,0.0,28,0.37092187499999996,1,0,0,0
2121,6.0,6.0,0.0,18,0.3706250000000001,1,0,0,0
2122,6.0,6.0,0.0,25,0.370328125,1,0,0,0
2123,6.0,6.0,0.0,42,0.37003125000000003,1,0,0,0
2124,6.0,6.0,0.0,22,0.36973437500000006,1,0,0,0
2125,6.0,6.0,0.0,35,0.3694375000000001,1,0,0,0
2126,6.0,6.0,0.0,39,0.369140625,1,0,0,0
2127,6.0,6.0,0.0,30,0.36884375,1,0,0,0
2128,6.0,6.0,0.0,31,0.36854687500000005,1,0,0,0
2129,6.0,6.0,0.0,19,0.36824999999999997,1,0,0,0
2130,6.0,6.0,0.0,21,0.3679531250000001,1,0,0,0
2131,6.0,6.0,0.0,23,0.36765625,1,0,0,0
2132,6.0,6.0,0.0,43,0.36735937500000004,1,0,0,0
2133,6.0,6.0,0.0,19,0.36706250000000007,1,0,0,0
2134,6.0,6.0,0.0,32,0.3667656250000001,1,0,0,0
2135,6.0,6.0,0.0,20,0.36646875,1,0,0,0
2136,6.0,6.0,0.0,29,0.36617187500000004,1,0,0,0
2137,6.0,6.0,0.0,20,0.36587500000000006,1,0,0,0
2138,6.0,6.0,0.0,30,0.365578125,1,0,0,0
2139,6.0,6.0,0.0,20,0.3652812500000001,1,0,0,0
2140,6.0,6.0,0.0,25,0.364984375,1,0,0,0
2141,6.0,6.0,0.0,24,0.36468750000000005,1,0,0,0
2142,6.0,6.0,0.0,22,0.3643906250000001,1,0,0,0
2143,6.0,6.0,0.0,30,0.36409375,1,0,0,0
2144,6.0,6.0,0.0,37,0.363796875,1,0,0,0
2145,6.0,6.0,0.0,31,0.36350000000000005,1,0,0,0
2146,6.0,6.0,0.0,22,0.36320312500000007,1,0,0,0
2147,6.0,6.0,0.0,37,0.36290625,1,0,0,0
2148,6.0,6.0,0.0,23,0.362609375,1,0,0,0
2149,6.0,6.0,0.0,34,0.36231250000000004,1,0,0,0
2150,6.0,6.0,0.0,39,0.36201562500000006,1,0,0,0
2151,6.0,6.0,0.0,46,0.36171875,1,0,0,0
2152,6.0,6.0,0.0,41,0.361421875,1,0,0,0
2153,6.0,6.0,0.0,17,0.36112500000000003,1,0,0,0
2154,6.0,6.0,0.0,17,0.36082812499999994,1,0,0,0
2155,6.0,6.0,0.0,30,0.3605312500000001,1,0,0,0
2156,6.0,6.0,0.0,47,0.360234375,1,0,0,0
2157,6.0,6.0,0.0,19,0.3599375,1,0,0,0
2158,6.0,6.0,0.0,22,0.35964062500000005,1,0,0,0
2159,6.0,6.0,0.0,30,0.3593437500000001,1,0,0,0
2160,6.0,6.0,0.0,28,0.359046875,1,0,0,0
2161,6.0,6.0,0.0,27,0.35875,1,0,0,0
2162,6.0,6.0,0.0,17,0.35845312500000004,1,0,0,0
2163,6.0,6.0,0.0,22,0.35815624999999995,1,0,0,0
2164,6.0,6.0,0.0,38,0.3578593750000001,1,0,0,0
2165,6.0,6.0,0.0,25,0.3575625,1,0,0,0
2166,6.0,6.0,0.0,29,0.35726562500000003,1,0,0,0
2167,6.0,6.0,0.0,19,0.35696875000000006,1,0,0,0
2168,6.0,6.0,0.0,29,0.35667187499999997,1,0,0,0
2169,6.0,6.0,0.0,25,0.356375,1,0,0,0
2170,6.0,6.0,0.0,22,0.356078125,1,0,0,0
2171,6.0,6.0,0.0,17,0.35578125000000005,1,0,0,0
2172,6.0,6.0,0.0,27,0.35548437499999996,1,0,0,0
2173,6.0,6.0,0.0,29,0.3551875000000001,1,0,0,0
2174,6.0,6.0,0.0,15,0.354890625,1,0,0,0
2175,6.0,6.0,0.0,15,0.35459375000000004,1,0,0,0
2176,6.0,6.0,0.0,21,0.35429687500000007,1,0,0,0
2177,6.0,6.0,0.0,26,0.354,1,0,0,0
2178,6.0,6.0,0.0,35,0.353703125,1,0,0,0
2179,6.0,6.0,0.0,28,0.35340625000000003,1,0,0,0
2180,6.0,6.0,0.0,31,0.35310937500000006,1,0,0,0
2181,6.0,6.0,0.0,27,0.3528125,1,0,0,0
2182,6.0,6.0,0.0,41,0.3525156250000001,1,0,0,0
2183,6.0,6.0,0.0,18,0.35221875,1,0,0,0
2184,6.0,6.0,0.0,28,0.35192187500000005,1,0,0,0
2185,6.0,6.0,0.0,21,0.3516250000000001,1,0,0,0
2186,6.0,6.0,0.0,23,0.351328125,1,0,0,0
2187,6.0,6.0,0.0,17,0.35103125,1,0,0,0
2188,6.0,6.0,0.0,23,0.35073437500000004,1,0,0,0
2189,6.0,6.0,0.0,37,0.35043750000000007,1,0,0,0
2190,6.0,6.0,0.0,30,0.350140625,1,0,0,0
2191,6.0,6.0,0.0,23,0.3498437500000001,1,0,0,0
2192,6.0,6.0,0.0,24,0.34954687500000003,1,0,0,0
2193,6.0,6.0,0.0,28,0.34924999999999995,1,0,0,0
2194,6.0,6.0,0.0,19,0.3489531250000001,1,0,0,0
2195,6.0,6.0,0.0,27,0.34865625,1,0,0,0
2196,6.0,6.0,0.0,49,0.348359375,1,0,0,0
2197,6.0,6.0,0.0,26,0.34806250000000005,1,0,0,0
2198,6.0,6.0,0.0,26,0.3477656250000001,1,0,0,0
2199,6.0,6.0,0.0,33,0.34746875,1,0,0,0
2200,6.0,6.0,0.0,16,0.34717187500000013,1,0,0,0
2201,6.0,6.0,0.0,34,0.34687500000000004,1,0,0,0
2202,6.0,6.0,0.0,33,0.34657812499999996,1,0,0,0
2203,6.0,6.0,0.0,21,0.3462812500000001,1,0,0,0
2204,6.0,6.0,0.0,15,0.345984375,1,0,0,0
2205,6.0,6.0,0.0,46,0.34568750000000004,1,0,0,0
2206,6.0,6.0,0.0,27,0.34539062500000006,1,0,0,0
2207,6.0,6.0,0.0,35,0.3450937500000001,1,0,0,0
2208,6.0,6.0,0.0,26,0.344796875,1,0,0,0
2209,6.0,6.0,0.0,26,0.34450000000000003,1,0,0,0
2210,6.0,6.0,0.0,44,0.34420312500000005,1,0,0,0
2211,6.0,6.0,0.0,26,0.34390624999999997,1,0,0,0
2212,6.0,6.0,0.0,23,0.343609375,1,0,0,0
2213,6.0,6.0,0.0,25,0.3433125,1,0,0,0
2214,6.0,6.0,0.0,30,0.34301562500000005,1,0,0,0
2215,6.0,6.0,0.0,21,0.34271874999999996,1,0,0,0
2216,6.0,6.0,0.0,31,0.3424218750000001,1,0,0,0
2217,6.0,6.0,0.0,23,0.342125,1,0,0,0
2218,6.0,6.0,0.0,36,0.3418281249999999,1,0,0,0
2219,6.0,6.0,0.0,36,0.34153125000000006,1,0,0,0
2220,6.0,6.0,0.0,27,0.341234375,1,0,0,0
2221,6.0,6.0,0.0,21,0.3409375,1,0,0,0
2222,6.0,6.0,0.0,32,0.34064062500000003,1,0,0,0
2223,6.0,6.0,0.0,27,0.34034375000000006,1,0,0,0
2224,6.0,6.0,0.0,21,0.34004687499999997,1,0,0,0
2225,6.0,6.0,0.0,24,0.3397500000000001,1,0,0,0
2226,6.0,6.0,0.0,24,0.339453125,1,0,0,0
2227,6.0,6.0,0.0,17,0.33915624999999994,1,0,0,0
2228,6.0,6.0,0.0,32,0.3388593750000001,1,0,0,0
2229,6.0,6.0,0.0,28,0.3385625,1,0,0,0
2230,6.0,6.0,0.0,43,0.338265625,1,0,0,0
2231,6.0,6.0,0.0,32,0.33796875000000004,1,0,0,0
2232,6.0,6.0,0.0,15,0.33767187500000007,1,0,0,0
2233,6.0,6.0,0.0,28,0.337375,1,0,0,0
2234,6.0,6.0,0.0,33,0.3370781250000001,1,0,0,0
2235,6.0,6.0,0.0,27,0.33678125000000003,1,0,0,0
2236,6.0,6.0,0.0,21,0.33648437499999995,1,0,0,0
2237,6.0,6.0,0.0,31,0.3361875000000001,1,0,0,0
2238,6.0,6.0,0.0,25,0.335890625,1,0,0,0
2239,6.0,6.0,0.0,37,0.33559375,1,0,0,0
2240,6.0,6.0,0.0,28,0.33529687500000005,1,0,0,0
2241,6.0,6.0,0.0,21,0.3350000000000001,1,0,0,0
2242,6.0,6.0,0.0,28,0.334703125,1,0,0,0
2243,6.0,6.0,0.0,21,0.33440625,1,0,0,0
2244,6.0,6.0,0.0,23,0.33410937500000004,1,0,0,0
2245,6.0,6.0,0.0,17,0.33381249999999996,1,0,0,0
2246,6.0,6.0,0.0,40,0.3335156250000001,1,0,0,0
2247,6.0,6.0,0.0,21,0.33321875,1,0,0,0
2248,6.0,6.0,0.0,37,0.33292187500000003,1,0,0,0
2249,6.0,6.0,0.0,26,0.33262500000000006,1,0,0,0
2250,6.0,6.0,0.0,32,0.3323281250000001,1,0,0,0
2251,6.0,6.0,0.0,32,0.33203125,1,0,0,0
2252,6.0,6.0,0.0,34,0.331734375,1,0,0,0
2253,6.0,6.0,0.0,34,0.33143750000000005,1,0,0,0
2254,6.0,6.0,0.0,21,0.33114062499999997,1,0,0,0
2255,6.0,6.0,0.0,24,0.3308437500000001,1,0,0,0
2256,6.0,6.0,0.0,22,0.330546875,1,0,0,0
2257,6.0,6.0,0.0,30,0.33025000000000004,1,0,0,0
2258,6.0,6.0,0.0,17,0.32995312500000007,1,0,0,0
2259,6.0,6.0,0.0,27,0.3296562500000001,1,0,0,0
2260,6.0,6.0,0.0,17,0.329359375,1,0,0,0
2261,6.0,6.0,0.0,24,0.32906250000000004,1,0,0,0
2262,6.0,6.0,0.0,31,0.32876562500000006,1,0,0,0
2263,6.0,6.0,0.0,21,0.32846875,1,0,0,0
2264,6.0,6.0,0.0,28,0.3281718750000001,1,0,0,0
2265,6.0,6.0,0.0,36,0.327875,1,0,0,0
2266,6.0,6.0,0.0,31,0.32757812500000005,1,0,0,0
2267,6.0,6.0,0.0,23,0.3272812500000001,1,0,0,0
2268,6.0,6.0,0.0,17,0.326984375,1,0,0,0
2269,6.0,6.0,0.0,21,0.3266875,1,0,0,0
2270,6.0,6.0,0.0,32,0.32639062500000005,1,0,0,0
2271,6.0,6.0,0.0,22,0.32609375000000007,1,0,0,0
2272,6.0,6.0,0.0,21,0.325796875,1,0,0,0
2273,6.0,6.0,0.0,16,0.3255,1,0,0,0
2274,6.0,6.0,0.0,23,0.32520312500000004,1,0,0,0
2275,6.0,6.0,0.0,36,0.32490625000000006,1,0,0,0
2276,6.0,6.0,0.0,26,0.324609375,1,0,0,0
2277,6.0,6.0,0.0,30,0.3243125,1,0,0,0
2278,6.0,6.0,0.0,25,0.32401562500000003,1,0,0,0
2279,6.0,6.0,0.0,28,0.32371874999999994,1,0,0,0
2280,6.0,6.0,0.0,33,0.3234218750000001,1,0,0,0
2281,6.0,6.0,0.0,23,0.323125,1,0,0,0
2282,6.0,6.0,0.0,33,0.322828125,1,0,0,0
2283,6.0,6.0,0.0,24,0.32253125000000005,1,0,0,0
2284,6.0,6.0,0.0,29,0.3222343750000001,1,0,0,0
2285,6.0,6.0,0.0,25,0.3219375,1,0,0,0
2286,6.0,6.0,0.0,18,0.321640625,1,0,0,0
2287,6.0,6.0,0.0,19,0.32134375000000004,1,0,0,0
2288,6.0,6.0,0.0,34,0.32104687499999995,1,0,0,0
2289,6.0,6.0,0.0,20,0.3207500000000001,1,0,0,0
2290,6.0,6.0,0.0,23,0.320453125,1,0,0,0
2291,6.0,6.0,0.0,20,0.32015625000000003,1,0,0,0
2292,6.0,6.0,0.0,21,0.31985937500000006,1,0,0,0
2293,6.0,6.0,0.0,30,0.31956249999999997,1,0,0,0
2294,6.0,6.0,0.0,19,0.319265625,1,0,0,0
2295,6.0,6.0,0.0,23,0.31896875,1,0,0,0
2296,6.0,6.0,0.0,27,0.31867187500000005,1,0,0,0
2297,6.0,6.0,0.0,21,0.31837499999999996,1,0,0,0
2298,6.0,6.0,0.0,32,0.3180781250000001,1,0,0,0
2299,6.0,6.0,0.0,19,0.31778125,1,0,0,0
2300,6.0,6.0,0.0,30,0.31748437500000004,1,0,0,0
2301,6.0,6.0,0.0,23,0.31718750000000007,1,0,0,0
2302,6.0,6.0,0.0,23,0.316890625,1,0,0,0
2303,6.0,6.0,0.0,16,0.31659375,1,0,0,0
2304,6.0,6.0,0.0,33,0.31629687500000003,1,0,0,0
2305,6.0,6.0,0.0,25,0.31600000000000006,1,0,0,0
2306,6.0,6.0,0.0,23,0.315703125,1,0,0,0
2307,6.0,6.0,0.0,35,0.3154062500000001,1,0,0,0
2308,6.0,6.0,0.0,24,0.315109375,1,0,0,0
2309,6.0,6.0,0.0,21,0.31481250000000005,1,0,0,0
2310,6.0,6.0,0.0,15,0.3145156250000001,1,0,0,0
2311,6.0,6.0,0.0,30,0.31421875,1,0,0,0
2312,6.0,6.0,0.0,37,0.313921875,1,0,0,0
2313,6.0,6.0,0.0,17,0.31362500000000004,1,0,0,0
2314,6.0,6.0,0.0,23,0.31332812500000007,1,0,0,0
2315,6.0,6.0,0.0,19,0.31303125,1,0,0,0
2316,6.0,6.0,0.0,27,0.3127343750000001,1,0,0,0
2317,6.0,6.0,0.0,38,0.31243750000000003,1,0,0,0
2318,6.0,6.0,0.0,24,0.31214062499999995,1,0,0,0
2319,6.0,6.0,0.0,18,0.3118437500000001,1,0,0,0
2320,6.0,6.0,0.0,26,0.311546875,1,0,0,0
2321,6.0,6.0,0.0,17,0.31125,1,0,0,0
2322,6.0,6.0,0.0,24,0.31095312500000005,1,0,0,0
2323,6.0,6.0,0.0,30,0.3106562500000001,1,0,0,0
2324,6.0,6.0,0.0,21,0.310359375,1,0,0,0
2325,6.0,6.0,0.0,21,0.31006250000000013,1,0,0,0
2326,6.0,6.0,0.0,26,0.30976562500000004,1,0,0,0
2327,6.0,6.0,0.0,21,0.30946874999999996,1,0,0,0
2328,6.0,6.0,0.0,22,0.3091718750000001,1,0,0,0
2329,6.0,6.0,0.0,29,0.308875,1,0,0,0
2330,6.0,6.0,0.0,20,0.30857812500000004,1,0,0,0
2331,6.0,6.0,0.0,24,0.30828125000000006,1,0,0,0
2332,6.0,6.0,0.0,21,0.3079843750000001,1,0,0,0
2333,6.0,6.0,0.0,17,0.3076875,1,0,0,0
2334,6.0,6.0,0.0,15,0.30739062500000003,1,0,0,0
2335,6.0,6.0,0.0,28,0.30709375000000005,1,0,0,0
2336,6.0,6.0,0.0,25,0.30679687499999997,1,0,0,0
2337,6.0,6.0,0.0,26,0.3065,1,0,0,0
2338,6.0,6.0,0.0,28,0.306203125,1,0,0,0
2339,6.0,6.0,0.0,30,0.30590625000000005,1,0,0,0
2340,6.0,6.0,0.0,37,0.30560937499999996,1,0,0,0
2341,6.0,6.0,0.0,27,0.3053125000000001,1,0,0,0
2342,6.0,6.0,0.0,21,0.305015625,1,0,0,0
2343,6.0,6.0,0.0,21,0.3047187499999999,1,0,0,0
2344,6.0,6.0,0.0,32,0.30442187500000006,1,0,0,0
2345,6.0,6.0,0.0,21,0.304125,1,0,0,0
2346,6.0,6.0,0.0,20,0.303828125,1,0,0,0
2347,6.0,6.0,0.0,19,0.30353125000000003,1,0,0,0
2348,6.0,6.0,0.0,31,0.30323437500000006,1,0,0,0
2349,6.0,6.0,0.0,30,0.30293749999999997,1,0,0,0
2350,6.0,6.0,0.0,23,0.3026406250000001,1,0,0,0
2351,6.0,6.0,0.0,21,0.30234375,1,0,0,0
2352,6.0,6.0,0.0,21,0.30204687499999994,1,0,0,0
2353,6.0,6.0,0.0,23,0.3017500000000001,1,0,0,0
2354,6.0,6.0,0.0,21,0.301453125,1,0,0,0
2355,6.0,6.0,0.0,26,0.30115625,1,0,0,0
2356,6.0,6.0,0.0,19,0.30085937500000004,1,0,0,0
2357,6.0,6.0,0.0,28,0.30056250000000007,1,0,0,0
2358,6.0,6.0,0.0,20,0.300265625,1,0,0,0
2359,6.0,6.0,0.0,25,0.2999687500000001,1,0,0,0
2360,6.0,6.0,0.0,17,0.29967187500000003,1,0,0,0
2361,6.0,6.0,0.0,33,0.29937499999999995,1,0,0,0
2362,6.0,6.0,0.0,27,0.2990781250000001,1,0,0,0
2363,6.0,6.0,0.0,19,0.29878125,1,0,0,0
2364,6.0,6.0,0.0,22,0.298484375,1,0,0,0
2365,6.0,6.0,0.0,31,0.29818750000000005,1,0,0,0
2366,6.0,6.0,0.0,25,0.2978906250000001,1,0,0,0
2367,6.0,6.0,0.0,21,0.29759375,1,0,0,0
2368,6.0,6.0,0.0,28,0.297296875,1,0,0,0
2369,6.0,6.0,0.0,17,0.29700000000000004,1,0,0,0
2370,6.0,6.0,0.0,24,0.29670312499999996,1,0,0,0
2371,6.0,6.0,0.0,25,0.2964062500000001,1,0,0,0
2372,6.0,6.0,0.0,21,0.296109375,1,0,0,0
2373,6.0,6.0,0.0,24,0.29581250000000003,1,0,0,0
2374,6.0,6.0,0.0,29,0.29551562500000006,1,0,0,0
2375,6.0,6.0,0.0,23,0.2952187500000001,1,0,0,0
2376,6.0,6.0,0.0,24,0.294921875,1,0,0,0
2377,6.0,6.0,0.0,35,0.294625,1,0,0,0
2378,6.0,6.0,0.0,25,0.29432812500000005,1,0,0,0
2379,6.0,6.0,0.0,24,0.29403124999999997,1,0,0,0
2380,6.0,6.0,0.0,34,0.2937343750000001,1,0,0,0
2381,6.0,6.0,0.0,25,0.2934375,1,0,0,0
2382,6.0,6.0,0.0,19,0.29314062500000004,1,0,0,0
2383,6.0,6.0,0.0,33,0.29284375000000007,1,0,0,0
2384,6.0,6.0,0.0,29,0.2925468750000001,1,0,0,0
2385,6.0,6.0,0.0,18,0.29225,1,0,0,0
2386,6.0,6.0,0.0,21,0.29195312500000004,1,0,0,0
2387,6.0,6.0,0.0,33,0.29165625000000006,1,0,0,0
2388,6.0,6.0,0.0,25,0.291359375,1,0,0,0
2389,6.0,6.0,0.0,20,0.2910625000000001,1,0,0,0
2390,6.0,6.0,0.0,24,0.290765625,1,0,0,0
2391,6.0,6.0,0.0,27,0.29046875000000005,1,0,0,0
2392,6.0,6.0,0.0,24,0.2901718750000001,1,0,0,0
2393,6.0,6.0,0.0,20,0.289875,1,0,0,0
2394,6.0,6.0,0.0,25,0.289578125,1,0,0,0
2395,6.0,6.0,0.0,17,0.28928125000000005,1,0,0,0
2396,6.0,6.0,0.0,28,0.28898437500000007,1,0,0,0
2397,6.0,6.0,0.0,29,0.2886875,1,0,0,0
2398,6.0,6.0,0.0,25,0.288390625,1,0,0,0
2399,6.0,6.0,0.0,21,0.28809375000000004,1,0,0,0
2400,6.0,6.0,0.0,21,0.28779687500000006,1,0,0,0
2401,6.0,6.0,0.0,30,0.2875000000000001,1,0,0,0
2402,6.0,6.0,0.0,19,0.287203125,1,0,0,0
2403,6.0,6.0,0.0,21,0.28690625000000003,1,0,0,0
2404,6.0,6.0,0.0,22,0.28660937500000006,1,0,0,0
2405,6.0,6.0,0.0,20,0.2863125000000001,1,0,0,0
2406,6.0,6.0,0.0,17,0.286015625,1,0,0,0
2407,6.0,6.0,0.0,24,0.28571875,1,0,0,0
2408,6.0,6.0,0.0,17,0.28542187500000005,1,0,0,0
2409,6.0,6.0,0.0,19,0.2851250000000001,1,0,0,0
2410,6.0,6.0,0.0,20,0.284828125,1,0,0,0
2411,6.0,6.0,0.0,22,0.28453125,1,0,0,0
2412,6.0,6.0,0.0,19,0.28423437500000004,1,0,0,0
2413,6.0,6.0,0.0,19,0.28393749999999995,1,0,0,0
2414,6.0,6.0,0.0,19,0.2836406250000001,1,0,0,0
2415,6.0,6.0,0.0,21,0.28334375,1,0,0,0
2416,6.0,6.0,0.0,29,0.28304687500000003,1,0,0,0
2417,6.0,6.0,0.0,32,0.28275000000000006,1,0,0,0
2418,6.0,6.0,0.0,25,0.28245312499999997,1,0,0,0
2419,6.0,6.0,0.0,28,0.28215625,1,0,0,0
2420,6.0,6.0,0.0,22,0.281859375,1,0,0,0
2421,6.0,6.0,0.0,29,0.28156250000000005,1,0,0,0
2422,6.0,6.0,0.0,19,0.28126562499999996,1,0,0,0
2423,6.0,6.0,0.0,22,0.2809687500000001,1,0,0,0
2424,6.0,6.0,0.0,19,0.280671875,1,0,0,0
2425,6.0,6.0,0.0,25,0.28037500000000004,1,0,0,0
2426,6.0,6.0,0.0,20,0.28007812500000007,1,0,0,0
2427,6.0,6.0,0.0,27,0.27978125,1,0,0,0
2428,6.0,6.0,0.0,24,0.279484375,1,0,0,0
2429,6.0,6.0,0.0,23,0.27918750000000003,1,0,0,0
2430,6.0,6.0,0.0,33,0.27889062500000006,1,0,0,0
2431,6.0,6.0,0.0,23,0.27859375,1,0,0,0
2432,6.0,6.0,0.0,17,0.2782968750000001,1,0,0,0
2433,6.0,6.0,0.0,21,0.278,1,0,0,0
2434,6.0,6.0,0.0,28,0.27770312500000005,1,0,0,0
2435,6.0,6.0,0.0,18,0.2774062500000001,1,0,0,0
2436,6.0,6.0,0.0,19,0.277109375,1,0,0,0
2437,6.0,6.0,0.0,20,0.2768125,1,0,0,0
2438,6.0,6.0,0.0,19,0.27651562500000004,1,0,0,0
2439,6.0,6.0,0.0,31,0.27621875000000007,1,0,0,0
2440,6.0,6.0,0.0,28,0.275921875,1,0,0,0
2441,6.0,6.0,0.0,18,0.2756250000000001,1,0,0,0
2442,6.0,6.0,0.0,26,0.27532812500000003,1,0,0,0
2443,6.0,6.0,0.0,19,0.27503124999999995,1,0,0,0
2444,6.0,6.0,0.0,17,0.2747343750000001,1,0,0,0
2445,6.0,6.0,0.0,36,0.2744375,1,0,0,0
2446,6.0,6.0,0.0,17,0.274140625,1,0,0,0
2447,6.0,6.0,0.0,15,0.27384375000000005,1,0,0,0
2448,6.0,6.0,0.0,16,0.2735468750000001,1,0,0,0
2449,6.0,6.0,0.0,26,0.27325,1,0,0,0
2450,6.0,6.0,0.0,25,0.27295312500000013,1,0,0,0
2451,6.0,6.0,0.0,17,0.27265625000000004,1,0,0,0
2452,6.0,6.0,0.0,19,0.27235937499999996,1,0,0,0
2453,6.0,6.0,0.0,21,0.2720625000000001,1,0,0,0
2454,6.0,6.0,0.0,21,0.271765625,1,0,0,0
2455,6.0,6.0,0.0,19,0.27146875000000004,1,0,0,0
2456,6.0,6.0,0.0,23,0.27117187500000006,1,0,0,0
2457,6.0,6.0,0.0,23,0.2708750000000001,1,0,0,0
2458,6.0,6.0,0.0,24,0.270578125,1,0,0,0
2459,6.0,6.0,0.0,17,0.27028125000000014,1,0,0,0
2460,6.0,6.0,0.0,29,0.26998437500000005,1,0,0,0
2461,6.0,6.0,0.0,19,0.26968749999999997,1,0,0,0
2462,6.0,6.0,0.0,30,0.2693906250000001,1,0,0,0
2463,6.0,6.0,0.0,23,0.26909375,1,0,0,0
2464,6.0,6.0,0.0,23,0.26879687500000005,1,0,0,0
2465,6.0,6.0,0.0,22,0.26850000000000007,1,0,0,0
2466,6.0,6.0,0.0,35,0.2682031250000001,1,0,0,0
2467,6.0,6.0,0.0,20,0.26790625,1,0,0,0
2468,6.0,6.0,0.0,20,0.26760937500000004,1,0,0,0
2469,6.0,6.0,0.0,21,0.26731250000000006,1,0,0,0
2470,6.0,6.0,0.0,27,0.267015625,1,0,0,0
2471,6.0,6.0,0.0,24,0.26671875,1,0,0,0
2472,6.0,6.0,0.0,27,0.26642187500000003,1,0,0,0
2473,6.0,6.0,0.0,25,0.26612500000000006,1,0,0,0
2474,6.0,6.0,0.0,19,0.26582812499999997,1,0,0,0
2475,6.0,6.0,0.0,17,0.2655312500000001,1,0,0,0
2476,6.0,6.0,0.0,31,0.265234375,1,0,0,0
2477,6.0,6.0,0.0,23,0.26493749999999994,1,0,0,0
2478,6.0,6.0,0.0,20,0.2646406250000001,1,0,0,0
2479,6.0,6.0,0.0,21,0.26434375,1,0,0,0
2480,6.0,6.0,0.0,17,0.264046875,1,0,0,0
2481,6.0,6.0,0.0,21,0.26375000000000004,1,0,0,0
2482,6.0,6.0,0.0,27,0.26345312500000007,1,0,0,0
2483,6.0,6.0,0.0,23,0.26315625,1,0,0,0
2484,6.0,6.0,0.0,18,0.2628593750000001,1,0,0,0
2485,6.0,6.0,0.0,35,0.26256250000000003,1,0,0,0
2486,6.0,6.0,0.0,25,0.26226562499999995,1,0,0,0
2487,6.0,6.0,0.0,15,0.2619687500000001,1,0,0,0
2488,6.0,6.0,0.0,26,0.261671875,1,0,0,0
2489,6.0,6.0,0.0,25,0.261375,1,0,0,0
2490,6.0,6.0,0.0,19,0.26107812500000005,1,0,0,0
2491,6.0,6.0,0.0,16,0.2607812500000001,1,0,0,0
2492,6.0,6.0,0.0,22,0.260484375,1,0,0,0
2493,6.0,6.0,0.0,21,0.2601875,1,0,0,0
2494,6.0,6.0,0.0,29,0.25989062500000004,1,0,0,0
2495,6.0,6.0,0.0,30,0.25959374999999996,1,0,0,0
2496,6.0,6.0,0.0,26,0.2592968750000001,1,0,0,0
2497,6.0,6.0,0.0,27,0.259,1,0,0,0
2498,6.0,6.0,0.0,24,0.25870312500000003,1,0,0,0
2499,6.0,6.0,0.0,24,0.25840625000000006,1,0,0,0
2500,6.0,6.0,0.0,19,0.2581093750000001,1,0,0,0
2501,6.0,6.0,0.0,26,0.2578125,1,0,0,0
2502,6.0,6.0,0.0,22,0.257515625,1,0,0,0
2503,6.0,6.0,0.0,18,0.25721875000000005,1,0,0,0
2504,6.0,6.0,0.0,29,0.25692187499999997,1,0,0,0
2505,6.0,6.0,0.0,32,0.2566250000000001,1,0,0,0
2506,6.0,6.0,0.0,23,0.256328125,1,0,0,0
2507,6.0,6.0,0.0,23,0.25603125000000004,1,0,0,0
2508,6.0,6.0,0.0,19,0.25573437500000007,1,0,0,0
2509,6.0,6.0,0.0,25,0.2554375000000001,1,0,0,0
2510,6.0,6.0,0.0,24,0.255140625,1,0,0,0
2511,6.0,6.0,0.0,25,0.25484375000000004,1,0,0,0
2512,6.0,6.0,0.0,22,0.25454687500000006,1,0,0,0
2513,6.0,6.0,0.0,21,0.25425,1,0,0,0
2514,6.0,6.0,0.0,19,0.2539531250000001,1,0,0,0
2515,6.0,6.0,0.0,30,0.25365625,1,0,0,0
2516,6.0,6.0,0.0,28,0.25335937500000005,1,0,0,0
2517,6.0,6.0,0.0,24,0.2530625000000001,1,0,0,0
2518,6.0,6.0,0.0,17,0.252765625,1,0,0,0
2519,6.0,6.0,0.0,25,0.25246875,1,0,0,0
2520,6.0,6.0,0.0,20,0.25217187500000005,1,0,0,0
2521,6.0,6.0,0.0,27,0.25187500000000007,1,0,0,0
2522,6.0,6.0,0.0,17,0.251578125,1,0,0,0
2523,6.0,6.0,0.0,23,0.2512812500000001,1,0,0,0
2524,6.0,6.0,0.0,30,0.25098437500000004,1,0,0,0
2525,6.0,6.0,0.0,22,0.25068750000000006,1,0,0,0
2526,6.0,6.0,0.0,16,0.2503906250000001,1,0,0,0
2527,6.0,6.0,0.0,22,0.25009375,1,0,0,0
2528,6.0,6.0,0.0,19,0.24979687500000003,1,0,0,0
2529,6.0,6.0,0.0,19,0.24950000000000006,1,0,0,0
2530,6.0,6.0,0.0,23,0.24920312500000008,1,0,0,0
2531,6.0,6.0,0.0,16,0.24890625,1,0,0,0
2532,6.0,6.0,0.0,17,0.24860937500000002,1,0,0,0
2533,6.0,6.0,0.0,27,0.24831250000000005,1,0,0,0
2534,6.0,6.0,0.0,19,0.24801562500000007,1,0,0,0
2535,6.0,6.0,0.0,15,0.24771875,1,0,0,0
2536,6.0,6.0,0.0,27,0.247421875,1,0,0,0
2537,6.0,6.0,0.0,25,0.24712500000000004,1,0,0,0
2538,6.0,6.0,0.0,28,0.24682812499999995,1,0,0,0
2539,6.0,6.0,0.0,30,0.2465312500000001,1,0,0,0
2540,6.0,6.0,0.0,23,0.246234375,1,0,0,0
2541,6.0,6.0,0.0,24,0.24593750000000003,1,0,0,0
2542,6.0,6.0,0.0,21,0.24564062500000006,1,0,0,0
2543,6.0,6.0,0.0,32,0.24534374999999997,1,0,0,0
2544,6.0,6.0,0.0,28,0.245046875,1,0,0,0
2545,6.0,6.0,0.0,19,0.24475000000000002,1,0,0,0
2546,6.0,6.0,0.0,20,0.24445312500000005,1,0,0,0
2547,6.0,6.0,0.0,19,0.24415624999999996,1,0,0,0
2548,6.0,6.0,0.0,17,0.2438593750000001,1,0,0,0
2549,6.0,6.0,0.0,19,0.24356250000000002,1,0,0,0
2550,6.0,6.0,0.0,27,0.24326562500000004,1,0,0,0
2551,6.0,6.0,0.0,19,0.24296875000000007,1,0,0,0
2552,6.0,6.0,0.0,25,0.24267187499999998,1,0,0,0
2553,6.0,6.0,0.0,24,0.242375,1,0,0,0
2554,6.0,6.0,0.0,25,0.24207812500000003,1,0,0,0
2555,6.0,6.0,0.0,19,0.24178125000000006,1,0,0,0
2556,6.0,6.0,0.0,15,0.24148437499999997,1,0,0,0
2557,6.0,6.0,0.0,19,0.2411875000000001,1,0,0,0
2558,6.0,6.0,0.0,24,0.24089062500000002,1,0,0,0
2559,6.0,6.0,0.0,17,0.24059375000000005,1,0,0,0
2560,6.0,6.0,0.0,28,0.24029687500000008,1,0,0,0
2561,6.0,6.0,0.0,18,0.24,1,0,0,0
2562,6.0,6.0,0.0,21,0.23970312500000002,1,0,0,0
2563,6.0,6.0,0.0,21,0.23940625000000004,1,0,0,0
2564,6.0,6.0,0.0,25,0.23910937500000007,1,0,0,0
2565,6.0,6.0,0.0,20,0.23881249999999998,1,0,0,0
2566,6.0,6.0,0.0,22,0.23851562500000012,1,0,0,0
2567,6.0,6.0,0.0,21,0.23821875000000003,1,0,0,0
2568,6.0,6.0,0.0,15,0.23792187499999995,1,0,0,0
2569,6.0,6.0,0.0,30,0.2376250000000001,1,0,0,0
2570,6.0,6.0,0.0,23,0.237328125,1,0,0,0
2571,6.0,6.0,0.0,18,0.23703125000000003,1,0,0,0
2572,6.0,6.0,0.0,25,0.23673437500000005,1,0,0,0
2573,6.0,6.0,0.0,23,0.23643750000000008,1,0,0,0
2574,6.0,6.0,0.0,19,0.236140625,1,0,0,0
2575,6.0,6.0,0.0,15,0.23584375000000013,1,0,0,0
2576,6.0,6.0,0.0,21,0.23554687500000004,1,0,0,0
2577,6.0,6.0,0.0,19,0.23524999999999996,1,0,0,0
2578,6.0,6.0,0.0,25,0.2349531250000001,1,0,0,0
2579,6.0,6.0,0.0,21,0.23465625,1,0,0,0
2580,6.0,6.0,0.0,24,0.23435937500000004,1,0,0,0
2581,6.0,6.0,0.0,17,0.23406250000000006,1,0,0,0
2582,6.0,6.0,0.0,21,0.2337656250000001,1,0,0,0
2583,6.0,6.0,0.0,26,0.23346875,1,0,0,0
2584,6.0,6.0,0.0,27,0.23317187500000014,1,0,0,0
2585,6.0,6.0,0.0,19,0.23287500000000005,1,0,0,0
2586,6.0,6.0,0.0,21,0.23257812499999997,1,0,0,0
2587,6.0,6.0,0.0,25,0.2322812500000001,1,0,0,0
2588,6.0,6.0,0.0,32,0.23198437500000002,1,0,0,0
2589,6.0,6.0,0.0,22,0.23168750000000005,1,0,0,0
2590,6.0,6.0,0.0,29,0.23139062500000007,1,0,0,0
2591,6.0,6.0,0.0,16,0.2310937500000001,1,0,0,0
2592,6.0,6.0,0.0,19,0.230796875,1,0,0,0
2593,6.0,6.0,0.0,23,0.23050000000000004,1,0,0,0
2594,6.0,6.0,0.0,21,0.23020312500000006,1,0,0,0
2595,6.0,6.0,0.0,29,0.22990624999999998,1,0,0,0
2596,6.0,6.0,0.0,17,0.229609375,1,0,0,0
2597,6.0,6.0,0.0,19,0.22931250000000003,1,0,0,0
2598,6.0,6.0,0.0,24,0.22901562500000006,1,0,0,0
2599,6.0,6.0,0.0,23,0.22871874999999997,1,0,0,0
2600,6.0,6.0,0.0,23,0.2284218750000001,1,0,0,0
2601,6.0,6.0,0.0,21,0.22812500000000002,1,0,0,0
2602,6.0,6.0,0.0,15,0.22782812499999994,1,0,0,0
2603,6.0,6.0,0.0,37,0.22753125000000007,1,0,0,0
2604,6.0,6.0,0.0,22,0.227234375,1,0,0,0
2605,6.0,6.0,0.0,23,0.22693750000000001,1,0,0,0
2606,6.0,6.0,0.0,23,0.22664062500000004,1,0,0,0
2607,6.0,6.0,0.0,29,0.22634375000000007,1,0,0,0
2608,6.0,6.0,0.0,26,0.22604687499999998,1,0,0,0
2609,6.0,6.0,0.0,20,0.22575000000000012,1,0,0,0
2610,6.0,6.0,0.0,15,0.22545312500000003,1,0,0,0
2611,6.0,6.0,0.0,17,0.22515624999999995,1,0,0,0
2612,6.0,6.0,0.0,23,0.22485937500000008,1,0,0,0
2613,6.0,6.0,0.0,28,0.2245625,1,0,0,0
2614,6.0,6.0,0.0,17,0.22426562500000002,1,0,0,0
2615,6.0,6.0,0.0,25,0.22396875000000005,1,0,0,0
2616,6.0,6.0,0.0,25,0.22367187500000008,1,0,0,0
2617,6.0,6.0,0.0,24,0.223375,1,0,0,0
2618,6.0,6.0,0.0,16,0.22307812500000002,1,0,0,0
2619,6.0,6.0,0.0,17,0.22278125000000004,1,0,0,0
2620,6.0,6.0,0.0,31,0.22248437499999996,1,0,0,0
2621,6.0,6.0,0.0,21,0.2221875000000001,1,0,0,0
2622,6.0,6.0,0.0,21,0.221890625,1,0,0,0
2623,6.0,6.0,0.0,20,0.22159375000000003,1,0,0,0
2624,6.0,6.0,0.0,34,0.22129687500000006,1,0,0,0
2625,6.0,6.0,0.0,23,0.22100000000000009,1,0,0,0
2626,6.0,6.0,0.0,33,0.220703125,1,0,0,0
2627,6.0,6.0,0.0,21,0.22040625000000003,1,0,0,0
2628,6.0,6.0,0.0,17,0.22010937500000005,1,0,0,0
2629,6.0,6.0,0.0,21,0.21981249999999997,1,0,0,0
2630,6.0,6.0,0.0,18,0.2195156250000001,1,0,0,0
2631,6.0,6.0,0.0,18,0.21921875000000002,1,0,0,0
2632,6.0,6.0,0.0,19,0.21892187500000004,1,0,0,0
2633,6.0,6.0,0.0,15,0.21862500000000007,1,0,0,0
2634,6.0,6.0,0.0,22,0.2183281250000001,1,0,0,0
2635,6.0,6.0,0.0,19,0.21803125,1,0,0,0
2636,6.0,6.0,0.0,24,0.21773437500000004,1,0,0,0
2637,6.0,6.0,0.0,21,0.21743750000000006,1,0,0,0
2638,6.0,6.0,0.0,21,0.21714062499999998,1,0,0,0
2639,6.0,6.0,0.0,15,0.2168437500000001,1,0,0,0
2640,6.0,6.0,0.0,15,0.21654687500000003,1,0,0,0
2641,6.0,6.0,0.0,27,0.21625000000000005,1,0,0,0
2642,6.0,6.0,0.0,15,0.21595312500000008,1,0,0,0
2643,6.0,6.0,0.0,15,0.21565625,1,0,0,0
2644,6.0,6.0,0.0,15,0.21535937500000002,1,0,0,0
2645,6.0,6.0,0.0,19,0.21506250000000005,1,0,0,0
2646,6.0,6.0,0.0,24,0.21476562500000007,1,0,0,0
2647,6.0,6.0,0.0,19,0.21446874999999999,1,0,0,0
2648,6.0,6.0,0.0,25,0.21417187500000012,1,0,0,0
2649,6.0,6.0,0.0,17,0.21387500000000004,1,0,0,0
2650,6.0,6.0,0.0,19,0.21357812500000006,1,0,0,0
2651,6.0,6.0,0.0,26,0.2132812500000001,1,0,0,0
2652,6.0,6.0,0.0,17,0.212984375,1,0,0,0
2653,6.0,6.0,0.0,19,0.21268750000000003,1,0,0,0
2654,6.0,6.0,0.0,22,0.21239062500000006,1,0,0,0
2655,6.0,6.0,0.0,20,0.21209375000000008,1,0,0,0
2656,6.0,6.0,0.0,21,0.211796875,1,0,0,0
2657,6.0,6.0,0.0,28,0.21150000000000002,1,0,0,0
2658,6.0,6.0,0.0,26,0.21120312500000005,1,0,0,0
2659,6.0,6.0,0.0,21,0.21090625000000007,1,0,0,0
2660,6.0,6.0,0.0,25,0.210609375,1,0,0,0
2661,6.0,6.0,0.0,22,0.2103125,1,0,0,0
2662,6.0,6.0,0.0,24,0.21001562500000004,1,0,0,0
2663,6.0,6.0,0.0,27,0.20971874999999995,1,0,0,0
2664,6.0,6.0,0.0,18,0.2094218750000001,1,0,0,0
2665,6.0,6.0,0.0,18,0.209125,1,0,0,0
2666,6.0,6.0,0.0,21,0.20882812500000003,1,0,0,0
2667,6.0,6.0,0.0,23,0.20853125000000006,1,0,0,0
2668,6.0,6.0,0.0,22,0.20823437499999997,1,0,0,0
2669,6.0,6.0,0.0,17,0.2079375,1,0,0,0
2670,6.0,6.0,0.0,24,0.20764062500000002,1,0,0,0
2671,6.0,6.0,0.0,22,0.20734375000000005,1,0,0,0
2672,6.0,6.0,0.0,21,0.20704687499999996,1,0,0,0
2673,6.0,6.0,0.0,28,0.2067500000000001,1,0,0,0
2674,6.0,6.0,0.0,19,0.20645312500000002,1,0,0,0
2675,6.0,6.0,0.0,21,0.20615625000000004,1,0,0,0
2676,6.0,6.0,0.0,17,0.20585937500000007,1,0,0,0
2677,6.0,6.0,0.0,25,0.20556249999999998,1,0,0,0
2678,6.0,6.0,0.0,19,0.205265625,1,0,0,0
2679,6.0,6.0,0.0,28,0.20496875000000003,1,0,0,0
2680,6.0,6.0,0.0,17,0.20467187500000006,1,0,0,0
2681,6.0,6.0,0.0,22,0.20437499999999997,1,0,0,0
2682,6.0,6.0,0.0,24,0.2040781250000001,1,0,0,0
2683,6.0,6.0,0.0,23,0.20378125000000002,1,0,0,0
2684,6.0,6.0,0.0,19,0.20348437500000005,1,0,0,0
2685,6.0,6.0,0.0,18,0.20318750000000008,1,0,0,0
2686,6.0,6.0,0.0,20,0.202890625,1,0,0,0
2687,6.0,6.0,0.0,19,0.20259375000000002,1,0,0,0
2688,6.0,6.0,0.0,19,0.20229687500000004,1,0,0,0
2689,6.0,6.0,0.0,24,0.20200000000000007,1,0,0,0
2690,6.0,6.0,0.0,15,0.20170312499999998,1,0,0,0
2691,6.0,6.0,0.0,22,0.20140625000000012,1,0,0,0
2692,6.0,6.0,0.0,19,0.20110937500000003,1,0,0,0
2693,6.0,6.0,0.0,23,0.20081249999999995,1,0,0,0
2694,6.0,6.0,0.0,19,0.2005156250000001,1,0,0,0
2695,6.0,6.0,0.0,19,0.20021875,1,0,0,0
2696,6.0,6.0,0.0,21,0.19992187500000003,1,0,0,0
2697,6.0,6.0,0.0,19,0.19962500000000005,1,0,0,0
2698,6.0,6.0,0.0,22,0.19932812500000008,1,0,0,0
2699,6.0,6.0,0.0,19,0.19903125,1,0,0,0
2700,6.0,6.0,0.0,15,0.19873437500000013,1,0,0,0
2701,6.0,6.0,0.0,23,0.19843750000000004,1,0,0,0
2702,6.0,6.0,0.0,17,0.19814062499999996,1,0,0,0
2703,6.0,6.0,0.0,25,0.1978437500000001,1,0,0,0
2704,6.0,6.0,0.0,15,0.197546875,1,0,0,0
2705,6.0,6.0,0.0,15,0.19725000000000004,1,0,0,0
2706,6.0,6.0,0.0,15,0.19695312500000006,1,0,0,0
2707,6.0,6.0,0.0,17,0.1966562500000001,1,0,0,0
2708,6.0,6.0,0.0,20,0.196359375,1,0,0,0
2709,6.0,6.0,0.0,20,0.19606250000000014,1,0,0,0
2710,6.0,6.0,0.0,21,0.19576562500000005,1,0,0,0
2711,6.0,6.0,0.0,19,0.19546874999999997,1,0,0,0
2712,6.0,6.0,0.0,17,0.1951718750000001,1,0,0,0
2713,6.0,6.0,0.0,19,0.19487500000000002,1,0,0,0
2714,6.0,6.0,0.0,22,0.19457812500000005,1,0,0,0
2715,6.0,6.0,0.0,19,0.19428125000000007,1,0,0,0
2716,6.0,6.0,0.0,27,0.1939843750000001,1,0,0,0
2717,6.0,6.0,0.0,17,0.1936875,1,0,0,0
2718,6.0,6.0,0.0,23,0.19339062500000004,1,0,0,0
2719,6.0,6.0,0.0,23,0.19309375000000006,1,0,0,0
2720,6.0,6.0,0.0,22,0.19279687499999998,1,0,0,0
2721,6.0,6.0,0.0,17,0.1925,1,0,0,0
2722,6.0,6.0,0.0,28,0.19220312500000003,1,0,0,0
2723,6.0,6.0,0.0,15,0.19190625000000006,1,0,0,0
2724,6.0,6.0,0.0,27,0.19160937499999997,1,0,0,0
2725,6.0,6.0,0.0,17,0.1913125000000001,1,0,0,0
2726,6.0,6.0,0.0,21,0.19101562500000002,1,0,0,0
2727,6.0,6.0,0.0,26,0.19071874999999994,1,0,0,0
2728,6.0,6.0,0.0,18,0.19042187500000007,1,0,0,0
2729,6.0,6.0,0.0,20,0.190125,1,0,0,0
2730,6.0,6.0,0.0,15,0.18982812500000001,1,0,0,0
2731,6.0,6.0,0.0,17,0.18953125000000004,1,0,0,0
2732,6.0,6.0,0.0,21,0.18923437500000007,1,0,0,0
2733,6.0,6.0,0.0,19,0.18893749999999998,1,0,0,0
2734,6.0,6.0,0.0,22,0.18864062500000012,1,0,0,0
2735,6.0,6.0,0.0,23,0.18834375000000003,1,0,0,0
2736,6.0,6.0,0.0,15,0.18804687499999995,1,0,0,0
2737,6.0,6.0,0.0,23,0.18775000000000008,1,0,0,0
2738,6.0,6.0,0.0,15,0.187453125,1,0,0,0
2739,6.0,6.0,0.0,17,0.18715625000000002,1,0,0,0
2740,6.0,6.0,0.0,25,0.18685937500000005,1,0,0,0
2741,6.0,6.0,0.0,19,0.18656250000000008,1,0,0,0
2742,6.0,6.0,0.0,19,0.186265625,1,0,0,0
2743,6.0,6.0,0.0,25,0.18596875000000002,1,0,0,0
2744,6.0,6.0,0.0,25,0.18567187500000004,1,0,0,0
2745,6.0,6.0,0.0,20,0.18537499999999996,1,0,0,0
2746,6.0,6.0,0.0,31,0.1850781250000001,1,0,0,0
2747,6.0,6.0,0.0,15,0.18478125,1,0,0,0
2748,6.0,6.0,0.0,23,0.18448437500000003,1,0,0,0
2749,6.0,6.0,0.0,17,0.18418750000000006,1,0,0,0
2750,6.0,6.0,0.0,15,0.18389062500000009,1,0,0,0
2751,6.0,6.0,0.0,22,0.18359375,1,0,0,0
2752,6.0,6.0,0.0,19,0.18329687500000003,1,0,0,0
2753,6.0,6.0,0.0,20,0.18300000000000005,1,0,0,0
2754,6.0,6.0,0.0,23,0.18270312499999997,1,0,0,0
2755,6.0,6.0,0.0,20,0.1824062500000001,1,0,0,0
2756,6.0,6.0,0.0,17,0.18210937500000002,1,0,0,0
2757,6.0,6.0,0.0,20,0.18181250000000004,1,0,0,0
2758,6.0,6.0,0.0,28,0.18151562500000007,1,0,0,0
2759,6.0,6.0,0.0,22,0.1812187500000001,1,0,0,0
2760,6.0,6.0,0.0,22,0.180921875,1,0,0,0
2761,6.0,6.0,0.0,17,0.18062500000000004,1,0,0,0
2762,6.0,6.0,0.0,15,0.18032812500000006,1,0,0,0
2763,6.0,6.0,0.0,21,0.18003124999999998,1,0,0,0
2764,6.0,6.0,0.0,15,0.1797343750000001,1,0,0,0
2765,6.0,6.0,0.0,22,0.17943750000000003,1,0,0,0
2766,6.0,6.0,0.0,17,0.17914062500000005,1,0,0,0
2767,6.0,6.0,0.0,22,0.17884375000000008,1,0,0,0
2768,6.0,6.0,0.0,20,0.178546875,1,0,0,0
2769,6.0,6.0,0.0,18,0.17825000000000002,1,0,0,0
2770,6.0,6.0,0.0,20,0.17795312500000005,1,0,0,0
2771,6.0,6.0,0.0,18,0.17765625000000007,1,0,0,0
2772,6.0,6.0,0.0,22,0.17735937499999999,1,0,0,0
2773,6.0,6.0,0.0,23,0.17706250000000012,1,0,0,0
2774,6.0,6.0,0.0,23,0.17676562500000004,1,0,0,0
2775,6.0,6.0,0.0,19,0.17646875000000006,1,0,0,0
2776,6.0,6.0,0.0,28,0.1761718750000001,1,0,0,0
2777,6.0,6.0,0.0,19,0.175875,1,0,0,0
2778,6.0,6.0,0.0,20,0.17557812500000003,1,0,0,0
2779,6.0,6.0,0.0,23,0.17528125000000006,1,0,0,0
2780,6.0,6.0,0.0,17,0.17498437500000008,1,0,0,0
2781,6.0,6.0,0.0,24,0.1746875,1,0,0,0
2782,6.0,6.0,0.0,19,0.17439062500000002,1,0,0,0
2783,6.0,6.0,0.0,17,0.17409375000000005,1,0,0,0
2784,6.0,6.0,0.0,23,0.17379687500000007,1,0,0,0
2785,6.0,6.0,0.0,18,0.1735,1,0,0,0
2786,6.0,6.0,0.0,26,0.173203125,1,0,0,0
2787,6.0,6.0,0.0,22,0.17290625000000004,1,0,0,0
2788,6.0,6.0,0.0,17,0.17260937499999995,1,0,0,0
2789,6.0,6.0,0.0,15,0.1723125000000001,1,0,0,0
2790,6.0,6.0,0.0,17,0.172015625,1,0,0,0
2791,6.0,6.0,0.0,15,0.17171875000000003,1,0,0,0
2792,6.0,6.0,0.0,22,0.17142187500000006,1,0,0,0
2793,6.0,6.0,0.0,19,0.17112499999999997,1,0,0,0
2794,6.0,6.0,0.0,19,0.170828125,1,0,0,0
2795,6.0,6.0,0.0,17,0.17053125000000002,1,0,0,0
2796,6.0,6.0,0.0,17,0.17023437500000005,1,0,0,0
2797,6.0,6.0,0.0,15,0.16993749999999996,1,0,0,0
2798,6.0,6.0,0.0,17,0.1696406250000001,1,0,0,0
2799,6.0,6.0,0.0,20,0.16934375000000002,1,0,0,0
2800,6.0,6.0,0.0,19,0.16904687500000004,1,0,0,0
2801,6.0,6.0,0.0,15,0.16875000000000007,1,0,0,0
2802,6.0,6.0,0.0,15,0.16845312499999998,1,0,0,0
2803,6.0,6.0,0.0,22,0.16815625,1,0,0,0
2804,6.0,6.0,0.0,16,0.16785937500000003,1,0,0,0
2805,6.0,6.0,0.0,36,0.16756250000000006,1,0,0,0
2806,6.0,6.0,0.0,19,0.16726562499999997,1,0,0,0
2807,6.0,6.0,0.0,25,0.1669687500000001,1,0,0,0
2808,6.0,6.0,0.0,17,0.16667187500000002,1,0,0,0
2809,6.0,6.0,0.0,17,0.16637500000000005,1,0,0,0
2810,6.0,6.0,0.0,29,0.16607812500000008,1,0,0,0
2811,6.0,6.0,0.0,17,0.16578125,1,0,0,0
2812,6.0,6.0,0.0,22,0.16548437500000002,1,0,0,0
2813,6.0,6.0,0.0,24,0.16518750000000004,1,0,0,0
2814,6.0,6.0,0.0,26,0.16489062500000007,1,0,0,0
2815,6.0,6.0,0.0,19,0.16459374999999998,1,0,0,0
2816,6.0,6.0,0.0,17,0.16429687500000012,1,0,0,0
2817,6.0,6.0,0.0,17,0.16400000000000003,1,0,0,0
2818,6.0,6.0,0.0,15,0.16370312499999995,1,0,0,0
2819,6.0,6.0,0.0,18,0.1634062500000001,1,0,0,0
2820,6.0,6.0,0.0,19,0.163109375,1,0,0,0
2821,6.0,6.0,0.0,27,0.16281250000000003,1,0,0,0
2822,6.0,6.0,0.0,15,0.16251562500000005,1,0,0,0
2823,6.0,6.0,0.0,15,0.16221875000000008,1,0,0,0
2824,6.0,6.0,0.0,17,0.161921875,1,0,0,0
2825,6.0,6.0,0.0,18,0.16162500000000013,1,0,0,0
2826,6.0,6.0,0.0,24,0.16132812500000004,1,0,0,0
2827,6.0,6.0,0.0,22,0.16103124999999996,1,0,0,0
2828,6.0,6.0,0.0,15,0.1607343750000001,1,0,0,0
2829,6.0,6.0,0.0,17,0.1604375,1,0,0,0
2830,6.0,6.0,0.0,22,0.16014062500000004,1,0,0,0
2831,6.0,6.0,0.0,21,0.15984375000000006,1,0,0,0
2832,6.0,6.0,0.0,25,0.1595468750000001,1,0,0,0
2833,6.0,6.0,0.0,21,0.15925,1,0,0,0
2834,6.0,6.0,0.0,15,0.15895312500000014,1,0,0,0
2835,6.0,6.0,0.0,21,0.15865625000000005,1,0,0,0
2836,6.0,6.0,0.0,19,0.15835937499999997,1,0,0,0
2837,6.0,6.0,0.0,17,0.1580625000000001,1,0,0,0
2838,6.0,6.0,0.0,15,0.15776562500000002,1,0,0,0
2839,6.0,6.0,0.0,22,0.15746875000000005,1,0,0,0
2840,6.0,6.0,0.0,15,0.15717187500000007,1,0,0,0
2841,6.0,6.0,0.0,15,0.1568750000000001,1,0,0,0
2842,6.0,6.0,0.0,17,0.156578125,1,0,0,0
2843,6.0,6.0,0.0,17,0.15628125000000004,1,0,0,0
2844,6.0,6.0,0.0,24,0.15598437500000006,1,0,0,0
2845,6.0,6.0,0.0,19,0.15568749999999998,1,0,0,0
2846,6.0,6.0,0.0,15,0.15539062500000012,1,0,0,0
2847,6.0,6.0,0.0,17,0.15509375000000003,1,0,0,0
2848,6.0,6.0,0.0,15,0.15479687500000006,1,0,0,0
2849,6.0,6.0,0.0,17,0.15450000000000008,1,0,0,0
2850,6.0,6.0,0.0,17,0.1542031250000001,1,0,0,0
2851,6.0,6.0,0.0,17,0.15390625000000002,1,0,0,0
2852,6.0,6.0,0.0,15,0.15360937500000005,1,0,0,0
2853,6.0,6.0,0.0,17,0.15331250000000007,1,0,0,0
2854,6.0,6.0,0.0,19,0.153015625,1,0,0,0
2855,6.0,6.0,0.0,24,0.15271875000000001,1,0,0,0
2856,6.0,6.0,0.0,15,0.15242187500000004,1,0,0,0
2857,6.0,6.0,0.0,16,0.15212500000000007,1,0,0,0
2858,6.0,6.0,0.0,22,0.15182812499999998,1,0,0,0
2859,6.0,6.0,0.0,15,0.15153125000000012,1,0,0,0
2860,6.0,6.0,0.0,24,0.15123437500000003,1,0,0,0
2861,6.0,6.0,0.0,15,0.15093749999999995,1,0,0,0
2862,6.0,6.0,0.0,26,0.15064062500000008,1,0,0,0
2863,6.0,6.0,0.0,17,0.15034375,1,0,0,0
2864,6.0,6.0,0.0,20,0.15004687500000002,1,0,0,0
2865,6.0,6.0,0.0,20,0.14975000000000005,1,0,0,0
2866,6.0,6.0,0.0,15,0.14945312500000008,1,0,0,0
2867,6.0,6.0,0.0,21,0.14915625,1,0,0,0
2868,6.0,6.0,0.0,17,0.14885937500000002,1,0,0,0
2869,6.0,6.0,0.0,18,0.14856250000000004,1,0,0,0
2870,6.0,6.0,0.0,19,0.14826562499999996,1,0,0,0
2871,6.0,6.0,0.0,15,0.1479687500000001,1,0,0,0
2872,6.0,6.0,0.0,22,0.147671875,1,0,0,0
2873,6.0,6.0,0.0,21,0.14737500000000003,1,0,0,0
2874,6.0,6.0,0.0,21,0.14707812500000006,1,0,0,0
2875,6.0,6.0,0.0,19,0.14678125000000009,1,0,0,0
2876,6.0,6.0,0.0,17,0.146484375,1,0,0,0
2877,6.0,6.0,0.0,19,0.14618750000000003,1,0,0,0
2878,6.0,6.0,0.0,20,0.14589062500000005,1,0,0,0
2879,6.0,6.0,0.0,17,0.14559374999999997,1,0,0,0
2880,6.0,6.0,0.0,15,0.1452968750000001,1,0,0,0
2881,6.0,6.0,0.0,26,0.14500000000000002,1,0,0,0
2882,6.0,6.0,0.0,17,0.14470312500000004,1,0,0,0
2883,6.0,6.0,0.0,15,0.14440625000000007,1,0,0,0
2884,6.0,6.0,0.0,27,0.1441093750000001,1,0,0,0
2885,6.0,6.0,0.0,15,0.1438125,1,0,0,0
2886,6.0,6.0,0.0,15,0.14351562500000004,1,0,0,0
2887,6.0,6.0,0.0,23,0.14321875000000006,1,0,0,0
2888,6.0,6.0,0.0,17,0.14292187499999998,1,0,0,0
2889,6.0,6.0,0.0,15,0.1426250000000001,1,0,0,0
2890,6.0,6.0,0.0,15,0.14232812500000003,1,0,0,0
2891,6.0,6.0,0.0,20,0.14203125000000005,1,0,0,0
2892,6.0,6.0,0.0,23,0.14173437500000008,1,0,0,0
2893,6.0,6.0,0.0,20,0.1414375,1,0,0,0
2894,6.0,6.0,0.0,23,0.14114062500000002,1,0,0,0
2895,6.0,6.0,0.0,15,0.14084375000000005,1,0,0,0
2896,6.0,6.0,0.0,19,0.14054687500000007,1,0,0,0
2897,6.0,6.0,0.0,17,0.14024999999999999,1,0,0,0
2898,6.0,6.0,0.0,17,0.13995312500000012,1,0,0,0
2899,6.0,6.0,0.0,21,0.13965625000000004,1,0,0,0
2900,6.0,6.0,0.0,15,0.13935937500000006,1,0,0,0
2901,6.0,6.0,0.0,15,0.1390625000000001,1,0,0,0
2902,6.0,6.0,0.0,15,0.138765625,1,0,0,0
2903,6.0,6.0,0.0,18,0.13846875000000003,1,0,0,0
2904,6.0,6.0,0.0,16,0.13817187500000006,1,0,0,0
2905,6.0,6.0,0.0,19,0.13787500000000008,1,0,0,0
2906,6.0,6.0,0.0,15,0.137578125,1,0,0,0
2907,6.0,6.0,0.0,22,0.13728125000000013,1,0,0,0
2908,6.0,6.0,0.0,22,0.13698437500000005,1,0,0,0
2909,6.0,6.0,0.0,15,0.13668750000000007,1,0,0,0
2910,6.0,6.0,0.0,17,0.1363906250000001,1,0,0,0
2911,6.0,6.0,0.0,23,0.13609375,1,0,0,0
2912,6.0,6.0,0.0,19,0.13579687500000004,1,0,0,0
2913,6.0,6.0,0.0,22,0.13550000000000006,1,0,0,0
2914,6.0,6.0,0.0,19,0.1352031250000001,1,0,0,0
2915,6.0,6.0,0.0,17,0.13490625,1,0,0,0
2916,6.0,6.0,0.0,15,0.13460937500000003,1,0,0,0
2917,6.0,6.0,0.0,15,0.13431250000000006,1,0,0,0
2918,6.0,6.0,0.0,17,0.13401562499999997,1,0,0,0
2919,6.0,6.0,0.0,15,0.13371875,1,0,0,0
2920,6.0,6.0,0.0,18,0.13342187500000002,1,0,0,0
2921,6.0,6.0,0.0,15,0.13312500000000005,1,0,0,0
2922,6.0,6.0,0.0,15,0.13282812499999996,1,0,0,0
2923,6.0,6.0,0.0,15,0.1325312500000001,1,0,0,0
2924,6.0,6.0,0.0,17,0.13223437500000002,1,0,0,0
2925,6.0,6.0,0.0,15,0.13193750000000004,1,0,0,0
2926,6.0,6.0,0.0,17,0.13164062500000007,1,0,0,0
2927,6.0,6.0,0.0,15,0.13134374999999998,1,0,0,0
2928,6.0,6.0,0.0,19,0.131046875,1,0,0,0
2929,6.0,6.0,0.0,17,0.13075000000000003,1,0,0,0
2930,6.0,6.0,0.0,23,0.13045312500000006,1,0,0,0
2931,6.0,6.0,0.0,19,0.13015624999999997,1,0,0,0
2932,6.0,6.0,0.0,20,0.1298593750000001,1,0,0,0
2933,6.0,6.0,0.0,22,0.12956250000000002,1,0,0,0
2934,6.0,6.0,0.0,21,0.12926562500000005,1,0,0,0
2935,6.0,6.0,0.0,23,0.12896875000000008,1,0,0,0
2936,6.0,6.0,0.0,19,0.128671875,1,0,0,0
2937,6.0,6.0,0.0,19,0.12837500000000002,1,0,0,0
2938,6.0,6.0,0.0,15,0.12807812500000004,1,0,0,0
2939,6.0,6.0,0.0,20,0.12778125000000007,1,0,0,0
2940,6.0,6.0,0.0,18,0.12748437499999998,1,0,0,0
2941,6.0,6.0,0.0,20,0.12718750000000012,1,0,0,0
2942,6.0,6.0,0.0,22,0.12689062500000003,1,0,0,0
2943,6.0,6.0,0.0,15,0.12659374999999995,1,0,0,0
2944,6.0,6.0,0.0,18,0.1262968750000001,1,0,0,0
2945,6.0,6.0,0.0,17,0.126,1,0,0,0
2946,6.0,6.0,0.0,21,0.12570312500000003,1,0,0,0
2947,6.0,6.0,0.0,15,0.12540625000000005,1,0,0,0
2948,6.0,6.0,0.0,17,0.12510937500000008,1,0,0,0
2949,6.0,6.0,0.0,15,0.12481249999999999,1,0,0,0
2950,6.0,6.0,0.0,18,0.12451562500000013,1,0,0,0
2951,6.0,6.0,0.0,25,0.12421875000000004,1,0,0,0
2952,6.0,6.0,0.0,20,0.12392187499999996,1,0,0,0
2953,6.0,6.0,0.0,17,0.1236250000000001,1,0,0,0
2954,6.0,6.0,0.0,21,0.12332812500000001,1,0,0,0
2955,6.0,6.0,0.0,21,0.12303125000000004,1,0,0,0
2956,6.0,6.0,0.0,21,0.12273437500000006,1,0,0,0
2957,6.0,6.0,0.0,17,0.12243750000000009,1,0,0,0
2958,6.0,6.0,0.0,15,0.122140625,1,0,0,0
2959,6.0,6.0,0.0,17,0.12184375000000014,1,0,0,0
2960,6.0,6.0,0.0,19,0.12154687500000005,1,0,0,0
2961,6.0,6.0,0.0,15,0.12124999999999997,1,0,0,0
2962,6.0,6.0,0.0,15,0.1209531250000001,1,0,0,0
2963,6.0,6.0,0.0,22,0.12065625000000002,1,0,0,0
2964,6.0,6.0,0.0,17,0.12035937500000005,1,0,0,0
2965,6.0,6.0,0.0,21,0.12006250000000007,1,0,0,0
2966,6.0,6.0,0.0,15,0.1197656250000001,1,0,0,0
2967,6.0,6.0,0.0,18,0.11946875000000001,1,0,0,0
2968,6.0,6.0,0.0,17,0.11917187500000004,1,0,0,0
2969,6.0,6.0,0.0,17,0.11887500000000006,1,0,0,0
2970,6.0,6.0,0.0,23,0.11857812499999998,1,0,0,0
2971,6.0,6.0,0.0,19,0.11828125000000012,1,0,0,0
2972,6.0,6.0,0.0,19,0.11798437500000003,1,0,0,0
2973,6.0,6.0,0.0,17,0.11768750000000006,1,0,0,0
2974,6.0,6.0,0.0,17,0.11739062500000008,1,0,0,0
2975,6.0,6.0,0.0,19,0.11709375000000011,1,0,0,0
2976,6.0,6.0,0.0,19,0.11679687500000002,1,0,0,0
2977,6.0,6.0,0.0,17,0.11650000000000005,1,0,0,0
2978,6.0,6.0,0.0,15,0.11620312500000007,1,0,0,0
2979,6.0,6.0,0.0,15,0.11590624999999999,1,0,0,0
2980,6.0,6.0,0.0,15,0.11560937500000001,1,0,0,0
2981,6.0,6.0,0.0,15,0.11531250000000004,1,0,0,0
2982,6.0,6.0,0.0,15,0.11501562500000007,1,0,0,0
2983,6.0,6.0,0.0,16,0.11471874999999998,1,0,0,0
2984,6.0,6.0,0.0,15,0.11442187500000012,1,0,0,0
2985,6.0,6.0,0.0,17,0.11412500000000003,1,0,0,0
2986,6.0,6.0,0.0,18,0.11382812499999995,1,0,0,0
2987,6.0,6.0,0.0,15,0.11353125000000008,1,0,0,0
2988,6.0,6.0,0.0,19,0.113234375,1,0,0,0
2989,6.0,6.0,0.0,17,0.11293750000000002,1,0,0,0
2990,6.0,6.0,0.0,21,0.11264062500000005,1,0,0,0
2991,6.0,6.0,0.0,19,0.11234375000000008,1,0,0,0
2992,6.0,6.0,0.0,16,0.11204687499999999,1,0,0,0
2993,6.0,6.0,0.0,15,0.11175000000000002,1,0,0,0
2994,6.0,6.0,0.0,15,0.11145312500000004,1,0,0,0
2995,6.0,6.0,0.0,17,0.11115624999999996,1,0,0,0
2996,6.0,6.0,0.0,15,0.1108593750000001,1,0,0,0
2997,6.0,6.0,0.0,19,0.11056250000000001,1,0,0,0
2998,6.0,6.0,0.0,20,0.11026562500000003,1,0,0,0
2999,6.0,6.0,0.0,22,0.10996875000000006,1,0,0,0
3000,6.0,6.0,0.0,17,0.10967187500000009,1,0,0,0
3001,6.0,6.0,0.0,17,0.109375,1,0,0,0
3002,6.0,6.0,0.0,18,0.10907812500000003,1,0,0,0
3003,6.0,6.0,0.0,17,0.10878125000000005,1,0,0,0
3004,6.0,6.0,0.0,15,0.10848437499999997,1,0,0,0
3005,6.0,6.0,0.0,17,0.1081875000000001,1,0,0,0
3006,6.0,6.0,0.0,19,0.10789062500000002,1,0,0,0
3007,6.0,6.0,0.0,18,0.10759375000000004,1,0,0,0
3008,6.0,6.0,0.0,15,0.10729687500000007,1,0,0,0
3009,6.0,6.0,0.0,17,0.1070000000000001,1,0,0,0
3010,6.0,6.0,0.0,17,0.10670312500000001,1,0,0,0
3011,6.0,6.0,0.0,15,0.10640625000000004,1,0,0,0
3012,6.0,6.0,0.0,15,0.10610937500000006,1,0,0,0
3013,6.0,6.0,0.0,15,0.10581249999999998,1,0,0,0
3014,6.0,6.0,0.0,17,0.10551562500000011,1,0,0,0
3015,6.0,6.0,0.0,23,0.10521875000000003,1,0,0,0
3016,6.0,6.0,0.0,15,0.10492187500000005,1,0,0,0
3017,6.0,6.0,0.0,18,0.10462500000000008,1,0,0,0
3018,6.0,6.0,0.0,18,0.104328125,1,0,0,0
3019,6.0,6.0,0.0,15,0.10403125000000002,1,0,0,0
3020,6.0,6.0,0.0,20,0.10373437500000005,1,0,0,0
3021,6.0,6.0,0.0,15,0.10343750000000007,1,0,0,0
3022,6.0,6.0,0.0,17,0.10314062499999999,1,0,0,0
3023,6.0,6.0,0.0,18,0.10284375000000012,1,0,0,0
3024,6.0,6.0,0.0,17,0.10254687500000004,1,0,0,0
3025,6.0,6.0,0.0,18,0.10225000000000006,1,0,0,0
3026,6.0,6.0,0.0,16,0.10195312500000009,1,0,0,0
3027,6.0,6.0,0.0,19,0.10165625,1,0,0,0
3028,6.0,6.0,0.0,20,0.10135937500000003,1,0,0,0
3029,6.0,6.0,0.0,15,0.10106250000000006,1,0,0,0
3030,6.0,6.0,0.0,15,0.10076562500000008,1,0,0,0
3031,6.0,6.0,0.0,15,0.10046875,1,0,0,0
3032,6.0,6.0,0.0,24,0.10017187500000013,1,0,0,0
3033,6.0,6.0,0.0,15,0.09987500000000005,1,0,0,0
3034,6.0,6.0,0.0,17,0.09957812500000007,1,0,0,0
3035,6.0,6.0,0.0,19,0.0992812500000001,1,0,0,0
3036,6.0,6.0,0.0,17,0.09898437500000001,1,0,0,0
3037,6.0,6.0,0.0,18,0.09868750000000004,1,0,0,0
3038,6.0,6.0,0.0,20,0.09839062500000006,1,0,0,0
3039,6.0,6.0,0.0,19,0.09809375000000009,1,0,0,0
3040,6.0,6.0,0.0,23,0.097796875,1,0,0,0
3041,6.0,6.0,0.0,17,0.09750000000000003,1,0,0,0
3042,6.0,6.0,0.0,15,0.09720312500000006,1,0,0,0
3043,6.0,6.0,0.0,18,0.09690624999999997,1,0,0,0
3044,6.0,6.0,0.0,15,0.096609375,1,0,0,0
3045,6.0,6.0,0.0,17,0.09631250000000002,1,0,0,0
3046,6.0,6.0,0.0,17,0.09601562500000005,1,0,0,0
3047,6.0,6.0,0.0,17,0.09571874999999996,1,0,0,0
3048,6.0,6.0,0.0,18,0.0954218750000001,1,0,0,0
3049,6.0,6.0,0.0,17,0.09512500000000002,1,0,0,0
3050,6.0,6.0,0.0,16,0.09482812500000004,1,0,0,0
3051,6.0,6.0,0.0,16,0.09453125000000007,1,0,0,0
3052,6.0,6.0,0.0,21,0.09423437499999998,1,0,0,0
3053,6.0,6.0,0.0,17,0.09393750000000001,1,0,0,0
3054,6.0,6.0,0.0,19,0.09364062500000003,1,0,0,0
3055,6.0,6.0,0.0,20,0.09334375000000006,1,0,0,0
3056,6.0,6.0,0.0,22,0.09304687499999997,1,0,0,0
3057,6.0,6.0,0.0,15,0.09275000000000011,1,0,0,0
3058,6.0,6.0,0.0,17,0.09245312500000002,1,0,0,0
3059,6.0,6.0,0.0,15,0.09215625000000005,1,0,0,0
3060,6.0,6.0,0.0,19,0.09185937500000008,1,0,0,0
3061,6.0,6.0,0.0,15,0.09156249999999999,1,0,0,0
3062,6.0,6.0,0.0,19,0.09126562500000002,1,0,0,0
3063,6.0,6.0,0.0,19,0.09096875000000004,1,0,0,0
3064,6.0,6.0,0.0,17,0.09067187500000007,1,0,0,0
3065,6.0,6.0,0.0,15,0.09037499999999998,1,0,0,0
3066,6.0,6.0,0.0,20,0.09007812500000012,1,0,0,0
3067,6.0,6.0,0.0,17,0.08978125000000003,1,0,0,0
3068,6.0,6.0,0.0,18,0.08948437499999995,1,0,0,0
3069,6.0,6.0,0.0,21,0.08918750000000009,1,0,0,0
3070,6.0,6.0,0.0,17,0.088890625,1,0,0,0
3071,6.0,6.0,0.0,15,0.08859375000000003,1,0,0,0
3072,6.0,6.0,0.0,15,0.08829687500000005,1,0,0,0
3073,6.0,6.0,0.0,20,0.08800000000000008,1,0,0,0
3074,6.0,6.0,0.0,15,0.08770312499999999,1,0,0,0
3075,6.0,6.0,0.0,19,0.08740625000000013,1,0,0,0
3076,6.0,6.0,0.0,21,0.08710937500000004,1,0,0,0
3077,6.0,6.0,0.0,20,0.08681249999999996,1,0,0,0
3078,6.0,6.0,0.0,15,0.0865156250000001,1,0,0,0
3079,6.0,6.0,0.0,21,0.08621875000000001,1,0,0,0
3080,6.0,6.0,0.0,15,0.08592187500000004,1,0,0,0
3081,6.0,6.0,0.0,15,0.08562500000000006,1,0,0,0
3082,6.0,6.0,0.0,17,0.08532812500000009,1,0,0,0
3083,6.0,6.0,0.0,22,0.08503125,1,0,0,0
3084,6.0,6.0,0.0,15,0.08473437500000014,1,0,0,0
3085,6.0,6.0,0.0,18,0.08443750000000005,1,0,0,0
3086,6.0,6.0,0.0,15,0.08414062499999997,1,0,0,0
3087,6.0,6.0,0.0,17,0.0838437500000001,1,0,0,0
3088,6.0,6.0,0.0,24,0.08354687500000002,1,0,0,0
3089,6.0,6.0,0.0,15,0.08325000000000005,1,0,0,0
3090,6.0,6.0,0.0,17,0.08295312500000007,1,0,0,0
3091,6.0,6.0,0.0,15,0.0826562500000001,1,0,0,0
3092,6.0,6.0,0.0,15,0.08235937500000001,1,0,0,0
3093,6.0,6.0,0.0,15,0.08206250000000004,1,0,0,0
3094,6.0,6.0,0.0,19,0.08176562500000006,1,0,0,0
3095,6.0,6.0,0.0,15,0.08146874999999998,1,0,0,0
3096,6.0,6.0,0.0,15,0.08117187500000012,1,0,0,0
3097,6.0,6.0,0.0,17,0.08087500000000003,1,0,0,0
3098,6.0,6.0,0.0,17,0.08057812500000006,1,0,0,0
3099,6.0,6.0,0.0,15,0.08028125000000008,1,0,0,0
3100,6.0,6.0,0.0,21,0.07998437500000011,1,0,0,0
3101,6.0,6.0,0.0,17,0.07968750000000002,1,0,0,0
3102,6.0,6.0,0.0,17,0.07939062500000005,1,0,0,0
3103,6.0,6.0,0.0,15,0.07909375000000007,1,0,0,0
3104,6.0,6.0,0.0,19,0.07879687499999999,1,0,0,0
3105,6.0,6.0,0.0,24,0.07850000000000001,1,0,0,0
3106,6.0,6.0,0.0,19,0.07820312500000004,1,0,0,0
3107,6.0,6.0,0.0,15,0.07790625000000007,1,0,0,0
3108,6.0,6.0,0.0,15,0.07760937499999998,1,0,0,0
3109,6.0,6.0,0.0,17,0.07731250000000012,1,0,0,0
3110,6.0,6.0,0.0,15,0.07701562500000003,1,0,0,0
3111,6.0,6.0,0.0,22,0.07671874999999995,1,0,0,0
3112,6.0,6.0,0.0,19,0.07642187500000008,1,0,0,0
3113,6.0,6.0,0.0,15,0.076125,1,0,0,0
3114,6.0,6.0,0.0,15,0.07582812500000002,1,0,0,0
3115,6.0,6.0,0.0,21,0.07553125000000005,1,0,0,0
3116,6.0,6.0,0.0,17,0.07523437500000008,1,0,0,0
3117,6.0,6.0,0.0,15,0.07493749999999999,1,0,0,0
3118,6.0,6.0,0.0,18,0.07464062500000002,1,0,0,0
3119,6.0,6.0,0.0,17,0.07434375000000004,1,0,0,0
3120,6.0,6.0,0.0,17,0.07404687499999996,1,0,0,0
3121,6.0,6.0,0.0,19,0.0737500000000001,1,0,0,0
3122,6.0,6.0,0.0,17,0.07345312500000001,1,0,0,0
3123,6.0,6.0,0.0,15,0.07315625000000003,1,0,0,0
3124,6.0,6.0,0.0,17,0.07285937500000006,1,0,0,0
3125,6.0,6.0,0.0,15,0.07256250000000009,1,0,0,0
3126,6.0,6.0,0.0,15,0.072265625,1,0,0,0
3127,6.0,6.0,0.0,15,0.07196875000000003,1,0,0,0
3128,6.0,6.0,0.0,17,0.07167187500000005,1,0,0,0
3129,6.0,6.0,0.0,17,0.07137499999999997,1,0,0,0
3130,6.0,6.0,0.0,15,0.0710781250000001,1,0,0,0
3131,6.0,6.0,0.0,20,0.07078125000000002,1,0,0,0
3132,6.0,6.0,0.0,17,0.07048437500000004,1,0,0,0
3133,6.0,6.0,0.0,19,0.07018750000000007,1,0,0,0
3134,6.0,6.0,0.0,15,0.0698906250000001,1,0,0,0
3135,6.0,6.0,0.0,15,0.06959375000000001,1,0,0,0
3136,6.0,6.0,0.0,17,0.06929687500000004,1,0,0,0
3137,6.0,6.0,0.0,15,0.06900000000000006,1,0,0,0
3138,6.0,6.0,0.0,20,0.06870312499999998,1,0,0,0
3139,6.0,6.0,0.0,17,0.06840625000000011,1,0,0,0
3140,6.0,6.0,0.0,24,0.06810937500000003,1,0,0,0
3141,6.0,6.0,0.0,22,0.06781250000000005,1,0,0,0
3142,6.0,6.0,0.0,15,0.06751562500000008,1,0,0,0
3143,6.0,6.0,0.0,24,0.06721875,1,0,0,0
3144,6.0,6.0,0.0,15,0.06692187500000002,1,0,0,0
3145,6.0,6.0,0.0,15,0.06662500000000005,1,0,0,0
3146,6.0,6.0,0.0,16,0.06632812500000007,1,0,0,0
3147,6.0,6.0,0.0,17,0.06603124999999999,1,0,0,0
3148,6.0,6.0,0.0,17,0.06573437500000012,1,0,0,0
3149,6.0,6.0,0.0,22,0.06543750000000004,1,0,0,0
3150,6.0,6.0,0.0,16,0.06514062500000006,1,0,0,0
3151,6.0,6.0,0.0,15,0.06484375000000009,1,0,0,0
3152,6.0,6.0,0.0,22,0.064546875,1,0,0,0
3153,6.0,6.0,0.0,15,0.06425000000000003,1,0,0,0
3154,6.0,6.0,0.0,18,0.06395312500000006,1,0,0,0
3155,6.0,6.0,0.0,15,0.06365625000000008,1,0,0,0
3156,6.0,6.0,0.0,15,0.063359375,1,0,0,0
3157,6.0,6.0,0.0,17,0.06306250000000013,1,0,0,0
3158,6.0,6.0,0.0,17,0.06276562500000005,1,0,0,0
3159,6.0,6.0,0.0,15,0.06246875000000007,1,0,0,0
3160,6.0,6.0,0.0,15,0.0621718750000001,1,0,0,0
3161,6.0,6.0,0.0,21,0.06187500000000001,1,0,0,0
3162,6.0,6.0,0.0,17,0.06157812500000004,1,0,0,0
3163,6.0,6.0,0.0,17,0.061281250000000065,1,0,0,0
3164,6.0,6.0,0.0,15,0.06098437500000009,1,0,0,0
3165,6.0,6.0,0.0,17,0.060687500000000005,1,0,0,0
3166,6.0,6.0,0.0,17,0.06039062500000003,1,0,0,0
3167,6.0,6.0,0.0,18,0.06009375000000006,1,0,0,0
3168,6.0,6.0,0.0,15,0.05979687499999997,1,0,0,0
3169,6.0,6.0,0.0,15,0.0595,1,0,0,0
3170,6.0,6.0,0.0,17,0.05920312500000002,1,0,0,0
3171,6.0,6.0,0.0,20,0.05890625000000005,1,0,0,0
3172,6.0,6.0,0.0,20,0.058609374999999964,1,0,0,0
3173,6.0,6.0,0.0,15,0.0583125000000001,1,0,0,0
3174,6.0,6.0,0.0,22,0.058015625000000015,1,0,0,0
3175,6.0,6.0,0.0,15,0.05771875000000004,1,0,0,0
3176,6.0,6.0,0.0,17,0.05742187500000007,1,0,0,0
3177,6.0,6.0,0.0,15,0.05712499999999998,1,0,0,0
3178,6.0,6.0,0.0,20,0.05682812500000001,1,0,0,0
3179,6.0,6.0,0.0,22,0.05653125000000003,1,0,0,0
3180,6.0,6.0,0.0,15,0.05623437500000006,1,0,0,0
3181,6.0,6.0,0.0,15,0.05593749999999997,1,0,0,0
3182,6.0,6.0,0.0,15,0.05564062500000011,1,0,0,0
3183,6.0,6.0,0.0,15,0.055343750000000025,1,0,0,0
3184,6.0,6.0,0.0,17,0.05504687500000005,1,0,0,0
3185,6.0,6.0,0.0,19,0.054750000000000076,1,0,0,0
3186,6.0,6.0,0.0,16,0.05445312499999999,1,0,0,0
3187,6.0,6.0,0.0,15,0.05415625000000002,1,0,0,0
3188,6.0,6.0,0.0,22,0.05385937500000004,1,0,0,0
3189,6.0,6.0,0.0,15,0.05356250000000007,1,0,0,0
3190,6.0,6.0,0.0,15,0.05326562499999998,1,0,0,0
3191,6.0,6.0,0.0,19,0.05296875000000012,1,0,0,0
3192,6.0,6.0,0.0,17,0.052671875000000035,1,0,0,0
3193,6.0,6.0,0.0,15,0.05237499999999995,1,0,0,0
3194,6.0,6.0,0.0,15,0.052078125000000086,1,0,0,0
3195,6.0,6.0,0.0,15,0.05178125,1,0,0,0
3196,6.0,6.0,0.0,15,0.05148437500000003,1,0,0,0
3197,6.0,6.0,0.0,17,0.05118750000000005,1,0,0,0
3198,6.0,6.0,0.0,17,0.05089062500000008,1,0,0,0
3199,6.0,6.0,0.0,22,0.05059374999999999,1,0,0,0
3200,6.0,6.0,0.0,22,0.05029687500000013,1,0,0,0
3201,6.0,6.0,0.0,15,0.05,1,0,0,0
3202,6.0,6.0,0.0,17,0.05,1,0,0,0
3203,6.0,6.0,0.0,17,0.05,1,0,0,0
3204,6.0,6.0,0.0,15,0.05,1,0,0,0
3205,6.0,6.0,0.0,15,0.05,1,0,0,0
3206,6.0,6.0,0.0,17,0.05,1,0,0,0
3207,6.0,6.0,0.0,19,0.05,1,0,0,0
3208,6.0,6.0,0.0,15,0.05,1,0,0,0
3209,6.0,6.0,0.0,18,0.05,1,0,0,0
3210,6.0,6.0,0.0,15,0.05,1,0,0,0
3211,6.0,6.0,0.0,19,0.05,1,0,0,0
3212,6.0,6.0,0.0,15,0.05,1,0,0,0
3213,6.0,6.0,0.0,21,0.05,1,0,0,0
3214,6.0,6.0,0.0,17,0.05,1,0,0,0
3215,6.0,6.0,0.0,15,0.05,1,0,0,0
3216,6.0,6.0,0.0,15,0.05,1,0,0,0
3217,6.0,6.0,0.0,15,0.05,1,0,0,0
3218,6.0,6.0,0.0,15,0.05,1,0,0,0
3219,6.0,6.0,0.0,21,0.05,1,0,0,0
3220,6.0,6.0,0.0,20,0.05,1,0,0,0
3221,6.0,6.0,0.0,15,0.05,1,0,0,0
3222,6.0,6.0,0.0,15,0.05,1,0,0,0
3223,6.0,6.0,0.0,15,0.05,1,0,0,0
3224,6.0,6.0,0.0,15,0.05,1,0,0,0
3225,6.0,6.0,0.0,17,0.05,1,0,0,0
3226,6.0,6.0,0.0,15,0.05,1,0,0,0
3227,6.0,6.0,0.0,15,0.05,1,0,0,0
3228,6.0,6.0,0.0,17,0.05,1,0,0,0
3229,6.0,6.0,0.0,15,0.05,1,0,0,0
3230,6.0,6.0,0.0,15,0.05,1,0,0,0
3231,6.0,6.0,0.0,15,0.05,1,0,0,0
3232,6.0,6.0,0.0,15,0.05,1,0,0,0
3233,6.0,6.0,0.0,15,0.05,1,0,0,0
3234,6.0,6.0,0.0,15,0.05,1,0,0,0
3235,6.0,6.0,0.0,15,0.05,1,0,0,0
3236,6.0,6.0,0.0,15,0.05,1,0,0,0
3237,6.0,6.0,0.0,17,0.05,1,0,0,0
3238,6.0,6.0,0.0,24,0.05,1,0,0,0
3239,6.0,6.0,0.0,17,0.05,1,0,0,0
3240,6.0,6.0,0.0,15,0.05,1,0,0,0
3241,6.0,6.0,0.0,17,0.05,1,0,0,0
3242,6.0,6.0,0.0,15,0.05,1,0,0,0
3243,6.0,6.0,0.0,15,0.05,1,0,0,0
3244,6.0,6.0,0.0,19,0.05,1,0,0,0
3245,6.0,6.0,0.0,17,0.05,1,0,0,0
3246,6.0,6.0,0.0,15,0.05,1,0,0,0
3247,6.0,6.0,0.0,15,0.05,1,0,0,0
3248,6.0,6.0,0.0,18,0.05,1,0,0,0
3249,6.0,6.0,0.0,15,0.05,1,0,0,0
3250,6.0,6.0,0.0,17,0.05,1,0,0,0
3251,6.0,6.0,0.0,17,0.05,1,0,0,0
3252,6.0,6.0,0.0,17,0.05,1,0,0,0
3253,6.0,6.0,0.0,17,0.05,1,0,0,0
3254,6.0,6.0,0.0,17,0.05,1,0,0,0
3255,6.0,6.0,0.0,15,0.05,1,0,0,0
3256,6.0,6.0,0.0,17,0.05,1,0,0,0
3257,6.0,6.0,0.0,22,0.05,1,0,0,0
3258,6.0,6.0,0.0,19,0.05,1,0,0,0
3259,6.0,6.0,0.0,15,0.05,1,0,0,0
3260,6.0,6.0,0.0,15,0.05,1,0,0,0
3261,6.0,6.0,0.0,20,0.05,1,0,0,0
3262,6.0,6.0,0.0,18,0.05,1,0,0,0
3263,6.0,6.0,0.0,15,0.05,1,0,0,0
3264,6.0,6.0,0.0,17,0.05,1,0,0,0
3265,6.0,6.0,0.0,15,0.05,1,0,0,0
3266,6.0,6.0,0.0,15,0.05,1,0,0,0
3267,6.0,6.0,0.0,15,0.05,1,0,0,0
3268,6.0,6.0,0.0,17,0.05,1,0,0,0
3269,6.0,6.0,0.0,15,0.05,1,0,0,0
3270,6.0,6.0,0.0,15,0.05,1,0,0,0
3271,6.0,6.0,0.0,15,0.05,1,0,0,0
3272,6.0,6.0,0.0,15,0.05,1,0,0,0
3273,6.0,6.0,0.0,15,0.05,1,0,0,0
3274,6.0,6.0,0.0,16,0.05,1,0,0,0
3275,6.0,6.0,0.0,15,0.05,1,0,0,0
3276,6.0,6.0,0.0,15,0.05,1,0,0,0
3277,6.0,6.0,0.0,15,0.05,1,0,0,0
3278,6.0,6.0,0.0,15,0.05,1,0,0,0
3279,6.0,6.0,0.0,16,0.05,1,0,0,0
3280,6.0,6.0,0.0,15,0.05,1,0,0,0
3281,6.0,6.0,0.0,17,0.05,1,0,0,0
3282,6.0,6.0,0.0,17,0.05,1,0,0,0
3283,6.0,6.0,0.0,15,0.05,1,0,0,0
3284,6.0,6.0,0.0,17,0.05,1,0,0,0
3285,6.0,6.0,0.0,17,0.05,1,0,0,0
3286,6.0,6.0,0.0,17,0.05,1,0,0,0
3287,6.0,6.0,0.0,15,0.05,1,0,0,0
3288,6.0,6.0,0.0,15,0.05,1,0,0,0
3289,6.0,6.0,0.0,16,0.05,1,0,0,0
3290,6.0,6.0,0.0,15,0.05,1,0,0,0
3291,6.0,6.0,0.0,17,0.05,1,0,0,0
3292,6.0,6.0,0.0,15,0.05,1,0,0,0
3293,6.0,6.0,0.0,15,0.05,1,0,0,0
3294,6.0,6.0,0.0,20,0.05,1,0,0,0
3295,6.0,6.0,0.0,17,0.05,1,0,0,0
3296,6.0,6.0,0.0,15,0.05,1,0,0,0
3297,6.0,6.0,0.0,15,0.05,1,0,0,0
3298,6.0,6.0,0.0,15,0.05,1,0,0,0
3299,6.0,6.0,0.0,15,0.05,1,0,0,0
3300,6.0,6.0,0.0,17,0.05,1,0,0,0
3301,6.0,6.0,0.0,15,0.05,1,0,0,0
3302,6.0,6.0,0.0,15,0.05,1,0,0,0
3303,6.0,6.0,0.0,15,0.05,1,0,0,0
3304,6.0,6.0,0.0,21,0.05,1,0,0,0
3305,6.0,6.0,0.0,15,0.05,1,0,0,0
3306,6.0,6.0,0.0,15,0.05,1,0,0,0
3307,6.0,6.0,0.0,17,0.05,1,0,0,0
3308,6.0,6.0,0.0,15,0.05,1,0,0,0
3309,6.0,6.0,0.0,17,0.05,1,0,0,0
3310,6.0,6.0,0.0,19,0.05,1,0,0,0
3311,6.0,6.0,0.0,15,0.05,1,0,0,0
3312,6.0,6.0,0.0,15,0.05,1,0,0,0
3313,6.0,6.0,0.0,20,0.05,1,0,0,0
3314,6.0,6.0,0.0,15,0.05,1,0,0,0
3315,6.0,6.0,0.0,15,0.05,1,0,0,0
3316,6.0,6.0,0.0,15,0.05,1,0,0,0
3317,6.0,6.0,0.0,15,0.05,1,0,0,0
3318,6.0,6.0,0.0,17,0.05,1,0,0,0
3319,6.0,6.0,0.0,15,0.05,1,0,0,0
3320,6.0,6.0,0.0,15,0.05,1,0,0,0
3321,6.0,6.0,0.0,15,0.05,1,0,0,0
3322,6.0,6.0,0.0,15,0.05,1,0,0,0
3323,6.0,6.0,0.0,17,0.05,1,0,0,0
3324,6.0,6.0,0.0,19,0.05,1,0,0,0
3325,6.0,6.0,0.0,15,0.05,1,0,0,0
3326,6.0,6.0,0.0,15,0.05,1,0,0,0
3327,6.0,6.0,0.0,15,0.05,1,0,0,0
3328,6.0,6.0,0.0,15,0.05,1,0,0,0
3329,6.0,6.0,0.0,15,0.05,1,0,0,0
3330,6.0,6.0,0.0,17,0.05,1,0,0,0
3331,6.0,6.0,0.0,17,0.05,1,0,0,0
3332,6.0,6.0,0.0,15,0.05,1,0,0,0
3333,6.0,6.0,0.0,17,0.05,1,0,0,0
3334,6.0,6.0,0.0,17,0.05,1,0,0,0
3335,6.0,6.0,0.0,20,0.05,1,0,0,0
3336,6.0,6.0,0.0,17,0.05,1,0,0,0
3337,6.0,6.0,0.0,20,0.05,1,0,0,0
3338,6.0,6.0,0.0,17,0.05,1,0,0,0
3339,6.0,6.0,0.0,15,0.05,1,0,0,0
3340,6.0,6.0,0.0,17,0.05,1,0,0,0
3341,6.0,6.0,0.0,15,0.05,1,0,0,0
3342,6.0,6.0,0.0,17,0.05,1,0,0,0
3343,6.0,6.0,0.0,15,0.05,1,0,0,0
3344,6.0,6.0,0.0,15,0.05,1,0,0,0
3345,6.0,6.0,0.0,17,0.05,1,0,0,0
3346,6.0,6.0,0.0,20,0.05,1,0,0,0
3347,6.0,6.0,0.0,15,0.05,1,0,0,0
3348,6.0,6.0,0.0,15,0.05,1,0,0,0
3349,6.0,6.0,0.0,15,0.05,1,0,0,0
3350,6.0,6.0,0.0,17,0.05,1,0,0,0
3351,6.0,6.0,0.0,15,0.05,1,0,0,0
3352,6.0,6.0,0.0,15,0.05,1,0,0,0
3353,6.0,6.0,0.0,17,0.05,1,0,0,0
3354,6.0,6.0,0.0,15,0.05,1,0,0,0
3355,6.0,6.0,0.0,20,0.05,1,0,0,0
3356,6.0,6.0,0.0,17,0.05,1,0,0,0
3357,6.0,6.0,0.0,15,0.05,1,0,0,0
3358,6.0,6.0,0.0,17,0.05,1,0,0,0
3359,6.0,6.0,0.0,17,0.05,1,0,0,0
3360,6.0,6.0,0.0,15,0.05,1,0,0,0
3361,6.0,6.0,0.0,15,0.05,1,0,0,0
3362,6.0,6.0,0.0,15,0.05,1,0,0,0
3363,6.0,6.0,0.0,15,0.05,1,0,0,0
3364,6.0,6.0,0.0,24,0.05,1,0,0,0
3365,6.0,6.0,0.0,15,0.05,1,0,0,0
3366,6.0,6.0,0.0,17,0.05,1,0,0,0
3367,6.0,6.0,0.0,17,0.05,1,0,0,0
3368,6.0,6.0,0.0,17,0.05,1,0,0,0
3369,6.0,6.0,0.0,15,0.05,1,0,0,0
3370,6.0,6.0,0.0,17,0.05,1,0,0,0
3371,6.0,6.0,0.0,15,0.05,1,0,0,0
3372,6.0,6.0,0.0,17,0.05,1,0,0,0
3373,6.0,6.0,0.0,15,0.05,1,0,0,0
3374,6.0,6.0,0.0,15,0.05,1,0,0,0
3375,6.0,6.0,0.0,21,0.05,1,0,0,0
3376,6.0,6.0,0.0,15,0.05,1,0,0,0
3377,6.0,6.0,0.0,18,0.05,1,0,0,0
3378,6.0,6.0,0.0,15,0.05,1,0,0,0
3379,6.0,6.0,0.0,19,0.05,1,0,0,0
3380,6.0,6.0,0.0,15,0.05,1,0,0,0
3381,6.0,6.0,0.0,17,0.05,1,0,0,0
3382,6.0,6.0,0.0,15,0.05,1,0,0,0
3383,6.0,6.0,0.0,15,0.05,1,0,0,0
3384,6.0,6.0,0.0,15,0.05,1,0,0,0
3385,6.0,6.0,0.0,17,0.05,1,0,0,0
3386,6.0,6.0,0.0,20,0.05,1,0,0,0
3387,6.0,6.0,0.0,19,0.05,1,0,0,0
3388,6.0,6.0,0.0,15,0.05,1,0,0,0
3389,6.0,6.0,0.0,15,0.05,1,0,0,0
3390,6.0,6.0,0.0,19,0.05,1,0,0,0
3391,6.0,6.0,0.0,15,0.05,1,0,0,0
3392,6.0,6.0,0.0,15,0.05,1,0,0,0
3393,6.0,6.0,0.0,17,0.05,1,0,0,0
3394,6.0,6.0,0.0,15,0.05,1,0,0,0
3395,6.0,6.0,0.0,15,0.05,1,0,0,0
3396,6.0,6.0,0.0,15,0.05,1,0,0,0
3397,6.0,6.0,0.0,17,0.05,1,0,0,0
3398,6.0,6.0,0.0,19,0.05,1,0,0,0
3399,6.0,6.0,0.0,17,0.05,1,0,0,0
3400,6.0,6.0,0.0,15,0.05,1,0,0,0
3401,6.0,6.0,0.0,15,0.05,1,0,0,0
3402,6.0,6.0,0.0,20,0.05,1,0,0,0
3403,6.0,6.0,0.0,15,0.05,1,0,0,0
3404,6.0,6.0,0.0,15,0.05,1,0,0,0
3405,6.0,6.0,0.0,15,0.05,1,0,0,0
3406,6.0,6.0,0.0,19,0.05,1,0,0,0
3407,6.0,6.0,0.0,15,0.05,1,0,0,0
3408,6.0,6.0,0.0,15,0.05,1,0,0,0
3409,6.0,6.0,0.0,15,0.05,1,0,0,0
3410,6.0,6.0,0.0,17,0.05,1,0,0,0
3411,6.0,6.0,0.0,15,0.05,1,0,0,0
3412,6.0,6.0,0.0,15,0.05,1,0,0,0
3413,6.0,6.0,0.0,15,0.05,1,0,0,0
3414,6.0,6.0,0.0,15,0.05,1,0,0,0
3415,6.0,6.0,0.0,15,0.05,1,0,0,0
3416,6.0,6.0,0.0,15,0.05,1,0,0,0
3417,6.0,6.0,0.0,22,0.05,1,0,0,0
3418,6.0,6.0,0.0,15,0.05,1,0,0,0
3419,6.0,6.0,0.0,24,0.05,1,0,0,0
3420,6.0,6.0,0.0,19,0.05,1,0,0,0
3421,6.0,6.0,0.0,15,0.05,1,0,0,0
3422,6.0,6.0,0.0,15,0.05,1,0,0,0
3423,6.0,6.0,0.0,15,0.05,1,0,0,0
3424,6.0,6.0,0.0,15,0.05,1,0,0,0
3425,6.0,6.0,0.0,17,0.05,1,0,0,0
3426,6.0,6.0,0.0,17,0.05,1,0,0,0
3427,6.0,6.0,0.0,16,0.05,1,0,0,0
3428,6.0,6.0,0.0,15,0.05,1,0,0,0
3429,6.0,6.0,0.0,17,0.05,1,0,0,0
3430,6.0,6.0,0.0,15,0.05,1,0,0,0
3431,6.0,6.0,0.0,15,0.05,1,0,0,0
3432,6.0,6.0,0.0,17,0.05,1,0,0,0
3433,6.0,6.0,0.0,15,0.05,1,0,0,0
3434,6.0,6.0,0.0,20,0.05,1,0,0,0
3435,6.0,6.0,0.0,19,0.05,1,0,0,0
3436,6.0,6.0,0.0,15,0.05,1,0,0,0
3437,6.0,6.0,0.0,15,0.05,1,0,0,0
3438,6.0,6.0,0.0,19,0.05,1,0,0,0
3439,6.0,6.0,0.0,17,0.05,1,0,0,0
3440,6.0,6.0,0.0,15,0.05,1,0,0,0
3441,6.0,6.0,0.0,17,0.05,1,0,0,0
3442,6.0,6.0,0.0,15,0.05,1,0,0,0
3443,6.0,6.0,0.0,15,0.05,1,0,0,0
3444,6.0,6.0,0.0,15,0.05,1,0,0,0
3445,6.0,6.0,0.0,17,0.05,1,0,0,0
3446,6.0,6.0,0.0,15,0.05,1,0,0,0
3447,6.0,6.0,0.0,17,0.05,1,0,0,0
3448,6.0,6.0,0.0,15,0.05,1,0,0,0
3449,6.0,6.0,0.0,15,0.05,1,0,0,0
3450,6.0,6.0,0.0,15,0.05,1,0,0,0
3451,6.0,6.0,0.0,15,0.05,1,0,0,0
3452,6.0,6.0,0.0,15,0.05,1,0,0,0
3453,6.0,6.0,0.0,20,0.05,1,0,0,0
3454,6.0,6.0,0.0,15,0.05,1,0,0,0
3455,6.0,6.0,0.0,15,0.05,1,0,0,0
3456,6.0,6.0,0.0,15,0.05,1,0,0,0
3457,6.0,6.0,0.0,15,0.05,1,0,0,0
3458,6.0,6.0,0.0,15,0.05,1,0,0,0
3459,6.0,6.0,0.0,17,0.05,1,0,0,0
3460,6.0,6.0,0.0,17,0.05,1,0,0,0
3461,6.0,6.0,0.0,15,0.05,1,0,0,0
3462,6.0,6.0,0.0,15,0.05,1,0,0,0
3463,6.0,6.0,0.0,15,0.05,1,0,0,0
3464,6.0,6.0,0.0,15,0.05,1,0,0,0
3465,6.0,6.0,0.0,15,0.05,1,0,0,0
3466,6.0,6.0,0.0,19,0.05,1,0,0,0
3467,6.0,6.0,0.0,15,0.05,1,0,0,0
3468,6.0,6.0,0.0,17,0.05,1,0,0,0
3469,6.0,6.0,0.0,17,0.05,1,0,0,0
3470,6.0,6.0,0.0,15,0.05,1,0,0,0
3471,6.0,6.0,0.0,15,0.05,1,0,0,0
3472,6.0,6.0,0.0,15,0.05,1,0,0,0
3473,6.0,6.0,0.0,15,0.05,1,0,0,0
3474,6.0,6.0,0.0,15,0.05,1,0,0,0
3475,6.0,6.0,0.0,22,0.05,1,0,0,0
3476,6.0,6.0,0.0,15,0.05,1,0,0,0
3477,6.0,6.0,0.0,15,0.05,1,0,0,0
3478,6.0,6.0,0.0,15,0.05,1,0,0,0
3479,6.0,6.0,0.0,15,0.05,1,0,0,0
3480,6.0,6.0,0.0,15,0.05,1,0,0,0
3481,6.0,6.0,0.0,22,0.05,1,0,0,0
3482,6.0,6.0,0.0,15,0.05,1,0,0,0
3483,6.0,6.0,0.0,19,0.05,1,0,0,0
3484,6.0,6.0,0.0,17,0.05,1,0,0,0
3485,6.0,6.0,0.0,19,0.05,1,0,0,0
3486,6.0,6.0,0.0,15,0.05,1,0,0,0
3487,6.0,6.0,0.0,15,0.05,1,0,0,0
3488,6.0,6.0,0.0,15,0.05,1,0,0,0
3489,6.0,6.0,0.0,17,0.05,1,0,0,0
3490,6.0,6.0,0.0,19,0.05,1,0,0,0
3491,6.0,6.0,0.0,15,0.05,1,0,0,0
3492,6.0,6.0,0.0,17,0.05,1,0,0,0
3493,6.0,6.0,0.0,19,0.05,1,0,0,0
3494,6.0,6.0,0.0,17,0.05,1,0,0,0
3495,6.0,6.0,0.0,19,0.05,1,0,0,0
3496,6.0,6.0,0.0,15,0.05,1,0,0,0
3497,6.0,6.0,0.0,17,0.05,1,0,0,0
3498,6.0,6.0,0.0,15,0.05,1,0,0,0
3499,6.0,6.0,0.0,17,0.05,1,0,0,0
3500,6.0,6.0,0.0,21,0.05,1,0,0,0
3501,6.0,6.0,0.0,17,0.05,1,0,0,0
3502,6.0,6.0,0.0,20,0.05,1,0,0,0
3503,6.0,6.0,0.0,15,0.05,1,0,0,0
3504,6.0,6.0,0.0,17,0.05,1,0,0,0
3505,6.0,6.0,0.0,18,0.05,1,0,0,0
3506,6.0,6.0,0.0,15,0.05,1,0,0,0
3507,6.0,6.0,0.0,15,0.05,1,0,0,0
3508,6.0,6.0,0.0,16,0.05,1,0,0,0
3509,6.0,6.0,0.0,15,0.05,1,0,0,0
3510,6.0,6.0,0.0,15,0.05,1,0,0,0
3511,6.0,6.0,0.0,15,0.05,1,0,0,0
3512,6.0,6.0,0.0,15,0.05,1,0,0,0
3513,6.0,6.0,0.0,17,0.05,1,0,0,0
3514,6.0,6.0,0.0,15,0.05,1,0,0,0
3515,6.0,6.0,0.0,17,0.05,1,0,0,0
3516,6.0,6.0,0.0,17,0.05,1,0,0,0
3517,6.0,6.0,0.0,20,0.05,1,0,0,0
3518,6.0,6.0,0.0,17,0.05,1,0,0,0
3519,6.0,6.0,0.0,17,0.05,1,0,0,0
3520,6.0,6.0,0.0,15,0.05,1,0,0,0
3521,6.0,6.0,0.0,15,0.05,1,0,0,0
3522,6.0,6.0,0.0,17,0.05,1,0,0,0
3523,6.0,6.0,0.0,17,0.05,1,0,0,0
3524,6.0,6.0,0.0,15,0.05,1,0,0,0
3525,6.0,6.0,0.0,15,0.05,1,0,0,0
3526,6.0,6.0,0.0,17,0.05,1,0,0,0
3527,6.0,6.0,0.0,20,0.05,1,0,0,0
3528,6.0,6.0,0.0,16,0.05,1,0,0,0
3529,6.0,6.0,0.0,15,0.05,1,0,0,0
3530,6.0,6.0,0.0,15,0.05,1,0,0,0
3531,6.0,6.0,0.0,15,0.05,1,0,0,0
3532,6.0,6.0,0.0,15,0.05,1,0,0,0
3533,6.0,6.0,0.0,15,0.05,1,0,0,0
3534,6.0,6.0,0.0,15,0.05,1,0,0,0
3535,6.0,6.0,0.0,15,0.05,1,0,0,0
3536,6.0,6.0,0.0,15,0.05,1,0,0,0
3537,6.0,6.0,0.0,15,0.05,1,0,0,0
3538,6.0,6.0,0.0,19,0.05,1,0,0,0
3539,6.0,6.0,0.0,15,0.05,1,0,0,0
3540,6.0,6.0,0.0,15,0.05,1,0,0,0
3541,6.0,6.0,0.0,17,0.05,1,0,0,0
3542,6.0,6.0,0.0,15,0.05,1,0,0,0
3543,6.0,6.0,0.0,15,0.05,1,0,0,0
3544,6.0,6.0,0.0,15,0.05,1,0,0,0
3545,6.0,6.0,0.0,15,0.05,1,0,0,0
3546,6.0,6.0,0.0,21,0.05,1,0,0,0
3547,6.0,6.0,0.0,15,0.05,1,0,0,0
3548,6.0,6.0,0.0,17,0.05,1,0,0,0
3549,6.0,6.0,0.0,15,0.05,1,0,0,0
3550,6.0,6.0,0.0,15,0.05,1,0,0,0
3551,6.0,6.0,0.0,15,0.05,1,0,0,0
3552,6.0,6.0,0.0,17,0.05,1,0,0,0
3553,6.0,6.0,0.0,15,0.05,1,0,0,0
3554,6.0,6.0,0.0,15,0.05,1,0,0,0
3555,6.0,6.0,0.0,15,0.05,1,0,0,0
3556,6.0,6.0,0.0,15,0.05,1,0,0,0
3557,6.0,6.0,0.0,22,0.05,1,0,0,0
3558,6.0,6.0,0.0,15,0.05,1,0,0,0
3559,6.0,6.0,0.0,15,0.05,1,0,0,0
3560,6.0,6.0,0.0,18,0.05,1,0,0,0
3561,6.0,6.0,0.0,15,0.05,1,0,0,0
3562,6.0,6.0,0.0,20,0.05,1,0,0,0
3563,6.0,6.0,0.0,15,0.05,1,0,0,0
3564,6.0,6.0,0.0,15,0.05,1,0,0,0
3565,6.0,6.0,0.0,17,0.05,1,0,0,0
3566,6.0,6.0,0.0,15,0.05,1,0,0,0
3567,6.0,6.0,0.0,15,0.05,1,0,0,0
3568,6.0,6.0,0.0,15,0.05,1,0,0,0
3569,6.0,6.0,0.0,17,0.05,1,0,0,0
3570,6.0,6.0,0.0,15,0.05,1,0,0,0
3571,6.0,6.0,0.0,17,0.05,1,0,0,0
3572,6.0,6.0,0.0,15,0.05,1,0,0,0
3573,6.0,6.0,0.0,17,0.05,1,0,0,0
3574,6.0,6.0,0.0,16,0.05,1,0,0,0
3575,6.0,6.0,0.0,17,0.05,1,0,0,0
3576,6.0,6.0,0.0,15,0.05,1,0,0,0
3577,6.0,6.0,0.0,19,0.05,1,0,0,0
3578,6.0,6.0,0.0,17,0.05,1,0,0,0
3579,6.0,6.0,0.0,16,0.05,1,0,0,0
3580,6.0,6.0,0.0,15,0.05,1,0,0,0
3581,6.0,6.0,0.0,22,0.05,1,0,0,0
3582,6.0,6.0,0.0,20,0.05,1,0,0,0
3583,6.0,6.0,0.0,19,0.05,1,0,0,0
3584,6.0,6.0,0.0,19,0.05,1,0,0,0
3585,6.0,6.0,0.0,15,0.05,1,0,0,0
3586,6.0,6.0,0.0,15,0.05,1,0,0,0
3587,6.0,6.0,0.0,19,0.05,1,0,0,0
3588,6.0,6.0,0.0,15,0.05,1,0,0,0
3589,6.0,6.0,0.0,20,0.05,1,0,0,0
3590,6.0,6.0,0.0,15,0.05,1,0,0,0
3591,6.0,6.0,0.0,15,0.05,1,0,0,0
3592,6.0,6.0,0.0,15,0.05,1,0,0,0
3593,6.0,6.0,0.0,16,0.05,1,0,0,0
3594,6.0,6.0,0.0,15,0.05,1,0,0,0
3595,6.0,6.0,0.0,15,0.05,1,0,0,0
3596,6.0,6.0,0.0,15,0.05,1,0,0,0
3597,6.0,6.0,0.0,19,0.05,1,0,0,0
3598,6.0,6.0,0.0,17,0.05,1,0,0,0
3599,6.0,6.0,0.0,20,0.05,1,0,0,0
3600,6.0,6.0,0.0,17,0.05,1,0,0,0
3601,6.0,6.0,0.0,19,0.05,1,0,0,0
3602,6.0,6.0,0.0,17,0.05,1,0,0,0
3603,6.0,6.0,0.0,16,0.05,1,0,0,0
3604,6.0,6.0,0.0,15,0.05,1,0,0,0
3605,6.0,6.0,0.0,20,0.05,1,0,0,0
3606,6.0,6.0,0.0,20,0.05,1,0,0,0
3607,6.0,6.0,0.0,19,0.05,1,0,0,0
3608,6.0,6.0,0.0,17,0.05,1,0,0,0
3609,6.0,6.0,0.0,17,0.05,1,0,0,0
3610,6.0,6.0,0.0,19,0.05,1,0,0,0
3611,6.0,6.0,0.0,22,0.05,1,0,0,0
3612,6.0,6.0,0.0,15,0.05,1,0,0,0
3613,6.0,6.0,0.0,17,0.05,1,0,0,0
3614,6.0,6.0,0.0,17,0.05,1,0,0,0
3615,6.0,6.0,0.0,15,0.05,1,0,0,0
3616,6.0,6.0,0.0,15,0.05,1,0,0,0
3617,6.0,6.0,0.0,15,0.05,1,0,0,0
3618,6.0,6.0,0.0,16,0.05,1,0,0,0
3619,6.0,6.0,0.0,17,0.05,1,0,0,0
3620,6.0,6.0,0.0,15,0.05,1,0,0,0
3621,6.0,6.0,0.0,15,0.05,1,0,0,0
3622,6.0,6.0,0.0,15,0.05,1,0,0,0
3623,6.0,6.0,0.0,15,0.05,1,0,0,0
3624,6.0,6.0,0.0,15,0.05,1,0,0,0
3625,6.0,6.0,0.0,15,0.05,1,0,0,0
3626,6.0,6.0,0.0,15,0.05,1,0,0,0
3627,6.0,6.0,0.0,20,0.05,1,0,0,0
3628,6.0,6.0,0.0,15,0.05,1,0,0,0
3629,6.0,6.0,0.0,15,0.05,1,0,0,0
3630,6.0,6.0,0.0,19,0.05,1,0,0,0
3631,6.0,6.0,0.0,15,0.05,1,0,0,0
3632,6.0,6.0,0.0,15,0.05,1,0,0,0
3633,6.0,6.0,0.0,19,0.05,1,0,0,0
3634,6.0,6.0,0.0,17,0.05,1,0,0,0
3635,6.0,6.0,0.0,20,0.05,1,0,0,0
3636,6.0,6.0,0.0,20,0.05,1,0,0,0
3637,6.0,6.0,0.0,15,0.05,1,0,0,0
3638,6.0,6.0,0.0,24,0.05,1,0,0,0
3639,6.0,6.0,0.0,15,0.05,1,0,0,0
3640,6.0,6.0,0.0,19,0.05,1,0,0,0
3641,6.0,6.0,0.0,16,0.05,1,0,0,0
3642,6.0,6.0,0.0,17,0.05,1,0,0,0
3643,6.0,6.0,0.0,17,0.05,1,0,0,0
3644,6.0,6.0,0.0,15,0.05,1,0,0,0
3645,6.0,6.0,0.0,20,0.05,1,0,0,0
3646,6.0,6.0,0.0,15,0.05,1,0,0,0
3647,6.0,6.0,0.0,15,0.05,1,0,0,0
3648,6.0,6.0,0.0,17,0.05,1,0,0,0
3649,6.0,6.0,0.0,17,0.05,1,0,0,0
3650,6.0,6.0,0.0,15,0.05,1,0,0,0
3651,6.0,6.0,0.0,15,0.05,1,0,0,0
3652,6.0,6.0,0.0,15,0.05,1,0,0,0
3653,6.0,6.0,0.0,15,0.05,1,0,0,0
3654,6.0,6.0,0.0,17,0.05,1,0,0,0
3655,6.0,6.0,0.0,15,0.05,1,0,0,0
3656,6.0,6.0,0.0,20,0.05,1,0,0,0
3657,6.0,6.0,0.0,15,0.05,1,0,0,0
3658,6.0,6.0,0.0,15,0.05,1,0,0,0
3659,6.0,6.0,0.0,19,0.05,1,0,0,0
3660,6.0,6.0,0.0,15,0.05,1,0,0,0
3661,6.0,6.0,0.0,15,0.05,1,0,0,0
3662,6.0,6.0,0.0,15,0.05,1,0,0,0
3663,6.0,6.0,0.0,17,0.05,1,0,0,0
3664,6.0,6.0,0.0,15,0.05,1,0,0,0
3665,6.0,6.0,0.0,17,0.05,1,0,0,0
3666,6.0,6.0,0.0,17,0.05,1,0,0,0
3667,6.0,6.0,0.0,15,0.05,1,0,0,0
3668,6.0,6.0,0.0,21,0.05,1,0,0,0
3669,6.0,6.0,0.0,15,0.05,1,0,0,0
3670,6.0,6.0,0.0,19,0.05,1,0,0,0
3671,6.0,6.0,0.0,17,0.05,1,0,0,0
3672,6.0,6.0,0.0,17,0.05,1,0,0,0
3673,6.0,6.0,0.0,17,0.05,1,0,0,0
3674,6.0,6.0,0.0,15,0.05,1,0,0,0
3675,6.0,6.0,0.0,15,0.05,1,0,0,0
3676,6.0,6.0,0.0,15,0.05,1,0,0,0
3677,6.0,6.0,0.0,15,0.05,1,0,0,0
3678,6.0,6.0,0.0,17,0.05,1,0,0,0
3679,6.0,6.0,0.0,19,0.05,1,0,0,0
3680,6.0,6.0,0.0,15,0.05,1,0,0,0
3681,6.0,6.0,0.0,15,0.05,1,0,0,0
3682,6.0,6.0,0.0,15,0.05,1,0,0,0
3683,6.0,6.0,0.0,15,0.05,1,0,0,0
3684,6.0,6.0,0.0,17,0.05,1,0,0,0
3685,6.0,6.0,0.0,17,0.05,1,0,0,0
3686,6.0,6.0,0.0,19,0.05,1,0,0,0
3687,6.0,6.0,0.0,17,0.05,1,0,0,0
3688,6.0,6.0,0.0,19,0.05,1,0,0,0
3689,6.0,6.0,0.0,16,0.05,1,0,0,0
3690,6.0,6.0,0.0,20,0.05,1,0,0,0
3691,6.0,6.0,0.0,17,0.05,1,0,0,0
3692,6.0,6.0,0.0,19,0.05,1,0,0,0
3693,6.0,6.0,0.0,15,0.05,1,0,0,0
3694,6.0,6.0,0.0,15,0.05,1,0,0,0
3695,6.0,6.0,0.0,15,0.05,1,0,0,0
3696,6.0,6.0,0.0,17,0.05,1,0,0,0
3697,6.0,6.0,0.0,15,0.05,1,0,0,0
3698,6.0,6.0,0.0,15,0.05,1,0,0,0
3699,6.0,6.0,0.0,15,0.05,1,0,0,0
3700,6.0,6.0,0.0,17,0.05,1,0,0,0
3701,6.0,6.0,0.0,17,0.05,1,0,0,0
3702,6.0,6.0,0.0,15,0.05,1,0,0,0
3703,6.0,6.0,0.0,15,0.05,1,0,0,0
3704,6.0,6.0,0.0,15,0.05,1,0,0,0
3705,6.0,6.0,0.0,20,0.05,1,0,0,0
3706,6.0,6.0,0.0,19,0.05,1,0,0,0
3707,6.0,6.0,0.0,17,0.05,1,0,0,0
3708,6.0,6.0,0.0,21,0.05,1,0,0,0
3709,6.0,6.0,0.0,16,0.05,1,0,0,0
3710,6.0,6.0,0.0,15,0.05,1,0,0,0
3711,6.0,6.0,0.0,17,0.05,1,0,0,0
3712,6.0,6.0,0.0,20,0.05,1,0,0,0
3713,6.0,6.0,0.0,15,0.05,1,0,0,0
3714,6.0,6.0,0.0,17,0.05,1,0,0,0
3715,6.0,6.0,0.0,15,0.05,1,0,0,0
3716,6.0,6.0,0.0,20,0.05,1,0,0,0
3717,6.0,6.0,0.0,15,0.05,1,0,0,0
3718,6.0,6.0,0.0,15,0.05,1,0,0,0
3719,6.0,6.0,0.0,15,0.05,1,0,0,0
3720,6.0,6.0,0.0,15,0.05,1,0,0,0
3721,6.0,6.0,0.0,17,0.05,1,0,0,0
3722,6.0,6.0,0.0,15,0.05,1,0,0,0
3723,6.0,6.0,0.0,17,0.05,1,0,0,0
3724,6.0,6.0,0.0,17,0.05,1,0,0,0
3725,6.0,6.0,0.0,15,0.05,1,0,0,0
3726,6.0,6.0,0.0,21,0.05,1,0,0,0
3727,6.0,6.0,0.0,16,0.05,1,0,0,0
3728,6.0,6.0,0.0,20,0.05,1,0,0,0
3729,6.0,6.0,0.0,15,0.05,1,0,0,0
3730,6.0,6.0,0.0,20,0.05,1,0,0,0
3731,6.0,6.0,0.0,17,0.05,1,0,0,0
3732,6.0,6.0,0.0,17,0.05,1,0,0,0
3733,6.0,6.0,0.0,19,0.05,1,0,0,0
3734,6.0,6.0,0.0,15,0.05,1,0,0,0
3735,6.0,6.0,0.0,15,0.05,1,0,0,0
3736,6.0,6.0,0.0,17,0.05,1,0,0,0
3737,6.0,6.0,0.0,15,0.05,1,0,0,0
3738,6.0,6.0,0.0,15,0.05,1,0,0,0
3739,6.0,6.0,0.0,15,0.05,1,0,0,0
3740,6.0,6.0,0.0,18,0.05,1,0,0,0
3741,6.0,6.0,0.0,15,0.05,1,0,0,0
3742,6.0,6.0,0.0,15,0.05,1,0,0,0
3743,6.0,6.0,0.0,15,0.05,1,0,0,0
3744,6.0,6.0,0.0,15,0.05,1,0,0,0
3745,6.0,6.0,0.0,15,0.05,1,0,0,0
3746,6.0,6.0,0.0,15,0.05,1,0,0,0
3747,6.0,6.0,0.0,15,0.05,1,0,0,0
3748,6.0,6.0,0.0,21,0.05,1,0,0,0
3749,6.0,6.0,0.0,15,0.05,1,0,0,0
3750,6.0,6.0,0.0,15,0.05,1,0,0,0
3751,6.0,6.0,0.0,20,0.05,1,0,0,0
3752,6.0,6.0,0.0,20,0.05,1,0,0,0
3753,6.0,6.0,0.0,15,0.05,1,0,0,0
3754,6.0,6.0,0.0,15,0.05,1,0,0,0
3755,6.0,6.0,0.0,21,0.05,1,0,0,0
3756,6.0,6.0,0.0,17,0.05,1,0,0,0
3757,6.0,6.0,0.0,19,0.05,1,0,0,0
3758,6.0,6.0,0.0,15,0.05,1,0,0,0
3759,6.0,6.0,0.0,16,0.05,1,0,0,0
3760,6.0,6.0,0.0,15,0.05,1,0,0,0
3761,6.0,6.0,0.0,15,0.05,1,0,0,0
3762,6.0,6.0,0.0,15,0.05,1,0,0,0
3763,6.0,6.0,0.0,17,0.05,1,0,0,0
3764,6.0,6.0,0.0,15,0.05,1,0,0,0
3765,6.0,6.0,0.0,15,0.05,1,0,0,0
3766,6.0,6.0,0.0,21,0.05,1,0,0,0
3767,6.0,6.0,0.0,15,0.05,1,0,0,0
3768,6.0,6.0,0.0,17,0.05,1,0,0,0
3769,6.0,6.0,0.0,19,0.05,1,0,0,0
3770,6.0,6.0,0.0,15,0.05,1,0,0,0
3771,6.0,6.0,0.0,20,0.05,1,0,0,0
3772,6.0,6.0,0.0,17,0.05,1,0,0,0
3773,6.0,6.0,0.0,23,0.05,1,0,0,0
3774,6.0,6.0,0.0,15,0.05,1,0,0,0
3775,6.0,6.0,0.0,15,0.05,1,0,0,0
3776,6.0,6.0,0.0,15,0.05,1,0,0,0
3777,6.0,6.0,0.0,15,0.05,1,0,0,0
3778,6.0,6.0,0.0,17,0.05,1,0,0,0
3779,6.0,6.0,0.0,15,0.05,1,0,0,0
3780,6.0,6.0,0.0,15,0.05,1,0,0,0
3781,6.0,6.0,0.0,15,0.05,1,0,0,0
3782,6.0,6.0,0.0,17,0.05,1,0,0,0
3783,6.0,6.0,0.0,15,0.05,1,0,0,0
3784,6.0,6.0,0.0,15,0.05,1,0,0,0
3785,6.0,6.0,0.0,15,0.05,1,0,0,0
3786,6.0,6.0,0.0,15,0.05,1,0,0,0
3787,6.0,6.0,0.0,15,0.05,1,0,0,0
3788,6.0,6.0,0.0,15,0.05,1,0,0,0
3789,6.0,6.0,0.0,15,0.05,1,0,0,0
3790,6.0,6.0,0.0,17,0.05,1,0,0,0
3791,6.0,6.0,0.0,15,0.05,1,0,0,0
3792,6.0,6.0,0.0,19,0.05,1,0,0,0
3793,6.0,6.0,0.0,19,0.05,1,0,0,0
3794,6.0,6.0,0.0,15,0.05,1,0,0,0
3795,6.0,6.0,0.0,15,0.05,1,0,0,0
3796,6.0,6.0,0.0,15,0.05,1,0,0,0
3797,6.0,6.0,0.0,15,0.05,1,0,0,0
3798,6.0,6.0,0.0,15,0.05,1,0,0,0
3799,6.0,6.0,0.0,15,0.05,1,0,0,0
3800,6.0,6.0,0.0,17,0.05,1,0,0,0
3801,6.0,6.0,0.0,22,0.05,1,0,0,0
3802,6.0,6.0,0.0,15,0.05,1,0,0,0
3803,6.0,6.0,0.0,15,0.05,1,0,0,0
3804,6.0,6.0,0.0,22,0.05,1,0,0,0
3805,6.0,6.0,0.0,17,0.05,1,0,0,0
3806,6.0,6.0,0.0,17,0.05,1,0,0,0
3807,6.0,6.0,0.0,15,0.05,1,0,0,0
3808,6.0,6.0,0.0,15,0.05,1,0,0,0
3809,6.0,6.0,0.0,15,0.05,1,0,0,0
3810,6.0,6.0,0.0,17,0.05,1,0,0,0
3811,6.0,6.0,0.0,20,0.05,1,0,0,0
3812,6.0,6.0,0.0,15,0.05,1,0,0,0
3813,6.0,6.0,0.0,15,0.05,1,0,0,0
3814,6.0,6.0,0.0,15,0.05,1,0,0,0
3815,6.0,6.0,0.0,15,0.05,1,0,0,0
3816,6.0,6.0,0.0,17,0.05,1,0,0,0
3817,6.0,6.0,0.0,18,0.05,1,0,0,0
3818,6.0,6.0,0.0,17,0.05,1,0,0,0
3819,6.0,6.0,0.0,15,0.05,1,0,0,0
3820,6.0,6.0,0.0,17,0.05,1,0,0,0
3821,6.0,6.0,0.0,15,0.05,1,0,0,0
3822,6.0,6.0,0.0,15,0.05,1,0,0,0
3823,6.0,6.0,0.0,15,0.05,1,0,0,0
3824,6.0,6.0,0.0,15,0.05,1,0,0,0
3825,6.0,6.0,0.0,17,0.05,1,0,0,0
3826,6.0,6.0,0.0,15,0.05,1,0,0,0
3827,6.0,6.0,0.0,15,0.05,1,0,0,0
3828,6.0,6.0,0.0,15,0.05,1,0,0,0
3829,6.0,6.0,0.0,20,0.05,1,0,0,0
3830,6.0,6.0,0.0,17,0.05,1,0,0,0
3831,6.0,6.0,0.0,15,0.05,1,0,0,0
3832,6.0,6.0,0.0,20,0.05,1,0,0,0
3833,6.0,6.0,0.0,15,0.05,1,0,0,0
3834,6.0,6.0,0.0,19,0.05,1,0,0,0
3835,6.0,6.0,0.0,15,0.05,1,0,0,0
3836,6.0,6.0,0.0,17,0.05,1,0,0,0
3837,6.0,6.0,0.0,15,0.05,1,0,0,0
3838,6.0,6.0,0.0,15,0.05,1,0,0,0
3839,6.0,6.0,0.0,17,0.05,1,0,0,0
3840,6.0,6.0,0.0,15,0.05,1,0,0,0
3841,6.0,6.0,0.0,15,0.05,1,0,0,0
3842,6.0,6.0,0.0,15,0.05,1,0,0,0
3843,6.0,6.0,0.0,17,0.05,1,0,0,0
3844,6.0,6.0,0.0,15,0.05,1,0,0,0
3845,6.0,6.0,0.0,15,0.05,1,0,0,0
3846,6.0,6.0,0.0,19,0.05,1,0,0,0
3847,6.0,6.0,0.0,15,0.05,1,0,0,0
3848,6.0,6.0,0.0,15,0.05,1,0,0,0
3849,6.0,6.0,0.0,17,0.05,1,0,0,0
3850,6.0,6.0,0.0,15,0.05,1,0,0,0
3851,6.0,6.0,0.0,19,0.05,1,0,0,0
3852,6.0,6.0,0.0,17,0.05,1,0,0,0
3853,6.0,6.0,0.0,15,0.05,1,0,0,0
3854,6.0,6.0,0.0,15,0.05,1,0,0,0
3855,6.0,6.0,0.0,17,0.05,1,0,0,0
3856,6.0,6.0,0.0,15,0.05,1,0,0,0
3857,6.0,6.0,0.0,15,0.05,1,0,0,0
3858,6.0,6.0,0.0,15,0.05,1,0,0,0
3859,6.0,6.0,0.0,15,0.05,1,0,0,0
3860,6.0,6.0,0.0,17,0.05,1,0,0,0
3861,6.0,6.0,0.0,19,0.05,1,0,0,0
3862,6.0,6.0,0.0,15,0.05,1,0,0,0
3863,6.0,6.0,0.0,15,0.05,1,0,0,0
3864,6.0,6.0,0.0,17,0.05,1,0,0,0
3865,6.0,6.0,0.0,15,0.05,1,0,0,0
3866,6.0,6.0,0.0,15,0.05,1,0,0,0
3867,6.0,6.0,0.0,15,0.05,1,0,0,0
3868,6.0,6.0,0.0,19,0.05,1,0,0,0
3869,6.0,6.0,0.0,17,0.05,1,0,0,0
3870,6.0,6.0,0.0,15,0.05,1,0,0,0
3871,6.0,6.0,0.0,15,0.05,1,0,0,0
3872,6.0,6.0,0.0,15,0.05,1,0,0,0
3873,6.0,6.0,0.0,15,0.05,1,0,0,0
3874,6.0,6.0,0.0,17,0.05,1,0,0,0
3875,6.0,6.0,0.0,15,0.05,1,0,0,0
3876,6.0,6.0,0.0,15,0.05,1,0,0,0
3877,6.0,6.0,0.0,15,0.05,1,0,0,0
3878,6.0,6.0,0.0,20,0.05,1,0,0,0
3879,6.0,6.0,0.0,15,0.05,1,0,0,0
3880,6.0,6.0,0.0,17,0.05,1,0,0,0
3881,6.0,6.0,0.0,17,0.05,1,0,0,0
3882,6.0,6.0,0.0,18,0.05,1,0,0,0
3883,6.0,6.0,0.0,17,0.05,1,0,0,0
3884,6.0,6.0,0.0,15,0.05,1,0,0,0
3885,6.0,6.0,0.0,15,0.05,1,0,0,0
3886,6.0,6.0,0.0,22,0.05,1,0,0,0
3887,6.0,6.0,0.0,19,0.05,1,0,0,0
3888,6.0,6.0,0.0,15,0.05,1,0,0,0
3889,6.0,6.0,0.0,22,0.05,1,0,0,0
3890,6.0,6.0,0.0,21,0.05,1,0,0,0
3891,6.0,6.0,0.0,15,0.05,1,0,0,0
3892,6.0,6.0,0.0,17,0.05,1,0,0,0
3893,6.0,6.0,0.0,17,0.05,1,0,0,0
3894,6.0,6.0,0.0,15,0.05,1,0,0,0
3895,6.0,6.0,0.0,15,0.05,1,0,0,0
3896,6.0,6.0,0.0,15,0.05,1,0,0,0
3897,6.0,6.0,0.0,19,0.05,1,0,0,0
3898,6.0,6.0,0.0,19,0.05,1,0,0,0
3899,6.0,6.0,0.0,20,0.05,1,0,0,0
3900,6.0,6.0,0.0,20,0.05,1,0,0,0
3901,6.0,6.0,0.0,19,0.05,1,0,0,0
3902,6.0,6.0,0.0,15,0.05,1,0,0,0
3903,6.0,6.0,0.0,17,0.05,1,0,0,0
3904,6.0,6.0,0.0,15,0.05,1,0,0,0
3905,6.0,6.0,0.0,15,0.05,1,0,0,0
3906,6.0,6.0,0.0,15,0.05,1,0,0,0
3907,6.0,6.0,0.0,15,0.05,1,0,0,0
3908,6.0,6.0,0.0,15,0.05,1,0,0,0
3909,6.0,6.0,0.0,15,0.05,1,0,0,0
3910,6.0,6.0,0.0,17,0.05,1,0,0,0
3911,6.0,6.0,0.0,17,0.05,1,0,0,0
3912,6.0,6.0,0.0,15,0.05,1,0,0,0
3913,6.0,6.0,0.0,17,0.05,1,0,0,0
3914,6.0,6.0,0.0,15,0.05,1,0,0,0
3915,6.0,6.0,0.0,19,0.05,1,0,0,0
3916,6.0,6.0,0.0,18,0.05,1,0,0,0
3917,6.0,6.0,0.0,15,0.05,1,0,0,0
3918,6.0,6.0,0.0,16,0.05,1,0,0,0
3919,6.0,6.0,0.0,15,0.05,1,0,0,0
3920,6.0,6.0,0.0,15,0.05,1,0,0,0
3921,6.0,6.0,0.0,15,0.05,1,0,0,0
3922,6.0,6.0,0.0,15,0.05,1,0,0,0
3923,6.0,6.0,0.0,17,0.05,1,0,0,0
3924,6.0,6.0,0.0,15,0.05,1,0,0,0
3925,6.0,6.0,0.0,17,0.05,1,0,0,0
3926,6.0,6.0,0.0,15,0.05,1,0,0,0
3927,6.0,6.0,0.0,15,0.05,1,0,0,0
3928,6.0,6.0,0.0,17,0.05,1,0,0,0
3929,6.0,6.0,0.0,15,0.05,1,0,0,0
3930,6.0,6.0,0.0,15,0.05,1,0,0,0
3931,6.0,6.0,0.0,17,0.05,1,0,0,0
3932,6.0,6.0,0.0,22,0.05,1,0,0,0
3933,6.0,6.0,0.0,15,0.05,1,0,0,0
3934,6.0,6.0,0.0,22,0.05,1,0,0,0
3935,6.0,6.0,0.0,22,0.05,1,0,0,0
3936,6.0,6.0,0.0,15,0.05,1,0,0,0
3937,6.0,6.0,0.0,19,0.05,1,0,0,0
3938,6.0,6.0,0.0,17,0.05,1,0,0,0
3939,6.0,6.0,0.0,15,0.05,1,0,0,0
3940,6.0,6.0,0.0,15,0.05,1,0,0,0
3941,6.0,6.0,0.0,25,0.05,1,0,0,0
3942,6.0,6.0,0.0,20,0.05,1,0,0,0
3943,6.0,6.0,0.0,15,0.05,1,0,0,0
3944,6.0,6.0,0.0,15,0.05,1,0,0,0
3945,6.0,6.0,0.0,15,0.05,1,0,0,0
3946,6.0,6.0,0.0,17,0.05,1,0,0,0
3947,6.0,6.0,0.0,15,0.05,1,0,0,0
3948,6.0,6.0,0.0,17,0.05,1,0,0,0
3949,6.0,6.0,0.0,19,0.05,1,0,0,0
3950,6.0,6.0,0.0,17,0.05,1,0,0,0
3951,6.0,6.0,0.0,15,0.05,1,0,0,0
3952,6.0,6.0,0.0,15,0.05,1,0,0,0
3953,6.0,6.0,0.0,17,0.05,1,0,0,0
3954,6.0,6.0,0.0,17,0.05,1,0,0,0
3955,6.0,6.0,0.0,24,0.05,1,0,0,0
3956,6.0,6.0,0.0,17,0.05,1,0,0,0
3957,6.0,6.0,0.0,15,0.05,1,0,0,0
3958,6.0,6.0,0.0,15,0.05,1,0,0,0
3959,6.0,6.0,0.0,15,0.05,1,0,0,0
3960,6.0,6.0,0.0,15,0.05,1,0,0,0
3961,6.0,6.0,0.0,15,0.05,1,0,0,0
3962,6.0,6.0,0.0,15,0.05,1,0,0,0
3963,6.0,6.0,0.0,17,0.05,1,0,0,0
3964,6.0,6.0,0.0,15,0.05,1,0,0,0
3965,6.0,6.0,0.0,15,0.05,1,0,0,0
3966,6.0,6.0,0.0,19,0.05,1,0,0,0
3967,6.0,6.0,0.0,21,0.05,1,0,0,0
3968,6.0,6.0,0.0,15,0.05,1,0,0,0
3969,6.0,6.0,0.0,17,0.05,1,0,0,0
3970,6.0,6.0,0.0,15,0.05,1,0,0,0
3971,6.0,6.0,0.0,15,0.05,1,0,0,0
3972,6.0,6.0,0.0,15,0.05,1,0,0,0
3973,6.0,6.0,0.0,15,0.05,1,0,0,0
3974,6.0,6.0,0.0,17,0.05,1,0,0,0
3975,6.0,6.0,0.0,19,0.05,1,0,0,0
3976,6.0,6.0,0.0,15,0.05,1,0,0,0
3977,6.0,6.0,0.0,15,0.05,1,0,0,0
3978,6.0,6.0,0.0,15,0.05,1,0,0,0
3979,6.0,6.0,0.0,15,0.05,1,0,0,0
3980,6.0,6.0,0.0,21,0.05,1,0,0,0
3981,6.0,6.0,0.0,17,0.05,1,0,0,0
3982,6.0,6.0,0.0,15,0.05,1,0,0,0
3983,6.0,6.0,0.0,17,0.05,1,0,0,0
3984,6.0,6.0,0.0,15,0.05,1,0,0,0
3985,6.0,6.0,0.0,15,0.05,1,0,0,0
3986,6.0,6.0,0.0,15,0.05,1,0,0,0
3987,6.0,6.0,0.0,15,0.05,1,0,0,0
3988,6.0,6.0,0.0,15,0.05,1,0,0,0
3989,6.0,6.0,0.0,15,0.05,1,0,0,0
3990,6.0,6.0,0.0,15,0.05,1,0,0,0
3991,6.0,6.0,0.0,15,0.05,1,0,0,0
3992,6.0,6.0,0.0,15,0.05,1,0,0,0
3993,6.0,6.0,0.0,15,0.05,1,0,0,0
3994,6.0,6.0,0.0,15,0.05,1,0,0,0
3995,6.0,6.0,0.0,15,0.05,1,0,0,0
3996,6.0,6.0,0.0,15,0.05,1,0,0,0
3997,6.0,6.0,0.0,17,0.05,1,0,0,0
3998,6.0,6.0,0.0,17,0.05,1,0,0,0
3999,6.0,6.0,0.0,15,0.05,1,0,0,0
4000,6.0,6.0,0.0,17,0.05,1,0,0,0
4001,6.0,6.0,0.0,17,0.05,1,0,0,0
4002,6.0,6.0,0.0,15,0.05,1,0,0,0
4003,6.0,6.0,0.0,17,0.05,1,0,0,0
4004,6.0,6.0,0.0,15,0.05,1,0,0,0
4005,6.0,6.0,0.0,17,0.05,1,0,0,0
4006,6.0,6.0,0.0,17,0.05,1,0,0,0
4007,6.0,6.0,0.0,15,0.05,1,0,0,0
4008,6.0,6.0,0.0,15,0.05,1,0,0,0
4009,6.0,6.0,0.0,15,0.05,1,0,0,0
4010,6.0,6.0,0.0,15,0.05,1,0,0,0
4011,6.0,6.0,0.0,19,0.05,1,0,0,0
4012,6.0,6.0,0.0,17,0.05,1,0,0,0
4013,6.0,6.0,0.0,15,0.05,1,0,0,0
4014,6.0,6.0,0.0,15,0.05,1,0,0,0
4015,6.0,6.0,0.0,15,0.05,1,0,0,0
4016,6.0,6.0,0.0,15,0.05,1,0,0,0
4017,6.0,6.0,0.0,15,0.05,1,0,0,0
4018,6.0,6.0,0.0,15,0.05,1,0,0,0
4019,6.0,6.0,0.0,15,0.05,1,0,0,0
4020,6.0,6.0,0.0,15,0.05,1,0,0,0
4021,6.0,6.0,0.0,15,0.05,1,0,0,0
4022,6.0,6.0,0.0,17,0.05,1,0,0,0
4023,6.0,6.0,0.0,15,0.05,1,0,0,0
4024,6.0,6.0,0.0,22,0.05,1,0,0,0
4025,6.0,6.0,0.0,17,0.05,1,0,0,0
4026,6.0,6.0,0.0,16,0.05,1,0,0,0
4027,6.0,6.0,0.0,15,0.05,1,0,0,0
4028,6.0,6.0,0.0,15,0.05,1,0,0,0
4029,6.0,6.0,0.0,20,0.05,1,0,0,0
4030,6.0,6.0,0.0,15,0.05,1,0,0,0
4031,6.0,6.0,0.0,15,0.05,1,0,0,0
4032,6.0,6.0,0.0,20,0.05,1,0,0,0
4033,6.0,6.0,0.0,15,0.05,1,0,0,0
4034,6.0,6.0,0.0,20,0.05,1,0,0,0
4035,6.0,6.0,0.0,16,0.05,1,0,0,0
4036,6.0,6.0,0.0,15,0.05,1,0,0,0
4037,6.0,6.0,0.0,19,0.05,1,0,0,0
4038,6.0,6.0,0.0,17,0.05,1,0,0,0
4039,6.0,6.0,0.0,15,0.05,1,0,0,0
4040,6.0,6.0,0.0,15,0.05,1,0,0,0
4041,6.0,6.0,0.0,15,0.05,1,0,0,0
4042,6.0,6.0,0.0,15,0.05,1,0,0,0
4043,6.0,6.0,0.0,15,0.05,1,0,0,0
4044,6.0,6.0,0.0,17,0.05,1,0,0,0
4045,6.0,6.0,0.0,15,0.05,1,0,0,0
4046,6.0,6.0,0.0,15,0.05,1,0,0,0
4047,6.0,6.0,0.0,15,0.05,1,0,0,0
4048,6.0,6.0,0.0,17,0.05,1,0,0,0
4049,6.0,6.0,0.0,17,0.05,1,0,0,0
4050,6.0,6.0,0.0,15,0.05,1,0,0,0
4051,6.0,6.0,0.0,15,0.05,1,0,0,0
4052,6.0,6.0,0.0,15,0.05,1,0,0,0
4053,6.0,6.0,0.0,15,0.05,1,0,0,0
4054,6.0,6.0,0.0,15,0.05,1,0,0,0
4055,6.0,6.0,0.0,17,0.05,1,0,0,0
4056,6.0,6.0,0.0,15,0.05,1,0,0,0
4057,6.0,6.0,0.0,19,0.05,1,0,0,0
4058,6.0,6.0,0.0,20,0.05,1,0,0,0
4059,6.0,6.0,0.0,15,0.05,1,0,0,0
4060,6.0,6.0,0.0,15,0.05,1,0,0,0
4061,6.0,6.0,0.0,17,0.05,1,0,0,0
4062,6.0,6.0,0.0,15,0.05,1,0,0,0
4063,6.0,6.0,0.0,17,0.05,1,0,0,0
4064,6.0,6.0,0.0,17,0.05,1,0,0,0
4065,6.0,6.0,0.0,15,0.05,1,0,0,0
4066,6.0,6.0,0.0,15,0.05,1,0,0,0
4067,6.0,6.0,0.0,15,0.05,1,0,0,0
4068,6.0,6.0,0.0,17,0.05,1,0,0,0
4069,6.0,6.0,0.0,15,0.05,1,0,0,0
4070,6.0,6.0,0.0,17,0.05,1,0,0,0
4071,6.0,6.0,0.0,15,0.05,1,0,0,0
4072,6.0,6.0,0.0,17,0.05,1,0,0,0
4073,6.0,6.0,0.0,15,0.05,1,0,0,0
4074,6.0,6.0,0.0,15,0.05,1,0,0,0
4075,6.0,6.0,0.0,17,0.05,1,0,0,0
4076,6.0,6.0,0.0,15,0.05,1,0,0,0
4077,6.0,6.0,0.0,20,0.05,1,0,0,0
4078,6.0,6.0,0.0,15,0.05,1,0,0,0
4079,6.0,6.0,0.0,15,0.05,1,0,0,0
4080,6.0,6.0,0.0,15,0.05,1,0,0,0
4081,6.0,6.0,0.0,17,0.05,1,0,0,0
4082,6.0,6.0,0.0,17,0.05,1,0,0,0
4083,6.0,6.0,0.0,17,0.05,1,0,0,0
4084,6.0,6.0,0.0,15,0.05,1,0,0,0
4085,6.0,6.0,0.0,15,0.05,1,0,0,0
4086,6.0,6.0,0.0,15,0.05,1,0,0,0
4087,6.0,6.0,0.0,17,0.05,1,0,0,0
4088,6.0,6.0,0.0,15,0.05,1,0,0,0
4089,6.0,6.0,0.0,15,0.05,1,0,0,0
4090,6.0,6.0,0.0,17,0.05,1,0,0,0
4091,6.0,6.0,0.0,19,0.05,1,0,0,0
4092,6.0,6.0,0.0,15,0.05,1,0,0,0
4093,6.0,6.0,0.0,17,0.05,1,0,0,0
4094,6.0,6.0,0.0,15,0.05,1,0,0,0
4095,6.0,6.0,0.0,17,0.05,1,0,0,0
4096,6.0,6.0,0.0,16,0.05,1,0,0,0
4097,6.0,6.0,0.0,15,0.05,1,0,0,0
4098,6.0,6.0,0.0,17,0.05,1,0,0,0
4099,6.0,6.0,0.0,15,0.05,1,0,0,0
4100,6.0,6.0,0.0,15,0.05,1,0,0,0
4101,6.0,6.0,0.0,20,0.05,1,0,0,0
4102,6.0,6.0,0.0,15,0.05,1,0,0,0
4103,6.0,6.0,0.0,19,0.05,1,0,0,0
4104,6.0,6.0,0.0,15,0.05,1,0,0,0
4105,6.0,6.0,0.0,24,0.05,1,0,0,0
4106,6.0,6.0,0.0,17,0.05,1,0,0,0
4107,6.0,6.0,0.0,18,0.05,1,0,0,0
4108,6.0,6.0,0.0,15,0.05,1,0,0,0
4109,6.0,6.0,0.0,15,0.05,1,0,0,0
4110,6.0,6.0,0.0,15,0.05,1,0,0,0
4111,6.0,6.0,0.0,15,0.05,1,0,0,0
4112,6.0,6.0,0.0,15,0.05,1,0,0,0
4113,6.0,6.0,0.0,15,0.05,1,0,0,0
4114,6.0,6.0,0.0,15,0.05,1,0,0,0
4115,6.0,6.0,0.0,15,0.05,1,0,0,0
4116,6.0,6.0,0.0,19,0.05,1,0,0,0
4117,6.0,6.0,0.0,22,0.05,1,0,0,0
4118,6.0,6.0,0.0,17,0.05,1,0,0,0
4119,6.0,6.0,0.0,15,0.05,1,0,0,0
4120,6.0,6.0,0.0,15,0.05,1,0,0,0
4121,6.0,6.0,0.0,17,0.05,1,0,0,0
4122,6.0,6.0,0.0,15,0.05,1,0,0,0
4123,6.0,6.0,0.0,15,0.05,1,0,0,0
4124,6.0,6.0,0.0,15,0.05,1,0,0,0
4125,6.0,6.0,0.0,15,0.05,1,0,0,0
4126,6.0,6.0,0.0,17,0.05,1,0,0,0
4127,6.0,6.0,0.0,15,0.05,1,0,0,0
4128,6.0,6.0,0.0,17,0.05,1,0,0,0
4129,6.0,6.0,0.0,15,0.05,1,0,0,0
4130,6.0,6.0,0.0,17,0.05,1,0,0,0
4131,6.0,6.0,0.0,17,0.05,1,0,0,0
4132,6.0,6.0,0.0,15,0.05,1,0,0,0
4133,6.0,6.0,0.0,15,0.05,1,0,0,0
4134,6.0,6.0,0.0,15,0.05,1,0,0,0
4135,6.0,6.0,0.0,15,0.05,1,0,0,0
4136,6.0,6.0,0.0,15,0.05,1,0,0,0
4137,6.0,6.0,0.0,15,0.05,1,0,0,0
4138,6.0,6.0,0.0,15,0.05,1,0,0,0
4139,6.0,6.0,0.0,17,0.05,1,0,0,0
4140,6.0,6.0,0.0,15,0.05,1,0,0,0
4141,6.0,6.0,0.0,19,0.05,1,0,0,0
4142,6.0,6.0,0.0,15,0.05,1,0,0,0
4143,6.0,6.0,0.0,15,0.05,1,0,0,0
4144,6.0,6.0,0.0,15,0.05,1,0,0,0
4145,6.0,6.0,0.0,15,0.05,1,0,0,0
4146,6.0,6.0,0.0,15,0.05,1,0,0,0
4147,6.0,6.0,0.0,17,0.05,1,0,0,0
4148,6.0,6.0,0.0,17,0.05,1,0,0,0
4149,6.0,6.0,0.0,15,0.05,1,0,0,0
4150,6.0,6.0,0.0,17,0.05,1,0,0,0
4151,6.0,6.0,0.0,15,0.05,1,0,0,0
4152,6.0,6.0,0.0,15,0.05,1,0,0,0
4153,6.0,6.0,0.0,15,0.05,1,0,0,0
4154,6.0,6.0,0.0,17,0.05,1,0,0,0
4155,6.0,6.0,0.0,15,0.05,1,0,0,0
4156,6.0,6.0,0.0,15,0.05,1,0,0,0
4157,6.0,6.0,0.0,17,0.05,1,0,0,0
4158,6.0,6.0,0.0,18,0.05,1,0,0,0
4159,6.0,6.0,0.0,15,0.05,1,0,0,0
4160,6.0,6.0,0.0,15,0.05,1,0,0,0
4161,6.0,6.0,0.0,15,0.05,1,0,0,0
4162,6.0,6.0,0.0,15,0.05,1,0,0,0
4163,6.0,6.0,0.0,15,0.05,1,0,0,0
4164,6.0,6.0,0.0,15,0.05,1,0,0,0
4165,6.0,6.0,0.0,15,0.05,1,0,0,0
4166,6.0,6.0,0.0,15,0.05,1,0,0,0
4167,6.0,6.0,0.0,17,0.05,1,0,0,0
4168,6.0,6.0,0.0,17,0.05,1,0,0,0
4169,6.0,6.0,0.0,15,0.05,1,0,0,0
4170,6.0,6.0,0.0,15,0.05,1,0,0,0
4171,6.0,6.0,0.0,17,0.05,1,0,0,0
4172,6.0,6.0,0.0,15,0.05,1,0,0,0
4173,6.0,6.0,0.0,15,0.05,1,0,0,0
4174,6.0,6.0,0.0,16,0.05,1,0,0,0
4175,6.0,6.0,0.0,15,0.05,1,0,0,0
4176,6.0,6.0,0.0,15,0.05,1,0,0,0
4177,6.0,6.0,0.0,15,0.05,1,0,0,0
4178,6.0,6.0,0.0,15,0.05,1,0,0,0
4179,6.0,6.0,0.0,15,0.05,1,0,0,0
4180,6.0,6.0,0.0,17,0.05,1,0,0,0
4181,6.0,6.0,0.0,15,0.05,1,0,0,0
4182,6.0,6.0,0.0,15,0.05,1,0,0,0
4183,6.0,6.0,0.0,15,0.05,1,0,0,0
4184,6.0,6.0,0.0,22,0.05,1,0,0,0
4185,6.0,6.0,0.0,15,0.05,1,0,0,0
4186,6.0,6.0,0.0,15,0.05,1,0,0,0
4187,6.0,6.0,0.0,15,0.05,1,0,0,0
4188,6.0,6.0,0.0,21,0.05,1,0,0,0
4189,6.0,6.0,0.0,15,0.05,1,0,0,0
4190,6.0,6.0,0.0,15,0.05,1,0,0,0
4191,6.0,6.0,0.0,20,0.05,1,0,0,0
4192,6.0,6.0,0.0,15,0.05,1,0,0,0
4193,6.0,6.0,0.0,15,0.05,1,0,0,0
4194,6.0,6.0,0.0,15,0.05,1,0,0,0
4195,6.0,6.0,0.0,19,0.05,1,0,0,0
4196,6.0,6.0,0.0,15,0.05,1,0,0,0
4197,6.0,6.0,0.0,15,0.05,1,0,0,0
4198,6.0,6.0,0.0,15,0.05,1,0,0,0
4199,6.0,6.0,0.0,15,0.05,1,0,0,0
4200,6.0,6.0,0.0,15,0.05,1,0,0,0
4201,6.0,6.0,0.0,15,0.05,1,0,0,0
4202,6.0,6.0,0.0,18,0.05,1,0,0,0
4203,6.0,6.0,0.0,15,0.05,1,0,0,0
4204,6.0,6.0,0.0,15,0.05,1,0,0,0
4205,6.0,6.0,0.0,15,0.05,1,0,0,0
4206,6.0,6.0,0.0,15,0.05,1,0,0,0
4207,6.0,6.0,0.0,15,0.05,1,0,0,0
4208,6.0,6.0,0.0,15,0.05,1,0,0,0
4209,6.0,6.0,0.0,15,0.05,1,0,0,0
4210,6.0,6.0,0.0,15,0.05,1,0,0,0
4211,6.0,6.0,0.0,15,0.05,1,0,0,0
4212,6.0,6.0,0.0,20,0.05,1,0,0,0
4213,6.0,6.0,0.0,15,0.05,1,0,0,0
4214,6.0,6.0,0.0,15,0.05,1,0,0,0
4215,6.0,6.0,0.0,15,0.05,1,0,0,0
4216,6.0,6.0,0.0,15,0.05,1,0,0,0
4217,6.0,6.0,0.0,15,0.05,1,0,0,0
4218,6.0,6.0,0.0,15,0.05,1,0,0,0
4219,6.0,6.0,0.0,17,0.05,1,0,0,0
4220,6.0,6.0,0.0,15,0.05,1,0,0,0
4221,6.0,6.0,0.0,15,0.05,1,0,0,0
4222,6.0,6.0,0.0,15,0.05,1,0,0,0
4223,6.0,6.0,0.0,15,0.05,1,0,0,0
4224,6.0,6.0,0.0,15,0.05,1,0,0,0
4225,6.0,6.0,0.0,15,0.05,1,0,0,0
4226,6.0,6.0,0.0,15,0.05,1,0,0,0
4227,6.0,6.0,0.0,20,0.05,1,0,0,0
4228,6.0,6.0,0.0,15,0.05,1,0,0,0
4229,6.0,6.0,0.0,17,0.05,1,0,0,0
4230,6.0,6.0,0.0,19,0.05,1,0,0,0
4231,6.0,6.0,0.0,15,0.05,1,0,0,0
4232,6.0,6.0,0.0,16,0.05,1,0,0,0
4233,6.0,6.0,0.0,15,0.05,1,0,0,0
4234,6.0,6.0,0.0,15,0.05,1,0,0,0
4235,6.0,6.0,0.0,15,0.05,1,0,0,0
4236,6.0,6.0,0.0,17,0.05,1,0,0,0
4237,6.0,6.0,0.0,15,0.05,1,0,0,0
4238,6.0,6.0,0.0,15,0.05,1,0,0,0
4239,6.0,6.0,0.0,19,0.05,1,0,0,0
4240,6.0,6.0,0.0,15,0.05,1,0,0,0
4241,6.0,6.0,0.0,15,0.05,1,0,0,0
4242,6.0,6.0,0.0,15,0.05,1,0,0,0
4243,6.0,6.0,0.0,17,0.05,1,0,0,0
4244,6.0,6.0,0.0,15,0.05,1,0,0,0
4245,6.0,6.0,0.0,21,0.05,1,0,0,0
4246,6.0,6.0,0.0,17,0.05,1,0,0,0
4247,6.0,6.0,0.0,15,0.05,1,0,0,0
4248,6.0,6.0,0.0,17,0.05,1,0,0,0
4249,6.0,6.0,0.0,15,0.05,1,0,0,0
4250,6.0,6.0,0.0,15,0.05,1,0,0,0
4251,6.0,6.0,0.0,15,0.05,1,0,0,0
4252,6.0,6.0,0.0,15,0.05,1,0,0,0
4253,6.0,6.0,0.0,17,0.05,1,0,0,0
4254,6.0,6.0,0.0,19,0.05,1,0,0,0
4255,6.0,6.0,0.0,17,0.05,1,0,0,0
4256,6.0,6.0,0.0,15,0.05,1,0,0,0
4257,6.0,6.0,0.0,20,0.05,1,0,0,0
4258,6.0,6.0,0.0,19,0.05,1,0,0,0
4259,6.0,6.0,0.0,15,0.05,1,0,0,0
4260,6.0,6.0,0.0,15,0.05,1,0,0,0
4261,6.0,6.0,0.0,22,0.05,1,0,0,0
4262,6.0,6.0,0.0,15,0.05,1,0,0,0
4263,6.0,6.0,0.0,15,0.05,1,0,0,0
4264,6.0,6.0,0.0,17,0.05,1,0,0,0
4265,6.0,6.0,0.0,15,0.05,1,0,0,0
4266,6.0,6.0,0.0,15,0.05,1,0,0,0
4267,6.0,6.0,0.0,17,0.05,1,0,0,0
4268,6.0,6.0,0.0,17,0.05,1,0,0,0
4269,6.0,6.0,0.0,17,0.05,1,0,0,0
4270,6.0,6.0,0.0,17,0.05,1,0,0,0
4271,6.0,6.0,0.0,15,0.05,1,0,0,0
4272,6.0,6.0,0.0,15,0.05,1,0,0,0
4273,6.0,6.0,0.0,15,0.05,1,0,0,0
4274,6.0,6.0,0.0,15,0.05,1,0,0,0
4275,6.0,6.0,0.0,19,0.05,1,0,0,0
4276,6.0,6.0,0.0,20,0.05,1,0,0,0
4277,6.0,6.0,0.0,15,0.05,1,0,0,0
4278,6.0,6.0,0.0,15,0.05,1,0,0,0
4279,6.0,6.0,0.0,15,0.05,1,0,0,0
4280,6.0,6.0,0.0,15,0.05,1,0,0,0
4281,6.0,6.0,0.0,17,0.05,1,0,0,0
4282,6.0,6.0,0.0,19,0.05,1,0,0,0
4283,6.0,6.0,0.0,17,0.05,1,0,0,0
4284,6.0,6.0,0.0,15,0.05,1,0,0,0
4285,6.0,6.0,0.0,17,0.05,1,0,0,0
4286,6.0,6.0,0.0,15,0.05,1,0,0,0
4287,6.0,6.0,0.0,17,0.05,1,0,0,0
4288,6.0,6.0,0.0,17,0.05,1,0,0,0
4289,6.0,6.0,0.0,17,0.05,1,0,0,0
4290,6.0,6.0,0.0,15,0.05,1,0,0,0
4291,6.0,6.0,0.0,15,0.05,1,0,0,0
4292,6.0,6.0,0.0,15,0.05,1,0,0,0
4293,6.0,6.0,0.0,15,0.05,1,0,0,0
4294,6.0,6.0,0.0,21,0.05,1,0,0,0
4295,6.0,6.0,0.0,17,0.05,1,0,0,0
4296,6.0,6.0,0.0,15,0.05,1,0,0,0
4297,6.0,6.0,0.0,15,0.05,1,0,0,0
4298,6.0,6.0,0.0,17,0.05,1,0,0,0
4299,6.0,6.0,0.0,15,0.05,1,0,0,0
4300,6.0,6.0,0.0,15,0.05,1,0,0,0
4301,6.0,6.0,0.0,15,0.05,1,0,0,0
4302,6.0,6.0,0.0,15,0.05,1,0,0,0
4303,6.0,6.0,0.0,15,0.05,1,0,0,0
4304,6.0,6.0,0.0,15,0.05,1,0,0,0
4305,6.0,6.0,0.0,15,0.05,1,0,0,0
4306,6.0,6.0,0.0,15,0.05,1,0,0,0
4307,6.0,6.0,0.0,17,0.05,1,0,0,0
4308,6.0,6.0,0.0,15,0.05,1,0,0,0
4309,6.0,6.0,0.0,15,0.05,1,0,0,0
4310,6.0,6.0,0.0,15,0.05,1,0,0,0
4311,6.0,6.0,0.0,17,0.05,1,0,0,0
4312,6.0,6.0,0.0,15,0.05,1,0,0,0
4313,6.0,6.0,0.0,19,0.05,1,0,0,0
4314,6.0,6.0,0.0,19,0.05,1,0,0,0
4315,6.0,6.0,0.0,17,0.05,1,0,0,0
4316,6.0,6.0,0.0,15,0.05,1,0,0,0
4317,6.0,6.0,0.0,16,0.05,1,0,0,0
4318,6.0,6.0,0.0,17,0.05,1,0,0,0
4319,6.0,6.0,0.0,15,0.05,1,0,0,0
4320,6.0,6.0,0.0,17,0.05,1,0,0,0
4321,6.0,6.0,0.0,15,0.05,1,0,0,0
4322,6.0,6.0,0.0,15,0.05,1,0,0,0
4323,6.0,6.0,0.0,15,0.05,1,0,0,0
4324,6.0,6.0,0.0,15,0.05,1,0,0,0
4325,6.0,6.0,0.0,15,0.05,1,0,0,0
4326,6.0,6.0,0.0,17,0.05,1,0,0,0
4327,6.0,6.0,0.0,15,0.05,1,0,0,0
4328,6.0,6.0,0.0,17,0.05,1,0,0,0
4329,6.0,6.0,0.0,17,0.05,1,0,0,0
4330,6.0,6.0,0.0,15,0.05,1,0,0,0
4331,6.0,6.0,0.0,20,0.05,1,0,0,0
4332,6.0,6.0,0.0,17,0.05,1,0,0,0
4333,6.0,6.0,0.0,17,0.05,1,0,0,0
4334,6.0,6.0,0.0,15,0.05,1,0,0,0
4335,6.0,6.0,0.0,15,0.05,1,0,0,0
4336,6.0,6.0,0.0,17,0.05,1,0,0,0
4337,6.0,6.0,0.0,15,0.05,1,0,0,0
4338,6.0,6.0,0.0,20,0.05,1,0,0,0
4339,6.0,6.0,0.0,15,0.05,1,0,0,0
4340,6.0,6.0,0.0,20,0.05,1,0,0,0
4341,6.0,6.0,0.0,15,0.05,1,0,0,0
4342,6.0,6.0,0.0,17,0.05,1,0,0,0
4343,6.0,6.0,0.0,17,0.05,1,0,0,0
4344,6.0,6.0,0.0,16,0.05,1,0,0,0
4345,6.0,6.0,0.0,15,0.05,1,0,0,0
4346,6.0,6.0,0.0,22,0.05,1,0,0,0
4347,6.0,6.0,0.0,15,0.05,1,0,0,0
4348,6.0,6.0,0.0,17,0.05,1,0,0,0
4349,6.0,6.0,0.0,15,0.05,1,0,0,0
4350,6.0,6.0,0.0,17,0.05,1,0,0,0
4351,6.0,6.0,0.0,15,0.05,1,0,0,0
4352,6.0,6.0,0.0,20,0.05,1,0,0,0
4353,6.0,6.0,0.0,17,0.05,1,0,0,0
4354,6.0,6.0,0.0,15,0.05,1,0,0,0
4355,6.0,6.0,0.0,15,0.05,1,0,0,0
4356,6.0,6.0,0.0,17,0.05,1,0,0,0
4357,6.0,6.0,0.0,17,0.05,1,0,0,0
4358,6.0,6.0,0.0,15,0.05,1,0,0,0
4359,6.0,6.0,0.0,15,0.05,1,0,0,0
4360,6.0,6.0,0.0,15,0.05,1,0,0,0
4361,6.0,6.0,0.0,15,0.05,1,0,0,0
4362,6.0,6.0,0.0,15,0.05,1,0,0,0
4363,6.0,6.0,0.0,15,0.05,1,0,0,0
4364,6.0,6.0,0.0,17,0.05,1,0,0,0
4365,6.0,6.0,0.0,17,0.05,1,0,0,0
4366,6.0,6.0,0.0,20,0.05,1,0,0,0
4367,6.0,6.0,0.0,15,0.05,1,0,0,0
4368,6.0,6.0,0.0,15,0.05,1,0,0,0
4369,6.0,6.0,0.0,17,0.05,1,0,0,0
4370,6.0,6.0,0.0,17,0.05,1,0,0,0
4371,6.0,6.0,0.0,15,0.05,1,0,0,0
4372,6.0,6.0,0.0,15,0.05,1,0,0,0
4373,6.0,6.0,0.0,17,0.05,1,0,0,0
4374,6.0,6.0,0.0,16,0.05,1,0,0,0
4375,6.0,6.0,0.0,15,0.05,1,0,0,0
4376,6.0,6.0,0.0,15,0.05,1,0,0,0
4377,6.0,6.0,0.0,15,0.05,1,0,0,0
4378,6.0,6.0,0.0,15,0.05,1,0,0,0
4379,6.0,6.0,0.0,15,0.05,1,0,0,0
4380,6.0,6.0,0.0,20,0.05,1,0,0,0
4381,6.0,6.0,0.0,15,0.05,1,0,0,0
4382,6.0,6.0,0.0,15,0.05,1,0,0,0
4383,6.0,6.0,0.0,19,0.05,1,0,0,0
4384,6.0,6.0,0.0,17,0.05,1,0,0,0
4385,6.0,6.0,0.0,15,0.05,1,0,0,0
4386,6.0,6.0,0.0,22,0.05,1,0,0,0
4387,6.0,6.0,0.0,15,0.05,1,0,0,0
4388,6.0,6.0,0.0,19,0.05,1,0,0,0
4389,6.0,6.0,0.0,15,0.05,1,0,0,0
4390,6.0,6.0,0.0,17,0.05,1,0,0,0
4391,6.0,6.0,0.0,19,0.05,1,0,0,0
4392,6.0,6.0,0.0,15,0.05,1,0,0,0
4393,6.0,6.0,0.0,15,0.05,1,0,0,0
4394,6.0,6.0,0.0,20,0.05,1,0,0,0
4395,6.0,6.0,0.0,15,0.05,1,0,0,0
4396,6.0,6.0,0.0,17,0.05,1,0,0,0
4397,6.0,6.0,0.0,15,0.05,1,0,0,0
4398,6.0,6.0,0.0,19,0.05,1,0,0,0
4399,6.0,6.0,0.0,15,0.05,1,0,0,0
4400,6.0,6.0,0.0,15,0.05,1,0,0,0
4401,6.0,6.0,0.0,17,0.05,1,0,0,0
4402,6.0,6.0,0.0,17,0.05,1,0,0,0
4403,6.0,6.0,0.0,17,0.05,1,0,0,0
4404,6.0,6.0,0.0,17,0.05,1,0,0,0
4405,6.0,6.0,0.0,15,0.05,1,0,0,0
4406,6.0,6.0,0.0,17,0.05,1,0,0,0
4407,6.0,6.0,0.0,15,0.05,1,0,0,0
4408,6.0,6.0,0.0,15,0.05,1,0,0,0
4409,6.0,6.0,0.0,15,0.05,1,0,0,0
4410,6.0,6.0,0.0,17,0.05,1,0,0,0
4411,6.0,6.0,0.0,19,0.05,1,0,0,0
4412,6.0,6.0,0.0,15,0.05,1,0,0,0
4413,6.0,6.0,0.0,15,0.05,1,0,0,0
4414,6.0,6.0,0.0,26,0.05,1,0,0,0
4415,6.0,6.0,0.0,15,0.05,1,0,0,0
4416,6.0,6.0,0.0,15,0.05,1,0,0,0
4417,6.0,6.0,0.0,17,0.05,1,0,0,0
4418,6.0,6.0,0.0,15,0.05,1,0,0,0
4419,6.0,6.0,0.0,15,0.05,1,0,0,0
4420,6.0,6.0,0.0,17,0.05,1,0,0,0
4421,6.0,6.0,0.0,15,0.05,1,0,0,0
4422,6.0,6.0,0.0,15,0.05,1,0,0,0
4423,6.0,6.0,0.0,17,0.05,1,0,0,0
4424,6.0,6.0,0.0,17,0.05,1,0,0,0
4425,6.0,6.0,0.0,16,0.05,1,0,0,0
4426,6.0,6.0,0.0,15,0.05,1,0,0,0
4427,6.0,6.0,0.0,15,0.05,1,0,0,0
4428,6.0,6.0,0.0,15,0.05,1,0,0,0
4429,6.0,6.0,0.0,17,0.05,1,0,0,0
4430,6.0,6.0,0.0,20,0.05,1,0,0,0
4431,6.0,6.0,0.0,26,0.05,1,0,0,0
4432,6.0,6.0,0.0,22,0.05,1,0,0,0
4433,6.0,6.0,0.0,17,0.05,1,0,0,0
4434,6.0,6.0,0.0,15,0.05,1,0,0,0
4435,6.0,6.0,0.0,15,0.05,1,0,0,0
4436,6.0,6.0,0.0,20,0.05,1,0,0,0
4437,6.0,6.0,0.0,17,0.05,1,0,0,0
4438,6.0,6.0,0.0,17,0.05,1,0,0,0
4439,6.0,6.0,0.0,15,0.05,1,0,0,0
4440,6.0,6.0,0.0,15,0.05,1,0,0,0
4441,6.0,6.0,0.0,15,0.05,1,0,0,0
4442,6.0,6.0,0.0,15,0.05,1,0,0,0
4443,6.0,6.0,0.0,15,0.05,1,0,0,0
4444,6.0,6.0,0.0,22,0.05,1,0,0,0
4445,6.0,6.0,0.0,17,0.05,1,0,0,0
4446,6.0,6.0,0.0,19,0.05,1,0,0,0
4447,6.0,6.0,0.0,15,0.05,1,0,0,0
4448,6.0,6.0,0.0,20,0.05,1,0,0,0
4449,6.0,6.0,0.0,17,0.05,1,0,0,0
4450,6.0,6.0,0.0,15,0.05,1,0,0,0
4451,6.0,6.0,0.0,15,0.05,1,0,0,0
4452,6.0,6.0,0.0,17,0.05,1,0,0,0
4453,6.0,6.0,0.0,15,0.05,1,0,0,0
4454,6.0,6.0,0.0,17,0.05,1,0,0,0
4455,6.0,6.0,0.0,17,0.05,1,0,0,0
4456,6.0,6.0,0.0,15,0.05,1,0,0,0
4457,6.0,6.0,0.0,15,0.05,1,0,0,0
4458,6.0,6.0,0.0,15,0.05,1,0,0,0
4459,6.0,6.0,0.0,17,0.05,1,0,0,0
4460,6.0,6.0,0.0,17,0.05,1,0,0,0
4461,6.0,6.0,0.0,15,0.05,1,0,0,0
4462,6.0,6.0,0.0,20,0.05,1,0,0,0
4463,6.0,6.0,0.0,17,0.05,1,0,0,0
4464,6.0,6.0,0.0,24,0.05,1,0,0,0
4465,6.0,6.0,0.0,15,0.05,1,0,0,0
4466,6.0,6.0,0.0,17,0.05,1,0,0,0
4467,6.0,6.0,0.0,18,0.05,1,0,0,0
4468,6.0,6.0,0.0,15,0.05,1,0,0,0
4469,6.0,6.0,0.0,15,0.05,1,0,0,0
4470,6.0,6.0,0.0,15,0.05,1,0,0,0
4471,6.0,6.0,0.0,15,0.05,1,0,0,0
4472,6.0,6.0,0.0,15,0.05,1,0,0,0
4473,6.0,6.0,0.0,15,0.05,1,0,0,0
4474,6.0,6.0,0.0,17,0.05,1,0,0,0
4475,6.0,6.0,0.0,15,0.05,1,0,0,0
4476,6.0,6.0,0.0,19,0.05,1,0,0,0
4477,6.0,6.0,0.0,20,0.05,1,0,0,0
4478,6.0,6.0,0.0,15,0.05,1,0,0,0
4479,6.0,6.0,0.0,15,0.05,1,0,0,0
4480,6.0,6.0,0.0,15,0.05,1,0,0,0
4481,6.0,6.0,0.0,15,0.05,1,0,0,0
4482,6.0,6.0,0.0,15,0.05,1,0,0,0
4483,6.0,6.0,0.0,15,0.05,1,0,0,0
4484,6.0,6.0,0.0,15,0.05,1,0,0,0
4485,6.0,6.0,0.0,20,0.05,1,0,0,0
4486,6.0,6.0,0.0,15,0.05,1,0,0,0
4487,6.0,6.0,0.0,15,0.05,1,0,0,0
4488,6.0,6.0,0.0,20,0.05,1,0,0,0
4489,6.0,6.0,0.0,17,0.05,1,0,0,0
4490,6.0,6.0,0.0,22,0.05,1,0,0,0
4491,6.0,6.0,0.0,16,0.05,1,0,0,0
4492,6.0,6.0,0.0,15,0.05,1,0,0,0
4493,6.0,6.0,0.0,17,0.05,1,0,0,0
4494,6.0,6.0,0.0,15,0.05,1,0,0,0
4495,6.0,6.0,0.0,15,0.05,1,0,0,0
4496,6.0,6.0,0.0,16,0.05,1,0,0,0
4497,6.0,6.0,0.0,15,0.05,1,0,0,0
4498,6.0,6.0,0.0,17,0.05,1,0,0,0
4499,6.0,6.0,0.0,17,0.05,1,0,0,0
4500,6.0,6.0,0.0,15,0.05,1,0,0,0
