episode,environment_return,learning_return,intrinsic_return,steps,epsilon,success,died,truncated,monster_moves
1,0.0,0.0,0.0,15,1.0,0,1,0,0
2,0.0,0.0,0.0,59,0.99981,0,1,0,0
3,0.0,0.0,0.0,36,0.99962,0,1,0,0
4,0.0,0.0,0.0,57,0.99943,0,1,0,0
5,0.0,0.0,0.0,17,0.99924,0,1,0,0
6,0.0,0.0,0.0,108,0.99905,0,1,0,0
7,0.0,0.0,0.0,15,0.99886,0,1,0,0
8,0.0,0.0,0.0,42,0.99867,0,1,0,0
9,0.0,0.0,0.0,118,0.99848,0,1,0,0
10,0.0,0.0,0.0,19,0.99829,0,1,0,0
11,0.0,0.0,0.0,86,0.9981,0,1,0,0
12,0.0,0.0,0.0,16,0.99791,0,1,0,0
13,0.0,0.0,0.0,269,0.99772,0,1,0,0
14,0.0,0.0,0.0,39,0.99753,0,1,0,0
15,0.0,0.0,0.0,149,0.99734,0,1,0,0
16,0.0,0.0,0.0,51,0.99715,0,1,0,0
17,0.0,0.0,0.0,53,0.99696,0,1,0,0
18,0.0,0.0,0.0,166,0.99677,0,1,0,0
19,0.0,0.0,0.0,57,0.99658,0,1,0,0
20,0.0,0.0,0.0,54,0.99639,0,1,0,0
21,0.0,0.0,0.0,135,0.9962,0,1,0,0
22,0.0,0.0,0.0,231,0.99601,0,1,0,0
23,0.0,0.0,0.0,117,0.99582,0,1,0,0
24,0.0,0.0,0.0,42,0.99563,0,1,0,0
25,0.0,0.0,0.0,35,0.99544,0,1,0,0
26,0.0,0.0,0.0,111,0.99525,0,1,0,0
27,0.0,0.0,0.0,125,0.9950600000000001,0,1,0,0
28,0.0,0.0,0.0,23,0.99487,0,1,0,0
29,0.0,0.0,0.0,203,0.99468,0,1,0,0
30,0.0,0.0,0.0,77,0.99449,0,1,0,0
31,0.0,0.0,0.0,32,0.9943,0,1,0,0
32,0.0,0.0,0.0,23,0.99411,0,1,0,0
33,0.0,0.0,0.0,30,0.99392,0,1,0,0
34,0.0,0.0,0.0,143,0.99373,0,1,0,0
35,0.0,0.0,0.0,115,0.99354,0,1,0,0
36,0.0,0.0,0.0,22,0.99335,0,1,0,0
37,0.0,0.0,0.0,69,0.99316,0,1,0,0
38,0.0,0.0,0.0,101,0.99297,0,1,0,0
39,0.0,0.0,0.0,80,0.99278,0,1,0,0
40,0.0,0.0,0.0,71,0.99259,0,1,0,0
41,0.0,0.0,0.0,40,0.9924,0,1,0,0
42,0.0,0.0,0.0,120,0.99221,0,1,0,0
43,0.0,0.0,0.0,93,0.99202,0,1,0,0
44,0.0,0.0,0.0,187,0.99183,0,1,0,0
45,0.0,0.0,0.0,77,0.99164,0,1,0,0
46,0.0,0.0,0.0,24,0.99145,0,1,0,0
47,0.0,0.0,0.0,200,0.99126,0,1,0,0
48,0.0,0.0,0.0,158,0.99107,0,1,0,0
49,0.0,0.0,0.0,88,0.99088,0,1,0,0
50,0.0,0.0,0.0,15,0.99069,0,1,0,0
51,0.0,0.0,0.0,84,0.9905,0,1,0,0
52,0.0,0.0,0.0,30,0.99031,0,1,0,0
53,0.0,0.0,0.0,15,0.99012,0,1,0,0
54,0.0,0.0,0.0,62,0.98993,0,1,0,0
55,0.0,0.0,0.0,24,0.98974,0,1,0,0
56,0.0,0.0,0.0,125,0.98955,0,1,0,0
57,0.0,0.0,0.0,20,0.98936,0,1,0,0
58,0.0,0.0,0.0,107,0.98917,0,1,0,0
59,0.0,0.0,0.0,77,0.98898,0,1,0,0
60,0.0,0.0,0.0,105,0.98879,0,1,0,0
61,0.0,0.0,0.0,24,0.9886,0,1,0,0
62,0.0,0.0,0.0,85,0.98841,0,1,0,0
63,0.0,0.0,0.0,31,0.98822,0,1,0,0
64,0.0,0.0,0.0,98,0.98803,0,1,0,0
65,0.0,0.0,0.0,58,0.98784,0,1,0,0
66,0.0,0.0,0.0,79,0.98765,0,1,0,0
67,0.0,0.0,0.0,155,0.98746,0,1,0,0
68,0.0,0.0,0.0,49,0.98727,0,1,0,0
69,0.0,0.0,0.0,65,0.98708,0,1,0,0
70,0.0,0.0,0.0,57,0.98689,0,1,0,0
71,0.0,0.0,0.0,115,0.9867,0,1,0,0
72,0.0,0.0,0.0,25,0.98651,0,1,0,0
73,0.0,0.0,0.0,118,0.98632,0,1,0,0
74,0.0,0.0,0.0,58,0.98613,0,1,0,0
75,0.0,0.0,0.0,26,0.98594,0,1,0,0
76,0.0,0.0,0.0,52,0.98575,0,1,0,0
77,0.0,0.0,0.0,42,0.98556,0,1,0,0
78,0.0,0.0,0.0,49,0.98537,0,1,0,0
79,0.0,0.0,0.0,41,0.9851800000000001,0,1,0,0
80,0.0,0.0,0.0,17,0.98499,0,1,0,0
81,0.0,0.0,0.0,150,0.9848,0,1,0,0
82,0.0,0.0,0.0,27,0.98461,0,1,0,0
83,0.0,0.0,0.0,140,0.98442,0,1,0,0
84,0.0,0.0,0.0,20,0.98423,0,1,0,0
85,0.0,0.0,0.0,74,0.98404,0,1,0,0
86,0.0,0.0,0.0,304,0.98385,0,1,0,0
87,0.0,0.0,0.0,329,0.98366,0,1,0,0
88,1.0,1.0,0.0,60,0.98347,1,0,0,0
89,0.0,0.0,0.0,54,0.98328,0,1,0,0
90,0.0,0.0,0.0,36,0.98309,0,1,0,0
91,0.0,0.0,0.0,90,0.9829,0,1,0,0
92,0.0,0.0,0.0,61,0.98271,0,1,0,0
93,0.0,0.0,0.0,231,0.98252,0,1,0,0
94,0.0,0.0,0.0,32,0.98233,0,1,0,0
95,0.0,0.0,0.0,30,0.98214,0,1,0,0
96,0.0,0.0,0.0,19,0.98195,0,1,0,0
97,0.0,0.0,0.0,54,0.98176,0,1,0,0
98,0.0,0.0,0.0,24,0.98157,0,1,0,0
99,0.0,0.0,0.0,98,0.98138,0,1,0,0
100,0.0,0.0,0.0,37,0.98119,0,1,0,0
101,0.0,0.0,0.0,46,0.981,0,1,0,0
102,0.0,0.0,0.0,19,0.98081,0,1,0,0
103,0.0,0.0,0.0,26,0.98062,0,1,0,0
104,0.0,0.0,0.0,13,0.98043,0,1,0,0
105,0.0,0.0,0.0,127,0.98024,0,1,0,0
106,0.0,0.0,0.0,76,0.98005,0,1,0,0
107,0.0,0.0,0.0,20,0.97986,0,1,0,0
108,0.0,0.0,0.0,32,0.97967,0,1,0,0
109,0.0,0.0,0.0,153,0.97948,0,1,0,0
110,0.0,0.0,0.0,21,0.97929,0,1,0,0
111,0.0,0.0,0.0,84,0.9791,0,1,0,0
112,0.0,0.0,0.0,76,0.97891,0,1,0,0
113,1.0,1.0,0.0,163,0.97872,1,0,0,0
114,0.0,0.0,0.0,125,0.97853,0,1,0,0
115,0.0,0.0,0.0,19,0.97834,0,1,0,0
116,0.0,0.0,0.0,34,0.97815,0,1,0,0
117,0.0,0.0,0.0,177,0.97796,0,1,0,0
118,0.0,0.0,0.0,128,0.97777,0,1,0,0
119,0.0,0.0,0.0,45,0.97758,0,1,0,0
120,0.0,0.0,0.0,104,0.97739,0,1,0,0
121,0.0,0.0,0.0,40,0.9772,0,1,0,0
122,0.0,0.0,0.0,350,0.97701,0,1,0,0
123,0.0,0.0,0.0,40,0.97682,0,1,0,0
124,0.0,0.0,0.0,23,0.97663,0,1,0,0
125,0.0,0.0,0.0,147,0.97644,0,1,0,0
126,0.0,0.0,0.0,82,0.97625,0,1,0,0
127,0.0,0.0,0.0,138,0.97606,0,1,0,0
128,0.0,0.0,0.0,135,0.97587,0,1,0,0
129,0.0,0.0,0.0,164,0.97568,0,1,0,0
130,0.0,0.0,0.0,101,0.97549,0,1,0,0
131,0.0,0.0,0.0,16,0.9753000000000001,0,1,0,0
132,0.0,0.0,0.0,51,0.97511,0,1,0,0
133,0.0,0.0,0.0,39,0.97492,0,1,0,0
134,0.0,0.0,0.0,41,0.97473,0,1,0,0
135,0.0,0.0,0.0,30,0.97454,0,1,0,0
136,0.0,0.0,0.0,37,0.97435,0,1,0,0
137,0.0,0.0,0.0,90,0.97416,0,1,0,0
138,0.0,0.0,0.0,66,0.97397,0,1,0,0
139,0.0,0.0,0.0,184,0.97378,0,1,0,0
140,0.0,0.0,0.0,57,0.97359,0,1,0,0
141,0.0,0.0,0.0,19,0.9734,0,1,0,0
142,1.0,1.0,0.0,186,0.97321,1,0,0,0
143,0.0,0.0,0.0,125,0.97302,0,1,0,0
144,0.0,0.0,0.0,142,0.97283,0,1,0,0
145,0.0,0.0,0.0,43,0.97264,0,1,0,0
146,0.0,0.0,0.0,26,0.97245,0,1,0,0
147,0.0,0.0,0.0,79,0.97226,0,1,0,0
148,0.0,0.0,0.0,163,0.97207,0,1,0,0
149,0.0,0.0,0.0,42,0.97188,0,1,0,0
150,0.0,0.0,0.0,146,0.97169,0,1,0,0
151,0.0,0.0,0.0,63,0.9715,0,1,0,0
152,0.0,0.0,0.0,22,0.97131,0,1,0,0
153,0.0,0.0,0.0,17,0.97112,0,1,0,0
154,0.0,0.0,0.0,58,0.97093,0,1,0,0
155,0.0,0.0,0.0,100,0.97074,0,1,0,0
156,0.0,0.0,0.0,45,0.97055,0,1,0,0
157,0.0,0.0,0.0,53,0.97036,0,1,0,0
158,0.0,0.0,0.0,161,0.97017,0,1,0,0
159,0.0,0.0,0.0,23,0.96998,0,1,0,0
160,0.0,0.0,0.0,25,0.96979,0,1,0,0
161,0.0,0.0,0.0,66,0.9696,0,1,0,0
162,0.0,0.0,0.0,149,0.96941,0,1,0,0
163,0.0,0.0,0.0,72,0.96922,0,1,0,0
164,0.0,0.0,0.0,17,0.9690300000000001,0,1,0,0
165,0.0,0.0,0.0,20,0.96884,0,1,0,0
166,0.0,0.0,0.0,164,0.96865,0,1,0,0
167,1.0,1.0,0.0,88,0.96846,1,0,0,0
168,0.0,0.0,0.0,82,0.96827,0,1,0,0
169,1.0,1.0,0.0,108,0.96808,1,0,0,0
170,0.0,0.0,0.0,104,0.96789,0,1,0,0
171,0.0,0.0,0.0,96,0.9677,0,1,0,0
172,0.0,0.0,0.0,191,0.96751,0,1,0,0
173,0.0,0.0,0.0,51,0.96732,0,1,0,0
174,0.0,0.0,0.0,207,0.96713,0,1,0,0
175,0.0,0.0,0.0,15,0.96694,0,1,0,0
176,0.0,0.0,0.0,68,0.96675,0,1,0,0
177,0.0,0.0,0.0,89,0.96656,0,1,0,0
178,0.0,0.0,0.0,119,0.96637,0,1,0,0
179,0.0,0.0,0.0,174,0.96618,0,1,0,0
180,0.0,0.0,0.0,65,0.96599,0,1,0,0
181,0.0,0.0,0.0,26,0.9658,0,1,0,0
182,0.0,0.0,0.0,12,0.96561,0,1,0,0
183,0.0,0.0,0.0,157,0.96542,0,1,0,0
184,0.0,0.0,0.0,117,0.96523,0,1,0,0
185,0.0,0.0,0.0,96,0.96504,0,1,0,0
186,0.0,0.0,0.0,49,0.96485,0,1,0,0
187,0.0,0.0,0.0,179,0.96466,0,1,0,0
188,0.0,0.0,0.0,36,0.96447,0,1,0,0
189,0.0,0.0,0.0,99,0.96428,0,1,0,0
190,0.0,0.0,0.0,97,0.96409,0,1,0,0
191,0.0,0.0,0.0,350,0.9639,0,0,1,0
192,0.0,0.0,0.0,69,0.96371,0,1,0,0
193,0.0,0.0,0.0,187,0.96352,0,1,0,0
194,0.0,0.0,0.0,37,0.96333,0,1,0,0
195,0.0,0.0,0.0,66,0.96314,0,1,0,0
196,0.0,0.0,0.0,42,0.96295,0,1,0,0
197,0.0,0.0,0.0,51,0.9627600000000001,0,1,0,0
198,0.0,0.0,0.0,158,0.96257,0,1,0,0
199,0.0,0.0,0.0,54,0.96238,0,1,0,0
200,0.0,0.0,0.0,93,0.96219,0,1,0,0
201,0.0,0.0,0.0,20,0.962,0,1,0,0
202,0.0,0.0,0.0,59,0.96181,0,1,0,0
203,0.0,0.0,0.0,82,0.96162,0,1,0,0
204,0.0,0.0,0.0,87,0.96143,0,1,0,0
205,0.0,0.0,0.0,78,0.96124,0,1,0,0
206,1.0,1.0,0.0,49,0.96105,1,0,0,0
207,0.0,0.0,0.0,40,0.96086,0,1,0,0
208,0.0,0.0,0.0,53,0.96067,0,1,0,0
209,0.0,0.0,0.0,25,0.96048,0,1,0,0
210,0.0,0.0,0.0,91,0.96029,0,1,0,0
211,0.0,0.0,0.0,270,0.9601,0,1,0,0
212,0.0,0.0,0.0,89,0.95991,0,1,0,0
213,0.0,0.0,0.0,81,0.95972,0,1,0,0
214,0.0,0.0,0.0,44,0.95953,0,1,0,0
215,0.0,0.0,0.0,26,0.95934,0,1,0,0
216,0.0,0.0,0.0,21,0.95915,0,1,0,0
217,0.0,0.0,0.0,85,0.95896,0,1,0,0
218,0.0,0.0,0.0,152,0.95877,0,1,0,0
219,0.0,0.0,0.0,57,0.95858,0,1,0,0
220,0.0,0.0,0.0,30,0.95839,0,1,0,0
221,0.0,0.0,0.0,74,0.9582,0,1,0,0
222,0.0,0.0,0.0,43,0.95801,0,1,0,0
223,0.0,0.0,0.0,64,0.95782,0,1,0,0
224,0.0,0.0,0.0,102,0.95763,0,1,0,0
225,0.0,0.0,0.0,56,0.95744,0,1,0,0
226,0.0,0.0,0.0,18,0.95725,0,1,0,0
227,0.0,0.0,0.0,195,0.95706,0,1,0,0
228,1.0,1.0,0.0,128,0.95687,1,0,0,0
229,0.0,0.0,0.0,202,0.95668,0,1,0,0
230,0.0,0.0,0.0,76,0.95649,0,1,0,0
231,0.0,0.0,0.0,189,0.9563,0,1,0,0
232,0.0,0.0,0.0,69,0.95611,0,1,0,0
233,0.0,0.0,0.0,119,0.95592,0,1,0,0
234,0.0,0.0,0.0,39,0.95573,0,1,0,0
235,0.0,0.0,0.0,124,0.9555400000000001,0,1,0,0
236,0.0,0.0,0.0,41,0.95535,0,1,0,0
237,0.0,0.0,0.0,98,0.95516,0,1,0,0
238,0.0,0.0,0.0,142,0.95497,0,1,0,0
239,0.0,0.0,0.0,59,0.95478,0,1,0,0
240,0.0,0.0,0.0,32,0.95459,0,1,0,0
241,0.0,0.0,0.0,149,0.9544,0,1,0,0
242,0.0,0.0,0.0,212,0.95421,0,1,0,0
243,0.0,0.0,0.0,54,0.95402,0,1,0,0
244,0.0,0.0,0.0,110,0.95383,0,1,0,0
245,0.0,0.0,0.0,140,0.95364,0,1,0,0
246,0.0,0.0,0.0,46,0.95345,0,1,0,0
247,0.0,0.0,0.0,50,0.95326,0,1,0,0
248,0.0,0.0,0.0,77,0.95307,0,1,0,0
249,0.0,0.0,0.0,74,0.95288,0,1,0,0
250,0.0,0.0,0.0,30,0.95269,0,1,0,0
251,0.0,0.0,0.0,46,0.9525,0,1,0,0
252,1.0,1.0,0.0,80,0.95231,1,0,0,0
253,0.0,0.0,0.0,43,0.95212,0,1,0,0
254,0.0,0.0,0.0,143,0.95193,0,1,0,0
255,0.0,0.0,0.0,50,0.95174,0,1,0,0
256,0.0,0.0,0.0,31,0.95155,0,1,0,0
257,0.0,0.0,0.0,22,0.95136,0,1,0,0
258,0.0,0.0,0.0,20,0.95117,0,1,0,0
259,0.0,0.0,0.0,27,0.95098,0,1,0,0
260,0.0,0.0,0.0,11,0.95079,0,1,0,0
261,0.0,0.0,0.0,30,0.9506,0,1,0,0
262,0.0,0.0,0.0,70,0.95041,0,1,0,0
263,0.0,0.0,0.0,40,0.95022,0,1,0,0
264,0.0,0.0,0.0,41,0.95003,0,1,0,0
265,0.0,0.0,0.0,16,0.94984,0,1,0,0
266,0.0,0.0,0.0,49,0.94965,0,1,0,0
267,0.0,0.0,0.0,17,0.94946,0,1,0,0
268,0.0,0.0,0.0,88,0.9492700000000001,0,1,0,0
269,0.0,0.0,0.0,196,0.94908,0,1,0,0
270,0.0,0.0,0.0,43,0.94889,0,1,0,0
271,0.0,0.0,0.0,14,0.9487,0,1,0,0
272,1.0,1.0,0.0,99,0.94851,1,0,0,0
273,0.0,0.0,0.0,19,0.94832,0,1,0,0
274,0.0,0.0,0.0,74,0.94813,0,1,0,0
275,0.0,0.0,0.0,52,0.94794,0,1,0,0
276,0.0,0.0,0.0,247,0.94775,0,1,0,0
277,0.0,0.0,0.0,17,0.94756,0,1,0,0
278,0.0,0.0,0.0,57,0.94737,0,1,0,0
279,0.0,0.0,0.0,18,0.94718,0,1,0,0
280,0.0,0.0,0.0,95,0.94699,0,1,0,0
281,0.0,0.0,0.0,90,0.9468,0,1,0,0
282,1.0,1.0,0.0,122,0.94661,1,0,0,0
283,0.0,0.0,0.0,195,0.94642,0,1,0,0
284,1.0,1.0,0.0,70,0.94623,1,0,0,0
285,0.0,0.0,0.0,91,0.94604,0,1,0,0
286,0.0,0.0,0.0,25,0.94585,0,1,0,0
287,0.0,0.0,0.0,79,0.94566,0,1,0,0
288,0.0,0.0,0.0,80,0.94547,0,1,0,0
289,0.0,0.0,0.0,128,0.94528,0,1,0,0
290,0.0,0.0,0.0,77,0.94509,0,1,0,0
291,0.0,0.0,0.0,31,0.9449,0,1,0,0
292,0.0,0.0,0.0,68,0.94471,0,1,0,0
293,0.0,0.0,0.0,52,0.94452,0,1,0,0
294,0.0,0.0,0.0,37,0.94433,0,1,0,0
295,0.0,0.0,0.0,39,0.94414,0,1,0,0
296,1.0,1.0,0.0,306,0.94395,1,0,0,0
297,0.0,0.0,0.0,35,0.94376,0,1,0,0
298,0.0,0.0,0.0,23,0.94357,0,1,0,0
299,0.0,0.0,0.0,62,0.94338,0,1,0,0
300,0.0,0.0,0.0,58,0.94319,0,1,0,0
301,0.0,0.0,0.0,65,0.9430000000000001,0,1,0,0
302,0.0,0.0,0.0,65,0.94281,0,1,0,0
303,0.0,0.0,0.0,118,0.94262,0,1,0,0
304,0.0,0.0,0.0,113,0.94243,0,1,0,0
305,0.0,0.0,0.0,51,0.94224,0,1,0,0
306,0.0,0.0,0.0,173,0.94205,0,1,0,0
307,0.0,0.0,0.0,54,0.94186,0,1,0,0
308,0.0,0.0,0.0,157,0.94167,0,1,0,0
309,0.0,0.0,0.0,75,0.94148,0,1,0,0
310,0.0,0.0,0.0,164,0.94129,0,1,0,0
311,0.0,0.0,0.0,149,0.9411,0,1,0,0
312,0.0,0.0,0.0,172,0.94091,0,1,0,0
313,0.0,0.0,0.0,17,0.94072,0,1,0,0
314,0.0,0.0,0.0,198,0.94053,0,1,0,0
315,0.0,0.0,0.0,60,0.94034,0,1,0,0
316,0.0,0.0,0.0,37,0.94015,0,1,0,0
317,0.0,0.0,0.0,68,0.93996,0,1,0,0
318,0.0,0.0,0.0,180,0.93977,0,1,0,0
319,0.0,0.0,0.0,228,0.93958,0,1,0,0
320,0.0,0.0,0.0,44,0.9393900000000001,0,1,0,0
321,0.0,0.0,0.0,40,0.9392,0,1,0,0
322,0.0,0.0,0.0,73,0.93901,0,1,0,0
323,0.0,0.0,0.0,20,0.93882,0,1,0,0
324,0.0,0.0,0.0,16,0.93863,0,1,0,0
325,0.0,0.0,0.0,11,0.93844,0,1,0,0
326,0.0,0.0,0.0,83,0.93825,0,1,0,0
327,0.0,0.0,0.0,33,0.93806,0,1,0,0
328,0.0,0.0,0.0,39,0.93787,0,1,0,0
329,0.0,0.0,0.0,45,0.93768,0,1,0,0
330,0.0,0.0,0.0,33,0.93749,0,1,0,0
331,0.0,0.0,0.0,79,0.9373,0,1,0,0
332,0.0,0.0,0.0,23,0.93711,0,1,0,0
333,0.0,0.0,0.0,51,0.93692,0,1,0,0
334,0.0,0.0,0.0,45,0.93673,0,1,0,0
335,0.0,0.0,0.0,53,0.93654,0,1,0,0
336,1.0,1.0,0.0,132,0.93635,1,0,0,0
337,0.0,0.0,0.0,67,0.93616,0,1,0,0
338,0.0,0.0,0.0,90,0.93597,0,1,0,0
339,0.0,0.0,0.0,73,0.9357800000000001,0,1,0,0
340,0.0,0.0,0.0,105,0.93559,0,1,0,0
341,1.0,1.0,0.0,133,0.9354,1,0,0,0
342,0.0,0.0,0.0,37,0.93521,0,1,0,0
343,0.0,0.0,0.0,15,0.93502,0,1,0,0
344,0.0,0.0,0.0,55,0.93483,0,1,0,0
345,0.0,0.0,0.0,49,0.93464,0,1,0,0
346,0.0,0.0,0.0,13,0.93445,0,1,0,0
347,0.0,0.0,0.0,102,0.93426,0,1,0,0
348,0.0,0.0,0.0,56,0.93407,0,1,0,0
349,0.0,0.0,0.0,110,0.93388,0,1,0,0
350,0.0,0.0,0.0,112,0.93369,0,1,0,0
351,0.0,0.0,0.0,152,0.9335,0,1,0,0
352,0.0,0.0,0.0,9,0.93331,0,1,0,0
353,0.0,0.0,0.0,93,0.93312,0,1,0,0
354,0.0,0.0,0.0,69,0.93293,0,1,0,0
355,0.0,0.0,0.0,20,0.93274,0,1,0,0
356,0.0,0.0,0.0,119,0.93255,0,1,0,0
357,0.0,0.0,0.0,50,0.93236,0,1,0,0
358,0.0,0.0,0.0,172,0.9321699999999999,0,1,0,0
359,0.0,0.0,0.0,83,0.93198,0,1,0,0
360,0.0,0.0,0.0,68,0.93179,0,1,0,0
361,0.0,0.0,0.0,115,0.9316,0,1,0,0
362,1.0,1.0,0.0,53,0.93141,1,0,0,0
363,0.0,0.0,0.0,56,0.9312199999999999,0,1,0,0
364,0.0,0.0,0.0,29,0.93103,0,1,0,0
365,0.0,0.0,0.0,40,0.93084,0,1,0,0
366,0.0,0.0,0.0,30,0.93065,0,1,0,0
367,0.0,0.0,0.0,65,0.93046,0,1,0,0
368,0.0,0.0,0.0,9,0.93027,0,1,0,0
369,0.0,0.0,0.0,41,0.93008,0,1,0,0
370,0.0,0.0,0.0,37,0.92989,0,1,0,0
371,0.0,0.0,0.0,54,0.9297,0,1,0,0
372,0.0,0.0,0.0,55,0.9295100000000001,0,1,0,0
373,0.0,0.0,0.0,119,0.92932,0,1,0,0
374,0.0,0.0,0.0,106,0.92913,0,1,0,0
375,0.0,0.0,0.0,101,0.92894,0,1,0,0
376,0.0,0.0,0.0,93,0.92875,0,1,0,0
377,0.0,0.0,0.0,67,0.92856,0,1,0,0
378,0.0,0.0,0.0,33,0.92837,0,1,0,0
379,0.0,0.0,0.0,22,0.92818,0,1,0,0
380,0.0,0.0,0.0,50,0.92799,0,1,0,0
381,0.0,0.0,0.0,77,0.9278,0,1,0,0
382,0.0,0.0,0.0,61,0.92761,0,1,0,0
383,0.0,0.0,0.0,75,0.92742,0,1,0,0
384,0.0,0.0,0.0,56,0.92723,0,1,0,0
385,0.0,0.0,0.0,83,0.92704,0,1,0,0
386,0.0,0.0,0.0,116,0.92685,0,1,0,0
387,0.0,0.0,0.0,100,0.92666,0,1,0,0
388,0.0,0.0,0.0,39,0.92647,0,1,0,0
389,0.0,0.0,0.0,144,0.92628,0,1,0,0
390,0.0,0.0,0.0,75,0.92609,0,1,0,0
391,0.0,0.0,0.0,56,0.9259,0,1,0,0
392,0.0,0.0,0.0,101,0.92571,0,1,0,0
393,0.0,0.0,0.0,25,0.92552,0,1,0,0
394,0.0,0.0,0.0,55,0.92533,0,1,0,0
395,0.0,0.0,0.0,155,0.92514,0,1,0,0
396,0.0,0.0,0.0,33,0.92495,0,1,0,0
397,0.0,0.0,0.0,73,0.92476,0,1,0,0
398,0.0,0.0,0.0,45,0.92457,0,1,0,0
399,0.0,0.0,0.0,56,0.92438,0,1,0,0
400,0.0,0.0,0.0,58,0.9241900000000001,0,1,0,0
401,0.0,0.0,0.0,24,0.924,0,1,0,0
402,0.0,0.0,0.0,71,0.92381,0,1,0,0
403,1.0,1.0,0.0,176,0.92362,1,0,0,0
404,0.0,0.0,0.0,38,0.92343,0,1,0,0
405,0.0,0.0,0.0,67,0.9232400000000001,0,1,0,0
406,0.0,0.0,0.0,24,0.92305,0,1,0,0
407,0.0,0.0,0.0,190,0.92286,0,1,0,0
408,0.0,0.0,0.0,53,0.92267,0,1,0,0
409,1.0,1.0,0.0,37,0.92248,1,0,0,0
410,0.0,0.0,0.0,70,0.92229,0,1,0,0
411,0.0,0.0,0.0,64,0.9221,0,1,0,0
412,0.0,0.0,0.0,40,0.92191,0,1,0,0
413,0.0,0.0,0.0,29,0.92172,0,1,0,0
414,0.0,0.0,0.0,14,0.92153,0,1,0,0
415,0.0,0.0,0.0,51,0.92134,0,1,0,0
416,0.0,0.0,0.0,108,0.92115,0,1,0,0
417,0.0,0.0,0.0,30,0.92096,0,1,0,0
418,0.0,0.0,0.0,17,0.92077,0,1,0,0
419,0.0,0.0,0.0,130,0.92058,0,1,0,0
420,0.0,0.0,0.0,56,0.92039,0,1,0,0
421,0.0,0.0,0.0,25,0.9202,0,1,0,0
422,0.0,0.0,0.0,21,0.92001,0,1,0,0
423,0.0,0.0,0.0,32,0.91982,0,1,0,0
424,0.0,0.0,0.0,49,0.91963,0,1,0,0
425,0.0,0.0,0.0,18,0.91944,0,1,0,0
426,0.0,0.0,0.0,42,0.91925,0,1,0,0
427,1.0,1.0,0.0,129,0.91906,1,0,0,0
428,0.0,0.0,0.0,55,0.91887,0,1,0,0
429,0.0,0.0,0.0,25,0.91868,0,1,0,0
430,0.0,0.0,0.0,104,0.91849,0,1,0,0
431,0.0,0.0,0.0,49,0.9183,0,1,0,0
432,0.0,0.0,0.0,43,0.91811,0,1,0,0
433,0.0,0.0,0.0,15,0.91792,0,1,0,0
434,0.0,0.0,0.0,93,0.91773,0,1,0,0
435,0.0,0.0,0.0,93,0.91754,0,1,0,0
436,0.0,0.0,0.0,94,0.91735,0,1,0,0
437,0.0,0.0,0.0,9,0.91716,0,1,0,0
438,0.0,0.0,0.0,69,0.91697,0,1,0,0
439,0.0,0.0,0.0,13,0.91678,0,1,0,0
440,0.0,0.0,0.0,134,0.91659,0,1,0,0
441,1.0,1.0,0.0,68,0.9164,1,0,0,0
442,0.0,0.0,0.0,20,0.91621,0,1,0,0
443,1.0,1.0,0.0,23,0.9160200000000001,1,0,0,0
444,0.0,0.0,0.0,70,0.91583,0,1,0,0
445,0.0,0.0,0.0,14,0.91564,0,1,0,0
446,0.0,0.0,0.0,8,0.91545,0,1,0,0
447,0.0,0.0,0.0,13,0.91526,0,1,0,0
448,1.0,1.0,0.0,95,0.91507,1,0,0,0
449,0.0,0.0,0.0,24,0.91488,0,1,0,0
450,0.0,0.0,0.0,44,0.91469,0,1,0,0
451,0.0,0.0,0.0,160,0.9145,0,1,0,0
452,0.0,0.0,0.0,11,0.91431,0,1,0,0
453,0.0,0.0,0.0,75,0.91412,0,1,0,0
454,0.0,0.0,0.0,74,0.91393,0,1,0,0
455,0.0,0.0,0.0,152,0.91374,0,1,0,0
456,0.0,0.0,0.0,42,0.91355,0,1,0,0
457,0.0,0.0,0.0,16,0.91336,0,1,0,0
458,0.0,0.0,0.0,44,0.91317,0,1,0,0
459,0.0,0.0,0.0,36,0.91298,0,1,0,0
460,0.0,0.0,0.0,23,0.91279,0,1,0,0
461,0.0,0.0,0.0,32,0.9126,0,1,0,0
462,0.0,0.0,0.0,31,0.9124099999999999,0,1,0,0
463,0.0,0.0,0.0,33,0.91222,0,1,0,0
464,0.0,0.0,0.0,45,0.91203,0,1,0,0
465,0.0,0.0,0.0,118,0.91184,0,1,0,0
466,0.0,0.0,0.0,64,0.91165,0,1,0,0
467,0.0,0.0,0.0,30,0.9114599999999999,0,1,0,0
468,1.0,1.0,0.0,28,0.91127,1,0,0,0
469,1.0,1.0,0.0,72,0.91108,1,0,0,0
470,0.0,0.0,0.0,48,0.91089,0,1,0,0
471,0.0,0.0,0.0,17,0.9107000000000001,0,1,0,0
472,0.0,0.0,0.0,116,0.91051,0,1,0,0
473,0.0,0.0,0.0,10,0.91032,0,1,0,0
474,0.0,0.0,0.0,71,0.91013,0,1,0,0
475,0.0,0.0,0.0,79,0.90994,0,1,0,0
476,0.0,0.0,0.0,114,0.9097500000000001,0,1,0,0
477,0.0,0.0,0.0,106,0.90956,0,1,0,0
478,0.0,0.0,0.0,110,0.90937,0,1,0,0
479,0.0,0.0,0.0,40,0.90918,0,1,0,0
480,1.0,1.0,0.0,85,0.90899,1,0,0,0
481,0.0,0.0,0.0,72,0.9088,0,1,0,0
482,0.0,0.0,0.0,102,0.90861,0,1,0,0
483,1.0,1.0,0.0,64,0.90842,1,0,0,0
484,0.0,0.0,0.0,46,0.90823,0,1,0,0
485,0.0,0.0,0.0,54,0.90804,0,1,0,0
486,0.0,0.0,0.0,44,0.90785,0,1,0,0
487,0.0,0.0,0.0,21,0.90766,0,1,0,0
488,1.0,1.0,0.0,192,0.90747,1,0,0,0
489,0.0,0.0,0.0,19,0.90728,0,1,0,0
490,0.0,0.0,0.0,62,0.90709,0,1,0,0
491,0.0,0.0,0.0,39,0.9069,0,1,0,0
492,0.0,0.0,0.0,34,0.90671,0,1,0,0
493,0.0,0.0,0.0,81,0.90652,0,1,0,0
494,0.0,0.0,0.0,41,0.90633,0,1,0,0
495,0.0,0.0,0.0,65,0.90614,0,1,0,0
496,0.0,0.0,0.0,90,0.90595,0,1,0,0
497,0.0,0.0,0.0,40,0.90576,0,1,0,0
498,0.0,0.0,0.0,92,0.90557,0,1,0,0
499,0.0,0.0,0.0,26,0.90538,0,1,0,0
500,0.0,0.0,0.0,76,0.90519,0,1,0,0
501,0.0,0.0,0.0,14,0.905,0,1,0,0
502,0.0,0.0,0.0,52,0.90481,0,1,0,0
503,0.0,0.0,0.0,41,0.90462,0,1,0,0
504,0.0,0.0,0.0,84,0.9044300000000001,0,1,0,0
505,0.0,0.0,0.0,48,0.90424,0,1,0,0
506,0.0,0.0,0.0,49,0.90405,0,1,0,0
507,0.0,0.0,0.0,55,0.90386,0,1,0,0
508,0.0,0.0,0.0,52,0.90367,0,1,0,0
509,0.0,0.0,0.0,55,0.9034800000000001,0,1,0,0
510,0.0,0.0,0.0,10,0.90329,0,1,0,0
511,0.0,0.0,0.0,16,0.9031,0,1,0,0
512,0.0,0.0,0.0,77,0.90291,0,1,0,0
513,0.0,0.0,0.0,59,0.90272,0,1,0,0
514,0.0,0.0,0.0,37,0.90253,0,1,0,0
515,0.0,0.0,0.0,34,0.90234,0,1,0,0
516,0.0,0.0,0.0,98,0.90215,0,1,0,0
517,0.0,0.0,0.0,55,0.90196,0,1,0,0
518,0.0,0.0,0.0,42,0.90177,0,1,0,0
519,0.0,0.0,0.0,18,0.90158,0,1,0,0
520,0.0,0.0,0.0,34,0.90139,0,1,0,0
521,0.0,0.0,0.0,11,0.9012,0,1,0,0
522,0.0,0.0,0.0,125,0.90101,0,1,0,0
523,0.0,0.0,0.0,67,0.90082,0,1,0,0
524,0.0,0.0,0.0,49,0.90063,0,1,0,0
525,0.0,0.0,0.0,22,0.90044,0,1,0,0
526,0.0,0.0,0.0,45,0.90025,0,1,0,0
527,0.0,0.0,0.0,47,0.90006,0,1,0,0
528,0.0,0.0,0.0,19,0.8998700000000001,0,1,0,0
529,0.0,0.0,0.0,192,0.89968,0,1,0,0
530,0.0,0.0,0.0,47,0.89949,0,1,0,0
531,0.0,0.0,0.0,74,0.8993,0,1,0,0
532,0.0,0.0,0.0,16,0.89911,0,1,0,0
533,0.0,0.0,0.0,68,0.89892,0,1,0,0
534,0.0,0.0,0.0,190,0.89873,0,1,0,0
535,0.0,0.0,0.0,136,0.89854,0,1,0,0
536,1.0,1.0,0.0,98,0.89835,1,0,0,0
537,1.0,1.0,0.0,81,0.89816,1,0,0,0
538,0.0,0.0,0.0,9,0.89797,0,1,0,0
539,0.0,0.0,0.0,50,0.89778,0,1,0,0
540,0.0,0.0,0.0,20,0.89759,0,1,0,0
541,0.0,0.0,0.0,65,0.8974,0,1,0,0
542,0.0,0.0,0.0,55,0.89721,0,1,0,0
543,0.0,0.0,0.0,136,0.89702,0,1,0,0
544,0.0,0.0,0.0,229,0.89683,0,1,0,0
545,1.0,1.0,0.0,63,0.89664,1,0,0,0
546,0.0,0.0,0.0,211,0.89645,0,1,0,0
547,0.0,0.0,0.0,21,0.8962600000000001,0,1,0,0
548,0.0,0.0,0.0,19,0.89607,0,1,0,0
549,0.0,0.0,0.0,121,0.89588,0,1,0,0
550,0.0,0.0,0.0,58,0.89569,0,1,0,0
551,0.0,0.0,0.0,226,0.8955,0,1,0,0
552,0.0,0.0,0.0,7,0.89531,0,1,0,0
553,0.0,0.0,0.0,90,0.89512,0,1,0,0
554,0.0,0.0,0.0,136,0.89493,0,1,0,0
555,0.0,0.0,0.0,26,0.89474,0,1,0,0
556,1.0,1.0,0.0,43,0.89455,1,0,0,0
557,0.0,0.0,0.0,88,0.89436,0,1,0,0
558,0.0,0.0,0.0,32,0.89417,0,1,0,0
559,0.0,0.0,0.0,95,0.89398,0,1,0,0
560,0.0,0.0,0.0,32,0.89379,0,1,0,0
561,0.0,0.0,0.0,60,0.8936,0,1,0,0
562,0.0,0.0,0.0,23,0.89341,0,1,0,0
563,0.0,0.0,0.0,27,0.89322,0,1,0,0
564,0.0,0.0,0.0,89,0.89303,0,1,0,0
565,0.0,0.0,0.0,67,0.89284,0,1,0,0
566,0.0,0.0,0.0,36,0.8926499999999999,0,1,0,0
567,0.0,0.0,0.0,210,0.89246,0,1,0,0
568,0.0,0.0,0.0,31,0.89227,0,1,0,0
569,0.0,0.0,0.0,59,0.89208,0,1,0,0
570,0.0,0.0,0.0,78,0.89189,0,1,0,0
571,0.0,0.0,0.0,82,0.8917,0,1,0,0
572,0.0,0.0,0.0,69,0.89151,0,1,0,0
573,0.0,0.0,0.0,26,0.89132,0,1,0,0
574,0.0,0.0,0.0,15,0.89113,0,1,0,0
575,1.0,1.0,0.0,151,0.8909400000000001,1,0,0,0
576,0.0,0.0,0.0,121,0.89075,0,1,0,0
577,0.0,0.0,0.0,163,0.89056,0,1,0,0
578,0.0,0.0,0.0,92,0.89037,0,1,0,0
579,1.0,1.0,0.0,79,0.89018,1,0,0,0
580,1.0,1.0,0.0,75,0.8899900000000001,1,0,0,0
581,0.0,0.0,0.0,14,0.8898,0,1,0,0
582,0.0,0.0,0.0,14,0.88961,0,1,0,0
583,0.0,0.0,0.0,13,0.88942,0,1,0,0
584,0.0,0.0,0.0,24,0.88923,0,1,0,0
585,0.0,0.0,0.0,59,0.88904,0,1,0,0
586,0.0,0.0,0.0,33,0.88885,0,1,0,0
587,0.0,0.0,0.0,30,0.88866,0,1,0,0
588,0.0,0.0,0.0,39,0.88847,0,1,0,0
589,0.0,0.0,0.0,48,0.88828,0,1,0,0
590,0.0,0.0,0.0,42,0.88809,0,1,0,0
591,0.0,0.0,0.0,29,0.8879,0,1,0,0
592,0.0,0.0,0.0,12,0.88771,0,1,0,0
593,0.0,0.0,0.0,52,0.88752,0,1,0,0
594,0.0,0.0,0.0,50,0.88733,0,1,0,0
595,0.0,0.0,0.0,93,0.88714,0,1,0,0
596,0.0,0.0,0.0,152,0.88695,0,1,0,0
597,0.0,0.0,0.0,55,0.88676,0,1,0,0
598,0.0,0.0,0.0,126,0.88657,0,1,0,0
599,0.0,0.0,0.0,67,0.88638,0,1,0,0
600,0.0,0.0,0.0,111,0.88619,0,1,0,0
601,0.0,0.0,0.0,21,0.886,0,1,0,0
602,0.0,0.0,0.0,45,0.88581,0,1,0,0
603,0.0,0.0,0.0,157,0.8856200000000001,0,1,0,0
604,0.0,0.0,0.0,137,0.88543,0,1,0,0
605,0.0,0.0,0.0,30,0.88524,0,1,0,0
606,0.0,0.0,0.0,162,0.88505,0,1,0,0
607,0.0,0.0,0.0,30,0.88486,0,1,0,0
608,0.0,0.0,0.0,56,0.8846700000000001,0,1,0,0
609,0.0,0.0,0.0,77,0.88448,0,1,0,0
610,0.0,0.0,0.0,43,0.88429,0,1,0,0
611,0.0,0.0,0.0,27,0.8841,0,1,0,0
612,0.0,0.0,0.0,25,0.88391,0,1,0,0
613,0.0,0.0,0.0,63,0.8837200000000001,0,1,0,0
614,0.0,0.0,0.0,61,0.88353,0,1,0,0
615,0.0,0.0,0.0,51,0.88334,0,1,0,0
616,0.0,0.0,0.0,106,0.88315,0,1,0,0
617,0.0,0.0,0.0,79,0.88296,0,1,0,0
618,0.0,0.0,0.0,24,0.88277,0,1,0,0
619,0.0,0.0,0.0,225,0.88258,0,1,0,0
620,0.0,0.0,0.0,21,0.88239,0,1,0,0
621,0.0,0.0,0.0,28,0.8822,0,1,0,0
622,0.0,0.0,0.0,47,0.88201,0,1,0,0
623,0.0,0.0,0.0,60,0.88182,0,1,0,0
624,0.0,0.0,0.0,27,0.88163,0,1,0,0
625,0.0,0.0,0.0,25,0.88144,0,1,0,0
626,0.0,0.0,0.0,78,0.88125,0,1,0,0
627,0.0,0.0,0.0,93,0.88106,0,1,0,0
628,0.0,0.0,0.0,116,0.88087,0,1,0,0
629,0.0,0.0,0.0,70,0.88068,0,1,0,0
630,0.0,0.0,0.0,104,0.88049,0,1,0,0
631,1.0,1.0,0.0,85,0.8803,1,0,0,0
632,0.0,0.0,0.0,45,0.88011,0,1,0,0
633,0.0,0.0,0.0,93,0.87992,0,1,0,0
634,0.0,0.0,0.0,59,0.87973,0,1,0,0
635,0.0,0.0,0.0,75,0.87954,0,1,0,0
636,0.0,0.0,0.0,66,0.87935,0,1,0,0
637,0.0,0.0,0.0,99,0.8791599999999999,0,1,0,0
638,1.0,1.0,0.0,56,0.87897,1,0,0,0
639,0.0,0.0,0.0,36,0.87878,0,1,0,0
640,0.0,0.0,0.0,34,0.87859,0,1,0,0
641,0.0,0.0,0.0,53,0.8784,0,1,0,0
642,0.0,0.0,0.0,43,0.87821,0,1,0,0
643,0.0,0.0,0.0,26,0.87802,0,1,0,0
644,0.0,0.0,0.0,51,0.87783,0,1,0,0
645,0.0,0.0,0.0,64,0.87764,0,1,0,0
646,0.0,0.0,0.0,37,0.8774500000000001,0,1,0,0
647,0.0,0.0,0.0,39,0.87726,0,1,0,0
648,0.0,0.0,0.0,114,0.87707,0,1,0,0
649,0.0,0.0,0.0,43,0.87688,0,1,0,0
650,0.0,0.0,0.0,88,0.87669,0,1,0,0
651,1.0,1.0,0.0,100,0.8765000000000001,1,0,0,0
652,0.0,0.0,0.0,34,0.87631,0,1,0,0
653,0.0,0.0,0.0,102,0.87612,0,1,0,0
654,0.0,0.0,0.0,9,0.87593,0,1,0,0
655,0.0,0.0,0.0,26,0.87574,0,1,0,0
656,0.0,0.0,0.0,70,0.87555,0,1,0,0
657,0.0,0.0,0.0,77,0.87536,0,1,0,0
658,0.0,0.0,0.0,14,0.87517,0,1,0,0
659,0.0,0.0,0.0,118,0.87498,0,1,0,0
660,1.0,1.0,0.0,89,0.87479,1,0,0,0
661,0.0,0.0,0.0,84,0.8746,0,1,0,0
662,0.0,0.0,0.0,29,0.87441,0,1,0,0
663,0.0,0.0,0.0,71,0.87422,0,1,0,0
664,0.0,0.0,0.0,44,0.87403,0,1,0,0
665,1.0,1.0,0.0,138,0.87384,1,0,0,0
666,0.0,0.0,0.0,39,0.87365,0,1,0,0
667,1.0,1.0,0.0,119,0.87346,1,0,0,0
668,0.0,0.0,0.0,16,0.87327,0,1,0,0
669,0.0,0.0,0.0,149,0.8730800000000001,0,1,0,0
670,1.0,1.0,0.0,130,0.8728899999999999,1,0,0,0
671,0.0,0.0,0.0,68,0.8727,0,1,0,0
672,0.0,0.0,0.0,67,0.87251,0,1,0,0
673,0.0,0.0,0.0,43,0.87232,0,1,0,0
674,0.0,0.0,0.0,14,0.8721300000000001,0,1,0,0
675,0.0,0.0,0.0,23,0.8719399999999999,0,1,0,0
676,0.0,0.0,0.0,34,0.87175,0,1,0,0
677,0.0,0.0,0.0,24,0.87156,0,1,0,0
678,0.0,0.0,0.0,50,0.87137,0,1,0,0
679,0.0,0.0,0.0,131,0.8711800000000001,0,1,0,0
680,0.0,0.0,0.0,156,0.87099,0,1,0,0
681,0.0,0.0,0.0,24,0.8708,0,1,0,0
682,0.0,0.0,0.0,32,0.87061,0,1,0,0
683,0.0,0.0,0.0,63,0.87042,0,1,0,0
684,0.0,0.0,0.0,11,0.8702300000000001,0,1,0,0
685,1.0,1.0,0.0,68,0.87004,1,0,0,0
686,0.0,0.0,0.0,92,0.86985,0,1,0,0
687,0.0,0.0,0.0,38,0.86966,0,1,0,0
688,0.0,0.0,0.0,33,0.86947,0,1,0,0
689,0.0,0.0,0.0,46,0.86928,0,1,0,0
690,0.0,0.0,0.0,32,0.86909,0,1,0,0
691,1.0,1.0,0.0,62,0.8689,1,0,0,0
692,0.0,0.0,0.0,45,0.86871,0,1,0,0
693,0.0,0.0,0.0,16,0.86852,0,1,0,0
694,0.0,0.0,0.0,22,0.86833,0,1,0,0
695,0.0,0.0,0.0,33,0.86814,0,1,0,0
696,0.0,0.0,0.0,85,0.86795,0,1,0,0
697,0.0,0.0,0.0,44,0.86776,0,1,0,0
698,0.0,0.0,0.0,142,0.86757,0,1,0,0
699,0.0,0.0,0.0,26,0.86738,0,1,0,0
700,0.0,0.0,0.0,72,0.86719,0,1,0,0
701,0.0,0.0,0.0,25,0.867,0,1,0,0
702,0.0,0.0,0.0,20,0.8668100000000001,0,1,0,0
703,1.0,1.0,0.0,60,0.86662,1,0,0,0
704,0.0,0.0,0.0,72,0.86643,0,1,0,0
705,0.0,0.0,0.0,20,0.86624,0,1,0,0
706,0.0,0.0,0.0,68,0.86605,0,1,0,0
707,0.0,0.0,0.0,38,0.8658600000000001,0,1,0,0
708,0.0,0.0,0.0,27,0.8656699999999999,0,1,0,0
709,0.0,0.0,0.0,59,0.86548,0,1,0,0
710,0.0,0.0,0.0,14,0.86529,0,1,0,0
711,0.0,0.0,0.0,27,0.8651,0,1,0,0
712,0.0,0.0,0.0,72,0.8649100000000001,0,1,0,0
713,1.0,1.0,0.0,41,0.86472,1,0,0,0
714,0.0,0.0,0.0,10,0.86453,0,1,0,0
715,0.0,0.0,0.0,137,0.86434,0,1,0,0
716,1.0,1.0,0.0,52,0.86415,1,0,0,0
717,0.0,0.0,0.0,18,0.8639600000000001,0,1,0,0
718,0.0,0.0,0.0,113,0.86377,0,1,0,0
719,0.0,0.0,0.0,28,0.86358,0,1,0,0
720,0.0,0.0,0.0,57,0.86339,0,1,0,0
721,0.0,0.0,0.0,13,0.8632,0,1,0,0
722,0.0,0.0,0.0,50,0.86301,0,1,0,0
723,0.0,0.0,0.0,50,0.86282,0,1,0,0
724,0.0,0.0,0.0,73,0.86263,0,1,0,0
725,0.0,0.0,0.0,132,0.86244,0,1,0,0
726,0.0,0.0,0.0,65,0.86225,0,1,0,0
727,0.0,0.0,0.0,28,0.86206,0,1,0,0
728,0.0,0.0,0.0,72,0.86187,0,1,0,0
729,0.0,0.0,0.0,66,0.86168,0,1,0,0
730,1.0,1.0,0.0,82,0.86149,1,0,0,0
731,0.0,0.0,0.0,17,0.8613,0,1,0,0
732,0.0,0.0,0.0,61,0.86111,0,1,0,0
733,1.0,1.0,0.0,21,0.86092,1,0,0,0
734,0.0,0.0,0.0,25,0.86073,0,1,0,0
735,0.0,0.0,0.0,28,0.86054,0,1,0,0
736,0.0,0.0,0.0,102,0.86035,0,1,0,0
737,0.0,0.0,0.0,119,0.86016,0,1,0,0
738,1.0,1.0,0.0,117,0.85997,1,0,0,0
739,0.0,0.0,0.0,47,0.85978,0,1,0,0
740,0.0,0.0,0.0,14,0.8595900000000001,0,1,0,0
741,0.0,0.0,0.0,29,0.8594,0,1,0,0
742,0.0,0.0,0.0,60,0.85921,0,1,0,0
743,0.0,0.0,0.0,89,0.85902,0,1,0,0
744,0.0,0.0,0.0,14,0.85883,0,1,0,0
745,0.0,0.0,0.0,102,0.8586400000000001,0,1,0,0
746,1.0,1.0,0.0,97,0.85845,1,0,0,0
747,0.0,0.0,0.0,43,0.85826,0,1,0,0
748,0.0,0.0,0.0,121,0.85807,0,1,0,0
749,0.0,0.0,0.0,126,0.85788,0,1,0,0
750,0.0,0.0,0.0,51,0.8576900000000001,0,1,0,0
751,0.0,0.0,0.0,13,0.8575,0,1,0,0
752,0.0,0.0,0.0,117,0.85731,0,1,0,0
753,0.0,0.0,0.0,41,0.85712,0,1,0,0
754,1.0,1.0,0.0,55,0.85693,1,0,0,0
755,0.0,0.0,0.0,133,0.8567400000000001,0,1,0,0
756,0.0,0.0,0.0,19,0.85655,0,1,0,0
757,1.0,1.0,0.0,114,0.85636,1,0,0,0
758,1.0,1.0,0.0,102,0.85617,1,0,0,0
759,0.0,0.0,0.0,23,0.85598,0,1,0,0
760,0.0,0.0,0.0,105,0.85579,0,1,0,0
761,0.0,0.0,0.0,15,0.8556,0,1,0,0
762,0.0,0.0,0.0,11,0.85541,0,1,0,0
763,0.0,0.0,0.0,31,0.85522,0,1,0,0
764,0.0,0.0,0.0,27,0.85503,0,1,0,0
765,0.0,0.0,0.0,32,0.85484,0,1,0,0
766,0.0,0.0,0.0,43,0.85465,0,1,0,0
767,0.0,0.0,0.0,30,0.85446,0,1,0,0
768,0.0,0.0,0.0,23,0.85427,0,1,0,0
769,1.0,1.0,0.0,111,0.85408,1,0,0,0
770,0.0,0.0,0.0,158,0.85389,0,1,0,0
771,0.0,0.0,0.0,26,0.8537,0,1,0,0
772,0.0,0.0,0.0,11,0.85351,0,1,0,0
773,0.0,0.0,0.0,65,0.85332,0,1,0,0
774,0.0,0.0,0.0,43,0.85313,0,1,0,0
775,1.0,1.0,0.0,65,0.85294,1,0,0,0
776,0.0,0.0,0.0,24,0.85275,0,1,0,0
777,0.0,0.0,0.0,10,0.85256,0,1,0,0
778,0.0,0.0,0.0,21,0.85237,0,1,0,0
779,0.0,0.0,0.0,68,0.85218,0,1,0,0
780,0.0,0.0,0.0,51,0.85199,0,1,0,0
781,0.0,0.0,0.0,12,0.8518,0,1,0,0
782,0.0,0.0,0.0,60,0.85161,0,1,0,0
783,0.0,0.0,0.0,37,0.8514200000000001,0,1,0,0
784,0.0,0.0,0.0,42,0.85123,0,1,0,0
785,0.0,0.0,0.0,84,0.85104,0,1,0,0
786,0.0,0.0,0.0,13,0.85085,0,1,0,0
787,0.0,0.0,0.0,156,0.85066,0,1,0,0
788,0.0,0.0,0.0,41,0.8504700000000001,0,1,0,0
789,1.0,1.0,0.0,50,0.85028,1,0,0,0
790,0.0,0.0,0.0,18,0.85009,0,1,0,0
791,0.0,0.0,0.0,39,0.8499,0,1,0,0
792,0.0,0.0,0.0,9,0.84971,0,1,0,0
793,0.0,0.0,0.0,102,0.84952,0,1,0,0
794,0.0,0.0,0.0,25,0.84933,0,1,0,0
795,0.0,0.0,0.0,91,0.84914,0,1,0,0
796,1.0,1.0,0.0,72,0.84895,1,0,0,0
797,0.0,0.0,0.0,51,0.84876,0,1,0,0
798,0.0,0.0,0.0,50,0.84857,0,1,0,0
799,0.0,0.0,0.0,40,0.84838,0,1,0,0
800,0.0,0.0,0.0,17,0.84819,0,1,0,0
801,0.0,0.0,0.0,12,0.848,0,1,0,0
802,0.0,0.0,0.0,20,0.84781,0,1,0,0
803,0.0,0.0,0.0,24,0.84762,0,1,0,0
804,0.0,0.0,0.0,12,0.84743,0,1,0,0
805,0.0,0.0,0.0,82,0.84724,0,1,0,0
806,0.0,0.0,0.0,19,0.84705,0,1,0,0
807,0.0,0.0,0.0,24,0.84686,0,1,0,0
808,0.0,0.0,0.0,43,0.84667,0,1,0,0
809,0.0,0.0,0.0,34,0.84648,0,1,0,0
810,0.0,0.0,0.0,60,0.84629,0,1,0,0
811,0.0,0.0,0.0,93,0.8461,0,1,0,0
812,0.0,0.0,0.0,15,0.8459099999999999,0,1,0,0
813,0.0,0.0,0.0,67,0.84572,0,1,0,0
814,0.0,0.0,0.0,26,0.84553,0,1,0,0
815,0.0,0.0,0.0,20,0.84534,0,1,0,0
816,0.0,0.0,0.0,76,0.8451500000000001,0,1,0,0
817,0.0,0.0,0.0,18,0.8449599999999999,0,1,0,0
818,0.0,0.0,0.0,31,0.84477,0,1,0,0
819,0.0,0.0,0.0,50,0.84458,0,1,0,0
820,0.0,0.0,0.0,128,0.84439,0,1,0,0
821,0.0,0.0,0.0,57,0.8442000000000001,0,1,0,0
822,1.0,1.0,0.0,91,0.8440099999999999,1,0,0,0
823,0.0,0.0,0.0,72,0.84382,0,1,0,0
824,1.0,1.0,0.0,91,0.84363,1,0,0,0
825,1.0,1.0,0.0,49,0.84344,1,0,0,0
826,1.0,1.0,0.0,60,0.84325,1,0,0,0
827,0.0,0.0,0.0,30,0.84306,0,1,0,0
828,0.0,0.0,0.0,50,0.84287,0,1,0,0
829,0.0,0.0,0.0,17,0.84268,0,1,0,0
830,0.0,0.0,0.0,46,0.84249,0,1,0,0
831,0.0,0.0,0.0,9,0.8423,0,1,0,0
832,0.0,0.0,0.0,56,0.84211,0,1,0,0
833,0.0,0.0,0.0,36,0.84192,0,1,0,0
834,0.0,0.0,0.0,39,0.84173,0,1,0,0
835,0.0,0.0,0.0,41,0.84154,0,1,0,0
836,0.0,0.0,0.0,30,0.84135,0,1,0,0
837,0.0,0.0,0.0,59,0.84116,0,1,0,0
838,0.0,0.0,0.0,50,0.84097,0,1,0,0
839,0.0,0.0,0.0,13,0.84078,0,1,0,0
840,0.0,0.0,0.0,17,0.84059,0,1,0,0
841,0.0,0.0,0.0,20,0.8404,0,1,0,0
842,0.0,0.0,0.0,56,0.84021,0,1,0,0
843,0.0,0.0,0.0,16,0.84002,0,1,0,0
844,0.0,0.0,0.0,13,0.8398300000000001,0,1,0,0
845,0.0,0.0,0.0,26,0.8396399999999999,0,1,0,0
846,0.0,0.0,0.0,39,0.83945,0,1,0,0
847,1.0,1.0,0.0,62,0.83926,1,0,0,0
848,0.0,0.0,0.0,123,0.83907,0,1,0,0
849,0.0,0.0,0.0,106,0.8388800000000001,0,1,0,0
850,0.0,0.0,0.0,54,0.8386899999999999,0,1,0,0
851,0.0,0.0,0.0,18,0.8385,0,1,0,0
852,0.0,0.0,0.0,38,0.83831,0,1,0,0
853,0.0,0.0,0.0,34,0.83812,0,1,0,0
854,0.0,0.0,0.0,47,0.8379300000000001,0,1,0,0
855,0.0,0.0,0.0,30,0.83774,0,1,0,0
856,0.0,0.0,0.0,44,0.83755,0,1,0,0
857,0.0,0.0,0.0,25,0.83736,0,1,0,0
858,0.0,0.0,0.0,54,0.83717,0,1,0,0
859,0.0,0.0,0.0,144,0.8369800000000001,0,1,0,0
860,0.0,0.0,0.0,84,0.83679,0,1,0,0
861,0.0,0.0,0.0,46,0.8366,0,1,0,0
862,0.0,0.0,0.0,17,0.83641,0,1,0,0
863,0.0,0.0,0.0,12,0.83622,0,1,0,0
864,0.0,0.0,0.0,13,0.83603,0,1,0,0
865,1.0,1.0,0.0,126,0.83584,1,0,0,0
866,0.0,0.0,0.0,12,0.83565,0,1,0,0
867,0.0,0.0,0.0,38,0.83546,0,1,0,0
868,0.0,0.0,0.0,13,0.83527,0,1,0,0
869,0.0,0.0,0.0,24,0.83508,0,1,0,0
870,0.0,0.0,0.0,42,0.83489,0,1,0,0
871,0.0,0.0,0.0,53,0.8347,0,1,0,0
872,0.0,0.0,0.0,35,0.83451,0,1,0,0
873,0.0,0.0,0.0,29,0.83432,0,1,0,0
874,0.0,0.0,0.0,144,0.83413,0,1,0,0
875,0.0,0.0,0.0,40,0.83394,0,1,0,0
876,0.0,0.0,0.0,36,0.83375,0,1,0,0
877,0.0,0.0,0.0,7,0.8335600000000001,0,1,0,0
878,0.0,0.0,0.0,144,0.8333699999999999,0,1,0,0
879,0.0,0.0,0.0,53,0.83318,0,1,0,0
880,0.0,0.0,0.0,70,0.83299,0,1,0,0
881,0.0,0.0,0.0,103,0.8328,0,1,0,0
882,0.0,0.0,0.0,18,0.8326100000000001,0,1,0,0
883,0.0,0.0,0.0,43,0.8324199999999999,0,1,0,0
884,0.0,0.0,0.0,15,0.83223,0,1,0,0
885,1.0,1.0,0.0,42,0.83204,1,0,0,0
886,0.0,0.0,0.0,60,0.83185,0,1,0,0
887,0.0,0.0,0.0,32,0.8316600000000001,0,1,0,0
888,0.0,0.0,0.0,42,0.83147,0,1,0,0
889,0.0,0.0,0.0,14,0.83128,0,1,0,0
890,0.0,0.0,0.0,73,0.83109,0,1,0,0
891,1.0,1.0,0.0,119,0.8309,1,0,0,0
892,0.0,0.0,0.0,45,0.8307100000000001,0,1,0,0
893,1.0,1.0,0.0,120,0.83052,1,0,0,0
894,1.0,1.0,0.0,89,0.83033,1,0,0,0
895,0.0,0.0,0.0,43,0.83014,0,1,0,0
896,0.0,0.0,0.0,18,0.82995,0,1,0,0
897,0.0,0.0,0.0,30,0.82976,0,1,0,0
898,0.0,0.0,0.0,31,0.82957,0,1,0,0
899,0.0,0.0,0.0,22,0.82938,0,1,0,0
900,0.0,0.0,0.0,20,0.82919,0,1,0,0
901,0.0,0.0,0.0,63,0.829,0,1,0,0
902,0.0,0.0,0.0,32,0.82881,0,1,0,0
903,0.0,0.0,0.0,46,0.82862,0,1,0,0
904,0.0,0.0,0.0,59,0.82843,0,1,0,0
905,0.0,0.0,0.0,89,0.8282400000000001,0,1,0,0
906,0.0,0.0,0.0,21,0.82805,0,1,0,0
907,0.0,0.0,0.0,22,0.82786,0,1,0,0
908,0.0,0.0,0.0,38,0.82767,0,1,0,0
909,0.0,0.0,0.0,31,0.82748,0,1,0,0
910,0.0,0.0,0.0,39,0.8272900000000001,0,1,0,0
911,0.0,0.0,0.0,42,0.8271,0,1,0,0
912,0.0,0.0,0.0,70,0.82691,0,1,0,0
913,0.0,0.0,0.0,43,0.82672,0,1,0,0
914,0.0,0.0,0.0,26,0.82653,0,1,0,0
915,0.0,0.0,0.0,41,0.8263400000000001,0,1,0,0
916,0.0,0.0,0.0,28,0.82615,0,1,0,0
917,0.0,0.0,0.0,48,0.82596,0,1,0,0
918,0.0,0.0,0.0,51,0.82577,0,1,0,0
919,0.0,0.0,0.0,111,0.82558,0,1,0,0
920,0.0,0.0,0.0,29,0.8253900000000001,0,1,0,0
921,1.0,1.0,0.0,138,0.8252,1,0,0,0
922,0.0,0.0,0.0,41,0.82501,0,1,0,0
923,0.0,0.0,0.0,32,0.82482,0,1,0,0
924,0.0,0.0,0.0,60,0.82463,0,1,0,0
925,0.0,0.0,0.0,71,0.8244400000000001,0,1,0,0
926,0.0,0.0,0.0,11,0.82425,0,1,0,0
927,0.0,0.0,0.0,25,0.82406,0,1,0,0
928,0.0,0.0,0.0,44,0.82387,0,1,0,0
929,1.0,1.0,0.0,141,0.82368,1,0,0,0
930,0.0,0.0,0.0,30,0.82349,0,1,0,0
931,0.0,0.0,0.0,35,0.8233,0,1,0,0
932,0.0,0.0,0.0,58,0.82311,0,1,0,0
933,0.0,0.0,0.0,36,0.82292,0,1,0,0
934,0.0,0.0,0.0,28,0.82273,0,1,0,0
935,0.0,0.0,0.0,35,0.82254,0,1,0,0
936,0.0,0.0,0.0,21,0.82235,0,1,0,0
937,0.0,0.0,0.0,15,0.82216,0,1,0,0
938,0.0,0.0,0.0,66,0.82197,0,1,0,0
939,0.0,0.0,0.0,58,0.82178,0,1,0,0
940,0.0,0.0,0.0,148,0.82159,0,1,0,0
941,0.0,0.0,0.0,58,0.8214,0,1,0,0
942,0.0,0.0,0.0,29,0.82121,0,1,0,0
943,0.0,0.0,0.0,11,0.82102,0,1,0,0
944,0.0,0.0,0.0,22,0.8208300000000001,0,1,0,0
945,0.0,0.0,0.0,61,0.82064,0,1,0,0
946,0.0,0.0,0.0,20,0.82045,0,1,0,0
947,0.0,0.0,0.0,88,0.82026,0,1,0,0
948,0.0,0.0,0.0,48,0.82007,0,1,0,0
949,0.0,0.0,0.0,130,0.81988,0,1,0,0
950,0.0,0.0,0.0,29,0.81969,0,1,0,0
951,0.0,0.0,0.0,25,0.8195,0,1,0,0
952,0.0,0.0,0.0,49,0.81931,0,1,0,0
953,0.0,0.0,0.0,39,0.81912,0,1,0,0
954,1.0,1.0,0.0,49,0.81893,1,0,0,0
955,1.0,1.0,0.0,32,0.81874,1,0,0,0
956,0.0,0.0,0.0,145,0.81855,0,1,0,0
957,0.0,0.0,0.0,42,0.81836,0,1,0,0
958,1.0,1.0,0.0,40,0.8181700000000001,1,0,0,0
959,0.0,0.0,0.0,34,0.81798,0,1,0,0
960,0.0,0.0,0.0,36,0.81779,0,1,0,0
961,0.0,0.0,0.0,15,0.8176,0,1,0,0
962,0.0,0.0,0.0,51,0.81741,0,1,0,0
963,0.0,0.0,0.0,24,0.8172200000000001,0,1,0,0
964,0.0,0.0,0.0,23,0.81703,0,1,0,0
965,0.0,0.0,0.0,49,0.81684,0,1,0,0
966,0.0,0.0,0.0,57,0.81665,0,1,0,0
967,0.0,0.0,0.0,18,0.81646,0,1,0,0
968,0.0,0.0,0.0,31,0.81627,0,1,0,0
969,1.0,1.0,0.0,54,0.81608,1,0,0,0
970,0.0,0.0,0.0,18,0.81589,0,1,0,0
971,0.0,0.0,0.0,13,0.8157,0,1,0,0
972,0.0,0.0,0.0,24,0.81551,0,1,0,0
973,0.0,0.0,0.0,83,0.81532,0,1,0,0
974,1.0,1.0,0.0,57,0.81513,1,0,0,0
975,0.0,0.0,0.0,27,0.81494,0,1,0,0
976,0.0,0.0,0.0,22,0.81475,0,1,0,0
977,0.0,0.0,0.0,108,0.81456,0,1,0,0
978,0.0,0.0,0.0,52,0.81437,0,1,0,0
979,0.0,0.0,0.0,44,0.81418,0,1,0,0
980,0.0,0.0,0.0,58,0.81399,0,1,0,0
981,0.0,0.0,0.0,25,0.8138,0,1,0,0
982,0.0,0.0,0.0,41,0.8136099999999999,0,1,0,0
983,0.0,0.0,0.0,26,0.81342,0,1,0,0
984,0.0,0.0,0.0,27,0.81323,0,1,0,0
985,0.0,0.0,0.0,47,0.81304,0,1,0,0
986,1.0,1.0,0.0,47,0.81285,1,0,0,0
987,0.0,0.0,0.0,19,0.81266,0,1,0,0
988,0.0,0.0,0.0,82,0.81247,0,1,0,0
989,0.0,0.0,0.0,94,0.81228,0,1,0,0
990,0.0,0.0,0.0,50,0.81209,0,1,0,0
991,0.0,0.0,0.0,30,0.8119000000000001,0,1,0,0
992,0.0,0.0,0.0,35,0.81171,0,1,0,0
993,0.0,0.0,0.0,79,0.81152,0,1,0,0
994,1.0,1.0,0.0,146,0.81133,1,0,0,0
995,0.0,0.0,0.0,30,0.81114,0,1,0,0
996,0.0,0.0,0.0,36,0.8109500000000001,0,1,0,0
997,0.0,0.0,0.0,24,0.81076,0,1,0,0
998,0.0,0.0,0.0,111,0.81057,0,1,0,0
999,0.0,0.0,0.0,17,0.81038,0,1,0,0
1000,0.0,0.0,0.0,109,0.81019,0,1,0,0
1001,0.0,0.0,0.0,24,0.81,0,1,0,0
1002,1.0,1.0,0.0,249,0.80981,1,0,0,0
1003,0.0,0.0,0.0,29,0.80962,0,1,0,0
1004,0.0,0.0,0.0,20,0.80943,0,1,0,0
1005,0.0,0.0,0.0,26,0.80924,0,1,0,0
1006,0.0,0.0,0.0,67,0.80905,0,1,0,0
1007,0.0,0.0,0.0,33,0.80886,0,1,0,0
1008,0.0,0.0,0.0,15,0.80867,0,1,0,0
1009,0.0,0.0,0.0,30,0.80848,0,1,0,0
1010,0.0,0.0,0.0,36,0.80829,0,1,0,0
1011,0.0,0.0,0.0,25,0.8081,0,1,0,0
1012,0.0,0.0,0.0,119,0.80791,0,1,0,0
1013,1.0,1.0,0.0,76,0.80772,1,0,0,0
1014,1.0,1.0,0.0,36,0.80753,1,0,0,0
1015,0.0,0.0,0.0,15,0.80734,0,1,0,0
1016,0.0,0.0,0.0,53,0.80715,0,1,0,0
1017,0.0,0.0,0.0,37,0.80696,0,1,0,0
1018,0.0,0.0,0.0,42,0.80677,0,1,0,0
1019,0.0,0.0,0.0,79,0.8065800000000001,0,1,0,0
1020,0.0,0.0,0.0,13,0.8063899999999999,0,1,0,0
1021,0.0,0.0,0.0,32,0.8062,0,1,0,0
1022,0.0,0.0,0.0,28,0.80601,0,1,0,0
1023,0.0,0.0,0.0,41,0.80582,0,1,0,0
1024,0.0,0.0,0.0,7,0.8056300000000001,0,1,0,0
1025,1.0,1.0,0.0,63,0.8054399999999999,1,0,0,0
1026,1.0,1.0,0.0,41,0.80525,1,0,0,0
1027,0.0,0.0,0.0,58,0.80506,0,1,0,0
1028,0.0,0.0,0.0,25,0.80487,0,1,0,0
1029,0.0,0.0,0.0,29,0.8046800000000001,0,1,0,0
1030,0.0,0.0,0.0,15,0.80449,0,1,0,0
1031,0.0,0.0,0.0,11,0.8043,0,1,0,0
1032,0.0,0.0,0.0,43,0.80411,0,1,0,0
1033,0.0,0.0,0.0,30,0.80392,0,1,0,0
1034,0.0,0.0,0.0,51,0.80373,0,1,0,0
1035,0.0,0.0,0.0,97,0.80354,0,1,0,0
1036,0.0,0.0,0.0,56,0.80335,0,1,0,0
1037,1.0,1.0,0.0,148,0.80316,1,0,0,0
1038,1.0,1.0,0.0,68,0.80297,1,0,0,0
1039,0.0,0.0,0.0,40,0.80278,0,1,0,0
1040,0.0,0.0,0.0,76,0.80259,0,1,0,0
1041,0.0,0.0,0.0,19,0.8024,0,1,0,0
1042,0.0,0.0,0.0,43,0.80221,0,1,0,0
1043,0.0,0.0,0.0,95,0.80202,0,1,0,0
1044,1.0,1.0,0.0,80,0.80183,1,0,0,0
1045,0.0,0.0,0.0,111,0.80164,0,1,0,0
1046,0.0,0.0,0.0,39,0.80145,0,1,0,0
1047,0.0,0.0,0.0,15,0.80126,0,1,0,0
1048,1.0,1.0,0.0,44,0.80107,1,0,0,0
1049,1.0,1.0,0.0,62,0.80088,1,0,0,0
1050,0.0,0.0,0.0,77,0.80069,0,1,0,0
1051,0.0,0.0,0.0,27,0.8005,0,1,0,0
1052,0.0,0.0,0.0,103,0.8003100000000001,0,1,0,0
1053,0.0,0.0,0.0,23,0.8001199999999999,0,1,0,0
1054,0.0,0.0,0.0,21,0.79993,0,1,0,0
1055,0.0,0.0,0.0,22,0.79974,0,1,0,0
1056,0.0,0.0,0.0,27,0.79955,0,1,0,0
1057,0.0,0.0,0.0,40,0.7993600000000001,0,1,0,0
1058,0.0,0.0,0.0,21,0.7991699999999999,0,1,0,0
1059,1.0,1.0,0.0,116,0.79898,1,0,0,0
1060,0.0,0.0,0.0,69,0.79879,0,1,0,0
1061,0.0,0.0,0.0,15,0.7986,0,1,0,0
1062,1.0,1.0,0.0,48,0.7984100000000001,1,0,0,0
1063,0.0,0.0,0.0,12,0.79822,0,1,0,0
1064,0.0,0.0,0.0,16,0.79803,0,1,0,0
1065,0.0,0.0,0.0,45,0.79784,0,1,0,0
1066,0.0,0.0,0.0,32,0.79765,0,1,0,0
1067,0.0,0.0,0.0,37,0.7974600000000001,0,1,0,0
1068,0.0,0.0,0.0,37,0.79727,0,1,0,0
1069,0.0,0.0,0.0,29,0.79708,0,1,0,0
1070,0.0,0.0,0.0,50,0.79689,0,1,0,0
1071,0.0,0.0,0.0,33,0.7967,0,1,0,0
1072,0.0,0.0,0.0,46,0.79651,0,1,0,0
1073,0.0,0.0,0.0,67,0.79632,0,1,0,0
1074,0.0,0.0,0.0,39,0.79613,0,1,0,0
1075,0.0,0.0,0.0,44,0.79594,0,1,0,0
1076,0.0,0.0,0.0,50,0.79575,0,1,0,0
1077,0.0,0.0,0.0,79,0.79556,0,1,0,0
1078,0.0,0.0,0.0,22,0.79537,0,1,0,0
1079,0.0,0.0,0.0,24,0.79518,0,1,0,0
1080,0.0,0.0,0.0,33,0.7949900000000001,0,1,0,0
1081,0.0,0.0,0.0,18,0.7948,0,1,0,0
1082,0.0,0.0,0.0,47,0.79461,0,1,0,0
1083,0.0,0.0,0.0,35,0.79442,0,1,0,0
1084,0.0,0.0,0.0,55,0.79423,0,1,0,0
1085,0.0,0.0,0.0,57,0.7940400000000001,0,1,0,0
1086,0.0,0.0,0.0,19,0.79385,0,1,0,0
1087,0.0,0.0,0.0,41,0.79366,0,1,0,0
1088,0.0,0.0,0.0,49,0.79347,0,1,0,0
1089,1.0,1.0,0.0,125,0.79328,1,0,0,0
1090,0.0,0.0,0.0,57,0.7930900000000001,0,1,0,0
1091,0.0,0.0,0.0,45,0.7929,0,1,0,0
1092,0.0,0.0,0.0,104,0.79271,0,1,0,0
1093,0.0,0.0,0.0,48,0.79252,0,1,0,0
1094,0.0,0.0,0.0,44,0.79233,0,1,0,0
1095,0.0,0.0,0.0,24,0.7921400000000001,0,1,0,0
1096,0.0,0.0,0.0,11,0.79195,0,1,0,0
1097,1.0,1.0,0.0,47,0.79176,1,0,0,0
1098,0.0,0.0,0.0,64,0.79157,0,1,0,0
1099,0.0,0.0,0.0,88,0.79138,0,1,0,0
1100,0.0,0.0,0.0,21,0.7911900000000001,0,1,0,0
1101,1.0,1.0,0.0,56,0.791,1,0,0,0
1102,0.0,0.0,0.0,39,0.79081,0,1,0,0
1103,0.0,0.0,0.0,52,0.79062,0,1,0,0
1104,0.0,0.0,0.0,42,0.79043,0,1,0,0
1105,0.0,0.0,0.0,13,0.79024,0,1,0,0
1106,0.0,0.0,0.0,33,0.79005,0,1,0,0
1107,0.0,0.0,0.0,27,0.78986,0,1,0,0
1108,1.0,1.0,0.0,100,0.78967,1,0,0,0
1109,0.0,0.0,0.0,38,0.78948,0,1,0,0
1110,0.0,0.0,0.0,30,0.78929,0,1,0,0
1111,0.0,0.0,0.0,29,0.7891,0,1,0,0
1112,0.0,0.0,0.0,56,0.78891,0,1,0,0
1113,0.0,0.0,0.0,13,0.7887200000000001,0,1,0,0
1114,0.0,0.0,0.0,54,0.78853,0,1,0,0
1115,0.0,0.0,0.0,13,0.78834,0,1,0,0
1116,0.0,0.0,0.0,19,0.78815,0,1,0,0
1117,0.0,0.0,0.0,32,0.78796,0,1,0,0
1118,0.0,0.0,0.0,61,0.7877700000000001,0,1,0,0
1119,0.0,0.0,0.0,35,0.7875800000000001,0,1,0,0
1120,1.0,1.0,0.0,54,0.78739,1,0,0,0
1121,0.0,0.0,0.0,115,0.7872,0,1,0,0
1122,0.0,0.0,0.0,37,0.78701,0,1,0,0
1123,1.0,1.0,0.0,38,0.7868200000000001,1,0,0,0
1124,0.0,0.0,0.0,31,0.78663,0,1,0,0
1125,1.0,1.0,0.0,42,0.78644,1,0,0,0
1126,0.0,0.0,0.0,21,0.78625,0,1,0,0
1127,0.0,0.0,0.0,12,0.78606,0,1,0,0
1128,0.0,0.0,0.0,28,0.7858700000000001,0,1,0,0
1129,0.0,0.0,0.0,37,0.78568,0,1,0,0
1130,0.0,0.0,0.0,48,0.78549,0,1,0,0
1131,0.0,0.0,0.0,36,0.7853,0,1,0,0
1132,0.0,0.0,0.0,18,0.78511,0,1,0,0
1133,0.0,0.0,0.0,16,0.7849200000000001,0,1,0,0
1134,0.0,0.0,0.0,59,0.78473,0,1,0,0
1135,0.0,0.0,0.0,18,0.78454,0,1,0,0
1136,0.0,0.0,0.0,40,0.78435,0,1,0,0
1137,0.0,0.0,0.0,36,0.78416,0,1,0,0
1138,0.0,0.0,0.0,50,0.7839700000000001,0,1,0,0
1139,0.0,0.0,0.0,13,0.78378,0,1,0,0
1140,0.0,0.0,0.0,18,0.78359,0,1,0,0
1141,1.0,1.0,0.0,39,0.7834,1,0,0,0
1142,1.0,1.0,0.0,66,0.78321,1,0,0,0
1143,0.0,0.0,0.0,27,0.78302,0,1,0,0
1144,1.0,1.0,0.0,87,0.78283,1,0,0,0
1145,0.0,0.0,0.0,88,0.78264,0,1,0,0
1146,0.0,0.0,0.0,24,0.78245,0,1,0,0
1147,0.0,0.0,0.0,26,0.78226,0,1,0,0
1148,0.0,0.0,0.0,37,0.78207,0,1,0,0
1149,0.0,0.0,0.0,59,0.78188,0,1,0,0
1150,0.0,0.0,0.0,21,0.78169,0,1,0,0
1151,0.0,0.0,0.0,53,0.7815,0,1,0,0
1152,0.0,0.0,0.0,49,0.7813100000000001,0,1,0,0
1153,0.0,0.0,0.0,21,0.78112,0,1,0,0
1154,0.0,0.0,0.0,41,0.78093,0,1,0,0
1155,0.0,0.0,0.0,46,0.78074,0,1,0,0
1156,0.0,0.0,0.0,45,0.78055,0,1,0,0
1157,0.0,0.0,0.0,31,0.78036,0,1,0,0
1158,0.0,0.0,0.0,18,0.78017,0,1,0,0
1159,0.0,0.0,0.0,35,0.77998,0,1,0,0
1160,0.0,0.0,0.0,33,0.77979,0,1,0,0
1161,1.0,1.0,0.0,47,0.7796,1,0,0,0
1162,1.0,1.0,0.0,92,0.77941,1,0,0,0
1163,0.0,0.0,0.0,8,0.77922,0,1,0,0
1164,0.0,0.0,0.0,11,0.77903,0,1,0,0
1165,0.0,0.0,0.0,56,0.77884,0,1,0,0
1166,0.0,0.0,0.0,27,0.7786500000000001,0,1,0,0
1167,0.0,0.0,0.0,39,0.77846,0,1,0,0
1168,0.0,0.0,0.0,18,0.77827,0,1,0,0
1169,0.0,0.0,0.0,19,0.77808,0,1,0,0
1170,0.0,0.0,0.0,18,0.77789,0,1,0,0
1171,0.0,0.0,0.0,24,0.7777000000000001,0,1,0,0
1172,0.0,0.0,0.0,70,0.77751,0,1,0,0
1173,0.0,0.0,0.0,12,0.77732,0,1,0,0
1174,0.0,0.0,0.0,16,0.77713,0,1,0,0
1175,0.0,0.0,0.0,23,0.77694,0,1,0,0
1176,0.0,0.0,0.0,23,0.77675,0,1,0,0
1177,1.0,1.0,0.0,84,0.77656,1,0,0,0
1178,0.0,0.0,0.0,25,0.77637,0,1,0,0
1179,0.0,0.0,0.0,25,0.77618,0,1,0,0
1180,1.0,1.0,0.0,61,0.77599,1,0,0,0
1181,0.0,0.0,0.0,8,0.7758,0,1,0,0
1182,0.0,0.0,0.0,21,0.77561,0,1,0,0
1183,0.0,0.0,0.0,11,0.77542,0,1,0,0
1184,0.0,0.0,0.0,34,0.77523,0,1,0,0
1185,0.0,0.0,0.0,88,0.77504,0,1,0,0
1186,0.0,0.0,0.0,9,0.77485,0,1,0,0
1187,0.0,0.0,0.0,28,0.77466,0,1,0,0
1188,0.0,0.0,0.0,51,0.77447,0,1,0,0
1189,0.0,0.0,0.0,46,0.77428,0,1,0,0
1190,0.0,0.0,0.0,23,0.77409,0,1,0,0
1191,0.0,0.0,0.0,11,0.7739,0,1,0,0
1192,0.0,0.0,0.0,56,0.77371,0,1,0,0
1193,0.0,0.0,0.0,28,0.77352,0,1,0,0
1194,0.0,0.0,0.0,68,0.7733300000000001,0,1,0,0
1195,0.0,0.0,0.0,7,0.7731399999999999,0,1,0,0
1196,0.0,0.0,0.0,21,0.77295,0,1,0,0
1197,0.0,0.0,0.0,16,0.77276,0,1,0,0
1198,0.0,0.0,0.0,21,0.77257,0,1,0,0
1199,0.0,0.0,0.0,55,0.7723800000000001,0,1,0,0
1200,1.0,1.0,0.0,46,0.7721899999999999,1,0,0,0
1201,0.0,0.0,0.0,21,0.772,0,1,0,0
1202,0.0,0.0,0.0,123,0.77181,0,1,0,0
1203,0.0,0.0,0.0,21,0.77162,0,1,0,0
1204,0.0,0.0,0.0,53,0.7714300000000001,0,1,0,0
1205,0.0,0.0,0.0,34,0.77124,0,1,0,0
1206,0.0,0.0,0.0,20,0.77105,0,1,0,0
1207,0.0,0.0,0.0,38,0.77086,0,1,0,0
1208,0.0,0.0,0.0,34,0.77067,0,1,0,0
1209,0.0,0.0,0.0,29,0.77048,0,1,0,0
1210,0.0,0.0,0.0,77,0.77029,0,1,0,0
1211,0.0,0.0,0.0,35,0.7701,0,1,0,0
1212,0.0,0.0,0.0,53,0.76991,0,1,0,0
1213,0.0,0.0,0.0,27,0.76972,0,1,0,0
1214,1.0,1.0,0.0,38,0.76953,1,0,0,0
1215,0.0,0.0,0.0,34,0.76934,0,1,0,0
1216,0.0,0.0,0.0,19,0.76915,0,1,0,0
1217,0.0,0.0,0.0,28,0.76896,0,1,0,0
1218,0.0,0.0,0.0,17,0.76877,0,1,0,0
1219,0.0,0.0,0.0,51,0.76858,0,1,0,0
1220,0.0,0.0,0.0,18,0.76839,0,1,0,0
1221,0.0,0.0,0.0,11,0.7682,0,1,0,0
1222,0.0,0.0,0.0,37,0.76801,0,1,0,0
1223,0.0,0.0,0.0,19,0.76782,0,1,0,0
1224,0.0,0.0,0.0,24,0.76763,0,1,0,0
1225,0.0,0.0,0.0,29,0.76744,0,1,0,0
1226,0.0,0.0,0.0,14,0.76725,0,1,0,0
1227,1.0,1.0,0.0,101,0.7670600000000001,1,0,0,0
1228,1.0,1.0,0.0,49,0.7668699999999999,1,0,0,0
1229,0.0,0.0,0.0,57,0.76668,0,1,0,0
1230,0.0,0.0,0.0,82,0.76649,0,1,0,0
1231,0.0,0.0,0.0,50,0.7663,0,1,0,0
1232,0.0,0.0,0.0,36,0.7661100000000001,0,1,0,0
1233,0.0,0.0,0.0,27,0.7659199999999999,0,1,0,0
1234,0.0,0.0,0.0,44,0.76573,0,1,0,0
1235,0.0,0.0,0.0,78,0.76554,0,1,0,0
1236,0.0,0.0,0.0,35,0.76535,0,1,0,0
1237,0.0,0.0,0.0,39,0.7651600000000001,0,1,0,0
1238,0.0,0.0,0.0,9,0.76497,0,1,0,0
1239,0.0,0.0,0.0,56,0.76478,0,1,0,0
1240,0.0,0.0,0.0,24,0.76459,0,1,0,0
1241,0.0,0.0,0.0,78,0.7644,0,1,0,0
1242,0.0,0.0,0.0,27,0.7642100000000001,0,1,0,0
1243,0.0,0.0,0.0,29,0.76402,0,1,0,0
1244,0.0,0.0,0.0,66,0.76383,0,1,0,0
1245,0.0,0.0,0.0,21,0.76364,0,1,0,0
1246,0.0,0.0,0.0,79,0.76345,0,1,0,0
1247,0.0,0.0,0.0,28,0.76326,0,1,0,0
1248,0.0,0.0,0.0,41,0.76307,0,1,0,0
1249,0.0,0.0,0.0,38,0.76288,0,1,0,0
1250,0.0,0.0,0.0,48,0.76269,0,1,0,0
1251,1.0,1.0,0.0,48,0.7625,1,0,0,0
1252,0.0,0.0,0.0,28,0.76231,0,1,0,0
1253,0.0,0.0,0.0,41,0.76212,0,1,0,0
1254,1.0,1.0,0.0,21,0.76193,1,0,0,0
1255,0.0,0.0,0.0,30,0.76174,0,1,0,0
1256,0.0,0.0,0.0,71,0.76155,0,1,0,0
1257,0.0,0.0,0.0,55,0.76136,0,1,0,0
1258,0.0,0.0,0.0,71,0.76117,0,1,0,0
1259,0.0,0.0,0.0,13,0.76098,0,1,0,0
1260,0.0,0.0,0.0,48,0.76079,0,1,0,0
1261,0.0,0.0,0.0,51,0.7605999999999999,0,1,0,0
1262,0.0,0.0,0.0,41,0.76041,0,1,0,0
1263,0.0,0.0,0.0,13,0.76022,0,1,0,0
1264,0.0,0.0,0.0,45,0.76003,0,1,0,0
1265,0.0,0.0,0.0,61,0.75984,0,1,0,0
1266,0.0,0.0,0.0,32,0.75965,0,1,0,0
1267,0.0,0.0,0.0,28,0.75946,0,1,0,0
1268,0.0,0.0,0.0,34,0.75927,0,1,0,0
1269,0.0,0.0,0.0,47,0.75908,0,1,0,0
1270,0.0,0.0,0.0,11,0.75889,0,1,0,0
1271,0.0,0.0,0.0,53,0.7587,0,1,0,0
1272,0.0,0.0,0.0,17,0.75851,0,1,0,0
1273,0.0,0.0,0.0,27,0.75832,0,1,0,0
1274,1.0,1.0,0.0,58,0.75813,1,0,0,0
1275,0.0,0.0,0.0,32,0.75794,0,1,0,0
1276,0.0,0.0,0.0,9,0.75775,0,1,0,0
1277,1.0,1.0,0.0,47,0.75756,1,0,0,0
1278,1.0,1.0,0.0,59,0.75737,1,0,0,0
1279,0.0,0.0,0.0,30,0.75718,0,1,0,0
1280,0.0,0.0,0.0,17,0.75699,0,1,0,0
1281,0.0,0.0,0.0,12,0.7568,0,1,0,0
1282,0.0,0.0,0.0,21,0.75661,0,1,0,0
1283,0.0,0.0,0.0,34,0.75642,0,1,0,0
1284,0.0,0.0,0.0,11,0.75623,0,1,0,0
1285,1.0,1.0,0.0,26,0.75604,1,0,0,0
1286,0.0,0.0,0.0,11,0.75585,0,1,0,0
1287,0.0,0.0,0.0,46,0.75566,0,1,0,0
1288,1.0,1.0,0.0,79,0.75547,1,0,0,0
1289,0.0,0.0,0.0,82,0.75528,0,1,0,0
1290,0.0,0.0,0.0,35,0.75509,0,1,0,0
1291,1.0,1.0,0.0,54,0.7549,1,0,0,0
1292,0.0,0.0,0.0,29,0.75471,0,1,0,0
1293,1.0,1.0,0.0,91,0.75452,1,0,0,0
1294,0.0,0.0,0.0,22,0.7543300000000001,0,1,0,0
1295,0.0,0.0,0.0,15,0.75414,0,1,0,0
1296,1.0,1.0,0.0,109,0.75395,1,0,0,0
1297,0.0,0.0,0.0,7,0.75376,0,1,0,0
1298,1.0,1.0,0.0,39,0.75357,1,0,0,0
1299,1.0,1.0,0.0,45,0.75338,1,0,0,0
1300,0.0,0.0,0.0,19,0.75319,0,1,0,0
1301,0.0,0.0,0.0,34,0.753,0,1,0,0
1302,0.0,0.0,0.0,26,0.75281,0,1,0,0
1303,0.0,0.0,0.0,18,0.75262,0,1,0,0
1304,0.0,0.0,0.0,26,0.75243,0,1,0,0
1305,0.0,0.0,0.0,32,0.75224,0,1,0,0
1306,0.0,0.0,0.0,20,0.75205,0,1,0,0
1307,0.0,0.0,0.0,23,0.75186,0,1,0,0
1308,0.0,0.0,0.0,8,0.7516700000000001,0,1,0,0
1309,0.0,0.0,0.0,32,0.75148,0,1,0,0
1310,0.0,0.0,0.0,11,0.75129,0,1,0,0
1311,1.0,1.0,0.0,112,0.7511,1,0,0,0
1312,0.0,0.0,0.0,15,0.75091,0,1,0,0
1313,1.0,1.0,0.0,57,0.75072,1,0,0,0
1314,1.0,1.0,0.0,33,0.75053,1,0,0,0
1315,0.0,0.0,0.0,60,0.75034,0,1,0,0
1316,0.0,0.0,0.0,22,0.75015,0,1,0,0
1317,0.0,0.0,0.0,18,0.74996,0,1,0,0
1318,0.0,0.0,0.0,44,0.74977,0,1,0,0
1319,0.0,0.0,0.0,26,0.74958,0,1,0,0
1320,0.0,0.0,0.0,72,0.74939,0,1,0,0
1321,0.0,0.0,0.0,14,0.7492,0,1,0,0
1322,0.0,0.0,0.0,39,0.74901,0,1,0,0
1323,0.0,0.0,0.0,15,0.74882,0,1,0,0
1324,0.0,0.0,0.0,39,0.74863,0,1,0,0
1325,1.0,1.0,0.0,49,0.74844,1,0,0,0
1326,0.0,0.0,0.0,22,0.7482500000000001,0,1,0,0
1327,0.0,0.0,0.0,38,0.74806,0,1,0,0
1328,0.0,0.0,0.0,13,0.74787,0,1,0,0
1329,0.0,0.0,0.0,44,0.74768,0,1,0,0
1330,0.0,0.0,0.0,46,0.74749,0,1,0,0
1331,0.0,0.0,0.0,25,0.7473000000000001,0,1,0,0
1332,0.0,0.0,0.0,44,0.7471099999999999,0,1,0,0
1333,0.0,0.0,0.0,20,0.74692,0,1,0,0
1334,0.0,0.0,0.0,19,0.74673,0,1,0,0
1335,0.0,0.0,0.0,41,0.74654,0,1,0,0
1336,0.0,0.0,0.0,34,0.7463500000000001,0,1,0,0
1337,1.0,1.0,0.0,65,0.74616,1,0,0,0
1338,0.0,0.0,0.0,17,0.74597,0,1,0,0
1339,0.0,0.0,0.0,37,0.74578,0,1,0,0
1340,0.0,0.0,0.0,20,0.74559,0,1,0,0
1341,0.0,0.0,0.0,15,0.7454000000000001,0,1,0,0
1342,0.0,0.0,0.0,23,0.74521,0,1,0,0
1343,0.0,0.0,0.0,34,0.74502,0,1,0,0
1344,0.0,0.0,0.0,48,0.74483,0,1,0,0
1345,0.0,0.0,0.0,59,0.74464,0,1,0,0
1346,0.0,0.0,0.0,71,0.7444500000000001,0,1,0,0
1347,0.0,0.0,0.0,38,0.74426,0,1,0,0
1348,0.0,0.0,0.0,12,0.74407,0,1,0,0
1349,0.0,0.0,0.0,9,0.74388,0,1,0,0
1350,0.0,0.0,0.0,40,0.74369,0,1,0,0
1351,1.0,1.0,0.0,79,0.7435,1,0,0,0
1352,0.0,0.0,0.0,64,0.74331,0,1,0,0
1353,0.0,0.0,0.0,84,0.74312,0,1,0,0
1354,0.0,0.0,0.0,45,0.74293,0,1,0,0
1355,0.0,0.0,0.0,66,0.74274,0,1,0,0
1356,0.0,0.0,0.0,7,0.74255,0,1,0,0
1357,0.0,0.0,0.0,36,0.74236,0,1,0,0
1358,0.0,0.0,0.0,14,0.74217,0,1,0,0
1359,0.0,0.0,0.0,44,0.7419800000000001,0,1,0,0
1360,0.0,0.0,0.0,30,0.74179,0,1,0,0
1361,0.0,0.0,0.0,43,0.7416,0,1,0,0
1362,0.0,0.0,0.0,29,0.74141,0,1,0,0
1363,0.0,0.0,0.0,42,0.74122,0,1,0,0
1364,0.0,0.0,0.0,42,0.7410300000000001,0,1,0,0
1365,0.0,0.0,0.0,21,0.7408399999999999,0,1,0,0
1366,0.0,0.0,0.0,43,0.74065,0,1,0,0
1367,0.0,0.0,0.0,10,0.74046,0,1,0,0
1368,0.0,0.0,0.0,32,0.74027,0,1,0,0
1369,1.0,1.0,0.0,59,0.7400800000000001,1,0,0,0
1370,1.0,1.0,0.0,62,0.73989,1,0,0,0
1371,0.0,0.0,0.0,29,0.7397,0,1,0,0
1372,0.0,0.0,0.0,20,0.73951,0,1,0,0
1373,1.0,1.0,0.0,45,0.73932,1,0,0,0
1374,0.0,0.0,0.0,9,0.7391300000000001,0,1,0,0
1375,0.0,0.0,0.0,26,0.73894,0,1,0,0
1376,0.0,0.0,0.0,37,0.73875,0,1,0,0
1377,0.0,0.0,0.0,7,0.73856,0,1,0,0
1378,0.0,0.0,0.0,39,0.73837,0,1,0,0
1379,0.0,0.0,0.0,29,0.7381800000000001,0,1,0,0
1380,0.0,0.0,0.0,31,0.73799,0,1,0,0
1381,0.0,0.0,0.0,37,0.7378,0,1,0,0
1382,0.0,0.0,0.0,36,0.73761,0,1,0,0
1383,0.0,0.0,0.0,30,0.73742,0,1,0,0
1384,0.0,0.0,0.0,108,0.73723,0,1,0,0
1385,0.0,0.0,0.0,91,0.73704,0,1,0,0
1386,1.0,1.0,0.0,70,0.73685,1,0,0,0
1387,0.0,0.0,0.0,19,0.7366600000000001,0,1,0,0
1388,0.0,0.0,0.0,39,0.73647,0,1,0,0
1389,0.0,0.0,0.0,31,0.73628,0,1,0,0
1390,0.0,0.0,0.0,36,0.73609,0,1,0,0
1391,1.0,1.0,0.0,36,0.7359,1,0,0,0
1392,0.0,0.0,0.0,37,0.7357100000000001,0,1,0,0
1393,0.0,0.0,0.0,11,0.73552,0,1,0,0
1394,0.0,0.0,0.0,41,0.73533,0,1,0,0
1395,0.0,0.0,0.0,42,0.73514,0,1,0,0
1396,0.0,0.0,0.0,39,0.73495,0,1,0,0
1397,0.0,0.0,0.0,52,0.7347600000000001,0,1,0,0
1398,1.0,1.0,0.0,22,0.7345700000000001,1,0,0,0
1399,0.0,0.0,0.0,95,0.73438,0,1,0,0
1400,0.0,0.0,0.0,45,0.73419,0,1,0,0
1401,0.0,0.0,0.0,11,0.734,0,1,0,0
1402,0.0,0.0,0.0,19,0.7338100000000001,0,1,0,0
1403,0.0,0.0,0.0,16,0.73362,0,1,0,0
1404,1.0,1.0,0.0,39,0.73343,1,0,0,0
1405,0.0,0.0,0.0,49,0.73324,0,1,0,0
1406,0.0,0.0,0.0,48,0.73305,0,1,0,0
1407,0.0,0.0,0.0,16,0.7328600000000001,0,1,0,0
1408,0.0,0.0,0.0,20,0.73267,0,1,0,0
1409,0.0,0.0,0.0,88,0.73248,0,1,0,0
1410,0.0,0.0,0.0,9,0.73229,0,1,0,0
1411,0.0,0.0,0.0,44,0.7321,0,1,0,0
1412,0.0,0.0,0.0,47,0.7319100000000001,0,1,0,0
1413,0.0,0.0,0.0,49,0.73172,0,1,0,0
1414,0.0,0.0,0.0,28,0.73153,0,1,0,0
1415,0.0,0.0,0.0,11,0.73134,0,1,0,0
1416,0.0,0.0,0.0,27,0.73115,0,1,0,0
1417,0.0,0.0,0.0,12,0.73096,0,1,0,0
1418,0.0,0.0,0.0,18,0.73077,0,1,0,0
1419,0.0,0.0,0.0,30,0.73058,0,1,0,0
1420,0.0,0.0,0.0,22,0.7303900000000001,0,1,0,0
1421,0.0,0.0,0.0,13,0.7302,0,1,0,0
1422,0.0,0.0,0.0,41,0.73001,0,1,0,0
1423,0.0,0.0,0.0,53,0.72982,0,1,0,0
1424,0.0,0.0,0.0,43,0.72963,0,1,0,0
1425,0.0,0.0,0.0,15,0.7294400000000001,0,1,0,0
1426,0.0,0.0,0.0,27,0.72925,0,1,0,0
1427,0.0,0.0,0.0,62,0.72906,0,1,0,0
1428,0.0,0.0,0.0,9,0.72887,0,1,0,0
1429,0.0,0.0,0.0,20,0.72868,0,1,0,0
1430,0.0,0.0,0.0,68,0.7284900000000001,0,1,0,0
1431,0.0,0.0,0.0,51,0.7283000000000001,0,1,0,0
1432,0.0,0.0,0.0,15,0.72811,0,1,0,0
1433,0.0,0.0,0.0,18,0.72792,0,1,0,0
1434,0.0,0.0,0.0,29,0.72773,0,1,0,0
1435,0.0,0.0,0.0,23,0.7275400000000001,0,1,0,0
1436,0.0,0.0,0.0,55,0.72735,0,1,0,0
1437,1.0,1.0,0.0,65,0.72716,1,0,0,0
1438,0.0,0.0,0.0,27,0.72697,0,1,0,0
1439,0.0,0.0,0.0,27,0.72678,0,1,0,0
1440,0.0,0.0,0.0,19,0.7265900000000001,0,1,0,0
1441,0.0,0.0,0.0,37,0.7264,0,1,0,0
1442,0.0,0.0,0.0,35,0.72621,0,1,0,0
1443,0.0,0.0,0.0,35,0.72602,0,1,0,0
1444,0.0,0.0,0.0,38,0.72583,0,1,0,0
1445,0.0,0.0,0.0,23,0.7256400000000001,0,1,0,0
1446,0.0,0.0,0.0,44,0.72545,0,1,0,0
1447,0.0,0.0,0.0,35,0.72526,0,1,0,0
1448,0.0,0.0,0.0,50,0.7250700000000001,0,1,0,0
1449,0.0,0.0,0.0,25,0.72488,0,1,0,0
1450,0.0,0.0,0.0,33,0.7246900000000001,0,1,0,0
1451,0.0,0.0,0.0,24,0.7245,0,1,0,0
1452,0.0,0.0,0.0,25,0.72431,0,1,0,0
1453,0.0,0.0,0.0,25,0.7241200000000001,0,1,0,0
1454,0.0,0.0,0.0,44,0.72393,0,1,0,0
1455,0.0,0.0,0.0,26,0.72374,0,1,0,0
1456,0.0,0.0,0.0,23,0.72355,0,1,0,0
1457,0.0,0.0,0.0,36,0.72336,0,1,0,0
1458,0.0,0.0,0.0,9,0.7231700000000001,0,1,0,0
1459,0.0,0.0,0.0,19,0.72298,0,1,0,0
1460,0.0,0.0,0.0,26,0.72279,0,1,0,0
1461,0.0,0.0,0.0,56,0.7226,0,1,0,0
1462,1.0,1.0,0.0,29,0.72241,1,0,0,0
1463,0.0,0.0,0.0,43,0.7222200000000001,0,1,0,0
1464,0.0,0.0,0.0,54,0.72203,0,1,0,0
1465,0.0,0.0,0.0,58,0.72184,0,1,0,0
1466,0.0,0.0,0.0,73,0.72165,0,1,0,0
1467,0.0,0.0,0.0,24,0.72146,0,1,0,0
1468,0.0,0.0,0.0,31,0.7212700000000001,0,1,0,0
1469,1.0,1.0,0.0,68,0.7210799999999999,1,0,0,0
1470,0.0,0.0,0.0,50,0.72089,0,1,0,0
1471,0.0,0.0,0.0,11,0.7207,0,1,0,0
1472,0.0,0.0,0.0,13,0.72051,0,1,0,0
1473,0.0,0.0,0.0,24,0.7203200000000001,0,1,0,0
1474,0.0,0.0,0.0,90,0.72013,0,1,0,0
1475,0.0,0.0,0.0,39,0.71994,0,1,0,0
1476,0.0,0.0,0.0,19,0.71975,0,1,0,0
1477,0.0,0.0,0.0,62,0.71956,0,1,0,0
1478,0.0,0.0,0.0,57,0.7193700000000001,0,1,0,0
1479,0.0,0.0,0.0,29,0.71918,0,1,0,0
1480,0.0,0.0,0.0,23,0.71899,0,1,0,0
1481,0.0,0.0,0.0,14,0.7188000000000001,0,1,0,0
1482,0.0,0.0,0.0,17,0.71861,0,1,0,0
1483,0.0,0.0,0.0,79,0.7184200000000001,0,1,0,0
1484,0.0,0.0,0.0,19,0.71823,0,1,0,0
1485,0.0,0.0,0.0,19,0.71804,0,1,0,0
1486,0.0,0.0,0.0,21,0.7178500000000001,0,1,0,0
1487,0.0,0.0,0.0,32,0.71766,0,1,0,0
1488,0.0,0.0,0.0,26,0.71747,0,1,0,0
1489,0.0,0.0,0.0,12,0.71728,0,1,0,0
1490,1.0,1.0,0.0,32,0.71709,1,0,0,0
1491,0.0,0.0,0.0,35,0.7169000000000001,0,1,0,0
1492,0.0,0.0,0.0,46,0.71671,0,1,0,0
1493,0.0,0.0,0.0,14,0.71652,0,1,0,0
1494,0.0,0.0,0.0,14,0.71633,0,1,0,0
1495,1.0,1.0,0.0,76,0.71614,1,0,0,0
1496,0.0,0.0,0.0,29,0.7159500000000001,0,1,0,0
1497,0.0,0.0,0.0,46,0.71576,0,1,0,0
1498,0.0,0.0,0.0,16,0.71557,0,1,0,0
1499,0.0,0.0,0.0,59,0.71538,0,1,0,0
1500,0.0,0.0,0.0,45,0.71519,0,1,0,0
1501,0.0,0.0,0.0,29,0.7150000000000001,0,1,0,0
1502,0.0,0.0,0.0,90,0.71481,0,1,0,0
1503,0.0,0.0,0.0,28,0.71462,0,1,0,0
1504,0.0,0.0,0.0,24,0.71443,0,1,0,0
1505,0.0,0.0,0.0,36,0.71424,0,1,0,0
1506,0.0,0.0,0.0,80,0.7140500000000001,0,1,0,0
1507,1.0,1.0,0.0,29,0.7138599999999999,1,0,0,0
1508,0.0,0.0,0.0,58,0.71367,0,1,0,0
1509,1.0,1.0,0.0,41,0.7134800000000001,1,0,0,0
1510,0.0,0.0,0.0,26,0.71329,0,1,0,0
1511,0.0,0.0,0.0,16,0.7131000000000001,0,1,0,0
1512,0.0,0.0,0.0,19,0.7129099999999999,0,1,0,0
1513,0.0,0.0,0.0,23,0.71272,0,1,0,0
1514,0.0,0.0,0.0,79,0.7125300000000001,0,1,0,0
1515,0.0,0.0,0.0,17,0.71234,0,1,0,0
1516,0.0,0.0,0.0,25,0.7121500000000001,0,1,0,0
1517,0.0,0.0,0.0,18,0.7119599999999999,0,1,0,0
1518,0.0,0.0,0.0,24,0.71177,0,1,0,0
1519,1.0,1.0,0.0,50,0.7115800000000001,1,0,0,0
1520,0.0,0.0,0.0,41,0.71139,0,1,0,0
1521,0.0,0.0,0.0,40,0.7112,0,1,0,0
1522,0.0,0.0,0.0,34,0.7110099999999999,0,1,0,0
1523,1.0,1.0,0.0,43,0.71082,1,0,0,0
1524,0.0,0.0,0.0,58,0.7106300000000001,0,1,0,0
1525,0.0,0.0,0.0,58,0.71044,0,1,0,0
1526,1.0,1.0,0.0,33,0.71025,1,0,0,0
1527,0.0,0.0,0.0,19,0.7100599999999999,0,1,0,0
1528,0.0,0.0,0.0,20,0.70987,0,1,0,0
1529,1.0,1.0,0.0,37,0.7096800000000001,1,0,0,0
1530,0.0,0.0,0.0,25,0.70949,0,1,0,0
1531,0.0,0.0,0.0,35,0.7093,0,1,0,0
1532,0.0,0.0,0.0,29,0.7091099999999999,0,1,0,0
1533,0.0,0.0,0.0,15,0.70892,0,1,0,0
1534,0.0,0.0,0.0,17,0.7087300000000001,0,1,0,0
1535,0.0,0.0,0.0,15,0.70854,0,1,0,0
1536,0.0,0.0,0.0,20,0.70835,0,1,0,0
1537,0.0,0.0,0.0,35,0.70816,0,1,0,0
1538,0.0,0.0,0.0,50,0.70797,0,1,0,0
1539,0.0,0.0,0.0,16,0.7077800000000001,0,1,0,0
1540,0.0,0.0,0.0,36,0.7075899999999999,0,1,0,0
1541,0.0,0.0,0.0,26,0.7074,0,1,0,0
1542,0.0,0.0,0.0,44,0.7072100000000001,0,1,0,0
1543,0.0,0.0,0.0,26,0.70702,0,1,0,0
1544,0.0,0.0,0.0,48,0.7068300000000001,0,1,0,0
1545,0.0,0.0,0.0,12,0.7066399999999999,0,1,0,0
1546,0.0,0.0,0.0,17,0.70645,0,1,0,0
1547,0.0,0.0,0.0,19,0.7062600000000001,0,1,0,0
1548,0.0,0.0,0.0,30,0.70607,0,1,0,0
1549,0.0,0.0,0.0,58,0.7058800000000001,0,1,0,0
1550,0.0,0.0,0.0,20,0.7056899999999999,0,1,0,0
1551,0.0,0.0,0.0,35,0.7055,0,1,0,0
1552,0.0,0.0,0.0,26,0.7053100000000001,0,1,0,0
1553,1.0,1.0,0.0,28,0.70512,1,0,0,0
1554,0.0,0.0,0.0,29,0.7049300000000001,0,1,0,0
1555,0.0,0.0,0.0,13,0.7047399999999999,0,1,0,0
1556,0.0,0.0,0.0,24,0.70455,0,1,0,0
1557,0.0,0.0,0.0,37,0.7043600000000001,0,1,0,0
1558,0.0,0.0,0.0,15,0.70417,0,1,0,0
1559,0.0,0.0,0.0,42,0.70398,0,1,0,0
1560,1.0,1.0,0.0,22,0.7037899999999999,1,0,0,0
1561,0.0,0.0,0.0,33,0.7036,0,1,0,0
1562,0.0,0.0,0.0,17,0.7034100000000001,0,1,0,0
1563,0.0,0.0,0.0,93,0.70322,0,1,0,0
1564,0.0,0.0,0.0,26,0.70303,0,1,0,0
1565,0.0,0.0,0.0,52,0.70284,0,1,0,0
1566,1.0,1.0,0.0,25,0.70265,1,0,0,0
1567,0.0,0.0,0.0,29,0.7024600000000001,0,1,0,0
1568,0.0,0.0,0.0,49,0.70227,0,1,0,0
1569,0.0,0.0,0.0,17,0.70208,0,1,0,0
1570,0.0,0.0,0.0,27,0.70189,0,1,0,0
1571,0.0,0.0,0.0,32,0.7017,0,1,0,0
1572,0.0,0.0,0.0,8,0.7015100000000001,0,1,0,0
1573,0.0,0.0,0.0,14,0.7013199999999999,0,1,0,0
1574,0.0,0.0,0.0,13,0.70113,0,1,0,0
1575,0.0,0.0,0.0,14,0.70094,0,1,0,0
1576,0.0,0.0,0.0,23,0.70075,0,1,0,0
1577,0.0,0.0,0.0,11,0.7005600000000001,0,1,0,0
1578,0.0,0.0,0.0,45,0.7003699999999999,0,1,0,0
1579,0.0,0.0,0.0,59,0.70018,0,1,0,0
1580,0.0,0.0,0.0,29,0.69999,0,1,0,0
1581,0.0,0.0,0.0,22,0.6998,0,1,0,0
1582,0.0,0.0,0.0,23,0.6996100000000001,0,1,0,0
1583,0.0,0.0,0.0,21,0.6994199999999999,0,1,0,0
1584,0.0,0.0,0.0,36,0.69923,0,1,0,0
1585,0.0,0.0,0.0,33,0.69904,0,1,0,0
1586,0.0,0.0,0.0,42,0.69885,0,1,0,0
1587,0.0,0.0,0.0,13,0.6986600000000001,0,1,0,0
1588,1.0,1.0,0.0,20,0.6984699999999999,1,0,0,0
1589,0.0,0.0,0.0,49,0.69828,0,1,0,0
1590,0.0,0.0,0.0,36,0.69809,0,1,0,0
1591,0.0,0.0,0.0,43,0.6979,0,1,0,0
1592,0.0,0.0,0.0,14,0.69771,0,1,0,0
1593,0.0,0.0,0.0,37,0.6975199999999999,0,1,0,0
1594,0.0,0.0,0.0,36,0.69733,0,1,0,0
1595,1.0,1.0,0.0,43,0.6971400000000001,1,0,0,0
1596,1.0,1.0,0.0,30,0.69695,1,0,0,0
1597,0.0,0.0,0.0,22,0.69676,0,1,0,0
1598,0.0,0.0,0.0,67,0.69657,0,1,0,0
1599,0.0,0.0,0.0,25,0.69638,0,1,0,0
1600,1.0,1.0,0.0,60,0.6961900000000001,1,0,0,0
1601,0.0,0.0,0.0,47,0.696,0,1,0,0
1602,0.0,0.0,0.0,56,0.69581,0,1,0,0
1603,0.0,0.0,0.0,24,0.69562,0,1,0,0
1604,0.0,0.0,0.0,65,0.69543,0,1,0,0
1605,0.0,0.0,0.0,26,0.6952400000000001,0,1,0,0
1606,0.0,0.0,0.0,29,0.69505,0,1,0,0
1607,0.0,0.0,0.0,32,0.69486,0,1,0,0
1608,1.0,1.0,0.0,79,0.69467,1,0,0,0
1609,0.0,0.0,0.0,27,0.69448,0,1,0,0
1610,1.0,1.0,0.0,31,0.6942900000000001,1,0,0,0
1611,1.0,1.0,0.0,52,0.6940999999999999,1,0,0,0
1612,1.0,1.0,0.0,28,0.69391,1,0,0,0
1613,0.0,0.0,0.0,12,0.69372,0,1,0,0
1614,1.0,1.0,0.0,45,0.69353,1,0,0,0
1615,0.0,0.0,0.0,23,0.6933400000000001,0,1,0,0
1616,0.0,0.0,0.0,44,0.6931499999999999,0,1,0,0
1617,0.0,0.0,0.0,50,0.69296,0,1,0,0
1618,1.0,1.0,0.0,67,0.69277,1,0,0,0
1619,0.0,0.0,0.0,42,0.69258,0,1,0,0
1620,0.0,0.0,0.0,47,0.6923900000000001,0,1,0,0
1621,0.0,0.0,0.0,45,0.6921999999999999,0,1,0,0
1622,0.0,0.0,0.0,32,0.69201,0,1,0,0
1623,0.0,0.0,0.0,25,0.69182,0,1,0,0
1624,0.0,0.0,0.0,40,0.69163,0,1,0,0
1625,0.0,0.0,0.0,20,0.69144,0,1,0,0
1626,0.0,0.0,0.0,30,0.69125,0,1,0,0
1627,0.0,0.0,0.0,34,0.69106,0,1,0,0
1628,0.0,0.0,0.0,22,0.69087,0,1,0,0
1629,1.0,1.0,0.0,33,0.69068,1,0,0,0
1630,0.0,0.0,0.0,56,0.69049,0,1,0,0
1631,0.0,0.0,0.0,47,0.6903,0,1,0,0
1632,0.0,0.0,0.0,29,0.69011,0,1,0,0
1633,0.0,0.0,0.0,31,0.68992,0,1,0,0
1634,0.0,0.0,0.0,23,0.68973,0,1,0,0
1635,0.0,0.0,0.0,23,0.68954,0,1,0,0
1636,1.0,1.0,0.0,27,0.68935,1,0,0,0
1637,0.0,0.0,0.0,41,0.68916,0,1,0,0
1638,0.0,0.0,0.0,15,0.68897,0,1,0,0
1639,0.0,0.0,0.0,24,0.68878,0,1,0,0
1640,0.0,0.0,0.0,61,0.68859,0,1,0,0
1641,0.0,0.0,0.0,28,0.6884,0,1,0,0
1642,0.0,0.0,0.0,21,0.68821,0,1,0,0
1643,0.0,0.0,0.0,44,0.68802,0,1,0,0
1644,0.0,0.0,0.0,48,0.6878299999999999,0,1,0,0
1645,0.0,0.0,0.0,21,0.68764,0,1,0,0
1646,0.0,0.0,0.0,23,0.68745,0,1,0,0
1647,0.0,0.0,0.0,18,0.68726,0,1,0,0
1648,0.0,0.0,0.0,49,0.6870700000000001,0,1,0,0
1649,0.0,0.0,0.0,26,0.6868799999999999,0,1,0,0
1650,0.0,0.0,0.0,30,0.68669,0,1,0,0
1651,0.0,0.0,0.0,18,0.6865,0,1,0,0
1652,0.0,0.0,0.0,8,0.68631,0,1,0,0
1653,0.0,0.0,0.0,25,0.6861200000000001,0,1,0,0
1654,0.0,0.0,0.0,44,0.6859299999999999,0,1,0,0
1655,1.0,1.0,0.0,43,0.68574,1,0,0,0
1656,0.0,0.0,0.0,11,0.68555,0,1,0,0
1657,1.0,1.0,0.0,57,0.68536,1,0,0,0
1658,0.0,0.0,0.0,55,0.6851700000000001,0,1,0,0
1659,0.0,0.0,0.0,9,0.68498,0,1,0,0
1660,0.0,0.0,0.0,15,0.68479,0,1,0,0
1661,0.0,0.0,0.0,35,0.6846,0,1,0,0
1662,1.0,1.0,0.0,40,0.68441,1,0,0,0
1663,0.0,0.0,0.0,30,0.68422,0,1,0,0
1664,0.0,0.0,0.0,52,0.68403,0,1,0,0
1665,0.0,0.0,0.0,18,0.68384,0,1,0,0
1666,0.0,0.0,0.0,19,0.68365,0,1,0,0
1667,0.0,0.0,0.0,33,0.68346,0,1,0,0
1668,0.0,0.0,0.0,23,0.68327,0,1,0,0
1669,0.0,0.0,0.0,25,0.68308,0,1,0,0
1670,0.0,0.0,0.0,11,0.68289,0,1,0,0
1671,1.0,1.0,0.0,39,0.6827,1,0,0,0
1672,0.0,0.0,0.0,46,0.68251,0,1,0,0
1673,0.0,0.0,0.0,49,0.68232,0,1,0,0
1674,0.0,0.0,0.0,11,0.68213,0,1,0,0
1675,0.0,0.0,0.0,71,0.68194,0,1,0,0
1676,0.0,0.0,0.0,46,0.6817500000000001,0,1,0,0
1677,0.0,0.0,0.0,37,0.6815599999999999,0,1,0,0
1678,0.0,0.0,0.0,18,0.68137,0,1,0,0
1679,0.0,0.0,0.0,21,0.68118,0,1,0,0
1680,0.0,0.0,0.0,29,0.68099,0,1,0,0
1681,1.0,1.0,0.0,58,0.6808000000000001,1,0,0,0
1682,0.0,0.0,0.0,25,0.6806099999999999,0,1,0,0
1683,0.0,0.0,0.0,37,0.68042,0,1,0,0
1684,0.0,0.0,0.0,32,0.68023,0,1,0,0
1685,0.0,0.0,0.0,19,0.68004,0,1,0,0
1686,1.0,1.0,0.0,33,0.6798500000000001,1,0,0,0
1687,0.0,0.0,0.0,49,0.67966,0,1,0,0
1688,0.0,0.0,0.0,36,0.67947,0,1,0,0
1689,1.0,1.0,0.0,26,0.67928,1,0,0,0
1690,1.0,1.0,0.0,44,0.67909,1,0,0,0
1691,0.0,0.0,0.0,53,0.6789000000000001,0,1,0,0
1692,1.0,1.0,0.0,21,0.67871,1,0,0,0
1693,0.0,0.0,0.0,23,0.67852,0,1,0,0
1694,0.0,0.0,0.0,22,0.67833,0,1,0,0
1695,0.0,0.0,0.0,28,0.67814,0,1,0,0
1696,0.0,0.0,0.0,24,0.67795,0,1,0,0
1697,0.0,0.0,0.0,18,0.67776,0,1,0,0
1698,0.0,0.0,0.0,40,0.67757,0,1,0,0
1699,0.0,0.0,0.0,10,0.67738,0,1,0,0
1700,0.0,0.0,0.0,30,0.67719,0,1,0,0
1701,0.0,0.0,0.0,47,0.677,0,1,0,0
1702,0.0,0.0,0.0,23,0.67681,0,1,0,0
1703,0.0,0.0,0.0,21,0.67662,0,1,0,0
1704,0.0,0.0,0.0,8,0.67643,0,1,0,0
1705,0.0,0.0,0.0,18,0.67624,0,1,0,0
1706,0.0,0.0,0.0,24,0.67605,0,1,0,0
1707,0.0,0.0,0.0,57,0.67586,0,1,0,0
1708,0.0,0.0,0.0,21,0.67567,0,1,0,0
1709,0.0,0.0,0.0,17,0.6754800000000001,0,1,0,0
1710,0.0,0.0,0.0,48,0.67529,0,1,0,0
1711,1.0,1.0,0.0,53,0.6751,1,0,0,0
1712,0.0,0.0,0.0,45,0.67491,0,1,0,0
1713,0.0,0.0,0.0,10,0.67472,0,1,0,0
1714,0.0,0.0,0.0,30,0.6745300000000001,0,1,0,0
1715,1.0,1.0,0.0,46,0.6743399999999999,1,0,0,0
1716,1.0,1.0,0.0,64,0.67415,1,0,0,0
1717,0.0,0.0,0.0,30,0.67396,0,1,0,0
1718,0.0,0.0,0.0,21,0.67377,0,1,0,0
1719,0.0,0.0,0.0,14,0.6735800000000001,0,1,0,0
1720,0.0,0.0,0.0,22,0.67339,0,1,0,0
1721,0.0,0.0,0.0,50,0.6732,0,1,0,0
1722,0.0,0.0,0.0,27,0.67301,0,1,0,0
1723,0.0,0.0,0.0,20,0.67282,0,1,0,0
1724,0.0,0.0,0.0,17,0.6726300000000001,0,1,0,0
1725,1.0,1.0,0.0,25,0.67244,1,0,0,0
1726,1.0,1.0,0.0,45,0.67225,1,0,0,0
1727,0.0,0.0,0.0,21,0.67206,0,1,0,0
1728,0.0,0.0,0.0,21,0.67187,0,1,0,0
1729,0.0,0.0,0.0,25,0.67168,0,1,0,0
1730,0.0,0.0,0.0,34,0.67149,0,1,0,0
1731,0.0,0.0,0.0,24,0.6713,0,1,0,0
1732,0.0,0.0,0.0,19,0.67111,0,1,0,0
1733,0.0,0.0,0.0,36,0.67092,0,1,0,0
1734,0.0,0.0,0.0,18,0.67073,0,1,0,0
1735,0.0,0.0,0.0,11,0.67054,0,1,0,0
1736,0.0,0.0,0.0,26,0.67035,0,1,0,0
1737,0.0,0.0,0.0,39,0.6701600000000001,0,1,0,0
1738,0.0,0.0,0.0,42,0.66997,0,1,0,0
1739,0.0,0.0,0.0,20,0.66978,0,1,0,0
1740,0.0,0.0,0.0,38,0.66959,0,1,0,0
1741,0.0,0.0,0.0,17,0.6694,0,1,0,0
1742,0.0,0.0,0.0,13,0.6692100000000001,0,1,0,0
1743,1.0,1.0,0.0,42,0.66902,1,0,0,0
1744,0.0,0.0,0.0,40,0.66883,0,1,0,0
1745,1.0,1.0,0.0,41,0.66864,1,0,0,0
1746,0.0,0.0,0.0,39,0.66845,0,1,0,0
1747,1.0,1.0,0.0,33,0.6682600000000001,1,0,0,0
1748,0.0,0.0,0.0,10,0.66807,0,1,0,0
1749,0.0,0.0,0.0,34,0.66788,0,1,0,0
1750,1.0,1.0,0.0,37,0.66769,1,0,0,0
1751,0.0,0.0,0.0,34,0.6675,0,1,0,0
1752,0.0,0.0,0.0,28,0.6673100000000001,0,1,0,0
1753,0.0,0.0,0.0,61,0.66712,0,1,0,0
1754,0.0,0.0,0.0,29,0.66693,0,1,0,0
1755,0.0,0.0,0.0,24,0.66674,0,1,0,0
1756,0.0,0.0,0.0,54,0.66655,0,1,0,0
1757,0.0,0.0,0.0,60,0.6663600000000001,0,1,0,0
1758,0.0,0.0,0.0,50,0.66617,0,1,0,0
1759,0.0,0.0,0.0,16,0.66598,0,1,0,0
1760,0.0,0.0,0.0,22,0.66579,0,1,0,0
1761,0.0,0.0,0.0,35,0.6656,0,1,0,0
1762,0.0,0.0,0.0,9,0.6654100000000001,0,1,0,0
1763,0.0,0.0,0.0,10,0.66522,0,1,0,0
1764,1.0,1.0,0.0,53,0.66503,1,0,0,0
1765,0.0,0.0,0.0,44,0.66484,0,1,0,0
1766,1.0,1.0,0.0,85,0.66465,1,0,0,0
1767,1.0,1.0,0.0,43,0.66446,1,0,0,0
1768,1.0,1.0,0.0,42,0.66427,1,0,0,0
1769,0.0,0.0,0.0,21,0.66408,0,1,0,0
1770,0.0,0.0,0.0,36,0.6638900000000001,0,1,0,0
1771,0.0,0.0,0.0,35,0.6637,0,1,0,0
1772,0.0,0.0,0.0,31,0.66351,0,1,0,0
1773,0.0,0.0,0.0,44,0.66332,0,1,0,0
1774,0.0,0.0,0.0,19,0.66313,0,1,0,0
1775,0.0,0.0,0.0,30,0.6629400000000001,0,1,0,0
1776,1.0,1.0,0.0,34,0.66275,1,0,0,0
1777,0.0,0.0,0.0,30,0.66256,0,1,0,0
1778,0.0,0.0,0.0,21,0.66237,0,1,0,0
1779,0.0,0.0,0.0,13,0.66218,0,1,0,0
1780,1.0,1.0,0.0,23,0.6619900000000001,1,0,0,0
1781,1.0,1.0,0.0,39,0.6618,1,0,0,0
1782,0.0,0.0,0.0,25,0.66161,0,1,0,0
1783,0.0,0.0,0.0,25,0.66142,0,1,0,0
1784,0.0,0.0,0.0,20,0.66123,0,1,0,0
1785,1.0,1.0,0.0,39,0.6610400000000001,1,0,0,0
1786,0.0,0.0,0.0,26,0.66085,0,1,0,0
1787,1.0,1.0,0.0,55,0.66066,1,0,0,0
1788,1.0,1.0,0.0,37,0.66047,1,0,0,0
1789,1.0,1.0,0.0,59,0.66028,1,0,0,0
1790,0.0,0.0,0.0,19,0.6600900000000001,0,1,0,0
1791,0.0,0.0,0.0,11,0.6599,0,1,0,0
1792,0.0,0.0,0.0,23,0.65971,0,1,0,0
1793,0.0,0.0,0.0,13,0.65952,0,1,0,0
1794,0.0,0.0,0.0,36,0.65933,0,1,0,0
1795,0.0,0.0,0.0,21,0.6591400000000001,0,1,0,0
1796,0.0,0.0,0.0,15,0.65895,0,1,0,0
1797,1.0,1.0,0.0,27,0.65876,1,0,0,0
1798,0.0,0.0,0.0,75,0.6585700000000001,0,1,0,0
1799,0.0,0.0,0.0,11,0.65838,0,1,0,0
1800,0.0,0.0,0.0,47,0.65819,0,1,0,0
1801,0.0,0.0,0.0,10,0.658,0,1,0,0
1802,0.0,0.0,0.0,23,0.65781,0,1,0,0
1803,0.0,0.0,0.0,24,0.6576200000000001,0,1,0,0
1804,0.0,0.0,0.0,22,0.65743,0,1,0,0
1805,1.0,1.0,0.0,29,0.65724,1,0,0,0
1806,0.0,0.0,0.0,24,0.65705,0,1,0,0
1807,0.0,0.0,0.0,56,0.65686,0,1,0,0
1808,1.0,1.0,0.0,50,0.6566700000000001,1,0,0,0
1809,0.0,0.0,0.0,29,0.6564800000000001,0,1,0,0
1810,0.0,0.0,0.0,42,0.65629,0,1,0,0
1811,0.0,0.0,0.0,38,0.6561,0,1,0,0
1812,0.0,0.0,0.0,24,0.65591,0,1,0,0
1813,0.0,0.0,0.0,27,0.6557200000000001,0,1,0,0
1814,0.0,0.0,0.0,76,0.6555300000000001,0,1,0,0
1815,0.0,0.0,0.0,16,0.65534,0,1,0,0
1816,1.0,1.0,0.0,35,0.65515,1,0,0,0
1817,0.0,0.0,0.0,44,0.65496,0,1,0,0
1818,1.0,1.0,0.0,29,0.6547700000000001,1,0,0,0
1819,0.0,0.0,0.0,22,0.65458,0,1,0,0
1820,0.0,0.0,0.0,41,0.65439,0,1,0,0
1821,0.0,0.0,0.0,36,0.6542,0,1,0,0
1822,0.0,0.0,0.0,46,0.65401,0,1,0,0
1823,0.0,0.0,0.0,27,0.6538200000000001,0,1,0,0
1824,0.0,0.0,0.0,12,0.65363,0,1,0,0
1825,0.0,0.0,0.0,22,0.65344,0,1,0,0
1826,0.0,0.0,0.0,60,0.65325,0,1,0,0
1827,0.0,0.0,0.0,21,0.65306,0,1,0,0
1828,0.0,0.0,0.0,10,0.6528700000000001,0,1,0,0
1829,0.0,0.0,0.0,37,0.65268,0,1,0,0
1830,0.0,0.0,0.0,32,0.65249,0,1,0,0
1831,0.0,0.0,0.0,23,0.6523000000000001,0,1,0,0
1832,0.0,0.0,0.0,23,0.65211,0,1,0,0
1833,1.0,1.0,0.0,23,0.65192,1,0,0,0
1834,0.0,0.0,0.0,16,0.65173,0,1,0,0
1835,1.0,1.0,0.0,66,0.65154,1,0,0,0
1836,0.0,0.0,0.0,29,0.6513500000000001,0,1,0,0
1837,0.0,0.0,0.0,32,0.65116,0,1,0,0
1838,0.0,0.0,0.0,17,0.65097,0,1,0,0
1839,0.0,0.0,0.0,39,0.65078,0,1,0,0
1840,0.0,0.0,0.0,8,0.65059,0,1,0,0
1841,0.0,0.0,0.0,48,0.6504000000000001,0,1,0,0
1842,0.0,0.0,0.0,20,0.65021,0,1,0,0
1843,0.0,0.0,0.0,17,0.65002,0,1,0,0
1844,0.0,0.0,0.0,35,0.64983,0,1,0,0
1845,0.0,0.0,0.0,23,0.64964,0,1,0,0
1846,0.0,0.0,0.0,26,0.6494500000000001,0,1,0,0
1847,1.0,1.0,0.0,72,0.6492600000000001,1,0,0,0
1848,0.0,0.0,0.0,27,0.64907,0,1,0,0
1849,1.0,1.0,0.0,39,0.64888,1,0,0,0
1850,0.0,0.0,0.0,27,0.64869,0,1,0,0
1851,1.0,1.0,0.0,60,0.6485000000000001,1,0,0,0
1852,0.0,0.0,0.0,27,0.64831,0,1,0,0
1853,0.0,0.0,0.0,7,0.64812,0,1,0,0
1854,0.0,0.0,0.0,23,0.64793,0,1,0,0
1855,0.0,0.0,0.0,26,0.64774,0,1,0,0
1856,0.0,0.0,0.0,18,0.6475500000000001,0,1,0,0
1857,0.0,0.0,0.0,28,0.64736,0,1,0,0
1858,0.0,0.0,0.0,48,0.64717,0,1,0,0
1859,0.0,0.0,0.0,55,0.6469800000000001,0,1,0,0
1860,0.0,0.0,0.0,19,0.64679,0,1,0,0
1861,0.0,0.0,0.0,31,0.6466000000000001,0,1,0,0
1862,0.0,0.0,0.0,14,0.64641,0,1,0,0
1863,0.0,0.0,0.0,26,0.64622,0,1,0,0
1864,0.0,0.0,0.0,12,0.6460300000000001,0,1,0,0
1865,0.0,0.0,0.0,64,0.64584,0,1,0,0
1866,0.0,0.0,0.0,13,0.6456500000000001,0,1,0,0
1867,1.0,1.0,0.0,26,0.64546,1,0,0,0
1868,0.0,0.0,0.0,43,0.64527,0,1,0,0
1869,1.0,1.0,0.0,34,0.6450800000000001,1,0,0,0
1870,0.0,0.0,0.0,24,0.64489,0,1,0,0
1871,0.0,0.0,0.0,27,0.6447,0,1,0,0
1872,0.0,0.0,0.0,8,0.64451,0,1,0,0
1873,0.0,0.0,0.0,40,0.64432,0,1,0,0
1874,0.0,0.0,0.0,7,0.6441300000000001,0,1,0,0
1875,0.0,0.0,0.0,46,0.64394,0,1,0,0
1876,0.0,0.0,0.0,22,0.64375,0,1,0,0
1877,0.0,0.0,0.0,39,0.64356,0,1,0,0
1878,0.0,0.0,0.0,21,0.64337,0,1,0,0
1879,0.0,0.0,0.0,12,0.6431800000000001,0,1,0,0
1880,0.0,0.0,0.0,24,0.64299,0,1,0,0
1881,0.0,0.0,0.0,30,0.6428,0,1,0,0
1882,0.0,0.0,0.0,19,0.64261,0,1,0,0
1883,0.0,0.0,0.0,64,0.64242,0,1,0,0
1884,0.0,0.0,0.0,50,0.6422300000000001,0,1,0,0
1885,0.0,0.0,0.0,14,0.6420399999999999,0,1,0,0
1886,0.0,0.0,0.0,24,0.64185,0,1,0,0
1887,0.0,0.0,0.0,27,0.6416600000000001,0,1,0,0
1888,0.0,0.0,0.0,46,0.64147,0,1,0,0
1889,0.0,0.0,0.0,33,0.6412800000000001,0,1,0,0
1890,0.0,0.0,0.0,21,0.6410899999999999,0,1,0,0
1891,0.0,0.0,0.0,9,0.6409,0,1,0,0
1892,0.0,0.0,0.0,44,0.6407100000000001,0,1,0,0
1893,0.0,0.0,0.0,19,0.64052,0,1,0,0
1894,0.0,0.0,0.0,14,0.6403300000000001,0,1,0,0
1895,0.0,0.0,0.0,17,0.6401399999999999,0,1,0,0
1896,1.0,1.0,0.0,66,0.63995,1,0,0,0
1897,0.0,0.0,0.0,9,0.6397600000000001,0,1,0,0
1898,0.0,0.0,0.0,16,0.63957,0,1,0,0
1899,1.0,1.0,0.0,30,0.6393800000000001,1,0,0,0
1900,0.0,0.0,0.0,15,0.6391899999999999,0,1,0,0
1901,0.0,0.0,0.0,20,0.639,0,1,0,0
1902,0.0,0.0,0.0,9,0.6388100000000001,0,1,0,0
1903,0.0,0.0,0.0,38,0.63862,0,1,0,0
1904,0.0,0.0,0.0,16,0.63843,0,1,0,0
1905,0.0,0.0,0.0,20,0.6382399999999999,0,1,0,0
1906,1.0,1.0,0.0,39,0.63805,1,0,0,0
1907,1.0,1.0,0.0,66,0.6378600000000001,1,0,0,0
1908,1.0,1.0,0.0,29,0.63767,1,0,0,0
1909,0.0,0.0,0.0,7,0.63748,0,1,0,0
1910,0.0,0.0,0.0,18,0.63729,0,1,0,0
1911,0.0,0.0,0.0,15,0.6371,0,1,0,0
1912,0.0,0.0,0.0,39,0.6369100000000001,0,1,0,0
1913,0.0,0.0,0.0,38,0.63672,0,1,0,0
1914,1.0,1.0,0.0,48,0.63653,1,0,0,0
1915,1.0,1.0,0.0,26,0.63634,1,0,0,0
1916,1.0,1.0,0.0,30,0.63615,1,0,0,0
1917,1.0,1.0,0.0,26,0.6359600000000001,1,0,0,0
1918,1.0,1.0,0.0,39,0.63577,1,0,0,0
1919,0.0,0.0,0.0,22,0.63558,0,1,0,0
1920,0.0,0.0,0.0,14,0.6353900000000001,0,1,0,0
1921,0.0,0.0,0.0,25,0.6352,0,1,0,0
1922,0.0,0.0,0.0,54,0.6350100000000001,0,1,0,0
1923,1.0,1.0,0.0,45,0.6348199999999999,1,0,0,0
1924,0.0,0.0,0.0,15,0.63463,0,1,0,0
1925,0.0,0.0,0.0,27,0.6344400000000001,0,1,0,0
1926,1.0,1.0,0.0,22,0.63425,1,0,0,0
1927,0.0,0.0,0.0,23,0.6340600000000001,0,1,0,0
1928,0.0,0.0,0.0,34,0.6338699999999999,0,1,0,0
1929,0.0,0.0,0.0,82,0.63368,0,1,0,0
1930,0.0,0.0,0.0,34,0.6334900000000001,0,1,0,0
1931,0.0,0.0,0.0,35,0.6333,0,1,0,0
1932,0.0,0.0,0.0,7,0.6331100000000001,0,1,0,0
1933,1.0,1.0,0.0,36,0.6329199999999999,1,0,0,0
1934,0.0,0.0,0.0,26,0.63273,0,1,0,0
1935,0.0,0.0,0.0,21,0.6325400000000001,0,1,0,0
1936,0.0,0.0,0.0,44,0.63235,0,1,0,0
1937,0.0,0.0,0.0,20,0.63216,0,1,0,0
1938,0.0,0.0,0.0,69,0.6319699999999999,0,1,0,0
1939,0.0,0.0,0.0,15,0.63178,0,1,0,0
1940,0.0,0.0,0.0,27,0.6315900000000001,0,1,0,0
1941,0.0,0.0,0.0,16,0.6314,0,1,0,0
1942,0.0,0.0,0.0,20,0.63121,0,1,0,0
1943,0.0,0.0,0.0,17,0.6310199999999999,0,1,0,0
1944,0.0,0.0,0.0,32,0.63083,0,1,0,0
1945,0.0,0.0,0.0,31,0.6306400000000001,0,1,0,0
1946,0.0,0.0,0.0,20,0.63045,0,1,0,0
1947,0.0,0.0,0.0,14,0.63026,0,1,0,0
1948,0.0,0.0,0.0,34,0.63007,0,1,0,0
1949,0.0,0.0,0.0,17,0.62988,0,1,0,0
1950,0.0,0.0,0.0,65,0.6296900000000001,0,1,0,0
1951,0.0,0.0,0.0,16,0.6295,0,1,0,0
1952,0.0,0.0,0.0,13,0.62931,0,1,0,0
1953,0.0,0.0,0.0,34,0.62912,0,1,0,0
1954,0.0,0.0,0.0,32,0.62893,0,1,0,0
1955,0.0,0.0,0.0,73,0.6287400000000001,0,1,0,0
1956,0.0,0.0,0.0,37,0.6285499999999999,0,1,0,0
1957,0.0,0.0,0.0,15,0.62836,0,1,0,0
1958,0.0,0.0,0.0,18,0.62817,0,1,0,0
1959,1.0,1.0,0.0,37,0.62798,1,0,0,0
1960,0.0,0.0,0.0,26,0.6277900000000001,0,1,0,0
1961,0.0,0.0,0.0,18,0.6275999999999999,0,1,0,0
1962,0.0,0.0,0.0,47,0.62741,0,1,0,0
1963,0.0,0.0,0.0,15,0.62722,0,1,0,0
1964,1.0,1.0,0.0,43,0.62703,1,0,0,0
1965,1.0,1.0,0.0,28,0.6268400000000001,1,0,0,0
1966,0.0,0.0,0.0,27,0.6266499999999999,0,1,0,0
1967,0.0,0.0,0.0,23,0.62646,0,1,0,0
1968,0.0,0.0,0.0,14,0.62627,0,1,0,0
1969,0.0,0.0,0.0,26,0.62608,0,1,0,0
1970,1.0,1.0,0.0,40,0.6258900000000001,1,0,0,0
1971,0.0,0.0,0.0,9,0.6256999999999999,0,1,0,0
1972,0.0,0.0,0.0,21,0.62551,0,1,0,0
1973,1.0,1.0,0.0,42,0.6253200000000001,1,0,0,0
1974,0.0,0.0,0.0,34,0.62513,0,1,0,0
1975,0.0,0.0,0.0,50,0.62494,0,1,0,0
1976,1.0,1.0,0.0,21,0.62475,1,0,0,0
1977,0.0,0.0,0.0,25,0.62456,0,1,0,0
1978,0.0,0.0,0.0,33,0.6243700000000001,0,1,0,0
1979,1.0,1.0,0.0,85,0.62418,1,0,0,0
1980,1.0,1.0,0.0,49,0.62399,1,0,0,0
1981,0.0,0.0,0.0,25,0.6238,0,1,0,0
1982,0.0,0.0,0.0,14,0.62361,0,1,0,0
1983,0.0,0.0,0.0,13,0.6234200000000001,0,1,0,0
1984,0.0,0.0,0.0,36,0.62323,0,1,0,0
1985,0.0,0.0,0.0,30,0.62304,0,1,0,0
1986,0.0,0.0,0.0,12,0.62285,0,1,0,0
1987,0.0,0.0,0.0,27,0.62266,0,1,0,0
1988,0.0,0.0,0.0,24,0.6224700000000001,0,1,0,0
1989,1.0,1.0,0.0,33,0.6222799999999999,1,0,0,0
1990,0.0,0.0,0.0,18,0.62209,0,1,0,0
1991,0.0,0.0,0.0,18,0.6219,0,1,0,0
1992,0.0,0.0,0.0,51,0.62171,0,1,0,0
1993,0.0,0.0,0.0,36,0.6215200000000001,0,1,0,0
1994,0.0,0.0,0.0,9,0.6213299999999999,0,1,0,0
1995,0.0,0.0,0.0,19,0.62114,0,1,0,0
1996,0.0,0.0,0.0,14,0.62095,0,1,0,0
1997,0.0,0.0,0.0,15,0.62076,0,1,0,0
1998,1.0,1.0,0.0,23,0.6205700000000001,1,0,0,0
1999,0.0,0.0,0.0,14,0.6203799999999999,0,1,0,0
2000,1.0,1.0,0.0,32,0.62019,1,0,0,0
2001,0.0,0.0,0.0,28,0.62,0,1,0,0
2002,0.0,0.0,0.0,15,0.61981,0,1,0,0
2003,0.0,0.0,0.0,10,0.6196200000000001,0,1,0,0
2004,0.0,0.0,0.0,33,0.6194299999999999,0,1,0,0
2005,0.0,0.0,0.0,56,0.61924,0,1,0,0
2006,1.0,1.0,0.0,22,0.61905,1,0,0,0
2007,0.0,0.0,0.0,13,0.61886,0,1,0,0
2008,0.0,0.0,0.0,45,0.61867,0,1,0,0
2009,0.0,0.0,0.0,29,0.61848,0,1,0,0
2010,0.0,0.0,0.0,15,0.61829,0,1,0,0
2011,0.0,0.0,0.0,26,0.6181,0,1,0,0
2012,0.0,0.0,0.0,33,0.61791,0,1,0,0
2013,0.0,0.0,0.0,61,0.61772,0,1,0,0
2014,0.0,0.0,0.0,20,0.61753,0,1,0,0
2015,0.0,0.0,0.0,45,0.61734,0,1,0,0
2016,0.0,0.0,0.0,32,0.61715,0,1,0,0
2017,0.0,0.0,0.0,11,0.61696,0,1,0,0
2018,0.0,0.0,0.0,67,0.61677,0,1,0,0
2019,0.0,0.0,0.0,22,0.61658,0,1,0,0
2020,0.0,0.0,0.0,20,0.61639,0,1,0,0
2021,1.0,1.0,0.0,22,0.6162,1,0,0,0
2022,0.0,0.0,0.0,12,0.61601,0,1,0,0
2023,0.0,0.0,0.0,12,0.61582,0,1,0,0
2024,0.0,0.0,0.0,16,0.61563,0,1,0,0
2025,0.0,0.0,0.0,34,0.61544,0,1,0,0
2026,0.0,0.0,0.0,9,0.6152500000000001,0,1,0,0
2027,0.0,0.0,0.0,12,0.6150599999999999,0,1,0,0
2028,1.0,1.0,0.0,27,0.61487,1,0,0,0
2029,0.0,0.0,0.0,38,0.61468,0,1,0,0
2030,0.0,0.0,0.0,21,0.61449,0,1,0,0
2031,0.0,0.0,0.0,41,0.6143000000000001,0,1,0,0
2032,0.0,0.0,0.0,16,0.6141099999999999,0,1,0,0
2033,0.0,0.0,0.0,52,0.61392,0,1,0,0
2034,1.0,1.0,0.0,67,0.61373,1,0,0,0
2035,0.0,0.0,0.0,45,0.61354,0,1,0,0
2036,0.0,0.0,0.0,20,0.6133500000000001,0,1,0,0
2037,0.0,0.0,0.0,42,0.61316,0,1,0,0
2038,0.0,0.0,0.0,9,0.61297,0,1,0,0
2039,0.0,0.0,0.0,17,0.61278,0,1,0,0
2040,0.0,0.0,0.0,39,0.61259,0,1,0,0
2041,0.0,0.0,0.0,32,0.6124,0,1,0,0
2042,0.0,0.0,0.0,19,0.61221,0,1,0,0
2043,0.0,0.0,0.0,21,0.61202,0,1,0,0
2044,0.0,0.0,0.0,24,0.61183,0,1,0,0
2045,1.0,1.0,0.0,34,0.61164,1,0,0,0
2046,0.0,0.0,0.0,16,0.61145,0,1,0,0
2047,0.0,0.0,0.0,27,0.61126,0,1,0,0
2048,0.0,0.0,0.0,37,0.61107,0,1,0,0
2049,0.0,0.0,0.0,32,0.61088,0,1,0,0
2050,0.0,0.0,0.0,33,0.61069,0,1,0,0
2051,0.0,0.0,0.0,21,0.6105,0,1,0,0
2052,0.0,0.0,0.0,11,0.61031,0,1,0,0
2053,1.0,1.0,0.0,41,0.61012,1,0,0,0
2054,1.0,1.0,0.0,33,0.60993,1,0,0,0
2055,0.0,0.0,0.0,14,0.60974,0,1,0,0
2056,0.0,0.0,0.0,18,0.60955,0,1,0,0
2057,0.0,0.0,0.0,22,0.60936,0,1,0,0
2058,1.0,1.0,0.0,65,0.60917,1,0,0,0
2059,0.0,0.0,0.0,17,0.6089800000000001,0,1,0,0
2060,0.0,0.0,0.0,16,0.6087899999999999,0,1,0,0
2061,0.0,0.0,0.0,53,0.6086,0,1,0,0
2062,1.0,1.0,0.0,47,0.60841,1,0,0,0
2063,1.0,1.0,0.0,35,0.60822,1,0,0,0
2064,0.0,0.0,0.0,15,0.6080300000000001,0,1,0,0
2065,0.0,0.0,0.0,31,0.6078399999999999,0,1,0,0
2066,1.0,1.0,0.0,26,0.60765,1,0,0,0
2067,1.0,1.0,0.0,27,0.60746,1,0,0,0
2068,1.0,1.0,0.0,27,0.60727,1,0,0,0
2069,0.0,0.0,0.0,16,0.6070800000000001,0,1,0,0
2070,0.0,0.0,0.0,33,0.60689,0,1,0,0
2071,0.0,0.0,0.0,25,0.6067,0,1,0,0
2072,0.0,0.0,0.0,12,0.60651,0,1,0,0
2073,0.0,0.0,0.0,23,0.60632,0,1,0,0
2074,0.0,0.0,0.0,10,0.6061300000000001,0,1,0,0
2075,1.0,1.0,0.0,35,0.60594,1,0,0,0
2076,1.0,1.0,0.0,30,0.60575,1,0,0,0
2077,0.0,0.0,0.0,27,0.60556,0,1,0,0
2078,0.0,0.0,0.0,15,0.60537,0,1,0,0
2079,0.0,0.0,0.0,20,0.60518,0,1,0,0
2080,1.0,1.0,0.0,51,0.60499,1,0,0,0
2081,0.0,0.0,0.0,9,0.6048,0,1,0,0
2082,0.0,0.0,0.0,17,0.60461,0,1,0,0
2083,0.0,0.0,0.0,27,0.60442,0,1,0,0
2084,0.0,0.0,0.0,33,0.60423,0,1,0,0
2085,0.0,0.0,0.0,14,0.60404,0,1,0,0
2086,1.0,1.0,0.0,72,0.60385,1,0,0,0
2087,0.0,0.0,0.0,13,0.6036600000000001,0,1,0,0
2088,0.0,0.0,0.0,20,0.60347,0,1,0,0
2089,1.0,1.0,0.0,26,0.60328,1,0,0,0
2090,0.0,0.0,0.0,34,0.60309,0,1,0,0
2091,0.0,0.0,0.0,27,0.6029,0,1,0,0
2092,0.0,0.0,0.0,41,0.6027100000000001,0,1,0,0
2093,1.0,1.0,0.0,47,0.60252,1,0,0,0
2094,1.0,1.0,0.0,29,0.60233,1,0,0,0
2095,0.0,0.0,0.0,29,0.60214,0,1,0,0
2096,0.0,0.0,0.0,23,0.60195,0,1,0,0
2097,0.0,0.0,0.0,21,0.6017600000000001,0,1,0,0
2098,0.0,0.0,0.0,29,0.60157,0,1,0,0
2099,0.0,0.0,0.0,31,0.60138,0,1,0,0
2100,1.0,1.0,0.0,30,0.60119,1,0,0,0
2101,1.0,1.0,0.0,42,0.601,1,0,0,0
2102,0.0,0.0,0.0,10,0.6008100000000001,0,1,0,0
2103,0.0,0.0,0.0,15,0.60062,0,1,0,0
2104,0.0,0.0,0.0,23,0.60043,0,1,0,0
2105,0.0,0.0,0.0,34,0.60024,0,1,0,0
2106,0.0,0.0,0.0,36,0.60005,0,1,0,0
2107,0.0,0.0,0.0,23,0.5998600000000001,0,1,0,0
2108,0.0,0.0,0.0,17,0.59967,0,1,0,0
2109,0.0,0.0,0.0,22,0.59948,0,1,0,0
2110,0.0,0.0,0.0,34,0.59929,0,1,0,0
2111,0.0,0.0,0.0,17,0.5991,0,1,0,0
2112,0.0,0.0,0.0,26,0.59891,0,1,0,0
2113,0.0,0.0,0.0,27,0.59872,0,1,0,0
2114,0.0,0.0,0.0,13,0.59853,0,1,0,0
2115,0.0,0.0,0.0,26,0.59834,0,1,0,0
2116,0.0,0.0,0.0,29,0.59815,0,1,0,0
2117,0.0,0.0,0.0,25,0.59796,0,1,0,0
2118,0.0,0.0,0.0,13,0.59777,0,1,0,0
2119,0.0,0.0,0.0,44,0.59758,0,1,0,0
2120,0.0,0.0,0.0,13,0.5973900000000001,0,1,0,0
2121,0.0,0.0,0.0,29,0.5972,0,1,0,0
2122,1.0,1.0,0.0,47,0.59701,1,0,0,0
2123,0.0,0.0,0.0,31,0.59682,0,1,0,0
2124,1.0,1.0,0.0,31,0.59663,1,0,0,0
2125,1.0,1.0,0.0,73,0.5964400000000001,1,0,0,0
2126,0.0,0.0,0.0,13,0.59625,0,1,0,0
2127,1.0,1.0,0.0,33,0.59606,1,0,0,0
2128,1.0,1.0,0.0,21,0.59587,1,0,0,0
2129,0.0,0.0,0.0,24,0.59568,0,1,0,0
2130,0.0,0.0,0.0,16,0.5954900000000001,0,1,0,0
2131,1.0,1.0,0.0,49,0.5953,1,0,0,0
2132,0.0,0.0,0.0,24,0.59511,0,1,0,0
2133,0.0,0.0,0.0,25,0.59492,0,1,0,0
2134,0.0,0.0,0.0,31,0.59473,0,1,0,0
2135,0.0,0.0,0.0,23,0.5945400000000001,0,1,0,0
2136,0.0,0.0,0.0,23,0.59435,0,1,0,0
2137,0.0,0.0,0.0,35,0.59416,0,1,0,0
2138,0.0,0.0,0.0,33,0.59397,0,1,0,0
2139,0.0,0.0,0.0,17,0.59378,0,1,0,0
2140,1.0,1.0,0.0,22,0.5935900000000001,1,0,0,0
2141,0.0,0.0,0.0,15,0.5934,0,1,0,0
2142,1.0,1.0,0.0,76,0.59321,1,0,0,0
2143,0.0,0.0,0.0,30,0.59302,0,1,0,0
2144,1.0,1.0,0.0,40,0.59283,1,0,0,0
2145,0.0,0.0,0.0,13,0.5926400000000001,0,1,0,0
2146,0.0,0.0,0.0,13,0.59245,0,1,0,0
2147,0.0,0.0,0.0,59,0.59226,0,1,0,0
2148,0.0,0.0,0.0,28,0.5920700000000001,0,1,0,0
2149,0.0,0.0,0.0,17,0.59188,0,1,0,0
2150,1.0,1.0,0.0,45,0.59169,1,0,0,0
2151,0.0,0.0,0.0,22,0.5915,0,1,0,0
2152,0.0,0.0,0.0,28,0.59131,0,1,0,0
2153,0.0,0.0,0.0,33,0.5911200000000001,0,1,0,0
2154,0.0,0.0,0.0,32,0.59093,0,1,0,0
2155,0.0,0.0,0.0,15,0.59074,0,1,0,0
2156,0.0,0.0,0.0,16,0.59055,0,1,0,0
2157,0.0,0.0,0.0,12,0.59036,0,1,0,0
2158,1.0,1.0,0.0,83,0.5901700000000001,1,0,0,0
2159,0.0,0.0,0.0,10,0.5899800000000001,0,1,0,0
2160,0.0,0.0,0.0,16,0.58979,0,1,0,0
2161,0.0,0.0,0.0,10,0.5896,0,1,0,0
2162,0.0,0.0,0.0,31,0.58941,0,1,0,0
2163,1.0,1.0,0.0,47,0.5892200000000001,1,0,0,0
2164,0.0,0.0,0.0,26,0.58903,0,1,0,0
2165,0.0,0.0,0.0,15,0.58884,0,1,0,0
2166,1.0,1.0,0.0,21,0.58865,1,0,0,0
2167,0.0,0.0,0.0,15,0.58846,0,1,0,0
2168,0.0,0.0,0.0,26,0.5882700000000001,0,1,0,0
2169,0.0,0.0,0.0,33,0.58808,0,1,0,0
2170,0.0,0.0,0.0,10,0.58789,0,1,0,0
2171,0.0,0.0,0.0,11,0.5877,0,1,0,0
2172,0.0,0.0,0.0,32,0.58751,0,1,0,0
2173,0.0,0.0,0.0,21,0.5873200000000001,0,1,0,0
2174,0.0,0.0,0.0,15,0.58713,0,1,0,0
2175,1.0,1.0,0.0,33,0.58694,1,0,0,0
2176,0.0,0.0,0.0,13,0.58675,0,1,0,0
2177,0.0,0.0,0.0,71,0.58656,0,1,0,0
2178,0.0,0.0,0.0,12,0.5863700000000001,0,1,0,0
2179,1.0,1.0,0.0,29,0.58618,1,0,0,0
2180,0.0,0.0,0.0,8,0.58599,0,1,0,0
2181,1.0,1.0,0.0,40,0.5858000000000001,1,0,0,0
2182,0.0,0.0,0.0,14,0.58561,0,1,0,0
2183,1.0,1.0,0.0,47,0.58542,1,0,0,0
2184,0.0,0.0,0.0,17,0.58523,0,1,0,0
2185,1.0,1.0,0.0,44,0.58504,1,0,0,0
2186,0.0,0.0,0.0,26,0.5848500000000001,0,1,0,0
2187,0.0,0.0,0.0,29,0.58466,0,1,0,0
2188,1.0,1.0,0.0,32,0.58447,1,0,0,0
2189,1.0,1.0,0.0,30,0.58428,1,0,0,0
2190,1.0,1.0,0.0,38,0.58409,1,0,0,0
2191,0.0,0.0,0.0,21,0.5839000000000001,0,1,0,0
2192,0.0,0.0,0.0,15,0.5837100000000001,0,1,0,0
2193,0.0,0.0,0.0,23,0.58352,0,1,0,0
2194,1.0,1.0,0.0,30,0.58333,1,0,0,0
2195,0.0,0.0,0.0,32,0.58314,0,1,0,0
2196,1.0,1.0,0.0,41,0.5829500000000001,1,0,0,0
2197,0.0,0.0,0.0,22,0.5827600000000001,0,1,0,0
2198,0.0,0.0,0.0,14,0.58257,0,1,0,0
2199,0.0,0.0,0.0,16,0.58238,0,1,0,0
2200,0.0,0.0,0.0,32,0.58219,0,1,0,0
2201,1.0,1.0,0.0,30,0.5820000000000001,1,0,0,0
2202,0.0,0.0,0.0,23,0.58181,0,1,0,0
2203,0.0,0.0,0.0,15,0.58162,0,1,0,0
2204,0.0,0.0,0.0,36,0.58143,0,1,0,0
2205,0.0,0.0,0.0,26,0.58124,0,1,0,0
2206,0.0,0.0,0.0,14,0.5810500000000001,0,1,0,0
2207,0.0,0.0,0.0,36,0.58086,0,1,0,0
2208,0.0,0.0,0.0,19,0.58067,0,1,0,0
2209,0.0,0.0,0.0,17,0.5804800000000001,0,1,0,0
2210,0.0,0.0,0.0,20,0.58029,0,1,0,0
2211,1.0,1.0,0.0,42,0.5801000000000001,1,0,0,0
2212,0.0,0.0,0.0,17,0.57991,0,1,0,0
2213,0.0,0.0,0.0,32,0.57972,0,1,0,0
2214,0.0,0.0,0.0,33,0.5795300000000001,0,1,0,0
2215,0.0,0.0,0.0,15,0.57934,0,1,0,0
2216,0.0,0.0,0.0,15,0.57915,0,1,0,0
2217,1.0,1.0,0.0,31,0.57896,1,0,0,0
2218,0.0,0.0,0.0,39,0.57877,0,1,0,0
2219,0.0,0.0,0.0,22,0.5785800000000001,0,1,0,0
2220,0.0,0.0,0.0,22,0.5783900000000001,0,1,0,0
2221,0.0,0.0,0.0,21,0.5782,0,1,0,0
2222,0.0,0.0,0.0,34,0.57801,0,1,0,0
2223,0.0,0.0,0.0,27,0.57782,0,1,0,0
2224,0.0,0.0,0.0,45,0.5776300000000001,0,1,0,0
2225,0.0,0.0,0.0,49,0.5774400000000001,0,1,0,0
2226,0.0,0.0,0.0,9,0.57725,0,1,0,0
2227,0.0,0.0,0.0,29,0.57706,0,1,0,0
2228,0.0,0.0,0.0,18,0.57687,0,1,0,0
2229,0.0,0.0,0.0,14,0.5766800000000001,0,1,0,0
2230,1.0,1.0,0.0,19,0.5764900000000001,1,0,0,0
2231,0.0,0.0,0.0,21,0.5763,0,1,0,0
2232,0.0,0.0,0.0,34,0.57611,0,1,0,0
2233,1.0,1.0,0.0,31,0.57592,1,0,0,0
2234,0.0,0.0,0.0,22,0.5757300000000001,0,1,0,0
2235,0.0,0.0,0.0,36,0.57554,0,1,0,0
2236,1.0,1.0,0.0,48,0.57535,1,0,0,0
2237,0.0,0.0,0.0,17,0.5751600000000001,0,1,0,0
2238,0.0,0.0,0.0,20,0.57497,0,1,0,0
2239,0.0,0.0,0.0,21,0.5747800000000001,0,1,0,0
2240,0.0,0.0,0.0,19,0.57459,0,1,0,0
2241,1.0,1.0,0.0,29,0.5744,1,0,0,0
2242,0.0,0.0,0.0,37,0.5742100000000001,0,1,0,0
2243,1.0,1.0,0.0,29,0.57402,1,0,0,0
2244,0.0,0.0,0.0,15,0.5738300000000001,0,1,0,0
2245,0.0,0.0,0.0,13,0.57364,0,1,0,0
2246,0.0,0.0,0.0,20,0.57345,0,1,0,0
2247,0.0,0.0,0.0,18,0.5732600000000001,0,1,0,0
2248,0.0,0.0,0.0,18,0.57307,0,1,0,0
2249,0.0,0.0,0.0,21,0.5728800000000001,0,1,0,0
2250,0.0,0.0,0.0,39,0.57269,0,1,0,0
2251,0.0,0.0,0.0,20,0.5725,0,1,0,0
2252,0.0,0.0,0.0,23,0.5723100000000001,0,1,0,0
2253,1.0,1.0,0.0,73,0.57212,1,0,0,0
2254,0.0,0.0,0.0,14,0.57193,0,1,0,0
2255,0.0,0.0,0.0,16,0.57174,0,1,0,0
2256,1.0,1.0,0.0,39,0.57155,1,0,0,0
2257,0.0,0.0,0.0,37,0.5713600000000001,0,1,0,0
2258,0.0,0.0,0.0,15,0.57117,0,1,0,0
2259,0.0,0.0,0.0,8,0.57098,0,1,0,0
2260,0.0,0.0,0.0,20,0.57079,0,1,0,0
2261,0.0,0.0,0.0,43,0.5706,0,1,0,0
2262,0.0,0.0,0.0,21,0.5704100000000001,0,1,0,0
2263,0.0,0.0,0.0,15,0.57022,0,1,0,0
2264,0.0,0.0,0.0,9,0.57003,0,1,0,0
2265,1.0,1.0,0.0,23,0.56984,1,0,0,0
2266,0.0,0.0,0.0,16,0.56965,0,1,0,0
2267,1.0,1.0,0.0,35,0.5694600000000001,1,0,0,0
2268,1.0,1.0,0.0,33,0.5692699999999999,1,0,0,0
2269,0.0,0.0,0.0,27,0.56908,0,1,0,0
2270,0.0,0.0,0.0,24,0.5688900000000001,0,1,0,0
2271,1.0,1.0,0.0,62,0.5687,1,0,0,0
2272,0.0,0.0,0.0,28,0.5685100000000001,0,1,0,0
2273,1.0,1.0,0.0,71,0.5683199999999999,1,0,0,0
2274,0.0,0.0,0.0,38,0.56813,0,1,0,0
2275,1.0,1.0,0.0,27,0.5679400000000001,1,0,0,0
2276,0.0,0.0,0.0,42,0.56775,0,1,0,0
2277,0.0,0.0,0.0,27,0.5675600000000001,0,1,0,0
2278,1.0,1.0,0.0,62,0.5673699999999999,1,0,0,0
2279,1.0,1.0,0.0,60,0.56718,1,0,0,0
2280,0.0,0.0,0.0,16,0.5669900000000001,0,1,0,0
2281,1.0,1.0,0.0,32,0.5668,1,0,0,0
2282,0.0,0.0,0.0,11,0.5666100000000001,0,1,0,0
2283,0.0,0.0,0.0,20,0.56642,0,1,0,0
2284,0.0,0.0,0.0,24,0.56623,0,1,0,0
2285,0.0,0.0,0.0,13,0.5660400000000001,0,1,0,0
2286,1.0,1.0,0.0,27,0.56585,1,0,0,0
2287,0.0,0.0,0.0,21,0.56566,0,1,0,0
2288,0.0,0.0,0.0,22,0.56547,0,1,0,0
2289,0.0,0.0,0.0,19,0.56528,0,1,0,0
2290,0.0,0.0,0.0,7,0.5650900000000001,0,1,0,0
2291,0.0,0.0,0.0,22,0.5649,0,1,0,0
2292,0.0,0.0,0.0,47,0.56471,0,1,0,0
2293,0.0,0.0,0.0,8,0.56452,0,1,0,0
2294,1.0,1.0,0.0,19,0.56433,1,0,0,0
2295,0.0,0.0,0.0,23,0.5641400000000001,0,1,0,0
2296,0.0,0.0,0.0,10,0.56395,0,1,0,0
2297,1.0,1.0,0.0,37,0.56376,1,0,0,0
2298,0.0,0.0,0.0,21,0.5635700000000001,0,1,0,0
2299,0.0,0.0,0.0,33,0.56338,0,1,0,0
2300,0.0,0.0,0.0,12,0.5631900000000001,0,1,0,0
2301,0.0,0.0,0.0,12,0.563,0,1,0,0
2302,0.0,0.0,0.0,9,0.56281,0,1,0,0
2303,0.0,0.0,0.0,35,0.5626200000000001,0,1,0,0
2304,0.0,0.0,0.0,19,0.56243,0,1,0,0
2305,1.0,1.0,0.0,37,0.5622400000000001,1,0,0,0
2306,0.0,0.0,0.0,32,0.5620499999999999,0,1,0,0
2307,0.0,0.0,0.0,34,0.56186,0,1,0,0
2308,0.0,0.0,0.0,26,0.5616700000000001,0,1,0,0
2309,0.0,0.0,0.0,16,0.56148,0,1,0,0
2310,0.0,0.0,0.0,22,0.5612900000000001,0,1,0,0
2311,0.0,0.0,0.0,26,0.5610999999999999,0,1,0,0
2312,0.0,0.0,0.0,31,0.56091,0,1,0,0
2313,0.0,0.0,0.0,17,0.5607200000000001,0,1,0,0
2314,1.0,1.0,0.0,21,0.56053,1,0,0,0
2315,0.0,0.0,0.0,11,0.5603400000000001,0,1,0,0
2316,1.0,1.0,0.0,17,0.5601499999999999,1,0,0,0
2317,0.0,0.0,0.0,39,0.55996,0,1,0,0
2318,0.0,0.0,0.0,13,0.5597700000000001,0,1,0,0
2319,0.0,0.0,0.0,15,0.55958,0,1,0,0
2320,0.0,0.0,0.0,11,0.55939,0,1,0,0
2321,1.0,1.0,0.0,80,0.5591999999999999,1,0,0,0
2322,0.0,0.0,0.0,24,0.55901,0,1,0,0
2323,1.0,1.0,0.0,35,0.5588200000000001,1,0,0,0
2324,0.0,0.0,0.0,29,0.55863,0,1,0,0
2325,0.0,0.0,0.0,15,0.55844,0,1,0,0
2326,0.0,0.0,0.0,55,0.55825,0,1,0,0
2327,1.0,1.0,0.0,21,0.55806,1,0,0,0
2328,0.0,0.0,0.0,26,0.5578700000000001,0,1,0,0
2329,0.0,0.0,0.0,39,0.55768,0,1,0,0
2330,1.0,1.0,0.0,41,0.55749,1,0,0,0
2331,0.0,0.0,0.0,13,0.5573,0,1,0,0
2332,0.0,0.0,0.0,22,0.55711,0,1,0,0
2333,1.0,1.0,0.0,36,0.5569200000000001,1,0,0,0
2334,0.0,0.0,0.0,8,0.55673,0,1,0,0
2335,0.0,0.0,0.0,21,0.55654,0,1,0,0
2336,0.0,0.0,0.0,29,0.55635,0,1,0,0
2337,0.0,0.0,0.0,19,0.55616,0,1,0,0
2338,0.0,0.0,0.0,89,0.5559700000000001,0,1,0,0
2339,0.0,0.0,0.0,29,0.5557799999999999,0,1,0,0
2340,1.0,1.0,0.0,29,0.55559,1,0,0,0
2341,1.0,1.0,0.0,27,0.5554,1,0,0,0
2342,1.0,1.0,0.0,33,0.55521,1,0,0,0
2343,1.0,1.0,0.0,29,0.5550200000000001,1,0,0,0
2344,1.0,1.0,0.0,47,0.5548299999999999,1,0,0,0
2345,0.0,0.0,0.0,17,0.55464,0,1,0,0
2346,0.0,0.0,0.0,7,0.5544500000000001,0,1,0,0
2347,0.0,0.0,0.0,37,0.55426,0,1,0,0
2348,0.0,0.0,0.0,18,0.5540700000000001,0,1,0,0
2349,0.0,0.0,0.0,29,0.5538799999999999,0,1,0,0
2350,1.0,1.0,0.0,17,0.55369,1,0,0,0
2351,0.0,0.0,0.0,38,0.5535000000000001,0,1,0,0
2352,0.0,0.0,0.0,18,0.55331,0,1,0,0
2353,0.0,0.0,0.0,10,0.5531200000000001,0,1,0,0
2354,1.0,1.0,0.0,33,0.5529299999999999,1,0,0,0
2355,0.0,0.0,0.0,23,0.55274,0,1,0,0
2356,0.0,0.0,0.0,27,0.5525500000000001,0,1,0,0
2357,0.0,0.0,0.0,26,0.55236,0,1,0,0
2358,0.0,0.0,0.0,40,0.55217,0,1,0,0
2359,0.0,0.0,0.0,18,0.55198,0,1,0,0
2360,0.0,0.0,0.0,35,0.55179,0,1,0,0
2361,0.0,0.0,0.0,22,0.5516000000000001,0,1,0,0
2362,0.0,0.0,0.0,11,0.55141,0,1,0,0
2363,0.0,0.0,0.0,21,0.55122,0,1,0,0
2364,0.0,0.0,0.0,17,0.55103,0,1,0,0
2365,1.0,1.0,0.0,34,0.55084,1,0,0,0
2366,0.0,0.0,0.0,16,0.5506500000000001,0,1,0,0
2367,0.0,0.0,0.0,28,0.55046,0,1,0,0
2368,1.0,1.0,0.0,21,0.55027,1,0,0,0
2369,0.0,0.0,0.0,22,0.55008,0,1,0,0
2370,0.0,0.0,0.0,25,0.54989,0,1,0,0
2371,0.0,0.0,0.0,12,0.5497000000000001,0,1,0,0
2372,0.0,0.0,0.0,11,0.5495099999999999,0,1,0,0
2373,0.0,0.0,0.0,27,0.54932,0,1,0,0
2374,0.0,0.0,0.0,16,0.54913,0,1,0,0
2375,0.0,0.0,0.0,42,0.54894,0,1,0,0
2376,0.0,0.0,0.0,27,0.5487500000000001,0,1,0,0
2377,0.0,0.0,0.0,26,0.5485599999999999,0,1,0,0
2378,1.0,1.0,0.0,62,0.54837,1,0,0,0
2379,0.0,0.0,0.0,18,0.54818,0,1,0,0
2380,0.0,0.0,0.0,32,0.54799,0,1,0,0
2381,0.0,0.0,0.0,13,0.5478000000000001,0,1,0,0
2382,1.0,1.0,0.0,28,0.5476099999999999,1,0,0,0
2383,0.0,0.0,0.0,14,0.54742,0,1,0,0
2384,0.0,0.0,0.0,17,0.54723,0,1,0,0
2385,0.0,0.0,0.0,24,0.54704,0,1,0,0
2386,0.0,0.0,0.0,12,0.5468500000000001,0,1,0,0
2387,0.0,0.0,0.0,30,0.54666,0,1,0,0
2388,0.0,0.0,0.0,20,0.54647,0,1,0,0
2389,0.0,0.0,0.0,19,0.54628,0,1,0,0
2390,0.0,0.0,0.0,16,0.54609,0,1,0,0
2391,1.0,1.0,0.0,55,0.5459,1,0,0,0
2392,1.0,1.0,0.0,29,0.54571,1,0,0,0
2393,0.0,0.0,0.0,10,0.54552,0,1,0,0
2394,0.0,0.0,0.0,10,0.54533,0,1,0,0
2395,1.0,1.0,0.0,64,0.54514,1,0,0,0
2396,0.0,0.0,0.0,25,0.54495,0,1,0,0
2397,0.0,0.0,0.0,43,0.54476,0,1,0,0
2398,0.0,0.0,0.0,15,0.54457,0,1,0,0
2399,0.0,0.0,0.0,17,0.54438,0,1,0,0
2400,0.0,0.0,0.0,16,0.54419,0,1,0,0
2401,0.0,0.0,0.0,20,0.544,0,1,0,0
2402,0.0,0.0,0.0,21,0.54381,0,1,0,0
2403,1.0,1.0,0.0,33,0.54362,1,0,0,0
2404,1.0,1.0,0.0,30,0.54343,1,0,0,0
2405,1.0,1.0,0.0,26,0.54324,1,0,0,0
2406,1.0,1.0,0.0,34,0.54305,1,0,0,0
2407,1.0,1.0,0.0,32,0.54286,1,0,0,0
2408,0.0,0.0,0.0,31,0.54267,0,1,0,0
2409,1.0,1.0,0.0,38,0.5424800000000001,1,0,0,0
2410,0.0,0.0,0.0,14,0.5422899999999999,0,1,0,0
2411,0.0,0.0,0.0,29,0.5421,0,1,0,0
2412,1.0,1.0,0.0,30,0.54191,1,0,0,0
2413,0.0,0.0,0.0,23,0.54172,0,1,0,0
2414,1.0,1.0,0.0,43,0.5415300000000001,1,0,0,0
2415,0.0,0.0,0.0,9,0.5413399999999999,0,1,0,0
2416,1.0,1.0,0.0,21,0.54115,1,0,0,0
2417,0.0,0.0,0.0,23,0.54096,0,1,0,0
2418,1.0,1.0,0.0,31,0.54077,1,0,0,0
2419,1.0,1.0,0.0,35,0.5405800000000001,1,0,0,0
2420,0.0,0.0,0.0,33,0.54039,0,1,0,0
2421,0.0,0.0,0.0,32,0.5402,0,1,0,0
2422,0.0,0.0,0.0,39,0.54001,0,1,0,0
2423,0.0,0.0,0.0,49,0.53982,0,1,0,0
2424,1.0,1.0,0.0,41,0.53963,1,0,0,0
2425,0.0,0.0,0.0,16,0.53944,0,1,0,0
2426,0.0,0.0,0.0,20,0.53925,0,1,0,0
2427,0.0,0.0,0.0,49,0.53906,0,1,0,0
2428,1.0,1.0,0.0,41,0.53887,1,0,0,0
2429,0.0,0.0,0.0,19,0.53868,0,1,0,0
2430,1.0,1.0,0.0,31,0.53849,1,0,0,0
2431,1.0,1.0,0.0,33,0.5383,1,0,0,0
2432,0.0,0.0,0.0,23,0.53811,0,1,0,0
2433,0.0,0.0,0.0,19,0.53792,0,1,0,0
2434,0.0,0.0,0.0,25,0.53773,0,1,0,0
2435,0.0,0.0,0.0,13,0.53754,0,1,0,0
2436,0.0,0.0,0.0,51,0.53735,0,1,0,0
2437,0.0,0.0,0.0,14,0.5371600000000001,0,1,0,0
2438,0.0,0.0,0.0,13,0.53697,0,1,0,0
2439,0.0,0.0,0.0,26,0.53678,0,1,0,0
2440,0.0,0.0,0.0,20,0.53659,0,1,0,0
2441,1.0,1.0,0.0,49,0.5364,1,0,0,0
2442,1.0,1.0,0.0,47,0.5362100000000001,1,0,0,0
2443,0.0,0.0,0.0,29,0.5360199999999999,0,1,0,0
2444,0.0,0.0,0.0,38,0.53583,0,1,0,0
2445,0.0,0.0,0.0,15,0.53564,0,1,0,0
2446,0.0,0.0,0.0,12,0.53545,0,1,0,0
2447,1.0,1.0,0.0,21,0.5352600000000001,1,0,0,0
2448,0.0,0.0,0.0,17,0.53507,0,1,0,0
2449,1.0,1.0,0.0,15,0.53488,1,0,0,0
2450,0.0,0.0,0.0,14,0.53469,0,1,0,0
2451,0.0,0.0,0.0,12,0.5345,0,1,0,0
2452,0.0,0.0,0.0,20,0.5343100000000001,0,1,0,0
2453,1.0,1.0,0.0,51,0.53412,1,0,0,0
2454,0.0,0.0,0.0,34,0.53393,0,1,0,0
2455,1.0,1.0,0.0,46,0.53374,1,0,0,0
2456,0.0,0.0,0.0,13,0.53355,0,1,0,0
2457,0.0,0.0,0.0,27,0.5333600000000001,0,1,0,0
2458,1.0,1.0,0.0,45,0.53317,1,0,0,0
2459,0.0,0.0,0.0,33,0.53298,0,1,0,0
2460,0.0,0.0,0.0,25,0.53279,0,1,0,0
2461,1.0,1.0,0.0,48,0.5326,1,0,0,0
2462,0.0,0.0,0.0,23,0.53241,0,1,0,0
2463,0.0,0.0,0.0,16,0.53222,0,1,0,0
2464,0.0,0.0,0.0,12,0.53203,0,1,0,0
2465,0.0,0.0,0.0,28,0.53184,0,1,0,0
2466,0.0,0.0,0.0,21,0.53165,0,1,0,0
2467,1.0,1.0,0.0,41,0.53146,1,0,0,0
2468,0.0,0.0,0.0,22,0.53127,0,1,0,0
2469,0.0,0.0,0.0,17,0.53108,0,1,0,0
2470,1.0,1.0,0.0,25,0.5308900000000001,1,0,0,0
2471,1.0,1.0,0.0,45,0.5307,1,0,0,0
2472,1.0,1.0,0.0,31,0.53051,1,0,0,0
2473,0.0,0.0,0.0,12,0.53032,0,1,0,0
2474,0.0,0.0,0.0,39,0.53013,0,1,0,0
2475,0.0,0.0,0.0,40,0.5299400000000001,0,1,0,0
2476,0.0,0.0,0.0,20,0.5297499999999999,0,1,0,0
2477,0.0,0.0,0.0,22,0.52956,0,1,0,0
2478,0.0,0.0,0.0,20,0.52937,0,1,0,0
2479,0.0,0.0,0.0,22,0.52918,0,1,0,0
2480,0.0,0.0,0.0,59,0.5289900000000001,0,1,0,0
2481,0.0,0.0,0.0,13,0.5288,0,1,0,0
2482,0.0,0.0,0.0,8,0.52861,0,1,0,0
2483,0.0,0.0,0.0,34,0.52842,0,1,0,0
2484,1.0,1.0,0.0,35,0.52823,1,0,0,0
2485,0.0,0.0,0.0,24,0.5280400000000001,0,1,0,0
2486,0.0,0.0,0.0,14,0.52785,0,1,0,0
2487,1.0,1.0,0.0,27,0.52766,1,0,0,0
2488,0.0,0.0,0.0,7,0.52747,0,1,0,0
2489,1.0,1.0,0.0,40,0.52728,1,0,0,0
2490,0.0,0.0,0.0,33,0.5270900000000001,0,1,0,0
2491,0.0,0.0,0.0,17,0.5269,0,1,0,0
2492,1.0,1.0,0.0,29,0.52671,1,0,0,0
2493,0.0,0.0,0.0,9,0.52652,0,1,0,0
2494,0.0,0.0,0.0,25,0.52633,0,1,0,0
2495,1.0,1.0,0.0,27,0.52614,1,0,0,0
2496,1.0,1.0,0.0,29,0.52595,1,0,0,0
2497,0.0,0.0,0.0,18,0.52576,0,1,0,0
2498,0.0,0.0,0.0,23,0.5255700000000001,0,1,0,0
2499,0.0,0.0,0.0,15,0.52538,0,1,0,0
2500,1.0,1.0,0.0,29,0.52519,1,0,0,0
2501,1.0,1.0,0.0,29,0.525,1,0,0,0
2502,0.0,0.0,0.0,9,0.52481,0,1,0,0
2503,0.0,0.0,0.0,11,0.5246200000000001,0,1,0,0
2504,0.0,0.0,0.0,9,0.52443,0,1,0,0
2505,1.0,1.0,0.0,23,0.52424,1,0,0,0
2506,1.0,1.0,0.0,32,0.52405,1,0,0,0
2507,0.0,0.0,0.0,16,0.52386,0,1,0,0
2508,0.0,0.0,0.0,37,0.5236700000000001,0,1,0,0
2509,0.0,0.0,0.0,8,0.52348,0,1,0,0
2510,0.0,0.0,0.0,17,0.52329,0,1,0,0
2511,0.0,0.0,0.0,10,0.5231,0,1,0,0
2512,0.0,0.0,0.0,20,0.52291,0,1,0,0
2513,0.0,0.0,0.0,35,0.5227200000000001,0,1,0,0
2514,0.0,0.0,0.0,9,0.5225299999999999,0,1,0,0
2515,0.0,0.0,0.0,15,0.52234,0,1,0,0
2516,1.0,1.0,0.0,20,0.52215,1,0,0,0
2517,1.0,1.0,0.0,27,0.52196,1,0,0,0
2518,0.0,0.0,0.0,33,0.5217700000000001,0,1,0,0
2519,0.0,0.0,0.0,14,0.5215799999999999,0,1,0,0
2520,1.0,1.0,0.0,21,0.52139,1,0,0,0
2521,1.0,1.0,0.0,29,0.5212,1,0,0,0
2522,0.0,0.0,0.0,18,0.52101,0,1,0,0
2523,0.0,0.0,0.0,13,0.5208200000000001,0,1,0,0
2524,1.0,1.0,0.0,35,0.5206299999999999,1,0,0,0
2525,1.0,1.0,0.0,47,0.52044,1,0,0,0
2526,0.0,0.0,0.0,33,0.5202500000000001,0,1,0,0
2527,0.0,0.0,0.0,42,0.52006,0,1,0,0
2528,0.0,0.0,0.0,15,0.51987,0,1,0,0
2529,0.0,0.0,0.0,15,0.5196799999999999,0,1,0,0
2530,0.0,0.0,0.0,9,0.51949,0,1,0,0
2531,0.0,0.0,0.0,11,0.5193000000000001,0,1,0,0
2532,1.0,1.0,0.0,27,0.51911,1,0,0,0
2533,1.0,1.0,0.0,23,0.51892,1,0,0,0
2534,0.0,0.0,0.0,41,0.5187299999999999,0,1,0,0
2535,0.0,0.0,0.0,24,0.51854,0,1,0,0
2536,1.0,1.0,0.0,29,0.5183500000000001,1,0,0,0
2537,0.0,0.0,0.0,11,0.5181600000000001,0,1,0,0
2538,0.0,0.0,0.0,12,0.51797,0,1,0,0
2539,0.0,0.0,0.0,17,0.5177799999999999,0,1,0,0
2540,0.0,0.0,0.0,16,0.51759,0,1,0,0
2541,1.0,1.0,0.0,63,0.5174000000000001,1,0,0,0
2542,0.0,0.0,0.0,9,0.5172100000000001,0,1,0,0
2543,0.0,0.0,0.0,19,0.51702,0,1,0,0
2544,0.0,0.0,0.0,26,0.5168299999999999,0,1,0,0
2545,0.0,0.0,0.0,17,0.51664,0,1,0,0
2546,0.0,0.0,0.0,46,0.5164500000000001,0,1,0,0
2547,0.0,0.0,0.0,37,0.51626,0,1,0,0
2548,0.0,0.0,0.0,22,0.51607,0,1,0,0
2549,1.0,1.0,0.0,27,0.5158799999999999,1,0,0,0
2550,0.0,0.0,0.0,26,0.51569,0,1,0,0
2551,0.0,0.0,0.0,12,0.5155000000000001,0,1,0,0
2552,0.0,0.0,0.0,24,0.51531,0,1,0,0
2553,0.0,0.0,0.0,14,0.51512,0,1,0,0
2554,0.0,0.0,0.0,15,0.51493,0,1,0,0
2555,0.0,0.0,0.0,33,0.51474,0,1,0,0
2556,1.0,1.0,0.0,38,0.5145500000000001,1,0,0,0
2557,0.0,0.0,0.0,20,0.51436,0,1,0,0
2558,0.0,0.0,0.0,18,0.51417,0,1,0,0
2559,1.0,1.0,0.0,19,0.51398,1,0,0,0
2560,1.0,1.0,0.0,23,0.51379,1,0,0,0
2561,1.0,1.0,0.0,21,0.5136000000000001,1,0,0,0
2562,1.0,1.0,0.0,21,0.51341,1,0,0,0
2563,0.0,0.0,0.0,11,0.51322,0,1,0,0
2564,1.0,1.0,0.0,31,0.5130300000000001,1,0,0,0
2565,1.0,1.0,0.0,21,0.51284,1,0,0,0
2566,1.0,1.0,0.0,44,0.51265,1,0,0,0
2567,0.0,0.0,0.0,24,0.51246,0,1,0,0
2568,0.0,0.0,0.0,17,0.51227,0,1,0,0
2569,0.0,0.0,0.0,14,0.5120800000000001,0,1,0,0
2570,1.0,1.0,0.0,26,0.51189,1,0,0,0
2571,1.0,1.0,0.0,31,0.5117,1,0,0,0
2572,0.0,0.0,0.0,11,0.51151,0,1,0,0
2573,0.0,0.0,0.0,32,0.51132,0,1,0,0
2574,0.0,0.0,0.0,43,0.5111300000000001,0,1,0,0
2575,1.0,1.0,0.0,30,0.51094,1,0,0,0
2576,1.0,1.0,0.0,22,0.51075,1,0,0,0
2577,0.0,0.0,0.0,20,0.51056,0,1,0,0
2578,0.0,0.0,0.0,27,0.51037,0,1,0,0
2579,1.0,1.0,0.0,28,0.5101800000000001,1,0,0,0
2580,1.0,1.0,0.0,31,0.5099899999999999,1,0,0,0
2581,0.0,0.0,0.0,20,0.5098,0,1,0,0
2582,0.0,0.0,0.0,13,0.50961,0,1,0,0
2583,0.0,0.0,0.0,22,0.50942,0,1,0,0
2584,1.0,1.0,0.0,82,0.5092300000000001,1,0,0,0
2585,0.0,0.0,0.0,20,0.5090399999999999,0,1,0,0
2586,1.0,1.0,0.0,27,0.50885,1,0,0,0
2587,0.0,0.0,0.0,10,0.5086600000000001,0,1,0,0
2588,0.0,0.0,0.0,19,0.50847,0,1,0,0
2589,1.0,1.0,0.0,25,0.5082800000000001,1,0,0,0
2590,0.0,0.0,0.0,16,0.5080899999999999,0,1,0,0
2591,0.0,0.0,0.0,33,0.5079,0,1,0,0
2592,0.0,0.0,0.0,11,0.5077100000000001,0,1,0,0
2593,0.0,0.0,0.0,17,0.50752,0,1,0,0
2594,0.0,0.0,0.0,25,0.5073300000000001,0,1,0,0
2595,0.0,0.0,0.0,21,0.5071399999999999,0,1,0,0
2596,0.0,0.0,0.0,14,0.50695,0,1,0,0
2597,0.0,0.0,0.0,9,0.5067600000000001,0,1,0,0
2598,1.0,1.0,0.0,35,0.5065700000000001,1,0,0,0
2599,0.0,0.0,0.0,12,0.50638,0,1,0,0
2600,0.0,0.0,0.0,23,0.5061899999999999,0,1,0,0
2601,0.0,0.0,0.0,14,0.506,0,1,0,0
2602,0.0,0.0,0.0,22,0.5058100000000001,0,1,0,0
2603,0.0,0.0,0.0,11,0.5056200000000001,0,1,0,0
2604,0.0,0.0,0.0,13,0.50543,0,1,0,0
2605,1.0,1.0,0.0,29,0.5052399999999999,1,0,0,0
2606,0.0,0.0,0.0,14,0.50505,0,1,0,0
2607,1.0,1.0,0.0,46,0.5048600000000001,1,0,0,0
2608,1.0,1.0,0.0,23,0.5046700000000001,1,0,0,0
2609,1.0,1.0,0.0,27,0.50448,1,0,0,0
2610,0.0,0.0,0.0,14,0.5042899999999999,0,1,0,0
2611,0.0,0.0,0.0,23,0.5041,0,1,0,0
2612,0.0,0.0,0.0,10,0.5039100000000001,0,1,0,0
2613,0.0,0.0,0.0,16,0.5037200000000001,0,1,0,0
2614,0.0,0.0,0.0,8,0.50353,0,1,0,0
2615,1.0,1.0,0.0,19,0.50334,1,0,0,0
2616,0.0,0.0,0.0,19,0.50315,0,1,0,0
2617,0.0,0.0,0.0,11,0.5029600000000001,0,1,0,0
2618,0.0,0.0,0.0,27,0.50277,0,1,0,0
2619,0.0,0.0,0.0,21,0.50258,0,1,0,0
2620,1.0,1.0,0.0,66,0.50239,1,0,0,0
2621,1.0,1.0,0.0,36,0.5022,1,0,0,0
2622,1.0,1.0,0.0,27,0.5020100000000001,1,0,0,0
2623,0.0,0.0,0.0,15,0.50182,0,1,0,0
2624,0.0,0.0,0.0,39,0.50163,0,1,0,0
2625,0.0,0.0,0.0,27,0.50144,0,1,0,0
2626,1.0,1.0,0.0,23,0.50125,1,0,0,0
2627,0.0,0.0,0.0,9,0.5010600000000001,0,1,0,0
2628,1.0,1.0,0.0,40,0.50087,1,0,0,0
2629,1.0,1.0,0.0,25,0.50068,1,0,0,0
2630,0.0,0.0,0.0,15,0.50049,0,1,0,0
2631,0.0,0.0,0.0,16,0.5003,0,1,0,0
2632,0.0,0.0,0.0,19,0.50011,0,1,0,0
2633,0.0,0.0,0.0,42,0.49992000000000003,0,1,0,0
2634,0.0,0.0,0.0,14,0.4997300000000001,0,1,0,0
2635,0.0,0.0,0.0,19,0.49954,0,1,0,0
2636,1.0,1.0,0.0,31,0.49934999999999996,1,0,0,0
2637,0.0,0.0,0.0,31,0.49916000000000005,0,1,0,0
2638,0.0,0.0,0.0,16,0.49897,0,1,0,0
2639,1.0,1.0,0.0,29,0.4987800000000001,1,0,0,0
2640,0.0,0.0,0.0,15,0.49859,0,1,0,0
2641,0.0,0.0,0.0,24,0.49839999999999995,0,1,0,0
2642,1.0,1.0,0.0,31,0.49821000000000004,1,0,0,0
2643,1.0,1.0,0.0,22,0.49802,1,0,0,0
2644,1.0,1.0,0.0,29,0.4978300000000001,1,0,0,0
2645,0.0,0.0,0.0,13,0.49763999999999997,0,1,0,0
2646,0.0,0.0,0.0,14,0.49744999999999995,0,1,0,0
2647,1.0,1.0,0.0,44,0.49726000000000004,1,0,0,0
2648,1.0,1.0,0.0,27,0.49707,1,0,0,0
2649,0.0,0.0,0.0,11,0.4968800000000001,0,1,0,0
2650,0.0,0.0,0.0,35,0.49668999999999996,0,1,0,0
2651,0.0,0.0,0.0,13,0.49650000000000005,0,1,0,0
2652,0.0,0.0,0.0,9,0.49631000000000003,0,1,0,0
2653,0.0,0.0,0.0,22,0.49612,0,1,0,0
2654,1.0,1.0,0.0,30,0.4959300000000001,1,0,0,0
2655,0.0,0.0,0.0,9,0.49573999999999996,0,1,0,0
2656,1.0,1.0,0.0,24,0.49555000000000005,1,0,0,0
2657,1.0,1.0,0.0,25,0.49536,1,0,0,0
2658,0.0,0.0,0.0,22,0.49517,0,1,0,0
2659,1.0,1.0,0.0,49,0.4949800000000001,1,0,0,0
2660,0.0,0.0,0.0,24,0.49478999999999995,0,1,0,0
2661,0.0,0.0,0.0,28,0.49460000000000004,0,1,0,0
2662,0.0,0.0,0.0,13,0.49441,0,1,0,0
2663,0.0,0.0,0.0,9,0.49422,0,1,0,0
2664,0.0,0.0,0.0,33,0.4940300000000001,0,1,0,0
2665,0.0,0.0,0.0,19,0.49383999999999995,0,1,0,0
2666,0.0,0.0,0.0,22,0.49365000000000003,0,1,0,0
2667,0.0,0.0,0.0,13,0.49346,0,1,0,0
2668,0.0,0.0,0.0,11,0.49327,0,1,0,0
2669,0.0,0.0,0.0,10,0.4930800000000001,0,1,0,0
2670,1.0,1.0,0.0,47,0.49288999999999994,1,0,0,0
2671,1.0,1.0,0.0,29,0.4927,1,0,0,0
2672,1.0,1.0,0.0,35,0.49251,1,0,0,0
2673,0.0,0.0,0.0,14,0.4923200000000001,0,1,0,0
2674,0.0,0.0,0.0,15,0.49213000000000007,0,1,0,0
2675,0.0,0.0,0.0,18,0.49193999999999993,0,1,0,0
2676,1.0,1.0,0.0,55,0.49175,1,0,0,0
2677,0.0,0.0,0.0,26,0.49156,0,1,0,0
2678,1.0,1.0,0.0,25,0.4913700000000001,1,0,0,0
2679,0.0,0.0,0.0,21,0.49118000000000006,0,1,0,0
2680,0.0,0.0,0.0,19,0.4909899999999999,0,1,0,0
2681,0.0,0.0,0.0,31,0.4908,0,1,0,0
2682,1.0,1.0,0.0,27,0.49061,1,0,0,0
2683,0.0,0.0,0.0,23,0.4904200000000001,0,1,0,0
2684,1.0,1.0,0.0,29,0.49023000000000005,1,0,0,0
2685,0.0,0.0,0.0,13,0.4900399999999999,0,1,0,0
2686,1.0,1.0,0.0,27,0.48985,1,0,0,0
2687,1.0,1.0,0.0,33,0.48966,1,0,0,0
2688,1.0,1.0,0.0,35,0.48947000000000007,1,0,0,0
2689,0.0,0.0,0.0,19,0.48928000000000005,0,1,0,0
2690,0.0,0.0,0.0,20,0.48909,0,1,0,0
2691,0.0,0.0,0.0,20,0.4889,0,1,0,0
2692,0.0,0.0,0.0,14,0.48871,0,1,0,0
2693,1.0,1.0,0.0,24,0.48852000000000007,1,0,0,0
2694,1.0,1.0,0.0,49,0.48833000000000004,1,0,0,0
2695,0.0,0.0,0.0,13,0.48814000000000013,0,1,0,0
2696,0.0,0.0,0.0,13,0.48795,0,1,0,0
2697,0.0,0.0,0.0,18,0.48775999999999997,0,1,0,0
2698,1.0,1.0,0.0,25,0.48757000000000006,1,0,0,0
2699,0.0,0.0,0.0,17,0.48738000000000004,0,1,0,0
2700,0.0,0.0,0.0,21,0.4871900000000001,0,1,0,0
2701,0.0,0.0,0.0,23,0.487,0,1,0,0
2702,0.0,0.0,0.0,10,0.48680999999999996,0,1,0,0
2703,0.0,0.0,0.0,20,0.48662000000000005,0,1,0,0
2704,0.0,0.0,0.0,27,0.48643000000000003,0,1,0,0
2705,0.0,0.0,0.0,20,0.4862400000000001,0,1,0,0
2706,0.0,0.0,0.0,23,0.48605,0,1,0,0
2707,0.0,0.0,0.0,28,0.48585999999999996,0,1,0,0
2708,0.0,0.0,0.0,11,0.48567000000000005,0,1,0,0
2709,0.0,0.0,0.0,32,0.48548,0,1,0,0
2710,0.0,0.0,0.0,10,0.4852900000000001,0,1,0,0
2711,0.0,0.0,0.0,20,0.4851,0,1,0,0
2712,0.0,0.0,0.0,19,0.48491000000000006,0,1,0,0
2713,0.0,0.0,0.0,12,0.48472000000000004,0,1,0,0
2714,0.0,0.0,0.0,15,0.48453,0,1,0,0
2715,1.0,1.0,0.0,32,0.4843400000000001,1,0,0,0
2716,1.0,1.0,0.0,22,0.48414999999999997,1,0,0,0
2717,1.0,1.0,0.0,39,0.48396000000000006,1,0,0,0
2718,0.0,0.0,0.0,15,0.48377000000000003,0,1,0,0
2719,1.0,1.0,0.0,41,0.48358,1,0,0,0
2720,0.0,0.0,0.0,10,0.4833900000000001,0,1,0,0
2721,0.0,0.0,0.0,16,0.48319999999999996,0,1,0,0
2722,0.0,0.0,0.0,21,0.48301000000000005,0,1,0,0
2723,0.0,0.0,0.0,22,0.48282,0,1,0,0
2724,1.0,1.0,0.0,35,0.48263,1,0,0,0
2725,1.0,1.0,0.0,36,0.4824400000000001,1,0,0,0
2726,1.0,1.0,0.0,25,0.48224999999999996,1,0,0,0
2727,0.0,0.0,0.0,15,0.48206000000000004,0,1,0,0
2728,0.0,0.0,0.0,19,0.48187,0,1,0,0
2729,0.0,0.0,0.0,14,0.48168,0,1,0,0
2730,0.0,0.0,0.0,20,0.4814900000000001,0,1,0,0
2731,0.0,0.0,0.0,12,0.48129999999999995,0,1,0,0
2732,1.0,1.0,0.0,22,0.48111000000000004,1,0,0,0
2733,1.0,1.0,0.0,29,0.48092,1,0,0,0
2734,0.0,0.0,0.0,26,0.4807300000000001,0,1,0,0
2735,1.0,1.0,0.0,52,0.4805400000000001,1,0,0,0
2736,0.0,0.0,0.0,21,0.48034999999999994,0,1,0,0
2737,0.0,0.0,0.0,11,0.48016000000000003,0,1,0,0
2738,1.0,1.0,0.0,26,0.47997,1,0,0,0
2739,1.0,1.0,0.0,17,0.4797800000000001,1,0,0,0
2740,0.0,0.0,0.0,19,0.47959000000000007,0,1,0,0
2741,0.0,0.0,0.0,19,0.47939999999999994,0,1,0,0
2742,0.0,0.0,0.0,24,0.47921,0,1,0,0
2743,0.0,0.0,0.0,24,0.47902,0,1,0,0
2744,0.0,0.0,0.0,16,0.4788300000000001,0,1,0,0
2745,1.0,1.0,0.0,31,0.47864000000000007,1,0,0,0
2746,1.0,1.0,0.0,21,0.47844999999999993,1,0,0,0
2747,0.0,0.0,0.0,11,0.47826,0,1,0,0
2748,0.0,0.0,0.0,14,0.47807,0,1,0,0
2749,0.0,0.0,0.0,13,0.4778800000000001,0,1,0,0
2750,0.0,0.0,0.0,21,0.47769000000000006,0,1,0,0
2751,0.0,0.0,0.0,19,0.47750000000000004,0,1,0,0
2752,1.0,1.0,0.0,33,0.47731,1,0,0,0
2753,0.0,0.0,0.0,21,0.47712,0,1,0,0
2754,0.0,0.0,0.0,9,0.4769300000000001,0,1,0,0
2755,1.0,1.0,0.0,28,0.47674000000000005,1,0,0,0
2756,1.0,1.0,0.0,31,0.47655000000000003,1,0,0,0
2757,0.0,0.0,0.0,13,0.47636,0,1,0,0
2758,0.0,0.0,0.0,15,0.47617,0,1,0,0
2759,0.0,0.0,0.0,26,0.47598000000000007,0,1,0,0
2760,1.0,1.0,0.0,17,0.47579000000000005,1,0,0,0
2761,1.0,1.0,0.0,29,0.4756,1,0,0,0
2762,0.0,0.0,0.0,28,0.47541,0,1,0,0
2763,0.0,0.0,0.0,11,0.47522,0,1,0,0
2764,0.0,0.0,0.0,23,0.47503000000000006,0,1,0,0
2765,0.0,0.0,0.0,25,0.47484000000000004,0,1,0,0
2766,0.0,0.0,0.0,11,0.47465,0,1,0,0
2767,1.0,1.0,0.0,30,0.47446,1,0,0,0
2768,1.0,1.0,0.0,28,0.47426999999999997,1,0,0,0
2769,0.0,0.0,0.0,30,0.47408000000000006,0,1,0,0
2770,0.0,0.0,0.0,23,0.47389000000000003,0,1,0,0
2771,0.0,0.0,0.0,15,0.4737,0,1,0,0
2772,0.0,0.0,0.0,13,0.47351,0,1,0,0
2773,0.0,0.0,0.0,13,0.4733200000000001,0,1,0,0
2774,1.0,1.0,0.0,41,0.47313000000000005,1,0,0,0
2775,0.0,0.0,0.0,9,0.47294,0,1,0,0
2776,1.0,1.0,0.0,37,0.47275,1,0,0,0
2777,0.0,0.0,0.0,24,0.47256,0,1,0,0
2778,0.0,0.0,0.0,11,0.47237000000000007,0,1,0,0
2779,1.0,1.0,0.0,31,0.47218000000000004,1,0,0,0
2780,1.0,1.0,0.0,19,0.47199,1,0,0,0
2781,0.0,0.0,0.0,20,0.4718,0,1,0,0
2782,0.0,0.0,0.0,10,0.47161,0,1,0,0
2783,0.0,0.0,0.0,21,0.47142000000000006,0,1,0,0
2784,0.0,0.0,0.0,16,0.47123000000000004,0,1,0,0
2785,0.0,0.0,0.0,11,0.47104,0,1,0,0
2786,1.0,1.0,0.0,35,0.47085,1,0,0,0
2787,0.0,0.0,0.0,31,0.47065999999999997,0,1,0,0
2788,1.0,1.0,0.0,20,0.47047000000000005,1,0,0,0
2789,0.0,0.0,0.0,13,0.47028000000000003,0,1,0,0
2790,0.0,0.0,0.0,18,0.47009,0,1,0,0
2791,1.0,1.0,0.0,21,0.4699,1,0,0,0
2792,1.0,1.0,0.0,30,0.46970999999999996,1,0,0,0
2793,0.0,0.0,0.0,9,0.46952000000000005,0,1,0,0
2794,0.0,0.0,0.0,18,0.46933,0,1,0,0
2795,0.0,0.0,0.0,15,0.4691400000000001,0,1,0,0
2796,0.0,0.0,0.0,7,0.46895,0,1,0,0
2797,1.0,1.0,0.0,19,0.46875999999999995,1,0,0,0
2798,1.0,1.0,0.0,23,0.46857000000000004,1,0,0,0
2799,0.0,0.0,0.0,12,0.46838,0,1,0,0
2800,1.0,1.0,0.0,33,0.4681900000000001,1,0,0,0
2801,0.0,0.0,0.0,10,0.46799999999999997,0,1,0,0
2802,1.0,1.0,0.0,23,0.46780999999999995,1,0,0,0
2803,0.0,0.0,0.0,25,0.46762000000000004,0,1,0,0
2804,0.0,0.0,0.0,27,0.46743,0,1,0,0
2805,1.0,1.0,0.0,41,0.4672400000000001,1,0,0,0
2806,1.0,1.0,0.0,35,0.46704999999999997,1,0,0,0
2807,1.0,1.0,0.0,17,0.46685999999999994,1,0,0,0
2808,0.0,0.0,0.0,15,0.46667000000000003,0,1,0,0
2809,0.0,0.0,0.0,22,0.46648,0,1,0,0
2810,0.0,0.0,0.0,13,0.4662900000000001,0,1,0,0
2811,0.0,0.0,0.0,26,0.46609999999999996,0,1,0,0
2812,0.0,0.0,0.0,11,0.46591000000000005,0,1,0,0
2813,0.0,0.0,0.0,23,0.46572,0,1,0,0
2814,0.0,0.0,0.0,31,0.46553,0,1,0,0
2815,0.0,0.0,0.0,25,0.4653400000000001,0,1,0,0
2816,1.0,1.0,0.0,25,0.46515000000000006,1,0,0,0
2817,1.0,1.0,0.0,43,0.46496000000000004,1,0,0,0
2818,0.0,0.0,0.0,19,0.46477,0,1,0,0
2819,1.0,1.0,0.0,35,0.46458,1,0,0,0
2820,0.0,0.0,0.0,17,0.4643900000000001,0,1,0,0
2821,0.0,0.0,0.0,14,0.46420000000000006,0,1,0,0
2822,1.0,1.0,0.0,21,0.46401000000000003,1,0,0,0
2823,0.0,0.0,0.0,20,0.46382,0,1,0,0
2824,1.0,1.0,0.0,35,0.46363,1,0,0,0
2825,0.0,0.0,0.0,11,0.4634400000000001,0,1,0,0
2826,0.0,0.0,0.0,16,0.46325000000000005,0,1,0,0
2827,0.0,0.0,0.0,20,0.46306,0,1,0,0
2828,0.0,0.0,0.0,25,0.46287,0,1,0,0
2829,0.0,0.0,0.0,17,0.46268,0,1,0,0
2830,0.0,0.0,0.0,11,0.46249000000000007,0,1,0,0
2831,1.0,1.0,0.0,35,0.46230000000000004,1,0,0,0
2832,0.0,0.0,0.0,35,0.46211,0,1,0,0
2833,1.0,1.0,0.0,19,0.46192,1,0,0,0
2834,0.0,0.0,0.0,12,0.4617300000000001,0,1,0,0
2835,0.0,0.0,0.0,14,0.46154000000000006,0,1,0,0
2836,1.0,1.0,0.0,27,0.46135000000000004,1,0,0,0
2837,1.0,1.0,0.0,37,0.46116,1,0,0,0
2838,1.0,1.0,0.0,24,0.46097,1,0,0,0
2839,0.0,0.0,0.0,24,0.4607800000000001,0,1,0,0
2840,0.0,0.0,0.0,21,0.46059000000000005,0,1,0,0
2841,0.0,0.0,0.0,20,0.46040000000000003,0,1,0,0
2842,1.0,1.0,0.0,19,0.46021,1,0,0,0
2843,1.0,1.0,0.0,17,0.46002,1,0,0,0
2844,0.0,0.0,0.0,17,0.45983000000000007,0,1,0,0
2845,0.0,0.0,0.0,27,0.45964000000000005,0,1,0,0
2846,0.0,0.0,0.0,19,0.45945,0,1,0,0
2847,1.0,1.0,0.0,24,0.45926,1,0,0,0
2848,0.0,0.0,0.0,21,0.45907,0,1,0,0
2849,1.0,1.0,0.0,17,0.45888000000000007,1,0,0,0
2850,0.0,0.0,0.0,11,0.45869000000000004,0,1,0,0
2851,1.0,1.0,0.0,32,0.4585,1,0,0,0
2852,0.0,0.0,0.0,13,0.45831,0,1,0,0
2853,0.0,0.0,0.0,27,0.45811999999999997,0,1,0,0
2854,1.0,1.0,0.0,30,0.45793000000000006,1,0,0,0
2855,0.0,0.0,0.0,7,0.45774000000000004,0,1,0,0
2856,0.0,0.0,0.0,10,0.4575500000000001,0,1,0,0
2857,0.0,0.0,0.0,31,0.45736,0,1,0,0
2858,0.0,0.0,0.0,8,0.45716999999999997,0,1,0,0
2859,0.0,0.0,0.0,13,0.45698000000000005,0,1,0,0
2860,0.0,0.0,0.0,12,0.45679000000000003,0,1,0,0
2861,1.0,1.0,0.0,30,0.4566000000000001,1,0,0,0
2862,0.0,0.0,0.0,17,0.45641,0,1,0,0
2863,0.0,0.0,0.0,13,0.45621999999999996,0,1,0,0
2864,0.0,0.0,0.0,14,0.45603000000000005,0,1,0,0
2865,1.0,1.0,0.0,30,0.45584,1,0,0,0
2866,0.0,0.0,0.0,11,0.4556500000000001,0,1,0,0
2867,1.0,1.0,0.0,31,0.45546,1,0,0,0
2868,1.0,1.0,0.0,21,0.45526999999999995,1,0,0,0
2869,0.0,0.0,0.0,25,0.45508000000000004,0,1,0,0
2870,0.0,0.0,0.0,21,0.45489,0,1,0,0
2871,0.0,0.0,0.0,26,0.4547000000000001,0,1,0,0
2872,0.0,0.0,0.0,31,0.45450999999999997,0,1,0,0
2873,0.0,0.0,0.0,21,0.45432000000000006,0,1,0,0
2874,0.0,0.0,0.0,12,0.45413000000000003,0,1,0,0
2875,1.0,1.0,0.0,23,0.45394,1,0,0,0
2876,1.0,1.0,0.0,19,0.4537500000000001,1,0,0,0
2877,1.0,1.0,0.0,25,0.45355999999999996,1,0,0,0
2878,0.0,0.0,0.0,13,0.45337000000000005,0,1,0,0
2879,1.0,1.0,0.0,47,0.45318,1,0,0,0
2880,0.0,0.0,0.0,19,0.45299,0,1,0,0
2881,0.0,0.0,0.0,15,0.4528000000000001,0,1,0,0
2882,1.0,1.0,0.0,22,0.45260999999999996,1,0,0,0
2883,0.0,0.0,0.0,15,0.45242000000000004,0,1,0,0
2884,1.0,1.0,0.0,15,0.45223,1,0,0,0
2885,0.0,0.0,0.0,9,0.45204,0,1,0,0
2886,1.0,1.0,0.0,17,0.4518500000000001,1,0,0,0
2887,0.0,0.0,0.0,11,0.45165999999999995,0,1,0,0
2888,0.0,0.0,0.0,19,0.45147000000000004,0,1,0,0
2889,0.0,0.0,0.0,33,0.45128,0,1,0,0
2890,0.0,0.0,0.0,21,0.45109,0,1,0,0
2891,0.0,0.0,0.0,21,0.4509000000000001,0,1,0,0
2892,0.0,0.0,0.0,21,0.45070999999999994,0,1,0,0
2893,1.0,1.0,0.0,23,0.45052000000000003,1,0,0,0
2894,1.0,1.0,0.0,35,0.45033,1,0,0,0
2895,0.0,0.0,0.0,22,0.4501400000000001,0,1,0,0
2896,0.0,0.0,0.0,14,0.44995000000000007,0,1,0,0
2897,0.0,0.0,0.0,14,0.44975999999999994,0,1,0,0
2898,1.0,1.0,0.0,28,0.44957,1,0,0,0
2899,1.0,1.0,0.0,30,0.44938,1,0,0,0
2900,1.0,1.0,0.0,19,0.4491900000000001,1,0,0,0
2901,1.0,1.0,0.0,25,0.44900000000000007,1,0,0,0
2902,1.0,1.0,0.0,27,0.44880999999999993,1,0,0,0
2903,0.0,0.0,0.0,24,0.44862,0,1,0,0
2904,1.0,1.0,0.0,23,0.44843,1,0,0,0
2905,0.0,0.0,0.0,26,0.4482400000000001,0,1,0,0
2906,0.0,0.0,0.0,17,0.44805000000000006,0,1,0,0
2907,0.0,0.0,0.0,14,0.4478599999999999,0,1,0,0
2908,1.0,1.0,0.0,27,0.44767,1,0,0,0
2909,0.0,0.0,0.0,13,0.44748,0,1,0,0
2910,1.0,1.0,0.0,27,0.4472900000000001,1,0,0,0
2911,0.0,0.0,0.0,36,0.44710000000000005,0,1,0,0
2912,1.0,1.0,0.0,23,0.44691000000000003,1,0,0,0
2913,0.0,0.0,0.0,12,0.44672,0,1,0,0
2914,1.0,1.0,0.0,24,0.44653,1,0,0,0
2915,0.0,0.0,0.0,23,0.44634000000000007,0,1,0,0
2916,0.0,0.0,0.0,17,0.44615000000000005,0,1,0,0
2917,0.0,0.0,0.0,33,0.44596,0,1,0,0
2918,0.0,0.0,0.0,33,0.44577,0,1,0,0
2919,1.0,1.0,0.0,26,0.44558,1,0,0,0
2920,0.0,0.0,0.0,19,0.44539000000000006,0,1,0,0
2921,0.0,0.0,0.0,20,0.44520000000000004,0,1,0,0
2922,0.0,0.0,0.0,28,0.44501,0,1,0,0
2923,0.0,0.0,0.0,20,0.44482,0,1,0,0
2924,0.0,0.0,0.0,13,0.44462999999999997,0,1,0,0
2925,0.0,0.0,0.0,14,0.44444000000000006,0,1,0,0
2926,0.0,0.0,0.0,25,0.44425000000000003,0,1,0,0
2927,0.0,0.0,0.0,20,0.44406,0,1,0,0
2928,0.0,0.0,0.0,15,0.44387,0,1,0,0
2929,1.0,1.0,0.0,27,0.44367999999999996,1,0,0,0
2930,0.0,0.0,0.0,11,0.44349000000000005,0,1,0,0
2931,0.0,0.0,0.0,11,0.4433,0,1,0,0
2932,1.0,1.0,0.0,42,0.44311,1,0,0,0
2933,0.0,0.0,0.0,25,0.44292,0,1,0,0
2934,0.0,0.0,0.0,29,0.44273000000000007,0,1,0,0
2935,1.0,1.0,0.0,33,0.44254000000000004,1,0,0,0
2936,0.0,0.0,0.0,24,0.44235,0,1,0,0
2937,1.0,1.0,0.0,29,0.44216,1,0,0,0
2938,0.0,0.0,0.0,23,0.44197,0,1,0,0
2939,1.0,1.0,0.0,27,0.44178000000000006,1,0,0,0
2940,1.0,1.0,0.0,26,0.44159000000000004,1,0,0,0
2941,0.0,0.0,0.0,11,0.4414,0,1,0,0
2942,0.0,0.0,0.0,25,0.4412100000000001,0,1,0,0
2943,0.0,0.0,0.0,7,0.44101999999999997,0,1,0,0
2944,0.0,0.0,0.0,21,0.44083000000000006,0,1,0,0
2945,0.0,0.0,0.0,48,0.44064000000000003,0,1,0,0
2946,0.0,0.0,0.0,20,0.44045,0,1,0,0
2947,1.0,1.0,0.0,34,0.4402600000000001,1,0,0,0
2948,0.0,0.0,0.0,17,0.44006999999999996,0,1,0,0
2949,1.0,1.0,0.0,26,0.43988000000000005,1,0,0,0
2950,0.0,0.0,0.0,9,0.43969,0,1,0,0
2951,1.0,1.0,0.0,27,0.4395,1,0,0,0
2952,0.0,0.0,0.0,30,0.4393100000000001,0,1,0,0
2953,0.0,0.0,0.0,23,0.43911999999999995,0,1,0,0
2954,1.0,1.0,0.0,28,0.43893000000000004,1,0,0,0
2955,0.0,0.0,0.0,16,0.43874,0,1,0,0
2956,0.0,0.0,0.0,8,0.4385500000000001,0,1,0,0
2957,0.0,0.0,0.0,34,0.4383600000000001,0,1,0,0
2958,1.0,1.0,0.0,23,0.43816999999999995,1,0,0,0
2959,0.0,0.0,0.0,17,0.43798000000000004,0,1,0,0
2960,1.0,1.0,0.0,21,0.43779,1,0,0,0
2961,0.0,0.0,0.0,25,0.4376000000000001,0,1,0,0
2962,1.0,1.0,0.0,29,0.4374100000000001,1,0,0,0
2963,0.0,0.0,0.0,13,0.43721999999999994,0,1,0,0
2964,0.0,0.0,0.0,13,0.43703000000000003,0,1,0,0
2965,0.0,0.0,0.0,14,0.43684,0,1,0,0
2966,0.0,0.0,0.0,7,0.4366500000000001,0,1,0,0
2967,0.0,0.0,0.0,9,0.43646000000000007,0,1,0,0
2968,0.0,0.0,0.0,11,0.43626999999999994,0,1,0,0
2969,1.0,1.0,0.0,41,0.43608,1,0,0,0
2970,1.0,1.0,0.0,27,0.43589,1,0,0,0
2971,1.0,1.0,0.0,21,0.4357000000000001,1,0,0,0
2972,0.0,0.0,0.0,25,0.43551000000000006,0,1,0,0
2973,0.0,0.0,0.0,23,0.43532000000000004,0,1,0,0
2974,0.0,0.0,0.0,17,0.43513,0,1,0,0
2975,1.0,1.0,0.0,23,0.43494,1,0,0,0
2976,1.0,1.0,0.0,22,0.4347500000000001,1,0,0,0
2977,1.0,1.0,0.0,31,0.43456000000000006,1,0,0,0
2978,0.0,0.0,0.0,15,0.43437000000000003,0,1,0,0
2979,0.0,0.0,0.0,9,0.43418,0,1,0,0
2980,1.0,1.0,0.0,22,0.43399,1,0,0,0
2981,0.0,0.0,0.0,21,0.4338000000000001,0,1,0,0
2982,1.0,1.0,0.0,35,0.43361000000000005,1,0,0,0
2983,1.0,1.0,0.0,41,0.43342,1,0,0,0
2984,1.0,1.0,0.0,25,0.43323,1,0,0,0
2985,0.0,0.0,0.0,36,0.43304,0,1,0,0
2986,0.0,0.0,0.0,9,0.43285000000000007,0,1,0,0
2987,0.0,0.0,0.0,16,0.43266000000000004,0,1,0,0
2988,0.0,0.0,0.0,14,0.43247,0,1,0,0
2989,0.0,0.0,0.0,14,0.43228,0,1,0,0
2990,0.0,0.0,0.0,19,0.43209,0,1,0,0
2991,1.0,1.0,0.0,31,0.43190000000000006,1,0,0,0
2992,1.0,1.0,0.0,26,0.43171000000000004,1,0,0,0
2993,1.0,1.0,0.0,34,0.43152,1,0,0,0
2994,1.0,1.0,0.0,22,0.43133,1,0,0,0
2995,1.0,1.0,0.0,23,0.4311400000000001,1,0,0,0
2996,0.0,0.0,0.0,35,0.43095000000000006,0,1,0,0
2997,1.0,1.0,0.0,24,0.43076000000000003,1,0,0,0
2998,0.0,0.0,0.0,30,0.43057,0,1,0,0
2999,0.0,0.0,0.0,40,0.43038,0,1,0,0
3000,0.0,0.0,0.0,16,0.4301900000000001,0,1,0,0
3001,0.0,0.0,0.0,22,0.43000000000000005,0,1,0,0
3002,1.0,1.0,0.0,27,0.42981,1,0,0,0
3003,0.0,0.0,0.0,10,0.42962,0,1,0,0
3004,1.0,1.0,0.0,15,0.42943,1,0,0,0
3005,0.0,0.0,0.0,21,0.42924000000000007,0,1,0,0
3006,1.0,1.0,0.0,27,0.42905000000000004,1,0,0,0
3007,0.0,0.0,0.0,9,0.42886,0,1,0,0
3008,1.0,1.0,0.0,23,0.42867,1,0,0,0
3009,0.0,0.0,0.0,21,0.42847999999999997,0,1,0,0
3010,0.0,0.0,0.0,12,0.42829000000000006,0,1,0,0
3011,1.0,1.0,0.0,23,0.42810000000000004,1,0,0,0
3012,0.0,0.0,0.0,16,0.42791,0,1,0,0
3013,0.0,0.0,0.0,8,0.42772,0,1,0,0
3014,1.0,1.0,0.0,19,0.42752999999999997,1,0,0,0
3015,1.0,1.0,0.0,19,0.42734000000000005,1,0,0,0
3016,0.0,0.0,0.0,19,0.42715000000000003,0,1,0,0
3017,1.0,1.0,0.0,27,0.4269600000000001,1,0,0,0
3018,0.0,0.0,0.0,11,0.42677,0,1,0,0
3019,0.0,0.0,0.0,23,0.42657999999999996,0,1,0,0
3020,0.0,0.0,0.0,25,0.42639000000000005,0,1,0,0
3021,0.0,0.0,0.0,23,0.4262,0,1,0,0
3022,0.0,0.0,0.0,17,0.4260100000000001,0,1,0,0
3023,0.0,0.0,0.0,17,0.42582,0,1,0,0
3024,0.0,0.0,0.0,14,0.42562999999999995,0,1,0,0
3025,1.0,1.0,0.0,21,0.42544000000000004,1,0,0,0
3026,0.0,0.0,0.0,30,0.42525,0,1,0,0
3027,1.0,1.0,0.0,30,0.4250600000000001,1,0,0,0
3028,1.0,1.0,0.0,28,0.42486999999999997,1,0,0,0
3029,0.0,0.0,0.0,15,0.42467999999999995,0,1,0,0
3030,1.0,1.0,0.0,31,0.42449000000000003,1,0,0,0
3031,0.0,0.0,0.0,12,0.4243,0,1,0,0
3032,0.0,0.0,0.0,14,0.4241100000000001,0,1,0,0
3033,1.0,1.0,0.0,25,0.42391999999999996,1,0,0,0
3034,1.0,1.0,0.0,30,0.42373000000000005,1,0,0,0
3035,1.0,1.0,0.0,24,0.42354,1,0,0,0
3036,1.0,1.0,0.0,15,0.42335,1,0,0,0
3037,0.0,0.0,0.0,12,0.4231600000000001,0,1,0,0
3038,1.0,1.0,0.0,25,0.42296999999999996,1,0,0,0
3039,1.0,1.0,0.0,25,0.42278000000000004,1,0,0,0
3040,0.0,0.0,0.0,11,0.42259,0,1,0,0
3041,1.0,1.0,0.0,27,0.4224,1,0,0,0
3042,1.0,1.0,0.0,19,0.4222100000000001,1,0,0,0
3043,0.0,0.0,0.0,34,0.42201999999999995,0,1,0,0
3044,0.0,0.0,0.0,18,0.42183000000000004,0,1,0,0
3045,1.0,1.0,0.0,31,0.42164,1,0,0,0
3046,0.0,0.0,0.0,25,0.42145,0,1,0,0
3047,0.0,0.0,0.0,13,0.4212600000000001,0,1,0,0
3048,0.0,0.0,0.0,9,0.42106999999999994,0,1,0,0
3049,1.0,1.0,0.0,19,0.42088000000000003,1,0,0,0
3050,0.0,0.0,0.0,19,0.42069,0,1,0,0
3051,0.0,0.0,0.0,12,0.4205,0,1,0,0
3052,1.0,1.0,0.0,25,0.4203100000000001,1,0,0,0
3053,0.0,0.0,0.0,17,0.42011999999999994,0,1,0,0
3054,1.0,1.0,0.0,19,0.41993,1,0,0,0
3055,0.0,0.0,0.0,19,0.41974,0,1,0,0
3056,1.0,1.0,0.0,19,0.4195500000000001,1,0,0,0
3057,0.0,0.0,0.0,21,0.41936000000000007,0,1,0,0
3058,0.0,0.0,0.0,30,0.41916999999999993,0,1,0,0
3059,0.0,0.0,0.0,9,0.41898,0,1,0,0
3060,0.0,0.0,0.0,15,0.41879,0,1,0,0
3061,0.0,0.0,0.0,20,0.4186000000000001,0,1,0,0
3062,0.0,0.0,0.0,18,0.41841000000000006,0,1,0,0
3063,0.0,0.0,0.0,20,0.4182199999999999,0,1,0,0
3064,1.0,1.0,0.0,21,0.41803,1,0,0,0
3065,0.0,0.0,0.0,21,0.41784,0,1,0,0
3066,1.0,1.0,0.0,33,0.4176500000000001,1,0,0,0
3067,1.0,1.0,0.0,21,0.41746000000000005,1,0,0,0
3068,0.0,0.0,0.0,29,0.41727000000000003,0,1,0,0
3069,1.0,1.0,0.0,21,0.41708,1,0,0,0
3070,1.0,1.0,0.0,35,0.41689,1,0,0,0
3071,0.0,0.0,0.0,13,0.41670000000000007,0,1,0,0
3072,0.0,0.0,0.0,13,0.41651000000000005,0,1,0,0
3073,0.0,0.0,0.0,23,0.41632,0,1,0,0
3074,0.0,0.0,0.0,14,0.41613,0,1,0,0
3075,0.0,0.0,0.0,11,0.41594,0,1,0,0
3076,0.0,0.0,0.0,12,0.41575000000000006,0,1,0,0
3077,1.0,1.0,0.0,32,0.41556000000000004,1,0,0,0
3078,0.0,0.0,0.0,18,0.41537000000000013,0,1,0,0
3079,0.0,0.0,0.0,27,0.41518,0,1,0,0
3080,0.0,0.0,0.0,16,0.41498999999999997,0,1,0,0
3081,1.0,1.0,0.0,27,0.41480000000000006,1,0,0,0
3082,1.0,1.0,0.0,24,0.41461000000000003,1,0,0,0
3083,1.0,1.0,0.0,19,0.4144200000000001,1,0,0,0
3084,1.0,1.0,0.0,32,0.41423,1,0,0,0
3085,1.0,1.0,0.0,21,0.41403999999999996,1,0,0,0
3086,1.0,1.0,0.0,21,0.41385000000000005,1,0,0,0
3087,1.0,1.0,0.0,17,0.41366,1,0,0,0
3088,1.0,1.0,0.0,27,0.4134700000000001,1,0,0,0
3089,1.0,1.0,0.0,26,0.41328,1,0,0,0
3090,1.0,1.0,0.0,19,0.41308999999999996,1,0,0,0
3091,0.0,0.0,0.0,14,0.41290000000000004,0,1,0,0
3092,0.0,0.0,0.0,20,0.41271,0,1,0,0
3093,0.0,0.0,0.0,13,0.4125200000000001,0,1,0,0
3094,1.0,1.0,0.0,21,0.41233,1,0,0,0
3095,1.0,1.0,0.0,19,0.41214000000000006,1,0,0,0
3096,1.0,1.0,0.0,19,0.41195000000000004,1,0,0,0
3097,0.0,0.0,0.0,12,0.41176,0,1,0,0
3098,1.0,1.0,0.0,19,0.4115700000000001,1,0,0,0
3099,0.0,0.0,0.0,35,0.41137999999999997,0,1,0,0
3100,1.0,1.0,0.0,29,0.41119000000000006,1,0,0,0
3101,1.0,1.0,0.0,21,0.41100000000000003,1,0,0,0
3102,0.0,0.0,0.0,18,0.41081,0,1,0,0
3103,1.0,1.0,0.0,19,0.4106200000000001,1,0,0,0
3104,0.0,0.0,0.0,22,0.41042999999999996,0,1,0,0
3105,1.0,1.0,0.0,25,0.41024000000000005,1,0,0,0
3106,0.0,0.0,0.0,26,0.41005,0,1,0,0
3107,0.0,0.0,0.0,14,0.40986,0,1,0,0
3108,0.0,0.0,0.0,13,0.4096700000000001,0,1,0,0
3109,1.0,1.0,0.0,28,0.40947999999999996,1,0,0,0
3110,0.0,0.0,0.0,11,0.40929000000000004,0,1,0,0
3111,1.0,1.0,0.0,36,0.4091,1,0,0,0
3112,0.0,0.0,0.0,25,0.40891,0,1,0,0
3113,0.0,0.0,0.0,12,0.4087200000000001,0,1,0,0
3114,1.0,1.0,0.0,25,0.40852999999999995,1,0,0,0
3115,0.0,0.0,0.0,26,0.40834000000000004,0,1,0,0
3116,0.0,0.0,0.0,23,0.40815,0,1,0,0
3117,0.0,0.0,0.0,9,0.4079600000000001,0,1,0,0
3118,0.0,0.0,0.0,16,0.4077700000000001,0,1,0,0
3119,1.0,1.0,0.0,23,0.40757999999999994,1,0,0,0
3120,0.0,0.0,0.0,23,0.40739000000000003,0,1,0,0
3121,1.0,1.0,0.0,27,0.4072,1,0,0,0
3122,0.0,0.0,0.0,17,0.4070100000000001,0,1,0,0
3123,0.0,0.0,0.0,11,0.40682000000000007,0,1,0,0
3124,0.0,0.0,0.0,23,0.40662999999999994,0,1,0,0
3125,1.0,1.0,0.0,34,0.40644,1,0,0,0
3126,0.0,0.0,0.0,16,0.40625,0,1,0,0
3127,0.0,0.0,0.0,8,0.4060600000000001,0,1,0,0
3128,1.0,1.0,0.0,25,0.40587000000000006,1,0,0,0
3129,0.0,0.0,0.0,14,0.40568000000000004,0,1,0,0
3130,0.0,0.0,0.0,15,0.40549,0,1,0,0
3131,0.0,0.0,0.0,10,0.4053,0,1,0,0
3132,0.0,0.0,0.0,19,0.4051100000000001,0,1,0,0
3133,1.0,1.0,0.0,32,0.40492000000000006,1,0,0,0
3134,0.0,0.0,0.0,21,0.40473000000000003,0,1,0,0
3135,0.0,0.0,0.0,13,0.40454,0,1,0,0
3136,0.0,0.0,0.0,17,0.40435,0,1,0,0
3137,0.0,0.0,0.0,24,0.4041600000000001,0,1,0,0
3138,1.0,1.0,0.0,19,0.40397000000000005,1,0,0,0
3139,1.0,1.0,0.0,21,0.40378000000000003,1,0,0,0
3140,1.0,1.0,0.0,23,0.40359,1,0,0,0
3141,0.0,0.0,0.0,36,0.4034,0,1,0,0
3142,0.0,0.0,0.0,15,0.40321000000000007,0,1,0,0
3143,1.0,1.0,0.0,25,0.40302000000000004,1,0,0,0
3144,1.0,1.0,0.0,32,0.40283,1,0,0,0
3145,0.0,0.0,0.0,21,0.40264,0,1,0,0
3146,1.0,1.0,0.0,32,0.40245,1,0,0,0
3147,1.0,1.0,0.0,27,0.40226000000000006,1,0,0,0
3148,0.0,0.0,0.0,25,0.40207000000000004,0,1,0,0
3149,1.0,1.0,0.0,25,0.40188,1,0,0,0
3150,0.0,0.0,0.0,15,0.40169,0,1,0,0
3151,1.0,1.0,0.0,25,0.4015000000000001,1,0,0,0
3152,0.0,0.0,0.0,34,0.40131000000000006,0,1,0,0
3153,1.0,1.0,0.0,25,0.40112000000000003,1,0,0,0
3154,1.0,1.0,0.0,15,0.40093,1,0,0,0
3155,0.0,0.0,0.0,16,0.40074,0,1,0,0
3156,1.0,1.0,0.0,33,0.4005500000000001,1,0,0,0
3157,1.0,1.0,0.0,21,0.40036000000000005,1,0,0,0
3158,1.0,1.0,0.0,32,0.40017,1,0,0,0
3159,1.0,1.0,0.0,23,0.39998,1,0,0,0
3160,0.0,0.0,0.0,22,0.39979,0,1,0,0
3161,1.0,1.0,0.0,17,0.39960000000000007,1,0,0,0
3162,1.0,1.0,0.0,29,0.39941000000000004,1,0,0,0
3163,0.0,0.0,0.0,21,0.39922,0,1,0,0
3164,1.0,1.0,0.0,19,0.39903,1,0,0,0
3165,0.0,0.0,0.0,29,0.39884,0,1,0,0
3166,0.0,0.0,0.0,17,0.39865000000000006,0,1,0,0
3167,0.0,0.0,0.0,9,0.39846000000000004,0,1,0,0
3168,0.0,0.0,0.0,20,0.39827,0,1,0,0
3169,0.0,0.0,0.0,11,0.39808,0,1,0,0
3170,1.0,1.0,0.0,25,0.39788999999999997,1,0,0,0
3171,1.0,1.0,0.0,25,0.39770000000000005,1,0,0,0
3172,1.0,1.0,0.0,17,0.39751000000000003,1,0,0,0
3173,1.0,1.0,0.0,15,0.3973200000000001,1,0,0,0
3174,0.0,0.0,0.0,12,0.39713,0,1,0,0
3175,0.0,0.0,0.0,23,0.39693999999999996,0,1,0,0
3176,0.0,0.0,0.0,22,0.39675000000000005,0,1,0,0
3177,1.0,1.0,0.0,17,0.39656,1,0,0,0
3178,0.0,0.0,0.0,12,0.3963700000000001,0,1,0,0
3179,0.0,0.0,0.0,12,0.39618,0,1,0,0
3180,0.0,0.0,0.0,24,0.39598999999999995,0,1,0,0
3181,1.0,1.0,0.0,19,0.39580000000000004,1,0,0,0
3182,0.0,0.0,0.0,19,0.39561,0,1,0,0
3183,1.0,1.0,0.0,17,0.3954200000000001,1,0,0,0
3184,0.0,0.0,0.0,17,0.39522999999999997,0,1,0,0
3185,0.0,0.0,0.0,13,0.39503999999999995,0,1,0,0
3186,1.0,1.0,0.0,21,0.39485000000000003,1,0,0,0
3187,0.0,0.0,0.0,15,0.39466,0,1,0,0
3188,0.0,0.0,0.0,14,0.3944700000000001,0,1,0,0
3189,0.0,0.0,0.0,15,0.3942800000000001,0,1,0,0
3190,1.0,1.0,0.0,19,0.39409000000000005,1,0,0,0
3191,0.0,0.0,0.0,17,0.39390000000000003,0,1,0,0
3192,1.0,1.0,0.0,19,0.39371,1,0,0,0
3193,0.0,0.0,0.0,9,0.3935200000000001,0,1,0,0
3194,0.0,0.0,0.0,55,0.39333000000000007,0,1,0,0
3195,0.0,0.0,0.0,13,0.39314000000000004,0,1,0,0
3196,0.0,0.0,0.0,10,0.39295,0,1,0,0
3197,0.0,0.0,0.0,16,0.39276,0,1,0,0
3198,1.0,1.0,0.0,29,0.3925700000000001,1,0,0,0
3199,0.0,0.0,0.0,9,0.39238000000000006,0,1,0,0
3200,1.0,1.0,0.0,29,0.39219000000000004,1,0,0,0
3201,1.0,1.0,0.0,25,0.392,1,0,0,0
3202,0.0,0.0,0.0,18,0.39181,0,1,0,0
3203,0.0,0.0,0.0,21,0.3916200000000001,0,1,0,0
3204,0.0,0.0,0.0,13,0.39143000000000006,0,1,0,0
3205,1.0,1.0,0.0,17,0.39124000000000003,1,0,0,0
3206,0.0,0.0,0.0,23,0.39105,0,1,0,0
3207,0.0,0.0,0.0,9,0.39086,0,1,0,0
3208,0.0,0.0,0.0,7,0.3906700000000001,0,1,0,0
3209,0.0,0.0,0.0,13,0.39048000000000005,0,1,0,0
3210,0.0,0.0,0.0,14,0.39029,0,1,0,0
3211,0.0,0.0,0.0,10,0.3901,0,1,0,0
3212,0.0,0.0,0.0,11,0.3899100000000001,0,1,0,0
3213,1.0,1.0,0.0,23,0.38972000000000007,1,0,0,0
3214,1.0,1.0,0.0,21,0.38953000000000004,1,0,0,0
3215,1.0,1.0,0.0,25,0.38934,1,0,0,0
3216,0.0,0.0,0.0,23,0.38915,0,1,0,0
3217,1.0,1.0,0.0,24,0.3889600000000001,1,0,0,0
3218,0.0,0.0,0.0,17,0.38877000000000006,0,1,0,0
3219,1.0,1.0,0.0,23,0.38858000000000004,1,0,0,0
3220,0.0,0.0,0.0,23,0.38839,0,1,0,0
3221,0.0,0.0,0.0,16,0.3882,0,1,0,0
3222,1.0,1.0,0.0,15,0.3880100000000001,1,0,0,0
3223,1.0,1.0,0.0,32,0.38782000000000005,1,0,0,0
3224,0.0,0.0,0.0,14,0.38763000000000003,0,1,0,0
3225,0.0,0.0,0.0,12,0.38744,0,1,0,0
3226,0.0,0.0,0.0,17,0.38725,0,1,0,0
3227,0.0,0.0,0.0,14,0.38706000000000007,0,1,0,0
3228,1.0,1.0,0.0,29,0.38687000000000005,1,0,0,0
3229,0.0,0.0,0.0,9,0.38668,0,1,0,0
3230,0.0,0.0,0.0,15,0.38649,0,1,0,0
3231,0.0,0.0,0.0,21,0.3863,0,1,0,0
3232,0.0,0.0,0.0,15,0.38611000000000006,0,1,0,0
3233,1.0,1.0,0.0,34,0.38592000000000004,1,0,0,0
3234,0.0,0.0,0.0,19,0.38573000000000013,0,1,0,0
3235,1.0,1.0,0.0,25,0.38554,1,0,0,0
3236,1.0,1.0,0.0,28,0.38534999999999997,1,0,0,0
3237,0.0,0.0,0.0,16,0.38516000000000006,0,1,0,0
3238,0.0,0.0,0.0,13,0.38497000000000003,0,1,0,0
3239,0.0,0.0,0.0,13,0.3847800000000001,0,1,0,0
3240,0.0,0.0,0.0,15,0.38459,0,1,0,0
3241,0.0,0.0,0.0,14,0.38439999999999996,0,1,0,0
3242,1.0,1.0,0.0,24,0.38421000000000005,1,0,0,0
3243,1.0,1.0,0.0,23,0.38402000000000003,1,0,0,0
3244,0.0,0.0,0.0,17,0.3838300000000001,0,1,0,0
3245,1.0,1.0,0.0,25,0.38364,1,0,0,0
3246,0.0,0.0,0.0,25,0.38344999999999996,0,1,0,0
3247,0.0,0.0,0.0,18,0.38326000000000005,0,1,0,0
3248,0.0,0.0,0.0,24,0.38307,0,1,0,0
3249,0.0,0.0,0.0,16,0.3828800000000001,0,1,0,0
3250,1.0,1.0,0.0,21,0.38269,1,0,0,0
3251,0.0,0.0,0.0,13,0.38250000000000006,0,1,0,0
3252,0.0,0.0,0.0,10,0.38231000000000004,0,1,0,0
3253,0.0,0.0,0.0,12,0.38212,0,1,0,0
3254,0.0,0.0,0.0,16,0.3819300000000001,0,1,0,0
3255,1.0,1.0,0.0,21,0.38173999999999997,1,0,0,0
3256,1.0,1.0,0.0,34,0.38155000000000006,1,0,0,0
3257,0.0,0.0,0.0,21,0.38136000000000003,0,1,0,0
3258,0.0,0.0,0.0,19,0.38117,0,1,0,0
3259,1.0,1.0,0.0,19,0.3809800000000001,1,0,0,0
3260,1.0,1.0,0.0,33,0.38078999999999996,1,0,0,0
3261,1.0,1.0,0.0,23,0.38060000000000005,1,0,0,0
3262,1.0,1.0,0.0,18,0.38041,1,0,0,0
3263,0.0,0.0,0.0,14,0.38022,0,1,0,0
3264,1.0,1.0,0.0,21,0.3800300000000001,1,0,0,0
3265,0.0,0.0,0.0,19,0.37983999999999996,0,1,0,0
3266,0.0,0.0,0.0,14,0.37965000000000004,0,1,0,0
3267,0.0,0.0,0.0,14,0.37946,0,1,0,0
3268,1.0,1.0,0.0,27,0.37927,1,0,0,0
3269,1.0,1.0,0.0,27,0.3790800000000001,1,0,0,0
3270,0.0,0.0,0.0,27,0.37888999999999995,0,1,0,0
3271,0.0,0.0,0.0,13,0.37870000000000004,0,1,0,0
3272,1.0,1.0,0.0,23,0.37851,1,0,0,0
3273,1.0,1.0,0.0,21,0.3783200000000001,1,0,0,0
3274,1.0,1.0,0.0,23,0.3781300000000001,1,0,0,0
3275,0.0,0.0,0.0,14,0.37793999999999994,0,1,0,0
3276,0.0,0.0,0.0,19,0.37775000000000003,0,1,0,0
3277,0.0,0.0,0.0,9,0.37756,0,1,0,0
3278,1.0,1.0,0.0,27,0.3773700000000001,1,0,0,0
3279,0.0,0.0,0.0,17,0.37718000000000007,0,1,0,0
3280,0.0,0.0,0.0,32,0.37698999999999994,0,1,0,0
3281,0.0,0.0,0.0,21,0.3768,0,1,0,0
3282,0.0,0.0,0.0,10,0.37661,0,1,0,0
3283,1.0,1.0,0.0,27,0.3764200000000001,1,0,0,0
3284,0.0,0.0,0.0,18,0.37623000000000006,0,1,0,0
3285,1.0,1.0,0.0,19,0.37603999999999993,1,0,0,0
3286,0.0,0.0,0.0,12,0.37585,0,1,0,0
3287,0.0,0.0,0.0,20,0.37566,0,1,0,0
3288,1.0,1.0,0.0,23,0.3754700000000001,1,0,0,0
3289,0.0,0.0,0.0,12,0.37528000000000006,0,1,0,0
3290,0.0,0.0,0.0,14,0.37509000000000003,0,1,0,0
3291,0.0,0.0,0.0,17,0.3749,0,1,0,0
3292,1.0,1.0,0.0,21,0.37471,1,0,0,0
3293,1.0,1.0,0.0,23,0.3745200000000001,1,0,0,0
3294,1.0,1.0,0.0,31,0.37433000000000005,1,0,0,0
3295,0.0,0.0,0.0,21,0.37414000000000003,0,1,0,0
3296,0.0,0.0,0.0,11,0.37395,0,1,0,0
3297,1.0,1.0,0.0,37,0.37376,1,0,0,0
3298,0.0,0.0,0.0,8,0.37357000000000007,0,1,0,0
3299,1.0,1.0,0.0,24,0.37338000000000005,1,0,0,0
3300,1.0,1.0,0.0,17,0.37319,1,0,0,0
3301,0.0,0.0,0.0,10,0.373,0,1,0,0
3302,0.0,0.0,0.0,7,0.37281,0,1,0,0
3303,0.0,0.0,0.0,14,0.37262000000000006,0,1,0,0
3304,0.0,0.0,0.0,13,0.37243000000000004,0,1,0,0
3305,1.0,1.0,0.0,30,0.37224,1,0,0,0
3306,1.0,1.0,0.0,23,0.37205,1,0,0,0
3307,1.0,1.0,0.0,23,0.37185999999999997,1,0,0,0
3308,0.0,0.0,0.0,9,0.37167000000000006,0,1,0,0
3309,1.0,1.0,0.0,24,0.37148000000000003,1,0,0,0
3310,1.0,1.0,0.0,17,0.37129,1,0,0,0
3311,0.0,0.0,0.0,10,0.3711,0,1,0,0
3312,0.0,0.0,0.0,16,0.3709100000000001,0,1,0,0
3313,0.0,0.0,0.0,16,0.37072000000000005,0,1,0,0
3314,1.0,1.0,0.0,27,0.37053,1,0,0,0
3315,0.0,0.0,0.0,16,0.3703400000000001,0,1,0,0
3316,0.0,0.0,0.0,32,0.37015,0,1,0,0
3317,0.0,0.0,0.0,11,0.36996000000000007,0,1,0,0
3318,0.0,0.0,0.0,14,0.36977000000000004,0,1,0,0
3319,0.0,0.0,0.0,25,0.36958,0,1,0,0
3320,0.0,0.0,0.0,14,0.3693900000000001,0,1,0,0
3321,0.0,0.0,0.0,11,0.3692,0,1,0,0
3322,0.0,0.0,0.0,10,0.36901000000000006,0,1,0,0
3323,0.0,0.0,0.0,10,0.36882000000000004,0,1,0,0
3324,0.0,0.0,0.0,10,0.36863,0,1,0,0
3325,0.0,0.0,0.0,25,0.3684400000000001,0,1,0,0
3326,0.0,0.0,0.0,9,0.36824999999999997,0,1,0,0
3327,0.0,0.0,0.0,18,0.36806000000000005,0,1,0,0
3328,0.0,0.0,0.0,14,0.36787000000000003,0,1,0,0
3329,0.0,0.0,0.0,20,0.36768,0,1,0,0
3330,1.0,1.0,0.0,23,0.3674900000000001,1,0,0,0
3331,1.0,1.0,0.0,21,0.36729999999999996,1,0,0,0
3332,1.0,1.0,0.0,23,0.36711000000000005,1,0,0,0
3333,0.0,0.0,0.0,19,0.36692,0,1,0,0
3334,1.0,1.0,0.0,25,0.3667300000000001,1,0,0,0
3335,0.0,0.0,0.0,15,0.3665400000000001,0,1,0,0
3336,1.0,1.0,0.0,27,0.36634999999999995,1,0,0,0
3337,1.0,1.0,0.0,21,0.36616000000000004,1,0,0,0
3338,0.0,0.0,0.0,17,0.36597,0,1,0,0
3339,1.0,1.0,0.0,19,0.3657800000000001,1,0,0,0
3340,0.0,0.0,0.0,16,0.3655900000000001,0,1,0,0
3341,1.0,1.0,0.0,23,0.36539999999999995,1,0,0,0
3342,0.0,0.0,0.0,18,0.36521000000000003,0,1,0,0
3343,1.0,1.0,0.0,21,0.36502,1,0,0,0
3344,0.0,0.0,0.0,22,0.3648300000000001,0,1,0,0
3345,0.0,0.0,0.0,9,0.3646400000000001,0,1,0,0
3346,0.0,0.0,0.0,13,0.36444999999999994,0,1,0,0
3347,0.0,0.0,0.0,16,0.36426000000000003,0,1,0,0
3348,0.0,0.0,0.0,13,0.36407,0,1,0,0
3349,0.0,0.0,0.0,27,0.3638800000000001,0,1,0,0
3350,1.0,1.0,0.0,23,0.36369000000000007,1,0,0,0
3351,1.0,1.0,0.0,29,0.36350000000000005,1,0,0,0
3352,1.0,1.0,0.0,17,0.36331,1,0,0,0
3353,0.0,0.0,0.0,20,0.36312,0,1,0,0
3354,0.0,0.0,0.0,13,0.3629300000000001,0,1,0,0
3355,0.0,0.0,0.0,17,0.36274000000000006,0,1,0,0
3356,0.0,0.0,0.0,17,0.36255000000000004,0,1,0,0
3357,1.0,1.0,0.0,15,0.36236,1,0,0,0
3358,0.0,0.0,0.0,26,0.36217,0,1,0,0
3359,0.0,0.0,0.0,15,0.3619800000000001,0,1,0,0
3360,1.0,1.0,0.0,23,0.36179000000000006,1,0,0,0
3361,1.0,1.0,0.0,16,0.36160000000000003,1,0,0,0
3362,0.0,0.0,0.0,18,0.36141,0,1,0,0
3363,1.0,1.0,0.0,20,0.36122,1,0,0,0
3364,1.0,1.0,0.0,15,0.3610300000000001,1,0,0,0
3365,0.0,0.0,0.0,14,0.36084000000000005,0,1,0,0
3366,1.0,1.0,0.0,23,0.36065,1,0,0,0
3367,0.0,0.0,0.0,9,0.36046,0,1,0,0
3368,1.0,1.0,0.0,22,0.36027,1,0,0,0
3369,1.0,1.0,0.0,23,0.36008000000000007,1,0,0,0
3370,1.0,1.0,0.0,21,0.35989000000000004,1,0,0,0
3371,1.0,1.0,0.0,41,0.3597,1,0,0,0
3372,1.0,1.0,0.0,21,0.35951,1,0,0,0
3373,1.0,1.0,0.0,17,0.3593200000000001,1,0,0,0
3374,1.0,1.0,0.0,21,0.35913000000000006,1,0,0,0
3375,0.0,0.0,0.0,11,0.35894000000000004,0,1,0,0
3376,1.0,1.0,0.0,25,0.35875,1,0,0,0
3377,0.0,0.0,0.0,12,0.35856,0,1,0,0
3378,0.0,0.0,0.0,25,0.3583700000000001,0,1,0,0
3379,0.0,0.0,0.0,19,0.35818000000000005,0,1,0,0
3380,1.0,1.0,0.0,17,0.35799000000000003,1,0,0,0
3381,1.0,1.0,0.0,21,0.3578,1,0,0,0
3382,0.0,0.0,0.0,8,0.35761,0,1,0,0
3383,0.0,0.0,0.0,21,0.35742000000000007,0,1,0,0
3384,0.0,0.0,0.0,11,0.35723000000000005,0,1,0,0
3385,1.0,1.0,0.0,16,0.35704,1,0,0,0
3386,0.0,0.0,0.0,21,0.35685,0,1,0,0
3387,0.0,0.0,0.0,19,0.35666,0,1,0,0
3388,1.0,1.0,0.0,43,0.35647000000000006,1,0,0,0
3389,1.0,1.0,0.0,33,0.35628000000000004,1,0,0,0
3390,0.0,0.0,0.0,14,0.35609,0,1,0,0
3391,1.0,1.0,0.0,33,0.3559,1,0,0,0
3392,0.0,0.0,0.0,21,0.35570999999999997,0,1,0,0
3393,0.0,0.0,0.0,19,0.35552000000000006,0,1,0,0
3394,0.0,0.0,0.0,7,0.35533000000000003,0,1,0,0
3395,0.0,0.0,0.0,18,0.3551400000000001,0,1,0,0
3396,0.0,0.0,0.0,19,0.35495,0,1,0,0
3397,1.0,1.0,0.0,33,0.35475999999999996,1,0,0,0
3398,1.0,1.0,0.0,34,0.35457000000000005,1,0,0,0
3399,0.0,0.0,0.0,16,0.35438000000000003,0,1,0,0
3400,1.0,1.0,0.0,25,0.3541900000000001,1,0,0,0
3401,0.0,0.0,0.0,15,0.354,0,1,0,0
3402,1.0,1.0,0.0,20,0.35380999999999996,1,0,0,0
3403,0.0,0.0,0.0,22,0.35362000000000005,0,1,0,0
3404,0.0,0.0,0.0,20,0.35343,0,1,0,0
3405,0.0,0.0,0.0,11,0.3532400000000001,0,1,0,0
3406,1.0,1.0,0.0,19,0.35305,1,0,0,0
3407,1.0,1.0,0.0,30,0.35285999999999995,1,0,0,0
3408,0.0,0.0,0.0,13,0.35267000000000004,0,1,0,0
3409,0.0,0.0,0.0,18,0.35248,0,1,0,0
3410,1.0,1.0,0.0,22,0.3522900000000001,1,0,0,0
3411,0.0,0.0,0.0,27,0.35209999999999997,0,1,0,0
3412,1.0,1.0,0.0,29,0.35191000000000006,1,0,0,0
3413,0.0,0.0,0.0,12,0.35172000000000003,0,1,0,0
3414,0.0,0.0,0.0,10,0.35153,0,1,0,0
3415,0.0,0.0,0.0,12,0.3513400000000001,0,1,0,0
3416,0.0,0.0,0.0,25,0.35114999999999996,0,1,0,0
3417,0.0,0.0,0.0,15,0.35096000000000005,0,1,0,0
3418,0.0,0.0,0.0,21,0.35077,0,1,0,0
3419,1.0,1.0,0.0,23,0.35058,1,0,0,0
3420,1.0,1.0,0.0,27,0.3503900000000001,1,0,0,0
3421,1.0,1.0,0.0,23,0.35019999999999996,1,0,0,0
3422,0.0,0.0,0.0,14,0.35001000000000004,0,1,0,0
3423,1.0,1.0,0.0,26,0.34982,1,0,0,0
3424,1.0,1.0,0.0,28,0.34963,1,0,0,0
3425,0.0,0.0,0.0,11,0.3494400000000001,0,1,0,0
3426,0.0,0.0,0.0,24,0.34924999999999995,0,1,0,0
3427,1.0,1.0,0.0,19,0.34906000000000004,1,0,0,0
3428,0.0,0.0,0.0,18,0.34887,0,1,0,0
3429,1.0,1.0,0.0,21,0.34868,1,0,0,0
3430,1.0,1.0,0.0,21,0.3484900000000001,1,0,0,0
3431,0.0,0.0,0.0,18,0.34829999999999994,0,1,0,0
3432,1.0,1.0,0.0,19,0.34811000000000003,1,0,0,0
3433,1.0,1.0,0.0,26,0.34792,1,0,0,0
3434,1.0,1.0,0.0,21,0.3477300000000001,1,0,0,0
3435,1.0,1.0,0.0,21,0.34754000000000007,1,0,0,0
3436,1.0,1.0,0.0,21,0.34734999999999994,1,0,0,0
3437,0.0,0.0,0.0,22,0.34716,0,1,0,0
3438,0.0,0.0,0.0,17,0.34697,0,1,0,0
3439,0.0,0.0,0.0,18,0.3467800000000001,0,1,0,0
3440,0.0,0.0,0.0,13,0.34659000000000006,0,1,0,0
3441,1.0,1.0,0.0,22,0.34640000000000004,1,0,0,0
3442,0.0,0.0,0.0,14,0.34621,0,1,0,0
3443,1.0,1.0,0.0,32,0.34602,1,0,0,0
3444,0.0,0.0,0.0,19,0.3458300000000001,0,1,0,0
3445,1.0,1.0,0.0,17,0.34564000000000006,1,0,0,0
3446,0.0,0.0,0.0,14,0.34545000000000003,0,1,0,0
3447,0.0,0.0,0.0,17,0.34526,0,1,0,0
3448,0.0,0.0,0.0,8,0.34507,0,1,0,0
3449,1.0,1.0,0.0,19,0.3448800000000001,1,0,0,0
3450,0.0,0.0,0.0,9,0.34469000000000005,0,1,0,0
3451,1.0,1.0,0.0,17,0.34450000000000003,1,0,0,0
3452,1.0,1.0,0.0,21,0.34431,1,0,0,0
3453,0.0,0.0,0.0,11,0.34412,0,1,0,0
3454,1.0,1.0,0.0,21,0.34393000000000007,1,0,0,0
3455,1.0,1.0,0.0,23,0.34374000000000005,1,0,0,0
3456,1.0,1.0,0.0,21,0.34355000000000013,1,0,0,0
3457,1.0,1.0,0.0,22,0.34336,1,0,0,0
3458,0.0,0.0,0.0,10,0.34317,0,1,0,0
3459,1.0,1.0,0.0,25,0.34298000000000006,1,0,0,0
3460,1.0,1.0,0.0,23,0.34279000000000004,1,0,0,0
3461,0.0,0.0,0.0,35,0.3426000000000001,0,1,0,0
3462,1.0,1.0,0.0,25,0.34241,1,0,0,0
3463,1.0,1.0,0.0,26,0.34221999999999997,1,0,0,0
3464,0.0,0.0,0.0,14,0.34203000000000006,0,1,0,0
3465,0.0,0.0,0.0,15,0.34184000000000003,0,1,0,0
3466,0.0,0.0,0.0,18,0.3416500000000001,0,1,0,0
3467,0.0,0.0,0.0,31,0.34146,0,1,0,0
3468,1.0,1.0,0.0,25,0.34126999999999996,1,0,0,0
3469,0.0,0.0,0.0,9,0.34108000000000005,0,1,0,0
3470,0.0,0.0,0.0,8,0.34089,0,1,0,0
3471,0.0,0.0,0.0,9,0.3407000000000001,0,1,0,0
3472,0.0,0.0,0.0,11,0.34051,0,1,0,0
3473,1.0,1.0,0.0,21,0.34032000000000007,1,0,0,0
3474,1.0,1.0,0.0,31,0.34013000000000004,1,0,0,0
3475,1.0,1.0,0.0,27,0.33994,1,0,0,0
3476,1.0,1.0,0.0,17,0.3397500000000001,1,0,0,0
3477,0.0,0.0,0.0,9,0.33956,0,1,0,0
3478,1.0,1.0,0.0,15,0.33937000000000006,1,0,0,0
3479,0.0,0.0,0.0,9,0.33918000000000004,0,1,0,0
3480,0.0,0.0,0.0,20,0.33899,0,1,0,0
3481,0.0,0.0,0.0,8,0.3388000000000001,0,1,0,0
3482,1.0,1.0,0.0,21,0.33860999999999997,1,0,0,0
3483,1.0,1.0,0.0,27,0.33842000000000005,1,0,0,0
3484,0.0,0.0,0.0,13,0.33823000000000003,0,1,0,0
3485,0.0,0.0,0.0,20,0.33804,0,1,0,0
3486,0.0,0.0,0.0,13,0.3378500000000001,0,1,0,0
3487,1.0,1.0,0.0,31,0.33765999999999996,1,0,0,0
3488,0.0,0.0,0.0,20,0.33747000000000005,0,1,0,0
3489,1.0,1.0,0.0,28,0.33728,1,0,0,0
3490,1.0,1.0,0.0,19,0.33709,1,0,0,0
3491,1.0,1.0,0.0,25,0.3369000000000001,1,0,0,0
3492,1.0,1.0,0.0,20,0.33670999999999995,1,0,0,0
3493,1.0,1.0,0.0,17,0.33652000000000004,1,0,0,0
3494,1.0,1.0,0.0,23,0.33633,1,0,0,0
3495,1.0,1.0,0.0,19,0.3361400000000001,1,0,0,0
3496,1.0,1.0,0.0,23,0.3359500000000001,1,0,0,0
3497,0.0,0.0,0.0,16,0.33575999999999995,0,1,0,0
3498,0.0,0.0,0.0,22,0.33557000000000003,0,1,0,0
3499,1.0,1.0,0.0,25,0.33538,1,0,0,0
3500,1.0,1.0,0.0,21,0.3351900000000001,1,0,0,0
3501,0.0,0.0,0.0,12,0.3350000000000001,0,1,0,0
3502,1.0,1.0,0.0,21,0.33480999999999994,1,0,0,0
3503,1.0,1.0,0.0,23,0.33462000000000003,1,0,0,0
3504,1.0,1.0,0.0,31,0.33443,1,0,0,0
3505,1.0,1.0,0.0,25,0.3342400000000001,1,0,0,0
3506,1.0,1.0,0.0,26,0.33405000000000007,1,0,0,0
3507,0.0,0.0,0.0,10,0.33385999999999993,0,1,0,0
3508,1.0,1.0,0.0,29,0.33367,1,0,0,0
3509,0.0,0.0,0.0,11,0.33348,0,1,0,0
3510,0.0,0.0,0.0,9,0.3332900000000001,0,1,0,0
3511,0.0,0.0,0.0,28,0.33310000000000006,0,1,0,0
3512,0.0,0.0,0.0,18,0.33291000000000004,0,1,0,0
3513,1.0,1.0,0.0,21,0.33272,1,0,0,0
3514,1.0,1.0,0.0,24,0.33253,1,0,0,0
3515,0.0,0.0,0.0,23,0.3323400000000001,0,1,0,0
3516,0.0,0.0,0.0,18,0.33215000000000006,0,1,0,0
3517,1.0,1.0,0.0,27,0.33196000000000003,1,0,0,0
3518,1.0,1.0,0.0,15,0.33177,1,0,0,0
3519,0.0,0.0,0.0,14,0.33158,0,1,0,0
3520,0.0,0.0,0.0,19,0.3313900000000001,0,1,0,0
3521,0.0,0.0,0.0,11,0.33120000000000005,0,1,0,0
3522,1.0,1.0,0.0,21,0.33101,1,0,0,0
3523,1.0,1.0,0.0,19,0.33082,1,0,0,0
3524,1.0,1.0,0.0,35,0.33063,1,0,0,0
3525,1.0,1.0,0.0,25,0.33044000000000007,1,0,0,0
3526,0.0,0.0,0.0,7,0.33025000000000004,0,1,0,0
3527,0.0,0.0,0.0,35,0.33006,0,1,0,0
3528,1.0,1.0,0.0,15,0.32987,1,0,0,0
3529,1.0,1.0,0.0,17,0.32968,1,0,0,0
3530,0.0,0.0,0.0,25,0.32949000000000006,0,1,0,0
3531,1.0,1.0,0.0,19,0.32930000000000004,1,0,0,0
3532,0.0,0.0,0.0,13,0.32911,0,1,0,0
3533,0.0,0.0,0.0,25,0.32892,0,1,0,0
3534,0.0,0.0,0.0,10,0.3287300000000001,0,1,0,0
3535,0.0,0.0,0.0,11,0.32854000000000005,0,1,0,0
3536,0.0,0.0,0.0,27,0.32835000000000003,0,1,0,0
3537,0.0,0.0,0.0,13,0.32816,0,1,0,0
3538,1.0,1.0,0.0,37,0.32797,1,0,0,0
3539,1.0,1.0,0.0,17,0.32778000000000007,1,0,0,0
3540,0.0,0.0,0.0,20,0.32759000000000005,0,1,0,0
3541,1.0,1.0,0.0,21,0.3274,1,0,0,0
3542,0.0,0.0,0.0,15,0.32721,0,1,0,0
3543,1.0,1.0,0.0,31,0.32702,1,0,0,0
3544,1.0,1.0,0.0,20,0.32683000000000006,1,0,0,0
3545,1.0,1.0,0.0,27,0.32664000000000004,1,0,0,0
3546,0.0,0.0,0.0,20,0.32645,0,1,0,0
3547,0.0,0.0,0.0,22,0.32626,0,1,0,0
3548,0.0,0.0,0.0,19,0.32606999999999997,0,1,0,0
3549,0.0,0.0,0.0,12,0.32588000000000006,0,1,0,0
3550,0.0,0.0,0.0,13,0.32569000000000004,0,1,0,0
3551,1.0,1.0,0.0,23,0.3255,1,0,0,0
3552,1.0,1.0,0.0,21,0.32531,1,0,0,0
3553,0.0,0.0,0.0,17,0.32511999999999996,0,1,0,0
3554,1.0,1.0,0.0,23,0.32493000000000005,1,0,0,0
3555,1.0,1.0,0.0,19,0.32474000000000003,1,0,0,0
3556,1.0,1.0,0.0,17,0.3245500000000001,1,0,0,0
3557,0.0,0.0,0.0,13,0.32436,0,1,0,0
3558,1.0,1.0,0.0,26,0.32416999999999996,1,0,0,0
3559,0.0,0.0,0.0,10,0.32398000000000005,0,1,0,0
3560,0.0,0.0,0.0,23,0.32379,0,1,0,0
3561,0.0,0.0,0.0,11,0.3236000000000001,0,1,0,0
3562,1.0,1.0,0.0,23,0.32341,1,0,0,0
3563,0.0,0.0,0.0,13,0.32321999999999995,0,1,0,0
3564,1.0,1.0,0.0,22,0.32303000000000004,1,0,0,0
3565,0.0,0.0,0.0,19,0.32284,0,1,0,0
3566,1.0,1.0,0.0,31,0.3226500000000001,1,0,0,0
3567,1.0,1.0,0.0,17,0.3224600000000001,1,0,0,0
3568,1.0,1.0,0.0,33,0.32226999999999995,1,0,0,0
3569,1.0,1.0,0.0,25,0.32208000000000003,1,0,0,0
3570,0.0,0.0,0.0,8,0.32189,0,1,0,0
3571,0.0,0.0,0.0,14,0.3217000000000001,0,1,0,0
3572,0.0,0.0,0.0,13,0.3215100000000001,0,1,0,0
3573,0.0,0.0,0.0,21,0.32132000000000005,0,1,0,0
3574,1.0,1.0,0.0,23,0.32113,1,0,0,0
3575,0.0,0.0,0.0,13,0.32094,0,1,0,0
3576,1.0,1.0,0.0,21,0.3207500000000001,1,0,0,0
3577,1.0,1.0,0.0,25,0.32056000000000007,1,0,0,0
3578,1.0,1.0,0.0,19,0.32037000000000004,1,0,0,0
3579,1.0,1.0,0.0,24,0.32018,1,0,0,0
3580,0.0,0.0,0.0,36,0.31999,0,1,0,0
3581,0.0,0.0,0.0,17,0.3198000000000001,0,1,0,0
3582,1.0,1.0,0.0,21,0.31961000000000006,1,0,0,0
3583,1.0,1.0,0.0,27,0.31942000000000004,1,0,0,0
3584,0.0,0.0,0.0,14,0.31923,0,1,0,0
3585,1.0,1.0,0.0,23,0.31904,1,0,0,0
3586,0.0,0.0,0.0,13,0.3188500000000001,0,1,0,0
3587,1.0,1.0,0.0,29,0.31866000000000005,1,0,0,0
3588,0.0,0.0,0.0,11,0.31847000000000003,0,1,0,0
3589,0.0,0.0,0.0,12,0.31828,0,1,0,0
3590,1.0,1.0,0.0,21,0.31809,1,0,0,0
3591,1.0,1.0,0.0,25,0.31790000000000007,1,0,0,0
3592,0.0,0.0,0.0,22,0.31771000000000005,0,1,0,0
3593,1.0,1.0,0.0,18,0.31752,1,0,0,0
3594,1.0,1.0,0.0,19,0.31733,1,0,0,0
3595,1.0,1.0,0.0,19,0.3171400000000001,1,0,0,0
3596,0.0,0.0,0.0,18,0.31695000000000007,0,1,0,0
3597,1.0,1.0,0.0,19,0.31676000000000004,1,0,0,0
3598,1.0,1.0,0.0,29,0.31657,1,0,0,0
3599,1.0,1.0,0.0,23,0.31638,1,0,0,0
3600,1.0,1.0,0.0,23,0.3161900000000001,1,0,0,0
3601,0.0,0.0,0.0,13,0.31600000000000006,0,1,0,0
3602,1.0,1.0,0.0,28,0.31581000000000004,1,0,0,0
3603,1.0,1.0,0.0,27,0.31562,1,0,0,0
3604,0.0,0.0,0.0,11,0.31543,0,1,0,0
3605,1.0,1.0,0.0,26,0.3152400000000001,1,0,0,0
3606,0.0,0.0,0.0,8,0.31505000000000005,0,1,0,0
3607,0.0,0.0,0.0,21,0.31486000000000003,0,1,0,0
3608,0.0,0.0,0.0,26,0.31467,0,1,0,0
3609,0.0,0.0,0.0,21,0.31448,0,1,0,0
3610,1.0,1.0,0.0,25,0.31429000000000007,1,0,0,0
3611,0.0,0.0,0.0,13,0.31410000000000005,0,1,0,0
3612,0.0,0.0,0.0,15,0.31391,0,1,0,0
3613,1.0,1.0,0.0,19,0.31372,1,0,0,0
3614,0.0,0.0,0.0,12,0.31353,0,1,0,0
3615,1.0,1.0,0.0,19,0.31334000000000006,1,0,0,0
3616,0.0,0.0,0.0,23,0.31315000000000004,0,1,0,0
3617,0.0,0.0,0.0,16,0.3129600000000001,0,1,0,0
3618,1.0,1.0,0.0,19,0.31277,1,0,0,0
3619,1.0,1.0,0.0,23,0.31257999999999997,1,0,0,0
3620,1.0,1.0,0.0,23,0.31239000000000006,1,0,0,0
3621,0.0,0.0,0.0,18,0.31220000000000003,0,1,0,0
3622,1.0,1.0,0.0,17,0.3120100000000001,1,0,0,0
3623,1.0,1.0,0.0,23,0.31182,1,0,0,0
3624,1.0,1.0,0.0,23,0.31162999999999996,1,0,0,0
3625,0.0,0.0,0.0,13,0.31144000000000005,0,1,0,0
3626,0.0,0.0,0.0,12,0.31125,0,1,0,0
3627,0.0,0.0,0.0,19,0.3110600000000001,0,1,0,0
3628,1.0,1.0,0.0,25,0.31087,1,0,0,0
3629,1.0,1.0,0.0,25,0.31067999999999996,1,0,0,0
3630,1.0,1.0,0.0,19,0.31049000000000004,1,0,0,0
3631,0.0,0.0,0.0,16,0.3103,0,1,0,0
3632,1.0,1.0,0.0,22,0.3101100000000001,1,0,0,0
3633,1.0,1.0,0.0,21,0.30992,1,0,0,0
3634,0.0,0.0,0.0,25,0.30973000000000006,0,1,0,0
3635,1.0,1.0,0.0,27,0.30954000000000004,1,0,0,0
3636,1.0,1.0,0.0,19,0.30935,1,0,0,0
3637,0.0,0.0,0.0,13,0.3091600000000001,0,1,0,0
3638,1.0,1.0,0.0,19,0.30896999999999997,1,0,0,0
3639,0.0,0.0,0.0,18,0.30878000000000005,0,1,0,0
3640,1.0,1.0,0.0,19,0.30859000000000003,1,0,0,0
3641,1.0,1.0,0.0,19,0.3084,1,0,0,0
3642,1.0,1.0,0.0,19,0.3082100000000001,1,0,0,0
3643,0.0,0.0,0.0,13,0.30801999999999996,0,1,0,0
3644,1.0,1.0,0.0,19,0.30783000000000005,1,0,0,0
3645,1.0,1.0,0.0,23,0.30764,1,0,0,0
3646,1.0,1.0,0.0,19,0.30745,1,0,0,0
3647,1.0,1.0,0.0,25,0.3072600000000001,1,0,0,0
3648,0.0,0.0,0.0,9,0.30706999999999995,0,1,0,0
3649,0.0,0.0,0.0,12,0.30688000000000004,0,1,0,0
3650,1.0,1.0,0.0,21,0.30669,1,0,0,0
3651,0.0,0.0,0.0,12,0.3065,0,1,0,0
3652,0.0,0.0,0.0,12,0.3063100000000001,0,1,0,0
3653,1.0,1.0,0.0,20,0.30611999999999995,1,0,0,0
3654,0.0,0.0,0.0,15,0.30593000000000004,0,1,0,0
3655,1.0,1.0,0.0,21,0.30574,1,0,0,0
3656,0.0,0.0,0.0,22,0.3055500000000001,0,1,0,0
3657,1.0,1.0,0.0,23,0.3053600000000001,1,0,0,0
3658,1.0,1.0,0.0,25,0.30516999999999994,1,0,0,0
3659,0.0,0.0,0.0,7,0.30498000000000003,0,1,0,0
3660,1.0,1.0,0.0,23,0.30479,1,0,0,0
3661,0.0,0.0,0.0,14,0.3046000000000001,0,1,0,0
3662,1.0,1.0,0.0,19,0.30441000000000007,1,0,0,0
3663,0.0,0.0,0.0,12,0.30421999999999993,0,1,0,0
3664,1.0,1.0,0.0,23,0.30403,1,0,0,0
3665,1.0,1.0,0.0,15,0.30384,1,0,0,0
3666,0.0,0.0,0.0,12,0.3036500000000001,0,1,0,0
3667,1.0,1.0,0.0,17,0.30346000000000006,1,0,0,0
3668,0.0,0.0,0.0,24,0.30326999999999993,0,1,0,0
3669,1.0,1.0,0.0,21,0.30308,1,0,0,0
3670,0.0,0.0,0.0,13,0.30289,0,1,0,0
3671,0.0,0.0,0.0,16,0.3027000000000001,0,1,0,0
3672,0.0,0.0,0.0,9,0.30251000000000006,0,1,0,0
3673,0.0,0.0,0.0,17,0.30232000000000003,0,1,0,0
3674,1.0,1.0,0.0,29,0.30213,1,0,0,0
3675,1.0,1.0,0.0,28,0.30194,1,0,0,0
3676,1.0,1.0,0.0,21,0.3017500000000001,1,0,0,0
3677,0.0,0.0,0.0,7,0.30156000000000005,0,1,0,0
3678,1.0,1.0,0.0,21,0.30137,1,0,0,0
3679,0.0,0.0,0.0,12,0.30118,0,1,0,0
3680,0.0,0.0,0.0,7,0.30099,0,1,0,0
3681,1.0,1.0,0.0,21,0.30080000000000007,1,0,0,0
3682,1.0,1.0,0.0,25,0.30061000000000004,1,0,0,0
3683,1.0,1.0,0.0,15,0.30042,1,0,0,0
3684,1.0,1.0,0.0,19,0.30023,1,0,0,0
3685,1.0,1.0,0.0,42,0.30004,1,0,0,0
3686,0.0,0.0,0.0,17,0.29985000000000006,0,1,0,0
3687,1.0,1.0,0.0,21,0.29966000000000004,1,0,0,0
3688,1.0,1.0,0.0,19,0.29947,1,0,0,0
3689,1.0,1.0,0.0,25,0.29928,1,0,0,0
3690,0.0,0.0,0.0,19,0.29908999999999997,0,1,0,0
3691,0.0,0.0,0.0,17,0.29890000000000005,0,1,0,0
3692,1.0,1.0,0.0,26,0.29871000000000003,1,0,0,0
3693,1.0,1.0,0.0,15,0.2985200000000001,1,0,0,0
3694,1.0,1.0,0.0,15,0.29833,1,0,0,0
3695,0.0,0.0,0.0,10,0.29814000000000007,0,1,0,0
3696,1.0,1.0,0.0,21,0.29795000000000005,1,0,0,0
3697,1.0,1.0,0.0,19,0.29776,1,0,0,0
3698,0.0,0.0,0.0,10,0.2975700000000001,0,1,0,0
3699,1.0,1.0,0.0,15,0.29738,1,0,0,0
3700,1.0,1.0,0.0,26,0.29719000000000007,1,0,0,0
3701,1.0,1.0,0.0,17,0.29700000000000004,1,0,0,0
3702,0.0,0.0,0.0,23,0.29681,0,1,0,0
3703,1.0,1.0,0.0,23,0.2966200000000001,1,0,0,0
3704,1.0,1.0,0.0,15,0.29642999999999997,1,0,0,0
3705,1.0,1.0,0.0,21,0.29624000000000006,1,0,0,0
3706,0.0,0.0,0.0,17,0.29605000000000004,0,1,0,0
3707,1.0,1.0,0.0,15,0.29586,1,0,0,0
3708,1.0,1.0,0.0,16,0.2956700000000001,1,0,0,0
3709,1.0,1.0,0.0,21,0.29547999999999996,1,0,0,0
3710,1.0,1.0,0.0,23,0.29529000000000005,1,0,0,0
3711,0.0,0.0,0.0,9,0.29510000000000003,0,1,0,0
3712,1.0,1.0,0.0,25,0.29491,1,0,0,0
3713,1.0,1.0,0.0,19,0.2947200000000001,1,0,0,0
3714,0.0,0.0,0.0,15,0.29452999999999996,0,1,0,0
3715,1.0,1.0,0.0,19,0.29434000000000005,1,0,0,0
3716,0.0,0.0,0.0,18,0.29415,0,1,0,0
3717,1.0,1.0,0.0,24,0.2939600000000001,1,0,0,0
3718,1.0,1.0,0.0,21,0.2937700000000001,1,0,0,0
3719,0.0,0.0,0.0,9,0.29357999999999995,0,1,0,0
3720,0.0,0.0,0.0,17,0.29339000000000004,0,1,0,0
3721,0.0,0.0,0.0,14,0.2932,0,1,0,0
3722,0.0,0.0,0.0,10,0.2930100000000001,0,1,0,0
3723,1.0,1.0,0.0,22,0.2928200000000001,1,0,0,0
3724,0.0,0.0,0.0,15,0.29262999999999995,0,1,0,0
3725,0.0,0.0,0.0,20,0.29244000000000003,0,1,0,0
3726,0.0,0.0,0.0,17,0.29225,0,1,0,0
3727,0.0,0.0,0.0,10,0.2920600000000001,0,1,0,0
3728,0.0,0.0,0.0,17,0.2918700000000001,0,1,0,0
3729,1.0,1.0,0.0,24,0.29167999999999994,1,0,0,0
3730,1.0,1.0,0.0,21,0.29149,1,0,0,0
3731,0.0,0.0,0.0,18,0.2913,0,1,0,0
3732,0.0,0.0,0.0,17,0.2911100000000001,0,1,0,0
3733,1.0,1.0,0.0,22,0.29092000000000007,1,0,0,0
3734,0.0,0.0,0.0,24,0.29073000000000004,0,1,0,0
3735,1.0,1.0,0.0,21,0.29054,1,0,0,0
3736,0.0,0.0,0.0,9,0.29035,0,1,0,0
3737,1.0,1.0,0.0,21,0.2901600000000001,1,0,0,0
3738,1.0,1.0,0.0,15,0.28997000000000006,1,0,0,0
3739,1.0,1.0,0.0,23,0.28978000000000004,1,0,0,0
3740,0.0,0.0,0.0,14,0.28959,0,1,0,0
3741,0.0,0.0,0.0,20,0.2894,0,1,0,0
3742,0.0,0.0,0.0,18,0.2892100000000001,0,1,0,0
3743,1.0,1.0,0.0,27,0.28902000000000005,1,0,0,0
3744,1.0,1.0,0.0,17,0.28883000000000003,1,0,0,0
3745,0.0,0.0,0.0,15,0.28864,0,1,0,0
3746,1.0,1.0,0.0,23,0.28845,1,0,0,0
3747,0.0,0.0,0.0,25,0.28826000000000007,0,1,0,0
3748,1.0,1.0,0.0,15,0.28807000000000005,1,0,0,0
3749,0.0,0.0,0.0,12,0.28788,0,1,0,0
3750,0.0,0.0,0.0,10,0.28769,0,1,0,0
3751,1.0,1.0,0.0,21,0.2875000000000001,1,0,0,0
3752,0.0,0.0,0.0,20,0.28731000000000007,0,1,0,0
3753,1.0,1.0,0.0,19,0.28712000000000004,1,0,0,0
3754,1.0,1.0,0.0,28,0.28693,1,0,0,0
3755,1.0,1.0,0.0,19,0.28674,1,0,0,0
3756,0.0,0.0,0.0,19,0.2865500000000001,0,1,0,0
3757,1.0,1.0,0.0,17,0.28636000000000006,1,0,0,0
3758,1.0,1.0,0.0,19,0.28617000000000004,1,0,0,0
3759,1.0,1.0,0.0,27,0.28598,1,0,0,0
3760,1.0,1.0,0.0,17,0.28579,1,0,0,0
3761,0.0,0.0,0.0,13,0.2856000000000001,0,1,0,0
3762,1.0,1.0,0.0,19,0.28541000000000005,1,0,0,0
3763,0.0,0.0,0.0,9,0.28522000000000003,0,1,0,0
3764,0.0,0.0,0.0,10,0.28503,0,1,0,0
3765,1.0,1.0,0.0,19,0.28484,1,0,0,0
3766,1.0,1.0,0.0,26,0.28465000000000007,1,0,0,0
3767,1.0,1.0,0.0,21,0.28446000000000005,1,0,0,0
3768,0.0,0.0,0.0,13,0.28427,0,1,0,0
3769,1.0,1.0,0.0,21,0.28408,1,0,0,0
3770,0.0,0.0,0.0,10,0.28389,0,1,0,0
3771,0.0,0.0,0.0,11,0.28370000000000006,0,1,0,0
3772,0.0,0.0,0.0,12,0.28351000000000004,0,1,0,0
3773,0.0,0.0,0.0,18,0.2833200000000001,0,1,0,0
3774,1.0,1.0,0.0,19,0.28313,1,0,0,0
3775,0.0,0.0,0.0,19,0.28293999999999997,0,1,0,0
3776,1.0,1.0,0.0,15,0.28275000000000006,1,0,0,0
3777,0.0,0.0,0.0,11,0.28256000000000003,0,1,0,0
3778,1.0,1.0,0.0,17,0.2823700000000001,1,0,0,0
3779,0.0,0.0,0.0,20,0.28218,0,1,0,0
3780,0.0,0.0,0.0,11,0.28198999999999996,0,1,0,0
3781,1.0,1.0,0.0,17,0.28180000000000005,1,0,0,0
3782,1.0,1.0,0.0,33,0.28161,1,0,0,0
3783,1.0,1.0,0.0,26,0.2814200000000001,1,0,0,0
3784,1.0,1.0,0.0,19,0.28123,1,0,0,0
3785,0.0,0.0,0.0,26,0.28103999999999996,0,1,0,0
3786,1.0,1.0,0.0,29,0.28085000000000004,1,0,0,0
3787,0.0,0.0,0.0,15,0.28066,0,1,0,0
3788,0.0,0.0,0.0,21,0.2804700000000001,0,1,0,0
3789,1.0,1.0,0.0,25,0.28028,1,0,0,0
3790,1.0,1.0,0.0,15,0.28009000000000006,1,0,0,0
3791,1.0,1.0,0.0,17,0.27990000000000004,1,0,0,0
3792,0.0,0.0,0.0,15,0.27971,0,1,0,0
3793,0.0,0.0,0.0,17,0.2795200000000001,0,1,0,0
3794,1.0,1.0,0.0,34,0.27932999999999997,1,0,0,0
3795,1.0,1.0,0.0,25,0.27914000000000005,1,0,0,0
3796,0.0,0.0,0.0,37,0.27895000000000003,0,1,0,0
3797,0.0,0.0,0.0,10,0.27876,0,1,0,0
3798,1.0,1.0,0.0,21,0.2785700000000001,1,0,0,0
3799,0.0,0.0,0.0,14,0.27837999999999996,0,1,0,0
3800,0.0,0.0,0.0,15,0.27819000000000005,0,1,0,0
3801,1.0,1.0,0.0,23,0.278,1,0,0,0
3802,0.0,0.0,0.0,14,0.27781,0,1,0,0
3803,1.0,1.0,0.0,19,0.2776200000000001,1,0,0,0
3804,0.0,0.0,0.0,19,0.27742999999999995,0,1,0,0
3805,1.0,1.0,0.0,15,0.27724000000000004,1,0,0,0
3806,1.0,1.0,0.0,21,0.27705,1,0,0,0
3807,0.0,0.0,0.0,15,0.27686,0,1,0,0
3808,0.0,0.0,0.0,19,0.2766700000000001,0,1,0,0
3809,0.0,0.0,0.0,14,0.27647999999999995,0,1,0,0
3810,1.0,1.0,0.0,21,0.27629000000000004,1,0,0,0
3811,1.0,1.0,0.0,15,0.2761,1,0,0,0
3812,1.0,1.0,0.0,25,0.2759100000000001,1,0,0,0
3813,0.0,0.0,0.0,15,0.2757200000000001,0,1,0,0
3814,1.0,1.0,0.0,21,0.27553000000000005,1,0,0,0
3815,1.0,1.0,0.0,17,0.27534000000000003,1,0,0,0
3816,1.0,1.0,0.0,23,0.27515,1,0,0,0
3817,0.0,0.0,0.0,26,0.2749600000000001,0,1,0,0
3818,0.0,0.0,0.0,14,0.27477000000000007,0,1,0,0
3819,1.0,1.0,0.0,18,0.27458000000000005,1,0,0,0
3820,0.0,0.0,0.0,14,0.27439,0,1,0,0
3821,1.0,1.0,0.0,29,0.2742,1,0,0,0
3822,0.0,0.0,0.0,21,0.2740100000000001,0,1,0,0
3823,1.0,1.0,0.0,30,0.27382000000000006,1,0,0,0
3824,0.0,0.0,0.0,16,0.27363000000000004,0,1,0,0
3825,0.0,0.0,0.0,16,0.27344,0,1,0,0
3826,1.0,1.0,0.0,15,0.27325,1,0,0,0
3827,0.0,0.0,0.0,16,0.2730600000000001,0,1,0,0
3828,1.0,1.0,0.0,23,0.27287000000000006,1,0,0,0
3829,1.0,1.0,0.0,15,0.27268000000000003,1,0,0,0
3830,1.0,1.0,0.0,18,0.27249,1,0,0,0
3831,1.0,1.0,0.0,15,0.2723,1,0,0,0
3832,1.0,1.0,0.0,17,0.2721100000000001,1,0,0,0
3833,1.0,1.0,0.0,25,0.27192000000000005,1,0,0,0
3834,0.0,0.0,0.0,17,0.27173000000000014,0,1,0,0
3835,1.0,1.0,0.0,21,0.27154,1,0,0,0
3836,1.0,1.0,0.0,17,0.27135,1,0,0,0
3837,1.0,1.0,0.0,23,0.27116000000000007,1,0,0,0
3838,1.0,1.0,0.0,21,0.27097000000000004,1,0,0,0
3839,0.0,0.0,0.0,10,0.27078000000000013,0,1,0,0
3840,0.0,0.0,0.0,12,0.27059,0,1,0,0
3841,1.0,1.0,0.0,19,0.2704,1,0,0,0
3842,0.0,0.0,0.0,23,0.27021000000000006,0,1,0,0
3843,0.0,0.0,0.0,11,0.27002000000000004,0,1,0,0
3844,1.0,1.0,0.0,18,0.2698300000000001,1,0,0,0
3845,0.0,0.0,0.0,10,0.26964,0,1,0,0
3846,0.0,0.0,0.0,8,0.26944999999999997,0,1,0,0
3847,1.0,1.0,0.0,19,0.26926000000000005,1,0,0,0
3848,1.0,1.0,0.0,17,0.26907000000000003,1,0,0,0
3849,1.0,1.0,0.0,19,0.2688800000000001,1,0,0,0
3850,1.0,1.0,0.0,15,0.26869,1,0,0,0
3851,0.0,0.0,0.0,15,0.26850000000000007,0,1,0,0
3852,1.0,1.0,0.0,17,0.26831000000000005,1,0,0,0
3853,1.0,1.0,0.0,17,0.26812,1,0,0,0
3854,1.0,1.0,0.0,19,0.2679300000000001,1,0,0,0
3855,1.0,1.0,0.0,21,0.26774,1,0,0,0
3856,0.0,0.0,0.0,26,0.26755000000000007,0,1,0,0
3857,1.0,1.0,0.0,25,0.26736000000000004,1,0,0,0
3858,0.0,0.0,0.0,29,0.26717,0,1,0,0
3859,0.0,0.0,0.0,13,0.2669800000000001,0,1,0,0
3860,1.0,1.0,0.0,29,0.26678999999999997,1,0,0,0
3861,1.0,1.0,0.0,19,0.26660000000000006,1,0,0,0
3862,0.0,0.0,0.0,12,0.26641000000000004,0,1,0,0
3863,0.0,0.0,0.0,16,0.26622,0,1,0,0
3864,1.0,1.0,0.0,19,0.2660300000000001,1,0,0,0
3865,1.0,1.0,0.0,38,0.26583999999999997,1,0,0,0
3866,1.0,1.0,0.0,21,0.26565000000000005,1,0,0,0
3867,1.0,1.0,0.0,15,0.26546000000000003,1,0,0,0
3868,0.0,0.0,0.0,13,0.26527,0,1,0,0
3869,1.0,1.0,0.0,17,0.2650800000000001,1,0,0,0
3870,1.0,1.0,0.0,17,0.26488999999999996,1,0,0,0
3871,1.0,1.0,0.0,17,0.26470000000000005,1,0,0,0
3872,1.0,1.0,0.0,21,0.26451,1,0,0,0
3873,0.0,0.0,0.0,13,0.2643200000000001,0,1,0,0
3874,1.0,1.0,0.0,23,0.2641300000000001,1,0,0,0
3875,1.0,1.0,0.0,21,0.26393999999999995,1,0,0,0
3876,0.0,0.0,0.0,18,0.26375000000000004,0,1,0,0
3877,1.0,1.0,0.0,23,0.26356,1,0,0,0
3878,1.0,1.0,0.0,22,0.2633700000000001,1,0,0,0
3879,1.0,1.0,0.0,15,0.2631800000000001,1,0,0,0
3880,0.0,0.0,0.0,8,0.26298999999999995,0,1,0,0
3881,1.0,1.0,0.0,21,0.26280000000000003,1,0,0,0
3882,0.0,0.0,0.0,15,0.26261,0,1,0,0
3883,1.0,1.0,0.0,17,0.2624200000000001,1,0,0,0
3884,0.0,0.0,0.0,12,0.2622300000000001,0,1,0,0
3885,1.0,1.0,0.0,25,0.26203999999999994,1,0,0,0
3886,1.0,1.0,0.0,21,0.26185,1,0,0,0
3887,1.0,1.0,0.0,19,0.26166,1,0,0,0
3888,1.0,1.0,0.0,17,0.2614700000000001,1,0,0,0
3889,0.0,0.0,0.0,12,0.26128000000000007,0,1,0,0
3890,1.0,1.0,0.0,17,0.26109000000000004,1,0,0,0
3891,0.0,0.0,0.0,16,0.2609,0,1,0,0
3892,0.0,0.0,0.0,15,0.26071,0,1,0,0
3893,1.0,1.0,0.0,21,0.2605200000000001,1,0,0,0
3894,1.0,1.0,0.0,17,0.26033000000000006,1,0,0,0
3895,1.0,1.0,0.0,21,0.26014000000000004,1,0,0,0
3896,0.0,0.0,0.0,23,0.25995,0,1,0,0
3897,1.0,1.0,0.0,15,0.25976,1,0,0,0
3898,0.0,0.0,0.0,14,0.2595700000000001,0,1,0,0
3899,1.0,1.0,0.0,21,0.25938000000000005,1,0,0,0
3900,0.0,0.0,0.0,14,0.25919000000000003,0,1,0,0
3901,0.0,0.0,0.0,17,0.259,0,1,0,0
3902,0.0,0.0,0.0,15,0.25881,0,1,0,0
3903,1.0,1.0,0.0,29,0.25862000000000007,1,0,0,0
3904,0.0,0.0,0.0,13,0.25843000000000005,0,1,0,0
3905,1.0,1.0,0.0,23,0.25824,1,0,0,0
3906,1.0,1.0,0.0,21,0.25805,1,0,0,0
3907,1.0,1.0,0.0,17,0.25786,1,0,0,0
3908,1.0,1.0,0.0,27,0.25767000000000007,1,0,0,0
3909,0.0,0.0,0.0,12,0.25748000000000004,0,1,0,0
3910,1.0,1.0,0.0,19,0.25729,1,0,0,0
3911,0.0,0.0,0.0,13,0.2571,0,1,0,0
3912,1.0,1.0,0.0,15,0.2569100000000001,1,0,0,0
3913,0.0,0.0,0.0,12,0.25672000000000006,0,1,0,0
3914,1.0,1.0,0.0,21,0.25653000000000004,1,0,0,0
3915,0.0,0.0,0.0,13,0.25634,0,1,0,0
3916,0.0,0.0,0.0,19,0.25615,0,1,0,0
3917,1.0,1.0,0.0,22,0.2559600000000001,1,0,0,0
3918,0.0,0.0,0.0,11,0.25577000000000005,0,1,0,0
3919,1.0,1.0,0.0,26,0.25558000000000003,1,0,0,0
3920,0.0,0.0,0.0,9,0.25539,0,1,0,0
3921,0.0,0.0,0.0,11,0.2552,0,1,0,0
3922,1.0,1.0,0.0,17,0.25501000000000007,1,0,0,0
3923,0.0,0.0,0.0,13,0.25482000000000005,0,1,0,0
3924,0.0,0.0,0.0,9,0.25463,0,1,0,0
3925,1.0,1.0,0.0,17,0.25444,1,0,0,0
3926,0.0,0.0,0.0,10,0.25425,0,1,0,0
3927,0.0,0.0,0.0,9,0.25406000000000006,0,1,0,0
3928,0.0,0.0,0.0,14,0.25387000000000004,0,1,0,0
3929,1.0,1.0,0.0,25,0.25368,1,0,0,0
3930,1.0,1.0,0.0,19,0.25349,1,0,0,0
3931,1.0,1.0,0.0,19,0.25329999999999997,1,0,0,0
3932,1.0,1.0,0.0,23,0.25311000000000006,1,0,0,0
3933,1.0,1.0,0.0,15,0.25292000000000003,1,0,0,0
3934,1.0,1.0,0.0,22,0.2527300000000001,1,0,0,0
3935,0.0,0.0,0.0,10,0.25254,0,1,0,0
3936,1.0,1.0,0.0,17,0.25234999999999996,1,0,0,0
3937,1.0,1.0,0.0,22,0.25216000000000005,1,0,0,0
3938,0.0,0.0,0.0,19,0.25197,0,1,0,0
3939,0.0,0.0,0.0,21,0.2517800000000001,0,1,0,0
3940,1.0,1.0,0.0,25,0.2515900000000001,1,0,0,0
3941,1.0,1.0,0.0,21,0.25139999999999996,1,0,0,0
3942,0.0,0.0,0.0,13,0.25121000000000004,0,1,0,0
3943,1.0,1.0,0.0,15,0.25102,1,0,0,0
3944,1.0,1.0,0.0,15,0.2508300000000001,1,0,0,0
3945,1.0,1.0,0.0,27,0.2506400000000001,1,0,0,0
3946,1.0,1.0,0.0,23,0.25044999999999995,1,0,0,0
3947,1.0,1.0,0.0,19,0.25026000000000004,1,0,0,0
3948,0.0,0.0,0.0,7,0.25007,0,1,0,0
3949,0.0,0.0,0.0,13,0.2498800000000001,0,1,0,0
3950,1.0,1.0,0.0,19,0.24969000000000008,1,0,0,0
3951,0.0,0.0,0.0,9,0.24950000000000006,0,1,0,0
3952,0.0,0.0,0.0,18,0.24931000000000003,0,1,0,0
3953,1.0,1.0,0.0,19,0.24912,1,0,0,0
3954,1.0,1.0,0.0,20,0.2489300000000001,1,0,0,0
3955,0.0,0.0,0.0,19,0.24874000000000007,0,1,0,0
3956,1.0,1.0,0.0,17,0.24855000000000005,1,0,0,0
3957,0.0,0.0,0.0,12,0.24836000000000003,0,1,0,0
3958,1.0,1.0,0.0,22,0.24817,1,0,0,0
3959,1.0,1.0,0.0,21,0.2479800000000001,1,0,0,0
3960,0.0,0.0,0.0,16,0.24779000000000007,0,1,0,0
3961,0.0,0.0,0.0,18,0.24760000000000004,0,1,0,0
3962,1.0,1.0,0.0,19,0.24741000000000002,1,0,0,0
3963,0.0,0.0,0.0,8,0.24722,0,1,0,0
3964,1.0,1.0,0.0,22,0.24703000000000008,1,0,0,0
3965,1.0,1.0,0.0,19,0.24684000000000006,1,0,0,0
3966,1.0,1.0,0.0,24,0.24665000000000004,1,0,0,0
3967,0.0,0.0,0.0,13,0.24646,0,1,0,0
3968,0.0,0.0,0.0,9,0.24627,0,1,0,0
3969,1.0,1.0,0.0,21,0.24608000000000008,1,0,0,0
3970,1.0,1.0,0.0,25,0.24589000000000005,1,0,0,0
3971,1.0,1.0,0.0,21,0.24570000000000003,1,0,0,0
3972,1.0,1.0,0.0,17,0.24551,1,0,0,0
3973,0.0,0.0,0.0,23,0.2453200000000001,0,1,0,0
3974,1.0,1.0,0.0,24,0.24513000000000007,1,0,0,0
3975,1.0,1.0,0.0,21,0.24494000000000005,1,0,0,0
3976,1.0,1.0,0.0,23,0.24475000000000002,1,0,0,0
3977,0.0,0.0,0.0,12,0.24456,0,1,0,0
3978,1.0,1.0,0.0,21,0.2443700000000001,1,0,0,0
3979,1.0,1.0,0.0,17,0.24418000000000006,1,0,0,0
3980,1.0,1.0,0.0,17,0.24399000000000004,1,0,0,0
3981,0.0,0.0,0.0,25,0.24380000000000002,0,1,0,0
3982,1.0,1.0,0.0,21,0.24361,1,0,0,0
3983,1.0,1.0,0.0,15,0.24342000000000008,1,0,0,0
3984,1.0,1.0,0.0,15,0.24323000000000006,1,0,0,0
3985,1.0,1.0,0.0,17,0.24304000000000003,1,0,0,0
3986,1.0,1.0,0.0,23,0.24285,1,0,0,0
3987,1.0,1.0,0.0,15,0.24266,1,0,0,0
3988,1.0,1.0,0.0,21,0.24247000000000007,1,0,0,0
3989,1.0,1.0,0.0,18,0.24228000000000005,1,0,0,0
3990,1.0,1.0,0.0,18,0.24209000000000003,1,0,0,0
3991,0.0,0.0,0.0,21,0.2419,0,1,0,0
3992,1.0,1.0,0.0,23,0.24170999999999998,1,0,0,0
3993,1.0,1.0,0.0,15,0.24152000000000007,1,0,0,0
3994,0.0,0.0,0.0,11,0.24133000000000004,0,1,0,0
3995,0.0,0.0,0.0,20,0.24114000000000013,0,1,0,0
3996,1.0,1.0,0.0,24,0.24095,1,0,0,0
3997,0.0,0.0,0.0,16,0.24075999999999997,0,1,0,0
3998,0.0,0.0,0.0,24,0.24057000000000006,0,1,0,0
3999,0.0,0.0,0.0,8,0.24038000000000004,0,1,0,0
4000,1.0,1.0,0.0,19,0.24019000000000013,1,0,0,0
4001,1.0,1.0,0.0,15,0.24,1,0,0,0
4002,0.0,0.0,0.0,8,0.23980999999999997,0,1,0,0
4003,0.0,0.0,0.0,16,0.23962000000000006,0,1,0,0
4004,1.0,1.0,0.0,17,0.23943000000000003,1,0,0,0
4005,1.0,1.0,0.0,19,0.23924000000000012,1,0,0,0
4006,1.0,1.0,0.0,17,0.23904999999999998,1,0,0,0
4007,0.0,0.0,0.0,15,0.23885999999999996,0,1,0,0
4008,1.0,1.0,0.0,21,0.23867000000000005,1,0,0,0
4009,1.0,1.0,0.0,17,0.23848000000000003,1,0,0,0
4010,0.0,0.0,0.0,17,0.2382900000000001,0,1,0,0
4011,0.0,0.0,0.0,12,0.23809999999999998,0,1,0,0
4012,1.0,1.0,0.0,17,0.23791000000000007,1,0,0,0
4013,1.0,1.0,0.0,21,0.23772000000000004,1,0,0,0
4014,1.0,1.0,0.0,17,0.23753000000000002,1,0,0,0
4015,1.0,1.0,0.0,19,0.2373400000000001,1,0,0,0
4016,0.0,0.0,0.0,25,0.23714999999999997,0,1,0,0
4017,1.0,1.0,0.0,17,0.23696000000000006,1,0,0,0
4018,1.0,1.0,0.0,18,0.23677000000000004,1,0,0,0
4019,0.0,0.0,0.0,7,0.23658,0,1,0,0
4020,0.0,0.0,0.0,23,0.2363900000000001,0,1,0,0
4021,0.0,0.0,0.0,18,0.23619999999999997,0,1,0,0
4022,1.0,1.0,0.0,25,0.23601000000000005,1,0,0,0
4023,0.0,0.0,0.0,11,0.23582000000000003,0,1,0,0
4024,1.0,1.0,0.0,15,0.23563,1,0,0,0
4025,1.0,1.0,0.0,21,0.2354400000000001,1,0,0,0
4026,1.0,1.0,0.0,19,0.23524999999999996,1,0,0,0
4027,1.0,1.0,0.0,15,0.23506000000000005,1,0,0,0
4028,0.0,0.0,0.0,9,0.23487000000000002,0,1,0,0
4029,1.0,1.0,0.0,15,0.23468,1,0,0,0
4030,1.0,1.0,0.0,17,0.2344900000000001,1,0,0,0
4031,1.0,1.0,0.0,33,0.23429999999999995,1,0,0,0
4032,1.0,1.0,0.0,15,0.23411000000000004,1,0,0,0
4033,1.0,1.0,0.0,15,0.23392000000000002,1,0,0,0
4034,0.0,0.0,0.0,19,0.2337300000000001,0,1,0,0
4035,1.0,1.0,0.0,17,0.23354000000000008,1,0,0,0
4036,1.0,1.0,0.0,17,0.23334999999999995,1,0,0,0
4037,0.0,0.0,0.0,15,0.23316000000000003,0,1,0,0
4038,1.0,1.0,0.0,25,0.23297,1,0,0,0
4039,0.0,0.0,0.0,12,0.2327800000000001,0,1,0,0
4040,1.0,1.0,0.0,23,0.23259000000000007,1,0,0,0
4041,1.0,1.0,0.0,22,0.23239999999999994,1,0,0,0
4042,0.0,0.0,0.0,26,0.23221000000000003,0,1,0,0
4043,1.0,1.0,0.0,19,0.23202,1,0,0,0
4044,1.0,1.0,0.0,17,0.2318300000000001,1,0,0,0
4045,1.0,1.0,0.0,19,0.23164000000000007,1,0,0,0
4046,1.0,1.0,0.0,17,0.23144999999999993,1,0,0,0
4047,1.0,1.0,0.0,17,0.23126000000000002,1,0,0,0
4048,0.0,0.0,0.0,13,0.23107,0,1,0,0
4049,0.0,0.0,0.0,20,0.23088000000000009,0,1,0,0
4050,1.0,1.0,0.0,21,0.23069000000000006,1,0,0,0
4051,0.0,0.0,0.0,14,0.23050000000000004,0,1,0,0
4052,0.0,0.0,0.0,9,0.23031000000000001,0,1,0,0
4053,1.0,1.0,0.0,15,0.23012,1,0,0,0
4054,1.0,1.0,0.0,15,0.22993000000000008,1,0,0,0
4055,1.0,1.0,0.0,21,0.22974000000000006,1,0,0,0
4056,0.0,0.0,0.0,17,0.22955000000000003,0,1,0,0
4057,0.0,0.0,0.0,9,0.22936,0,1,0,0
4058,0.0,0.0,0.0,10,0.22916999999999998,0,1,0,0
4059,1.0,1.0,0.0,21,0.22898000000000007,1,0,0,0
4060,1.0,1.0,0.0,19,0.22879000000000005,1,0,0,0
4061,1.0,1.0,0.0,23,0.22860000000000003,1,0,0,0
4062,0.0,0.0,0.0,9,0.22841,0,1,0,0
4063,0.0,0.0,0.0,11,0.22821999999999998,0,1,0,0
4064,1.0,1.0,0.0,24,0.22803000000000007,1,0,0,0
4065,1.0,1.0,0.0,24,0.22784000000000004,1,0,0,0
4066,1.0,1.0,0.0,17,0.22765000000000013,1,0,0,0
4067,1.0,1.0,0.0,19,0.22746,1,0,0,0
4068,1.0,1.0,0.0,18,0.22726999999999997,1,0,0,0
4069,1.0,1.0,0.0,20,0.22708000000000006,1,0,0,0
4070,1.0,1.0,0.0,15,0.22689000000000004,1,0,0,0
4071,1.0,1.0,0.0,17,0.22670000000000012,1,0,0,0
4072,1.0,1.0,0.0,19,0.22651,1,0,0,0
4073,1.0,1.0,0.0,19,0.22632000000000008,1,0,0,0
4074,1.0,1.0,0.0,19,0.22613000000000005,1,0,0,0
4075,1.0,1.0,0.0,19,0.22594000000000003,1,0,0,0
4076,1.0,1.0,0.0,17,0.22575000000000012,1,0,0,0
4077,1.0,1.0,0.0,17,0.22555999999999998,1,0,0,0
4078,1.0,1.0,0.0,15,0.22537000000000007,1,0,0,0
4079,1.0,1.0,0.0,15,0.22518000000000005,1,0,0,0
4080,1.0,1.0,0.0,17,0.22499000000000002,1,0,0,0
4081,1.0,1.0,0.0,15,0.2248000000000001,1,0,0,0
4082,0.0,0.0,0.0,11,0.22460999999999998,0,1,0,0
4083,0.0,0.0,0.0,14,0.22442000000000006,0,1,0,0
4084,0.0,0.0,0.0,17,0.22423000000000004,0,1,0,0
4085,0.0,0.0,0.0,12,0.22404000000000002,0,1,0,0
4086,1.0,1.0,0.0,17,0.2238500000000001,1,0,0,0
4087,0.0,0.0,0.0,9,0.22365999999999997,0,1,0,0
4088,1.0,1.0,0.0,17,0.22347000000000006,1,0,0,0
4089,0.0,0.0,0.0,8,0.22328000000000003,0,1,0,0
4090,0.0,0.0,0.0,15,0.22309,0,1,0,0
4091,0.0,0.0,0.0,12,0.2229000000000001,0,1,0,0
4092,1.0,1.0,0.0,15,0.22270999999999996,1,0,0,0
4093,0.0,0.0,0.0,9,0.22252000000000005,0,1,0,0
4094,0.0,0.0,0.0,13,0.22233000000000003,0,1,0,0
4095,1.0,1.0,0.0,21,0.22214000000000012,1,0,0,0
4096,0.0,0.0,0.0,16,0.2219500000000001,0,1,0,0
4097,1.0,1.0,0.0,17,0.22175999999999996,1,0,0,0
4098,0.0,0.0,0.0,17,0.22157000000000004,0,1,0,0
4099,1.0,1.0,0.0,21,0.22138000000000002,1,0,0,0
4100,1.0,1.0,0.0,18,0.2211900000000001,1,0,0,0
4101,1.0,1.0,0.0,17,0.22100000000000009,1,0,0,0
4102,1.0,1.0,0.0,22,0.22080999999999995,1,0,0,0
4103,0.0,0.0,0.0,8,0.22062000000000004,0,1,0,0
4104,0.0,0.0,0.0,23,0.22043000000000001,0,1,0,0
4105,1.0,1.0,0.0,17,0.2202400000000001,1,0,0,0
4106,1.0,1.0,0.0,15,0.22005000000000008,1,0,0,0
4107,1.0,1.0,0.0,19,0.21985999999999994,1,0,0,0
4108,1.0,1.0,0.0,15,0.21967000000000003,1,0,0,0
4109,1.0,1.0,0.0,19,0.21948,1,0,0,0
4110,1.0,1.0,0.0,15,0.2192900000000001,1,0,0,0
4111,0.0,0.0,0.0,11,0.21910000000000007,0,1,0,0
4112,0.0,0.0,0.0,13,0.21891000000000005,0,1,0,0
4113,1.0,1.0,0.0,21,0.21872000000000003,1,0,0,0
4114,1.0,1.0,0.0,21,0.21853,1,0,0,0
4115,1.0,1.0,0.0,21,0.2183400000000001,1,0,0,0
4116,1.0,1.0,0.0,15,0.21815000000000007,1,0,0,0
4117,1.0,1.0,0.0,24,0.21796000000000004,1,0,0,0
4118,1.0,1.0,0.0,17,0.21777000000000002,1,0,0,0
4119,1.0,1.0,0.0,18,0.21758,1,0,0,0
4120,1.0,1.0,0.0,19,0.21739000000000008,1,0,0,0
4121,0.0,0.0,0.0,11,0.21720000000000006,0,1,0,0
4122,0.0,0.0,0.0,8,0.21701000000000004,0,1,0,0
4123,1.0,1.0,0.0,17,0.21682,1,0,0,0
4124,0.0,0.0,0.0,12,0.21663,0,1,0,0
4125,1.0,1.0,0.0,23,0.21644000000000008,1,0,0,0
4126,1.0,1.0,0.0,29,0.21625000000000005,1,0,0,0
4127,1.0,1.0,0.0,19,0.21606000000000003,1,0,0,0
4128,0.0,0.0,0.0,7,0.21587,0,1,0,0
4129,0.0,0.0,0.0,15,0.21567999999999998,0,1,0,0
4130,1.0,1.0,0.0,19,0.21549000000000007,1,0,0,0
4131,0.0,0.0,0.0,15,0.21530000000000005,0,1,0,0
4132,1.0,1.0,0.0,17,0.21511000000000002,1,0,0,0
4133,0.0,0.0,0.0,15,0.21492,0,1,0,0
4134,1.0,1.0,0.0,15,0.2147300000000001,1,0,0,0
4135,1.0,1.0,0.0,23,0.21454000000000006,1,0,0,0
4136,0.0,0.0,0.0,9,0.21435000000000004,0,1,0,0
4137,1.0,1.0,0.0,23,0.21416000000000002,1,0,0,0
4138,0.0,0.0,0.0,10,0.21397,0,1,0,0
4139,1.0,1.0,0.0,15,0.21378000000000008,1,0,0,0
4140,1.0,1.0,0.0,17,0.21359000000000006,1,0,0,0
4141,0.0,0.0,0.0,27,0.21340000000000003,0,1,0,0
4142,0.0,0.0,0.0,11,0.21321,0,1,0,0
4143,0.0,0.0,0.0,12,0.21302,0,1,0,0
4144,0.0,0.0,0.0,19,0.21283000000000007,0,1,0,0
4145,0.0,0.0,0.0,21,0.21264000000000005,0,1,0,0
4146,1.0,1.0,0.0,15,0.21245000000000003,1,0,0,0
4147,1.0,1.0,0.0,17,0.21226,1,0,0,0
4148,1.0,1.0,0.0,19,0.21206999999999998,1,0,0,0
4149,0.0,0.0,0.0,18,0.21188000000000007,0,1,0,0
4150,1.0,1.0,0.0,19,0.21169000000000004,1,0,0,0
4151,1.0,1.0,0.0,19,0.21150000000000002,1,0,0,0
4152,0.0,0.0,0.0,10,0.21131,0,1,0,0
4153,1.0,1.0,0.0,21,0.21111999999999997,1,0,0,0
4154,1.0,1.0,0.0,24,0.21093000000000006,1,0,0,0
4155,0.0,0.0,0.0,13,0.21074000000000004,0,1,0,0
4156,0.0,0.0,0.0,18,0.21055000000000013,0,1,0,0
4157,1.0,1.0,0.0,21,0.21036,1,0,0,0
4158,1.0,1.0,0.0,15,0.21016999999999997,1,0,0,0
4159,1.0,1.0,0.0,17,0.20998000000000006,1,0,0,0
4160,0.0,0.0,0.0,11,0.20979000000000003,0,1,0,0
4161,1.0,1.0,0.0,19,0.20960000000000012,1,0,0,0
4162,0.0,0.0,0.0,11,0.20940999999999999,0,1,0,0
4163,0.0,0.0,0.0,11,0.20921999999999996,0,1,0,0
4164,1.0,1.0,0.0,17,0.20903000000000005,1,0,0,0
4165,1.0,1.0,0.0,15,0.20884000000000003,1,0,0,0
4166,0.0,0.0,0.0,17,0.2086500000000001,0,1,0,0
4167,1.0,1.0,0.0,15,0.20845999999999998,1,0,0,0
4168,0.0,0.0,0.0,15,0.20826999999999996,0,1,0,0
4169,1.0,1.0,0.0,16,0.20808000000000004,1,0,0,0
4170,1.0,1.0,0.0,21,0.20789000000000002,1,0,0,0
4171,1.0,1.0,0.0,21,0.2077000000000001,1,0,0,0
4172,1.0,1.0,0.0,21,0.20750999999999997,1,0,0,0
4173,1.0,1.0,0.0,23,0.20732000000000006,1,0,0,0
4174,1.0,1.0,0.0,17,0.20713000000000004,1,0,0,0
4175,1.0,1.0,0.0,21,0.20694,1,0,0,0
4176,1.0,1.0,0.0,27,0.2067500000000001,1,0,0,0
4177,1.0,1.0,0.0,27,0.20655999999999997,1,0,0,0
4178,0.0,0.0,0.0,21,0.20637000000000005,0,1,0,0
4179,0.0,0.0,0.0,14,0.20618000000000003,0,1,0,0
4180,1.0,1.0,0.0,19,0.20599,1,0,0,0
4181,1.0,1.0,0.0,19,0.2058000000000001,1,0,0,0
4182,0.0,0.0,0.0,11,0.20560999999999996,0,1,0,0
4183,0.0,0.0,0.0,7,0.20542000000000005,0,1,0,0
4184,1.0,1.0,0.0,15,0.20523000000000002,1,0,0,0
4185,1.0,1.0,0.0,19,0.20504,1,0,0,0
4186,1.0,1.0,0.0,21,0.2048500000000001,1,0,0,0
4187,1.0,1.0,0.0,25,0.20465999999999995,1,0,0,0
4188,1.0,1.0,0.0,17,0.20447000000000004,1,0,0,0
4189,1.0,1.0,0.0,25,0.20428000000000002,1,0,0,0
4190,1.0,1.0,0.0,19,0.20409,1,0,0,0
4191,1.0,1.0,0.0,21,0.20390000000000008,1,0,0,0
4192,1.0,1.0,0.0,17,0.20371000000000006,1,0,0,0
4193,1.0,1.0,0.0,24,0.20352000000000003,1,0,0,0
4194,1.0,1.0,0.0,17,0.20333,1,0,0,0
4195,0.0,0.0,0.0,9,0.2031400000000001,0,1,0,0
4196,0.0,0.0,0.0,14,0.20295000000000007,0,1,0,0
4197,1.0,1.0,0.0,15,0.20276000000000005,1,0,0,0
4198,1.0,1.0,0.0,19,0.20257000000000003,1,0,0,0
4199,1.0,1.0,0.0,17,0.20238,1,0,0,0
4200,0.0,0.0,0.0,10,0.2021900000000001,0,1,0,0
4201,1.0,1.0,0.0,17,0.20200000000000007,1,0,0,0
4202,1.0,1.0,0.0,23,0.20181000000000004,1,0,0,0
4203,1.0,1.0,0.0,17,0.20162000000000002,1,0,0,0
4204,1.0,1.0,0.0,17,0.20143,1,0,0,0
4205,1.0,1.0,0.0,23,0.20124000000000009,1,0,0,0
4206,1.0,1.0,0.0,15,0.20105000000000006,1,0,0,0
4207,1.0,1.0,0.0,22,0.20086000000000004,1,0,0,0
4208,1.0,1.0,0.0,23,0.20067000000000002,1,0,0,0
4209,1.0,1.0,0.0,17,0.20048,1,0,0,0
4210,1.0,1.0,0.0,19,0.20029000000000008,1,0,0,0
4211,1.0,1.0,0.0,24,0.20010000000000006,1,0,0,0
4212,1.0,1.0,0.0,21,0.19991000000000003,1,0,0,0
4213,1.0,1.0,0.0,17,0.19972,1,0,0,0
4214,0.0,0.0,0.0,10,0.19952999999999999,0,1,0,0
4215,1.0,1.0,0.0,15,0.19934000000000007,1,0,0,0
4216,0.0,0.0,0.0,7,0.19915000000000005,0,1,0,0
4217,1.0,1.0,0.0,17,0.19896000000000014,1,0,0,0
4218,1.0,1.0,0.0,21,0.19877,1,0,0,0
4219,1.0,1.0,0.0,19,0.19857999999999998,1,0,0,0
4220,1.0,1.0,0.0,19,0.19839000000000007,1,0,0,0
4221,1.0,1.0,0.0,17,0.19820000000000004,1,0,0,0
4222,1.0,1.0,0.0,25,0.19801000000000013,1,0,0,0
4223,1.0,1.0,0.0,15,0.19782,1,0,0,0
4224,1.0,1.0,0.0,19,0.19762999999999997,1,0,0,0
4225,0.0,0.0,0.0,14,0.19744000000000006,0,1,0,0
4226,1.0,1.0,0.0,15,0.19725000000000004,1,0,0,0
4227,1.0,1.0,0.0,17,0.19706000000000012,1,0,0,0
4228,1.0,1.0,0.0,15,0.19687,1,0,0,0
4229,1.0,1.0,0.0,15,0.19667999999999997,1,0,0,0
4230,1.0,1.0,0.0,25,0.19649000000000005,1,0,0,0
4231,1.0,1.0,0.0,19,0.19630000000000003,1,0,0,0
4232,0.0,0.0,0.0,21,0.19611000000000012,0,1,0,0
4233,1.0,1.0,0.0,19,0.19591999999999998,1,0,0,0
4234,1.0,1.0,0.0,17,0.19573000000000007,1,0,0,0
4235,1.0,1.0,0.0,15,0.19554000000000005,1,0,0,0
4236,0.0,0.0,0.0,14,0.19535000000000002,0,1,0,0
4237,0.0,0.0,0.0,13,0.1951600000000001,0,1,0,0
4238,0.0,0.0,0.0,9,0.19496999999999998,0,1,0,0
4239,1.0,1.0,0.0,17,0.19478000000000006,1,0,0,0
4240,0.0,0.0,0.0,10,0.19459000000000004,0,1,0,0
4241,0.0,0.0,0.0,7,0.19440000000000002,0,1,0,0
4242,1.0,1.0,0.0,19,0.1942100000000001,1,0,0,0
4243,1.0,1.0,0.0,15,0.19401999999999997,1,0,0,0
4244,0.0,0.0,0.0,13,0.19383000000000006,0,1,0,0
4245,1.0,1.0,0.0,21,0.19364000000000003,1,0,0,0
4246,1.0,1.0,0.0,19,0.19345,1,0,0,0
4247,0.0,0.0,0.0,13,0.1932600000000001,0,1,0,0
4248,1.0,1.0,0.0,19,0.19306999999999996,1,0,0,0
4249,1.0,1.0,0.0,19,0.19288000000000005,1,0,0,0
4250,0.0,0.0,0.0,16,0.19269000000000003,0,1,0,0
4251,1.0,1.0,0.0,25,0.1925,1,0,0,0
4252,0.0,0.0,0.0,14,0.1923100000000001,0,1,0,0
4253,0.0,0.0,0.0,13,0.19211999999999996,0,1,0,0
4254,1.0,1.0,0.0,17,0.19193000000000005,1,0,0,0
4255,1.0,1.0,0.0,15,0.19174000000000002,1,0,0,0
4256,1.0,1.0,0.0,19,0.1915500000000001,1,0,0,0
4257,1.0,1.0,0.0,22,0.19136000000000009,1,0,0,0
4258,1.0,1.0,0.0,17,0.19116999999999995,1,0,0,0
4259,1.0,1.0,0.0,19,0.19098000000000004,1,0,0,0
4260,1.0,1.0,0.0,17,0.19079000000000002,1,0,0,0
4261,1.0,1.0,0.0,17,0.1906000000000001,1,0,0,0
4262,1.0,1.0,0.0,19,0.19041000000000008,1,0,0,0
4263,1.0,1.0,0.0,19,0.19021999999999994,1,0,0,0
4264,0.0,0.0,0.0,10,0.19003000000000003,0,1,0,0
4265,1.0,1.0,0.0,17,0.18984,1,0,0,0
4266,1.0,1.0,0.0,19,0.1896500000000001,1,0,0,0
4267,1.0,1.0,0.0,21,0.18946000000000007,1,0,0,0
4268,1.0,1.0,0.0,23,0.18926999999999994,1,0,0,0
4269,1.0,1.0,0.0,27,0.18908000000000003,1,0,0,0
4270,1.0,1.0,0.0,28,0.18889,1,0,0,0
4271,0.0,0.0,0.0,25,0.1887000000000001,0,1,0,0
4272,1.0,1.0,0.0,16,0.18851000000000007,1,0,0,0
4273,1.0,1.0,0.0,19,0.18832000000000004,1,0,0,0
4274,1.0,1.0,0.0,15,0.18813000000000002,1,0,0,0
4275,1.0,1.0,0.0,20,0.18794,1,0,0,0
4276,1.0,1.0,0.0,15,0.18775000000000008,1,0,0,0
4277,0.0,0.0,0.0,12,0.18756000000000006,0,1,0,0
4278,0.0,0.0,0.0,9,0.18737000000000004,0,1,0,0
4279,1.0,1.0,0.0,19,0.18718,1,0,0,0
4280,1.0,1.0,0.0,19,0.18699,1,0,0,0
4281,0.0,0.0,0.0,12,0.18680000000000008,0,1,0,0
4282,1.0,1.0,0.0,19,0.18661000000000005,1,0,0,0
4283,1.0,1.0,0.0,17,0.18642000000000003,1,0,0,0
4284,1.0,1.0,0.0,21,0.18623,1,0,0,0
4285,1.0,1.0,0.0,21,0.18603999999999998,1,0,0,0
4286,1.0,1.0,0.0,21,0.18585000000000007,1,0,0,0
4287,1.0,1.0,0.0,17,0.18566000000000005,1,0,0,0
4288,1.0,1.0,0.0,21,0.18547000000000002,1,0,0,0
4289,0.0,0.0,0.0,11,0.18528,0,1,0,0
4290,1.0,1.0,0.0,19,0.18508999999999998,1,0,0,0
4291,1.0,1.0,0.0,21,0.18490000000000006,1,0,0,0
4292,1.0,1.0,0.0,17,0.18471000000000004,1,0,0,0
4293,1.0,1.0,0.0,15,0.18452000000000002,1,0,0,0
4294,1.0,1.0,0.0,25,0.18433,1,0,0,0
4295,1.0,1.0,0.0,19,0.18414000000000008,1,0,0,0
4296,1.0,1.0,0.0,17,0.18395000000000006,1,0,0,0
4297,1.0,1.0,0.0,21,0.18376000000000003,1,0,0,0
4298,1.0,1.0,0.0,15,0.18357,1,0,0,0
4299,1.0,1.0,0.0,19,0.18338,1,0,0,0
4300,1.0,1.0,0.0,17,0.18319000000000007,1,0,0,0
4301,1.0,1.0,0.0,25,0.18300000000000005,1,0,0,0
4302,1.0,1.0,0.0,19,0.18281000000000003,1,0,0,0
4303,1.0,1.0,0.0,15,0.18262,1,0,0,0
4304,1.0,1.0,0.0,15,0.18242999999999998,1,0,0,0
4305,0.0,0.0,0.0,7,0.18224000000000007,0,1,0,0
4306,1.0,1.0,0.0,23,0.18205000000000005,1,0,0,0
4307,1.0,1.0,0.0,15,0.18186000000000002,1,0,0,0
4308,0.0,0.0,0.0,14,0.18167,0,1,0,0
4309,1.0,1.0,0.0,17,0.18147999999999997,1,0,0,0
4310,1.0,1.0,0.0,17,0.18129000000000006,1,0,0,0
4311,1.0,1.0,0.0,17,0.18110000000000004,1,0,0,0
4312,1.0,1.0,0.0,18,0.18091000000000002,1,0,0,0
4313,1.0,1.0,0.0,15,0.18072,1,0,0,0
4314,1.0,1.0,0.0,21,0.18052999999999997,1,0,0,0
4315,0.0,0.0,0.0,19,0.18034000000000006,0,1,0,0
4316,0.0,0.0,0.0,23,0.18015000000000003,0,1,0,0
4317,1.0,1.0,0.0,19,0.17996000000000012,1,0,0,0
4318,1.0,1.0,0.0,15,0.1797700000000001,1,0,0,0
4319,1.0,1.0,0.0,18,0.17957999999999996,1,0,0,0
4320,0.0,0.0,0.0,10,0.17939000000000005,0,1,0,0
4321,1.0,1.0,0.0,15,0.17920000000000003,1,0,0,0
4322,1.0,1.0,0.0,15,0.1790100000000001,1,0,0,0
4323,1.0,1.0,0.0,21,0.1788200000000001,1,0,0,0
4324,1.0,1.0,0.0,15,0.17862999999999996,1,0,0,0
4325,0.0,0.0,0.0,15,0.17844000000000004,0,1,0,0
4326,0.0,0.0,0.0,18,0.17825000000000002,0,1,0,0
4327,0.0,0.0,0.0,12,0.1780600000000001,0,1,0,0
4328,1.0,1.0,0.0,15,0.17787000000000008,1,0,0,0
4329,0.0,0.0,0.0,17,0.17767999999999995,0,1,0,0
4330,1.0,1.0,0.0,15,0.17749000000000004,1,0,0,0
4331,0.0,0.0,0.0,14,0.1773,0,1,0,0
4332,1.0,1.0,0.0,19,0.1771100000000001,1,0,0,0
4333,0.0,0.0,0.0,10,0.17692000000000008,0,1,0,0
4334,0.0,0.0,0.0,13,0.17673000000000005,0,1,0,0
4335,1.0,1.0,0.0,17,0.17654000000000003,1,0,0,0
4336,0.0,0.0,0.0,12,0.17635,0,1,0,0
4337,1.0,1.0,0.0,17,0.1761600000000001,1,0,0,0
4338,0.0,0.0,0.0,13,0.17597000000000007,0,1,0,0
4339,0.0,0.0,0.0,7,0.17578000000000005,0,1,0,0
4340,1.0,1.0,0.0,18,0.17559000000000002,1,0,0,0
4341,1.0,1.0,0.0,19,0.1754,1,0,0,0
4342,1.0,1.0,0.0,17,0.1752100000000001,1,0,0,0
4343,0.0,0.0,0.0,20,0.17502000000000006,0,1,0,0
4344,0.0,0.0,0.0,14,0.17483000000000004,0,1,0,0
4345,1.0,1.0,0.0,19,0.17464000000000002,1,0,0,0
4346,0.0,0.0,0.0,17,0.17445,0,1,0,0
4347,0.0,0.0,0.0,17,0.17426000000000008,0,1,0,0
4348,1.0,1.0,0.0,15,0.17407000000000006,1,0,0,0
4349,0.0,0.0,0.0,15,0.17388000000000003,0,1,0,0
4350,1.0,1.0,0.0,21,0.17369,1,0,0,0
4351,1.0,1.0,0.0,19,0.1735,1,0,0,0
4352,0.0,0.0,0.0,17,0.17331000000000008,0,1,0,0
4353,1.0,1.0,0.0,15,0.17312000000000005,1,0,0,0
4354,0.0,0.0,0.0,9,0.17293000000000003,0,1,0,0
4355,0.0,0.0,0.0,13,0.17274,0,1,0,0
4356,1.0,1.0,0.0,19,0.1725500000000001,1,0,0,0
4357,1.0,1.0,0.0,17,0.17236000000000007,1,0,0,0
4358,1.0,1.0,0.0,21,0.17217000000000005,1,0,0,0
4359,1.0,1.0,0.0,19,0.17198000000000002,1,0,0,0
4360,0.0,0.0,0.0,17,0.17179,0,1,0,0
4361,1.0,1.0,0.0,17,0.17160000000000009,1,0,0,0
4362,1.0,1.0,0.0,21,0.17141000000000006,1,0,0,0
4363,1.0,1.0,0.0,19,0.17122000000000004,1,0,0,0
4364,1.0,1.0,0.0,19,0.17103000000000002,1,0,0,0
4365,1.0,1.0,0.0,15,0.17084,1,0,0,0
4366,1.0,1.0,0.0,18,0.17065000000000008,1,0,0,0
4367,1.0,1.0,0.0,17,0.17046000000000006,1,0,0,0
4368,1.0,1.0,0.0,21,0.17027000000000003,1,0,0,0
4369,1.0,1.0,0.0,24,0.17008,1,0,0,0
4370,1.0,1.0,0.0,17,0.16988999999999999,1,0,0,0
4371,0.0,0.0,0.0,10,0.16970000000000007,0,1,0,0
4372,1.0,1.0,0.0,15,0.16951000000000005,1,0,0,0
4373,1.0,1.0,0.0,19,0.16932000000000003,1,0,0,0
4374,1.0,1.0,0.0,15,0.16913,1,0,0,0
4375,1.0,1.0,0.0,21,0.16893999999999998,1,0,0,0
4376,0.0,0.0,0.0,9,0.16875000000000007,0,1,0,0
4377,1.0,1.0,0.0,18,0.16856000000000004,1,0,0,0
4378,1.0,1.0,0.0,17,0.16837000000000013,1,0,0,0
4379,0.0,0.0,0.0,9,0.16818,0,1,0,0
4380,0.0,0.0,0.0,19,0.16798999999999997,0,1,0,0
4381,1.0,1.0,0.0,15,0.16780000000000006,1,0,0,0
4382,1.0,1.0,0.0,18,0.16761000000000004,1,0,0,0
4383,0.0,0.0,0.0,15,0.16742000000000012,0,1,0,0
4384,1.0,1.0,0.0,15,0.16723,1,0,0,0
4385,0.0,0.0,0.0,15,0.16703999999999997,0,1,0,0
4386,0.0,0.0,0.0,13,0.16685000000000005,0,1,0,0
4387,1.0,1.0,0.0,15,0.16666000000000003,1,0,0,0
4388,1.0,1.0,0.0,21,0.16647000000000012,1,0,0,0
4389,1.0,1.0,0.0,15,0.16627999999999998,1,0,0,0
4390,1.0,1.0,0.0,19,0.16609000000000007,1,0,0,0
4391,1.0,1.0,0.0,19,0.16590000000000005,1,0,0,0
4392,1.0,1.0,0.0,19,0.16571000000000002,1,0,0,0
4393,1.0,1.0,0.0,17,0.1655200000000001,1,0,0,0
4394,1.0,1.0,0.0,17,0.16532999999999998,1,0,0,0
4395,1.0,1.0,0.0,27,0.16514000000000006,1,0,0,0
4396,0.0,0.0,0.0,17,0.16495000000000004,0,1,0,0
4397,1.0,1.0,0.0,19,0.16476000000000002,1,0,0,0
4398,0.0,0.0,0.0,17,0.1645700000000001,0,1,0,0
4399,1.0,1.0,0.0,24,0.16437999999999997,1,0,0,0
4400,1.0,1.0,0.0,27,0.16419000000000006,1,0,0,0
4401,1.0,1.0,0.0,15,0.16400000000000003,1,0,0,0
4402,0.0,0.0,0.0,15,0.16381,0,1,0,0
4403,1.0,1.0,0.0,15,0.1636200000000001,1,0,0,0
4404,1.0,1.0,0.0,15,0.16342999999999996,1,0,0,0
4405,1.0,1.0,0.0,17,0.16324000000000005,1,0,0,0
4406,1.0,1.0,0.0,17,0.16305000000000003,1,0,0,0
4407,0.0,0.0,0.0,21,0.16286,0,1,0,0
4408,1.0,1.0,0.0,25,0.1626700000000001,1,0,0,0
4409,1.0,1.0,0.0,15,0.16247999999999996,1,0,0,0
4410,1.0,1.0,0.0,19,0.16229000000000005,1,0,0,0
4411,0.0,0.0,0.0,14,0.16210000000000002,0,1,0,0
4412,1.0,1.0,0.0,25,0.1619100000000001,1,0,0,0
4413,1.0,1.0,0.0,19,0.16172000000000009,1,0,0,0
4414,0.0,0.0,0.0,13,0.16152999999999995,0,1,0,0
4415,1.0,1.0,0.0,17,0.16134000000000004,1,0,0,0
4416,1.0,1.0,0.0,21,0.16115000000000002,1,0,0,0
4417,1.0,1.0,0.0,15,0.1609600000000001,1,0,0,0
4418,1.0,1.0,0.0,15,0.16077000000000008,1,0,0,0
4419,1.0,1.0,0.0,17,0.16057999999999995,1,0,0,0
4420,1.0,1.0,0.0,15,0.16039000000000003,1,0,0,0
4421,0.0,0.0,0.0,7,0.1602,0,1,0,0
4422,0.0,0.0,0.0,10,0.1600100000000001,0,1,0,0
4423,0.0,0.0,0.0,10,0.15982000000000007,0,1,0,0
4424,1.0,1.0,0.0,17,0.15962999999999994,1,0,0,0
4425,0.0,0.0,0.0,19,0.15944000000000003,0,1,0,0
4426,1.0,1.0,0.0,19,0.15925,1,0,0,0
4427,1.0,1.0,0.0,30,0.1590600000000001,1,0,0,0
4428,1.0,1.0,0.0,19,0.15887000000000007,1,0,0,0
4429,0.0,0.0,0.0,8,0.15868000000000004,0,1,0,0
4430,1.0,1.0,0.0,17,0.15849000000000002,1,0,0,0
4431,1.0,1.0,0.0,16,0.1583,1,0,0,0
4432,0.0,0.0,0.0,11,0.15811000000000008,0,1,0,0
4433,1.0,1.0,0.0,17,0.15792000000000006,1,0,0,0
4434,1.0,1.0,0.0,15,0.15773000000000004,1,0,0,0
4435,1.0,1.0,0.0,19,0.15754,1,0,0,0
4436,1.0,1.0,0.0,17,0.15735,1,0,0,0
4437,1.0,1.0,0.0,17,0.15716000000000008,1,0,0,0
4438,1.0,1.0,0.0,15,0.15697000000000005,1,0,0,0
4439,1.0,1.0,0.0,15,0.15678000000000014,1,0,0,0
4440,1.0,1.0,0.0,15,0.15659,1,0,0,0
4441,1.0,1.0,0.0,23,0.15639999999999998,1,0,0,0
4442,1.0,1.0,0.0,15,0.15621000000000007,1,0,0,0
4443,1.0,1.0,0.0,17,0.15602000000000005,1,0,0,0
4444,0.0,0.0,0.0,10,0.15583000000000014,0,1,0,0
4445,1.0,1.0,0.0,21,0.15564,1,0,0,0
4446,1.0,1.0,0.0,17,0.15544999999999998,1,0,0,0
4447,1.0,1.0,0.0,15,0.15526000000000006,1,0,0,0
4448,0.0,0.0,0.0,17,0.15507000000000004,0,1,0,0
4449,1.0,1.0,0.0,17,0.15488000000000013,1,0,0,0
4450,1.0,1.0,0.0,25,0.15469,1,0,0,0
4451,1.0,1.0,0.0,19,0.15450000000000008,1,0,0,0
4452,0.0,0.0,0.0,16,0.15431000000000006,0,1,0,0
4453,1.0,1.0,0.0,17,0.15412000000000003,1,0,0,0
4454,1.0,1.0,0.0,27,0.15393000000000012,1,0,0,0
4455,1.0,1.0,0.0,17,0.15374,1,0,0,0
4456,0.0,0.0,0.0,10,0.15355000000000008,0,1,0,0
4457,1.0,1.0,0.0,21,0.15336000000000005,1,0,0,0
4458,1.0,1.0,0.0,17,0.15317000000000003,1,0,0,0
4459,1.0,1.0,0.0,15,0.15298000000000012,1,0,0,0
4460,1.0,1.0,0.0,19,0.15278999999999998,1,0,0,0
4461,0.0,0.0,0.0,10,0.15260000000000007,0,1,0,0
4462,1.0,1.0,0.0,15,0.15241000000000005,1,0,0,0
4463,0.0,0.0,0.0,11,0.15222000000000002,0,1,0,0
4464,1.0,1.0,0.0,17,0.1520300000000001,1,0,0,0
4465,1.0,1.0,0.0,17,0.15183999999999997,1,0,0,0
4466,1.0,1.0,0.0,17,0.15165000000000006,1,0,0,0
4467,1.0,1.0,0.0,25,0.15146000000000004,1,0,0,0
4468,0.0,0.0,0.0,19,0.15127000000000002,0,1,0,0
4469,1.0,1.0,0.0,15,0.1510800000000001,1,0,0,0
4470,1.0,1.0,0.0,19,0.15088999999999997,1,0,0,0
4471,1.0,1.0,0.0,19,0.15070000000000006,1,0,0,0
4472,1.0,1.0,0.0,15,0.15051000000000003,1,0,0,0
4473,1.0,1.0,0.0,18,0.15032000000000012,1,0,0,0
4474,1.0,1.0,0.0,17,0.1501300000000001,1,0,0,0
4475,1.0,1.0,0.0,15,0.14993999999999996,1,0,0,0
4476,0.0,0.0,0.0,11,0.14975000000000005,0,1,0,0
4477,1.0,1.0,0.0,19,0.14956000000000003,1,0,0,0
4478,1.0,1.0,0.0,15,0.1493700000000001,1,0,0,0
4479,1.0,1.0,0.0,17,0.1491800000000001,1,0,0,0
4480,0.0,0.0,0.0,15,0.14898999999999996,0,1,0,0
4481,1.0,1.0,0.0,17,0.14880000000000004,1,0,0,0
4482,0.0,0.0,0.0,11,0.14861000000000002,0,1,0,0
4483,0.0,0.0,0.0,11,0.1484200000000001,0,1,0,0
4484,1.0,1.0,0.0,17,0.14823000000000008,1,0,0,0
4485,0.0,0.0,0.0,8,0.14803999999999995,0,1,0,0
4486,1.0,1.0,0.0,20,0.14785000000000004,1,0,0,0
4487,1.0,1.0,0.0,15,0.14766,1,0,0,0
4488,1.0,1.0,0.0,17,0.1474700000000001,1,0,0,0
4489,1.0,1.0,0.0,17,0.14728000000000008,1,0,0,0
4490,1.0,1.0,0.0,15,0.14709000000000005,1,0,0,0
4491,1.0,1.0,0.0,19,0.14690000000000003,1,0,0,0
4492,1.0,1.0,0.0,15,0.14671,1,0,0,0
4493,0.0,0.0,0.0,17,0.1465200000000001,0,1,0,0
4494,1.0,1.0,0.0,15,0.14633000000000007,1,0,0,0
4495,0.0,0.0,0.0,12,0.14614000000000005,0,1,0,0
4496,1.0,1.0,0.0,19,0.14595000000000002,1,0,0,0
4497,1.0,1.0,0.0,15,0.14576,1,0,0,0
4498,0.0,0.0,0.0,13,0.1455700000000001,0,1,0,0
4499,1.0,1.0,0.0,15,0.14538000000000006,1,0,0,0
4500,1.0,1.0,0.0,19,0.14519000000000004,1,0,0,0
4501,1.0,1.0,0.0,17,0.14500000000000002,1,0,0,0
4502,1.0,1.0,0.0,19,0.14481,1,0,0,0
4503,0.0,0.0,0.0,11,0.14462000000000008,0,1,0,0
4504,1.0,1.0,0.0,15,0.14443000000000006,1,0,0,0
4505,1.0,1.0,0.0,15,0.14424000000000003,1,0,0,0
4506,1.0,1.0,0.0,17,0.14405,1,0,0,0
4507,1.0,1.0,0.0,18,0.14386,1,0,0,0
4508,1.0,1.0,0.0,15,0.14367000000000008,1,0,0,0
4509,1.0,1.0,0.0,19,0.14348000000000005,1,0,0,0
4510,1.0,1.0,0.0,18,0.14329000000000003,1,0,0,0
4511,0.0,0.0,0.0,15,0.1431,0,1,0,0
4512,1.0,1.0,0.0,15,0.1429100000000001,1,0,0,0
4513,0.0,0.0,0.0,14,0.14272000000000007,0,1,0,0
4514,1.0,1.0,0.0,15,0.14253000000000005,1,0,0,0
4515,0.0,0.0,0.0,11,0.14234000000000002,0,1,0,0
4516,1.0,1.0,0.0,19,0.14215,1,0,0,0
4517,1.0,1.0,0.0,17,0.14196000000000009,1,0,0,0
4518,0.0,0.0,0.0,13,0.14177000000000006,0,1,0,0
4519,0.0,0.0,0.0,11,0.14158000000000004,0,1,0,0
4520,1.0,1.0,0.0,17,0.14139000000000002,1,0,0,0
4521,1.0,1.0,0.0,15,0.1412,1,0,0,0
4522,1.0,1.0,0.0,15,0.14101000000000008,1,0,0,0
4523,1.0,1.0,0.0,19,0.14082000000000006,1,0,0,0
4524,1.0,1.0,0.0,18,0.14063000000000003,1,0,0,0
4525,0.0,0.0,0.0,14,0.14044,0,1,0,0
4526,1.0,1.0,0.0,15,0.14024999999999999,1,0,0,0
4527,1.0,1.0,0.0,25,0.14006000000000007,1,0,0,0
4528,1.0,1.0,0.0,26,0.13987000000000005,1,0,0,0
4529,1.0,1.0,0.0,23,0.13968000000000003,1,0,0,0
4530,0.0,0.0,0.0,15,0.13949,0,1,0,0
4531,1.0,1.0,0.0,15,0.13929999999999998,1,0,0,0
4532,0.0,0.0,0.0,12,0.13911000000000007,0,1,0,0
4533,1.0,1.0,0.0,15,0.13892000000000004,1,0,0,0
4534,1.0,1.0,0.0,23,0.13873000000000013,1,0,0,0
4535,1.0,1.0,0.0,16,0.13854,1,0,0,0
4536,1.0,1.0,0.0,15,0.13834999999999997,1,0,0,0
4537,1.0,1.0,0.0,15,0.13816000000000006,1,0,0,0
4538,1.0,1.0,0.0,15,0.13797000000000004,1,0,0,0
4539,1.0,1.0,0.0,19,0.13778000000000012,1,0,0,0
4540,1.0,1.0,0.0,17,0.13759,1,0,0,0
4541,1.0,1.0,0.0,15,0.13739999999999997,1,0,0,0
4542,1.0,1.0,0.0,22,0.13721000000000005,1,0,0,0
4543,1.0,1.0,0.0,19,0.13702000000000003,1,0,0,0
4544,1.0,1.0,0.0,21,0.13683000000000012,1,0,0,0
4545,1.0,1.0,0.0,17,0.13663999999999998,1,0,0,0
4546,1.0,1.0,0.0,17,0.13644999999999996,1,0,0,0
4547,0.0,0.0,0.0,9,0.13626000000000005,0,1,0,0
4548,1.0,1.0,0.0,15,0.13607000000000002,1,0,0,0
4549,1.0,1.0,0.0,17,0.1358800000000001,1,0,0,0
4550,1.0,1.0,0.0,15,0.13568999999999998,1,0,0,0
4551,1.0,1.0,0.0,16,0.13550000000000006,1,0,0,0
4552,1.0,1.0,0.0,19,0.13531000000000004,1,0,0,0
4553,1.0,1.0,0.0,16,0.13512000000000002,1,0,0,0
4554,1.0,1.0,0.0,25,0.1349300000000001,1,0,0,0
4555,1.0,1.0,0.0,20,0.13473999999999997,1,0,0,0
4556,1.0,1.0,0.0,15,0.13455000000000006,1,0,0,0
4557,0.0,0.0,0.0,8,0.13436000000000003,0,1,0,0
4558,0.0,0.0,0.0,18,0.13417,0,1,0,0
4559,1.0,1.0,0.0,23,0.1339800000000001,1,0,0,0
4560,1.0,1.0,0.0,21,0.13378999999999996,1,0,0,0
4561,1.0,1.0,0.0,17,0.13360000000000005,1,0,0,0
4562,1.0,1.0,0.0,17,0.13341000000000003,1,0,0,0
4563,1.0,1.0,0.0,19,0.13322,1,0,0,0
4564,1.0,1.0,0.0,25,0.1330300000000001,1,0,0,0
4565,0.0,0.0,0.0,11,0.13284000000000007,0,1,0,0
4566,0.0,0.0,0.0,12,0.13265000000000005,0,1,0,0
4567,1.0,1.0,0.0,17,0.13246000000000002,1,0,0,0
4568,0.0,0.0,0.0,13,0.13227,0,1,0,0
4569,1.0,1.0,0.0,17,0.1320800000000001,1,0,0,0
4570,1.0,1.0,0.0,17,0.13189000000000006,1,0,0,0
4571,1.0,1.0,0.0,15,0.13170000000000004,1,0,0,0
4572,1.0,1.0,0.0,17,0.13151000000000002,1,0,0,0
4573,1.0,1.0,0.0,15,0.1313200000000001,1,0,0,0
4574,0.0,0.0,0.0,16,0.13113000000000008,0,1,0,0
4575,1.0,1.0,0.0,15,0.13094000000000006,1,0,0,0
4576,0.0,0.0,0.0,9,0.13075000000000003,0,1,0,0
4577,1.0,1.0,0.0,20,0.13056,1,0,0,0
4578,1.0,1.0,0.0,15,0.1303700000000001,1,0,0,0
4579,0.0,0.0,0.0,7,0.13018000000000007,0,1,0,0
4580,1.0,1.0,0.0,17,0.12999000000000005,1,0,0,0
4581,1.0,1.0,0.0,17,0.12980000000000003,1,0,0,0
4582,1.0,1.0,0.0,17,0.12961,1,0,0,0
4583,1.0,1.0,0.0,16,0.1294200000000001,1,0,0,0
4584,1.0,1.0,0.0,17,0.12923000000000007,1,0,0,0
4585,1.0,1.0,0.0,17,0.12904000000000004,1,0,0,0
4586,1.0,1.0,0.0,25,0.12885000000000002,1,0,0,0
4587,1.0,1.0,0.0,16,0.12866,1,0,0,0
4588,1.0,1.0,0.0,19,0.12847000000000008,1,0,0,0
4589,1.0,1.0,0.0,17,0.12828000000000006,1,0,0,0
4590,0.0,0.0,0.0,15,0.12809000000000004,0,1,0,0
4591,1.0,1.0,0.0,15,0.1279,1,0,0,0
4592,1.0,1.0,0.0,19,0.12771,1,0,0,0
4593,1.0,1.0,0.0,21,0.12752000000000008,1,0,0,0
4594,1.0,1.0,0.0,15,0.12733000000000005,1,0,0,0
4595,1.0,1.0,0.0,16,0.12714000000000014,1,0,0,0
4596,1.0,1.0,0.0,17,0.12695,1,0,0,0
4597,1.0,1.0,0.0,17,0.12675999999999998,1,0,0,0
4598,0.0,0.0,0.0,11,0.12657000000000007,0,1,0,0
4599,1.0,1.0,0.0,17,0.12638000000000005,1,0,0,0
4600,1.0,1.0,0.0,19,0.12619000000000014,1,0,0,0
4601,1.0,1.0,0.0,17,0.126,1,0,0,0
4602,1.0,1.0,0.0,19,0.12580999999999998,1,0,0,0
4603,1.0,1.0,0.0,21,0.12562000000000006,1,0,0,0
4604,1.0,1.0,0.0,17,0.12543000000000004,1,0,0,0
4605,1.0,1.0,0.0,15,0.12524000000000013,1,0,0,0
4606,1.0,1.0,0.0,15,0.12505,1,0,0,0
4607,1.0,1.0,0.0,15,0.12485999999999997,1,0,0,0
4608,1.0,1.0,0.0,19,0.12467000000000006,1,0,0,0
4609,1.0,1.0,0.0,18,0.12448000000000004,1,0,0,0
4610,0.0,0.0,0.0,8,0.12429000000000012,0,1,0,0
4611,1.0,1.0,0.0,15,0.12409999999999999,1,0,0,0
4612,1.0,1.0,0.0,15,0.12391000000000008,1,0,0,0
4613,1.0,1.0,0.0,21,0.12372000000000005,1,0,0,0
4614,1.0,1.0,0.0,19,0.12353000000000003,1,0,0,0
4615,1.0,1.0,0.0,16,0.12334000000000012,1,0,0,0
4616,1.0,1.0,0.0,18,0.12314999999999998,1,0,0,0
4617,1.0,1.0,0.0,17,0.12296000000000007,1,0,0,0
4618,1.0,1.0,0.0,15,0.12277000000000005,1,0,0,0
4619,0.0,0.0,0.0,7,0.12258000000000002,0,1,0,0
4620,1.0,1.0,0.0,15,0.12239000000000011,1,0,0,0
4621,1.0,1.0,0.0,19,0.12219999999999998,1,0,0,0
4622,1.0,1.0,0.0,15,0.12201000000000006,1,0,0,0
4623,1.0,1.0,0.0,21,0.12182000000000004,1,0,0,0
4624,0.0,0.0,0.0,15,0.12163000000000002,0,1,0,0
4625,1.0,1.0,0.0,19,0.1214400000000001,1,0,0,0
4626,1.0,1.0,0.0,17,0.12124999999999997,1,0,0,0
4627,1.0,1.0,0.0,15,0.12106000000000006,1,0,0,0
4628,1.0,1.0,0.0,15,0.12087000000000003,1,0,0,0
4629,1.0,1.0,0.0,15,0.12068000000000001,1,0,0,0
4630,1.0,1.0,0.0,21,0.1204900000000001,1,0,0,0
4631,1.0,1.0,0.0,17,0.12029999999999996,1,0,0,0
4632,0.0,0.0,0.0,14,0.12011000000000005,0,1,0,0
4633,1.0,1.0,0.0,18,0.11992000000000003,1,0,0,0
4634,0.0,0.0,0.0,15,0.11973000000000011,0,1,0,0
4635,1.0,1.0,0.0,15,0.11954000000000009,1,0,0,0
4636,1.0,1.0,0.0,17,0.11934999999999996,1,0,0,0
4637,1.0,1.0,0.0,15,0.11916000000000004,1,0,0,0
4638,0.0,0.0,0.0,12,0.11897000000000002,0,1,0,0
4639,1.0,1.0,0.0,19,0.11878000000000011,1,0,0,0
4640,1.0,1.0,0.0,15,0.11859000000000008,1,0,0,0
4641,1.0,1.0,0.0,19,0.11839999999999995,1,0,0,0
4642,0.0,0.0,0.0,12,0.11821000000000004,0,1,0,0
4643,1.0,1.0,0.0,17,0.11802000000000001,1,0,0,0
4644,1.0,1.0,0.0,17,0.1178300000000001,1,0,0,0
4645,1.0,1.0,0.0,17,0.11764000000000008,1,0,0,0
4646,1.0,1.0,0.0,17,0.11744999999999994,1,0,0,0
4647,1.0,1.0,0.0,15,0.11726000000000003,1,0,0,0
4648,1.0,1.0,0.0,16,0.11707000000000001,1,0,0,0
4649,0.0,0.0,0.0,16,0.1168800000000001,0,1,0,0
4650,1.0,1.0,0.0,15,0.11669000000000007,1,0,0,0
4651,1.0,1.0,0.0,17,0.11650000000000005,1,0,0,0
4652,1.0,1.0,0.0,18,0.11631000000000002,1,0,0,0
4653,1.0,1.0,0.0,15,0.11612,1,0,0,0
4654,1.0,1.0,0.0,18,0.11593000000000009,1,0,0,0
4655,1.0,1.0,0.0,15,0.11574000000000007,1,0,0,0
4656,1.0,1.0,0.0,15,0.11555000000000004,1,0,0,0
4657,1.0,1.0,0.0,17,0.11536000000000002,1,0,0,0
4658,1.0,1.0,0.0,17,0.11517,1,0,0,0
4659,1.0,1.0,0.0,17,0.11498000000000008,1,0,0,0
4660,1.0,1.0,0.0,17,0.11479000000000006,1,0,0,0
4661,1.0,1.0,0.0,21,0.11460000000000004,1,0,0,0
4662,1.0,1.0,0.0,17,0.11441000000000001,1,0,0,0
4663,1.0,1.0,0.0,15,0.11421999999999999,1,0,0,0
4664,1.0,1.0,0.0,17,0.11403000000000008,1,0,0,0
4665,1.0,1.0,0.0,15,0.11384000000000005,1,0,0,0
4666,0.0,0.0,0.0,13,0.11365000000000003,0,1,0,0
4667,1.0,1.0,0.0,15,0.11346,1,0,0,0
4668,0.0,0.0,0.0,11,0.11326999999999998,0,1,0,0
4669,1.0,1.0,0.0,15,0.11308000000000007,1,0,0,0
4670,1.0,1.0,0.0,17,0.11289000000000005,1,0,0,0
4671,1.0,1.0,0.0,22,0.11270000000000002,1,0,0,0
4672,1.0,1.0,0.0,15,0.11251,1,0,0,0
4673,1.0,1.0,0.0,17,0.11232000000000009,1,0,0,0
4674,1.0,1.0,0.0,18,0.11213000000000006,1,0,0,0
4675,1.0,1.0,0.0,15,0.11194000000000004,1,0,0,0
4676,1.0,1.0,0.0,15,0.11175000000000002,1,0,0,0
4677,1.0,1.0,0.0,17,0.11155999999999999,1,0,0,0
4678,1.0,1.0,0.0,15,0.11137000000000008,1,0,0,0
4679,1.0,1.0,0.0,15,0.11118000000000006,1,0,0,0
4680,1.0,1.0,0.0,17,0.11099000000000003,1,0,0,0
4681,1.0,1.0,0.0,17,0.11080000000000001,1,0,0,0
4682,1.0,1.0,0.0,15,0.11060999999999999,1,0,0,0
4683,0.0,0.0,0.0,7,0.11042000000000007,0,1,0,0
4684,1.0,1.0,0.0,23,0.11023000000000005,1,0,0,0
4685,1.0,1.0,0.0,15,0.11004000000000003,1,0,0,0
4686,1.0,1.0,0.0,19,0.10985,1,0,0,0
4687,1.0,1.0,0.0,15,0.10965999999999998,1,0,0,0
4688,1.0,1.0,0.0,17,0.10947000000000007,1,0,0,0
4689,1.0,1.0,0.0,17,0.10928000000000004,1,0,0,0
4690,1.0,1.0,0.0,15,0.10909000000000002,1,0,0,0
4691,1.0,1.0,0.0,15,0.10890000000000011,1,0,0,0
4692,1.0,1.0,0.0,15,0.10870999999999997,1,0,0,0
4693,1.0,1.0,0.0,17,0.10852000000000006,1,0,0,0
4694,1.0,1.0,0.0,15,0.10833000000000004,1,0,0,0
4695,0.0,0.0,0.0,13,0.10814000000000012,0,1,0,0
4696,1.0,1.0,0.0,17,0.1079500000000001,1,0,0,0
4697,1.0,1.0,0.0,19,0.10775999999999997,1,0,0,0
4698,1.0,1.0,0.0,15,0.10757000000000005,1,0,0,0
4699,0.0,0.0,0.0,8,0.10738000000000003,0,1,0,0
4700,1.0,1.0,0.0,15,0.10719000000000012,1,0,0,0
4701,0.0,0.0,0.0,16,0.1070000000000001,0,1,0,0
4702,1.0,1.0,0.0,21,0.10680999999999996,1,0,0,0
4703,1.0,1.0,0.0,15,0.10662000000000005,1,0,0,0
4704,1.0,1.0,0.0,21,0.10643000000000002,1,0,0,0
4705,1.0,1.0,0.0,17,0.10624000000000011,1,0,0,0
4706,0.0,0.0,0.0,20,0.10605000000000009,0,1,0,0
4707,0.0,0.0,0.0,12,0.10585999999999995,0,1,0,0
4708,1.0,1.0,0.0,17,0.10567000000000004,1,0,0,0
4709,0.0,0.0,0.0,9,0.10548000000000002,0,1,0,0
4710,1.0,1.0,0.0,15,0.1052900000000001,1,0,0,0
4711,0.0,0.0,0.0,15,0.10510000000000008,0,1,0,0
4712,1.0,1.0,0.0,17,0.10491000000000006,1,0,0,0
4713,1.0,1.0,0.0,15,0.10472000000000004,1,0,0,0
4714,0.0,0.0,0.0,17,0.10453000000000001,0,1,0,0
4715,1.0,1.0,0.0,19,0.1043400000000001,1,0,0,0
4716,0.0,0.0,0.0,8,0.10415000000000008,0,1,0,0
4717,0.0,0.0,0.0,9,0.10396000000000005,0,1,0,0
4718,1.0,1.0,0.0,15,0.10377000000000003,1,0,0,0
4719,0.0,0.0,0.0,9,0.10358,0,1,0,0
4720,1.0,1.0,0.0,19,0.10339000000000009,1,0,0,0
4721,1.0,1.0,0.0,15,0.10320000000000007,1,0,0,0
4722,1.0,1.0,0.0,17,0.10301000000000005,1,0,0,0
4723,1.0,1.0,0.0,15,0.10282000000000002,1,0,0,0
4724,1.0,1.0,0.0,15,0.10263,1,0,0,0
4725,1.0,1.0,0.0,19,0.10244000000000009,1,0,0,0
4726,1.0,1.0,0.0,19,0.10225000000000006,1,0,0,0
4727,1.0,1.0,0.0,15,0.10206000000000004,1,0,0,0
4728,1.0,1.0,0.0,19,0.10187000000000002,1,0,0,0
4729,1.0,1.0,0.0,15,0.10167999999999999,1,0,0,0
4730,1.0,1.0,0.0,17,0.10149000000000008,1,0,0,0
4731,1.0,1.0,0.0,17,0.10130000000000006,1,0,0,0
4732,0.0,0.0,0.0,13,0.10111000000000003,0,1,0,0
4733,1.0,1.0,0.0,15,0.10092000000000001,1,0,0,0
4734,1.0,1.0,0.0,15,0.1007300000000001,1,0,0,0
4735,0.0,0.0,0.0,9,0.10054000000000007,0,1,0,0
4736,1.0,1.0,0.0,15,0.10035000000000005,1,0,0,0
4737,1.0,1.0,0.0,21,0.10016000000000003,1,0,0,0
4738,1.0,1.0,0.0,15,0.09997,1,0,0,0
4739,1.0,1.0,0.0,15,0.09978000000000009,1,0,0,0
4740,1.0,1.0,0.0,15,0.09959000000000007,1,0,0,0
4741,1.0,1.0,0.0,17,0.09940000000000004,1,0,0,0
4742,1.0,1.0,0.0,17,0.09921000000000002,1,0,0,0
4743,1.0,1.0,0.0,15,0.09902,1,0,0,0
4744,1.0,1.0,0.0,17,0.09883000000000008,1,0,0,0
4745,1.0,1.0,0.0,15,0.09864000000000006,1,0,0,0
4746,0.0,0.0,0.0,7,0.09845000000000004,0,1,0,0
4747,1.0,1.0,0.0,15,0.09826000000000001,1,0,0,0
4748,1.0,1.0,0.0,15,0.09806999999999999,1,0,0,0
4749,1.0,1.0,0.0,16,0.09788000000000008,1,0,0,0
4750,1.0,1.0,0.0,15,0.09769000000000005,1,0,0,0
4751,1.0,1.0,0.0,19,0.09750000000000003,1,0,0,0
4752,1.0,1.0,0.0,15,0.09731000000000001,1,0,0,0
4753,1.0,1.0,0.0,17,0.09711999999999998,1,0,0,0
4754,1.0,1.0,0.0,17,0.09693000000000007,1,0,0,0
4755,1.0,1.0,0.0,17,0.09674000000000005,1,0,0,0
4756,1.0,1.0,0.0,17,0.09655000000000014,1,0,0,0
4757,0.0,0.0,0.0,15,0.09636,0,1,0,0
4758,1.0,1.0,0.0,20,0.09616999999999998,1,0,0,0
4759,1.0,1.0,0.0,17,0.09598000000000007,1,0,0,0
4760,1.0,1.0,0.0,23,0.09579000000000004,1,0,0,0
4761,1.0,1.0,0.0,15,0.09560000000000013,1,0,0,0
4762,1.0,1.0,0.0,15,0.09541,1,0,0,0
4763,1.0,1.0,0.0,16,0.09521999999999997,1,0,0,0
4764,1.0,1.0,0.0,17,0.09503000000000006,1,0,0,0
4765,1.0,1.0,0.0,15,0.09484000000000004,1,0,0,0
4766,0.0,0.0,0.0,9,0.09465000000000012,0,1,0,0
4767,1.0,1.0,0.0,17,0.09445999999999999,1,0,0,0
4768,1.0,1.0,0.0,15,0.09426999999999996,1,0,0,0
4769,0.0,0.0,0.0,15,0.09408000000000005,0,1,0,0
4770,0.0,0.0,0.0,13,0.09389000000000003,0,1,0,0
4771,1.0,1.0,0.0,15,0.09370000000000012,1,0,0,0
4772,1.0,1.0,0.0,15,0.09350999999999998,1,0,0,0
4773,1.0,1.0,0.0,15,0.09332000000000007,1,0,0,0
4774,1.0,1.0,0.0,19,0.09313000000000005,1,0,0,0
4775,1.0,1.0,0.0,17,0.09294000000000002,1,0,0,0
4776,1.0,1.0,0.0,19,0.09275000000000011,1,0,0,0
4777,1.0,1.0,0.0,17,0.09255999999999998,1,0,0,0
4778,0.0,0.0,0.0,10,0.09237000000000006,0,1,0,0
4779,1.0,1.0,0.0,15,0.09218000000000004,1,0,0,0
4780,1.0,1.0,0.0,18,0.09199000000000002,1,0,0,0
4781,1.0,1.0,0.0,17,0.0918000000000001,1,0,0,0
4782,1.0,1.0,0.0,15,0.09160999999999997,1,0,0,0
4783,1.0,1.0,0.0,15,0.09142000000000006,1,0,0,0
4784,1.0,1.0,0.0,15,0.09123000000000003,1,0,0,0
4785,1.0,1.0,0.0,15,0.09104000000000001,1,0,0,0
4786,0.0,0.0,0.0,7,0.0908500000000001,0,1,0,0
4787,0.0,0.0,0.0,9,0.09065999999999996,0,1,0,0
4788,0.0,0.0,0.0,13,0.09047000000000005,0,1,0,0
4789,1.0,1.0,0.0,15,0.09028000000000003,1,0,0,0
4790,0.0,0.0,0.0,9,0.09009,0,1,0,0
4791,1.0,1.0,0.0,21,0.08990000000000009,1,0,0,0
4792,1.0,1.0,0.0,17,0.08970999999999996,1,0,0,0
4793,0.0,0.0,0.0,13,0.08952000000000004,0,1,0,0
4794,1.0,1.0,0.0,15,0.08933000000000002,1,0,0,0
4795,1.0,1.0,0.0,17,0.08914000000000011,1,0,0,0
4796,0.0,0.0,0.0,12,0.08895000000000008,0,1,0,0
4797,1.0,1.0,0.0,15,0.08875999999999995,1,0,0,0
4798,0.0,0.0,0.0,12,0.08857000000000004,0,1,0,0
4799,1.0,1.0,0.0,15,0.08838000000000001,1,0,0,0
4800,0.0,0.0,0.0,11,0.0881900000000001,0,1,0,0
4801,1.0,1.0,0.0,15,0.08800000000000008,1,0,0,0
4802,0.0,0.0,0.0,11,0.08780999999999994,0,1,0,0
4803,1.0,1.0,0.0,15,0.08762000000000003,1,0,0,0
4804,1.0,1.0,0.0,21,0.08743000000000001,1,0,0,0
4805,1.0,1.0,0.0,17,0.0872400000000001,1,0,0,0
4806,1.0,1.0,0.0,19,0.08705000000000007,1,0,0,0
4807,1.0,1.0,0.0,17,0.08685999999999994,1,0,0,0
4808,1.0,1.0,0.0,17,0.08667000000000002,1,0,0,0
4809,1.0,1.0,0.0,17,0.08648,1,0,0,0
4810,1.0,1.0,0.0,17,0.08629000000000009,1,0,0,0
4811,1.0,1.0,0.0,15,0.08610000000000007,1,0,0,0
4812,1.0,1.0,0.0,15,0.08591000000000004,1,0,0,0
4813,0.0,0.0,0.0,13,0.08572000000000002,0,1,0,0
4814,1.0,1.0,0.0,15,0.08553,1,0,0,0
4815,1.0,1.0,0.0,17,0.08534000000000008,1,0,0,0
4816,1.0,1.0,0.0,15,0.08515000000000006,1,0,0,0
4817,1.0,1.0,0.0,15,0.08496000000000015,1,0,0,0
4818,1.0,1.0,0.0,17,0.08477000000000001,1,0,0,0
4819,1.0,1.0,0.0,17,0.08457999999999999,1,0,0,0
4820,1.0,1.0,0.0,15,0.08439000000000008,1,0,0,0
4821,1.0,1.0,0.0,15,0.08420000000000005,1,0,0,0
4822,1.0,1.0,0.0,15,0.08401000000000014,1,0,0,0
4823,1.0,1.0,0.0,17,0.08382,1,0,0,0
4824,1.0,1.0,0.0,15,0.08362999999999998,1,0,0,0
4825,1.0,1.0,0.0,17,0.08344000000000007,1,0,0,0
4826,1.0,1.0,0.0,17,0.08325000000000005,1,0,0,0
4827,1.0,1.0,0.0,15,0.08306000000000013,1,0,0,0
4828,1.0,1.0,0.0,15,0.08287,1,0,0,0
4829,1.0,1.0,0.0,19,0.08267999999999998,1,0,0,0
4830,1.0,1.0,0.0,21,0.08249000000000006,1,0,0,0
4831,1.0,1.0,0.0,15,0.08230000000000004,1,0,0,0
4832,1.0,1.0,0.0,17,0.08211000000000013,1,0,0,0
4833,1.0,1.0,0.0,15,0.08191999999999999,1,0,0,0
4834,1.0,1.0,0.0,17,0.08173000000000008,1,0,0,0
4835,0.0,0.0,0.0,12,0.08154000000000006,0,1,0,0
4836,0.0,0.0,0.0,9,0.08135000000000003,0,1,0,0
4837,0.0,0.0,0.0,10,0.08116000000000012,0,1,0,0
4838,1.0,1.0,0.0,20,0.08096999999999999,1,0,0,0
4839,1.0,1.0,0.0,20,0.08078000000000007,1,0,0,0
4840,1.0,1.0,0.0,17,0.08059000000000005,1,0,0,0
4841,1.0,1.0,0.0,15,0.08040000000000003,1,0,0,0
4842,0.0,0.0,0.0,15,0.08021000000000011,0,1,0,0
4843,1.0,1.0,0.0,15,0.08001999999999998,1,0,0,0
4844,1.0,1.0,0.0,17,0.07983000000000007,1,0,0,0
4845,1.0,1.0,0.0,17,0.07964000000000004,1,0,0,0
4846,1.0,1.0,0.0,19,0.07945000000000002,1,0,0,0
4847,1.0,1.0,0.0,15,0.07926000000000011,1,0,0,0
4848,1.0,1.0,0.0,15,0.07906999999999997,1,0,0,0
4849,1.0,1.0,0.0,15,0.07888000000000006,1,0,0,0
4850,1.0,1.0,0.0,15,0.07869000000000004,1,0,0,0
4851,1.0,1.0,0.0,17,0.07850000000000001,1,0,0,0
4852,0.0,0.0,0.0,18,0.0783100000000001,0,1,0,0
4853,1.0,1.0,0.0,17,0.07811999999999997,1,0,0,0
4854,1.0,1.0,0.0,15,0.07793000000000005,1,0,0,0
4855,1.0,1.0,0.0,17,0.07774000000000003,1,0,0,0
4856,0.0,0.0,0.0,9,0.07755000000000012,0,1,0,0
4857,1.0,1.0,0.0,19,0.0773600000000001,1,0,0,0
4858,1.0,1.0,0.0,18,0.07716999999999996,1,0,0,0
4859,0.0,0.0,0.0,16,0.07698000000000005,0,1,0,0
4860,1.0,1.0,0.0,17,0.07679000000000002,1,0,0,0
4861,1.0,1.0,0.0,19,0.07660000000000011,1,0,0,0
4862,1.0,1.0,0.0,15,0.07641000000000009,1,0,0,0
4863,1.0,1.0,0.0,19,0.07621999999999995,1,0,0,0
4864,1.0,1.0,0.0,15,0.07603000000000004,1,0,0,0
4865,1.0,1.0,0.0,15,0.07584000000000002,1,0,0,0
4866,1.0,1.0,0.0,19,0.0756500000000001,1,0,0,0
4867,1.0,1.0,0.0,15,0.07546000000000008,1,0,0,0
4868,1.0,1.0,0.0,15,0.07526999999999995,1,0,0,0
4869,1.0,1.0,0.0,15,0.07508000000000004,1,0,0,0
4870,1.0,1.0,0.0,15,0.07489000000000001,1,0,0,0
4871,1.0,1.0,0.0,23,0.0747000000000001,1,0,0,0
4872,1.0,1.0,0.0,15,0.07451000000000008,1,0,0,0
4873,1.0,1.0,0.0,15,0.07432000000000005,1,0,0,0
4874,1.0,1.0,0.0,17,0.07413000000000003,1,0,0,0
4875,1.0,1.0,0.0,15,0.07394,1,0,0,0
4876,1.0,1.0,0.0,19,0.0737500000000001,1,0,0,0
4877,1.0,1.0,0.0,15,0.07356000000000007,1,0,0,0
4878,1.0,1.0,0.0,15,0.07337000000000005,1,0,0,0
4879,1.0,1.0,0.0,15,0.07318000000000002,1,0,0,0
4880,1.0,1.0,0.0,17,0.07299,1,0,0,0
4881,0.0,0.0,0.0,9,0.07280000000000009,0,1,0,0
4882,0.0,0.0,0.0,8,0.07261000000000006,0,1,0,0
4883,1.0,1.0,0.0,19,0.07242000000000004,1,0,0,0
4884,1.0,1.0,0.0,17,0.07223000000000002,1,0,0,0
4885,1.0,1.0,0.0,17,0.07203999999999999,1,0,0,0
4886,1.0,1.0,0.0,17,0.07185000000000008,1,0,0,0
4887,1.0,1.0,0.0,15,0.07166000000000006,1,0,0,0
4888,1.0,1.0,0.0,23,0.07147000000000003,1,0,0,0
4889,0.0,0.0,0.0,15,0.07128000000000001,0,1,0,0
4890,1.0,1.0,0.0,15,0.07108999999999999,1,0,0,0
4891,1.0,1.0,0.0,15,0.07090000000000007,1,0,0,0
4892,1.0,1.0,0.0,17,0.07071000000000005,1,0,0,0
4893,1.0,1.0,0.0,15,0.07052000000000003,1,0,0,0
4894,1.0,1.0,0.0,15,0.07033,1,0,0,0
4895,1.0,1.0,0.0,15,0.07014000000000009,1,0,0,0
4896,1.0,1.0,0.0,15,0.06995000000000007,1,0,0,0
4897,1.0,1.0,0.0,17,0.06976000000000004,1,0,0,0
4898,1.0,1.0,0.0,15,0.06957000000000002,1,0,0,0
4899,1.0,1.0,0.0,15,0.06938,1,0,0,0
4900,1.0,1.0,0.0,15,0.06919000000000008,1,0,0,0
4901,1.0,1.0,0.0,15,0.06900000000000006,1,0,0,0
4902,0.0,0.0,0.0,14,0.06881000000000004,0,1,0,0
4903,1.0,1.0,0.0,15,0.06862000000000001,1,0,0,0
4904,0.0,0.0,0.0,12,0.06842999999999999,0,1,0,0
4905,1.0,1.0,0.0,15,0.06824000000000008,1,0,0,0
4906,1.0,1.0,0.0,17,0.06805000000000005,1,0,0,0
4907,1.0,1.0,0.0,17,0.06786000000000003,1,0,0,0
4908,1.0,1.0,0.0,15,0.06767000000000001,1,0,0,0
4909,1.0,1.0,0.0,15,0.06747999999999998,1,0,0,0
4910,1.0,1.0,0.0,15,0.06729000000000007,1,0,0,0
4911,1.0,1.0,0.0,17,0.06710000000000005,1,0,0,0
4912,1.0,1.0,0.0,15,0.06691000000000003,1,0,0,0
4913,1.0,1.0,0.0,15,0.06672,1,0,0,0
4914,1.0,1.0,0.0,16,0.06652999999999998,1,0,0,0
4915,1.0,1.0,0.0,15,0.06634000000000007,1,0,0,0
4916,1.0,1.0,0.0,18,0.06615000000000004,1,0,0,0
4917,1.0,1.0,0.0,18,0.06596000000000013,1,0,0,0
4918,0.0,0.0,0.0,10,0.06577,0,1,0,0
4919,1.0,1.0,0.0,17,0.06557999999999997,1,0,0,0
4920,1.0,1.0,0.0,17,0.06539000000000006,1,0,0,0
4921,1.0,1.0,0.0,15,0.06520000000000004,1,0,0,0
4922,1.0,1.0,0.0,16,0.06501000000000012,1,0,0,0
4923,1.0,1.0,0.0,17,0.06481999999999999,1,0,0,0
4924,0.0,0.0,0.0,9,0.06462999999999997,0,1,0,0
4925,1.0,1.0,0.0,17,0.06444000000000005,1,0,0,0
4926,1.0,1.0,0.0,15,0.06425000000000003,1,0,0,0
4927,0.0,0.0,0.0,12,0.06406000000000012,0,1,0,0
4928,1.0,1.0,0.0,15,0.06386999999999998,1,0,0,0
4929,1.0,1.0,0.0,15,0.06367999999999996,1,0,0,0
4930,1.0,1.0,0.0,15,0.06349000000000005,1,0,0,0
4931,1.0,1.0,0.0,15,0.06330000000000002,1,0,0,0
4932,1.0,1.0,0.0,15,0.06311000000000011,1,0,0,0
4933,1.0,1.0,0.0,17,0.06291999999999998,1,0,0,0
4934,1.0,1.0,0.0,15,0.06273000000000006,1,0,0,0
4935,1.0,1.0,0.0,15,0.06254000000000004,1,0,0,0
4936,1.0,1.0,0.0,15,0.062350000000000017,1,0,0,0
4937,0.0,0.0,0.0,12,0.062160000000000104,0,1,0,0
4938,1.0,1.0,0.0,17,0.06196999999999997,1,0,0,0
4939,0.0,0.0,0.0,13,0.06178000000000006,0,1,0,0
4940,1.0,1.0,0.0,15,0.061590000000000034,1,0,0,0
4941,1.0,1.0,0.0,15,0.06140000000000001,1,0,0,0
4942,1.0,1.0,0.0,15,0.0612100000000001,1,0,0,0
4943,1.0,1.0,0.0,15,0.061020000000000074,1,0,0,0
4944,1.0,1.0,0.0,17,0.06083000000000005,1,0,0,0
4945,1.0,1.0,0.0,15,0.06064000000000003,1,0,0,0
4946,1.0,1.0,0.0,15,0.060450000000000004,1,0,0,0
4947,1.0,1.0,0.0,15,0.06026000000000009,1,0,0,0
4948,1.0,1.0,0.0,15,0.06007000000000007,1,0,0,0
4949,1.0,1.0,0.0,15,0.059880000000000044,1,0,0,0
4950,1.0,1.0,0.0,15,0.05969000000000002,1,0,0,0
4951,0.0,0.0,0.0,13,0.0595,0,1,0,0
4952,1.0,1.0,0.0,15,0.059310000000000085,1,0,0,0
4953,1.0,1.0,0.0,15,0.05912000000000006,1,0,0,0
4954,1.0,1.0,0.0,15,0.05893000000000004,1,0,0,0
4955,1.0,1.0,0.0,15,0.058740000000000014,1,0,0,0
4956,1.0,1.0,0.0,17,0.0585500000000001,1,0,0,0
4957,1.0,1.0,0.0,15,0.05836000000000008,1,0,0,0
4958,1.0,1.0,0.0,15,0.058170000000000055,1,0,0,0
4959,1.0,1.0,0.0,15,0.05798000000000003,1,0,0,0
4960,1.0,1.0,0.0,17,0.05779000000000001,1,0,0,0
4961,0.0,0.0,0.0,13,0.057600000000000096,0,1,0,0
4962,1.0,1.0,0.0,15,0.05741000000000007,1,0,0,0
4963,1.0,1.0,0.0,15,0.05722000000000005,1,0,0,0
4964,1.0,1.0,0.0,15,0.057030000000000025,1,0,0,0
4965,1.0,1.0,0.0,15,0.05684,1,0,0,0
4966,1.0,1.0,0.0,15,0.05665000000000009,1,0,0,0
4967,1.0,1.0,0.0,15,0.056460000000000066,1,0,0,0
4968,1.0,1.0,0.0,15,0.05627000000000004,1,0,0,0
4969,1.0,1.0,0.0,15,0.05608000000000002,1,0,0,0
4970,1.0,1.0,0.0,15,0.055889999999999995,1,0,0,0
4971,0.0,0.0,0.0,8,0.05570000000000008,0,1,0,0
4972,1.0,1.0,0.0,15,0.05551000000000006,1,0,0,0
4973,1.0,1.0,0.0,15,0.055320000000000036,1,0,0,0
4974,1.0,1.0,0.0,15,0.05513000000000001,1,0,0,0
4975,1.0,1.0,0.0,15,0.05493999999999999,1,0,0,0
4976,1.0,1.0,0.0,15,0.054750000000000076,1,0,0,0
4977,1.0,1.0,0.0,17,0.05456000000000005,1,0,0,0
4978,1.0,1.0,0.0,15,0.05437000000000014,1,0,0,0
4979,1.0,1.0,0.0,15,0.054180000000000006,1,0,0,0
4980,1.0,1.0,0.0,17,0.05398999999999998,1,0,0,0
4981,1.0,1.0,0.0,15,0.05380000000000007,1,0,0,0
4982,1.0,1.0,0.0,15,0.053610000000000047,1,0,0,0
4983,1.0,1.0,0.0,15,0.053420000000000134,1,0,0,0
4984,1.0,1.0,0.0,15,0.05323,1,0,0,0
4985,1.0,1.0,0.0,15,0.053039999999999976,1,0,0,0
4986,1.0,1.0,0.0,15,0.052850000000000064,1,0,0,0
4987,1.0,1.0,0.0,15,0.05266000000000004,1,0,0,0
4988,1.0,1.0,0.0,17,0.05247000000000013,1,0,0,0
4989,1.0,1.0,0.0,15,0.05227999999999999,1,0,0,0
4990,1.0,1.0,0.0,21,0.05208999999999997,1,0,0,0
4991,1.0,1.0,0.0,17,0.05190000000000006,1,0,0,0
4992,0.0,0.0,0.0,9,0.051710000000000034,0,1,0,0
4993,1.0,1.0,0.0,15,0.05152000000000012,1,0,0,0
4994,1.0,1.0,0.0,15,0.05132999999999999,1,0,0,0
4995,1.0,1.0,0.0,15,0.051140000000000074,1,0,0,0
4996,1.0,1.0,0.0,15,0.05095000000000005,1,0,0,0
4997,0.0,0.0,0.0,8,0.05076000000000003,0,1,0,0
4998,1.0,1.0,0.0,17,0.050570000000000115,1,0,0,0
4999,1.0,1.0,0.0,15,0.05037999999999998,1,0,0,0
5000,0.0,0.0,0.0,10,0.05019000000000007,0,1,0,0
5001,1.0,1.0,0.0,17,0.05,1,0,0,0
5002,1.0,1.0,0.0,15,0.05,1,0,0,0
5003,1.0,1.0,0.0,15,0.05,1,0,0,0
5004,1.0,1.0,0.0,15,0.05,1,0,0,0
5005,1.0,1.0,0.0,17,0.05,1,0,0,0
5006,1.0,1.0,0.0,15,0.05,1,0,0,0
5007,1.0,1.0,0.0,15,0.05,1,0,0,0
5008,1.0,1.0,0.0,17,0.05,1,0,0,0
5009,1.0,1.0,0.0,15,0.05,1,0,0,0
5010,1.0,1.0,0.0,15,0.05,1,0,0,0
5011,0.0,0.0,0.0,10,0.05,0,1,0,0
5012,0.0,0.0,0.0,13,0.05,0,1,0,0
5013,1.0,1.0,0.0,15,0.05,1,0,0,0
5014,1.0,1.0,0.0,17,0.05,1,0,0,0
5015,1.0,1.0,0.0,17,0.05,1,0,0,0
5016,1.0,1.0,0.0,17,0.05,1,0,0,0
5017,1.0,1.0,0.0,15,0.05,1,0,0,0
5018,1.0,1.0,0.0,15,0.05,1,0,0,0
5019,1.0,1.0,0.0,21,0.05,1,0,0,0
5020,1.0,1.0,0.0,17,0.05,1,0,0,0
5021,1.0,1.0,0.0,15,0.05,1,0,0,0
5022,1.0,1.0,0.0,17,0.05,1,0,0,0
5023,1.0,1.0,0.0,17,0.05,1,0,0,0
5024,1.0,1.0,0.0,15,0.05,1,0,0,0
5025,1.0,1.0,0.0,15,0.05,1,0,0,0
5026,1.0,1.0,0.0,15,0.05,1,0,0,0
5027,1.0,1.0,0.0,15,0.05,1,0,0,0
5028,1.0,1.0,0.0,15,0.05,1,0,0,0
5029,0.0,0.0,0.0,8,0.05,0,1,0,0
5030,1.0,1.0,0.0,15,0.05,1,0,0,0
5031,1.0,1.0,0.0,15,0.05,1,0,0,0
5032,1.0,1.0,0.0,19,0.05,1,0,0,0
5033,1.0,1.0,0.0,15,0.05,1,0,0,0
5034,0.0,0.0,0.0,10,0.05,0,1,0,0
5035,0.0,0.0,0.0,12,0.05,0,1,0,0
5036,1.0,1.0,0.0,15,0.05,1,0,0,0
5037,1.0,1.0,0.0,17,0.05,1,0,0,0
5038,1.0,1.0,0.0,15,0.05,1,0,0,0
5039,1.0,1.0,0.0,17,0.05,1,0,0,0
5040,1.0,1.0,0.0,15,0.05,1,0,0,0
5041,1.0,1.0,0.0,17,0.05,1,0,0,0
5042,1.0,1.0,0.0,15,0.05,1,0,0,0
5043,1.0,1.0,0.0,15,0.05,1,0,0,0
5044,1.0,1.0,0.0,15,0.05,1,0,0,0
5045,1.0,1.0,0.0,21,0.05,1,0,0,0
5046,1.0,1.0,0.0,17,0.05,1,0,0,0
5047,1.0,1.0,0.0,15,0.05,1,0,0,0
5048,0.0,0.0,0.0,11,0.05,0,1,0,0
5049,1.0,1.0,0.0,15,0.05,1,0,0,0
5050,1.0,1.0,0.0,15,0.05,1,0,0,0
5051,1.0,1.0,0.0,15,0.05,1,0,0,0
5052,1.0,1.0,0.0,15,0.05,1,0,0,0
5053,1.0,1.0,0.0,15,0.05,1,0,0,0
5054,0.0,0.0,0.0,12,0.05,0,1,0,0
5055,1.0,1.0,0.0,15,0.05,1,0,0,0
5056,1.0,1.0,0.0,15,0.05,1,0,0,0
5057,1.0,1.0,0.0,15,0.05,1,0,0,0
5058,0.0,0.0,0.0,9,0.05,0,1,0,0
5059,1.0,1.0,0.0,19,0.05,1,0,0,0
5060,1.0,1.0,0.0,15,0.05,1,0,0,0
5061,0.0,0.0,0.0,15,0.05,0,1,0,0
5062,1.0,1.0,0.0,15,0.05,1,0,0,0
5063,1.0,1.0,0.0,15,0.05,1,0,0,0
5064,1.0,1.0,0.0,15,0.05,1,0,0,0
5065,1.0,1.0,0.0,18,0.05,1,0,0,0
5066,0.0,0.0,0.0,10,0.05,0,1,0,0
5067,0.0,0.0,0.0,13,0.05,0,1,0,0
5068,1.0,1.0,0.0,15,0.05,1,0,0,0
5069,1.0,1.0,0.0,15,0.05,1,0,0,0
5070,1.0,1.0,0.0,17,0.05,1,0,0,0
5071,1.0,1.0,0.0,17,0.05,1,0,0,0
5072,1.0,1.0,0.0,15,0.05,1,0,0,0
5073,1.0,1.0,0.0,19,0.05,1,0,0,0
5074,0.0,0.0,0.0,13,0.05,0,1,0,0
5075,1.0,1.0,0.0,17,0.05,1,0,0,0
5076,1.0,1.0,0.0,15,0.05,1,0,0,0
5077,1.0,1.0,0.0,15,0.05,1,0,0,0
5078,0.0,0.0,0.0,12,0.05,0,1,0,0
5079,1.0,1.0,0.0,15,0.05,1,0,0,0
5080,1.0,1.0,0.0,15,0.05,1,0,0,0
5081,1.0,1.0,0.0,15,0.05,1,0,0,0
5082,1.0,1.0,0.0,15,0.05,1,0,0,0
5083,1.0,1.0,0.0,17,0.05,1,0,0,0
5084,1.0,1.0,0.0,19,0.05,1,0,0,0
5085,1.0,1.0,0.0,15,0.05,1,0,0,0
5086,1.0,1.0,0.0,17,0.05,1,0,0,0
5087,1.0,1.0,0.0,17,0.05,1,0,0,0
5088,1.0,1.0,0.0,16,0.05,1,0,0,0
5089,1.0,1.0,0.0,15,0.05,1,0,0,0
5090,1.0,1.0,0.0,17,0.05,1,0,0,0
5091,1.0,1.0,0.0,15,0.05,1,0,0,0
5092,1.0,1.0,0.0,15,0.05,1,0,0,0
5093,1.0,1.0,0.0,15,0.05,1,0,0,0
5094,1.0,1.0,0.0,15,0.05,1,0,0,0
5095,1.0,1.0,0.0,15,0.05,1,0,0,0
5096,1.0,1.0,0.0,15,0.05,1,0,0,0
5097,1.0,1.0,0.0,17,0.05,1,0,0,0
5098,1.0,1.0,0.0,15,0.05,1,0,0,0
5099,1.0,1.0,0.0,15,0.05,1,0,0,0
5100,1.0,1.0,0.0,15,0.05,1,0,0,0
5101,1.0,1.0,0.0,17,0.05,1,0,0,0
5102,0.0,0.0,0.0,7,0.05,0,1,0,0
5103,0.0,0.0,0.0,7,0.05,0,1,0,0
5104,1.0,1.0,0.0,17,0.05,1,0,0,0
5105,1.0,1.0,0.0,15,0.05,1,0,0,0
5106,1.0,1.0,0.0,17,0.05,1,0,0,0
5107,1.0,1.0,0.0,16,0.05,1,0,0,0
5108,1.0,1.0,0.0,15,0.05,1,0,0,0
5109,1.0,1.0,0.0,15,0.05,1,0,0,0
5110,0.0,0.0,0.0,12,0.05,0,1,0,0
5111,1.0,1.0,0.0,15,0.05,1,0,0,0
5112,1.0,1.0,0.0,15,0.05,1,0,0,0
5113,1.0,1.0,0.0,17,0.05,1,0,0,0
5114,1.0,1.0,0.0,15,0.05,1,0,0,0
5115,1.0,1.0,0.0,17,0.05,1,0,0,0
5116,1.0,1.0,0.0,15,0.05,1,0,0,0
5117,1.0,1.0,0.0,15,0.05,1,0,0,0
5118,1.0,1.0,0.0,15,0.05,1,0,0,0
5119,1.0,1.0,0.0,17,0.05,1,0,0,0
5120,1.0,1.0,0.0,17,0.05,1,0,0,0
5121,0.0,0.0,0.0,8,0.05,0,1,0,0
5122,1.0,1.0,0.0,17,0.05,1,0,0,0
5123,1.0,1.0,0.0,15,0.05,1,0,0,0
5124,1.0,1.0,0.0,15,0.05,1,0,0,0
5125,1.0,1.0,0.0,15,0.05,1,0,0,0
5126,1.0,1.0,0.0,15,0.05,1,0,0,0
5127,1.0,1.0,0.0,19,0.05,1,0,0,0
5128,1.0,1.0,0.0,15,0.05,1,0,0,0
5129,1.0,1.0,0.0,17,0.05,1,0,0,0
5130,1.0,1.0,0.0,18,0.05,1,0,0,0
5131,1.0,1.0,0.0,15,0.05,1,0,0,0
5132,1.0,1.0,0.0,15,0.05,1,0,0,0
5133,1.0,1.0,0.0,15,0.05,1,0,0,0
5134,1.0,1.0,0.0,15,0.05,1,0,0,0
5135,1.0,1.0,0.0,17,0.05,1,0,0,0
5136,1.0,1.0,0.0,15,0.05,1,0,0,0
5137,1.0,1.0,0.0,17,0.05,1,0,0,0
5138,1.0,1.0,0.0,15,0.05,1,0,0,0
5139,0.0,0.0,0.0,9,0.05,0,1,0,0
5140,1.0,1.0,0.0,19,0.05,1,0,0,0
5141,1.0,1.0,0.0,15,0.05,1,0,0,0
5142,1.0,1.0,0.0,15,0.05,1,0,0,0
5143,1.0,1.0,0.0,15,0.05,1,0,0,0
5144,1.0,1.0,0.0,17,0.05,1,0,0,0
5145,1.0,1.0,0.0,15,0.05,1,0,0,0
5146,1.0,1.0,0.0,15,0.05,1,0,0,0
5147,1.0,1.0,0.0,15,0.05,1,0,0,0
5148,1.0,1.0,0.0,15,0.05,1,0,0,0
5149,1.0,1.0,0.0,15,0.05,1,0,0,0
5150,1.0,1.0,0.0,17,0.05,1,0,0,0
5151,1.0,1.0,0.0,15,0.05,1,0,0,0
5152,1.0,1.0,0.0,17,0.05,1,0,0,0
5153,1.0,1.0,0.0,15,0.05,1,0,0,0
5154,1.0,1.0,0.0,15,0.05,1,0,0,0
5155,1.0,1.0,0.0,15,0.05,1,0,0,0
5156,1.0,1.0,0.0,15,0.05,1,0,0,0
5157,1.0,1.0,0.0,15,0.05,1,0,0,0
5158,1.0,1.0,0.0,15,0.05,1,0,0,0
5159,1.0,1.0,0.0,15,0.05,1,0,0,0
5160,1.0,1.0,0.0,17,0.05,1,0,0,0
5161,1.0,1.0,0.0,20,0.05,1,0,0,0
5162,0.0,0.0,0.0,11,0.05,0,1,0,0
5163,1.0,1.0,0.0,17,0.05,1,0,0,0
5164,1.0,1.0,0.0,15,0.05,1,0,0,0
5165,1.0,1.0,0.0,15,0.05,1,0,0,0
5166,1.0,1.0,0.0,17,0.05,1,0,0,0
5167,1.0,1.0,0.0,15,0.05,1,0,0,0
5168,1.0,1.0,0.0,17,0.05,1,0,0,0
5169,1.0,1.0,0.0,17,0.05,1,0,0,0
5170,1.0,1.0,0.0,15,0.05,1,0,0,0
5171,1.0,1.0,0.0,15,0.05,1,0,0,0
5172,0.0,0.0,0.0,17,0.05,0,1,0,0
5173,0.0,0.0,0.0,9,0.05,0,1,0,0
5174,1.0,1.0,0.0,15,0.05,1,0,0,0
5175,1.0,1.0,0.0,15,0.05,1,0,0,0
5176,1.0,1.0,0.0,15,0.05,1,0,0,0
5177,1.0,1.0,0.0,15,0.05,1,0,0,0
5178,1.0,1.0,0.0,15,0.05,1,0,0,0
5179,1.0,1.0,0.0,15,0.05,1,0,0,0
5180,1.0,1.0,0.0,15,0.05,1,0,0,0
5181,1.0,1.0,0.0,15,0.05,1,0,0,0
5182,1.0,1.0,0.0,15,0.05,1,0,0,0
5183,1.0,1.0,0.0,15,0.05,1,0,0,0
5184,1.0,1.0,0.0,15,0.05,1,0,0,0
5185,1.0,1.0,0.0,15,0.05,1,0,0,0
5186,1.0,1.0,0.0,15,0.05,1,0,0,0
5187,1.0,1.0,0.0,15,0.05,1,0,0,0
5188,1.0,1.0,0.0,15,0.05,1,0,0,0
5189,1.0,1.0,0.0,15,0.05,1,0,0,0
5190,0.0,0.0,0.0,12,0.05,0,1,0,0
5191,1.0,1.0,0.0,15,0.05,1,0,0,0
5192,1.0,1.0,0.0,15,0.05,1,0,0,0
5193,1.0,1.0,0.0,15,0.05,1,0,0,0
5194,1.0,1.0,0.0,17,0.05,1,0,0,0
5195,1.0,1.0,0.0,15,0.05,1,0,0,0
5196,1.0,1.0,0.0,15,0.05,1,0,0,0
5197,1.0,1.0,0.0,15,0.05,1,0,0,0
5198,1.0,1.0,0.0,15,0.05,1,0,0,0
5199,1.0,1.0,0.0,15,0.05,1,0,0,0
5200,1.0,1.0,0.0,15,0.05,1,0,0,0
5201,0.0,0.0,0.0,13,0.05,0,1,0,0
5202,1.0,1.0,0.0,15,0.05,1,0,0,0
5203,1.0,1.0,0.0,15,0.05,1,0,0,0
5204,1.0,1.0,0.0,15,0.05,1,0,0,0
5205,1.0,1.0,0.0,15,0.05,1,0,0,0
5206,1.0,1.0,0.0,15,0.05,1,0,0,0
5207,1.0,1.0,0.0,15,0.05,1,0,0,0
5208,1.0,1.0,0.0,17,0.05,1,0,0,0
5209,1.0,1.0,0.0,15,0.05,1,0,0,0
5210,1.0,1.0,0.0,17,0.05,1,0,0,0
5211,1.0,1.0,0.0,15,0.05,1,0,0,0
5212,1.0,1.0,0.0,15,0.05,1,0,0,0
5213,1.0,1.0,0.0,16,0.05,1,0,0,0
5214,1.0,1.0,0.0,15,0.05,1,0,0,0
5215,1.0,1.0,0.0,15,0.05,1,0,0,0
5216,1.0,1.0,0.0,15,0.05,1,0,0,0
5217,1.0,1.0,0.0,15,0.05,1,0,0,0
5218,1.0,1.0,0.0,17,0.05,1,0,0,0
5219,1.0,1.0,0.0,15,0.05,1,0,0,0
5220,0.0,0.0,0.0,11,0.05,0,1,0,0
5221,1.0,1.0,0.0,17,0.05,1,0,0,0
5222,1.0,1.0,0.0,15,0.05,1,0,0,0
5223,1.0,1.0,0.0,15,0.05,1,0,0,0
5224,1.0,1.0,0.0,15,0.05,1,0,0,0
5225,1.0,1.0,0.0,15,0.05,1,0,0,0
5226,1.0,1.0,0.0,17,0.05,1,0,0,0
5227,1.0,1.0,0.0,15,0.05,1,0,0,0
5228,1.0,1.0,0.0,16,0.05,1,0,0,0
5229,0.0,0.0,0.0,14,0.05,0,1,0,0
5230,1.0,1.0,0.0,17,0.05,1,0,0,0
5231,1.0,1.0,0.0,17,0.05,1,0,0,0
5232,0.0,0.0,0.0,11,0.05,0,1,0,0
5233,1.0,1.0,0.0,15,0.05,1,0,0,0
5234,1.0,1.0,0.0,15,0.05,1,0,0,0
5235,1.0,1.0,0.0,15,0.05,1,0,0,0
5236,1.0,1.0,0.0,15,0.05,1,0,0,0
5237,1.0,1.0,0.0,15,0.05,1,0,0,0
5238,1.0,1.0,0.0,15,0.05,1,0,0,0
5239,1.0,1.0,0.0,15,0.05,1,0,0,0
5240,1.0,1.0,0.0,15,0.05,1,0,0,0
5241,1.0,1.0,0.0,15,0.05,1,0,0,0
5242,1.0,1.0,0.0,15,0.05,1,0,0,0
5243,1.0,1.0,0.0,15,0.05,1,0,0,0
5244,1.0,1.0,0.0,15,0.05,1,0,0,0
5245,1.0,1.0,0.0,17,0.05,1,0,0,0
5246,1.0,1.0,0.0,15,0.05,1,0,0,0
5247,1.0,1.0,0.0,15,0.05,1,0,0,0
5248,0.0,0.0,0.0,17,0.05,0,1,0,0
5249,1.0,1.0,0.0,17,0.05,1,0,0,0
5250,1.0,1.0,0.0,15,0.05,1,0,0,0
5251,1.0,1.0,0.0,15,0.05,1,0,0,0
5252,0.0,0.0,0.0,17,0.05,0,1,0,0
5253,1.0,1.0,0.0,15,0.05,1,0,0,0
5254,0.0,0.0,0.0,9,0.05,0,1,0,0
5255,1.0,1.0,0.0,15,0.05,1,0,0,0
5256,1.0,1.0,0.0,15,0.05,1,0,0,0
5257,1.0,1.0,0.0,15,0.05,1,0,0,0
5258,1.0,1.0,0.0,17,0.05,1,0,0,0
5259,1.0,1.0,0.0,17,0.05,1,0,0,0
5260,1.0,1.0,0.0,15,0.05,1,0,0,0
5261,1.0,1.0,0.0,15,0.05,1,0,0,0
5262,1.0,1.0,0.0,17,0.05,1,0,0,0
5263,1.0,1.0,0.0,17,0.05,1,0,0,0
5264,1.0,1.0,0.0,15,0.05,1,0,0,0
5265,1.0,1.0,0.0,15,0.05,1,0,0,0
5266,1.0,1.0,0.0,17,0.05,1,0,0,0
5267,1.0,1.0,0.0,15,0.05,1,0,0,0
5268,1.0,1.0,0.0,15,0.05,1,0,0,0
5269,1.0,1.0,0.0,17,0.05,1,0,0,0
5270,1.0,1.0,0.0,15,0.05,1,0,0,0
5271,0.0,0.0,0.0,8,0.05,0,1,0,0
5272,1.0,1.0,0.0,15,0.05,1,0,0,0
5273,1.0,1.0,0.0,15,0.05,1,0,0,0
5274,1.0,1.0,0.0,15,0.05,1,0,0,0
5275,1.0,1.0,0.0,15,0.05,1,0,0,0
5276,1.0,1.0,0.0,15,0.05,1,0,0,0
5277,1.0,1.0,0.0,15,0.05,1,0,0,0
5278,1.0,1.0,0.0,17,0.05,1,0,0,0
5279,1.0,1.0,0.0,15,0.05,1,0,0,0
5280,1.0,1.0,0.0,15,0.05,1,0,0,0
5281,1.0,1.0,0.0,15,0.05,1,0,0,0
5282,1.0,1.0,0.0,15,0.05,1,0,0,0
5283,1.0,1.0,0.0,15,0.05,1,0,0,0
5284,1.0,1.0,0.0,15,0.05,1,0,0,0
5285,0.0,0.0,0.0,9,0.05,0,1,0,0
5286,1.0,1.0,0.0,15,0.05,1,0,0,0
5287,1.0,1.0,0.0,15,0.05,1,0,0,0
5288,1.0,1.0,0.0,15,0.05,1,0,0,0
5289,1.0,1.0,0.0,17,0.05,1,0,0,0
5290,0.0,0.0,0.0,15,0.05,0,1,0,0
5291,0.0,0.0,0.0,15,0.05,0,1,0,0
5292,0.0,0.0,0.0,8,0.05,0,1,0,0
5293,1.0,1.0,0.0,15,0.05,1,0,0,0
5294,1.0,1.0,0.0,16,0.05,1,0,0,0
5295,1.0,1.0,0.0,17,0.05,1,0,0,0
5296,1.0,1.0,0.0,15,0.05,1,0,0,0
5297,1.0,1.0,0.0,19,0.05,1,0,0,0
5298,1.0,1.0,0.0,15,0.05,1,0,0,0
5299,1.0,1.0,0.0,17,0.05,1,0,0,0
5300,0.0,0.0,0.0,10,0.05,0,1,0,0
5301,1.0,1.0,0.0,15,0.05,1,0,0,0
5302,1.0,1.0,0.0,15,0.05,1,0,0,0
5303,1.0,1.0,0.0,19,0.05,1,0,0,0
5304,1.0,1.0,0.0,15,0.05,1,0,0,0
5305,1.0,1.0,0.0,17,0.05,1,0,0,0
5306,1.0,1.0,0.0,15,0.05,1,0,0,0
5307,1.0,1.0,0.0,15,0.05,1,0,0,0
5308,1.0,1.0,0.0,17,0.05,1,0,0,0
5309,1.0,1.0,0.0,15,0.05,1,0,0,0
5310,1.0,1.0,0.0,15,0.05,1,0,0,0
5311,0.0,0.0,0.0,17,0.05,0,1,0,0
5312,1.0,1.0,0.0,17,0.05,1,0,0,0
5313,1.0,1.0,0.0,15,0.05,1,0,0,0
5314,1.0,1.0,0.0,15,0.05,1,0,0,0
5315,1.0,1.0,0.0,17,0.05,1,0,0,0
5316,1.0,1.0,0.0,15,0.05,1,0,0,0
5317,1.0,1.0,0.0,15,0.05,1,0,0,0
5318,1.0,1.0,0.0,15,0.05,1,0,0,0
5319,1.0,1.0,0.0,15,0.05,1,0,0,0
5320,1.0,1.0,0.0,15,0.05,1,0,0,0
5321,1.0,1.0,0.0,15,0.05,1,0,0,0
5322,1.0,1.0,0.0,17,0.05,1,0,0,0
5323,1.0,1.0,0.0,15,0.05,1,0,0,0
5324,0.0,0.0,0.0,10,0.05,0,1,0,0
5325,0.0,0.0,0.0,9,0.05,0,1,0,0
5326,1.0,1.0,0.0,15,0.05,1,0,0,0
5327,1.0,1.0,0.0,15,0.05,1,0,0,0
5328,1.0,1.0,0.0,15,0.05,1,0,0,0
5329,1.0,1.0,0.0,15,0.05,1,0,0,0
5330,1.0,1.0,0.0,15,0.05,1,0,0,0
5331,0.0,0.0,0.0,13,0.05,0,1,0,0
5332,1.0,1.0,0.0,15,0.05,1,0,0,0
5333,0.0,0.0,0.0,8,0.05,0,1,0,0
5334,1.0,1.0,0.0,15,0.05,1,0,0,0
5335,1.0,1.0,0.0,15,0.05,1,0,0,0
5336,1.0,1.0,0.0,17,0.05,1,0,0,0
5337,1.0,1.0,0.0,15,0.05,1,0,0,0
5338,1.0,1.0,0.0,15,0.05,1,0,0,0
5339,1.0,1.0,0.0,16,0.05,1,0,0,0
5340,1.0,1.0,0.0,17,0.05,1,0,0,0
5341,1.0,1.0,0.0,15,0.05,1,0,0,0
5342,1.0,1.0,0.0,15,0.05,1,0,0,0
5343,1.0,1.0,0.0,17,0.05,1,0,0,0
5344,1.0,1.0,0.0,15,0.05,1,0,0,0
5345,1.0,1.0,0.0,15,0.05,1,0,0,0
5346,0.0,0.0,0.0,19,0.05,0,1,0,0
5347,1.0,1.0,0.0,15,0.05,1,0,0,0
5348,1.0,1.0,0.0,17,0.05,1,0,0,0
5349,1.0,1.0,0.0,17,0.05,1,0,0,0
5350,1.0,1.0,0.0,15,0.05,1,0,0,0
5351,1.0,1.0,0.0,15,0.05,1,0,0,0
5352,1.0,1.0,0.0,17,0.05,1,0,0,0
5353,0.0,0.0,0.0,9,0.05,0,1,0,0
5354,1.0,1.0,0.0,15,0.05,1,0,0,0
5355,1.0,1.0,0.0,17,0.05,1,0,0,0
5356,1.0,1.0,0.0,19,0.05,1,0,0,0
5357,1.0,1.0,0.0,16,0.05,1,0,0,0
5358,1.0,1.0,0.0,15,0.05,1,0,0,0
5359,1.0,1.0,0.0,15,0.05,1,0,0,0
5360,1.0,1.0,0.0,19,0.05,1,0,0,0
5361,1.0,1.0,0.0,15,0.05,1,0,0,0
5362,1.0,1.0,0.0,19,0.05,1,0,0,0
5363,1.0,1.0,0.0,15,0.05,1,0,0,0
5364,1.0,1.0,0.0,17,0.05,1,0,0,0
5365,1.0,1.0,0.0,17,0.05,1,0,0,0
5366,0.0,0.0,0.0,10,0.05,0,1,0,0
5367,1.0,1.0,0.0,17,0.05,1,0,0,0
5368,1.0,1.0,0.0,15,0.05,1,0,0,0
5369,1.0,1.0,0.0,17,0.05,1,0,0,0
5370,1.0,1.0,0.0,17,0.05,1,0,0,0
5371,1.0,1.0,0.0,15,0.05,1,0,0,0
5372,1.0,1.0,0.0,15,0.05,1,0,0,0
5373,1.0,1.0,0.0,15,0.05,1,0,0,0
5374,1.0,1.0,0.0,15,0.05,1,0,0,0
5375,1.0,1.0,0.0,15,0.05,1,0,0,0
5376,1.0,1.0,0.0,15,0.05,1,0,0,0
5377,1.0,1.0,0.0,15,0.05,1,0,0,0
5378,1.0,1.0,0.0,17,0.05,1,0,0,0
5379,0.0,0.0,0.0,9,0.05,0,1,0,0
5380,1.0,1.0,0.0,17,0.05,1,0,0,0
5381,1.0,1.0,0.0,15,0.05,1,0,0,0
5382,1.0,1.0,0.0,18,0.05,1,0,0,0
5383,1.0,1.0,0.0,17,0.05,1,0,0,0
5384,1.0,1.0,0.0,15,0.05,1,0,0,0
5385,1.0,1.0,0.0,15,0.05,1,0,0,0
5386,1.0,1.0,0.0,15,0.05,1,0,0,0
5387,1.0,1.0,0.0,15,0.05,1,0,0,0
5388,1.0,1.0,0.0,17,0.05,1,0,0,0
5389,1.0,1.0,0.0,15,0.05,1,0,0,0
5390,1.0,1.0,0.0,15,0.05,1,0,0,0
5391,1.0,1.0,0.0,15,0.05,1,0,0,0
5392,1.0,1.0,0.0,15,0.05,1,0,0,0
5393,0.0,0.0,0.0,8,0.05,0,1,0,0
5394,1.0,1.0,0.0,18,0.05,1,0,0,0
5395,1.0,1.0,0.0,15,0.05,1,0,0,0
5396,0.0,0.0,0.0,9,0.05,0,1,0,0
5397,1.0,1.0,0.0,15,0.05,1,0,0,0
5398,1.0,1.0,0.0,17,0.05,1,0,0,0
5399,1.0,1.0,0.0,15,0.05,1,0,0,0
5400,1.0,1.0,0.0,15,0.05,1,0,0,0
5401,1.0,1.0,0.0,17,0.05,1,0,0,0
5402,1.0,1.0,0.0,15,0.05,1,0,0,0
5403,1.0,1.0,0.0,15,0.05,1,0,0,0
5404,1.0,1.0,0.0,15,0.05,1,0,0,0
5405,1.0,1.0,0.0,15,0.05,1,0,0,0
5406,0.0,0.0,0.0,12,0.05,0,1,0,0
5407,1.0,1.0,0.0,15,0.05,1,0,0,0
5408,1.0,1.0,0.0,17,0.05,1,0,0,0
5409,1.0,1.0,0.0,17,0.05,1,0,0,0
5410,1.0,1.0,0.0,15,0.05,1,0,0,0
5411,1.0,1.0,0.0,17,0.05,1,0,0,0
5412,1.0,1.0,0.0,17,0.05,1,0,0,0
5413,1.0,1.0,0.0,17,0.05,1,0,0,0
5414,1.0,1.0,0.0,15,0.05,1,0,0,0
5415,1.0,1.0,0.0,17,0.05,1,0,0,0
5416,1.0,1.0,0.0,19,0.05,1,0,0,0
5417,1.0,1.0,0.0,15,0.05,1,0,0,0
5418,1.0,1.0,0.0,15,0.05,1,0,0,0
5419,1.0,1.0,0.0,15,0.05,1,0,0,0
5420,1.0,1.0,0.0,17,0.05,1,0,0,0
5421,1.0,1.0,0.0,18,0.05,1,0,0,0
5422,1.0,1.0,0.0,15,0.05,1,0,0,0
5423,1.0,1.0,0.0,17,0.05,1,0,0,0
5424,1.0,1.0,0.0,15,0.05,1,0,0,0
5425,1.0,1.0,0.0,15,0.05,1,0,0,0
5426,0.0,0.0,0.0,13,0.05,0,1,0,0
5427,0.0,0.0,0.0,10,0.05,0,1,0,0
5428,1.0,1.0,0.0,15,0.05,1,0,0,0
5429,1.0,1.0,0.0,15,0.05,1,0,0,0
5430,1.0,1.0,0.0,15,0.05,1,0,0,0
5431,0.0,0.0,0.0,12,0.05,0,1,0,0
5432,1.0,1.0,0.0,15,0.05,1,0,0,0
5433,1.0,1.0,0.0,16,0.05,1,0,0,0
5434,1.0,1.0,0.0,17,0.05,1,0,0,0
5435,1.0,1.0,0.0,15,0.05,1,0,0,0
5436,1.0,1.0,0.0,15,0.05,1,0,0,0
5437,1.0,1.0,0.0,15,0.05,1,0,0,0
5438,1.0,1.0,0.0,15,0.05,1,0,0,0
5439,0.0,0.0,0.0,10,0.05,0,1,0,0
5440,1.0,1.0,0.0,15,0.05,1,0,0,0
5441,1.0,1.0,0.0,15,0.05,1,0,0,0
5442,1.0,1.0,0.0,15,0.05,1,0,0,0
5443,1.0,1.0,0.0,17,0.05,1,0,0,0
5444,1.0,1.0,0.0,17,0.05,1,0,0,0
5445,1.0,1.0,0.0,17,0.05,1,0,0,0
5446,1.0,1.0,0.0,15,0.05,1,0,0,0
5447,1.0,1.0,0.0,17,0.05,1,0,0,0
5448,1.0,1.0,0.0,15,0.05,1,0,0,0
5449,1.0,1.0,0.0,15,0.05,1,0,0,0
5450,1.0,1.0,0.0,15,0.05,1,0,0,0
5451,0.0,0.0,0.0,10,0.05,0,1,0,0
5452,1.0,1.0,0.0,15,0.05,1,0,0,0
5453,1.0,1.0,0.0,17,0.05,1,0,0,0
5454,1.0,1.0,0.0,15,0.05,1,0,0,0
5455,1.0,1.0,0.0,15,0.05,1,0,0,0
5456,1.0,1.0,0.0,15,0.05,1,0,0,0
5457,1.0,1.0,0.0,15,0.05,1,0,0,0
5458,1.0,1.0,0.0,15,0.05,1,0,0,0
5459,0.0,0.0,0.0,10,0.05,0,1,0,0
5460,1.0,1.0,0.0,17,0.05,1,0,0,0
5461,1.0,1.0,0.0,18,0.05,1,0,0,0
5462,1.0,1.0,0.0,15,0.05,1,0,0,0
5463,1.0,1.0,0.0,17,0.05,1,0,0,0
5464,1.0,1.0,0.0,15,0.05,1,0,0,0
5465,0.0,0.0,0.0,15,0.05,0,1,0,0
5466,1.0,1.0,0.0,15,0.05,1,0,0,0
5467,1.0,1.0,0.0,19,0.05,1,0,0,0
5468,1.0,1.0,0.0,20,0.05,1,0,0,0
5469,1.0,1.0,0.0,15,0.05,1,0,0,0
5470,1.0,1.0,0.0,15,0.05,1,0,0,0
5471,1.0,1.0,0.0,15,0.05,1,0,0,0
5472,1.0,1.0,0.0,15,0.05,1,0,0,0
5473,1.0,1.0,0.0,15,0.05,1,0,0,0
5474,1.0,1.0,0.0,17,0.05,1,0,0,0
5475,1.0,1.0,0.0,15,0.05,1,0,0,0
5476,0.0,0.0,0.0,19,0.05,0,1,0,0
5477,1.0,1.0,0.0,15,0.05,1,0,0,0
5478,1.0,1.0,0.0,15,0.05,1,0,0,0
5479,1.0,1.0,0.0,15,0.05,1,0,0,0
5480,1.0,1.0,0.0,15,0.05,1,0,0,0
5481,1.0,1.0,0.0,15,0.05,1,0,0,0
5482,1.0,1.0,0.0,18,0.05,1,0,0,0
5483,1.0,1.0,0.0,17,0.05,1,0,0,0
5484,1.0,1.0,0.0,17,0.05,1,0,0,0
5485,1.0,1.0,0.0,15,0.05,1,0,0,0
5486,1.0,1.0,0.0,15,0.05,1,0,0,0
5487,1.0,1.0,0.0,15,0.05,1,0,0,0
5488,1.0,1.0,0.0,15,0.05,1,0,0,0
5489,1.0,1.0,0.0,15,0.05,1,0,0,0
5490,1.0,1.0,0.0,17,0.05,1,0,0,0
5491,1.0,1.0,0.0,15,0.05,1,0,0,0
5492,1.0,1.0,0.0,15,0.05,1,0,0,0
5493,1.0,1.0,0.0,17,0.05,1,0,0,0
5494,1.0,1.0,0.0,15,0.05,1,0,0,0
5495,1.0,1.0,0.0,17,0.05,1,0,0,0
5496,1.0,1.0,0.0,15,0.05,1,0,0,0
5497,1.0,1.0,0.0,15,0.05,1,0,0,0
5498,1.0,1.0,0.0,15,0.05,1,0,0,0
5499,1.0,1.0,0.0,15,0.05,1,0,0,0
5500,1.0,1.0,0.0,15,0.05,1,0,0,0
5501,1.0,1.0,0.0,15,0.05,1,0,0,0
5502,1.0,1.0,0.0,15,0.05,1,0,0,0
5503,0.0,0.0,0.0,17,0.05,0,1,0,0
5504,1.0,1.0,0.0,15,0.05,1,0,0,0
5505,1.0,1.0,0.0,15,0.05,1,0,0,0
5506,1.0,1.0,0.0,15,0.05,1,0,0,0
5507,1.0,1.0,0.0,15,0.05,1,0,0,0
5508,1.0,1.0,0.0,15,0.05,1,0,0,0
5509,1.0,1.0,0.0,15,0.05,1,0,0,0
5510,1.0,1.0,0.0,17,0.05,1,0,0,0
5511,1.0,1.0,0.0,15,0.05,1,0,0,0
5512,1.0,1.0,0.0,15,0.05,1,0,0,0
5513,1.0,1.0,0.0,15,0.05,1,0,0,0
5514,1.0,1.0,0.0,15,0.05,1,0,0,0
5515,1.0,1.0,0.0,15,0.05,1,0,0,0
5516,1.0,1.0,0.0,17,0.05,1,0,0,0
5517,1.0,1.0,0.0,15,0.05,1,0,0,0
5518,1.0,1.0,0.0,15,0.05,1,0,0,0
5519,0.0,0.0,0.0,13,0.05,0,1,0,0
5520,0.0,0.0,0.0,17,0.05,0,1,0,0
5521,1.0,1.0,0.0,17,0.05,1,0,0,0
5522,1.0,1.0,0.0,15,0.05,1,0,0,0
5523,1.0,1.0,0.0,15,0.05,1,0,0,0
5524,1.0,1.0,0.0,19,0.05,1,0,0,0
5525,1.0,1.0,0.0,15,0.05,1,0,0,0
5526,1.0,1.0,0.0,15,0.05,1,0,0,0
5527,1.0,1.0,0.0,21,0.05,1,0,0,0
5528,1.0,1.0,0.0,19,0.05,1,0,0,0
5529,1.0,1.0,0.0,15,0.05,1,0,0,0
5530,1.0,1.0,0.0,15,0.05,1,0,0,0
5531,1.0,1.0,0.0,15,0.05,1,0,0,0
5532,1.0,1.0,0.0,15,0.05,1,0,0,0
5533,1.0,1.0,0.0,15,0.05,1,0,0,0
5534,1.0,1.0,0.0,15,0.05,1,0,0,0
5535,1.0,1.0,0.0,19,0.05,1,0,0,0
5536,1.0,1.0,0.0,15,0.05,1,0,0,0
5537,1.0,1.0,0.0,15,0.05,1,0,0,0
5538,1.0,1.0,0.0,15,0.05,1,0,0,0
5539,1.0,1.0,0.0,15,0.05,1,0,0,0
5540,1.0,1.0,0.0,15,0.05,1,0,0,0
5541,1.0,1.0,0.0,15,0.05,1,0,0,0
5542,0.0,0.0,0.0,8,0.05,0,1,0,0
5543,1.0,1.0,0.0,15,0.05,1,0,0,0
5544,1.0,1.0,0.0,15,0.05,1,0,0,0
5545,1.0,1.0,0.0,15,0.05,1,0,0,0
5546,1.0,1.0,0.0,15,0.05,1,0,0,0
5547,1.0,1.0,0.0,15,0.05,1,0,0,0
5548,1.0,1.0,0.0,15,0.05,1,0,0,0
5549,1.0,1.0,0.0,15,0.05,1,0,0,0
5550,1.0,1.0,0.0,15,0.05,1,0,0,0
5551,1.0,1.0,0.0,17,0.05,1,0,0,0
5552,1.0,1.0,0.0,15,0.05,1,0,0,0
5553,1.0,1.0,0.0,15,0.05,1,0,0,0
5554,0.0,0.0,0.0,10,0.05,0,1,0,0
5555,1.0,1.0,0.0,17,0.05,1,0,0,0
5556,1.0,1.0,0.0,18,0.05,1,0,0,0
5557,1.0,1.0,0.0,17,0.05,1,0,0,0
5558,1.0,1.0,0.0,15,0.05,1,0,0,0
5559,1.0,1.0,0.0,17,0.05,1,0,0,0
5560,1.0,1.0,0.0,16,0.05,1,0,0,0
5561,1.0,1.0,0.0,17,0.05,1,0,0,0
5562,1.0,1.0,0.0,15,0.05,1,0,0,0
5563,1.0,1.0,0.0,15,0.05,1,0,0,0
5564,1.0,1.0,0.0,15,0.05,1,0,0,0
5565,0.0,0.0,0.0,10,0.05,0,1,0,0
5566,1.0,1.0,0.0,18,0.05,1,0,0,0
5567,1.0,1.0,0.0,15,0.05,1,0,0,0
5568,0.0,0.0,0.0,15,0.05,0,1,0,0
5569,1.0,1.0,0.0,17,0.05,1,0,0,0
5570,1.0,1.0,0.0,18,0.05,1,0,0,0
5571,1.0,1.0,0.0,19,0.05,1,0,0,0
5572,0.0,0.0,0.0,9,0.05,0,1,0,0
5573,1.0,1.0,0.0,15,0.05,1,0,0,0
5574,1.0,1.0,0.0,15,0.05,1,0,0,0
5575,1.0,1.0,0.0,15,0.05,1,0,0,0
5576,1.0,1.0,0.0,15,0.05,1,0,0,0
5577,0.0,0.0,0.0,13,0.05,0,1,0,0
5578,1.0,1.0,0.0,19,0.05,1,0,0,0
5579,1.0,1.0,0.0,15,0.05,1,0,0,0
5580,0.0,0.0,0.0,12,0.05,0,1,0,0
5581,1.0,1.0,0.0,21,0.05,1,0,0,0
5582,1.0,1.0,0.0,17,0.05,1,0,0,0
5583,1.0,1.0,0.0,15,0.05,1,0,0,0
5584,1.0,1.0,0.0,15,0.05,1,0,0,0
5585,1.0,1.0,0.0,15,0.05,1,0,0,0
5586,1.0,1.0,0.0,15,0.05,1,0,0,0
5587,1.0,1.0,0.0,15,0.05,1,0,0,0
5588,1.0,1.0,0.0,17,0.05,1,0,0,0
5589,1.0,1.0,0.0,15,0.05,1,0,0,0
5590,1.0,1.0,0.0,15,0.05,1,0,0,0
5591,1.0,1.0,0.0,15,0.05,1,0,0,0
5592,1.0,1.0,0.0,15,0.05,1,0,0,0
5593,1.0,1.0,0.0,17,0.05,1,0,0,0
5594,1.0,1.0,0.0,17,0.05,1,0,0,0
5595,1.0,1.0,0.0,15,0.05,1,0,0,0
5596,1.0,1.0,0.0,15,0.05,1,0,0,0
5597,1.0,1.0,0.0,15,0.05,1,0,0,0
5598,1.0,1.0,0.0,17,0.05,1,0,0,0
5599,1.0,1.0,0.0,15,0.05,1,0,0,0
5600,1.0,1.0,0.0,17,0.05,1,0,0,0
5601,1.0,1.0,0.0,15,0.05,1,0,0,0
5602,1.0,1.0,0.0,17,0.05,1,0,0,0
5603,1.0,1.0,0.0,15,0.05,1,0,0,0
5604,1.0,1.0,0.0,17,0.05,1,0,0,0
5605,1.0,1.0,0.0,15,0.05,1,0,0,0
5606,1.0,1.0,0.0,15,0.05,1,0,0,0
5607,1.0,1.0,0.0,15,0.05,1,0,0,0
5608,1.0,1.0,0.0,17,0.05,1,0,0,0
5609,1.0,1.0,0.0,15,0.05,1,0,0,0
5610,1.0,1.0,0.0,17,0.05,1,0,0,0
5611,1.0,1.0,0.0,17,0.05,1,0,0,0
5612,1.0,1.0,0.0,17,0.05,1,0,0,0
5613,1.0,1.0,0.0,15,0.05,1,0,0,0
5614,0.0,0.0,0.0,7,0.05,0,1,0,0
5615,1.0,1.0,0.0,15,0.05,1,0,0,0
5616,1.0,1.0,0.0,17,0.05,1,0,0,0
5617,1.0,1.0,0.0,15,0.05,1,0,0,0
5618,1.0,1.0,0.0,15,0.05,1,0,0,0
5619,1.0,1.0,0.0,15,0.05,1,0,0,0
5620,1.0,1.0,0.0,17,0.05,1,0,0,0
5621,1.0,1.0,0.0,15,0.05,1,0,0,0
5622,1.0,1.0,0.0,15,0.05,1,0,0,0
5623,1.0,1.0,0.0,15,0.05,1,0,0,0
5624,0.0,0.0,0.0,10,0.05,0,1,0,0
5625,1.0,1.0,0.0,17,0.05,1,0,0,0
5626,1.0,1.0,0.0,17,0.05,1,0,0,0
5627,1.0,1.0,0.0,17,0.05,1,0,0,0
5628,1.0,1.0,0.0,18,0.05,1,0,0,0
5629,1.0,1.0,0.0,17,0.05,1,0,0,0
5630,1.0,1.0,0.0,15,0.05,1,0,0,0
5631,1.0,1.0,0.0,15,0.05,1,0,0,0
5632,1.0,1.0,0.0,15,0.05,1,0,0,0
5633,1.0,1.0,0.0,19,0.05,1,0,0,0
5634,1.0,1.0,0.0,17,0.05,1,0,0,0
5635,1.0,1.0,0.0,17,0.05,1,0,0,0
5636,1.0,1.0,0.0,15,0.05,1,0,0,0
5637,1.0,1.0,0.0,17,0.05,1,0,0,0
5638,1.0,1.0,0.0,15,0.05,1,0,0,0
5639,1.0,1.0,0.0,15,0.05,1,0,0,0
5640,1.0,1.0,0.0,17,0.05,1,0,0,0
5641,1.0,1.0,0.0,17,0.05,1,0,0,0
5642,1.0,1.0,0.0,17,0.05,1,0,0,0
5643,1.0,1.0,0.0,15,0.05,1,0,0,0
5644,1.0,1.0,0.0,17,0.05,1,0,0,0
5645,1.0,1.0,0.0,15,0.05,1,0,0,0
5646,1.0,1.0,0.0,16,0.05,1,0,0,0
5647,0.0,0.0,0.0,11,0.05,0,1,0,0
5648,1.0,1.0,0.0,15,0.05,1,0,0,0
5649,1.0,1.0,0.0,15,0.05,1,0,0,0
5650,1.0,1.0,0.0,15,0.05,1,0,0,0
5651,1.0,1.0,0.0,15,0.05,1,0,0,0
5652,1.0,1.0,0.0,15,0.05,1,0,0,0
5653,1.0,1.0,0.0,21,0.05,1,0,0,0
5654,1.0,1.0,0.0,15,0.05,1,0,0,0
5655,0.0,0.0,0.0,19,0.05,0,1,0,0
5656,1.0,1.0,0.0,17,0.05,1,0,0,0
5657,0.0,0.0,0.0,8,0.05,0,1,0,0
5658,1.0,1.0,0.0,15,0.05,1,0,0,0
5659,1.0,1.0,0.0,19,0.05,1,0,0,0
5660,1.0,1.0,0.0,17,0.05,1,0,0,0
5661,1.0,1.0,0.0,15,0.05,1,0,0,0
5662,1.0,1.0,0.0,17,0.05,1,0,0,0
5663,1.0,1.0,0.0,15,0.05,1,0,0,0
5664,1.0,1.0,0.0,15,0.05,1,0,0,0
5665,1.0,1.0,0.0,15,0.05,1,0,0,0
5666,1.0,1.0,0.0,21,0.05,1,0,0,0
5667,1.0,1.0,0.0,17,0.05,1,0,0,0
5668,1.0,1.0,0.0,18,0.05,1,0,0,0
5669,1.0,1.0,0.0,15,0.05,1,0,0,0
5670,1.0,1.0,0.0,15,0.05,1,0,0,0
5671,1.0,1.0,0.0,15,0.05,1,0,0,0
5672,1.0,1.0,0.0,15,0.05,1,0,0,0
5673,1.0,1.0,0.0,15,0.05,1,0,0,0
5674,1.0,1.0,0.0,15,0.05,1,0,0,0
5675,1.0,1.0,0.0,17,0.05,1,0,0,0
5676,1.0,1.0,0.0,15,0.05,1,0,0,0
5677,1.0,1.0,0.0,15,0.05,1,0,0,0
5678,1.0,1.0,0.0,15,0.05,1,0,0,0
5679,1.0,1.0,0.0,17,0.05,1,0,0,0
5680,1.0,1.0,0.0,17,0.05,1,0,0,0
5681,0.0,0.0,0.0,11,0.05,0,1,0,0
5682,1.0,1.0,0.0,15,0.05,1,0,0,0
5683,0.0,0.0,0.0,10,0.05,0,1,0,0
5684,0.0,0.0,0.0,18,0.05,0,1,0,0
5685,1.0,1.0,0.0,15,0.05,1,0,0,0
5686,1.0,1.0,0.0,19,0.05,1,0,0,0
5687,1.0,1.0,0.0,15,0.05,1,0,0,0
5688,1.0,1.0,0.0,17,0.05,1,0,0,0
5689,1.0,1.0,0.0,15,0.05,1,0,0,0
5690,1.0,1.0,0.0,15,0.05,1,0,0,0
5691,1.0,1.0,0.0,15,0.05,1,0,0,0
5692,1.0,1.0,0.0,19,0.05,1,0,0,0
5693,1.0,1.0,0.0,15,0.05,1,0,0,0
5694,1.0,1.0,0.0,15,0.05,1,0,0,0
5695,1.0,1.0,0.0,15,0.05,1,0,0,0
5696,1.0,1.0,0.0,15,0.05,1,0,0,0
5697,1.0,1.0,0.0,19,0.05,1,0,0,0
5698,1.0,1.0,0.0,15,0.05,1,0,0,0
5699,1.0,1.0,0.0,15,0.05,1,0,0,0
5700,1.0,1.0,0.0,15,0.05,1,0,0,0
5701,1.0,1.0,0.0,19,0.05,1,0,0,0
5702,0.0,0.0,0.0,7,0.05,0,1,0,0
5703,0.0,0.0,0.0,7,0.05,0,1,0,0
5704,1.0,1.0,0.0,17,0.05,1,0,0,0
5705,1.0,1.0,0.0,15,0.05,1,0,0,0
5706,1.0,1.0,0.0,15,0.05,1,0,0,0
5707,0.0,0.0,0.0,8,0.05,0,1,0,0
5708,1.0,1.0,0.0,15,0.05,1,0,0,0
5709,1.0,1.0,0.0,15,0.05,1,0,0,0
5710,1.0,1.0,0.0,15,0.05,1,0,0,0
5711,1.0,1.0,0.0,15,0.05,1,0,0,0
5712,1.0,1.0,0.0,15,0.05,1,0,0,0
5713,1.0,1.0,0.0,15,0.05,1,0,0,0
5714,1.0,1.0,0.0,15,0.05,1,0,0,0
5715,1.0,1.0,0.0,15,0.05,1,0,0,0
5716,1.0,1.0,0.0,15,0.05,1,0,0,0
5717,1.0,1.0,0.0,15,0.05,1,0,0,0
5718,1.0,1.0,0.0,15,0.05,1,0,0,0
5719,1.0,1.0,0.0,15,0.05,1,0,0,0
5720,0.0,0.0,0.0,12,0.05,0,1,0,0
5721,1.0,1.0,0.0,15,0.05,1,0,0,0
5722,1.0,1.0,0.0,15,0.05,1,0,0,0
5723,1.0,1.0,0.0,15,0.05,1,0,0,0
5724,1.0,1.0,0.0,15,0.05,1,0,0,0
5725,1.0,1.0,0.0,15,0.05,1,0,0,0
5726,1.0,1.0,0.0,15,0.05,1,0,0,0
5727,1.0,1.0,0.0,15,0.05,1,0,0,0
5728,1.0,1.0,0.0,15,0.05,1,0,0,0
5729,1.0,1.0,0.0,15,0.05,1,0,0,0
5730,1.0,1.0,0.0,17,0.05,1,0,0,0
5731,1.0,1.0,0.0,15,0.05,1,0,0,0
5732,1.0,1.0,0.0,17,0.05,1,0,0,0
5733,1.0,1.0,0.0,15,0.05,1,0,0,0
5734,0.0,0.0,0.0,14,0.05,0,1,0,0
5735,1.0,1.0,0.0,16,0.05,1,0,0,0
5736,0.0,0.0,0.0,9,0.05,0,1,0,0
5737,1.0,1.0,0.0,15,0.05,1,0,0,0
5738,1.0,1.0,0.0,15,0.05,1,0,0,0
5739,1.0,1.0,0.0,15,0.05,1,0,0,0
5740,1.0,1.0,0.0,15,0.05,1,0,0,0
5741,0.0,0.0,0.0,17,0.05,0,1,0,0
5742,1.0,1.0,0.0,15,0.05,1,0,0,0
5743,1.0,1.0,0.0,17,0.05,1,0,0,0
5744,0.0,0.0,0.0,8,0.05,0,1,0,0
5745,1.0,1.0,0.0,15,0.05,1,0,0,0
5746,1.0,1.0,0.0,15,0.05,1,0,0,0
5747,1.0,1.0,0.0,15,0.05,1,0,0,0
5748,1.0,1.0,0.0,15,0.05,1,0,0,0
5749,1.0,1.0,0.0,15,0.05,1,0,0,0
5750,1.0,1.0,0.0,17,0.05,1,0,0,0
5751,1.0,1.0,0.0,15,0.05,1,0,0,0
5752,1.0,1.0,0.0,17,0.05,1,0,0,0
5753,1.0,1.0,0.0,15,0.05,1,0,0,0
5754,1.0,1.0,0.0,17,0.05,1,0,0,0
5755,0.0,0.0,0.0,12,0.05,0,1,0,0
5756,1.0,1.0,0.0,15,0.05,1,0,0,0
5757,1.0,1.0,0.0,17,0.05,1,0,0,0
5758,1.0,1.0,0.0,15,0.05,1,0,0,0
5759,1.0,1.0,0.0,15,0.05,1,0,0,0
5760,1.0,1.0,0.0,21,0.05,1,0,0,0
5761,1.0,1.0,0.0,15,0.05,1,0,0,0
5762,1.0,1.0,0.0,15,0.05,1,0,0,0
5763,1.0,1.0,0.0,19,0.05,1,0,0,0
5764,1.0,1.0,0.0,15,0.05,1,0,0,0
5765,1.0,1.0,0.0,15,0.05,1,0,0,0
5766,1.0,1.0,0.0,19,0.05,1,0,0,0
5767,1.0,1.0,0.0,17,0.05,1,0,0,0
5768,1.0,1.0,0.0,15,0.05,1,0,0,0
5769,1.0,1.0,0.0,15,0.05,1,0,0,0
5770,1.0,1.0,0.0,15,0.05,1,0,0,0
5771,1.0,1.0,0.0,17,0.05,1,0,0,0
5772,1.0,1.0,0.0,15,0.05,1,0,0,0
5773,1.0,1.0,0.0,15,0.05,1,0,0,0
5774,1.0,1.0,0.0,17,0.05,1,0,0,0
5775,1.0,1.0,0.0,17,0.05,1,0,0,0
5776,1.0,1.0,0.0,15,0.05,1,0,0,0
5777,1.0,1.0,0.0,15,0.05,1,0,0,0
5778,1.0,1.0,0.0,15,0.05,1,0,0,0
5779,1.0,1.0,0.0,15,0.05,1,0,0,0
5780,1.0,1.0,0.0,15,0.05,1,0,0,0
5781,1.0,1.0,0.0,15,0.05,1,0,0,0
5782,1.0,1.0,0.0,15,0.05,1,0,0,0
5783,1.0,1.0,0.0,15,0.05,1,0,0,0
5784,0.0,0.0,0.0,11,0.05,0,1,0,0
5785,1.0,1.0,0.0,17,0.05,1,0,0,0
5786,1.0,1.0,0.0,15,0.05,1,0,0,0
5787,1.0,1.0,0.0,15,0.05,1,0,0,0
5788,0.0,0.0,0.0,10,0.05,0,1,0,0
5789,1.0,1.0,0.0,15,0.05,1,0,0,0
5790,1.0,1.0,0.0,15,0.05,1,0,0,0
5791,1.0,1.0,0.0,15,0.05,1,0,0,0
5792,1.0,1.0,0.0,15,0.05,1,0,0,0
5793,1.0,1.0,0.0,15,0.05,1,0,0,0
5794,1.0,1.0,0.0,17,0.05,1,0,0,0
5795,1.0,1.0,0.0,15,0.05,1,0,0,0
5796,1.0,1.0,0.0,15,0.05,1,0,0,0
5797,1.0,1.0,0.0,15,0.05,1,0,0,0
5798,1.0,1.0,0.0,17,0.05,1,0,0,0
5799,1.0,1.0,0.0,17,0.05,1,0,0,0
5800,1.0,1.0,0.0,15,0.05,1,0,0,0
5801,1.0,1.0,0.0,17,0.05,1,0,0,0
5802,1.0,1.0,0.0,15,0.05,1,0,0,0
5803,1.0,1.0,0.0,15,0.05,1,0,0,0
5804,1.0,1.0,0.0,17,0.05,1,0,0,0
5805,1.0,1.0,0.0,15,0.05,1,0,0,0
5806,1.0,1.0,0.0,15,0.05,1,0,0,0
5807,1.0,1.0,0.0,15,0.05,1,0,0,0
5808,1.0,1.0,0.0,17,0.05,1,0,0,0
5809,1.0,1.0,0.0,17,0.05,1,0,0,0
5810,1.0,1.0,0.0,17,0.05,1,0,0,0
5811,0.0,0.0,0.0,7,0.05,0,1,0,0
5812,1.0,1.0,0.0,15,0.05,1,0,0,0
5813,0.0,0.0,0.0,15,0.05,0,1,0,0
5814,1.0,1.0,0.0,15,0.05,1,0,0,0
5815,1.0,1.0,0.0,17,0.05,1,0,0,0
5816,1.0,1.0,0.0,15,0.05,1,0,0,0
5817,1.0,1.0,0.0,15,0.05,1,0,0,0
5818,1.0,1.0,0.0,15,0.05,1,0,0,0
5819,1.0,1.0,0.0,15,0.05,1,0,0,0
5820,1.0,1.0,0.0,15,0.05,1,0,0,0
5821,1.0,1.0,0.0,15,0.05,1,0,0,0
5822,1.0,1.0,0.0,15,0.05,1,0,0,0
5823,1.0,1.0,0.0,15,0.05,1,0,0,0
5824,1.0,1.0,0.0,15,0.05,1,0,0,0
5825,1.0,1.0,0.0,17,0.05,1,0,0,0
5826,1.0,1.0,0.0,17,0.05,1,0,0,0
5827,1.0,1.0,0.0,19,0.05,1,0,0,0
5828,1.0,1.0,0.0,17,0.05,1,0,0,0
5829,1.0,1.0,0.0,15,0.05,1,0,0,0
5830,0.0,0.0,0.0,11,0.05,0,1,0,0
5831,1.0,1.0,0.0,15,0.05,1,0,0,0
5832,1.0,1.0,0.0,15,0.05,1,0,0,0
5833,1.0,1.0,0.0,16,0.05,1,0,0,0
5834,1.0,1.0,0.0,15,0.05,1,0,0,0
5835,1.0,1.0,0.0,15,0.05,1,0,0,0
5836,1.0,1.0,0.0,15,0.05,1,0,0,0
5837,1.0,1.0,0.0,15,0.05,1,0,0,0
5838,1.0,1.0,0.0,17,0.05,1,0,0,0
5839,1.0,1.0,0.0,17,0.05,1,0,0,0
5840,1.0,1.0,0.0,17,0.05,1,0,0,0
5841,1.0,1.0,0.0,15,0.05,1,0,0,0
5842,1.0,1.0,0.0,15,0.05,1,0,0,0
5843,1.0,1.0,0.0,15,0.05,1,0,0,0
5844,1.0,1.0,0.0,15,0.05,1,0,0,0
5845,1.0,1.0,0.0,15,0.05,1,0,0,0
5846,1.0,1.0,0.0,15,0.05,1,0,0,0
5847,1.0,1.0,0.0,15,0.05,1,0,0,0
5848,1.0,1.0,0.0,17,0.05,1,0,0,0
5849,1.0,1.0,0.0,15,0.05,1,0,0,0
5850,1.0,1.0,0.0,15,0.05,1,0,0,0
5851,1.0,1.0,0.0,15,0.05,1,0,0,0
5852,1.0,1.0,0.0,17,0.05,1,0,0,0
5853,1.0,1.0,0.0,15,0.05,1,0,0,0
5854,1.0,1.0,0.0,15,0.05,1,0,0,0
5855,1.0,1.0,0.0,17,0.05,1,0,0,0
5856,1.0,1.0,0.0,15,0.05,1,0,0,0
5857,1.0,1.0,0.0,15,0.05,1,0,0,0
5858,1.0,1.0,0.0,19,0.05,1,0,0,0
5859,1.0,1.0,0.0,17,0.05,1,0,0,0
5860,0.0,0.0,0.0,16,0.05,0,1,0,0
5861,1.0,1.0,0.0,15,0.05,1,0,0,0
5862,1.0,1.0,0.0,15,0.05,1,0,0,0
5863,1.0,1.0,0.0,19,0.05,1,0,0,0
5864,1.0,1.0,0.0,17,0.05,1,0,0,0
5865,1.0,1.0,0.0,15,0.05,1,0,0,0
5866,1.0,1.0,0.0,15,0.05,1,0,0,0
5867,1.0,1.0,0.0,15,0.05,1,0,0,0
5868,1.0,1.0,0.0,15,0.05,1,0,0,0
5869,1.0,1.0,0.0,15,0.05,1,0,0,0
5870,1.0,1.0,0.0,15,0.05,1,0,0,0
5871,1.0,1.0,0.0,17,0.05,1,0,0,0
5872,1.0,1.0,0.0,17,0.05,1,0,0,0
5873,1.0,1.0,0.0,15,0.05,1,0,0,0
5874,1.0,1.0,0.0,15,0.05,1,0,0,0
5875,1.0,1.0,0.0,15,0.05,1,0,0,0
5876,0.0,0.0,0.0,7,0.05,0,1,0,0
5877,1.0,1.0,0.0,15,0.05,1,0,0,0
5878,1.0,1.0,0.0,15,0.05,1,0,0,0
5879,1.0,1.0,0.0,15,0.05,1,0,0,0
5880,1.0,1.0,0.0,17,0.05,1,0,0,0
5881,1.0,1.0,0.0,17,0.05,1,0,0,0
5882,1.0,1.0,0.0,15,0.05,1,0,0,0
5883,1.0,1.0,0.0,18,0.05,1,0,0,0
5884,1.0,1.0,0.0,15,0.05,1,0,0,0
5885,1.0,1.0,0.0,17,0.05,1,0,0,0
5886,1.0,1.0,0.0,17,0.05,1,0,0,0
5887,1.0,1.0,0.0,15,0.05,1,0,0,0
5888,1.0,1.0,0.0,17,0.05,1,0,0,0
5889,1.0,1.0,0.0,17,0.05,1,0,0,0
5890,1.0,1.0,0.0,15,0.05,1,0,0,0
5891,1.0,1.0,0.0,15,0.05,1,0,0,0
5892,1.0,1.0,0.0,17,0.05,1,0,0,0
5893,1.0,1.0,0.0,15,0.05,1,0,0,0
5894,1.0,1.0,0.0,15,0.05,1,0,0,0
5895,1.0,1.0,0.0,15,0.05,1,0,0,0
5896,1.0,1.0,0.0,15,0.05,1,0,0,0
5897,1.0,1.0,0.0,15,0.05,1,0,0,0
5898,1.0,1.0,0.0,17,0.05,1,0,0,0
5899,1.0,1.0,0.0,15,0.05,1,0,0,0
5900,1.0,1.0,0.0,15,0.05,1,0,0,0
5901,1.0,1.0,0.0,15,0.05,1,0,0,0
5902,1.0,1.0,0.0,17,0.05,1,0,0,0
5903,1.0,1.0,0.0,15,0.05,1,0,0,0
5904,1.0,1.0,0.0,15,0.05,1,0,0,0
5905,1.0,1.0,0.0,15,0.05,1,0,0,0
5906,1.0,1.0,0.0,17,0.05,1,0,0,0
5907,1.0,1.0,0.0,15,0.05,1,0,0,0
5908,1.0,1.0,0.0,17,0.05,1,0,0,0
5909,1.0,1.0,0.0,15,0.05,1,0,0,0
5910,1.0,1.0,0.0,17,0.05,1,0,0,0
5911,1.0,1.0,0.0,15,0.05,1,0,0,0
5912,1.0,1.0,0.0,15,0.05,1,0,0,0
5913,1.0,1.0,0.0,15,0.05,1,0,0,0
5914,1.0,1.0,0.0,15,0.05,1,0,0,0
5915,1.0,1.0,0.0,16,0.05,1,0,0,0
5916,1.0,1.0,0.0,15,0.05,1,0,0,0
5917,1.0,1.0,0.0,18,0.05,1,0,0,0
5918,1.0,1.0,0.0,15,0.05,1,0,0,0
5919,1.0,1.0,0.0,17,0.05,1,0,0,0
5920,1.0,1.0,0.0,15,0.05,1,0,0,0
5921,1.0,1.0,0.0,15,0.05,1,0,0,0
5922,1.0,1.0,0.0,15,0.05,1,0,0,0
5923,1.0,1.0,0.0,15,0.05,1,0,0,0
5924,1.0,1.0,0.0,15,0.05,1,0,0,0
5925,1.0,1.0,0.0,15,0.05,1,0,0,0
5926,1.0,1.0,0.0,15,0.05,1,0,0,0
5927,1.0,1.0,0.0,15,0.05,1,0,0,0
5928,1.0,1.0,0.0,15,0.05,1,0,0,0
5929,1.0,1.0,0.0,15,0.05,1,0,0,0
5930,1.0,1.0,0.0,17,0.05,1,0,0,0
5931,1.0,1.0,0.0,15,0.05,1,0,0,0
5932,1.0,1.0,0.0,15,0.05,1,0,0,0
5933,1.0,1.0,0.0,15,0.05,1,0,0,0
5934,1.0,1.0,0.0,15,0.05,1,0,0,0
5935,1.0,1.0,0.0,15,0.05,1,0,0,0
5936,1.0,1.0,0.0,17,0.05,1,0,0,0
5937,1.0,1.0,0.0,15,0.05,1,0,0,0
5938,1.0,1.0,0.0,17,0.05,1,0,0,0
5939,1.0,1.0,0.0,15,0.05,1,0,0,0
5940,1.0,1.0,0.0,15,0.05,1,0,0,0
5941,1.0,1.0,0.0,15,0.05,1,0,0,0
5942,1.0,1.0,0.0,15,0.05,1,0,0,0
5943,1.0,1.0,0.0,15,0.05,1,0,0,0
5944,1.0,1.0,0.0,15,0.05,1,0,0,0
5945,1.0,1.0,0.0,15,0.05,1,0,0,0
5946,1.0,1.0,0.0,15,0.05,1,0,0,0
5947,1.0,1.0,0.0,15,0.05,1,0,0,0
5948,1.0,1.0,0.0,15,0.05,1,0,0,0
5949,1.0,1.0,0.0,15,0.05,1,0,0,0
5950,0.0,0.0,0.0,11,0.05,0,1,0,0
5951,1.0,1.0,0.0,15,0.05,1,0,0,0
5952,1.0,1.0,0.0,15,0.05,1,0,0,0
5953,1.0,1.0,0.0,17,0.05,1,0,0,0
5954,1.0,1.0,0.0,17,0.05,1,0,0,0
5955,1.0,1.0,0.0,15,0.05,1,0,0,0
5956,1.0,1.0,0.0,15,0.05,1,0,0,0
5957,1.0,1.0,0.0,15,0.05,1,0,0,0
5958,1.0,1.0,0.0,15,0.05,1,0,0,0
5959,1.0,1.0,0.0,15,0.05,1,0,0,0
5960,1.0,1.0,0.0,23,0.05,1,0,0,0
5961,1.0,1.0,0.0,15,0.05,1,0,0,0
5962,1.0,1.0,0.0,17,0.05,1,0,0,0
5963,1.0,1.0,0.0,15,0.05,1,0,0,0
5964,0.0,0.0,0.0,14,0.05,0,1,0,0
5965,1.0,1.0,0.0,15,0.05,1,0,0,0
5966,1.0,1.0,0.0,17,0.05,1,0,0,0
5967,1.0,1.0,0.0,17,0.05,1,0,0,0
5968,1.0,1.0,0.0,16,0.05,1,0,0,0
5969,1.0,1.0,0.0,17,0.05,1,0,0,0
5970,1.0,1.0,0.0,19,0.05,1,0,0,0
5971,1.0,1.0,0.0,15,0.05,1,0,0,0
5972,1.0,1.0,0.0,17,0.05,1,0,0,0
5973,1.0,1.0,0.0,15,0.05,1,0,0,0
5974,1.0,1.0,0.0,15,0.05,1,0,0,0
5975,1.0,1.0,0.0,19,0.05,1,0,0,0
5976,0.0,0.0,0.0,12,0.05,0,1,0,0
5977,0.0,0.0,0.0,14,0.05,0,1,0,0
5978,1.0,1.0,0.0,19,0.05,1,0,0,0
5979,1.0,1.0,0.0,21,0.05,1,0,0,0
5980,1.0,1.0,0.0,15,0.05,1,0,0,0
5981,1.0,1.0,0.0,15,0.05,1,0,0,0
5982,1.0,1.0,0.0,15,0.05,1,0,0,0
5983,1.0,1.0,0.0,15,0.05,1,0,0,0
5984,1.0,1.0,0.0,15,0.05,1,0,0,0
5985,1.0,1.0,0.0,18,0.05,1,0,0,0
5986,1.0,1.0,0.0,17,0.05,1,0,0,0
5987,1.0,1.0,0.0,15,0.05,1,0,0,0
5988,1.0,1.0,0.0,15,0.05,1,0,0,0
5989,1.0,1.0,0.0,15,0.05,1,0,0,0
5990,1.0,1.0,0.0,15,0.05,1,0,0,0
5991,0.0,0.0,0.0,11,0.05,0,1,0,0
5992,1.0,1.0,0.0,15,0.05,1,0,0,0
5993,0.0,0.0,0.0,7,0.05,0,1,0,0
5994,1.0,1.0,0.0,15,0.05,1,0,0,0
5995,1.0,1.0,0.0,19,0.05,1,0,0,0
5996,1.0,1.0,0.0,15,0.05,1,0,0,0
5997,0.0,0.0,0.0,15,0.05,0,1,0,0
5998,1.0,1.0,0.0,15,0.05,1,0,0,0
5999,1.0,1.0,0.0,15,0.05,1,0,0,0
6000,1.0,1.0,0.0,15,0.05,1,0,0,0
6001,1.0,1.0,0.0,15,0.05,1,0,0,0
6002,1.0,1.0,0.0,21,0.05,1,0,0,0
6003,1.0,1.0,0.0,15,0.05,1,0,0,0
6004,1.0,1.0,0.0,15,0.05,1,0,0,0
6005,1.0,1.0,0.0,15,0.05,1,0,0,0
6006,1.0,1.0,0.0,17,0.05,1,0,0,0
6007,1.0,1.0,0.0,15,0.05,1,0,0,0
6008,1.0,1.0,0.0,15,0.05,1,0,0,0
6009,1.0,1.0,0.0,17,0.05,1,0,0,0
6010,0.0,0.0,0.0,12,0.05,0,1,0,0
6011,1.0,1.0,0.0,15,0.05,1,0,0,0
6012,1.0,1.0,0.0,15,0.05,1,0,0,0
6013,1.0,1.0,0.0,19,0.05,1,0,0,0
6014,1.0,1.0,0.0,15,0.05,1,0,0,0
6015,1.0,1.0,0.0,17,0.05,1,0,0,0
6016,1.0,1.0,0.0,15,0.05,1,0,0,0
6017,1.0,1.0,0.0,17,0.05,1,0,0,0
6018,1.0,1.0,0.0,15,0.05,1,0,0,0
6019,1.0,1.0,0.0,15,0.05,1,0,0,0
6020,1.0,1.0,0.0,15,0.05,1,0,0,0
6021,1.0,1.0,0.0,15,0.05,1,0,0,0
6022,1.0,1.0,0.0,17,0.05,1,0,0,0
6023,1.0,1.0,0.0,17,0.05,1,0,0,0
6024,1.0,1.0,0.0,15,0.05,1,0,0,0
6025,1.0,1.0,0.0,15,0.05,1,0,0,0
6026,1.0,1.0,0.0,15,0.05,1,0,0,0
6027,1.0,1.0,0.0,17,0.05,1,0,0,0
6028,1.0,1.0,0.0,15,0.05,1,0,0,0
6029,1.0,1.0,0.0,15,0.05,1,0,0,0
6030,0.0,0.0,0.0,11,0.05,0,1,0,0
6031,1.0,1.0,0.0,17,0.05,1,0,0,0
6032,1.0,1.0,0.0,17,0.05,1,0,0,0
6033,1.0,1.0,0.0,15,0.05,1,0,0,0
6034,1.0,1.0,0.0,15,0.05,1,0,0,0
6035,0.0,0.0,0.0,8,0.05,0,1,0,0
6036,0.0,0.0,0.0,10,0.05,0,1,0,0
6037,1.0,1.0,0.0,15,0.05,1,0,0,0
6038,1.0,1.0,0.0,15,0.05,1,0,0,0
6039,1.0,1.0,0.0,17,0.05,1,0,0,0
6040,1.0,1.0,0.0,15,0.05,1,0,0,0
6041,1.0,1.0,0.0,17,0.05,1,0,0,0
6042,1.0,1.0,0.0,17,0.05,1,0,0,0
6043,1.0,1.0,0.0,15,0.05,1,0,0,0
6044,1.0,1.0,0.0,15,0.05,1,0,0,0
6045,1.0,1.0,0.0,15,0.05,1,0,0,0
6046,1.0,1.0,0.0,15,0.05,1,0,0,0
6047,1.0,1.0,0.0,15,0.05,1,0,0,0
6048,1.0,1.0,0.0,15,0.05,1,0,0,0
6049,1.0,1.0,0.0,15,0.05,1,0,0,0
6050,0.0,0.0,0.0,7,0.05,0,1,0,0
6051,1.0,1.0,0.0,17,0.05,1,0,0,0
6052,1.0,1.0,0.0,15,0.05,1,0,0,0
6053,1.0,1.0,0.0,17,0.05,1,0,0,0
6054,1.0,1.0,0.0,15,0.05,1,0,0,0
6055,1.0,1.0,0.0,15,0.05,1,0,0,0
6056,1.0,1.0,0.0,17,0.05,1,0,0,0
6057,1.0,1.0,0.0,15,0.05,1,0,0,0
6058,1.0,1.0,0.0,15,0.05,1,0,0,0
6059,1.0,1.0,0.0,17,0.05,1,0,0,0
6060,1.0,1.0,0.0,15,0.05,1,0,0,0
6061,1.0,1.0,0.0,15,0.05,1,0,0,0
6062,1.0,1.0,0.0,15,0.05,1,0,0,0
6063,1.0,1.0,0.0,17,0.05,1,0,0,0
6064,1.0,1.0,0.0,15,0.05,1,0,0,0
6065,1.0,1.0,0.0,15,0.05,1,0,0,0
6066,1.0,1.0,0.0,15,0.05,1,0,0,0
6067,1.0,1.0,0.0,15,0.05,1,0,0,0
6068,1.0,1.0,0.0,15,0.05,1,0,0,0
6069,1.0,1.0,0.0,15,0.05,1,0,0,0
6070,1.0,1.0,0.0,15,0.05,1,0,0,0
6071,1.0,1.0,0.0,17,0.05,1,0,0,0
6072,1.0,1.0,0.0,17,0.05,1,0,0,0
6073,0.0,0.0,0.0,17,0.05,0,1,0,0
6074,1.0,1.0,0.0,19,0.05,1,0,0,0
6075,1.0,1.0,0.0,15,0.05,1,0,0,0
6076,1.0,1.0,0.0,17,0.05,1,0,0,0
6077,1.0,1.0,0.0,15,0.05,1,0,0,0
6078,1.0,1.0,0.0,21,0.05,1,0,0,0
6079,1.0,1.0,0.0,17,0.05,1,0,0,0
6080,1.0,1.0,0.0,15,0.05,1,0,0,0
6081,1.0,1.0,0.0,15,0.05,1,0,0,0
6082,0.0,0.0,0.0,9,0.05,0,1,0,0
6083,0.0,0.0,0.0,9,0.05,0,1,0,0
6084,1.0,1.0,0.0,17,0.05,1,0,0,0
6085,1.0,1.0,0.0,15,0.05,1,0,0,0
6086,1.0,1.0,0.0,15,0.05,1,0,0,0
6087,0.0,0.0,0.0,9,0.05,0,1,0,0
6088,1.0,1.0,0.0,15,0.05,1,0,0,0
6089,1.0,1.0,0.0,16,0.05,1,0,0,0
6090,1.0,1.0,0.0,17,0.05,1,0,0,0
6091,1.0,1.0,0.0,19,0.05,1,0,0,0
6092,1.0,1.0,0.0,19,0.05,1,0,0,0
6093,0.0,0.0,0.0,11,0.05,0,1,0,0
6094,1.0,1.0,0.0,15,0.05,1,0,0,0
6095,1.0,1.0,0.0,15,0.05,1,0,0,0
6096,1.0,1.0,0.0,15,0.05,1,0,0,0
6097,1.0,1.0,0.0,17,0.05,1,0,0,0
6098,1.0,1.0,0.0,17,0.05,1,0,0,0
6099,1.0,1.0,0.0,15,0.05,1,0,0,0
6100,0.0,0.0,0.0,10,0.05,0,1,0,0
6101,1.0,1.0,0.0,17,0.05,1,0,0,0
6102,1.0,1.0,0.0,15,0.05,1,0,0,0
6103,1.0,1.0,0.0,15,0.05,1,0,0,0
6104,1.0,1.0,0.0,15,0.05,1,0,0,0
6105,1.0,1.0,0.0,15,0.05,1,0,0,0
6106,1.0,1.0,0.0,15,0.05,1,0,0,0
6107,1.0,1.0,0.0,15,0.05,1,0,0,0
6108,1.0,1.0,0.0,15,0.05,1,0,0,0
6109,1.0,1.0,0.0,15,0.05,1,0,0,0
6110,1.0,1.0,0.0,15,0.05,1,0,0,0
6111,1.0,1.0,0.0,17,0.05,1,0,0,0
6112,1.0,1.0,0.0,15,0.05,1,0,0,0
6113,1.0,1.0,0.0,15,0.05,1,0,0,0
6114,1.0,1.0,0.0,15,0.05,1,0,0,0
6115,1.0,1.0,0.0,15,0.05,1,0,0,0
6116,1.0,1.0,0.0,15,0.05,1,0,0,0
6117,1.0,1.0,0.0,15,0.05,1,0,0,0
6118,0.0,0.0,0.0,10,0.05,0,1,0,0
6119,1.0,1.0,0.0,15,0.05,1,0,0,0
6120,1.0,1.0,0.0,15,0.05,1,0,0,0
6121,1.0,1.0,0.0,15,0.05,1,0,0,0
6122,1.0,1.0,0.0,15,0.05,1,0,0,0
6123,0.0,0.0,0.0,11,0.05,0,1,0,0
6124,1.0,1.0,0.0,15,0.05,1,0,0,0
6125,1.0,1.0,0.0,15,0.05,1,0,0,0
6126,1.0,1.0,0.0,17,0.05,1,0,0,0
6127,1.0,1.0,0.0,17,0.05,1,0,0,0
6128,1.0,1.0,0.0,15,0.05,1,0,0,0
6129,1.0,1.0,0.0,15,0.05,1,0,0,0
6130,1.0,1.0,0.0,17,0.05,1,0,0,0
6131,1.0,1.0,0.0,19,0.05,1,0,0,0
6132,1.0,1.0,0.0,19,0.05,1,0,0,0
6133,1.0,1.0,0.0,15,0.05,1,0,0,0
6134,1.0,1.0,0.0,15,0.05,1,0,0,0
6135,1.0,1.0,0.0,21,0.05,1,0,0,0
6136,1.0,1.0,0.0,15,0.05,1,0,0,0
6137,1.0,1.0,0.0,17,0.05,1,0,0,0
6138,1.0,1.0,0.0,15,0.05,1,0,0,0
6139,1.0,1.0,0.0,17,0.05,1,0,0,0
6140,1.0,1.0,0.0,15,0.05,1,0,0,0
6141,1.0,1.0,0.0,15,0.05,1,0,0,0
6142,1.0,1.0,0.0,17,0.05,1,0,0,0
6143,1.0,1.0,0.0,17,0.05,1,0,0,0
6144,1.0,1.0,0.0,15,0.05,1,0,0,0
6145,1.0,1.0,0.0,15,0.05,1,0,0,0
6146,1.0,1.0,0.0,19,0.05,1,0,0,0
6147,1.0,1.0,0.0,15,0.05,1,0,0,0
6148,1.0,1.0,0.0,15,0.05,1,0,0,0
6149,1.0,1.0,0.0,15,0.05,1,0,0,0
6150,1.0,1.0,0.0,15,0.05,1,0,0,0
6151,1.0,1.0,0.0,15,0.05,1,0,0,0
6152,1.0,1.0,0.0,15,0.05,1,0,0,0
6153,1.0,1.0,0.0,15,0.05,1,0,0,0
6154,1.0,1.0,0.0,17,0.05,1,0,0,0
6155,1.0,1.0,0.0,15,0.05,1,0,0,0
6156,1.0,1.0,0.0,15,0.05,1,0,0,0
6157,1.0,1.0,0.0,15,0.05,1,0,0,0
6158,1.0,1.0,0.0,15,0.05,1,0,0,0
6159,1.0,1.0,0.0,16,0.05,1,0,0,0
6160,0.0,0.0,0.0,9,0.05,0,1,0,0
6161,1.0,1.0,0.0,15,0.05,1,0,0,0
6162,1.0,1.0,0.0,15,0.05,1,0,0,0
6163,1.0,1.0,0.0,19,0.05,1,0,0,0
6164,1.0,1.0,0.0,17,0.05,1,0,0,0
6165,1.0,1.0,0.0,15,0.05,1,0,0,0
6166,1.0,1.0,0.0,15,0.05,1,0,0,0
6167,0.0,0.0,0.0,11,0.05,0,1,0,0
6168,1.0,1.0,0.0,15,0.05,1,0,0,0
6169,1.0,1.0,0.0,15,0.05,1,0,0,0
6170,1.0,1.0,0.0,15,0.05,1,0,0,0
6171,1.0,1.0,0.0,21,0.05,1,0,0,0
6172,1.0,1.0,0.0,15,0.05,1,0,0,0
6173,1.0,1.0,0.0,15,0.05,1,0,0,0
6174,1.0,1.0,0.0,15,0.05,1,0,0,0
6175,1.0,1.0,0.0,15,0.05,1,0,0,0
6176,1.0,1.0,0.0,15,0.05,1,0,0,0
6177,1.0,1.0,0.0,15,0.05,1,0,0,0
6178,1.0,1.0,0.0,15,0.05,1,0,0,0
6179,1.0,1.0,0.0,15,0.05,1,0,0,0
6180,1.0,1.0,0.0,17,0.05,1,0,0,0
6181,0.0,0.0,0.0,11,0.05,0,1,0,0
6182,1.0,1.0,0.0,17,0.05,1,0,0,0
6183,1.0,1.0,0.0,15,0.05,1,0,0,0
6184,0.0,0.0,0.0,7,0.05,0,1,0,0
6185,1.0,1.0,0.0,15,0.05,1,0,0,0
6186,1.0,1.0,0.0,17,0.05,1,0,0,0
6187,1.0,1.0,0.0,15,0.05,1,0,0,0
6188,1.0,1.0,0.0,15,0.05,1,0,0,0
6189,1.0,1.0,0.0,17,0.05,1,0,0,0
6190,0.0,0.0,0.0,7,0.05,0,1,0,0
6191,1.0,1.0,0.0,15,0.05,1,0,0,0
6192,1.0,1.0,0.0,15,0.05,1,0,0,0
6193,1.0,1.0,0.0,15,0.05,1,0,0,0
6194,1.0,1.0,0.0,15,0.05,1,0,0,0
6195,1.0,1.0,0.0,15,0.05,1,0,0,0
6196,1.0,1.0,0.0,17,0.05,1,0,0,0
6197,1.0,1.0,0.0,17,0.05,1,0,0,0
6198,0.0,0.0,0.0,12,0.05,0,1,0,0
6199,1.0,1.0,0.0,15,0.05,1,0,0,0
6200,1.0,1.0,0.0,15,0.05,1,0,0,0
6201,1.0,1.0,0.0,15,0.05,1,0,0,0
6202,1.0,1.0,0.0,17,0.05,1,0,0,0
6203,1.0,1.0,0.0,17,0.05,1,0,0,0
6204,1.0,1.0,0.0,17,0.05,1,0,0,0
6205,1.0,1.0,0.0,17,0.05,1,0,0,0
6206,1.0,1.0,0.0,15,0.05,1,0,0,0
6207,1.0,1.0,0.0,15,0.05,1,0,0,0
6208,1.0,1.0,0.0,15,0.05,1,0,0,0
6209,1.0,1.0,0.0,17,0.05,1,0,0,0
6210,1.0,1.0,0.0,15,0.05,1,0,0,0
6211,1.0,1.0,0.0,15,0.05,1,0,0,0
6212,1.0,1.0,0.0,17,0.05,1,0,0,0
6213,1.0,1.0,0.0,15,0.05,1,0,0,0
6214,0.0,0.0,0.0,13,0.05,0,1,0,0
6215,1.0,1.0,0.0,17,0.05,1,0,0,0
6216,1.0,1.0,0.0,15,0.05,1,0,0,0
6217,0.0,0.0,0.0,15,0.05,0,1,0,0
6218,1.0,1.0,0.0,19,0.05,1,0,0,0
6219,1.0,1.0,0.0,17,0.05,1,0,0,0
6220,1.0,1.0,0.0,17,0.05,1,0,0,0
6221,1.0,1.0,0.0,18,0.05,1,0,0,0
6222,1.0,1.0,0.0,15,0.05,1,0,0,0
6223,1.0,1.0,0.0,15,0.05,1,0,0,0
6224,1.0,1.0,0.0,17,0.05,1,0,0,0
6225,1.0,1.0,0.0,15,0.05,1,0,0,0
6226,0.0,0.0,0.0,12,0.05,0,1,0,0
6227,1.0,1.0,0.0,19,0.05,1,0,0,0
6228,1.0,1.0,0.0,15,0.05,1,0,0,0
6229,1.0,1.0,0.0,15,0.05,1,0,0,0
6230,1.0,1.0,0.0,15,0.05,1,0,0,0
6231,1.0,1.0,0.0,17,0.05,1,0,0,0
6232,1.0,1.0,0.0,15,0.05,1,0,0,0
6233,1.0,1.0,0.0,15,0.05,1,0,0,0
6234,1.0,1.0,0.0,15,0.05,1,0,0,0
6235,1.0,1.0,0.0,21,0.05,1,0,0,0
6236,1.0,1.0,0.0,15,0.05,1,0,0,0
6237,1.0,1.0,0.0,17,0.05,1,0,0,0
6238,1.0,1.0,0.0,17,0.05,1,0,0,0
6239,1.0,1.0,0.0,15,0.05,1,0,0,0
6240,1.0,1.0,0.0,15,0.05,1,0,0,0
6241,1.0,1.0,0.0,15,0.05,1,0,0,0
6242,1.0,1.0,0.0,15,0.05,1,0,0,0
6243,0.0,0.0,0.0,11,0.05,0,1,0,0
6244,1.0,1.0,0.0,16,0.05,1,0,0,0
6245,1.0,1.0,0.0,17,0.05,1,0,0,0
6246,1.0,1.0,0.0,15,0.05,1,0,0,0
6247,1.0,1.0,0.0,15,0.05,1,0,0,0
6248,1.0,1.0,0.0,15,0.05,1,0,0,0
6249,1.0,1.0,0.0,15,0.05,1,0,0,0
6250,1.0,1.0,0.0,17,0.05,1,0,0,0
6251,1.0,1.0,0.0,17,0.05,1,0,0,0
6252,1.0,1.0,0.0,15,0.05,1,0,0,0
6253,1.0,1.0,0.0,17,0.05,1,0,0,0
6254,1.0,1.0,0.0,17,0.05,1,0,0,0
6255,1.0,1.0,0.0,15,0.05,1,0,0,0
6256,1.0,1.0,0.0,15,0.05,1,0,0,0
6257,1.0,1.0,0.0,15,0.05,1,0,0,0
6258,1.0,1.0,0.0,19,0.05,1,0,0,0
6259,1.0,1.0,0.0,15,0.05,1,0,0,0
6260,1.0,1.0,0.0,17,0.05,1,0,0,0
6261,1.0,1.0,0.0,15,0.05,1,0,0,0
6262,1.0,1.0,0.0,15,0.05,1,0,0,0
6263,1.0,1.0,0.0,15,0.05,1,0,0,0
6264,1.0,1.0,0.0,15,0.05,1,0,0,0
6265,1.0,1.0,0.0,15,0.05,1,0,0,0
6266,1.0,1.0,0.0,15,0.05,1,0,0,0
6267,1.0,1.0,0.0,15,0.05,1,0,0,0
6268,0.0,0.0,0.0,15,0.05,0,1,0,0
6269,0.0,0.0,0.0,9,0.05,0,1,0,0
6270,1.0,1.0,0.0,15,0.05,1,0,0,0
6271,1.0,1.0,0.0,15,0.05,1,0,0,0
6272,1.0,1.0,0.0,15,0.05,1,0,0,0
6273,1.0,1.0,0.0,15,0.05,1,0,0,0
6274,0.0,0.0,0.0,12,0.05,0,1,0,0
6275,1.0,1.0,0.0,15,0.05,1,0,0,0
6276,1.0,1.0,0.0,15,0.05,1,0,0,0
6277,1.0,1.0,0.0,15,0.05,1,0,0,0
6278,1.0,1.0,0.0,15,0.05,1,0,0,0
6279,1.0,1.0,0.0,15,0.05,1,0,0,0
6280,1.0,1.0,0.0,15,0.05,1,0,0,0
6281,1.0,1.0,0.0,17,0.05,1,0,0,0
6282,1.0,1.0,0.0,19,0.05,1,0,0,0
6283,1.0,1.0,0.0,15,0.05,1,0,0,0
6284,1.0,1.0,0.0,17,0.05,1,0,0,0
6285,1.0,1.0,0.0,17,0.05,1,0,0,0
6286,1.0,1.0,0.0,19,0.05,1,0,0,0
6287,1.0,1.0,0.0,15,0.05,1,0,0,0
6288,1.0,1.0,0.0,15,0.05,1,0,0,0
6289,1.0,1.0,0.0,15,0.05,1,0,0,0
6290,1.0,1.0,0.0,15,0.05,1,0,0,0
6291,1.0,1.0,0.0,15,0.05,1,0,0,0
6292,1.0,1.0,0.0,17,0.05,1,0,0,0
6293,1.0,1.0,0.0,15,0.05,1,0,0,0
6294,1.0,1.0,0.0,15,0.05,1,0,0,0
6295,1.0,1.0,0.0,15,0.05,1,0,0,0
6296,1.0,1.0,0.0,17,0.05,1,0,0,0
6297,0.0,0.0,0.0,7,0.05,0,1,0,0
6298,1.0,1.0,0.0,15,0.05,1,0,0,0
6299,1.0,1.0,0.0,15,0.05,1,0,0,0
6300,1.0,1.0,0.0,17,0.05,1,0,0,0
6301,1.0,1.0,0.0,15,0.05,1,0,0,0
6302,1.0,1.0,0.0,17,0.05,1,0,0,0
6303,1.0,1.0,0.0,15,0.05,1,0,0,0
6304,0.0,0.0,0.0,9,0.05,0,1,0,0
6305,1.0,1.0,0.0,15,0.05,1,0,0,0
6306,1.0,1.0,0.0,17,0.05,1,0,0,0
6307,1.0,1.0,0.0,15,0.05,1,0,0,0
6308,0.0,0.0,0.0,12,0.05,0,1,0,0
6309,1.0,1.0,0.0,15,0.05,1,0,0,0
6310,1.0,1.0,0.0,15,0.05,1,0,0,0
6311,1.0,1.0,0.0,15,0.05,1,0,0,0
6312,1.0,1.0,0.0,15,0.05,1,0,0,0
6313,1.0,1.0,0.0,15,0.05,1,0,0,0
6314,1.0,1.0,0.0,17,0.05,1,0,0,0
6315,0.0,0.0,0.0,15,0.05,0,1,0,0
6316,1.0,1.0,0.0,17,0.05,1,0,0,0
6317,1.0,1.0,0.0,15,0.05,1,0,0,0
6318,1.0,1.0,0.0,17,0.05,1,0,0,0
6319,1.0,1.0,0.0,15,0.05,1,0,0,0
6320,1.0,1.0,0.0,15,0.05,1,0,0,0
6321,0.0,0.0,0.0,9,0.05,0,1,0,0
6322,1.0,1.0,0.0,15,0.05,1,0,0,0
6323,1.0,1.0,0.0,17,0.05,1,0,0,0
6324,1.0,1.0,0.0,15,0.05,1,0,0,0
6325,1.0,1.0,0.0,15,0.05,1,0,0,0
6326,1.0,1.0,0.0,15,0.05,1,0,0,0
6327,1.0,1.0,0.0,15,0.05,1,0,0,0
6328,1.0,1.0,0.0,17,0.05,1,0,0,0
6329,0.0,0.0,0.0,12,0.05,0,1,0,0
6330,0.0,0.0,0.0,15,0.05,0,1,0,0
6331,1.0,1.0,0.0,15,0.05,1,0,0,0
6332,1.0,1.0,0.0,19,0.05,1,0,0,0
6333,1.0,1.0,0.0,15,0.05,1,0,0,0
6334,1.0,1.0,0.0,15,0.05,1,0,0,0
6335,1.0,1.0,0.0,17,0.05,1,0,0,0
6336,1.0,1.0,0.0,17,0.05,1,0,0,0
6337,1.0,1.0,0.0,16,0.05,1,0,0,0
6338,1.0,1.0,0.0,15,0.05,1,0,0,0
6339,1.0,1.0,0.0,15,0.05,1,0,0,0
6340,1.0,1.0,0.0,15,0.05,1,0,0,0
6341,1.0,1.0,0.0,15,0.05,1,0,0,0
6342,1.0,1.0,0.0,15,0.05,1,0,0,0
6343,1.0,1.0,0.0,15,0.05,1,0,0,0
6344,0.0,0.0,0.0,7,0.05,0,1,0,0
6345,1.0,1.0,0.0,15,0.05,1,0,0,0
6346,1.0,1.0,0.0,15,0.05,1,0,0,0
6347,1.0,1.0,0.0,15,0.05,1,0,0,0
6348,1.0,1.0,0.0,19,0.05,1,0,0,0
6349,1.0,1.0,0.0,19,0.05,1,0,0,0
6350,0.0,0.0,0.0,13,0.05,0,1,0,0
6351,1.0,1.0,0.0,15,0.05,1,0,0,0
6352,1.0,1.0,0.0,17,0.05,1,0,0,0
6353,0.0,0.0,0.0,12,0.05,0,1,0,0
6354,1.0,1.0,0.0,15,0.05,1,0,0,0
6355,1.0,1.0,0.0,15,0.05,1,0,0,0
6356,1.0,1.0,0.0,15,0.05,1,0,0,0
6357,0.0,0.0,0.0,9,0.05,0,1,0,0
6358,1.0,1.0,0.0,17,0.05,1,0,0,0
6359,1.0,1.0,0.0,15,0.05,1,0,0,0
6360,1.0,1.0,0.0,15,0.05,1,0,0,0
6361,0.0,0.0,0.0,11,0.05,0,1,0,0
6362,1.0,1.0,0.0,15,0.05,1,0,0,0
6363,1.0,1.0,0.0,17,0.05,1,0,0,0
6364,1.0,1.0,0.0,15,0.05,1,0,0,0
6365,1.0,1.0,0.0,15,0.05,1,0,0,0
6366,1.0,1.0,0.0,15,0.05,1,0,0,0
6367,1.0,1.0,0.0,15,0.05,1,0,0,0
6368,0.0,0.0,0.0,10,0.05,0,1,0,0
6369,1.0,1.0,0.0,15,0.05,1,0,0,0
6370,1.0,1.0,0.0,15,0.05,1,0,0,0
6371,1.0,1.0,0.0,15,0.05,1,0,0,0
6372,1.0,1.0,0.0,15,0.05,1,0,0,0
6373,1.0,1.0,0.0,15,0.05,1,0,0,0
6374,1.0,1.0,0.0,15,0.05,1,0,0,0
6375,1.0,1.0,0.0,15,0.05,1,0,0,0
6376,1.0,1.0,0.0,15,0.05,1,0,0,0
6377,1.0,1.0,0.0,15,0.05,1,0,0,0
6378,1.0,1.0,0.0,15,0.05,1,0,0,0
6379,1.0,1.0,0.0,15,0.05,1,0,0,0
6380,1.0,1.0,0.0,15,0.05,1,0,0,0
6381,1.0,1.0,0.0,15,0.05,1,0,0,0
6382,1.0,1.0,0.0,15,0.05,1,0,0,0
6383,1.0,1.0,0.0,15,0.05,1,0,0,0
6384,1.0,1.0,0.0,15,0.05,1,0,0,0
6385,1.0,1.0,0.0,15,0.05,1,0,0,0
6386,1.0,1.0,0.0,15,0.05,1,0,0,0
6387,1.0,1.0,0.0,15,0.05,1,0,0,0
6388,1.0,1.0,0.0,15,0.05,1,0,0,0
6389,1.0,1.0,0.0,17,0.05,1,0,0,0
6390,1.0,1.0,0.0,17,0.05,1,0,0,0
6391,1.0,1.0,0.0,15,0.05,1,0,0,0
6392,1.0,1.0,0.0,17,0.05,1,0,0,0
6393,1.0,1.0,0.0,15,0.05,1,0,0,0
6394,1.0,1.0,0.0,15,0.05,1,0,0,0
6395,1.0,1.0,0.0,19,0.05,1,0,0,0
6396,1.0,1.0,0.0,15,0.05,1,0,0,0
6397,1.0,1.0,0.0,15,0.05,1,0,0,0
6398,1.0,1.0,0.0,17,0.05,1,0,0,0
6399,1.0,1.0,0.0,15,0.05,1,0,0,0
6400,1.0,1.0,0.0,17,0.05,1,0,0,0
6401,0.0,0.0,0.0,7,0.05,0,1,0,0
6402,1.0,1.0,0.0,17,0.05,1,0,0,0
6403,1.0,1.0,0.0,15,0.05,1,0,0,0
6404,1.0,1.0,0.0,15,0.05,1,0,0,0
6405,1.0,1.0,0.0,17,0.05,1,0,0,0
6406,1.0,1.0,0.0,15,0.05,1,0,0,0
6407,1.0,1.0,0.0,15,0.05,1,0,0,0
6408,1.0,1.0,0.0,15,0.05,1,0,0,0
6409,1.0,1.0,0.0,19,0.05,1,0,0,0
6410,1.0,1.0,0.0,15,0.05,1,0,0,0
6411,1.0,1.0,0.0,17,0.05,1,0,0,0
6412,1.0,1.0,0.0,15,0.05,1,0,0,0
6413,0.0,0.0,0.0,12,0.05,0,1,0,0
6414,1.0,1.0,0.0,15,0.05,1,0,0,0
6415,1.0,1.0,0.0,15,0.05,1,0,0,0
6416,1.0,1.0,0.0,15,0.05,1,0,0,0
6417,1.0,1.0,0.0,15,0.05,1,0,0,0
6418,1.0,1.0,0.0,17,0.05,1,0,0,0
6419,1.0,1.0,0.0,17,0.05,1,0,0,0
6420,1.0,1.0,0.0,15,0.05,1,0,0,0
6421,1.0,1.0,0.0,19,0.05,1,0,0,0
6422,0.0,0.0,0.0,7,0.05,0,1,0,0
6423,1.0,1.0,0.0,15,0.05,1,0,0,0
6424,1.0,1.0,0.0,15,0.05,1,0,0,0
6425,1.0,1.0,0.0,15,0.05,1,0,0,0
6426,1.0,1.0,0.0,15,0.05,1,0,0,0
6427,1.0,1.0,0.0,17,0.05,1,0,0,0
6428,0.0,0.0,0.0,13,0.05,0,1,0,0
6429,1.0,1.0,0.0,15,0.05,1,0,0,0
6430,1.0,1.0,0.0,19,0.05,1,0,0,0
6431,1.0,1.0,0.0,19,0.05,1,0,0,0
6432,1.0,1.0,0.0,15,0.05,1,0,0,0
6433,1.0,1.0,0.0,15,0.05,1,0,0,0
6434,1.0,1.0,0.0,16,0.05,1,0,0,0
6435,0.0,0.0,0.0,15,0.05,0,1,0,0
6436,1.0,1.0,0.0,15,0.05,1,0,0,0
6437,1.0,1.0,0.0,15,0.05,1,0,0,0
6438,1.0,1.0,0.0,15,0.05,1,0,0,0
6439,1.0,1.0,0.0,16,0.05,1,0,0,0
6440,1.0,1.0,0.0,15,0.05,1,0,0,0
6441,1.0,1.0,0.0,15,0.05,1,0,0,0
6442,1.0,1.0,0.0,19,0.05,1,0,0,0
6443,1.0,1.0,0.0,17,0.05,1,0,0,0
6444,1.0,1.0,0.0,17,0.05,1,0,0,0
6445,1.0,1.0,0.0,15,0.05,1,0,0,0
6446,1.0,1.0,0.0,15,0.05,1,0,0,0
6447,1.0,1.0,0.0,19,0.05,1,0,0,0
6448,1.0,1.0,0.0,15,0.05,1,0,0,0
6449,1.0,1.0,0.0,17,0.05,1,0,0,0
6450,1.0,1.0,0.0,15,0.05,1,0,0,0
6451,1.0,1.0,0.0,17,0.05,1,0,0,0
6452,1.0,1.0,0.0,17,0.05,1,0,0,0
6453,1.0,1.0,0.0,15,0.05,1,0,0,0
6454,1.0,1.0,0.0,17,0.05,1,0,0,0
6455,1.0,1.0,0.0,15,0.05,1,0,0,0
6456,1.0,1.0,0.0,15,0.05,1,0,0,0
6457,1.0,1.0,0.0,17,0.05,1,0,0,0
6458,1.0,1.0,0.0,19,0.05,1,0,0,0
6459,1.0,1.0,0.0,19,0.05,1,0,0,0
6460,1.0,1.0,0.0,15,0.05,1,0,0,0
6461,1.0,1.0,0.0,15,0.05,1,0,0,0
6462,1.0,1.0,0.0,15,0.05,1,0,0,0
6463,1.0,1.0,0.0,17,0.05,1,0,0,0
6464,1.0,1.0,0.0,17,0.05,1,0,0,0
6465,1.0,1.0,0.0,15,0.05,1,0,0,0
6466,1.0,1.0,0.0,15,0.05,1,0,0,0
6467,1.0,1.0,0.0,19,0.05,1,0,0,0
6468,1.0,1.0,0.0,17,0.05,1,0,0,0
6469,1.0,1.0,0.0,17,0.05,1,0,0,0
6470,1.0,1.0,0.0,15,0.05,1,0,0,0
6471,1.0,1.0,0.0,15,0.05,1,0,0,0
6472,1.0,1.0,0.0,15,0.05,1,0,0,0
6473,1.0,1.0,0.0,15,0.05,1,0,0,0
6474,0.0,0.0,0.0,9,0.05,0,1,0,0
6475,1.0,1.0,0.0,17,0.05,1,0,0,0
6476,1.0,1.0,0.0,15,0.05,1,0,0,0
6477,1.0,1.0,0.0,15,0.05,1,0,0,0
6478,1.0,1.0,0.0,15,0.05,1,0,0,0
6479,1.0,1.0,0.0,15,0.05,1,0,0,0
6480,1.0,1.0,0.0,15,0.05,1,0,0,0
6481,1.0,1.0,0.0,15,0.05,1,0,0,0
6482,1.0,1.0,0.0,15,0.05,1,0,0,0
6483,1.0,1.0,0.0,15,0.05,1,0,0,0
6484,1.0,1.0,0.0,15,0.05,1,0,0,0
6485,1.0,1.0,0.0,15,0.05,1,0,0,0
6486,1.0,1.0,0.0,15,0.05,1,0,0,0
6487,1.0,1.0,0.0,17,0.05,1,0,0,0
6488,1.0,1.0,0.0,17,0.05,1,0,0,0
6489,1.0,1.0,0.0,15,0.05,1,0,0,0
6490,1.0,1.0,0.0,17,0.05,1,0,0,0
6491,1.0,1.0,0.0,15,0.05,1,0,0,0
6492,1.0,1.0,0.0,15,0.05,1,0,0,0
6493,1.0,1.0,0.0,15,0.05,1,0,0,0
6494,1.0,1.0,0.0,17,0.05,1,0,0,0
6495,1.0,1.0,0.0,15,0.05,1,0,0,0
6496,1.0,1.0,0.0,15,0.05,1,0,0,0
6497,0.0,0.0,0.0,10,0.05,0,1,0,0
6498,1.0,1.0,0.0,15,0.05,1,0,0,0
6499,1.0,1.0,0.0,17,0.05,1,0,0,0
6500,1.0,1.0,0.0,15,0.05,1,0,0,0
6501,1.0,1.0,0.0,15,0.05,1,0,0,0
6502,1.0,1.0,0.0,15,0.05,1,0,0,0
6503,1.0,1.0,0.0,15,0.05,1,0,0,0
6504,1.0,1.0,0.0,15,0.05,1,0,0,0
6505,1.0,1.0,0.0,15,0.05,1,0,0,0
6506,1.0,1.0,0.0,15,0.05,1,0,0,0
6507,1.0,1.0,0.0,15,0.05,1,0,0,0
6508,1.0,1.0,0.0,17,0.05,1,0,0,0
6509,0.0,0.0,0.0,10,0.05,0,1,0,0
6510,1.0,1.0,0.0,19,0.05,1,0,0,0
6511,1.0,1.0,0.0,17,0.05,1,0,0,0
6512,1.0,1.0,0.0,21,0.05,1,0,0,0
6513,1.0,1.0,0.0,19,0.05,1,0,0,0
6514,1.0,1.0,0.0,15,0.05,1,0,0,0
6515,1.0,1.0,0.0,15,0.05,1,0,0,0
6516,0.0,0.0,0.0,10,0.05,0,1,0,0
6517,1.0,1.0,0.0,15,0.05,1,0,0,0
6518,1.0,1.0,0.0,15,0.05,1,0,0,0
6519,1.0,1.0,0.0,15,0.05,1,0,0,0
6520,1.0,1.0,0.0,17,0.05,1,0,0,0
6521,1.0,1.0,0.0,15,0.05,1,0,0,0
6522,0.0,0.0,0.0,18,0.05,0,1,0,0
6523,1.0,1.0,0.0,15,0.05,1,0,0,0
6524,1.0,1.0,0.0,15,0.05,1,0,0,0
6525,1.0,1.0,0.0,19,0.05,1,0,0,0
6526,1.0,1.0,0.0,17,0.05,1,0,0,0
6527,1.0,1.0,0.0,15,0.05,1,0,0,0
6528,1.0,1.0,0.0,15,0.05,1,0,0,0
6529,0.0,0.0,0.0,11,0.05,0,1,0,0
6530,1.0,1.0,0.0,15,0.05,1,0,0,0
6531,1.0,1.0,0.0,17,0.05,1,0,0,0
6532,0.0,0.0,0.0,8,0.05,0,1,0,0
6533,1.0,1.0,0.0,17,0.05,1,0,0,0
6534,1.0,1.0,0.0,15,0.05,1,0,0,0
6535,1.0,1.0,0.0,15,0.05,1,0,0,0
6536,1.0,1.0,0.0,15,0.05,1,0,0,0
6537,1.0,1.0,0.0,17,0.05,1,0,0,0
6538,1.0,1.0,0.0,17,0.05,1,0,0,0
6539,1.0,1.0,0.0,15,0.05,1,0,0,0
6540,1.0,1.0,0.0,15,0.05,1,0,0,0
6541,1.0,1.0,0.0,15,0.05,1,0,0,0
6542,1.0,1.0,0.0,15,0.05,1,0,0,0
6543,1.0,1.0,0.0,17,0.05,1,0,0,0
6544,0.0,0.0,0.0,11,0.05,0,1,0,0
6545,1.0,1.0,0.0,15,0.05,1,0,0,0
6546,1.0,1.0,0.0,15,0.05,1,0,0,0
6547,1.0,1.0,0.0,15,0.05,1,0,0,0
6548,1.0,1.0,0.0,15,0.05,1,0,0,0
6549,1.0,1.0,0.0,15,0.05,1,0,0,0
6550,1.0,1.0,0.0,21,0.05,1,0,0,0
6551,1.0,1.0,0.0,15,0.05,1,0,0,0
6552,1.0,1.0,0.0,15,0.05,1,0,0,0
6553,1.0,1.0,0.0,17,0.05,1,0,0,0
6554,1.0,1.0,0.0,15,0.05,1,0,0,0
6555,1.0,1.0,0.0,19,0.05,1,0,0,0
6556,1.0,1.0,0.0,15,0.05,1,0,0,0
6557,1.0,1.0,0.0,15,0.05,1,0,0,0
6558,1.0,1.0,0.0,15,0.05,1,0,0,0
6559,1.0,1.0,0.0,15,0.05,1,0,0,0
6560,1.0,1.0,0.0,15,0.05,1,0,0,0
6561,1.0,1.0,0.0,17,0.05,1,0,0,0
6562,1.0,1.0,0.0,17,0.05,1,0,0,0
6563,1.0,1.0,0.0,21,0.05,1,0,0,0
6564,1.0,1.0,0.0,15,0.05,1,0,0,0
6565,1.0,1.0,0.0,15,0.05,1,0,0,0
6566,0.0,0.0,0.0,11,0.05,0,1,0,0
6567,1.0,1.0,0.0,17,0.05,1,0,0,0
6568,1.0,1.0,0.0,15,0.05,1,0,0,0
6569,1.0,1.0,0.0,17,0.05,1,0,0,0
6570,1.0,1.0,0.0,15,0.05,1,0,0,0
6571,1.0,1.0,0.0,15,0.05,1,0,0,0
6572,1.0,1.0,0.0,15,0.05,1,0,0,0
6573,1.0,1.0,0.0,15,0.05,1,0,0,0
6574,1.0,1.0,0.0,15,0.05,1,0,0,0
6575,1.0,1.0,0.0,15,0.05,1,0,0,0
6576,1.0,1.0,0.0,17,0.05,1,0,0,0
6577,1.0,1.0,0.0,15,0.05,1,0,0,0
6578,1.0,1.0,0.0,15,0.05,1,0,0,0
6579,1.0,1.0,0.0,17,0.05,1,0,0,0
6580,1.0,1.0,0.0,15,0.05,1,0,0,0
6581,1.0,1.0,0.0,15,0.05,1,0,0,0
6582,1.0,1.0,0.0,17,0.05,1,0,0,0
6583,1.0,1.0,0.0,17,0.05,1,0,0,0
6584,1.0,1.0,0.0,17,0.05,1,0,0,0
6585,1.0,1.0,0.0,15,0.05,1,0,0,0
6586,1.0,1.0,0.0,15,0.05,1,0,0,0
6587,1.0,1.0,0.0,15,0.05,1,0,0,0
6588,1.0,1.0,0.0,15,0.05,1,0,0,0
6589,1.0,1.0,0.0,15,0.05,1,0,0,0
6590,1.0,1.0,0.0,15,0.05,1,0,0,0
6591,1.0,1.0,0.0,15,0.05,1,0,0,0
6592,1.0,1.0,0.0,15,0.05,1,0,0,0
6593,1.0,1.0,0.0,17,0.05,1,0,0,0
6594,1.0,1.0,0.0,17,0.05,1,0,0,0
6595,1.0,1.0,0.0,15,0.05,1,0,0,0
6596,1.0,1.0,0.0,17,0.05,1,0,0,0
6597,1.0,1.0,0.0,15,0.05,1,0,0,0
6598,1.0,1.0,0.0,17,0.05,1,0,0,0
6599,1.0,1.0,0.0,15,0.05,1,0,0,0
6600,1.0,1.0,0.0,17,0.05,1,0,0,0
6601,1.0,1.0,0.0,15,0.05,1,0,0,0
6602,1.0,1.0,0.0,15,0.05,1,0,0,0
6603,1.0,1.0,0.0,15,0.05,1,0,0,0
6604,1.0,1.0,0.0,15,0.05,1,0,0,0
6605,1.0,1.0,0.0,17,0.05,1,0,0,0
6606,1.0,1.0,0.0,15,0.05,1,0,0,0
6607,1.0,1.0,0.0,15,0.05,1,0,0,0
6608,0.0,0.0,0.0,14,0.05,0,1,0,0
6609,1.0,1.0,0.0,17,0.05,1,0,0,0
6610,1.0,1.0,0.0,17,0.05,1,0,0,0
6611,1.0,1.0,0.0,15,0.05,1,0,0,0
6612,1.0,1.0,0.0,15,0.05,1,0,0,0
6613,1.0,1.0,0.0,15,0.05,1,0,0,0
6614,1.0,1.0,0.0,15,0.05,1,0,0,0
6615,1.0,1.0,0.0,17,0.05,1,0,0,0
6616,0.0,0.0,0.0,12,0.05,0,1,0,0
6617,1.0,1.0,0.0,15,0.05,1,0,0,0
6618,1.0,1.0,0.0,15,0.05,1,0,0,0
6619,0.0,0.0,0.0,10,0.05,0,1,0,0
6620,1.0,1.0,0.0,15,0.05,1,0,0,0
6621,0.0,0.0,0.0,8,0.05,0,1,0,0
6622,1.0,1.0,0.0,15,0.05,1,0,0,0
6623,0.0,0.0,0.0,17,0.05,0,1,0,0
6624,0.0,0.0,0.0,11,0.05,0,1,0,0
6625,0.0,0.0,0.0,11,0.05,0,1,0,0
6626,1.0,1.0,0.0,17,0.05,1,0,0,0
6627,1.0,1.0,0.0,15,0.05,1,0,0,0
6628,0.0,0.0,0.0,12,0.05,0,1,0,0
6629,1.0,1.0,0.0,15,0.05,1,0,0,0
6630,1.0,1.0,0.0,15,0.05,1,0,0,0
6631,1.0,1.0,0.0,15,0.05,1,0,0,0
6632,1.0,1.0,0.0,15,0.05,1,0,0,0
6633,1.0,1.0,0.0,15,0.05,1,0,0,0
6634,1.0,1.0,0.0,15,0.05,1,0,0,0
6635,1.0,1.0,0.0,19,0.05,1,0,0,0
6636,1.0,1.0,0.0,16,0.05,1,0,0,0
6637,1.0,1.0,0.0,15,0.05,1,0,0,0
6638,1.0,1.0,0.0,17,0.05,1,0,0,0
6639,0.0,0.0,0.0,7,0.05,0,1,0,0
6640,1.0,1.0,0.0,16,0.05,1,0,0,0
6641,1.0,1.0,0.0,17,0.05,1,0,0,0
6642,1.0,1.0,0.0,15,0.05,1,0,0,0
6643,1.0,1.0,0.0,17,0.05,1,0,0,0
6644,1.0,1.0,0.0,15,0.05,1,0,0,0
6645,0.0,0.0,0.0,10,0.05,0,1,0,0
6646,1.0,1.0,0.0,15,0.05,1,0,0,0
6647,1.0,1.0,0.0,15,0.05,1,0,0,0
6648,1.0,1.0,0.0,15,0.05,1,0,0,0
6649,1.0,1.0,0.0,23,0.05,1,0,0,0
6650,1.0,1.0,0.0,15,0.05,1,0,0,0
6651,1.0,1.0,0.0,15,0.05,1,0,0,0
6652,1.0,1.0,0.0,17,0.05,1,0,0,0
6653,1.0,1.0,0.0,17,0.05,1,0,0,0
6654,0.0,0.0,0.0,7,0.05,0,1,0,0
6655,1.0,1.0,0.0,15,0.05,1,0,0,0
6656,1.0,1.0,0.0,17,0.05,1,0,0,0
6657,1.0,1.0,0.0,15,0.05,1,0,0,0
6658,1.0,1.0,0.0,15,0.05,1,0,0,0
6659,1.0,1.0,0.0,15,0.05,1,0,0,0
6660,1.0,1.0,0.0,15,0.05,1,0,0,0
6661,1.0,1.0,0.0,15,0.05,1,0,0,0
6662,1.0,1.0,0.0,15,0.05,1,0,0,0
6663,1.0,1.0,0.0,15,0.05,1,0,0,0
6664,1.0,1.0,0.0,15,0.05,1,0,0,0
6665,1.0,1.0,0.0,16,0.05,1,0,0,0
6666,1.0,1.0,0.0,17,0.05,1,0,0,0
6667,1.0,1.0,0.0,19,0.05,1,0,0,0
6668,1.0,1.0,0.0,17,0.05,1,0,0,0
6669,1.0,1.0,0.0,15,0.05,1,0,0,0
6670,0.0,0.0,0.0,12,0.05,0,1,0,0
6671,1.0,1.0,0.0,15,0.05,1,0,0,0
6672,1.0,1.0,0.0,15,0.05,1,0,0,0
6673,1.0,1.0,0.0,15,0.05,1,0,0,0
6674,0.0,0.0,0.0,10,0.05,0,1,0,0
6675,1.0,1.0,0.0,15,0.05,1,0,0,0
6676,1.0,1.0,0.0,17,0.05,1,0,0,0
6677,1.0,1.0,0.0,15,0.05,1,0,0,0
6678,1.0,1.0,0.0,17,0.05,1,0,0,0
6679,1.0,1.0,0.0,17,0.05,1,0,0,0
6680,0.0,0.0,0.0,13,0.05,0,1,0,0
6681,1.0,1.0,0.0,17,0.05,1,0,0,0
6682,0.0,0.0,0.0,14,0.05,0,1,0,0
6683,1.0,1.0,0.0,15,0.05,1,0,0,0
6684,1.0,1.0,0.0,15,0.05,1,0,0,0
6685,1.0,1.0,0.0,15,0.05,1,0,0,0
6686,1.0,1.0,0.0,15,0.05,1,0,0,0
6687,1.0,1.0,0.0,15,0.05,1,0,0,0
6688,1.0,1.0,0.0,17,0.05,1,0,0,0
6689,1.0,1.0,0.0,15,0.05,1,0,0,0
6690,1.0,1.0,0.0,15,0.05,1,0,0,0
6691,1.0,1.0,0.0,15,0.05,1,0,0,0
6692,1.0,1.0,0.0,15,0.05,1,0,0,0
6693,1.0,1.0,0.0,15,0.05,1,0,0,0
6694,1.0,1.0,0.0,15,0.05,1,0,0,0
6695,1.0,1.0,0.0,17,0.05,1,0,0,0
6696,1.0,1.0,0.0,15,0.05,1,0,0,0
6697,0.0,0.0,0.0,14,0.05,0,1,0,0
6698,0.0,0.0,0.0,7,0.05,0,1,0,0
6699,1.0,1.0,0.0,15,0.05,1,0,0,0
6700,1.0,1.0,0.0,20,0.05,1,0,0,0
6701,1.0,1.0,0.0,16,0.05,1,0,0,0
6702,1.0,1.0,0.0,15,0.05,1,0,0,0
6703,0.0,0.0,0.0,13,0.05,0,1,0,0
6704,1.0,1.0,0.0,15,0.05,1,0,0,0
6705,0.0,0.0,0.0,10,0.05,0,1,0,0
6706,1.0,1.0,0.0,15,0.05,1,0,0,0
6707,1.0,1.0,0.0,17,0.05,1,0,0,0
6708,1.0,1.0,0.0,18,0.05,1,0,0,0
6709,1.0,1.0,0.0,19,0.05,1,0,0,0
6710,1.0,1.0,0.0,15,0.05,1,0,0,0
6711,1.0,1.0,0.0,17,0.05,1,0,0,0
6712,1.0,1.0,0.0,15,0.05,1,0,0,0
6713,1.0,1.0,0.0,17,0.05,1,0,0,0
6714,1.0,1.0,0.0,17,0.05,1,0,0,0
6715,1.0,1.0,0.0,15,0.05,1,0,0,0
6716,1.0,1.0,0.0,15,0.05,1,0,0,0
6717,1.0,1.0,0.0,15,0.05,1,0,0,0
6718,1.0,1.0,0.0,15,0.05,1,0,0,0
6719,1.0,1.0,0.0,15,0.05,1,0,0,0
6720,1.0,1.0,0.0,17,0.05,1,0,0,0
6721,0.0,0.0,0.0,15,0.05,0,1,0,0
6722,1.0,1.0,0.0,17,0.05,1,0,0,0
6723,1.0,1.0,0.0,15,0.05,1,0,0,0
6724,1.0,1.0,0.0,15,0.05,1,0,0,0
6725,1.0,1.0,0.0,15,0.05,1,0,0,0
6726,1.0,1.0,0.0,15,0.05,1,0,0,0
6727,1.0,1.0,0.0,15,0.05,1,0,0,0
6728,1.0,1.0,0.0,19,0.05,1,0,0,0
6729,1.0,1.0,0.0,15,0.05,1,0,0,0
6730,1.0,1.0,0.0,17,0.05,1,0,0,0
6731,1.0,1.0,0.0,15,0.05,1,0,0,0
6732,1.0,1.0,0.0,17,0.05,1,0,0,0
6733,1.0,1.0,0.0,17,0.05,1,0,0,0
6734,1.0,1.0,0.0,17,0.05,1,0,0,0
6735,1.0,1.0,0.0,15,0.05,1,0,0,0
6736,1.0,1.0,0.0,15,0.05,1,0,0,0
6737,0.0,0.0,0.0,8,0.05,0,1,0,0
6738,1.0,1.0,0.0,15,0.05,1,0,0,0
6739,1.0,1.0,0.0,15,0.05,1,0,0,0
6740,1.0,1.0,0.0,17,0.05,1,0,0,0
6741,1.0,1.0,0.0,17,0.05,1,0,0,0
6742,1.0,1.0,0.0,15,0.05,1,0,0,0
6743,1.0,1.0,0.0,15,0.05,1,0,0,0
6744,1.0,1.0,0.0,15,0.05,1,0,0,0
6745,1.0,1.0,0.0,15,0.05,1,0,0,0
6746,1.0,1.0,0.0,15,0.05,1,0,0,0
6747,1.0,1.0,0.0,17,0.05,1,0,0,0
6748,0.0,0.0,0.0,13,0.05,0,1,0,0
6749,1.0,1.0,0.0,15,0.05,1,0,0,0
6750,0.0,0.0,0.0,9,0.05,0,1,0,0
6751,1.0,1.0,0.0,15,0.05,1,0,0,0
6752,1.0,1.0,0.0,15,0.05,1,0,0,0
6753,1.0,1.0,0.0,15,0.05,1,0,0,0
6754,1.0,1.0,0.0,15,0.05,1,0,0,0
6755,0.0,0.0,0.0,17,0.05,0,1,0,0
6756,0.0,0.0,0.0,12,0.05,0,1,0,0
6757,1.0,1.0,0.0,15,0.05,1,0,0,0
6758,1.0,1.0,0.0,19,0.05,1,0,0,0
6759,1.0,1.0,0.0,15,0.05,1,0,0,0
6760,1.0,1.0,0.0,15,0.05,1,0,0,0
6761,1.0,1.0,0.0,15,0.05,1,0,0,0
6762,1.0,1.0,0.0,17,0.05,1,0,0,0
6763,1.0,1.0,0.0,17,0.05,1,0,0,0
6764,1.0,1.0,0.0,17,0.05,1,0,0,0
6765,1.0,1.0,0.0,15,0.05,1,0,0,0
6766,1.0,1.0,0.0,17,0.05,1,0,0,0
6767,1.0,1.0,0.0,15,0.05,1,0,0,0
6768,1.0,1.0,0.0,15,0.05,1,0,0,0
6769,1.0,1.0,0.0,15,0.05,1,0,0,0
6770,1.0,1.0,0.0,16,0.05,1,0,0,0
6771,1.0,1.0,0.0,17,0.05,1,0,0,0
6772,1.0,1.0,0.0,18,0.05,1,0,0,0
6773,1.0,1.0,0.0,17,0.05,1,0,0,0
6774,1.0,1.0,0.0,17,0.05,1,0,0,0
6775,1.0,1.0,0.0,15,0.05,1,0,0,0
6776,1.0,1.0,0.0,15,0.05,1,0,0,0
6777,1.0,1.0,0.0,17,0.05,1,0,0,0
6778,1.0,1.0,0.0,15,0.05,1,0,0,0
6779,1.0,1.0,0.0,15,0.05,1,0,0,0
6780,1.0,1.0,0.0,19,0.05,1,0,0,0
6781,1.0,1.0,0.0,15,0.05,1,0,0,0
6782,1.0,1.0,0.0,15,0.05,1,0,0,0
6783,1.0,1.0,0.0,15,0.05,1,0,0,0
6784,1.0,1.0,0.0,15,0.05,1,0,0,0
6785,1.0,1.0,0.0,15,0.05,1,0,0,0
6786,1.0,1.0,0.0,17,0.05,1,0,0,0
6787,0.0,0.0,0.0,15,0.05,0,1,0,0
6788,1.0,1.0,0.0,15,0.05,1,0,0,0
6789,1.0,1.0,0.0,19,0.05,1,0,0,0
6790,1.0,1.0,0.0,15,0.05,1,0,0,0
6791,0.0,0.0,0.0,15,0.05,0,1,0,0
6792,1.0,1.0,0.0,15,0.05,1,0,0,0
6793,1.0,1.0,0.0,15,0.05,1,0,0,0
6794,1.0,1.0,0.0,16,0.05,1,0,0,0
6795,1.0,1.0,0.0,15,0.05,1,0,0,0
6796,1.0,1.0,0.0,15,0.05,1,0,0,0
6797,1.0,1.0,0.0,15,0.05,1,0,0,0
6798,1.0,1.0,0.0,15,0.05,1,0,0,0
6799,1.0,1.0,0.0,16,0.05,1,0,0,0
6800,1.0,1.0,0.0,15,0.05,1,0,0,0
6801,1.0,1.0,0.0,15,0.05,1,0,0,0
6802,1.0,1.0,0.0,15,0.05,1,0,0,0
6803,1.0,1.0,0.0,17,0.05,1,0,0,0
6804,1.0,1.0,0.0,19,0.05,1,0,0,0
6805,0.0,0.0,0.0,8,0.05,0,1,0,0
6806,1.0,1.0,0.0,15,0.05,1,0,0,0
6807,1.0,1.0,0.0,15,0.05,1,0,0,0
6808,1.0,1.0,0.0,19,0.05,1,0,0,0
6809,1.0,1.0,0.0,17,0.05,1,0,0,0
6810,1.0,1.0,0.0,17,0.05,1,0,0,0
6811,1.0,1.0,0.0,15,0.05,1,0,0,0
6812,1.0,1.0,0.0,15,0.05,1,0,0,0
6813,1.0,1.0,0.0,17,0.05,1,0,0,0
6814,1.0,1.0,0.0,19,0.05,1,0,0,0
6815,1.0,1.0,0.0,15,0.05,1,0,0,0
6816,1.0,1.0,0.0,15,0.05,1,0,0,0
6817,1.0,1.0,0.0,17,0.05,1,0,0,0
6818,1.0,1.0,0.0,17,0.05,1,0,0,0
6819,1.0,1.0,0.0,15,0.05,1,0,0,0
6820,1.0,1.0,0.0,17,0.05,1,0,0,0
6821,1.0,1.0,0.0,17,0.05,1,0,0,0
6822,1.0,1.0,0.0,15,0.05,1,0,0,0
6823,1.0,1.0,0.0,17,0.05,1,0,0,0
6824,1.0,1.0,0.0,15,0.05,1,0,0,0
6825,1.0,1.0,0.0,17,0.05,1,0,0,0
6826,1.0,1.0,0.0,15,0.05,1,0,0,0
6827,0.0,0.0,0.0,13,0.05,0,1,0,0
6828,1.0,1.0,0.0,15,0.05,1,0,0,0
6829,1.0,1.0,0.0,17,0.05,1,0,0,0
6830,1.0,1.0,0.0,17,0.05,1,0,0,0
6831,1.0,1.0,0.0,15,0.05,1,0,0,0
6832,1.0,1.0,0.0,15,0.05,1,0,0,0
6833,1.0,1.0,0.0,15,0.05,1,0,0,0
6834,0.0,0.0,0.0,15,0.05,0,1,0,0
6835,1.0,1.0,0.0,15,0.05,1,0,0,0
6836,1.0,1.0,0.0,15,0.05,1,0,0,0
6837,1.0,1.0,0.0,15,0.05,1,0,0,0
6838,1.0,1.0,0.0,15,0.05,1,0,0,0
6839,1.0,1.0,0.0,15,0.05,1,0,0,0
6840,1.0,1.0,0.0,15,0.05,1,0,0,0
6841,1.0,1.0,0.0,15,0.05,1,0,0,0
6842,1.0,1.0,0.0,15,0.05,1,0,0,0
6843,1.0,1.0,0.0,15,0.05,1,0,0,0
6844,1.0,1.0,0.0,15,0.05,1,0,0,0
6845,1.0,1.0,0.0,15,0.05,1,0,0,0
6846,1.0,1.0,0.0,15,0.05,1,0,0,0
6847,1.0,1.0,0.0,15,0.05,1,0,0,0
6848,1.0,1.0,0.0,19,0.05,1,0,0,0
6849,1.0,1.0,0.0,15,0.05,1,0,0,0
6850,1.0,1.0,0.0,15,0.05,1,0,0,0
6851,1.0,1.0,0.0,17,0.05,1,0,0,0
6852,1.0,1.0,0.0,17,0.05,1,0,0,0
6853,1.0,1.0,0.0,15,0.05,1,0,0,0
6854,1.0,1.0,0.0,15,0.05,1,0,0,0
6855,1.0,1.0,0.0,15,0.05,1,0,0,0
6856,1.0,1.0,0.0,15,0.05,1,0,0,0
6857,1.0,1.0,0.0,15,0.05,1,0,0,0
6858,1.0,1.0,0.0,15,0.05,1,0,0,0
6859,1.0,1.0,0.0,17,0.05,1,0,0,0
6860,1.0,1.0,0.0,17,0.05,1,0,0,0
6861,1.0,1.0,0.0,15,0.05,1,0,0,0
6862,1.0,1.0,0.0,15,0.05,1,0,0,0
6863,1.0,1.0,0.0,15,0.05,1,0,0,0
6864,1.0,1.0,0.0,15,0.05,1,0,0,0
6865,1.0,1.0,0.0,15,0.05,1,0,0,0
6866,1.0,1.0,0.0,15,0.05,1,0,0,0
6867,1.0,1.0,0.0,17,0.05,1,0,0,0
6868,1.0,1.0,0.0,17,0.05,1,0,0,0
6869,1.0,1.0,0.0,15,0.05,1,0,0,0
6870,1.0,1.0,0.0,17,0.05,1,0,0,0
6871,1.0,1.0,0.0,15,0.05,1,0,0,0
6872,1.0,1.0,0.0,17,0.05,1,0,0,0
6873,1.0,1.0,0.0,19,0.05,1,0,0,0
6874,0.0,0.0,0.0,8,0.05,0,1,0,0
6875,1.0,1.0,0.0,15,0.05,1,0,0,0
6876,1.0,1.0,0.0,17,0.05,1,0,0,0
6877,1.0,1.0,0.0,19,0.05,1,0,0,0
6878,0.0,0.0,0.0,13,0.05,0,1,0,0
6879,1.0,1.0,0.0,15,0.05,1,0,0,0
6880,1.0,1.0,0.0,16,0.05,1,0,0,0
6881,1.0,1.0,0.0,15,0.05,1,0,0,0
6882,1.0,1.0,0.0,15,0.05,1,0,0,0
6883,1.0,1.0,0.0,19,0.05,1,0,0,0
6884,1.0,1.0,0.0,17,0.05,1,0,0,0
6885,1.0,1.0,0.0,17,0.05,1,0,0,0
6886,1.0,1.0,0.0,15,0.05,1,0,0,0
6887,1.0,1.0,0.0,15,0.05,1,0,0,0
6888,1.0,1.0,0.0,15,0.05,1,0,0,0
6889,0.0,0.0,0.0,10,0.05,0,1,0,0
6890,1.0,1.0,0.0,17,0.05,1,0,0,0
6891,0.0,0.0,0.0,13,0.05,0,1,0,0
6892,1.0,1.0,0.0,15,0.05,1,0,0,0
6893,1.0,1.0,0.0,15,0.05,1,0,0,0
6894,1.0,1.0,0.0,15,0.05,1,0,0,0
6895,1.0,1.0,0.0,15,0.05,1,0,0,0
6896,1.0,1.0,0.0,17,0.05,1,0,0,0
6897,1.0,1.0,0.0,15,0.05,1,0,0,0
6898,1.0,1.0,0.0,17,0.05,1,0,0,0
6899,1.0,1.0,0.0,17,0.05,1,0,0,0
6900,1.0,1.0,0.0,19,0.05,1,0,0,0
6901,1.0,1.0,0.0,15,0.05,1,0,0,0
6902,1.0,1.0,0.0,17,0.05,1,0,0,0
6903,1.0,1.0,0.0,15,0.05,1,0,0,0
6904,1.0,1.0,0.0,17,0.05,1,0,0,0
6905,1.0,1.0,0.0,15,0.05,1,0,0,0
6906,1.0,1.0,0.0,17,0.05,1,0,0,0
6907,1.0,1.0,0.0,15,0.05,1,0,0,0
6908,1.0,1.0,0.0,19,0.05,1,0,0,0
6909,1.0,1.0,0.0,17,0.05,1,0,0,0
6910,1.0,1.0,0.0,17,0.05,1,0,0,0
6911,1.0,1.0,0.0,15,0.05,1,0,0,0
6912,1.0,1.0,0.0,19,0.05,1,0,0,0
6913,1.0,1.0,0.0,15,0.05,1,0,0,0
6914,0.0,0.0,0.0,7,0.05,0,1,0,0
6915,1.0,1.0,0.0,15,0.05,1,0,0,0
6916,1.0,1.0,0.0,17,0.05,1,0,0,0
6917,1.0,1.0,0.0,19,0.05,1,0,0,0
6918,1.0,1.0,0.0,15,0.05,1,0,0,0
6919,1.0,1.0,0.0,15,0.05,1,0,0,0
6920,0.0,0.0,0.0,12,0.05,0,1,0,0
6921,1.0,1.0,0.0,17,0.05,1,0,0,0
6922,1.0,1.0,0.0,17,0.05,1,0,0,0
6923,1.0,1.0,0.0,17,0.05,1,0,0,0
6924,1.0,1.0,0.0,15,0.05,1,0,0,0
6925,1.0,1.0,0.0,17,0.05,1,0,0,0
6926,1.0,1.0,0.0,15,0.05,1,0,0,0
6927,1.0,1.0,0.0,15,0.05,1,0,0,0
6928,1.0,1.0,0.0,15,0.05,1,0,0,0
6929,1.0,1.0,0.0,15,0.05,1,0,0,0
6930,1.0,1.0,0.0,15,0.05,1,0,0,0
6931,1.0,1.0,0.0,15,0.05,1,0,0,0
6932,1.0,1.0,0.0,17,0.05,1,0,0,0
6933,1.0,1.0,0.0,19,0.05,1,0,0,0
6934,1.0,1.0,0.0,15,0.05,1,0,0,0
6935,1.0,1.0,0.0,17,0.05,1,0,0,0
6936,1.0,1.0,0.0,15,0.05,1,0,0,0
6937,1.0,1.0,0.0,17,0.05,1,0,0,0
6938,1.0,1.0,0.0,15,0.05,1,0,0,0
6939,1.0,1.0,0.0,15,0.05,1,0,0,0
6940,1.0,1.0,0.0,17,0.05,1,0,0,0
6941,1.0,1.0,0.0,17,0.05,1,0,0,0
6942,1.0,1.0,0.0,17,0.05,1,0,0,0
6943,1.0,1.0,0.0,15,0.05,1,0,0,0
6944,1.0,1.0,0.0,15,0.05,1,0,0,0
6945,1.0,1.0,0.0,15,0.05,1,0,0,0
6946,1.0,1.0,0.0,15,0.05,1,0,0,0
6947,1.0,1.0,0.0,17,0.05,1,0,0,0
6948,1.0,1.0,0.0,15,0.05,1,0,0,0
6949,1.0,1.0,0.0,15,0.05,1,0,0,0
6950,1.0,1.0,0.0,17,0.05,1,0,0,0
6951,0.0,0.0,0.0,11,0.05,0,1,0,0
6952,0.0,0.0,0.0,17,0.05,0,1,0,0
6953,1.0,1.0,0.0,15,0.05,1,0,0,0
6954,1.0,1.0,0.0,17,0.05,1,0,0,0
6955,1.0,1.0,0.0,15,0.05,1,0,0,0
6956,1.0,1.0,0.0,15,0.05,1,0,0,0
6957,1.0,1.0,0.0,17,0.05,1,0,0,0
6958,1.0,1.0,0.0,15,0.05,1,0,0,0
6959,0.0,0.0,0.0,10,0.05,0,1,0,0
6960,0.0,0.0,0.0,9,0.05,0,1,0,0
6961,1.0,1.0,0.0,15,0.05,1,0,0,0
6962,1.0,1.0,0.0,15,0.05,1,0,0,0
6963,0.0,0.0,0.0,14,0.05,0,1,0,0
6964,1.0,1.0,0.0,15,0.05,1,0,0,0
6965,0.0,0.0,0.0,9,0.05,0,1,0,0
6966,1.0,1.0,0.0,15,0.05,1,0,0,0
6967,1.0,1.0,0.0,15,0.05,1,0,0,0
6968,1.0,1.0,0.0,15,0.05,1,0,0,0
6969,1.0,1.0,0.0,15,0.05,1,0,0,0
6970,1.0,1.0,0.0,15,0.05,1,0,0,0
6971,1.0,1.0,0.0,15,0.05,1,0,0,0
6972,1.0,1.0,0.0,17,0.05,1,0,0,0
6973,0.0,0.0,0.0,13,0.05,0,1,0,0
6974,1.0,1.0,0.0,15,0.05,1,0,0,0
6975,1.0,1.0,0.0,15,0.05,1,0,0,0
6976,1.0,1.0,0.0,15,0.05,1,0,0,0
6977,1.0,1.0,0.0,15,0.05,1,0,0,0
6978,1.0,1.0,0.0,15,0.05,1,0,0,0
6979,1.0,1.0,0.0,19,0.05,1,0,0,0
6980,1.0,1.0,0.0,15,0.05,1,0,0,0
6981,1.0,1.0,0.0,17,0.05,1,0,0,0
6982,1.0,1.0,0.0,19,0.05,1,0,0,0
6983,1.0,1.0,0.0,15,0.05,1,0,0,0
6984,1.0,1.0,0.0,15,0.05,1,0,0,0
6985,1.0,1.0,0.0,15,0.05,1,0,0,0
6986,1.0,1.0,0.0,15,0.05,1,0,0,0
6987,1.0,1.0,0.0,17,0.05,1,0,0,0
6988,1.0,1.0,0.0,15,0.05,1,0,0,0
6989,0.0,0.0,0.0,17,0.05,0,1,0,0
6990,1.0,1.0,0.0,15,0.05,1,0,0,0
6991,1.0,1.0,0.0,15,0.05,1,0,0,0
6992,1.0,1.0,0.0,15,0.05,1,0,0,0
6993,1.0,1.0,0.0,17,0.05,1,0,0,0
6994,0.0,0.0,0.0,12,0.05,0,1,0,0
6995,1.0,1.0,0.0,19,0.05,1,0,0,0
6996,1.0,1.0,0.0,17,0.05,1,0,0,0
6997,1.0,1.0,0.0,15,0.05,1,0,0,0
6998,0.0,0.0,0.0,11,0.05,0,1,0,0
6999,1.0,1.0,0.0,15,0.05,1,0,0,0
7000,1.0,1.0,0.0,15,0.05,1,0,0,0
