episode,environment_return,learning_return,intrinsic_return,steps,epsilon,success,died,truncated,monster_moves
1,0.0,0.0,0.0,500,1.0,0,0,1,0
2,0.0,0.0,0.0,500,0.999905,0,0,1,0
3,0.0,0.0,0.0,500,0.99981,0,0,1,0
4,0.0,0.0,0.0,500,0.999715,0,0,1,0
5,0.0,0.0,0.0,500,0.99962,0,0,1,0
6,0.0,0.0,0.0,500,0.999525,0,0,1,0
7,0.0,0.0,0.0,500,0.99943,0,0,1,0
8,0.0,0.0,0.0,500,0.999335,0,0,1,0
9,0.0,0.0,0.0,500,0.99924,0,0,1,0
10,0.0,0.0,0.0,500,0.999145,0,0,1,0
11,0.0,0.0,0.0,500,0.99905,0,0,1,0
12,0.0,0.0,0.0,500,0.998955,0,0,1,0
13,0.0,0.0,0.0,500,0.99886,0,0,1,0
14,0.0,0.0,0.0,500,0.998765,0,0,1,0
15,0.0,0.0,0.0,500,0.99867,0,0,1,0
16,0.0,0.0,0.0,500,0.998575,0,0,1,0
17,0.0,0.0,0.0,500,0.99848,0,0,1,0
18,0.0,0.0,0.0,500,0.998385,0,0,1,0
19,0.0,0.0,0.0,500,0.99829,0,0,1,0
20,0.0,0.0,0.0,500,0.998195,0,0,1,0
21,0.0,0.0,0.0,500,0.9981,0,0,1,0
22,0.0,0.0,0.0,500,0.998005,0,0,1,0
23,0.0,0.0,0.0,500,0.99791,0,0,1,0
24,0.0,0.0,0.0,500,0.997815,0,0,1,0
25,0.0,0.0,0.0,500,0.99772,0,0,1,0
26,0.0,0.0,0.0,500,0.997625,0,0,1,0
27,0.0,0.0,0.0,500,0.99753,0,0,1,0
28,0.0,0.0,0.0,500,0.997435,0,0,1,0
29,0.0,0.0,0.0,500,0.99734,0,0,1,0
30,0.0,0.0,0.0,500,0.997245,0,0,1,0
31,0.0,0.0,0.0,500,0.99715,0,0,1,0
32,0.0,0.0,0.0,500,0.997055,0,0,1,0
33,0.0,0.0,0.0,500,0.99696,0,0,1,0
34,0.0,0.0,0.0,500,0.996865,0,0,1,0
35,0.0,0.0,0.0,500,0.99677,0,0,1,0
36,0.0,0.0,0.0,500,0.996675,0,0,1,0
37,0.0,0.0,0.0,500,0.99658,0,0,1,0
38,0.0,0.0,0.0,500,0.996485,0,0,1,0
39,0.0,0.0,0.0,500,0.99639,0,0,1,0
40,0.0,0.0,0.0,500,0.996295,0,0,1,0
41,0.0,0.0,0.0,500,0.9962,0,0,1,0
42,0.0,0.0,0.0,500,0.996105,0,0,1,0
43,0.0,0.0,0.0,500,0.99601,0,0,1,0
44,0.0,0.0,0.0,500,0.995915,0,0,1,0
45,0.0,0.0,0.0,500,0.99582,0,0,1,0
46,0.0,0.0,0.0,500,0.995725,0,0,1,0
47,0.0,0.0,0.0,500,0.99563,0,0,1,0
48,0.0,0.0,0.0,500,0.995535,0,0,1,0
49,0.0,0.0,0.0,500,0.99544,0,0,1,0
50,0.0,0.0,0.0,500,0.995345,0,0,1,0
51,0.0,0.0,0.0,500,0.99525,0,0,1,0
52,0.0,0.0,0.0,500,0.995155,0,0,1,0
53,0.0,0.0,0.0,500,0.9950600000000001,0,0,1,0
54,0.0,0.0,0.0,500,0.994965,0,0,1,0
55,0.0,0.0,0.0,500,0.99487,0,0,1,0
56,0.0,0.0,0.0,500,0.994775,0,0,1,0
57,0.0,0.0,0.0,500,0.99468,0,0,1,0
58,0.0,0.0,0.0,500,0.994585,0,0,1,0
59,0.0,0.0,0.0,500,0.99449,0,0,1,0
60,0.0,0.0,0.0,500,0.994395,0,0,1,0
61,0.0,0.0,0.0,500,0.9943,0,0,1,0
62,0.0,0.0,0.0,500,0.994205,0,0,1,0
63,0.0,0.0,0.0,500,0.99411,0,0,1,0
64,0.0,0.0,0.0,500,0.994015,0,0,1,0
65,0.0,0.0,0.0,500,0.99392,0,0,1,0
66,0.0,0.0,0.0,500,0.993825,0,0,1,0
67,0.0,0.0,0.0,500,0.99373,0,0,1,0
68,0.0,0.0,0.0,500,0.993635,0,0,1,0
69,0.0,0.0,0.0,500,0.99354,0,0,1,0
70,0.0,0.0,0.0,500,0.993445,0,0,1,0
71,0.0,0.0,0.0,500,0.99335,0,0,1,0
72,0.0,0.0,0.0,500,0.993255,0,0,1,0
73,0.0,0.0,0.0,500,0.99316,0,0,1,0
74,0.0,0.0,0.0,500,0.993065,0,0,1,0
75,0.0,0.0,0.0,500,0.99297,0,0,1,0
76,0.0,0.0,0.0,500,0.992875,0,0,1,0
77,0.0,0.0,0.0,500,0.99278,0,0,1,0
78,0.0,0.0,0.0,500,0.992685,0,0,1,0
79,0.0,0.0,0.0,500,0.99259,0,0,1,0
80,0.0,0.0,0.0,500,0.992495,0,0,1,0
81,0.0,0.0,0.0,500,0.9924,0,0,1,0
82,0.0,0.0,0.0,500,0.992305,0,0,1,0
83,0.0,0.0,0.0,500,0.99221,0,0,1,0
84,0.0,0.0,0.0,500,0.992115,0,0,1,0
85,0.0,0.0,0.0,500,0.99202,0,0,1,0
86,0.0,0.0,0.0,500,0.991925,0,0,1,0
87,0.0,0.0,0.0,500,0.99183,0,0,1,0
88,0.0,0.0,0.0,500,0.991735,0,0,1,0
89,0.0,0.0,0.0,500,0.99164,0,0,1,0
90,0.0,0.0,0.0,500,0.991545,0,0,1,0
91,0.0,0.0,0.0,500,0.99145,0,0,1,0
92,0.0,0.0,0.0,500,0.991355,0,0,1,0
93,0.0,0.0,0.0,500,0.99126,0,0,1,0
94,0.0,0.0,0.0,500,0.991165,0,0,1,0
95,0.0,0.0,0.0,500,0.99107,0,0,1,0
96,0.0,0.0,0.0,500,0.990975,0,0,1,0
97,0.0,0.0,0.0,500,0.99088,0,0,1,0
98,0.0,0.0,0.0,500,0.990785,0,0,1,0
99,0.0,0.0,0.0,500,0.99069,0,0,1,0
100,0.0,0.0,0.0,500,0.990595,0,0,1,0
101,0.0,0.0,0.0,500,0.9905,0,0,1,0
102,0.0,0.0,0.0,500,0.990405,0,0,1,0
103,0.0,0.0,0.0,500,0.99031,0,0,1,0
104,0.0,0.0,0.0,500,0.990215,0,0,1,0
105,0.0,0.0,0.0,500,0.99012,0,0,1,0
106,0.0,0.0,0.0,500,0.990025,0,0,1,0
107,0.0,0.0,0.0,500,0.98993,0,0,1,0
108,0.0,0.0,0.0,500,0.989835,0,0,1,0
109,0.0,0.0,0.0,500,0.98974,0,0,1,0
110,0.0,0.0,0.0,500,0.989645,0,0,1,0
111,0.0,0.0,0.0,500,0.98955,0,0,1,0
112,0.0,0.0,0.0,500,0.989455,0,0,1,0
113,0.0,0.0,0.0,500,0.98936,0,0,1,0
114,0.0,0.0,0.0,500,0.989265,0,0,1,0
115,0.0,0.0,0.0,500,0.98917,0,0,1,0
116,0.0,0.0,0.0,500,0.989075,0,0,1,0
117,0.0,0.0,0.0,500,0.98898,0,0,1,0
118,0.0,0.0,0.0,500,0.988885,0,0,1,0
119,0.0,0.0,0.0,500,0.98879,0,0,1,0
120,0.0,0.0,0.0,500,0.988695,0,0,1,0
121,0.0,0.0,0.0,500,0.9886,0,0,1,0
122,0.0,0.0,0.0,500,0.988505,0,0,1,0
123,0.0,0.0,0.0,500,0.98841,0,0,1,0
124,0.0,0.0,0.0,500,0.988315,0,0,1,0
125,0.0,0.0,0.0,500,0.98822,0,0,1,0
126,0.0,0.0,0.0,500,0.988125,0,0,1,0
127,0.0,0.0,0.0,500,0.98803,0,0,1,0
128,0.0,0.0,0.0,500,0.987935,0,0,1,0
129,0.0,0.0,0.0,500,0.98784,0,0,1,0
130,0.0,0.0,0.0,500,0.987745,0,0,1,0
131,0.0,0.0,0.0,500,0.98765,0,0,1,0
132,0.0,0.0,0.0,500,0.987555,0,0,1,0
133,0.0,0.0,0.0,500,0.98746,0,0,1,0
134,0.0,0.0,0.0,500,0.987365,0,0,1,0
135,0.0,0.0,0.0,500,0.98727,0,0,1,0
136,0.0,0.0,0.0,500,0.987175,0,0,1,0
137,0.0,0.0,0.0,500,0.98708,0,0,1,0
138,0.0,0.0,0.0,500,0.986985,0,0,1,0
139,0.0,0.0,0.0,500,0.98689,0,0,1,0
140,0.0,0.0,0.0,500,0.986795,0,0,1,0
141,0.0,0.0,0.0,500,0.9867,0,0,1,0
142,0.0,0.0,0.0,500,0.986605,0,0,1,0
143,0.0,0.0,0.0,500,0.98651,0,0,1,0
144,0.0,0.0,0.0,500,0.986415,0,0,1,0
145,0.0,0.0,0.0,500,0.98632,0,0,1,0
146,0.0,0.0,0.0,500,0.986225,0,0,1,0
147,0.0,0.0,0.0,500,0.98613,0,0,1,0
148,0.0,0.0,0.0,500,0.986035,0,0,1,0
149,0.0,0.0,0.0,500,0.98594,0,0,1,0
150,0.0,0.0,0.0,500,0.985845,0,0,1,0
151,0.0,0.0,0.0,500,0.98575,0,0,1,0
152,0.0,0.0,0.0,500,0.985655,0,0,1,0
153,0.0,0.0,0.0,500,0.98556,0,0,1,0
154,0.0,0.0,0.0,500,0.985465,0,0,1,0
155,0.0,0.0,0.0,500,0.98537,0,0,1,0
156,0.0,0.0,0.0,500,0.985275,0,0,1,0
157,0.0,0.0,0.0,500,0.9851800000000001,0,0,1,0
158,0.0,0.0,0.0,500,0.985085,0,0,1,0
159,0.0,0.0,0.0,500,0.98499,0,0,1,0
160,0.0,0.0,0.0,500,0.984895,0,0,1,0
161,0.0,0.0,0.0,500,0.9848,0,0,1,0
162,0.0,0.0,0.0,500,0.984705,0,0,1,0
163,0.0,0.0,0.0,500,0.98461,0,0,1,0
164,0.0,0.0,0.0,500,0.984515,0,0,1,0
165,0.0,0.0,0.0,500,0.98442,0,0,1,0
166,0.0,0.0,0.0,500,0.984325,0,0,1,0
167,0.0,0.0,0.0,500,0.98423,0,0,1,0
168,0.0,0.0,0.0,500,0.984135,0,0,1,0
169,0.0,0.0,0.0,500,0.98404,0,0,1,0
170,0.0,0.0,0.0,500,0.983945,0,0,1,0
171,0.0,0.0,0.0,500,0.98385,0,0,1,0
172,0.0,0.0,0.0,500,0.983755,0,0,1,0
173,0.0,0.0,0.0,500,0.98366,0,0,1,0
174,0.0,0.0,0.0,500,0.983565,0,0,1,0
175,0.0,0.0,0.0,500,0.98347,0,0,1,0
176,0.0,0.0,0.0,500,0.983375,0,0,1,0
177,0.0,0.0,0.0,500,0.98328,0,0,1,0
178,0.0,0.0,0.0,500,0.983185,0,0,1,0
179,0.0,0.0,0.0,500,0.98309,0,0,1,0
180,0.0,0.0,0.0,500,0.982995,0,0,1,0
181,0.0,0.0,0.0,500,0.9829,0,0,1,0
182,0.0,0.0,0.0,500,0.982805,0,0,1,0
183,0.0,0.0,0.0,500,0.98271,0,0,1,0
184,0.0,0.0,0.0,500,0.982615,0,0,1,0
185,0.0,0.0,0.0,500,0.98252,0,0,1,0
186,0.0,0.0,0.0,500,0.982425,0,0,1,0
187,0.0,0.0,0.0,500,0.98233,0,0,1,0
188,0.0,0.0,0.0,500,0.982235,0,0,1,0
189,0.0,0.0,0.0,500,0.98214,0,0,1,0
190,0.0,0.0,0.0,500,0.9820450000000001,0,0,1,0
191,0.0,0.0,0.0,500,0.98195,0,0,1,0
192,0.0,0.0,0.0,500,0.981855,0,0,1,0
193,0.0,0.0,0.0,500,0.98176,0,0,1,0
194,0.0,0.0,0.0,500,0.981665,0,0,1,0
195,0.0,0.0,0.0,500,0.98157,0,0,1,0
196,0.0,0.0,0.0,500,0.981475,0,0,1,0
197,0.0,0.0,0.0,500,0.98138,0,0,1,0
198,0.0,0.0,0.0,500,0.981285,0,0,1,0
199,0.0,0.0,0.0,500,0.98119,0,0,1,0
200,0.0,0.0,0.0,500,0.981095,0,0,1,0
201,0.0,0.0,0.0,500,0.981,0,0,1,0
202,0.0,0.0,0.0,500,0.980905,0,0,1,0
203,0.0,0.0,0.0,500,0.98081,0,0,1,0
204,0.0,0.0,0.0,500,0.980715,0,0,1,0
205,0.0,0.0,0.0,500,0.98062,0,0,1,0
206,0.0,0.0,0.0,500,0.980525,0,0,1,0
207,0.0,0.0,0.0,500,0.98043,0,0,1,0
208,0.0,0.0,0.0,500,0.980335,0,0,1,0
209,0.0,0.0,0.0,500,0.98024,0,0,1,0
210,0.0,0.0,0.0,500,0.980145,0,0,1,0
211,0.0,0.0,0.0,500,0.98005,0,0,1,0
212,0.0,0.0,0.0,500,0.979955,0,0,1,0
213,0.0,0.0,0.0,500,0.97986,0,0,1,0
214,0.0,0.0,0.0,500,0.979765,0,0,1,0
215,0.0,0.0,0.0,500,0.97967,0,0,1,0
216,0.0,0.0,0.0,500,0.979575,0,0,1,0
217,0.0,0.0,0.0,500,0.97948,0,0,1,0
218,0.0,0.0,0.0,500,0.979385,0,0,1,0
219,0.0,0.0,0.0,500,0.97929,0,0,1,0
220,0.0,0.0,0.0,500,0.979195,0,0,1,0
221,0.0,0.0,0.0,500,0.9791,0,0,1,0
222,0.0,0.0,0.0,500,0.979005,0,0,1,0
223,0.0,0.0,0.0,500,0.97891,0,0,1,0
224,0.0,0.0,0.0,500,0.978815,0,0,1,0
225,0.0,0.0,0.0,500,0.97872,0,0,1,0
226,0.0,0.0,0.0,500,0.978625,0,0,1,0
227,0.0,0.0,0.0,500,0.97853,0,0,1,0
228,0.0,0.0,0.0,500,0.9784349999999999,0,0,1,0
229,0.0,0.0,0.0,500,0.97834,0,0,1,0
230,0.0,0.0,0.0,500,0.978245,0,0,1,0
231,0.0,0.0,0.0,500,0.97815,0,0,1,0
232,0.0,0.0,0.0,500,0.978055,0,0,1,0
233,0.0,0.0,0.0,500,0.97796,0,0,1,0
234,0.0,0.0,0.0,500,0.977865,0,0,1,0
235,0.0,0.0,0.0,500,0.97777,0,0,1,0
236,0.0,0.0,0.0,500,0.977675,0,0,1,0
237,0.0,0.0,0.0,500,0.97758,0,0,1,0
238,0.0,0.0,0.0,500,0.977485,0,0,1,0
239,0.0,0.0,0.0,500,0.97739,0,0,1,0
240,0.0,0.0,0.0,500,0.977295,0,0,1,0
241,0.0,0.0,0.0,500,0.9772,0,0,1,0
242,0.0,0.0,0.0,500,0.977105,0,0,1,0
243,0.0,0.0,0.0,500,0.97701,0,0,1,0
244,0.0,0.0,0.0,500,0.976915,0,0,1,0
245,0.0,0.0,0.0,500,0.97682,0,0,1,0
246,0.0,0.0,0.0,500,0.976725,0,0,1,0
247,0.0,0.0,0.0,500,0.97663,0,0,1,0
248,0.0,0.0,0.0,500,0.976535,0,0,1,0
249,0.0,0.0,0.0,500,0.97644,0,0,1,0
250,0.0,0.0,0.0,500,0.976345,0,0,1,0
251,0.0,0.0,0.0,500,0.97625,0,0,1,0
252,0.0,0.0,0.0,500,0.976155,0,0,1,0
253,0.0,0.0,0.0,500,0.97606,0,0,1,0
254,0.0,0.0,0.0,500,0.975965,0,0,1,0
255,0.0,0.0,0.0,500,0.97587,0,0,1,0
256,0.0,0.0,0.0,500,0.9757750000000001,0,0,1,0
257,0.0,0.0,0.0,500,0.97568,0,0,1,0
258,0.0,0.0,0.0,500,0.975585,0,0,1,0
259,0.0,0.0,0.0,500,0.97549,0,0,1,0
260,0.0,0.0,0.0,500,0.975395,0,0,1,0
261,0.0,0.0,0.0,500,0.9753000000000001,0,0,1,0
262,0.0,0.0,0.0,500,0.975205,0,0,1,0
263,0.0,0.0,0.0,500,0.97511,0,0,1,0
264,0.0,0.0,0.0,500,0.975015,0,0,1,0
265,0.0,0.0,0.0,500,0.97492,0,0,1,0
266,0.0,0.0,0.0,500,0.974825,0,0,1,0
267,0.0,0.0,0.0,500,0.97473,0,0,1,0
268,0.0,0.0,0.0,500,0.974635,0,0,1,0
269,0.0,0.0,0.0,500,0.97454,0,0,1,0
270,0.0,0.0,0.0,500,0.974445,0,0,1,0
271,0.0,0.0,0.0,500,0.97435,0,0,1,0
272,0.0,0.0,0.0,500,0.974255,0,0,1,0
273,0.0,0.0,0.0,500,0.97416,0,0,1,0
274,0.0,0.0,0.0,500,0.974065,0,0,1,0
275,0.0,0.0,0.0,500,0.97397,0,0,1,0
276,0.0,0.0,0.0,500,0.973875,0,0,1,0
277,0.0,0.0,0.0,500,0.97378,0,0,1,0
278,0.0,0.0,0.0,500,0.973685,0,0,1,0
279,0.0,0.0,0.0,500,0.97359,0,0,1,0
280,0.0,0.0,0.0,500,0.973495,0,0,1,0
281,0.0,0.0,0.0,500,0.9734,0,0,1,0
282,0.0,0.0,0.0,500,0.973305,0,0,1,0
283,0.0,0.0,0.0,500,0.97321,0,0,1,0
284,0.0,0.0,0.0,500,0.973115,0,0,1,0
285,0.0,0.0,0.0,500,0.97302,0,0,1,0
286,0.0,0.0,0.0,500,0.972925,0,0,1,0
287,0.0,0.0,0.0,500,0.97283,0,0,1,0
288,0.0,0.0,0.0,500,0.972735,0,0,1,0
289,0.0,0.0,0.0,500,0.97264,0,0,1,0
290,0.0,0.0,0.0,500,0.972545,0,0,1,0
291,0.0,0.0,0.0,500,0.97245,0,0,1,0
292,0.0,0.0,0.0,500,0.972355,0,0,1,0
293,0.0,0.0,0.0,500,0.97226,0,0,1,0
294,0.0,0.0,0.0,500,0.972165,0,0,1,0
295,0.0,0.0,0.0,500,0.97207,0,0,1,0
296,0.0,0.0,0.0,500,0.971975,0,0,1,0
297,0.0,0.0,0.0,500,0.97188,0,0,1,0
298,0.0,0.0,0.0,500,0.971785,0,0,1,0
299,0.0,0.0,0.0,500,0.97169,0,0,1,0
300,0.0,0.0,0.0,500,0.971595,0,0,1,0
301,0.0,0.0,0.0,500,0.9715,0,0,1,0
302,0.0,0.0,0.0,500,0.971405,0,0,1,0
303,0.0,0.0,0.0,500,0.97131,0,0,1,0
304,0.0,0.0,0.0,500,0.971215,0,0,1,0
305,0.0,0.0,0.0,500,0.97112,0,0,1,0
306,0.0,0.0,0.0,500,0.971025,0,0,1,0
307,0.0,0.0,0.0,500,0.97093,0,0,1,0
308,0.0,0.0,0.0,500,0.970835,0,0,1,0
309,0.0,0.0,0.0,500,0.97074,0,0,1,0
310,0.0,0.0,0.0,500,0.970645,0,0,1,0
311,0.0,0.0,0.0,500,0.97055,0,0,1,0
312,0.0,0.0,0.0,500,0.970455,0,0,1,0
313,0.0,0.0,0.0,500,0.97036,0,0,1,0
314,0.0,0.0,0.0,500,0.970265,0,0,1,0
315,0.0,0.0,0.0,500,0.97017,0,0,1,0
316,0.0,0.0,0.0,500,0.970075,0,0,1,0
317,0.0,0.0,0.0,500,0.96998,0,0,1,0
318,0.0,0.0,0.0,500,0.969885,0,0,1,0
319,0.0,0.0,0.0,500,0.96979,0,0,1,0
320,0.0,0.0,0.0,500,0.969695,0,0,1,0
321,0.0,0.0,0.0,500,0.9696,0,0,1,0
322,0.0,0.0,0.0,500,0.9695050000000001,0,0,1,0
323,0.0,0.0,0.0,500,0.96941,0,0,1,0
324,0.0,0.0,0.0,500,0.969315,0,0,1,0
325,0.0,0.0,0.0,500,0.96922,0,0,1,0
326,0.0,0.0,0.0,500,0.969125,0,0,1,0
327,0.0,0.0,0.0,500,0.9690300000000001,0,0,1,0
328,0.0,0.0,0.0,500,0.968935,0,0,1,0
329,0.0,0.0,0.0,500,0.96884,0,0,1,0
330,0.0,0.0,0.0,500,0.968745,0,0,1,0
331,0.0,0.0,0.0,500,0.96865,0,0,1,0
332,0.0,0.0,0.0,500,0.968555,0,0,1,0
333,0.0,0.0,0.0,500,0.96846,0,0,1,0
334,0.0,0.0,0.0,500,0.968365,0,0,1,0
335,0.0,0.0,0.0,500,0.96827,0,0,1,0
336,0.0,0.0,0.0,500,0.968175,0,0,1,0
337,0.0,0.0,0.0,500,0.96808,0,0,1,0
338,0.0,0.0,0.0,500,0.967985,0,0,1,0
339,0.0,0.0,0.0,500,0.96789,0,0,1,0
340,0.0,0.0,0.0,500,0.967795,0,0,1,0
341,0.0,0.0,0.0,500,0.9677,0,0,1,0
342,0.0,0.0,0.0,500,0.967605,0,0,1,0
343,0.0,0.0,0.0,500,0.96751,0,0,1,0
344,0.0,0.0,0.0,500,0.967415,0,0,1,0
345,0.0,0.0,0.0,500,0.96732,0,0,1,0
346,0.0,0.0,0.0,500,0.967225,0,0,1,0
347,0.0,0.0,0.0,500,0.96713,0,0,1,0
348,0.0,0.0,0.0,500,0.967035,0,0,1,0
349,0.0,0.0,0.0,500,0.96694,0,0,1,0
350,0.0,0.0,0.0,500,0.966845,0,0,1,0
351,0.0,0.0,0.0,500,0.96675,0,0,1,0
352,0.0,0.0,0.0,500,0.966655,0,0,1,0
353,0.0,0.0,0.0,500,0.96656,0,0,1,0
354,0.0,0.0,0.0,500,0.966465,0,0,1,0
355,0.0,0.0,0.0,500,0.96637,0,0,1,0
356,0.0,0.0,0.0,500,0.966275,0,0,1,0
357,0.0,0.0,0.0,500,0.96618,0,0,1,0
358,0.0,0.0,0.0,500,0.966085,0,0,1,0
359,0.0,0.0,0.0,500,0.96599,0,0,1,0
360,0.0,0.0,0.0,500,0.965895,0,0,1,0
361,0.0,0.0,0.0,500,0.9658,0,0,1,0
362,0.0,0.0,0.0,500,0.965705,0,0,1,0
363,0.0,0.0,0.0,500,0.96561,0,0,1,0
364,0.0,0.0,0.0,500,0.965515,0,0,1,0
365,0.0,0.0,0.0,500,0.96542,0,0,1,0
366,0.0,0.0,0.0,500,0.965325,0,0,1,0
367,0.0,0.0,0.0,500,0.96523,0,0,1,0
368,0.0,0.0,0.0,500,0.965135,0,0,1,0
369,0.0,0.0,0.0,500,0.96504,0,0,1,0
370,0.0,0.0,0.0,500,0.9649449999999999,0,0,1,0
371,0.0,0.0,0.0,500,0.96485,0,0,1,0
372,0.0,0.0,0.0,500,0.964755,0,0,1,0
373,0.0,0.0,0.0,500,0.96466,0,0,1,0
374,0.0,0.0,0.0,500,0.964565,0,0,1,0
375,0.0,0.0,0.0,500,0.96447,0,0,1,0
376,0.0,0.0,0.0,500,0.964375,0,0,1,0
377,0.0,0.0,0.0,500,0.96428,0,0,1,0
378,0.0,0.0,0.0,500,0.964185,0,0,1,0
379,0.0,0.0,0.0,500,0.96409,0,0,1,0
380,0.0,0.0,0.0,500,0.963995,0,0,1,0
381,0.0,0.0,0.0,500,0.9639,0,0,1,0
382,0.0,0.0,0.0,500,0.963805,0,0,1,0
383,0.0,0.0,0.0,500,0.96371,0,0,1,0
384,0.0,0.0,0.0,500,0.963615,0,0,1,0
385,0.0,0.0,0.0,500,0.96352,0,0,1,0
386,0.0,0.0,0.0,500,0.963425,0,0,1,0
387,0.0,0.0,0.0,500,0.96333,0,0,1,0
388,0.0,0.0,0.0,500,0.963235,0,0,1,0
389,0.0,0.0,0.0,500,0.96314,0,0,1,0
390,0.0,0.0,0.0,500,0.963045,0,0,1,0
391,0.0,0.0,0.0,500,0.96295,0,0,1,0
392,0.0,0.0,0.0,500,0.962855,0,0,1,0
393,0.0,0.0,0.0,500,0.9627600000000001,0,0,1,0
394,0.0,0.0,0.0,500,0.962665,0,0,1,0
395,0.0,0.0,0.0,500,0.96257,0,0,1,0
396,0.0,0.0,0.0,500,0.962475,0,0,1,0
397,0.0,0.0,0.0,500,0.96238,0,0,1,0
398,0.0,0.0,0.0,500,0.9622850000000001,0,0,1,0
399,0.0,0.0,0.0,500,0.96219,0,0,1,0
400,0.0,0.0,0.0,500,0.962095,0,0,1,0
401,0.0,0.0,0.0,500,0.962,0,0,1,0
402,0.0,0.0,0.0,500,0.961905,0,0,1,0
403,0.0,0.0,0.0,500,0.96181,0,0,1,0
404,0.0,0.0,0.0,500,0.961715,0,0,1,0
405,0.0,0.0,0.0,500,0.96162,0,0,1,0
406,0.0,0.0,0.0,500,0.961525,0,0,1,0
407,0.0,0.0,0.0,500,0.96143,0,0,1,0
408,0.0,0.0,0.0,500,0.961335,0,0,1,0
409,0.0,0.0,0.0,500,0.96124,0,0,1,0
410,0.0,0.0,0.0,500,0.961145,0,0,1,0
411,0.0,0.0,0.0,500,0.96105,0,0,1,0
412,0.0,0.0,0.0,500,0.960955,0,0,1,0
413,0.0,0.0,0.0,500,0.96086,0,0,1,0
414,0.0,0.0,0.0,500,0.960765,0,0,1,0
415,0.0,0.0,0.0,500,0.96067,0,0,1,0
416,0.0,0.0,0.0,500,0.960575,0,0,1,0
417,0.0,0.0,0.0,500,0.96048,0,0,1,0
418,0.0,0.0,0.0,500,0.960385,0,0,1,0
419,0.0,0.0,0.0,500,0.96029,0,0,1,0
420,0.0,0.0,0.0,500,0.960195,0,0,1,0
421,0.0,0.0,0.0,500,0.9601,0,0,1,0
422,0.0,0.0,0.0,500,0.960005,0,0,1,0
423,0.0,0.0,0.0,500,0.95991,0,0,1,0
424,0.0,0.0,0.0,500,0.959815,0,0,1,0
425,0.0,0.0,0.0,500,0.95972,0,0,1,0
426,0.0,0.0,0.0,500,0.959625,0,0,1,0
427,0.0,0.0,0.0,500,0.95953,0,0,1,0
428,0.0,0.0,0.0,500,0.959435,0,0,1,0
429,0.0,0.0,0.0,500,0.95934,0,0,1,0
430,0.0,0.0,0.0,500,0.959245,0,0,1,0
431,0.0,0.0,0.0,500,0.95915,0,0,1,0
432,0.0,0.0,0.0,500,0.959055,0,0,1,0
433,0.0,0.0,0.0,500,0.95896,0,0,1,0
434,0.0,0.0,0.0,500,0.958865,0,0,1,0
435,0.0,0.0,0.0,500,0.95877,0,0,1,0
436,0.0,0.0,0.0,500,0.958675,0,0,1,0
437,0.0,0.0,0.0,500,0.95858,0,0,1,0
438,0.0,0.0,0.0,500,0.958485,0,0,1,0
439,0.0,0.0,0.0,500,0.95839,0,0,1,0
440,0.0,0.0,0.0,500,0.958295,0,0,1,0
441,0.0,0.0,0.0,500,0.9582,0,0,1,0
442,0.0,0.0,0.0,500,0.958105,0,0,1,0
443,0.0,0.0,0.0,500,0.95801,0,0,1,0
444,0.0,0.0,0.0,500,0.957915,0,0,1,0
445,0.0,0.0,0.0,500,0.95782,0,0,1,0
446,0.0,0.0,0.0,500,0.957725,0,0,1,0
447,0.0,0.0,0.0,500,0.95763,0,0,1,0
448,0.0,0.0,0.0,500,0.957535,0,0,1,0
449,0.0,0.0,0.0,500,0.95744,0,0,1,0
450,0.0,0.0,0.0,500,0.957345,0,0,1,0
451,0.0,0.0,0.0,500,0.95725,0,0,1,0
452,0.0,0.0,0.0,500,0.957155,0,0,1,0
453,0.0,0.0,0.0,500,0.95706,0,0,1,0
454,0.0,0.0,0.0,500,0.956965,0,0,1,0
455,0.0,0.0,0.0,500,0.95687,0,0,1,0
456,0.0,0.0,0.0,500,0.956775,0,0,1,0
457,0.0,0.0,0.0,500,0.95668,0,0,1,0
458,0.0,0.0,0.0,500,0.956585,0,0,1,0
459,0.0,0.0,0.0,500,0.95649,0,0,1,0
460,0.0,0.0,0.0,500,0.956395,0,0,1,0
461,0.0,0.0,0.0,500,0.9563,0,0,1,0
462,0.0,0.0,0.0,500,0.956205,0,0,1,0
463,0.0,0.0,0.0,500,0.95611,0,0,1,0
464,0.0,0.0,0.0,500,0.9560150000000001,0,0,1,0
465,0.0,0.0,0.0,500,0.95592,0,0,1,0
466,0.0,0.0,0.0,500,0.955825,0,0,1,0
467,0.0,0.0,0.0,500,0.95573,0,0,1,0
468,0.0,0.0,0.0,500,0.955635,0,0,1,0
469,0.0,0.0,0.0,500,0.9555400000000001,0,0,1,0
470,0.0,0.0,0.0,500,0.955445,0,0,1,0
471,0.0,0.0,0.0,500,0.95535,0,0,1,0
472,0.0,0.0,0.0,500,0.955255,0,0,1,0
473,0.0,0.0,0.0,500,0.95516,0,0,1,0
474,0.0,0.0,0.0,500,0.955065,0,0,1,0
475,0.0,0.0,0.0,500,0.95497,0,0,1,0
476,0.0,0.0,0.0,500,0.954875,0,0,1,0
477,0.0,0.0,0.0,500,0.95478,0,0,1,0
478,0.0,0.0,0.0,500,0.954685,0,0,1,0
479,0.0,0.0,0.0,500,0.95459,0,0,1,0
480,0.0,0.0,0.0,500,0.954495,0,0,1,0
481,0.0,0.0,0.0,500,0.9544,0,0,1,0
482,0.0,0.0,0.0,500,0.954305,0,0,1,0
483,0.0,0.0,0.0,500,0.95421,0,0,1,0
484,0.0,0.0,0.0,500,0.954115,0,0,1,0
485,0.0,0.0,0.0,500,0.95402,0,0,1,0
486,0.0,0.0,0.0,500,0.953925,0,0,1,0
487,0.0,0.0,0.0,500,0.95383,0,0,1,0
488,0.0,0.0,0.0,500,0.953735,0,0,1,0
489,0.0,0.0,0.0,500,0.95364,0,0,1,0
490,0.0,0.0,0.0,500,0.953545,0,0,1,0
491,0.0,0.0,0.0,500,0.95345,0,0,1,0
492,0.0,0.0,0.0,500,0.953355,0,0,1,0
493,0.0,0.0,0.0,500,0.95326,0,0,1,0
494,0.0,0.0,0.0,500,0.953165,0,0,1,0
495,0.0,0.0,0.0,500,0.95307,0,0,1,0
496,0.0,0.0,0.0,500,0.952975,0,0,1,0
497,0.0,0.0,0.0,500,0.95288,0,0,1,0
498,0.0,0.0,0.0,500,0.952785,0,0,1,0
499,0.0,0.0,0.0,500,0.95269,0,0,1,0
500,0.0,0.0,0.0,500,0.952595,0,0,1,0
501,0.0,0.0,0.0,500,0.9525,0,0,1,0
502,0.0,0.0,0.0,500,0.952405,0,0,1,0
503,0.0,0.0,0.0,500,0.95231,0,0,1,0
504,0.0,0.0,0.0,500,0.952215,0,0,1,0
505,0.0,0.0,0.0,500,0.95212,0,0,1,0
506,0.0,0.0,0.0,500,0.952025,0,0,1,0
507,0.0,0.0,0.0,500,0.95193,0,0,1,0
508,0.0,0.0,0.0,500,0.951835,0,0,1,0
509,0.0,0.0,0.0,500,0.95174,0,0,1,0
510,0.0,0.0,0.0,500,0.951645,0,0,1,0
511,0.0,0.0,0.0,500,0.95155,0,0,1,0
512,0.0,0.0,0.0,500,0.951455,0,0,1,0
513,0.0,0.0,0.0,500,0.95136,0,0,1,0
514,0.0,0.0,0.0,500,0.951265,0,0,1,0
515,0.0,0.0,0.0,500,0.95117,0,0,1,0
516,0.0,0.0,0.0,500,0.951075,0,0,1,0
517,0.0,0.0,0.0,500,0.95098,0,0,1,0
518,0.0,0.0,0.0,500,0.950885,0,0,1,0
519,0.0,0.0,0.0,500,0.95079,0,0,1,0
520,0.0,0.0,0.0,500,0.950695,0,0,1,0
521,0.0,0.0,0.0,500,0.9506,0,0,1,0
522,0.0,0.0,0.0,500,0.950505,0,0,1,0
523,0.0,0.0,0.0,500,0.95041,0,0,1,0
524,0.0,0.0,0.0,500,0.950315,0,0,1,0
525,0.0,0.0,0.0,500,0.95022,0,0,1,0
526,0.0,0.0,0.0,500,0.950125,0,0,1,0
527,0.0,0.0,0.0,500,0.95003,0,0,1,0
528,0.0,0.0,0.0,500,0.949935,0,0,1,0
529,0.0,0.0,0.0,500,0.94984,0,0,1,0
530,0.0,0.0,0.0,500,0.949745,0,0,1,0
531,0.0,0.0,0.0,500,0.94965,0,0,1,0
532,0.0,0.0,0.0,500,0.949555,0,0,1,0
533,0.0,0.0,0.0,500,0.94946,0,0,1,0
534,0.0,0.0,0.0,500,0.949365,0,0,1,0
535,0.0,0.0,0.0,500,0.9492700000000001,0,0,1,0
536,0.0,0.0,0.0,500,0.949175,0,0,1,0
537,0.0,0.0,0.0,500,0.94908,0,0,1,0
538,0.0,0.0,0.0,500,0.948985,0,0,1,0
539,0.0,0.0,0.0,500,0.94889,0,0,1,0
540,0.0,0.0,0.0,500,0.948795,0,0,1,0
541,0.0,0.0,0.0,500,0.9487,0,0,1,0
542,0.0,0.0,0.0,500,0.948605,0,0,1,0
543,0.0,0.0,0.0,500,0.94851,0,0,1,0
544,0.0,0.0,0.0,500,0.948415,0,0,1,0
545,0.0,0.0,0.0,500,0.94832,0,0,1,0
546,0.0,0.0,0.0,500,0.948225,0,0,1,0
547,0.0,0.0,0.0,500,0.94813,0,0,1,0
548,0.0,0.0,0.0,500,0.948035,0,0,1,0
549,0.0,0.0,0.0,500,0.94794,0,0,1,0
550,0.0,0.0,0.0,500,0.947845,0,0,1,0
551,0.0,0.0,0.0,500,0.94775,0,0,1,0
552,0.0,0.0,0.0,500,0.947655,0,0,1,0
553,0.0,0.0,0.0,500,0.94756,0,0,1,0
554,0.0,0.0,0.0,500,0.947465,0,0,1,0
555,0.0,0.0,0.0,500,0.94737,0,0,1,0
556,0.0,0.0,0.0,500,0.947275,0,0,1,0
557,0.0,0.0,0.0,500,0.94718,0,0,1,0
558,0.0,0.0,0.0,500,0.947085,0,0,1,0
559,0.0,0.0,0.0,500,0.94699,0,0,1,0
560,0.0,0.0,0.0,500,0.946895,0,0,1,0
561,0.0,0.0,0.0,500,0.9468,0,0,1,0
562,0.0,0.0,0.0,500,0.946705,0,0,1,0
563,0.0,0.0,0.0,500,0.94661,0,0,1,0
564,0.0,0.0,0.0,500,0.946515,0,0,1,0
565,0.0,0.0,0.0,500,0.94642,0,0,1,0
566,0.0,0.0,0.0,500,0.946325,0,0,1,0
567,0.0,0.0,0.0,500,0.94623,0,0,1,0
568,0.0,0.0,0.0,500,0.946135,0,0,1,0
569,0.0,0.0,0.0,500,0.94604,0,0,1,0
570,0.0,0.0,0.0,500,0.945945,0,0,1,0
571,0.0,0.0,0.0,500,0.94585,0,0,1,0
572,0.0,0.0,0.0,500,0.945755,0,0,1,0
573,0.0,0.0,0.0,500,0.94566,0,0,1,0
574,0.0,0.0,0.0,500,0.945565,0,0,1,0
575,0.0,0.0,0.0,500,0.94547,0,0,1,0
576,0.0,0.0,0.0,500,0.945375,0,0,1,0
577,0.0,0.0,0.0,500,0.94528,0,0,1,0
578,0.0,0.0,0.0,500,0.945185,0,0,1,0
579,0.0,0.0,0.0,500,0.94509,0,0,1,0
580,0.0,0.0,0.0,500,0.944995,0,0,1,0
581,0.0,0.0,0.0,500,0.9449,0,0,1,0
582,0.0,0.0,0.0,500,0.944805,0,0,1,0
583,0.0,0.0,0.0,500,0.94471,0,0,1,0
584,0.0,0.0,0.0,500,0.944615,0,0,1,0
585,0.0,0.0,0.0,500,0.94452,0,0,1,0
586,0.0,0.0,0.0,500,0.944425,0,0,1,0
587,0.0,0.0,0.0,500,0.94433,0,0,1,0
588,0.0,0.0,0.0,500,0.944235,0,0,1,0
589,0.0,0.0,0.0,500,0.94414,0,0,1,0
590,0.0,0.0,0.0,500,0.944045,0,0,1,0
591,0.0,0.0,0.0,500,0.94395,0,0,1,0
592,0.0,0.0,0.0,500,0.943855,0,0,1,0
593,0.0,0.0,0.0,500,0.94376,0,0,1,0
594,0.0,0.0,0.0,500,0.943665,0,0,1,0
595,0.0,0.0,0.0,500,0.94357,0,0,1,0
596,0.0,0.0,0.0,500,0.9434750000000001,0,0,1,0
597,0.0,0.0,0.0,500,0.94338,0,0,1,0
598,0.0,0.0,0.0,500,0.943285,0,0,1,0
599,0.0,0.0,0.0,500,0.94319,0,0,1,0
600,0.0,0.0,0.0,500,0.943095,0,0,1,0
601,0.0,0.0,0.0,500,0.9430000000000001,0,0,1,0
602,0.0,0.0,0.0,500,0.942905,0,0,1,0
603,0.0,0.0,0.0,500,0.94281,0,0,1,0
604,0.0,0.0,0.0,500,0.942715,0,0,1,0
605,0.0,0.0,0.0,500,0.94262,0,0,1,0
606,0.0,0.0,0.0,500,0.9425250000000001,0,0,1,0
607,0.0,0.0,0.0,500,0.94243,0,0,1,0
608,0.0,0.0,0.0,500,0.942335,0,0,1,0
609,0.0,0.0,0.0,500,0.94224,0,0,1,0
610,0.0,0.0,0.0,500,0.942145,0,0,1,0
611,0.0,0.0,0.0,500,0.94205,0,0,1,0
612,0.0,0.0,0.0,500,0.941955,0,0,1,0
613,0.0,0.0,0.0,500,0.94186,0,0,1,0
614,0.0,0.0,0.0,500,0.941765,0,0,1,0
615,0.0,0.0,0.0,500,0.94167,0,0,1,0
616,0.0,0.0,0.0,500,0.941575,0,0,1,0
617,0.0,0.0,0.0,500,0.94148,0,0,1,0
618,0.0,0.0,0.0,500,0.941385,0,0,1,0
619,0.0,0.0,0.0,500,0.94129,0,0,1,0
620,0.0,0.0,0.0,500,0.941195,0,0,1,0
621,0.0,0.0,0.0,500,0.9411,0,0,1,0
622,0.0,0.0,0.0,500,0.941005,0,0,1,0
623,0.0,0.0,0.0,500,0.94091,0,0,1,0
624,0.0,0.0,0.0,500,0.940815,0,0,1,0
625,0.0,0.0,0.0,500,0.94072,0,0,1,0
626,0.0,0.0,0.0,500,0.940625,0,0,1,0
627,0.0,0.0,0.0,500,0.94053,0,0,1,0
628,0.0,0.0,0.0,500,0.940435,0,0,1,0
629,0.0,0.0,0.0,500,0.94034,0,0,1,0
630,0.0,0.0,0.0,500,0.940245,0,0,1,0
631,0.0,0.0,0.0,500,0.94015,0,0,1,0
632,0.0,0.0,0.0,500,0.940055,0,0,1,0
633,0.0,0.0,0.0,500,0.93996,0,0,1,0
634,0.0,0.0,0.0,500,0.939865,0,0,1,0
635,0.0,0.0,0.0,500,0.93977,0,0,1,0
636,0.0,0.0,0.0,500,0.939675,0,0,1,0
637,0.0,0.0,0.0,500,0.93958,0,0,1,0
638,0.0,0.0,0.0,500,0.939485,0,0,1,0
639,0.0,0.0,0.0,500,0.9393900000000001,0,0,1,0
640,0.0,0.0,0.0,500,0.939295,0,0,1,0
641,0.0,0.0,0.0,500,0.9392,0,0,1,0
642,0.0,0.0,0.0,500,0.939105,0,0,1,0
643,0.0,0.0,0.0,500,0.93901,0,0,1,0
644,0.0,0.0,0.0,500,0.938915,0,0,1,0
645,0.0,0.0,0.0,500,0.93882,0,0,1,0
646,0.0,0.0,0.0,500,0.938725,0,0,1,0
647,0.0,0.0,0.0,500,0.93863,0,0,1,0
648,0.0,0.0,0.0,500,0.938535,0,0,1,0
649,0.0,0.0,0.0,500,0.93844,0,0,1,0
650,0.0,0.0,0.0,500,0.938345,0,0,1,0
651,0.0,0.0,0.0,500,0.93825,0,0,1,0
652,0.0,0.0,0.0,500,0.938155,0,0,1,0
653,0.0,0.0,0.0,500,0.93806,0,0,1,0
654,0.0,0.0,0.0,500,0.937965,0,0,1,0
655,0.0,0.0,0.0,500,0.93787,0,0,1,0
656,0.0,0.0,0.0,500,0.937775,0,0,1,0
657,0.0,0.0,0.0,500,0.93768,0,0,1,0
658,0.0,0.0,0.0,500,0.937585,0,0,1,0
659,0.0,0.0,0.0,500,0.93749,0,0,1,0
660,0.0,0.0,0.0,500,0.937395,0,0,1,0
661,0.0,0.0,0.0,500,0.9373,0,0,1,0
662,0.0,0.0,0.0,500,0.937205,0,0,1,0
663,0.0,0.0,0.0,500,0.93711,0,0,1,0
664,0.0,0.0,0.0,500,0.937015,0,0,1,0
665,0.0,0.0,0.0,500,0.93692,0,0,1,0
666,0.0,0.0,0.0,500,0.936825,0,0,1,0
667,0.0,0.0,0.0,500,0.93673,0,0,1,0
668,0.0,0.0,0.0,500,0.936635,0,0,1,0
669,0.0,0.0,0.0,500,0.93654,0,0,1,0
670,0.0,0.0,0.0,500,0.936445,0,0,1,0
671,0.0,0.0,0.0,500,0.93635,0,0,1,0
672,0.0,0.0,0.0,500,0.936255,0,0,1,0
673,0.0,0.0,0.0,500,0.93616,0,0,1,0
674,0.0,0.0,0.0,500,0.936065,0,0,1,0
675,0.0,0.0,0.0,500,0.93597,0,0,1,0
676,0.0,0.0,0.0,500,0.935875,0,0,1,0
677,0.0,0.0,0.0,500,0.9357800000000001,0,0,1,0
678,0.0,0.0,0.0,500,0.935685,0,0,1,0
679,0.0,0.0,0.0,500,0.93559,0,0,1,0
680,0.0,0.0,0.0,500,0.935495,0,0,1,0
681,0.0,0.0,0.0,500,0.9354,0,0,1,0
682,0.0,0.0,0.0,500,0.935305,0,0,1,0
683,0.0,0.0,0.0,500,0.93521,0,0,1,0
684,0.0,0.0,0.0,500,0.935115,0,0,1,0
685,0.0,0.0,0.0,500,0.93502,0,0,1,0
686,0.0,0.0,0.0,500,0.934925,0,0,1,0
687,0.0,0.0,0.0,500,0.93483,0,0,1,0
688,0.0,0.0,0.0,500,0.934735,0,0,1,0
689,0.0,0.0,0.0,500,0.93464,0,0,1,0
690,0.0,0.0,0.0,500,0.934545,0,0,1,0
691,0.0,0.0,0.0,500,0.93445,0,0,1,0
692,0.0,0.0,0.0,500,0.934355,0,0,1,0
693,0.0,0.0,0.0,500,0.93426,0,0,1,0
694,0.0,0.0,0.0,500,0.934165,0,0,1,0
695,0.0,0.0,0.0,500,0.93407,0,0,1,0
696,0.0,0.0,0.0,500,0.933975,0,0,1,0
697,0.0,0.0,0.0,500,0.93388,0,0,1,0
698,0.0,0.0,0.0,500,0.933785,0,0,1,0
699,0.0,0.0,0.0,500,0.93369,0,0,1,0
700,0.0,0.0,0.0,500,0.933595,0,0,1,0
701,0.0,0.0,0.0,500,0.9335,0,0,1,0
702,0.0,0.0,0.0,500,0.933405,0,0,1,0
703,0.0,0.0,0.0,500,0.93331,0,0,1,0
704,0.0,0.0,0.0,500,0.933215,0,0,1,0
705,0.0,0.0,0.0,500,0.93312,0,0,1,0
706,0.0,0.0,0.0,500,0.933025,0,0,1,0
707,0.0,0.0,0.0,500,0.93293,0,0,1,0
708,0.0,0.0,0.0,500,0.932835,0,0,1,0
709,0.0,0.0,0.0,500,0.93274,0,0,1,0
710,0.0,0.0,0.0,500,0.932645,0,0,1,0
711,0.0,0.0,0.0,500,0.93255,0,0,1,0
712,0.0,0.0,0.0,500,0.932455,0,0,1,0
713,0.0,0.0,0.0,500,0.93236,0,0,1,0
714,0.0,0.0,0.0,500,0.932265,0,0,1,0
715,0.0,0.0,0.0,500,0.9321699999999999,0,0,1,0
716,0.0,0.0,0.0,500,0.932075,0,0,1,0
717,0.0,0.0,0.0,500,0.93198,0,0,1,0
718,0.0,0.0,0.0,500,0.931885,0,0,1,0
719,0.0,0.0,0.0,500,0.93179,0,0,1,0
720,0.0,0.0,0.0,500,0.9316949999999999,0,0,1,0
721,0.0,0.0,0.0,500,0.9316,0,0,1,0
722,0.0,0.0,0.0,500,0.931505,0,0,1,0
723,0.0,0.0,0.0,500,0.93141,0,0,1,0
724,0.0,0.0,0.0,500,0.931315,0,0,1,0
725,0.0,0.0,0.0,500,0.9312199999999999,0,0,1,0
726,0.0,0.0,0.0,500,0.931125,0,0,1,0
727,0.0,0.0,0.0,500,0.93103,0,0,1,0
728,0.0,0.0,0.0,500,0.930935,0,0,1,0
729,0.0,0.0,0.0,500,0.93084,0,0,1,0
730,0.0,0.0,0.0,500,0.930745,0,0,1,0
731,0.0,0.0,0.0,500,0.93065,0,0,1,0
732,0.0,0.0,0.0,500,0.930555,0,0,1,0
733,0.0,0.0,0.0,500,0.93046,0,0,1,0
734,0.0,0.0,0.0,500,0.930365,0,0,1,0
735,0.0,0.0,0.0,500,0.93027,0,0,1,0
736,0.0,0.0,0.0,500,0.930175,0,0,1,0
737,0.0,0.0,0.0,500,0.93008,0,0,1,0
738,0.0,0.0,0.0,500,0.9299850000000001,0,0,1,0
739,0.0,0.0,0.0,500,0.92989,0,0,1,0
740,0.0,0.0,0.0,500,0.929795,0,0,1,0
741,0.0,0.0,0.0,500,0.9297,0,0,1,0
742,0.0,0.0,0.0,500,0.929605,0,0,1,0
743,0.0,0.0,0.0,500,0.9295100000000001,0,0,1,0
744,0.0,0.0,0.0,500,0.929415,0,0,1,0
745,0.0,0.0,0.0,500,0.92932,0,0,1,0
746,0.0,0.0,0.0,500,0.929225,0,0,1,0
747,0.0,0.0,0.0,500,0.92913,0,0,1,0
748,0.0,0.0,0.0,500,0.929035,0,0,1,0
749,0.0,0.0,0.0,500,0.92894,0,0,1,0
750,0.0,0.0,0.0,500,0.928845,0,0,1,0
751,0.0,0.0,0.0,500,0.92875,0,0,1,0
752,0.0,0.0,0.0,500,0.928655,0,0,1,0
753,0.0,0.0,0.0,500,0.92856,0,0,1,0
754,0.0,0.0,0.0,500,0.928465,0,0,1,0
755,0.0,0.0,0.0,500,0.92837,0,0,1,0
756,0.0,0.0,0.0,500,0.928275,0,0,1,0
757,0.0,0.0,0.0,500,0.92818,0,0,1,0
758,0.0,0.0,0.0,500,0.928085,0,0,1,0
759,0.0,0.0,0.0,500,0.92799,0,0,1,0
760,0.0,0.0,0.0,500,0.927895,0,0,1,0
761,0.0,0.0,0.0,500,0.9278,0,0,1,0
762,0.0,0.0,0.0,500,0.927705,0,0,1,0
763,0.0,0.0,0.0,500,0.92761,0,0,1,0
764,0.0,0.0,0.0,500,0.927515,0,0,1,0
765,0.0,0.0,0.0,500,0.92742,0,0,1,0
766,0.0,0.0,0.0,500,0.927325,0,0,1,0
767,0.0,0.0,0.0,500,0.92723,0,0,1,0
768,0.0,0.0,0.0,500,0.927135,0,0,1,0
769,0.0,0.0,0.0,500,0.92704,0,0,1,0
770,0.0,0.0,0.0,500,0.926945,0,0,1,0
771,0.0,0.0,0.0,500,0.92685,0,0,1,0
772,0.0,0.0,0.0,500,0.926755,0,0,1,0
773,0.0,0.0,0.0,500,0.92666,0,0,1,0
774,0.0,0.0,0.0,500,0.926565,0,0,1,0
775,0.0,0.0,0.0,500,0.92647,0,0,1,0
776,0.0,0.0,0.0,500,0.926375,0,0,1,0
777,0.0,0.0,0.0,500,0.92628,0,0,1,0
778,0.0,0.0,0.0,500,0.926185,0,0,1,0
779,0.0,0.0,0.0,500,0.92609,0,0,1,0
780,0.0,0.0,0.0,500,0.925995,0,0,1,0
781,0.0,0.0,0.0,500,0.9259,0,0,1,0
782,0.0,0.0,0.0,500,0.925805,0,0,1,0
783,0.0,0.0,0.0,500,0.92571,0,0,1,0
784,0.0,0.0,0.0,500,0.925615,0,0,1,0
785,0.0,0.0,0.0,500,0.92552,0,0,1,0
786,0.0,0.0,0.0,500,0.9254249999999999,0,0,1,0
787,0.0,0.0,0.0,500,0.92533,0,0,1,0
788,0.0,0.0,0.0,500,0.925235,0,0,1,0
789,0.0,0.0,0.0,500,0.92514,0,0,1,0
790,0.0,0.0,0.0,500,0.925045,0,0,1,0
791,0.0,0.0,0.0,500,0.92495,0,0,1,0
792,0.0,0.0,0.0,500,0.924855,0,0,1,0
793,0.0,0.0,0.0,500,0.92476,0,0,1,0
794,0.0,0.0,0.0,500,0.9246650000000001,0,0,1,0
795,0.0,0.0,0.0,500,0.92457,0,0,1,0
796,0.0,0.0,0.0,500,0.924475,0,0,1,0
797,0.0,0.0,0.0,500,0.92438,0,0,1,0
798,0.0,0.0,0.0,500,0.924285,0,0,1,0
799,0.0,0.0,0.0,500,0.9241900000000001,0,0,1,0
800,0.0,0.0,0.0,500,0.924095,0,0,1,0
801,0.0,0.0,0.0,500,0.924,0,0,1,0
802,0.0,0.0,0.0,500,0.923905,0,0,1,0
803,0.0,0.0,0.0,500,0.92381,0,0,1,0
804,0.0,0.0,0.0,500,0.9237150000000001,0,0,1,0
805,0.0,0.0,0.0,500,0.92362,0,0,1,0
806,0.0,0.0,0.0,500,0.923525,0,0,1,0
807,0.0,0.0,0.0,500,0.92343,0,0,1,0
808,0.0,0.0,0.0,500,0.923335,0,0,1,0
809,0.0,0.0,0.0,500,0.9232400000000001,0,0,1,0
810,0.0,0.0,0.0,500,0.923145,0,0,1,0
811,0.0,0.0,0.0,500,0.92305,0,0,1,0
812,0.0,0.0,0.0,500,0.922955,0,0,1,0
813,0.0,0.0,0.0,500,0.92286,0,0,1,0
814,0.0,0.0,0.0,500,0.9227650000000001,0,0,1,0
815,0.0,0.0,0.0,500,0.92267,0,0,1,0
816,0.0,0.0,0.0,500,0.922575,0,0,1,0
817,0.0,0.0,0.0,500,0.92248,0,0,1,0
818,0.0,0.0,0.0,500,0.922385,0,0,1,0
819,0.0,0.0,0.0,500,0.92229,0,0,1,0
820,0.0,0.0,0.0,500,0.922195,0,0,1,0
821,0.0,0.0,0.0,500,0.9221,0,0,1,0
822,0.0,0.0,0.0,500,0.922005,0,0,1,0
823,0.0,0.0,0.0,500,0.92191,0,0,1,0
824,0.0,0.0,0.0,500,0.921815,0,0,1,0
825,0.0,0.0,0.0,500,0.92172,0,0,1,0
826,0.0,0.0,0.0,500,0.921625,0,0,1,0
827,0.0,0.0,0.0,500,0.92153,0,0,1,0
828,0.0,0.0,0.0,500,0.921435,0,0,1,0
829,0.0,0.0,0.0,500,0.92134,0,0,1,0
830,0.0,0.0,0.0,500,0.921245,0,0,1,0
831,0.0,0.0,0.0,500,0.92115,0,0,1,0
832,0.0,0.0,0.0,500,0.921055,0,0,1,0
833,0.0,0.0,0.0,500,0.92096,0,0,1,0
834,0.0,0.0,0.0,500,0.920865,0,0,1,0
835,0.0,0.0,0.0,500,0.92077,0,0,1,0
836,0.0,0.0,0.0,500,0.920675,0,0,1,0
837,0.0,0.0,0.0,500,0.92058,0,0,1,0
838,0.0,0.0,0.0,500,0.920485,0,0,1,0
839,0.0,0.0,0.0,500,0.92039,0,0,1,0
840,0.0,0.0,0.0,500,0.920295,0,0,1,0
841,0.0,0.0,0.0,500,0.9202,0,0,1,0
842,0.0,0.0,0.0,500,0.920105,0,0,1,0
843,0.0,0.0,0.0,500,0.92001,0,0,1,0
844,0.0,0.0,0.0,500,0.919915,0,0,1,0
845,0.0,0.0,0.0,500,0.91982,0,0,1,0
846,0.0,0.0,0.0,500,0.919725,0,0,1,0
847,0.0,0.0,0.0,500,0.91963,0,0,1,0
848,0.0,0.0,0.0,500,0.919535,0,0,1,0
849,0.0,0.0,0.0,500,0.91944,0,0,1,0
850,0.0,0.0,0.0,500,0.919345,0,0,1,0
851,0.0,0.0,0.0,500,0.91925,0,0,1,0
852,0.0,0.0,0.0,500,0.919155,0,0,1,0
853,0.0,0.0,0.0,500,0.91906,0,0,1,0
854,0.0,0.0,0.0,500,0.918965,0,0,1,0
855,0.0,0.0,0.0,500,0.91887,0,0,1,0
856,0.0,0.0,0.0,500,0.918775,0,0,1,0
857,0.0,0.0,0.0,500,0.91868,0,0,1,0
858,0.0,0.0,0.0,500,0.918585,0,0,1,0
859,0.0,0.0,0.0,500,0.91849,0,0,1,0
860,0.0,0.0,0.0,500,0.918395,0,0,1,0
861,0.0,0.0,0.0,500,0.9183,0,0,1,0
862,0.0,0.0,0.0,500,0.918205,0,0,1,0
863,0.0,0.0,0.0,500,0.91811,0,0,1,0
864,0.0,0.0,0.0,500,0.918015,0,0,1,0
865,0.0,0.0,0.0,500,0.91792,0,0,1,0
866,0.0,0.0,0.0,500,0.917825,0,0,1,0
867,0.0,0.0,0.0,500,0.91773,0,0,1,0
868,0.0,0.0,0.0,500,0.917635,0,0,1,0
869,0.0,0.0,0.0,500,0.91754,0,0,1,0
870,0.0,0.0,0.0,500,0.917445,0,0,1,0
871,0.0,0.0,0.0,500,0.91735,0,0,1,0
872,0.0,0.0,0.0,500,0.917255,0,0,1,0
873,0.0,0.0,0.0,500,0.91716,0,0,1,0
874,0.0,0.0,0.0,500,0.917065,0,0,1,0
875,0.0,0.0,0.0,500,0.91697,0,0,1,0
876,0.0,0.0,0.0,500,0.916875,0,0,1,0
877,0.0,0.0,0.0,500,0.91678,0,0,1,0
878,0.0,0.0,0.0,500,0.916685,0,0,1,0
879,0.0,0.0,0.0,500,0.91659,0,0,1,0
880,0.0,0.0,0.0,500,0.9164950000000001,0,0,1,0
881,0.0,0.0,0.0,500,0.9164,0,0,1,0
882,0.0,0.0,0.0,500,0.916305,0,0,1,0
883,0.0,0.0,0.0,500,0.91621,0,0,1,0
884,0.0,0.0,0.0,500,0.916115,0,0,1,0
885,0.0,0.0,0.0,500,0.9160200000000001,0,0,1,0
886,0.0,0.0,0.0,500,0.915925,0,0,1,0
887,0.0,0.0,0.0,500,0.91583,0,0,1,0
888,0.0,0.0,0.0,500,0.915735,0,0,1,0
889,0.0,0.0,0.0,500,0.91564,0,0,1,0
890,0.0,0.0,0.0,500,0.915545,0,0,1,0
891,0.0,0.0,0.0,500,0.91545,0,0,1,0
892,0.0,0.0,0.0,500,0.915355,0,0,1,0
893,0.0,0.0,0.0,500,0.91526,0,0,1,0
894,0.0,0.0,0.0,500,0.915165,0,0,1,0
895,0.0,0.0,0.0,500,0.91507,0,0,1,0
896,0.0,0.0,0.0,500,0.914975,0,0,1,0
897,0.0,0.0,0.0,500,0.91488,0,0,1,0
898,0.0,0.0,0.0,500,0.914785,0,0,1,0
899,0.0,0.0,0.0,500,0.91469,0,0,1,0
900,0.0,0.0,0.0,500,0.914595,0,0,1,0
901,0.0,0.0,0.0,500,0.9145,0,0,1,0
902,0.0,0.0,0.0,500,0.914405,0,0,1,0
903,0.0,0.0,0.0,500,0.91431,0,0,1,0
904,0.0,0.0,0.0,500,0.914215,0,0,1,0
905,0.0,0.0,0.0,500,0.91412,0,0,1,0
906,0.0,0.0,0.0,500,0.914025,0,0,1,0
907,0.0,0.0,0.0,500,0.91393,0,0,1,0
908,0.0,0.0,0.0,500,0.913835,0,0,1,0
909,0.0,0.0,0.0,500,0.91374,0,0,1,0
910,0.0,0.0,0.0,500,0.913645,0,0,1,0
911,0.0,0.0,0.0,500,0.91355,0,0,1,0
912,0.0,0.0,0.0,500,0.913455,0,0,1,0
913,0.0,0.0,0.0,500,0.91336,0,0,1,0
914,0.0,0.0,0.0,500,0.913265,0,0,1,0
915,0.0,0.0,0.0,500,0.91317,0,0,1,0
916,0.0,0.0,0.0,500,0.913075,0,0,1,0
917,0.0,0.0,0.0,500,0.91298,0,0,1,0
918,0.0,0.0,0.0,500,0.912885,0,0,1,0
919,0.0,0.0,0.0,500,0.91279,0,0,1,0
920,0.0,0.0,0.0,500,0.912695,0,0,1,0
921,0.0,0.0,0.0,500,0.9126,0,0,1,0
922,0.0,0.0,0.0,500,0.912505,0,0,1,0
923,0.0,0.0,0.0,500,0.9124099999999999,0,0,1,0
924,0.0,0.0,0.0,500,0.912315,0,0,1,0
925,0.0,0.0,0.0,500,0.91222,0,0,1,0
926,0.0,0.0,0.0,500,0.912125,0,0,1,0
927,0.0,0.0,0.0,500,0.91203,0,0,1,0
928,0.0,0.0,0.0,500,0.9119349999999999,0,0,1,0
929,0.0,0.0,0.0,500,0.91184,0,0,1,0
930,0.0,0.0,0.0,500,0.911745,0,0,1,0
931,0.0,0.0,0.0,500,0.91165,0,0,1,0
932,0.0,0.0,0.0,500,0.911555,0,0,1,0
933,0.0,0.0,0.0,500,0.9114599999999999,0,0,1,0
934,0.0,0.0,0.0,500,0.911365,0,0,1,0
935,0.0,0.0,0.0,500,0.91127,0,0,1,0
936,0.0,0.0,0.0,500,0.911175,0,0,1,0
937,0.0,0.0,0.0,500,0.91108,0,0,1,0
938,0.0,0.0,0.0,500,0.910985,0,0,1,0
939,0.0,0.0,0.0,500,0.91089,0,0,1,0
940,0.0,0.0,0.0,500,0.910795,0,0,1,0
941,0.0,0.0,0.0,500,0.9107000000000001,0,0,1,0
942,0.0,0.0,0.0,500,0.910605,0,0,1,0
943,0.0,0.0,0.0,500,0.91051,0,0,1,0
944,0.0,0.0,0.0,500,0.910415,0,0,1,0
945,0.0,0.0,0.0,500,0.91032,0,0,1,0
946,0.0,0.0,0.0,500,0.9102250000000001,0,0,1,0
947,0.0,0.0,0.0,500,0.91013,0,0,1,0
948,0.0,0.0,0.0,500,0.910035,0,0,1,0
949,0.0,0.0,0.0,500,0.90994,0,0,1,0
950,0.0,0.0,0.0,500,0.909845,0,0,1,0
951,0.0,0.0,0.0,500,0.9097500000000001,0,0,1,0
952,0.0,0.0,0.0,500,0.909655,0,0,1,0
953,0.0,0.0,0.0,500,0.90956,0,0,1,0
954,0.0,0.0,0.0,500,0.909465,0,0,1,0
955,0.0,0.0,0.0,500,0.90937,0,0,1,0
956,0.0,0.0,0.0,500,0.909275,0,0,1,0
957,0.0,0.0,0.0,500,0.90918,0,0,1,0
958,0.0,0.0,0.0,500,0.909085,0,0,1,0
959,0.0,0.0,0.0,500,0.90899,0,0,1,0
960,0.0,0.0,0.0,500,0.908895,0,0,1,0
961,0.0,0.0,0.0,500,0.9088,0,0,1,0
962,0.0,0.0,0.0,500,0.908705,0,0,1,0
963,0.0,0.0,0.0,500,0.90861,0,0,1,0
964,0.0,0.0,0.0,500,0.908515,0,0,1,0
965,0.0,0.0,0.0,500,0.90842,0,0,1,0
966,0.0,0.0,0.0,500,0.908325,0,0,1,0
967,0.0,0.0,0.0,500,0.90823,0,0,1,0
968,0.0,0.0,0.0,500,0.908135,0,0,1,0
969,0.0,0.0,0.0,500,0.90804,0,0,1,0
970,0.0,0.0,0.0,500,0.907945,0,0,1,0
971,0.0,0.0,0.0,500,0.90785,0,0,1,0
972,0.0,0.0,0.0,500,0.907755,0,0,1,0
973,0.0,0.0,0.0,500,0.90766,0,0,1,0
974,0.0,0.0,0.0,500,0.907565,0,0,1,0
975,0.0,0.0,0.0,500,0.90747,0,0,1,0
976,0.0,0.0,0.0,500,0.907375,0,0,1,0
977,0.0,0.0,0.0,500,0.90728,0,0,1,0
978,0.0,0.0,0.0,500,0.907185,0,0,1,0
979,0.0,0.0,0.0,500,0.90709,0,0,1,0
980,0.0,0.0,0.0,500,0.906995,0,0,1,0
981,0.0,0.0,0.0,500,0.9069,0,0,1,0
982,0.0,0.0,0.0,500,0.906805,0,0,1,0
983,0.0,0.0,0.0,500,0.90671,0,0,1,0
984,0.0,0.0,0.0,500,0.906615,0,0,1,0
985,0.0,0.0,0.0,500,0.90652,0,0,1,0
986,0.0,0.0,0.0,500,0.906425,0,0,1,0
987,0.0,0.0,0.0,500,0.90633,0,0,1,0
988,0.0,0.0,0.0,500,0.906235,0,0,1,0
989,0.0,0.0,0.0,500,0.90614,0,0,1,0
990,0.0,0.0,0.0,500,0.906045,0,0,1,0
991,0.0,0.0,0.0,500,0.90595,0,0,1,0
992,0.0,0.0,0.0,500,0.905855,0,0,1,0
993,0.0,0.0,0.0,500,0.90576,0,0,1,0
994,0.0,0.0,0.0,500,0.905665,0,0,1,0
995,0.0,0.0,0.0,500,0.90557,0,0,1,0
996,0.0,0.0,0.0,500,0.905475,0,0,1,0
997,0.0,0.0,0.0,500,0.90538,0,0,1,0
998,0.0,0.0,0.0,500,0.905285,0,0,1,0
999,0.0,0.0,0.0,500,0.90519,0,0,1,0
1000,0.0,0.0,0.0,500,0.905095,0,0,1,0
1001,0.0,0.0,0.0,500,0.905,0,0,1,0
1002,0.0,0.0,0.0,500,0.9049050000000001,0,0,1,0
1003,0.0,0.0,0.0,500,0.90481,0,0,1,0
1004,0.0,0.0,0.0,500,0.904715,0,0,1,0
1005,0.0,0.0,0.0,500,0.90462,0,0,1,0
1006,0.0,0.0,0.0,500,0.904525,0,0,1,0
1007,0.0,0.0,0.0,500,0.9044300000000001,0,0,1,0
1008,0.0,0.0,0.0,500,0.904335,0,0,1,0
1009,0.0,0.0,0.0,500,0.90424,0,0,1,0
1010,0.0,0.0,0.0,500,0.904145,0,0,1,0
1011,0.0,0.0,0.0,500,0.90405,0,0,1,0
1012,0.0,0.0,0.0,500,0.9039550000000001,0,0,1,0
1013,0.0,0.0,0.0,500,0.90386,0,0,1,0
1014,0.0,0.0,0.0,500,0.903765,0,0,1,0
1015,0.0,0.0,0.0,500,0.90367,0,0,1,0
1016,0.0,0.0,0.0,500,0.903575,0,0,1,0
1017,0.0,0.0,0.0,500,0.9034800000000001,0,0,1,0
1018,0.0,0.0,0.0,500,0.903385,0,0,1,0
1019,0.0,0.0,0.0,500,0.90329,0,0,1,0
1020,0.0,0.0,0.0,500,0.903195,0,0,1,0
1021,0.0,0.0,0.0,500,0.9031,0,0,1,0
1022,0.0,0.0,0.0,500,0.9030050000000001,0,0,1,0
1023,0.0,0.0,0.0,500,0.90291,0,0,1,0
1024,0.0,0.0,0.0,500,0.902815,0,0,1,0
1025,0.0,0.0,0.0,500,0.90272,0,0,1,0
1026,0.0,0.0,0.0,500,0.902625,0,0,1,0
1027,0.0,0.0,0.0,500,0.90253,0,0,1,0
1028,0.0,0.0,0.0,500,0.902435,0,0,1,0
1029,0.0,0.0,0.0,500,0.90234,0,0,1,0
1030,0.0,0.0,0.0,500,0.902245,0,0,1,0
1031,0.0,0.0,0.0,500,0.90215,0,0,1,0
1032,0.0,0.0,0.0,500,0.902055,0,0,1,0
1033,0.0,0.0,0.0,500,0.90196,0,0,1,0
1034,0.0,0.0,0.0,500,0.901865,0,0,1,0
1035,0.0,0.0,0.0,500,0.90177,0,0,1,0
1036,0.0,0.0,0.0,500,0.901675,0,0,1,0
1037,0.0,0.0,0.0,500,0.90158,0,0,1,0
1038,0.0,0.0,0.0,500,0.901485,0,0,1,0
1039,0.0,0.0,0.0,500,0.90139,0,0,1,0
1040,0.0,0.0,0.0,500,0.901295,0,0,1,0
1041,0.0,0.0,0.0,500,0.9012,0,0,1,0
1042,0.0,0.0,0.0,500,0.901105,0,0,1,0
1043,0.0,0.0,0.0,500,0.90101,0,0,1,0
1044,0.0,0.0,0.0,500,0.900915,0,0,1,0
1045,0.0,0.0,0.0,500,0.90082,0,0,1,0
1046,0.0,0.0,0.0,500,0.900725,0,0,1,0
1047,0.0,0.0,0.0,500,0.90063,0,0,1,0
1048,0.0,0.0,0.0,500,0.900535,0,0,1,0
1049,0.0,0.0,0.0,500,0.90044,0,0,1,0
1050,0.0,0.0,0.0,500,0.900345,0,0,1,0
1051,0.0,0.0,0.0,500,0.90025,0,0,1,0
1052,0.0,0.0,0.0,500,0.900155,0,0,1,0
1053,0.0,0.0,0.0,500,0.90006,0,0,1,0
1054,0.0,0.0,0.0,500,0.899965,0,0,1,0
1055,0.0,0.0,0.0,500,0.8998700000000001,0,0,1,0
1056,0.0,0.0,0.0,500,0.899775,0,0,1,0
1057,0.0,0.0,0.0,500,0.89968,0,0,1,0
1058,0.0,0.0,0.0,500,0.899585,0,0,1,0
1059,0.0,0.0,0.0,500,0.89949,0,0,1,0
1060,0.0,0.0,0.0,500,0.8993950000000001,0,0,1,0
1061,0.0,0.0,0.0,500,0.8993,0,0,1,0
1062,0.0,0.0,0.0,500,0.899205,0,0,1,0
1063,0.0,0.0,0.0,500,0.89911,0,0,1,0
1064,0.0,0.0,0.0,500,0.899015,0,0,1,0
1065,0.0,0.0,0.0,500,0.89892,0,0,1,0
1066,0.0,0.0,0.0,500,0.898825,0,0,1,0
1067,0.0,0.0,0.0,500,0.89873,0,0,1,0
1068,0.0,0.0,0.0,500,0.898635,0,0,1,0
1069,0.0,0.0,0.0,500,0.89854,0,0,1,0
1070,0.0,0.0,0.0,500,0.898445,0,0,1,0
1071,0.0,0.0,0.0,500,0.89835,0,0,1,0
1072,0.0,0.0,0.0,500,0.898255,0,0,1,0
1073,0.0,0.0,0.0,500,0.89816,0,0,1,0
1074,0.0,0.0,0.0,500,0.898065,0,0,1,0
1075,0.0,0.0,0.0,500,0.89797,0,0,1,0
1076,0.0,0.0,0.0,500,0.897875,0,0,1,0
1077,0.0,0.0,0.0,500,0.89778,0,0,1,0
1078,0.0,0.0,0.0,500,0.897685,0,0,1,0
1079,0.0,0.0,0.0,500,0.89759,0,0,1,0
1080,0.0,0.0,0.0,500,0.897495,0,0,1,0
1081,0.0,0.0,0.0,500,0.8974,0,0,1,0
1082,0.0,0.0,0.0,500,0.897305,0,0,1,0
1083,0.0,0.0,0.0,500,0.89721,0,0,1,0
1084,0.0,0.0,0.0,500,0.897115,0,0,1,0
1085,0.0,0.0,0.0,500,0.89702,0,0,1,0
1086,0.0,0.0,0.0,500,0.896925,0,0,1,0
1087,0.0,0.0,0.0,500,0.89683,0,0,1,0
1088,0.0,0.0,0.0,500,0.8967350000000001,0,0,1,0
1089,0.0,0.0,0.0,500,0.89664,0,0,1,0
1090,0.0,0.0,0.0,500,0.896545,0,0,1,0
1091,0.0,0.0,0.0,500,0.89645,0,0,1,0
1092,0.0,0.0,0.0,500,0.896355,0,0,1,0
1093,0.0,0.0,0.0,500,0.8962600000000001,0,0,1,0
1094,0.0,0.0,0.0,500,0.896165,0,0,1,0
1095,0.0,0.0,0.0,500,0.89607,0,0,1,0
1096,0.0,0.0,0.0,500,0.895975,0,0,1,0
1097,0.0,0.0,0.0,500,0.89588,0,0,1,0
1098,0.0,0.0,0.0,500,0.895785,0,0,1,0
1099,0.0,0.0,0.0,500,0.89569,0,0,1,0
1100,0.0,0.0,0.0,500,0.895595,0,0,1,0
1101,0.0,0.0,0.0,500,0.8955,0,0,1,0
1102,0.0,0.0,0.0,500,0.895405,0,0,1,0
1103,0.0,0.0,0.0,500,0.89531,0,0,1,0
1104,0.0,0.0,0.0,500,0.895215,0,0,1,0
1105,0.0,0.0,0.0,500,0.89512,0,0,1,0
1106,0.0,0.0,0.0,500,0.895025,0,0,1,0
1107,0.0,0.0,0.0,500,0.89493,0,0,1,0
1108,0.0,0.0,0.0,500,0.894835,0,0,1,0
1109,0.0,0.0,0.0,500,0.89474,0,0,1,0
1110,0.0,0.0,0.0,500,0.894645,0,0,1,0
1111,0.0,0.0,0.0,500,0.89455,0,0,1,0
1112,0.0,0.0,0.0,500,0.894455,0,0,1,0
1113,0.0,0.0,0.0,500,0.89436,0,0,1,0
1114,0.0,0.0,0.0,500,0.894265,0,0,1,0
1115,0.0,0.0,0.0,500,0.89417,0,0,1,0
1116,0.0,0.0,0.0,500,0.894075,0,0,1,0
1117,0.0,0.0,0.0,500,0.89398,0,0,1,0
1118,0.0,0.0,0.0,500,0.893885,0,0,1,0
1119,0.0,0.0,0.0,500,0.89379,0,0,1,0
1120,0.0,0.0,0.0,500,0.893695,0,0,1,0
1121,0.0,0.0,0.0,500,0.8936,0,0,1,0
1122,0.0,0.0,0.0,500,0.893505,0,0,1,0
1123,0.0,0.0,0.0,500,0.89341,0,0,1,0
1124,0.0,0.0,0.0,500,0.893315,0,0,1,0
1125,0.0,0.0,0.0,500,0.89322,0,0,1,0
1126,0.0,0.0,0.0,500,0.893125,0,0,1,0
1127,0.0,0.0,0.0,500,0.89303,0,0,1,0
1128,0.0,0.0,0.0,500,0.892935,0,0,1,0
1129,0.0,0.0,0.0,500,0.89284,0,0,1,0
1130,0.0,0.0,0.0,500,0.892745,0,0,1,0
1131,0.0,0.0,0.0,500,0.8926499999999999,0,0,1,0
1132,0.0,0.0,0.0,500,0.892555,0,0,1,0
1133,0.0,0.0,0.0,500,0.89246,0,0,1,0
1134,0.0,0.0,0.0,500,0.892365,0,0,1,0
1135,0.0,0.0,0.0,500,0.89227,0,0,1,0
1136,0.0,0.0,0.0,500,0.8921749999999999,0,0,1,0
1137,0.0,0.0,0.0,500,0.89208,0,0,1,0
1138,0.0,0.0,0.0,500,0.891985,0,0,1,0
1139,0.0,0.0,0.0,500,0.89189,0,0,1,0
1140,0.0,0.0,0.0,500,0.891795,0,0,1,0
1141,0.0,0.0,0.0,500,0.8917,0,0,1,0
1142,0.0,0.0,0.0,500,0.891605,0,0,1,0
1143,0.0,0.0,0.0,500,0.89151,0,0,1,0
1144,0.0,0.0,0.0,500,0.8914150000000001,0,0,1,0
1145,0.0,0.0,0.0,500,0.89132,0,0,1,0
1146,0.0,0.0,0.0,500,0.891225,0,0,1,0
1147,0.0,0.0,0.0,500,0.89113,0,0,1,0
1148,0.0,0.0,0.0,500,0.891035,0,0,1,0
1149,0.0,0.0,0.0,500,0.8909400000000001,0,0,1,0
1150,0.0,0.0,0.0,500,0.890845,0,0,1,0
1151,0.0,0.0,0.0,500,0.89075,0,0,1,0
1152,0.0,0.0,0.0,500,0.890655,0,0,1,0
1153,0.0,0.0,0.0,500,0.89056,0,0,1,0
1154,0.0,0.0,0.0,500,0.8904650000000001,0,0,1,0
1155,0.0,0.0,0.0,500,0.89037,0,0,1,0
1156,0.0,0.0,0.0,500,0.890275,0,0,1,0
1157,0.0,0.0,0.0,500,0.89018,0,0,1,0
1158,0.0,0.0,0.0,500,0.890085,0,0,1,0
1159,0.0,0.0,0.0,500,0.8899900000000001,0,0,1,0
1160,0.0,0.0,0.0,500,0.889895,0,0,1,0
1161,0.0,0.0,0.0,500,0.8898,0,0,1,0
1162,0.0,0.0,0.0,500,0.889705,0,0,1,0
1163,0.0,0.0,0.0,500,0.88961,0,0,1,0
1164,0.0,0.0,0.0,500,0.8895150000000001,0,0,1,0
1165,0.0,0.0,0.0,500,0.88942,0,0,1,0
1166,0.0,0.0,0.0,500,0.889325,0,0,1,0
1167,0.0,0.0,0.0,500,0.88923,0,0,1,0
1168,0.0,0.0,0.0,500,0.889135,0,0,1,0
1169,0.0,0.0,0.0,500,0.88904,0,0,1,0
1170,0.0,0.0,0.0,500,0.888945,0,0,1,0
1171,0.0,0.0,0.0,500,0.88885,0,0,1,0
1172,0.0,0.0,0.0,500,0.888755,0,0,1,0
1173,0.0,0.0,0.0,500,0.88866,0,0,1,0
1174,0.0,0.0,0.0,500,0.888565,0,0,1,0
1175,0.0,0.0,0.0,500,0.88847,0,0,1,0
1176,0.0,0.0,0.0,500,0.888375,0,0,1,0
1177,0.0,0.0,0.0,500,0.88828,0,0,1,0
1178,0.0,0.0,0.0,500,0.888185,0,0,1,0
1179,0.0,0.0,0.0,500,0.88809,0,0,1,0
1180,0.0,0.0,0.0,500,0.887995,0,0,1,0
1181,0.0,0.0,0.0,500,0.8879,0,0,1,0
1182,0.0,0.0,0.0,500,0.887805,0,0,1,0
1183,0.0,0.0,0.0,500,0.88771,0,0,1,0
1184,0.0,0.0,0.0,500,0.887615,0,0,1,0
1185,0.0,0.0,0.0,500,0.88752,0,0,1,0
1186,0.0,0.0,0.0,500,0.887425,0,0,1,0
1187,0.0,0.0,0.0,500,0.88733,0,0,1,0
1188,0.0,0.0,0.0,500,0.887235,0,0,1,0
1189,0.0,0.0,0.0,500,0.88714,0,0,1,0
1190,0.0,0.0,0.0,500,0.887045,0,0,1,0
1191,0.0,0.0,0.0,500,0.88695,0,0,1,0
1192,0.0,0.0,0.0,500,0.886855,0,0,1,0
1193,0.0,0.0,0.0,500,0.88676,0,0,1,0
1194,0.0,0.0,0.0,500,0.886665,0,0,1,0
1195,0.0,0.0,0.0,500,0.88657,0,0,1,0
1196,0.0,0.0,0.0,500,0.886475,0,0,1,0
1197,0.0,0.0,0.0,500,0.88638,0,0,1,0
1198,0.0,0.0,0.0,500,0.886285,0,0,1,0
1199,0.0,0.0,0.0,500,0.88619,0,0,1,0
1200,0.0,0.0,0.0,500,0.886095,0,0,1,0
1201,0.0,0.0,0.0,500,0.886,0,0,1,0
1202,0.0,0.0,0.0,500,0.885905,0,0,1,0
1203,0.0,0.0,0.0,500,0.88581,0,0,1,0
1204,0.0,0.0,0.0,500,0.885715,0,0,1,0
1205,0.0,0.0,0.0,500,0.8856200000000001,0,0,1,0
1206,0.0,0.0,0.0,500,0.885525,0,0,1,0
1207,0.0,0.0,0.0,500,0.88543,0,0,1,0
1208,0.0,0.0,0.0,500,0.885335,0,0,1,0
1209,0.0,0.0,0.0,500,0.88524,0,0,1,0
1210,0.0,0.0,0.0,500,0.8851450000000001,0,0,1,0
1211,0.0,0.0,0.0,500,0.88505,0,0,1,0
1212,0.0,0.0,0.0,500,0.884955,0,0,1,0
1213,0.0,0.0,0.0,500,0.88486,0,0,1,0
1214,0.0,0.0,0.0,500,0.884765,0,0,1,0
1215,0.0,0.0,0.0,500,0.8846700000000001,0,0,1,0
1216,0.0,0.0,0.0,500,0.884575,0,0,1,0
1217,0.0,0.0,0.0,500,0.88448,0,0,1,0
1218,0.0,0.0,0.0,500,0.884385,0,0,1,0
1219,0.0,0.0,0.0,500,0.88429,0,0,1,0
1220,0.0,0.0,0.0,500,0.8841950000000001,0,0,1,0
1221,0.0,0.0,0.0,500,0.8841,0,0,1,0
1222,0.0,0.0,0.0,500,0.884005,0,0,1,0
1223,0.0,0.0,0.0,500,0.88391,0,0,1,0
1224,0.0,0.0,0.0,500,0.883815,0,0,1,0
1225,0.0,0.0,0.0,500,0.8837200000000001,0,0,1,0
1226,0.0,0.0,0.0,500,0.883625,0,0,1,0
1227,0.0,0.0,0.0,500,0.88353,0,0,1,0
1228,0.0,0.0,0.0,500,0.883435,0,0,1,0
1229,0.0,0.0,0.0,500,0.88334,0,0,1,0
1230,0.0,0.0,0.0,500,0.8832450000000001,0,0,1,0
1231,0.0,0.0,0.0,500,0.88315,0,0,1,0
1232,0.0,0.0,0.0,500,0.883055,0,0,1,0
1233,0.0,0.0,0.0,500,0.88296,0,0,1,0
1234,0.0,0.0,0.0,500,0.882865,0,0,1,0
1235,0.0,0.0,0.0,500,0.88277,0,0,1,0
1236,0.0,0.0,0.0,500,0.882675,0,0,1,0
1237,0.0,0.0,0.0,500,0.88258,0,0,1,0
1238,0.0,0.0,0.0,500,0.882485,0,0,1,0
1239,0.0,0.0,0.0,500,0.88239,0,0,1,0
1240,0.0,0.0,0.0,500,0.882295,0,0,1,0
1241,0.0,0.0,0.0,500,0.8822,0,0,1,0
1242,0.0,0.0,0.0,500,0.882105,0,0,1,0
1243,0.0,0.0,0.0,500,0.88201,0,0,1,0
1244,0.0,0.0,0.0,500,0.881915,0,0,1,0
1245,0.0,0.0,0.0,500,0.88182,0,0,1,0
1246,0.0,0.0,0.0,500,0.881725,0,0,1,0
1247,0.0,0.0,0.0,500,0.88163,0,0,1,0
1248,0.0,0.0,0.0,500,0.881535,0,0,1,0
1249,0.0,0.0,0.0,500,0.88144,0,0,1,0
1250,0.0,0.0,0.0,500,0.881345,0,0,1,0
1251,0.0,0.0,0.0,500,0.88125,0,0,1,0
1252,0.0,0.0,0.0,500,0.881155,0,0,1,0
1253,0.0,0.0,0.0,500,0.88106,0,0,1,0
1254,0.0,0.0,0.0,500,0.880965,0,0,1,0
1255,0.0,0.0,0.0,500,0.88087,0,0,1,0
1256,0.0,0.0,0.0,500,0.880775,0,0,1,0
1257,0.0,0.0,0.0,500,0.88068,0,0,1,0
1258,0.0,0.0,0.0,500,0.880585,0,0,1,0
1259,0.0,0.0,0.0,500,0.88049,0,0,1,0
1260,0.0,0.0,0.0,500,0.880395,0,0,1,0
1261,0.0,0.0,0.0,500,0.8803,0,0,1,0
1262,0.0,0.0,0.0,500,0.880205,0,0,1,0
1263,0.0,0.0,0.0,500,0.88011,0,0,1,0
1264,0.0,0.0,0.0,500,0.880015,0,0,1,0
1265,0.0,0.0,0.0,500,0.87992,0,0,1,0
1266,0.0,0.0,0.0,500,0.879825,0,0,1,0
1267,0.0,0.0,0.0,500,0.87973,0,0,1,0
1268,0.0,0.0,0.0,500,0.879635,0,0,1,0
1269,0.0,0.0,0.0,500,0.87954,0,0,1,0
1270,0.0,0.0,0.0,500,0.879445,0,0,1,0
1271,0.0,0.0,0.0,500,0.87935,0,0,1,0
1272,0.0,0.0,0.0,500,0.879255,0,0,1,0
1273,0.0,0.0,0.0,500,0.8791599999999999,0,0,1,0
1274,0.0,0.0,0.0,500,0.879065,0,0,1,0
1275,0.0,0.0,0.0,500,0.87897,0,0,1,0
1276,0.0,0.0,0.0,500,0.878875,0,0,1,0
1277,0.0,0.0,0.0,500,0.87878,0,0,1,0
1278,0.0,0.0,0.0,500,0.8786849999999999,0,0,1,0
1279,0.0,0.0,0.0,500,0.87859,0,0,1,0
1280,0.0,0.0,0.0,500,0.878495,0,0,1,0
1281,0.0,0.0,0.0,500,0.8784,0,0,1,0
1282,0.0,0.0,0.0,500,0.878305,0,0,1,0
1283,0.0,0.0,0.0,500,0.87821,0,0,1,0
1284,0.0,0.0,0.0,500,0.878115,0,0,1,0
1285,0.0,0.0,0.0,500,0.87802,0,0,1,0
1286,0.0,0.0,0.0,500,0.877925,0,0,1,0
1287,0.0,0.0,0.0,500,0.87783,0,0,1,0
1288,0.0,0.0,0.0,500,0.877735,0,0,1,0
1289,0.0,0.0,0.0,500,0.87764,0,0,1,0
1290,0.0,0.0,0.0,500,0.877545,0,0,1,0
1291,0.0,0.0,0.0,500,0.8774500000000001,0,0,1,0
1292,0.0,0.0,0.0,500,0.877355,0,0,1,0
1293,0.0,0.0,0.0,500,0.87726,0,0,1,0
1294,0.0,0.0,0.0,500,0.877165,0,0,1,0
1295,0.0,0.0,0.0,500,0.87707,0,0,1,0
1296,0.0,0.0,0.0,500,0.8769750000000001,0,0,1,0
1297,0.0,0.0,0.0,500,0.87688,0,0,1,0
1298,0.0,0.0,0.0,500,0.876785,0,0,1,0
1299,0.0,0.0,0.0,500,0.87669,0,0,1,0
1300,0.0,0.0,0.0,500,0.876595,0,0,1,0
1301,0.0,0.0,0.0,500,0.8765000000000001,0,0,1,0
1302,0.0,0.0,0.0,500,0.876405,0,0,1,0
1303,0.0,0.0,0.0,500,0.87631,0,0,1,0
1304,0.0,0.0,0.0,500,0.876215,0,0,1,0
1305,0.0,0.0,0.0,500,0.87612,0,0,1,0
1306,0.0,0.0,0.0,500,0.876025,0,0,1,0
1307,0.0,0.0,0.0,500,0.87593,0,0,1,0
1308,0.0,0.0,0.0,500,0.875835,0,0,1,0
1309,0.0,0.0,0.0,500,0.87574,0,0,1,0
1310,0.0,0.0,0.0,500,0.875645,0,0,1,0
1311,0.0,0.0,0.0,500,0.87555,0,0,1,0
1312,0.0,0.0,0.0,500,0.875455,0,0,1,0
1313,0.0,0.0,0.0,500,0.87536,0,0,1,0
1314,0.0,0.0,0.0,500,0.875265,0,0,1,0
1315,0.0,0.0,0.0,500,0.87517,0,0,1,0
1316,0.0,0.0,0.0,500,0.875075,0,0,1,0
1317,0.0,0.0,0.0,500,0.87498,0,0,1,0
1318,0.0,0.0,0.0,500,0.874885,0,0,1,0
1319,0.0,0.0,0.0,500,0.87479,0,0,1,0
1320,0.0,0.0,0.0,500,0.874695,0,0,1,0
1321,0.0,0.0,0.0,500,0.8746,0,0,1,0
1322,0.0,0.0,0.0,500,0.874505,0,0,1,0
1323,0.0,0.0,0.0,500,0.87441,0,0,1,0
1324,0.0,0.0,0.0,500,0.874315,0,0,1,0
1325,0.0,0.0,0.0,500,0.87422,0,0,1,0
1326,0.0,0.0,0.0,500,0.874125,0,0,1,0
1327,0.0,0.0,0.0,500,0.87403,0,0,1,0
1328,0.0,0.0,0.0,500,0.873935,0,0,1,0
1329,0.0,0.0,0.0,500,0.87384,0,0,1,0
1330,0.0,0.0,0.0,500,0.873745,0,0,1,0
1331,0.0,0.0,0.0,500,0.87365,0,0,1,0
1332,0.0,0.0,0.0,500,0.873555,0,0,1,0
1333,0.0,0.0,0.0,500,0.87346,0,0,1,0
1334,0.0,0.0,0.0,500,0.873365,0,0,1,0
1335,0.0,0.0,0.0,500,0.87327,0,0,1,0
1336,0.0,0.0,0.0,500,0.873175,0,0,1,0
1337,0.0,0.0,0.0,500,0.8730800000000001,0,0,1,0
1338,0.0,0.0,0.0,500,0.872985,0,0,1,0
1339,0.0,0.0,0.0,500,0.8728899999999999,0,0,1,0
1340,0.0,0.0,0.0,500,0.872795,0,0,1,0
1341,0.0,0.0,0.0,500,0.8727,0,0,1,0
1342,0.0,0.0,0.0,500,0.8726050000000001,0,0,1,0
1343,0.0,0.0,0.0,500,0.87251,0,0,1,0
1344,0.0,0.0,0.0,500,0.8724149999999999,0,0,1,0
1345,0.0,0.0,0.0,500,0.87232,0,0,1,0
1346,0.0,0.0,0.0,500,0.872225,0,0,1,0
1347,0.0,0.0,0.0,500,0.8721300000000001,0,0,1,0
1348,0.0,0.0,0.0,500,0.872035,0,0,1,0
1349,0.0,0.0,0.0,500,0.8719399999999999,0,0,1,0
1350,0.0,0.0,0.0,500,0.871845,0,0,1,0
1351,0.0,0.0,0.0,500,0.87175,0,0,1,0
1352,0.0,0.0,0.0,500,0.8716550000000001,0,0,1,0
1353,0.0,0.0,0.0,500,0.87156,0,0,1,0
1354,0.0,0.0,0.0,500,0.8714649999999999,0,0,1,0
1355,0.0,0.0,0.0,500,0.87137,0,0,1,0
1356,0.0,0.0,0.0,500,0.871275,0,0,1,0
1357,0.0,0.0,0.0,500,0.8711800000000001,0,0,1,0
1358,0.0,0.0,0.0,500,0.871085,0,0,1,0
1359,0.0,0.0,0.0,500,0.87099,0,0,1,0
1360,0.0,0.0,0.0,500,0.870895,0,0,1,0
1361,0.0,0.0,0.0,500,0.8708,0,0,1,0
1362,0.0,0.0,0.0,500,0.8707050000000001,0,0,1,0
1363,0.0,0.0,0.0,500,0.87061,0,0,1,0
1364,0.0,0.0,0.0,500,0.870515,0,0,1,0
1365,0.0,0.0,0.0,500,0.87042,0,0,1,0
1366,0.0,0.0,0.0,500,0.870325,0,0,1,0
1367,0.0,0.0,0.0,500,0.8702300000000001,0,0,1,0
1368,0.0,0.0,0.0,500,0.870135,0,0,1,0
1369,0.0,0.0,0.0,500,0.87004,0,0,1,0
1370,0.0,0.0,0.0,500,0.869945,0,0,1,0
1371,0.0,0.0,0.0,500,0.86985,0,0,1,0
1372,0.0,0.0,0.0,500,0.8697550000000001,0,0,1,0
1373,0.0,0.0,0.0,500,0.86966,0,0,1,0
1374,0.0,0.0,0.0,500,0.869565,0,0,1,0
1375,0.0,0.0,0.0,500,0.86947,0,0,1,0
1376,0.0,0.0,0.0,500,0.869375,0,0,1,0
1377,0.0,0.0,0.0,500,0.86928,0,0,1,0
1378,0.0,0.0,0.0,500,0.869185,0,0,1,0
1379,0.0,0.0,0.0,500,0.86909,0,0,1,0
1380,0.0,0.0,0.0,500,0.868995,0,0,1,0
1381,0.0,0.0,0.0,500,0.8689,0,0,1,0
1382,0.0,0.0,0.0,500,0.868805,0,0,1,0
1383,0.0,0.0,0.0,500,0.86871,0,0,1,0
1384,0.0,0.0,0.0,500,0.868615,0,0,1,0
1385,0.0,0.0,0.0,500,0.86852,0,0,1,0
1386,0.0,0.0,0.0,500,0.868425,0,0,1,0
1387,0.0,0.0,0.0,500,0.86833,0,0,1,0
1388,0.0,0.0,0.0,500,0.868235,0,0,1,0
1389,0.0,0.0,0.0,500,0.86814,0,0,1,0
1390,0.0,0.0,0.0,500,0.868045,0,0,1,0
1391,0.0,0.0,0.0,500,0.86795,0,0,1,0
1392,0.0,0.0,0.0,500,0.867855,0,0,1,0
1393,0.0,0.0,0.0,500,0.86776,0,0,1,0
1394,0.0,0.0,0.0,500,0.867665,0,0,1,0
1395,0.0,0.0,0.0,500,0.86757,0,0,1,0
1396,0.0,0.0,0.0,500,0.867475,0,0,1,0
1397,0.0,0.0,0.0,500,0.86738,0,0,1,0
1398,0.0,0.0,0.0,500,0.8672850000000001,0,0,1,0
1399,0.0,0.0,0.0,500,0.86719,0,0,1,0
1400,0.0,0.0,0.0,500,0.867095,0,0,1,0
1401,0.0,0.0,0.0,500,0.867,0,0,1,0
1402,0.0,0.0,0.0,500,0.866905,0,0,1,0
1403,0.0,0.0,0.0,500,0.8668100000000001,0,0,1,0
1404,0.0,0.0,0.0,500,0.866715,0,0,1,0
1405,0.0,0.0,0.0,500,0.86662,0,0,1,0
1406,0.0,0.0,0.0,500,0.866525,0,0,1,0
1407,0.0,0.0,0.0,500,0.86643,0,0,1,0
1408,0.0,0.0,0.0,500,0.8663350000000001,0,0,1,0
1409,0.0,0.0,0.0,500,0.86624,0,0,1,0
1410,0.0,0.0,0.0,500,0.8661449999999999,0,0,1,0
1411,0.0,0.0,0.0,500,0.86605,0,0,1,0
1412,0.0,0.0,0.0,500,0.865955,0,0,1,0
1413,0.0,0.0,0.0,500,0.8658600000000001,0,0,1,0
1414,0.0,0.0,0.0,500,0.865765,0,0,1,0
1415,0.0,0.0,0.0,500,0.8656699999999999,0,0,1,0
1416,0.0,0.0,0.0,500,0.865575,0,0,1,0
1417,0.0,0.0,0.0,500,0.86548,0,0,1,0
1418,0.0,0.0,0.0,500,0.8653850000000001,0,0,1,0
1419,0.0,0.0,0.0,500,0.86529,0,0,1,0
1420,0.0,0.0,0.0,500,0.865195,0,0,1,0
1421,0.0,0.0,0.0,500,0.8651,0,0,1,0
1422,0.0,0.0,0.0,500,0.865005,0,0,1,0
1423,0.0,0.0,0.0,500,0.8649100000000001,0,0,1,0
1424,0.0,0.0,0.0,500,0.864815,0,0,1,0
1425,0.0,0.0,0.0,500,0.86472,0,0,1,0
1426,0.0,0.0,0.0,500,0.864625,0,0,1,0
1427,0.0,0.0,0.0,500,0.86453,0,0,1,0
1428,0.0,0.0,0.0,500,0.8644350000000001,0,0,1,0
1429,0.0,0.0,0.0,500,0.86434,0,0,1,0
1430,0.0,0.0,0.0,500,0.864245,0,0,1,0
1431,0.0,0.0,0.0,500,0.86415,0,0,1,0
1432,0.0,0.0,0.0,500,0.864055,0,0,1,0
1433,0.0,0.0,0.0,500,0.8639600000000001,0,0,1,0
1434,0.0,0.0,0.0,500,0.863865,0,0,1,0
1435,0.0,0.0,0.0,500,0.86377,0,0,1,0
1436,0.0,0.0,0.0,500,0.863675,0,0,1,0
1437,0.0,0.0,0.0,500,0.86358,0,0,1,0
1438,0.0,0.0,0.0,500,0.8634850000000001,0,0,1,0
1439,0.0,0.0,0.0,500,0.86339,0,0,1,0
1440,0.0,0.0,0.0,500,0.863295,0,0,1,0
1441,0.0,0.0,0.0,500,0.8632,0,0,1,0
1442,0.0,0.0,0.0,500,0.863105,0,0,1,0
1443,0.0,0.0,0.0,500,0.86301,0,0,1,0
1444,0.0,0.0,0.0,500,0.862915,0,0,1,0
1445,0.0,0.0,0.0,500,0.86282,0,0,1,0
1446,0.0,0.0,0.0,500,0.862725,0,0,1,0
1447,0.0,0.0,0.0,500,0.86263,0,0,1,0
1448,0.0,0.0,0.0,500,0.862535,0,0,1,0
1449,0.0,0.0,0.0,500,0.86244,0,0,1,0
1450,0.0,0.0,0.0,500,0.862345,0,0,1,0
1451,0.0,0.0,0.0,500,0.86225,0,0,1,0
1452,0.0,0.0,0.0,500,0.862155,0,0,1,0
1453,0.0,0.0,0.0,500,0.86206,0,0,1,0
1454,0.0,0.0,0.0,500,0.861965,0,0,1,0
1455,0.0,0.0,0.0,500,0.86187,0,0,1,0
1456,0.0,0.0,0.0,500,0.861775,0,0,1,0
1457,0.0,0.0,0.0,500,0.86168,0,0,1,0
1458,0.0,0.0,0.0,500,0.861585,0,0,1,0
1459,0.0,0.0,0.0,500,0.86149,0,0,1,0
1460,0.0,0.0,0.0,500,0.861395,0,0,1,0
1461,0.0,0.0,0.0,500,0.8613,0,0,1,0
1462,0.0,0.0,0.0,500,0.861205,0,0,1,0
1463,0.0,0.0,0.0,500,0.86111,0,0,1,0
1464,0.0,0.0,0.0,500,0.861015,0,0,1,0
1465,0.0,0.0,0.0,500,0.86092,0,0,1,0
1466,0.0,0.0,0.0,500,0.860825,0,0,1,0
1467,0.0,0.0,0.0,500,0.86073,0,0,1,0
1468,0.0,0.0,0.0,500,0.860635,0,0,1,0
1469,0.0,0.0,0.0,500,0.86054,0,0,1,0
1470,0.0,0.0,0.0,500,0.860445,0,0,1,0
1471,0.0,0.0,0.0,500,0.86035,0,0,1,0
1472,0.0,0.0,0.0,500,0.860255,0,0,1,0
1473,0.0,0.0,0.0,500,0.86016,0,0,1,0
1474,0.0,0.0,0.0,500,0.8600650000000001,0,0,1,0
1475,0.0,0.0,0.0,500,0.85997,0,0,1,0
1476,0.0,0.0,0.0,500,0.859875,0,0,1,0
1477,0.0,0.0,0.0,500,0.85978,0,0,1,0
1478,0.0,0.0,0.0,500,0.859685,0,0,1,0
1479,0.0,0.0,0.0,500,0.8595900000000001,0,0,1,0
1480,0.0,0.0,0.0,500,0.859495,0,0,1,0
1481,0.0,0.0,0.0,500,0.8594,0,0,1,0
1482,0.0,0.0,0.0,500,0.859305,0,0,1,0
1483,0.0,0.0,0.0,500,0.85921,0,0,1,0
1484,0.0,0.0,0.0,500,0.8591150000000001,0,0,1,0
1485,0.0,0.0,0.0,500,0.85902,0,0,1,0
1486,0.0,0.0,0.0,500,0.858925,0,0,1,0
1487,0.0,0.0,0.0,500,0.85883,0,0,1,0
1488,0.0,0.0,0.0,500,0.858735,0,0,1,0
1489,0.0,0.0,0.0,500,0.8586400000000001,0,0,1,0
1490,0.0,0.0,0.0,500,0.858545,0,0,1,0
1491,0.0,0.0,0.0,500,0.85845,0,0,1,0
1492,0.0,0.0,0.0,500,0.858355,0,0,1,0
1493,0.0,0.0,0.0,500,0.85826,0,0,1,0
1494,0.0,0.0,0.0,500,0.8581650000000001,0,0,1,0
1495,0.0,0.0,0.0,500,0.85807,0,0,1,0
1496,0.0,0.0,0.0,500,0.857975,0,0,1,0
1497,0.0,0.0,0.0,500,0.85788,0,0,1,0
1498,0.0,0.0,0.0,500,0.857785,0,0,1,0
1499,0.0,0.0,0.0,500,0.8576900000000001,0,0,1,0
1500,0.0,0.0,0.0,500,0.857595,0,0,1,0
1501,0.0,0.0,0.0,500,0.8575,0,0,1,0
1502,0.0,0.0,0.0,500,0.857405,0,0,1,0
1503,0.0,0.0,0.0,500,0.85731,0,0,1,0
1504,0.0,0.0,0.0,500,0.8572150000000001,0,0,1,0
1505,0.0,0.0,0.0,500,0.85712,0,0,1,0
1506,0.0,0.0,0.0,500,0.857025,0,0,1,0
1507,0.0,0.0,0.0,500,0.85693,0,0,1,0
1508,0.0,0.0,0.0,500,0.856835,0,0,1,0
1509,0.0,0.0,0.0,500,0.8567400000000001,0,0,1,0
1510,0.0,0.0,0.0,500,0.856645,0,0,1,0
1511,0.0,0.0,0.0,500,0.85655,0,0,1,0
1512,0.0,0.0,0.0,500,0.856455,0,0,1,0
1513,0.0,0.0,0.0,500,0.85636,0,0,1,0
1514,0.0,0.0,0.0,500,0.856265,0,0,1,0
1515,0.0,0.0,0.0,500,0.85617,0,0,1,0
1516,0.0,0.0,0.0,500,0.856075,0,0,1,0
1517,0.0,0.0,0.0,500,0.85598,0,0,1,0
1518,0.0,0.0,0.0,500,0.855885,0,0,1,0
1519,0.0,0.0,0.0,500,0.85579,0,0,1,0
1520,0.0,0.0,0.0,500,0.855695,0,0,1,0
1521,0.0,0.0,0.0,500,0.8556,0,0,1,0
1522,0.0,0.0,0.0,500,0.855505,0,0,1,0
1523,0.0,0.0,0.0,500,0.85541,0,0,1,0
1524,0.0,0.0,0.0,500,0.855315,0,0,1,0
1525,0.0,0.0,0.0,500,0.85522,0,0,1,0
1526,0.0,0.0,0.0,500,0.855125,0,0,1,0
1527,0.0,0.0,0.0,500,0.85503,0,0,1,0
1528,0.0,0.0,0.0,500,0.854935,0,0,1,0
1529,0.0,0.0,0.0,500,0.85484,0,0,1,0
1530,0.0,0.0,0.0,500,0.854745,0,0,1,0
1531,0.0,0.0,0.0,500,0.85465,0,0,1,0
1532,0.0,0.0,0.0,500,0.854555,0,0,1,0
1533,0.0,0.0,0.0,500,0.85446,0,0,1,0
1534,0.0,0.0,0.0,500,0.854365,0,0,1,0
1535,0.0,0.0,0.0,500,0.85427,0,0,1,0
1536,0.0,0.0,0.0,500,0.854175,0,0,1,0
1537,0.0,0.0,0.0,500,0.85408,0,0,1,0
1538,0.0,0.0,0.0,500,0.853985,0,0,1,0
1539,0.0,0.0,0.0,500,0.85389,0,0,1,0
1540,0.0,0.0,0.0,500,0.853795,0,0,1,0
1541,0.0,0.0,0.0,500,0.8537,0,0,1,0
1542,0.0,0.0,0.0,500,0.8536050000000001,0,0,1,0
1543,0.0,0.0,0.0,500,0.85351,0,0,1,0
1544,0.0,0.0,0.0,500,0.853415,0,0,1,0
1545,0.0,0.0,0.0,500,0.85332,0,0,1,0
1546,0.0,0.0,0.0,500,0.853225,0,0,1,0
1547,0.0,0.0,0.0,500,0.85313,0,0,1,0
1548,0.0,0.0,0.0,500,0.853035,0,0,1,0
1549,0.0,0.0,0.0,500,0.85294,0,0,1,0
1550,0.0,0.0,0.0,500,0.852845,0,0,1,0
1551,0.0,0.0,0.0,500,0.85275,0,0,1,0
1552,0.0,0.0,0.0,500,0.852655,0,0,1,0
1553,0.0,0.0,0.0,500,0.85256,0,0,1,0
1554,0.0,0.0,0.0,500,0.852465,0,0,1,0
1555,0.0,0.0,0.0,500,0.85237,0,0,1,0
1556,0.0,0.0,0.0,500,0.852275,0,0,1,0
1557,0.0,0.0,0.0,500,0.85218,0,0,1,0
1558,0.0,0.0,0.0,500,0.852085,0,0,1,0
1559,0.0,0.0,0.0,500,0.85199,0,0,1,0
1560,0.0,0.0,0.0,500,0.851895,0,0,1,0
1561,0.0,0.0,0.0,500,0.8518,0,0,1,0
1562,0.0,0.0,0.0,500,0.851705,0,0,1,0
1563,0.0,0.0,0.0,500,0.85161,0,0,1,0
1564,0.0,0.0,0.0,500,0.851515,0,0,1,0
1565,0.0,0.0,0.0,500,0.8514200000000001,0,0,1,0
1566,0.0,0.0,0.0,500,0.851325,0,0,1,0
1567,0.0,0.0,0.0,500,0.85123,0,0,1,0
1568,0.0,0.0,0.0,500,0.851135,0,0,1,0
1569,0.0,0.0,0.0,500,0.85104,0,0,1,0
1570,0.0,0.0,0.0,500,0.8509450000000001,0,0,1,0
1571,0.0,0.0,0.0,500,0.85085,0,0,1,0
1572,0.0,0.0,0.0,500,0.850755,0,0,1,0
1573,0.0,0.0,0.0,500,0.85066,0,0,1,0
1574,0.0,0.0,0.0,500,0.850565,0,0,1,0
1575,0.0,0.0,0.0,500,0.8504700000000001,0,0,1,0
1576,0.0,0.0,0.0,500,0.850375,0,0,1,0
1577,0.0,0.0,0.0,500,0.85028,0,0,1,0
1578,0.0,0.0,0.0,500,0.850185,0,0,1,0
1579,0.0,0.0,0.0,500,0.85009,0,0,1,0
1580,0.0,0.0,0.0,500,0.8499950000000001,0,0,1,0
1581,0.0,0.0,0.0,500,0.8499,0,0,1,0
1582,0.0,0.0,0.0,500,0.849805,0,0,1,0
1583,0.0,0.0,0.0,500,0.84971,0,0,1,0
1584,0.0,0.0,0.0,500,0.849615,0,0,1,0
1585,0.0,0.0,0.0,500,0.84952,0,0,1,0
1586,0.0,0.0,0.0,500,0.849425,0,0,1,0
1587,0.0,0.0,0.0,500,0.84933,0,0,1,0
1588,0.0,0.0,0.0,500,0.849235,0,0,1,0
1589,0.0,0.0,0.0,500,0.84914,0,0,1,0
1590,0.0,0.0,0.0,500,0.849045,0,0,1,0
1591,0.0,0.0,0.0,500,0.84895,0,0,1,0
1592,0.0,0.0,0.0,500,0.848855,0,0,1,0
1593,0.0,0.0,0.0,500,0.84876,0,0,1,0
1594,0.0,0.0,0.0,500,0.848665,0,0,1,0
1595,0.0,0.0,0.0,500,0.84857,0,0,1,0
1596,0.0,0.0,0.0,500,0.848475,0,0,1,0
1597,0.0,0.0,0.0,500,0.84838,0,0,1,0
1598,0.0,0.0,0.0,500,0.848285,0,0,1,0
1599,0.0,0.0,0.0,500,0.84819,0,0,1,0
1600,0.0,0.0,0.0,500,0.848095,0,0,1,0
1601,0.0,0.0,0.0,500,0.848,0,0,1,0
1602,0.0,0.0,0.0,500,0.847905,0,0,1,0
1603,0.0,0.0,0.0,500,0.84781,0,0,1,0
1604,0.0,0.0,0.0,500,0.847715,0,0,1,0
1605,0.0,0.0,0.0,500,0.84762,0,0,1,0
1606,0.0,0.0,0.0,500,0.847525,0,0,1,0
1607,0.0,0.0,0.0,500,0.84743,0,0,1,0
1608,0.0,0.0,0.0,500,0.847335,0,0,1,0
1609,0.0,0.0,0.0,500,0.84724,0,0,1,0
1610,0.0,0.0,0.0,500,0.847145,0,0,1,0
1611,0.0,0.0,0.0,500,0.84705,0,0,1,0
1612,0.0,0.0,0.0,500,0.846955,0,0,1,0
1613,0.0,0.0,0.0,500,0.84686,0,0,1,0
1614,0.0,0.0,0.0,500,0.846765,0,0,1,0
1615,0.0,0.0,0.0,500,0.84667,0,0,1,0
1616,0.0,0.0,0.0,500,0.846575,0,0,1,0
1617,0.0,0.0,0.0,500,0.84648,0,0,1,0
1618,0.0,0.0,0.0,500,0.8463849999999999,0,0,1,0
1619,0.0,0.0,0.0,500,0.84629,0,0,1,0
1620,0.0,0.0,0.0,500,0.846195,0,0,1,0
1621,0.0,0.0,0.0,500,0.8461,0,0,1,0
1622,0.0,0.0,0.0,500,0.846005,0,0,1,0
1623,0.0,0.0,0.0,500,0.8459099999999999,0,0,1,0
1624,0.0,0.0,0.0,500,0.845815,0,0,1,0
1625,0.0,0.0,0.0,500,0.84572,0,0,1,0
1626,0.0,0.0,0.0,500,0.8456250000000001,0,0,1,0
1627,0.0,0.0,0.0,500,0.84553,0,0,1,0
1628,0.0,0.0,0.0,500,0.8454349999999999,0,0,1,0
1629,0.0,0.0,0.0,500,0.84534,0,0,1,0
1630,0.0,0.0,0.0,500,0.845245,0,0,1,0
1631,0.0,0.0,0.0,500,0.8451500000000001,0,0,1,0
1632,0.0,0.0,0.0,500,0.845055,0,0,1,0
1633,0.0,0.0,0.0,500,0.8449599999999999,0,0,1,0
1634,0.0,0.0,0.0,500,0.844865,0,0,1,0
1635,0.0,0.0,0.0,500,0.84477,0,0,1,0
1636,0.0,0.0,0.0,500,0.8446750000000001,0,0,1,0
1637,0.0,0.0,0.0,500,0.84458,0,0,1,0
1638,0.0,0.0,0.0,500,0.8444849999999999,0,0,1,0
1639,0.0,0.0,0.0,500,0.84439,0,0,1,0
1640,0.0,0.0,0.0,500,0.844295,0,0,1,0
1641,0.0,0.0,0.0,500,0.8442000000000001,0,0,1,0
1642,0.0,0.0,0.0,500,0.844105,0,0,1,0
1643,0.0,0.0,0.0,500,0.8440099999999999,0,0,1,0
1644,0.0,0.0,0.0,500,0.843915,0,0,1,0
1645,0.0,0.0,0.0,500,0.84382,0,0,1,0
1646,0.0,0.0,0.0,500,0.8437250000000001,0,0,1,0
1647,0.0,0.0,0.0,500,0.84363,0,0,1,0
1648,0.0,0.0,0.0,500,0.843535,0,0,1,0
1649,0.0,0.0,0.0,500,0.84344,0,0,1,0
1650,0.0,0.0,0.0,500,0.843345,0,0,1,0
1651,0.0,0.0,0.0,500,0.84325,0,0,1,0
1652,0.0,0.0,0.0,500,0.843155,0,0,1,0
1653,0.0,0.0,0.0,500,0.84306,0,0,1,0
1654,0.0,0.0,0.0,500,0.842965,0,0,1,0
1655,0.0,0.0,0.0,500,0.84287,0,0,1,0
1656,0.0,0.0,0.0,500,0.842775,0,0,1,0
1657,0.0,0.0,0.0,500,0.84268,0,0,1,0
1658,0.0,0.0,0.0,500,0.842585,0,0,1,0
1659,0.0,0.0,0.0,500,0.84249,0,0,1,0
1660,0.0,0.0,0.0,500,0.842395,0,0,1,0
1661,0.0,0.0,0.0,500,0.8423,0,0,1,0
1662,0.0,0.0,0.0,500,0.842205,0,0,1,0
1663,0.0,0.0,0.0,500,0.84211,0,0,1,0
1664,0.0,0.0,0.0,500,0.842015,0,0,1,0
1665,0.0,0.0,0.0,500,0.84192,0,0,1,0
1666,0.0,0.0,0.0,500,0.841825,0,0,1,0
1667,0.0,0.0,0.0,500,0.84173,0,0,1,0
1668,0.0,0.0,0.0,500,0.841635,0,0,1,0
1669,0.0,0.0,0.0,500,0.84154,0,0,1,0
1670,0.0,0.0,0.0,500,0.841445,0,0,1,0
1671,0.0,0.0,0.0,500,0.84135,0,0,1,0
1672,0.0,0.0,0.0,500,0.841255,0,0,1,0
1673,0.0,0.0,0.0,500,0.84116,0,0,1,0
1674,0.0,0.0,0.0,500,0.841065,0,0,1,0
1675,0.0,0.0,0.0,500,0.84097,0,0,1,0
1676,0.0,0.0,0.0,500,0.840875,0,0,1,0
1677,0.0,0.0,0.0,500,0.84078,0,0,1,0
1678,0.0,0.0,0.0,500,0.840685,0,0,1,0
1679,0.0,0.0,0.0,500,0.84059,0,0,1,0
1680,0.0,0.0,0.0,500,0.840495,0,0,1,0
1681,0.0,0.0,0.0,500,0.8404,0,0,1,0
1682,0.0,0.0,0.0,500,0.840305,0,0,1,0
1683,0.0,0.0,0.0,500,0.84021,0,0,1,0
1684,0.0,0.0,0.0,500,0.840115,0,0,1,0
1685,0.0,0.0,0.0,500,0.84002,0,0,1,0
1686,0.0,0.0,0.0,500,0.839925,0,0,1,0
1687,0.0,0.0,0.0,500,0.8398300000000001,0,0,1,0
1688,0.0,0.0,0.0,500,0.839735,0,0,1,0
1689,0.0,0.0,0.0,500,0.8396399999999999,0,0,1,0
1690,0.0,0.0,0.0,500,0.839545,0,0,1,0
1691,0.0,0.0,0.0,500,0.83945,0,0,1,0
1692,0.0,0.0,0.0,500,0.8393550000000001,0,0,1,0
1693,0.0,0.0,0.0,500,0.83926,0,0,1,0
1694,0.0,0.0,0.0,500,0.8391649999999999,0,0,1,0
1695,0.0,0.0,0.0,500,0.83907,0,0,1,0
1696,0.0,0.0,0.0,500,0.838975,0,0,1,0
1697,0.0,0.0,0.0,500,0.8388800000000001,0,0,1,0
1698,0.0,0.0,0.0,500,0.838785,0,0,1,0
1699,0.0,0.0,0.0,500,0.8386899999999999,0,0,1,0
1700,0.0,0.0,0.0,500,0.838595,0,0,1,0
1701,0.0,0.0,0.0,500,0.8385,0,0,1,0
1702,0.0,0.0,0.0,500,0.8384050000000001,0,0,1,0
1703,0.0,0.0,0.0,500,0.83831,0,0,1,0
1704,0.0,0.0,0.0,500,0.8382149999999999,0,0,1,0
1705,0.0,0.0,0.0,500,0.83812,0,0,1,0
1706,0.0,0.0,0.0,500,0.838025,0,0,1,0
1707,0.0,0.0,0.0,500,0.8379300000000001,0,0,1,0
1708,0.0,0.0,0.0,500,0.837835,0,0,1,0
1709,0.0,0.0,0.0,500,0.83774,0,0,1,0
1710,0.0,0.0,0.0,500,0.837645,0,0,1,0
1711,0.0,0.0,0.0,500,0.83755,0,0,1,0
1712,0.0,0.0,0.0,500,0.8374550000000001,0,0,1,0
1713,0.0,0.0,0.0,500,0.83736,0,0,1,0
1714,0.0,0.0,0.0,500,0.837265,0,0,1,0
1715,0.0,0.0,0.0,500,0.83717,0,0,1,0
1716,0.0,0.0,0.0,500,0.837075,0,0,1,0
1717,0.0,0.0,0.0,500,0.8369800000000001,0,0,1,0
1718,0.0,0.0,0.0,500,0.836885,0,0,1,0
1719,0.0,0.0,0.0,500,0.83679,0,0,1,0
1720,0.0,0.0,0.0,500,0.836695,0,0,1,0
1721,0.0,0.0,0.0,500,0.8366,0,0,1,0
1722,0.0,0.0,0.0,500,0.836505,0,0,1,0
1723,0.0,0.0,0.0,500,0.83641,0,0,1,0
1724,0.0,0.0,0.0,500,0.836315,0,0,1,0
1725,0.0,0.0,0.0,500,0.83622,0,0,1,0
1726,0.0,0.0,0.0,500,0.836125,0,0,1,0
1727,0.0,0.0,0.0,500,0.83603,0,0,1,0
1728,0.0,0.0,0.0,500,0.835935,0,0,1,0
1729,0.0,0.0,0.0,500,0.83584,0,0,1,0
1730,0.0,0.0,0.0,500,0.835745,0,0,1,0
1731,0.0,0.0,0.0,500,0.83565,0,0,1,0
1732,0.0,0.0,0.0,500,0.835555,0,0,1,0
1733,0.0,0.0,0.0,500,0.83546,0,0,1,0
1734,0.0,0.0,0.0,500,0.835365,0,0,1,0
1735,0.0,0.0,0.0,500,0.83527,0,0,1,0
1736,0.0,0.0,0.0,500,0.835175,0,0,1,0
1737,0.0,0.0,0.0,500,0.83508,0,0,1,0
1738,0.0,0.0,0.0,500,0.834985,0,0,1,0
1739,0.0,0.0,0.0,500,0.83489,0,0,1,0
1740,0.0,0.0,0.0,500,0.834795,0,0,1,0
1741,0.0,0.0,0.0,500,0.8347,0,0,1,0
1742,0.0,0.0,0.0,500,0.834605,0,0,1,0
1743,0.0,0.0,0.0,500,0.83451,0,0,1,0
1744,0.0,0.0,0.0,500,0.834415,0,0,1,0
1745,0.0,0.0,0.0,500,0.83432,0,0,1,0
1746,0.0,0.0,0.0,500,0.834225,0,0,1,0
1747,0.0,0.0,0.0,500,0.83413,0,0,1,0
1748,0.0,0.0,0.0,500,0.8340350000000001,0,0,1,0
1749,0.0,0.0,0.0,500,0.83394,0,0,1,0
1750,0.0,0.0,0.0,500,0.833845,0,0,1,0
1751,0.0,0.0,0.0,500,0.83375,0,0,1,0
1752,0.0,0.0,0.0,500,0.833655,0,0,1,0
1753,0.0,0.0,0.0,500,0.8335600000000001,0,0,1,0
1754,0.0,0.0,0.0,500,0.833465,0,0,1,0
1755,0.0,0.0,0.0,500,0.8333699999999999,0,0,1,0
1756,0.0,0.0,0.0,500,0.833275,0,0,1,0
1757,0.0,0.0,0.0,500,0.83318,0,0,1,0
1758,0.0,0.0,0.0,500,0.8330850000000001,0,0,1,0
1759,0.0,0.0,0.0,500,0.83299,0,0,1,0
1760,0.0,0.0,0.0,500,0.8328949999999999,0,0,1,0
1761,0.0,0.0,0.0,500,0.8328,0,0,1,0
1762,0.0,0.0,0.0,500,0.832705,0,0,1,0
1763,0.0,0.0,0.0,500,0.8326100000000001,0,0,1,0
1764,0.0,0.0,0.0,500,0.832515,0,0,1,0
1765,0.0,0.0,0.0,500,0.8324199999999999,0,0,1,0
1766,0.0,0.0,0.0,500,0.832325,0,0,1,0
1767,0.0,0.0,0.0,500,0.83223,0,0,1,0
1768,0.0,0.0,0.0,500,0.8321350000000001,0,0,1,0
1769,0.0,0.0,0.0,500,0.83204,0,0,1,0
1770,0.0,0.0,0.0,500,0.831945,0,0,1,0
1771,0.0,0.0,0.0,500,0.83185,0,0,1,0
1772,0.0,0.0,0.0,500,0.831755,0,0,1,0
1773,0.0,0.0,0.0,500,0.8316600000000001,0,0,1,0
1774,0.0,0.0,0.0,500,0.831565,0,0,1,0
1775,0.0,0.0,0.0,500,0.83147,0,0,1,0
1776,0.0,0.0,0.0,500,0.831375,0,0,1,0
1777,0.0,0.0,0.0,500,0.83128,0,0,1,0
1778,0.0,0.0,0.0,500,0.8311850000000001,0,0,1,0
1779,0.0,0.0,0.0,500,0.83109,0,0,1,0
1780,0.0,0.0,0.0,500,0.830995,0,0,1,0
1781,0.0,0.0,0.0,500,0.8309,0,0,1,0
1782,0.0,0.0,0.0,500,0.830805,0,0,1,0
1783,0.0,0.0,0.0,500,0.8307100000000001,0,0,1,0
1784,0.0,0.0,0.0,500,0.830615,0,0,1,0
1785,0.0,0.0,0.0,500,0.83052,0,0,1,0
1786,0.0,0.0,0.0,500,0.830425,0,0,1,0
1787,0.0,0.0,0.0,500,0.83033,0,0,1,0
1788,0.0,0.0,0.0,500,0.8302350000000001,0,0,1,0
1789,0.0,0.0,0.0,500,0.83014,0,0,1,0
1790,0.0,0.0,0.0,500,0.830045,0,0,1,0
1791,0.0,0.0,0.0,500,0.82995,0,0,1,0
1792,0.0,0.0,0.0,500,0.829855,0,0,1,0
1793,0.0,0.0,0.0,500,0.82976,0,0,1,0
1794,0.0,0.0,0.0,500,0.829665,0,0,1,0
1795,0.0,0.0,0.0,500,0.82957,0,0,1,0
1796,0.0,0.0,0.0,500,0.829475,0,0,1,0
1797,0.0,0.0,0.0,500,0.82938,0,0,1,0
1798,0.0,0.0,0.0,500,0.829285,0,0,1,0
1799,0.0,0.0,0.0,500,0.82919,0,0,1,0
1800,0.0,0.0,0.0,500,0.829095,0,0,1,0
1801,0.0,0.0,0.0,500,0.829,0,0,1,0
1802,0.0,0.0,0.0,500,0.828905,0,0,1,0
1803,0.0,0.0,0.0,500,0.82881,0,0,1,0
1804,0.0,0.0,0.0,500,0.828715,0,0,1,0
1805,0.0,0.0,0.0,500,0.82862,0,0,1,0
1806,0.0,0.0,0.0,500,0.828525,0,0,1,0
1807,0.0,0.0,0.0,500,0.82843,0,0,1,0
1808,0.0,0.0,0.0,500,0.828335,0,0,1,0
1809,0.0,0.0,0.0,500,0.8282400000000001,0,0,1,0
1810,0.0,0.0,0.0,500,0.828145,0,0,1,0
1811,0.0,0.0,0.0,500,0.82805,0,0,1,0
1812,0.0,0.0,0.0,500,0.827955,0,0,1,0
1813,0.0,0.0,0.0,500,0.82786,0,0,1,0
1814,0.0,0.0,0.0,500,0.8277650000000001,0,0,1,0
1815,0.0,0.0,0.0,500,0.82767,0,0,1,0
1816,0.0,0.0,0.0,500,0.827575,0,0,1,0
1817,0.0,0.0,0.0,500,0.82748,0,0,1,0
1818,0.0,0.0,0.0,500,0.827385,0,0,1,0
1819,0.0,0.0,0.0,500,0.8272900000000001,0,0,1,0
1820,0.0,0.0,0.0,500,0.827195,0,0,1,0
1821,0.0,0.0,0.0,500,0.8271,0,0,1,0
1822,0.0,0.0,0.0,500,0.827005,0,0,1,0
1823,0.0,0.0,0.0,500,0.82691,0,0,1,0
1824,0.0,0.0,0.0,500,0.8268150000000001,0,0,1,0
1825,0.0,0.0,0.0,500,0.82672,0,0,1,0
1826,0.0,0.0,0.0,500,0.8266249999999999,0,0,1,0
1827,0.0,0.0,0.0,500,0.82653,0,0,1,0
1828,0.0,0.0,0.0,500,0.826435,0,0,1,0
1829,0.0,0.0,0.0,500,0.8263400000000001,0,0,1,0
1830,0.0,0.0,0.0,500,0.826245,0,0,1,0
1831,0.0,0.0,0.0,500,0.82615,0,0,1,0
1832,0.0,0.0,0.0,500,0.826055,0,0,1,0
1833,0.0,0.0,0.0,500,0.82596,0,0,1,0
1834,0.0,0.0,0.0,500,0.8258650000000001,0,0,1,0
1835,0.0,0.0,0.0,500,0.82577,0,0,1,0
1836,0.0,0.0,0.0,500,0.825675,0,0,1,0
1837,0.0,0.0,0.0,500,0.82558,0,0,1,0
1838,0.0,0.0,0.0,500,0.825485,0,0,1,0
1839,0.0,0.0,0.0,500,0.8253900000000001,0,0,1,0
1840,0.0,0.0,0.0,500,0.825295,0,0,1,0
1841,0.0,0.0,0.0,500,0.8252,0,0,1,0
1842,0.0,0.0,0.0,500,0.825105,0,0,1,0
1843,0.0,0.0,0.0,500,0.82501,0,0,1,0
1844,0.0,0.0,0.0,500,0.8249150000000001,0,0,1,0
1845,0.0,0.0,0.0,500,0.82482,0,0,1,0
1846,0.0,0.0,0.0,500,0.824725,0,0,1,0
1847,0.0,0.0,0.0,500,0.82463,0,0,1,0
1848,0.0,0.0,0.0,500,0.824535,0,0,1,0
1849,0.0,0.0,0.0,500,0.8244400000000001,0,0,1,0
1850,0.0,0.0,0.0,500,0.824345,0,0,1,0
1851,0.0,0.0,0.0,500,0.82425,0,0,1,0
1852,0.0,0.0,0.0,500,0.824155,0,0,1,0
1853,0.0,0.0,0.0,500,0.82406,0,0,1,0
1854,0.0,0.0,0.0,500,0.8239650000000001,0,0,1,0
1855,0.0,0.0,0.0,500,0.82387,0,0,1,0
1856,0.0,0.0,0.0,500,0.823775,0,0,1,0
1857,0.0,0.0,0.0,500,0.82368,0,0,1,0
1858,0.0,0.0,0.0,500,0.823585,0,0,1,0
1859,0.0,0.0,0.0,500,0.82349,0,0,1,0
1860,0.0,0.0,0.0,500,0.823395,0,0,1,0
1861,0.0,0.0,0.0,500,0.8233,0,0,1,0
1862,0.0,0.0,0.0,500,0.823205,0,0,1,0
1863,0.0,0.0,0.0,500,0.82311,0,0,1,0
1864,0.0,0.0,0.0,500,0.823015,0,0,1,0
1865,0.0,0.0,0.0,500,0.82292,0,0,1,0
1866,0.0,0.0,0.0,500,0.822825,0,0,1,0
1867,0.0,0.0,0.0,500,0.82273,0,0,1,0
1868,0.0,0.0,0.0,500,0.822635,0,0,1,0
1869,0.0,0.0,0.0,500,0.82254,0,0,1,0
1870,0.0,0.0,0.0,500,0.822445,0,0,1,0
1871,0.0,0.0,0.0,500,0.82235,0,0,1,0
1872,0.0,0.0,0.0,500,0.822255,0,0,1,0
1873,0.0,0.0,0.0,500,0.82216,0,0,1,0
1874,0.0,0.0,0.0,500,0.822065,0,0,1,0
1875,0.0,0.0,0.0,500,0.82197,0,0,1,0
1876,0.0,0.0,0.0,500,0.821875,0,0,1,0
1877,0.0,0.0,0.0,500,0.82178,0,0,1,0
1878,0.0,0.0,0.0,500,0.821685,0,0,1,0
1879,0.0,0.0,0.0,500,0.82159,0,0,1,0
1880,0.0,0.0,0.0,500,0.821495,0,0,1,0
1881,0.0,0.0,0.0,500,0.8214,0,0,1,0
1882,0.0,0.0,0.0,500,0.821305,0,0,1,0
1883,0.0,0.0,0.0,500,0.82121,0,0,1,0
1884,0.0,0.0,0.0,500,0.821115,0,0,1,0
1885,0.0,0.0,0.0,500,0.82102,0,0,1,0
1886,0.0,0.0,0.0,500,0.820925,0,0,1,0
1887,0.0,0.0,0.0,500,0.8208300000000001,0,0,1,0
1888,0.0,0.0,0.0,500,0.820735,0,0,1,0
1889,0.0,0.0,0.0,500,0.82064,0,0,1,0
1890,0.0,0.0,0.0,500,0.820545,0,0,1,0
1891,0.0,0.0,0.0,500,0.82045,0,0,1,0
1892,0.0,0.0,0.0,500,0.8203550000000001,0,0,1,0
1893,0.0,0.0,0.0,500,0.82026,0,0,1,0
1894,0.0,0.0,0.0,500,0.820165,0,0,1,0
1895,0.0,0.0,0.0,500,0.82007,0,0,1,0
1896,0.0,0.0,0.0,500,0.819975,0,0,1,0
1897,0.0,0.0,0.0,500,0.81988,0,0,1,0
1898,0.0,0.0,0.0,500,0.819785,0,0,1,0
1899,0.0,0.0,0.0,500,0.81969,0,0,1,0
1900,0.0,0.0,0.0,500,0.819595,0,0,1,0
1901,0.0,0.0,0.0,500,0.8195,0,0,1,0
1902,0.0,0.0,0.0,500,0.819405,0,0,1,0
1903,0.0,0.0,0.0,500,0.81931,0,0,1,0
1904,0.0,0.0,0.0,500,0.819215,0,0,1,0
1905,0.0,0.0,0.0,500,0.81912,0,0,1,0
1906,0.0,0.0,0.0,500,0.819025,0,0,1,0
1907,0.0,0.0,0.0,500,0.81893,0,0,1,0
1908,0.0,0.0,0.0,500,0.818835,0,0,1,0
1909,0.0,0.0,0.0,500,0.81874,0,0,1,0
1910,0.0,0.0,0.0,500,0.8186450000000001,0,0,1,0
1911,0.0,0.0,0.0,500,0.81855,0,0,1,0
1912,0.0,0.0,0.0,500,0.818455,0,0,1,0
1913,0.0,0.0,0.0,500,0.81836,0,0,1,0
1914,0.0,0.0,0.0,500,0.818265,0,0,1,0
1915,0.0,0.0,0.0,500,0.8181700000000001,0,0,1,0
1916,0.0,0.0,0.0,500,0.818075,0,0,1,0
1917,0.0,0.0,0.0,500,0.81798,0,0,1,0
1918,0.0,0.0,0.0,500,0.817885,0,0,1,0
1919,0.0,0.0,0.0,500,0.81779,0,0,1,0
1920,0.0,0.0,0.0,500,0.8176950000000001,0,0,1,0
1921,0.0,0.0,0.0,500,0.8176,0,0,1,0
1922,0.0,0.0,0.0,500,0.817505,0,0,1,0
1923,0.0,0.0,0.0,500,0.81741,0,0,1,0
1924,0.0,0.0,0.0,500,0.817315,0,0,1,0
1925,0.0,0.0,0.0,500,0.8172200000000001,0,0,1,0
1926,0.0,0.0,0.0,500,0.817125,0,0,1,0
1927,0.0,0.0,0.0,500,0.81703,0,0,1,0
1928,0.0,0.0,0.0,500,0.816935,0,0,1,0
1929,0.0,0.0,0.0,500,0.81684,0,0,1,0
1930,0.0,0.0,0.0,500,0.816745,0,0,1,0
1931,0.0,0.0,0.0,500,0.81665,0,0,1,0
1932,0.0,0.0,0.0,500,0.816555,0,0,1,0
1933,0.0,0.0,0.0,500,0.81646,0,0,1,0
1934,0.0,0.0,0.0,500,0.816365,0,0,1,0
1935,0.0,0.0,0.0,500,0.81627,0,0,1,0
1936,0.0,0.0,0.0,500,0.816175,0,0,1,0
1937,0.0,0.0,0.0,500,0.81608,0,0,1,0
1938,0.0,0.0,0.0,500,0.815985,0,0,1,0
1939,0.0,0.0,0.0,500,0.81589,0,0,1,0
1940,0.0,0.0,0.0,500,0.815795,0,0,1,0
1941,0.0,0.0,0.0,500,0.8157,0,0,1,0
1942,0.0,0.0,0.0,500,0.815605,0,0,1,0
1943,0.0,0.0,0.0,500,0.81551,0,0,1,0
1944,0.0,0.0,0.0,500,0.815415,0,0,1,0
1945,0.0,0.0,0.0,500,0.81532,0,0,1,0
1946,0.0,0.0,0.0,500,0.815225,0,0,1,0
1947,0.0,0.0,0.0,500,0.81513,0,0,1,0
1948,0.0,0.0,0.0,500,0.815035,0,0,1,0
1949,0.0,0.0,0.0,500,0.81494,0,0,1,0
1950,0.0,0.0,0.0,500,0.814845,0,0,1,0
1951,0.0,0.0,0.0,500,0.81475,0,0,1,0
1952,0.0,0.0,0.0,500,0.814655,0,0,1,0
1953,0.0,0.0,0.0,500,0.81456,0,0,1,0
1954,0.0,0.0,0.0,500,0.814465,0,0,1,0
1955,0.0,0.0,0.0,500,0.81437,0,0,1,0
1956,0.0,0.0,0.0,500,0.814275,0,0,1,0
1957,0.0,0.0,0.0,500,0.81418,0,0,1,0
1958,0.0,0.0,0.0,500,0.814085,0,0,1,0
1959,0.0,0.0,0.0,500,0.81399,0,0,1,0
1960,0.0,0.0,0.0,500,0.813895,0,0,1,0
1961,0.0,0.0,0.0,500,0.8138,0,0,1,0
1962,0.0,0.0,0.0,500,0.813705,0,0,1,0
1963,0.0,0.0,0.0,500,0.8136099999999999,0,0,1,0
1964,0.0,0.0,0.0,500,0.813515,0,0,1,0
1965,0.0,0.0,0.0,500,0.81342,0,0,1,0
1966,0.0,0.0,0.0,500,0.813325,0,0,1,0
1967,0.0,0.0,0.0,500,0.81323,0,0,1,0
1968,0.0,0.0,0.0,500,0.8131349999999999,0,0,1,0
1969,0.0,0.0,0.0,500,0.81304,0,0,1,0
1970,0.0,0.0,0.0,500,0.812945,0,0,1,0
1971,0.0,0.0,0.0,500,0.81285,0,0,1,0
1972,0.0,0.0,0.0,500,0.812755,0,0,1,0
1973,0.0,0.0,0.0,500,0.81266,0,0,1,0
1974,0.0,0.0,0.0,500,0.812565,0,0,1,0
1975,0.0,0.0,0.0,500,0.81247,0,0,1,0
1976,0.0,0.0,0.0,500,0.8123750000000001,0,0,1,0
1977,0.0,0.0,0.0,500,0.81228,0,0,1,0
1978,0.0,0.0,0.0,500,0.812185,0,0,1,0
1979,0.0,0.0,0.0,500,0.81209,0,0,1,0
1980,0.0,0.0,0.0,500,0.811995,0,0,1,0
1981,0.0,0.0,0.0,500,0.8119000000000001,0,0,1,0
1982,0.0,0.0,0.0,500,0.811805,0,0,1,0
1983,0.0,0.0,0.0,500,0.81171,0,0,1,0
1984,0.0,0.0,0.0,500,0.811615,0,0,1,0
1985,0.0,0.0,0.0,500,0.81152,0,0,1,0
1986,0.0,0.0,0.0,500,0.8114250000000001,0,0,1,0
1987,0.0,0.0,0.0,500,0.81133,0,0,1,0
1988,0.0,0.0,0.0,500,0.811235,0,0,1,0
1989,0.0,0.0,0.0,500,0.81114,0,0,1,0
1990,0.0,0.0,0.0,500,0.811045,0,0,1,0
1991,0.0,0.0,0.0,500,0.8109500000000001,0,0,1,0
1992,0.0,0.0,0.0,500,0.810855,0,0,1,0
1993,0.0,0.0,0.0,500,0.81076,0,0,1,0
1994,0.0,0.0,0.0,500,0.810665,0,0,1,0
1995,0.0,0.0,0.0,500,0.81057,0,0,1,0
1996,0.0,0.0,0.0,500,0.8104750000000001,0,0,1,0
1997,0.0,0.0,0.0,500,0.81038,0,0,1,0
1998,0.0,0.0,0.0,500,0.810285,0,0,1,0
1999,0.0,0.0,0.0,500,0.81019,0,0,1,0
2000,0.0,0.0,0.0,500,0.810095,0,0,1,0
2001,0.0,0.0,0.0,500,0.81,0,0,1,0
2002,0.0,0.0,0.0,500,0.809905,0,0,1,0
2003,0.0,0.0,0.0,500,0.80981,0,0,1,0
2004,0.0,0.0,0.0,500,0.809715,0,0,1,0
2005,0.0,0.0,0.0,500,0.80962,0,0,1,0
2006,0.0,0.0,0.0,500,0.809525,0,0,1,0
2007,0.0,0.0,0.0,500,0.80943,0,0,1,0
2008,0.0,0.0,0.0,500,0.809335,0,0,1,0
2009,0.0,0.0,0.0,500,0.80924,0,0,1,0
2010,0.0,0.0,0.0,500,0.809145,0,0,1,0
2011,0.0,0.0,0.0,500,0.80905,0,0,1,0
2012,0.0,0.0,0.0,500,0.808955,0,0,1,0
2013,0.0,0.0,0.0,500,0.80886,0,0,1,0
2014,0.0,0.0,0.0,500,0.808765,0,0,1,0
2015,0.0,0.0,0.0,500,0.80867,0,0,1,0
2016,0.0,0.0,0.0,500,0.808575,0,0,1,0
2017,0.0,0.0,0.0,500,0.80848,0,0,1,0
2018,0.0,0.0,0.0,500,0.808385,0,0,1,0
2019,0.0,0.0,0.0,500,0.80829,0,0,1,0
2020,0.0,0.0,0.0,500,0.808195,0,0,1,0
2021,0.0,0.0,0.0,500,0.8081,0,0,1,0
2022,0.0,0.0,0.0,500,0.808005,0,0,1,0
2023,0.0,0.0,0.0,500,0.80791,0,0,1,0
2024,0.0,0.0,0.0,500,0.807815,0,0,1,0
2025,0.0,0.0,0.0,500,0.80772,0,0,1,0
2026,0.0,0.0,0.0,500,0.807625,0,0,1,0
2027,0.0,0.0,0.0,500,0.80753,0,0,1,0
2028,0.0,0.0,0.0,500,0.807435,0,0,1,0
2029,0.0,0.0,0.0,500,0.80734,0,0,1,0
2030,0.0,0.0,0.0,500,0.807245,0,0,1,0
2031,0.0,0.0,0.0,500,0.80715,0,0,1,0
2032,0.0,0.0,0.0,500,0.807055,0,0,1,0
2033,0.0,0.0,0.0,500,0.80696,0,0,1,0
2034,0.0,0.0,0.0,500,0.8068649999999999,0,0,1,0
2035,0.0,0.0,0.0,500,0.80677,0,0,1,0
2036,0.0,0.0,0.0,500,0.806675,0,0,1,0
2037,0.0,0.0,0.0,500,0.8065800000000001,0,0,1,0
2038,0.0,0.0,0.0,500,0.806485,0,0,1,0
2039,0.0,0.0,0.0,500,0.8063899999999999,0,0,1,0
2040,0.0,0.0,0.0,500,0.806295,0,0,1,0
2041,0.0,0.0,0.0,500,0.8062,0,0,1,0
2042,0.0,0.0,0.0,500,0.8061050000000001,0,0,1,0
2043,0.0,0.0,0.0,500,0.80601,0,0,1,0
2044,0.0,0.0,0.0,500,0.8059149999999999,0,0,1,0
2045,0.0,0.0,0.0,500,0.80582,0,0,1,0
2046,0.0,0.0,0.0,500,0.805725,0,0,1,0
2047,0.0,0.0,0.0,500,0.8056300000000001,0,0,1,0
2048,0.0,0.0,0.0,500,0.805535,0,0,1,0
2049,0.0,0.0,0.0,500,0.8054399999999999,0,0,1,0
2050,0.0,0.0,0.0,500,0.805345,0,0,1,0
2051,0.0,0.0,0.0,500,0.80525,0,0,1,0
2052,0.0,0.0,0.0,500,0.8051550000000001,0,0,1,0
2053,0.0,0.0,0.0,500,0.80506,0,0,1,0
2054,0.0,0.0,0.0,500,0.8049649999999999,0,0,1,0
2055,0.0,0.0,0.0,500,0.80487,0,0,1,0
2056,0.0,0.0,0.0,500,0.804775,0,0,1,0
2057,0.0,0.0,0.0,500,0.8046800000000001,0,0,1,0
2058,0.0,0.0,0.0,500,0.804585,0,0,1,0
2059,0.0,0.0,0.0,500,0.80449,0,0,1,0
2060,0.0,0.0,0.0,500,0.804395,0,0,1,0
2061,0.0,0.0,0.0,500,0.8043,0,0,1,0
2062,0.0,0.0,0.0,500,0.8042050000000001,0,0,1,0
2063,0.0,0.0,0.0,500,0.80411,0,0,1,0
2064,0.0,0.0,0.0,500,0.804015,0,0,1,0
2065,0.0,0.0,0.0,500,0.80392,0,0,1,0
2066,0.0,0.0,0.0,500,0.803825,0,0,1,0
2067,0.0,0.0,0.0,500,0.80373,0,0,1,0
2068,0.0,0.0,0.0,500,0.803635,0,0,1,0
2069,0.0,0.0,0.0,500,0.80354,0,0,1,0
2070,0.0,0.0,0.0,500,0.803445,0,0,1,0
2071,0.0,0.0,0.0,500,0.80335,0,0,1,0
2072,0.0,0.0,0.0,500,0.803255,0,0,1,0
2073,0.0,0.0,0.0,500,0.80316,0,0,1,0
2074,0.0,0.0,0.0,500,0.803065,0,0,1,0
2075,0.0,0.0,0.0,500,0.80297,0,0,1,0
2076,0.0,0.0,0.0,500,0.802875,0,0,1,0
2077,0.0,0.0,0.0,500,0.80278,0,0,1,0
2078,0.0,0.0,0.0,500,0.802685,0,0,1,0
2079,0.0,0.0,0.0,500,0.80259,0,0,1,0
2080,0.0,0.0,0.0,500,0.802495,0,0,1,0
2081,0.0,0.0,0.0,500,0.8024,0,0,1,0
2082,0.0,0.0,0.0,500,0.802305,0,0,1,0
2083,0.0,0.0,0.0,500,0.80221,0,0,1,0
2084,0.0,0.0,0.0,500,0.802115,0,0,1,0
2085,0.0,0.0,0.0,500,0.80202,0,0,1,0
2086,0.0,0.0,0.0,500,0.801925,0,0,1,0
2087,0.0,0.0,0.0,500,0.80183,0,0,1,0
2088,0.0,0.0,0.0,500,0.801735,0,0,1,0
2089,0.0,0.0,0.0,500,0.80164,0,0,1,0
2090,0.0,0.0,0.0,500,0.801545,0,0,1,0
2091,0.0,0.0,0.0,500,0.80145,0,0,1,0
2092,0.0,0.0,0.0,500,0.801355,0,0,1,0
2093,0.0,0.0,0.0,500,0.80126,0,0,1,0
2094,0.0,0.0,0.0,500,0.801165,0,0,1,0
2095,0.0,0.0,0.0,500,0.80107,0,0,1,0
2096,0.0,0.0,0.0,500,0.800975,0,0,1,0
2097,0.0,0.0,0.0,500,0.80088,0,0,1,0
2098,0.0,0.0,0.0,500,0.8007850000000001,0,0,1,0
2099,0.0,0.0,0.0,500,0.80069,0,0,1,0
2100,0.0,0.0,0.0,500,0.800595,0,0,1,0
2101,0.0,0.0,0.0,500,0.8005,0,0,1,0
2102,0.0,0.0,0.0,500,0.800405,0,0,1,0
2103,0.0,0.0,0.0,500,0.8003100000000001,0,0,1,0
2104,0.0,0.0,0.0,500,0.800215,0,0,1,0
2105,0.0,0.0,0.0,500,0.8001199999999999,0,0,1,0
2106,0.0,0.0,0.0,500,0.800025,0,0,1,0
2107,0.0,0.0,0.0,500,0.79993,0,0,1,0
2108,0.0,0.0,0.0,500,0.7998350000000001,0,0,1,0
2109,0.0,0.0,0.0,500,0.79974,0,0,1,0
2110,0.0,0.0,0.0,500,0.7996449999999999,0,0,1,0
2111,0.0,0.0,0.0,500,0.79955,0,0,1,0
2112,0.0,0.0,0.0,500,0.799455,0,0,1,0
2113,0.0,0.0,0.0,500,0.7993600000000001,0,0,1,0
2114,0.0,0.0,0.0,500,0.799265,0,0,1,0
2115,0.0,0.0,0.0,500,0.7991699999999999,0,0,1,0
2116,0.0,0.0,0.0,500,0.799075,0,0,1,0
2117,0.0,0.0,0.0,500,0.79898,0,0,1,0
2118,0.0,0.0,0.0,500,0.7988850000000001,0,0,1,0
2119,0.0,0.0,0.0,500,0.79879,0,0,1,0
2120,0.0,0.0,0.0,500,0.798695,0,0,1,0
2121,0.0,0.0,0.0,500,0.7986,0,0,1,0
2122,0.0,0.0,0.0,500,0.798505,0,0,1,0
2123,0.0,0.0,0.0,500,0.7984100000000001,0,0,1,0
2124,0.0,0.0,0.0,500,0.798315,0,0,1,0
2125,0.0,0.0,0.0,500,0.79822,0,0,1,0
2126,0.0,0.0,0.0,500,0.798125,0,0,1,0
2127,0.0,0.0,0.0,500,0.79803,0,0,1,0
2128,0.0,0.0,0.0,500,0.7979350000000001,0,0,1,0
2129,0.0,0.0,0.0,500,0.79784,0,0,1,0
2130,0.0,0.0,0.0,500,0.797745,0,0,1,0
2131,0.0,0.0,0.0,500,0.79765,0,0,1,0
2132,0.0,0.0,0.0,500,0.797555,0,0,1,0
2133,0.0,0.0,0.0,500,0.7974600000000001,0,0,1,0
2134,0.0,0.0,0.0,500,0.797365,0,0,1,0
2135,0.0,0.0,0.0,500,0.79727,0,0,1,0
2136,0.0,0.0,0.0,500,0.797175,0,0,1,0
2137,0.0,0.0,0.0,500,0.79708,0,0,1,0
2138,0.0,0.0,0.0,500,0.796985,0,0,1,0
2139,0.0,0.0,0.0,500,0.79689,0,0,1,0
2140,0.0,0.0,0.0,500,0.796795,0,0,1,0
2141,0.0,0.0,0.0,500,0.7967,0,0,1,0
2142,0.0,0.0,0.0,500,0.796605,0,0,1,0
2143,0.0,0.0,0.0,500,0.79651,0,0,1,0
2144,0.0,0.0,0.0,500,0.796415,0,0,1,0
2145,0.0,0.0,0.0,500,0.79632,0,0,1,0
2146,0.0,0.0,0.0,500,0.796225,0,0,1,0
2147,0.0,0.0,0.0,500,0.79613,0,0,1,0
2148,0.0,0.0,0.0,500,0.796035,0,0,1,0
2149,0.0,0.0,0.0,500,0.79594,0,0,1,0
2150,0.0,0.0,0.0,500,0.795845,0,0,1,0
2151,0.0,0.0,0.0,500,0.79575,0,0,1,0
2152,0.0,0.0,0.0,500,0.795655,0,0,1,0
2153,0.0,0.0,0.0,500,0.79556,0,0,1,0
2154,0.0,0.0,0.0,500,0.795465,0,0,1,0
2155,0.0,0.0,0.0,500,0.79537,0,0,1,0
2156,0.0,0.0,0.0,500,0.795275,0,0,1,0
2157,0.0,0.0,0.0,500,0.79518,0,0,1,0
2158,0.0,0.0,0.0,500,0.795085,0,0,1,0
2159,0.0,0.0,0.0,500,0.7949900000000001,0,0,1,0
2160,0.0,0.0,0.0,500,0.794895,0,0,1,0
2161,0.0,0.0,0.0,500,0.7948,0,0,1,0
2162,0.0,0.0,0.0,500,0.794705,0,0,1,0
2163,0.0,0.0,0.0,500,0.79461,0,0,1,0
2164,0.0,0.0,0.0,500,0.7945150000000001,0,0,1,0
2165,0.0,0.0,0.0,500,0.79442,0,0,1,0
2166,0.0,0.0,0.0,500,0.794325,0,0,1,0
2167,0.0,0.0,0.0,500,0.79423,0,0,1,0
2168,0.0,0.0,0.0,500,0.794135,0,0,1,0
2169,0.0,0.0,0.0,500,0.7940400000000001,0,0,1,0
2170,0.0,0.0,0.0,500,0.793945,0,0,1,0
2171,0.0,0.0,0.0,500,0.79385,0,0,1,0
2172,0.0,0.0,0.0,500,0.793755,0,0,1,0
2173,0.0,0.0,0.0,500,0.79366,0,0,1,0
2174,0.0,0.0,0.0,500,0.7935650000000001,0,0,1,0
2175,0.0,0.0,0.0,500,0.79347,0,0,1,0
2176,0.0,0.0,0.0,500,0.7933749999999999,0,0,1,0
2177,0.0,0.0,0.0,500,0.79328,0,0,1,0
2178,0.0,0.0,0.0,500,0.793185,0,0,1,0
2179,0.0,0.0,0.0,500,0.7930900000000001,0,0,1,0
2180,0.0,0.0,0.0,500,0.792995,0,0,1,0
2181,0.0,0.0,0.0,500,0.7929,0,0,1,0
2182,0.0,0.0,0.0,500,0.792805,0,0,1,0
2183,0.0,0.0,0.0,500,0.79271,0,0,1,0
2184,0.0,0.0,0.0,500,0.7926150000000001,0,0,1,0
2185,0.0,0.0,0.0,500,0.79252,0,0,1,0
2186,0.0,0.0,0.0,500,0.792425,0,0,1,0
2187,0.0,0.0,0.0,500,0.79233,0,0,1,0
2188,0.0,0.0,0.0,500,0.792235,0,0,1,0
2189,0.0,0.0,0.0,500,0.7921400000000001,0,0,1,0
2190,0.0,0.0,0.0,500,0.792045,0,0,1,0
2191,0.0,0.0,0.0,500,0.79195,0,0,1,0
2192,0.0,0.0,0.0,500,0.791855,0,0,1,0
2193,0.0,0.0,0.0,500,0.79176,0,0,1,0
2194,0.0,0.0,0.0,500,0.7916650000000001,0,0,1,0
2195,0.0,0.0,0.0,500,0.79157,0,0,1,0
2196,0.0,0.0,0.0,500,0.791475,0,0,1,0
2197,0.0,0.0,0.0,500,0.79138,0,0,1,0
2198,0.0,0.0,0.0,500,0.791285,0,0,1,0
2199,0.0,0.0,0.0,500,0.7911900000000001,0,0,1,0
2200,0.0,0.0,0.0,500,0.791095,0,0,1,0
2201,0.0,0.0,0.0,500,0.791,0,0,1,0
2202,0.0,0.0,0.0,500,0.790905,0,0,1,0
2203,0.0,0.0,0.0,500,0.79081,0,0,1,0
2204,0.0,0.0,0.0,500,0.7907150000000001,0,0,1,0
2205,0.0,0.0,0.0,500,0.79062,0,0,1,0
2206,0.0,0.0,0.0,500,0.790525,0,0,1,0
2207,0.0,0.0,0.0,500,0.79043,0,0,1,0
2208,0.0,0.0,0.0,500,0.790335,0,0,1,0
2209,0.0,0.0,0.0,500,0.79024,0,0,1,0
2210,0.0,0.0,0.0,500,0.790145,0,0,1,0
2211,0.0,0.0,0.0,500,0.79005,0,0,1,0
2212,0.0,0.0,0.0,500,0.789955,0,0,1,0
2213,0.0,0.0,0.0,500,0.78986,0,0,1,0
2214,0.0,0.0,0.0,500,0.789765,0,0,1,0
2215,0.0,0.0,0.0,500,0.78967,0,0,1,0
2216,0.0,0.0,0.0,500,0.789575,0,0,1,0
2217,0.0,0.0,0.0,500,0.78948,0,0,1,0
2218,0.0,0.0,0.0,500,0.789385,0,0,1,0
2219,0.0,0.0,0.0,500,0.78929,0,0,1,0
2220,0.0,0.0,0.0,500,0.7891950000000001,0,0,1,0
2221,0.0,0.0,0.0,500,0.7891,0,0,1,0
2222,0.0,0.0,0.0,500,0.789005,0,0,1,0
2223,0.0,0.0,0.0,500,0.78891,0,0,1,0
2224,0.0,0.0,0.0,500,0.788815,0,0,1,0
2225,0.0,0.0,0.0,500,0.7887200000000001,0,0,1,0
2226,0.0,0.0,0.0,500,0.788625,0,0,1,0
2227,0.0,0.0,0.0,500,0.78853,0,0,1,0
2228,0.0,0.0,0.0,500,0.788435,0,0,1,0
2229,0.0,0.0,0.0,500,0.78834,0,0,1,0
2230,0.0,0.0,0.0,500,0.7882450000000001,0,0,1,0
2231,0.0,0.0,0.0,500,0.78815,0,0,1,0
2232,0.0,0.0,0.0,500,0.788055,0,0,1,0
2233,0.0,0.0,0.0,500,0.78796,0,0,1,0
2234,0.0,0.0,0.0,500,0.787865,0,0,1,0
2235,0.0,0.0,0.0,500,0.7877700000000001,0,0,1,0
2236,0.0,0.0,0.0,500,0.787675,0,0,1,0
2237,0.0,0.0,0.0,500,0.7875800000000001,0,0,1,0
2238,0.0,0.0,0.0,500,0.787485,0,0,1,0
2239,0.0,0.0,0.0,500,0.78739,0,0,1,0
2240,0.0,0.0,0.0,500,0.7872950000000001,0,0,1,0
2241,0.0,0.0,0.0,500,0.7872,0,0,1,0
2242,0.0,0.0,0.0,500,0.787105,0,0,1,0
2243,0.0,0.0,0.0,500,0.78701,0,0,1,0
2244,0.0,0.0,0.0,500,0.786915,0,0,1,0
2245,0.0,0.0,0.0,500,0.7868200000000001,0,0,1,0
2246,0.0,0.0,0.0,500,0.786725,0,0,1,0
2247,0.0,0.0,0.0,500,0.78663,0,0,1,0
2248,0.0,0.0,0.0,500,0.786535,0,0,1,0
2249,0.0,0.0,0.0,500,0.78644,0,0,1,0
2250,0.0,0.0,0.0,500,0.7863450000000001,0,0,1,0
2251,0.0,0.0,0.0,500,0.78625,0,0,1,0
2252,0.0,0.0,0.0,500,0.786155,0,0,1,0
2253,0.0,0.0,0.0,500,0.78606,0,0,1,0
2254,0.0,0.0,0.0,500,0.785965,0,0,1,0
2255,0.0,0.0,0.0,500,0.7858700000000001,0,0,1,0
2256,0.0,0.0,0.0,500,0.785775,0,0,1,0
2257,0.0,0.0,0.0,500,0.78568,0,0,1,0
2258,0.0,0.0,0.0,500,0.785585,0,0,1,0
2259,0.0,0.0,0.0,500,0.78549,0,0,1,0
2260,0.0,0.0,0.0,500,0.7853950000000001,0,0,1,0
2261,0.0,0.0,0.0,500,0.7853,0,0,1,0
2262,0.0,0.0,0.0,500,0.785205,0,0,1,0
2263,0.0,0.0,0.0,500,0.78511,0,0,1,0
2264,0.0,0.0,0.0,500,0.785015,0,0,1,0
2265,0.0,0.0,0.0,500,0.7849200000000001,0,0,1,0
2266,0.0,0.0,0.0,500,0.784825,0,0,1,0
2267,0.0,0.0,0.0,500,0.78473,0,0,1,0
2268,0.0,0.0,0.0,500,0.784635,0,0,1,0
2269,0.0,0.0,0.0,500,0.78454,0,0,1,0
2270,0.0,0.0,0.0,500,0.7844450000000001,0,0,1,0
2271,0.0,0.0,0.0,500,0.78435,0,0,1,0
2272,0.0,0.0,0.0,500,0.784255,0,0,1,0
2273,0.0,0.0,0.0,500,0.78416,0,0,1,0
2274,0.0,0.0,0.0,500,0.784065,0,0,1,0
2275,0.0,0.0,0.0,500,0.7839700000000001,0,0,1,0
2276,0.0,0.0,0.0,500,0.783875,0,0,1,0
2277,0.0,0.0,0.0,500,0.78378,0,0,1,0
2278,0.0,0.0,0.0,500,0.783685,0,0,1,0
2279,0.0,0.0,0.0,500,0.78359,0,0,1,0
2280,0.0,0.0,0.0,500,0.783495,0,0,1,0
2281,0.0,0.0,0.0,500,0.7834,0,0,1,0
2282,0.0,0.0,0.0,500,0.783305,0,0,1,0
2283,0.0,0.0,0.0,500,0.78321,0,0,1,0
2284,0.0,0.0,0.0,500,0.783115,0,0,1,0
2285,0.0,0.0,0.0,500,0.78302,0,0,1,0
2286,0.0,0.0,0.0,500,0.782925,0,0,1,0
2287,0.0,0.0,0.0,500,0.78283,0,0,1,0
2288,0.0,0.0,0.0,500,0.782735,0,0,1,0
2289,0.0,0.0,0.0,500,0.78264,0,0,1,0
2290,0.0,0.0,0.0,500,0.782545,0,0,1,0
2291,0.0,0.0,0.0,500,0.78245,0,0,1,0
2292,0.0,0.0,0.0,500,0.782355,0,0,1,0
2293,0.0,0.0,0.0,500,0.78226,0,0,1,0
2294,0.0,0.0,0.0,500,0.782165,0,0,1,0
2295,0.0,0.0,0.0,500,0.78207,0,0,1,0
2296,0.0,0.0,0.0,500,0.781975,0,0,1,0
2297,0.0,0.0,0.0,500,0.78188,0,0,1,0
2298,0.0,0.0,0.0,500,0.7817850000000001,0,0,1,0
2299,0.0,0.0,0.0,500,0.78169,0,0,1,0
2300,0.0,0.0,0.0,500,0.781595,0,0,1,0
2301,0.0,0.0,0.0,500,0.7815,0,0,1,0
2302,0.0,0.0,0.0,500,0.781405,0,0,1,0
2303,0.0,0.0,0.0,500,0.7813100000000001,0,0,1,0
2304,0.0,0.0,0.0,500,0.781215,0,0,1,0
2305,0.0,0.0,0.0,500,0.78112,0,0,1,0
2306,0.0,0.0,0.0,500,0.781025,0,0,1,0
2307,0.0,0.0,0.0,500,0.78093,0,0,1,0
2308,0.0,0.0,0.0,500,0.7808350000000001,0,0,1,0
2309,0.0,0.0,0.0,500,0.78074,0,0,1,0
2310,0.0,0.0,0.0,500,0.780645,0,0,1,0
2311,0.0,0.0,0.0,500,0.78055,0,0,1,0
2312,0.0,0.0,0.0,500,0.780455,0,0,1,0
2313,0.0,0.0,0.0,500,0.78036,0,0,1,0
2314,0.0,0.0,0.0,500,0.780265,0,0,1,0
2315,0.0,0.0,0.0,500,0.78017,0,0,1,0
2316,0.0,0.0,0.0,500,0.780075,0,0,1,0
2317,0.0,0.0,0.0,500,0.77998,0,0,1,0
2318,0.0,0.0,0.0,500,0.779885,0,0,1,0
2319,0.0,0.0,0.0,500,0.77979,0,0,1,0
2320,0.0,0.0,0.0,500,0.779695,0,0,1,0
2321,0.0,0.0,0.0,500,0.7796,0,0,1,0
2322,0.0,0.0,0.0,500,0.779505,0,0,1,0
2323,0.0,0.0,0.0,500,0.77941,0,0,1,0
2324,0.0,0.0,0.0,500,0.779315,0,0,1,0
2325,0.0,0.0,0.0,500,0.77922,0,0,1,0
2326,0.0,0.0,0.0,500,0.7791250000000001,0,0,1,0
2327,0.0,0.0,0.0,500,0.77903,0,0,1,0
2328,0.0,0.0,0.0,500,0.778935,0,0,1,0
2329,0.0,0.0,0.0,500,0.77884,0,0,1,0
2330,0.0,0.0,0.0,500,0.778745,0,0,1,0
2331,0.0,0.0,0.0,500,0.7786500000000001,0,0,1,0
2332,0.0,0.0,0.0,500,0.778555,0,0,1,0
2333,0.0,0.0,0.0,500,0.77846,0,0,1,0
2334,0.0,0.0,0.0,500,0.778365,0,0,1,0
2335,0.0,0.0,0.0,500,0.77827,0,0,1,0
2336,0.0,0.0,0.0,500,0.7781750000000001,0,0,1,0
2337,0.0,0.0,0.0,500,0.77808,0,0,1,0
2338,0.0,0.0,0.0,500,0.777985,0,0,1,0
2339,0.0,0.0,0.0,500,0.77789,0,0,1,0
2340,0.0,0.0,0.0,500,0.777795,0,0,1,0
2341,0.0,0.0,0.0,500,0.7777000000000001,0,0,1,0
2342,0.0,0.0,0.0,500,0.777605,0,0,1,0
2343,0.0,0.0,0.0,500,0.77751,0,0,1,0
2344,0.0,0.0,0.0,500,0.777415,0,0,1,0
2345,0.0,0.0,0.0,500,0.77732,0,0,1,0
2346,0.0,0.0,0.0,500,0.777225,0,0,1,0
2347,0.0,0.0,0.0,500,0.77713,0,0,1,0
2348,0.0,0.0,0.0,500,0.777035,0,0,1,0
2349,0.0,0.0,0.0,500,0.77694,0,0,1,0
2350,0.0,0.0,0.0,500,0.776845,0,0,1,0
2351,0.0,0.0,0.0,500,0.77675,0,0,1,0
2352,0.0,0.0,0.0,500,0.776655,0,0,1,0
2353,0.0,0.0,0.0,500,0.77656,0,0,1,0
2354,0.0,0.0,0.0,500,0.776465,0,0,1,0
2355,0.0,0.0,0.0,500,0.77637,0,0,1,0
2356,0.0,0.0,0.0,500,0.776275,0,0,1,0
2357,0.0,0.0,0.0,500,0.77618,0,0,1,0
2358,0.0,0.0,0.0,500,0.776085,0,0,1,0
2359,0.0,0.0,0.0,500,0.77599,0,0,1,0
2360,0.0,0.0,0.0,500,0.775895,0,0,1,0
2361,0.0,0.0,0.0,500,0.7758,0,0,1,0
2362,0.0,0.0,0.0,500,0.775705,0,0,1,0
2363,0.0,0.0,0.0,500,0.77561,0,0,1,0
2364,0.0,0.0,0.0,500,0.775515,0,0,1,0
2365,0.0,0.0,0.0,500,0.77542,0,0,1,0
2366,0.0,0.0,0.0,500,0.775325,0,0,1,0
2367,0.0,0.0,0.0,500,0.77523,0,0,1,0
2368,0.0,0.0,0.0,500,0.775135,0,0,1,0
2369,0.0,0.0,0.0,500,0.77504,0,0,1,0
2370,0.0,0.0,0.0,500,0.774945,0,0,1,0
2371,0.0,0.0,0.0,500,0.77485,0,0,1,0
2372,0.0,0.0,0.0,500,0.774755,0,0,1,0
2373,0.0,0.0,0.0,500,0.77466,0,0,1,0
2374,0.0,0.0,0.0,500,0.774565,0,0,1,0
2375,0.0,0.0,0.0,500,0.77447,0,0,1,0
2376,0.0,0.0,0.0,500,0.774375,0,0,1,0
2377,0.0,0.0,0.0,500,0.77428,0,0,1,0
2378,0.0,0.0,0.0,500,0.774185,0,0,1,0
2379,0.0,0.0,0.0,500,0.77409,0,0,1,0
2380,0.0,0.0,0.0,500,0.773995,0,0,1,0
2381,0.0,0.0,0.0,500,0.7739,0,0,1,0
2382,0.0,0.0,0.0,500,0.773805,0,0,1,0
2383,0.0,0.0,0.0,500,0.77371,0,0,1,0
2384,0.0,0.0,0.0,500,0.7736149999999999,0,0,1,0
2385,0.0,0.0,0.0,500,0.77352,0,0,1,0
2386,0.0,0.0,0.0,500,0.773425,0,0,1,0
2387,0.0,0.0,0.0,500,0.7733300000000001,0,0,1,0
2388,0.0,0.0,0.0,500,0.773235,0,0,1,0
2389,0.0,0.0,0.0,500,0.7731399999999999,0,0,1,0
2390,0.0,0.0,0.0,500,0.773045,0,0,1,0
2391,0.0,0.0,0.0,500,0.77295,0,0,1,0
2392,0.0,0.0,0.0,500,0.7728550000000001,0,0,1,0
2393,0.0,0.0,0.0,500,0.77276,0,0,1,0
2394,0.0,0.0,0.0,500,0.7726649999999999,0,0,1,0
2395,0.0,0.0,0.0,500,0.77257,0,0,1,0
2396,0.0,0.0,0.0,500,0.772475,0,0,1,0
2397,0.0,0.0,0.0,500,0.7723800000000001,0,0,1,0
2398,0.0,0.0,0.0,500,0.772285,0,0,1,0
2399,0.0,0.0,0.0,500,0.7721899999999999,0,0,1,0
2400,0.0,0.0,0.0,500,0.772095,0,0,1,0
2401,0.0,0.0,0.0,500,0.772,0,0,1,0
2402,0.0,0.0,0.0,500,0.7719050000000001,0,0,1,0
2403,0.0,0.0,0.0,500,0.77181,0,0,1,0
2404,0.0,0.0,0.0,500,0.7717149999999999,0,0,1,0
2405,0.0,0.0,0.0,500,0.77162,0,0,1,0
2406,0.0,0.0,0.0,500,0.771525,0,0,1,0
2407,0.0,0.0,0.0,500,0.7714300000000001,0,0,1,0
2408,0.0,0.0,0.0,500,0.771335,0,0,1,0
2409,0.0,0.0,0.0,500,0.77124,0,0,1,0
2410,0.0,0.0,0.0,500,0.771145,0,0,1,0
2411,0.0,0.0,0.0,500,0.77105,0,0,1,0
2412,0.0,0.0,0.0,500,0.7709550000000001,0,0,1,0
2413,0.0,0.0,0.0,500,0.77086,0,0,1,0
2414,0.0,0.0,0.0,500,0.770765,0,0,1,0
2415,0.0,0.0,0.0,500,0.77067,0,0,1,0
2416,0.0,0.0,0.0,500,0.770575,0,0,1,0
2417,0.0,0.0,0.0,500,0.77048,0,0,1,0
2418,0.0,0.0,0.0,500,0.770385,0,0,1,0
2419,0.0,0.0,0.0,500,0.77029,0,0,1,0
2420,0.0,0.0,0.0,500,0.770195,0,0,1,0
2421,0.0,0.0,0.0,500,0.7701,0,0,1,0
2422,0.0,0.0,0.0,500,0.770005,0,0,1,0
2423,0.0,0.0,0.0,500,0.76991,0,0,1,0
2424,0.0,0.0,0.0,500,0.769815,0,0,1,0
2425,0.0,0.0,0.0,500,0.76972,0,0,1,0
2426,0.0,0.0,0.0,500,0.769625,0,0,1,0
2427,0.0,0.0,0.0,500,0.76953,0,0,1,0
2428,0.0,0.0,0.0,500,0.769435,0,0,1,0
2429,0.0,0.0,0.0,500,0.76934,0,0,1,0
2430,0.0,0.0,0.0,500,0.769245,0,0,1,0
2431,0.0,0.0,0.0,500,0.76915,0,0,1,0
2432,0.0,0.0,0.0,500,0.769055,0,0,1,0
2433,0.0,0.0,0.0,500,0.76896,0,0,1,0
2434,0.0,0.0,0.0,500,0.768865,0,0,1,0
2435,0.0,0.0,0.0,500,0.76877,0,0,1,0
2436,0.0,0.0,0.0,500,0.768675,0,0,1,0
2437,0.0,0.0,0.0,500,0.76858,0,0,1,0
2438,0.0,0.0,0.0,500,0.768485,0,0,1,0
2439,0.0,0.0,0.0,500,0.76839,0,0,1,0
2440,0.0,0.0,0.0,500,0.768295,0,0,1,0
2441,0.0,0.0,0.0,500,0.7682,0,0,1,0
2442,0.0,0.0,0.0,500,0.768105,0,0,1,0
2443,0.0,0.0,0.0,500,0.76801,0,0,1,0
2444,0.0,0.0,0.0,500,0.767915,0,0,1,0
2445,0.0,0.0,0.0,500,0.76782,0,0,1,0
2446,0.0,0.0,0.0,500,0.767725,0,0,1,0
2447,0.0,0.0,0.0,500,0.76763,0,0,1,0
2448,0.0,0.0,0.0,500,0.7675350000000001,0,0,1,0
2449,0.0,0.0,0.0,500,0.76744,0,0,1,0
2450,0.0,0.0,0.0,500,0.7673449999999999,0,0,1,0
2451,0.0,0.0,0.0,500,0.76725,0,0,1,0
2452,0.0,0.0,0.0,500,0.767155,0,0,1,0
2453,0.0,0.0,0.0,500,0.7670600000000001,0,0,1,0
2454,0.0,0.0,0.0,500,0.766965,0,0,1,0
2455,0.0,0.0,0.0,500,0.7668699999999999,0,0,1,0
2456,0.0,0.0,0.0,500,0.766775,0,0,1,0
2457,0.0,0.0,0.0,500,0.76668,0,0,1,0
2458,0.0,0.0,0.0,500,0.7665850000000001,0,0,1,0
2459,0.0,0.0,0.0,500,0.76649,0,0,1,0
2460,0.0,0.0,0.0,500,0.7663949999999999,0,0,1,0
2461,0.0,0.0,0.0,500,0.7663,0,0,1,0
2462,0.0,0.0,0.0,500,0.766205,0,0,1,0
2463,0.0,0.0,0.0,500,0.7661100000000001,0,0,1,0
2464,0.0,0.0,0.0,500,0.766015,0,0,1,0
2465,0.0,0.0,0.0,500,0.7659199999999999,0,0,1,0
2466,0.0,0.0,0.0,500,0.765825,0,0,1,0
2467,0.0,0.0,0.0,500,0.76573,0,0,1,0
2468,0.0,0.0,0.0,500,0.7656350000000001,0,0,1,0
2469,0.0,0.0,0.0,500,0.76554,0,0,1,0
2470,0.0,0.0,0.0,500,0.765445,0,0,1,0
2471,0.0,0.0,0.0,500,0.76535,0,0,1,0
2472,0.0,0.0,0.0,500,0.765255,0,0,1,0
2473,0.0,0.0,0.0,500,0.7651600000000001,0,0,1,0
2474,0.0,0.0,0.0,500,0.765065,0,0,1,0
2475,0.0,0.0,0.0,500,0.76497,0,0,1,0
2476,0.0,0.0,0.0,500,0.764875,0,0,1,0
2477,0.0,0.0,0.0,500,0.76478,0,0,1,0
2478,0.0,0.0,0.0,500,0.7646850000000001,0,0,1,0
2479,0.0,0.0,0.0,500,0.76459,0,0,1,0
2480,0.0,0.0,0.0,500,0.764495,0,0,1,0
2481,0.0,0.0,0.0,500,0.7644,0,0,1,0
2482,0.0,0.0,0.0,500,0.764305,0,0,1,0
2483,0.0,0.0,0.0,500,0.7642100000000001,0,0,1,0
2484,0.0,0.0,0.0,500,0.764115,0,0,1,0
2485,0.0,0.0,0.0,500,0.76402,0,0,1,0
2486,0.0,0.0,0.0,500,0.763925,0,0,1,0
2487,0.0,0.0,0.0,500,0.76383,0,0,1,0
2488,0.0,0.0,0.0,500,0.763735,0,0,1,0
2489,0.0,0.0,0.0,500,0.76364,0,0,1,0
2490,0.0,0.0,0.0,500,0.763545,0,0,1,0
2491,0.0,0.0,0.0,500,0.76345,0,0,1,0
2492,0.0,0.0,0.0,500,0.763355,0,0,1,0
2493,0.0,0.0,0.0,500,0.76326,0,0,1,0
2494,0.0,0.0,0.0,500,0.763165,0,0,1,0
2495,0.0,0.0,0.0,500,0.76307,0,0,1,0
2496,0.0,0.0,0.0,500,0.762975,0,0,1,0
2497,0.0,0.0,0.0,500,0.76288,0,0,1,0
2498,0.0,0.0,0.0,500,0.762785,0,0,1,0
2499,0.0,0.0,0.0,500,0.76269,0,0,1,0
2500,0.0,0.0,0.0,500,0.762595,0,0,1,0
2501,0.0,0.0,0.0,500,0.7625,0,0,1,0
2502,0.0,0.0,0.0,500,0.762405,0,0,1,0
2503,0.0,0.0,0.0,500,0.76231,0,0,1,0
2504,0.0,0.0,0.0,500,0.762215,0,0,1,0
2505,0.0,0.0,0.0,500,0.76212,0,0,1,0
2506,0.0,0.0,0.0,500,0.762025,0,0,1,0
2507,0.0,0.0,0.0,500,0.76193,0,0,1,0
2508,0.0,0.0,0.0,500,0.761835,0,0,1,0
2509,0.0,0.0,0.0,500,0.76174,0,0,1,0
2510,0.0,0.0,0.0,500,0.761645,0,0,1,0
2511,0.0,0.0,0.0,500,0.76155,0,0,1,0
2512,0.0,0.0,0.0,500,0.761455,0,0,1,0
2513,0.0,0.0,0.0,500,0.76136,0,0,1,0
2514,0.0,0.0,0.0,500,0.761265,0,0,1,0
2515,0.0,0.0,0.0,500,0.76117,0,0,1,0
2516,0.0,0.0,0.0,500,0.761075,0,0,1,0
2517,0.0,0.0,0.0,500,0.76098,0,0,1,0
2518,0.0,0.0,0.0,500,0.760885,0,0,1,0
2519,0.0,0.0,0.0,500,0.76079,0,0,1,0
2520,0.0,0.0,0.0,500,0.760695,0,0,1,0
2521,0.0,0.0,0.0,500,0.7605999999999999,0,0,1,0
2522,0.0,0.0,0.0,500,0.760505,0,0,1,0
2523,0.0,0.0,0.0,500,0.76041,0,0,1,0
2524,0.0,0.0,0.0,500,0.760315,0,0,1,0
2525,0.0,0.0,0.0,500,0.76022,0,0,1,0
2526,0.0,0.0,0.0,500,0.760125,0,0,1,0
2527,0.0,0.0,0.0,500,0.76003,0,0,1,0
2528,0.0,0.0,0.0,500,0.759935,0,0,1,0
2529,0.0,0.0,0.0,500,0.75984,0,0,1,0
2530,0.0,0.0,0.0,500,0.759745,0,0,1,0
2531,0.0,0.0,0.0,500,0.75965,0,0,1,0
2532,0.0,0.0,0.0,500,0.759555,0,0,1,0
2533,0.0,0.0,0.0,500,0.75946,0,0,1,0
2534,0.0,0.0,0.0,500,0.759365,0,0,1,0
2535,0.0,0.0,0.0,500,0.75927,0,0,1,0
2536,0.0,0.0,0.0,500,0.759175,0,0,1,0
2537,0.0,0.0,0.0,500,0.75908,0,0,1,0
2538,0.0,0.0,0.0,500,0.758985,0,0,1,0
2539,0.0,0.0,0.0,500,0.75889,0,0,1,0
2540,0.0,0.0,0.0,500,0.758795,0,0,1,0
2541,0.0,0.0,0.0,500,0.7587,0,0,1,0
2542,0.0,0.0,0.0,500,0.758605,0,0,1,0
2543,0.0,0.0,0.0,500,0.75851,0,0,1,0
2544,0.0,0.0,0.0,500,0.758415,0,0,1,0
2545,0.0,0.0,0.0,500,0.75832,0,0,1,0
2546,0.0,0.0,0.0,500,0.758225,0,0,1,0
2547,0.0,0.0,0.0,500,0.75813,0,0,1,0
2548,0.0,0.0,0.0,500,0.758035,0,0,1,0
2549,0.0,0.0,0.0,500,0.75794,0,0,1,0
2550,0.0,0.0,0.0,500,0.757845,0,0,1,0
2551,0.0,0.0,0.0,500,0.75775,0,0,1,0
2552,0.0,0.0,0.0,500,0.757655,0,0,1,0
2553,0.0,0.0,0.0,500,0.75756,0,0,1,0
2554,0.0,0.0,0.0,500,0.757465,0,0,1,0
2555,0.0,0.0,0.0,500,0.75737,0,0,1,0
2556,0.0,0.0,0.0,500,0.757275,0,0,1,0
2557,0.0,0.0,0.0,500,0.75718,0,0,1,0
2558,0.0,0.0,0.0,500,0.757085,0,0,1,0
2559,0.0,0.0,0.0,500,0.75699,0,0,1,0
2560,0.0,0.0,0.0,500,0.756895,0,0,1,0
2561,0.0,0.0,0.0,500,0.7568,0,0,1,0
2562,0.0,0.0,0.0,500,0.756705,0,0,1,0
2563,0.0,0.0,0.0,500,0.75661,0,0,1,0
2564,0.0,0.0,0.0,500,0.756515,0,0,1,0
2565,0.0,0.0,0.0,500,0.75642,0,0,1,0
2566,0.0,0.0,0.0,500,0.756325,0,0,1,0
2567,0.0,0.0,0.0,500,0.75623,0,0,1,0
2568,0.0,0.0,0.0,500,0.756135,0,0,1,0
2569,0.0,0.0,0.0,500,0.75604,0,0,1,0
2570,0.0,0.0,0.0,500,0.755945,0,0,1,0
2571,0.0,0.0,0.0,500,0.75585,0,0,1,0
2572,0.0,0.0,0.0,500,0.755755,0,0,1,0
2573,0.0,0.0,0.0,500,0.75566,0,0,1,0
2574,0.0,0.0,0.0,500,0.755565,0,0,1,0
2575,0.0,0.0,0.0,500,0.75547,0,0,1,0
2576,0.0,0.0,0.0,500,0.755375,0,0,1,0
2577,0.0,0.0,0.0,500,0.75528,0,0,1,0
2578,0.0,0.0,0.0,500,0.755185,0,0,1,0
2579,0.0,0.0,0.0,500,0.75509,0,0,1,0
2580,0.0,0.0,0.0,500,0.754995,0,0,1,0
2581,0.0,0.0,0.0,500,0.7549,0,0,1,0
2582,0.0,0.0,0.0,500,0.754805,0,0,1,0
2583,0.0,0.0,0.0,500,0.75471,0,0,1,0
2584,0.0,0.0,0.0,500,0.754615,0,0,1,0
2585,0.0,0.0,0.0,500,0.75452,0,0,1,0
2586,0.0,0.0,0.0,500,0.754425,0,0,1,0
2587,0.0,0.0,0.0,500,0.7543300000000001,0,0,1,0
2588,0.0,0.0,0.0,500,0.754235,0,0,1,0
2589,0.0,0.0,0.0,500,0.75414,0,0,1,0
2590,0.0,0.0,0.0,500,0.754045,0,0,1,0
2591,0.0,0.0,0.0,500,0.75395,0,0,1,0
2592,0.0,0.0,0.0,500,0.753855,0,0,1,0
2593,0.0,0.0,0.0,500,0.75376,0,0,1,0
2594,0.0,0.0,0.0,500,0.753665,0,0,1,0
2595,0.0,0.0,0.0,500,0.75357,0,0,1,0
2596,0.0,0.0,0.0,500,0.753475,0,0,1,0
2597,0.0,0.0,0.0,500,0.75338,0,0,1,0
2598,0.0,0.0,0.0,500,0.753285,0,0,1,0
2599,0.0,0.0,0.0,500,0.75319,0,0,1,0
2600,0.0,0.0,0.0,500,0.753095,0,0,1,0
2601,0.0,0.0,0.0,500,0.753,0,0,1,0
2602,0.0,0.0,0.0,500,0.752905,0,0,1,0
2603,0.0,0.0,0.0,500,0.75281,0,0,1,0
2604,0.0,0.0,0.0,500,0.752715,0,0,1,0
2605,0.0,0.0,0.0,500,0.75262,0,0,1,0
2606,0.0,0.0,0.0,500,0.752525,0,0,1,0
2607,0.0,0.0,0.0,500,0.75243,0,0,1,0
2608,0.0,0.0,0.0,500,0.752335,0,0,1,0
2609,0.0,0.0,0.0,500,0.75224,0,0,1,0
2610,0.0,0.0,0.0,500,0.752145,0,0,1,0
2611,0.0,0.0,0.0,500,0.75205,0,0,1,0
2612,0.0,0.0,0.0,500,0.751955,0,0,1,0
2613,0.0,0.0,0.0,500,0.75186,0,0,1,0
2614,0.0,0.0,0.0,500,0.751765,0,0,1,0
2615,0.0,0.0,0.0,500,0.7516700000000001,0,0,1,0
2616,0.0,0.0,0.0,500,0.751575,0,0,1,0
2617,0.0,0.0,0.0,500,0.75148,0,0,1,0
2618,0.0,0.0,0.0,500,0.751385,0,0,1,0
2619,0.0,0.0,0.0,500,0.75129,0,0,1,0
2620,0.0,0.0,0.0,500,0.7511950000000001,0,0,1,0
2621,0.0,0.0,0.0,500,0.7511,0,0,1,0
2622,0.0,0.0,0.0,500,0.751005,0,0,1,0
2623,0.0,0.0,0.0,500,0.75091,0,0,1,0
2624,0.0,0.0,0.0,500,0.750815,0,0,1,0
2625,0.0,0.0,0.0,500,0.75072,0,0,1,0
2626,0.0,0.0,0.0,500,0.750625,0,0,1,0
2627,0.0,0.0,0.0,500,0.75053,0,0,1,0
2628,0.0,0.0,0.0,500,0.750435,0,0,1,0
2629,0.0,0.0,0.0,500,0.75034,0,0,1,0
2630,0.0,0.0,0.0,500,0.750245,0,0,1,0
2631,0.0,0.0,0.0,500,0.75015,0,0,1,0
2632,0.0,0.0,0.0,500,0.750055,0,0,1,0
2633,0.0,0.0,0.0,500,0.74996,0,0,1,0
2634,0.0,0.0,0.0,500,0.749865,0,0,1,0
2635,0.0,0.0,0.0,500,0.74977,0,0,1,0
2636,0.0,0.0,0.0,500,0.749675,0,0,1,0
2637,0.0,0.0,0.0,500,0.74958,0,0,1,0
2638,0.0,0.0,0.0,500,0.749485,0,0,1,0
2639,0.0,0.0,0.0,500,0.74939,0,0,1,0
2640,0.0,0.0,0.0,500,0.749295,0,0,1,0
2641,0.0,0.0,0.0,500,0.7492,0,0,1,0
2642,0.0,0.0,0.0,500,0.749105,0,0,1,0
2643,0.0,0.0,0.0,500,0.74901,0,0,1,0
2644,0.0,0.0,0.0,500,0.748915,0,0,1,0
2645,0.0,0.0,0.0,500,0.74882,0,0,1,0
2646,0.0,0.0,0.0,500,0.748725,0,0,1,0
2647,0.0,0.0,0.0,500,0.74863,0,0,1,0
2648,0.0,0.0,0.0,500,0.748535,0,0,1,0
2649,0.0,0.0,0.0,500,0.74844,0,0,1,0
2650,0.0,0.0,0.0,500,0.748345,0,0,1,0
2651,0.0,0.0,0.0,500,0.7482500000000001,0,0,1,0
2652,0.0,0.0,0.0,500,0.748155,0,0,1,0
2653,0.0,0.0,0.0,500,0.74806,0,0,1,0
2654,0.0,0.0,0.0,500,0.747965,0,0,1,0
2655,0.0,0.0,0.0,500,0.74787,0,0,1,0
2656,0.0,0.0,0.0,500,0.7477750000000001,0,0,1,0
2657,0.0,0.0,0.0,500,0.74768,0,0,1,0
2658,0.0,0.0,0.0,500,0.7475849999999999,0,0,1,0
2659,0.0,0.0,0.0,500,0.74749,0,0,1,0
2660,0.0,0.0,0.0,500,0.747395,0,0,1,0
2661,0.0,0.0,0.0,500,0.7473000000000001,0,0,1,0
2662,0.0,0.0,0.0,500,0.747205,0,0,1,0
2663,0.0,0.0,0.0,500,0.7471099999999999,0,0,1,0
2664,0.0,0.0,0.0,500,0.747015,0,0,1,0
2665,0.0,0.0,0.0,500,0.74692,0,0,1,0
2666,0.0,0.0,0.0,500,0.7468250000000001,0,0,1,0
2667,0.0,0.0,0.0,500,0.74673,0,0,1,0
2668,0.0,0.0,0.0,500,0.7466349999999999,0,0,1,0
2669,0.0,0.0,0.0,500,0.74654,0,0,1,0
2670,0.0,0.0,0.0,500,0.746445,0,0,1,0
2671,0.0,0.0,0.0,500,0.7463500000000001,0,0,1,0
2672,0.0,0.0,0.0,500,0.746255,0,0,1,0
2673,0.0,0.0,0.0,500,0.74616,0,0,1,0
2674,0.0,0.0,0.0,500,0.746065,0,0,1,0
2675,0.0,0.0,0.0,500,0.74597,0,0,1,0
2676,0.0,0.0,0.0,500,0.7458750000000001,0,0,1,0
2677,0.0,0.0,0.0,500,0.74578,0,0,1,0
2678,0.0,0.0,0.0,500,0.745685,0,0,1,0
2679,0.0,0.0,0.0,500,0.74559,0,0,1,0
2680,0.0,0.0,0.0,500,0.745495,0,0,1,0
2681,0.0,0.0,0.0,500,0.7454000000000001,0,0,1,0
2682,0.0,0.0,0.0,500,0.745305,0,0,1,0
2683,0.0,0.0,0.0,500,0.74521,0,0,1,0
2684,0.0,0.0,0.0,500,0.745115,0,0,1,0
2685,0.0,0.0,0.0,500,0.74502,0,0,1,0
2686,0.0,0.0,0.0,500,0.7449250000000001,0,0,1,0
2687,0.0,0.0,0.0,500,0.74483,0,0,1,0
2688,0.0,0.0,0.0,500,0.744735,0,0,1,0
2689,0.0,0.0,0.0,500,0.74464,0,0,1,0
2690,0.0,0.0,0.0,500,0.744545,0,0,1,0
2691,0.0,0.0,0.0,500,0.7444500000000001,0,0,1,0
2692,0.0,0.0,0.0,500,0.744355,0,0,1,0
2693,0.0,0.0,0.0,500,0.74426,0,0,1,0
2694,0.0,0.0,0.0,500,0.744165,0,0,1,0
2695,0.0,0.0,0.0,500,0.74407,0,0,1,0
2696,0.0,0.0,0.0,500,0.743975,0,0,1,0
2697,0.0,0.0,0.0,500,0.74388,0,0,1,0
2698,0.0,0.0,0.0,500,0.743785,0,0,1,0
2699,0.0,0.0,0.0,500,0.74369,0,0,1,0
2700,0.0,0.0,0.0,500,0.743595,0,0,1,0
2701,0.0,0.0,0.0,500,0.7435,0,0,1,0
2702,0.0,0.0,0.0,500,0.743405,0,0,1,0
2703,0.0,0.0,0.0,500,0.74331,0,0,1,0
2704,0.0,0.0,0.0,500,0.743215,0,0,1,0
2705,0.0,0.0,0.0,500,0.74312,0,0,1,0
2706,0.0,0.0,0.0,500,0.743025,0,0,1,0
2707,0.0,0.0,0.0,500,0.74293,0,0,1,0
2708,0.0,0.0,0.0,500,0.742835,0,0,1,0
2709,0.0,0.0,0.0,500,0.74274,0,0,1,0
2710,0.0,0.0,0.0,500,0.742645,0,0,1,0
2711,0.0,0.0,0.0,500,0.74255,0,0,1,0
2712,0.0,0.0,0.0,500,0.7424550000000001,0,0,1,0
2713,0.0,0.0,0.0,500,0.74236,0,0,1,0
2714,0.0,0.0,0.0,500,0.742265,0,0,1,0
2715,0.0,0.0,0.0,500,0.74217,0,0,1,0
2716,0.0,0.0,0.0,500,0.742075,0,0,1,0
2717,0.0,0.0,0.0,500,0.7419800000000001,0,0,1,0
2718,0.0,0.0,0.0,500,0.741885,0,0,1,0
2719,0.0,0.0,0.0,500,0.74179,0,0,1,0
2720,0.0,0.0,0.0,500,0.741695,0,0,1,0
2721,0.0,0.0,0.0,500,0.7416,0,0,1,0
2722,0.0,0.0,0.0,500,0.7415050000000001,0,0,1,0
2723,0.0,0.0,0.0,500,0.74141,0,0,1,0
2724,0.0,0.0,0.0,500,0.741315,0,0,1,0
2725,0.0,0.0,0.0,500,0.74122,0,0,1,0
2726,0.0,0.0,0.0,500,0.741125,0,0,1,0
2727,0.0,0.0,0.0,500,0.7410300000000001,0,0,1,0
2728,0.0,0.0,0.0,500,0.740935,0,0,1,0
2729,0.0,0.0,0.0,500,0.7408399999999999,0,0,1,0
2730,0.0,0.0,0.0,500,0.740745,0,0,1,0
2731,0.0,0.0,0.0,500,0.74065,0,0,1,0
2732,0.0,0.0,0.0,500,0.7405550000000001,0,0,1,0
2733,0.0,0.0,0.0,500,0.74046,0,0,1,0
2734,0.0,0.0,0.0,500,0.740365,0,0,1,0
2735,0.0,0.0,0.0,500,0.74027,0,0,1,0
2736,0.0,0.0,0.0,500,0.740175,0,0,1,0
2737,0.0,0.0,0.0,500,0.7400800000000001,0,0,1,0
2738,0.0,0.0,0.0,500,0.739985,0,0,1,0
2739,0.0,0.0,0.0,500,0.73989,0,0,1,0
2740,0.0,0.0,0.0,500,0.739795,0,0,1,0
2741,0.0,0.0,0.0,500,0.7397,0,0,1,0
2742,0.0,0.0,0.0,500,0.7396050000000001,0,0,1,0
2743,0.0,0.0,0.0,500,0.73951,0,0,1,0
2744,0.0,0.0,0.0,500,0.739415,0,0,1,0
2745,0.0,0.0,0.0,500,0.73932,0,0,1,0
2746,0.0,0.0,0.0,500,0.739225,0,0,1,0
2747,0.0,0.0,0.0,500,0.7391300000000001,0,0,1,0
2748,0.0,0.0,0.0,500,0.739035,0,0,1,0
2749,0.0,0.0,0.0,500,0.73894,0,0,1,0
2750,0.0,0.0,0.0,500,0.738845,0,0,1,0
2751,0.0,0.0,0.0,500,0.73875,0,0,1,0
2752,0.0,0.0,0.0,500,0.7386550000000001,0,0,1,0
2753,0.0,0.0,0.0,500,0.73856,0,0,1,0
2754,0.0,0.0,0.0,500,0.738465,0,0,1,0
2755,0.0,0.0,0.0,500,0.73837,0,0,1,0
2756,0.0,0.0,0.0,500,0.738275,0,0,1,0
2757,0.0,0.0,0.0,500,0.7381800000000001,0,0,1,0
2758,0.0,0.0,0.0,500,0.738085,0,0,1,0
2759,0.0,0.0,0.0,500,0.73799,0,0,1,0
2760,0.0,0.0,0.0,500,0.737895,0,0,1,0
2761,0.0,0.0,0.0,500,0.7378,0,0,1,0
2762,0.0,0.0,0.0,500,0.737705,0,0,1,0
2763,0.0,0.0,0.0,500,0.73761,0,0,1,0
2764,0.0,0.0,0.0,500,0.737515,0,0,1,0
2765,0.0,0.0,0.0,500,0.73742,0,0,1,0
2766,0.0,0.0,0.0,500,0.737325,0,0,1,0
2767,0.0,0.0,0.0,500,0.73723,0,0,1,0
2768,0.0,0.0,0.0,500,0.737135,0,0,1,0
2769,0.0,0.0,0.0,500,0.73704,0,0,1,0
2770,0.0,0.0,0.0,500,0.736945,0,0,1,0
2771,0.0,0.0,0.0,500,0.73685,0,0,1,0
2772,0.0,0.0,0.0,500,0.736755,0,0,1,0
2773,0.0,0.0,0.0,500,0.7366600000000001,0,0,1,0
2774,0.0,0.0,0.0,500,0.736565,0,0,1,0
2775,0.0,0.0,0.0,500,0.73647,0,0,1,0
2776,0.0,0.0,0.0,500,0.736375,0,0,1,0
2777,0.0,0.0,0.0,500,0.73628,0,0,1,0
2778,0.0,0.0,0.0,500,0.7361850000000001,0,0,1,0
2779,0.0,0.0,0.0,500,0.73609,0,0,1,0
2780,0.0,0.0,0.0,500,0.735995,0,0,1,0
2781,0.0,0.0,0.0,500,0.7359,0,0,1,0
2782,0.0,0.0,0.0,500,0.735805,0,0,1,0
2783,0.0,0.0,0.0,500,0.7357100000000001,0,0,1,0
2784,0.0,0.0,0.0,500,0.735615,0,0,1,0
2785,0.0,0.0,0.0,500,0.73552,0,0,1,0
2786,0.0,0.0,0.0,500,0.735425,0,0,1,0
2787,0.0,0.0,0.0,500,0.73533,0,0,1,0
2788,0.0,0.0,0.0,500,0.7352350000000001,0,0,1,0
2789,0.0,0.0,0.0,500,0.73514,0,0,1,0
2790,0.0,0.0,0.0,500,0.735045,0,0,1,0
2791,0.0,0.0,0.0,500,0.73495,0,0,1,0
2792,0.0,0.0,0.0,500,0.734855,0,0,1,0
2793,0.0,0.0,0.0,500,0.7347600000000001,0,0,1,0
2794,0.0,0.0,0.0,500,0.734665,0,0,1,0
2795,0.0,0.0,0.0,500,0.7345700000000001,0,0,1,0
2796,0.0,0.0,0.0,500,0.734475,0,0,1,0
2797,0.0,0.0,0.0,500,0.73438,0,0,1,0
2798,0.0,0.0,0.0,500,0.7342850000000001,0,0,1,0
2799,0.0,0.0,0.0,500,0.73419,0,0,1,0
2800,0.0,0.0,0.0,500,0.734095,0,0,1,0
2801,0.0,0.0,0.0,500,0.734,0,0,1,0
2802,0.0,0.0,0.0,500,0.733905,0,0,1,0
2803,0.0,0.0,0.0,500,0.7338100000000001,0,0,1,0
2804,0.0,0.0,0.0,500,0.733715,0,0,1,0
2805,0.0,0.0,0.0,500,0.73362,0,0,1,0
2806,0.0,0.0,0.0,500,0.733525,0,0,1,0
2807,0.0,0.0,0.0,500,0.73343,0,0,1,0
2808,0.0,0.0,0.0,500,0.7333350000000001,0,0,1,0
2809,0.0,0.0,0.0,500,0.73324,0,0,1,0
2810,0.0,0.0,0.0,500,0.733145,0,0,1,0
2811,0.0,0.0,0.0,500,0.73305,0,0,1,0
2812,0.0,0.0,0.0,500,0.732955,0,0,1,0
2813,0.0,0.0,0.0,500,0.7328600000000001,0,0,1,0
2814,0.0,0.0,0.0,500,0.732765,0,0,1,0
2815,0.0,0.0,0.0,500,0.73267,0,0,1,0
2816,0.0,0.0,0.0,500,0.732575,0,0,1,0
2817,0.0,0.0,0.0,500,0.73248,0,0,1,0
2818,0.0,0.0,0.0,500,0.7323850000000001,0,0,1,0
2819,0.0,0.0,0.0,500,0.73229,0,0,1,0
2820,0.0,0.0,0.0,500,0.732195,0,0,1,0
2821,0.0,0.0,0.0,500,0.7321,0,0,1,0
2822,0.0,0.0,0.0,500,0.732005,0,0,1,0
2823,0.0,0.0,0.0,500,0.7319100000000001,0,0,1,0
2824,0.0,0.0,0.0,500,0.731815,0,0,1,0
2825,0.0,0.0,0.0,500,0.73172,0,0,1,0
2826,0.0,0.0,0.0,500,0.731625,0,0,1,0
2827,0.0,0.0,0.0,500,0.73153,0,0,1,0
2828,0.0,0.0,0.0,500,0.7314350000000001,0,0,1,0
2829,0.0,0.0,0.0,500,0.73134,0,0,1,0
2830,0.0,0.0,0.0,500,0.731245,0,0,1,0
2831,0.0,0.0,0.0,500,0.73115,0,0,1,0
2832,0.0,0.0,0.0,500,0.731055,0,0,1,0
2833,0.0,0.0,0.0,500,0.73096,0,0,1,0
2834,0.0,0.0,0.0,500,0.7308650000000001,0,0,1,0
2835,0.0,0.0,0.0,500,0.73077,0,0,1,0
2836,0.0,0.0,0.0,500,0.730675,0,0,1,0
2837,0.0,0.0,0.0,500,0.73058,0,0,1,0
2838,0.0,0.0,0.0,500,0.730485,0,0,1,0
2839,0.0,0.0,0.0,500,0.7303900000000001,0,0,1,0
2840,0.0,0.0,0.0,500,0.730295,0,0,1,0
2841,0.0,0.0,0.0,500,0.7302,0,0,1,0
2842,0.0,0.0,0.0,500,0.730105,0,0,1,0
2843,0.0,0.0,0.0,500,0.73001,0,0,1,0
2844,0.0,0.0,0.0,500,0.7299150000000001,0,0,1,0
2845,0.0,0.0,0.0,500,0.72982,0,0,1,0
2846,0.0,0.0,0.0,500,0.729725,0,0,1,0
2847,0.0,0.0,0.0,500,0.72963,0,0,1,0
2848,0.0,0.0,0.0,500,0.729535,0,0,1,0
2849,0.0,0.0,0.0,500,0.7294400000000001,0,0,1,0
2850,0.0,0.0,0.0,500,0.729345,0,0,1,0
2851,0.0,0.0,0.0,500,0.72925,0,0,1,0
2852,0.0,0.0,0.0,500,0.729155,0,0,1,0
2853,0.0,0.0,0.0,500,0.72906,0,0,1,0
2854,0.0,0.0,0.0,500,0.7289650000000001,0,0,1,0
2855,0.0,0.0,0.0,500,0.72887,0,0,1,0
2856,0.0,0.0,0.0,500,0.7287750000000001,0,0,1,0
2857,0.0,0.0,0.0,500,0.72868,0,0,1,0
2858,0.0,0.0,0.0,500,0.728585,0,0,1,0
2859,0.0,0.0,0.0,500,0.7284900000000001,0,0,1,0
2860,0.0,0.0,0.0,500,0.728395,0,0,1,0
2861,0.0,0.0,0.0,500,0.7283000000000001,0,0,1,0
2862,0.0,0.0,0.0,500,0.728205,0,0,1,0
2863,0.0,0.0,0.0,500,0.72811,0,0,1,0
2864,0.0,0.0,0.0,500,0.7280150000000001,0,0,1,0
2865,0.0,0.0,0.0,500,0.72792,0,0,1,0
2866,0.0,0.0,0.0,500,0.727825,0,0,1,0
2867,0.0,0.0,0.0,500,0.72773,0,0,1,0
2868,0.0,0.0,0.0,500,0.727635,0,0,1,0
2869,0.0,0.0,0.0,500,0.7275400000000001,0,0,1,0
2870,0.0,0.0,0.0,500,0.727445,0,0,1,0
2871,0.0,0.0,0.0,500,0.72735,0,0,1,0
2872,0.0,0.0,0.0,500,0.727255,0,0,1,0
2873,0.0,0.0,0.0,500,0.72716,0,0,1,0
2874,0.0,0.0,0.0,500,0.7270650000000001,0,0,1,0
2875,0.0,0.0,0.0,500,0.72697,0,0,1,0
2876,0.0,0.0,0.0,500,0.726875,0,0,1,0
2877,0.0,0.0,0.0,500,0.72678,0,0,1,0
2878,0.0,0.0,0.0,500,0.726685,0,0,1,0
2879,0.0,0.0,0.0,500,0.7265900000000001,0,0,1,0
2880,0.0,0.0,0.0,500,0.726495,0,0,1,0
2881,0.0,0.0,0.0,500,0.7264,0,0,1,0
2882,0.0,0.0,0.0,500,0.726305,0,0,1,0
2883,0.0,0.0,0.0,500,0.72621,0,0,1,0
2884,0.0,0.0,0.0,500,0.7261150000000001,0,0,1,0
2885,0.0,0.0,0.0,500,0.72602,0,0,1,0
2886,0.0,0.0,0.0,500,0.725925,0,0,1,0
2887,0.0,0.0,0.0,500,0.72583,0,0,1,0
2888,0.0,0.0,0.0,500,0.725735,0,0,1,0
2889,0.0,0.0,0.0,500,0.7256400000000001,0,0,1,0
2890,0.0,0.0,0.0,500,0.725545,0,0,1,0
2891,0.0,0.0,0.0,500,0.72545,0,0,1,0
2892,0.0,0.0,0.0,500,0.725355,0,0,1,0
2893,0.0,0.0,0.0,500,0.72526,0,0,1,0
2894,0.0,0.0,0.0,500,0.7251650000000001,0,0,1,0
2895,0.0,0.0,0.0,500,0.7250700000000001,0,0,1,0
2896,0.0,0.0,0.0,500,0.724975,0,0,1,0
2897,0.0,0.0,0.0,500,0.72488,0,0,1,0
2898,0.0,0.0,0.0,500,0.724785,0,0,1,0
2899,0.0,0.0,0.0,500,0.7246900000000001,0,0,1,0
2900,0.0,0.0,0.0,500,0.7245950000000001,0,0,1,0
2901,0.0,0.0,0.0,500,0.7245,0,0,1,0
2902,0.0,0.0,0.0,500,0.724405,0,0,1,0
2903,0.0,0.0,0.0,500,0.72431,0,0,1,0
2904,0.0,0.0,0.0,500,0.724215,0,0,1,0
2905,0.0,0.0,0.0,500,0.7241200000000001,0,0,1,0
2906,0.0,0.0,0.0,500,0.724025,0,0,1,0
2907,0.0,0.0,0.0,500,0.72393,0,0,1,0
2908,0.0,0.0,0.0,500,0.723835,0,0,1,0
2909,0.0,0.0,0.0,500,0.72374,0,0,1,0
2910,0.0,0.0,0.0,500,0.7236450000000001,0,0,1,0
2911,0.0,0.0,0.0,500,0.72355,0,0,1,0
2912,0.0,0.0,0.0,500,0.723455,0,0,1,0
2913,0.0,0.0,0.0,500,0.72336,0,0,1,0
2914,0.0,0.0,0.0,500,0.723265,0,0,1,0
2915,0.0,0.0,0.0,500,0.7231700000000001,0,0,1,0
2916,0.0,0.0,0.0,500,0.723075,0,0,1,0
2917,0.0,0.0,0.0,500,0.72298,0,0,1,0
2918,0.0,0.0,0.0,500,0.722885,0,0,1,0
2919,0.0,0.0,0.0,500,0.72279,0,0,1,0
2920,0.0,0.0,0.0,500,0.7226950000000001,0,0,1,0
2921,0.0,0.0,0.0,500,0.7226,0,0,1,0
2922,0.0,0.0,0.0,500,0.722505,0,0,1,0
2923,0.0,0.0,0.0,500,0.72241,0,0,1,0
2924,0.0,0.0,0.0,500,0.722315,0,0,1,0
2925,0.0,0.0,0.0,500,0.7222200000000001,0,0,1,0
2926,0.0,0.0,0.0,500,0.722125,0,0,1,0
2927,0.0,0.0,0.0,500,0.72203,0,0,1,0
2928,0.0,0.0,0.0,500,0.721935,0,0,1,0
2929,0.0,0.0,0.0,500,0.72184,0,0,1,0
2930,0.0,0.0,0.0,500,0.7217450000000001,0,0,1,0
2931,0.0,0.0,0.0,500,0.72165,0,0,1,0
2932,0.0,0.0,0.0,500,0.721555,0,0,1,0
2933,0.0,0.0,0.0,500,0.72146,0,0,1,0
2934,0.0,0.0,0.0,500,0.721365,0,0,1,0
2935,0.0,0.0,0.0,500,0.7212700000000001,0,0,1,0
2936,0.0,0.0,0.0,500,0.721175,0,0,1,0
2937,0.0,0.0,0.0,500,0.7210799999999999,0,0,1,0
2938,0.0,0.0,0.0,500,0.720985,0,0,1,0
2939,0.0,0.0,0.0,500,0.72089,0,0,1,0
2940,0.0,0.0,0.0,500,0.7207950000000001,0,0,1,0
2941,0.0,0.0,0.0,500,0.7207,0,0,1,0
2942,0.0,0.0,0.0,500,0.720605,0,0,1,0
2943,0.0,0.0,0.0,500,0.72051,0,0,1,0
2944,0.0,0.0,0.0,500,0.720415,0,0,1,0
2945,0.0,0.0,0.0,500,0.7203200000000001,0,0,1,0
2946,0.0,0.0,0.0,500,0.720225,0,0,1,0
2947,0.0,0.0,0.0,500,0.72013,0,0,1,0
2948,0.0,0.0,0.0,500,0.720035,0,0,1,0
2949,0.0,0.0,0.0,500,0.71994,0,0,1,0
2950,0.0,0.0,0.0,500,0.7198450000000001,0,0,1,0
2951,0.0,0.0,0.0,500,0.71975,0,0,1,0
2952,0.0,0.0,0.0,500,0.719655,0,0,1,0
2953,0.0,0.0,0.0,500,0.71956,0,0,1,0
2954,0.0,0.0,0.0,500,0.719465,0,0,1,0
2955,0.0,0.0,0.0,500,0.7193700000000001,0,0,1,0
2956,0.0,0.0,0.0,500,0.7192750000000001,0,0,1,0
2957,0.0,0.0,0.0,500,0.71918,0,0,1,0
2958,0.0,0.0,0.0,500,0.719085,0,0,1,0
2959,0.0,0.0,0.0,500,0.71899,0,0,1,0
2960,0.0,0.0,0.0,500,0.7188950000000001,0,0,1,0
2961,0.0,0.0,0.0,500,0.7188000000000001,0,0,1,0
2962,0.0,0.0,0.0,500,0.718705,0,0,1,0
2963,0.0,0.0,0.0,500,0.71861,0,0,1,0
2964,0.0,0.0,0.0,500,0.718515,0,0,1,0
2965,0.0,0.0,0.0,500,0.7184200000000001,0,0,1,0
2966,0.0,0.0,0.0,500,0.7183250000000001,0,0,1,0
2967,0.0,0.0,0.0,500,0.71823,0,0,1,0
2968,0.0,0.0,0.0,500,0.718135,0,0,1,0
2969,0.0,0.0,0.0,500,0.71804,0,0,1,0
2970,0.0,0.0,0.0,500,0.717945,0,0,1,0
2971,0.0,0.0,0.0,500,0.7178500000000001,0,0,1,0
2972,0.0,0.0,0.0,500,0.717755,0,0,1,0
2973,0.0,0.0,0.0,500,0.71766,0,0,1,0
2974,0.0,0.0,0.0,500,0.717565,0,0,1,0
2975,0.0,0.0,0.0,500,0.71747,0,0,1,0
2976,0.0,0.0,0.0,500,0.7173750000000001,0,0,1,0
2977,0.0,0.0,0.0,500,0.71728,0,0,1,0
2978,0.0,0.0,0.0,500,0.717185,0,0,1,0
2979,0.0,0.0,0.0,500,0.71709,0,0,1,0
2980,0.0,0.0,0.0,500,0.716995,0,0,1,0
2981,0.0,0.0,0.0,500,0.7169000000000001,0,0,1,0
2982,0.0,0.0,0.0,500,0.716805,0,0,1,0
2983,0.0,0.0,0.0,500,0.71671,0,0,1,0
2984,0.0,0.0,0.0,500,0.716615,0,0,1,0
2985,0.0,0.0,0.0,500,0.71652,0,0,1,0
2986,0.0,0.0,0.0,500,0.7164250000000001,0,0,1,0
2987,0.0,0.0,0.0,500,0.71633,0,0,1,0
2988,0.0,0.0,0.0,500,0.716235,0,0,1,0
2989,0.0,0.0,0.0,500,0.71614,0,0,1,0
2990,0.0,0.0,0.0,500,0.716045,0,0,1,0
2991,0.0,0.0,0.0,500,0.7159500000000001,0,0,1,0
2992,0.0,0.0,0.0,500,0.715855,0,0,1,0
2993,0.0,0.0,0.0,500,0.71576,0,0,1,0
2994,0.0,0.0,0.0,500,0.715665,0,0,1,0
2995,0.0,0.0,0.0,500,0.71557,0,0,1,0
2996,0.0,0.0,0.0,500,0.7154750000000001,0,0,1,0
2997,0.0,0.0,0.0,500,0.71538,0,0,1,0
2998,0.0,0.0,0.0,500,0.715285,0,0,1,0
2999,0.0,0.0,0.0,500,0.71519,0,0,1,0
3000,0.0,0.0,0.0,500,0.715095,0,0,1,0
3001,0.0,0.0,0.0,500,0.7150000000000001,0,0,1,0
3002,0.0,0.0,0.0,500,0.714905,0,0,1,0
3003,0.0,0.0,0.0,500,0.71481,0,0,1,0
3004,0.0,0.0,0.0,500,0.714715,0,0,1,0
3005,0.0,0.0,0.0,500,0.71462,0,0,1,0
3006,0.0,0.0,0.0,500,0.7145250000000001,0,0,1,0
3007,0.0,0.0,0.0,500,0.71443,0,0,1,0
3008,0.0,0.0,0.0,500,0.7143349999999999,0,0,1,0
3009,0.0,0.0,0.0,500,0.71424,0,0,1,0
3010,0.0,0.0,0.0,500,0.714145,0,0,1,0
3011,0.0,0.0,0.0,500,0.7140500000000001,0,0,1,0
3012,0.0,0.0,0.0,500,0.713955,0,0,1,0
3013,0.0,0.0,0.0,500,0.7138599999999999,0,0,1,0
3014,0.0,0.0,0.0,500,0.713765,0,0,1,0
3015,0.0,0.0,0.0,500,0.71367,0,0,1,0
3016,0.0,0.0,0.0,500,0.7135750000000001,0,0,1,0
3017,0.0,0.0,0.0,500,0.7134800000000001,0,0,1,0
3018,0.0,0.0,0.0,500,0.7133849999999999,0,0,1,0
3019,0.0,0.0,0.0,500,0.71329,0,0,1,0
3020,0.0,0.0,0.0,500,0.713195,0,0,1,0
3021,0.0,0.0,0.0,500,0.7131000000000001,0,0,1,0
3022,0.0,0.0,0.0,500,0.7130050000000001,0,0,1,0
3023,0.0,0.0,0.0,500,0.7129099999999999,0,0,1,0
3024,0.0,0.0,0.0,500,0.712815,0,0,1,0
3025,0.0,0.0,0.0,500,0.71272,0,0,1,0
3026,0.0,0.0,0.0,500,0.7126250000000001,0,0,1,0
3027,0.0,0.0,0.0,500,0.7125300000000001,0,0,1,0
3028,0.0,0.0,0.0,500,0.7124349999999999,0,0,1,0
3029,0.0,0.0,0.0,500,0.71234,0,0,1,0
3030,0.0,0.0,0.0,500,0.712245,0,0,1,0
3031,0.0,0.0,0.0,500,0.7121500000000001,0,0,1,0
3032,0.0,0.0,0.0,500,0.7120550000000001,0,0,1,0
3033,0.0,0.0,0.0,500,0.7119599999999999,0,0,1,0
3034,0.0,0.0,0.0,500,0.711865,0,0,1,0
3035,0.0,0.0,0.0,500,0.71177,0,0,1,0
3036,0.0,0.0,0.0,500,0.7116750000000001,0,0,1,0
3037,0.0,0.0,0.0,500,0.7115800000000001,0,0,1,0
3038,0.0,0.0,0.0,500,0.7114849999999999,0,0,1,0
3039,0.0,0.0,0.0,500,0.71139,0,0,1,0
3040,0.0,0.0,0.0,500,0.711295,0,0,1,0
3041,0.0,0.0,0.0,500,0.7112,0,0,1,0
3042,0.0,0.0,0.0,500,0.7111050000000001,0,0,1,0
3043,0.0,0.0,0.0,500,0.7110099999999999,0,0,1,0
3044,0.0,0.0,0.0,500,0.710915,0,0,1,0
3045,0.0,0.0,0.0,500,0.71082,0,0,1,0
3046,0.0,0.0,0.0,500,0.710725,0,0,1,0
3047,0.0,0.0,0.0,500,0.7106300000000001,0,0,1,0
3048,0.0,0.0,0.0,500,0.7105349999999999,0,0,1,0
3049,0.0,0.0,0.0,500,0.71044,0,0,1,0
3050,0.0,0.0,0.0,500,0.710345,0,0,1,0
3051,0.0,0.0,0.0,500,0.71025,0,0,1,0
3052,0.0,0.0,0.0,500,0.7101550000000001,0,0,1,0
3053,0.0,0.0,0.0,500,0.7100599999999999,0,0,1,0
3054,0.0,0.0,0.0,500,0.709965,0,0,1,0
3055,0.0,0.0,0.0,500,0.70987,0,0,1,0
3056,0.0,0.0,0.0,500,0.709775,0,0,1,0
3057,0.0,0.0,0.0,500,0.7096800000000001,0,0,1,0
3058,0.0,0.0,0.0,500,0.7095849999999999,0,0,1,0
3059,0.0,0.0,0.0,500,0.70949,0,0,1,0
3060,0.0,0.0,0.0,500,0.709395,0,0,1,0
3061,0.0,0.0,0.0,500,0.7093,0,0,1,0
3062,0.0,0.0,0.0,500,0.7092050000000001,0,0,1,0
3063,0.0,0.0,0.0,500,0.7091099999999999,0,0,1,0
3064,0.0,0.0,0.0,500,0.709015,0,0,1,0
3065,0.0,0.0,0.0,500,0.70892,0,0,1,0
3066,0.0,0.0,0.0,500,0.708825,0,0,1,0
3067,0.0,0.0,0.0,500,0.7087300000000001,0,0,1,0
3068,0.0,0.0,0.0,500,0.708635,0,0,1,0
3069,0.0,0.0,0.0,500,0.70854,0,0,1,0
3070,0.0,0.0,0.0,500,0.708445,0,0,1,0
3071,0.0,0.0,0.0,500,0.70835,0,0,1,0
3072,0.0,0.0,0.0,500,0.7082550000000001,0,0,1,0
3073,0.0,0.0,0.0,500,0.70816,0,0,1,0
3074,0.0,0.0,0.0,500,0.7080649999999999,0,0,1,0
3075,0.0,0.0,0.0,500,0.70797,0,0,1,0
3076,0.0,0.0,0.0,500,0.707875,0,0,1,0
3077,0.0,0.0,0.0,500,0.7077800000000001,0,0,1,0
3078,0.0,0.0,0.0,500,0.7076850000000001,0,0,1,0
3079,0.0,0.0,0.0,500,0.7075899999999999,0,0,1,0
3080,0.0,0.0,0.0,500,0.707495,0,0,1,0
3081,0.0,0.0,0.0,500,0.7074,0,0,1,0
3082,0.0,0.0,0.0,500,0.7073050000000001,0,0,1,0
3083,0.0,0.0,0.0,500,0.7072100000000001,0,0,1,0
3084,0.0,0.0,0.0,500,0.7071149999999999,0,0,1,0
3085,0.0,0.0,0.0,500,0.70702,0,0,1,0
3086,0.0,0.0,0.0,500,0.706925,0,0,1,0
3087,0.0,0.0,0.0,500,0.7068300000000001,0,0,1,0
3088,0.0,0.0,0.0,500,0.7067350000000001,0,0,1,0
3089,0.0,0.0,0.0,500,0.7066399999999999,0,0,1,0
3090,0.0,0.0,0.0,500,0.706545,0,0,1,0
3091,0.0,0.0,0.0,500,0.70645,0,0,1,0
3092,0.0,0.0,0.0,500,0.7063550000000001,0,0,1,0
3093,0.0,0.0,0.0,500,0.7062600000000001,0,0,1,0
3094,0.0,0.0,0.0,500,0.7061649999999999,0,0,1,0
3095,0.0,0.0,0.0,500,0.70607,0,0,1,0
3096,0.0,0.0,0.0,500,0.705975,0,0,1,0
3097,0.0,0.0,0.0,500,0.7058800000000001,0,0,1,0
3098,0.0,0.0,0.0,500,0.7057850000000001,0,0,1,0
3099,0.0,0.0,0.0,500,0.7056899999999999,0,0,1,0
3100,0.0,0.0,0.0,500,0.705595,0,0,1,0
3101,0.0,0.0,0.0,500,0.7055,0,0,1,0
3102,0.0,0.0,0.0,500,0.7054050000000001,0,0,1,0
3103,0.0,0.0,0.0,500,0.7053100000000001,0,0,1,0
3104,0.0,0.0,0.0,500,0.7052149999999999,0,0,1,0
3105,0.0,0.0,0.0,500,0.70512,0,0,1,0
3106,0.0,0.0,0.0,500,0.705025,0,0,1,0
3107,0.0,0.0,0.0,500,0.7049300000000001,0,0,1,0
3108,0.0,0.0,0.0,500,0.7048350000000001,0,0,1,0
3109,0.0,0.0,0.0,500,0.7047399999999999,0,0,1,0
3110,0.0,0.0,0.0,500,0.704645,0,0,1,0
3111,0.0,0.0,0.0,500,0.70455,0,0,1,0
3112,0.0,0.0,0.0,500,0.704455,0,0,1,0
3113,0.0,0.0,0.0,500,0.7043600000000001,0,0,1,0
3114,0.0,0.0,0.0,500,0.7042649999999999,0,0,1,0
3115,0.0,0.0,0.0,500,0.70417,0,0,1,0
3116,0.0,0.0,0.0,500,0.704075,0,0,1,0
3117,0.0,0.0,0.0,500,0.70398,0,0,1,0
3118,0.0,0.0,0.0,500,0.7038850000000001,0,0,1,0
3119,0.0,0.0,0.0,500,0.7037899999999999,0,0,1,0
3120,0.0,0.0,0.0,500,0.703695,0,0,1,0
3121,0.0,0.0,0.0,500,0.7036,0,0,1,0
3122,0.0,0.0,0.0,500,0.703505,0,0,1,0
3123,0.0,0.0,0.0,500,0.7034100000000001,0,0,1,0
3124,0.0,0.0,0.0,500,0.7033149999999999,0,0,1,0
3125,0.0,0.0,0.0,500,0.70322,0,0,1,0
3126,0.0,0.0,0.0,500,0.703125,0,0,1,0
3127,0.0,0.0,0.0,500,0.70303,0,0,1,0
3128,0.0,0.0,0.0,500,0.7029350000000001,0,0,1,0
3129,0.0,0.0,0.0,500,0.70284,0,0,1,0
3130,0.0,0.0,0.0,500,0.702745,0,0,1,0
3131,0.0,0.0,0.0,500,0.70265,0,0,1,0
3132,0.0,0.0,0.0,500,0.702555,0,0,1,0
3133,0.0,0.0,0.0,500,0.7024600000000001,0,0,1,0
3134,0.0,0.0,0.0,500,0.702365,0,0,1,0
3135,0.0,0.0,0.0,500,0.70227,0,0,1,0
3136,0.0,0.0,0.0,500,0.702175,0,0,1,0
3137,0.0,0.0,0.0,500,0.70208,0,0,1,0
3138,0.0,0.0,0.0,500,0.7019850000000001,0,0,1,0
3139,0.0,0.0,0.0,500,0.70189,0,0,1,0
3140,0.0,0.0,0.0,500,0.701795,0,0,1,0
3141,0.0,0.0,0.0,500,0.7017,0,0,1,0
3142,0.0,0.0,0.0,500,0.701605,0,0,1,0
3143,0.0,0.0,0.0,500,0.7015100000000001,0,0,1,0
3144,0.0,0.0,0.0,500,0.701415,0,0,1,0
3145,0.0,0.0,0.0,500,0.7013199999999999,0,0,1,0
3146,0.0,0.0,0.0,500,0.701225,0,0,1,0
3147,0.0,0.0,0.0,500,0.70113,0,0,1,0
3148,0.0,0.0,0.0,500,0.7010350000000001,0,0,1,0
3149,0.0,0.0,0.0,500,0.70094,0,0,1,0
3150,0.0,0.0,0.0,500,0.7008449999999999,0,0,1,0
3151,0.0,0.0,0.0,500,0.70075,0,0,1,0
3152,0.0,0.0,0.0,500,0.700655,0,0,1,0
3153,0.0,0.0,0.0,500,0.7005600000000001,0,0,1,0
3154,0.0,0.0,0.0,500,0.700465,0,0,1,0
3155,0.0,0.0,0.0,500,0.7003699999999999,0,0,1,0
3156,0.0,0.0,0.0,500,0.700275,0,0,1,0
3157,0.0,0.0,0.0,500,0.70018,0,0,1,0
3158,0.0,0.0,0.0,500,0.7000850000000001,0,0,1,0
3159,0.0,0.0,0.0,500,0.69999,0,0,1,0
3160,0.0,0.0,0.0,500,0.6998949999999999,0,0,1,0
3161,0.0,0.0,0.0,500,0.6998,0,0,1,0
3162,0.0,0.0,0.0,500,0.699705,0,0,1,0
3163,0.0,0.0,0.0,500,0.6996100000000001,0,0,1,0
3164,0.0,0.0,0.0,500,0.699515,0,0,1,0
3165,0.0,0.0,0.0,500,0.6994199999999999,0,0,1,0
3166,0.0,0.0,0.0,500,0.699325,0,0,1,0
3167,0.0,0.0,0.0,500,0.69923,0,0,1,0
3168,0.0,0.0,0.0,500,0.6991350000000001,0,0,1,0
3169,0.0,0.0,0.0,500,0.69904,0,0,1,0
3170,0.0,0.0,0.0,500,0.6989449999999999,0,0,1,0
3171,0.0,0.0,0.0,500,0.69885,0,0,1,0
3172,0.0,0.0,0.0,500,0.698755,0,0,1,0
3173,0.0,0.0,0.0,500,0.6986600000000001,0,0,1,0
3174,0.0,0.0,0.0,500,0.698565,0,0,1,0
3175,0.0,0.0,0.0,500,0.6984699999999999,0,0,1,0
3176,0.0,0.0,0.0,500,0.698375,0,0,1,0
3177,0.0,0.0,0.0,500,0.69828,0,0,1,0
3178,0.0,0.0,0.0,500,0.6981850000000001,0,0,1,0
3179,0.0,0.0,0.0,500,0.69809,0,0,1,0
3180,0.0,0.0,0.0,500,0.6979949999999999,0,0,1,0
3181,0.0,0.0,0.0,500,0.6979,0,0,1,0
3182,0.0,0.0,0.0,500,0.697805,0,0,1,0
3183,0.0,0.0,0.0,500,0.69771,0,0,1,0
3184,0.0,0.0,0.0,500,0.697615,0,0,1,0
3185,0.0,0.0,0.0,500,0.6975199999999999,0,0,1,0
3186,0.0,0.0,0.0,500,0.697425,0,0,1,0
3187,0.0,0.0,0.0,500,0.69733,0,0,1,0
3188,0.0,0.0,0.0,500,0.697235,0,0,1,0
3189,0.0,0.0,0.0,500,0.6971400000000001,0,0,1,0
3190,0.0,0.0,0.0,500,0.697045,0,0,1,0
3191,0.0,0.0,0.0,500,0.69695,0,0,1,0
3192,0.0,0.0,0.0,500,0.696855,0,0,1,0
3193,0.0,0.0,0.0,500,0.69676,0,0,1,0
3194,0.0,0.0,0.0,500,0.6966650000000001,0,0,1,0
3195,0.0,0.0,0.0,500,0.69657,0,0,1,0
3196,0.0,0.0,0.0,500,0.696475,0,0,1,0
3197,0.0,0.0,0.0,500,0.69638,0,0,1,0
3198,0.0,0.0,0.0,500,0.696285,0,0,1,0
3199,0.0,0.0,0.0,500,0.6961900000000001,0,0,1,0
3200,0.0,0.0,0.0,500,0.696095,0,0,1,0
3201,0.0,0.0,0.0,500,0.696,0,0,1,0
3202,0.0,0.0,0.0,500,0.695905,0,0,1,0
3203,0.0,0.0,0.0,500,0.69581,0,0,1,0
3204,0.0,0.0,0.0,500,0.6957150000000001,0,0,1,0
3205,0.0,0.0,0.0,500,0.69562,0,0,1,0
3206,0.0,0.0,0.0,500,0.695525,0,0,1,0
3207,0.0,0.0,0.0,500,0.69543,0,0,1,0
3208,0.0,0.0,0.0,500,0.695335,0,0,1,0
3209,0.0,0.0,0.0,500,0.6952400000000001,0,0,1,0
3210,0.0,0.0,0.0,500,0.695145,0,0,1,0
3211,0.0,0.0,0.0,500,0.69505,0,0,1,0
3212,0.0,0.0,0.0,500,0.694955,0,0,1,0
3213,0.0,0.0,0.0,500,0.69486,0,0,1,0
3214,0.0,0.0,0.0,500,0.6947650000000001,0,0,1,0
3215,0.0,0.0,0.0,500,0.69467,0,0,1,0
3216,0.0,0.0,0.0,500,0.6945749999999999,0,0,1,0
3217,0.0,0.0,0.0,500,0.69448,0,0,1,0
3218,0.0,0.0,0.0,500,0.694385,0,0,1,0
3219,0.0,0.0,0.0,500,0.6942900000000001,0,0,1,0
3220,0.0,0.0,0.0,500,0.694195,0,0,1,0
3221,0.0,0.0,0.0,500,0.6940999999999999,0,0,1,0
3222,0.0,0.0,0.0,500,0.694005,0,0,1,0
3223,0.0,0.0,0.0,500,0.69391,0,0,1,0
3224,0.0,0.0,0.0,500,0.6938150000000001,0,0,1,0
3225,0.0,0.0,0.0,500,0.69372,0,0,1,0
3226,0.0,0.0,0.0,500,0.6936249999999999,0,0,1,0
3227,0.0,0.0,0.0,500,0.69353,0,0,1,0
3228,0.0,0.0,0.0,500,0.693435,0,0,1,0
3229,0.0,0.0,0.0,500,0.6933400000000001,0,0,1,0
3230,0.0,0.0,0.0,500,0.693245,0,0,1,0
3231,0.0,0.0,0.0,500,0.6931499999999999,0,0,1,0
3232,0.0,0.0,0.0,500,0.693055,0,0,1,0
3233,0.0,0.0,0.0,500,0.69296,0,0,1,0
3234,0.0,0.0,0.0,500,0.6928650000000001,0,0,1,0
3235,0.0,0.0,0.0,500,0.69277,0,0,1,0
3236,0.0,0.0,0.0,500,0.6926749999999999,0,0,1,0
3237,0.0,0.0,0.0,500,0.69258,0,0,1,0
3238,0.0,0.0,0.0,500,0.692485,0,0,1,0
3239,0.0,0.0,0.0,500,0.6923900000000001,0,0,1,0
3240,0.0,0.0,0.0,500,0.692295,0,0,1,0
3241,0.0,0.0,0.0,500,0.6921999999999999,0,0,1,0
3242,0.0,0.0,0.0,500,0.692105,0,0,1,0
3243,0.0,0.0,0.0,500,0.69201,0,0,1,0
3244,0.0,0.0,0.0,500,0.6919150000000001,0,0,1,0
3245,0.0,0.0,0.0,500,0.69182,0,0,1,0
3246,0.0,0.0,0.0,500,0.6917249999999999,0,0,1,0
3247,0.0,0.0,0.0,500,0.69163,0,0,1,0
3248,0.0,0.0,0.0,500,0.691535,0,0,1,0
3249,0.0,0.0,0.0,500,0.69144,0,0,1,0
3250,0.0,0.0,0.0,500,0.691345,0,0,1,0
3251,0.0,0.0,0.0,500,0.69125,0,0,1,0
3252,0.0,0.0,0.0,500,0.691155,0,0,1,0
3253,0.0,0.0,0.0,500,0.69106,0,0,1,0
3254,0.0,0.0,0.0,500,0.690965,0,0,1,0
3255,0.0,0.0,0.0,500,0.69087,0,0,1,0
3256,0.0,0.0,0.0,500,0.690775,0,0,1,0
3257,0.0,0.0,0.0,500,0.69068,0,0,1,0
3258,0.0,0.0,0.0,500,0.690585,0,0,1,0
3259,0.0,0.0,0.0,500,0.69049,0,0,1,0
3260,0.0,0.0,0.0,500,0.690395,0,0,1,0
3261,0.0,0.0,0.0,500,0.6903,0,0,1,0
3262,0.0,0.0,0.0,500,0.690205,0,0,1,0
3263,0.0,0.0,0.0,500,0.69011,0,0,1,0
3264,0.0,0.0,0.0,500,0.690015,0,0,1,0
3265,0.0,0.0,0.0,500,0.68992,0,0,1,0
3266,0.0,0.0,0.0,500,0.689825,0,0,1,0
3267,0.0,0.0,0.0,500,0.68973,0,0,1,0
3268,0.0,0.0,0.0,500,0.689635,0,0,1,0
3269,0.0,0.0,0.0,500,0.68954,0,0,1,0
3270,0.0,0.0,0.0,500,0.689445,0,0,1,0
3271,0.0,0.0,0.0,500,0.68935,0,0,1,0
3272,0.0,0.0,0.0,500,0.689255,0,0,1,0
3273,0.0,0.0,0.0,500,0.68916,0,0,1,0
3274,0.0,0.0,0.0,500,0.689065,0,0,1,0
3275,0.0,0.0,0.0,500,0.68897,0,0,1,0
3276,0.0,0.0,0.0,500,0.688875,0,0,1,0
3277,0.0,0.0,0.0,500,0.68878,0,0,1,0
3278,0.0,0.0,0.0,500,0.688685,0,0,1,0
3279,0.0,0.0,0.0,500,0.68859,0,0,1,0
3280,0.0,0.0,0.0,500,0.688495,0,0,1,0
3281,0.0,0.0,0.0,500,0.6884,0,0,1,0
3282,0.0,0.0,0.0,500,0.688305,0,0,1,0
3283,0.0,0.0,0.0,500,0.68821,0,0,1,0
3284,0.0,0.0,0.0,500,0.688115,0,0,1,0
3285,0.0,0.0,0.0,500,0.68802,0,0,1,0
3286,0.0,0.0,0.0,500,0.687925,0,0,1,0
3287,0.0,0.0,0.0,500,0.6878299999999999,0,0,1,0
3288,0.0,0.0,0.0,500,0.687735,0,0,1,0
3289,0.0,0.0,0.0,500,0.68764,0,0,1,0
3290,0.0,0.0,0.0,500,0.6875450000000001,0,0,1,0
3291,0.0,0.0,0.0,500,0.68745,0,0,1,0
3292,0.0,0.0,0.0,500,0.6873549999999999,0,0,1,0
3293,0.0,0.0,0.0,500,0.68726,0,0,1,0
3294,0.0,0.0,0.0,500,0.687165,0,0,1,0
3295,0.0,0.0,0.0,500,0.6870700000000001,0,0,1,0
3296,0.0,0.0,0.0,500,0.686975,0,0,1,0
3297,0.0,0.0,0.0,500,0.6868799999999999,0,0,1,0
3298,0.0,0.0,0.0,500,0.686785,0,0,1,0
3299,0.0,0.0,0.0,500,0.68669,0,0,1,0
3300,0.0,0.0,0.0,500,0.6865950000000001,0,0,1,0
3301,0.0,0.0,0.0,500,0.6865,0,0,1,0
3302,0.0,0.0,0.0,500,0.6864049999999999,0,0,1,0
3303,0.0,0.0,0.0,500,0.68631,0,0,1,0
3304,0.0,0.0,0.0,500,0.686215,0,0,1,0
3305,0.0,0.0,0.0,500,0.6861200000000001,0,0,1,0
3306,0.0,0.0,0.0,500,0.686025,0,0,1,0
3307,0.0,0.0,0.0,500,0.6859299999999999,0,0,1,0
3308,0.0,0.0,0.0,500,0.685835,0,0,1,0
3309,0.0,0.0,0.0,500,0.68574,0,0,1,0
3310,0.0,0.0,0.0,500,0.6856450000000001,0,0,1,0
3311,0.0,0.0,0.0,500,0.68555,0,0,1,0
3312,0.0,0.0,0.0,500,0.685455,0,0,1,0
3313,0.0,0.0,0.0,500,0.68536,0,0,1,0
3314,0.0,0.0,0.0,500,0.685265,0,0,1,0
3315,0.0,0.0,0.0,500,0.6851700000000001,0,0,1,0
3316,0.0,0.0,0.0,500,0.685075,0,0,1,0
3317,0.0,0.0,0.0,500,0.68498,0,0,1,0
3318,0.0,0.0,0.0,500,0.684885,0,0,1,0
3319,0.0,0.0,0.0,500,0.68479,0,0,1,0
3320,0.0,0.0,0.0,500,0.684695,0,0,1,0
3321,0.0,0.0,0.0,500,0.6846,0,0,1,0
3322,0.0,0.0,0.0,500,0.684505,0,0,1,0
3323,0.0,0.0,0.0,500,0.68441,0,0,1,0
3324,0.0,0.0,0.0,500,0.684315,0,0,1,0
3325,0.0,0.0,0.0,500,0.68422,0,0,1,0
3326,0.0,0.0,0.0,500,0.684125,0,0,1,0
3327,0.0,0.0,0.0,500,0.68403,0,0,1,0
3328,0.0,0.0,0.0,500,0.683935,0,0,1,0
3329,0.0,0.0,0.0,500,0.68384,0,0,1,0
3330,0.0,0.0,0.0,500,0.683745,0,0,1,0
3331,0.0,0.0,0.0,500,0.68365,0,0,1,0
3332,0.0,0.0,0.0,500,0.683555,0,0,1,0
3333,0.0,0.0,0.0,500,0.68346,0,0,1,0
3334,0.0,0.0,0.0,500,0.683365,0,0,1,0
3335,0.0,0.0,0.0,500,0.68327,0,0,1,0
3336,0.0,0.0,0.0,500,0.683175,0,0,1,0
3337,0.0,0.0,0.0,500,0.68308,0,0,1,0
3338,0.0,0.0,0.0,500,0.682985,0,0,1,0
3339,0.0,0.0,0.0,500,0.68289,0,0,1,0
3340,0.0,0.0,0.0,500,0.682795,0,0,1,0
3341,0.0,0.0,0.0,500,0.6827,0,0,1,0
3342,0.0,0.0,0.0,500,0.682605,0,0,1,0
3343,0.0,0.0,0.0,500,0.68251,0,0,1,0
3344,0.0,0.0,0.0,500,0.682415,0,0,1,0
3345,0.0,0.0,0.0,500,0.68232,0,0,1,0
3346,0.0,0.0,0.0,500,0.682225,0,0,1,0
3347,0.0,0.0,0.0,500,0.68213,0,0,1,0
3348,0.0,0.0,0.0,500,0.682035,0,0,1,0
3349,0.0,0.0,0.0,500,0.68194,0,0,1,0
3350,0.0,0.0,0.0,500,0.681845,0,0,1,0
3351,0.0,0.0,0.0,500,0.6817500000000001,0,0,1,0
3352,0.0,0.0,0.0,500,0.681655,0,0,1,0
3353,0.0,0.0,0.0,500,0.6815599999999999,0,0,1,0
3354,0.0,0.0,0.0,500,0.681465,0,0,1,0
3355,0.0,0.0,0.0,500,0.68137,0,0,1,0
3356,0.0,0.0,0.0,500,0.6812750000000001,0,0,1,0
3357,0.0,0.0,0.0,500,0.68118,0,0,1,0
3358,0.0,0.0,0.0,500,0.6810849999999999,0,0,1,0
3359,0.0,0.0,0.0,500,0.68099,0,0,1,0
3360,0.0,0.0,0.0,500,0.680895,0,0,1,0
3361,0.0,0.0,0.0,500,0.6808000000000001,0,0,1,0
3362,0.0,0.0,0.0,500,0.680705,0,0,1,0
3363,0.0,0.0,0.0,500,0.6806099999999999,0,0,1,0
3364,0.0,0.0,0.0,500,0.680515,0,0,1,0
3365,0.0,0.0,0.0,500,0.68042,0,0,1,0
3366,0.0,0.0,0.0,500,0.6803250000000001,0,0,1,0
3367,0.0,0.0,0.0,500,0.68023,0,0,1,0
3368,0.0,0.0,0.0,500,0.6801349999999999,0,0,1,0
3369,0.0,0.0,0.0,500,0.68004,0,0,1,0
3370,0.0,0.0,0.0,500,0.679945,0,0,1,0
3371,0.0,0.0,0.0,500,0.6798500000000001,0,0,1,0
3372,0.0,0.0,0.0,500,0.679755,0,0,1,0
3373,0.0,0.0,0.0,500,0.67966,0,0,1,0
3374,0.0,0.0,0.0,500,0.679565,0,0,1,0
3375,0.0,0.0,0.0,500,0.67947,0,0,1,0
3376,0.0,0.0,0.0,500,0.6793750000000001,0,0,1,0
3377,0.0,0.0,0.0,500,0.67928,0,0,1,0
3378,0.0,0.0,0.0,500,0.679185,0,0,1,0
3379,0.0,0.0,0.0,500,0.67909,0,0,1,0
3380,0.0,0.0,0.0,500,0.678995,0,0,1,0
3381,0.0,0.0,0.0,500,0.6789000000000001,0,0,1,0
3382,0.0,0.0,0.0,500,0.678805,0,0,1,0
3383,0.0,0.0,0.0,500,0.67871,0,0,1,0
3384,0.0,0.0,0.0,500,0.678615,0,0,1,0
3385,0.0,0.0,0.0,500,0.67852,0,0,1,0
3386,0.0,0.0,0.0,500,0.6784250000000001,0,0,1,0
3387,0.0,0.0,0.0,500,0.67833,0,0,1,0
3388,0.0,0.0,0.0,500,0.678235,0,0,1,0
3389,0.0,0.0,0.0,500,0.67814,0,0,1,0
3390,0.0,0.0,0.0,500,0.678045,0,0,1,0
3391,0.0,0.0,0.0,500,0.67795,0,0,1,0
3392,0.0,0.0,0.0,500,0.677855,0,0,1,0
3393,0.0,0.0,0.0,500,0.67776,0,0,1,0
3394,0.0,0.0,0.0,500,0.677665,0,0,1,0
3395,0.0,0.0,0.0,500,0.67757,0,0,1,0
3396,0.0,0.0,0.0,500,0.677475,0,0,1,0
3397,0.0,0.0,0.0,500,0.67738,0,0,1,0
3398,0.0,0.0,0.0,500,0.677285,0,0,1,0
3399,0.0,0.0,0.0,500,0.67719,0,0,1,0
3400,0.0,0.0,0.0,500,0.677095,0,0,1,0
3401,0.0,0.0,0.0,500,0.677,0,0,1,0
3402,0.0,0.0,0.0,500,0.676905,0,0,1,0
3403,0.0,0.0,0.0,500,0.67681,0,0,1,0
3404,0.0,0.0,0.0,500,0.676715,0,0,1,0
3405,0.0,0.0,0.0,500,0.67662,0,0,1,0
3406,0.0,0.0,0.0,500,0.676525,0,0,1,0
3407,0.0,0.0,0.0,500,0.67643,0,0,1,0
3408,0.0,0.0,0.0,500,0.676335,0,0,1,0
3409,0.0,0.0,0.0,500,0.67624,0,0,1,0
3410,0.0,0.0,0.0,500,0.676145,0,0,1,0
3411,0.0,0.0,0.0,500,0.67605,0,0,1,0
3412,0.0,0.0,0.0,500,0.6759550000000001,0,0,1,0
3413,0.0,0.0,0.0,500,0.67586,0,0,1,0
3414,0.0,0.0,0.0,500,0.675765,0,0,1,0
3415,0.0,0.0,0.0,500,0.67567,0,0,1,0
3416,0.0,0.0,0.0,500,0.675575,0,0,1,0
3417,0.0,0.0,0.0,500,0.6754800000000001,0,0,1,0
3418,0.0,0.0,0.0,500,0.675385,0,0,1,0
3419,0.0,0.0,0.0,500,0.67529,0,0,1,0
3420,0.0,0.0,0.0,500,0.675195,0,0,1,0
3421,0.0,0.0,0.0,500,0.6751,0,0,1,0
3422,0.0,0.0,0.0,500,0.6750050000000001,0,0,1,0
3423,0.0,0.0,0.0,500,0.67491,0,0,1,0
3424,0.0,0.0,0.0,500,0.6748149999999999,0,0,1,0
3425,0.0,0.0,0.0,500,0.67472,0,0,1,0
3426,0.0,0.0,0.0,500,0.674625,0,0,1,0
3427,0.0,0.0,0.0,500,0.6745300000000001,0,0,1,0
3428,0.0,0.0,0.0,500,0.674435,0,0,1,0
3429,0.0,0.0,0.0,500,0.6743399999999999,0,0,1,0
3430,0.0,0.0,0.0,500,0.674245,0,0,1,0
3431,0.0,0.0,0.0,500,0.67415,0,0,1,0
3432,0.0,0.0,0.0,500,0.6740550000000001,0,0,1,0
3433,0.0,0.0,0.0,500,0.67396,0,0,1,0
3434,0.0,0.0,0.0,500,0.673865,0,0,1,0
3435,0.0,0.0,0.0,500,0.67377,0,0,1,0
3436,0.0,0.0,0.0,500,0.673675,0,0,1,0
3437,0.0,0.0,0.0,500,0.6735800000000001,0,0,1,0
3438,0.0,0.0,0.0,500,0.673485,0,0,1,0
3439,0.0,0.0,0.0,500,0.67339,0,0,1,0
3440,0.0,0.0,0.0,500,0.673295,0,0,1,0
3441,0.0,0.0,0.0,500,0.6732,0,0,1,0
3442,0.0,0.0,0.0,500,0.6731050000000001,0,0,1,0
3443,0.0,0.0,0.0,500,0.67301,0,0,1,0
3444,0.0,0.0,0.0,500,0.672915,0,0,1,0
3445,0.0,0.0,0.0,500,0.67282,0,0,1,0
3446,0.0,0.0,0.0,500,0.672725,0,0,1,0
3447,0.0,0.0,0.0,500,0.6726300000000001,0,0,1,0
3448,0.0,0.0,0.0,500,0.672535,0,0,1,0
3449,0.0,0.0,0.0,500,0.67244,0,0,1,0
3450,0.0,0.0,0.0,500,0.672345,0,0,1,0
3451,0.0,0.0,0.0,500,0.67225,0,0,1,0
3452,0.0,0.0,0.0,500,0.6721550000000001,0,0,1,0
3453,0.0,0.0,0.0,500,0.67206,0,0,1,0
3454,0.0,0.0,0.0,500,0.671965,0,0,1,0
3455,0.0,0.0,0.0,500,0.67187,0,0,1,0
3456,0.0,0.0,0.0,500,0.671775,0,0,1,0
3457,0.0,0.0,0.0,500,0.67168,0,0,1,0
3458,0.0,0.0,0.0,500,0.671585,0,0,1,0
3459,0.0,0.0,0.0,500,0.67149,0,0,1,0
3460,0.0,0.0,0.0,500,0.671395,0,0,1,0
3461,0.0,0.0,0.0,500,0.6713,0,0,1,0
3462,0.0,0.0,0.0,500,0.671205,0,0,1,0
3463,0.0,0.0,0.0,500,0.67111,0,0,1,0
3464,0.0,0.0,0.0,500,0.671015,0,0,1,0
3465,0.0,0.0,0.0,500,0.67092,0,0,1,0
3466,0.0,0.0,0.0,500,0.670825,0,0,1,0
3467,0.0,0.0,0.0,500,0.67073,0,0,1,0
3468,0.0,0.0,0.0,500,0.670635,0,0,1,0
3469,0.0,0.0,0.0,500,0.67054,0,0,1,0
3470,0.0,0.0,0.0,500,0.670445,0,0,1,0
3471,0.0,0.0,0.0,500,0.67035,0,0,1,0
3472,0.0,0.0,0.0,500,0.670255,0,0,1,0
3473,0.0,0.0,0.0,500,0.6701600000000001,0,0,1,0
3474,0.0,0.0,0.0,500,0.670065,0,0,1,0
3475,0.0,0.0,0.0,500,0.66997,0,0,1,0
3476,0.0,0.0,0.0,500,0.669875,0,0,1,0
3477,0.0,0.0,0.0,500,0.66978,0,0,1,0
3478,0.0,0.0,0.0,500,0.6696850000000001,0,0,1,0
3479,0.0,0.0,0.0,500,0.66959,0,0,1,0
3480,0.0,0.0,0.0,500,0.669495,0,0,1,0
3481,0.0,0.0,0.0,500,0.6694,0,0,1,0
3482,0.0,0.0,0.0,500,0.669305,0,0,1,0
3483,0.0,0.0,0.0,500,0.6692100000000001,0,0,1,0
3484,0.0,0.0,0.0,500,0.669115,0,0,1,0
3485,0.0,0.0,0.0,500,0.66902,0,0,1,0
3486,0.0,0.0,0.0,500,0.668925,0,0,1,0
3487,0.0,0.0,0.0,500,0.66883,0,0,1,0
3488,0.0,0.0,0.0,500,0.6687350000000001,0,0,1,0
3489,0.0,0.0,0.0,500,0.66864,0,0,1,0
3490,0.0,0.0,0.0,500,0.668545,0,0,1,0
3491,0.0,0.0,0.0,500,0.66845,0,0,1,0
3492,0.0,0.0,0.0,500,0.668355,0,0,1,0
3493,0.0,0.0,0.0,500,0.6682600000000001,0,0,1,0
3494,0.0,0.0,0.0,500,0.668165,0,0,1,0
3495,0.0,0.0,0.0,500,0.66807,0,0,1,0
3496,0.0,0.0,0.0,500,0.667975,0,0,1,0
3497,0.0,0.0,0.0,500,0.66788,0,0,1,0
3498,0.0,0.0,0.0,500,0.6677850000000001,0,0,1,0
3499,0.0,0.0,0.0,500,0.66769,0,0,1,0
3500,0.0,0.0,0.0,500,0.667595,0,0,1,0
3501,0.0,0.0,0.0,500,0.6675,0,0,1,0
3502,0.0,0.0,0.0,500,0.667405,0,0,1,0
3503,0.0,0.0,0.0,500,0.6673100000000001,0,0,1,0
3504,0.0,0.0,0.0,500,0.667215,0,0,1,0
3505,0.0,0.0,0.0,500,0.66712,0,0,1,0
3506,0.0,0.0,0.0,500,0.667025,0,0,1,0
3507,0.0,0.0,0.0,500,0.66693,0,0,1,0
3508,0.0,0.0,0.0,500,0.6668350000000001,0,0,1,0
3509,0.0,0.0,0.0,500,0.66674,0,0,1,0
3510,0.0,0.0,0.0,500,0.666645,0,0,1,0
3511,0.0,0.0,0.0,500,0.66655,0,0,1,0
3512,0.0,0.0,0.0,500,0.666455,0,0,1,0
3513,0.0,0.0,0.0,500,0.6663600000000001,0,0,1,0
3514,0.0,0.0,0.0,500,0.666265,0,0,1,0
3515,0.0,0.0,0.0,500,0.66617,0,0,1,0
3516,0.0,0.0,0.0,500,0.666075,0,0,1,0
3517,0.0,0.0,0.0,500,0.66598,0,0,1,0
3518,0.0,0.0,0.0,500,0.6658850000000001,0,0,1,0
3519,0.0,0.0,0.0,500,0.66579,0,0,1,0
3520,0.0,0.0,0.0,500,0.665695,0,0,1,0
3521,0.0,0.0,0.0,500,0.6656,0,0,1,0
3522,0.0,0.0,0.0,500,0.665505,0,0,1,0
3523,0.0,0.0,0.0,500,0.6654100000000001,0,0,1,0
3524,0.0,0.0,0.0,500,0.665315,0,0,1,0
3525,0.0,0.0,0.0,500,0.66522,0,0,1,0
3526,0.0,0.0,0.0,500,0.665125,0,0,1,0
3527,0.0,0.0,0.0,500,0.66503,0,0,1,0
3528,0.0,0.0,0.0,500,0.664935,0,0,1,0
3529,0.0,0.0,0.0,500,0.66484,0,0,1,0
3530,0.0,0.0,0.0,500,0.664745,0,0,1,0
3531,0.0,0.0,0.0,500,0.66465,0,0,1,0
3532,0.0,0.0,0.0,500,0.664555,0,0,1,0
3533,0.0,0.0,0.0,500,0.66446,0,0,1,0
3534,0.0,0.0,0.0,500,0.6643650000000001,0,0,1,0
3535,0.0,0.0,0.0,500,0.66427,0,0,1,0
3536,0.0,0.0,0.0,500,0.664175,0,0,1,0
3537,0.0,0.0,0.0,500,0.66408,0,0,1,0
3538,0.0,0.0,0.0,500,0.663985,0,0,1,0
3539,0.0,0.0,0.0,500,0.6638900000000001,0,0,1,0
3540,0.0,0.0,0.0,500,0.663795,0,0,1,0
3541,0.0,0.0,0.0,500,0.6637,0,0,1,0
3542,0.0,0.0,0.0,500,0.663605,0,0,1,0
3543,0.0,0.0,0.0,500,0.66351,0,0,1,0
3544,0.0,0.0,0.0,500,0.6634150000000001,0,0,1,0
3545,0.0,0.0,0.0,500,0.66332,0,0,1,0
3546,0.0,0.0,0.0,500,0.663225,0,0,1,0
3547,0.0,0.0,0.0,500,0.66313,0,0,1,0
3548,0.0,0.0,0.0,500,0.663035,0,0,1,0
3549,0.0,0.0,0.0,500,0.6629400000000001,0,0,1,0
3550,0.0,0.0,0.0,500,0.662845,0,0,1,0
3551,0.0,0.0,0.0,500,0.66275,0,0,1,0
3552,0.0,0.0,0.0,500,0.662655,0,0,1,0
3553,0.0,0.0,0.0,500,0.66256,0,0,1,0
3554,0.0,0.0,0.0,500,0.6624650000000001,0,0,1,0
3555,0.0,0.0,0.0,500,0.66237,0,0,1,0
3556,0.0,0.0,0.0,500,0.6622750000000001,0,0,1,0
3557,0.0,0.0,0.0,500,0.66218,0,0,1,0
3558,0.0,0.0,0.0,500,0.662085,0,0,1,0
3559,0.0,0.0,0.0,500,0.6619900000000001,0,0,1,0
3560,0.0,0.0,0.0,500,0.661895,0,0,1,0
3561,0.0,0.0,0.0,500,0.6618,0,0,1,0
3562,0.0,0.0,0.0,500,0.661705,0,0,1,0
3563,0.0,0.0,0.0,500,0.66161,0,0,1,0
3564,0.0,0.0,0.0,500,0.6615150000000001,0,0,1,0
3565,0.0,0.0,0.0,500,0.66142,0,0,1,0
3566,0.0,0.0,0.0,500,0.661325,0,0,1,0
3567,0.0,0.0,0.0,500,0.66123,0,0,1,0
3568,0.0,0.0,0.0,500,0.661135,0,0,1,0
3569,0.0,0.0,0.0,500,0.6610400000000001,0,0,1,0
3570,0.0,0.0,0.0,500,0.660945,0,0,1,0
3571,0.0,0.0,0.0,500,0.66085,0,0,1,0
3572,0.0,0.0,0.0,500,0.660755,0,0,1,0
3573,0.0,0.0,0.0,500,0.66066,0,0,1,0
3574,0.0,0.0,0.0,500,0.6605650000000001,0,0,1,0
3575,0.0,0.0,0.0,500,0.66047,0,0,1,0
3576,0.0,0.0,0.0,500,0.660375,0,0,1,0
3577,0.0,0.0,0.0,500,0.66028,0,0,1,0
3578,0.0,0.0,0.0,500,0.660185,0,0,1,0
3579,0.0,0.0,0.0,500,0.6600900000000001,0,0,1,0
3580,0.0,0.0,0.0,500,0.659995,0,0,1,0
3581,0.0,0.0,0.0,500,0.6599,0,0,1,0
3582,0.0,0.0,0.0,500,0.659805,0,0,1,0
3583,0.0,0.0,0.0,500,0.65971,0,0,1,0
3584,0.0,0.0,0.0,500,0.6596150000000001,0,0,1,0
3585,0.0,0.0,0.0,500,0.65952,0,0,1,0
3586,0.0,0.0,0.0,500,0.659425,0,0,1,0
3587,0.0,0.0,0.0,500,0.65933,0,0,1,0
3588,0.0,0.0,0.0,500,0.659235,0,0,1,0
3589,0.0,0.0,0.0,500,0.6591400000000001,0,0,1,0
3590,0.0,0.0,0.0,500,0.659045,0,0,1,0
3591,0.0,0.0,0.0,500,0.65895,0,0,1,0
3592,0.0,0.0,0.0,500,0.658855,0,0,1,0
3593,0.0,0.0,0.0,500,0.65876,0,0,1,0
3594,0.0,0.0,0.0,500,0.6586650000000001,0,0,1,0
3595,0.0,0.0,0.0,500,0.6585700000000001,0,0,1,0
3596,0.0,0.0,0.0,500,0.658475,0,0,1,0
3597,0.0,0.0,0.0,500,0.65838,0,0,1,0
3598,0.0,0.0,0.0,500,0.658285,0,0,1,0
3599,0.0,0.0,0.0,500,0.65819,0,0,1,0
3600,0.0,0.0,0.0,500,0.6580950000000001,0,0,1,0
3601,0.0,0.0,0.0,500,0.658,0,0,1,0
3602,0.0,0.0,0.0,500,0.657905,0,0,1,0
3603,0.0,0.0,0.0,500,0.65781,0,0,1,0
3604,0.0,0.0,0.0,500,0.657715,0,0,1,0
3605,0.0,0.0,0.0,500,0.6576200000000001,0,0,1,0
3606,0.0,0.0,0.0,500,0.657525,0,0,1,0
3607,0.0,0.0,0.0,500,0.65743,0,0,1,0
3608,0.0,0.0,0.0,500,0.657335,0,0,1,0
3609,0.0,0.0,0.0,500,0.65724,0,0,1,0
3610,0.0,0.0,0.0,500,0.6571450000000001,0,0,1,0
3611,0.0,0.0,0.0,500,0.65705,0,0,1,0
3612,0.0,0.0,0.0,500,0.656955,0,0,1,0
3613,0.0,0.0,0.0,500,0.65686,0,0,1,0
3614,0.0,0.0,0.0,500,0.656765,0,0,1,0
3615,0.0,0.0,0.0,500,0.6566700000000001,0,0,1,0
3616,0.0,0.0,0.0,500,0.656575,0,0,1,0
3617,0.0,0.0,0.0,500,0.6564800000000001,0,0,1,0
3618,0.0,0.0,0.0,500,0.656385,0,0,1,0
3619,0.0,0.0,0.0,500,0.65629,0,0,1,0
3620,0.0,0.0,0.0,500,0.6561950000000001,0,0,1,0
3621,0.0,0.0,0.0,500,0.6561,0,0,1,0
3622,0.0,0.0,0.0,500,0.6560050000000001,0,0,1,0
3623,0.0,0.0,0.0,500,0.65591,0,0,1,0
3624,0.0,0.0,0.0,500,0.655815,0,0,1,0
3625,0.0,0.0,0.0,500,0.6557200000000001,0,0,1,0
3626,0.0,0.0,0.0,500,0.655625,0,0,1,0
3627,0.0,0.0,0.0,500,0.6555300000000001,0,0,1,0
3628,0.0,0.0,0.0,500,0.655435,0,0,1,0
3629,0.0,0.0,0.0,500,0.65534,0,0,1,0
3630,0.0,0.0,0.0,500,0.6552450000000001,0,0,1,0
3631,0.0,0.0,0.0,500,0.65515,0,0,1,0
3632,0.0,0.0,0.0,500,0.655055,0,0,1,0
3633,0.0,0.0,0.0,500,0.65496,0,0,1,0
3634,0.0,0.0,0.0,500,0.654865,0,0,1,0
3635,0.0,0.0,0.0,500,0.6547700000000001,0,0,1,0
3636,0.0,0.0,0.0,500,0.654675,0,0,1,0
3637,0.0,0.0,0.0,500,0.65458,0,0,1,0
3638,0.0,0.0,0.0,500,0.654485,0,0,1,0
3639,0.0,0.0,0.0,500,0.65439,0,0,1,0
3640,0.0,0.0,0.0,500,0.6542950000000001,0,0,1,0
3641,0.0,0.0,0.0,500,0.6542,0,0,1,0
3642,0.0,0.0,0.0,500,0.654105,0,0,1,0
3643,0.0,0.0,0.0,500,0.65401,0,0,1,0
3644,0.0,0.0,0.0,500,0.653915,0,0,1,0
3645,0.0,0.0,0.0,500,0.6538200000000001,0,0,1,0
3646,0.0,0.0,0.0,500,0.653725,0,0,1,0
3647,0.0,0.0,0.0,500,0.65363,0,0,1,0
3648,0.0,0.0,0.0,500,0.653535,0,0,1,0
3649,0.0,0.0,0.0,500,0.65344,0,0,1,0
3650,0.0,0.0,0.0,500,0.6533450000000001,0,0,1,0
3651,0.0,0.0,0.0,500,0.65325,0,0,1,0
3652,0.0,0.0,0.0,500,0.653155,0,0,1,0
3653,0.0,0.0,0.0,500,0.65306,0,0,1,0
3654,0.0,0.0,0.0,500,0.652965,0,0,1,0
3655,0.0,0.0,0.0,500,0.6528700000000001,0,0,1,0
3656,0.0,0.0,0.0,500,0.6527750000000001,0,0,1,0
3657,0.0,0.0,0.0,500,0.65268,0,0,1,0
3658,0.0,0.0,0.0,500,0.652585,0,0,1,0
3659,0.0,0.0,0.0,500,0.65249,0,0,1,0
3660,0.0,0.0,0.0,500,0.6523950000000001,0,0,1,0
3661,0.0,0.0,0.0,500,0.6523000000000001,0,0,1,0
3662,0.0,0.0,0.0,500,0.652205,0,0,1,0
3663,0.0,0.0,0.0,500,0.65211,0,0,1,0
3664,0.0,0.0,0.0,500,0.652015,0,0,1,0
3665,0.0,0.0,0.0,500,0.65192,0,0,1,0
3666,0.0,0.0,0.0,500,0.6518250000000001,0,0,1,0
3667,0.0,0.0,0.0,500,0.65173,0,0,1,0
3668,0.0,0.0,0.0,500,0.651635,0,0,1,0
3669,0.0,0.0,0.0,500,0.65154,0,0,1,0
3670,0.0,0.0,0.0,500,0.651445,0,0,1,0
3671,0.0,0.0,0.0,500,0.6513500000000001,0,0,1,0
3672,0.0,0.0,0.0,500,0.651255,0,0,1,0
3673,0.0,0.0,0.0,500,0.65116,0,0,1,0
3674,0.0,0.0,0.0,500,0.651065,0,0,1,0
3675,0.0,0.0,0.0,500,0.65097,0,0,1,0
3676,0.0,0.0,0.0,500,0.6508750000000001,0,0,1,0
3677,0.0,0.0,0.0,500,0.65078,0,0,1,0
3678,0.0,0.0,0.0,500,0.650685,0,0,1,0
3679,0.0,0.0,0.0,500,0.65059,0,0,1,0
3680,0.0,0.0,0.0,500,0.650495,0,0,1,0
3681,0.0,0.0,0.0,500,0.6504000000000001,0,0,1,0
3682,0.0,0.0,0.0,500,0.650305,0,0,1,0
3683,0.0,0.0,0.0,500,0.65021,0,0,1,0
3684,0.0,0.0,0.0,500,0.650115,0,0,1,0
3685,0.0,0.0,0.0,500,0.65002,0,0,1,0
3686,0.0,0.0,0.0,500,0.6499250000000001,0,0,1,0
3687,0.0,0.0,0.0,500,0.64983,0,0,1,0
3688,0.0,0.0,0.0,500,0.649735,0,0,1,0
3689,0.0,0.0,0.0,500,0.64964,0,0,1,0
3690,0.0,0.0,0.0,500,0.649545,0,0,1,0
3691,0.0,0.0,0.0,500,0.6494500000000001,0,0,1,0
3692,0.0,0.0,0.0,500,0.649355,0,0,1,0
3693,0.0,0.0,0.0,500,0.6492600000000001,0,0,1,0
3694,0.0,0.0,0.0,500,0.649165,0,0,1,0
3695,0.0,0.0,0.0,500,0.64907,0,0,1,0
3696,0.0,0.0,0.0,500,0.6489750000000001,0,0,1,0
3697,0.0,0.0,0.0,500,0.64888,0,0,1,0
3698,0.0,0.0,0.0,500,0.6487850000000001,0,0,1,0
3699,0.0,0.0,0.0,500,0.64869,0,0,1,0
3700,0.0,0.0,0.0,500,0.648595,0,0,1,0
3701,0.0,0.0,0.0,500,0.6485000000000001,0,0,1,0
3702,0.0,0.0,0.0,500,0.648405,0,0,1,0
3703,0.0,0.0,0.0,500,0.64831,0,0,1,0
3704,0.0,0.0,0.0,500,0.648215,0,0,1,0
3705,0.0,0.0,0.0,500,0.64812,0,0,1,0
3706,0.0,0.0,0.0,500,0.6480250000000001,0,0,1,0
3707,0.0,0.0,0.0,500,0.64793,0,0,1,0
3708,0.0,0.0,0.0,500,0.647835,0,0,1,0
3709,0.0,0.0,0.0,500,0.64774,0,0,1,0
3710,0.0,0.0,0.0,500,0.647645,0,0,1,0
3711,0.0,0.0,0.0,500,0.6475500000000001,0,0,1,0
3712,0.0,0.0,0.0,500,0.647455,0,0,1,0
3713,0.0,0.0,0.0,500,0.64736,0,0,1,0
3714,0.0,0.0,0.0,500,0.647265,0,0,1,0
3715,0.0,0.0,0.0,500,0.64717,0,0,1,0
3716,0.0,0.0,0.0,500,0.6470750000000001,0,0,1,0
3717,0.0,0.0,0.0,500,0.6469800000000001,0,0,1,0
3718,0.0,0.0,0.0,500,0.646885,0,0,1,0
3719,0.0,0.0,0.0,500,0.64679,0,0,1,0
3720,0.0,0.0,0.0,500,0.646695,0,0,1,0
3721,0.0,0.0,0.0,500,0.6466000000000001,0,0,1,0
3722,0.0,0.0,0.0,500,0.6465050000000001,0,0,1,0
3723,0.0,0.0,0.0,500,0.64641,0,0,1,0
3724,0.0,0.0,0.0,500,0.646315,0,0,1,0
3725,0.0,0.0,0.0,500,0.64622,0,0,1,0
3726,0.0,0.0,0.0,500,0.6461250000000001,0,0,1,0
3727,0.0,0.0,0.0,500,0.6460300000000001,0,0,1,0
3728,0.0,0.0,0.0,500,0.645935,0,0,1,0
3729,0.0,0.0,0.0,500,0.64584,0,0,1,0
3730,0.0,0.0,0.0,500,0.645745,0,0,1,0
3731,0.0,0.0,0.0,500,0.6456500000000001,0,0,1,0
3732,0.0,0.0,0.0,500,0.6455550000000001,0,0,1,0
3733,0.0,0.0,0.0,500,0.64546,0,0,1,0
3734,0.0,0.0,0.0,500,0.645365,0,0,1,0
3735,0.0,0.0,0.0,500,0.64527,0,0,1,0
3736,0.0,0.0,0.0,500,0.645175,0,0,1,0
3737,0.0,0.0,0.0,500,0.6450800000000001,0,0,1,0
3738,0.0,0.0,0.0,500,0.644985,0,0,1,0
3739,0.0,0.0,0.0,500,0.64489,0,0,1,0
3740,0.0,0.0,0.0,500,0.644795,0,0,1,0
3741,0.0,0.0,0.0,500,0.6447,0,0,1,0
3742,0.0,0.0,0.0,500,0.6446050000000001,0,0,1,0
3743,0.0,0.0,0.0,500,0.64451,0,0,1,0
3744,0.0,0.0,0.0,500,0.644415,0,0,1,0
3745,0.0,0.0,0.0,500,0.64432,0,0,1,0
3746,0.0,0.0,0.0,500,0.644225,0,0,1,0
3747,0.0,0.0,0.0,500,0.6441300000000001,0,0,1,0
3748,0.0,0.0,0.0,500,0.644035,0,0,1,0
3749,0.0,0.0,0.0,500,0.64394,0,0,1,0
3750,0.0,0.0,0.0,500,0.643845,0,0,1,0
3751,0.0,0.0,0.0,500,0.64375,0,0,1,0
3752,0.0,0.0,0.0,500,0.6436550000000001,0,0,1,0
3753,0.0,0.0,0.0,500,0.64356,0,0,1,0
3754,0.0,0.0,0.0,500,0.643465,0,0,1,0
3755,0.0,0.0,0.0,500,0.64337,0,0,1,0
3756,0.0,0.0,0.0,500,0.643275,0,0,1,0
3757,0.0,0.0,0.0,500,0.6431800000000001,0,0,1,0
3758,0.0,0.0,0.0,500,0.643085,0,0,1,0
3759,0.0,0.0,0.0,500,0.64299,0,0,1,0
3760,0.0,0.0,0.0,500,0.642895,0,0,1,0
3761,0.0,0.0,0.0,500,0.6428,0,0,1,0
3762,0.0,0.0,0.0,500,0.6427050000000001,0,0,1,0
3763,0.0,0.0,0.0,500,0.64261,0,0,1,0
3764,0.0,0.0,0.0,500,0.642515,0,0,1,0
3765,0.0,0.0,0.0,500,0.64242,0,0,1,0
3766,0.0,0.0,0.0,500,0.642325,0,0,1,0
3767,0.0,0.0,0.0,500,0.6422300000000001,0,0,1,0
3768,0.0,0.0,0.0,500,0.642135,0,0,1,0
3769,0.0,0.0,0.0,500,0.6420399999999999,0,0,1,0
3770,0.0,0.0,0.0,500,0.641945,0,0,1,0
3771,0.0,0.0,0.0,500,0.64185,0,0,1,0
3772,0.0,0.0,0.0,500,0.6417550000000001,0,0,1,0
3773,0.0,0.0,0.0,500,0.6416600000000001,0,0,1,0
3774,0.0,0.0,0.0,500,0.6415649999999999,0,0,1,0
3775,0.0,0.0,0.0,500,0.64147,0,0,1,0
3776,0.0,0.0,0.0,500,0.641375,0,0,1,0
3777,0.0,0.0,0.0,500,0.6412800000000001,0,0,1,0
3778,0.0,0.0,0.0,500,0.6411850000000001,0,0,1,0
3779,0.0,0.0,0.0,500,0.6410899999999999,0,0,1,0
3780,0.0,0.0,0.0,500,0.640995,0,0,1,0
3781,0.0,0.0,0.0,500,0.6409,0,0,1,0
3782,0.0,0.0,0.0,500,0.6408050000000001,0,0,1,0
3783,0.0,0.0,0.0,500,0.6407100000000001,0,0,1,0
3784,0.0,0.0,0.0,500,0.6406149999999999,0,0,1,0
3785,0.0,0.0,0.0,500,0.64052,0,0,1,0
3786,0.0,0.0,0.0,500,0.640425,0,0,1,0
3787,0.0,0.0,0.0,500,0.6403300000000001,0,0,1,0
3788,0.0,0.0,0.0,500,0.6402350000000001,0,0,1,0
3789,0.0,0.0,0.0,500,0.6401399999999999,0,0,1,0
3790,0.0,0.0,0.0,500,0.640045,0,0,1,0
3791,0.0,0.0,0.0,500,0.63995,0,0,1,0
3792,0.0,0.0,0.0,500,0.6398550000000001,0,0,1,0
3793,0.0,0.0,0.0,500,0.6397600000000001,0,0,1,0
3794,0.0,0.0,0.0,500,0.6396649999999999,0,0,1,0
3795,0.0,0.0,0.0,500,0.63957,0,0,1,0
3796,0.0,0.0,0.0,500,0.639475,0,0,1,0
3797,0.0,0.0,0.0,500,0.6393800000000001,0,0,1,0
3798,0.0,0.0,0.0,500,0.6392850000000001,0,0,1,0
3799,0.0,0.0,0.0,500,0.6391899999999999,0,0,1,0
3800,0.0,0.0,0.0,500,0.639095,0,0,1,0
3801,0.0,0.0,0.0,500,0.639,0,0,1,0
3802,0.0,0.0,0.0,500,0.6389050000000001,0,0,1,0
3803,0.0,0.0,0.0,500,0.6388100000000001,0,0,1,0
3804,0.0,0.0,0.0,500,0.6387149999999999,0,0,1,0
3805,0.0,0.0,0.0,500,0.63862,0,0,1,0
3806,0.0,0.0,0.0,500,0.638525,0,0,1,0
3807,0.0,0.0,0.0,500,0.63843,0,0,1,0
3808,0.0,0.0,0.0,500,0.6383350000000001,0,0,1,0
3809,0.0,0.0,0.0,500,0.6382399999999999,0,0,1,0
3810,0.0,0.0,0.0,500,0.638145,0,0,1,0
3811,0.0,0.0,0.0,500,0.63805,0,0,1,0
3812,0.0,0.0,0.0,500,0.637955,0,0,1,0
3813,0.0,0.0,0.0,500,0.6378600000000001,0,0,1,0
3814,0.0,0.0,0.0,500,0.637765,0,0,1,0
3815,0.0,0.0,0.0,500,0.63767,0,0,1,0
3816,0.0,0.0,0.0,500,0.637575,0,0,1,0
3817,0.0,0.0,0.0,500,0.63748,0,0,1,0
3818,0.0,0.0,0.0,500,0.6373850000000001,0,0,1,0
3819,0.0,0.0,0.0,500,0.63729,0,0,1,0
3820,0.0,0.0,0.0,500,0.637195,0,0,1,0
3821,0.0,0.0,0.0,500,0.6371,0,0,1,0
3822,0.0,0.0,0.0,500,0.637005,0,0,1,0
3823,0.0,0.0,0.0,500,0.6369100000000001,0,0,1,0
3824,0.0,0.0,0.0,500,0.636815,0,0,1,0
3825,0.0,0.0,0.0,500,0.63672,0,0,1,0
3826,0.0,0.0,0.0,500,0.636625,0,0,1,0
3827,0.0,0.0,0.0,500,0.63653,0,0,1,0
3828,0.0,0.0,0.0,500,0.6364350000000001,0,0,1,0
3829,0.0,0.0,0.0,500,0.63634,0,0,1,0
3830,0.0,0.0,0.0,500,0.636245,0,0,1,0
3831,0.0,0.0,0.0,500,0.63615,0,0,1,0
3832,0.0,0.0,0.0,500,0.636055,0,0,1,0
3833,0.0,0.0,0.0,500,0.6359600000000001,0,0,1,0
3834,0.0,0.0,0.0,500,0.6358650000000001,0,0,1,0
3835,0.0,0.0,0.0,500,0.63577,0,0,1,0
3836,0.0,0.0,0.0,500,0.635675,0,0,1,0
3837,0.0,0.0,0.0,500,0.63558,0,0,1,0
3838,0.0,0.0,0.0,500,0.6354850000000001,0,0,1,0
3839,0.0,0.0,0.0,500,0.6353900000000001,0,0,1,0
3840,0.0,0.0,0.0,500,0.6352949999999999,0,0,1,0
3841,0.0,0.0,0.0,500,0.6352,0,0,1,0
3842,0.0,0.0,0.0,500,0.635105,0,0,1,0
3843,0.0,0.0,0.0,500,0.6350100000000001,0,0,1,0
3844,0.0,0.0,0.0,500,0.6349150000000001,0,0,1,0
3845,0.0,0.0,0.0,500,0.6348199999999999,0,0,1,0
3846,0.0,0.0,0.0,500,0.634725,0,0,1,0
3847,0.0,0.0,0.0,500,0.63463,0,0,1,0
3848,0.0,0.0,0.0,500,0.6345350000000001,0,0,1,0
3849,0.0,0.0,0.0,500,0.6344400000000001,0,0,1,0
3850,0.0,0.0,0.0,500,0.6343449999999999,0,0,1,0
3851,0.0,0.0,0.0,500,0.63425,0,0,1,0
3852,0.0,0.0,0.0,500,0.634155,0,0,1,0
3853,0.0,0.0,0.0,500,0.6340600000000001,0,0,1,0
3854,0.0,0.0,0.0,500,0.6339650000000001,0,0,1,0
3855,0.0,0.0,0.0,500,0.6338699999999999,0,0,1,0
3856,0.0,0.0,0.0,500,0.633775,0,0,1,0
3857,0.0,0.0,0.0,500,0.63368,0,0,1,0
3858,0.0,0.0,0.0,500,0.6335850000000001,0,0,1,0
3859,0.0,0.0,0.0,500,0.6334900000000001,0,0,1,0
3860,0.0,0.0,0.0,500,0.6333949999999999,0,0,1,0
3861,0.0,0.0,0.0,500,0.6333,0,0,1,0
3862,0.0,0.0,0.0,500,0.633205,0,0,1,0
3863,0.0,0.0,0.0,500,0.6331100000000001,0,0,1,0
3864,0.0,0.0,0.0,500,0.6330150000000001,0,0,1,0
3865,0.0,0.0,0.0,500,0.6329199999999999,0,0,1,0
3866,0.0,0.0,0.0,500,0.632825,0,0,1,0
3867,0.0,0.0,0.0,500,0.63273,0,0,1,0
3868,0.0,0.0,0.0,500,0.6326350000000001,0,0,1,0
3869,0.0,0.0,0.0,500,0.6325400000000001,0,0,1,0
3870,0.0,0.0,0.0,500,0.6324449999999999,0,0,1,0
3871,0.0,0.0,0.0,500,0.63235,0,0,1,0
3872,0.0,0.0,0.0,500,0.632255,0,0,1,0
3873,0.0,0.0,0.0,500,0.63216,0,0,1,0
3874,0.0,0.0,0.0,500,0.6320650000000001,0,0,1,0
3875,0.0,0.0,0.0,500,0.6319699999999999,0,0,1,0
3876,0.0,0.0,0.0,500,0.631875,0,0,1,0
3877,0.0,0.0,0.0,500,0.63178,0,0,1,0
3878,0.0,0.0,0.0,500,0.631685,0,0,1,0
3879,0.0,0.0,0.0,500,0.6315900000000001,0,0,1,0
3880,0.0,0.0,0.0,500,0.6314949999999999,0,0,1,0
3881,0.0,0.0,0.0,500,0.6314,0,0,1,0
3882,0.0,0.0,0.0,500,0.631305,0,0,1,0
3883,0.0,0.0,0.0,500,0.63121,0,0,1,0
3884,0.0,0.0,0.0,500,0.6311150000000001,0,0,1,0
3885,0.0,0.0,0.0,500,0.6310199999999999,0,0,1,0
3886,0.0,0.0,0.0,500,0.630925,0,0,1,0
3887,0.0,0.0,0.0,500,0.63083,0,0,1,0
3888,0.0,0.0,0.0,500,0.630735,0,0,1,0
3889,0.0,0.0,0.0,500,0.6306400000000001,0,0,1,0
3890,0.0,0.0,0.0,500,0.630545,0,0,1,0
3891,0.0,0.0,0.0,500,0.63045,0,0,1,0
3892,0.0,0.0,0.0,500,0.630355,0,0,1,0
3893,0.0,0.0,0.0,500,0.63026,0,0,1,0
3894,0.0,0.0,0.0,500,0.6301650000000001,0,0,1,0
3895,0.0,0.0,0.0,500,0.63007,0,0,1,0
3896,0.0,0.0,0.0,500,0.629975,0,0,1,0
3897,0.0,0.0,0.0,500,0.62988,0,0,1,0
3898,0.0,0.0,0.0,500,0.629785,0,0,1,0
3899,0.0,0.0,0.0,500,0.6296900000000001,0,0,1,0
3900,0.0,0.0,0.0,500,0.629595,0,0,1,0
3901,0.0,0.0,0.0,500,0.6295,0,0,1,0
3902,0.0,0.0,0.0,500,0.629405,0,0,1,0
3903,0.0,0.0,0.0,500,0.62931,0,0,1,0
3904,0.0,0.0,0.0,500,0.6292150000000001,0,0,1,0
3905,0.0,0.0,0.0,500,0.62912,0,0,1,0
3906,0.0,0.0,0.0,500,0.629025,0,0,1,0
3907,0.0,0.0,0.0,500,0.62893,0,0,1,0
3908,0.0,0.0,0.0,500,0.628835,0,0,1,0
3909,0.0,0.0,0.0,500,0.6287400000000001,0,0,1,0
3910,0.0,0.0,0.0,500,0.628645,0,0,1,0
3911,0.0,0.0,0.0,500,0.6285499999999999,0,0,1,0
3912,0.0,0.0,0.0,500,0.628455,0,0,1,0
3913,0.0,0.0,0.0,500,0.62836,0,0,1,0
3914,0.0,0.0,0.0,500,0.6282650000000001,0,0,1,0
3915,0.0,0.0,0.0,500,0.62817,0,0,1,0
3916,0.0,0.0,0.0,500,0.6280749999999999,0,0,1,0
3917,0.0,0.0,0.0,500,0.62798,0,0,1,0
3918,0.0,0.0,0.0,500,0.627885,0,0,1,0
3919,0.0,0.0,0.0,500,0.6277900000000001,0,0,1,0
3920,0.0,0.0,0.0,500,0.627695,0,0,1,0
3921,0.0,0.0,0.0,500,0.6275999999999999,0,0,1,0
3922,0.0,0.0,0.0,500,0.627505,0,0,1,0
3923,0.0,0.0,0.0,500,0.62741,0,0,1,0
3924,0.0,0.0,0.0,500,0.6273150000000001,0,0,1,0
3925,0.0,0.0,0.0,500,0.62722,0,0,1,0
3926,0.0,0.0,0.0,500,0.6271249999999999,0,0,1,0
3927,0.0,0.0,0.0,500,0.62703,0,0,1,0
3928,0.0,0.0,0.0,500,0.626935,0,0,1,0
3929,0.0,0.0,0.0,500,0.6268400000000001,0,0,1,0
3930,0.0,0.0,0.0,500,0.626745,0,0,1,0
3931,0.0,0.0,0.0,500,0.6266499999999999,0,0,1,0
3932,0.0,0.0,0.0,500,0.626555,0,0,1,0
3933,0.0,0.0,0.0,500,0.62646,0,0,1,0
3934,0.0,0.0,0.0,500,0.6263650000000001,0,0,1,0
3935,0.0,0.0,0.0,500,0.62627,0,0,1,0
3936,0.0,0.0,0.0,500,0.6261749999999999,0,0,1,0
3937,0.0,0.0,0.0,500,0.62608,0,0,1,0
3938,0.0,0.0,0.0,500,0.625985,0,0,1,0
3939,0.0,0.0,0.0,500,0.6258900000000001,0,0,1,0
3940,0.0,0.0,0.0,500,0.6257950000000001,0,0,1,0
3941,0.0,0.0,0.0,500,0.6256999999999999,0,0,1,0
3942,0.0,0.0,0.0,500,0.625605,0,0,1,0
3943,0.0,0.0,0.0,500,0.62551,0,0,1,0
3944,0.0,0.0,0.0,500,0.625415,0,0,1,0
3945,0.0,0.0,0.0,500,0.6253200000000001,0,0,1,0
3946,0.0,0.0,0.0,500,0.6252249999999999,0,0,1,0
3947,0.0,0.0,0.0,500,0.62513,0,0,1,0
3948,0.0,0.0,0.0,500,0.625035,0,0,1,0
3949,0.0,0.0,0.0,500,0.62494,0,0,1,0
3950,0.0,0.0,0.0,500,0.6248450000000001,0,0,1,0
3951,0.0,0.0,0.0,500,0.62475,0,0,1,0
3952,0.0,0.0,0.0,500,0.624655,0,0,1,0
3953,0.0,0.0,0.0,500,0.62456,0,0,1,0
3954,0.0,0.0,0.0,500,0.624465,0,0,1,0
3955,0.0,0.0,0.0,500,0.6243700000000001,0,0,1,0
3956,0.0,0.0,0.0,500,0.624275,0,0,1,0
3957,0.0,0.0,0.0,500,0.62418,0,0,1,0
3958,0.0,0.0,0.0,500,0.624085,0,0,1,0
3959,0.0,0.0,0.0,500,0.62399,0,0,1,0
3960,0.0,0.0,0.0,500,0.6238950000000001,0,0,1,0
3961,0.0,0.0,0.0,500,0.6238,0,0,1,0
3962,0.0,0.0,0.0,500,0.623705,0,0,1,0
3963,0.0,0.0,0.0,500,0.62361,0,0,1,0
3964,0.0,0.0,0.0,500,0.623515,0,0,1,0
3965,0.0,0.0,0.0,500,0.6234200000000001,0,0,1,0
3966,0.0,0.0,0.0,500,0.623325,0,0,1,0
3967,0.0,0.0,0.0,500,0.62323,0,0,1,0
3968,0.0,0.0,0.0,500,0.623135,0,0,1,0
3969,0.0,0.0,0.0,500,0.62304,0,0,1,0
3970,0.0,0.0,0.0,500,0.6229450000000001,0,0,1,0
3971,0.0,0.0,0.0,500,0.62285,0,0,1,0
3972,0.0,0.0,0.0,500,0.622755,0,0,1,0
3973,0.0,0.0,0.0,500,0.62266,0,0,1,0
3974,0.0,0.0,0.0,500,0.622565,0,0,1,0
3975,0.0,0.0,0.0,500,0.6224700000000001,0,0,1,0
3976,0.0,0.0,0.0,500,0.622375,0,0,1,0
3977,0.0,0.0,0.0,500,0.6222799999999999,0,0,1,0
3978,0.0,0.0,0.0,500,0.622185,0,0,1,0
3979,0.0,0.0,0.0,500,0.62209,0,0,1,0
3980,0.0,0.0,0.0,500,0.6219950000000001,0,0,1,0
3981,0.0,0.0,0.0,500,0.6219,0,0,1,0
3982,0.0,0.0,0.0,500,0.6218049999999999,0,0,1,0
3983,0.0,0.0,0.0,500,0.62171,0,0,1,0
3984,0.0,0.0,0.0,500,0.621615,0,0,1,0
3985,0.0,0.0,0.0,500,0.6215200000000001,0,0,1,0
3986,0.0,0.0,0.0,500,0.621425,0,0,1,0
3987,0.0,0.0,0.0,500,0.6213299999999999,0,0,1,0
3988,0.0,0.0,0.0,500,0.621235,0,0,1,0
3989,0.0,0.0,0.0,500,0.62114,0,0,1,0
3990,0.0,0.0,0.0,500,0.6210450000000001,0,0,1,0
3991,0.0,0.0,0.0,500,0.62095,0,0,1,0
3992,0.0,0.0,0.0,500,0.6208549999999999,0,0,1,0
3993,0.0,0.0,0.0,500,0.62076,0,0,1,0
3994,0.0,0.0,0.0,500,0.620665,0,0,1,0
3995,0.0,0.0,0.0,500,0.6205700000000001,0,0,1,0
3996,0.0,0.0,0.0,500,0.620475,0,0,1,0
3997,0.0,0.0,0.0,500,0.6203799999999999,0,0,1,0
3998,0.0,0.0,0.0,500,0.620285,0,0,1,0
3999,0.0,0.0,0.0,500,0.62019,0,0,1,0
4000,0.0,0.0,0.0,500,0.6200950000000001,0,0,1,0
4001,0.0,0.0,0.0,500,0.62,0,0,1,0
4002,0.0,0.0,0.0,500,0.6199049999999999,0,0,1,0
4003,0.0,0.0,0.0,500,0.61981,0,0,1,0
4004,0.0,0.0,0.0,500,0.619715,0,0,1,0
4005,0.0,0.0,0.0,500,0.6196200000000001,0,0,1,0
4006,0.0,0.0,0.0,500,0.619525,0,0,1,0
4007,0.0,0.0,0.0,500,0.6194299999999999,0,0,1,0
4008,0.0,0.0,0.0,500,0.619335,0,0,1,0
4009,0.0,0.0,0.0,500,0.61924,0,0,1,0
4010,0.0,0.0,0.0,500,0.6191450000000001,0,0,1,0
4011,0.0,0.0,0.0,500,0.61905,0,0,1,0
4012,0.0,0.0,0.0,500,0.618955,0,0,1,0
4013,0.0,0.0,0.0,500,0.61886,0,0,1,0
4014,0.0,0.0,0.0,500,0.618765,0,0,1,0
4015,0.0,0.0,0.0,500,0.61867,0,0,1,0
4016,0.0,0.0,0.0,500,0.618575,0,0,1,0
4017,0.0,0.0,0.0,500,0.61848,0,0,1,0
4018,0.0,0.0,0.0,500,0.618385,0,0,1,0
4019,0.0,0.0,0.0,500,0.61829,0,0,1,0
4020,0.0,0.0,0.0,500,0.618195,0,0,1,0
4021,0.0,0.0,0.0,500,0.6181,0,0,1,0
4022,0.0,0.0,0.0,500,0.618005,0,0,1,0
4023,0.0,0.0,0.0,500,0.61791,0,0,1,0
4024,0.0,0.0,0.0,500,0.617815,0,0,1,0
4025,0.0,0.0,0.0,500,0.61772,0,0,1,0
4026,0.0,0.0,0.0,500,0.617625,0,0,1,0
4027,0.0,0.0,0.0,500,0.61753,0,0,1,0
4028,0.0,0.0,0.0,500,0.617435,0,0,1,0
4029,0.0,0.0,0.0,500,0.61734,0,0,1,0
4030,0.0,0.0,0.0,500,0.617245,0,0,1,0
4031,0.0,0.0,0.0,500,0.61715,0,0,1,0
4032,0.0,0.0,0.0,500,0.617055,0,0,1,0
4033,0.0,0.0,0.0,500,0.61696,0,0,1,0
4034,0.0,0.0,0.0,500,0.616865,0,0,1,0
4035,0.0,0.0,0.0,500,0.61677,0,0,1,0
4036,0.0,0.0,0.0,500,0.616675,0,0,1,0
4037,0.0,0.0,0.0,500,0.61658,0,0,1,0
4038,0.0,0.0,0.0,500,0.616485,0,0,1,0
4039,0.0,0.0,0.0,500,0.61639,0,0,1,0
4040,0.0,0.0,0.0,500,0.616295,0,0,1,0
4041,0.0,0.0,0.0,500,0.6162,0,0,1,0
4042,0.0,0.0,0.0,500,0.616105,0,0,1,0
4043,0.0,0.0,0.0,500,0.61601,0,0,1,0
4044,0.0,0.0,0.0,500,0.615915,0,0,1,0
4045,0.0,0.0,0.0,500,0.61582,0,0,1,0
4046,0.0,0.0,0.0,500,0.615725,0,0,1,0
4047,0.0,0.0,0.0,500,0.61563,0,0,1,0
4048,0.0,0.0,0.0,500,0.6155349999999999,0,0,1,0
4049,0.0,0.0,0.0,500,0.61544,0,0,1,0
4050,0.0,0.0,0.0,500,0.615345,0,0,1,0
4051,0.0,0.0,0.0,500,0.6152500000000001,0,0,1,0
4052,0.0,0.0,0.0,500,0.615155,0,0,1,0
4053,0.0,0.0,0.0,500,0.6150599999999999,0,0,1,0
4054,0.0,0.0,0.0,500,0.614965,0,0,1,0
4055,0.0,0.0,0.0,500,0.61487,0,0,1,0
4056,0.0,0.0,0.0,500,0.6147750000000001,0,0,1,0
4057,0.0,0.0,0.0,500,0.61468,0,0,1,0
4058,0.0,0.0,0.0,500,0.6145849999999999,0,0,1,0
4059,0.0,0.0,0.0,500,0.61449,0,0,1,0
4060,0.0,0.0,0.0,500,0.614395,0,0,1,0
4061,0.0,0.0,0.0,500,0.6143000000000001,0,0,1,0
4062,0.0,0.0,0.0,500,0.614205,0,0,1,0
4063,0.0,0.0,0.0,500,0.6141099999999999,0,0,1,0
4064,0.0,0.0,0.0,500,0.614015,0,0,1,0
4065,0.0,0.0,0.0,500,0.61392,0,0,1,0
4066,0.0,0.0,0.0,500,0.6138250000000001,0,0,1,0
4067,0.0,0.0,0.0,500,0.61373,0,0,1,0
4068,0.0,0.0,0.0,500,0.6136349999999999,0,0,1,0
4069,0.0,0.0,0.0,500,0.61354,0,0,1,0
4070,0.0,0.0,0.0,500,0.613445,0,0,1,0
4071,0.0,0.0,0.0,500,0.6133500000000001,0,0,1,0
4072,0.0,0.0,0.0,500,0.613255,0,0,1,0
4073,0.0,0.0,0.0,500,0.61316,0,0,1,0
4074,0.0,0.0,0.0,500,0.613065,0,0,1,0
4075,0.0,0.0,0.0,500,0.61297,0,0,1,0
4076,0.0,0.0,0.0,500,0.6128750000000001,0,0,1,0
4077,0.0,0.0,0.0,500,0.61278,0,0,1,0
4078,0.0,0.0,0.0,500,0.612685,0,0,1,0
4079,0.0,0.0,0.0,500,0.61259,0,0,1,0
4080,0.0,0.0,0.0,500,0.612495,0,0,1,0
4081,0.0,0.0,0.0,500,0.6124,0,0,1,0
4082,0.0,0.0,0.0,500,0.612305,0,0,1,0
4083,0.0,0.0,0.0,500,0.61221,0,0,1,0
4084,0.0,0.0,0.0,500,0.612115,0,0,1,0
4085,0.0,0.0,0.0,500,0.61202,0,0,1,0
4086,0.0,0.0,0.0,500,0.611925,0,0,1,0
4087,0.0,0.0,0.0,500,0.61183,0,0,1,0
4088,0.0,0.0,0.0,500,0.611735,0,0,1,0
4089,0.0,0.0,0.0,500,0.61164,0,0,1,0
4090,0.0,0.0,0.0,500,0.611545,0,0,1,0
4091,0.0,0.0,0.0,500,0.61145,0,0,1,0
4092,0.0,0.0,0.0,500,0.611355,0,0,1,0
4093,0.0,0.0,0.0,500,0.61126,0,0,1,0
4094,0.0,0.0,0.0,500,0.611165,0,0,1,0
4095,0.0,0.0,0.0,500,0.61107,0,0,1,0
4096,0.0,0.0,0.0,500,0.610975,0,0,1,0
4097,0.0,0.0,0.0,500,0.61088,0,0,1,0
4098,0.0,0.0,0.0,500,0.610785,0,0,1,0
4099,0.0,0.0,0.0,500,0.61069,0,0,1,0
4100,0.0,0.0,0.0,500,0.610595,0,0,1,0
4101,0.0,0.0,0.0,500,0.6105,0,0,1,0
4102,0.0,0.0,0.0,500,0.610405,0,0,1,0
4103,0.0,0.0,0.0,500,0.61031,0,0,1,0
4104,0.0,0.0,0.0,500,0.610215,0,0,1,0
4105,0.0,0.0,0.0,500,0.61012,0,0,1,0
4106,0.0,0.0,0.0,500,0.610025,0,0,1,0
4107,0.0,0.0,0.0,500,0.60993,0,0,1,0
4108,0.0,0.0,0.0,500,0.609835,0,0,1,0
4109,0.0,0.0,0.0,500,0.60974,0,0,1,0
4110,0.0,0.0,0.0,500,0.609645,0,0,1,0
4111,0.0,0.0,0.0,500,0.60955,0,0,1,0
4112,0.0,0.0,0.0,500,0.6094550000000001,0,0,1,0
4113,0.0,0.0,0.0,500,0.60936,0,0,1,0
4114,0.0,0.0,0.0,500,0.609265,0,0,1,0
4115,0.0,0.0,0.0,500,0.60917,0,0,1,0
4116,0.0,0.0,0.0,500,0.609075,0,0,1,0
4117,0.0,0.0,0.0,500,0.6089800000000001,0,0,1,0
4118,0.0,0.0,0.0,500,0.608885,0,0,1,0
4119,0.0,0.0,0.0,500,0.6087899999999999,0,0,1,0
4120,0.0,0.0,0.0,500,0.608695,0,0,1,0
4121,0.0,0.0,0.0,500,0.6086,0,0,1,0
4122,0.0,0.0,0.0,500,0.6085050000000001,0,0,1,0
4123,0.0,0.0,0.0,500,0.60841,0,0,1,0
4124,0.0,0.0,0.0,500,0.6083149999999999,0,0,1,0
4125,0.0,0.0,0.0,500,0.60822,0,0,1,0
4126,0.0,0.0,0.0,500,0.608125,0,0,1,0
4127,0.0,0.0,0.0,500,0.6080300000000001,0,0,1,0
4128,0.0,0.0,0.0,500,0.607935,0,0,1,0
4129,0.0,0.0,0.0,500,0.6078399999999999,0,0,1,0
4130,0.0,0.0,0.0,500,0.607745,0,0,1,0
4131,0.0,0.0,0.0,500,0.60765,0,0,1,0
4132,0.0,0.0,0.0,500,0.6075550000000001,0,0,1,0
4133,0.0,0.0,0.0,500,0.60746,0,0,1,0
4134,0.0,0.0,0.0,500,0.607365,0,0,1,0
4135,0.0,0.0,0.0,500,0.60727,0,0,1,0
4136,0.0,0.0,0.0,500,0.607175,0,0,1,0
4137,0.0,0.0,0.0,500,0.6070800000000001,0,0,1,0
4138,0.0,0.0,0.0,500,0.606985,0,0,1,0
4139,0.0,0.0,0.0,500,0.60689,0,0,1,0
4140,0.0,0.0,0.0,500,0.606795,0,0,1,0
4141,0.0,0.0,0.0,500,0.6067,0,0,1,0
4142,0.0,0.0,0.0,500,0.6066050000000001,0,0,1,0
4143,0.0,0.0,0.0,500,0.60651,0,0,1,0
4144,0.0,0.0,0.0,500,0.606415,0,0,1,0
4145,0.0,0.0,0.0,500,0.60632,0,0,1,0
4146,0.0,0.0,0.0,500,0.606225,0,0,1,0
4147,0.0,0.0,0.0,500,0.6061300000000001,0,0,1,0
4148,0.0,0.0,0.0,500,0.606035,0,0,1,0
4149,0.0,0.0,0.0,500,0.60594,0,0,1,0
4150,0.0,0.0,0.0,500,0.605845,0,0,1,0
4151,0.0,0.0,0.0,500,0.60575,0,0,1,0
4152,0.0,0.0,0.0,500,0.605655,0,0,1,0
4153,0.0,0.0,0.0,500,0.60556,0,0,1,0
4154,0.0,0.0,0.0,500,0.605465,0,0,1,0
4155,0.0,0.0,0.0,500,0.60537,0,0,1,0
4156,0.0,0.0,0.0,500,0.605275,0,0,1,0
4157,0.0,0.0,0.0,500,0.60518,0,0,1,0
4158,0.0,0.0,0.0,500,0.605085,0,0,1,0
4159,0.0,0.0,0.0,500,0.60499,0,0,1,0
4160,0.0,0.0,0.0,500,0.604895,0,0,1,0
4161,0.0,0.0,0.0,500,0.6048,0,0,1,0
4162,0.0,0.0,0.0,500,0.604705,0,0,1,0
4163,0.0,0.0,0.0,500,0.60461,0,0,1,0
4164,0.0,0.0,0.0,500,0.604515,0,0,1,0
4165,0.0,0.0,0.0,500,0.60442,0,0,1,0
4166,0.0,0.0,0.0,500,0.604325,0,0,1,0
4167,0.0,0.0,0.0,500,0.60423,0,0,1,0
4168,0.0,0.0,0.0,500,0.604135,0,0,1,0
4169,0.0,0.0,0.0,500,0.60404,0,0,1,0
4170,0.0,0.0,0.0,500,0.603945,0,0,1,0
4171,0.0,0.0,0.0,500,0.60385,0,0,1,0
4172,0.0,0.0,0.0,500,0.603755,0,0,1,0
4173,0.0,0.0,0.0,500,0.6036600000000001,0,0,1,0
4174,0.0,0.0,0.0,500,0.603565,0,0,1,0
4175,0.0,0.0,0.0,500,0.60347,0,0,1,0
4176,0.0,0.0,0.0,500,0.603375,0,0,1,0
4177,0.0,0.0,0.0,500,0.60328,0,0,1,0
4178,0.0,0.0,0.0,500,0.6031850000000001,0,0,1,0
4179,0.0,0.0,0.0,500,0.60309,0,0,1,0
4180,0.0,0.0,0.0,500,0.602995,0,0,1,0
4181,0.0,0.0,0.0,500,0.6029,0,0,1,0
4182,0.0,0.0,0.0,500,0.602805,0,0,1,0
4183,0.0,0.0,0.0,500,0.6027100000000001,0,0,1,0
4184,0.0,0.0,0.0,500,0.602615,0,0,1,0
4185,0.0,0.0,0.0,500,0.60252,0,0,1,0
4186,0.0,0.0,0.0,500,0.602425,0,0,1,0
4187,0.0,0.0,0.0,500,0.60233,0,0,1,0
4188,0.0,0.0,0.0,500,0.6022350000000001,0,0,1,0
4189,0.0,0.0,0.0,500,0.60214,0,0,1,0
4190,0.0,0.0,0.0,500,0.6020449999999999,0,0,1,0
4191,0.0,0.0,0.0,500,0.60195,0,0,1,0
4192,0.0,0.0,0.0,500,0.601855,0,0,1,0
4193,0.0,0.0,0.0,500,0.6017600000000001,0,0,1,0
4194,0.0,0.0,0.0,500,0.601665,0,0,1,0
4195,0.0,0.0,0.0,500,0.60157,0,0,1,0
4196,0.0,0.0,0.0,500,0.601475,0,0,1,0
4197,0.0,0.0,0.0,500,0.60138,0,0,1,0
4198,0.0,0.0,0.0,500,0.6012850000000001,0,0,1,0
4199,0.0,0.0,0.0,500,0.60119,0,0,1,0
4200,0.0,0.0,0.0,500,0.601095,0,0,1,0
4201,0.0,0.0,0.0,500,0.601,0,0,1,0
4202,0.0,0.0,0.0,500,0.600905,0,0,1,0
4203,0.0,0.0,0.0,500,0.6008100000000001,0,0,1,0
4204,0.0,0.0,0.0,500,0.600715,0,0,1,0
4205,0.0,0.0,0.0,500,0.60062,0,0,1,0
4206,0.0,0.0,0.0,500,0.600525,0,0,1,0
4207,0.0,0.0,0.0,500,0.60043,0,0,1,0
4208,0.0,0.0,0.0,500,0.6003350000000001,0,0,1,0
4209,0.0,0.0,0.0,500,0.60024,0,0,1,0
4210,0.0,0.0,0.0,500,0.600145,0,0,1,0
4211,0.0,0.0,0.0,500,0.60005,0,0,1,0
4212,0.0,0.0,0.0,500,0.599955,0,0,1,0
4213,0.0,0.0,0.0,500,0.5998600000000001,0,0,1,0
4214,0.0,0.0,0.0,500,0.599765,0,0,1,0
4215,0.0,0.0,0.0,500,0.59967,0,0,1,0
4216,0.0,0.0,0.0,500,0.599575,0,0,1,0
4217,0.0,0.0,0.0,500,0.59948,0,0,1,0
4218,0.0,0.0,0.0,500,0.5993850000000001,0,0,1,0
4219,0.0,0.0,0.0,500,0.59929,0,0,1,0
4220,0.0,0.0,0.0,500,0.599195,0,0,1,0
4221,0.0,0.0,0.0,500,0.5991,0,0,1,0
4222,0.0,0.0,0.0,500,0.599005,0,0,1,0
4223,0.0,0.0,0.0,500,0.59891,0,0,1,0
4224,0.0,0.0,0.0,500,0.598815,0,0,1,0
4225,0.0,0.0,0.0,500,0.59872,0,0,1,0
4226,0.0,0.0,0.0,500,0.598625,0,0,1,0
4227,0.0,0.0,0.0,500,0.59853,0,0,1,0
4228,0.0,0.0,0.0,500,0.598435,0,0,1,0
4229,0.0,0.0,0.0,500,0.59834,0,0,1,0
4230,0.0,0.0,0.0,500,0.598245,0,0,1,0
4231,0.0,0.0,0.0,500,0.59815,0,0,1,0
4232,0.0,0.0,0.0,500,0.598055,0,0,1,0
4233,0.0,0.0,0.0,500,0.59796,0,0,1,0
4234,0.0,0.0,0.0,500,0.5978650000000001,0,0,1,0
4235,0.0,0.0,0.0,500,0.59777,0,0,1,0
4236,0.0,0.0,0.0,500,0.597675,0,0,1,0
4237,0.0,0.0,0.0,500,0.59758,0,0,1,0
4238,0.0,0.0,0.0,500,0.597485,0,0,1,0
4239,0.0,0.0,0.0,500,0.5973900000000001,0,0,1,0
4240,0.0,0.0,0.0,500,0.597295,0,0,1,0
4241,0.0,0.0,0.0,500,0.5972,0,0,1,0
4242,0.0,0.0,0.0,500,0.597105,0,0,1,0
4243,0.0,0.0,0.0,500,0.59701,0,0,1,0
4244,0.0,0.0,0.0,500,0.5969150000000001,0,0,1,0
4245,0.0,0.0,0.0,500,0.59682,0,0,1,0
4246,0.0,0.0,0.0,500,0.596725,0,0,1,0
4247,0.0,0.0,0.0,500,0.59663,0,0,1,0
4248,0.0,0.0,0.0,500,0.596535,0,0,1,0
4249,0.0,0.0,0.0,500,0.5964400000000001,0,0,1,0
4250,0.0,0.0,0.0,500,0.596345,0,0,1,0
4251,0.0,0.0,0.0,500,0.59625,0,0,1,0
4252,0.0,0.0,0.0,500,0.596155,0,0,1,0
4253,0.0,0.0,0.0,500,0.59606,0,0,1,0
4254,0.0,0.0,0.0,500,0.5959650000000001,0,0,1,0
4255,0.0,0.0,0.0,500,0.59587,0,0,1,0
4256,0.0,0.0,0.0,500,0.595775,0,0,1,0
4257,0.0,0.0,0.0,500,0.59568,0,0,1,0
4258,0.0,0.0,0.0,500,0.595585,0,0,1,0
4259,0.0,0.0,0.0,500,0.5954900000000001,0,0,1,0
4260,0.0,0.0,0.0,500,0.595395,0,0,1,0
4261,0.0,0.0,0.0,500,0.5953,0,0,1,0
4262,0.0,0.0,0.0,500,0.595205,0,0,1,0
4263,0.0,0.0,0.0,500,0.59511,0,0,1,0
4264,0.0,0.0,0.0,500,0.5950150000000001,0,0,1,0
4265,0.0,0.0,0.0,500,0.59492,0,0,1,0
4266,0.0,0.0,0.0,500,0.594825,0,0,1,0
4267,0.0,0.0,0.0,500,0.59473,0,0,1,0
4268,0.0,0.0,0.0,500,0.594635,0,0,1,0
4269,0.0,0.0,0.0,500,0.5945400000000001,0,0,1,0
4270,0.0,0.0,0.0,500,0.594445,0,0,1,0
4271,0.0,0.0,0.0,500,0.59435,0,0,1,0
4272,0.0,0.0,0.0,500,0.594255,0,0,1,0
4273,0.0,0.0,0.0,500,0.59416,0,0,1,0
4274,0.0,0.0,0.0,500,0.5940650000000001,0,0,1,0
4275,0.0,0.0,0.0,500,0.59397,0,0,1,0
4276,0.0,0.0,0.0,500,0.593875,0,0,1,0
4277,0.0,0.0,0.0,500,0.59378,0,0,1,0
4278,0.0,0.0,0.0,500,0.593685,0,0,1,0
4279,0.0,0.0,0.0,500,0.5935900000000001,0,0,1,0
4280,0.0,0.0,0.0,500,0.593495,0,0,1,0
4281,0.0,0.0,0.0,500,0.5934,0,0,1,0
4282,0.0,0.0,0.0,500,0.593305,0,0,1,0
4283,0.0,0.0,0.0,500,0.59321,0,0,1,0
4284,0.0,0.0,0.0,500,0.5931150000000001,0,0,1,0
4285,0.0,0.0,0.0,500,0.59302,0,0,1,0
4286,0.0,0.0,0.0,500,0.592925,0,0,1,0
4287,0.0,0.0,0.0,500,0.59283,0,0,1,0
4288,0.0,0.0,0.0,500,0.592735,0,0,1,0
4289,0.0,0.0,0.0,500,0.5926400000000001,0,0,1,0
4290,0.0,0.0,0.0,500,0.592545,0,0,1,0
4291,0.0,0.0,0.0,500,0.59245,0,0,1,0
4292,0.0,0.0,0.0,500,0.592355,0,0,1,0
4293,0.0,0.0,0.0,500,0.59226,0,0,1,0
4294,0.0,0.0,0.0,500,0.592165,0,0,1,0
4295,0.0,0.0,0.0,500,0.5920700000000001,0,0,1,0
4296,0.0,0.0,0.0,500,0.591975,0,0,1,0
4297,0.0,0.0,0.0,500,0.59188,0,0,1,0
4298,0.0,0.0,0.0,500,0.591785,0,0,1,0
4299,0.0,0.0,0.0,500,0.59169,0,0,1,0
4300,0.0,0.0,0.0,500,0.5915950000000001,0,0,1,0
4301,0.0,0.0,0.0,500,0.5915,0,0,1,0
4302,0.0,0.0,0.0,500,0.591405,0,0,1,0
4303,0.0,0.0,0.0,500,0.59131,0,0,1,0
4304,0.0,0.0,0.0,500,0.591215,0,0,1,0
4305,0.0,0.0,0.0,500,0.5911200000000001,0,0,1,0
4306,0.0,0.0,0.0,500,0.591025,0,0,1,0
4307,0.0,0.0,0.0,500,0.59093,0,0,1,0
4308,0.0,0.0,0.0,500,0.590835,0,0,1,0
4309,0.0,0.0,0.0,500,0.59074,0,0,1,0
4310,0.0,0.0,0.0,500,0.5906450000000001,0,0,1,0
4311,0.0,0.0,0.0,500,0.59055,0,0,1,0
4312,0.0,0.0,0.0,500,0.590455,0,0,1,0
4313,0.0,0.0,0.0,500,0.59036,0,0,1,0
4314,0.0,0.0,0.0,500,0.590265,0,0,1,0
4315,0.0,0.0,0.0,500,0.5901700000000001,0,0,1,0
4316,0.0,0.0,0.0,500,0.590075,0,0,1,0
4317,0.0,0.0,0.0,500,0.5899800000000001,0,0,1,0
4318,0.0,0.0,0.0,500,0.589885,0,0,1,0
4319,0.0,0.0,0.0,500,0.58979,0,0,1,0
4320,0.0,0.0,0.0,500,0.5896950000000001,0,0,1,0
4321,0.0,0.0,0.0,500,0.5896,0,0,1,0
4322,0.0,0.0,0.0,500,0.5895050000000001,0,0,1,0
4323,0.0,0.0,0.0,500,0.58941,0,0,1,0
4324,0.0,0.0,0.0,500,0.589315,0,0,1,0
4325,0.0,0.0,0.0,500,0.5892200000000001,0,0,1,0
4326,0.0,0.0,0.0,500,0.589125,0,0,1,0
4327,0.0,0.0,0.0,500,0.58903,0,0,1,0
4328,0.0,0.0,0.0,500,0.588935,0,0,1,0
4329,0.0,0.0,0.0,500,0.58884,0,0,1,0
4330,0.0,0.0,0.0,500,0.5887450000000001,0,0,1,0
4331,0.0,0.0,0.0,500,0.58865,0,0,1,0
4332,0.0,0.0,0.0,500,0.588555,0,0,1,0
4333,0.0,0.0,0.0,500,0.58846,0,0,1,0
4334,0.0,0.0,0.0,500,0.588365,0,0,1,0
4335,0.0,0.0,0.0,500,0.5882700000000001,0,0,1,0
4336,0.0,0.0,0.0,500,0.588175,0,0,1,0
4337,0.0,0.0,0.0,500,0.58808,0,0,1,0
4338,0.0,0.0,0.0,500,0.587985,0,0,1,0
4339,0.0,0.0,0.0,500,0.58789,0,0,1,0
4340,0.0,0.0,0.0,500,0.5877950000000001,0,0,1,0
4341,0.0,0.0,0.0,500,0.5877,0,0,1,0
4342,0.0,0.0,0.0,500,0.587605,0,0,1,0
4343,0.0,0.0,0.0,500,0.58751,0,0,1,0
4344,0.0,0.0,0.0,500,0.587415,0,0,1,0
4345,0.0,0.0,0.0,500,0.5873200000000001,0,0,1,0
4346,0.0,0.0,0.0,500,0.587225,0,0,1,0
4347,0.0,0.0,0.0,500,0.58713,0,0,1,0
4348,0.0,0.0,0.0,500,0.587035,0,0,1,0
4349,0.0,0.0,0.0,500,0.58694,0,0,1,0
4350,0.0,0.0,0.0,500,0.5868450000000001,0,0,1,0
4351,0.0,0.0,0.0,500,0.58675,0,0,1,0
4352,0.0,0.0,0.0,500,0.586655,0,0,1,0
4353,0.0,0.0,0.0,500,0.58656,0,0,1,0
4354,0.0,0.0,0.0,500,0.586465,0,0,1,0
4355,0.0,0.0,0.0,500,0.5863700000000001,0,0,1,0
4356,0.0,0.0,0.0,500,0.5862750000000001,0,0,1,0
4357,0.0,0.0,0.0,500,0.58618,0,0,1,0
4358,0.0,0.0,0.0,500,0.586085,0,0,1,0
4359,0.0,0.0,0.0,500,0.58599,0,0,1,0
4360,0.0,0.0,0.0,500,0.585895,0,0,1,0
4361,0.0,0.0,0.0,500,0.5858000000000001,0,0,1,0
4362,0.0,0.0,0.0,500,0.585705,0,0,1,0
4363,0.0,0.0,0.0,500,0.58561,0,0,1,0
4364,0.0,0.0,0.0,500,0.585515,0,0,1,0
4365,0.0,0.0,0.0,500,0.58542,0,0,1,0
4366,0.0,0.0,0.0,500,0.5853250000000001,0,0,1,0
4367,0.0,0.0,0.0,500,0.58523,0,0,1,0
4368,0.0,0.0,0.0,500,0.585135,0,0,1,0
4369,0.0,0.0,0.0,500,0.58504,0,0,1,0
4370,0.0,0.0,0.0,500,0.584945,0,0,1,0
4371,0.0,0.0,0.0,500,0.5848500000000001,0,0,1,0
4372,0.0,0.0,0.0,500,0.584755,0,0,1,0
4373,0.0,0.0,0.0,500,0.58466,0,0,1,0
4374,0.0,0.0,0.0,500,0.584565,0,0,1,0
4375,0.0,0.0,0.0,500,0.58447,0,0,1,0
4376,0.0,0.0,0.0,500,0.5843750000000001,0,0,1,0
4377,0.0,0.0,0.0,500,0.58428,0,0,1,0
4378,0.0,0.0,0.0,500,0.5841850000000001,0,0,1,0
4379,0.0,0.0,0.0,500,0.58409,0,0,1,0
4380,0.0,0.0,0.0,500,0.583995,0,0,1,0
4381,0.0,0.0,0.0,500,0.5839000000000001,0,0,1,0
4382,0.0,0.0,0.0,500,0.583805,0,0,1,0
4383,0.0,0.0,0.0,500,0.5837100000000001,0,0,1,0
4384,0.0,0.0,0.0,500,0.583615,0,0,1,0
4385,0.0,0.0,0.0,500,0.58352,0,0,1,0
4386,0.0,0.0,0.0,500,0.5834250000000001,0,0,1,0
4387,0.0,0.0,0.0,500,0.58333,0,0,1,0
4388,0.0,0.0,0.0,500,0.5832350000000001,0,0,1,0
4389,0.0,0.0,0.0,500,0.58314,0,0,1,0
4390,0.0,0.0,0.0,500,0.583045,0,0,1,0
4391,0.0,0.0,0.0,500,0.5829500000000001,0,0,1,0
4392,0.0,0.0,0.0,500,0.582855,0,0,1,0
4393,0.0,0.0,0.0,500,0.5827600000000001,0,0,1,0
4394,0.0,0.0,0.0,500,0.582665,0,0,1,0
4395,0.0,0.0,0.0,500,0.58257,0,0,1,0
4396,0.0,0.0,0.0,500,0.5824750000000001,0,0,1,0
4397,0.0,0.0,0.0,500,0.58238,0,0,1,0
4398,0.0,0.0,0.0,500,0.582285,0,0,1,0
4399,0.0,0.0,0.0,500,0.58219,0,0,1,0
4400,0.0,0.0,0.0,500,0.582095,0,0,1,0
4401,0.0,0.0,0.0,500,0.5820000000000001,0,0,1,0
4402,0.0,0.0,0.0,500,0.581905,0,0,1,0
4403,0.0,0.0,0.0,500,0.58181,0,0,1,0
4404,0.0,0.0,0.0,500,0.581715,0,0,1,0
4405,0.0,0.0,0.0,500,0.58162,0,0,1,0
4406,0.0,0.0,0.0,500,0.5815250000000001,0,0,1,0
4407,0.0,0.0,0.0,500,0.58143,0,0,1,0
4408,0.0,0.0,0.0,500,0.581335,0,0,1,0
4409,0.0,0.0,0.0,500,0.58124,0,0,1,0
4410,0.0,0.0,0.0,500,0.581145,0,0,1,0
4411,0.0,0.0,0.0,500,0.5810500000000001,0,0,1,0
4412,0.0,0.0,0.0,500,0.5809550000000001,0,0,1,0
4413,0.0,0.0,0.0,500,0.58086,0,0,1,0
4414,0.0,0.0,0.0,500,0.580765,0,0,1,0
4415,0.0,0.0,0.0,500,0.58067,0,0,1,0
4416,0.0,0.0,0.0,500,0.5805750000000001,0,0,1,0
4417,0.0,0.0,0.0,500,0.5804800000000001,0,0,1,0
4418,0.0,0.0,0.0,500,0.580385,0,0,1,0
4419,0.0,0.0,0.0,500,0.58029,0,0,1,0
4420,0.0,0.0,0.0,500,0.580195,0,0,1,0
4421,0.0,0.0,0.0,500,0.5801000000000001,0,0,1,0
4422,0.0,0.0,0.0,500,0.5800050000000001,0,0,1,0
4423,0.0,0.0,0.0,500,0.57991,0,0,1,0
4424,0.0,0.0,0.0,500,0.579815,0,0,1,0
4425,0.0,0.0,0.0,500,0.57972,0,0,1,0
4426,0.0,0.0,0.0,500,0.5796250000000001,0,0,1,0
4427,0.0,0.0,0.0,500,0.5795300000000001,0,0,1,0
4428,0.0,0.0,0.0,500,0.579435,0,0,1,0
4429,0.0,0.0,0.0,500,0.57934,0,0,1,0
4430,0.0,0.0,0.0,500,0.579245,0,0,1,0
4431,0.0,0.0,0.0,500,0.57915,0,0,1,0
4432,0.0,0.0,0.0,500,0.5790550000000001,0,0,1,0
4433,0.0,0.0,0.0,500,0.57896,0,0,1,0
4434,0.0,0.0,0.0,500,0.578865,0,0,1,0
4435,0.0,0.0,0.0,500,0.57877,0,0,1,0
4436,0.0,0.0,0.0,500,0.578675,0,0,1,0
4437,0.0,0.0,0.0,500,0.5785800000000001,0,0,1,0
4438,0.0,0.0,0.0,500,0.578485,0,0,1,0
4439,0.0,0.0,0.0,500,0.5783900000000001,0,0,1,0
4440,0.0,0.0,0.0,500,0.578295,0,0,1,0
4441,0.0,0.0,0.0,500,0.5782,0,0,1,0
4442,0.0,0.0,0.0,500,0.5781050000000001,0,0,1,0
4443,0.0,0.0,0.0,500,0.57801,0,0,1,0
4444,0.0,0.0,0.0,500,0.5779150000000001,0,0,1,0
4445,0.0,0.0,0.0,500,0.57782,0,0,1,0
4446,0.0,0.0,0.0,500,0.577725,0,0,1,0
4447,0.0,0.0,0.0,500,0.5776300000000001,0,0,1,0
4448,0.0,0.0,0.0,500,0.577535,0,0,1,0
4449,0.0,0.0,0.0,500,0.5774400000000001,0,0,1,0
4450,0.0,0.0,0.0,500,0.577345,0,0,1,0
4451,0.0,0.0,0.0,500,0.57725,0,0,1,0
4452,0.0,0.0,0.0,500,0.5771550000000001,0,0,1,0
4453,0.0,0.0,0.0,500,0.57706,0,0,1,0
4454,0.0,0.0,0.0,500,0.5769650000000001,0,0,1,0
4455,0.0,0.0,0.0,500,0.57687,0,0,1,0
4456,0.0,0.0,0.0,500,0.576775,0,0,1,0
4457,0.0,0.0,0.0,500,0.5766800000000001,0,0,1,0
4458,0.0,0.0,0.0,500,0.576585,0,0,1,0
4459,0.0,0.0,0.0,500,0.5764900000000001,0,0,1,0
4460,0.0,0.0,0.0,500,0.576395,0,0,1,0
4461,0.0,0.0,0.0,500,0.5763,0,0,1,0
4462,0.0,0.0,0.0,500,0.5762050000000001,0,0,1,0
4463,0.0,0.0,0.0,500,0.57611,0,0,1,0
4464,0.0,0.0,0.0,500,0.576015,0,0,1,0
4465,0.0,0.0,0.0,500,0.57592,0,0,1,0
4466,0.0,0.0,0.0,500,0.575825,0,0,1,0
4467,0.0,0.0,0.0,500,0.5757300000000001,0,0,1,0
4468,0.0,0.0,0.0,500,0.575635,0,0,1,0
4469,0.0,0.0,0.0,500,0.57554,0,0,1,0
4470,0.0,0.0,0.0,500,0.575445,0,0,1,0
4471,0.0,0.0,0.0,500,0.57535,0,0,1,0
4472,0.0,0.0,0.0,500,0.5752550000000001,0,0,1,0
4473,0.0,0.0,0.0,500,0.5751600000000001,0,0,1,0
4474,0.0,0.0,0.0,500,0.575065,0,0,1,0
4475,0.0,0.0,0.0,500,0.57497,0,0,1,0
4476,0.0,0.0,0.0,500,0.574875,0,0,1,0
4477,0.0,0.0,0.0,500,0.5747800000000001,0,0,1,0
4478,0.0,0.0,0.0,500,0.5746850000000001,0,0,1,0
4479,0.0,0.0,0.0,500,0.57459,0,0,1,0
4480,0.0,0.0,0.0,500,0.574495,0,0,1,0
4481,0.0,0.0,0.0,500,0.5744,0,0,1,0
4482,0.0,0.0,0.0,500,0.5743050000000001,0,0,1,0
4483,0.0,0.0,0.0,500,0.5742100000000001,0,0,1,0
4484,0.0,0.0,0.0,500,0.574115,0,0,1,0
4485,0.0,0.0,0.0,500,0.57402,0,0,1,0
4486,0.0,0.0,0.0,500,0.573925,0,0,1,0
4487,0.0,0.0,0.0,500,0.5738300000000001,0,0,1,0
4488,0.0,0.0,0.0,500,0.5737350000000001,0,0,1,0
4489,0.0,0.0,0.0,500,0.57364,0,0,1,0
4490,0.0,0.0,0.0,500,0.573545,0,0,1,0
4491,0.0,0.0,0.0,500,0.57345,0,0,1,0
4492,0.0,0.0,0.0,500,0.5733550000000001,0,0,1,0
4493,0.0,0.0,0.0,500,0.5732600000000001,0,0,1,0
4494,0.0,0.0,0.0,500,0.573165,0,0,1,0
4495,0.0,0.0,0.0,500,0.57307,0,0,1,0
4496,0.0,0.0,0.0,500,0.572975,0,0,1,0
4497,0.0,0.0,0.0,500,0.5728800000000001,0,0,1,0
4498,0.0,0.0,0.0,500,0.5727850000000001,0,0,1,0
4499,0.0,0.0,0.0,500,0.57269,0,0,1,0
4500,0.0,0.0,0.0,500,0.572595,0,0,1,0
4501,0.0,0.0,0.0,500,0.5725,0,0,1,0
4502,0.0,0.0,0.0,500,0.572405,0,0,1,0
4503,0.0,0.0,0.0,500,0.5723100000000001,0,0,1,0
4504,0.0,0.0,0.0,500,0.572215,0,0,1,0
4505,0.0,0.0,0.0,500,0.57212,0,0,1,0
4506,0.0,0.0,0.0,500,0.572025,0,0,1,0
4507,0.0,0.0,0.0,500,0.57193,0,0,1,0
4508,0.0,0.0,0.0,500,0.5718350000000001,0,0,1,0
4509,0.0,0.0,0.0,500,0.57174,0,0,1,0
4510,0.0,0.0,0.0,500,0.571645,0,0,1,0
4511,0.0,0.0,0.0,500,0.57155,0,0,1,0
4512,0.0,0.0,0.0,500,0.571455,0,0,1,0
4513,0.0,0.0,0.0,500,0.5713600000000001,0,0,1,0
4514,0.0,0.0,0.0,500,0.571265,0,0,1,0
4515,0.0,0.0,0.0,500,0.57117,0,0,1,0
4516,0.0,0.0,0.0,500,0.571075,0,0,1,0
4517,0.0,0.0,0.0,500,0.57098,0,0,1,0
4518,0.0,0.0,0.0,500,0.5708850000000001,0,0,1,0
4519,0.0,0.0,0.0,500,0.57079,0,0,1,0
4520,0.0,0.0,0.0,500,0.570695,0,0,1,0
4521,0.0,0.0,0.0,500,0.5706,0,0,1,0
4522,0.0,0.0,0.0,500,0.570505,0,0,1,0
4523,0.0,0.0,0.0,500,0.5704100000000001,0,0,1,0
4524,0.0,0.0,0.0,500,0.570315,0,0,1,0
4525,0.0,0.0,0.0,500,0.57022,0,0,1,0
4526,0.0,0.0,0.0,500,0.570125,0,0,1,0
4527,0.0,0.0,0.0,500,0.57003,0,0,1,0
4528,0.0,0.0,0.0,500,0.5699350000000001,0,0,1,0
4529,0.0,0.0,0.0,500,0.56984,0,0,1,0
4530,0.0,0.0,0.0,500,0.569745,0,0,1,0
4531,0.0,0.0,0.0,500,0.56965,0,0,1,0
4532,0.0,0.0,0.0,500,0.569555,0,0,1,0
4533,0.0,0.0,0.0,500,0.5694600000000001,0,0,1,0
4534,0.0,0.0,0.0,500,0.5693650000000001,0,0,1,0
4535,0.0,0.0,0.0,500,0.5692699999999999,0,0,1,0
4536,0.0,0.0,0.0,500,0.569175,0,0,1,0
4537,0.0,0.0,0.0,500,0.56908,0,0,1,0
4538,0.0,0.0,0.0,500,0.5689850000000001,0,0,1,0
4539,0.0,0.0,0.0,500,0.5688900000000001,0,0,1,0
4540,0.0,0.0,0.0,500,0.5687949999999999,0,0,1,0
4541,0.0,0.0,0.0,500,0.5687,0,0,1,0
4542,0.0,0.0,0.0,500,0.568605,0,0,1,0
4543,0.0,0.0,0.0,500,0.5685100000000001,0,0,1,0
4544,0.0,0.0,0.0,500,0.5684150000000001,0,0,1,0
4545,0.0,0.0,0.0,500,0.5683199999999999,0,0,1,0
4546,0.0,0.0,0.0,500,0.568225,0,0,1,0
4547,0.0,0.0,0.0,500,0.56813,0,0,1,0
4548,0.0,0.0,0.0,500,0.5680350000000001,0,0,1,0
4549,0.0,0.0,0.0,500,0.5679400000000001,0,0,1,0
4550,0.0,0.0,0.0,500,0.5678449999999999,0,0,1,0
4551,0.0,0.0,0.0,500,0.56775,0,0,1,0
4552,0.0,0.0,0.0,500,0.567655,0,0,1,0
4553,0.0,0.0,0.0,500,0.5675600000000001,0,0,1,0
4554,0.0,0.0,0.0,500,0.5674650000000001,0,0,1,0
4555,0.0,0.0,0.0,500,0.5673699999999999,0,0,1,0
4556,0.0,0.0,0.0,500,0.567275,0,0,1,0
4557,0.0,0.0,0.0,500,0.56718,0,0,1,0
4558,0.0,0.0,0.0,500,0.5670850000000001,0,0,1,0
4559,0.0,0.0,0.0,500,0.5669900000000001,0,0,1,0
4560,0.0,0.0,0.0,500,0.5668949999999999,0,0,1,0
4561,0.0,0.0,0.0,500,0.5668,0,0,1,0
4562,0.0,0.0,0.0,500,0.566705,0,0,1,0
4563,0.0,0.0,0.0,500,0.5666100000000001,0,0,1,0
4564,0.0,0.0,0.0,500,0.5665150000000001,0,0,1,0
4565,0.0,0.0,0.0,500,0.56642,0,0,1,0
4566,0.0,0.0,0.0,500,0.566325,0,0,1,0
4567,0.0,0.0,0.0,500,0.56623,0,0,1,0
4568,0.0,0.0,0.0,500,0.566135,0,0,1,0
4569,0.0,0.0,0.0,500,0.5660400000000001,0,0,1,0
4570,0.0,0.0,0.0,500,0.565945,0,0,1,0
4571,0.0,0.0,0.0,500,0.56585,0,0,1,0
4572,0.0,0.0,0.0,500,0.565755,0,0,1,0
4573,0.0,0.0,0.0,500,0.56566,0,0,1,0
4574,0.0,0.0,0.0,500,0.5655650000000001,0,0,1,0
4575,0.0,0.0,0.0,500,0.56547,0,0,1,0
4576,0.0,0.0,0.0,500,0.565375,0,0,1,0
4577,0.0,0.0,0.0,500,0.56528,0,0,1,0
4578,0.0,0.0,0.0,500,0.565185,0,0,1,0
4579,0.0,0.0,0.0,500,0.5650900000000001,0,0,1,0
4580,0.0,0.0,0.0,500,0.564995,0,0,1,0
4581,0.0,0.0,0.0,500,0.5649,0,0,1,0
4582,0.0,0.0,0.0,500,0.564805,0,0,1,0
4583,0.0,0.0,0.0,500,0.56471,0,0,1,0
4584,0.0,0.0,0.0,500,0.5646150000000001,0,0,1,0
4585,0.0,0.0,0.0,500,0.56452,0,0,1,0
4586,0.0,0.0,0.0,500,0.564425,0,0,1,0
4587,0.0,0.0,0.0,500,0.56433,0,0,1,0
4588,0.0,0.0,0.0,500,0.564235,0,0,1,0
4589,0.0,0.0,0.0,500,0.5641400000000001,0,0,1,0
4590,0.0,0.0,0.0,500,0.564045,0,0,1,0
4591,0.0,0.0,0.0,500,0.56395,0,0,1,0
4592,0.0,0.0,0.0,500,0.563855,0,0,1,0
4593,0.0,0.0,0.0,500,0.56376,0,0,1,0
4594,0.0,0.0,0.0,500,0.5636650000000001,0,0,1,0
4595,0.0,0.0,0.0,500,0.5635700000000001,0,0,1,0
4596,0.0,0.0,0.0,500,0.563475,0,0,1,0
4597,0.0,0.0,0.0,500,0.56338,0,0,1,0
4598,0.0,0.0,0.0,500,0.563285,0,0,1,0
4599,0.0,0.0,0.0,500,0.5631900000000001,0,0,1,0
4600,0.0,0.0,0.0,500,0.5630950000000001,0,0,1,0
4601,0.0,0.0,0.0,500,0.563,0,0,1,0
4602,0.0,0.0,0.0,500,0.562905,0,0,1,0
4603,0.0,0.0,0.0,500,0.56281,0,0,1,0
4604,0.0,0.0,0.0,500,0.5627150000000001,0,0,1,0
4605,0.0,0.0,0.0,500,0.5626200000000001,0,0,1,0
4606,0.0,0.0,0.0,500,0.5625249999999999,0,0,1,0
4607,0.0,0.0,0.0,500,0.56243,0,0,1,0
4608,0.0,0.0,0.0,500,0.562335,0,0,1,0
4609,0.0,0.0,0.0,500,0.5622400000000001,0,0,1,0
4610,0.0,0.0,0.0,500,0.5621450000000001,0,0,1,0
4611,0.0,0.0,0.0,500,0.5620499999999999,0,0,1,0
4612,0.0,0.0,0.0,500,0.561955,0,0,1,0
4613,0.0,0.0,0.0,500,0.56186,0,0,1,0
4614,0.0,0.0,0.0,500,0.5617650000000001,0,0,1,0
4615,0.0,0.0,0.0,500,0.5616700000000001,0,0,1,0
4616,0.0,0.0,0.0,500,0.5615749999999999,0,0,1,0
4617,0.0,0.0,0.0,500,0.56148,0,0,1,0
4618,0.0,0.0,0.0,500,0.561385,0,0,1,0
4619,0.0,0.0,0.0,500,0.5612900000000001,0,0,1,0
4620,0.0,0.0,0.0,500,0.5611950000000001,0,0,1,0
4621,0.0,0.0,0.0,500,0.5610999999999999,0,0,1,0
4622,0.0,0.0,0.0,500,0.561005,0,0,1,0
4623,0.0,0.0,0.0,500,0.56091,0,0,1,0
4624,0.0,0.0,0.0,500,0.5608150000000001,0,0,1,0
4625,0.0,0.0,0.0,500,0.5607200000000001,0,0,1,0
4626,0.0,0.0,0.0,500,0.5606249999999999,0,0,1,0
4627,0.0,0.0,0.0,500,0.56053,0,0,1,0
4628,0.0,0.0,0.0,500,0.560435,0,0,1,0
4629,0.0,0.0,0.0,500,0.5603400000000001,0,0,1,0
4630,0.0,0.0,0.0,500,0.5602450000000001,0,0,1,0
4631,0.0,0.0,0.0,500,0.5601499999999999,0,0,1,0
4632,0.0,0.0,0.0,500,0.560055,0,0,1,0
4633,0.0,0.0,0.0,500,0.55996,0,0,1,0
4634,0.0,0.0,0.0,500,0.5598650000000001,0,0,1,0
4635,0.0,0.0,0.0,500,0.5597700000000001,0,0,1,0
4636,0.0,0.0,0.0,500,0.5596749999999999,0,0,1,0
4637,0.0,0.0,0.0,500,0.55958,0,0,1,0
4638,0.0,0.0,0.0,500,0.559485,0,0,1,0
4639,0.0,0.0,0.0,500,0.55939,0,0,1,0
4640,0.0,0.0,0.0,500,0.5592950000000001,0,0,1,0
4641,0.0,0.0,0.0,500,0.5591999999999999,0,0,1,0
4642,0.0,0.0,0.0,500,0.559105,0,0,1,0
4643,0.0,0.0,0.0,500,0.55901,0,0,1,0
4644,0.0,0.0,0.0,500,0.558915,0,0,1,0
4645,0.0,0.0,0.0,500,0.5588200000000001,0,0,1,0
4646,0.0,0.0,0.0,500,0.5587249999999999,0,0,1,0
4647,0.0,0.0,0.0,500,0.55863,0,0,1,0
4648,0.0,0.0,0.0,500,0.558535,0,0,1,0
4649,0.0,0.0,0.0,500,0.55844,0,0,1,0
4650,0.0,0.0,0.0,500,0.5583450000000001,0,0,1,0
4651,0.0,0.0,0.0,500,0.55825,0,0,1,0
4652,0.0,0.0,0.0,500,0.558155,0,0,1,0
4653,0.0,0.0,0.0,500,0.55806,0,0,1,0
4654,0.0,0.0,0.0,500,0.557965,0,0,1,0
4655,0.0,0.0,0.0,500,0.5578700000000001,0,0,1,0
4656,0.0,0.0,0.0,500,0.557775,0,0,1,0
4657,0.0,0.0,0.0,500,0.55768,0,0,1,0
4658,0.0,0.0,0.0,500,0.557585,0,0,1,0
4659,0.0,0.0,0.0,500,0.55749,0,0,1,0
4660,0.0,0.0,0.0,500,0.5573950000000001,0,0,1,0
4661,0.0,0.0,0.0,500,0.5573,0,0,1,0
4662,0.0,0.0,0.0,500,0.557205,0,0,1,0
4663,0.0,0.0,0.0,500,0.55711,0,0,1,0
4664,0.0,0.0,0.0,500,0.557015,0,0,1,0
4665,0.0,0.0,0.0,500,0.5569200000000001,0,0,1,0
4666,0.0,0.0,0.0,500,0.556825,0,0,1,0
4667,0.0,0.0,0.0,500,0.55673,0,0,1,0
4668,0.0,0.0,0.0,500,0.556635,0,0,1,0
4669,0.0,0.0,0.0,500,0.55654,0,0,1,0
4670,0.0,0.0,0.0,500,0.5564450000000001,0,0,1,0
4671,0.0,0.0,0.0,500,0.55635,0,0,1,0
4672,0.0,0.0,0.0,500,0.5562549999999999,0,0,1,0
4673,0.0,0.0,0.0,500,0.55616,0,0,1,0
4674,0.0,0.0,0.0,500,0.556065,0,0,1,0
4675,0.0,0.0,0.0,500,0.5559700000000001,0,0,1,0
4676,0.0,0.0,0.0,500,0.555875,0,0,1,0
4677,0.0,0.0,0.0,500,0.5557799999999999,0,0,1,0
4678,0.0,0.0,0.0,500,0.555685,0,0,1,0
4679,0.0,0.0,0.0,500,0.55559,0,0,1,0
4680,0.0,0.0,0.0,500,0.5554950000000001,0,0,1,0
4681,0.0,0.0,0.0,500,0.5554,0,0,1,0
4682,0.0,0.0,0.0,500,0.5553049999999999,0,0,1,0
4683,0.0,0.0,0.0,500,0.55521,0,0,1,0
4684,0.0,0.0,0.0,500,0.555115,0,0,1,0
4685,0.0,0.0,0.0,500,0.5550200000000001,0,0,1,0
4686,0.0,0.0,0.0,500,0.554925,0,0,1,0
4687,0.0,0.0,0.0,500,0.5548299999999999,0,0,1,0
4688,0.0,0.0,0.0,500,0.554735,0,0,1,0
4689,0.0,0.0,0.0,500,0.55464,0,0,1,0
4690,0.0,0.0,0.0,500,0.5545450000000001,0,0,1,0
4691,0.0,0.0,0.0,500,0.5544500000000001,0,0,1,0
4692,0.0,0.0,0.0,500,0.5543549999999999,0,0,1,0
4693,0.0,0.0,0.0,500,0.55426,0,0,1,0
4694,0.0,0.0,0.0,500,0.554165,0,0,1,0
4695,0.0,0.0,0.0,500,0.5540700000000001,0,0,1,0
4696,0.0,0.0,0.0,500,0.5539750000000001,0,0,1,0
4697,0.0,0.0,0.0,500,0.5538799999999999,0,0,1,0
4698,0.0,0.0,0.0,500,0.553785,0,0,1,0
4699,0.0,0.0,0.0,500,0.55369,0,0,1,0
4700,0.0,0.0,0.0,500,0.5535950000000001,0,0,1,0
4701,0.0,0.0,0.0,500,0.5535000000000001,0,0,1,0
4702,0.0,0.0,0.0,500,0.5534049999999999,0,0,1,0
4703,0.0,0.0,0.0,500,0.55331,0,0,1,0
4704,0.0,0.0,0.0,500,0.553215,0,0,1,0
4705,0.0,0.0,0.0,500,0.5531200000000001,0,0,1,0
4706,0.0,0.0,0.0,500,0.5530250000000001,0,0,1,0
4707,0.0,0.0,0.0,500,0.5529299999999999,0,0,1,0
4708,0.0,0.0,0.0,500,0.552835,0,0,1,0
4709,0.0,0.0,0.0,500,0.55274,0,0,1,0
4710,0.0,0.0,0.0,500,0.552645,0,0,1,0
4711,0.0,0.0,0.0,500,0.5525500000000001,0,0,1,0
4712,0.0,0.0,0.0,500,0.552455,0,0,1,0
4713,0.0,0.0,0.0,500,0.55236,0,0,1,0
4714,0.0,0.0,0.0,500,0.552265,0,0,1,0
4715,0.0,0.0,0.0,500,0.55217,0,0,1,0
4716,0.0,0.0,0.0,500,0.5520750000000001,0,0,1,0
4717,0.0,0.0,0.0,500,0.55198,0,0,1,0
4718,0.0,0.0,0.0,500,0.551885,0,0,1,0
4719,0.0,0.0,0.0,500,0.55179,0,0,1,0
4720,0.0,0.0,0.0,500,0.551695,0,0,1,0
4721,0.0,0.0,0.0,500,0.5516000000000001,0,0,1,0
4722,0.0,0.0,0.0,500,0.551505,0,0,1,0
4723,0.0,0.0,0.0,500,0.55141,0,0,1,0
4724,0.0,0.0,0.0,500,0.551315,0,0,1,0
4725,0.0,0.0,0.0,500,0.55122,0,0,1,0
4726,0.0,0.0,0.0,500,0.5511250000000001,0,0,1,0
4727,0.0,0.0,0.0,500,0.55103,0,0,1,0
4728,0.0,0.0,0.0,500,0.550935,0,0,1,0
4729,0.0,0.0,0.0,500,0.55084,0,0,1,0
4730,0.0,0.0,0.0,500,0.550745,0,0,1,0
4731,0.0,0.0,0.0,500,0.5506500000000001,0,0,1,0
4732,0.0,0.0,0.0,500,0.550555,0,0,1,0
4733,0.0,0.0,0.0,500,0.55046,0,0,1,0
4734,0.0,0.0,0.0,500,0.550365,0,0,1,0
4735,0.0,0.0,0.0,500,0.55027,0,0,1,0
4736,0.0,0.0,0.0,500,0.5501750000000001,0,0,1,0
4737,0.0,0.0,0.0,500,0.55008,0,0,1,0
4738,0.0,0.0,0.0,500,0.549985,0,0,1,0
4739,0.0,0.0,0.0,500,0.54989,0,0,1,0
4740,0.0,0.0,0.0,500,0.549795,0,0,1,0
4741,0.0,0.0,0.0,500,0.5497000000000001,0,0,1,0
4742,0.0,0.0,0.0,500,0.549605,0,0,1,0
4743,0.0,0.0,0.0,500,0.5495099999999999,0,0,1,0
4744,0.0,0.0,0.0,500,0.549415,0,0,1,0
4745,0.0,0.0,0.0,500,0.54932,0,0,1,0
4746,0.0,0.0,0.0,500,0.5492250000000001,0,0,1,0
4747,0.0,0.0,0.0,500,0.54913,0,0,1,0
4748,0.0,0.0,0.0,500,0.5490349999999999,0,0,1,0
4749,0.0,0.0,0.0,500,0.54894,0,0,1,0
4750,0.0,0.0,0.0,500,0.548845,0,0,1,0
4751,0.0,0.0,0.0,500,0.5487500000000001,0,0,1,0
4752,0.0,0.0,0.0,500,0.548655,0,0,1,0
4753,0.0,0.0,0.0,500,0.5485599999999999,0,0,1,0
4754,0.0,0.0,0.0,500,0.548465,0,0,1,0
4755,0.0,0.0,0.0,500,0.54837,0,0,1,0
4756,0.0,0.0,0.0,500,0.5482750000000001,0,0,1,0
4757,0.0,0.0,0.0,500,0.54818,0,0,1,0
4758,0.0,0.0,0.0,500,0.5480849999999999,0,0,1,0
4759,0.0,0.0,0.0,500,0.54799,0,0,1,0
4760,0.0,0.0,0.0,500,0.547895,0,0,1,0
4761,0.0,0.0,0.0,500,0.5478000000000001,0,0,1,0
4762,0.0,0.0,0.0,500,0.547705,0,0,1,0
4763,0.0,0.0,0.0,500,0.5476099999999999,0,0,1,0
4764,0.0,0.0,0.0,500,0.547515,0,0,1,0
4765,0.0,0.0,0.0,500,0.54742,0,0,1,0
4766,0.0,0.0,0.0,500,0.5473250000000001,0,0,1,0
4767,0.0,0.0,0.0,500,0.54723,0,0,1,0
4768,0.0,0.0,0.0,500,0.5471349999999999,0,0,1,0
4769,0.0,0.0,0.0,500,0.54704,0,0,1,0
4770,0.0,0.0,0.0,500,0.546945,0,0,1,0
4771,0.0,0.0,0.0,500,0.5468500000000001,0,0,1,0
4772,0.0,0.0,0.0,500,0.546755,0,0,1,0
4773,0.0,0.0,0.0,500,0.54666,0,0,1,0
4774,0.0,0.0,0.0,500,0.546565,0,0,1,0
4775,0.0,0.0,0.0,500,0.54647,0,0,1,0
4776,0.0,0.0,0.0,500,0.546375,0,0,1,0
4777,0.0,0.0,0.0,500,0.54628,0,0,1,0
4778,0.0,0.0,0.0,500,0.546185,0,0,1,0
4779,0.0,0.0,0.0,500,0.54609,0,0,1,0
4780,0.0,0.0,0.0,500,0.545995,0,0,1,0
4781,0.0,0.0,0.0,500,0.5459,0,0,1,0
4782,0.0,0.0,0.0,500,0.545805,0,0,1,0
4783,0.0,0.0,0.0,500,0.54571,0,0,1,0
4784,0.0,0.0,0.0,500,0.545615,0,0,1,0
4785,0.0,0.0,0.0,500,0.54552,0,0,1,0
4786,0.0,0.0,0.0,500,0.545425,0,0,1,0
4787,0.0,0.0,0.0,500,0.54533,0,0,1,0
4788,0.0,0.0,0.0,500,0.545235,0,0,1,0
4789,0.0,0.0,0.0,500,0.54514,0,0,1,0
4790,0.0,0.0,0.0,500,0.545045,0,0,1,0
4791,0.0,0.0,0.0,500,0.54495,0,0,1,0
4792,0.0,0.0,0.0,500,0.544855,0,0,1,0
4793,0.0,0.0,0.0,500,0.54476,0,0,1,0
4794,0.0,0.0,0.0,500,0.544665,0,0,1,0
4795,0.0,0.0,0.0,500,0.54457,0,0,1,0
4796,0.0,0.0,0.0,500,0.544475,0,0,1,0
4797,0.0,0.0,0.0,500,0.54438,0,0,1,0
4798,0.0,0.0,0.0,500,0.544285,0,0,1,0
4799,0.0,0.0,0.0,500,0.54419,0,0,1,0
4800,0.0,0.0,0.0,500,0.544095,0,0,1,0
4801,0.0,0.0,0.0,500,0.544,0,0,1,0
4802,0.0,0.0,0.0,500,0.543905,0,0,1,0
4803,0.0,0.0,0.0,500,0.54381,0,0,1,0
4804,0.0,0.0,0.0,500,0.543715,0,0,1,0
4805,0.0,0.0,0.0,500,0.54362,0,0,1,0
4806,0.0,0.0,0.0,500,0.543525,0,0,1,0
4807,0.0,0.0,0.0,500,0.54343,0,0,1,0
4808,0.0,0.0,0.0,500,0.543335,0,0,1,0
4809,0.0,0.0,0.0,500,0.54324,0,0,1,0
4810,0.0,0.0,0.0,500,0.543145,0,0,1,0
4811,0.0,0.0,0.0,500,0.54305,0,0,1,0
4812,0.0,0.0,0.0,500,0.5429550000000001,0,0,1,0
4813,0.0,0.0,0.0,500,0.54286,0,0,1,0
4814,0.0,0.0,0.0,500,0.5427649999999999,0,0,1,0
4815,0.0,0.0,0.0,500,0.54267,0,0,1,0
4816,0.0,0.0,0.0,500,0.542575,0,0,1,0
4817,0.0,0.0,0.0,500,0.5424800000000001,0,0,1,0
4818,0.0,0.0,0.0,500,0.542385,0,0,1,0
4819,0.0,0.0,0.0,500,0.5422899999999999,0,0,1,0
4820,0.0,0.0,0.0,500,0.542195,0,0,1,0
4821,0.0,0.0,0.0,500,0.5421,0,0,1,0
4822,0.0,0.0,0.0,500,0.5420050000000001,0,0,1,0
4823,0.0,0.0,0.0,500,0.54191,0,0,1,0
4824,0.0,0.0,0.0,500,0.5418149999999999,0,0,1,0
4825,0.0,0.0,0.0,500,0.54172,0,0,1,0
4826,0.0,0.0,0.0,500,0.541625,0,0,1,0
4827,0.0,0.0,0.0,500,0.5415300000000001,0,0,1,0
4828,0.0,0.0,0.0,500,0.541435,0,0,1,0
4829,0.0,0.0,0.0,500,0.5413399999999999,0,0,1,0
4830,0.0,0.0,0.0,500,0.541245,0,0,1,0
4831,0.0,0.0,0.0,500,0.54115,0,0,1,0
4832,0.0,0.0,0.0,500,0.5410550000000001,0,0,1,0
4833,0.0,0.0,0.0,500,0.54096,0,0,1,0
4834,0.0,0.0,0.0,500,0.540865,0,0,1,0
4835,0.0,0.0,0.0,500,0.54077,0,0,1,0
4836,0.0,0.0,0.0,500,0.540675,0,0,1,0
4837,0.0,0.0,0.0,500,0.5405800000000001,0,0,1,0
4838,0.0,0.0,0.0,500,0.540485,0,0,1,0
4839,0.0,0.0,0.0,500,0.54039,0,0,1,0
4840,0.0,0.0,0.0,500,0.540295,0,0,1,0
4841,0.0,0.0,0.0,500,0.5402,0,0,1,0
4842,0.0,0.0,0.0,500,0.5401050000000001,0,0,1,0
4843,0.0,0.0,0.0,500,0.54001,0,0,1,0
4844,0.0,0.0,0.0,500,0.539915,0,0,1,0
4845,0.0,0.0,0.0,500,0.53982,0,0,1,0
4846,0.0,0.0,0.0,500,0.539725,0,0,1,0
4847,0.0,0.0,0.0,500,0.53963,0,0,1,0
4848,0.0,0.0,0.0,500,0.539535,0,0,1,0
4849,0.0,0.0,0.0,500,0.53944,0,0,1,0
4850,0.0,0.0,0.0,500,0.539345,0,0,1,0
4851,0.0,0.0,0.0,500,0.53925,0,0,1,0
4852,0.0,0.0,0.0,500,0.539155,0,0,1,0
4853,0.0,0.0,0.0,500,0.53906,0,0,1,0
4854,0.0,0.0,0.0,500,0.538965,0,0,1,0
4855,0.0,0.0,0.0,500,0.53887,0,0,1,0
4856,0.0,0.0,0.0,500,0.538775,0,0,1,0
4857,0.0,0.0,0.0,500,0.53868,0,0,1,0
4858,0.0,0.0,0.0,500,0.538585,0,0,1,0
4859,0.0,0.0,0.0,500,0.53849,0,0,1,0
4860,0.0,0.0,0.0,500,0.538395,0,0,1,0
4861,0.0,0.0,0.0,500,0.5383,0,0,1,0
4862,0.0,0.0,0.0,500,0.538205,0,0,1,0
4863,0.0,0.0,0.0,500,0.53811,0,0,1,0
4864,0.0,0.0,0.0,500,0.538015,0,0,1,0
4865,0.0,0.0,0.0,500,0.53792,0,0,1,0
4866,0.0,0.0,0.0,500,0.537825,0,0,1,0
4867,0.0,0.0,0.0,500,0.53773,0,0,1,0
4868,0.0,0.0,0.0,500,0.537635,0,0,1,0
4869,0.0,0.0,0.0,500,0.53754,0,0,1,0
4870,0.0,0.0,0.0,500,0.537445,0,0,1,0
4871,0.0,0.0,0.0,500,0.53735,0,0,1,0
4872,0.0,0.0,0.0,500,0.537255,0,0,1,0
4873,0.0,0.0,0.0,500,0.5371600000000001,0,0,1,0
4874,0.0,0.0,0.0,500,0.537065,0,0,1,0
4875,0.0,0.0,0.0,500,0.53697,0,0,1,0
4876,0.0,0.0,0.0,500,0.536875,0,0,1,0
4877,0.0,0.0,0.0,500,0.53678,0,0,1,0
4878,0.0,0.0,0.0,500,0.5366850000000001,0,0,1,0
4879,0.0,0.0,0.0,500,0.53659,0,0,1,0
4880,0.0,0.0,0.0,500,0.5364949999999999,0,0,1,0
4881,0.0,0.0,0.0,500,0.5364,0,0,1,0
4882,0.0,0.0,0.0,500,0.536305,0,0,1,0
4883,0.0,0.0,0.0,500,0.5362100000000001,0,0,1,0
4884,0.0,0.0,0.0,500,0.536115,0,0,1,0
4885,0.0,0.0,0.0,500,0.5360199999999999,0,0,1,0
4886,0.0,0.0,0.0,500,0.535925,0,0,1,0
4887,0.0,0.0,0.0,500,0.53583,0,0,1,0
4888,0.0,0.0,0.0,500,0.5357350000000001,0,0,1,0
4889,0.0,0.0,0.0,500,0.53564,0,0,1,0
4890,0.0,0.0,0.0,500,0.5355449999999999,0,0,1,0
4891,0.0,0.0,0.0,500,0.53545,0,0,1,0
4892,0.0,0.0,0.0,500,0.535355,0,0,1,0
4893,0.0,0.0,0.0,500,0.5352600000000001,0,0,1,0
4894,0.0,0.0,0.0,500,0.535165,0,0,1,0
4895,0.0,0.0,0.0,500,0.53507,0,0,1,0
4896,0.0,0.0,0.0,500,0.534975,0,0,1,0
4897,0.0,0.0,0.0,500,0.53488,0,0,1,0
4898,0.0,0.0,0.0,500,0.5347850000000001,0,0,1,0
4899,0.0,0.0,0.0,500,0.53469,0,0,1,0
4900,0.0,0.0,0.0,500,0.534595,0,0,1,0
4901,0.0,0.0,0.0,500,0.5345,0,0,1,0
4902,0.0,0.0,0.0,500,0.534405,0,0,1,0
4903,0.0,0.0,0.0,500,0.5343100000000001,0,0,1,0
4904,0.0,0.0,0.0,500,0.534215,0,0,1,0
4905,0.0,0.0,0.0,500,0.53412,0,0,1,0
4906,0.0,0.0,0.0,500,0.534025,0,0,1,0
4907,0.0,0.0,0.0,500,0.53393,0,0,1,0
4908,0.0,0.0,0.0,500,0.5338350000000001,0,0,1,0
4909,0.0,0.0,0.0,500,0.53374,0,0,1,0
4910,0.0,0.0,0.0,500,0.533645,0,0,1,0
4911,0.0,0.0,0.0,500,0.53355,0,0,1,0
4912,0.0,0.0,0.0,500,0.533455,0,0,1,0
4913,0.0,0.0,0.0,500,0.5333600000000001,0,0,1,0
4914,0.0,0.0,0.0,500,0.533265,0,0,1,0
4915,0.0,0.0,0.0,500,0.53317,0,0,1,0
4916,0.0,0.0,0.0,500,0.533075,0,0,1,0
4917,0.0,0.0,0.0,500,0.53298,0,0,1,0
4918,0.0,0.0,0.0,500,0.532885,0,0,1,0
4919,0.0,0.0,0.0,500,0.53279,0,0,1,0
4920,0.0,0.0,0.0,500,0.532695,0,0,1,0
4921,0.0,0.0,0.0,500,0.5326,0,0,1,0
4922,0.0,0.0,0.0,500,0.532505,0,0,1,0
4923,0.0,0.0,0.0,500,0.53241,0,0,1,0
4924,0.0,0.0,0.0,500,0.532315,0,0,1,0
4925,0.0,0.0,0.0,500,0.53222,0,0,1,0
4926,0.0,0.0,0.0,500,0.532125,0,0,1,0
4927,0.0,0.0,0.0,500,0.53203,0,0,1,0
4928,0.0,0.0,0.0,500,0.531935,0,0,1,0
4929,0.0,0.0,0.0,500,0.53184,0,0,1,0
4930,0.0,0.0,0.0,500,0.531745,0,0,1,0
4931,0.0,0.0,0.0,500,0.53165,0,0,1,0
4932,0.0,0.0,0.0,500,0.531555,0,0,1,0
4933,0.0,0.0,0.0,500,0.53146,0,0,1,0
4934,0.0,0.0,0.0,500,0.5313650000000001,0,0,1,0
4935,0.0,0.0,0.0,500,0.53127,0,0,1,0
4936,0.0,0.0,0.0,500,0.531175,0,0,1,0
4937,0.0,0.0,0.0,500,0.53108,0,0,1,0
4938,0.0,0.0,0.0,500,0.530985,0,0,1,0
4939,0.0,0.0,0.0,500,0.5308900000000001,0,0,1,0
4940,0.0,0.0,0.0,500,0.530795,0,0,1,0
4941,0.0,0.0,0.0,500,0.5307,0,0,1,0
4942,0.0,0.0,0.0,500,0.530605,0,0,1,0
4943,0.0,0.0,0.0,500,0.53051,0,0,1,0
4944,0.0,0.0,0.0,500,0.5304150000000001,0,0,1,0
4945,0.0,0.0,0.0,500,0.53032,0,0,1,0
4946,0.0,0.0,0.0,500,0.530225,0,0,1,0
4947,0.0,0.0,0.0,500,0.53013,0,0,1,0
4948,0.0,0.0,0.0,500,0.530035,0,0,1,0
4949,0.0,0.0,0.0,500,0.5299400000000001,0,0,1,0
4950,0.0,0.0,0.0,500,0.529845,0,0,1,0
4951,0.0,0.0,0.0,500,0.5297499999999999,0,0,1,0
4952,0.0,0.0,0.0,500,0.529655,0,0,1,0
4953,0.0,0.0,0.0,500,0.52956,0,0,1,0
4954,0.0,0.0,0.0,500,0.5294650000000001,0,0,1,0
4955,0.0,0.0,0.0,500,0.52937,0,0,1,0
4956,0.0,0.0,0.0,500,0.529275,0,0,1,0
4957,0.0,0.0,0.0,500,0.52918,0,0,1,0
4958,0.0,0.0,0.0,500,0.529085,0,0,1,0
4959,0.0,0.0,0.0,500,0.5289900000000001,0,0,1,0
4960,0.0,0.0,0.0,500,0.528895,0,0,1,0
4961,0.0,0.0,0.0,500,0.5288,0,0,1,0
4962,0.0,0.0,0.0,500,0.528705,0,0,1,0
4963,0.0,0.0,0.0,500,0.52861,0,0,1,0
4964,0.0,0.0,0.0,500,0.5285150000000001,0,0,1,0
4965,0.0,0.0,0.0,500,0.52842,0,0,1,0
4966,0.0,0.0,0.0,500,0.528325,0,0,1,0
4967,0.0,0.0,0.0,500,0.52823,0,0,1,0
4968,0.0,0.0,0.0,500,0.528135,0,0,1,0
4969,0.0,0.0,0.0,500,0.5280400000000001,0,0,1,0
4970,0.0,0.0,0.0,500,0.527945,0,0,1,0
4971,0.0,0.0,0.0,500,0.52785,0,0,1,0
4972,0.0,0.0,0.0,500,0.527755,0,0,1,0
4973,0.0,0.0,0.0,500,0.52766,0,0,1,0
4974,0.0,0.0,0.0,500,0.5275650000000001,0,0,1,0
4975,0.0,0.0,0.0,500,0.52747,0,0,1,0
4976,0.0,0.0,0.0,500,0.527375,0,0,1,0
4977,0.0,0.0,0.0,500,0.52728,0,0,1,0
4978,0.0,0.0,0.0,500,0.527185,0,0,1,0
4979,0.0,0.0,0.0,500,0.5270900000000001,0,0,1,0
4980,0.0,0.0,0.0,500,0.526995,0,0,1,0
4981,0.0,0.0,0.0,500,0.5269,0,0,1,0
4982,0.0,0.0,0.0,500,0.526805,0,0,1,0
4983,0.0,0.0,0.0,500,0.52671,0,0,1,0
4984,0.0,0.0,0.0,500,0.526615,0,0,1,0
4985,0.0,0.0,0.0,500,0.52652,0,0,1,0
4986,0.0,0.0,0.0,500,0.526425,0,0,1,0
4987,0.0,0.0,0.0,500,0.52633,0,0,1,0
4988,0.0,0.0,0.0,500,0.526235,0,0,1,0
4989,0.0,0.0,0.0,500,0.52614,0,0,1,0
4990,0.0,0.0,0.0,500,0.526045,0,0,1,0
4991,0.0,0.0,0.0,500,0.52595,0,0,1,0
4992,0.0,0.0,0.0,500,0.525855,0,0,1,0
4993,0.0,0.0,0.0,500,0.52576,0,0,1,0
4994,0.0,0.0,0.0,500,0.525665,0,0,1,0
4995,0.0,0.0,0.0,500,0.5255700000000001,0,0,1,0
4996,0.0,0.0,0.0,500,0.525475,0,0,1,0
4997,0.0,0.0,0.0,500,0.52538,0,0,1,0
4998,0.0,0.0,0.0,500,0.525285,0,0,1,0
4999,0.0,0.0,0.0,500,0.52519,0,0,1,0
5000,0.0,0.0,0.0,500,0.5250950000000001,0,0,1,0
5001,0.0,0.0,0.0,500,0.525,0,0,1,0
5002,0.0,0.0,0.0,500,0.524905,0,0,1,0
5003,0.0,0.0,0.0,500,0.52481,0,0,1,0
5004,0.0,0.0,0.0,500,0.524715,0,0,1,0
5005,0.0,0.0,0.0,500,0.5246200000000001,0,0,1,0
5006,0.0,0.0,0.0,500,0.5245250000000001,0,0,1,0
5007,0.0,0.0,0.0,500,0.52443,0,0,1,0
5008,0.0,0.0,0.0,500,0.524335,0,0,1,0
5009,0.0,0.0,0.0,500,0.52424,0,0,1,0
5010,0.0,0.0,0.0,500,0.5241450000000001,0,0,1,0
5011,0.0,0.0,0.0,500,0.52405,0,0,1,0
5012,0.0,0.0,0.0,500,0.5239550000000001,0,0,1,0
5013,0.0,0.0,0.0,500,0.52386,0,0,1,0
5014,0.0,0.0,0.0,500,0.523765,0,0,1,0
5015,0.0,0.0,0.0,500,0.5236700000000001,0,0,1,0
5016,0.0,0.0,0.0,500,0.5235750000000001,0,0,1,0
5017,0.0,0.0,0.0,500,0.52348,0,0,1,0
5018,0.0,0.0,0.0,500,0.523385,0,0,1,0
5019,0.0,0.0,0.0,500,0.52329,0,0,1,0
5020,0.0,0.0,0.0,500,0.5231950000000001,0,0,1,0
5021,0.0,0.0,0.0,500,0.5231,0,0,1,0
5022,0.0,0.0,0.0,500,0.523005,0,0,1,0
5023,0.0,0.0,0.0,500,0.52291,0,0,1,0
5024,0.0,0.0,0.0,500,0.522815,0,0,1,0
5025,0.0,0.0,0.0,500,0.5227200000000001,0,0,1,0
5026,0.0,0.0,0.0,500,0.5226250000000001,0,0,1,0
5027,0.0,0.0,0.0,500,0.5225299999999999,0,0,1,0
5028,0.0,0.0,0.0,500,0.522435,0,0,1,0
5029,0.0,0.0,0.0,500,0.52234,0,0,1,0
5030,0.0,0.0,0.0,500,0.5222450000000001,0,0,1,0
5031,0.0,0.0,0.0,500,0.52215,0,0,1,0
5032,0.0,0.0,0.0,500,0.522055,0,0,1,0
5033,0.0,0.0,0.0,500,0.52196,0,0,1,0
5034,0.0,0.0,0.0,500,0.521865,0,0,1,0
5035,0.0,0.0,0.0,500,0.5217700000000001,0,0,1,0
5036,0.0,0.0,0.0,500,0.5216750000000001,0,0,1,0
5037,0.0,0.0,0.0,500,0.5215799999999999,0,0,1,0
5038,0.0,0.0,0.0,500,0.521485,0,0,1,0
5039,0.0,0.0,0.0,500,0.52139,0,0,1,0
5040,0.0,0.0,0.0,500,0.5212950000000001,0,0,1,0
5041,0.0,0.0,0.0,500,0.5212,0,0,1,0
5042,0.0,0.0,0.0,500,0.521105,0,0,1,0
5043,0.0,0.0,0.0,500,0.52101,0,0,1,0
5044,0.0,0.0,0.0,500,0.520915,0,0,1,0
5045,0.0,0.0,0.0,500,0.5208200000000001,0,0,1,0
5046,0.0,0.0,0.0,500,0.5207250000000001,0,0,1,0
5047,0.0,0.0,0.0,500,0.5206299999999999,0,0,1,0
5048,0.0,0.0,0.0,500,0.520535,0,0,1,0
5049,0.0,0.0,0.0,500,0.52044,0,0,1,0
5050,0.0,0.0,0.0,500,0.5203450000000001,0,0,1,0
5051,0.0,0.0,0.0,500,0.5202500000000001,0,0,1,0
5052,0.0,0.0,0.0,500,0.520155,0,0,1,0
5053,0.0,0.0,0.0,500,0.52006,0,0,1,0
5054,0.0,0.0,0.0,500,0.519965,0,0,1,0
5055,0.0,0.0,0.0,500,0.51987,0,0,1,0
5056,0.0,0.0,0.0,500,0.5197750000000001,0,0,1,0
5057,0.0,0.0,0.0,500,0.5196799999999999,0,0,1,0
5058,0.0,0.0,0.0,500,0.519585,0,0,1,0
5059,0.0,0.0,0.0,500,0.51949,0,0,1,0
5060,0.0,0.0,0.0,500,0.519395,0,0,1,0
5061,0.0,0.0,0.0,500,0.5193000000000001,0,0,1,0
5062,0.0,0.0,0.0,500,0.519205,0,0,1,0
5063,0.0,0.0,0.0,500,0.51911,0,0,1,0
5064,0.0,0.0,0.0,500,0.519015,0,0,1,0
5065,0.0,0.0,0.0,500,0.51892,0,0,1,0
5066,0.0,0.0,0.0,500,0.5188250000000001,0,0,1,0
5067,0.0,0.0,0.0,500,0.5187299999999999,0,0,1,0
5068,0.0,0.0,0.0,500,0.518635,0,0,1,0
5069,0.0,0.0,0.0,500,0.51854,0,0,1,0
5070,0.0,0.0,0.0,500,0.518445,0,0,1,0
5071,0.0,0.0,0.0,500,0.5183500000000001,0,0,1,0
5072,0.0,0.0,0.0,500,0.518255,0,0,1,0
5073,0.0,0.0,0.0,500,0.5181600000000001,0,0,1,0
5074,0.0,0.0,0.0,500,0.518065,0,0,1,0
5075,0.0,0.0,0.0,500,0.51797,0,0,1,0
5076,0.0,0.0,0.0,500,0.5178750000000001,0,0,1,0
5077,0.0,0.0,0.0,500,0.5177799999999999,0,0,1,0
5078,0.0,0.0,0.0,500,0.517685,0,0,1,0
5079,0.0,0.0,0.0,500,0.51759,0,0,1,0
5080,0.0,0.0,0.0,500,0.517495,0,0,1,0
5081,0.0,0.0,0.0,500,0.5174000000000001,0,0,1,0
5082,0.0,0.0,0.0,500,0.517305,0,0,1,0
5083,0.0,0.0,0.0,500,0.5172100000000001,0,0,1,0
5084,0.0,0.0,0.0,500,0.517115,0,0,1,0
5085,0.0,0.0,0.0,500,0.51702,0,0,1,0
5086,0.0,0.0,0.0,500,0.5169250000000001,0,0,1,0
5087,0.0,0.0,0.0,500,0.5168299999999999,0,0,1,0
5088,0.0,0.0,0.0,500,0.5167349999999999,0,0,1,0
5089,0.0,0.0,0.0,500,0.51664,0,0,1,0
5090,0.0,0.0,0.0,500,0.516545,0,0,1,0
5091,0.0,0.0,0.0,500,0.5164500000000001,0,0,1,0
5092,0.0,0.0,0.0,500,0.516355,0,0,1,0
5093,0.0,0.0,0.0,500,0.51626,0,0,1,0
5094,0.0,0.0,0.0,500,0.516165,0,0,1,0
5095,0.0,0.0,0.0,500,0.51607,0,0,1,0
5096,0.0,0.0,0.0,500,0.5159750000000001,0,0,1,0
5097,0.0,0.0,0.0,500,0.5158799999999999,0,0,1,0
5098,0.0,0.0,0.0,500,0.5157849999999999,0,0,1,0
5099,0.0,0.0,0.0,500,0.51569,0,0,1,0
5100,0.0,0.0,0.0,500,0.515595,0,0,1,0
5101,0.0,0.0,0.0,500,0.5155000000000001,0,0,1,0
5102,0.0,0.0,0.0,500,0.515405,0,0,1,0
5103,0.0,0.0,0.0,500,0.51531,0,0,1,0
5104,0.0,0.0,0.0,500,0.515215,0,0,1,0
5105,0.0,0.0,0.0,500,0.51512,0,0,1,0
5106,0.0,0.0,0.0,500,0.5150250000000001,0,0,1,0
5107,0.0,0.0,0.0,500,0.51493,0,0,1,0
5108,0.0,0.0,0.0,500,0.5148349999999999,0,0,1,0
5109,0.0,0.0,0.0,500,0.51474,0,0,1,0
5110,0.0,0.0,0.0,500,0.514645,0,0,1,0
5111,0.0,0.0,0.0,500,0.5145500000000001,0,0,1,0
5112,0.0,0.0,0.0,500,0.5144550000000001,0,0,1,0
5113,0.0,0.0,0.0,500,0.51436,0,0,1,0
5114,0.0,0.0,0.0,500,0.514265,0,0,1,0
5115,0.0,0.0,0.0,500,0.51417,0,0,1,0
5116,0.0,0.0,0.0,500,0.5140750000000001,0,0,1,0
5117,0.0,0.0,0.0,500,0.51398,0,0,1,0
5118,0.0,0.0,0.0,500,0.5138849999999999,0,0,1,0
5119,0.0,0.0,0.0,500,0.51379,0,0,1,0
5120,0.0,0.0,0.0,500,0.513695,0,0,1,0
5121,0.0,0.0,0.0,500,0.5136000000000001,0,0,1,0
5122,0.0,0.0,0.0,500,0.5135050000000001,0,0,1,0
5123,0.0,0.0,0.0,500,0.51341,0,0,1,0
5124,0.0,0.0,0.0,500,0.513315,0,0,1,0
5125,0.0,0.0,0.0,500,0.51322,0,0,1,0
5126,0.0,0.0,0.0,500,0.513125,0,0,1,0
5127,0.0,0.0,0.0,500,0.5130300000000001,0,0,1,0
5128,0.0,0.0,0.0,500,0.5129349999999999,0,0,1,0
5129,0.0,0.0,0.0,500,0.51284,0,0,1,0
5130,0.0,0.0,0.0,500,0.512745,0,0,1,0
5131,0.0,0.0,0.0,500,0.51265,0,0,1,0
5132,0.0,0.0,0.0,500,0.5125550000000001,0,0,1,0
5133,0.0,0.0,0.0,500,0.51246,0,0,1,0
5134,0.0,0.0,0.0,500,0.5123650000000001,0,0,1,0
5135,0.0,0.0,0.0,500,0.51227,0,0,1,0
5136,0.0,0.0,0.0,500,0.512175,0,0,1,0
5137,0.0,0.0,0.0,500,0.5120800000000001,0,0,1,0
5138,0.0,0.0,0.0,500,0.5119849999999999,0,0,1,0
5139,0.0,0.0,0.0,500,0.51189,0,0,1,0
5140,0.0,0.0,0.0,500,0.511795,0,0,1,0
5141,0.0,0.0,0.0,500,0.5117,0,0,1,0
5142,0.0,0.0,0.0,500,0.5116050000000001,0,0,1,0
5143,0.0,0.0,0.0,500,0.51151,0,0,1,0
5144,0.0,0.0,0.0,500,0.5114150000000001,0,0,1,0
5145,0.0,0.0,0.0,500,0.51132,0,0,1,0
5146,0.0,0.0,0.0,500,0.511225,0,0,1,0
5147,0.0,0.0,0.0,500,0.5111300000000001,0,0,1,0
5148,0.0,0.0,0.0,500,0.5110349999999999,0,0,1,0
5149,0.0,0.0,0.0,500,0.51094,0,0,1,0
5150,0.0,0.0,0.0,500,0.510845,0,0,1,0
5151,0.0,0.0,0.0,500,0.51075,0,0,1,0
5152,0.0,0.0,0.0,500,0.5106550000000001,0,0,1,0
5153,0.0,0.0,0.0,500,0.51056,0,0,1,0
5154,0.0,0.0,0.0,500,0.5104650000000001,0,0,1,0
5155,0.0,0.0,0.0,500,0.51037,0,0,1,0
5156,0.0,0.0,0.0,500,0.510275,0,0,1,0
5157,0.0,0.0,0.0,500,0.5101800000000001,0,0,1,0
5158,0.0,0.0,0.0,500,0.5100849999999999,0,0,1,0
5159,0.0,0.0,0.0,500,0.5099899999999999,0,0,1,0
5160,0.0,0.0,0.0,500,0.509895,0,0,1,0
5161,0.0,0.0,0.0,500,0.5098,0,0,1,0
5162,0.0,0.0,0.0,500,0.5097050000000001,0,0,1,0
5163,0.0,0.0,0.0,500,0.50961,0,0,1,0
5164,0.0,0.0,0.0,500,0.509515,0,0,1,0
5165,0.0,0.0,0.0,500,0.50942,0,0,1,0
5166,0.0,0.0,0.0,500,0.509325,0,0,1,0
5167,0.0,0.0,0.0,500,0.5092300000000001,0,0,1,0
5168,0.0,0.0,0.0,500,0.509135,0,0,1,0
5169,0.0,0.0,0.0,500,0.5090399999999999,0,0,1,0
5170,0.0,0.0,0.0,500,0.508945,0,0,1,0
5171,0.0,0.0,0.0,500,0.50885,0,0,1,0
5172,0.0,0.0,0.0,500,0.5087550000000001,0,0,1,0
5173,0.0,0.0,0.0,500,0.5086600000000001,0,0,1,0
5174,0.0,0.0,0.0,500,0.508565,0,0,1,0
5175,0.0,0.0,0.0,500,0.50847,0,0,1,0
5176,0.0,0.0,0.0,500,0.508375,0,0,1,0
5177,0.0,0.0,0.0,500,0.5082800000000001,0,0,1,0
5178,0.0,0.0,0.0,500,0.508185,0,0,1,0
5179,0.0,0.0,0.0,500,0.5080899999999999,0,0,1,0
5180,0.0,0.0,0.0,500,0.507995,0,0,1,0
5181,0.0,0.0,0.0,500,0.5079,0,0,1,0
5182,0.0,0.0,0.0,500,0.5078050000000001,0,0,1,0
5183,0.0,0.0,0.0,500,0.5077100000000001,0,0,1,0
5184,0.0,0.0,0.0,500,0.507615,0,0,1,0
5185,0.0,0.0,0.0,500,0.50752,0,0,1,0
5186,0.0,0.0,0.0,500,0.507425,0,0,1,0
5187,0.0,0.0,0.0,500,0.5073300000000001,0,0,1,0
5188,0.0,0.0,0.0,500,0.507235,0,0,1,0
5189,0.0,0.0,0.0,500,0.5071399999999999,0,0,1,0
5190,0.0,0.0,0.0,500,0.507045,0,0,1,0
5191,0.0,0.0,0.0,500,0.50695,0,0,1,0
5192,0.0,0.0,0.0,500,0.506855,0,0,1,0
5193,0.0,0.0,0.0,500,0.5067600000000001,0,0,1,0
5194,0.0,0.0,0.0,500,0.506665,0,0,1,0
5195,0.0,0.0,0.0,500,0.5065700000000001,0,0,1,0
5196,0.0,0.0,0.0,500,0.506475,0,0,1,0
5197,0.0,0.0,0.0,500,0.50638,0,0,1,0
5198,0.0,0.0,0.0,500,0.506285,0,0,1,0
5199,0.0,0.0,0.0,500,0.5061899999999999,0,0,1,0
5200,0.0,0.0,0.0,500,0.506095,0,0,1,0
5201,0.0,0.0,0.0,500,0.506,0,0,1,0
5202,0.0,0.0,0.0,500,0.505905,0,0,1,0
5203,0.0,0.0,0.0,500,0.5058100000000001,0,0,1,0
5204,0.0,0.0,0.0,500,0.505715,0,0,1,0
5205,0.0,0.0,0.0,500,0.5056200000000001,0,0,1,0
5206,0.0,0.0,0.0,500,0.505525,0,0,1,0
5207,0.0,0.0,0.0,500,0.50543,0,0,1,0
5208,0.0,0.0,0.0,500,0.505335,0,0,1,0
5209,0.0,0.0,0.0,500,0.5052399999999999,0,0,1,0
5210,0.0,0.0,0.0,500,0.505145,0,0,1,0
5211,0.0,0.0,0.0,500,0.50505,0,0,1,0
5212,0.0,0.0,0.0,500,0.504955,0,0,1,0
5213,0.0,0.0,0.0,500,0.5048600000000001,0,0,1,0
5214,0.0,0.0,0.0,500,0.504765,0,0,1,0
5215,0.0,0.0,0.0,500,0.5046700000000001,0,0,1,0
5216,0.0,0.0,0.0,500,0.504575,0,0,1,0
5217,0.0,0.0,0.0,500,0.50448,0,0,1,0
5218,0.0,0.0,0.0,500,0.504385,0,0,1,0
5219,0.0,0.0,0.0,500,0.5042899999999999,0,0,1,0
5220,0.0,0.0,0.0,500,0.504195,0,0,1,0
5221,0.0,0.0,0.0,500,0.5041,0,0,1,0
5222,0.0,0.0,0.0,500,0.504005,0,0,1,0
5223,0.0,0.0,0.0,500,0.5039100000000001,0,0,1,0
5224,0.0,0.0,0.0,500,0.503815,0,0,1,0
5225,0.0,0.0,0.0,500,0.5037200000000001,0,0,1,0
5226,0.0,0.0,0.0,500,0.503625,0,0,1,0
5227,0.0,0.0,0.0,500,0.50353,0,0,1,0
5228,0.0,0.0,0.0,500,0.503435,0,0,1,0
5229,0.0,0.0,0.0,500,0.50334,0,0,1,0
5230,0.0,0.0,0.0,500,0.5032449999999999,0,0,1,0
5231,0.0,0.0,0.0,500,0.50315,0,0,1,0
5232,0.0,0.0,0.0,500,0.503055,0,0,1,0
5233,0.0,0.0,0.0,500,0.5029600000000001,0,0,1,0
5234,0.0,0.0,0.0,500,0.5028650000000001,0,0,1,0
5235,0.0,0.0,0.0,500,0.50277,0,0,1,0
5236,0.0,0.0,0.0,500,0.502675,0,0,1,0
5237,0.0,0.0,0.0,500,0.50258,0,0,1,0
5238,0.0,0.0,0.0,500,0.502485,0,0,1,0
5239,0.0,0.0,0.0,500,0.50239,0,0,1,0
5240,0.0,0.0,0.0,500,0.5022949999999999,0,0,1,0
5241,0.0,0.0,0.0,500,0.5022,0,0,1,0
5242,0.0,0.0,0.0,500,0.502105,0,0,1,0
5243,0.0,0.0,0.0,500,0.5020100000000001,0,0,1,0
5244,0.0,0.0,0.0,500,0.5019150000000001,0,0,1,0
5245,0.0,0.0,0.0,500,0.50182,0,0,1,0
5246,0.0,0.0,0.0,500,0.501725,0,0,1,0
5247,0.0,0.0,0.0,500,0.50163,0,0,1,0
5248,0.0,0.0,0.0,500,0.501535,0,0,1,0
5249,0.0,0.0,0.0,500,0.50144,0,0,1,0
5250,0.0,0.0,0.0,500,0.5013449999999999,0,0,1,0
5251,0.0,0.0,0.0,500,0.50125,0,0,1,0
5252,0.0,0.0,0.0,500,0.501155,0,0,1,0
5253,0.0,0.0,0.0,500,0.5010600000000001,0,0,1,0
5254,0.0,0.0,0.0,500,0.5009650000000001,0,0,1,0
5255,0.0,0.0,0.0,500,0.50087,0,0,1,0
5256,0.0,0.0,0.0,500,0.5007750000000001,0,0,1,0
5257,0.0,0.0,0.0,500,0.50068,0,0,1,0
5258,0.0,0.0,0.0,500,0.5005850000000001,0,0,1,0
5259,0.0,0.0,0.0,500,0.50049,0,0,1,0
5260,0.0,0.0,0.0,500,0.5003949999999999,0,0,1,0
5261,0.0,0.0,0.0,500,0.5003,0,0,1,0
5262,0.0,0.0,0.0,500,0.500205,0,0,1,0
5263,0.0,0.0,0.0,500,0.50011,0,0,1,0
5264,0.0,0.0,0.0,500,0.5000150000000001,0,0,1,0
5265,0.0,0.0,0.0,500,0.49992000000000003,0,0,1,0
5266,0.0,0.0,0.0,500,0.4998250000000001,0,0,1,0
5267,0.0,0.0,0.0,500,0.4997300000000001,0,0,1,0
5268,0.0,0.0,0.0,500,0.49963500000000005,0,0,1,0
5269,0.0,0.0,0.0,500,0.49954,0,0,1,0
5270,0.0,0.0,0.0,500,0.49944500000000003,0,0,1,0
5271,0.0,0.0,0.0,500,0.49934999999999996,0,0,1,0
5272,0.0,0.0,0.0,500,0.499255,0,0,1,0
5273,0.0,0.0,0.0,500,0.49916000000000005,0,0,1,0
5274,0.0,0.0,0.0,500,0.499065,0,0,1,0
5275,0.0,0.0,0.0,500,0.49897,0,0,1,0
5276,0.0,0.0,0.0,500,0.49887500000000007,0,0,1,0
5277,0.0,0.0,0.0,500,0.4987800000000001,0,0,1,0
5278,0.0,0.0,0.0,500,0.49868500000000004,0,0,1,0
5279,0.0,0.0,0.0,500,0.49859,0,0,1,0
5280,0.0,0.0,0.0,500,0.498495,0,0,1,0
5281,0.0,0.0,0.0,500,0.49839999999999995,0,0,1,0
5282,0.0,0.0,0.0,500,0.498305,0,0,1,0
5283,0.0,0.0,0.0,500,0.49821000000000004,0,0,1,0
5284,0.0,0.0,0.0,500,0.4981150000000001,0,0,1,0
5285,0.0,0.0,0.0,500,0.49802,0,0,1,0
5286,0.0,0.0,0.0,500,0.49792500000000006,0,0,1,0
5287,0.0,0.0,0.0,500,0.4978300000000001,0,0,1,0
5288,0.0,0.0,0.0,500,0.49773500000000004,0,0,1,0
5289,0.0,0.0,0.0,500,0.49763999999999997,0,0,1,0
5290,0.0,0.0,0.0,500,0.497545,0,0,1,0
5291,0.0,0.0,0.0,500,0.49744999999999995,0,0,1,0
5292,0.0,0.0,0.0,500,0.497355,0,0,1,0
5293,0.0,0.0,0.0,500,0.49726000000000004,0,0,1,0
5294,0.0,0.0,0.0,500,0.4971650000000001,0,0,1,0
5295,0.0,0.0,0.0,500,0.49707,0,0,1,0
5296,0.0,0.0,0.0,500,0.49697500000000006,0,0,1,0
5297,0.0,0.0,0.0,500,0.4968800000000001,0,0,1,0
5298,0.0,0.0,0.0,500,0.49678500000000003,0,0,1,0
5299,0.0,0.0,0.0,500,0.49668999999999996,0,0,1,0
5300,0.0,0.0,0.0,500,0.496595,0,0,1,0
5301,0.0,0.0,0.0,500,0.49650000000000005,0,0,1,0
5302,0.0,0.0,0.0,500,0.496405,0,0,1,0
5303,0.0,0.0,0.0,500,0.49631000000000003,0,0,1,0
5304,0.0,0.0,0.0,500,0.4962150000000001,0,0,1,0
5305,0.0,0.0,0.0,500,0.49612,0,0,1,0
5306,0.0,0.0,0.0,500,0.49602500000000005,0,0,1,0
5307,0.0,0.0,0.0,500,0.4959300000000001,0,0,1,0
5308,0.0,0.0,0.0,500,0.495835,0,0,1,0
5309,0.0,0.0,0.0,500,0.49573999999999996,0,0,1,0
5310,0.0,0.0,0.0,500,0.495645,0,0,1,0
5311,0.0,0.0,0.0,500,0.49555000000000005,0,0,1,0
5312,0.0,0.0,0.0,500,0.495455,0,0,1,0
5313,0.0,0.0,0.0,500,0.49536,0,0,1,0
5314,0.0,0.0,0.0,500,0.49526500000000007,0,0,1,0
5315,0.0,0.0,0.0,500,0.49517,0,0,1,0
5316,0.0,0.0,0.0,500,0.49507500000000004,0,0,1,0
5317,0.0,0.0,0.0,500,0.4949800000000001,0,0,1,0
5318,0.0,0.0,0.0,500,0.494885,0,0,1,0
5319,0.0,0.0,0.0,500,0.49478999999999995,0,0,1,0
5320,0.0,0.0,0.0,500,0.494695,0,0,1,0
5321,0.0,0.0,0.0,500,0.49460000000000004,0,0,1,0
5322,0.0,0.0,0.0,500,0.494505,0,0,1,0
5323,0.0,0.0,0.0,500,0.49441,0,0,1,0
5324,0.0,0.0,0.0,500,0.49431500000000006,0,0,1,0
5325,0.0,0.0,0.0,500,0.49422,0,0,1,0
5326,0.0,0.0,0.0,500,0.49412500000000004,0,0,1,0
5327,0.0,0.0,0.0,500,0.4940300000000001,0,0,1,0
5328,0.0,0.0,0.0,500,0.4939350000000001,0,0,1,0
5329,0.0,0.0,0.0,500,0.49383999999999995,0,0,1,0
5330,0.0,0.0,0.0,500,0.493745,0,0,1,0
5331,0.0,0.0,0.0,500,0.49365000000000003,0,0,1,0
5332,0.0,0.0,0.0,500,0.49355499999999997,0,0,1,0
5333,0.0,0.0,0.0,500,0.49346,0,0,1,0
5334,0.0,0.0,0.0,500,0.49336500000000005,0,0,1,0
5335,0.0,0.0,0.0,500,0.49327,0,0,1,0
5336,0.0,0.0,0.0,500,0.49317500000000003,0,0,1,0
5337,0.0,0.0,0.0,500,0.4930800000000001,0,0,1,0
5338,0.0,0.0,0.0,500,0.4929850000000001,0,0,1,0
5339,0.0,0.0,0.0,500,0.49288999999999994,0,0,1,0
5340,0.0,0.0,0.0,500,0.492795,0,0,1,0
5341,0.0,0.0,0.0,500,0.4927,0,0,1,0
5342,0.0,0.0,0.0,500,0.49260499999999996,0,0,1,0
5343,0.0,0.0,0.0,500,0.49251,0,0,1,0
5344,0.0,0.0,0.0,500,0.49241500000000005,0,0,1,0
5345,0.0,0.0,0.0,500,0.4923200000000001,0,0,1,0
5346,0.0,0.0,0.0,500,0.492225,0,0,1,0
5347,0.0,0.0,0.0,500,0.49213000000000007,0,0,1,0
5348,0.0,0.0,0.0,500,0.4920350000000001,0,0,1,0
5349,0.0,0.0,0.0,500,0.49193999999999993,0,0,1,0
5350,0.0,0.0,0.0,500,0.491845,0,0,1,0
5351,0.0,0.0,0.0,500,0.49175,0,0,1,0
5352,0.0,0.0,0.0,500,0.49165499999999995,0,0,1,0
5353,0.0,0.0,0.0,500,0.49156,0,0,1,0
5354,0.0,0.0,0.0,500,0.49146500000000004,0,0,1,0
5355,0.0,0.0,0.0,500,0.4913700000000001,0,0,1,0
5356,0.0,0.0,0.0,500,0.491275,0,0,1,0
5357,0.0,0.0,0.0,500,0.49118000000000006,0,0,1,0
5358,0.0,0.0,0.0,500,0.4910850000000001,0,0,1,0
5359,0.0,0.0,0.0,500,0.4909899999999999,0,0,1,0
5360,0.0,0.0,0.0,500,0.49089499999999997,0,0,1,0
5361,0.0,0.0,0.0,500,0.4908,0,0,1,0
5362,0.0,0.0,0.0,500,0.49070500000000006,0,0,1,0
5363,0.0,0.0,0.0,500,0.49061,0,0,1,0
5364,0.0,0.0,0.0,500,0.49051500000000003,0,0,1,0
5365,0.0,0.0,0.0,500,0.4904200000000001,0,0,1,0
5366,0.0,0.0,0.0,500,0.490325,0,0,1,0
5367,0.0,0.0,0.0,500,0.49023000000000005,0,0,1,0
5368,0.0,0.0,0.0,500,0.4901350000000001,0,0,1,0
5369,0.0,0.0,0.0,500,0.4900399999999999,0,0,1,0
5370,0.0,0.0,0.0,500,0.48994499999999996,0,0,1,0
5371,0.0,0.0,0.0,500,0.48985,0,0,1,0
5372,0.0,0.0,0.0,500,0.48975500000000005,0,0,1,0
5373,0.0,0.0,0.0,500,0.48966,0,0,1,0
5374,0.0,0.0,0.0,500,0.48956500000000003,0,0,1,0
5375,0.0,0.0,0.0,500,0.48947000000000007,0,0,1,0
5376,0.0,0.0,0.0,500,0.489375,0,0,1,0
5377,0.0,0.0,0.0,500,0.48928000000000005,0,0,1,0
5378,0.0,0.0,0.0,500,0.4891850000000001,0,0,1,0
5379,0.0,0.0,0.0,500,0.48909,0,0,1,0
5380,0.0,0.0,0.0,500,0.48899499999999996,0,0,1,0
5381,0.0,0.0,0.0,500,0.4889,0,0,1,0
5382,0.0,0.0,0.0,500,0.48880500000000005,0,0,1,0
5383,0.0,0.0,0.0,500,0.48871,0,0,1,0
5384,0.0,0.0,0.0,500,0.488615,0,0,1,0
5385,0.0,0.0,0.0,500,0.48852000000000007,0,0,1,0
5386,0.0,0.0,0.0,500,0.488425,0,0,1,0
5387,0.0,0.0,0.0,500,0.48833000000000004,0,0,1,0
5388,0.0,0.0,0.0,500,0.4882350000000001,0,0,1,0
5389,0.0,0.0,0.0,500,0.48814000000000013,0,0,1,0
5390,0.0,0.0,0.0,500,0.48804499999999995,0,0,1,0
5391,0.0,0.0,0.0,500,0.48795,0,0,1,0
5392,0.0,0.0,0.0,500,0.48785500000000004,0,0,1,0
5393,0.0,0.0,0.0,500,0.48775999999999997,0,0,1,0
5394,0.0,0.0,0.0,500,0.487665,0,0,1,0
5395,0.0,0.0,0.0,500,0.48757000000000006,0,0,1,0
5396,0.0,0.0,0.0,500,0.487475,0,0,1,0
5397,0.0,0.0,0.0,500,0.48738000000000004,0,0,1,0
5398,0.0,0.0,0.0,500,0.4872850000000001,0,0,1,0
5399,0.0,0.0,0.0,500,0.4871900000000001,0,0,1,0
5400,0.0,0.0,0.0,500,0.48709499999999994,0,0,1,0
5401,0.0,0.0,0.0,500,0.487,0,0,1,0
5402,0.0,0.0,0.0,500,0.48690500000000003,0,0,1,0
5403,0.0,0.0,0.0,500,0.48680999999999996,0,0,1,0
5404,0.0,0.0,0.0,500,0.486715,0,0,1,0
5405,0.0,0.0,0.0,500,0.48662000000000005,0,0,1,0
5406,0.0,0.0,0.0,500,0.4865250000000001,0,0,1,0
5407,0.0,0.0,0.0,500,0.48643000000000003,0,0,1,0
5408,0.0,0.0,0.0,500,0.4863350000000001,0,0,1,0
5409,0.0,0.0,0.0,500,0.4862400000000001,0,0,1,0
5410,0.0,0.0,0.0,500,0.48614499999999994,0,0,1,0
5411,0.0,0.0,0.0,500,0.48605,0,0,1,0
5412,0.0,0.0,0.0,500,0.485955,0,0,1,0
5413,0.0,0.0,0.0,500,0.48585999999999996,0,0,1,0
5414,0.0,0.0,0.0,500,0.485765,0,0,1,0
5415,0.0,0.0,0.0,500,0.48567000000000005,0,0,1,0
5416,0.0,0.0,0.0,500,0.4855750000000001,0,0,1,0
5417,0.0,0.0,0.0,500,0.48548,0,0,1,0
5418,0.0,0.0,0.0,500,0.48538500000000007,0,0,1,0
5419,0.0,0.0,0.0,500,0.4852900000000001,0,0,1,0
5420,0.0,0.0,0.0,500,0.48519499999999993,0,0,1,0
5421,0.0,0.0,0.0,500,0.4851,0,0,1,0
5422,0.0,0.0,0.0,500,0.485005,0,0,1,0
5423,0.0,0.0,0.0,500,0.48491000000000006,0,0,1,0
5424,0.0,0.0,0.0,500,0.484815,0,0,1,0
5425,0.0,0.0,0.0,500,0.48472000000000004,0,0,1,0
5426,0.0,0.0,0.0,500,0.4846250000000001,0,0,1,0
5427,0.0,0.0,0.0,500,0.48453,0,0,1,0
5428,0.0,0.0,0.0,500,0.48443500000000006,0,0,1,0
5429,0.0,0.0,0.0,500,0.4843400000000001,0,0,1,0
5430,0.0,0.0,0.0,500,0.4842449999999999,0,0,1,0
5431,0.0,0.0,0.0,500,0.48414999999999997,0,0,1,0
5432,0.0,0.0,0.0,500,0.484055,0,0,1,0
5433,0.0,0.0,0.0,500,0.48396000000000006,0,0,1,0
5434,0.0,0.0,0.0,500,0.483865,0,0,1,0
5435,0.0,0.0,0.0,500,0.48377000000000003,0,0,1,0
5436,0.0,0.0,0.0,500,0.4836750000000001,0,0,1,0
5437,0.0,0.0,0.0,500,0.48358,0,0,1,0
5438,0.0,0.0,0.0,500,0.48348500000000005,0,0,1,0
5439,0.0,0.0,0.0,500,0.4833900000000001,0,0,1,0
5440,0.0,0.0,0.0,500,0.48329500000000003,0,0,1,0
5441,0.0,0.0,0.0,500,0.48319999999999996,0,0,1,0
5442,0.0,0.0,0.0,500,0.483105,0,0,1,0
5443,0.0,0.0,0.0,500,0.48301000000000005,0,0,1,0
5444,0.0,0.0,0.0,500,0.482915,0,0,1,0
5445,0.0,0.0,0.0,500,0.48282,0,0,1,0
5446,0.0,0.0,0.0,500,0.48272500000000007,0,0,1,0
5447,0.0,0.0,0.0,500,0.48263,0,0,1,0
5448,0.0,0.0,0.0,500,0.48253500000000005,0,0,1,0
5449,0.0,0.0,0.0,500,0.4824400000000001,0,0,1,0
5450,0.0,0.0,0.0,500,0.482345,0,0,1,0
5451,0.0,0.0,0.0,500,0.48224999999999996,0,0,1,0
5452,0.0,0.0,0.0,500,0.482155,0,0,1,0
5453,0.0,0.0,0.0,500,0.48206000000000004,0,0,1,0
5454,0.0,0.0,0.0,500,0.481965,0,0,1,0
5455,0.0,0.0,0.0,500,0.48187,0,0,1,0
5456,0.0,0.0,0.0,500,0.48177500000000006,0,0,1,0
5457,0.0,0.0,0.0,500,0.48168,0,0,1,0
5458,0.0,0.0,0.0,500,0.48158500000000004,0,0,1,0
5459,0.0,0.0,0.0,500,0.4814900000000001,0,0,1,0
5460,0.0,0.0,0.0,500,0.481395,0,0,1,0
5461,0.0,0.0,0.0,500,0.48129999999999995,0,0,1,0
5462,0.0,0.0,0.0,500,0.481205,0,0,1,0
5463,0.0,0.0,0.0,500,0.48111000000000004,0,0,1,0
5464,0.0,0.0,0.0,500,0.48101499999999997,0,0,1,0
5465,0.0,0.0,0.0,500,0.48092,0,0,1,0
5466,0.0,0.0,0.0,500,0.48082500000000006,0,0,1,0
5467,0.0,0.0,0.0,500,0.4807300000000001,0,0,1,0
5468,0.0,0.0,0.0,500,0.48063500000000003,0,0,1,0
5469,0.0,0.0,0.0,500,0.4805400000000001,0,0,1,0
5470,0.0,0.0,0.0,500,0.480445,0,0,1,0
5471,0.0,0.0,0.0,500,0.48034999999999994,0,0,1,0
5472,0.0,0.0,0.0,500,0.480255,0,0,1,0
5473,0.0,0.0,0.0,500,0.48016000000000003,0,0,1,0
5474,0.0,0.0,0.0,500,0.48006499999999996,0,0,1,0
5475,0.0,0.0,0.0,500,0.47997,0,0,1,0
5476,0.0,0.0,0.0,500,0.47987500000000005,0,0,1,0
5477,0.0,0.0,0.0,500,0.4797800000000001,0,0,1,0
5478,0.0,0.0,0.0,500,0.47968500000000003,0,0,1,0
5479,0.0,0.0,0.0,500,0.47959000000000007,0,0,1,0
5480,0.0,0.0,0.0,500,0.479495,0,0,1,0
5481,0.0,0.0,0.0,500,0.47939999999999994,0,0,1,0
5482,0.0,0.0,0.0,500,0.479305,0,0,1,0
5483,0.0,0.0,0.0,500,0.47921,0,0,1,0
5484,0.0,0.0,0.0,500,0.47911500000000007,0,0,1,0
5485,0.0,0.0,0.0,500,0.47902,0,0,1,0
5486,0.0,0.0,0.0,500,0.47892500000000005,0,0,1,0
5487,0.0,0.0,0.0,500,0.4788300000000001,0,0,1,0
5488,0.0,0.0,0.0,500,0.478735,0,0,1,0
5489,0.0,0.0,0.0,500,0.47864000000000007,0,0,1,0
5490,0.0,0.0,0.0,500,0.478545,0,0,1,0
5491,0.0,0.0,0.0,500,0.47844999999999993,0,0,1,0
5492,0.0,0.0,0.0,500,0.478355,0,0,1,0
5493,0.0,0.0,0.0,500,0.47826,0,0,1,0
5494,0.0,0.0,0.0,500,0.47816500000000006,0,0,1,0
5495,0.0,0.0,0.0,500,0.47807,0,0,1,0
5496,0.0,0.0,0.0,500,0.47797500000000004,0,0,1,0
5497,0.0,0.0,0.0,500,0.4778800000000001,0,0,1,0
5498,0.0,0.0,0.0,500,0.477785,0,0,1,0
5499,0.0,0.0,0.0,500,0.47769000000000006,0,0,1,0
5500,0.0,0.0,0.0,500,0.477595,0,0,1,0
5501,0.0,0.0,0.0,500,0.47750000000000004,0,0,1,0
5502,0.0,0.0,0.0,500,0.47740499999999997,0,0,1,0
5503,0.0,0.0,0.0,500,0.47731,0,0,1,0
5504,0.0,0.0,0.0,500,0.47721500000000006,0,0,1,0
5505,0.0,0.0,0.0,500,0.47712,0,0,1,0
5506,0.0,0.0,0.0,500,0.47702500000000003,0,0,1,0
5507,0.0,0.0,0.0,500,0.4769300000000001,0,0,1,0
5508,0.0,0.0,0.0,500,0.476835,0,0,1,0
5509,0.0,0.0,0.0,500,0.47674000000000005,0,0,1,0
5510,0.0,0.0,0.0,500,0.4766450000000001,0,0,1,0
5511,0.0,0.0,0.0,500,0.47655000000000003,0,0,1,0
5512,0.0,0.0,0.0,500,0.47645499999999996,0,0,1,0
5513,0.0,0.0,0.0,500,0.47636,0,0,1,0
5514,0.0,0.0,0.0,500,0.47626500000000005,0,0,1,0
5515,0.0,0.0,0.0,500,0.47617,0,0,1,0
5516,0.0,0.0,0.0,500,0.476075,0,0,1,0
5517,0.0,0.0,0.0,500,0.47598000000000007,0,0,1,0
5518,0.0,0.0,0.0,500,0.475885,0,0,1,0
5519,0.0,0.0,0.0,500,0.47579000000000005,0,0,1,0
5520,0.0,0.0,0.0,500,0.4756950000000001,0,0,1,0
5521,0.0,0.0,0.0,500,0.4756,0,0,1,0
5522,0.0,0.0,0.0,500,0.47550499999999996,0,0,1,0
5523,0.0,0.0,0.0,500,0.47541,0,0,1,0
5524,0.0,0.0,0.0,500,0.47531500000000004,0,0,1,0
5525,0.0,0.0,0.0,500,0.47522,0,0,1,0
5526,0.0,0.0,0.0,500,0.475125,0,0,1,0
5527,0.0,0.0,0.0,500,0.47503000000000006,0,0,1,0
5528,0.0,0.0,0.0,500,0.4749350000000001,0,0,1,0
5529,0.0,0.0,0.0,500,0.47484000000000004,0,0,1,0
5530,0.0,0.0,0.0,500,0.4747450000000001,0,0,1,0
5531,0.0,0.0,0.0,500,0.47465,0,0,1,0
5532,0.0,0.0,0.0,500,0.47455499999999995,0,0,1,0
5533,0.0,0.0,0.0,500,0.47446,0,0,1,0
5534,0.0,0.0,0.0,500,0.47436500000000004,0,0,1,0
5535,0.0,0.0,0.0,500,0.47426999999999997,0,0,1,0
5536,0.0,0.0,0.0,500,0.474175,0,0,1,0
5537,0.0,0.0,0.0,500,0.47408000000000006,0,0,1,0
5538,0.0,0.0,0.0,500,0.4739850000000001,0,0,1,0
5539,0.0,0.0,0.0,500,0.47389000000000003,0,0,1,0
5540,0.0,0.0,0.0,500,0.4737950000000001,0,0,1,0
5541,0.0,0.0,0.0,500,0.4737,0,0,1,0
5542,0.0,0.0,0.0,500,0.47360499999999994,0,0,1,0
5543,0.0,0.0,0.0,500,0.47351,0,0,1,0
5544,0.0,0.0,0.0,500,0.47341500000000003,0,0,1,0
5545,0.0,0.0,0.0,500,0.4733200000000001,0,0,1,0
5546,0.0,0.0,0.0,500,0.473225,0,0,1,0
5547,0.0,0.0,0.0,500,0.47313000000000005,0,0,1,0
5548,0.0,0.0,0.0,500,0.4730350000000001,0,0,1,0
5549,0.0,0.0,0.0,500,0.47294,0,0,1,0
5550,0.0,0.0,0.0,500,0.47284500000000007,0,0,1,0
5551,0.0,0.0,0.0,500,0.47275,0,0,1,0
5552,0.0,0.0,0.0,500,0.47265499999999994,0,0,1,0
5553,0.0,0.0,0.0,500,0.47256,0,0,1,0
5554,0.0,0.0,0.0,500,0.472465,0,0,1,0
5555,0.0,0.0,0.0,500,0.47237000000000007,0,0,1,0
5556,0.0,0.0,0.0,500,0.472275,0,0,1,0
5557,0.0,0.0,0.0,500,0.47218000000000004,0,0,1,0
5558,0.0,0.0,0.0,500,0.4720850000000001,0,0,1,0
5559,0.0,0.0,0.0,500,0.47199,0,0,1,0
5560,0.0,0.0,0.0,500,0.47189500000000006,0,0,1,0
5561,0.0,0.0,0.0,500,0.4718,0,0,1,0
5562,0.0,0.0,0.0,500,0.47170500000000004,0,0,1,0
5563,0.0,0.0,0.0,500,0.47161,0,0,1,0
5564,0.0,0.0,0.0,500,0.471515,0,0,1,0
5565,0.0,0.0,0.0,500,0.47142000000000006,0,0,1,0
5566,0.0,0.0,0.0,500,0.471325,0,0,1,0
5567,0.0,0.0,0.0,500,0.47123000000000004,0,0,1,0
5568,0.0,0.0,0.0,500,0.4711350000000001,0,0,1,0
5569,0.0,0.0,0.0,500,0.47104,0,0,1,0
5570,0.0,0.0,0.0,500,0.47094500000000006,0,0,1,0
5571,0.0,0.0,0.0,500,0.47085,0,0,1,0
5572,0.0,0.0,0.0,500,0.47075500000000003,0,0,1,0
5573,0.0,0.0,0.0,500,0.47065999999999997,0,0,1,0
5574,0.0,0.0,0.0,500,0.470565,0,0,1,0
5575,0.0,0.0,0.0,500,0.47047000000000005,0,0,1,0
5576,0.0,0.0,0.0,500,0.470375,0,0,1,0
5577,0.0,0.0,0.0,500,0.47028000000000003,0,0,1,0
5578,0.0,0.0,0.0,500,0.4701850000000001,0,0,1,0
5579,0.0,0.0,0.0,500,0.47009,0,0,1,0
5580,0.0,0.0,0.0,500,0.46999500000000005,0,0,1,0
5581,0.0,0.0,0.0,500,0.4699,0,0,1,0
5582,0.0,0.0,0.0,500,0.46980500000000003,0,0,1,0
5583,0.0,0.0,0.0,500,0.46970999999999996,0,0,1,0
5584,0.0,0.0,0.0,500,0.469615,0,0,1,0
5585,0.0,0.0,0.0,500,0.46952000000000005,0,0,1,0
5586,0.0,0.0,0.0,500,0.469425,0,0,1,0
5587,0.0,0.0,0.0,500,0.46933,0,0,1,0
5588,0.0,0.0,0.0,500,0.46923500000000007,0,0,1,0
5589,0.0,0.0,0.0,500,0.4691400000000001,0,0,1,0
5590,0.0,0.0,0.0,500,0.46904500000000005,0,0,1,0
5591,0.0,0.0,0.0,500,0.46895,0,0,1,0
5592,0.0,0.0,0.0,500,0.468855,0,0,1,0
5593,0.0,0.0,0.0,500,0.46875999999999995,0,0,1,0
5594,0.0,0.0,0.0,500,0.468665,0,0,1,0
5595,0.0,0.0,0.0,500,0.46857000000000004,0,0,1,0
5596,0.0,0.0,0.0,500,0.468475,0,0,1,0
5597,0.0,0.0,0.0,500,0.46838,0,0,1,0
5598,0.0,0.0,0.0,500,0.46828500000000006,0,0,1,0
5599,0.0,0.0,0.0,500,0.4681900000000001,0,0,1,0
5600,0.0,0.0,0.0,500,0.46809500000000004,0,0,1,0
5601,0.0,0.0,0.0,500,0.46799999999999997,0,0,1,0
5602,0.0,0.0,0.0,500,0.467905,0,0,1,0
5603,0.0,0.0,0.0,500,0.46780999999999995,0,0,1,0
5604,0.0,0.0,0.0,500,0.467715,0,0,1,0
5605,0.0,0.0,0.0,500,0.46762000000000004,0,0,1,0
5606,0.0,0.0,0.0,500,0.4675250000000001,0,0,1,0
5607,0.0,0.0,0.0,500,0.46743,0,0,1,0
5608,0.0,0.0,0.0,500,0.46733500000000006,0,0,1,0
5609,0.0,0.0,0.0,500,0.4672400000000001,0,0,1,0
5610,0.0,0.0,0.0,500,0.46714500000000003,0,0,1,0
5611,0.0,0.0,0.0,500,0.46704999999999997,0,0,1,0
5612,0.0,0.0,0.0,500,0.466955,0,0,1,0
5613,0.0,0.0,0.0,500,0.46685999999999994,0,0,1,0
5614,0.0,0.0,0.0,500,0.466765,0,0,1,0
5615,0.0,0.0,0.0,500,0.46667000000000003,0,0,1,0
5616,0.0,0.0,0.0,500,0.4665750000000001,0,0,1,0
5617,0.0,0.0,0.0,500,0.46648,0,0,1,0
5618,0.0,0.0,0.0,500,0.46638500000000005,0,0,1,0
5619,0.0,0.0,0.0,500,0.4662900000000001,0,0,1,0
5620,0.0,0.0,0.0,500,0.466195,0,0,1,0
5621,0.0,0.0,0.0,500,0.46609999999999996,0,0,1,0
5622,0.0,0.0,0.0,500,0.466005,0,0,1,0
5623,0.0,0.0,0.0,500,0.46591000000000005,0,0,1,0
5624,0.0,0.0,0.0,500,0.465815,0,0,1,0
5625,0.0,0.0,0.0,500,0.46572,0,0,1,0
5626,0.0,0.0,0.0,500,0.46562500000000007,0,0,1,0
5627,0.0,0.0,0.0,500,0.46553,0,0,1,0
5628,0.0,0.0,0.0,500,0.46543500000000004,0,0,1,0
5629,0.0,0.0,0.0,500,0.4653400000000001,0,0,1,0
5630,0.0,0.0,0.0,500,0.465245,0,0,1,0
5631,0.0,0.0,0.0,500,0.46515000000000006,0,0,1,0
5632,0.0,0.0,0.0,500,0.465055,0,0,1,0
5633,0.0,0.0,0.0,500,0.46496000000000004,0,0,1,0
5634,0.0,0.0,0.0,500,0.464865,0,0,1,0
5635,0.0,0.0,0.0,500,0.46477,0,0,1,0
5636,0.0,0.0,0.0,500,0.46467500000000006,0,0,1,0
5637,0.0,0.0,0.0,500,0.46458,0,0,1,0
5638,0.0,0.0,0.0,500,0.46448500000000004,0,0,1,0
5639,0.0,0.0,0.0,500,0.4643900000000001,0,0,1,0
5640,0.0,0.0,0.0,500,0.464295,0,0,1,0
5641,0.0,0.0,0.0,500,0.46420000000000006,0,0,1,0
5642,0.0,0.0,0.0,500,0.464105,0,0,1,0
5643,0.0,0.0,0.0,500,0.46401000000000003,0,0,1,0
5644,0.0,0.0,0.0,500,0.46391499999999997,0,0,1,0
5645,0.0,0.0,0.0,500,0.46382,0,0,1,0
5646,0.0,0.0,0.0,500,0.46372500000000005,0,0,1,0
5647,0.0,0.0,0.0,500,0.46363,0,0,1,0
5648,0.0,0.0,0.0,500,0.46353500000000003,0,0,1,0
5649,0.0,0.0,0.0,500,0.4634400000000001,0,0,1,0
5650,0.0,0.0,0.0,500,0.4633450000000001,0,0,1,0
5651,0.0,0.0,0.0,500,0.46325000000000005,0,0,1,0
5652,0.0,0.0,0.0,500,0.463155,0,0,1,0
5653,0.0,0.0,0.0,500,0.46306,0,0,1,0
5654,0.0,0.0,0.0,500,0.46296499999999996,0,0,1,0
5655,0.0,0.0,0.0,500,0.46287,0,0,1,0
5656,0.0,0.0,0.0,500,0.46277500000000005,0,0,1,0
5657,0.0,0.0,0.0,500,0.46268,0,0,1,0
5658,0.0,0.0,0.0,500,0.462585,0,0,1,0
5659,0.0,0.0,0.0,500,0.46249000000000007,0,0,1,0
5660,0.0,0.0,0.0,500,0.4623950000000001,0,0,1,0
5661,0.0,0.0,0.0,500,0.46230000000000004,0,0,1,0
5662,0.0,0.0,0.0,500,0.462205,0,0,1,0
5663,0.0,0.0,0.0,500,0.46211,0,0,1,0
5664,0.0,0.0,0.0,500,0.46201499999999995,0,0,1,0
5665,0.0,0.0,0.0,500,0.46192,0,0,1,0
5666,0.0,0.0,0.0,500,0.46182500000000004,0,0,1,0
5667,0.0,0.0,0.0,500,0.4617300000000001,0,0,1,0
5668,0.0,0.0,0.0,500,0.461635,0,0,1,0
5669,0.0,0.0,0.0,500,0.46154000000000006,0,0,1,0
5670,0.0,0.0,0.0,500,0.4614450000000001,0,0,1,0
5671,0.0,0.0,0.0,500,0.46135000000000004,0,0,1,0
5672,0.0,0.0,0.0,500,0.46125499999999997,0,0,1,0
5673,0.0,0.0,0.0,500,0.46116,0,0,1,0
5674,0.0,0.0,0.0,500,0.46106499999999995,0,0,1,0
5675,0.0,0.0,0.0,500,0.46097,0,0,1,0
5676,0.0,0.0,0.0,500,0.46087500000000003,0,0,1,0
5677,0.0,0.0,0.0,500,0.4607800000000001,0,0,1,0
5678,0.0,0.0,0.0,500,0.460685,0,0,1,0
5679,0.0,0.0,0.0,500,0.46059000000000005,0,0,1,0
5680,0.0,0.0,0.0,500,0.4604950000000001,0,0,1,0
5681,0.0,0.0,0.0,500,0.46040000000000003,0,0,1,0
5682,0.0,0.0,0.0,500,0.46030499999999996,0,0,1,0
5683,0.0,0.0,0.0,500,0.46021,0,0,1,0
5684,0.0,0.0,0.0,500,0.46011500000000005,0,0,1,0
5685,0.0,0.0,0.0,500,0.46002,0,0,1,0
5686,0.0,0.0,0.0,500,0.45992500000000003,0,0,1,0
5687,0.0,0.0,0.0,500,0.45983000000000007,0,0,1,0
5688,0.0,0.0,0.0,500,0.459735,0,0,1,0
5689,0.0,0.0,0.0,500,0.45964000000000005,0,0,1,0
5690,0.0,0.0,0.0,500,0.4595450000000001,0,0,1,0
5691,0.0,0.0,0.0,500,0.45945,0,0,1,0
5692,0.0,0.0,0.0,500,0.45935499999999996,0,0,1,0
5693,0.0,0.0,0.0,500,0.45926,0,0,1,0
5694,0.0,0.0,0.0,500,0.45916500000000005,0,0,1,0
5695,0.0,0.0,0.0,500,0.45907,0,0,1,0
5696,0.0,0.0,0.0,500,0.458975,0,0,1,0
5697,0.0,0.0,0.0,500,0.45888000000000007,0,0,1,0
5698,0.0,0.0,0.0,500,0.458785,0,0,1,0
5699,0.0,0.0,0.0,500,0.45869000000000004,0,0,1,0
5700,0.0,0.0,0.0,500,0.4585950000000001,0,0,1,0
5701,0.0,0.0,0.0,500,0.4585,0,0,1,0
5702,0.0,0.0,0.0,500,0.45840499999999995,0,0,1,0
5703,0.0,0.0,0.0,500,0.45831,0,0,1,0
5704,0.0,0.0,0.0,500,0.45821500000000004,0,0,1,0
5705,0.0,0.0,0.0,500,0.45811999999999997,0,0,1,0
5706,0.0,0.0,0.0,500,0.458025,0,0,1,0
5707,0.0,0.0,0.0,500,0.45793000000000006,0,0,1,0
5708,0.0,0.0,0.0,500,0.457835,0,0,1,0
5709,0.0,0.0,0.0,500,0.45774000000000004,0,0,1,0
5710,0.0,0.0,0.0,500,0.4576450000000001,0,0,1,0
5711,0.0,0.0,0.0,500,0.4575500000000001,0,0,1,0
5712,0.0,0.0,0.0,500,0.45745499999999995,0,0,1,0
5713,0.0,0.0,0.0,500,0.45736,0,0,1,0
5714,0.0,0.0,0.0,500,0.45726500000000003,0,0,1,0
5715,0.0,0.0,0.0,500,0.45716999999999997,0,0,1,0
5716,0.0,0.0,0.0,500,0.457075,0,0,1,0
5717,0.0,0.0,0.0,500,0.45698000000000005,0,0,1,0
5718,0.0,0.0,0.0,500,0.456885,0,0,1,0
5719,0.0,0.0,0.0,500,0.45679000000000003,0,0,1,0
5720,0.0,0.0,0.0,500,0.4566950000000001,0,0,1,0
5721,0.0,0.0,0.0,500,0.4566000000000001,0,0,1,0
5722,0.0,0.0,0.0,500,0.45650499999999994,0,0,1,0
5723,0.0,0.0,0.0,500,0.45641,0,0,1,0
5724,0.0,0.0,0.0,500,0.456315,0,0,1,0
5725,0.0,0.0,0.0,500,0.45621999999999996,0,0,1,0
5726,0.0,0.0,0.0,500,0.456125,0,0,1,0
5727,0.0,0.0,0.0,500,0.45603000000000005,0,0,1,0
5728,0.0,0.0,0.0,500,0.4559350000000001,0,0,1,0
5729,0.0,0.0,0.0,500,0.45584,0,0,1,0
5730,0.0,0.0,0.0,500,0.45574500000000007,0,0,1,0
5731,0.0,0.0,0.0,500,0.4556500000000001,0,0,1,0
5732,0.0,0.0,0.0,500,0.45555499999999993,0,0,1,0
5733,0.0,0.0,0.0,500,0.45546,0,0,1,0
5734,0.0,0.0,0.0,500,0.455365,0,0,1,0
5735,0.0,0.0,0.0,500,0.45526999999999995,0,0,1,0
5736,0.0,0.0,0.0,500,0.455175,0,0,1,0
5737,0.0,0.0,0.0,500,0.45508000000000004,0,0,1,0
5738,0.0,0.0,0.0,500,0.4549850000000001,0,0,1,0
5739,0.0,0.0,0.0,500,0.45489,0,0,1,0
5740,0.0,0.0,0.0,500,0.45479500000000006,0,0,1,0
5741,0.0,0.0,0.0,500,0.4547000000000001,0,0,1,0
5742,0.0,0.0,0.0,500,0.4546049999999999,0,0,1,0
5743,0.0,0.0,0.0,500,0.45450999999999997,0,0,1,0
5744,0.0,0.0,0.0,500,0.454415,0,0,1,0
5745,0.0,0.0,0.0,500,0.45432000000000006,0,0,1,0
5746,0.0,0.0,0.0,500,0.454225,0,0,1,0
5747,0.0,0.0,0.0,500,0.45413000000000003,0,0,1,0
5748,0.0,0.0,0.0,500,0.4540350000000001,0,0,1,0
5749,0.0,0.0,0.0,500,0.45394,0,0,1,0
5750,0.0,0.0,0.0,500,0.45384500000000005,0,0,1,0
5751,0.0,0.0,0.0,500,0.4537500000000001,0,0,1,0
5752,0.0,0.0,0.0,500,0.45365500000000003,0,0,1,0
5753,0.0,0.0,0.0,500,0.45355999999999996,0,0,1,0
5754,0.0,0.0,0.0,500,0.453465,0,0,1,0
5755,0.0,0.0,0.0,500,0.45337000000000005,0,0,1,0
5756,0.0,0.0,0.0,500,0.453275,0,0,1,0
5757,0.0,0.0,0.0,500,0.45318,0,0,1,0
5758,0.0,0.0,0.0,500,0.45308500000000007,0,0,1,0
5759,0.0,0.0,0.0,500,0.45299,0,0,1,0
5760,0.0,0.0,0.0,500,0.45289500000000005,0,0,1,0
5761,0.0,0.0,0.0,500,0.4528000000000001,0,0,1,0
5762,0.0,0.0,0.0,500,0.452705,0,0,1,0
5763,0.0,0.0,0.0,500,0.45260999999999996,0,0,1,0
5764,0.0,0.0,0.0,500,0.452515,0,0,1,0
5765,0.0,0.0,0.0,500,0.45242000000000004,0,0,1,0
5766,0.0,0.0,0.0,500,0.452325,0,0,1,0
5767,0.0,0.0,0.0,500,0.45223,0,0,1,0
5768,0.0,0.0,0.0,500,0.45213500000000006,0,0,1,0
5769,0.0,0.0,0.0,500,0.45204,0,0,1,0
5770,0.0,0.0,0.0,500,0.45194500000000004,0,0,1,0
5771,0.0,0.0,0.0,500,0.4518500000000001,0,0,1,0
5772,0.0,0.0,0.0,500,0.45175500000000013,0,0,1,0
5773,0.0,0.0,0.0,500,0.45165999999999995,0,0,1,0
5774,0.0,0.0,0.0,500,0.451565,0,0,1,0
5775,0.0,0.0,0.0,500,0.45147000000000004,0,0,1,0
5776,0.0,0.0,0.0,500,0.45137499999999997,0,0,1,0
5777,0.0,0.0,0.0,500,0.45128,0,0,1,0
5778,0.0,0.0,0.0,500,0.45118500000000006,0,0,1,0
5779,0.0,0.0,0.0,500,0.45109,0,0,1,0
5780,0.0,0.0,0.0,500,0.45099500000000003,0,0,1,0
5781,0.0,0.0,0.0,500,0.4509000000000001,0,0,1,0
5782,0.0,0.0,0.0,500,0.4508050000000001,0,0,1,0
5783,0.0,0.0,0.0,500,0.45070999999999994,0,0,1,0
5784,0.0,0.0,0.0,500,0.450615,0,0,1,0
5785,0.0,0.0,0.0,500,0.45052000000000003,0,0,1,0
5786,0.0,0.0,0.0,500,0.45042499999999996,0,0,1,0
5787,0.0,0.0,0.0,500,0.45033,0,0,1,0
5788,0.0,0.0,0.0,500,0.45023500000000005,0,0,1,0
5789,0.0,0.0,0.0,500,0.4501400000000001,0,0,1,0
5790,0.0,0.0,0.0,500,0.45004500000000003,0,0,1,0
5791,0.0,0.0,0.0,500,0.44995000000000007,0,0,1,0
5792,0.0,0.0,0.0,500,0.4498550000000001,0,0,1,0
5793,0.0,0.0,0.0,500,0.44975999999999994,0,0,1,0
5794,0.0,0.0,0.0,500,0.449665,0,0,1,0
5795,0.0,0.0,0.0,500,0.44957,0,0,1,0
5796,0.0,0.0,0.0,500,0.44947499999999996,0,0,1,0
5797,0.0,0.0,0.0,500,0.44938,0,0,1,0
5798,0.0,0.0,0.0,500,0.44928500000000005,0,0,1,0
5799,0.0,0.0,0.0,500,0.4491900000000001,0,0,1,0
5800,0.0,0.0,0.0,500,0.449095,0,0,1,0
5801,0.0,0.0,0.0,500,0.44900000000000007,0,0,1,0
5802,0.0,0.0,0.0,500,0.4489050000000001,0,0,1,0
5803,0.0,0.0,0.0,500,0.44880999999999993,0,0,1,0
5804,0.0,0.0,0.0,500,0.448715,0,0,1,0
5805,0.0,0.0,0.0,500,0.44862,0,0,1,0
5806,0.0,0.0,0.0,500,0.44852500000000006,0,0,1,0
5807,0.0,0.0,0.0,500,0.44843,0,0,1,0
5808,0.0,0.0,0.0,500,0.44833500000000004,0,0,1,0
5809,0.0,0.0,0.0,500,0.4482400000000001,0,0,1,0
5810,0.0,0.0,0.0,500,0.448145,0,0,1,0
5811,0.0,0.0,0.0,500,0.44805000000000006,0,0,1,0
5812,0.0,0.0,0.0,500,0.4479550000000001,0,0,1,0
5813,0.0,0.0,0.0,500,0.4478599999999999,0,0,1,0
5814,0.0,0.0,0.0,500,0.44776499999999997,0,0,1,0
5815,0.0,0.0,0.0,500,0.44767,0,0,1,0
5816,0.0,0.0,0.0,500,0.44757500000000006,0,0,1,0
5817,0.0,0.0,0.0,500,0.44748,0,0,1,0
5818,0.0,0.0,0.0,500,0.44738500000000003,0,0,1,0
5819,0.0,0.0,0.0,500,0.4472900000000001,0,0,1,0
5820,0.0,0.0,0.0,500,0.447195,0,0,1,0
5821,0.0,0.0,0.0,500,0.44710000000000005,0,0,1,0
5822,0.0,0.0,0.0,500,0.4470050000000001,0,0,1,0
5823,0.0,0.0,0.0,500,0.44691000000000003,0,0,1,0
5824,0.0,0.0,0.0,500,0.44681499999999996,0,0,1,0
5825,0.0,0.0,0.0,500,0.44672,0,0,1,0
5826,0.0,0.0,0.0,500,0.44662500000000005,0,0,1,0
5827,0.0,0.0,0.0,500,0.44653,0,0,1,0
5828,0.0,0.0,0.0,500,0.446435,0,0,1,0
5829,0.0,0.0,0.0,500,0.44634000000000007,0,0,1,0
5830,0.0,0.0,0.0,500,0.446245,0,0,1,0
5831,0.0,0.0,0.0,500,0.44615000000000005,0,0,1,0
5832,0.0,0.0,0.0,500,0.4460550000000001,0,0,1,0
5833,0.0,0.0,0.0,500,0.44596,0,0,1,0
5834,0.0,0.0,0.0,500,0.44586499999999996,0,0,1,0
5835,0.0,0.0,0.0,500,0.44577,0,0,1,0
5836,0.0,0.0,0.0,500,0.44567500000000004,0,0,1,0
5837,0.0,0.0,0.0,500,0.44558,0,0,1,0
5838,0.0,0.0,0.0,500,0.445485,0,0,1,0
5839,0.0,0.0,0.0,500,0.44539000000000006,0,0,1,0
5840,0.0,0.0,0.0,500,0.445295,0,0,1,0
5841,0.0,0.0,0.0,500,0.44520000000000004,0,0,1,0
5842,0.0,0.0,0.0,500,0.4451050000000001,0,0,1,0
5843,0.0,0.0,0.0,500,0.44501,0,0,1,0
5844,0.0,0.0,0.0,500,0.44491499999999995,0,0,1,0
5845,0.0,0.0,0.0,500,0.44482,0,0,1,0
5846,0.0,0.0,0.0,500,0.44472500000000004,0,0,1,0
5847,0.0,0.0,0.0,500,0.44462999999999997,0,0,1,0
5848,0.0,0.0,0.0,500,0.444535,0,0,1,0
5849,0.0,0.0,0.0,500,0.44444000000000006,0,0,1,0
5850,0.0,0.0,0.0,500,0.4443450000000001,0,0,1,0
5851,0.0,0.0,0.0,500,0.44425000000000003,0,0,1,0
5852,0.0,0.0,0.0,500,0.4441550000000001,0,0,1,0
5853,0.0,0.0,0.0,500,0.44406,0,0,1,0
5854,0.0,0.0,0.0,500,0.44396499999999994,0,0,1,0
5855,0.0,0.0,0.0,500,0.44387,0,0,1,0
5856,0.0,0.0,0.0,500,0.44377500000000003,0,0,1,0
5857,0.0,0.0,0.0,500,0.44367999999999996,0,0,1,0
5858,0.0,0.0,0.0,500,0.443585,0,0,1,0
5859,0.0,0.0,0.0,500,0.44349000000000005,0,0,1,0
5860,0.0,0.0,0.0,500,0.4433950000000001,0,0,1,0
5861,0.0,0.0,0.0,500,0.4433,0,0,1,0
5862,0.0,0.0,0.0,500,0.44320500000000007,0,0,1,0
5863,0.0,0.0,0.0,500,0.44311,0,0,1,0
5864,0.0,0.0,0.0,500,0.44301499999999994,0,0,1,0
5865,0.0,0.0,0.0,500,0.44292,0,0,1,0
5866,0.0,0.0,0.0,500,0.442825,0,0,1,0
5867,0.0,0.0,0.0,500,0.44273000000000007,0,0,1,0
5868,0.0,0.0,0.0,500,0.442635,0,0,1,0
5869,0.0,0.0,0.0,500,0.44254000000000004,0,0,1,0
5870,0.0,0.0,0.0,500,0.4424450000000001,0,0,1,0
5871,0.0,0.0,0.0,500,0.44235,0,0,1,0
5872,0.0,0.0,0.0,500,0.44225500000000006,0,0,1,0
5873,0.0,0.0,0.0,500,0.44216,0,0,1,0
5874,0.0,0.0,0.0,500,0.44206499999999993,0,0,1,0
5875,0.0,0.0,0.0,500,0.44197,0,0,1,0
5876,0.0,0.0,0.0,500,0.441875,0,0,1,0
5877,0.0,0.0,0.0,500,0.44178000000000006,0,0,1,0
5878,0.0,0.0,0.0,500,0.441685,0,0,1,0
5879,0.0,0.0,0.0,500,0.44159000000000004,0,0,1,0
5880,0.0,0.0,0.0,500,0.4414950000000001,0,0,1,0
5881,0.0,0.0,0.0,500,0.4414,0,0,1,0
5882,0.0,0.0,0.0,500,0.44130500000000006,0,0,1,0
5883,0.0,0.0,0.0,500,0.4412100000000001,0,0,1,0
5884,0.0,0.0,0.0,500,0.44111500000000003,0,0,1,0
5885,0.0,0.0,0.0,500,0.44101999999999997,0,0,1,0
5886,0.0,0.0,0.0,500,0.440925,0,0,1,0
5887,0.0,0.0,0.0,500,0.44083000000000006,0,0,1,0
5888,0.0,0.0,0.0,500,0.440735,0,0,1,0
5889,0.0,0.0,0.0,500,0.44064000000000003,0,0,1,0
5890,0.0,0.0,0.0,500,0.4405450000000001,0,0,1,0
5891,0.0,0.0,0.0,500,0.44045,0,0,1,0
5892,0.0,0.0,0.0,500,0.44035500000000005,0,0,1,0
5893,0.0,0.0,0.0,500,0.4402600000000001,0,0,1,0
5894,0.0,0.0,0.0,500,0.44016500000000003,0,0,1,0
5895,0.0,0.0,0.0,500,0.44006999999999996,0,0,1,0
5896,0.0,0.0,0.0,500,0.439975,0,0,1,0
5897,0.0,0.0,0.0,500,0.43988000000000005,0,0,1,0
5898,0.0,0.0,0.0,500,0.439785,0,0,1,0
5899,0.0,0.0,0.0,500,0.43969,0,0,1,0
5900,0.0,0.0,0.0,500,0.43959500000000007,0,0,1,0
5901,0.0,0.0,0.0,500,0.4395,0,0,1,0
5902,0.0,0.0,0.0,500,0.43940500000000005,0,0,1,0
5903,0.0,0.0,0.0,500,0.4393100000000001,0,0,1,0
5904,0.0,0.0,0.0,500,0.439215,0,0,1,0
5905,0.0,0.0,0.0,500,0.43911999999999995,0,0,1,0
5906,0.0,0.0,0.0,500,0.439025,0,0,1,0
5907,0.0,0.0,0.0,500,0.43893000000000004,0,0,1,0
5908,0.0,0.0,0.0,500,0.438835,0,0,1,0
5909,0.0,0.0,0.0,500,0.43874,0,0,1,0
5910,0.0,0.0,0.0,500,0.43864500000000006,0,0,1,0
5911,0.0,0.0,0.0,500,0.4385500000000001,0,0,1,0
5912,0.0,0.0,0.0,500,0.43845500000000004,0,0,1,0
5913,0.0,0.0,0.0,500,0.4383600000000001,0,0,1,0
5914,0.0,0.0,0.0,500,0.438265,0,0,1,0
5915,0.0,0.0,0.0,500,0.43816999999999995,0,0,1,0
5916,0.0,0.0,0.0,500,0.438075,0,0,1,0
5917,0.0,0.0,0.0,500,0.43798000000000004,0,0,1,0
5918,0.0,0.0,0.0,500,0.43788499999999997,0,0,1,0
5919,0.0,0.0,0.0,500,0.43779,0,0,1,0
5920,0.0,0.0,0.0,500,0.43769500000000006,0,0,1,0
5921,0.0,0.0,0.0,500,0.4376000000000001,0,0,1,0
5922,0.0,0.0,0.0,500,0.43750500000000003,0,0,1,0
5923,0.0,0.0,0.0,500,0.4374100000000001,0,0,1,0
5924,0.0,0.0,0.0,500,0.437315,0,0,1,0
5925,0.0,0.0,0.0,500,0.43721999999999994,0,0,1,0
5926,0.0,0.0,0.0,500,0.437125,0,0,1,0
5927,0.0,0.0,0.0,500,0.43703000000000003,0,0,1,0
5928,0.0,0.0,0.0,500,0.4369350000000001,0,0,1,0
5929,0.0,0.0,0.0,500,0.43684,0,0,1,0
5930,0.0,0.0,0.0,500,0.43674500000000005,0,0,1,0
5931,0.0,0.0,0.0,500,0.4366500000000001,0,0,1,0
5932,0.0,0.0,0.0,500,0.436555,0,0,1,0
5933,0.0,0.0,0.0,500,0.43646000000000007,0,0,1,0
5934,0.0,0.0,0.0,500,0.436365,0,0,1,0
5935,0.0,0.0,0.0,500,0.43626999999999994,0,0,1,0
5936,0.0,0.0,0.0,500,0.436175,0,0,1,0
5937,0.0,0.0,0.0,500,0.43608,0,0,1,0
5938,0.0,0.0,0.0,500,0.43598500000000007,0,0,1,0
5939,0.0,0.0,0.0,500,0.43589,0,0,1,0
5940,0.0,0.0,0.0,500,0.43579500000000004,0,0,1,0
5941,0.0,0.0,0.0,500,0.4357000000000001,0,0,1,0
5942,0.0,0.0,0.0,500,0.435605,0,0,1,0
5943,0.0,0.0,0.0,500,0.43551000000000006,0,0,1,0
5944,0.0,0.0,0.0,500,0.435415,0,0,1,0
5945,0.0,0.0,0.0,500,0.43532000000000004,0,0,1,0
5946,0.0,0.0,0.0,500,0.435225,0,0,1,0
5947,0.0,0.0,0.0,500,0.43513,0,0,1,0
5948,0.0,0.0,0.0,500,0.43503500000000006,0,0,1,0
5949,0.0,0.0,0.0,500,0.43494,0,0,1,0
5950,0.0,0.0,0.0,500,0.43484500000000004,0,0,1,0
5951,0.0,0.0,0.0,500,0.4347500000000001,0,0,1,0
5952,0.0,0.0,0.0,500,0.434655,0,0,1,0
5953,0.0,0.0,0.0,500,0.43456000000000006,0,0,1,0
5954,0.0,0.0,0.0,500,0.434465,0,0,1,0
5955,0.0,0.0,0.0,500,0.43437000000000003,0,0,1,0
5956,0.0,0.0,0.0,500,0.43427499999999997,0,0,1,0
5957,0.0,0.0,0.0,500,0.43418,0,0,1,0
5958,0.0,0.0,0.0,500,0.43408500000000005,0,0,1,0
5959,0.0,0.0,0.0,500,0.43399,0,0,1,0
5960,0.0,0.0,0.0,500,0.43389500000000003,0,0,1,0
5961,0.0,0.0,0.0,500,0.4338000000000001,0,0,1,0
5962,0.0,0.0,0.0,500,0.433705,0,0,1,0
5963,0.0,0.0,0.0,500,0.43361000000000005,0,0,1,0
5964,0.0,0.0,0.0,500,0.433515,0,0,1,0
5965,0.0,0.0,0.0,500,0.43342,0,0,1,0
5966,0.0,0.0,0.0,500,0.43332499999999996,0,0,1,0
5967,0.0,0.0,0.0,500,0.43323,0,0,1,0
5968,0.0,0.0,0.0,500,0.43313500000000005,0,0,1,0
5969,0.0,0.0,0.0,500,0.43304,0,0,1,0
5970,0.0,0.0,0.0,500,0.432945,0,0,1,0
5971,0.0,0.0,0.0,500,0.43285000000000007,0,0,1,0
5972,0.0,0.0,0.0,500,0.4327550000000001,0,0,1,0
5973,0.0,0.0,0.0,500,0.43266000000000004,0,0,1,0
5974,0.0,0.0,0.0,500,0.432565,0,0,1,0
5975,0.0,0.0,0.0,500,0.43247,0,0,1,0
5976,0.0,0.0,0.0,500,0.43237499999999995,0,0,1,0
5977,0.0,0.0,0.0,500,0.43228,0,0,1,0
5978,0.0,0.0,0.0,500,0.43218500000000004,0,0,1,0
5979,0.0,0.0,0.0,500,0.43209,0,0,1,0
5980,0.0,0.0,0.0,500,0.431995,0,0,1,0
5981,0.0,0.0,0.0,500,0.43190000000000006,0,0,1,0
5982,0.0,0.0,0.0,500,0.4318050000000001,0,0,1,0
5983,0.0,0.0,0.0,500,0.43171000000000004,0,0,1,0
5984,0.0,0.0,0.0,500,0.43161499999999997,0,0,1,0
5985,0.0,0.0,0.0,500,0.43152,0,0,1,0
5986,0.0,0.0,0.0,500,0.43142499999999995,0,0,1,0
5987,0.0,0.0,0.0,500,0.43133,0,0,1,0
5988,0.0,0.0,0.0,500,0.43123500000000003,0,0,1,0
5989,0.0,0.0,0.0,500,0.4311400000000001,0,0,1,0
5990,0.0,0.0,0.0,500,0.431045,0,0,1,0
5991,0.0,0.0,0.0,500,0.43095000000000006,0,0,1,0
5992,0.0,0.0,0.0,500,0.4308550000000001,0,0,1,0
5993,0.0,0.0,0.0,500,0.43076000000000003,0,0,1,0
5994,0.0,0.0,0.0,500,0.43066499999999996,0,0,1,0
5995,0.0,0.0,0.0,500,0.43057,0,0,1,0
5996,0.0,0.0,0.0,500,0.43047499999999994,0,0,1,0
5997,0.0,0.0,0.0,500,0.43038,0,0,1,0
5998,0.0,0.0,0.0,500,0.43028500000000003,0,0,1,0
5999,0.0,0.0,0.0,500,0.4301900000000001,0,0,1,0
6000,0.0,0.0,0.0,500,0.430095,0,0,1,0
6001,0.0,0.0,0.0,500,0.43000000000000005,0,0,1,0
6002,0.0,0.0,0.0,500,0.4299050000000001,0,0,1,0
6003,0.0,0.0,0.0,500,0.42981,0,0,1,0
6004,0.0,0.0,0.0,500,0.42971500000000007,0,0,1,0
6005,0.0,0.0,0.0,500,0.42962,0,0,1,0
6006,0.0,0.0,0.0,500,0.42952500000000005,0,0,1,0
6007,0.0,0.0,0.0,500,0.42943,0,0,1,0
6008,0.0,0.0,0.0,500,0.429335,0,0,1,0
6009,0.0,0.0,0.0,500,0.42924000000000007,0,0,1,0
6010,0.0,0.0,0.0,500,0.429145,0,0,1,0
6011,0.0,0.0,0.0,500,0.42905000000000004,0,0,1,0
6012,0.0,0.0,0.0,500,0.4289550000000001,0,0,1,0
6013,0.0,0.0,0.0,500,0.42886,0,0,1,0
6014,0.0,0.0,0.0,500,0.42876500000000006,0,0,1,0
6015,0.0,0.0,0.0,500,0.42867,0,0,1,0
6016,0.0,0.0,0.0,500,0.42857500000000004,0,0,1,0
6017,0.0,0.0,0.0,500,0.42847999999999997,0,0,1,0
6018,0.0,0.0,0.0,500,0.428385,0,0,1,0
6019,0.0,0.0,0.0,500,0.42829000000000006,0,0,1,0
6020,0.0,0.0,0.0,500,0.428195,0,0,1,0
6021,0.0,0.0,0.0,500,0.42810000000000004,0,0,1,0
6022,0.0,0.0,0.0,500,0.4280050000000001,0,0,1,0
6023,0.0,0.0,0.0,500,0.42791,0,0,1,0
6024,0.0,0.0,0.0,500,0.42781500000000006,0,0,1,0
6025,0.0,0.0,0.0,500,0.42772,0,0,1,0
6026,0.0,0.0,0.0,500,0.42762500000000003,0,0,1,0
6027,0.0,0.0,0.0,500,0.42752999999999997,0,0,1,0
6028,0.0,0.0,0.0,500,0.427435,0,0,1,0
6029,0.0,0.0,0.0,500,0.42734000000000005,0,0,1,0
6030,0.0,0.0,0.0,500,0.427245,0,0,1,0
6031,0.0,0.0,0.0,500,0.42715000000000003,0,0,1,0
6032,0.0,0.0,0.0,500,0.4270550000000001,0,0,1,0
6033,0.0,0.0,0.0,500,0.4269600000000001,0,0,1,0
6034,0.0,0.0,0.0,500,0.42686500000000005,0,0,1,0
6035,0.0,0.0,0.0,500,0.42677,0,0,1,0
6036,0.0,0.0,0.0,500,0.426675,0,0,1,0
6037,0.0,0.0,0.0,500,0.42657999999999996,0,0,1,0
6038,0.0,0.0,0.0,500,0.426485,0,0,1,0
6039,0.0,0.0,0.0,500,0.42639000000000005,0,0,1,0
6040,0.0,0.0,0.0,500,0.426295,0,0,1,0
6041,0.0,0.0,0.0,500,0.4262,0,0,1,0
6042,0.0,0.0,0.0,500,0.42610500000000007,0,0,1,0
6043,0.0,0.0,0.0,500,0.4260100000000001,0,0,1,0
6044,0.0,0.0,0.0,500,0.42591500000000004,0,0,1,0
6045,0.0,0.0,0.0,500,0.42582,0,0,1,0
6046,0.0,0.0,0.0,500,0.425725,0,0,1,0
6047,0.0,0.0,0.0,500,0.42562999999999995,0,0,1,0
6048,0.0,0.0,0.0,500,0.425535,0,0,1,0
6049,0.0,0.0,0.0,500,0.42544000000000004,0,0,1,0
6050,0.0,0.0,0.0,500,0.4253450000000001,0,0,1,0
6051,0.0,0.0,0.0,500,0.42525,0,0,1,0
6052,0.0,0.0,0.0,500,0.42515500000000006,0,0,1,0
6053,0.0,0.0,0.0,500,0.4250600000000001,0,0,1,0
6054,0.0,0.0,0.0,500,0.42496500000000004,0,0,1,0
6055,0.0,0.0,0.0,500,0.42486999999999997,0,0,1,0
6056,0.0,0.0,0.0,500,0.424775,0,0,1,0
6057,0.0,0.0,0.0,500,0.42467999999999995,0,0,1,0
6058,0.0,0.0,0.0,500,0.424585,0,0,1,0
6059,0.0,0.0,0.0,500,0.42449000000000003,0,0,1,0
6060,0.0,0.0,0.0,500,0.4243950000000001,0,0,1,0
6061,0.0,0.0,0.0,500,0.4243,0,0,1,0
6062,0.0,0.0,0.0,500,0.42420500000000005,0,0,1,0
6063,0.0,0.0,0.0,500,0.4241100000000001,0,0,1,0
6064,0.0,0.0,0.0,500,0.42401500000000003,0,0,1,0
6065,0.0,0.0,0.0,500,0.42391999999999996,0,0,1,0
6066,0.0,0.0,0.0,500,0.423825,0,0,1,0
6067,0.0,0.0,0.0,500,0.42373000000000005,0,0,1,0
6068,0.0,0.0,0.0,500,0.423635,0,0,1,0
6069,0.0,0.0,0.0,500,0.42354,0,0,1,0
6070,0.0,0.0,0.0,500,0.42344500000000007,0,0,1,0
6071,0.0,0.0,0.0,500,0.42335,0,0,1,0
6072,0.0,0.0,0.0,500,0.42325500000000005,0,0,1,0
6073,0.0,0.0,0.0,500,0.4231600000000001,0,0,1,0
6074,0.0,0.0,0.0,500,0.423065,0,0,1,0
6075,0.0,0.0,0.0,500,0.42296999999999996,0,0,1,0
6076,0.0,0.0,0.0,500,0.422875,0,0,1,0
6077,0.0,0.0,0.0,500,0.42278000000000004,0,0,1,0
6078,0.0,0.0,0.0,500,0.422685,0,0,1,0
6079,0.0,0.0,0.0,500,0.42259,0,0,1,0
6080,0.0,0.0,0.0,500,0.42249500000000006,0,0,1,0
6081,0.0,0.0,0.0,500,0.4224,0,0,1,0
6082,0.0,0.0,0.0,500,0.42230500000000004,0,0,1,0
6083,0.0,0.0,0.0,500,0.4222100000000001,0,0,1,0
6084,0.0,0.0,0.0,500,0.422115,0,0,1,0
6085,0.0,0.0,0.0,500,0.42201999999999995,0,0,1,0
6086,0.0,0.0,0.0,500,0.421925,0,0,1,0
6087,0.0,0.0,0.0,500,0.42183000000000004,0,0,1,0
6088,0.0,0.0,0.0,500,0.42173499999999997,0,0,1,0
6089,0.0,0.0,0.0,500,0.42164,0,0,1,0
6090,0.0,0.0,0.0,500,0.42154500000000006,0,0,1,0
6091,0.0,0.0,0.0,500,0.42145,0,0,1,0
6092,0.0,0.0,0.0,500,0.42135500000000004,0,0,1,0
6093,0.0,0.0,0.0,500,0.4212600000000001,0,0,1,0
6094,0.0,0.0,0.0,500,0.4211650000000001,0,0,1,0
6095,0.0,0.0,0.0,500,0.42106999999999994,0,0,1,0
6096,0.0,0.0,0.0,500,0.420975,0,0,1,0
6097,0.0,0.0,0.0,500,0.42088000000000003,0,0,1,0
6098,0.0,0.0,0.0,500,0.42078499999999996,0,0,1,0
6099,0.0,0.0,0.0,500,0.42069,0,0,1,0
6100,0.0,0.0,0.0,500,0.42059500000000005,0,0,1,0
6101,0.0,0.0,0.0,500,0.4205,0,0,1,0
6102,0.0,0.0,0.0,500,0.42040500000000003,0,0,1,0
6103,0.0,0.0,0.0,500,0.4203100000000001,0,0,1,0
6104,0.0,0.0,0.0,500,0.4202150000000001,0,0,1,0
6105,0.0,0.0,0.0,500,0.42011999999999994,0,0,1,0
6106,0.0,0.0,0.0,500,0.420025,0,0,1,0
6107,0.0,0.0,0.0,500,0.41993,0,0,1,0
6108,0.0,0.0,0.0,500,0.41983499999999996,0,0,1,0
6109,0.0,0.0,0.0,500,0.41974,0,0,1,0
6110,0.0,0.0,0.0,500,0.41964500000000005,0,0,1,0
6111,0.0,0.0,0.0,500,0.4195500000000001,0,0,1,0
6112,0.0,0.0,0.0,500,0.419455,0,0,1,0
6113,0.0,0.0,0.0,500,0.41936000000000007,0,0,1,0
6114,0.0,0.0,0.0,500,0.4192650000000001,0,0,1,0
6115,0.0,0.0,0.0,500,0.41916999999999993,0,0,1,0
6116,0.0,0.0,0.0,500,0.419075,0,0,1,0
6117,0.0,0.0,0.0,500,0.41898,0,0,1,0
6118,0.0,0.0,0.0,500,0.41888499999999995,0,0,1,0
6119,0.0,0.0,0.0,500,0.41879,0,0,1,0
6120,0.0,0.0,0.0,500,0.41869500000000004,0,0,1,0
6121,0.0,0.0,0.0,500,0.4186000000000001,0,0,1,0
6122,0.0,0.0,0.0,500,0.418505,0,0,1,0
6123,0.0,0.0,0.0,500,0.41841000000000006,0,0,1,0
6124,0.0,0.0,0.0,500,0.4183150000000001,0,0,1,0
6125,0.0,0.0,0.0,500,0.4182199999999999,0,0,1,0
6126,0.0,0.0,0.0,500,0.41812499999999997,0,0,1,0
6127,0.0,0.0,0.0,500,0.41803,0,0,1,0
6128,0.0,0.0,0.0,500,0.41793500000000006,0,0,1,0
6129,0.0,0.0,0.0,500,0.41784,0,0,1,0
6130,0.0,0.0,0.0,500,0.41774500000000003,0,0,1,0
6131,0.0,0.0,0.0,500,0.4176500000000001,0,0,1,0
6132,0.0,0.0,0.0,500,0.417555,0,0,1,0
6133,0.0,0.0,0.0,500,0.41746000000000005,0,0,1,0
6134,0.0,0.0,0.0,500,0.4173650000000001,0,0,1,0
6135,0.0,0.0,0.0,500,0.41727000000000003,0,0,1,0
6136,0.0,0.0,0.0,500,0.41717499999999996,0,0,1,0
6137,0.0,0.0,0.0,500,0.41708,0,0,1,0
6138,0.0,0.0,0.0,500,0.41698500000000005,0,0,1,0
6139,0.0,0.0,0.0,500,0.41689,0,0,1,0
6140,0.0,0.0,0.0,500,0.416795,0,0,1,0
6141,0.0,0.0,0.0,500,0.41670000000000007,0,0,1,0
6142,0.0,0.0,0.0,500,0.416605,0,0,1,0
6143,0.0,0.0,0.0,500,0.41651000000000005,0,0,1,0
6144,0.0,0.0,0.0,500,0.4164150000000001,0,0,1,0
6145,0.0,0.0,0.0,500,0.41632,0,0,1,0
6146,0.0,0.0,0.0,500,0.41622499999999996,0,0,1,0
6147,0.0,0.0,0.0,500,0.41613,0,0,1,0
6148,0.0,0.0,0.0,500,0.41603500000000004,0,0,1,0
6149,0.0,0.0,0.0,500,0.41594,0,0,1,0
6150,0.0,0.0,0.0,500,0.415845,0,0,1,0
6151,0.0,0.0,0.0,500,0.41575000000000006,0,0,1,0
6152,0.0,0.0,0.0,500,0.415655,0,0,1,0
6153,0.0,0.0,0.0,500,0.41556000000000004,0,0,1,0
6154,0.0,0.0,0.0,500,0.4154650000000001,0,0,1,0
6155,0.0,0.0,0.0,500,0.41537000000000013,0,0,1,0
6156,0.0,0.0,0.0,500,0.41527499999999995,0,0,1,0
6157,0.0,0.0,0.0,500,0.41518,0,0,1,0
6158,0.0,0.0,0.0,500,0.41508500000000004,0,0,1,0
6159,0.0,0.0,0.0,500,0.41498999999999997,0,0,1,0
6160,0.0,0.0,0.0,500,0.414895,0,0,1,0
6161,0.0,0.0,0.0,500,0.41480000000000006,0,0,1,0
6162,0.0,0.0,0.0,500,0.414705,0,0,1,0
6163,0.0,0.0,0.0,500,0.41461000000000003,0,0,1,0
6164,0.0,0.0,0.0,500,0.4145150000000001,0,0,1,0
6165,0.0,0.0,0.0,500,0.4144200000000001,0,0,1,0
6166,0.0,0.0,0.0,500,0.41432499999999994,0,0,1,0
6167,0.0,0.0,0.0,500,0.41423,0,0,1,0
6168,0.0,0.0,0.0,500,0.41413500000000003,0,0,1,0
6169,0.0,0.0,0.0,500,0.41403999999999996,0,0,1,0
6170,0.0,0.0,0.0,500,0.413945,0,0,1,0
6171,0.0,0.0,0.0,500,0.41385000000000005,0,0,1,0
6172,0.0,0.0,0.0,500,0.4137550000000001,0,0,1,0
6173,0.0,0.0,0.0,500,0.41366,0,0,1,0
6174,0.0,0.0,0.0,500,0.41356500000000007,0,0,1,0
6175,0.0,0.0,0.0,500,0.4134700000000001,0,0,1,0
6176,0.0,0.0,0.0,500,0.41337499999999994,0,0,1,0
6177,0.0,0.0,0.0,500,0.41328,0,0,1,0
6178,0.0,0.0,0.0,500,0.413185,0,0,1,0
6179,0.0,0.0,0.0,500,0.41308999999999996,0,0,1,0
6180,0.0,0.0,0.0,500,0.412995,0,0,1,0
6181,0.0,0.0,0.0,500,0.41290000000000004,0,0,1,0
6182,0.0,0.0,0.0,500,0.4128050000000001,0,0,1,0
6183,0.0,0.0,0.0,500,0.41271,0,0,1,0
6184,0.0,0.0,0.0,500,0.41261500000000007,0,0,1,0
6185,0.0,0.0,0.0,500,0.4125200000000001,0,0,1,0
6186,0.0,0.0,0.0,500,0.41242499999999993,0,0,1,0
6187,0.0,0.0,0.0,500,0.41233,0,0,1,0
6188,0.0,0.0,0.0,500,0.412235,0,0,1,0
6189,0.0,0.0,0.0,500,0.41214000000000006,0,0,1,0
6190,0.0,0.0,0.0,500,0.412045,0,0,1,0
6191,0.0,0.0,0.0,500,0.41195000000000004,0,0,1,0
6192,0.0,0.0,0.0,500,0.4118550000000001,0,0,1,0
6193,0.0,0.0,0.0,500,0.41176,0,0,1,0
6194,0.0,0.0,0.0,500,0.41166500000000006,0,0,1,0
6195,0.0,0.0,0.0,500,0.4115700000000001,0,0,1,0
6196,0.0,0.0,0.0,500,0.4114749999999999,0,0,1,0
6197,0.0,0.0,0.0,500,0.41137999999999997,0,0,1,0
6198,0.0,0.0,0.0,500,0.411285,0,0,1,0
6199,0.0,0.0,0.0,500,0.41119000000000006,0,0,1,0
6200,0.0,0.0,0.0,500,0.411095,0,0,1,0
6201,0.0,0.0,0.0,500,0.41100000000000003,0,0,1,0
6202,0.0,0.0,0.0,500,0.4109050000000001,0,0,1,0
6203,0.0,0.0,0.0,500,0.41081,0,0,1,0
6204,0.0,0.0,0.0,500,0.41071500000000005,0,0,1,0
6205,0.0,0.0,0.0,500,0.4106200000000001,0,0,1,0
6206,0.0,0.0,0.0,500,0.41052500000000003,0,0,1,0
6207,0.0,0.0,0.0,500,0.41042999999999996,0,0,1,0
6208,0.0,0.0,0.0,500,0.410335,0,0,1,0
6209,0.0,0.0,0.0,500,0.41024000000000005,0,0,1,0
6210,0.0,0.0,0.0,500,0.410145,0,0,1,0
6211,0.0,0.0,0.0,500,0.41005,0,0,1,0
6212,0.0,0.0,0.0,500,0.40995500000000007,0,0,1,0
6213,0.0,0.0,0.0,500,0.40986,0,0,1,0
6214,0.0,0.0,0.0,500,0.40976500000000005,0,0,1,0
6215,0.0,0.0,0.0,500,0.4096700000000001,0,0,1,0
6216,0.0,0.0,0.0,500,0.409575,0,0,1,0
6217,0.0,0.0,0.0,500,0.40947999999999996,0,0,1,0
6218,0.0,0.0,0.0,500,0.409385,0,0,1,0
6219,0.0,0.0,0.0,500,0.40929000000000004,0,0,1,0
6220,0.0,0.0,0.0,500,0.409195,0,0,1,0
6221,0.0,0.0,0.0,500,0.4091,0,0,1,0
6222,0.0,0.0,0.0,500,0.40900500000000006,0,0,1,0
6223,0.0,0.0,0.0,500,0.40891,0,0,1,0
6224,0.0,0.0,0.0,500,0.40881500000000004,0,0,1,0
6225,0.0,0.0,0.0,500,0.4087200000000001,0,0,1,0
6226,0.0,0.0,0.0,500,0.408625,0,0,1,0
6227,0.0,0.0,0.0,500,0.40852999999999995,0,0,1,0
6228,0.0,0.0,0.0,500,0.408435,0,0,1,0
6229,0.0,0.0,0.0,500,0.40834000000000004,0,0,1,0
6230,0.0,0.0,0.0,500,0.40824499999999997,0,0,1,0
6231,0.0,0.0,0.0,500,0.40815,0,0,1,0
6232,0.0,0.0,0.0,500,0.40805500000000006,0,0,1,0
6233,0.0,0.0,0.0,500,0.4079600000000001,0,0,1,0
6234,0.0,0.0,0.0,500,0.40786500000000003,0,0,1,0
6235,0.0,0.0,0.0,500,0.4077700000000001,0,0,1,0
6236,0.0,0.0,0.0,500,0.407675,0,0,1,0
6237,0.0,0.0,0.0,500,0.40757999999999994,0,0,1,0
6238,0.0,0.0,0.0,500,0.407485,0,0,1,0
6239,0.0,0.0,0.0,500,0.40739000000000003,0,0,1,0
6240,0.0,0.0,0.0,500,0.40729499999999996,0,0,1,0
6241,0.0,0.0,0.0,500,0.4072,0,0,1,0
6242,0.0,0.0,0.0,500,0.40710500000000005,0,0,1,0
6243,0.0,0.0,0.0,500,0.4070100000000001,0,0,1,0
6244,0.0,0.0,0.0,500,0.406915,0,0,1,0
6245,0.0,0.0,0.0,500,0.40682000000000007,0,0,1,0
6246,0.0,0.0,0.0,500,0.406725,0,0,1,0
6247,0.0,0.0,0.0,500,0.40662999999999994,0,0,1,0
6248,0.0,0.0,0.0,500,0.406535,0,0,1,0
6249,0.0,0.0,0.0,500,0.40644,0,0,1,0
6250,0.0,0.0,0.0,500,0.40634500000000007,0,0,1,0
6251,0.0,0.0,0.0,500,0.40625,0,0,1,0
6252,0.0,0.0,0.0,500,0.40615500000000004,0,0,1,0
6253,0.0,0.0,0.0,500,0.4060600000000001,0,0,1,0
6254,0.0,0.0,0.0,500,0.405965,0,0,1,0
6255,0.0,0.0,0.0,500,0.40587000000000006,0,0,1,0
6256,0.0,0.0,0.0,500,0.4057750000000001,0,0,1,0
6257,0.0,0.0,0.0,500,0.40568000000000004,0,0,1,0
6258,0.0,0.0,0.0,500,0.405585,0,0,1,0
6259,0.0,0.0,0.0,500,0.40549,0,0,1,0
6260,0.0,0.0,0.0,500,0.40539500000000006,0,0,1,0
6261,0.0,0.0,0.0,500,0.4053,0,0,1,0
6262,0.0,0.0,0.0,500,0.40520500000000004,0,0,1,0
6263,0.0,0.0,0.0,500,0.4051100000000001,0,0,1,0
6264,0.0,0.0,0.0,500,0.405015,0,0,1,0
6265,0.0,0.0,0.0,500,0.40492000000000006,0,0,1,0
6266,0.0,0.0,0.0,500,0.4048250000000001,0,0,1,0
6267,0.0,0.0,0.0,500,0.40473000000000003,0,0,1,0
6268,0.0,0.0,0.0,500,0.40463499999999997,0,0,1,0
6269,0.0,0.0,0.0,500,0.40454,0,0,1,0
6270,0.0,0.0,0.0,500,0.40444500000000005,0,0,1,0
6271,0.0,0.0,0.0,500,0.40435,0,0,1,0
6272,0.0,0.0,0.0,500,0.40425500000000003,0,0,1,0
6273,0.0,0.0,0.0,500,0.4041600000000001,0,0,1,0
6274,0.0,0.0,0.0,500,0.404065,0,0,1,0
6275,0.0,0.0,0.0,500,0.40397000000000005,0,0,1,0
6276,0.0,0.0,0.0,500,0.4038750000000001,0,0,1,0
6277,0.0,0.0,0.0,500,0.40378000000000003,0,0,1,0
6278,0.0,0.0,0.0,500,0.40368499999999996,0,0,1,0
6279,0.0,0.0,0.0,500,0.40359,0,0,1,0
6280,0.0,0.0,0.0,500,0.40349500000000005,0,0,1,0
6281,0.0,0.0,0.0,500,0.4034,0,0,1,0
6282,0.0,0.0,0.0,500,0.403305,0,0,1,0
6283,0.0,0.0,0.0,500,0.40321000000000007,0,0,1,0
6284,0.0,0.0,0.0,500,0.4031150000000001,0,0,1,0
6285,0.0,0.0,0.0,500,0.40302000000000004,0,0,1,0
6286,0.0,0.0,0.0,500,0.4029250000000001,0,0,1,0
6287,0.0,0.0,0.0,500,0.40283,0,0,1,0
6288,0.0,0.0,0.0,500,0.40273499999999995,0,0,1,0
6289,0.0,0.0,0.0,500,0.40264,0,0,1,0
6290,0.0,0.0,0.0,500,0.40254500000000004,0,0,1,0
6291,0.0,0.0,0.0,500,0.40245,0,0,1,0
6292,0.0,0.0,0.0,500,0.402355,0,0,1,0
6293,0.0,0.0,0.0,500,0.40226000000000006,0,0,1,0
6294,0.0,0.0,0.0,500,0.4021650000000001,0,0,1,0
6295,0.0,0.0,0.0,500,0.40207000000000004,0,0,1,0
6296,0.0,0.0,0.0,500,0.4019750000000001,0,0,1,0
6297,0.0,0.0,0.0,500,0.40188,0,0,1,0
6298,0.0,0.0,0.0,500,0.40178499999999995,0,0,1,0
6299,0.0,0.0,0.0,500,0.40169,0,0,1,0
6300,0.0,0.0,0.0,500,0.40159500000000004,0,0,1,0
6301,0.0,0.0,0.0,500,0.4015000000000001,0,0,1,0
6302,0.0,0.0,0.0,500,0.401405,0,0,1,0
6303,0.0,0.0,0.0,500,0.40131000000000006,0,0,1,0
6304,0.0,0.0,0.0,500,0.4012150000000001,0,0,1,0
6305,0.0,0.0,0.0,500,0.40112000000000003,0,0,1,0
6306,0.0,0.0,0.0,500,0.4010250000000001,0,0,1,0
6307,0.0,0.0,0.0,500,0.40093,0,0,1,0
6308,0.0,0.0,0.0,500,0.40083499999999994,0,0,1,0
6309,0.0,0.0,0.0,500,0.40074,0,0,1,0
6310,0.0,0.0,0.0,500,0.40064500000000003,0,0,1,0
6311,0.0,0.0,0.0,500,0.4005500000000001,0,0,1,0
6312,0.0,0.0,0.0,500,0.400455,0,0,1,0
6313,0.0,0.0,0.0,500,0.40036000000000005,0,0,1,0
6314,0.0,0.0,0.0,500,0.4002650000000001,0,0,1,0
6315,0.0,0.0,0.0,500,0.40017,0,0,1,0
6316,0.0,0.0,0.0,500,0.40007500000000007,0,0,1,0
6317,0.0,0.0,0.0,500,0.39998,0,0,1,0
6318,0.0,0.0,0.0,500,0.39988500000000005,0,0,1,0
6319,0.0,0.0,0.0,500,0.39979,0,0,1,0
6320,0.0,0.0,0.0,500,0.399695,0,0,1,0
6321,0.0,0.0,0.0,500,0.39960000000000007,0,0,1,0
6322,0.0,0.0,0.0,500,0.399505,0,0,1,0
6323,0.0,0.0,0.0,500,0.39941000000000004,0,0,1,0
6324,0.0,0.0,0.0,500,0.3993150000000001,0,0,1,0
6325,0.0,0.0,0.0,500,0.39922,0,0,1,0
6326,0.0,0.0,0.0,500,0.39912500000000006,0,0,1,0
6327,0.0,0.0,0.0,500,0.39903,0,0,1,0
6328,0.0,0.0,0.0,500,0.39893500000000004,0,0,1,0
6329,0.0,0.0,0.0,500,0.39884,0,0,1,0
6330,0.0,0.0,0.0,500,0.398745,0,0,1,0
6331,0.0,0.0,0.0,500,0.39865000000000006,0,0,1,0
6332,0.0,0.0,0.0,500,0.398555,0,0,1,0
6333,0.0,0.0,0.0,500,0.39846000000000004,0,0,1,0
6334,0.0,0.0,0.0,500,0.3983650000000001,0,0,1,0
6335,0.0,0.0,0.0,500,0.39827,0,0,1,0
6336,0.0,0.0,0.0,500,0.39817500000000006,0,0,1,0
6337,0.0,0.0,0.0,500,0.39808,0,0,1,0
6338,0.0,0.0,0.0,500,0.39798500000000003,0,0,1,0
6339,0.0,0.0,0.0,500,0.39788999999999997,0,0,1,0
6340,0.0,0.0,0.0,500,0.397795,0,0,1,0
6341,0.0,0.0,0.0,500,0.39770000000000005,0,0,1,0
6342,0.0,0.0,0.0,500,0.397605,0,0,1,0
6343,0.0,0.0,0.0,500,0.39751000000000003,0,0,1,0
6344,0.0,0.0,0.0,500,0.3974150000000001,0,0,1,0
6345,0.0,0.0,0.0,500,0.3973200000000001,0,0,1,0
6346,0.0,0.0,0.0,500,0.39722500000000005,0,0,1,0
6347,0.0,0.0,0.0,500,0.39713,0,0,1,0
6348,0.0,0.0,0.0,500,0.397035,0,0,1,0
6349,0.0,0.0,0.0,500,0.39693999999999996,0,0,1,0
6350,0.0,0.0,0.0,500,0.396845,0,0,1,0
6351,0.0,0.0,0.0,500,0.39675000000000005,0,0,1,0
6352,0.0,0.0,0.0,500,0.396655,0,0,1,0
6353,0.0,0.0,0.0,500,0.39656,0,0,1,0
6354,0.0,0.0,0.0,500,0.39646500000000007,0,0,1,0
6355,0.0,0.0,0.0,500,0.3963700000000001,0,0,1,0
6356,0.0,0.0,0.0,500,0.39627500000000004,0,0,1,0
6357,0.0,0.0,0.0,500,0.39618,0,0,1,0
6358,0.0,0.0,0.0,500,0.396085,0,0,1,0
6359,0.0,0.0,0.0,500,0.39598999999999995,0,0,1,0
6360,0.0,0.0,0.0,500,0.395895,0,0,1,0
6361,0.0,0.0,0.0,500,0.39580000000000004,0,0,1,0
6362,0.0,0.0,0.0,500,0.3957050000000001,0,0,1,0
6363,0.0,0.0,0.0,500,0.39561,0,0,1,0
6364,0.0,0.0,0.0,500,0.39551500000000006,0,0,1,0
6365,0.0,0.0,0.0,500,0.3954200000000001,0,0,1,0
6366,0.0,0.0,0.0,500,0.39532500000000004,0,0,1,0
6367,0.0,0.0,0.0,500,0.39522999999999997,0,0,1,0
6368,0.0,0.0,0.0,500,0.395135,0,0,1,0
6369,0.0,0.0,0.0,500,0.39503999999999995,0,0,1,0
6370,0.0,0.0,0.0,500,0.394945,0,0,1,0
6371,0.0,0.0,0.0,500,0.39485000000000003,0,0,1,0
6372,0.0,0.0,0.0,500,0.3947550000000001,0,0,1,0
6373,0.0,0.0,0.0,500,0.39466,0,0,1,0
6374,0.0,0.0,0.0,500,0.39456500000000005,0,0,1,0
6375,0.0,0.0,0.0,500,0.3944700000000001,0,0,1,0
6376,0.0,0.0,0.0,500,0.39437500000000003,0,0,1,0
6377,0.0,0.0,0.0,500,0.3942800000000001,0,0,1,0
6378,0.0,0.0,0.0,500,0.394185,0,0,1,0
6379,0.0,0.0,0.0,500,0.39409000000000005,0,0,1,0
6380,0.0,0.0,0.0,500,0.393995,0,0,1,0
6381,0.0,0.0,0.0,500,0.39390000000000003,0,0,1,0
6382,0.0,0.0,0.0,500,0.39380500000000007,0,0,1,0
6383,0.0,0.0,0.0,500,0.39371,0,0,1,0
6384,0.0,0.0,0.0,500,0.39361500000000005,0,0,1,0
6385,0.0,0.0,0.0,500,0.3935200000000001,0,0,1,0
6386,0.0,0.0,0.0,500,0.393425,0,0,1,0
6387,0.0,0.0,0.0,500,0.39333000000000007,0,0,1,0
6388,0.0,0.0,0.0,500,0.393235,0,0,1,0
6389,0.0,0.0,0.0,500,0.39314000000000004,0,0,1,0
6390,0.0,0.0,0.0,500,0.393045,0,0,1,0
6391,0.0,0.0,0.0,500,0.39295,0,0,1,0
6392,0.0,0.0,0.0,500,0.39285500000000007,0,0,1,0
6393,0.0,0.0,0.0,500,0.39276,0,0,1,0
6394,0.0,0.0,0.0,500,0.39266500000000004,0,0,1,0
6395,0.0,0.0,0.0,500,0.3925700000000001,0,0,1,0
6396,0.0,0.0,0.0,500,0.392475,0,0,1,0
6397,0.0,0.0,0.0,500,0.39238000000000006,0,0,1,0
6398,0.0,0.0,0.0,500,0.392285,0,0,1,0
6399,0.0,0.0,0.0,500,0.39219000000000004,0,0,1,0
6400,0.0,0.0,0.0,500,0.39209499999999997,0,0,1,0
6401,0.0,0.0,0.0,500,0.392,0,0,1,0
6402,0.0,0.0,0.0,500,0.39190500000000006,0,0,1,0
6403,0.0,0.0,0.0,500,0.39181,0,0,1,0
6404,0.0,0.0,0.0,500,0.39171500000000004,0,0,1,0
6405,0.0,0.0,0.0,500,0.3916200000000001,0,0,1,0
6406,0.0,0.0,0.0,500,0.3915250000000001,0,0,1,0
6407,0.0,0.0,0.0,500,0.39143000000000006,0,0,1,0
6408,0.0,0.0,0.0,500,0.391335,0,0,1,0
6409,0.0,0.0,0.0,500,0.39124000000000003,0,0,1,0
6410,0.0,0.0,0.0,500,0.39114499999999996,0,0,1,0
6411,0.0,0.0,0.0,500,0.39105,0,0,1,0
6412,0.0,0.0,0.0,500,0.39095500000000005,0,0,1,0
6413,0.0,0.0,0.0,500,0.39086,0,0,1,0
6414,0.0,0.0,0.0,500,0.39076500000000003,0,0,1,0
6415,0.0,0.0,0.0,500,0.3906700000000001,0,0,1,0
6416,0.0,0.0,0.0,500,0.3905750000000001,0,0,1,0
6417,0.0,0.0,0.0,500,0.39048000000000005,0,0,1,0
6418,0.0,0.0,0.0,500,0.390385,0,0,1,0
6419,0.0,0.0,0.0,500,0.39029,0,0,1,0
6420,0.0,0.0,0.0,500,0.39019499999999996,0,0,1,0
6421,0.0,0.0,0.0,500,0.3901,0,0,1,0
6422,0.0,0.0,0.0,500,0.39000500000000005,0,0,1,0
6423,0.0,0.0,0.0,500,0.3899100000000001,0,0,1,0
6424,0.0,0.0,0.0,500,0.389815,0,0,1,0
6425,0.0,0.0,0.0,500,0.38972000000000007,0,0,1,0
6426,0.0,0.0,0.0,500,0.3896250000000001,0,0,1,0
6427,0.0,0.0,0.0,500,0.38953000000000004,0,0,1,0
6428,0.0,0.0,0.0,500,0.389435,0,0,1,0
6429,0.0,0.0,0.0,500,0.38934,0,0,1,0
6430,0.0,0.0,0.0,500,0.38924499999999995,0,0,1,0
6431,0.0,0.0,0.0,500,0.38915,0,0,1,0
6432,0.0,0.0,0.0,500,0.38905500000000004,0,0,1,0
6433,0.0,0.0,0.0,500,0.3889600000000001,0,0,1,0
6434,0.0,0.0,0.0,500,0.388865,0,0,1,0
6435,0.0,0.0,0.0,500,0.38877000000000006,0,0,1,0
6436,0.0,0.0,0.0,500,0.3886750000000001,0,0,1,0
6437,0.0,0.0,0.0,500,0.38858000000000004,0,0,1,0
6438,0.0,0.0,0.0,500,0.38848499999999997,0,0,1,0
6439,0.0,0.0,0.0,500,0.38839,0,0,1,0
6440,0.0,0.0,0.0,500,0.38829500000000006,0,0,1,0
6441,0.0,0.0,0.0,500,0.3882,0,0,1,0
6442,0.0,0.0,0.0,500,0.38810500000000003,0,0,1,0
6443,0.0,0.0,0.0,500,0.3880100000000001,0,0,1,0
6444,0.0,0.0,0.0,500,0.387915,0,0,1,0
6445,0.0,0.0,0.0,500,0.38782000000000005,0,0,1,0
6446,0.0,0.0,0.0,500,0.3877250000000001,0,0,1,0
6447,0.0,0.0,0.0,500,0.38763000000000003,0,0,1,0
6448,0.0,0.0,0.0,500,0.38753499999999996,0,0,1,0
6449,0.0,0.0,0.0,500,0.38744,0,0,1,0
6450,0.0,0.0,0.0,500,0.38734500000000005,0,0,1,0
6451,0.0,0.0,0.0,500,0.38725,0,0,1,0
6452,0.0,0.0,0.0,500,0.387155,0,0,1,0
6453,0.0,0.0,0.0,500,0.38706000000000007,0,0,1,0
6454,0.0,0.0,0.0,500,0.386965,0,0,1,0
6455,0.0,0.0,0.0,500,0.38687000000000005,0,0,1,0
6456,0.0,0.0,0.0,500,0.3867750000000001,0,0,1,0
6457,0.0,0.0,0.0,500,0.38668,0,0,1,0
6458,0.0,0.0,0.0,500,0.38658499999999996,0,0,1,0
6459,0.0,0.0,0.0,500,0.38649,0,0,1,0
6460,0.0,0.0,0.0,500,0.38639500000000004,0,0,1,0
6461,0.0,0.0,0.0,500,0.3863,0,0,1,0
6462,0.0,0.0,0.0,500,0.386205,0,0,1,0
6463,0.0,0.0,0.0,500,0.38611000000000006,0,0,1,0
6464,0.0,0.0,0.0,500,0.386015,0,0,1,0
6465,0.0,0.0,0.0,500,0.38592000000000004,0,0,1,0
6466,0.0,0.0,0.0,500,0.3858250000000001,0,0,1,0
6467,0.0,0.0,0.0,500,0.38573000000000013,0,0,1,0
6468,0.0,0.0,0.0,500,0.38563499999999995,0,0,1,0
6469,0.0,0.0,0.0,500,0.38554,0,0,1,0
6470,0.0,0.0,0.0,500,0.38544500000000004,0,0,1,0
6471,0.0,0.0,0.0,500,0.38534999999999997,0,0,1,0
6472,0.0,0.0,0.0,500,0.385255,0,0,1,0
6473,0.0,0.0,0.0,500,0.38516000000000006,0,0,1,0
6474,0.0,0.0,0.0,500,0.385065,0,0,1,0
6475,0.0,0.0,0.0,500,0.38497000000000003,0,0,1,0
6476,0.0,0.0,0.0,500,0.3848750000000001,0,0,1,0
6477,0.0,0.0,0.0,500,0.3847800000000001,0,0,1,0
6478,0.0,0.0,0.0,500,0.38468499999999994,0,0,1,0
6479,0.0,0.0,0.0,500,0.38459,0,0,1,0
6480,0.0,0.0,0.0,500,0.38449500000000003,0,0,1,0
6481,0.0,0.0,0.0,500,0.38439999999999996,0,0,1,0
6482,0.0,0.0,0.0,500,0.384305,0,0,1,0
6483,0.0,0.0,0.0,500,0.38421000000000005,0,0,1,0
6484,0.0,0.0,0.0,500,0.3841150000000001,0,0,1,0
6485,0.0,0.0,0.0,500,0.38402000000000003,0,0,1,0
6486,0.0,0.0,0.0,500,0.38392500000000007,0,0,1,0
6487,0.0,0.0,0.0,500,0.3838300000000001,0,0,1,0
6488,0.0,0.0,0.0,500,0.38373499999999994,0,0,1,0
6489,0.0,0.0,0.0,500,0.38364,0,0,1,0
6490,0.0,0.0,0.0,500,0.383545,0,0,1,0
6491,0.0,0.0,0.0,500,0.38344999999999996,0,0,1,0
6492,0.0,0.0,0.0,500,0.383355,0,0,1,0
6493,0.0,0.0,0.0,500,0.38326000000000005,0,0,1,0
6494,0.0,0.0,0.0,500,0.3831650000000001,0,0,1,0
6495,0.0,0.0,0.0,500,0.38307,0,0,1,0
6496,0.0,0.0,0.0,500,0.38297500000000007,0,0,1,0
6497,0.0,0.0,0.0,500,0.3828800000000001,0,0,1,0
6498,0.0,0.0,0.0,500,0.38278499999999993,0,0,1,0
6499,0.0,0.0,0.0,500,0.38269,0,0,1,0
6500,0.0,0.0,0.0,500,0.382595,0,0,1,0
6501,0.0,0.0,0.0,500,0.38250000000000006,0,0,1,0
6502,0.0,0.0,0.0,500,0.382405,0,0,1,0
6503,0.0,0.0,0.0,500,0.38231000000000004,0,0,1,0
6504,0.0,0.0,0.0,500,0.3822150000000001,0,0,1,0
6505,0.0,0.0,0.0,500,0.38212,0,0,1,0
6506,0.0,0.0,0.0,500,0.38202500000000006,0,0,1,0
6507,0.0,0.0,0.0,500,0.3819300000000001,0,0,1,0
6508,0.0,0.0,0.0,500,0.38183500000000004,0,0,1,0
6509,0.0,0.0,0.0,500,0.38173999999999997,0,0,1,0
6510,0.0,0.0,0.0,500,0.381645,0,0,1,0
6511,0.0,0.0,0.0,500,0.38155000000000006,0,0,1,0
6512,0.0,0.0,0.0,500,0.381455,0,0,1,0
6513,0.0,0.0,0.0,500,0.38136000000000003,0,0,1,0
6514,0.0,0.0,0.0,500,0.3812650000000001,0,0,1,0
6515,0.0,0.0,0.0,500,0.38117,0,0,1,0
6516,0.0,0.0,0.0,500,0.38107500000000005,0,0,1,0
6517,0.0,0.0,0.0,500,0.3809800000000001,0,0,1,0
6518,0.0,0.0,0.0,500,0.38088500000000003,0,0,1,0
6519,0.0,0.0,0.0,500,0.38078999999999996,0,0,1,0
6520,0.0,0.0,0.0,500,0.380695,0,0,1,0
6521,0.0,0.0,0.0,500,0.38060000000000005,0,0,1,0
6522,0.0,0.0,0.0,500,0.380505,0,0,1,0
6523,0.0,0.0,0.0,500,0.38041,0,0,1,0
6524,0.0,0.0,0.0,500,0.38031500000000007,0,0,1,0
6525,0.0,0.0,0.0,500,0.38022,0,0,1,0
6526,0.0,0.0,0.0,500,0.38012500000000005,0,0,1,0
6527,0.0,0.0,0.0,500,0.3800300000000001,0,0,1,0
6528,0.0,0.0,0.0,500,0.37993500000000013,0,0,1,0
6529,0.0,0.0,0.0,500,0.37983999999999996,0,0,1,0
6530,0.0,0.0,0.0,500,0.379745,0,0,1,0
6531,0.0,0.0,0.0,500,0.37965000000000004,0,0,1,0
6532,0.0,0.0,0.0,500,0.379555,0,0,1,0
6533,0.0,0.0,0.0,500,0.37946,0,0,1,0
6534,0.0,0.0,0.0,500,0.37936500000000006,0,0,1,0
6535,0.0,0.0,0.0,500,0.37927,0,0,1,0
6536,0.0,0.0,0.0,500,0.37917500000000004,0,0,1,0
6537,0.0,0.0,0.0,500,0.3790800000000001,0,0,1,0
6538,0.0,0.0,0.0,500,0.3789850000000001,0,0,1,0
6539,0.0,0.0,0.0,500,0.37888999999999995,0,0,1,0
6540,0.0,0.0,0.0,500,0.378795,0,0,1,0
6541,0.0,0.0,0.0,500,0.37870000000000004,0,0,1,0
6542,0.0,0.0,0.0,500,0.37860499999999997,0,0,1,0
6543,0.0,0.0,0.0,500,0.37851,0,0,1,0
6544,0.0,0.0,0.0,500,0.37841500000000006,0,0,1,0
6545,0.0,0.0,0.0,500,0.3783200000000001,0,0,1,0
6546,0.0,0.0,0.0,500,0.37822500000000003,0,0,1,0
6547,0.0,0.0,0.0,500,0.3781300000000001,0,0,1,0
6548,0.0,0.0,0.0,500,0.3780350000000001,0,0,1,0
6549,0.0,0.0,0.0,500,0.37793999999999994,0,0,1,0
6550,0.0,0.0,0.0,500,0.377845,0,0,1,0
6551,0.0,0.0,0.0,500,0.37775000000000003,0,0,1,0
6552,0.0,0.0,0.0,500,0.37765499999999996,0,0,1,0
6553,0.0,0.0,0.0,500,0.37756,0,0,1,0
6554,0.0,0.0,0.0,500,0.37746500000000005,0,0,1,0
6555,0.0,0.0,0.0,500,0.3773700000000001,0,0,1,0
6556,0.0,0.0,0.0,500,0.377275,0,0,1,0
6557,0.0,0.0,0.0,500,0.37718000000000007,0,0,1,0
6558,0.0,0.0,0.0,500,0.3770850000000001,0,0,1,0
6559,0.0,0.0,0.0,500,0.37698999999999994,0,0,1,0
6560,0.0,0.0,0.0,500,0.376895,0,0,1,0
6561,0.0,0.0,0.0,500,0.3768,0,0,1,0
6562,0.0,0.0,0.0,500,0.37670500000000007,0,0,1,0
6563,0.0,0.0,0.0,500,0.37661,0,0,1,0
6564,0.0,0.0,0.0,500,0.37651500000000004,0,0,1,0
6565,0.0,0.0,0.0,500,0.3764200000000001,0,0,1,0
6566,0.0,0.0,0.0,500,0.376325,0,0,1,0
6567,0.0,0.0,0.0,500,0.37623000000000006,0,0,1,0
6568,0.0,0.0,0.0,500,0.3761350000000001,0,0,1,0
6569,0.0,0.0,0.0,500,0.37603999999999993,0,0,1,0
6570,0.0,0.0,0.0,500,0.375945,0,0,1,0
6571,0.0,0.0,0.0,500,0.37585,0,0,1,0
6572,0.0,0.0,0.0,500,0.37575500000000006,0,0,1,0
6573,0.0,0.0,0.0,500,0.37566,0,0,1,0
6574,0.0,0.0,0.0,500,0.37556500000000004,0,0,1,0
6575,0.0,0.0,0.0,500,0.3754700000000001,0,0,1,0
6576,0.0,0.0,0.0,500,0.375375,0,0,1,0
6577,0.0,0.0,0.0,500,0.37528000000000006,0,0,1,0
6578,0.0,0.0,0.0,500,0.3751850000000001,0,0,1,0
6579,0.0,0.0,0.0,500,0.37509000000000003,0,0,1,0
6580,0.0,0.0,0.0,500,0.37499499999999997,0,0,1,0
6581,0.0,0.0,0.0,500,0.3749,0,0,1,0
6582,0.0,0.0,0.0,500,0.37480500000000005,0,0,1,0
6583,0.0,0.0,0.0,500,0.37471,0,0,1,0
6584,0.0,0.0,0.0,500,0.37461500000000003,0,0,1,0
6585,0.0,0.0,0.0,500,0.3745200000000001,0,0,1,0
6586,0.0,0.0,0.0,500,0.374425,0,0,1,0
6587,0.0,0.0,0.0,500,0.37433000000000005,0,0,1,0
6588,0.0,0.0,0.0,500,0.3742350000000001,0,0,1,0
6589,0.0,0.0,0.0,500,0.37414000000000003,0,0,1,0
6590,0.0,0.0,0.0,500,0.37404499999999996,0,0,1,0
6591,0.0,0.0,0.0,500,0.37395,0,0,1,0
6592,0.0,0.0,0.0,500,0.37385500000000005,0,0,1,0
6593,0.0,0.0,0.0,500,0.37376,0,0,1,0
6594,0.0,0.0,0.0,500,0.373665,0,0,1,0
6595,0.0,0.0,0.0,500,0.37357000000000007,0,0,1,0
6596,0.0,0.0,0.0,500,0.373475,0,0,1,0
6597,0.0,0.0,0.0,500,0.37338000000000005,0,0,1,0
6598,0.0,0.0,0.0,500,0.3732850000000001,0,0,1,0
6599,0.0,0.0,0.0,500,0.37319,0,0,1,0
6600,0.0,0.0,0.0,500,0.37309499999999995,0,0,1,0
6601,0.0,0.0,0.0,500,0.373,0,0,1,0
6602,0.0,0.0,0.0,500,0.37290500000000004,0,0,1,0
6603,0.0,0.0,0.0,500,0.37281,0,0,1,0
6604,0.0,0.0,0.0,500,0.372715,0,0,1,0
6605,0.0,0.0,0.0,500,0.37262000000000006,0,0,1,0
6606,0.0,0.0,0.0,500,0.3725250000000001,0,0,1,0
6607,0.0,0.0,0.0,500,0.37243000000000004,0,0,1,0
6608,0.0,0.0,0.0,500,0.3723350000000001,0,0,1,0
6609,0.0,0.0,0.0,500,0.37224,0,0,1,0
6610,0.0,0.0,0.0,500,0.37214499999999995,0,0,1,0
6611,0.0,0.0,0.0,500,0.37205,0,0,1,0
6612,0.0,0.0,0.0,500,0.37195500000000004,0,0,1,0
6613,0.0,0.0,0.0,500,0.37185999999999997,0,0,1,0
6614,0.0,0.0,0.0,500,0.371765,0,0,1,0
6615,0.0,0.0,0.0,500,0.37167000000000006,0,0,1,0
6616,0.0,0.0,0.0,500,0.3715750000000001,0,0,1,0
6617,0.0,0.0,0.0,500,0.37148000000000003,0,0,1,0
6618,0.0,0.0,0.0,500,0.3713850000000001,0,0,1,0
6619,0.0,0.0,0.0,500,0.37129,0,0,1,0
6620,0.0,0.0,0.0,500,0.37119499999999994,0,0,1,0
6621,0.0,0.0,0.0,500,0.3711,0,0,1,0
6622,0.0,0.0,0.0,500,0.37100500000000003,0,0,1,0
6623,0.0,0.0,0.0,500,0.3709100000000001,0,0,1,0
6624,0.0,0.0,0.0,500,0.370815,0,0,1,0
6625,0.0,0.0,0.0,500,0.37072000000000005,0,0,1,0
6626,0.0,0.0,0.0,500,0.3706250000000001,0,0,1,0
6627,0.0,0.0,0.0,500,0.37053,0,0,1,0
6628,0.0,0.0,0.0,500,0.37043500000000007,0,0,1,0
6629,0.0,0.0,0.0,500,0.3703400000000001,0,0,1,0
6630,0.0,0.0,0.0,500,0.37024499999999994,0,0,1,0
6631,0.0,0.0,0.0,500,0.37015,0,0,1,0
6632,0.0,0.0,0.0,500,0.370055,0,0,1,0
6633,0.0,0.0,0.0,500,0.36996000000000007,0,0,1,0
6634,0.0,0.0,0.0,500,0.369865,0,0,1,0
6635,0.0,0.0,0.0,500,0.36977000000000004,0,0,1,0
6636,0.0,0.0,0.0,500,0.3696750000000001,0,0,1,0
6637,0.0,0.0,0.0,500,0.36958,0,0,1,0
6638,0.0,0.0,0.0,500,0.36948500000000006,0,0,1,0
6639,0.0,0.0,0.0,500,0.3693900000000001,0,0,1,0
6640,0.0,0.0,0.0,500,0.36929500000000004,0,0,1,0
6641,0.0,0.0,0.0,500,0.3692,0,0,1,0
6642,0.0,0.0,0.0,500,0.369105,0,0,1,0
6643,0.0,0.0,0.0,500,0.36901000000000006,0,0,1,0
6644,0.0,0.0,0.0,500,0.368915,0,0,1,0
6645,0.0,0.0,0.0,500,0.36882000000000004,0,0,1,0
6646,0.0,0.0,0.0,500,0.3687250000000001,0,0,1,0
6647,0.0,0.0,0.0,500,0.36863,0,0,1,0
6648,0.0,0.0,0.0,500,0.36853500000000006,0,0,1,0
6649,0.0,0.0,0.0,500,0.3684400000000001,0,0,1,0
6650,0.0,0.0,0.0,500,0.36834500000000003,0,0,1,0
6651,0.0,0.0,0.0,500,0.36824999999999997,0,0,1,0
6652,0.0,0.0,0.0,500,0.368155,0,0,1,0
6653,0.0,0.0,0.0,500,0.36806000000000005,0,0,1,0
6654,0.0,0.0,0.0,500,0.367965,0,0,1,0
6655,0.0,0.0,0.0,500,0.36787000000000003,0,0,1,0
6656,0.0,0.0,0.0,500,0.3677750000000001,0,0,1,0
6657,0.0,0.0,0.0,500,0.36768,0,0,1,0
6658,0.0,0.0,0.0,500,0.36758500000000005,0,0,1,0
6659,0.0,0.0,0.0,500,0.3674900000000001,0,0,1,0
6660,0.0,0.0,0.0,500,0.367395,0,0,1,0
6661,0.0,0.0,0.0,500,0.36729999999999996,0,0,1,0
6662,0.0,0.0,0.0,500,0.367205,0,0,1,0
6663,0.0,0.0,0.0,500,0.36711000000000005,0,0,1,0
6664,0.0,0.0,0.0,500,0.367015,0,0,1,0
6665,0.0,0.0,0.0,500,0.36692,0,0,1,0
6666,0.0,0.0,0.0,500,0.36682500000000007,0,0,1,0
6667,0.0,0.0,0.0,500,0.3667300000000001,0,0,1,0
6668,0.0,0.0,0.0,500,0.36663500000000004,0,0,1,0
6669,0.0,0.0,0.0,500,0.3665400000000001,0,0,1,0
6670,0.0,0.0,0.0,500,0.366445,0,0,1,0
6671,0.0,0.0,0.0,500,0.36634999999999995,0,0,1,0
6672,0.0,0.0,0.0,500,0.366255,0,0,1,0
6673,0.0,0.0,0.0,500,0.36616000000000004,0,0,1,0
6674,0.0,0.0,0.0,500,0.366065,0,0,1,0
6675,0.0,0.0,0.0,500,0.36597,0,0,1,0
6676,0.0,0.0,0.0,500,0.36587500000000006,0,0,1,0
6677,0.0,0.0,0.0,500,0.3657800000000001,0,0,1,0
6678,0.0,0.0,0.0,500,0.36568500000000004,0,0,1,0
6679,0.0,0.0,0.0,500,0.3655900000000001,0,0,1,0
6680,0.0,0.0,0.0,500,0.365495,0,0,1,0
6681,0.0,0.0,0.0,500,0.36539999999999995,0,0,1,0
6682,0.0,0.0,0.0,500,0.365305,0,0,1,0
6683,0.0,0.0,0.0,500,0.36521000000000003,0,0,1,0
6684,0.0,0.0,0.0,500,0.3651150000000001,0,0,1,0
6685,0.0,0.0,0.0,500,0.36502,0,0,1,0
6686,0.0,0.0,0.0,500,0.36492500000000005,0,0,1,0
6687,0.0,0.0,0.0,500,0.3648300000000001,0,0,1,0
6688,0.0,0.0,0.0,500,0.36473500000000003,0,0,1,0
6689,0.0,0.0,0.0,500,0.3646400000000001,0,0,1,0
6690,0.0,0.0,0.0,500,0.364545,0,0,1,0
6691,0.0,0.0,0.0,500,0.36444999999999994,0,0,1,0
6692,0.0,0.0,0.0,500,0.364355,0,0,1,0
6693,0.0,0.0,0.0,500,0.36426000000000003,0,0,1,0
6694,0.0,0.0,0.0,500,0.36416500000000007,0,0,1,0
6695,0.0,0.0,0.0,500,0.36407,0,0,1,0
6696,0.0,0.0,0.0,500,0.36397500000000005,0,0,1,0
6697,0.0,0.0,0.0,500,0.3638800000000001,0,0,1,0
6698,0.0,0.0,0.0,500,0.363785,0,0,1,0
6699,0.0,0.0,0.0,500,0.36369000000000007,0,0,1,0
6700,0.0,0.0,0.0,500,0.363595,0,0,1,0
6701,0.0,0.0,0.0,500,0.36350000000000005,0,0,1,0
6702,0.0,0.0,0.0,500,0.363405,0,0,1,0
6703,0.0,0.0,0.0,500,0.36331,0,0,1,0
6704,0.0,0.0,0.0,500,0.36321500000000007,0,0,1,0
6705,0.0,0.0,0.0,500,0.36312,0,0,1,0
6706,0.0,0.0,0.0,500,0.36302500000000004,0,0,1,0
6707,0.0,0.0,0.0,500,0.3629300000000001,0,0,1,0
6708,0.0,0.0,0.0,500,0.362835,0,0,1,0
6709,0.0,0.0,0.0,500,0.36274000000000006,0,0,1,0
6710,0.0,0.0,0.0,500,0.362645,0,0,1,0
6711,0.0,0.0,0.0,500,0.36255000000000004,0,0,1,0
6712,0.0,0.0,0.0,500,0.36245499999999997,0,0,1,0
6713,0.0,0.0,0.0,500,0.36236,0,0,1,0
6714,0.0,0.0,0.0,500,0.36226500000000006,0,0,1,0
6715,0.0,0.0,0.0,500,0.36217,0,0,1,0
6716,0.0,0.0,0.0,500,0.36207500000000004,0,0,1,0
6717,0.0,0.0,0.0,500,0.3619800000000001,0,0,1,0
6718,0.0,0.0,0.0,500,0.361885,0,0,1,0
6719,0.0,0.0,0.0,500,0.36179000000000006,0,0,1,0
6720,0.0,0.0,0.0,500,0.361695,0,0,1,0
6721,0.0,0.0,0.0,500,0.36160000000000003,0,0,1,0
6722,0.0,0.0,0.0,500,0.36150499999999997,0,0,1,0
6723,0.0,0.0,0.0,500,0.36141,0,0,1,0
6724,0.0,0.0,0.0,500,0.36131500000000005,0,0,1,0
6725,0.0,0.0,0.0,500,0.36122,0,0,1,0
6726,0.0,0.0,0.0,500,0.36112500000000003,0,0,1,0
6727,0.0,0.0,0.0,500,0.3610300000000001,0,0,1,0
6728,0.0,0.0,0.0,500,0.3609350000000001,0,0,1,0
6729,0.0,0.0,0.0,500,0.36084000000000005,0,0,1,0
6730,0.0,0.0,0.0,500,0.360745,0,0,1,0
6731,0.0,0.0,0.0,500,0.36065,0,0,1,0
6732,0.0,0.0,0.0,500,0.36055499999999996,0,0,1,0
6733,0.0,0.0,0.0,500,0.36046,0,0,1,0
6734,0.0,0.0,0.0,500,0.36036500000000005,0,0,1,0
6735,0.0,0.0,0.0,500,0.36027,0,0,1,0
6736,0.0,0.0,0.0,500,0.360175,0,0,1,0
6737,0.0,0.0,0.0,500,0.36008000000000007,0,0,1,0
6738,0.0,0.0,0.0,500,0.3599850000000001,0,0,1,0
6739,0.0,0.0,0.0,500,0.35989000000000004,0,0,1,0
6740,0.0,0.0,0.0,500,0.359795,0,0,1,0
6741,0.0,0.0,0.0,500,0.3597,0,0,1,0
6742,0.0,0.0,0.0,500,0.35960499999999995,0,0,1,0
6743,0.0,0.0,0.0,500,0.35951,0,0,1,0
6744,0.0,0.0,0.0,500,0.35941500000000004,0,0,1,0
6745,0.0,0.0,0.0,500,0.3593200000000001,0,0,1,0
6746,0.0,0.0,0.0,500,0.359225,0,0,1,0
6747,0.0,0.0,0.0,500,0.35913000000000006,0,0,1,0
6748,0.0,0.0,0.0,500,0.3590350000000001,0,0,1,0
6749,0.0,0.0,0.0,500,0.35894000000000004,0,0,1,0
6750,0.0,0.0,0.0,500,0.35884499999999997,0,0,1,0
6751,0.0,0.0,0.0,500,0.35875,0,0,1,0
6752,0.0,0.0,0.0,500,0.35865499999999995,0,0,1,0
6753,0.0,0.0,0.0,500,0.35856,0,0,1,0
6754,0.0,0.0,0.0,500,0.35846500000000003,0,0,1,0
6755,0.0,0.0,0.0,500,0.3583700000000001,0,0,1,0
6756,0.0,0.0,0.0,500,0.358275,0,0,1,0
6757,0.0,0.0,0.0,500,0.35818000000000005,0,0,1,0
6758,0.0,0.0,0.0,500,0.3580850000000001,0,0,1,0
6759,0.0,0.0,0.0,500,0.35799000000000003,0,0,1,0
6760,0.0,0.0,0.0,500,0.3578950000000001,0,0,1,0
6761,0.0,0.0,0.0,500,0.3578,0,0,1,0
6762,0.0,0.0,0.0,500,0.35770500000000005,0,0,1,0
6763,0.0,0.0,0.0,500,0.35761,0,0,1,0
6764,0.0,0.0,0.0,500,0.357515,0,0,1,0
6765,0.0,0.0,0.0,500,0.35742000000000007,0,0,1,0
6766,0.0,0.0,0.0,500,0.357325,0,0,1,0
6767,0.0,0.0,0.0,500,0.35723000000000005,0,0,1,0
6768,0.0,0.0,0.0,500,0.3571350000000001,0,0,1,0
6769,0.0,0.0,0.0,500,0.35704,0,0,1,0
6770,0.0,0.0,0.0,500,0.35694500000000007,0,0,1,0
6771,0.0,0.0,0.0,500,0.35685,0,0,1,0
6772,0.0,0.0,0.0,500,0.35675500000000004,0,0,1,0
6773,0.0,0.0,0.0,500,0.35666,0,0,1,0
6774,0.0,0.0,0.0,500,0.356565,0,0,1,0
6775,0.0,0.0,0.0,500,0.35647000000000006,0,0,1,0
6776,0.0,0.0,0.0,500,0.356375,0,0,1,0
6777,0.0,0.0,0.0,500,0.35628000000000004,0,0,1,0
6778,0.0,0.0,0.0,500,0.3561850000000001,0,0,1,0
6779,0.0,0.0,0.0,500,0.35609,0,0,1,0
6780,0.0,0.0,0.0,500,0.35599500000000006,0,0,1,0
6781,0.0,0.0,0.0,500,0.3559,0,0,1,0
6782,0.0,0.0,0.0,500,0.35580500000000004,0,0,1,0
6783,0.0,0.0,0.0,500,0.35570999999999997,0,0,1,0
6784,0.0,0.0,0.0,500,0.355615,0,0,1,0
6785,0.0,0.0,0.0,500,0.35552000000000006,0,0,1,0
6786,0.0,0.0,0.0,500,0.355425,0,0,1,0
6787,0.0,0.0,0.0,500,0.35533000000000003,0,0,1,0
6788,0.0,0.0,0.0,500,0.3552350000000001,0,0,1,0
6789,0.0,0.0,0.0,500,0.3551400000000001,0,0,1,0
6790,0.0,0.0,0.0,500,0.35504500000000005,0,0,1,0
6791,0.0,0.0,0.0,500,0.35495,0,0,1,0
6792,0.0,0.0,0.0,500,0.35485500000000003,0,0,1,0
6793,0.0,0.0,0.0,500,0.35475999999999996,0,0,1,0
6794,0.0,0.0,0.0,500,0.354665,0,0,1,0
6795,0.0,0.0,0.0,500,0.35457000000000005,0,0,1,0
6796,0.0,0.0,0.0,500,0.354475,0,0,1,0
6797,0.0,0.0,0.0,500,0.35438000000000003,0,0,1,0
6798,0.0,0.0,0.0,500,0.35428500000000007,0,0,1,0
6799,0.0,0.0,0.0,500,0.3541900000000001,0,0,1,0
6800,0.0,0.0,0.0,500,0.35409500000000005,0,0,1,0
6801,0.0,0.0,0.0,500,0.354,0,0,1,0
6802,0.0,0.0,0.0,500,0.353905,0,0,1,0
6803,0.0,0.0,0.0,500,0.35380999999999996,0,0,1,0
6804,0.0,0.0,0.0,500,0.353715,0,0,1,0
6805,0.0,0.0,0.0,500,0.35362000000000005,0,0,1,0
6806,0.0,0.0,0.0,500,0.3535250000000001,0,0,1,0
6807,0.0,0.0,0.0,500,0.35343,0,0,1,0
6808,0.0,0.0,0.0,500,0.35333500000000007,0,0,1,0
6809,0.0,0.0,0.0,500,0.3532400000000001,0,0,1,0
6810,0.0,0.0,0.0,500,0.35314500000000004,0,0,1,0
6811,0.0,0.0,0.0,500,0.35305,0,0,1,0
6812,0.0,0.0,0.0,500,0.352955,0,0,1,0
6813,0.0,0.0,0.0,500,0.35285999999999995,0,0,1,0
6814,0.0,0.0,0.0,500,0.352765,0,0,1,0
6815,0.0,0.0,0.0,500,0.35267000000000004,0,0,1,0
6816,0.0,0.0,0.0,500,0.3525750000000001,0,0,1,0
6817,0.0,0.0,0.0,500,0.35248,0,0,1,0
6818,0.0,0.0,0.0,500,0.35238500000000006,0,0,1,0
6819,0.0,0.0,0.0,500,0.3522900000000001,0,0,1,0
6820,0.0,0.0,0.0,500,0.35219500000000004,0,0,1,0
6821,0.0,0.0,0.0,500,0.35209999999999997,0,0,1,0
6822,0.0,0.0,0.0,500,0.352005,0,0,1,0
6823,0.0,0.0,0.0,500,0.35191000000000006,0,0,1,0
6824,0.0,0.0,0.0,500,0.351815,0,0,1,0
6825,0.0,0.0,0.0,500,0.35172000000000003,0,0,1,0
6826,0.0,0.0,0.0,500,0.3516250000000001,0,0,1,0
6827,0.0,0.0,0.0,500,0.35153,0,0,1,0
6828,0.0,0.0,0.0,500,0.35143500000000005,0,0,1,0
6829,0.0,0.0,0.0,500,0.3513400000000001,0,0,1,0
6830,0.0,0.0,0.0,500,0.35124500000000003,0,0,1,0
6831,0.0,0.0,0.0,500,0.35114999999999996,0,0,1,0
6832,0.0,0.0,0.0,500,0.351055,0,0,1,0
6833,0.0,0.0,0.0,500,0.35096000000000005,0,0,1,0
6834,0.0,0.0,0.0,500,0.350865,0,0,1,0
6835,0.0,0.0,0.0,500,0.35077,0,0,1,0
6836,0.0,0.0,0.0,500,0.35067500000000007,0,0,1,0
6837,0.0,0.0,0.0,500,0.35058,0,0,1,0
6838,0.0,0.0,0.0,500,0.35048500000000005,0,0,1,0
6839,0.0,0.0,0.0,500,0.3503900000000001,0,0,1,0
6840,0.0,0.0,0.0,500,0.350295,0,0,1,0
6841,0.0,0.0,0.0,500,0.35019999999999996,0,0,1,0
6842,0.0,0.0,0.0,500,0.350105,0,0,1,0
6843,0.0,0.0,0.0,500,0.35001000000000004,0,0,1,0
6844,0.0,0.0,0.0,500,0.349915,0,0,1,0
6845,0.0,0.0,0.0,500,0.34982,0,0,1,0
6846,0.0,0.0,0.0,500,0.34972500000000006,0,0,1,0
6847,0.0,0.0,0.0,500,0.34963,0,0,1,0
6848,0.0,0.0,0.0,500,0.34953500000000004,0,0,1,0
6849,0.0,0.0,0.0,500,0.3494400000000001,0,0,1,0
6850,0.0,0.0,0.0,500,0.3493450000000001,0,0,1,0
6851,0.0,0.0,0.0,500,0.34924999999999995,0,0,1,0
6852,0.0,0.0,0.0,500,0.349155,0,0,1,0
6853,0.0,0.0,0.0,500,0.34906000000000004,0,0,1,0
6854,0.0,0.0,0.0,500,0.34896499999999997,0,0,1,0
6855,0.0,0.0,0.0,500,0.34887,0,0,1,0
6856,0.0,0.0,0.0,500,0.34877500000000006,0,0,1,0
6857,0.0,0.0,0.0,500,0.34868,0,0,1,0
6858,0.0,0.0,0.0,500,0.34858500000000003,0,0,1,0
6859,0.0,0.0,0.0,500,0.3484900000000001,0,0,1,0
6860,0.0,0.0,0.0,500,0.3483950000000001,0,0,1,0
6861,0.0,0.0,0.0,500,0.34829999999999994,0,0,1,0
6862,0.0,0.0,0.0,500,0.348205,0,0,1,0
6863,0.0,0.0,0.0,500,0.34811000000000003,0,0,1,0
6864,0.0,0.0,0.0,500,0.34801499999999996,0,0,1,0
6865,0.0,0.0,0.0,500,0.34792,0,0,1,0
6866,0.0,0.0,0.0,500,0.34782500000000005,0,0,1,0
6867,0.0,0.0,0.0,500,0.3477300000000001,0,0,1,0
6868,0.0,0.0,0.0,500,0.347635,0,0,1,0
6869,0.0,0.0,0.0,500,0.34754000000000007,0,0,1,0
6870,0.0,0.0,0.0,500,0.3474450000000001,0,0,1,0
6871,0.0,0.0,0.0,500,0.34734999999999994,0,0,1,0
6872,0.0,0.0,0.0,500,0.347255,0,0,1,0
6873,0.0,0.0,0.0,500,0.34716,0,0,1,0
6874,0.0,0.0,0.0,500,0.34706499999999996,0,0,1,0
6875,0.0,0.0,0.0,500,0.34697,0,0,1,0
6876,0.0,0.0,0.0,500,0.34687500000000004,0,0,1,0
6877,0.0,0.0,0.0,500,0.3467800000000001,0,0,1,0
6878,0.0,0.0,0.0,500,0.346685,0,0,1,0
6879,0.0,0.0,0.0,500,0.34659000000000006,0,0,1,0
6880,0.0,0.0,0.0,500,0.3464950000000001,0,0,1,0
6881,0.0,0.0,0.0,500,0.34640000000000004,0,0,1,0
6882,0.0,0.0,0.0,500,0.346305,0,0,1,0
6883,0.0,0.0,0.0,500,0.34621,0,0,1,0
6884,0.0,0.0,0.0,500,0.34611500000000006,0,0,1,0
6885,0.0,0.0,0.0,500,0.34602,0,0,1,0
6886,0.0,0.0,0.0,500,0.34592500000000004,0,0,1,0
6887,0.0,0.0,0.0,500,0.3458300000000001,0,0,1,0
6888,0.0,0.0,0.0,500,0.345735,0,0,1,0
6889,0.0,0.0,0.0,500,0.34564000000000006,0,0,1,0
6890,0.0,0.0,0.0,500,0.3455450000000001,0,0,1,0
6891,0.0,0.0,0.0,500,0.34545000000000003,0,0,1,0
6892,0.0,0.0,0.0,500,0.34535499999999997,0,0,1,0
6893,0.0,0.0,0.0,500,0.34526,0,0,1,0
6894,0.0,0.0,0.0,500,0.34516500000000006,0,0,1,0
6895,0.0,0.0,0.0,500,0.34507,0,0,1,0
6896,0.0,0.0,0.0,500,0.34497500000000003,0,0,1,0
6897,0.0,0.0,0.0,500,0.3448800000000001,0,0,1,0
6898,0.0,0.0,0.0,500,0.344785,0,0,1,0
6899,0.0,0.0,0.0,500,0.34469000000000005,0,0,1,0
6900,0.0,0.0,0.0,500,0.3445950000000001,0,0,1,0
6901,0.0,0.0,0.0,500,0.34450000000000003,0,0,1,0
6902,0.0,0.0,0.0,500,0.34440499999999996,0,0,1,0
6903,0.0,0.0,0.0,500,0.34431,0,0,1,0
6904,0.0,0.0,0.0,500,0.34421500000000005,0,0,1,0
6905,0.0,0.0,0.0,500,0.34412,0,0,1,0
6906,0.0,0.0,0.0,500,0.344025,0,0,1,0
6907,0.0,0.0,0.0,500,0.34393000000000007,0,0,1,0
6908,0.0,0.0,0.0,500,0.343835,0,0,1,0
6909,0.0,0.0,0.0,500,0.34374000000000005,0,0,1,0
6910,0.0,0.0,0.0,500,0.3436450000000001,0,0,1,0
6911,0.0,0.0,0.0,500,0.34355000000000013,0,0,1,0
6912,0.0,0.0,0.0,500,0.34345499999999995,0,0,1,0
6913,0.0,0.0,0.0,500,0.34336,0,0,1,0
6914,0.0,0.0,0.0,500,0.34326500000000004,0,0,1,0
6915,0.0,0.0,0.0,500,0.34317,0,0,1,0
6916,0.0,0.0,0.0,500,0.343075,0,0,1,0
6917,0.0,0.0,0.0,500,0.34298000000000006,0,0,1,0
6918,0.0,0.0,0.0,500,0.342885,0,0,1,0
6919,0.0,0.0,0.0,500,0.34279000000000004,0,0,1,0
6920,0.0,0.0,0.0,500,0.3426950000000001,0,0,1,0
6921,0.0,0.0,0.0,500,0.3426000000000001,0,0,1,0
6922,0.0,0.0,0.0,500,0.34250499999999995,0,0,1,0
6923,0.0,0.0,0.0,500,0.34241,0,0,1,0
6924,0.0,0.0,0.0,500,0.34231500000000004,0,0,1,0
6925,0.0,0.0,0.0,500,0.34221999999999997,0,0,1,0
6926,0.0,0.0,0.0,500,0.342125,0,0,1,0
6927,0.0,0.0,0.0,500,0.34203000000000006,0,0,1,0
6928,0.0,0.0,0.0,500,0.3419350000000001,0,0,1,0
6929,0.0,0.0,0.0,500,0.34184000000000003,0,0,1,0
6930,0.0,0.0,0.0,500,0.3417450000000001,0,0,1,0
6931,0.0,0.0,0.0,500,0.3416500000000001,0,0,1,0
6932,0.0,0.0,0.0,500,0.34155499999999994,0,0,1,0
6933,0.0,0.0,0.0,500,0.34146,0,0,1,0
6934,0.0,0.0,0.0,500,0.34136500000000003,0,0,1,0
6935,0.0,0.0,0.0,500,0.34126999999999996,0,0,1,0
6936,0.0,0.0,0.0,500,0.341175,0,0,1,0
6937,0.0,0.0,0.0,500,0.34108000000000005,0,0,1,0
6938,0.0,0.0,0.0,500,0.3409850000000001,0,0,1,0
6939,0.0,0.0,0.0,500,0.34089,0,0,1,0
6940,0.0,0.0,0.0,500,0.34079500000000007,0,0,1,0
6941,0.0,0.0,0.0,500,0.3407000000000001,0,0,1,0
6942,0.0,0.0,0.0,500,0.34060499999999994,0,0,1,0
6943,0.0,0.0,0.0,500,0.34051,0,0,1,0
6944,0.0,0.0,0.0,500,0.340415,0,0,1,0
6945,0.0,0.0,0.0,500,0.34032000000000007,0,0,1,0
6946,0.0,0.0,0.0,500,0.340225,0,0,1,0
6947,0.0,0.0,0.0,500,0.34013000000000004,0,0,1,0
6948,0.0,0.0,0.0,500,0.3400350000000001,0,0,1,0
6949,0.0,0.0,0.0,500,0.33994,0,0,1,0
6950,0.0,0.0,0.0,500,0.33984500000000006,0,0,1,0
6951,0.0,0.0,0.0,500,0.3397500000000001,0,0,1,0
6952,0.0,0.0,0.0,500,0.33965499999999993,0,0,1,0
6953,0.0,0.0,0.0,500,0.33956,0,0,1,0
6954,0.0,0.0,0.0,500,0.339465,0,0,1,0
6955,0.0,0.0,0.0,500,0.33937000000000006,0,0,1,0
6956,0.0,0.0,0.0,500,0.339275,0,0,1,0
6957,0.0,0.0,0.0,500,0.33918000000000004,0,0,1,0
6958,0.0,0.0,0.0,500,0.3390850000000001,0,0,1,0
6959,0.0,0.0,0.0,500,0.33899,0,0,1,0
6960,0.0,0.0,0.0,500,0.33889500000000006,0,0,1,0
6961,0.0,0.0,0.0,500,0.3388000000000001,0,0,1,0
6962,0.0,0.0,0.0,500,0.33870500000000003,0,0,1,0
6963,0.0,0.0,0.0,500,0.33860999999999997,0,0,1,0
6964,0.0,0.0,0.0,500,0.338515,0,0,1,0
6965,0.0,0.0,0.0,500,0.33842000000000005,0,0,1,0
6966,0.0,0.0,0.0,500,0.338325,0,0,1,0
6967,0.0,0.0,0.0,500,0.33823000000000003,0,0,1,0
6968,0.0,0.0,0.0,500,0.3381350000000001,0,0,1,0
6969,0.0,0.0,0.0,500,0.33804,0,0,1,0
6970,0.0,0.0,0.0,500,0.33794500000000005,0,0,1,0
6971,0.0,0.0,0.0,500,0.3378500000000001,0,0,1,0
6972,0.0,0.0,0.0,500,0.337755,0,0,1,0
6973,0.0,0.0,0.0,500,0.33765999999999996,0,0,1,0
6974,0.0,0.0,0.0,500,0.337565,0,0,1,0
6975,0.0,0.0,0.0,500,0.33747000000000005,0,0,1,0
6976,0.0,0.0,0.0,500,0.337375,0,0,1,0
6977,0.0,0.0,0.0,500,0.33728,0,0,1,0
6978,0.0,0.0,0.0,500,0.33718500000000007,0,0,1,0
6979,0.0,0.0,0.0,500,0.33709,0,0,1,0
6980,0.0,0.0,0.0,500,0.33699500000000004,0,0,1,0
6981,0.0,0.0,0.0,500,0.3369000000000001,0,0,1,0
6982,0.0,0.0,0.0,500,0.336805,0,0,1,0
6983,0.0,0.0,0.0,500,0.33670999999999995,0,0,1,0
6984,0.0,0.0,0.0,500,0.336615,0,0,1,0
6985,0.0,0.0,0.0,500,0.33652000000000004,0,0,1,0
6986,0.0,0.0,0.0,500,0.336425,0,0,1,0
6987,0.0,0.0,0.0,500,0.33633,0,0,1,0
6988,0.0,0.0,0.0,500,0.33623500000000006,0,0,1,0
6989,0.0,0.0,0.0,500,0.3361400000000001,0,0,1,0
6990,0.0,0.0,0.0,500,0.33604500000000004,0,0,1,0
6991,0.0,0.0,0.0,500,0.3359500000000001,0,0,1,0
6992,0.0,0.0,0.0,500,0.335855,0,0,1,0
6993,0.0,0.0,0.0,500,0.33575999999999995,0,0,1,0
6994,0.0,0.0,0.0,500,0.335665,0,0,1,0
6995,0.0,0.0,0.0,500,0.33557000000000003,0,0,1,0
6996,0.0,0.0,0.0,500,0.33547499999999997,0,0,1,0
6997,0.0,0.0,0.0,500,0.33538,0,0,1,0
6998,0.0,0.0,0.0,500,0.33528500000000006,0,0,1,0
6999,0.0,0.0,0.0,500,0.3351900000000001,0,0,1,0
7000,0.0,0.0,0.0,500,0.33509500000000003,0,0,1,0
7001,0.0,0.0,0.0,500,0.3350000000000001,0,0,1,0
7002,0.0,0.0,0.0,500,0.3349050000000001,0,0,1,0
7003,0.0,0.0,0.0,500,0.33480999999999994,0,0,1,0
7004,0.0,0.0,0.0,500,0.334715,0,0,1,0
7005,0.0,0.0,0.0,500,0.33462000000000003,0,0,1,0
7006,0.0,0.0,0.0,500,0.3345250000000001,0,0,1,0
7007,0.0,0.0,0.0,500,0.33443,0,0,1,0
7008,0.0,0.0,0.0,500,0.33433500000000005,0,0,1,0
7009,0.0,0.0,0.0,500,0.3342400000000001,0,0,1,0
7010,0.0,0.0,0.0,500,0.334145,0,0,1,0
7011,0.0,0.0,0.0,500,0.33405000000000007,0,0,1,0
7012,0.0,0.0,0.0,500,0.3339550000000001,0,0,1,0
7013,0.0,0.0,0.0,500,0.33385999999999993,0,0,1,0
7014,0.0,0.0,0.0,500,0.333765,0,0,1,0
7015,0.0,0.0,0.0,500,0.33367,0,0,1,0
7016,0.0,0.0,0.0,500,0.33357500000000007,0,0,1,0
7017,0.0,0.0,0.0,500,0.33348,0,0,1,0
7018,0.0,0.0,0.0,500,0.33338500000000004,0,0,1,0
7019,0.0,0.0,0.0,500,0.3332900000000001,0,0,1,0
7020,0.0,0.0,0.0,500,0.333195,0,0,1,0
7021,0.0,0.0,0.0,500,0.33310000000000006,0,0,1,0
7022,0.0,0.0,0.0,500,0.3330050000000001,0,0,1,0
7023,0.0,0.0,0.0,500,0.33291000000000004,0,0,1,0
7024,0.0,0.0,0.0,500,0.33281499999999997,0,0,1,0
7025,0.0,0.0,0.0,500,0.33272,0,0,1,0
7026,0.0,0.0,0.0,500,0.33262500000000006,0,0,1,0
7027,0.0,0.0,0.0,500,0.33253,0,0,1,0
7028,0.0,0.0,0.0,500,0.33243500000000004,0,0,1,0
7029,0.0,0.0,0.0,500,0.3323400000000001,0,0,1,0
7030,0.0,0.0,0.0,500,0.332245,0,0,1,0
7031,0.0,0.0,0.0,500,0.33215000000000006,0,0,1,0
7032,0.0,0.0,0.0,500,0.3320550000000001,0,0,1,0
7033,0.0,0.0,0.0,500,0.33196000000000003,0,0,1,0
7034,0.0,0.0,0.0,500,0.33186499999999997,0,0,1,0
7035,0.0,0.0,0.0,500,0.33177,0,0,1,0
7036,0.0,0.0,0.0,500,0.33167500000000005,0,0,1,0
7037,0.0,0.0,0.0,500,0.33158,0,0,1,0
7038,0.0,0.0,0.0,500,0.33148500000000003,0,0,1,0
7039,0.0,0.0,0.0,500,0.3313900000000001,0,0,1,0
7040,0.0,0.0,0.0,500,0.331295,0,0,1,0
7041,0.0,0.0,0.0,500,0.33120000000000005,0,0,1,0
7042,0.0,0.0,0.0,500,0.3311050000000001,0,0,1,0
7043,0.0,0.0,0.0,500,0.33101,0,0,1,0
7044,0.0,0.0,0.0,500,0.33091499999999996,0,0,1,0
7045,0.0,0.0,0.0,500,0.33082,0,0,1,0
7046,0.0,0.0,0.0,500,0.33072500000000005,0,0,1,0
7047,0.0,0.0,0.0,500,0.33063,0,0,1,0
7048,0.0,0.0,0.0,500,0.330535,0,0,1,0
7049,0.0,0.0,0.0,500,0.33044000000000007,0,0,1,0
7050,0.0,0.0,0.0,500,0.3303450000000001,0,0,1,0
7051,0.0,0.0,0.0,500,0.33025000000000004,0,0,1,0
7052,0.0,0.0,0.0,500,0.3301550000000001,0,0,1,0
7053,0.0,0.0,0.0,500,0.33006,0,0,1,0
7054,0.0,0.0,0.0,500,0.32996499999999995,0,0,1,0
7055,0.0,0.0,0.0,500,0.32987,0,0,1,0
7056,0.0,0.0,0.0,500,0.32977500000000004,0,0,1,0
7057,0.0,0.0,0.0,500,0.32968,0,0,1,0
7058,0.0,0.0,0.0,500,0.329585,0,0,1,0
7059,0.0,0.0,0.0,500,0.32949000000000006,0,0,1,0
7060,0.0,0.0,0.0,500,0.3293950000000001,0,0,1,0
7061,0.0,0.0,0.0,500,0.32930000000000004,0,0,1,0
7062,0.0,0.0,0.0,500,0.3292050000000001,0,0,1,0
7063,0.0,0.0,0.0,500,0.32911,0,0,1,0
7064,0.0,0.0,0.0,500,0.32901499999999995,0,0,1,0
7065,0.0,0.0,0.0,500,0.32892,0,0,1,0
7066,0.0,0.0,0.0,500,0.32882500000000003,0,0,1,0
7067,0.0,0.0,0.0,500,0.3287300000000001,0,0,1,0
7068,0.0,0.0,0.0,500,0.328635,0,0,1,0
7069,0.0,0.0,0.0,500,0.32854000000000005,0,0,1,0
7070,0.0,0.0,0.0,500,0.3284450000000001,0,0,1,0
7071,0.0,0.0,0.0,500,0.32835000000000003,0,0,1,0
7072,0.0,0.0,0.0,500,0.3282550000000001,0,0,1,0
7073,0.0,0.0,0.0,500,0.32816,0,0,1,0
7074,0.0,0.0,0.0,500,0.32806499999999994,0,0,1,0
7075,0.0,0.0,0.0,500,0.32797,0,0,1,0
7076,0.0,0.0,0.0,500,0.327875,0,0,1,0
7077,0.0,0.0,0.0,500,0.32778000000000007,0,0,1,0
7078,0.0,0.0,0.0,500,0.327685,0,0,1,0
7079,0.0,0.0,0.0,500,0.32759000000000005,0,0,1,0
7080,0.0,0.0,0.0,500,0.3274950000000001,0,0,1,0
7081,0.0,0.0,0.0,500,0.3274,0,0,1,0
7082,0.0,0.0,0.0,500,0.32730500000000007,0,0,1,0
7083,0.0,0.0,0.0,500,0.32721,0,0,1,0
7084,0.0,0.0,0.0,500,0.32711500000000004,0,0,1,0
7085,0.0,0.0,0.0,500,0.32702,0,0,1,0
7086,0.0,0.0,0.0,500,0.326925,0,0,1,0
7087,0.0,0.0,0.0,500,0.32683000000000006,0,0,1,0
7088,0.0,0.0,0.0,500,0.326735,0,0,1,0
7089,0.0,0.0,0.0,500,0.32664000000000004,0,0,1,0
7090,0.0,0.0,0.0,500,0.3265450000000001,0,0,1,0
7091,0.0,0.0,0.0,500,0.32645,0,0,1,0
7092,0.0,0.0,0.0,500,0.32635500000000006,0,0,1,0
7093,0.0,0.0,0.0,500,0.32626,0,0,1,0
7094,0.0,0.0,0.0,500,0.32616500000000004,0,0,1,0
7095,0.0,0.0,0.0,500,0.32606999999999997,0,0,1,0
7096,0.0,0.0,0.0,500,0.325975,0,0,1,0
7097,0.0,0.0,0.0,500,0.32588000000000006,0,0,1,0
7098,0.0,0.0,0.0,500,0.325785,0,0,1,0
7099,0.0,0.0,0.0,500,0.32569000000000004,0,0,1,0
7100,0.0,0.0,0.0,500,0.3255950000000001,0,0,1,0
7101,0.0,0.0,0.0,500,0.3255,0,0,1,0
7102,0.0,0.0,0.0,500,0.32540500000000006,0,0,1,0
7103,0.0,0.0,0.0,500,0.32531,0,0,1,0
7104,0.0,0.0,0.0,500,0.32521500000000003,0,0,1,0
7105,0.0,0.0,0.0,500,0.32511999999999996,0,0,1,0
7106,0.0,0.0,0.0,500,0.325025,0,0,1,0
7107,0.0,0.0,0.0,500,0.32493000000000005,0,0,1,0
7108,0.0,0.0,0.0,500,0.324835,0,0,1,0
7109,0.0,0.0,0.0,500,0.32474000000000003,0,0,1,0
7110,0.0,0.0,0.0,500,0.3246450000000001,0,0,1,0
7111,0.0,0.0,0.0,500,0.3245500000000001,0,0,1,0
7112,0.0,0.0,0.0,500,0.32445500000000005,0,0,1,0
7113,0.0,0.0,0.0,500,0.32436,0,0,1,0
7114,0.0,0.0,0.0,500,0.324265,0,0,1,0
7115,0.0,0.0,0.0,500,0.32416999999999996,0,0,1,0
7116,0.0,0.0,0.0,500,0.324075,0,0,1,0
7117,0.0,0.0,0.0,500,0.32398000000000005,0,0,1,0
7118,0.0,0.0,0.0,500,0.323885,0,0,1,0
7119,0.0,0.0,0.0,500,0.32379,0,0,1,0
7120,0.0,0.0,0.0,500,0.32369500000000007,0,0,1,0
7121,0.0,0.0,0.0,500,0.3236000000000001,0,0,1,0
7122,0.0,0.0,0.0,500,0.32350500000000004,0,0,1,0
7123,0.0,0.0,0.0,500,0.32341,0,0,1,0
7124,0.0,0.0,0.0,500,0.323315,0,0,1,0
7125,0.0,0.0,0.0,500,0.32321999999999995,0,0,1,0
7126,0.0,0.0,0.0,500,0.323125,0,0,1,0
7127,0.0,0.0,0.0,500,0.32303000000000004,0,0,1,0
7128,0.0,0.0,0.0,500,0.3229350000000001,0,0,1,0
7129,0.0,0.0,0.0,500,0.32284,0,0,1,0
7130,0.0,0.0,0.0,500,0.32274500000000006,0,0,1,0
7131,0.0,0.0,0.0,500,0.3226500000000001,0,0,1,0
7132,0.0,0.0,0.0,500,0.32255500000000004,0,0,1,0
7133,0.0,0.0,0.0,500,0.3224600000000001,0,0,1,0
7134,0.0,0.0,0.0,500,0.322365,0,0,1,0
7135,0.0,0.0,0.0,500,0.32226999999999995,0,0,1,0
7136,0.0,0.0,0.0,500,0.322175,0,0,1,0
7137,0.0,0.0,0.0,500,0.32208000000000003,0,0,1,0
7138,0.0,0.0,0.0,500,0.3219850000000001,0,0,1,0
7139,0.0,0.0,0.0,500,0.32189,0,0,1,0
7140,0.0,0.0,0.0,500,0.32179500000000005,0,0,1,0
7141,0.0,0.0,0.0,500,0.3217000000000001,0,0,1,0
7142,0.0,0.0,0.0,500,0.32160500000000003,0,0,1,0
7143,0.0,0.0,0.0,500,0.3215100000000001,0,0,1,0
7144,0.0,0.0,0.0,500,0.321415,0,0,1,0
7145,0.0,0.0,0.0,500,0.32132000000000005,0,0,1,0
7146,0.0,0.0,0.0,500,0.321225,0,0,1,0
7147,0.0,0.0,0.0,500,0.32113,0,0,1,0
7148,0.0,0.0,0.0,500,0.32103500000000007,0,0,1,0
7149,0.0,0.0,0.0,500,0.32094,0,0,1,0
7150,0.0,0.0,0.0,500,0.32084500000000005,0,0,1,0
7151,0.0,0.0,0.0,500,0.3207500000000001,0,0,1,0
7152,0.0,0.0,0.0,500,0.320655,0,0,1,0
7153,0.0,0.0,0.0,500,0.32056000000000007,0,0,1,0
7154,0.0,0.0,0.0,500,0.320465,0,0,1,0
7155,0.0,0.0,0.0,500,0.32037000000000004,0,0,1,0
7156,0.0,0.0,0.0,500,0.320275,0,0,1,0
7157,0.0,0.0,0.0,500,0.32018,0,0,1,0
7158,0.0,0.0,0.0,500,0.32008500000000006,0,0,1,0
7159,0.0,0.0,0.0,500,0.31999,0,0,1,0
7160,0.0,0.0,0.0,500,0.31989500000000004,0,0,1,0
7161,0.0,0.0,0.0,500,0.3198000000000001,0,0,1,0
7162,0.0,0.0,0.0,500,0.319705,0,0,1,0
7163,0.0,0.0,0.0,500,0.31961000000000006,0,0,1,0
7164,0.0,0.0,0.0,500,0.319515,0,0,1,0
7165,0.0,0.0,0.0,500,0.31942000000000004,0,0,1,0
7166,0.0,0.0,0.0,500,0.31932499999999997,0,0,1,0
7167,0.0,0.0,0.0,500,0.31923,0,0,1,0
7168,0.0,0.0,0.0,500,0.31913500000000006,0,0,1,0
7169,0.0,0.0,0.0,500,0.31904,0,0,1,0
7170,0.0,0.0,0.0,500,0.31894500000000003,0,0,1,0
7171,0.0,0.0,0.0,500,0.3188500000000001,0,0,1,0
7172,0.0,0.0,0.0,500,0.3187550000000001,0,0,1,0
7173,0.0,0.0,0.0,500,0.31866000000000005,0,0,1,0
7174,0.0,0.0,0.0,500,0.318565,0,0,1,0
7175,0.0,0.0,0.0,500,0.31847000000000003,0,0,1,0
7176,0.0,0.0,0.0,500,0.31837499999999996,0,0,1,0
7177,0.0,0.0,0.0,500,0.31828,0,0,1,0
7178,0.0,0.0,0.0,500,0.31818500000000005,0,0,1,0
7179,0.0,0.0,0.0,500,0.31809,0,0,1,0
7180,0.0,0.0,0.0,500,0.317995,0,0,1,0
7181,0.0,0.0,0.0,500,0.31790000000000007,0,0,1,0
7182,0.0,0.0,0.0,500,0.3178050000000001,0,0,1,0
7183,0.0,0.0,0.0,500,0.31771000000000005,0,0,1,0
7184,0.0,0.0,0.0,500,0.317615,0,0,1,0
7185,0.0,0.0,0.0,500,0.31752,0,0,1,0
7186,0.0,0.0,0.0,500,0.31742499999999996,0,0,1,0
7187,0.0,0.0,0.0,500,0.31733,0,0,1,0
7188,0.0,0.0,0.0,500,0.31723500000000004,0,0,1,0
7189,0.0,0.0,0.0,500,0.3171400000000001,0,0,1,0
7190,0.0,0.0,0.0,500,0.317045,0,0,1,0
7191,0.0,0.0,0.0,500,0.31695000000000007,0,0,1,0
7192,0.0,0.0,0.0,500,0.3168550000000001,0,0,1,0
7193,0.0,0.0,0.0,500,0.31676000000000004,0,0,1,0
7194,0.0,0.0,0.0,500,0.316665,0,0,1,0
7195,0.0,0.0,0.0,500,0.31657,0,0,1,0
7196,0.0,0.0,0.0,500,0.31647499999999995,0,0,1,0
7197,0.0,0.0,0.0,500,0.31638,0,0,1,0
7198,0.0,0.0,0.0,500,0.31628500000000004,0,0,1,0
7199,0.0,0.0,0.0,500,0.3161900000000001,0,0,1,0
7200,0.0,0.0,0.0,500,0.316095,0,0,1,0
7201,0.0,0.0,0.0,500,0.31600000000000006,0,0,1,0
7202,0.0,0.0,0.0,500,0.3159050000000001,0,0,1,0
7203,0.0,0.0,0.0,500,0.31581000000000004,0,0,1,0
7204,0.0,0.0,0.0,500,0.31571499999999997,0,0,1,0
7205,0.0,0.0,0.0,500,0.31562,0,0,1,0
7206,0.0,0.0,0.0,500,0.31552500000000006,0,0,1,0
7207,0.0,0.0,0.0,500,0.31543,0,0,1,0
7208,0.0,0.0,0.0,500,0.31533500000000003,0,0,1,0
7209,0.0,0.0,0.0,500,0.3152400000000001,0,0,1,0
7210,0.0,0.0,0.0,500,0.315145,0,0,1,0
7211,0.0,0.0,0.0,500,0.31505000000000005,0,0,1,0
7212,0.0,0.0,0.0,500,0.3149550000000001,0,0,1,0
7213,0.0,0.0,0.0,500,0.31486000000000003,0,0,1,0
7214,0.0,0.0,0.0,500,0.31476499999999996,0,0,1,0
7215,0.0,0.0,0.0,500,0.31467,0,0,1,0
7216,0.0,0.0,0.0,500,0.31457500000000005,0,0,1,0
7217,0.0,0.0,0.0,500,0.31448,0,0,1,0
7218,0.0,0.0,0.0,500,0.314385,0,0,1,0
7219,0.0,0.0,0.0,500,0.31429000000000007,0,0,1,0
7220,0.0,0.0,0.0,500,0.314195,0,0,1,0
7221,0.0,0.0,0.0,500,0.31410000000000005,0,0,1,0
7222,0.0,0.0,0.0,500,0.3140050000000001,0,0,1,0
7223,0.0,0.0,0.0,500,0.31391,0,0,1,0
7224,0.0,0.0,0.0,500,0.31381499999999996,0,0,1,0
7225,0.0,0.0,0.0,500,0.31372,0,0,1,0
7226,0.0,0.0,0.0,500,0.31362500000000004,0,0,1,0
7227,0.0,0.0,0.0,500,0.31353,0,0,1,0
7228,0.0,0.0,0.0,500,0.313435,0,0,1,0
7229,0.0,0.0,0.0,500,0.31334000000000006,0,0,1,0
7230,0.0,0.0,0.0,500,0.313245,0,0,1,0
7231,0.0,0.0,0.0,500,0.31315000000000004,0,0,1,0
7232,0.0,0.0,0.0,500,0.3130550000000001,0,0,1,0
7233,0.0,0.0,0.0,500,0.3129600000000001,0,0,1,0
7234,0.0,0.0,0.0,500,0.31286499999999995,0,0,1,0
7235,0.0,0.0,0.0,500,0.31277,0,0,1,0
7236,0.0,0.0,0.0,500,0.31267500000000004,0,0,1,0
7237,0.0,0.0,0.0,500,0.31257999999999997,0,0,1,0
7238,0.0,0.0,0.0,500,0.312485,0,0,1,0
7239,0.0,0.0,0.0,500,0.31239000000000006,0,0,1,0
7240,0.0,0.0,0.0,500,0.312295,0,0,1,0
7241,0.0,0.0,0.0,500,0.31220000000000003,0,0,1,0
7242,0.0,0.0,0.0,500,0.3121050000000001,0,0,1,0
7243,0.0,0.0,0.0,500,0.3120100000000001,0,0,1,0
7244,0.0,0.0,0.0,500,0.31191499999999994,0,0,1,0
7245,0.0,0.0,0.0,500,0.31182,0,0,1,0
7246,0.0,0.0,0.0,500,0.31172500000000003,0,0,1,0
7247,0.0,0.0,0.0,500,0.31162999999999996,0,0,1,0
7248,0.0,0.0,0.0,500,0.311535,0,0,1,0
7249,0.0,0.0,0.0,500,0.31144000000000005,0,0,1,0
7250,0.0,0.0,0.0,500,0.3113450000000001,0,0,1,0
7251,0.0,0.0,0.0,500,0.31125,0,0,1,0
7252,0.0,0.0,0.0,500,0.31115500000000007,0,0,1,0
7253,0.0,0.0,0.0,500,0.3110600000000001,0,0,1,0
7254,0.0,0.0,0.0,500,0.31096500000000005,0,0,1,0
7255,0.0,0.0,0.0,500,0.31087,0,0,1,0
7256,0.0,0.0,0.0,500,0.310775,0,0,1,0
7257,0.0,0.0,0.0,500,0.31067999999999996,0,0,1,0
7258,0.0,0.0,0.0,500,0.310585,0,0,1,0
7259,0.0,0.0,0.0,500,0.31049000000000004,0,0,1,0
7260,0.0,0.0,0.0,500,0.3103950000000001,0,0,1,0
7261,0.0,0.0,0.0,500,0.3103,0,0,1,0
7262,0.0,0.0,0.0,500,0.31020500000000006,0,0,1,0
7263,0.0,0.0,0.0,500,0.3101100000000001,0,0,1,0
7264,0.0,0.0,0.0,500,0.31001500000000004,0,0,1,0
7265,0.0,0.0,0.0,500,0.30992,0,0,1,0
7266,0.0,0.0,0.0,500,0.309825,0,0,1,0
7267,0.0,0.0,0.0,500,0.30973000000000006,0,0,1,0
7268,0.0,0.0,0.0,500,0.309635,0,0,1,0
7269,0.0,0.0,0.0,500,0.30954000000000004,0,0,1,0
7270,0.0,0.0,0.0,500,0.3094450000000001,0,0,1,0
7271,0.0,0.0,0.0,500,0.30935,0,0,1,0
7272,0.0,0.0,0.0,500,0.30925500000000006,0,0,1,0
7273,0.0,0.0,0.0,500,0.3091600000000001,0,0,1,0
7274,0.0,0.0,0.0,500,0.30906500000000003,0,0,1,0
7275,0.0,0.0,0.0,500,0.30896999999999997,0,0,1,0
7276,0.0,0.0,0.0,500,0.308875,0,0,1,0
7277,0.0,0.0,0.0,500,0.30878000000000005,0,0,1,0
7278,0.0,0.0,0.0,500,0.308685,0,0,1,0
7279,0.0,0.0,0.0,500,0.30859000000000003,0,0,1,0
7280,0.0,0.0,0.0,500,0.3084950000000001,0,0,1,0
7281,0.0,0.0,0.0,500,0.3084,0,0,1,0
7282,0.0,0.0,0.0,500,0.30830500000000005,0,0,1,0
7283,0.0,0.0,0.0,500,0.3082100000000001,0,0,1,0
7284,0.0,0.0,0.0,500,0.308115,0,0,1,0
7285,0.0,0.0,0.0,500,0.30801999999999996,0,0,1,0
7286,0.0,0.0,0.0,500,0.307925,0,0,1,0
7287,0.0,0.0,0.0,500,0.30783000000000005,0,0,1,0
7288,0.0,0.0,0.0,500,0.307735,0,0,1,0
7289,0.0,0.0,0.0,500,0.30764,0,0,1,0
7290,0.0,0.0,0.0,500,0.30754500000000007,0,0,1,0
7291,0.0,0.0,0.0,500,0.30745,0,0,1,0
7292,0.0,0.0,0.0,500,0.30735500000000004,0,0,1,0
7293,0.0,0.0,0.0,500,0.3072600000000001,0,0,1,0
7294,0.0,0.0,0.0,500,0.30716500000000013,0,0,1,0
7295,0.0,0.0,0.0,500,0.30706999999999995,0,0,1,0
7296,0.0,0.0,0.0,500,0.306975,0,0,1,0
7297,0.0,0.0,0.0,500,0.30688000000000004,0,0,1,0
7298,0.0,0.0,0.0,500,0.306785,0,0,1,0
7299,0.0,0.0,0.0,500,0.30669,0,0,1,0
7300,0.0,0.0,0.0,500,0.30659500000000006,0,0,1,0
7301,0.0,0.0,0.0,500,0.3065,0,0,1,0
7302,0.0,0.0,0.0,500,0.30640500000000004,0,0,1,0
7303,0.0,0.0,0.0,500,0.3063100000000001,0,0,1,0
7304,0.0,0.0,0.0,500,0.3062150000000001,0,0,1,0
7305,0.0,0.0,0.0,500,0.30611999999999995,0,0,1,0
7306,0.0,0.0,0.0,500,0.306025,0,0,1,0
7307,0.0,0.0,0.0,500,0.30593000000000004,0,0,1,0
7308,0.0,0.0,0.0,500,0.30583499999999997,0,0,1,0
7309,0.0,0.0,0.0,500,0.30574,0,0,1,0
7310,0.0,0.0,0.0,500,0.30564500000000006,0,0,1,0
7311,0.0,0.0,0.0,500,0.3055500000000001,0,0,1,0
7312,0.0,0.0,0.0,500,0.30545500000000003,0,0,1,0
7313,0.0,0.0,0.0,500,0.3053600000000001,0,0,1,0
7314,0.0,0.0,0.0,500,0.3052650000000001,0,0,1,0
7315,0.0,0.0,0.0,500,0.30516999999999994,0,0,1,0
7316,0.0,0.0,0.0,500,0.305075,0,0,1,0
7317,0.0,0.0,0.0,500,0.30498000000000003,0,0,1,0
7318,0.0,0.0,0.0,500,0.30488499999999996,0,0,1,0
7319,0.0,0.0,0.0,500,0.30479,0,0,1,0
7320,0.0,0.0,0.0,500,0.30469500000000005,0,0,1,0
7321,0.0,0.0,0.0,500,0.3046000000000001,0,0,1,0
7322,0.0,0.0,0.0,500,0.304505,0,0,1,0
7323,0.0,0.0,0.0,500,0.30441000000000007,0,0,1,0
7324,0.0,0.0,0.0,500,0.3043150000000001,0,0,1,0
7325,0.0,0.0,0.0,500,0.30421999999999993,0,0,1,0
7326,0.0,0.0,0.0,500,0.304125,0,0,1,0
7327,0.0,0.0,0.0,500,0.30403,0,0,1,0
7328,0.0,0.0,0.0,500,0.30393500000000007,0,0,1,0
7329,0.0,0.0,0.0,500,0.30384,0,0,1,0
7330,0.0,0.0,0.0,500,0.30374500000000004,0,0,1,0
7331,0.0,0.0,0.0,500,0.3036500000000001,0,0,1,0
7332,0.0,0.0,0.0,500,0.303555,0,0,1,0
7333,0.0,0.0,0.0,500,0.30346000000000006,0,0,1,0
7334,0.0,0.0,0.0,500,0.3033650000000001,0,0,1,0
7335,0.0,0.0,0.0,500,0.30326999999999993,0,0,1,0
7336,0.0,0.0,0.0,500,0.303175,0,0,1,0
7337,0.0,0.0,0.0,500,0.30308,0,0,1,0
7338,0.0,0.0,0.0,500,0.30298500000000006,0,0,1,0
7339,0.0,0.0,0.0,500,0.30289,0,0,1,0
7340,0.0,0.0,0.0,500,0.30279500000000004,0,0,1,0
7341,0.0,0.0,0.0,500,0.3027000000000001,0,0,1,0
7342,0.0,0.0,0.0,500,0.302605,0,0,1,0
7343,0.0,0.0,0.0,500,0.30251000000000006,0,0,1,0
7344,0.0,0.0,0.0,500,0.3024150000000001,0,0,1,0
7345,0.0,0.0,0.0,500,0.30232000000000003,0,0,1,0
7346,0.0,0.0,0.0,500,0.30222499999999997,0,0,1,0
7347,0.0,0.0,0.0,500,0.30213,0,0,1,0
7348,0.0,0.0,0.0,500,0.30203500000000005,0,0,1,0
7349,0.0,0.0,0.0,500,0.30194,0,0,1,0
7350,0.0,0.0,0.0,500,0.30184500000000003,0,0,1,0
7351,0.0,0.0,0.0,500,0.3017500000000001,0,0,1,0
7352,0.0,0.0,0.0,500,0.301655,0,0,1,0
7353,0.0,0.0,0.0,500,0.30156000000000005,0,0,1,0
7354,0.0,0.0,0.0,500,0.3014650000000001,0,0,1,0
7355,0.0,0.0,0.0,500,0.30137,0,0,1,0
7356,0.0,0.0,0.0,500,0.30127499999999996,0,0,1,0
7357,0.0,0.0,0.0,500,0.30118,0,0,1,0
7358,0.0,0.0,0.0,500,0.30108500000000005,0,0,1,0
7359,0.0,0.0,0.0,500,0.30099,0,0,1,0
7360,0.0,0.0,0.0,500,0.300895,0,0,1,0
7361,0.0,0.0,0.0,500,0.30080000000000007,0,0,1,0
7362,0.0,0.0,0.0,500,0.300705,0,0,1,0
7363,0.0,0.0,0.0,500,0.30061000000000004,0,0,1,0
7364,0.0,0.0,0.0,500,0.3005150000000001,0,0,1,0
7365,0.0,0.0,0.0,500,0.30042,0,0,1,0
7366,0.0,0.0,0.0,500,0.30032499999999995,0,0,1,0
7367,0.0,0.0,0.0,500,0.30023,0,0,1,0
7368,0.0,0.0,0.0,500,0.30013500000000004,0,0,1,0
7369,0.0,0.0,0.0,500,0.30004,0,0,1,0
7370,0.0,0.0,0.0,500,0.299945,0,0,1,0
7371,0.0,0.0,0.0,500,0.29985000000000006,0,0,1,0
7372,0.0,0.0,0.0,500,0.2997550000000001,0,0,1,0
7373,0.0,0.0,0.0,500,0.29966000000000004,0,0,1,0
7374,0.0,0.0,0.0,500,0.2995650000000001,0,0,1,0
7375,0.0,0.0,0.0,500,0.29947,0,0,1,0
7376,0.0,0.0,0.0,500,0.29937499999999995,0,0,1,0
7377,0.0,0.0,0.0,500,0.29928,0,0,1,0
7378,0.0,0.0,0.0,500,0.29918500000000003,0,0,1,0
7379,0.0,0.0,0.0,500,0.29908999999999997,0,0,1,0
7380,0.0,0.0,0.0,500,0.298995,0,0,1,0
7381,0.0,0.0,0.0,500,0.29890000000000005,0,0,1,0
7382,0.0,0.0,0.0,500,0.2988050000000001,0,0,1,0
7383,0.0,0.0,0.0,500,0.29871000000000003,0,0,1,0
7384,0.0,0.0,0.0,500,0.2986150000000001,0,0,1,0
7385,0.0,0.0,0.0,500,0.2985200000000001,0,0,1,0
7386,0.0,0.0,0.0,500,0.29842499999999994,0,0,1,0
7387,0.0,0.0,0.0,500,0.29833,0,0,1,0
7388,0.0,0.0,0.0,500,0.29823500000000003,0,0,1,0
7389,0.0,0.0,0.0,500,0.29814000000000007,0,0,1,0
7390,0.0,0.0,0.0,500,0.298045,0,0,1,0
7391,0.0,0.0,0.0,500,0.29795000000000005,0,0,1,0
7392,0.0,0.0,0.0,500,0.2978550000000001,0,0,1,0
7393,0.0,0.0,0.0,500,0.29776,0,0,1,0
7394,0.0,0.0,0.0,500,0.29766500000000007,0,0,1,0
7395,0.0,0.0,0.0,500,0.2975700000000001,0,0,1,0
7396,0.0,0.0,0.0,500,0.29747499999999993,0,0,1,0
7397,0.0,0.0,0.0,500,0.29738,0,0,1,0
7398,0.0,0.0,0.0,500,0.297285,0,0,1,0
7399,0.0,0.0,0.0,500,0.29719000000000007,0,0,1,0
7400,0.0,0.0,0.0,500,0.297095,0,0,1,0
7401,0.0,0.0,0.0,500,0.29700000000000004,0,0,1,0
7402,0.0,0.0,0.0,500,0.2969050000000001,0,0,1,0
7403,0.0,0.0,0.0,500,0.29681,0,0,1,0
7404,0.0,0.0,0.0,500,0.29671500000000006,0,0,1,0
7405,0.0,0.0,0.0,500,0.2966200000000001,0,0,1,0
7406,0.0,0.0,0.0,500,0.29652500000000004,0,0,1,0
7407,0.0,0.0,0.0,500,0.29642999999999997,0,0,1,0
7408,0.0,0.0,0.0,500,0.296335,0,0,1,0
7409,0.0,0.0,0.0,500,0.29624000000000006,0,0,1,0
7410,0.0,0.0,0.0,500,0.296145,0,0,1,0
7411,0.0,0.0,0.0,500,0.29605000000000004,0,0,1,0
7412,0.0,0.0,0.0,500,0.2959550000000001,0,0,1,0
7413,0.0,0.0,0.0,500,0.29586,0,0,1,0
7414,0.0,0.0,0.0,500,0.29576500000000006,0,0,1,0
7415,0.0,0.0,0.0,500,0.2956700000000001,0,0,1,0
7416,0.0,0.0,0.0,500,0.29557500000000003,0,0,1,0
7417,0.0,0.0,0.0,500,0.29547999999999996,0,0,1,0
7418,0.0,0.0,0.0,500,0.295385,0,0,1,0
7419,0.0,0.0,0.0,500,0.29529000000000005,0,0,1,0
7420,0.0,0.0,0.0,500,0.295195,0,0,1,0
7421,0.0,0.0,0.0,500,0.29510000000000003,0,0,1,0
7422,0.0,0.0,0.0,500,0.2950050000000001,0,0,1,0
7423,0.0,0.0,0.0,500,0.29491,0,0,1,0
7424,0.0,0.0,0.0,500,0.29481500000000005,0,0,1,0
7425,0.0,0.0,0.0,500,0.2947200000000001,0,0,1,0
7426,0.0,0.0,0.0,500,0.294625,0,0,1,0
7427,0.0,0.0,0.0,500,0.29452999999999996,0,0,1,0
7428,0.0,0.0,0.0,500,0.294435,0,0,1,0
7429,0.0,0.0,0.0,500,0.29434000000000005,0,0,1,0
7430,0.0,0.0,0.0,500,0.294245,0,0,1,0
7431,0.0,0.0,0.0,500,0.29415,0,0,1,0
7432,0.0,0.0,0.0,500,0.29405500000000007,0,0,1,0
7433,0.0,0.0,0.0,500,0.2939600000000001,0,0,1,0
7434,0.0,0.0,0.0,500,0.29386500000000004,0,0,1,0
7435,0.0,0.0,0.0,500,0.2937700000000001,0,0,1,0
7436,0.0,0.0,0.0,500,0.293675,0,0,1,0
7437,0.0,0.0,0.0,500,0.29357999999999995,0,0,1,0
7438,0.0,0.0,0.0,500,0.293485,0,0,1,0
7439,0.0,0.0,0.0,500,0.29339000000000004,0,0,1,0
7440,0.0,0.0,0.0,500,0.293295,0,0,1,0
7441,0.0,0.0,0.0,500,0.2932,0,0,1,0
7442,0.0,0.0,0.0,500,0.29310500000000006,0,0,1,0
7443,0.0,0.0,0.0,500,0.2930100000000001,0,0,1,0
7444,0.0,0.0,0.0,500,0.29291500000000004,0,0,1,0
7445,0.0,0.0,0.0,500,0.2928200000000001,0,0,1,0
7446,0.0,0.0,0.0,500,0.292725,0,0,1,0
7447,0.0,0.0,0.0,500,0.29262999999999995,0,0,1,0
7448,0.0,0.0,0.0,500,0.292535,0,0,1,0
7449,0.0,0.0,0.0,500,0.29244000000000003,0,0,1,0
7450,0.0,0.0,0.0,500,0.2923450000000001,0,0,1,0
7451,0.0,0.0,0.0,500,0.29225,0,0,1,0
7452,0.0,0.0,0.0,500,0.29215500000000005,0,0,1,0
7453,0.0,0.0,0.0,500,0.2920600000000001,0,0,1,0
7454,0.0,0.0,0.0,500,0.29196500000000003,0,0,1,0
7455,0.0,0.0,0.0,500,0.2918700000000001,0,0,1,0
7456,0.0,0.0,0.0,500,0.291775,0,0,1,0
7457,0.0,0.0,0.0,500,0.29167999999999994,0,0,1,0
7458,0.0,0.0,0.0,500,0.291585,0,0,1,0
7459,0.0,0.0,0.0,500,0.29149,0,0,1,0
7460,0.0,0.0,0.0,500,0.29139500000000007,0,0,1,0
7461,0.0,0.0,0.0,500,0.2913,0,0,1,0
7462,0.0,0.0,0.0,500,0.29120500000000005,0,0,1,0
7463,0.0,0.0,0.0,500,0.2911100000000001,0,0,1,0
7464,0.0,0.0,0.0,500,0.291015,0,0,1,0
7465,0.0,0.0,0.0,500,0.29092000000000007,0,0,1,0
7466,0.0,0.0,0.0,500,0.290825,0,0,1,0
7467,0.0,0.0,0.0,500,0.29073000000000004,0,0,1,0
7468,0.0,0.0,0.0,500,0.290635,0,0,1,0
7469,0.0,0.0,0.0,500,0.29054,0,0,1,0
7470,0.0,0.0,0.0,500,0.29044500000000006,0,0,1,0
7471,0.0,0.0,0.0,500,0.29035,0,0,1,0
7472,0.0,0.0,0.0,500,0.29025500000000004,0,0,1,0
7473,0.0,0.0,0.0,500,0.2901600000000001,0,0,1,0
7474,0.0,0.0,0.0,500,0.290065,0,0,1,0
7475,0.0,0.0,0.0,500,0.28997000000000006,0,0,1,0
7476,0.0,0.0,0.0,500,0.289875,0,0,1,0
7477,0.0,0.0,0.0,500,0.28978000000000004,0,0,1,0
7478,0.0,0.0,0.0,500,0.28968499999999997,0,0,1,0
7479,0.0,0.0,0.0,500,0.28959,0,0,1,0
7480,0.0,0.0,0.0,500,0.28949500000000006,0,0,1,0
7481,0.0,0.0,0.0,500,0.2894,0,0,1,0
7482,0.0,0.0,0.0,500,0.28930500000000003,0,0,1,0
7483,0.0,0.0,0.0,500,0.2892100000000001,0,0,1,0
7484,0.0,0.0,0.0,500,0.289115,0,0,1,0
7485,0.0,0.0,0.0,500,0.28902000000000005,0,0,1,0
7486,0.0,0.0,0.0,500,0.288925,0,0,1,0
7487,0.0,0.0,0.0,500,0.28883000000000003,0,0,1,0
7488,0.0,0.0,0.0,500,0.28873499999999996,0,0,1,0
7489,0.0,0.0,0.0,500,0.28864,0,0,1,0
7490,0.0,0.0,0.0,500,0.28854500000000005,0,0,1,0
7491,0.0,0.0,0.0,500,0.28845,0,0,1,0
7492,0.0,0.0,0.0,500,0.28835500000000003,0,0,1,0
7493,0.0,0.0,0.0,500,0.28826000000000007,0,0,1,0
7494,0.0,0.0,0.0,500,0.2881650000000001,0,0,1,0
7495,0.0,0.0,0.0,500,0.28807000000000005,0,0,1,0
7496,0.0,0.0,0.0,500,0.287975,0,0,1,0
7497,0.0,0.0,0.0,500,0.28788,0,0,1,0
7498,0.0,0.0,0.0,500,0.28778499999999996,0,0,1,0
7499,0.0,0.0,0.0,500,0.28769,0,0,1,0
7500,0.0,0.0,0.0,500,0.28759500000000005,0,0,1,0
7501,0.0,0.0,0.0,500,0.2875000000000001,0,0,1,0
7502,0.0,0.0,0.0,500,0.287405,0,0,1,0
7503,0.0,0.0,0.0,500,0.28731000000000007,0,0,1,0
7504,0.0,0.0,0.0,500,0.2872150000000001,0,0,1,0
7505,0.0,0.0,0.0,500,0.28712000000000004,0,0,1,0
7506,0.0,0.0,0.0,500,0.2870250000000001,0,0,1,0
7507,0.0,0.0,0.0,500,0.28693,0,0,1,0
7508,0.0,0.0,0.0,500,0.28683499999999995,0,0,1,0
7509,0.0,0.0,0.0,500,0.28674,0,0,1,0
7510,0.0,0.0,0.0,500,0.28664500000000004,0,0,1,0
7511,0.0,0.0,0.0,500,0.2865500000000001,0,0,1,0
7512,0.0,0.0,0.0,500,0.286455,0,0,1,0
7513,0.0,0.0,0.0,500,0.28636000000000006,0,0,1,0
7514,0.0,0.0,0.0,500,0.2862650000000001,0,0,1,0
7515,0.0,0.0,0.0,500,0.28617000000000004,0,0,1,0
7516,0.0,0.0,0.0,500,0.2860750000000001,0,0,1,0
7517,0.0,0.0,0.0,500,0.28598,0,0,1,0
7518,0.0,0.0,0.0,500,0.28588500000000006,0,0,1,0
7519,0.0,0.0,0.0,500,0.28579,0,0,1,0
7520,0.0,0.0,0.0,500,0.28569500000000003,0,0,1,0
7521,0.0,0.0,0.0,500,0.2856000000000001,0,0,1,0
7522,0.0,0.0,0.0,500,0.285505,0,0,1,0
7523,0.0,0.0,0.0,500,0.28541000000000005,0,0,1,0
7524,0.0,0.0,0.0,500,0.2853150000000001,0,0,1,0
7525,0.0,0.0,0.0,500,0.28522000000000003,0,0,1,0
7526,0.0,0.0,0.0,500,0.2851250000000001,0,0,1,0
7527,0.0,0.0,0.0,500,0.28503,0,0,1,0
7528,0.0,0.0,0.0,500,0.28493500000000005,0,0,1,0
7529,0.0,0.0,0.0,500,0.28484,0,0,1,0
7530,0.0,0.0,0.0,500,0.284745,0,0,1,0
7531,0.0,0.0,0.0,500,0.28465000000000007,0,0,1,0
7532,0.0,0.0,0.0,500,0.284555,0,0,1,0
7533,0.0,0.0,0.0,500,0.28446000000000005,0,0,1,0
7534,0.0,0.0,0.0,500,0.2843650000000001,0,0,1,0
7535,0.0,0.0,0.0,500,0.28427,0,0,1,0
7536,0.0,0.0,0.0,500,0.28417500000000007,0,0,1,0
7537,0.0,0.0,0.0,500,0.28408,0,0,1,0
7538,0.0,0.0,0.0,500,0.28398500000000004,0,0,1,0
7539,0.0,0.0,0.0,500,0.28389,0,0,1,0
7540,0.0,0.0,0.0,500,0.283795,0,0,1,0
7541,0.0,0.0,0.0,500,0.28370000000000006,0,0,1,0
7542,0.0,0.0,0.0,500,0.283605,0,0,1,0
7543,0.0,0.0,0.0,500,0.28351000000000004,0,0,1,0
7544,0.0,0.0,0.0,500,0.2834150000000001,0,0,1,0
7545,0.0,0.0,0.0,500,0.2833200000000001,0,0,1,0
7546,0.0,0.0,0.0,500,0.28322500000000006,0,0,1,0
7547,0.0,0.0,0.0,500,0.28313,0,0,1,0
7548,0.0,0.0,0.0,500,0.28303500000000004,0,0,1,0
7549,0.0,0.0,0.0,500,0.28293999999999997,0,0,1,0
7550,0.0,0.0,0.0,500,0.282845,0,0,1,0
7551,0.0,0.0,0.0,500,0.28275000000000006,0,0,1,0
7552,0.0,0.0,0.0,500,0.282655,0,0,1,0
7553,0.0,0.0,0.0,500,0.28256000000000003,0,0,1,0
7554,0.0,0.0,0.0,500,0.2824650000000001,0,0,1,0
7555,0.0,0.0,0.0,500,0.2823700000000001,0,0,1,0
7556,0.0,0.0,0.0,500,0.28227500000000005,0,0,1,0
7557,0.0,0.0,0.0,500,0.28218,0,0,1,0
7558,0.0,0.0,0.0,500,0.28208500000000003,0,0,1,0
7559,0.0,0.0,0.0,500,0.28198999999999996,0,0,1,0
7560,0.0,0.0,0.0,500,0.281895,0,0,1,0
7561,0.0,0.0,0.0,500,0.28180000000000005,0,0,1,0
7562,0.0,0.0,0.0,500,0.2817050000000001,0,0,1,0
7563,0.0,0.0,0.0,500,0.28161,0,0,1,0
7564,0.0,0.0,0.0,500,0.28151500000000007,0,0,1,0
7565,0.0,0.0,0.0,500,0.2814200000000001,0,0,1,0
7566,0.0,0.0,0.0,500,0.28132500000000005,0,0,1,0
7567,0.0,0.0,0.0,500,0.28123,0,0,1,0
7568,0.0,0.0,0.0,500,0.281135,0,0,1,0
7569,0.0,0.0,0.0,500,0.28103999999999996,0,0,1,0
7570,0.0,0.0,0.0,500,0.280945,0,0,1,0
7571,0.0,0.0,0.0,500,0.28085000000000004,0,0,1,0
7572,0.0,0.0,0.0,500,0.2807550000000001,0,0,1,0
7573,0.0,0.0,0.0,500,0.28066,0,0,1,0
7574,0.0,0.0,0.0,500,0.28056500000000006,0,0,1,0
7575,0.0,0.0,0.0,500,0.2804700000000001,0,0,1,0
7576,0.0,0.0,0.0,500,0.28037500000000004,0,0,1,0
7577,0.0,0.0,0.0,500,0.28028,0,0,1,0
7578,0.0,0.0,0.0,500,0.280185,0,0,1,0
7579,0.0,0.0,0.0,500,0.28009000000000006,0,0,1,0
7580,0.0,0.0,0.0,500,0.279995,0,0,1,0
7581,0.0,0.0,0.0,500,0.27990000000000004,0,0,1,0
7582,0.0,0.0,0.0,500,0.2798050000000001,0,0,1,0
7583,0.0,0.0,0.0,500,0.27971,0,0,1,0
7584,0.0,0.0,0.0,500,0.27961500000000006,0,0,1,0
7585,0.0,0.0,0.0,500,0.2795200000000001,0,0,1,0
7586,0.0,0.0,0.0,500,0.27942500000000003,0,0,1,0
7587,0.0,0.0,0.0,500,0.27932999999999997,0,0,1,0
7588,0.0,0.0,0.0,500,0.279235,0,0,1,0
7589,0.0,0.0,0.0,500,0.27914000000000005,0,0,1,0
7590,0.0,0.0,0.0,500,0.279045,0,0,1,0
7591,0.0,0.0,0.0,500,0.27895000000000003,0,0,1,0
7592,0.0,0.0,0.0,500,0.2788550000000001,0,0,1,0
7593,0.0,0.0,0.0,500,0.27876,0,0,1,0
7594,0.0,0.0,0.0,500,0.27866500000000005,0,0,1,0
7595,0.0,0.0,0.0,500,0.2785700000000001,0,0,1,0
7596,0.0,0.0,0.0,500,0.27847500000000003,0,0,1,0
7597,0.0,0.0,0.0,500,0.27837999999999996,0,0,1,0
7598,0.0,0.0,0.0,500,0.278285,0,0,1,0
7599,0.0,0.0,0.0,500,0.27819000000000005,0,0,1,0
7600,0.0,0.0,0.0,500,0.278095,0,0,1,0
7601,0.0,0.0,0.0,500,0.278,0,0,1,0
7602,0.0,0.0,0.0,500,0.27790500000000007,0,0,1,0
7603,0.0,0.0,0.0,500,0.27781,0,0,1,0
7604,0.0,0.0,0.0,500,0.27771500000000005,0,0,1,0
7605,0.0,0.0,0.0,500,0.2776200000000001,0,0,1,0
7606,0.0,0.0,0.0,500,0.27752500000000013,0,0,1,0
7607,0.0,0.0,0.0,500,0.27742999999999995,0,0,1,0
7608,0.0,0.0,0.0,500,0.277335,0,0,1,0
7609,0.0,0.0,0.0,500,0.27724000000000004,0,0,1,0
7610,0.0,0.0,0.0,500,0.277145,0,0,1,0
7611,0.0,0.0,0.0,500,0.27705,0,0,1,0
7612,0.0,0.0,0.0,500,0.27695500000000006,0,0,1,0
7613,0.0,0.0,0.0,500,0.27686,0,0,1,0
7614,0.0,0.0,0.0,500,0.27676500000000004,0,0,1,0
7615,0.0,0.0,0.0,500,0.2766700000000001,0,0,1,0
7616,0.0,0.0,0.0,500,0.2765750000000001,0,0,1,0
7617,0.0,0.0,0.0,500,0.27647999999999995,0,0,1,0
7618,0.0,0.0,0.0,500,0.276385,0,0,1,0
7619,0.0,0.0,0.0,500,0.27629000000000004,0,0,1,0
7620,0.0,0.0,0.0,500,0.27619499999999997,0,0,1,0
7621,0.0,0.0,0.0,500,0.2761,0,0,1,0
7622,0.0,0.0,0.0,500,0.27600500000000006,0,0,1,0
7623,0.0,0.0,0.0,500,0.2759100000000001,0,0,1,0
7624,0.0,0.0,0.0,500,0.27581500000000003,0,0,1,0
7625,0.0,0.0,0.0,500,0.2757200000000001,0,0,1,0
7626,0.0,0.0,0.0,500,0.2756250000000001,0,0,1,0
7627,0.0,0.0,0.0,500,0.27553000000000005,0,0,1,0
7628,0.0,0.0,0.0,500,0.275435,0,0,1,0
7629,0.0,0.0,0.0,500,0.27534000000000003,0,0,1,0
7630,0.0,0.0,0.0,500,0.27524499999999996,0,0,1,0
7631,0.0,0.0,0.0,500,0.27515,0,0,1,0
7632,0.0,0.0,0.0,500,0.27505500000000005,0,0,1,0
7633,0.0,0.0,0.0,500,0.2749600000000001,0,0,1,0
7634,0.0,0.0,0.0,500,0.274865,0,0,1,0
7635,0.0,0.0,0.0,500,0.27477000000000007,0,0,1,0
7636,0.0,0.0,0.0,500,0.2746750000000001,0,0,1,0
7637,0.0,0.0,0.0,500,0.27458000000000005,0,0,1,0
7638,0.0,0.0,0.0,500,0.274485,0,0,1,0
7639,0.0,0.0,0.0,500,0.27439,0,0,1,0
7640,0.0,0.0,0.0,500,0.27429500000000007,0,0,1,0
7641,0.0,0.0,0.0,500,0.2742,0,0,1,0
7642,0.0,0.0,0.0,500,0.27410500000000004,0,0,1,0
7643,0.0,0.0,0.0,500,0.2740100000000001,0,0,1,0
7644,0.0,0.0,0.0,500,0.273915,0,0,1,0
7645,0.0,0.0,0.0,500,0.27382000000000006,0,0,1,0
7646,0.0,0.0,0.0,500,0.2737250000000001,0,0,1,0
7647,0.0,0.0,0.0,500,0.27363000000000004,0,0,1,0
7648,0.0,0.0,0.0,500,0.273535,0,0,1,0
7649,0.0,0.0,0.0,500,0.27344,0,0,1,0
7650,0.0,0.0,0.0,500,0.27334500000000006,0,0,1,0
7651,0.0,0.0,0.0,500,0.27325,0,0,1,0
7652,0.0,0.0,0.0,500,0.27315500000000004,0,0,1,0
7653,0.0,0.0,0.0,500,0.2730600000000001,0,0,1,0
7654,0.0,0.0,0.0,500,0.272965,0,0,1,0
7655,0.0,0.0,0.0,500,0.27287000000000006,0,0,1,0
7656,0.0,0.0,0.0,500,0.2727750000000001,0,0,1,0
7657,0.0,0.0,0.0,500,0.27268000000000003,0,0,1,0
7658,0.0,0.0,0.0,500,0.27258499999999997,0,0,1,0
7659,0.0,0.0,0.0,500,0.27249,0,0,1,0
7660,0.0,0.0,0.0,500,0.27239500000000005,0,0,1,0
7661,0.0,0.0,0.0,500,0.2723,0,0,1,0
7662,0.0,0.0,0.0,500,0.27220500000000003,0,0,1,0
7663,0.0,0.0,0.0,500,0.2721100000000001,0,0,1,0
7664,0.0,0.0,0.0,500,0.272015,0,0,1,0
7665,0.0,0.0,0.0,500,0.27192000000000005,0,0,1,0
7666,0.0,0.0,0.0,500,0.2718250000000001,0,0,1,0
7667,0.0,0.0,0.0,500,0.27173000000000014,0,0,1,0
7668,0.0,0.0,0.0,500,0.27163499999999996,0,0,1,0
7669,0.0,0.0,0.0,500,0.27154,0,0,1,0
7670,0.0,0.0,0.0,500,0.27144500000000005,0,0,1,0
7671,0.0,0.0,0.0,500,0.27135,0,0,1,0
7672,0.0,0.0,0.0,500,0.271255,0,0,1,0
7673,0.0,0.0,0.0,500,0.27116000000000007,0,0,1,0
7674,0.0,0.0,0.0,500,0.271065,0,0,1,0
7675,0.0,0.0,0.0,500,0.27097000000000004,0,0,1,0
7676,0.0,0.0,0.0,500,0.2708750000000001,0,0,1,0
7677,0.0,0.0,0.0,500,0.27078000000000013,0,0,1,0
7678,0.0,0.0,0.0,500,0.27068499999999995,0,0,1,0
7679,0.0,0.0,0.0,500,0.27059,0,0,1,0
7680,0.0,0.0,0.0,500,0.27049500000000004,0,0,1,0
7681,0.0,0.0,0.0,500,0.2704,0,0,1,0
7682,0.0,0.0,0.0,500,0.270305,0,0,1,0
7683,0.0,0.0,0.0,500,0.27021000000000006,0,0,1,0
7684,0.0,0.0,0.0,500,0.2701150000000001,0,0,1,0
7685,0.0,0.0,0.0,500,0.27002000000000004,0,0,1,0
7686,0.0,0.0,0.0,500,0.2699250000000001,0,0,1,0
7687,0.0,0.0,0.0,500,0.2698300000000001,0,0,1,0
7688,0.0,0.0,0.0,500,0.26973499999999995,0,0,1,0
7689,0.0,0.0,0.0,500,0.26964,0,0,1,0
7690,0.0,0.0,0.0,500,0.26954500000000003,0,0,1,0
7691,0.0,0.0,0.0,500,0.26944999999999997,0,0,1,0
7692,0.0,0.0,0.0,500,0.269355,0,0,1,0
7693,0.0,0.0,0.0,500,0.26926000000000005,0,0,1,0
7694,0.0,0.0,0.0,500,0.2691650000000001,0,0,1,0
7695,0.0,0.0,0.0,500,0.26907000000000003,0,0,1,0
7696,0.0,0.0,0.0,500,0.2689750000000001,0,0,1,0
7697,0.0,0.0,0.0,500,0.2688800000000001,0,0,1,0
7698,0.0,0.0,0.0,500,0.26878499999999994,0,0,1,0
7699,0.0,0.0,0.0,500,0.26869,0,0,1,0
7700,0.0,0.0,0.0,500,0.26859500000000003,0,0,1,0
7701,0.0,0.0,0.0,500,0.26850000000000007,0,0,1,0
7702,0.0,0.0,0.0,500,0.268405,0,0,1,0
7703,0.0,0.0,0.0,500,0.26831000000000005,0,0,1,0
7704,0.0,0.0,0.0,500,0.2682150000000001,0,0,1,0
7705,0.0,0.0,0.0,500,0.26812,0,0,1,0
7706,0.0,0.0,0.0,500,0.26802500000000007,0,0,1,0
7707,0.0,0.0,0.0,500,0.2679300000000001,0,0,1,0
7708,0.0,0.0,0.0,500,0.26783499999999993,0,0,1,0
7709,0.0,0.0,0.0,500,0.26774,0,0,1,0
7710,0.0,0.0,0.0,500,0.267645,0,0,1,0
7711,0.0,0.0,0.0,500,0.26755000000000007,0,0,1,0
7712,0.0,0.0,0.0,500,0.267455,0,0,1,0
7713,0.0,0.0,0.0,500,0.26736000000000004,0,0,1,0
7714,0.0,0.0,0.0,500,0.2672650000000001,0,0,1,0
7715,0.0,0.0,0.0,500,0.26717,0,0,1,0
7716,0.0,0.0,0.0,500,0.26707500000000006,0,0,1,0
7717,0.0,0.0,0.0,500,0.2669800000000001,0,0,1,0
7718,0.0,0.0,0.0,500,0.26688500000000004,0,0,1,0
7719,0.0,0.0,0.0,500,0.26678999999999997,0,0,1,0
7720,0.0,0.0,0.0,500,0.266695,0,0,1,0
7721,0.0,0.0,0.0,500,0.26660000000000006,0,0,1,0
7722,0.0,0.0,0.0,500,0.266505,0,0,1,0
7723,0.0,0.0,0.0,500,0.26641000000000004,0,0,1,0
7724,0.0,0.0,0.0,500,0.2663150000000001,0,0,1,0
7725,0.0,0.0,0.0,500,0.26622,0,0,1,0
7726,0.0,0.0,0.0,500,0.26612500000000006,0,0,1,0
7727,0.0,0.0,0.0,500,0.2660300000000001,0,0,1,0
7728,0.0,0.0,0.0,500,0.26593500000000003,0,0,1,0
7729,0.0,0.0,0.0,500,0.26583999999999997,0,0,1,0
7730,0.0,0.0,0.0,500,0.265745,0,0,1,0
7731,0.0,0.0,0.0,500,0.26565000000000005,0,0,1,0
7732,0.0,0.0,0.0,500,0.265555,0,0,1,0
7733,0.0,0.0,0.0,500,0.26546000000000003,0,0,1,0
7734,0.0,0.0,0.0,500,0.2653650000000001,0,0,1,0
7735,0.0,0.0,0.0,500,0.26527,0,0,1,0
7736,0.0,0.0,0.0,500,0.26517500000000005,0,0,1,0
7737,0.0,0.0,0.0,500,0.2650800000000001,0,0,1,0
7738,0.0,0.0,0.0,500,0.264985,0,0,1,0
7739,0.0,0.0,0.0,500,0.26488999999999996,0,0,1,0
7740,0.0,0.0,0.0,500,0.264795,0,0,1,0
7741,0.0,0.0,0.0,500,0.26470000000000005,0,0,1,0
7742,0.0,0.0,0.0,500,0.264605,0,0,1,0
7743,0.0,0.0,0.0,500,0.26451,0,0,1,0
7744,0.0,0.0,0.0,500,0.26441500000000007,0,0,1,0
7745,0.0,0.0,0.0,500,0.2643200000000001,0,0,1,0
7746,0.0,0.0,0.0,500,0.26422500000000004,0,0,1,0
7747,0.0,0.0,0.0,500,0.2641300000000001,0,0,1,0
7748,0.0,0.0,0.0,500,0.264035,0,0,1,0
7749,0.0,0.0,0.0,500,0.26393999999999995,0,0,1,0
7750,0.0,0.0,0.0,500,0.263845,0,0,1,0
7751,0.0,0.0,0.0,500,0.26375000000000004,0,0,1,0
7752,0.0,0.0,0.0,500,0.263655,0,0,1,0
7753,0.0,0.0,0.0,500,0.26356,0,0,1,0
7754,0.0,0.0,0.0,500,0.26346500000000006,0,0,1,0
7755,0.0,0.0,0.0,500,0.2633700000000001,0,0,1,0
7756,0.0,0.0,0.0,500,0.26327500000000004,0,0,1,0
7757,0.0,0.0,0.0,500,0.2631800000000001,0,0,1,0
7758,0.0,0.0,0.0,500,0.2630850000000001,0,0,1,0
7759,0.0,0.0,0.0,500,0.26298999999999995,0,0,1,0
7760,0.0,0.0,0.0,500,0.262895,0,0,1,0
7761,0.0,0.0,0.0,500,0.26280000000000003,0,0,1,0
7762,0.0,0.0,0.0,500,0.2627050000000001,0,0,1,0
7763,0.0,0.0,0.0,500,0.26261,0,0,1,0
7764,0.0,0.0,0.0,500,0.26251500000000005,0,0,1,0
7765,0.0,0.0,0.0,500,0.2624200000000001,0,0,1,0
7766,0.0,0.0,0.0,500,0.26232500000000003,0,0,1,0
7767,0.0,0.0,0.0,500,0.2622300000000001,0,0,1,0
7768,0.0,0.0,0.0,500,0.2621350000000001,0,0,1,0
7769,0.0,0.0,0.0,500,0.26203999999999994,0,0,1,0
7770,0.0,0.0,0.0,500,0.261945,0,0,1,0
7771,0.0,0.0,0.0,500,0.26185,0,0,1,0
7772,0.0,0.0,0.0,500,0.26175500000000007,0,0,1,0
7773,0.0,0.0,0.0,500,0.26166,0,0,1,0
7774,0.0,0.0,0.0,500,0.26156500000000005,0,0,1,0
7775,0.0,0.0,0.0,500,0.2614700000000001,0,0,1,0
7776,0.0,0.0,0.0,500,0.261375,0,0,1,0
7777,0.0,0.0,0.0,500,0.26128000000000007,0,0,1,0
7778,0.0,0.0,0.0,500,0.2611850000000001,0,0,1,0
7779,0.0,0.0,0.0,500,0.26109000000000004,0,0,1,0
7780,0.0,0.0,0.0,500,0.260995,0,0,1,0
7781,0.0,0.0,0.0,500,0.2609,0,0,1,0
7782,0.0,0.0,0.0,500,0.26080500000000006,0,0,1,0
7783,0.0,0.0,0.0,500,0.26071,0,0,1,0
7784,0.0,0.0,0.0,500,0.26061500000000004,0,0,1,0
7785,0.0,0.0,0.0,500,0.2605200000000001,0,0,1,0
7786,0.0,0.0,0.0,500,0.260425,0,0,1,0
7787,0.0,0.0,0.0,500,0.26033000000000006,0,0,1,0
7788,0.0,0.0,0.0,500,0.2602350000000001,0,0,1,0
7789,0.0,0.0,0.0,500,0.26014000000000004,0,0,1,0
7790,0.0,0.0,0.0,500,0.26004499999999997,0,0,1,0
7791,0.0,0.0,0.0,500,0.25995,0,0,1,0
7792,0.0,0.0,0.0,500,0.25985500000000006,0,0,1,0
7793,0.0,0.0,0.0,500,0.25976,0,0,1,0
7794,0.0,0.0,0.0,500,0.25966500000000003,0,0,1,0
7795,0.0,0.0,0.0,500,0.2595700000000001,0,0,1,0
7796,0.0,0.0,0.0,500,0.259475,0,0,1,0
7797,0.0,0.0,0.0,500,0.25938000000000005,0,0,1,0
7798,0.0,0.0,0.0,500,0.2592850000000001,0,0,1,0
7799,0.0,0.0,0.0,500,0.25919000000000003,0,0,1,0
7800,0.0,0.0,0.0,500,0.25909499999999996,0,0,1,0
7801,0.0,0.0,0.0,500,0.259,0,0,1,0
7802,0.0,0.0,0.0,500,0.25890500000000005,0,0,1,0
7803,0.0,0.0,0.0,500,0.25881,0,0,1,0
7804,0.0,0.0,0.0,500,0.25871500000000003,0,0,1,0
7805,0.0,0.0,0.0,500,0.25862000000000007,0,0,1,0
7806,0.0,0.0,0.0,500,0.2585250000000001,0,0,1,0
7807,0.0,0.0,0.0,500,0.25843000000000005,0,0,1,0
7808,0.0,0.0,0.0,500,0.2583350000000001,0,0,1,0
7809,0.0,0.0,0.0,500,0.25824,0,0,1,0
7810,0.0,0.0,0.0,500,0.25814499999999996,0,0,1,0
7811,0.0,0.0,0.0,500,0.25805,0,0,1,0
7812,0.0,0.0,0.0,500,0.25795500000000005,0,0,1,0
7813,0.0,0.0,0.0,500,0.25786,0,0,1,0
7814,0.0,0.0,0.0,500,0.257765,0,0,1,0
7815,0.0,0.0,0.0,500,0.25767000000000007,0,0,1,0
7816,0.0,0.0,0.0,500,0.2575750000000001,0,0,1,0
7817,0.0,0.0,0.0,500,0.25748000000000004,0,0,1,0
7818,0.0,0.0,0.0,500,0.2573850000000001,0,0,1,0
7819,0.0,0.0,0.0,500,0.25729,0,0,1,0
7820,0.0,0.0,0.0,500,0.25719499999999995,0,0,1,0
7821,0.0,0.0,0.0,500,0.2571,0,0,1,0
7822,0.0,0.0,0.0,500,0.25700500000000004,0,0,1,0
7823,0.0,0.0,0.0,500,0.2569100000000001,0,0,1,0
7824,0.0,0.0,0.0,500,0.256815,0,0,1,0
7825,0.0,0.0,0.0,500,0.25672000000000006,0,0,1,0
7826,0.0,0.0,0.0,500,0.2566250000000001,0,0,1,0
7827,0.0,0.0,0.0,500,0.25653000000000004,0,0,1,0
7828,0.0,0.0,0.0,500,0.2564350000000001,0,0,1,0
7829,0.0,0.0,0.0,500,0.25634,0,0,1,0
7830,0.0,0.0,0.0,500,0.25624499999999995,0,0,1,0
7831,0.0,0.0,0.0,500,0.25615,0,0,1,0
7832,0.0,0.0,0.0,500,0.25605500000000003,0,0,1,0
7833,0.0,0.0,0.0,500,0.2559600000000001,0,0,1,0
7834,0.0,0.0,0.0,500,0.255865,0,0,1,0
7835,0.0,0.0,0.0,500,0.25577000000000005,0,0,1,0
7836,0.0,0.0,0.0,500,0.2556750000000001,0,0,1,0
7837,0.0,0.0,0.0,500,0.25558000000000003,0,0,1,0
7838,0.0,0.0,0.0,500,0.2554850000000001,0,0,1,0
7839,0.0,0.0,0.0,500,0.25539,0,0,1,0
7840,0.0,0.0,0.0,500,0.25529500000000005,0,0,1,0
7841,0.0,0.0,0.0,500,0.2552,0,0,1,0
7842,0.0,0.0,0.0,500,0.255105,0,0,1,0
7843,0.0,0.0,0.0,500,0.25501000000000007,0,0,1,0
7844,0.0,0.0,0.0,500,0.254915,0,0,1,0
7845,0.0,0.0,0.0,500,0.25482000000000005,0,0,1,0
7846,0.0,0.0,0.0,500,0.2547250000000001,0,0,1,0
7847,0.0,0.0,0.0,500,0.25463,0,0,1,0
7848,0.0,0.0,0.0,500,0.25453500000000007,0,0,1,0
7849,0.0,0.0,0.0,500,0.25444,0,0,1,0
7850,0.0,0.0,0.0,500,0.25434500000000004,0,0,1,0
7851,0.0,0.0,0.0,500,0.25425,0,0,1,0
7852,0.0,0.0,0.0,500,0.254155,0,0,1,0
7853,0.0,0.0,0.0,500,0.25406000000000006,0,0,1,0
7854,0.0,0.0,0.0,500,0.253965,0,0,1,0
7855,0.0,0.0,0.0,500,0.25387000000000004,0,0,1,0
7856,0.0,0.0,0.0,500,0.2537750000000001,0,0,1,0
7857,0.0,0.0,0.0,500,0.25368,0,0,1,0
7858,0.0,0.0,0.0,500,0.25358500000000006,0,0,1,0
7859,0.0,0.0,0.0,500,0.25349,0,0,1,0
7860,0.0,0.0,0.0,500,0.25339500000000004,0,0,1,0
7861,0.0,0.0,0.0,500,0.25329999999999997,0,0,1,0
7862,0.0,0.0,0.0,500,0.253205,0,0,1,0
7863,0.0,0.0,0.0,500,0.25311000000000006,0,0,1,0
7864,0.0,0.0,0.0,500,0.253015,0,0,1,0
7865,0.0,0.0,0.0,500,0.25292000000000003,0,0,1,0
7866,0.0,0.0,0.0,500,0.2528250000000001,0,0,1,0
7867,0.0,0.0,0.0,500,0.2527300000000001,0,0,1,0
7868,0.0,0.0,0.0,500,0.25263500000000005,0,0,1,0
7869,0.0,0.0,0.0,500,0.25254,0,0,1,0
7870,0.0,0.0,0.0,500,0.25244500000000003,0,0,1,0
7871,0.0,0.0,0.0,500,0.25234999999999996,0,0,1,0
7872,0.0,0.0,0.0,500,0.252255,0,0,1,0
7873,0.0,0.0,0.0,500,0.25216000000000005,0,0,1,0
7874,0.0,0.0,0.0,500,0.252065,0,0,1,0
7875,0.0,0.0,0.0,500,0.25197,0,0,1,0
7876,0.0,0.0,0.0,500,0.25187500000000007,0,0,1,0
7877,0.0,0.0,0.0,500,0.2517800000000001,0,0,1,0
7878,0.0,0.0,0.0,500,0.25168500000000005,0,0,1,0
7879,0.0,0.0,0.0,500,0.2515900000000001,0,0,1,0
7880,0.0,0.0,0.0,500,0.251495,0,0,1,0
7881,0.0,0.0,0.0,500,0.25139999999999996,0,0,1,0
7882,0.0,0.0,0.0,500,0.251305,0,0,1,0
7883,0.0,0.0,0.0,500,0.25121000000000004,0,0,1,0
7884,0.0,0.0,0.0,500,0.2511150000000001,0,0,1,0
7885,0.0,0.0,0.0,500,0.25102,0,0,1,0
7886,0.0,0.0,0.0,500,0.25092500000000006,0,0,1,0
7887,0.0,0.0,0.0,500,0.2508300000000001,0,0,1,0
7888,0.0,0.0,0.0,500,0.25073500000000004,0,0,1,0
7889,0.0,0.0,0.0,500,0.2506400000000001,0,0,1,0
7890,0.0,0.0,0.0,500,0.250545,0,0,1,0
7891,0.0,0.0,0.0,500,0.25044999999999995,0,0,1,0
7892,0.0,0.0,0.0,500,0.250355,0,0,1,0
7893,0.0,0.0,0.0,500,0.25026000000000004,0,0,1,0
7894,0.0,0.0,0.0,500,0.2501650000000001,0,0,1,0
7895,0.0,0.0,0.0,500,0.25007,0,0,1,0
7896,0.0,0.0,0.0,500,0.24997500000000006,0,0,1,0
7897,0.0,0.0,0.0,500,0.2498800000000001,0,0,1,0
7898,0.0,0.0,0.0,500,0.24978500000000003,0,0,1,0
7899,0.0,0.0,0.0,500,0.24969000000000008,0,0,1,0
7900,0.0,0.0,0.0,500,0.249595,0,0,1,0
7901,0.0,0.0,0.0,500,0.24950000000000006,0,0,1,0
7902,0.0,0.0,0.0,500,0.249405,0,0,1,0
7903,0.0,0.0,0.0,500,0.24931000000000003,0,0,1,0
7904,0.0,0.0,0.0,500,0.24921500000000008,0,0,1,0
7905,0.0,0.0,0.0,500,0.24912,0,0,1,0
7906,0.0,0.0,0.0,500,0.24902500000000005,0,0,1,0
7907,0.0,0.0,0.0,500,0.2489300000000001,0,0,1,0
7908,0.0,0.0,0.0,500,0.24883500000000003,0,0,1,0
7909,0.0,0.0,0.0,500,0.24874000000000007,0,0,1,0
7910,0.0,0.0,0.0,500,0.248645,0,0,1,0
7911,0.0,0.0,0.0,500,0.24855000000000005,0,0,1,0
7912,0.0,0.0,0.0,500,0.24845499999999998,0,0,1,0
7913,0.0,0.0,0.0,500,0.24836000000000003,0,0,1,0
7914,0.0,0.0,0.0,500,0.24826500000000007,0,0,1,0
7915,0.0,0.0,0.0,500,0.24817,0,0,1,0
7916,0.0,0.0,0.0,500,0.24807500000000005,0,0,1,0
7917,0.0,0.0,0.0,500,0.2479800000000001,0,0,1,0
7918,0.0,0.0,0.0,500,0.24788500000000002,0,0,1,0
7919,0.0,0.0,0.0,500,0.24779000000000007,0,0,1,0
7920,0.0,0.0,0.0,500,0.247695,0,0,1,0
7921,0.0,0.0,0.0,500,0.24760000000000004,0,0,1,0
7922,0.0,0.0,0.0,500,0.24750499999999998,0,0,1,0
7923,0.0,0.0,0.0,500,0.24741000000000002,0,0,1,0
7924,0.0,0.0,0.0,500,0.24731500000000006,0,0,1,0
7925,0.0,0.0,0.0,500,0.24722,0,0,1,0
7926,0.0,0.0,0.0,500,0.24712500000000004,0,0,1,0
7927,0.0,0.0,0.0,500,0.24703000000000008,0,0,1,0
7928,0.0,0.0,0.0,500,0.24693500000000013,0,0,1,0
7929,0.0,0.0,0.0,500,0.24684000000000006,0,0,1,0
7930,0.0,0.0,0.0,500,0.246745,0,0,1,0
7931,0.0,0.0,0.0,500,0.24665000000000004,0,0,1,0
7932,0.0,0.0,0.0,500,0.24655499999999997,0,0,1,0
7933,0.0,0.0,0.0,500,0.24646,0,0,1,0
7934,0.0,0.0,0.0,500,0.24636500000000006,0,0,1,0
7935,0.0,0.0,0.0,500,0.24627,0,0,1,0
7936,0.0,0.0,0.0,500,0.24617500000000003,0,0,1,0
7937,0.0,0.0,0.0,500,0.24608000000000008,0,0,1,0
7938,0.0,0.0,0.0,500,0.24598500000000012,0,0,1,0
7939,0.0,0.0,0.0,500,0.24589000000000005,0,0,1,0
7940,0.0,0.0,0.0,500,0.24579499999999999,0,0,1,0
7941,0.0,0.0,0.0,500,0.24570000000000003,0,0,1,0
7942,0.0,0.0,0.0,500,0.24560499999999996,0,0,1,0
7943,0.0,0.0,0.0,500,0.24551,0,0,1,0
7944,0.0,0.0,0.0,500,0.24541500000000005,0,0,1,0
7945,0.0,0.0,0.0,500,0.2453200000000001,0,0,1,0
7946,0.0,0.0,0.0,500,0.24522500000000003,0,0,1,0
7947,0.0,0.0,0.0,500,0.24513000000000007,0,0,1,0
7948,0.0,0.0,0.0,500,0.2450350000000001,0,0,1,0
7949,0.0,0.0,0.0,500,0.24494000000000005,0,0,1,0
7950,0.0,0.0,0.0,500,0.24484499999999998,0,0,1,0
7951,0.0,0.0,0.0,500,0.24475000000000002,0,0,1,0
7952,0.0,0.0,0.0,500,0.24465499999999996,0,0,1,0
7953,0.0,0.0,0.0,500,0.24456,0,0,1,0
7954,0.0,0.0,0.0,500,0.24446500000000004,0,0,1,0
7955,0.0,0.0,0.0,500,0.2443700000000001,0,0,1,0
7956,0.0,0.0,0.0,500,0.24427500000000002,0,0,1,0
7957,0.0,0.0,0.0,500,0.24418000000000006,0,0,1,0
7958,0.0,0.0,0.0,500,0.2440850000000001,0,0,1,0
7959,0.0,0.0,0.0,500,0.24399000000000004,0,0,1,0
7960,0.0,0.0,0.0,500,0.24389499999999997,0,0,1,0
7961,0.0,0.0,0.0,500,0.24380000000000002,0,0,1,0
7962,0.0,0.0,0.0,500,0.24370500000000006,0,0,1,0
7963,0.0,0.0,0.0,500,0.24361,0,0,1,0
7964,0.0,0.0,0.0,500,0.24351500000000004,0,0,1,0
7965,0.0,0.0,0.0,500,0.24342000000000008,0,0,1,0
7966,0.0,0.0,0.0,500,0.243325,0,0,1,0
7967,0.0,0.0,0.0,500,0.24323000000000006,0,0,1,0
7968,0.0,0.0,0.0,500,0.2431350000000001,0,0,1,0
7969,0.0,0.0,0.0,500,0.24304000000000003,0,0,1,0
7970,0.0,0.0,0.0,500,0.24294499999999997,0,0,1,0
7971,0.0,0.0,0.0,500,0.24285,0,0,1,0
7972,0.0,0.0,0.0,500,0.24275500000000005,0,0,1,0
7973,0.0,0.0,0.0,500,0.24266,0,0,1,0
7974,0.0,0.0,0.0,500,0.24256500000000003,0,0,1,0
7975,0.0,0.0,0.0,500,0.24247000000000007,0,0,1,0
7976,0.0,0.0,0.0,500,0.242375,0,0,1,0
7977,0.0,0.0,0.0,500,0.24228000000000005,0,0,1,0
7978,0.0,0.0,0.0,500,0.2421850000000001,0,0,1,0
7979,0.0,0.0,0.0,500,0.24209000000000003,0,0,1,0
7980,0.0,0.0,0.0,500,0.24199499999999996,0,0,1,0
7981,0.0,0.0,0.0,500,0.2419,0,0,1,0
7982,0.0,0.0,0.0,500,0.24180500000000005,0,0,1,0
7983,0.0,0.0,0.0,500,0.24170999999999998,0,0,1,0
7984,0.0,0.0,0.0,500,0.24161500000000002,0,0,1,0
7985,0.0,0.0,0.0,500,0.24152000000000007,0,0,1,0
7986,0.0,0.0,0.0,500,0.241425,0,0,1,0
7987,0.0,0.0,0.0,500,0.24133000000000004,0,0,1,0
7988,0.0,0.0,0.0,500,0.2412350000000001,0,0,1,0
7989,0.0,0.0,0.0,500,0.24114000000000013,0,0,1,0
7990,0.0,0.0,0.0,500,0.24104499999999995,0,0,1,0
7991,0.0,0.0,0.0,500,0.24095,0,0,1,0
7992,0.0,0.0,0.0,500,0.24085500000000004,0,0,1,0
7993,0.0,0.0,0.0,500,0.24075999999999997,0,0,1,0
7994,0.0,0.0,0.0,500,0.24066500000000002,0,0,1,0
7995,0.0,0.0,0.0,500,0.24057000000000006,0,0,1,0
7996,0.0,0.0,0.0,500,0.240475,0,0,1,0
7997,0.0,0.0,0.0,500,0.24038000000000004,0,0,1,0
7998,0.0,0.0,0.0,500,0.24028500000000008,0,0,1,0
7999,0.0,0.0,0.0,500,0.24019000000000013,0,0,1,0
8000,0.0,0.0,0.0,500,0.24009499999999995,0,0,1,0
8001,0.0,0.0,0.0,500,0.24,0,0,1,0
8002,0.0,0.0,0.0,500,0.23990500000000003,0,0,1,0
8003,0.0,0.0,0.0,500,0.23980999999999997,0,0,1,0
8004,0.0,0.0,0.0,500,0.239715,0,0,1,0
8005,0.0,0.0,0.0,500,0.23962000000000006,0,0,1,0
8006,0.0,0.0,0.0,500,0.2395250000000001,0,0,1,0
8007,0.0,0.0,0.0,500,0.23943000000000003,0,0,1,0
8008,0.0,0.0,0.0,500,0.23933500000000008,0,0,1,0
8009,0.0,0.0,0.0,500,0.23924000000000012,0,0,1,0
8010,0.0,0.0,0.0,500,0.23914500000000005,0,0,1,0
8011,0.0,0.0,0.0,500,0.23904999999999998,0,0,1,0
8012,0.0,0.0,0.0,500,0.23895500000000003,0,0,1,0
8013,0.0,0.0,0.0,500,0.23885999999999996,0,0,1,0
8014,0.0,0.0,0.0,500,0.238765,0,0,1,0
8015,0.0,0.0,0.0,500,0.23867000000000005,0,0,1,0
8016,0.0,0.0,0.0,500,0.2385750000000001,0,0,1,0
8017,0.0,0.0,0.0,500,0.23848000000000003,0,0,1,0
8018,0.0,0.0,0.0,500,0.23838500000000007,0,0,1,0
8019,0.0,0.0,0.0,500,0.2382900000000001,0,0,1,0
8020,0.0,0.0,0.0,500,0.23819500000000005,0,0,1,0
8021,0.0,0.0,0.0,500,0.23809999999999998,0,0,1,0
8022,0.0,0.0,0.0,500,0.23800500000000002,0,0,1,0
8023,0.0,0.0,0.0,500,0.23791000000000007,0,0,1,0
8024,0.0,0.0,0.0,500,0.237815,0,0,1,0
8025,0.0,0.0,0.0,500,0.23772000000000004,0,0,1,0
8026,0.0,0.0,0.0,500,0.2376250000000001,0,0,1,0
8027,0.0,0.0,0.0,500,0.23753000000000002,0,0,1,0
8028,0.0,0.0,0.0,500,0.23743500000000006,0,0,1,0
8029,0.0,0.0,0.0,500,0.2373400000000001,0,0,1,0
8030,0.0,0.0,0.0,500,0.23724500000000004,0,0,1,0
8031,0.0,0.0,0.0,500,0.23714999999999997,0,0,1,0
8032,0.0,0.0,0.0,500,0.23705500000000002,0,0,1,0
8033,0.0,0.0,0.0,500,0.23696000000000006,0,0,1,0
8034,0.0,0.0,0.0,500,0.236865,0,0,1,0
8035,0.0,0.0,0.0,500,0.23677000000000004,0,0,1,0
8036,0.0,0.0,0.0,500,0.23667500000000008,0,0,1,0
8037,0.0,0.0,0.0,500,0.23658,0,0,1,0
8038,0.0,0.0,0.0,500,0.23648500000000006,0,0,1,0
8039,0.0,0.0,0.0,500,0.2363900000000001,0,0,1,0
8040,0.0,0.0,0.0,500,0.23629500000000003,0,0,1,0
8041,0.0,0.0,0.0,500,0.23619999999999997,0,0,1,0
8042,0.0,0.0,0.0,500,0.236105,0,0,1,0
8043,0.0,0.0,0.0,500,0.23601000000000005,0,0,1,0
8044,0.0,0.0,0.0,500,0.23591499999999999,0,0,1,0
8045,0.0,0.0,0.0,500,0.23582000000000003,0,0,1,0
8046,0.0,0.0,0.0,500,0.23572500000000007,0,0,1,0
8047,0.0,0.0,0.0,500,0.23563,0,0,1,0
8048,0.0,0.0,0.0,500,0.23553500000000005,0,0,1,0
8049,0.0,0.0,0.0,500,0.2354400000000001,0,0,1,0
8050,0.0,0.0,0.0,500,0.23534500000000014,0,0,1,0
8051,0.0,0.0,0.0,500,0.23524999999999996,0,0,1,0
8052,0.0,0.0,0.0,500,0.235155,0,0,1,0
8053,0.0,0.0,0.0,500,0.23506000000000005,0,0,1,0
8054,0.0,0.0,0.0,500,0.23496499999999998,0,0,1,0
8055,0.0,0.0,0.0,500,0.23487000000000002,0,0,1,0
8056,0.0,0.0,0.0,500,0.23477500000000007,0,0,1,0
8057,0.0,0.0,0.0,500,0.23468,0,0,1,0
8058,0.0,0.0,0.0,500,0.23458500000000004,0,0,1,0
8059,0.0,0.0,0.0,500,0.2344900000000001,0,0,1,0
8060,0.0,0.0,0.0,500,0.23439500000000013,0,0,1,0
8061,0.0,0.0,0.0,500,0.23429999999999995,0,0,1,0
8062,0.0,0.0,0.0,500,0.234205,0,0,1,0
8063,0.0,0.0,0.0,500,0.23411000000000004,0,0,1,0
8064,0.0,0.0,0.0,500,0.23401499999999997,0,0,1,0
8065,0.0,0.0,0.0,500,0.23392000000000002,0,0,1,0
8066,0.0,0.0,0.0,500,0.23382500000000006,0,0,1,0
8067,0.0,0.0,0.0,500,0.2337300000000001,0,0,1,0
8068,0.0,0.0,0.0,500,0.23363500000000004,0,0,1,0
8069,0.0,0.0,0.0,500,0.23354000000000008,0,0,1,0
8070,0.0,0.0,0.0,500,0.23344500000000012,0,0,1,0
8071,0.0,0.0,0.0,500,0.23334999999999995,0,0,1,0
8072,0.0,0.0,0.0,500,0.233255,0,0,1,0
8073,0.0,0.0,0.0,500,0.23316000000000003,0,0,1,0
8074,0.0,0.0,0.0,500,0.23306499999999997,0,0,1,0
8075,0.0,0.0,0.0,500,0.23297,0,0,1,0
8076,0.0,0.0,0.0,500,0.23287500000000005,0,0,1,0
8077,0.0,0.0,0.0,500,0.2327800000000001,0,0,1,0
8078,0.0,0.0,0.0,500,0.23268500000000003,0,0,1,0
8079,0.0,0.0,0.0,500,0.23259000000000007,0,0,1,0
8080,0.0,0.0,0.0,500,0.23249500000000012,0,0,1,0
8081,0.0,0.0,0.0,500,0.23239999999999994,0,0,1,0
8082,0.0,0.0,0.0,500,0.23230499999999998,0,0,1,0
8083,0.0,0.0,0.0,500,0.23221000000000003,0,0,1,0
8084,0.0,0.0,0.0,500,0.23211500000000007,0,0,1,0
8085,0.0,0.0,0.0,500,0.23202,0,0,1,0
8086,0.0,0.0,0.0,500,0.23192500000000005,0,0,1,0
8087,0.0,0.0,0.0,500,0.2318300000000001,0,0,1,0
8088,0.0,0.0,0.0,500,0.23173500000000002,0,0,1,0
8089,0.0,0.0,0.0,500,0.23164000000000007,0,0,1,0
8090,0.0,0.0,0.0,500,0.2315450000000001,0,0,1,0
8091,0.0,0.0,0.0,500,0.23144999999999993,0,0,1,0
8092,0.0,0.0,0.0,500,0.23135499999999998,0,0,1,0
8093,0.0,0.0,0.0,500,0.23126000000000002,0,0,1,0
8094,0.0,0.0,0.0,500,0.23116500000000006,0,0,1,0
8095,0.0,0.0,0.0,500,0.23107,0,0,1,0
8096,0.0,0.0,0.0,500,0.23097500000000004,0,0,1,0
8097,0.0,0.0,0.0,500,0.23088000000000009,0,0,1,0
8098,0.0,0.0,0.0,500,0.23078500000000002,0,0,1,0
8099,0.0,0.0,0.0,500,0.23069000000000006,0,0,1,0
8100,0.0,0.0,0.0,500,0.2305950000000001,0,0,1,0
8101,0.0,0.0,0.0,500,0.23050000000000004,0,0,1,0
8102,0.0,0.0,0.0,500,0.23040499999999997,0,0,1,0
8103,0.0,0.0,0.0,500,0.23031000000000001,0,0,1,0
8104,0.0,0.0,0.0,500,0.23021500000000006,0,0,1,0
8105,0.0,0.0,0.0,500,0.23012,0,0,1,0
8106,0.0,0.0,0.0,500,0.23002500000000003,0,0,1,0
8107,0.0,0.0,0.0,500,0.22993000000000008,0,0,1,0
8108,0.0,0.0,0.0,500,0.229835,0,0,1,0
8109,0.0,0.0,0.0,500,0.22974000000000006,0,0,1,0
8110,0.0,0.0,0.0,500,0.2296450000000001,0,0,1,0
8111,0.0,0.0,0.0,500,0.22955000000000003,0,0,1,0
8112,0.0,0.0,0.0,500,0.22945499999999996,0,0,1,0
8113,0.0,0.0,0.0,500,0.22936,0,0,1,0
8114,0.0,0.0,0.0,500,0.22926500000000005,0,0,1,0
8115,0.0,0.0,0.0,500,0.22916999999999998,0,0,1,0
8116,0.0,0.0,0.0,500,0.22907500000000003,0,0,1,0
8117,0.0,0.0,0.0,500,0.22898000000000007,0,0,1,0
8118,0.0,0.0,0.0,500,0.228885,0,0,1,0
8119,0.0,0.0,0.0,500,0.22879000000000005,0,0,1,0
8120,0.0,0.0,0.0,500,0.2286950000000001,0,0,1,0
8121,0.0,0.0,0.0,500,0.22860000000000003,0,0,1,0
8122,0.0,0.0,0.0,500,0.22850499999999996,0,0,1,0
8123,0.0,0.0,0.0,500,0.22841,0,0,1,0
8124,0.0,0.0,0.0,500,0.22831500000000005,0,0,1,0
8125,0.0,0.0,0.0,500,0.22821999999999998,0,0,1,0
8126,0.0,0.0,0.0,500,0.22812500000000002,0,0,1,0
8127,0.0,0.0,0.0,500,0.22803000000000007,0,0,1,0
8128,0.0,0.0,0.0,500,0.2279350000000001,0,0,1,0
8129,0.0,0.0,0.0,500,0.22784000000000004,0,0,1,0
8130,0.0,0.0,0.0,500,0.2277450000000001,0,0,1,0
8131,0.0,0.0,0.0,500,0.22765000000000013,0,0,1,0
8132,0.0,0.0,0.0,500,0.22755499999999995,0,0,1,0
8133,0.0,0.0,0.0,500,0.22746,0,0,1,0
8134,0.0,0.0,0.0,500,0.22736500000000004,0,0,1,0
8135,0.0,0.0,0.0,500,0.22726999999999997,0,0,1,0
8136,0.0,0.0,0.0,500,0.22717500000000002,0,0,1,0
8137,0.0,0.0,0.0,500,0.22708000000000006,0,0,1,0
8138,0.0,0.0,0.0,500,0.2269850000000001,0,0,1,0
8139,0.0,0.0,0.0,500,0.22689000000000004,0,0,1,0
8140,0.0,0.0,0.0,500,0.22679500000000008,0,0,1,0
8141,0.0,0.0,0.0,500,0.22670000000000012,0,0,1,0
8142,0.0,0.0,0.0,500,0.22660499999999995,0,0,1,0
8143,0.0,0.0,0.0,500,0.22651,0,0,1,0
8144,0.0,0.0,0.0,500,0.22641500000000003,0,0,1,0
8145,0.0,0.0,0.0,500,0.22632000000000008,0,0,1,0
8146,0.0,0.0,0.0,500,0.226225,0,0,1,0
8147,0.0,0.0,0.0,500,0.22613000000000005,0,0,1,0
8148,0.0,0.0,0.0,500,0.2260350000000001,0,0,1,0
8149,0.0,0.0,0.0,500,0.22594000000000003,0,0,1,0
8150,0.0,0.0,0.0,500,0.22584500000000007,0,0,1,0
8151,0.0,0.0,0.0,500,0.22575000000000012,0,0,1,0
8152,0.0,0.0,0.0,500,0.22565499999999994,0,0,1,0
8153,0.0,0.0,0.0,500,0.22555999999999998,0,0,1,0
8154,0.0,0.0,0.0,500,0.22546500000000003,0,0,1,0
8155,0.0,0.0,0.0,500,0.22537000000000007,0,0,1,0
8156,0.0,0.0,0.0,500,0.225275,0,0,1,0
8157,0.0,0.0,0.0,500,0.22518000000000005,0,0,1,0
8158,0.0,0.0,0.0,500,0.2250850000000001,0,0,1,0
8159,0.0,0.0,0.0,500,0.22499000000000002,0,0,1,0
8160,0.0,0.0,0.0,500,0.22489500000000007,0,0,1,0
8161,0.0,0.0,0.0,500,0.2248000000000001,0,0,1,0
8162,0.0,0.0,0.0,500,0.22470500000000004,0,0,1,0
8163,0.0,0.0,0.0,500,0.22460999999999998,0,0,1,0
8164,0.0,0.0,0.0,500,0.22451500000000002,0,0,1,0
8165,0.0,0.0,0.0,500,0.22442000000000006,0,0,1,0
8166,0.0,0.0,0.0,500,0.224325,0,0,1,0
8167,0.0,0.0,0.0,500,0.22423000000000004,0,0,1,0
8168,0.0,0.0,0.0,500,0.22413500000000008,0,0,1,0
8169,0.0,0.0,0.0,500,0.22404000000000002,0,0,1,0
8170,0.0,0.0,0.0,500,0.22394500000000006,0,0,1,0
8171,0.0,0.0,0.0,500,0.2238500000000001,0,0,1,0
8172,0.0,0.0,0.0,500,0.22375500000000004,0,0,1,0
8173,0.0,0.0,0.0,500,0.22365999999999997,0,0,1,0
8174,0.0,0.0,0.0,500,0.223565,0,0,1,0
8175,0.0,0.0,0.0,500,0.22347000000000006,0,0,1,0
8176,0.0,0.0,0.0,500,0.223375,0,0,1,0
8177,0.0,0.0,0.0,500,0.22328000000000003,0,0,1,0
8178,0.0,0.0,0.0,500,0.22318500000000008,0,0,1,0
8179,0.0,0.0,0.0,500,0.22309,0,0,1,0
8180,0.0,0.0,0.0,500,0.22299500000000005,0,0,1,0
8181,0.0,0.0,0.0,500,0.2229000000000001,0,0,1,0
8182,0.0,0.0,0.0,500,0.22280500000000003,0,0,1,0
8183,0.0,0.0,0.0,500,0.22270999999999996,0,0,1,0
8184,0.0,0.0,0.0,500,0.222615,0,0,1,0
8185,0.0,0.0,0.0,500,0.22252000000000005,0,0,1,0
8186,0.0,0.0,0.0,500,0.22242499999999998,0,0,1,0
8187,0.0,0.0,0.0,500,0.22233000000000003,0,0,1,0
8188,0.0,0.0,0.0,500,0.22223500000000007,0,0,1,0
8189,0.0,0.0,0.0,500,0.22214000000000012,0,0,1,0
8190,0.0,0.0,0.0,500,0.22204500000000005,0,0,1,0
8191,0.0,0.0,0.0,500,0.2219500000000001,0,0,1,0
8192,0.0,0.0,0.0,500,0.22185500000000002,0,0,1,0
8193,0.0,0.0,0.0,500,0.22175999999999996,0,0,1,0
8194,0.0,0.0,0.0,500,0.221665,0,0,1,0
8195,0.0,0.0,0.0,500,0.22157000000000004,0,0,1,0
8196,0.0,0.0,0.0,500,0.22147499999999998,0,0,1,0
8197,0.0,0.0,0.0,500,0.22138000000000002,0,0,1,0
8198,0.0,0.0,0.0,500,0.22128500000000006,0,0,1,0
8199,0.0,0.0,0.0,500,0.2211900000000001,0,0,1,0
8200,0.0,0.0,0.0,500,0.22109500000000004,0,0,1,0
8201,0.0,0.0,0.0,500,0.22100000000000009,0,0,1,0
8202,0.0,0.0,0.0,500,0.22090500000000002,0,0,1,0
8203,0.0,0.0,0.0,500,0.22080999999999995,0,0,1,0
8204,0.0,0.0,0.0,500,0.220715,0,0,1,0
8205,0.0,0.0,0.0,500,0.22062000000000004,0,0,1,0
8206,0.0,0.0,0.0,500,0.22052500000000008,0,0,1,0
8207,0.0,0.0,0.0,500,0.22043000000000001,0,0,1,0
8208,0.0,0.0,0.0,500,0.22033500000000006,0,0,1,0
8209,0.0,0.0,0.0,500,0.2202400000000001,0,0,1,0
8210,0.0,0.0,0.0,500,0.22014500000000004,0,0,1,0
8211,0.0,0.0,0.0,500,0.22005000000000008,0,0,1,0
8212,0.0,0.0,0.0,500,0.219955,0,0,1,0
8213,0.0,0.0,0.0,500,0.21985999999999994,0,0,1,0
8214,0.0,0.0,0.0,500,0.219765,0,0,1,0
8215,0.0,0.0,0.0,500,0.21967000000000003,0,0,1,0
8216,0.0,0.0,0.0,500,0.21957500000000008,0,0,1,0
8217,0.0,0.0,0.0,500,0.21948,0,0,1,0
8218,0.0,0.0,0.0,500,0.21938500000000005,0,0,1,0
8219,0.0,0.0,0.0,500,0.2192900000000001,0,0,1,0
8220,0.0,0.0,0.0,500,0.21919500000000003,0,0,1,0
8221,0.0,0.0,0.0,500,0.21910000000000007,0,0,1,0
8222,0.0,0.0,0.0,500,0.219005,0,0,1,0
8223,0.0,0.0,0.0,500,0.21891000000000005,0,0,1,0
8224,0.0,0.0,0.0,500,0.21881499999999998,0,0,1,0
8225,0.0,0.0,0.0,500,0.21872000000000003,0,0,1,0
8226,0.0,0.0,0.0,500,0.21862500000000007,0,0,1,0
8227,0.0,0.0,0.0,500,0.21853,0,0,1,0
8228,0.0,0.0,0.0,500,0.21843500000000005,0,0,1,0
8229,0.0,0.0,0.0,500,0.2183400000000001,0,0,1,0
8230,0.0,0.0,0.0,500,0.21824500000000002,0,0,1,0
8231,0.0,0.0,0.0,500,0.21815000000000007,0,0,1,0
8232,0.0,0.0,0.0,500,0.218055,0,0,1,0
8233,0.0,0.0,0.0,500,0.21796000000000004,0,0,1,0
8234,0.0,0.0,0.0,500,0.21786499999999998,0,0,1,0
8235,0.0,0.0,0.0,500,0.21777000000000002,0,0,1,0
8236,0.0,0.0,0.0,500,0.21767500000000006,0,0,1,0
8237,0.0,0.0,0.0,500,0.21758,0,0,1,0
8238,0.0,0.0,0.0,500,0.21748500000000004,0,0,1,0
8239,0.0,0.0,0.0,500,0.21739000000000008,0,0,1,0
8240,0.0,0.0,0.0,500,0.21729500000000002,0,0,1,0
8241,0.0,0.0,0.0,500,0.21720000000000006,0,0,1,0
8242,0.0,0.0,0.0,500,0.217105,0,0,1,0
8243,0.0,0.0,0.0,500,0.21701000000000004,0,0,1,0
8244,0.0,0.0,0.0,500,0.21691499999999997,0,0,1,0
8245,0.0,0.0,0.0,500,0.21682,0,0,1,0
8246,0.0,0.0,0.0,500,0.21672500000000006,0,0,1,0
8247,0.0,0.0,0.0,500,0.21663,0,0,1,0
8248,0.0,0.0,0.0,500,0.21653500000000003,0,0,1,0
8249,0.0,0.0,0.0,500,0.21644000000000008,0,0,1,0
8250,0.0,0.0,0.0,500,0.21634500000000012,0,0,1,0
8251,0.0,0.0,0.0,500,0.21625000000000005,0,0,1,0
8252,0.0,0.0,0.0,500,0.2161550000000001,0,0,1,0
8253,0.0,0.0,0.0,500,0.21606000000000003,0,0,1,0
8254,0.0,0.0,0.0,500,0.21596499999999996,0,0,1,0
8255,0.0,0.0,0.0,500,0.21587,0,0,1,0
8256,0.0,0.0,0.0,500,0.21577500000000005,0,0,1,0
8257,0.0,0.0,0.0,500,0.21567999999999998,0,0,1,0
8258,0.0,0.0,0.0,500,0.21558500000000003,0,0,1,0
8259,0.0,0.0,0.0,500,0.21549000000000007,0,0,1,0
8260,0.0,0.0,0.0,500,0.21539500000000011,0,0,1,0
8261,0.0,0.0,0.0,500,0.21530000000000005,0,0,1,0
8262,0.0,0.0,0.0,500,0.2152050000000001,0,0,1,0
8263,0.0,0.0,0.0,500,0.21511000000000002,0,0,1,0
8264,0.0,0.0,0.0,500,0.21501499999999996,0,0,1,0
8265,0.0,0.0,0.0,500,0.21492,0,0,1,0
8266,0.0,0.0,0.0,500,0.21482500000000004,0,0,1,0
8267,0.0,0.0,0.0,500,0.2147300000000001,0,0,1,0
8268,0.0,0.0,0.0,500,0.21463500000000002,0,0,1,0
8269,0.0,0.0,0.0,500,0.21454000000000006,0,0,1,0
8270,0.0,0.0,0.0,500,0.2144450000000001,0,0,1,0
8271,0.0,0.0,0.0,500,0.21435000000000004,0,0,1,0
8272,0.0,0.0,0.0,500,0.21425500000000008,0,0,1,0
8273,0.0,0.0,0.0,500,0.21416000000000002,0,0,1,0
8274,0.0,0.0,0.0,500,0.21406499999999995,0,0,1,0
8275,0.0,0.0,0.0,500,0.21397,0,0,1,0
8276,0.0,0.0,0.0,500,0.21387500000000004,0,0,1,0
8277,0.0,0.0,0.0,500,0.21378000000000008,0,0,1,0
8278,0.0,0.0,0.0,500,0.213685,0,0,1,0
8279,0.0,0.0,0.0,500,0.21359000000000006,0,0,1,0
8280,0.0,0.0,0.0,500,0.2134950000000001,0,0,1,0
8281,0.0,0.0,0.0,500,0.21340000000000003,0,0,1,0
8282,0.0,0.0,0.0,500,0.21330500000000008,0,0,1,0
8283,0.0,0.0,0.0,500,0.21321,0,0,1,0
8284,0.0,0.0,0.0,500,0.21311500000000005,0,0,1,0
8285,0.0,0.0,0.0,500,0.21302,0,0,1,0
8286,0.0,0.0,0.0,500,0.21292500000000003,0,0,1,0
8287,0.0,0.0,0.0,500,0.21283000000000007,0,0,1,0
8288,0.0,0.0,0.0,500,0.212735,0,0,1,0
8289,0.0,0.0,0.0,500,0.21264000000000005,0,0,1,0
8290,0.0,0.0,0.0,500,0.2125450000000001,0,0,1,0
8291,0.0,0.0,0.0,500,0.21245000000000003,0,0,1,0
8292,0.0,0.0,0.0,500,0.21235500000000007,0,0,1,0
8293,0.0,0.0,0.0,500,0.21226,0,0,1,0
8294,0.0,0.0,0.0,500,0.21216500000000005,0,0,1,0
8295,0.0,0.0,0.0,500,0.21206999999999998,0,0,1,0
8296,0.0,0.0,0.0,500,0.21197500000000002,0,0,1,0
8297,0.0,0.0,0.0,500,0.21188000000000007,0,0,1,0
8298,0.0,0.0,0.0,500,0.211785,0,0,1,0
8299,0.0,0.0,0.0,500,0.21169000000000004,0,0,1,0
8300,0.0,0.0,0.0,500,0.2115950000000001,0,0,1,0
8301,0.0,0.0,0.0,500,0.21150000000000002,0,0,1,0
8302,0.0,0.0,0.0,500,0.21140500000000007,0,0,1,0
8303,0.0,0.0,0.0,500,0.21131,0,0,1,0
8304,0.0,0.0,0.0,500,0.21121500000000004,0,0,1,0
8305,0.0,0.0,0.0,500,0.21111999999999997,0,0,1,0
8306,0.0,0.0,0.0,500,0.21102500000000002,0,0,1,0
8307,0.0,0.0,0.0,500,0.21093000000000006,0,0,1,0
8308,0.0,0.0,0.0,500,0.210835,0,0,1,0
8309,0.0,0.0,0.0,500,0.21074000000000004,0,0,1,0
8310,0.0,0.0,0.0,500,0.21064500000000008,0,0,1,0
8311,0.0,0.0,0.0,500,0.21055000000000013,0,0,1,0
8312,0.0,0.0,0.0,500,0.21045500000000006,0,0,1,0
8313,0.0,0.0,0.0,500,0.21036,0,0,1,0
8314,0.0,0.0,0.0,500,0.21026500000000004,0,0,1,0
8315,0.0,0.0,0.0,500,0.21016999999999997,0,0,1,0
8316,0.0,0.0,0.0,500,0.210075,0,0,1,0
8317,0.0,0.0,0.0,500,0.20998000000000006,0,0,1,0
8318,0.0,0.0,0.0,500,0.209885,0,0,1,0
8319,0.0,0.0,0.0,500,0.20979000000000003,0,0,1,0
8320,0.0,0.0,0.0,500,0.20969500000000008,0,0,1,0
8321,0.0,0.0,0.0,500,0.20960000000000012,0,0,1,0
8322,0.0,0.0,0.0,500,0.20950500000000005,0,0,1,0
8323,0.0,0.0,0.0,500,0.20940999999999999,0,0,1,0
8324,0.0,0.0,0.0,500,0.20931500000000003,0,0,1,0
8325,0.0,0.0,0.0,500,0.20921999999999996,0,0,1,0
8326,0.0,0.0,0.0,500,0.209125,0,0,1,0
8327,0.0,0.0,0.0,500,0.20903000000000005,0,0,1,0
8328,0.0,0.0,0.0,500,0.2089350000000001,0,0,1,0
8329,0.0,0.0,0.0,500,0.20884000000000003,0,0,1,0
8330,0.0,0.0,0.0,500,0.20874500000000007,0,0,1,0
8331,0.0,0.0,0.0,500,0.2086500000000001,0,0,1,0
8332,0.0,0.0,0.0,500,0.20855500000000005,0,0,1,0
8333,0.0,0.0,0.0,500,0.20845999999999998,0,0,1,0
8334,0.0,0.0,0.0,500,0.20836500000000002,0,0,1,0
8335,0.0,0.0,0.0,500,0.20826999999999996,0,0,1,0
8336,0.0,0.0,0.0,500,0.208175,0,0,1,0
8337,0.0,0.0,0.0,500,0.20808000000000004,0,0,1,0
8338,0.0,0.0,0.0,500,0.2079850000000001,0,0,1,0
8339,0.0,0.0,0.0,500,0.20789000000000002,0,0,1,0
8340,0.0,0.0,0.0,500,0.20779500000000006,0,0,1,0
8341,0.0,0.0,0.0,500,0.2077000000000001,0,0,1,0
8342,0.0,0.0,0.0,500,0.20760500000000004,0,0,1,0
8343,0.0,0.0,0.0,500,0.20750999999999997,0,0,1,0
8344,0.0,0.0,0.0,500,0.20741500000000002,0,0,1,0
8345,0.0,0.0,0.0,500,0.20732000000000006,0,0,1,0
8346,0.0,0.0,0.0,500,0.207225,0,0,1,0
8347,0.0,0.0,0.0,500,0.20713000000000004,0,0,1,0
8348,0.0,0.0,0.0,500,0.20703500000000008,0,0,1,0
8349,0.0,0.0,0.0,500,0.20694,0,0,1,0
8350,0.0,0.0,0.0,500,0.20684500000000006,0,0,1,0
8351,0.0,0.0,0.0,500,0.2067500000000001,0,0,1,0
8352,0.0,0.0,0.0,500,0.20665500000000003,0,0,1,0
8353,0.0,0.0,0.0,500,0.20655999999999997,0,0,1,0
8354,0.0,0.0,0.0,500,0.206465,0,0,1,0
8355,0.0,0.0,0.0,500,0.20637000000000005,0,0,1,0
8356,0.0,0.0,0.0,500,0.206275,0,0,1,0
8357,0.0,0.0,0.0,500,0.20618000000000003,0,0,1,0
8358,0.0,0.0,0.0,500,0.20608500000000007,0,0,1,0
8359,0.0,0.0,0.0,500,0.20599,0,0,1,0
8360,0.0,0.0,0.0,500,0.20589500000000005,0,0,1,0
8361,0.0,0.0,0.0,500,0.2058000000000001,0,0,1,0
8362,0.0,0.0,0.0,500,0.20570500000000003,0,0,1,0
8363,0.0,0.0,0.0,500,0.20560999999999996,0,0,1,0
8364,0.0,0.0,0.0,500,0.205515,0,0,1,0
8365,0.0,0.0,0.0,500,0.20542000000000005,0,0,1,0
8366,0.0,0.0,0.0,500,0.20532499999999998,0,0,1,0
8367,0.0,0.0,0.0,500,0.20523000000000002,0,0,1,0
8368,0.0,0.0,0.0,500,0.20513500000000007,0,0,1,0
8369,0.0,0.0,0.0,500,0.20504,0,0,1,0
8370,0.0,0.0,0.0,500,0.20494500000000004,0,0,1,0
8371,0.0,0.0,0.0,500,0.2048500000000001,0,0,1,0
8372,0.0,0.0,0.0,500,0.20475500000000013,0,0,1,0
8373,0.0,0.0,0.0,500,0.20465999999999995,0,0,1,0
8374,0.0,0.0,0.0,500,0.204565,0,0,1,0
8375,0.0,0.0,0.0,500,0.20447000000000004,0,0,1,0
8376,0.0,0.0,0.0,500,0.20437499999999997,0,0,1,0
8377,0.0,0.0,0.0,500,0.20428000000000002,0,0,1,0
8378,0.0,0.0,0.0,500,0.20418500000000006,0,0,1,0
8379,0.0,0.0,0.0,500,0.20409,0,0,1,0
8380,0.0,0.0,0.0,500,0.20399500000000004,0,0,1,0
8381,0.0,0.0,0.0,500,0.20390000000000008,0,0,1,0
8382,0.0,0.0,0.0,500,0.20380500000000012,0,0,1,0
8383,0.0,0.0,0.0,500,0.20371000000000006,0,0,1,0
8384,0.0,0.0,0.0,500,0.203615,0,0,1,0
8385,0.0,0.0,0.0,500,0.20352000000000003,0,0,1,0
8386,0.0,0.0,0.0,500,0.20342499999999997,0,0,1,0
8387,0.0,0.0,0.0,500,0.20333,0,0,1,0
8388,0.0,0.0,0.0,500,0.20323500000000005,0,0,1,0
8389,0.0,0.0,0.0,500,0.2031400000000001,0,0,1,0
8390,0.0,0.0,0.0,500,0.20304500000000003,0,0,1,0
8391,0.0,0.0,0.0,500,0.20295000000000007,0,0,1,0
8392,0.0,0.0,0.0,500,0.20285500000000012,0,0,1,0
8393,0.0,0.0,0.0,500,0.20276000000000005,0,0,1,0
8394,0.0,0.0,0.0,500,0.20266499999999998,0,0,1,0
8395,0.0,0.0,0.0,500,0.20257000000000003,0,0,1,0
8396,0.0,0.0,0.0,500,0.20247499999999996,0,0,1,0
8397,0.0,0.0,0.0,500,0.20238,0,0,1,0
8398,0.0,0.0,0.0,500,0.20228500000000005,0,0,1,0
8399,0.0,0.0,0.0,500,0.2021900000000001,0,0,1,0
8400,0.0,0.0,0.0,500,0.20209500000000002,0,0,1,0
8401,0.0,0.0,0.0,500,0.20200000000000007,0,0,1,0
8402,0.0,0.0,0.0,500,0.2019050000000001,0,0,1,0
8403,0.0,0.0,0.0,500,0.20181000000000004,0,0,1,0
8404,0.0,0.0,0.0,500,0.20171499999999998,0,0,1,0
8405,0.0,0.0,0.0,500,0.20162000000000002,0,0,1,0
8406,0.0,0.0,0.0,500,0.20152500000000007,0,0,1,0
8407,0.0,0.0,0.0,500,0.20143,0,0,1,0
8408,0.0,0.0,0.0,500,0.20133500000000004,0,0,1,0
8409,0.0,0.0,0.0,500,0.20124000000000009,0,0,1,0
8410,0.0,0.0,0.0,500,0.20114500000000002,0,0,1,0
8411,0.0,0.0,0.0,500,0.20105000000000006,0,0,1,0
8412,0.0,0.0,0.0,500,0.2009550000000001,0,0,1,0
8413,0.0,0.0,0.0,500,0.20086000000000004,0,0,1,0
8414,0.0,0.0,0.0,500,0.20076499999999997,0,0,1,0
8415,0.0,0.0,0.0,500,0.20067000000000002,0,0,1,0
8416,0.0,0.0,0.0,500,0.20057500000000006,0,0,1,0
8417,0.0,0.0,0.0,500,0.20048,0,0,1,0
8418,0.0,0.0,0.0,500,0.20038500000000004,0,0,1,0
8419,0.0,0.0,0.0,500,0.20029000000000008,0,0,1,0
8420,0.0,0.0,0.0,500,0.200195,0,0,1,0
8421,0.0,0.0,0.0,500,0.20010000000000006,0,0,1,0
8422,0.0,0.0,0.0,500,0.2000050000000001,0,0,1,0
8423,0.0,0.0,0.0,500,0.19991000000000003,0,0,1,0
8424,0.0,0.0,0.0,500,0.19981499999999996,0,0,1,0
8425,0.0,0.0,0.0,500,0.19972,0,0,1,0
8426,0.0,0.0,0.0,500,0.19962500000000005,0,0,1,0
8427,0.0,0.0,0.0,500,0.19952999999999999,0,0,1,0
8428,0.0,0.0,0.0,500,0.19943500000000003,0,0,1,0
8429,0.0,0.0,0.0,500,0.19934000000000007,0,0,1,0
8430,0.0,0.0,0.0,500,0.199245,0,0,1,0
8431,0.0,0.0,0.0,500,0.19915000000000005,0,0,1,0
8432,0.0,0.0,0.0,500,0.1990550000000001,0,0,1,0
8433,0.0,0.0,0.0,500,0.19896000000000014,0,0,1,0
8434,0.0,0.0,0.0,500,0.19886499999999996,0,0,1,0
8435,0.0,0.0,0.0,500,0.19877,0,0,1,0
8436,0.0,0.0,0.0,500,0.19867500000000005,0,0,1,0
8437,0.0,0.0,0.0,500,0.19857999999999998,0,0,1,0
8438,0.0,0.0,0.0,500,0.19848500000000002,0,0,1,0
8439,0.0,0.0,0.0,500,0.19839000000000007,0,0,1,0
8440,0.0,0.0,0.0,500,0.198295,0,0,1,0
8441,0.0,0.0,0.0,500,0.19820000000000004,0,0,1,0
8442,0.0,0.0,0.0,500,0.1981050000000001,0,0,1,0
8443,0.0,0.0,0.0,500,0.19801000000000013,0,0,1,0
8444,0.0,0.0,0.0,500,0.19791499999999995,0,0,1,0
8445,0.0,0.0,0.0,500,0.19782,0,0,1,0
8446,0.0,0.0,0.0,500,0.19772500000000004,0,0,1,0
8447,0.0,0.0,0.0,500,0.19762999999999997,0,0,1,0
8448,0.0,0.0,0.0,500,0.19753500000000002,0,0,1,0
8449,0.0,0.0,0.0,500,0.19744000000000006,0,0,1,0
8450,0.0,0.0,0.0,500,0.1973450000000001,0,0,1,0
8451,0.0,0.0,0.0,500,0.19725000000000004,0,0,1,0
8452,0.0,0.0,0.0,500,0.19715500000000008,0,0,1,0
8453,0.0,0.0,0.0,500,0.19706000000000012,0,0,1,0
8454,0.0,0.0,0.0,500,0.19696499999999995,0,0,1,0
8455,0.0,0.0,0.0,500,0.19687,0,0,1,0
8456,0.0,0.0,0.0,500,0.19677500000000003,0,0,1,0
8457,0.0,0.0,0.0,500,0.19667999999999997,0,0,1,0
8458,0.0,0.0,0.0,500,0.196585,0,0,1,0
8459,0.0,0.0,0.0,500,0.19649000000000005,0,0,1,0
8460,0.0,0.0,0.0,500,0.1963950000000001,0,0,1,0
8461,0.0,0.0,0.0,500,0.19630000000000003,0,0,1,0
8462,0.0,0.0,0.0,500,0.19620500000000007,0,0,1,0
8463,0.0,0.0,0.0,500,0.19611000000000012,0,0,1,0
8464,0.0,0.0,0.0,500,0.19601499999999994,0,0,1,0
8465,0.0,0.0,0.0,500,0.19591999999999998,0,0,1,0
8466,0.0,0.0,0.0,500,0.19582500000000003,0,0,1,0
8467,0.0,0.0,0.0,500,0.19573000000000007,0,0,1,0
8468,0.0,0.0,0.0,500,0.195635,0,0,1,0
8469,0.0,0.0,0.0,500,0.19554000000000005,0,0,1,0
8470,0.0,0.0,0.0,500,0.1954450000000001,0,0,1,0
8471,0.0,0.0,0.0,500,0.19535000000000002,0,0,1,0
8472,0.0,0.0,0.0,500,0.19525500000000007,0,0,1,0
8473,0.0,0.0,0.0,500,0.1951600000000001,0,0,1,0
8474,0.0,0.0,0.0,500,0.19506499999999993,0,0,1,0
8475,0.0,0.0,0.0,500,0.19496999999999998,0,0,1,0
8476,0.0,0.0,0.0,500,0.19487500000000002,0,0,1,0
8477,0.0,0.0,0.0,500,0.19478000000000006,0,0,1,0
8478,0.0,0.0,0.0,500,0.194685,0,0,1,0
8479,0.0,0.0,0.0,500,0.19459000000000004,0,0,1,0
8480,0.0,0.0,0.0,500,0.19449500000000008,0,0,1,0
8481,0.0,0.0,0.0,500,0.19440000000000002,0,0,1,0
8482,0.0,0.0,0.0,500,0.19430500000000006,0,0,1,0
8483,0.0,0.0,0.0,500,0.1942100000000001,0,0,1,0
8484,0.0,0.0,0.0,500,0.19411500000000004,0,0,1,0
8485,0.0,0.0,0.0,500,0.19401999999999997,0,0,1,0
8486,0.0,0.0,0.0,500,0.19392500000000001,0,0,1,0
8487,0.0,0.0,0.0,500,0.19383000000000006,0,0,1,0
8488,0.0,0.0,0.0,500,0.193735,0,0,1,0
8489,0.0,0.0,0.0,500,0.19364000000000003,0,0,1,0
8490,0.0,0.0,0.0,500,0.19354500000000008,0,0,1,0
8491,0.0,0.0,0.0,500,0.19345,0,0,1,0
8492,0.0,0.0,0.0,500,0.19335500000000005,0,0,1,0
8493,0.0,0.0,0.0,500,0.1932600000000001,0,0,1,0
8494,0.0,0.0,0.0,500,0.19316500000000003,0,0,1,0
8495,0.0,0.0,0.0,500,0.19306999999999996,0,0,1,0
8496,0.0,0.0,0.0,500,0.192975,0,0,1,0
8497,0.0,0.0,0.0,500,0.19288000000000005,0,0,1,0
8498,0.0,0.0,0.0,500,0.19278499999999998,0,0,1,0
8499,0.0,0.0,0.0,500,0.19269000000000003,0,0,1,0
8500,0.0,0.0,0.0,500,0.19259500000000007,0,0,1,0
8501,0.0,0.0,0.0,500,0.1925,0,0,1,0
8502,0.0,0.0,0.0,500,0.19240500000000005,0,0,1,0
8503,0.0,0.0,0.0,500,0.1923100000000001,0,0,1,0
8504,0.0,0.0,0.0,500,0.19221500000000014,0,0,1,0
8505,0.0,0.0,0.0,500,0.19211999999999996,0,0,1,0
8506,0.0,0.0,0.0,500,0.192025,0,0,1,0
8507,0.0,0.0,0.0,500,0.19193000000000005,0,0,1,0
8508,0.0,0.0,0.0,500,0.19183499999999998,0,0,1,0
8509,0.0,0.0,0.0,500,0.19174000000000002,0,0,1,0
8510,0.0,0.0,0.0,500,0.19164500000000007,0,0,1,0
8511,0.0,0.0,0.0,500,0.1915500000000001,0,0,1,0
8512,0.0,0.0,0.0,500,0.19145500000000004,0,0,1,0
8513,0.0,0.0,0.0,500,0.19136000000000009,0,0,1,0
8514,0.0,0.0,0.0,500,0.19126500000000013,0,0,1,0
8515,0.0,0.0,0.0,500,0.19116999999999995,0,0,1,0
8516,0.0,0.0,0.0,500,0.191075,0,0,1,0
8517,0.0,0.0,0.0,500,0.19098000000000004,0,0,1,0
8518,0.0,0.0,0.0,500,0.19088499999999997,0,0,1,0
8519,0.0,0.0,0.0,500,0.19079000000000002,0,0,1,0
8520,0.0,0.0,0.0,500,0.19069500000000006,0,0,1,0
8521,0.0,0.0,0.0,500,0.1906000000000001,0,0,1,0
8522,0.0,0.0,0.0,500,0.19050500000000004,0,0,1,0
8523,0.0,0.0,0.0,500,0.19041000000000008,0,0,1,0
8524,0.0,0.0,0.0,500,0.19031500000000012,0,0,1,0
8525,0.0,0.0,0.0,500,0.19021999999999994,0,0,1,0
8526,0.0,0.0,0.0,500,0.190125,0,0,1,0
8527,0.0,0.0,0.0,500,0.19003000000000003,0,0,1,0
8528,0.0,0.0,0.0,500,0.18993500000000008,0,0,1,0
8529,0.0,0.0,0.0,500,0.18984,0,0,1,0
8530,0.0,0.0,0.0,500,0.18974500000000005,0,0,1,0
8531,0.0,0.0,0.0,500,0.1896500000000001,0,0,1,0
8532,0.0,0.0,0.0,500,0.18955500000000003,0,0,1,0
8533,0.0,0.0,0.0,500,0.18946000000000007,0,0,1,0
8534,0.0,0.0,0.0,500,0.18936500000000012,0,0,1,0
8535,0.0,0.0,0.0,500,0.18926999999999994,0,0,1,0
8536,0.0,0.0,0.0,500,0.18917499999999998,0,0,1,0
8537,0.0,0.0,0.0,500,0.18908000000000003,0,0,1,0
8538,0.0,0.0,0.0,500,0.18898500000000007,0,0,1,0
8539,0.0,0.0,0.0,500,0.18889,0,0,1,0
8540,0.0,0.0,0.0,500,0.18879500000000005,0,0,1,0
8541,0.0,0.0,0.0,500,0.1887000000000001,0,0,1,0
8542,0.0,0.0,0.0,500,0.18860500000000002,0,0,1,0
8543,0.0,0.0,0.0,500,0.18851000000000007,0,0,1,0
8544,0.0,0.0,0.0,500,0.1884150000000001,0,0,1,0
8545,0.0,0.0,0.0,500,0.18832000000000004,0,0,1,0
8546,0.0,0.0,0.0,500,0.18822499999999998,0,0,1,0
8547,0.0,0.0,0.0,500,0.18813000000000002,0,0,1,0
8548,0.0,0.0,0.0,500,0.18803500000000006,0,0,1,0
8549,0.0,0.0,0.0,500,0.18794,0,0,1,0
8550,0.0,0.0,0.0,500,0.18784500000000004,0,0,1,0
8551,0.0,0.0,0.0,500,0.18775000000000008,0,0,1,0
8552,0.0,0.0,0.0,500,0.18765500000000002,0,0,1,0
8553,0.0,0.0,0.0,500,0.18756000000000006,0,0,1,0
8554,0.0,0.0,0.0,500,0.1874650000000001,0,0,1,0
8555,0.0,0.0,0.0,500,0.18737000000000004,0,0,1,0
8556,0.0,0.0,0.0,500,0.18727499999999997,0,0,1,0
8557,0.0,0.0,0.0,500,0.18718,0,0,1,0
8558,0.0,0.0,0.0,500,0.18708500000000006,0,0,1,0
8559,0.0,0.0,0.0,500,0.18699,0,0,1,0
8560,0.0,0.0,0.0,500,0.18689500000000003,0,0,1,0
8561,0.0,0.0,0.0,500,0.18680000000000008,0,0,1,0
8562,0.0,0.0,0.0,500,0.186705,0,0,1,0
8563,0.0,0.0,0.0,500,0.18661000000000005,0,0,1,0
8564,0.0,0.0,0.0,500,0.1865150000000001,0,0,1,0
8565,0.0,0.0,0.0,500,0.18642000000000003,0,0,1,0
8566,0.0,0.0,0.0,500,0.18632499999999996,0,0,1,0
8567,0.0,0.0,0.0,500,0.18623,0,0,1,0
8568,0.0,0.0,0.0,500,0.18613500000000005,0,0,1,0
8569,0.0,0.0,0.0,500,0.18603999999999998,0,0,1,0
8570,0.0,0.0,0.0,500,0.18594500000000003,0,0,1,0
8571,0.0,0.0,0.0,500,0.18585000000000007,0,0,1,0
8572,0.0,0.0,0.0,500,0.18575500000000011,0,0,1,0
8573,0.0,0.0,0.0,500,0.18566000000000005,0,0,1,0
8574,0.0,0.0,0.0,500,0.1855650000000001,0,0,1,0
8575,0.0,0.0,0.0,500,0.18547000000000002,0,0,1,0
8576,0.0,0.0,0.0,500,0.18537499999999996,0,0,1,0
8577,0.0,0.0,0.0,500,0.18528,0,0,1,0
8578,0.0,0.0,0.0,500,0.18518500000000004,0,0,1,0
8579,0.0,0.0,0.0,500,0.18508999999999998,0,0,1,0
8580,0.0,0.0,0.0,500,0.18499500000000002,0,0,1,0
8581,0.0,0.0,0.0,500,0.18490000000000006,0,0,1,0
8582,0.0,0.0,0.0,500,0.1848050000000001,0,0,1,0
8583,0.0,0.0,0.0,500,0.18471000000000004,0,0,1,0
8584,0.0,0.0,0.0,500,0.18461500000000008,0,0,1,0
8585,0.0,0.0,0.0,500,0.18452000000000002,0,0,1,0
8586,0.0,0.0,0.0,500,0.18442499999999995,0,0,1,0
8587,0.0,0.0,0.0,500,0.18433,0,0,1,0
8588,0.0,0.0,0.0,500,0.18423500000000004,0,0,1,0
8589,0.0,0.0,0.0,500,0.18414000000000008,0,0,1,0
8590,0.0,0.0,0.0,500,0.18404500000000001,0,0,1,0
8591,0.0,0.0,0.0,500,0.18395000000000006,0,0,1,0
8592,0.0,0.0,0.0,500,0.1838550000000001,0,0,1,0
8593,0.0,0.0,0.0,500,0.18376000000000003,0,0,1,0
8594,0.0,0.0,0.0,500,0.18366500000000008,0,0,1,0
8595,0.0,0.0,0.0,500,0.18357,0,0,1,0
8596,0.0,0.0,0.0,500,0.18347499999999994,0,0,1,0
8597,0.0,0.0,0.0,500,0.18338,0,0,1,0
8598,0.0,0.0,0.0,500,0.18328500000000003,0,0,1,0
8599,0.0,0.0,0.0,500,0.18319000000000007,0,0,1,0
8600,0.0,0.0,0.0,500,0.183095,0,0,1,0
8601,0.0,0.0,0.0,500,0.18300000000000005,0,0,1,0
8602,0.0,0.0,0.0,500,0.1829050000000001,0,0,1,0
8603,0.0,0.0,0.0,500,0.18281000000000003,0,0,1,0
8604,0.0,0.0,0.0,500,0.18271500000000007,0,0,1,0
8605,0.0,0.0,0.0,500,0.18262,0,0,1,0
8606,0.0,0.0,0.0,500,0.18252500000000005,0,0,1,0
8607,0.0,0.0,0.0,500,0.18242999999999998,0,0,1,0
8608,0.0,0.0,0.0,500,0.18233500000000002,0,0,1,0
8609,0.0,0.0,0.0,500,0.18224000000000007,0,0,1,0
8610,0.0,0.0,0.0,500,0.182145,0,0,1,0
8611,0.0,0.0,0.0,500,0.18205000000000005,0,0,1,0
8612,0.0,0.0,0.0,500,0.1819550000000001,0,0,1,0
8613,0.0,0.0,0.0,500,0.18186000000000002,0,0,1,0
8614,0.0,0.0,0.0,500,0.18176500000000007,0,0,1,0
8615,0.0,0.0,0.0,500,0.18167,0,0,1,0
8616,0.0,0.0,0.0,500,0.18157500000000004,0,0,1,0
8617,0.0,0.0,0.0,500,0.18147999999999997,0,0,1,0
8618,0.0,0.0,0.0,500,0.18138500000000002,0,0,1,0
8619,0.0,0.0,0.0,500,0.18129000000000006,0,0,1,0
8620,0.0,0.0,0.0,500,0.181195,0,0,1,0
8621,0.0,0.0,0.0,500,0.18110000000000004,0,0,1,0
8622,0.0,0.0,0.0,500,0.18100500000000008,0,0,1,0
8623,0.0,0.0,0.0,500,0.18091000000000002,0,0,1,0
8624,0.0,0.0,0.0,500,0.18081500000000006,0,0,1,0
8625,0.0,0.0,0.0,500,0.18072,0,0,1,0
8626,0.0,0.0,0.0,500,0.18062500000000004,0,0,1,0
8627,0.0,0.0,0.0,500,0.18052999999999997,0,0,1,0
8628,0.0,0.0,0.0,500,0.180435,0,0,1,0
8629,0.0,0.0,0.0,500,0.18034000000000006,0,0,1,0
8630,0.0,0.0,0.0,500,0.180245,0,0,1,0
8631,0.0,0.0,0.0,500,0.18015000000000003,0,0,1,0
8632,0.0,0.0,0.0,500,0.18005500000000008,0,0,1,0
8633,0.0,0.0,0.0,500,0.17996000000000012,0,0,1,0
8634,0.0,0.0,0.0,500,0.17986500000000005,0,0,1,0
8635,0.0,0.0,0.0,500,0.1797700000000001,0,0,1,0
8636,0.0,0.0,0.0,500,0.17967500000000003,0,0,1,0
8637,0.0,0.0,0.0,500,0.17957999999999996,0,0,1,0
8638,0.0,0.0,0.0,500,0.179485,0,0,1,0
8639,0.0,0.0,0.0,500,0.17939000000000005,0,0,1,0
8640,0.0,0.0,0.0,500,0.17929499999999998,0,0,1,0
8641,0.0,0.0,0.0,500,0.17920000000000003,0,0,1,0
8642,0.0,0.0,0.0,500,0.17910500000000007,0,0,1,0
8643,0.0,0.0,0.0,500,0.1790100000000001,0,0,1,0
8644,0.0,0.0,0.0,500,0.17891500000000005,0,0,1,0
8645,0.0,0.0,0.0,500,0.1788200000000001,0,0,1,0
8646,0.0,0.0,0.0,500,0.17872500000000002,0,0,1,0
8647,0.0,0.0,0.0,500,0.17862999999999996,0,0,1,0
8648,0.0,0.0,0.0,500,0.178535,0,0,1,0
8649,0.0,0.0,0.0,500,0.17844000000000004,0,0,1,0
8650,0.0,0.0,0.0,500,0.1783450000000001,0,0,1,0
8651,0.0,0.0,0.0,500,0.17825000000000002,0,0,1,0
8652,0.0,0.0,0.0,500,0.17815500000000006,0,0,1,0
8653,0.0,0.0,0.0,500,0.1780600000000001,0,0,1,0
8654,0.0,0.0,0.0,500,0.17796500000000004,0,0,1,0
8655,0.0,0.0,0.0,500,0.17787000000000008,0,0,1,0
8656,0.0,0.0,0.0,500,0.17777500000000002,0,0,1,0
8657,0.0,0.0,0.0,500,0.17767999999999995,0,0,1,0
8658,0.0,0.0,0.0,500,0.177585,0,0,1,0
8659,0.0,0.0,0.0,500,0.17749000000000004,0,0,1,0
8660,0.0,0.0,0.0,500,0.17739500000000008,0,0,1,0
8661,0.0,0.0,0.0,500,0.1773,0,0,1,0
8662,0.0,0.0,0.0,500,0.17720500000000006,0,0,1,0
8663,0.0,0.0,0.0,500,0.1771100000000001,0,0,1,0
8664,0.0,0.0,0.0,500,0.17701500000000003,0,0,1,0
8665,0.0,0.0,0.0,500,0.17692000000000008,0,0,1,0
8666,0.0,0.0,0.0,500,0.176825,0,0,1,0
8667,0.0,0.0,0.0,500,0.17673000000000005,0,0,1,0
8668,0.0,0.0,0.0,500,0.176635,0,0,1,0
8669,0.0,0.0,0.0,500,0.17654000000000003,0,0,1,0
8670,0.0,0.0,0.0,500,0.17644500000000007,0,0,1,0
8671,0.0,0.0,0.0,500,0.17635,0,0,1,0
8672,0.0,0.0,0.0,500,0.17625500000000005,0,0,1,0
8673,0.0,0.0,0.0,500,0.1761600000000001,0,0,1,0
8674,0.0,0.0,0.0,500,0.17606500000000003,0,0,1,0
8675,0.0,0.0,0.0,500,0.17597000000000007,0,0,1,0
8676,0.0,0.0,0.0,500,0.175875,0,0,1,0
8677,0.0,0.0,0.0,500,0.17578000000000005,0,0,1,0
8678,0.0,0.0,0.0,500,0.17568499999999998,0,0,1,0
8679,0.0,0.0,0.0,500,0.17559000000000002,0,0,1,0
8680,0.0,0.0,0.0,500,0.17549500000000007,0,0,1,0
8681,0.0,0.0,0.0,500,0.1754,0,0,1,0
8682,0.0,0.0,0.0,500,0.17530500000000004,0,0,1,0
8683,0.0,0.0,0.0,500,0.1752100000000001,0,0,1,0
8684,0.0,0.0,0.0,500,0.17511500000000002,0,0,1,0
8685,0.0,0.0,0.0,500,0.17502000000000006,0,0,1,0
8686,0.0,0.0,0.0,500,0.174925,0,0,1,0
8687,0.0,0.0,0.0,500,0.17483000000000004,0,0,1,0
8688,0.0,0.0,0.0,500,0.17473499999999997,0,0,1,0
8689,0.0,0.0,0.0,500,0.17464000000000002,0,0,1,0
8690,0.0,0.0,0.0,500,0.17454500000000006,0,0,1,0
8691,0.0,0.0,0.0,500,0.17445,0,0,1,0
8692,0.0,0.0,0.0,500,0.17435500000000004,0,0,1,0
8693,0.0,0.0,0.0,500,0.17426000000000008,0,0,1,0
8694,0.0,0.0,0.0,500,0.17416500000000013,0,0,1,0
8695,0.0,0.0,0.0,500,0.17407000000000006,0,0,1,0
8696,0.0,0.0,0.0,500,0.173975,0,0,1,0
8697,0.0,0.0,0.0,500,0.17388000000000003,0,0,1,0
8698,0.0,0.0,0.0,500,0.17378499999999997,0,0,1,0
8699,0.0,0.0,0.0,500,0.17369,0,0,1,0
8700,0.0,0.0,0.0,500,0.17359500000000005,0,0,1,0
8701,0.0,0.0,0.0,500,0.1735,0,0,1,0
8702,0.0,0.0,0.0,500,0.17340500000000003,0,0,1,0
8703,0.0,0.0,0.0,500,0.17331000000000008,0,0,1,0
8704,0.0,0.0,0.0,500,0.17321500000000012,0,0,1,0
8705,0.0,0.0,0.0,500,0.17312000000000005,0,0,1,0
8706,0.0,0.0,0.0,500,0.17302499999999998,0,0,1,0
8707,0.0,0.0,0.0,500,0.17293000000000003,0,0,1,0
8708,0.0,0.0,0.0,500,0.17283499999999996,0,0,1,0
8709,0.0,0.0,0.0,500,0.17274,0,0,1,0
8710,0.0,0.0,0.0,500,0.17264500000000005,0,0,1,0
8711,0.0,0.0,0.0,500,0.1725500000000001,0,0,1,0
8712,0.0,0.0,0.0,500,0.17245500000000002,0,0,1,0
8713,0.0,0.0,0.0,500,0.17236000000000007,0,0,1,0
8714,0.0,0.0,0.0,500,0.1722650000000001,0,0,1,0
8715,0.0,0.0,0.0,500,0.17217000000000005,0,0,1,0
8716,0.0,0.0,0.0,500,0.17207499999999998,0,0,1,0
8717,0.0,0.0,0.0,500,0.17198000000000002,0,0,1,0
8718,0.0,0.0,0.0,500,0.17188499999999995,0,0,1,0
8719,0.0,0.0,0.0,500,0.17179,0,0,1,0
8720,0.0,0.0,0.0,500,0.17169500000000004,0,0,1,0
8721,0.0,0.0,0.0,500,0.17160000000000009,0,0,1,0
8722,0.0,0.0,0.0,500,0.17150500000000002,0,0,1,0
8723,0.0,0.0,0.0,500,0.17141000000000006,0,0,1,0
8724,0.0,0.0,0.0,500,0.1713150000000001,0,0,1,0
8725,0.0,0.0,0.0,500,0.17122000000000004,0,0,1,0
8726,0.0,0.0,0.0,500,0.17112499999999997,0,0,1,0
8727,0.0,0.0,0.0,500,0.17103000000000002,0,0,1,0
8728,0.0,0.0,0.0,500,0.17093500000000006,0,0,1,0
8729,0.0,0.0,0.0,500,0.17084,0,0,1,0
8730,0.0,0.0,0.0,500,0.17074500000000004,0,0,1,0
8731,0.0,0.0,0.0,500,0.17065000000000008,0,0,1,0
8732,0.0,0.0,0.0,500,0.170555,0,0,1,0
8733,0.0,0.0,0.0,500,0.17046000000000006,0,0,1,0
8734,0.0,0.0,0.0,500,0.1703650000000001,0,0,1,0
8735,0.0,0.0,0.0,500,0.17027000000000003,0,0,1,0
8736,0.0,0.0,0.0,500,0.17017499999999997,0,0,1,0
8737,0.0,0.0,0.0,500,0.17008,0,0,1,0
8738,0.0,0.0,0.0,500,0.16998500000000005,0,0,1,0
8739,0.0,0.0,0.0,500,0.16988999999999999,0,0,1,0
8740,0.0,0.0,0.0,500,0.16979500000000003,0,0,1,0
8741,0.0,0.0,0.0,500,0.16970000000000007,0,0,1,0
8742,0.0,0.0,0.0,500,0.169605,0,0,1,0
8743,0.0,0.0,0.0,500,0.16951000000000005,0,0,1,0
8744,0.0,0.0,0.0,500,0.1694150000000001,0,0,1,0
8745,0.0,0.0,0.0,500,0.16932000000000003,0,0,1,0
8746,0.0,0.0,0.0,500,0.16922499999999996,0,0,1,0
8747,0.0,0.0,0.0,500,0.16913,0,0,1,0
8748,0.0,0.0,0.0,500,0.16903500000000005,0,0,1,0
8749,0.0,0.0,0.0,500,0.16893999999999998,0,0,1,0
8750,0.0,0.0,0.0,500,0.16884500000000002,0,0,1,0
8751,0.0,0.0,0.0,500,0.16875000000000007,0,0,1,0
8752,0.0,0.0,0.0,500,0.168655,0,0,1,0
8753,0.0,0.0,0.0,500,0.16856000000000004,0,0,1,0
8754,0.0,0.0,0.0,500,0.1684650000000001,0,0,1,0
8755,0.0,0.0,0.0,500,0.16837000000000013,0,0,1,0
8756,0.0,0.0,0.0,500,0.16827500000000006,0,0,1,0
8757,0.0,0.0,0.0,500,0.16818,0,0,1,0
8758,0.0,0.0,0.0,500,0.16808500000000004,0,0,1,0
8759,0.0,0.0,0.0,500,0.16798999999999997,0,0,1,0
8760,0.0,0.0,0.0,500,0.16789500000000002,0,0,1,0
8761,0.0,0.0,0.0,500,0.16780000000000006,0,0,1,0
8762,0.0,0.0,0.0,500,0.1677050000000001,0,0,1,0
8763,0.0,0.0,0.0,500,0.16761000000000004,0,0,1,0
8764,0.0,0.0,0.0,500,0.16751500000000008,0,0,1,0
8765,0.0,0.0,0.0,500,0.16742000000000012,0,0,1,0
8766,0.0,0.0,0.0,500,0.16732500000000006,0,0,1,0
8767,0.0,0.0,0.0,500,0.16723,0,0,1,0
8768,0.0,0.0,0.0,500,0.16713500000000003,0,0,1,0
8769,0.0,0.0,0.0,500,0.16703999999999997,0,0,1,0
8770,0.0,0.0,0.0,500,0.166945,0,0,1,0
8771,0.0,0.0,0.0,500,0.16685000000000005,0,0,1,0
8772,0.0,0.0,0.0,500,0.1667550000000001,0,0,1,0
8773,0.0,0.0,0.0,500,0.16666000000000003,0,0,1,0
8774,0.0,0.0,0.0,500,0.16656500000000007,0,0,1,0
8775,0.0,0.0,0.0,500,0.16647000000000012,0,0,1,0
8776,0.0,0.0,0.0,500,0.16637500000000005,0,0,1,0
8777,0.0,0.0,0.0,500,0.16627999999999998,0,0,1,0
8778,0.0,0.0,0.0,500,0.16618500000000003,0,0,1,0
8779,0.0,0.0,0.0,500,0.16609000000000007,0,0,1,0
8780,0.0,0.0,0.0,500,0.165995,0,0,1,0
8781,0.0,0.0,0.0,500,0.16590000000000005,0,0,1,0
8782,0.0,0.0,0.0,500,0.1658050000000001,0,0,1,0
8783,0.0,0.0,0.0,500,0.16571000000000002,0,0,1,0
8784,0.0,0.0,0.0,500,0.16561500000000007,0,0,1,0
8785,0.0,0.0,0.0,500,0.1655200000000001,0,0,1,0
8786,0.0,0.0,0.0,500,0.16542500000000004,0,0,1,0
8787,0.0,0.0,0.0,500,0.16532999999999998,0,0,1,0
8788,0.0,0.0,0.0,500,0.16523500000000002,0,0,1,0
8789,0.0,0.0,0.0,500,0.16514000000000006,0,0,1,0
8790,0.0,0.0,0.0,500,0.165045,0,0,1,0
8791,0.0,0.0,0.0,500,0.16495000000000004,0,0,1,0
8792,0.0,0.0,0.0,500,0.16485500000000008,0,0,1,0
8793,0.0,0.0,0.0,500,0.16476000000000002,0,0,1,0
8794,0.0,0.0,0.0,500,0.16466500000000006,0,0,1,0
8795,0.0,0.0,0.0,500,0.1645700000000001,0,0,1,0
8796,0.0,0.0,0.0,500,0.16447500000000004,0,0,1,0
8797,0.0,0.0,0.0,500,0.16437999999999997,0,0,1,0
8798,0.0,0.0,0.0,500,0.16428500000000001,0,0,1,0
8799,0.0,0.0,0.0,500,0.16419000000000006,0,0,1,0
8800,0.0,0.0,0.0,500,0.164095,0,0,1,0
8801,0.0,0.0,0.0,500,0.16400000000000003,0,0,1,0
8802,0.0,0.0,0.0,500,0.16390500000000008,0,0,1,0
8803,0.0,0.0,0.0,500,0.16381,0,0,1,0
8804,0.0,0.0,0.0,500,0.16371500000000005,0,0,1,0
8805,0.0,0.0,0.0,500,0.1636200000000001,0,0,1,0
8806,0.0,0.0,0.0,500,0.16352500000000014,0,0,1,0
8807,0.0,0.0,0.0,500,0.16342999999999996,0,0,1,0
8808,0.0,0.0,0.0,500,0.163335,0,0,1,0
8809,0.0,0.0,0.0,500,0.16324000000000005,0,0,1,0
8810,0.0,0.0,0.0,500,0.16314499999999998,0,0,1,0
8811,0.0,0.0,0.0,500,0.16305000000000003,0,0,1,0
8812,0.0,0.0,0.0,500,0.16295500000000007,0,0,1,0
8813,0.0,0.0,0.0,500,0.16286,0,0,1,0
8814,0.0,0.0,0.0,500,0.16276500000000005,0,0,1,0
8815,0.0,0.0,0.0,500,0.1626700000000001,0,0,1,0
8816,0.0,0.0,0.0,500,0.16257500000000014,0,0,1,0
8817,0.0,0.0,0.0,500,0.16247999999999996,0,0,1,0
8818,0.0,0.0,0.0,500,0.162385,0,0,1,0
8819,0.0,0.0,0.0,500,0.16229000000000005,0,0,1,0
8820,0.0,0.0,0.0,500,0.16219499999999998,0,0,1,0
8821,0.0,0.0,0.0,500,0.16210000000000002,0,0,1,0
8822,0.0,0.0,0.0,500,0.16200500000000007,0,0,1,0
8823,0.0,0.0,0.0,500,0.1619100000000001,0,0,1,0
8824,0.0,0.0,0.0,500,0.16181500000000004,0,0,1,0
8825,0.0,0.0,0.0,500,0.16172000000000009,0,0,1,0
8826,0.0,0.0,0.0,500,0.16162500000000013,0,0,1,0
8827,0.0,0.0,0.0,500,0.16152999999999995,0,0,1,0
8828,0.0,0.0,0.0,500,0.161435,0,0,1,0
8829,0.0,0.0,0.0,500,0.16134000000000004,0,0,1,0
8830,0.0,0.0,0.0,500,0.16124499999999997,0,0,1,0
8831,0.0,0.0,0.0,500,0.16115000000000002,0,0,1,0
8832,0.0,0.0,0.0,500,0.16105500000000006,0,0,1,0
8833,0.0,0.0,0.0,500,0.1609600000000001,0,0,1,0
8834,0.0,0.0,0.0,500,0.16086500000000004,0,0,1,0
8835,0.0,0.0,0.0,500,0.16077000000000008,0,0,1,0
8836,0.0,0.0,0.0,500,0.16067500000000012,0,0,1,0
8837,0.0,0.0,0.0,500,0.16057999999999995,0,0,1,0
8838,0.0,0.0,0.0,500,0.160485,0,0,1,0
8839,0.0,0.0,0.0,500,0.16039000000000003,0,0,1,0
8840,0.0,0.0,0.0,500,0.16029500000000008,0,0,1,0
8841,0.0,0.0,0.0,500,0.1602,0,0,1,0
8842,0.0,0.0,0.0,500,0.16010500000000005,0,0,1,0
8843,0.0,0.0,0.0,500,0.1600100000000001,0,0,1,0
8844,0.0,0.0,0.0,500,0.15991500000000003,0,0,1,0
8845,0.0,0.0,0.0,500,0.15982000000000007,0,0,1,0
8846,0.0,0.0,0.0,500,0.15972500000000012,0,0,1,0
8847,0.0,0.0,0.0,500,0.15962999999999994,0,0,1,0
8848,0.0,0.0,0.0,500,0.15953499999999998,0,0,1,0
8849,0.0,0.0,0.0,500,0.15944000000000003,0,0,1,0
8850,0.0,0.0,0.0,500,0.15934500000000007,0,0,1,0
8851,0.0,0.0,0.0,500,0.15925,0,0,1,0
8852,0.0,0.0,0.0,500,0.15915500000000005,0,0,1,0
8853,0.0,0.0,0.0,500,0.1590600000000001,0,0,1,0
8854,0.0,0.0,0.0,500,0.15896500000000002,0,0,1,0
8855,0.0,0.0,0.0,500,0.15887000000000007,0,0,1,0
8856,0.0,0.0,0.0,500,0.1587750000000001,0,0,1,0
8857,0.0,0.0,0.0,500,0.15868000000000004,0,0,1,0
8858,0.0,0.0,0.0,500,0.15858499999999998,0,0,1,0
8859,0.0,0.0,0.0,500,0.15849000000000002,0,0,1,0
8860,0.0,0.0,0.0,500,0.15839500000000006,0,0,1,0
8861,0.0,0.0,0.0,500,0.1583,0,0,1,0
8862,0.0,0.0,0.0,500,0.15820500000000004,0,0,1,0
8863,0.0,0.0,0.0,500,0.15811000000000008,0,0,1,0
8864,0.0,0.0,0.0,500,0.15801500000000002,0,0,1,0
8865,0.0,0.0,0.0,500,0.15792000000000006,0,0,1,0
8866,0.0,0.0,0.0,500,0.1578250000000001,0,0,1,0
8867,0.0,0.0,0.0,500,0.15773000000000004,0,0,1,0
8868,0.0,0.0,0.0,500,0.15763499999999997,0,0,1,0
8869,0.0,0.0,0.0,500,0.15754,0,0,1,0
8870,0.0,0.0,0.0,500,0.15744500000000006,0,0,1,0
8871,0.0,0.0,0.0,500,0.15735,0,0,1,0
8872,0.0,0.0,0.0,500,0.15725500000000003,0,0,1,0
8873,0.0,0.0,0.0,500,0.15716000000000008,0,0,1,0
8874,0.0,0.0,0.0,500,0.157065,0,0,1,0
8875,0.0,0.0,0.0,500,0.15697000000000005,0,0,1,0
8876,0.0,0.0,0.0,500,0.1568750000000001,0,0,1,0
8877,0.0,0.0,0.0,500,0.15678000000000014,0,0,1,0
8878,0.0,0.0,0.0,500,0.15668499999999996,0,0,1,0
8879,0.0,0.0,0.0,500,0.15659,0,0,1,0
8880,0.0,0.0,0.0,500,0.15649500000000005,0,0,1,0
8881,0.0,0.0,0.0,500,0.15639999999999998,0,0,1,0
8882,0.0,0.0,0.0,500,0.15630500000000003,0,0,1,0
8883,0.0,0.0,0.0,500,0.15621000000000007,0,0,1,0
8884,0.0,0.0,0.0,500,0.15611500000000011,0,0,1,0
8885,0.0,0.0,0.0,500,0.15602000000000005,0,0,1,0
8886,0.0,0.0,0.0,500,0.1559250000000001,0,0,1,0
8887,0.0,0.0,0.0,500,0.15583000000000014,0,0,1,0
8888,0.0,0.0,0.0,500,0.15573499999999996,0,0,1,0
8889,0.0,0.0,0.0,500,0.15564,0,0,1,0
8890,0.0,0.0,0.0,500,0.15554500000000004,0,0,1,0
8891,0.0,0.0,0.0,500,0.15544999999999998,0,0,1,0
8892,0.0,0.0,0.0,500,0.15535500000000002,0,0,1,0
8893,0.0,0.0,0.0,500,0.15526000000000006,0,0,1,0
8894,0.0,0.0,0.0,500,0.1551650000000001,0,0,1,0
8895,0.0,0.0,0.0,500,0.15507000000000004,0,0,1,0
8896,0.0,0.0,0.0,500,0.15497500000000008,0,0,1,0
8897,0.0,0.0,0.0,500,0.15488000000000013,0,0,1,0
8898,0.0,0.0,0.0,500,0.15478499999999995,0,0,1,0
8899,0.0,0.0,0.0,500,0.15469,0,0,1,0
8900,0.0,0.0,0.0,500,0.15459500000000004,0,0,1,0
8901,0.0,0.0,0.0,500,0.15450000000000008,0,0,1,0
8902,0.0,0.0,0.0,500,0.15440500000000001,0,0,1,0
8903,0.0,0.0,0.0,500,0.15431000000000006,0,0,1,0
8904,0.0,0.0,0.0,500,0.1542150000000001,0,0,1,0
8905,0.0,0.0,0.0,500,0.15412000000000003,0,0,1,0
8906,0.0,0.0,0.0,500,0.15402500000000008,0,0,1,0
8907,0.0,0.0,0.0,500,0.15393000000000012,0,0,1,0
8908,0.0,0.0,0.0,500,0.15383499999999994,0,0,1,0
8909,0.0,0.0,0.0,500,0.15374,0,0,1,0
8910,0.0,0.0,0.0,500,0.15364500000000003,0,0,1,0
8911,0.0,0.0,0.0,500,0.15355000000000008,0,0,1,0
8912,0.0,0.0,0.0,500,0.153455,0,0,1,0
8913,0.0,0.0,0.0,500,0.15336000000000005,0,0,1,0
8914,0.0,0.0,0.0,500,0.1532650000000001,0,0,1,0
8915,0.0,0.0,0.0,500,0.15317000000000003,0,0,1,0
8916,0.0,0.0,0.0,500,0.15307500000000007,0,0,1,0
8917,0.0,0.0,0.0,500,0.15298000000000012,0,0,1,0
8918,0.0,0.0,0.0,500,0.15288500000000005,0,0,1,0
8919,0.0,0.0,0.0,500,0.15278999999999998,0,0,1,0
8920,0.0,0.0,0.0,500,0.15269500000000003,0,0,1,0
8921,0.0,0.0,0.0,500,0.15260000000000007,0,0,1,0
8922,0.0,0.0,0.0,500,0.152505,0,0,1,0
8923,0.0,0.0,0.0,500,0.15241000000000005,0,0,1,0
8924,0.0,0.0,0.0,500,0.1523150000000001,0,0,1,0
8925,0.0,0.0,0.0,500,0.15222000000000002,0,0,1,0
8926,0.0,0.0,0.0,500,0.15212500000000007,0,0,1,0
8927,0.0,0.0,0.0,500,0.1520300000000001,0,0,1,0
8928,0.0,0.0,0.0,500,0.15193500000000004,0,0,1,0
8929,0.0,0.0,0.0,500,0.15183999999999997,0,0,1,0
8930,0.0,0.0,0.0,500,0.15174500000000002,0,0,1,0
8931,0.0,0.0,0.0,500,0.15165000000000006,0,0,1,0
8932,0.0,0.0,0.0,500,0.151555,0,0,1,0
8933,0.0,0.0,0.0,500,0.15146000000000004,0,0,1,0
8934,0.0,0.0,0.0,500,0.15136500000000008,0,0,1,0
8935,0.0,0.0,0.0,500,0.15127000000000002,0,0,1,0
8936,0.0,0.0,0.0,500,0.15117500000000006,0,0,1,0
8937,0.0,0.0,0.0,500,0.1510800000000001,0,0,1,0
8938,0.0,0.0,0.0,500,0.15098500000000004,0,0,1,0
8939,0.0,0.0,0.0,500,0.15088999999999997,0,0,1,0
8940,0.0,0.0,0.0,500,0.150795,0,0,1,0
8941,0.0,0.0,0.0,500,0.15070000000000006,0,0,1,0
8942,0.0,0.0,0.0,500,0.150605,0,0,1,0
8943,0.0,0.0,0.0,500,0.15051000000000003,0,0,1,0
8944,0.0,0.0,0.0,500,0.15041500000000008,0,0,1,0
8945,0.0,0.0,0.0,500,0.15032000000000012,0,0,1,0
8946,0.0,0.0,0.0,500,0.15022500000000005,0,0,1,0
8947,0.0,0.0,0.0,500,0.1501300000000001,0,0,1,0
8948,0.0,0.0,0.0,500,0.15003500000000003,0,0,1,0
8949,0.0,0.0,0.0,500,0.14993999999999996,0,0,1,0
8950,0.0,0.0,0.0,500,0.149845,0,0,1,0
8951,0.0,0.0,0.0,500,0.14975000000000005,0,0,1,0
8952,0.0,0.0,0.0,500,0.14965499999999998,0,0,1,0
8953,0.0,0.0,0.0,500,0.14956000000000003,0,0,1,0
8954,0.0,0.0,0.0,500,0.14946500000000007,0,0,1,0
8955,0.0,0.0,0.0,500,0.1493700000000001,0,0,1,0
8956,0.0,0.0,0.0,500,0.14927500000000005,0,0,1,0
8957,0.0,0.0,0.0,500,0.1491800000000001,0,0,1,0
8958,0.0,0.0,0.0,500,0.14908500000000002,0,0,1,0
8959,0.0,0.0,0.0,500,0.14898999999999996,0,0,1,0
8960,0.0,0.0,0.0,500,0.148895,0,0,1,0
8961,0.0,0.0,0.0,500,0.14880000000000004,0,0,1,0
8962,0.0,0.0,0.0,500,0.1487050000000001,0,0,1,0
8963,0.0,0.0,0.0,500,0.14861000000000002,0,0,1,0
8964,0.0,0.0,0.0,500,0.14851500000000006,0,0,1,0
8965,0.0,0.0,0.0,500,0.1484200000000001,0,0,1,0
8966,0.0,0.0,0.0,500,0.14832500000000004,0,0,1,0
8967,0.0,0.0,0.0,500,0.14823000000000008,0,0,1,0
8968,0.0,0.0,0.0,500,0.14813500000000002,0,0,1,0
8969,0.0,0.0,0.0,500,0.14803999999999995,0,0,1,0
8970,0.0,0.0,0.0,500,0.147945,0,0,1,0
8971,0.0,0.0,0.0,500,0.14785000000000004,0,0,1,0
8972,0.0,0.0,0.0,500,0.14775500000000008,0,0,1,0
8973,0.0,0.0,0.0,500,0.14766,0,0,1,0
8974,0.0,0.0,0.0,500,0.14756500000000006,0,0,1,0
8975,0.0,0.0,0.0,500,0.1474700000000001,0,0,1,0
8976,0.0,0.0,0.0,500,0.14737500000000003,0,0,1,0
8977,0.0,0.0,0.0,500,0.14728000000000008,0,0,1,0
8978,0.0,0.0,0.0,500,0.147185,0,0,1,0
8979,0.0,0.0,0.0,500,0.14709000000000005,0,0,1,0
8980,0.0,0.0,0.0,500,0.146995,0,0,1,0
8981,0.0,0.0,0.0,500,0.14690000000000003,0,0,1,0
8982,0.0,0.0,0.0,500,0.14680500000000007,0,0,1,0
8983,0.0,0.0,0.0,500,0.14671,0,0,1,0
8984,0.0,0.0,0.0,500,0.14661500000000005,0,0,1,0
8985,0.0,0.0,0.0,500,0.1465200000000001,0,0,1,0
8986,0.0,0.0,0.0,500,0.14642500000000003,0,0,1,0
8987,0.0,0.0,0.0,500,0.14633000000000007,0,0,1,0
8988,0.0,0.0,0.0,500,0.146235,0,0,1,0
8989,0.0,0.0,0.0,500,0.14614000000000005,0,0,1,0
8990,0.0,0.0,0.0,500,0.14604499999999998,0,0,1,0
8991,0.0,0.0,0.0,500,0.14595000000000002,0,0,1,0
8992,0.0,0.0,0.0,500,0.14585500000000007,0,0,1,0
8993,0.0,0.0,0.0,500,0.14576,0,0,1,0
8994,0.0,0.0,0.0,500,0.14566500000000004,0,0,1,0
8995,0.0,0.0,0.0,500,0.1455700000000001,0,0,1,0
8996,0.0,0.0,0.0,500,0.14547500000000002,0,0,1,0
8997,0.0,0.0,0.0,500,0.14538000000000006,0,0,1,0
8998,0.0,0.0,0.0,500,0.145285,0,0,1,0
8999,0.0,0.0,0.0,500,0.14519000000000004,0,0,1,0
9000,0.0,0.0,0.0,500,0.14509499999999997,0,0,1,0
9001,0.0,0.0,0.0,500,0.14500000000000002,0,0,1,0
9002,0.0,0.0,0.0,500,0.14490500000000006,0,0,1,0
9003,0.0,0.0,0.0,500,0.14481,0,0,1,0
9004,0.0,0.0,0.0,500,0.14471500000000004,0,0,1,0
9005,0.0,0.0,0.0,500,0.14462000000000008,0,0,1,0
9006,0.0,0.0,0.0,500,0.14452500000000013,0,0,1,0
9007,0.0,0.0,0.0,500,0.14443000000000006,0,0,1,0
9008,0.0,0.0,0.0,500,0.1443350000000001,0,0,1,0
9009,0.0,0.0,0.0,500,0.14424000000000003,0,0,1,0
9010,0.0,0.0,0.0,500,0.14414499999999997,0,0,1,0
9011,0.0,0.0,0.0,500,0.14405,0,0,1,0
9012,0.0,0.0,0.0,500,0.14395500000000006,0,0,1,0
9013,0.0,0.0,0.0,500,0.14386,0,0,1,0
9014,0.0,0.0,0.0,500,0.14376500000000003,0,0,1,0
9015,0.0,0.0,0.0,500,0.14367000000000008,0,0,1,0
9016,0.0,0.0,0.0,500,0.14357500000000012,0,0,1,0
9017,0.0,0.0,0.0,500,0.14348000000000005,0,0,1,0
9018,0.0,0.0,0.0,500,0.1433850000000001,0,0,1,0
9019,0.0,0.0,0.0,500,0.14329000000000003,0,0,1,0
9020,0.0,0.0,0.0,500,0.14319499999999996,0,0,1,0
9021,0.0,0.0,0.0,500,0.1431,0,0,1,0
9022,0.0,0.0,0.0,500,0.14300500000000005,0,0,1,0
9023,0.0,0.0,0.0,500,0.1429100000000001,0,0,1,0
9024,0.0,0.0,0.0,500,0.14281500000000003,0,0,1,0
9025,0.0,0.0,0.0,500,0.14272000000000007,0,0,1,0
9026,0.0,0.0,0.0,500,0.1426250000000001,0,0,1,0
9027,0.0,0.0,0.0,500,0.14253000000000005,0,0,1,0
9028,0.0,0.0,0.0,500,0.1424350000000001,0,0,1,0
9029,0.0,0.0,0.0,500,0.14234000000000002,0,0,1,0
9030,0.0,0.0,0.0,500,0.14224499999999995,0,0,1,0
9031,0.0,0.0,0.0,500,0.14215,0,0,1,0
9032,0.0,0.0,0.0,500,0.14205500000000004,0,0,1,0
9033,0.0,0.0,0.0,500,0.14196000000000009,0,0,1,0
9034,0.0,0.0,0.0,500,0.14186500000000002,0,0,1,0
9035,0.0,0.0,0.0,500,0.14177000000000006,0,0,1,0
9036,0.0,0.0,0.0,500,0.1416750000000001,0,0,1,0
9037,0.0,0.0,0.0,500,0.14158000000000004,0,0,1,0
9038,0.0,0.0,0.0,500,0.14148500000000008,0,0,1,0
9039,0.0,0.0,0.0,500,0.14139000000000002,0,0,1,0
9040,0.0,0.0,0.0,500,0.14129500000000006,0,0,1,0
9041,0.0,0.0,0.0,500,0.1412,0,0,1,0
9042,0.0,0.0,0.0,500,0.14110500000000004,0,0,1,0
9043,0.0,0.0,0.0,500,0.14101000000000008,0,0,1,0
9044,0.0,0.0,0.0,500,0.140915,0,0,1,0
9045,0.0,0.0,0.0,500,0.14082000000000006,0,0,1,0
9046,0.0,0.0,0.0,500,0.1407250000000001,0,0,1,0
9047,0.0,0.0,0.0,500,0.14063000000000003,0,0,1,0
9048,0.0,0.0,0.0,500,0.14053500000000008,0,0,1,0
9049,0.0,0.0,0.0,500,0.14044,0,0,1,0
9050,0.0,0.0,0.0,500,0.14034500000000005,0,0,1,0
9051,0.0,0.0,0.0,500,0.14024999999999999,0,0,1,0
9052,0.0,0.0,0.0,500,0.14015500000000003,0,0,1,0
9053,0.0,0.0,0.0,500,0.14006000000000007,0,0,1,0
9054,0.0,0.0,0.0,500,0.139965,0,0,1,0
9055,0.0,0.0,0.0,500,0.13987000000000005,0,0,1,0
9056,0.0,0.0,0.0,500,0.1397750000000001,0,0,1,0
9057,0.0,0.0,0.0,500,0.13968000000000003,0,0,1,0
9058,0.0,0.0,0.0,500,0.13958500000000007,0,0,1,0
9059,0.0,0.0,0.0,500,0.13949,0,0,1,0
9060,0.0,0.0,0.0,500,0.13939500000000005,0,0,1,0
9061,0.0,0.0,0.0,500,0.13929999999999998,0,0,1,0
9062,0.0,0.0,0.0,500,0.13920500000000002,0,0,1,0
9063,0.0,0.0,0.0,500,0.13911000000000007,0,0,1,0
9064,0.0,0.0,0.0,500,0.139015,0,0,1,0
9065,0.0,0.0,0.0,500,0.13892000000000004,0,0,1,0
9066,0.0,0.0,0.0,500,0.1388250000000001,0,0,1,0
9067,0.0,0.0,0.0,500,0.13873000000000013,0,0,1,0
9068,0.0,0.0,0.0,500,0.13863500000000006,0,0,1,0
9069,0.0,0.0,0.0,500,0.13854,0,0,1,0
9070,0.0,0.0,0.0,500,0.13844500000000004,0,0,1,0
9071,0.0,0.0,0.0,500,0.13834999999999997,0,0,1,0
9072,0.0,0.0,0.0,500,0.13825500000000002,0,0,1,0
9073,0.0,0.0,0.0,500,0.13816000000000006,0,0,1,0
9074,0.0,0.0,0.0,500,0.138065,0,0,1,0
9075,0.0,0.0,0.0,500,0.13797000000000004,0,0,1,0
9076,0.0,0.0,0.0,500,0.13787500000000008,0,0,1,0
9077,0.0,0.0,0.0,500,0.13778000000000012,0,0,1,0
9078,0.0,0.0,0.0,500,0.13768500000000006,0,0,1,0
9079,0.0,0.0,0.0,500,0.13759,0,0,1,0
9080,0.0,0.0,0.0,500,0.13749500000000003,0,0,1,0
9081,0.0,0.0,0.0,500,0.13739999999999997,0,0,1,0
9082,0.0,0.0,0.0,500,0.137305,0,0,1,0
9083,0.0,0.0,0.0,500,0.13721000000000005,0,0,1,0
9084,0.0,0.0,0.0,500,0.1371150000000001,0,0,1,0
9085,0.0,0.0,0.0,500,0.13702000000000003,0,0,1,0
9086,0.0,0.0,0.0,500,0.13692500000000007,0,0,1,0
9087,0.0,0.0,0.0,500,0.13683000000000012,0,0,1,0
9088,0.0,0.0,0.0,500,0.13673500000000005,0,0,1,0
9089,0.0,0.0,0.0,500,0.13663999999999998,0,0,1,0
9090,0.0,0.0,0.0,500,0.13654500000000003,0,0,1,0
9091,0.0,0.0,0.0,500,0.13644999999999996,0,0,1,0
9092,0.0,0.0,0.0,500,0.136355,0,0,1,0
9093,0.0,0.0,0.0,500,0.13626000000000005,0,0,1,0
9094,0.0,0.0,0.0,500,0.1361650000000001,0,0,1,0
9095,0.0,0.0,0.0,500,0.13607000000000002,0,0,1,0
9096,0.0,0.0,0.0,500,0.13597500000000007,0,0,1,0
9097,0.0,0.0,0.0,500,0.1358800000000001,0,0,1,0
9098,0.0,0.0,0.0,500,0.13578500000000004,0,0,1,0
9099,0.0,0.0,0.0,500,0.13568999999999998,0,0,1,0
9100,0.0,0.0,0.0,500,0.13559500000000002,0,0,1,0
9101,0.0,0.0,0.0,500,0.13550000000000006,0,0,1,0
9102,0.0,0.0,0.0,500,0.135405,0,0,1,0
9103,0.0,0.0,0.0,500,0.13531000000000004,0,0,1,0
9104,0.0,0.0,0.0,500,0.13521500000000009,0,0,1,0
9105,0.0,0.0,0.0,500,0.13512000000000002,0,0,1,0
9106,0.0,0.0,0.0,500,0.13502500000000006,0,0,1,0
9107,0.0,0.0,0.0,500,0.1349300000000001,0,0,1,0
9108,0.0,0.0,0.0,500,0.13483500000000004,0,0,1,0
9109,0.0,0.0,0.0,500,0.13473999999999997,0,0,1,0
9110,0.0,0.0,0.0,500,0.13464500000000001,0,0,1,0
9111,0.0,0.0,0.0,500,0.13455000000000006,0,0,1,0
9112,0.0,0.0,0.0,500,0.134455,0,0,1,0
9113,0.0,0.0,0.0,500,0.13436000000000003,0,0,1,0
9114,0.0,0.0,0.0,500,0.13426500000000008,0,0,1,0
9115,0.0,0.0,0.0,500,0.13417,0,0,1,0
9116,0.0,0.0,0.0,500,0.13407500000000006,0,0,1,0
9117,0.0,0.0,0.0,500,0.1339800000000001,0,0,1,0
9118,0.0,0.0,0.0,500,0.13388500000000003,0,0,1,0
9119,0.0,0.0,0.0,500,0.13378999999999996,0,0,1,0
9120,0.0,0.0,0.0,500,0.133695,0,0,1,0
9121,0.0,0.0,0.0,500,0.13360000000000005,0,0,1,0
9122,0.0,0.0,0.0,500,0.13350499999999998,0,0,1,0
9123,0.0,0.0,0.0,500,0.13341000000000003,0,0,1,0
9124,0.0,0.0,0.0,500,0.13331500000000007,0,0,1,0
9125,0.0,0.0,0.0,500,0.13322,0,0,1,0
9126,0.0,0.0,0.0,500,0.13312500000000005,0,0,1,0
9127,0.0,0.0,0.0,500,0.1330300000000001,0,0,1,0
9128,0.0,0.0,0.0,500,0.13293500000000014,0,0,1,0
9129,0.0,0.0,0.0,500,0.13284000000000007,0,0,1,0
9130,0.0,0.0,0.0,500,0.132745,0,0,1,0
9131,0.0,0.0,0.0,500,0.13265000000000005,0,0,1,0
9132,0.0,0.0,0.0,500,0.13255499999999998,0,0,1,0
9133,0.0,0.0,0.0,500,0.13246000000000002,0,0,1,0
9134,0.0,0.0,0.0,500,0.13236500000000007,0,0,1,0
9135,0.0,0.0,0.0,500,0.13227,0,0,1,0
9136,0.0,0.0,0.0,500,0.13217500000000004,0,0,1,0
9137,0.0,0.0,0.0,500,0.1320800000000001,0,0,1,0
9138,0.0,0.0,0.0,500,0.13198500000000013,0,0,1,0
9139,0.0,0.0,0.0,500,0.13189000000000006,0,0,1,0
9140,0.0,0.0,0.0,500,0.131795,0,0,1,0
9141,0.0,0.0,0.0,500,0.13170000000000004,0,0,1,0
9142,0.0,0.0,0.0,500,0.13160499999999997,0,0,1,0
9143,0.0,0.0,0.0,500,0.13151000000000002,0,0,1,0
9144,0.0,0.0,0.0,500,0.13141500000000006,0,0,1,0
9145,0.0,0.0,0.0,500,0.1313200000000001,0,0,1,0
9146,0.0,0.0,0.0,500,0.13122500000000004,0,0,1,0
9147,0.0,0.0,0.0,500,0.13113000000000008,0,0,1,0
9148,0.0,0.0,0.0,500,0.13103500000000012,0,0,1,0
9149,0.0,0.0,0.0,500,0.13094000000000006,0,0,1,0
9150,0.0,0.0,0.0,500,0.130845,0,0,1,0
9151,0.0,0.0,0.0,500,0.13075000000000003,0,0,1,0
9152,0.0,0.0,0.0,500,0.13065499999999997,0,0,1,0
9153,0.0,0.0,0.0,500,0.13056,0,0,1,0
9154,0.0,0.0,0.0,500,0.13046500000000005,0,0,1,0
9155,0.0,0.0,0.0,500,0.1303700000000001,0,0,1,0
9156,0.0,0.0,0.0,500,0.13027500000000003,0,0,1,0
9157,0.0,0.0,0.0,500,0.13018000000000007,0,0,1,0
9158,0.0,0.0,0.0,500,0.13008500000000012,0,0,1,0
9159,0.0,0.0,0.0,500,0.12999000000000005,0,0,1,0
9160,0.0,0.0,0.0,500,0.12989499999999998,0,0,1,0
9161,0.0,0.0,0.0,500,0.12980000000000003,0,0,1,0
9162,0.0,0.0,0.0,500,0.12970500000000007,0,0,1,0
9163,0.0,0.0,0.0,500,0.12961,0,0,1,0
9164,0.0,0.0,0.0,500,0.12951500000000005,0,0,1,0
9165,0.0,0.0,0.0,500,0.1294200000000001,0,0,1,0
9166,0.0,0.0,0.0,500,0.12932500000000002,0,0,1,0
9167,0.0,0.0,0.0,500,0.12923000000000007,0,0,1,0
9168,0.0,0.0,0.0,500,0.1291350000000001,0,0,1,0
9169,0.0,0.0,0.0,500,0.12904000000000004,0,0,1,0
9170,0.0,0.0,0.0,500,0.12894499999999998,0,0,1,0
9171,0.0,0.0,0.0,500,0.12885000000000002,0,0,1,0
9172,0.0,0.0,0.0,500,0.12875500000000006,0,0,1,0
9173,0.0,0.0,0.0,500,0.12866,0,0,1,0
9174,0.0,0.0,0.0,500,0.12856500000000004,0,0,1,0
9175,0.0,0.0,0.0,500,0.12847000000000008,0,0,1,0
9176,0.0,0.0,0.0,500,0.12837500000000002,0,0,1,0
9177,0.0,0.0,0.0,500,0.12828000000000006,0,0,1,0
9178,0.0,0.0,0.0,500,0.1281850000000001,0,0,1,0
9179,0.0,0.0,0.0,500,0.12809000000000004,0,0,1,0
9180,0.0,0.0,0.0,500,0.12799499999999997,0,0,1,0
9181,0.0,0.0,0.0,500,0.1279,0,0,1,0
9182,0.0,0.0,0.0,500,0.12780500000000006,0,0,1,0
9183,0.0,0.0,0.0,500,0.12771,0,0,1,0
9184,0.0,0.0,0.0,500,0.12761500000000003,0,0,1,0
9185,0.0,0.0,0.0,500,0.12752000000000008,0,0,1,0
9186,0.0,0.0,0.0,500,0.127425,0,0,1,0
9187,0.0,0.0,0.0,500,0.12733000000000005,0,0,1,0
9188,0.0,0.0,0.0,500,0.1272350000000001,0,0,1,0
9189,0.0,0.0,0.0,500,0.12714000000000014,0,0,1,0
9190,0.0,0.0,0.0,500,0.12704499999999996,0,0,1,0
9191,0.0,0.0,0.0,500,0.12695,0,0,1,0
9192,0.0,0.0,0.0,500,0.12685500000000005,0,0,1,0
9193,0.0,0.0,0.0,500,0.12675999999999998,0,0,1,0
9194,0.0,0.0,0.0,500,0.12666500000000003,0,0,1,0
9195,0.0,0.0,0.0,500,0.12657000000000007,0,0,1,0
9196,0.0,0.0,0.0,500,0.126475,0,0,1,0
9197,0.0,0.0,0.0,500,0.12638000000000005,0,0,1,0
9198,0.0,0.0,0.0,500,0.1262850000000001,0,0,1,0
9199,0.0,0.0,0.0,500,0.12619000000000014,0,0,1,0
9200,0.0,0.0,0.0,500,0.12609499999999996,0,0,1,0
9201,0.0,0.0,0.0,500,0.126,0,0,1,0
9202,0.0,0.0,0.0,500,0.12590500000000004,0,0,1,0
9203,0.0,0.0,0.0,500,0.12580999999999998,0,0,1,0
9204,0.0,0.0,0.0,500,0.12571500000000002,0,0,1,0
9205,0.0,0.0,0.0,500,0.12562000000000006,0,0,1,0
9206,0.0,0.0,0.0,500,0.1255250000000001,0,0,1,0
9207,0.0,0.0,0.0,500,0.12543000000000004,0,0,1,0
9208,0.0,0.0,0.0,500,0.12533500000000009,0,0,1,0
9209,0.0,0.0,0.0,500,0.12524000000000013,0,0,1,0
9210,0.0,0.0,0.0,500,0.12514499999999995,0,0,1,0
9211,0.0,0.0,0.0,500,0.12505,0,0,1,0
9212,0.0,0.0,0.0,500,0.12495500000000004,0,0,1,0
9213,0.0,0.0,0.0,500,0.12485999999999997,0,0,1,0
9214,0.0,0.0,0.0,500,0.12476500000000001,0,0,1,0
9215,0.0,0.0,0.0,500,0.12467000000000006,0,0,1,0
9216,0.0,0.0,0.0,500,0.1245750000000001,0,0,1,0
9217,0.0,0.0,0.0,500,0.12448000000000004,0,0,1,0
9218,0.0,0.0,0.0,500,0.12438500000000008,0,0,1,0
9219,0.0,0.0,0.0,500,0.12429000000000012,0,0,1,0
9220,0.0,0.0,0.0,500,0.12419499999999994,0,0,1,0
9221,0.0,0.0,0.0,500,0.12409999999999999,0,0,1,0
9222,0.0,0.0,0.0,500,0.12400500000000003,0,0,1,0
9223,0.0,0.0,0.0,500,0.12391000000000008,0,0,1,0
9224,0.0,0.0,0.0,500,0.12381500000000001,0,0,1,0
9225,0.0,0.0,0.0,500,0.12372000000000005,0,0,1,0
9226,0.0,0.0,0.0,500,0.1236250000000001,0,0,1,0
9227,0.0,0.0,0.0,500,0.12353000000000003,0,0,1,0
9228,0.0,0.0,0.0,500,0.12343500000000007,0,0,1,0
9229,0.0,0.0,0.0,500,0.12334000000000012,0,0,1,0
9230,0.0,0.0,0.0,500,0.12324499999999994,0,0,1,0
9231,0.0,0.0,0.0,500,0.12314999999999998,0,0,1,0
9232,0.0,0.0,0.0,500,0.12305500000000003,0,0,1,0
9233,0.0,0.0,0.0,500,0.12296000000000007,0,0,1,0
9234,0.0,0.0,0.0,500,0.122865,0,0,1,0
9235,0.0,0.0,0.0,500,0.12277000000000005,0,0,1,0
9236,0.0,0.0,0.0,500,0.12267500000000009,0,0,1,0
9237,0.0,0.0,0.0,500,0.12258000000000002,0,0,1,0
9238,0.0,0.0,0.0,500,0.12248500000000007,0,0,1,0
9239,0.0,0.0,0.0,500,0.12239000000000011,0,0,1,0
9240,0.0,0.0,0.0,500,0.12229500000000004,0,0,1,0
9241,0.0,0.0,0.0,500,0.12219999999999998,0,0,1,0
9242,0.0,0.0,0.0,500,0.12210500000000002,0,0,1,0
9243,0.0,0.0,0.0,500,0.12201000000000006,0,0,1,0
9244,0.0,0.0,0.0,500,0.121915,0,0,1,0
9245,0.0,0.0,0.0,500,0.12182000000000004,0,0,1,0
9246,0.0,0.0,0.0,500,0.12172500000000008,0,0,1,0
9247,0.0,0.0,0.0,500,0.12163000000000002,0,0,1,0
9248,0.0,0.0,0.0,500,0.12153500000000006,0,0,1,0
9249,0.0,0.0,0.0,500,0.1214400000000001,0,0,1,0
9250,0.0,0.0,0.0,500,0.12134500000000004,0,0,1,0
9251,0.0,0.0,0.0,500,0.12124999999999997,0,0,1,0
9252,0.0,0.0,0.0,500,0.12115500000000001,0,0,1,0
9253,0.0,0.0,0.0,500,0.12106000000000006,0,0,1,0
9254,0.0,0.0,0.0,500,0.12096499999999999,0,0,1,0
9255,0.0,0.0,0.0,500,0.12087000000000003,0,0,1,0
9256,0.0,0.0,0.0,500,0.12077500000000008,0,0,1,0
9257,0.0,0.0,0.0,500,0.12068000000000001,0,0,1,0
9258,0.0,0.0,0.0,500,0.12058500000000005,0,0,1,0
9259,0.0,0.0,0.0,500,0.1204900000000001,0,0,1,0
9260,0.0,0.0,0.0,500,0.12039500000000014,0,0,1,0
9261,0.0,0.0,0.0,500,0.12029999999999996,0,0,1,0
9262,0.0,0.0,0.0,500,0.120205,0,0,1,0
9263,0.0,0.0,0.0,500,0.12011000000000005,0,0,1,0
9264,0.0,0.0,0.0,500,0.12001499999999998,0,0,1,0
9265,0.0,0.0,0.0,500,0.11992000000000003,0,0,1,0
9266,0.0,0.0,0.0,500,0.11982500000000007,0,0,1,0
9267,0.0,0.0,0.0,500,0.11973000000000011,0,0,1,0
9268,0.0,0.0,0.0,500,0.11963500000000005,0,0,1,0
9269,0.0,0.0,0.0,500,0.11954000000000009,0,0,1,0
9270,0.0,0.0,0.0,500,0.11944500000000013,0,0,1,0
9271,0.0,0.0,0.0,500,0.11934999999999996,0,0,1,0
9272,0.0,0.0,0.0,500,0.119255,0,0,1,0
9273,0.0,0.0,0.0,500,0.11916000000000004,0,0,1,0
9274,0.0,0.0,0.0,500,0.11906499999999998,0,0,1,0
9275,0.0,0.0,0.0,500,0.11897000000000002,0,0,1,0
9276,0.0,0.0,0.0,500,0.11887500000000006,0,0,1,0
9277,0.0,0.0,0.0,500,0.11878000000000011,0,0,1,0
9278,0.0,0.0,0.0,500,0.11868500000000004,0,0,1,0
9279,0.0,0.0,0.0,500,0.11859000000000008,0,0,1,0
9280,0.0,0.0,0.0,500,0.11849500000000013,0,0,1,0
9281,0.0,0.0,0.0,500,0.11839999999999995,0,0,1,0
9282,0.0,0.0,0.0,500,0.118305,0,0,1,0
9283,0.0,0.0,0.0,500,0.11821000000000004,0,0,1,0
9284,0.0,0.0,0.0,500,0.11811500000000008,0,0,1,0
9285,0.0,0.0,0.0,500,0.11802000000000001,0,0,1,0
9286,0.0,0.0,0.0,500,0.11792500000000006,0,0,1,0
9287,0.0,0.0,0.0,500,0.1178300000000001,0,0,1,0
9288,0.0,0.0,0.0,500,0.11773500000000003,0,0,1,0
9289,0.0,0.0,0.0,500,0.11764000000000008,0,0,1,0
9290,0.0,0.0,0.0,500,0.11754500000000012,0,0,1,0
9291,0.0,0.0,0.0,500,0.11744999999999994,0,0,1,0
9292,0.0,0.0,0.0,500,0.11735499999999999,0,0,1,0
9293,0.0,0.0,0.0,500,0.11726000000000003,0,0,1,0
9294,0.0,0.0,0.0,500,0.11716500000000007,0,0,1,0
9295,0.0,0.0,0.0,500,0.11707000000000001,0,0,1,0
9296,0.0,0.0,0.0,500,0.11697500000000005,0,0,1,0
9297,0.0,0.0,0.0,500,0.1168800000000001,0,0,1,0
9298,0.0,0.0,0.0,500,0.11678500000000003,0,0,1,0
9299,0.0,0.0,0.0,500,0.11669000000000007,0,0,1,0
9300,0.0,0.0,0.0,500,0.11659500000000012,0,0,1,0
9301,0.0,0.0,0.0,500,0.11650000000000005,0,0,1,0
9302,0.0,0.0,0.0,500,0.11640499999999998,0,0,1,0
9303,0.0,0.0,0.0,500,0.11631000000000002,0,0,1,0
9304,0.0,0.0,0.0,500,0.11621500000000007,0,0,1,0
9305,0.0,0.0,0.0,500,0.11612,0,0,1,0
9306,0.0,0.0,0.0,500,0.11602500000000004,0,0,1,0
9307,0.0,0.0,0.0,500,0.11593000000000009,0,0,1,0
9308,0.0,0.0,0.0,500,0.11583500000000002,0,0,1,0
9309,0.0,0.0,0.0,500,0.11574000000000007,0,0,1,0
9310,0.0,0.0,0.0,500,0.11564500000000011,0,0,1,0
9311,0.0,0.0,0.0,500,0.11555000000000004,0,0,1,0
9312,0.0,0.0,0.0,500,0.11545499999999997,0,0,1,0
9313,0.0,0.0,0.0,500,0.11536000000000002,0,0,1,0
9314,0.0,0.0,0.0,500,0.11526500000000006,0,0,1,0
9315,0.0,0.0,0.0,500,0.11517,0,0,1,0
9316,0.0,0.0,0.0,500,0.11507500000000004,0,0,1,0
9317,0.0,0.0,0.0,500,0.11498000000000008,0,0,1,0
9318,0.0,0.0,0.0,500,0.11488500000000001,0,0,1,0
9319,0.0,0.0,0.0,500,0.11479000000000006,0,0,1,0
9320,0.0,0.0,0.0,500,0.1146950000000001,0,0,1,0
9321,0.0,0.0,0.0,500,0.11460000000000004,0,0,1,0
9322,0.0,0.0,0.0,500,0.11450499999999997,0,0,1,0
9323,0.0,0.0,0.0,500,0.11441000000000001,0,0,1,0
9324,0.0,0.0,0.0,500,0.11431500000000006,0,0,1,0
9325,0.0,0.0,0.0,500,0.11421999999999999,0,0,1,0
9326,0.0,0.0,0.0,500,0.11412500000000003,0,0,1,0
9327,0.0,0.0,0.0,500,0.11403000000000008,0,0,1,0
9328,0.0,0.0,0.0,500,0.11393500000000012,0,0,1,0
9329,0.0,0.0,0.0,500,0.11384000000000005,0,0,1,0
9330,0.0,0.0,0.0,500,0.1137450000000001,0,0,1,0
9331,0.0,0.0,0.0,500,0.11365000000000003,0,0,1,0
9332,0.0,0.0,0.0,500,0.11355499999999996,0,0,1,0
9333,0.0,0.0,0.0,500,0.11346,0,0,1,0
9334,0.0,0.0,0.0,500,0.11336500000000005,0,0,1,0
9335,0.0,0.0,0.0,500,0.11326999999999998,0,0,1,0
9336,0.0,0.0,0.0,500,0.11317500000000003,0,0,1,0
9337,0.0,0.0,0.0,500,0.11308000000000007,0,0,1,0
9338,0.0,0.0,0.0,500,0.11298500000000011,0,0,1,0
9339,0.0,0.0,0.0,500,0.11289000000000005,0,0,1,0
9340,0.0,0.0,0.0,500,0.11279500000000009,0,0,1,0
9341,0.0,0.0,0.0,500,0.11270000000000002,0,0,1,0
9342,0.0,0.0,0.0,500,0.11260499999999996,0,0,1,0
9343,0.0,0.0,0.0,500,0.11251,0,0,1,0
9344,0.0,0.0,0.0,500,0.11241500000000004,0,0,1,0
9345,0.0,0.0,0.0,500,0.11232000000000009,0,0,1,0
9346,0.0,0.0,0.0,500,0.11222500000000002,0,0,1,0
9347,0.0,0.0,0.0,500,0.11213000000000006,0,0,1,0
9348,0.0,0.0,0.0,500,0.1120350000000001,0,0,1,0
9349,0.0,0.0,0.0,500,0.11194000000000004,0,0,1,0
9350,0.0,0.0,0.0,500,0.11184500000000008,0,0,1,0
9351,0.0,0.0,0.0,500,0.11175000000000002,0,0,1,0
9352,0.0,0.0,0.0,500,0.11165499999999995,0,0,1,0
9353,0.0,0.0,0.0,500,0.11155999999999999,0,0,1,0
9354,0.0,0.0,0.0,500,0.11146500000000004,0,0,1,0
9355,0.0,0.0,0.0,500,0.11137000000000008,0,0,1,0
9356,0.0,0.0,0.0,500,0.11127500000000001,0,0,1,0
9357,0.0,0.0,0.0,500,0.11118000000000006,0,0,1,0
9358,0.0,0.0,0.0,500,0.1110850000000001,0,0,1,0
9359,0.0,0.0,0.0,500,0.11099000000000003,0,0,1,0
9360,0.0,0.0,0.0,500,0.11089500000000008,0,0,1,0
9361,0.0,0.0,0.0,500,0.11080000000000001,0,0,1,0
9362,0.0,0.0,0.0,500,0.11070500000000005,0,0,1,0
9363,0.0,0.0,0.0,500,0.11060999999999999,0,0,1,0
9364,0.0,0.0,0.0,500,0.11051500000000003,0,0,1,0
9365,0.0,0.0,0.0,500,0.11042000000000007,0,0,1,0
9366,0.0,0.0,0.0,500,0.110325,0,0,1,0
9367,0.0,0.0,0.0,500,0.11023000000000005,0,0,1,0
9368,0.0,0.0,0.0,500,0.1101350000000001,0,0,1,0
9369,0.0,0.0,0.0,500,0.11004000000000003,0,0,1,0
9370,0.0,0.0,0.0,500,0.10994500000000007,0,0,1,0
9371,0.0,0.0,0.0,500,0.10985,0,0,1,0
9372,0.0,0.0,0.0,500,0.10975500000000005,0,0,1,0
9373,0.0,0.0,0.0,500,0.10965999999999998,0,0,1,0
9374,0.0,0.0,0.0,500,0.10956500000000002,0,0,1,0
9375,0.0,0.0,0.0,500,0.10947000000000007,0,0,1,0
9376,0.0,0.0,0.0,500,0.109375,0,0,1,0
9377,0.0,0.0,0.0,500,0.10928000000000004,0,0,1,0
9378,0.0,0.0,0.0,500,0.10918500000000009,0,0,1,0
9379,0.0,0.0,0.0,500,0.10909000000000002,0,0,1,0
9380,0.0,0.0,0.0,500,0.10899500000000006,0,0,1,0
9381,0.0,0.0,0.0,500,0.10890000000000011,0,0,1,0
9382,0.0,0.0,0.0,500,0.10880500000000004,0,0,1,0
9383,0.0,0.0,0.0,500,0.10870999999999997,0,0,1,0
9384,0.0,0.0,0.0,500,0.10861500000000002,0,0,1,0
9385,0.0,0.0,0.0,500,0.10852000000000006,0,0,1,0
9386,0.0,0.0,0.0,500,0.108425,0,0,1,0
9387,0.0,0.0,0.0,500,0.10833000000000004,0,0,1,0
9388,0.0,0.0,0.0,500,0.10823500000000008,0,0,1,0
9389,0.0,0.0,0.0,500,0.10814000000000012,0,0,1,0
9390,0.0,0.0,0.0,500,0.10804500000000006,0,0,1,0
9391,0.0,0.0,0.0,500,0.1079500000000001,0,0,1,0
9392,0.0,0.0,0.0,500,0.10785500000000003,0,0,1,0
9393,0.0,0.0,0.0,500,0.10775999999999997,0,0,1,0
9394,0.0,0.0,0.0,500,0.10766500000000001,0,0,1,0
9395,0.0,0.0,0.0,500,0.10757000000000005,0,0,1,0
9396,0.0,0.0,0.0,500,0.10747499999999999,0,0,1,0
9397,0.0,0.0,0.0,500,0.10738000000000003,0,0,1,0
9398,0.0,0.0,0.0,500,0.10728500000000007,0,0,1,0
9399,0.0,0.0,0.0,500,0.10719000000000012,0,0,1,0
9400,0.0,0.0,0.0,500,0.10709500000000005,0,0,1,0
9401,0.0,0.0,0.0,500,0.1070000000000001,0,0,1,0
9402,0.0,0.0,0.0,500,0.10690500000000003,0,0,1,0
9403,0.0,0.0,0.0,500,0.10680999999999996,0,0,1,0
9404,0.0,0.0,0.0,500,0.106715,0,0,1,0
9405,0.0,0.0,0.0,500,0.10662000000000005,0,0,1,0
9406,0.0,0.0,0.0,500,0.10652500000000009,0,0,1,0
9407,0.0,0.0,0.0,500,0.10643000000000002,0,0,1,0
9408,0.0,0.0,0.0,500,0.10633500000000007,0,0,1,0
9409,0.0,0.0,0.0,500,0.10624000000000011,0,0,1,0
9410,0.0,0.0,0.0,500,0.10614500000000004,0,0,1,0
9411,0.0,0.0,0.0,500,0.10605000000000009,0,0,1,0
9412,0.0,0.0,0.0,500,0.10595500000000002,0,0,1,0
9413,0.0,0.0,0.0,500,0.10585999999999995,0,0,1,0
9414,0.0,0.0,0.0,500,0.105765,0,0,1,0
9415,0.0,0.0,0.0,500,0.10567000000000004,0,0,1,0
9416,0.0,0.0,0.0,500,0.10557500000000009,0,0,1,0
9417,0.0,0.0,0.0,500,0.10548000000000002,0,0,1,0
9418,0.0,0.0,0.0,500,0.10538500000000006,0,0,1,0
9419,0.0,0.0,0.0,500,0.1052900000000001,0,0,1,0
9420,0.0,0.0,0.0,500,0.10519500000000004,0,0,1,0
9421,0.0,0.0,0.0,500,0.10510000000000008,0,0,1,0
9422,0.0,0.0,0.0,500,0.10500500000000001,0,0,1,0
9423,0.0,0.0,0.0,500,0.10491000000000006,0,0,1,0
9424,0.0,0.0,0.0,500,0.10481499999999999,0,0,1,0
9425,0.0,0.0,0.0,500,0.10472000000000004,0,0,1,0
9426,0.0,0.0,0.0,500,0.10462500000000008,0,0,1,0
9427,0.0,0.0,0.0,500,0.10453000000000001,0,0,1,0
9428,0.0,0.0,0.0,500,0.10443500000000006,0,0,1,0
9429,0.0,0.0,0.0,500,0.1043400000000001,0,0,1,0
9430,0.0,0.0,0.0,500,0.10424500000000003,0,0,1,0
9431,0.0,0.0,0.0,500,0.10415000000000008,0,0,1,0
9432,0.0,0.0,0.0,500,0.10405500000000001,0,0,1,0
9433,0.0,0.0,0.0,500,0.10396000000000005,0,0,1,0
9434,0.0,0.0,0.0,500,0.10386499999999999,0,0,1,0
9435,0.0,0.0,0.0,500,0.10377000000000003,0,0,1,0
9436,0.0,0.0,0.0,500,0.10367500000000007,0,0,1,0
9437,0.0,0.0,0.0,500,0.10358,0,0,1,0
9438,0.0,0.0,0.0,500,0.10348500000000005,0,0,1,0
9439,0.0,0.0,0.0,500,0.10339000000000009,0,0,1,0
9440,0.0,0.0,0.0,500,0.10329500000000003,0,0,1,0
9441,0.0,0.0,0.0,500,0.10320000000000007,0,0,1,0
9442,0.0,0.0,0.0,500,0.103105,0,0,1,0
9443,0.0,0.0,0.0,500,0.10301000000000005,0,0,1,0
9444,0.0,0.0,0.0,500,0.10291499999999998,0,0,1,0
9445,0.0,0.0,0.0,500,0.10282000000000002,0,0,1,0
9446,0.0,0.0,0.0,500,0.10272500000000007,0,0,1,0
9447,0.0,0.0,0.0,500,0.10263,0,0,1,0
9448,0.0,0.0,0.0,500,0.10253500000000004,0,0,1,0
9449,0.0,0.0,0.0,500,0.10244000000000009,0,0,1,0
9450,0.0,0.0,0.0,500,0.10234500000000013,0,0,1,0
9451,0.0,0.0,0.0,500,0.10225000000000006,0,0,1,0
9452,0.0,0.0,0.0,500,0.102155,0,0,1,0
9453,0.0,0.0,0.0,500,0.10206000000000004,0,0,1,0
9454,0.0,0.0,0.0,500,0.10196499999999997,0,0,1,0
9455,0.0,0.0,0.0,500,0.10187000000000002,0,0,1,0
9456,0.0,0.0,0.0,500,0.10177500000000006,0,0,1,0
9457,0.0,0.0,0.0,500,0.10167999999999999,0,0,1,0
9458,0.0,0.0,0.0,500,0.10158500000000004,0,0,1,0
9459,0.0,0.0,0.0,500,0.10149000000000008,0,0,1,0
9460,0.0,0.0,0.0,500,0.10139500000000012,0,0,1,0
9461,0.0,0.0,0.0,500,0.10130000000000006,0,0,1,0
9462,0.0,0.0,0.0,500,0.10120499999999999,0,0,1,0
9463,0.0,0.0,0.0,500,0.10111000000000003,0,0,1,0
9464,0.0,0.0,0.0,500,0.10101499999999997,0,0,1,0
9465,0.0,0.0,0.0,500,0.10092000000000001,0,0,1,0
9466,0.0,0.0,0.0,500,0.10082500000000005,0,0,1,0
9467,0.0,0.0,0.0,500,0.1007300000000001,0,0,1,0
9468,0.0,0.0,0.0,500,0.10063500000000003,0,0,1,0
9469,0.0,0.0,0.0,500,0.10054000000000007,0,0,1,0
9470,0.0,0.0,0.0,500,0.10044500000000012,0,0,1,0
9471,0.0,0.0,0.0,500,0.10035000000000005,0,0,1,0
9472,0.0,0.0,0.0,500,0.10025499999999998,0,0,1,0
9473,0.0,0.0,0.0,500,0.10016000000000003,0,0,1,0
9474,0.0,0.0,0.0,500,0.10006499999999996,0,0,1,0
9475,0.0,0.0,0.0,500,0.09997,0,0,1,0
9476,0.0,0.0,0.0,500,0.09987500000000005,0,0,1,0
9477,0.0,0.0,0.0,500,0.09978000000000009,0,0,1,0
9478,0.0,0.0,0.0,500,0.09968500000000002,0,0,1,0
9479,0.0,0.0,0.0,500,0.09959000000000007,0,0,1,0
9480,0.0,0.0,0.0,500,0.09949500000000011,0,0,1,0
9481,0.0,0.0,0.0,500,0.09940000000000004,0,0,1,0
9482,0.0,0.0,0.0,500,0.09930499999999998,0,0,1,0
9483,0.0,0.0,0.0,500,0.09921000000000002,0,0,1,0
9484,0.0,0.0,0.0,500,0.09911500000000006,0,0,1,0
9485,0.0,0.0,0.0,500,0.09902,0,0,1,0
9486,0.0,0.0,0.0,500,0.09892500000000004,0,0,1,0
9487,0.0,0.0,0.0,500,0.09883000000000008,0,0,1,0
9488,0.0,0.0,0.0,500,0.09873500000000002,0,0,1,0
9489,0.0,0.0,0.0,500,0.09864000000000006,0,0,1,0
9490,0.0,0.0,0.0,500,0.0985450000000001,0,0,1,0
9491,0.0,0.0,0.0,500,0.09845000000000004,0,0,1,0
9492,0.0,0.0,0.0,500,0.09835499999999997,0,0,1,0
9493,0.0,0.0,0.0,500,0.09826000000000001,0,0,1,0
9494,0.0,0.0,0.0,500,0.09816500000000006,0,0,1,0
9495,0.0,0.0,0.0,500,0.09806999999999999,0,0,1,0
9496,0.0,0.0,0.0,500,0.09797500000000003,0,0,1,0
9497,0.0,0.0,0.0,500,0.09788000000000008,0,0,1,0
9498,0.0,0.0,0.0,500,0.09778500000000001,0,0,1,0
9499,0.0,0.0,0.0,500,0.09769000000000005,0,0,1,0
9500,0.0,0.0,0.0,500,0.0975950000000001,0,0,1,0
9501,0.0,0.0,0.0,500,0.09750000000000003,0,0,1,0
9502,0.0,0.0,0.0,500,0.09740500000000007,0,0,1,0
9503,0.0,0.0,0.0,500,0.09731000000000001,0,0,1,0
9504,0.0,0.0,0.0,500,0.09721500000000005,0,0,1,0
9505,0.0,0.0,0.0,500,0.09711999999999998,0,0,1,0
9506,0.0,0.0,0.0,500,0.09702500000000003,0,0,1,0
9507,0.0,0.0,0.0,500,0.09693000000000007,0,0,1,0
9508,0.0,0.0,0.0,500,0.096835,0,0,1,0
9509,0.0,0.0,0.0,500,0.09674000000000005,0,0,1,0
9510,0.0,0.0,0.0,500,0.09664500000000009,0,0,1,0
9511,0.0,0.0,0.0,500,0.09655000000000014,0,0,1,0
9512,0.0,0.0,0.0,500,0.09645500000000007,0,0,1,0
9513,0.0,0.0,0.0,500,0.09636,0,0,1,0
9514,0.0,0.0,0.0,500,0.09626500000000004,0,0,1,0
9515,0.0,0.0,0.0,500,0.09616999999999998,0,0,1,0
9516,0.0,0.0,0.0,500,0.09607500000000002,0,0,1,0
9517,0.0,0.0,0.0,500,0.09598000000000007,0,0,1,0
9518,0.0,0.0,0.0,500,0.095885,0,0,1,0
9519,0.0,0.0,0.0,500,0.09579000000000004,0,0,1,0
9520,0.0,0.0,0.0,500,0.09569500000000009,0,0,1,0
9521,0.0,0.0,0.0,500,0.09560000000000013,0,0,1,0
9522,0.0,0.0,0.0,500,0.09550500000000006,0,0,1,0
9523,0.0,0.0,0.0,500,0.09541,0,0,1,0
9524,0.0,0.0,0.0,500,0.09531500000000004,0,0,1,0
9525,0.0,0.0,0.0,500,0.09521999999999997,0,0,1,0
9526,0.0,0.0,0.0,500,0.09512500000000002,0,0,1,0
9527,0.0,0.0,0.0,500,0.09503000000000006,0,0,1,0
9528,0.0,0.0,0.0,500,0.0949350000000001,0,0,1,0
9529,0.0,0.0,0.0,500,0.09484000000000004,0,0,1,0
9530,0.0,0.0,0.0,500,0.09474500000000008,0,0,1,0
9531,0.0,0.0,0.0,500,0.09465000000000012,0,0,1,0
9532,0.0,0.0,0.0,500,0.09455500000000006,0,0,1,0
9533,0.0,0.0,0.0,500,0.09445999999999999,0,0,1,0
9534,0.0,0.0,0.0,500,0.09436500000000003,0,0,1,0
9535,0.0,0.0,0.0,500,0.09426999999999996,0,0,1,0
9536,0.0,0.0,0.0,500,0.09417500000000001,0,0,1,0
9537,0.0,0.0,0.0,500,0.09408000000000005,0,0,1,0
9538,0.0,0.0,0.0,500,0.0939850000000001,0,0,1,0
9539,0.0,0.0,0.0,500,0.09389000000000003,0,0,1,0
9540,0.0,0.0,0.0,500,0.09379500000000007,0,0,1,0
9541,0.0,0.0,0.0,500,0.09370000000000012,0,0,1,0
9542,0.0,0.0,0.0,500,0.09360500000000005,0,0,1,0
9543,0.0,0.0,0.0,500,0.09350999999999998,0,0,1,0
9544,0.0,0.0,0.0,500,0.09341500000000003,0,0,1,0
9545,0.0,0.0,0.0,500,0.09332000000000007,0,0,1,0
9546,0.0,0.0,0.0,500,0.093225,0,0,1,0
9547,0.0,0.0,0.0,500,0.09313000000000005,0,0,1,0
9548,0.0,0.0,0.0,500,0.09303500000000009,0,0,1,0
9549,0.0,0.0,0.0,500,0.09294000000000002,0,0,1,0
9550,0.0,0.0,0.0,500,0.09284500000000007,0,0,1,0
9551,0.0,0.0,0.0,500,0.09275000000000011,0,0,1,0
9552,0.0,0.0,0.0,500,0.09265500000000004,0,0,1,0
9553,0.0,0.0,0.0,500,0.09255999999999998,0,0,1,0
9554,0.0,0.0,0.0,500,0.09246500000000002,0,0,1,0
9555,0.0,0.0,0.0,500,0.09237000000000006,0,0,1,0
9556,0.0,0.0,0.0,500,0.092275,0,0,1,0
9557,0.0,0.0,0.0,500,0.09218000000000004,0,0,1,0
9558,0.0,0.0,0.0,500,0.09208500000000008,0,0,1,0
9559,0.0,0.0,0.0,500,0.09199000000000002,0,0,1,0
9560,0.0,0.0,0.0,500,0.09189500000000006,0,0,1,0
9561,0.0,0.0,0.0,500,0.0918000000000001,0,0,1,0
9562,0.0,0.0,0.0,500,0.09170500000000004,0,0,1,0
9563,0.0,0.0,0.0,500,0.09160999999999997,0,0,1,0
9564,0.0,0.0,0.0,500,0.09151500000000001,0,0,1,0
9565,0.0,0.0,0.0,500,0.09142000000000006,0,0,1,0
9566,0.0,0.0,0.0,500,0.09132499999999999,0,0,1,0
9567,0.0,0.0,0.0,500,0.09123000000000003,0,0,1,0
9568,0.0,0.0,0.0,500,0.09113500000000008,0,0,1,0
9569,0.0,0.0,0.0,500,0.09104000000000001,0,0,1,0
9570,0.0,0.0,0.0,500,0.09094500000000005,0,0,1,0
9571,0.0,0.0,0.0,500,0.0908500000000001,0,0,1,0
9572,0.0,0.0,0.0,500,0.09075500000000014,0,0,1,0
9573,0.0,0.0,0.0,500,0.09065999999999996,0,0,1,0
9574,0.0,0.0,0.0,500,0.090565,0,0,1,0
9575,0.0,0.0,0.0,500,0.09047000000000005,0,0,1,0
9576,0.0,0.0,0.0,500,0.09037499999999998,0,0,1,0
9577,0.0,0.0,0.0,500,0.09028000000000003,0,0,1,0
9578,0.0,0.0,0.0,500,0.09018500000000007,0,0,1,0
9579,0.0,0.0,0.0,500,0.09009,0,0,1,0
9580,0.0,0.0,0.0,500,0.08999500000000005,0,0,1,0
9581,0.0,0.0,0.0,500,0.08990000000000009,0,0,1,0
9582,0.0,0.0,0.0,500,0.08980500000000013,0,0,1,0
9583,0.0,0.0,0.0,500,0.08970999999999996,0,0,1,0
9584,0.0,0.0,0.0,500,0.089615,0,0,1,0
9585,0.0,0.0,0.0,500,0.08952000000000004,0,0,1,0
9586,0.0,0.0,0.0,500,0.08942499999999998,0,0,1,0
9587,0.0,0.0,0.0,500,0.08933000000000002,0,0,1,0
9588,0.0,0.0,0.0,500,0.08923500000000006,0,0,1,0
9589,0.0,0.0,0.0,500,0.08914000000000011,0,0,1,0
9590,0.0,0.0,0.0,500,0.08904500000000004,0,0,1,0
9591,0.0,0.0,0.0,500,0.08895000000000008,0,0,1,0
9592,0.0,0.0,0.0,500,0.08885500000000013,0,0,1,0
9593,0.0,0.0,0.0,500,0.08875999999999995,0,0,1,0
9594,0.0,0.0,0.0,500,0.088665,0,0,1,0
9595,0.0,0.0,0.0,500,0.08857000000000004,0,0,1,0
9596,0.0,0.0,0.0,500,0.08847499999999997,0,0,1,0
9597,0.0,0.0,0.0,500,0.08838000000000001,0,0,1,0
9598,0.0,0.0,0.0,500,0.08828500000000006,0,0,1,0
9599,0.0,0.0,0.0,500,0.0881900000000001,0,0,1,0
9600,0.0,0.0,0.0,500,0.08809500000000003,0,0,1,0
9601,0.0,0.0,0.0,500,0.08800000000000008,0,0,1,0
9602,0.0,0.0,0.0,500,0.08790500000000012,0,0,1,0
9603,0.0,0.0,0.0,500,0.08780999999999994,0,0,1,0
9604,0.0,0.0,0.0,500,0.08771499999999999,0,0,1,0
9605,0.0,0.0,0.0,500,0.08762000000000003,0,0,1,0
9606,0.0,0.0,0.0,500,0.08752500000000007,0,0,1,0
9607,0.0,0.0,0.0,500,0.08743000000000001,0,0,1,0
9608,0.0,0.0,0.0,500,0.08733500000000005,0,0,1,0
9609,0.0,0.0,0.0,500,0.0872400000000001,0,0,1,0
9610,0.0,0.0,0.0,500,0.08714500000000003,0,0,1,0
9611,0.0,0.0,0.0,500,0.08705000000000007,0,0,1,0
9612,0.0,0.0,0.0,500,0.08695500000000012,0,0,1,0
9613,0.0,0.0,0.0,500,0.08685999999999994,0,0,1,0
9614,0.0,0.0,0.0,500,0.08676499999999998,0,0,1,0
9615,0.0,0.0,0.0,500,0.08667000000000002,0,0,1,0
9616,0.0,0.0,0.0,500,0.08657500000000007,0,0,1,0
9617,0.0,0.0,0.0,500,0.08648,0,0,1,0
9618,0.0,0.0,0.0,500,0.08638500000000005,0,0,1,0
9619,0.0,0.0,0.0,500,0.08629000000000009,0,0,1,0
9620,0.0,0.0,0.0,500,0.08619500000000002,0,0,1,0
9621,0.0,0.0,0.0,500,0.08610000000000007,0,0,1,0
9622,0.0,0.0,0.0,500,0.08600500000000011,0,0,1,0
9623,0.0,0.0,0.0,500,0.08591000000000004,0,0,1,0
9624,0.0,0.0,0.0,500,0.08581499999999997,0,0,1,0
9625,0.0,0.0,0.0,500,0.08572000000000002,0,0,1,0
9626,0.0,0.0,0.0,500,0.08562500000000006,0,0,1,0
9627,0.0,0.0,0.0,500,0.08553,0,0,1,0
9628,0.0,0.0,0.0,500,0.08543500000000004,0,0,1,0
9629,0.0,0.0,0.0,500,0.08534000000000008,0,0,1,0
9630,0.0,0.0,0.0,500,0.08524500000000002,0,0,1,0
9631,0.0,0.0,0.0,500,0.08515000000000006,0,0,1,0
9632,0.0,0.0,0.0,500,0.0850550000000001,0,0,1,0
9633,0.0,0.0,0.0,500,0.08496000000000015,0,0,1,0
9634,0.0,0.0,0.0,500,0.08486499999999997,0,0,1,0
9635,0.0,0.0,0.0,500,0.08477000000000001,0,0,1,0
9636,0.0,0.0,0.0,500,0.08467500000000006,0,0,1,0
9637,0.0,0.0,0.0,500,0.08457999999999999,0,0,1,0
9638,0.0,0.0,0.0,500,0.08448500000000003,0,0,1,0
9639,0.0,0.0,0.0,500,0.08439000000000008,0,0,1,0
9640,0.0,0.0,0.0,500,0.08429500000000001,0,0,1,0
9641,0.0,0.0,0.0,500,0.08420000000000005,0,0,1,0
9642,0.0,0.0,0.0,500,0.0841050000000001,0,0,1,0
9643,0.0,0.0,0.0,500,0.08401000000000014,0,0,1,0
9644,0.0,0.0,0.0,500,0.08391499999999996,0,0,1,0
9645,0.0,0.0,0.0,500,0.08382,0,0,1,0
9646,0.0,0.0,0.0,500,0.08372500000000005,0,0,1,0
9647,0.0,0.0,0.0,500,0.08362999999999998,0,0,1,0
9648,0.0,0.0,0.0,500,0.08353500000000003,0,0,1,0
9649,0.0,0.0,0.0,500,0.08344000000000007,0,0,1,0
9650,0.0,0.0,0.0,500,0.08334500000000011,0,0,1,0
9651,0.0,0.0,0.0,500,0.08325000000000005,0,0,1,0
9652,0.0,0.0,0.0,500,0.08315500000000009,0,0,1,0
9653,0.0,0.0,0.0,500,0.08306000000000013,0,0,1,0
9654,0.0,0.0,0.0,500,0.08296499999999996,0,0,1,0
9655,0.0,0.0,0.0,500,0.08287,0,0,1,0
9656,0.0,0.0,0.0,500,0.08277500000000004,0,0,1,0
9657,0.0,0.0,0.0,500,0.08267999999999998,0,0,1,0
9658,0.0,0.0,0.0,500,0.08258500000000002,0,0,1,0
9659,0.0,0.0,0.0,500,0.08249000000000006,0,0,1,0
9660,0.0,0.0,0.0,500,0.08239500000000011,0,0,1,0
9661,0.0,0.0,0.0,500,0.08230000000000004,0,0,1,0
9662,0.0,0.0,0.0,500,0.08220500000000008,0,0,1,0
9663,0.0,0.0,0.0,500,0.08211000000000013,0,0,1,0
9664,0.0,0.0,0.0,500,0.08201499999999995,0,0,1,0
9665,0.0,0.0,0.0,500,0.08191999999999999,0,0,1,0
9666,0.0,0.0,0.0,500,0.08182500000000004,0,0,1,0
9667,0.0,0.0,0.0,500,0.08173000000000008,0,0,1,0
9668,0.0,0.0,0.0,500,0.08163500000000001,0,0,1,0
9669,0.0,0.0,0.0,500,0.08154000000000006,0,0,1,0
9670,0.0,0.0,0.0,500,0.0814450000000001,0,0,1,0
9671,0.0,0.0,0.0,500,0.08135000000000003,0,0,1,0
9672,0.0,0.0,0.0,500,0.08125500000000008,0,0,1,0
9673,0.0,0.0,0.0,500,0.08116000000000012,0,0,1,0
9674,0.0,0.0,0.0,500,0.08106499999999994,0,0,1,0
9675,0.0,0.0,0.0,500,0.08096999999999999,0,0,1,0
9676,0.0,0.0,0.0,500,0.08087500000000003,0,0,1,0
9677,0.0,0.0,0.0,500,0.08078000000000007,0,0,1,0
9678,0.0,0.0,0.0,500,0.080685,0,0,1,0
9679,0.0,0.0,0.0,500,0.08059000000000005,0,0,1,0
9680,0.0,0.0,0.0,500,0.0804950000000001,0,0,1,0
9681,0.0,0.0,0.0,500,0.08040000000000003,0,0,1,0
9682,0.0,0.0,0.0,500,0.08030500000000007,0,0,1,0
9683,0.0,0.0,0.0,500,0.08021000000000011,0,0,1,0
9684,0.0,0.0,0.0,500,0.08011500000000005,0,0,1,0
9685,0.0,0.0,0.0,500,0.08001999999999998,0,0,1,0
9686,0.0,0.0,0.0,500,0.07992500000000002,0,0,1,0
9687,0.0,0.0,0.0,500,0.07983000000000007,0,0,1,0
9688,0.0,0.0,0.0,500,0.079735,0,0,1,0
9689,0.0,0.0,0.0,500,0.07964000000000004,0,0,1,0
9690,0.0,0.0,0.0,500,0.07954500000000009,0,0,1,0
9691,0.0,0.0,0.0,500,0.07945000000000002,0,0,1,0
9692,0.0,0.0,0.0,500,0.07935500000000006,0,0,1,0
9693,0.0,0.0,0.0,500,0.07926000000000011,0,0,1,0
9694,0.0,0.0,0.0,500,0.07916500000000004,0,0,1,0
9695,0.0,0.0,0.0,500,0.07906999999999997,0,0,1,0
9696,0.0,0.0,0.0,500,0.07897500000000002,0,0,1,0
9697,0.0,0.0,0.0,500,0.07888000000000006,0,0,1,0
9698,0.0,0.0,0.0,500,0.078785,0,0,1,0
9699,0.0,0.0,0.0,500,0.07869000000000004,0,0,1,0
9700,0.0,0.0,0.0,500,0.07859500000000008,0,0,1,0
9701,0.0,0.0,0.0,500,0.07850000000000001,0,0,1,0
9702,0.0,0.0,0.0,500,0.07840500000000006,0,0,1,0
9703,0.0,0.0,0.0,500,0.0783100000000001,0,0,1,0
9704,0.0,0.0,0.0,500,0.07821500000000003,0,0,1,0
9705,0.0,0.0,0.0,500,0.07811999999999997,0,0,1,0
9706,0.0,0.0,0.0,500,0.07802500000000001,0,0,1,0
9707,0.0,0.0,0.0,500,0.07793000000000005,0,0,1,0
9708,0.0,0.0,0.0,500,0.07783499999999999,0,0,1,0
9709,0.0,0.0,0.0,500,0.07774000000000003,0,0,1,0
9710,0.0,0.0,0.0,500,0.07764500000000008,0,0,1,0
9711,0.0,0.0,0.0,500,0.07755000000000012,0,0,1,0
9712,0.0,0.0,0.0,500,0.07745500000000005,0,0,1,0
9713,0.0,0.0,0.0,500,0.0773600000000001,0,0,1,0
9714,0.0,0.0,0.0,500,0.07726500000000003,0,0,1,0
9715,0.0,0.0,0.0,500,0.07716999999999996,0,0,1,0
9716,0.0,0.0,0.0,500,0.077075,0,0,1,0
9717,0.0,0.0,0.0,500,0.07698000000000005,0,0,1,0
9718,0.0,0.0,0.0,500,0.07688499999999998,0,0,1,0
9719,0.0,0.0,0.0,500,0.07679000000000002,0,0,1,0
9720,0.0,0.0,0.0,500,0.07669500000000007,0,0,1,0
9721,0.0,0.0,0.0,500,0.07660000000000011,0,0,1,0
9722,0.0,0.0,0.0,500,0.07650500000000005,0,0,1,0
9723,0.0,0.0,0.0,500,0.07641000000000009,0,0,1,0
9724,0.0,0.0,0.0,500,0.07631500000000002,0,0,1,0
9725,0.0,0.0,0.0,500,0.07621999999999995,0,0,1,0
9726,0.0,0.0,0.0,500,0.076125,0,0,1,0
9727,0.0,0.0,0.0,500,0.07603000000000004,0,0,1,0
9728,0.0,0.0,0.0,500,0.07593500000000009,0,0,1,0
9729,0.0,0.0,0.0,500,0.07584000000000002,0,0,1,0
9730,0.0,0.0,0.0,500,0.07574500000000006,0,0,1,0
9731,0.0,0.0,0.0,500,0.0756500000000001,0,0,1,0
9732,0.0,0.0,0.0,500,0.07555500000000004,0,0,1,0
9733,0.0,0.0,0.0,500,0.07546000000000008,0,0,1,0
9734,0.0,0.0,0.0,500,0.07536500000000002,0,0,1,0
9735,0.0,0.0,0.0,500,0.07526999999999995,0,0,1,0
9736,0.0,0.0,0.0,500,0.07517499999999999,0,0,1,0
9737,0.0,0.0,0.0,500,0.07508000000000004,0,0,1,0
9738,0.0,0.0,0.0,500,0.07498500000000008,0,0,1,0
9739,0.0,0.0,0.0,500,0.07489000000000001,0,0,1,0
9740,0.0,0.0,0.0,500,0.07479500000000006,0,0,1,0
9741,0.0,0.0,0.0,500,0.0747000000000001,0,0,1,0
9742,0.0,0.0,0.0,500,0.07460500000000003,0,0,1,0
9743,0.0,0.0,0.0,500,0.07451000000000008,0,0,1,0
9744,0.0,0.0,0.0,500,0.07441500000000001,0,0,1,0
9745,0.0,0.0,0.0,500,0.07432000000000005,0,0,1,0
9746,0.0,0.0,0.0,500,0.07422499999999999,0,0,1,0
9747,0.0,0.0,0.0,500,0.07413000000000003,0,0,1,0
9748,0.0,0.0,0.0,500,0.07403500000000007,0,0,1,0
9749,0.0,0.0,0.0,500,0.07394,0,0,1,0
9750,0.0,0.0,0.0,500,0.07384500000000005,0,0,1,0
9751,0.0,0.0,0.0,500,0.0737500000000001,0,0,1,0
9752,0.0,0.0,0.0,500,0.07365500000000003,0,0,1,0
9753,0.0,0.0,0.0,500,0.07356000000000007,0,0,1,0
9754,0.0,0.0,0.0,500,0.07346500000000011,0,0,1,0
9755,0.0,0.0,0.0,500,0.07337000000000005,0,0,1,0
9756,0.0,0.0,0.0,500,0.07327499999999998,0,0,1,0
9757,0.0,0.0,0.0,500,0.07318000000000002,0,0,1,0
9758,0.0,0.0,0.0,500,0.07308500000000007,0,0,1,0
9759,0.0,0.0,0.0,500,0.07299,0,0,1,0
9760,0.0,0.0,0.0,500,0.07289500000000004,0,0,1,0
9761,0.0,0.0,0.0,500,0.07280000000000009,0,0,1,0
9762,0.0,0.0,0.0,500,0.07270500000000002,0,0,1,0
9763,0.0,0.0,0.0,500,0.07261000000000006,0,0,1,0
9764,0.0,0.0,0.0,500,0.07251500000000011,0,0,1,0
9765,0.0,0.0,0.0,500,0.07242000000000004,0,0,1,0
9766,0.0,0.0,0.0,500,0.07232499999999997,0,0,1,0
9767,0.0,0.0,0.0,500,0.07223000000000002,0,0,1,0
9768,0.0,0.0,0.0,500,0.07213500000000006,0,0,1,0
9769,0.0,0.0,0.0,500,0.07203999999999999,0,0,1,0
9770,0.0,0.0,0.0,500,0.07194500000000004,0,0,1,0
9771,0.0,0.0,0.0,500,0.07185000000000008,0,0,1,0
9772,0.0,0.0,0.0,500,0.07175500000000012,0,0,1,0
9773,0.0,0.0,0.0,500,0.07166000000000006,0,0,1,0
9774,0.0,0.0,0.0,500,0.0715650000000001,0,0,1,0
9775,0.0,0.0,0.0,500,0.07147000000000003,0,0,1,0
9776,0.0,0.0,0.0,500,0.07137499999999997,0,0,1,0
9777,0.0,0.0,0.0,500,0.07128000000000001,0,0,1,0
9778,0.0,0.0,0.0,500,0.07118500000000005,0,0,1,0
9779,0.0,0.0,0.0,500,0.07108999999999999,0,0,1,0
9780,0.0,0.0,0.0,500,0.07099500000000003,0,0,1,0
9781,0.0,0.0,0.0,500,0.07090000000000007,0,0,1,0
9782,0.0,0.0,0.0,500,0.07080500000000012,0,0,1,0
9783,0.0,0.0,0.0,500,0.07071000000000005,0,0,1,0
9784,0.0,0.0,0.0,500,0.0706150000000001,0,0,1,0
9785,0.0,0.0,0.0,500,0.07052000000000003,0,0,1,0
9786,0.0,0.0,0.0,500,0.07042499999999996,0,0,1,0
9787,0.0,0.0,0.0,500,0.07033,0,0,1,0
9788,0.0,0.0,0.0,500,0.07023500000000005,0,0,1,0
9789,0.0,0.0,0.0,500,0.07014000000000009,0,0,1,0
9790,0.0,0.0,0.0,500,0.07004500000000002,0,0,1,0
9791,0.0,0.0,0.0,500,0.06995000000000007,0,0,1,0
9792,0.0,0.0,0.0,500,0.06985500000000011,0,0,1,0
9793,0.0,0.0,0.0,500,0.06976000000000004,0,0,1,0
9794,0.0,0.0,0.0,500,0.06966500000000009,0,0,1,0
9795,0.0,0.0,0.0,500,0.06957000000000002,0,0,1,0
9796,0.0,0.0,0.0,500,0.06947499999999995,0,0,1,0
9797,0.0,0.0,0.0,500,0.06938,0,0,1,0
9798,0.0,0.0,0.0,500,0.06928500000000004,0,0,1,0
9799,0.0,0.0,0.0,500,0.06919000000000008,0,0,1,0
9800,0.0,0.0,0.0,500,0.06909500000000002,0,0,1,0
9801,0.0,0.0,0.0,500,0.06900000000000006,0,0,1,0
9802,0.0,0.0,0.0,500,0.0689050000000001,0,0,1,0
9803,0.0,0.0,0.0,500,0.06881000000000004,0,0,1,0
9804,0.0,0.0,0.0,500,0.06871500000000008,0,0,1,0
9805,0.0,0.0,0.0,500,0.06862000000000001,0,0,1,0
9806,0.0,0.0,0.0,500,0.06852500000000006,0,0,1,0
9807,0.0,0.0,0.0,500,0.06842999999999999,0,0,1,0
9808,0.0,0.0,0.0,500,0.06833500000000003,0,0,1,0
9809,0.0,0.0,0.0,500,0.06824000000000008,0,0,1,0
9810,0.0,0.0,0.0,500,0.06814500000000001,0,0,1,0
9811,0.0,0.0,0.0,500,0.06805000000000005,0,0,1,0
9812,0.0,0.0,0.0,500,0.0679550000000001,0,0,1,0
9813,0.0,0.0,0.0,500,0.06786000000000003,0,0,1,0
9814,0.0,0.0,0.0,500,0.06776500000000008,0,0,1,0
9815,0.0,0.0,0.0,500,0.06767000000000001,0,0,1,0
9816,0.0,0.0,0.0,500,0.06757500000000005,0,0,1,0
9817,0.0,0.0,0.0,500,0.06747999999999998,0,0,1,0
9818,0.0,0.0,0.0,500,0.06738500000000003,0,0,1,0
9819,0.0,0.0,0.0,500,0.06729000000000007,0,0,1,0
9820,0.0,0.0,0.0,500,0.067195,0,0,1,0
9821,0.0,0.0,0.0,500,0.06710000000000005,0,0,1,0
9822,0.0,0.0,0.0,500,0.06700500000000009,0,0,1,0
9823,0.0,0.0,0.0,500,0.06691000000000003,0,0,1,0
9824,0.0,0.0,0.0,500,0.06681500000000007,0,0,1,0
9825,0.0,0.0,0.0,500,0.06672,0,0,1,0
9826,0.0,0.0,0.0,500,0.06662500000000005,0,0,1,0
9827,0.0,0.0,0.0,500,0.06652999999999998,0,0,1,0
9828,0.0,0.0,0.0,500,0.06643500000000002,0,0,1,0
9829,0.0,0.0,0.0,500,0.06634000000000007,0,0,1,0
9830,0.0,0.0,0.0,500,0.066245,0,0,1,0
9831,0.0,0.0,0.0,500,0.06615000000000004,0,0,1,0
9832,0.0,0.0,0.0,500,0.06605500000000009,0,0,1,0
9833,0.0,0.0,0.0,500,0.06596000000000013,0,0,1,0
9834,0.0,0.0,0.0,500,0.06586500000000006,0,0,1,0
9835,0.0,0.0,0.0,500,0.06577,0,0,1,0
9836,0.0,0.0,0.0,500,0.06567500000000004,0,0,1,0
9837,0.0,0.0,0.0,500,0.06557999999999997,0,0,1,0
9838,0.0,0.0,0.0,500,0.06548500000000002,0,0,1,0
9839,0.0,0.0,0.0,500,0.06539000000000006,0,0,1,0
9840,0.0,0.0,0.0,500,0.06529499999999999,0,0,1,0
9841,0.0,0.0,0.0,500,0.06520000000000004,0,0,1,0
9842,0.0,0.0,0.0,500,0.06510500000000008,0,0,1,0
9843,0.0,0.0,0.0,500,0.06501000000000012,0,0,1,0
9844,0.0,0.0,0.0,500,0.06491500000000006,0,0,1,0
9845,0.0,0.0,0.0,500,0.06481999999999999,0,0,1,0
9846,0.0,0.0,0.0,500,0.06472500000000003,0,0,1,0
9847,0.0,0.0,0.0,500,0.06462999999999997,0,0,1,0
9848,0.0,0.0,0.0,500,0.06453500000000001,0,0,1,0
9849,0.0,0.0,0.0,500,0.06444000000000005,0,0,1,0
9850,0.0,0.0,0.0,500,0.0643450000000001,0,0,1,0
9851,0.0,0.0,0.0,500,0.06425000000000003,0,0,1,0
9852,0.0,0.0,0.0,500,0.06415500000000007,0,0,1,0
9853,0.0,0.0,0.0,500,0.06406000000000012,0,0,1,0
9854,0.0,0.0,0.0,500,0.06396500000000005,0,0,1,0
9855,0.0,0.0,0.0,500,0.06386999999999998,0,0,1,0
9856,0.0,0.0,0.0,500,0.06377500000000003,0,0,1,0
9857,0.0,0.0,0.0,500,0.06367999999999996,0,0,1,0
9858,0.0,0.0,0.0,500,0.063585,0,0,1,0
9859,0.0,0.0,0.0,500,0.06349000000000005,0,0,1,0
9860,0.0,0.0,0.0,500,0.06339500000000009,0,0,1,0
9861,0.0,0.0,0.0,500,0.06330000000000002,0,0,1,0
9862,0.0,0.0,0.0,500,0.06320500000000007,0,0,1,0
9863,0.0,0.0,0.0,500,0.06311000000000011,0,0,1,0
9864,0.0,0.0,0.0,500,0.06301500000000004,0,0,1,0
9865,0.0,0.0,0.0,500,0.06291999999999998,0,0,1,0
9866,0.0,0.0,0.0,500,0.06282500000000002,0,0,1,0
9867,0.0,0.0,0.0,500,0.06273000000000006,0,0,1,0
9868,0.0,0.0,0.0,500,0.062635,0,0,1,0
9869,0.0,0.0,0.0,500,0.06254000000000004,0,0,1,0
9870,0.0,0.0,0.0,500,0.062445000000000084,0,0,1,0
9871,0.0,0.0,0.0,500,0.062350000000000017,0,0,1,0
9872,0.0,0.0,0.0,500,0.06225500000000006,0,0,1,0
9873,0.0,0.0,0.0,500,0.062160000000000104,0,0,1,0
9874,0.0,0.0,0.0,500,0.06206500000000004,0,0,1,0
9875,0.0,0.0,0.0,500,0.06196999999999997,0,0,1,0
9876,0.0,0.0,0.0,500,0.06187500000000001,0,0,1,0
9877,0.0,0.0,0.0,500,0.06178000000000006,0,0,1,0
9878,0.0,0.0,0.0,500,0.06168499999999999,0,0,1,0
9879,0.0,0.0,0.0,500,0.061590000000000034,0,0,1,0
9880,0.0,0.0,0.0,500,0.06149500000000008,0,0,1,0
9881,0.0,0.0,0.0,500,0.06140000000000001,0,0,1,0
9882,0.0,0.0,0.0,500,0.061305000000000054,0,0,1,0
9883,0.0,0.0,0.0,500,0.0612100000000001,0,0,1,0
9884,0.0,0.0,0.0,500,0.06111500000000003,0,0,1,0
9885,0.0,0.0,0.0,500,0.061020000000000074,0,0,1,0
9886,0.0,0.0,0.0,500,0.06092500000000001,0,0,1,0
9887,0.0,0.0,0.0,500,0.06083000000000005,0,0,1,0
9888,0.0,0.0,0.0,500,0.06073499999999998,0,0,1,0
9889,0.0,0.0,0.0,500,0.06064000000000003,0,0,1,0
9890,0.0,0.0,0.0,500,0.06054500000000007,0,0,1,0
9891,0.0,0.0,0.0,500,0.060450000000000004,0,0,1,0
9892,0.0,0.0,0.0,500,0.06035500000000005,0,0,1,0
9893,0.0,0.0,0.0,500,0.06026000000000009,0,0,1,0
9894,0.0,0.0,0.0,500,0.060165000000000135,0,0,1,0
9895,0.0,0.0,0.0,500,0.06007000000000007,0,0,1,0
9896,0.0,0.0,0.0,500,0.059975,0,0,1,0
9897,0.0,0.0,0.0,500,0.059880000000000044,0,0,1,0
9898,0.0,0.0,0.0,500,0.05978499999999998,0,0,1,0
9899,0.0,0.0,0.0,500,0.05969000000000002,0,0,1,0
9900,0.0,0.0,0.0,500,0.059595000000000065,0,0,1,0
9901,0.0,0.0,0.0,500,0.0595,0,0,1,0
9902,0.0,0.0,0.0,500,0.05940500000000004,0,0,1,0
9903,0.0,0.0,0.0,500,0.059310000000000085,0,0,1,0
9904,0.0,0.0,0.0,500,0.05921500000000013,0,0,1,0
9905,0.0,0.0,0.0,500,0.05912000000000006,0,0,1,0
9906,0.0,0.0,0.0,500,0.059024999999999994,0,0,1,0
9907,0.0,0.0,0.0,500,0.05893000000000004,0,0,1,0
9908,0.0,0.0,0.0,500,0.05883499999999997,0,0,1,0
9909,0.0,0.0,0.0,500,0.058740000000000014,0,0,1,0
9910,0.0,0.0,0.0,500,0.05864500000000006,0,0,1,0
9911,0.0,0.0,0.0,500,0.0585500000000001,0,0,1,0
9912,0.0,0.0,0.0,500,0.058455000000000035,0,0,1,0
9913,0.0,0.0,0.0,500,0.05836000000000008,0,0,1,0
9914,0.0,0.0,0.0,500,0.05826500000000012,0,0,1,0
9915,0.0,0.0,0.0,500,0.058170000000000055,0,0,1,0
9916,0.0,0.0,0.0,500,0.05807499999999999,0,0,1,0
9917,0.0,0.0,0.0,500,0.05798000000000003,0,0,1,0
9918,0.0,0.0,0.0,500,0.057884999999999964,0,0,1,0
9919,0.0,0.0,0.0,500,0.05779000000000001,0,0,1,0
9920,0.0,0.0,0.0,500,0.05769500000000005,0,0,1,0
9921,0.0,0.0,0.0,500,0.057600000000000096,0,0,1,0
9922,0.0,0.0,0.0,500,0.05750500000000003,0,0,1,0
9923,0.0,0.0,0.0,500,0.05741000000000007,0,0,1,0
9924,0.0,0.0,0.0,500,0.057315000000000116,0,0,1,0
9925,0.0,0.0,0.0,500,0.05722000000000005,0,0,1,0
9926,0.0,0.0,0.0,500,0.05712499999999998,0,0,1,0
9927,0.0,0.0,0.0,500,0.057030000000000025,0,0,1,0
9928,0.0,0.0,0.0,500,0.05693500000000007,0,0,1,0
9929,0.0,0.0,0.0,500,0.05684,0,0,1,0
9930,0.0,0.0,0.0,500,0.056745000000000045,0,0,1,0
9931,0.0,0.0,0.0,500,0.05665000000000009,0,0,1,0
9932,0.0,0.0,0.0,500,0.05655500000000002,0,0,1,0
9933,0.0,0.0,0.0,500,0.056460000000000066,0,0,1,0
9934,0.0,0.0,0.0,500,0.05636500000000011,0,0,1,0
9935,0.0,0.0,0.0,500,0.05627000000000004,0,0,1,0
9936,0.0,0.0,0.0,500,0.056174999999999975,0,0,1,0
9937,0.0,0.0,0.0,500,0.05608000000000002,0,0,1,0
9938,0.0,0.0,0.0,500,0.05598500000000006,0,0,1,0
9939,0.0,0.0,0.0,500,0.055889999999999995,0,0,1,0
9940,0.0,0.0,0.0,500,0.05579500000000004,0,0,1,0
9941,0.0,0.0,0.0,500,0.05570000000000008,0,0,1,0
9942,0.0,0.0,0.0,500,0.055605000000000016,0,0,1,0
9943,0.0,0.0,0.0,500,0.05551000000000006,0,0,1,0
9944,0.0,0.0,0.0,500,0.0554150000000001,0,0,1,0
9945,0.0,0.0,0.0,500,0.055320000000000036,0,0,1,0
9946,0.0,0.0,0.0,500,0.05522499999999997,0,0,1,0
9947,0.0,0.0,0.0,500,0.05513000000000001,0,0,1,0
9948,0.0,0.0,0.0,500,0.055035000000000056,0,0,1,0
9949,0.0,0.0,0.0,500,0.05493999999999999,0,0,1,0
9950,0.0,0.0,0.0,500,0.05484500000000003,0,0,1,0
9951,0.0,0.0,0.0,500,0.054750000000000076,0,0,1,0
9952,0.0,0.0,0.0,500,0.05465500000000001,0,0,1,0
9953,0.0,0.0,0.0,500,0.05456000000000005,0,0,1,0
9954,0.0,0.0,0.0,500,0.0544650000000001,0,0,1,0
9955,0.0,0.0,0.0,500,0.05437000000000014,0,0,1,0
9956,0.0,0.0,0.0,500,0.05427499999999996,0,0,1,0
9957,0.0,0.0,0.0,500,0.054180000000000006,0,0,1,0
9958,0.0,0.0,0.0,500,0.05408500000000005,0,0,1,0
9959,0.0,0.0,0.0,500,0.05398999999999998,0,0,1,0
9960,0.0,0.0,0.0,500,0.053895000000000026,0,0,1,0
9961,0.0,0.0,0.0,500,0.05380000000000007,0,0,1,0
9962,0.0,0.0,0.0,500,0.053705,0,0,1,0
9963,0.0,0.0,0.0,500,0.053610000000000047,0,0,1,0
9964,0.0,0.0,0.0,500,0.05351500000000009,0,0,1,0
9965,0.0,0.0,0.0,500,0.053420000000000134,0,0,1,0
9966,0.0,0.0,0.0,500,0.053324999999999956,0,0,1,0
9967,0.0,0.0,0.0,500,0.05323,0,0,1,0
9968,0.0,0.0,0.0,500,0.05313500000000004,0,0,1,0
9969,0.0,0.0,0.0,500,0.053039999999999976,0,0,1,0
9970,0.0,0.0,0.0,500,0.05294500000000002,0,0,1,0
9971,0.0,0.0,0.0,500,0.052850000000000064,0,0,1,0
9972,0.0,0.0,0.0,500,0.05275500000000011,0,0,1,0
9973,0.0,0.0,0.0,500,0.05266000000000004,0,0,1,0
9974,0.0,0.0,0.0,500,0.052565000000000084,0,0,1,0
9975,0.0,0.0,0.0,500,0.05247000000000013,0,0,1,0
9976,0.0,0.0,0.0,500,0.05237499999999995,0,0,1,0
9977,0.0,0.0,0.0,500,0.05227999999999999,0,0,1,0
9978,0.0,0.0,0.0,500,0.05218500000000004,0,0,1,0
9979,0.0,0.0,0.0,500,0.05208999999999997,0,0,1,0
9980,0.0,0.0,0.0,500,0.05199500000000001,0,0,1,0
9981,0.0,0.0,0.0,500,0.05190000000000006,0,0,1,0
9982,0.0,0.0,0.0,500,0.0518050000000001,0,0,1,0
9983,0.0,0.0,0.0,500,0.051710000000000034,0,0,1,0
9984,0.0,0.0,0.0,500,0.05161500000000008,0,0,1,0
9985,0.0,0.0,0.0,500,0.05152000000000012,0,0,1,0
9986,0.0,0.0,0.0,500,0.05142499999999994,0,0,1,0
9987,0.0,0.0,0.0,500,0.05132999999999999,0,0,1,0
9988,0.0,0.0,0.0,500,0.05123500000000003,0,0,1,0
9989,0.0,0.0,0.0,500,0.051140000000000074,0,0,1,0
9990,0.0,0.0,0.0,500,0.05104500000000001,0,0,1,0
9991,0.0,0.0,0.0,500,0.05095000000000005,0,0,1,0
9992,0.0,0.0,0.0,500,0.050855000000000095,0,0,1,0
9993,0.0,0.0,0.0,500,0.05076000000000003,0,0,1,0
9994,0.0,0.0,0.0,500,0.05066500000000007,0,0,1,0
9995,0.0,0.0,0.0,500,0.050570000000000115,0,0,1,0
9996,0.0,0.0,0.0,500,0.05047499999999994,0,0,1,0
9997,0.0,0.0,0.0,500,0.05037999999999998,0,0,1,0
9998,0.0,0.0,0.0,500,0.050285000000000024,0,0,1,0
9999,0.0,0.0,0.0,500,0.05019000000000007,0,0,1,0
10000,0.0,0.0,0.0,500,0.050095,0,0,1,0
10001,0.0,0.0,0.0,500,0.05,0,0,1,0
10002,0.0,0.0,0.0,500,0.05,0,0,1,0
10003,0.0,0.0,0.0,500,0.05,0,0,1,0
10004,0.0,0.0,0.0,500,0.05,0,0,1,0
10005,0.0,0.0,0.0,500,0.05,0,0,1,0
10006,0.0,0.0,0.0,500,0.05,0,0,1,0
10007,0.0,0.0,0.0,500,0.05,0,0,1,0
10008,0.0,0.0,0.0,500,0.05,0,0,1,0
10009,0.0,0.0,0.0,500,0.05,0,0,1,0
10010,0.0,0.0,0.0,500,0.05,0,0,1,0
10011,0.0,0.0,0.0,500,0.05,0,0,1,0
10012,0.0,0.0,0.0,500,0.05,0,0,1,0
10013,0.0,0.0,0.0,500,0.05,0,0,1,0
10014,0.0,0.0,0.0,500,0.05,0,0,1,0
10015,0.0,0.0,0.0,500,0.05,0,0,1,0
10016,0.0,0.0,0.0,500,0.05,0,0,1,0
10017,0.0,0.0,0.0,500,0.05,0,0,1,0
10018,0.0,0.0,0.0,500,0.05,0,0,1,0
10019,0.0,0.0,0.0,500,0.05,0,0,1,0
10020,0.0,0.0,0.0,500,0.05,0,0,1,0
10021,0.0,0.0,0.0,500,0.05,0,0,1,0
10022,0.0,0.0,0.0,500,0.05,0,0,1,0
10023,0.0,0.0,0.0,500,0.05,0,0,1,0
10024,0.0,0.0,0.0,500,0.05,0,0,1,0
10025,0.0,0.0,0.0,500,0.05,0,0,1,0
10026,0.0,0.0,0.0,500,0.05,0,0,1,0
10027,0.0,0.0,0.0,500,0.05,0,0,1,0
10028,0.0,0.0,0.0,500,0.05,0,0,1,0
10029,0.0,0.0,0.0,500,0.05,0,0,1,0
10030,0.0,0.0,0.0,500,0.05,0,0,1,0
10031,0.0,0.0,0.0,500,0.05,0,0,1,0
10032,0.0,0.0,0.0,500,0.05,0,0,1,0
10033,0.0,0.0,0.0,500,0.05,0,0,1,0
10034,0.0,0.0,0.0,500,0.05,0,0,1,0
10035,0.0,0.0,0.0,500,0.05,0,0,1,0
10036,0.0,0.0,0.0,500,0.05,0,0,1,0
10037,0.0,0.0,0.0,500,0.05,0,0,1,0
10038,0.0,0.0,0.0,500,0.05,0,0,1,0
10039,0.0,0.0,0.0,500,0.05,0,0,1,0
10040,0.0,0.0,0.0,500,0.05,0,0,1,0
10041,0.0,0.0,0.0,500,0.05,0,0,1,0
10042,0.0,0.0,0.0,500,0.05,0,0,1,0
10043,0.0,0.0,0.0,500,0.05,0,0,1,0
10044,0.0,0.0,0.0,500,0.05,0,0,1,0
10045,0.0,0.0,0.0,500,0.05,0,0,1,0
10046,0.0,0.0,0.0,500,0.05,0,0,1,0
10047,0.0,0.0,0.0,500,0.05,0,0,1,0
10048,0.0,0.0,0.0,500,0.05,0,0,1,0
10049,0.0,0.0,0.0,500,0.05,0,0,1,0
10050,0.0,0.0,0.0,500,0.05,0,0,1,0
10051,0.0,0.0,0.0,500,0.05,0,0,1,0
10052,0.0,0.0,0.0,500,0.05,0,0,1,0
10053,0.0,0.0,0.0,500,0.05,0,0,1,0
10054,0.0,0.0,0.0,500,0.05,0,0,1,0
10055,0.0,0.0,0.0,500,0.05,0,0,1,0
10056,0.0,0.0,0.0,500,0.05,0,0,1,0
10057,0.0,0.0,0.0,500,0.05,0,0,1,0
10058,0.0,0.0,0.0,500,0.05,0,0,1,0
10059,0.0,0.0,0.0,500,0.05,0,0,1,0
10060,0.0,0.0,0.0,500,0.05,0,0,1,0
10061,0.0,0.0,0.0,500,0.05,0,0,1,0
10062,0.0,0.0,0.0,500,0.05,0,0,1,0
10063,0.0,0.0,0.0,500,0.05,0,0,1,0
10064,0.0,0.0,0.0,500,0.05,0,0,1,0
10065,0.0,0.0,0.0,500,0.05,0,0,1,0
10066,0.0,0.0,0.0,500,0.05,0,0,1,0
10067,0.0,0.0,0.0,500,0.05,0,0,1,0
10068,0.0,0.0,0.0,500,0.05,0,0,1,0
10069,0.0,0.0,0.0,500,0.05,0,0,1,0
10070,0.0,0.0,0.0,500,0.05,0,0,1,0
10071,0.0,0.0,0.0,500,0.05,0,0,1,0
10072,0.0,0.0,0.0,500,0.05,0,0,1,0
10073,0.0,0.0,0.0,500,0.05,0,0,1,0
10074,0.0,0.0,0.0,500,0.05,0,0,1,0
10075,0.0,0.0,0.0,500,0.05,0,0,1,0
10076,0.0,0.0,0.0,500,0.05,0,0,1,0
10077,0.0,0.0,0.0,500,0.05,0,0,1,0
10078,0.0,0.0,0.0,500,0.05,0,0,1,0
10079,0.0,0.0,0.0,500,0.05,0,0,1,0
10080,0.0,0.0,0.0,500,0.05,0,0,1,0
10081,0.0,0.0,0.0,500,0.05,0,0,1,0
10082,0.0,0.0,0.0,500,0.05,0,0,1,0
10083,0.0,0.0,0.0,500,0.05,0,0,1,0
10084,0.0,0.0,0.0,500,0.05,0,0,1,0
10085,0.0,0.0,0.0,500,0.05,0,0,1,0
10086,0.0,0.0,0.0,500,0.05,0,0,1,0
10087,0.0,0.0,0.0,500,0.05,0,0,1,0
10088,0.0,0.0,0.0,500,0.05,0,0,1,0
10089,0.0,0.0,0.0,500,0.05,0,0,1,0
10090,0.0,0.0,0.0,500,0.05,0,0,1,0
10091,0.0,0.0,0.0,500,0.05,0,0,1,0
10092,0.0,0.0,0.0,500,0.05,0,0,1,0
10093,0.0,0.0,0.0,500,0.05,0,0,1,0
10094,0.0,0.0,0.0,500,0.05,0,0,1,0
10095,0.0,0.0,0.0,500,0.05,0,0,1,0
10096,0.0,0.0,0.0,500,0.05,0,0,1,0
10097,0.0,0.0,0.0,500,0.05,0,0,1,0
10098,0.0,0.0,0.0,500,0.05,0,0,1,0
10099,0.0,0.0,0.0,500,0.05,0,0,1,0
10100,0.0,0.0,0.0,500,0.05,0,0,1,0
10101,0.0,0.0,0.0,500,0.05,0,0,1,0
10102,0.0,0.0,0.0,500,0.05,0,0,1,0
10103,0.0,0.0,0.0,500,0.05,0,0,1,0
10104,0.0,0.0,0.0,500,0.05,0,0,1,0
10105,0.0,0.0,0.0,500,0.05,0,0,1,0
10106,0.0,0.0,0.0,500,0.05,0,0,1,0
10107,0.0,0.0,0.0,500,0.05,0,0,1,0
10108,0.0,0.0,0.0,500,0.05,0,0,1,0
10109,0.0,0.0,0.0,500,0.05,0,0,1,0
10110,0.0,0.0,0.0,500,0.05,0,0,1,0
10111,0.0,0.0,0.0,500,0.05,0,0,1,0
10112,0.0,0.0,0.0,500,0.05,0,0,1,0
10113,0.0,0.0,0.0,500,0.05,0,0,1,0
10114,0.0,0.0,0.0,500,0.05,0,0,1,0
10115,0.0,0.0,0.0,500,0.05,0,0,1,0
10116,0.0,0.0,0.0,500,0.05,0,0,1,0
10117,0.0,0.0,0.0,500,0.05,0,0,1,0
10118,0.0,0.0,0.0,500,0.05,0,0,1,0
10119,0.0,0.0,0.0,500,0.05,0,0,1,0
10120,0.0,0.0,0.0,500,0.05,0,0,1,0
10121,0.0,0.0,0.0,500,0.05,0,0,1,0
10122,0.0,0.0,0.0,500,0.05,0,0,1,0
10123,0.0,0.0,0.0,500,0.05,0,0,1,0
10124,0.0,0.0,0.0,500,0.05,0,0,1,0
10125,0.0,0.0,0.0,500,0.05,0,0,1,0
10126,0.0,0.0,0.0,500,0.05,0,0,1,0
10127,0.0,0.0,0.0,500,0.05,0,0,1,0
10128,0.0,0.0,0.0,500,0.05,0,0,1,0
10129,0.0,0.0,0.0,500,0.05,0,0,1,0
10130,0.0,0.0,0.0,500,0.05,0,0,1,0
10131,0.0,0.0,0.0,500,0.05,0,0,1,0
10132,0.0,0.0,0.0,500,0.05,0,0,1,0
10133,0.0,0.0,0.0,500,0.05,0,0,1,0
10134,0.0,0.0,0.0,500,0.05,0,0,1,0
10135,0.0,0.0,0.0,500,0.05,0,0,1,0
10136,0.0,0.0,0.0,500,0.05,0,0,1,0
10137,0.0,0.0,0.0,500,0.05,0,0,1,0
10138,0.0,0.0,0.0,500,0.05,0,0,1,0
10139,0.0,0.0,0.0,500,0.05,0,0,1,0
10140,0.0,0.0,0.0,500,0.05,0,0,1,0
10141,0.0,0.0,0.0,500,0.05,0,0,1,0
10142,0.0,0.0,0.0,500,0.05,0,0,1,0
10143,0.0,0.0,0.0,500,0.05,0,0,1,0
10144,0.0,0.0,0.0,500,0.05,0,0,1,0
10145,0.0,0.0,0.0,500,0.05,0,0,1,0
10146,0.0,0.0,0.0,500,0.05,0,0,1,0
10147,0.0,0.0,0.0,500,0.05,0,0,1,0
10148,0.0,0.0,0.0,500,0.05,0,0,1,0
10149,0.0,0.0,0.0,500,0.05,0,0,1,0
10150,0.0,0.0,0.0,500,0.05,0,0,1,0
10151,0.0,0.0,0.0,500,0.05,0,0,1,0
10152,0.0,0.0,0.0,500,0.05,0,0,1,0
10153,0.0,0.0,0.0,500,0.05,0,0,1,0
10154,0.0,0.0,0.0,500,0.05,0,0,1,0
10155,0.0,0.0,0.0,500,0.05,0,0,1,0
10156,0.0,0.0,0.0,500,0.05,0,0,1,0
10157,0.0,0.0,0.0,500,0.05,0,0,1,0
10158,0.0,0.0,0.0,500,0.05,0,0,1,0
10159,0.0,0.0,0.0,500,0.05,0,0,1,0
10160,0.0,0.0,0.0,500,0.05,0,0,1,0
10161,0.0,0.0,0.0,500,0.05,0,0,1,0
10162,0.0,0.0,0.0,500,0.05,0,0,1,0
10163,0.0,0.0,0.0,500,0.05,0,0,1,0
10164,0.0,0.0,0.0,500,0.05,0,0,1,0
10165,0.0,0.0,0.0,500,0.05,0,0,1,0
10166,0.0,0.0,0.0,500,0.05,0,0,1,0
10167,0.0,0.0,0.0,500,0.05,0,0,1,0
10168,0.0,0.0,0.0,500,0.05,0,0,1,0
10169,0.0,0.0,0.0,500,0.05,0,0,1,0
10170,0.0,0.0,0.0,500,0.05,0,0,1,0
10171,0.0,0.0,0.0,500,0.05,0,0,1,0
10172,0.0,0.0,0.0,500,0.05,0,0,1,0
10173,0.0,0.0,0.0,500,0.05,0,0,1,0
10174,0.0,0.0,0.0,500,0.05,0,0,1,0
10175,0.0,0.0,0.0,500,0.05,0,0,1,0
10176,0.0,0.0,0.0,500,0.05,0,0,1,0
10177,0.0,0.0,0.0,500,0.05,0,0,1,0
10178,0.0,0.0,0.0,500,0.05,0,0,1,0
10179,0.0,0.0,0.0,500,0.05,0,0,1,0
10180,0.0,0.0,0.0,500,0.05,0,0,1,0
10181,0.0,0.0,0.0,500,0.05,0,0,1,0
10182,0.0,0.0,0.0,500,0.05,0,0,1,0
10183,0.0,0.0,0.0,500,0.05,0,0,1,0
10184,0.0,0.0,0.0,500,0.05,0,0,1,0
10185,0.0,0.0,0.0,500,0.05,0,0,1,0
10186,0.0,0.0,0.0,500,0.05,0,0,1,0
10187,0.0,0.0,0.0,500,0.05,0,0,1,0
10188,0.0,0.0,0.0,500,0.05,0,0,1,0
10189,0.0,0.0,0.0,500,0.05,0,0,1,0
10190,0.0,0.0,0.0,500,0.05,0,0,1,0
10191,0.0,0.0,0.0,500,0.05,0,0,1,0
10192,0.0,0.0,0.0,500,0.05,0,0,1,0
10193,0.0,0.0,0.0,500,0.05,0,0,1,0
10194,0.0,0.0,0.0,500,0.05,0,0,1,0
10195,0.0,0.0,0.0,500,0.05,0,0,1,0
10196,0.0,0.0,0.0,500,0.05,0,0,1,0
10197,0.0,0.0,0.0,500,0.05,0,0,1,0
10198,0.0,0.0,0.0,500,0.05,0,0,1,0
10199,0.0,0.0,0.0,500,0.05,0,0,1,0
10200,0.0,0.0,0.0,500,0.05,0,0,1,0
10201,0.0,0.0,0.0,500,0.05,0,0,1,0
10202,0.0,0.0,0.0,500,0.05,0,0,1,0
10203,0.0,0.0,0.0,500,0.05,0,0,1,0
10204,0.0,0.0,0.0,500,0.05,0,0,1,0
10205,0.0,0.0,0.0,500,0.05,0,0,1,0
10206,0.0,0.0,0.0,500,0.05,0,0,1,0
10207,0.0,0.0,0.0,500,0.05,0,0,1,0
10208,0.0,0.0,0.0,500,0.05,0,0,1,0
10209,0.0,0.0,0.0,500,0.05,0,0,1,0
10210,0.0,0.0,0.0,500,0.05,0,0,1,0
10211,0.0,0.0,0.0,500,0.05,0,0,1,0
10212,0.0,0.0,0.0,500,0.05,0,0,1,0
10213,0.0,0.0,0.0,500,0.05,0,0,1,0
10214,0.0,0.0,0.0,500,0.05,0,0,1,0
10215,0.0,0.0,0.0,500,0.05,0,0,1,0
10216,0.0,0.0,0.0,500,0.05,0,0,1,0
10217,0.0,0.0,0.0,500,0.05,0,0,1,0
10218,0.0,0.0,0.0,500,0.05,0,0,1,0
10219,0.0,0.0,0.0,500,0.05,0,0,1,0
10220,0.0,0.0,0.0,500,0.05,0,0,1,0
10221,0.0,0.0,0.0,500,0.05,0,0,1,0
10222,0.0,0.0,0.0,500,0.05,0,0,1,0
10223,0.0,0.0,0.0,500,0.05,0,0,1,0
10224,0.0,0.0,0.0,500,0.05,0,0,1,0
10225,0.0,0.0,0.0,500,0.05,0,0,1,0
10226,0.0,0.0,0.0,500,0.05,0,0,1,0
10227,0.0,0.0,0.0,500,0.05,0,0,1,0
10228,0.0,0.0,0.0,500,0.05,0,0,1,0
10229,0.0,0.0,0.0,500,0.05,0,0,1,0
10230,0.0,0.0,0.0,500,0.05,0,0,1,0
10231,0.0,0.0,0.0,500,0.05,0,0,1,0
10232,0.0,0.0,0.0,500,0.05,0,0,1,0
10233,0.0,0.0,0.0,500,0.05,0,0,1,0
10234,0.0,0.0,0.0,500,0.05,0,0,1,0
10235,0.0,0.0,0.0,500,0.05,0,0,1,0
10236,0.0,0.0,0.0,500,0.05,0,0,1,0
10237,0.0,0.0,0.0,500,0.05,0,0,1,0
10238,0.0,0.0,0.0,500,0.05,0,0,1,0
10239,0.0,0.0,0.0,500,0.05,0,0,1,0
10240,0.0,0.0,0.0,500,0.05,0,0,1,0
10241,0.0,0.0,0.0,500,0.05,0,0,1,0
10242,0.0,0.0,0.0,500,0.05,0,0,1,0
10243,0.0,0.0,0.0,500,0.05,0,0,1,0
10244,0.0,0.0,0.0,500,0.05,0,0,1,0
10245,0.0,0.0,0.0,500,0.05,0,0,1,0
10246,0.0,0.0,0.0,500,0.05,0,0,1,0
10247,0.0,0.0,0.0,500,0.05,0,0,1,0
10248,0.0,0.0,0.0,500,0.05,0,0,1,0
10249,0.0,0.0,0.0,500,0.05,0,0,1,0
10250,0.0,0.0,0.0,500,0.05,0,0,1,0
10251,0.0,0.0,0.0,500,0.05,0,0,1,0
10252,0.0,0.0,0.0,500,0.05,0,0,1,0
10253,0.0,0.0,0.0,500,0.05,0,0,1,0
10254,0.0,0.0,0.0,500,0.05,0,0,1,0
10255,0.0,0.0,0.0,500,0.05,0,0,1,0
10256,0.0,0.0,0.0,500,0.05,0,0,1,0
10257,0.0,0.0,0.0,500,0.05,0,0,1,0
10258,0.0,0.0,0.0,500,0.05,0,0,1,0
10259,0.0,0.0,0.0,500,0.05,0,0,1,0
10260,0.0,0.0,0.0,500,0.05,0,0,1,0
10261,0.0,0.0,0.0,500,0.05,0,0,1,0
10262,0.0,0.0,0.0,500,0.05,0,0,1,0
10263,0.0,0.0,0.0,500,0.05,0,0,1,0
10264,0.0,0.0,0.0,500,0.05,0,0,1,0
10265,0.0,0.0,0.0,500,0.05,0,0,1,0
10266,0.0,0.0,0.0,500,0.05,0,0,1,0
10267,0.0,0.0,0.0,500,0.05,0,0,1,0
10268,0.0,0.0,0.0,500,0.05,0,0,1,0
10269,0.0,0.0,0.0,500,0.05,0,0,1,0
10270,0.0,0.0,0.0,500,0.05,0,0,1,0
10271,0.0,0.0,0.0,500,0.05,0,0,1,0
10272,0.0,0.0,0.0,500,0.05,0,0,1,0
10273,0.0,0.0,0.0,500,0.05,0,0,1,0
10274,0.0,0.0,0.0,500,0.05,0,0,1,0
10275,0.0,0.0,0.0,500,0.05,0,0,1,0
10276,0.0,0.0,0.0,500,0.05,0,0,1,0
10277,0.0,0.0,0.0,500,0.05,0,0,1,0
10278,0.0,0.0,0.0,500,0.05,0,0,1,0
10279,0.0,0.0,0.0,500,0.05,0,0,1,0
10280,0.0,0.0,0.0,500,0.05,0,0,1,0
10281,0.0,0.0,0.0,500,0.05,0,0,1,0
10282,0.0,0.0,0.0,500,0.05,0,0,1,0
10283,0.0,0.0,0.0,500,0.05,0,0,1,0
10284,0.0,0.0,0.0,500,0.05,0,0,1,0
10285,0.0,0.0,0.0,500,0.05,0,0,1,0
10286,0.0,0.0,0.0,500,0.05,0,0,1,0
10287,0.0,0.0,0.0,500,0.05,0,0,1,0
10288,0.0,0.0,0.0,500,0.05,0,0,1,0
10289,0.0,0.0,0.0,500,0.05,0,0,1,0
10290,0.0,0.0,0.0,500,0.05,0,0,1,0
10291,0.0,0.0,0.0,500,0.05,0,0,1,0
10292,0.0,0.0,0.0,500,0.05,0,0,1,0
10293,0.0,0.0,0.0,500,0.05,0,0,1,0
10294,0.0,0.0,0.0,500,0.05,0,0,1,0
10295,0.0,0.0,0.0,500,0.05,0,0,1,0
10296,0.0,0.0,0.0,500,0.05,0,0,1,0
10297,0.0,0.0,0.0,500,0.05,0,0,1,0
10298,0.0,0.0,0.0,500,0.05,0,0,1,0
10299,0.0,0.0,0.0,500,0.05,0,0,1,0
10300,0.0,0.0,0.0,500,0.05,0,0,1,0
10301,0.0,0.0,0.0,500,0.05,0,0,1,0
10302,0.0,0.0,0.0,500,0.05,0,0,1,0
10303,0.0,0.0,0.0,500,0.05,0,0,1,0
10304,0.0,0.0,0.0,500,0.05,0,0,1,0
10305,0.0,0.0,0.0,500,0.05,0,0,1,0
10306,0.0,0.0,0.0,500,0.05,0,0,1,0
10307,0.0,0.0,0.0,500,0.05,0,0,1,0
10308,0.0,0.0,0.0,500,0.05,0,0,1,0
10309,0.0,0.0,0.0,500,0.05,0,0,1,0
10310,0.0,0.0,0.0,500,0.05,0,0,1,0
10311,0.0,0.0,0.0,500,0.05,0,0,1,0
10312,0.0,0.0,0.0,500,0.05,0,0,1,0
10313,0.0,0.0,0.0,500,0.05,0,0,1,0
10314,0.0,0.0,0.0,500,0.05,0,0,1,0
10315,0.0,0.0,0.0,500,0.05,0,0,1,0
10316,0.0,0.0,0.0,500,0.05,0,0,1,0
10317,0.0,0.0,0.0,500,0.05,0,0,1,0
10318,0.0,0.0,0.0,500,0.05,0,0,1,0
10319,0.0,0.0,0.0,500,0.05,0,0,1,0
10320,0.0,0.0,0.0,500,0.05,0,0,1,0
10321,0.0,0.0,0.0,500,0.05,0,0,1,0
10322,0.0,0.0,0.0,500,0.05,0,0,1,0
10323,0.0,0.0,0.0,500,0.05,0,0,1,0
10324,0.0,0.0,0.0,500,0.05,0,0,1,0
10325,0.0,0.0,0.0,500,0.05,0,0,1,0
10326,0.0,0.0,0.0,500,0.05,0,0,1,0
10327,0.0,0.0,0.0,500,0.05,0,0,1,0
10328,0.0,0.0,0.0,500,0.05,0,0,1,0
10329,0.0,0.0,0.0,500,0.05,0,0,1,0
10330,0.0,0.0,0.0,500,0.05,0,0,1,0
10331,0.0,0.0,0.0,500,0.05,0,0,1,0
10332,0.0,0.0,0.0,500,0.05,0,0,1,0
10333,0.0,0.0,0.0,500,0.05,0,0,1,0
10334,0.0,0.0,0.0,500,0.05,0,0,1,0
10335,0.0,0.0,0.0,500,0.05,0,0,1,0
10336,0.0,0.0,0.0,500,0.05,0,0,1,0
10337,0.0,0.0,0.0,500,0.05,0,0,1,0
10338,0.0,0.0,0.0,500,0.05,0,0,1,0
10339,0.0,0.0,0.0,500,0.05,0,0,1,0
10340,0.0,0.0,0.0,500,0.05,0,0,1,0
10341,0.0,0.0,0.0,500,0.05,0,0,1,0
10342,0.0,0.0,0.0,500,0.05,0,0,1,0
10343,0.0,0.0,0.0,500,0.05,0,0,1,0
10344,0.0,0.0,0.0,500,0.05,0,0,1,0
10345,0.0,0.0,0.0,500,0.05,0,0,1,0
10346,0.0,0.0,0.0,500,0.05,0,0,1,0
10347,0.0,0.0,0.0,500,0.05,0,0,1,0
10348,0.0,0.0,0.0,500,0.05,0,0,1,0
10349,0.0,0.0,0.0,500,0.05,0,0,1,0
10350,0.0,0.0,0.0,500,0.05,0,0,1,0
10351,0.0,0.0,0.0,500,0.05,0,0,1,0
10352,0.0,0.0,0.0,500,0.05,0,0,1,0
10353,0.0,0.0,0.0,500,0.05,0,0,1,0
10354,0.0,0.0,0.0,500,0.05,0,0,1,0
10355,0.0,0.0,0.0,500,0.05,0,0,1,0
10356,0.0,0.0,0.0,500,0.05,0,0,1,0
10357,0.0,0.0,0.0,500,0.05,0,0,1,0
10358,0.0,0.0,0.0,500,0.05,0,0,1,0
10359,0.0,0.0,0.0,500,0.05,0,0,1,0
10360,0.0,0.0,0.0,500,0.05,0,0,1,0
10361,0.0,0.0,0.0,500,0.05,0,0,1,0
10362,0.0,0.0,0.0,500,0.05,0,0,1,0
10363,0.0,0.0,0.0,500,0.05,0,0,1,0
10364,0.0,0.0,0.0,500,0.05,0,0,1,0
10365,0.0,0.0,0.0,500,0.05,0,0,1,0
10366,0.0,0.0,0.0,500,0.05,0,0,1,0
10367,0.0,0.0,0.0,500,0.05,0,0,1,0
10368,0.0,0.0,0.0,500,0.05,0,0,1,0
10369,0.0,0.0,0.0,500,0.05,0,0,1,0
10370,0.0,0.0,0.0,500,0.05,0,0,1,0
10371,0.0,0.0,0.0,500,0.05,0,0,1,0
10372,0.0,0.0,0.0,500,0.05,0,0,1,0
10373,0.0,0.0,0.0,500,0.05,0,0,1,0
10374,0.0,0.0,0.0,500,0.05,0,0,1,0
10375,0.0,0.0,0.0,500,0.05,0,0,1,0
10376,0.0,0.0,0.0,500,0.05,0,0,1,0
10377,0.0,0.0,0.0,500,0.05,0,0,1,0
10378,0.0,0.0,0.0,500,0.05,0,0,1,0
10379,0.0,0.0,0.0,500,0.05,0,0,1,0
10380,0.0,0.0,0.0,500,0.05,0,0,1,0
10381,0.0,0.0,0.0,500,0.05,0,0,1,0
10382,0.0,0.0,0.0,500,0.05,0,0,1,0
10383,0.0,0.0,0.0,500,0.05,0,0,1,0
10384,0.0,0.0,0.0,500,0.05,0,0,1,0
10385,0.0,0.0,0.0,500,0.05,0,0,1,0
10386,0.0,0.0,0.0,500,0.05,0,0,1,0
10387,0.0,0.0,0.0,500,0.05,0,0,1,0
10388,0.0,0.0,0.0,500,0.05,0,0,1,0
10389,0.0,0.0,0.0,500,0.05,0,0,1,0
10390,0.0,0.0,0.0,500,0.05,0,0,1,0
10391,0.0,0.0,0.0,500,0.05,0,0,1,0
10392,0.0,0.0,0.0,500,0.05,0,0,1,0
10393,0.0,0.0,0.0,500,0.05,0,0,1,0
10394,0.0,0.0,0.0,500,0.05,0,0,1,0
10395,0.0,0.0,0.0,500,0.05,0,0,1,0
10396,0.0,0.0,0.0,500,0.05,0,0,1,0
10397,0.0,0.0,0.0,500,0.05,0,0,1,0
10398,0.0,0.0,0.0,500,0.05,0,0,1,0
10399,0.0,0.0,0.0,500,0.05,0,0,1,0
10400,0.0,0.0,0.0,500,0.05,0,0,1,0
10401,0.0,0.0,0.0,500,0.05,0,0,1,0
10402,0.0,0.0,0.0,500,0.05,0,0,1,0
10403,0.0,0.0,0.0,500,0.05,0,0,1,0
10404,0.0,0.0,0.0,500,0.05,0,0,1,0
10405,0.0,0.0,0.0,500,0.05,0,0,1,0
10406,0.0,0.0,0.0,500,0.05,0,0,1,0
10407,0.0,0.0,0.0,500,0.05,0,0,1,0
10408,0.0,0.0,0.0,500,0.05,0,0,1,0
10409,0.0,0.0,0.0,500,0.05,0,0,1,0
10410,0.0,0.0,0.0,500,0.05,0,0,1,0
10411,0.0,0.0,0.0,500,0.05,0,0,1,0
10412,0.0,0.0,0.0,500,0.05,0,0,1,0
10413,0.0,0.0,0.0,500,0.05,0,0,1,0
10414,0.0,0.0,0.0,500,0.05,0,0,1,0
10415,0.0,0.0,0.0,500,0.05,0,0,1,0
10416,0.0,0.0,0.0,500,0.05,0,0,1,0
10417,0.0,0.0,0.0,500,0.05,0,0,1,0
10418,0.0,0.0,0.0,500,0.05,0,0,1,0
10419,0.0,0.0,0.0,500,0.05,0,0,1,0
10420,0.0,0.0,0.0,500,0.05,0,0,1,0
10421,0.0,0.0,0.0,500,0.05,0,0,1,0
10422,0.0,0.0,0.0,500,0.05,0,0,1,0
10423,0.0,0.0,0.0,500,0.05,0,0,1,0
10424,0.0,0.0,0.0,500,0.05,0,0,1,0
10425,0.0,0.0,0.0,500,0.05,0,0,1,0
10426,0.0,0.0,0.0,500,0.05,0,0,1,0
10427,0.0,0.0,0.0,500,0.05,0,0,1,0
10428,0.0,0.0,0.0,500,0.05,0,0,1,0
10429,0.0,0.0,0.0,500,0.05,0,0,1,0
10430,0.0,0.0,0.0,500,0.05,0,0,1,0
10431,0.0,0.0,0.0,500,0.05,0,0,1,0
10432,0.0,0.0,0.0,500,0.05,0,0,1,0
10433,0.0,0.0,0.0,500,0.05,0,0,1,0
10434,0.0,0.0,0.0,500,0.05,0,0,1,0
10435,0.0,0.0,0.0,500,0.05,0,0,1,0
10436,0.0,0.0,0.0,500,0.05,0,0,1,0
10437,0.0,0.0,0.0,500,0.05,0,0,1,0
10438,0.0,0.0,0.0,500,0.05,0,0,1,0
10439,0.0,0.0,0.0,500,0.05,0,0,1,0
10440,0.0,0.0,0.0,500,0.05,0,0,1,0
10441,0.0,0.0,0.0,500,0.05,0,0,1,0
10442,0.0,0.0,0.0,500,0.05,0,0,1,0
10443,0.0,0.0,0.0,500,0.05,0,0,1,0
10444,0.0,0.0,0.0,500,0.05,0,0,1,0
10445,0.0,0.0,0.0,500,0.05,0,0,1,0
10446,0.0,0.0,0.0,500,0.05,0,0,1,0
10447,0.0,0.0,0.0,500,0.05,0,0,1,0
10448,0.0,0.0,0.0,500,0.05,0,0,1,0
10449,0.0,0.0,0.0,500,0.05,0,0,1,0
10450,0.0,0.0,0.0,500,0.05,0,0,1,0
10451,0.0,0.0,0.0,500,0.05,0,0,1,0
10452,0.0,0.0,0.0,500,0.05,0,0,1,0
10453,0.0,0.0,0.0,500,0.05,0,0,1,0
10454,0.0,0.0,0.0,500,0.05,0,0,1,0
10455,0.0,0.0,0.0,500,0.05,0,0,1,0
10456,0.0,0.0,0.0,500,0.05,0,0,1,0
10457,0.0,0.0,0.0,500,0.05,0,0,1,0
10458,0.0,0.0,0.0,500,0.05,0,0,1,0
10459,0.0,0.0,0.0,500,0.05,0,0,1,0
10460,0.0,0.0,0.0,500,0.05,0,0,1,0
10461,0.0,0.0,0.0,500,0.05,0,0,1,0
10462,0.0,0.0,0.0,500,0.05,0,0,1,0
10463,0.0,0.0,0.0,500,0.05,0,0,1,0
10464,0.0,0.0,0.0,500,0.05,0,0,1,0
10465,0.0,0.0,0.0,500,0.05,0,0,1,0
10466,0.0,0.0,0.0,500,0.05,0,0,1,0
10467,0.0,0.0,0.0,500,0.05,0,0,1,0
10468,0.0,0.0,0.0,500,0.05,0,0,1,0
10469,0.0,0.0,0.0,500,0.05,0,0,1,0
10470,0.0,0.0,0.0,500,0.05,0,0,1,0
10471,0.0,0.0,0.0,500,0.05,0,0,1,0
10472,0.0,0.0,0.0,500,0.05,0,0,1,0
10473,0.0,0.0,0.0,500,0.05,0,0,1,0
10474,0.0,0.0,0.0,500,0.05,0,0,1,0
10475,0.0,0.0,0.0,500,0.05,0,0,1,0
10476,0.0,0.0,0.0,500,0.05,0,0,1,0
10477,0.0,0.0,0.0,500,0.05,0,0,1,0
10478,0.0,0.0,0.0,500,0.05,0,0,1,0
10479,0.0,0.0,0.0,500,0.05,0,0,1,0
10480,0.0,0.0,0.0,500,0.05,0,0,1,0
10481,0.0,0.0,0.0,500,0.05,0,0,1,0
10482,0.0,0.0,0.0,500,0.05,0,0,1,0
10483,0.0,0.0,0.0,500,0.05,0,0,1,0
10484,0.0,0.0,0.0,500,0.05,0,0,1,0
10485,0.0,0.0,0.0,500,0.05,0,0,1,0
10486,0.0,0.0,0.0,500,0.05,0,0,1,0
10487,0.0,0.0,0.0,500,0.05,0,0,1,0
10488,0.0,0.0,0.0,500,0.05,0,0,1,0
10489,0.0,0.0,0.0,500,0.05,0,0,1,0
10490,0.0,0.0,0.0,500,0.05,0,0,1,0
10491,0.0,0.0,0.0,500,0.05,0,0,1,0
10492,0.0,0.0,0.0,500,0.05,0,0,1,0
10493,0.0,0.0,0.0,500,0.05,0,0,1,0
10494,0.0,0.0,0.0,500,0.05,0,0,1,0
10495,0.0,0.0,0.0,500,0.05,0,0,1,0
10496,0.0,0.0,0.0,500,0.05,0,0,1,0
10497,0.0,0.0,0.0,500,0.05,0,0,1,0
10498,0.0,0.0,0.0,500,0.05,0,0,1,0
10499,0.0,0.0,0.0,500,0.05,0,0,1,0
10500,0.0,0.0,0.0,500,0.05,0,0,1,0
10501,0.0,0.0,0.0,500,0.05,0,0,1,0
10502,0.0,0.0,0.0,500,0.05,0,0,1,0
10503,0.0,0.0,0.0,500,0.05,0,0,1,0
10504,0.0,0.0,0.0,500,0.05,0,0,1,0
10505,0.0,0.0,0.0,500,0.05,0,0,1,0
10506,0.0,0.0,0.0,500,0.05,0,0,1,0
10507,0.0,0.0,0.0,500,0.05,0,0,1,0
10508,0.0,0.0,0.0,500,0.05,0,0,1,0
10509,0.0,0.0,0.0,500,0.05,0,0,1,0
10510,0.0,0.0,0.0,500,0.05,0,0,1,0
10511,0.0,0.0,0.0,500,0.05,0,0,1,0
10512,0.0,0.0,0.0,500,0.05,0,0,1,0
10513,0.0,0.0,0.0,500,0.05,0,0,1,0
10514,0.0,0.0,0.0,500,0.05,0,0,1,0
10515,0.0,0.0,0.0,500,0.05,0,0,1,0
10516,0.0,0.0,0.0,500,0.05,0,0,1,0
10517,0.0,0.0,0.0,500,0.05,0,0,1,0
10518,0.0,0.0,0.0,500,0.05,0,0,1,0
10519,0.0,0.0,0.0,500,0.05,0,0,1,0
10520,0.0,0.0,0.0,500,0.05,0,0,1,0
10521,0.0,0.0,0.0,500,0.05,0,0,1,0
10522,0.0,0.0,0.0,500,0.05,0,0,1,0
10523,0.0,0.0,0.0,500,0.05,0,0,1,0
10524,0.0,0.0,0.0,500,0.05,0,0,1,0
10525,0.0,0.0,0.0,500,0.05,0,0,1,0
10526,0.0,0.0,0.0,500,0.05,0,0,1,0
10527,0.0,0.0,0.0,500,0.05,0,0,1,0
10528,0.0,0.0,0.0,500,0.05,0,0,1,0
10529,0.0,0.0,0.0,500,0.05,0,0,1,0
10530,0.0,0.0,0.0,500,0.05,0,0,1,0
10531,0.0,0.0,0.0,500,0.05,0,0,1,0
10532,0.0,0.0,0.0,500,0.05,0,0,1,0
10533,0.0,0.0,0.0,500,0.05,0,0,1,0
10534,0.0,0.0,0.0,500,0.05,0,0,1,0
10535,0.0,0.0,0.0,500,0.05,0,0,1,0
10536,0.0,0.0,0.0,500,0.05,0,0,1,0
10537,0.0,0.0,0.0,500,0.05,0,0,1,0
10538,0.0,0.0,0.0,500,0.05,0,0,1,0
10539,0.0,0.0,0.0,500,0.05,0,0,1,0
10540,0.0,0.0,0.0,500,0.05,0,0,1,0
10541,0.0,0.0,0.0,500,0.05,0,0,1,0
10542,0.0,0.0,0.0,500,0.05,0,0,1,0
10543,0.0,0.0,0.0,500,0.05,0,0,1,0
10544,0.0,0.0,0.0,500,0.05,0,0,1,0
10545,0.0,0.0,0.0,500,0.05,0,0,1,0
10546,0.0,0.0,0.0,500,0.05,0,0,1,0
10547,0.0,0.0,0.0,500,0.05,0,0,1,0
10548,0.0,0.0,0.0,500,0.05,0,0,1,0
10549,0.0,0.0,0.0,500,0.05,0,0,1,0
10550,0.0,0.0,0.0,500,0.05,0,0,1,0
10551,0.0,0.0,0.0,500,0.05,0,0,1,0
10552,0.0,0.0,0.0,500,0.05,0,0,1,0
10553,0.0,0.0,0.0,500,0.05,0,0,1,0
10554,0.0,0.0,0.0,500,0.05,0,0,1,0
10555,0.0,0.0,0.0,500,0.05,0,0,1,0
10556,0.0,0.0,0.0,500,0.05,0,0,1,0
10557,0.0,0.0,0.0,500,0.05,0,0,1,0
10558,0.0,0.0,0.0,500,0.05,0,0,1,0
10559,0.0,0.0,0.0,500,0.05,0,0,1,0
10560,0.0,0.0,0.0,500,0.05,0,0,1,0
10561,0.0,0.0,0.0,500,0.05,0,0,1,0
10562,0.0,0.0,0.0,500,0.05,0,0,1,0
10563,0.0,0.0,0.0,500,0.05,0,0,1,0
10564,0.0,0.0,0.0,500,0.05,0,0,1,0
10565,0.0,0.0,0.0,500,0.05,0,0,1,0
10566,0.0,0.0,0.0,500,0.05,0,0,1,0
10567,0.0,0.0,0.0,500,0.05,0,0,1,0
10568,0.0,0.0,0.0,500,0.05,0,0,1,0
10569,0.0,0.0,0.0,500,0.05,0,0,1,0
10570,0.0,0.0,0.0,500,0.05,0,0,1,0
10571,0.0,0.0,0.0,500,0.05,0,0,1,0
10572,0.0,0.0,0.0,500,0.05,0,0,1,0
10573,0.0,0.0,0.0,500,0.05,0,0,1,0
10574,0.0,0.0,0.0,500,0.05,0,0,1,0
10575,0.0,0.0,0.0,500,0.05,0,0,1,0
10576,0.0,0.0,0.0,500,0.05,0,0,1,0
10577,0.0,0.0,0.0,500,0.05,0,0,1,0
10578,0.0,0.0,0.0,500,0.05,0,0,1,0
10579,0.0,0.0,0.0,500,0.05,0,0,1,0
10580,0.0,0.0,0.0,500,0.05,0,0,1,0
10581,0.0,0.0,0.0,500,0.05,0,0,1,0
10582,0.0,0.0,0.0,500,0.05,0,0,1,0
10583,0.0,0.0,0.0,500,0.05,0,0,1,0
10584,0.0,0.0,0.0,500,0.05,0,0,1,0
10585,0.0,0.0,0.0,500,0.05,0,0,1,0
10586,0.0,0.0,0.0,500,0.05,0,0,1,0
10587,0.0,0.0,0.0,500,0.05,0,0,1,0
10588,0.0,0.0,0.0,500,0.05,0,0,1,0
10589,0.0,0.0,0.0,500,0.05,0,0,1,0
10590,0.0,0.0,0.0,500,0.05,0,0,1,0
10591,0.0,0.0,0.0,500,0.05,0,0,1,0
10592,0.0,0.0,0.0,500,0.05,0,0,1,0
10593,0.0,0.0,0.0,500,0.05,0,0,1,0
10594,0.0,0.0,0.0,500,0.05,0,0,1,0
10595,0.0,0.0,0.0,500,0.05,0,0,1,0
10596,0.0,0.0,0.0,500,0.05,0,0,1,0
10597,0.0,0.0,0.0,500,0.05,0,0,1,0
10598,0.0,0.0,0.0,500,0.05,0,0,1,0
10599,0.0,0.0,0.0,500,0.05,0,0,1,0
10600,0.0,0.0,0.0,500,0.05,0,0,1,0
10601,0.0,0.0,0.0,500,0.05,0,0,1,0
10602,0.0,0.0,0.0,500,0.05,0,0,1,0
10603,0.0,0.0,0.0,500,0.05,0,0,1,0
10604,0.0,0.0,0.0,500,0.05,0,0,1,0
10605,0.0,0.0,0.0,500,0.05,0,0,1,0
10606,0.0,0.0,0.0,500,0.05,0,0,1,0
10607,0.0,0.0,0.0,500,0.05,0,0,1,0
10608,0.0,0.0,0.0,500,0.05,0,0,1,0
10609,0.0,0.0,0.0,500,0.05,0,0,1,0
10610,0.0,0.0,0.0,500,0.05,0,0,1,0
10611,0.0,0.0,0.0,500,0.05,0,0,1,0
10612,0.0,0.0,0.0,500,0.05,0,0,1,0
10613,0.0,0.0,0.0,500,0.05,0,0,1,0
10614,0.0,0.0,0.0,500,0.05,0,0,1,0
10615,0.0,0.0,0.0,500,0.05,0,0,1,0
10616,0.0,0.0,0.0,500,0.05,0,0,1,0
10617,0.0,0.0,0.0,500,0.05,0,0,1,0
10618,0.0,0.0,0.0,500,0.05,0,0,1,0
10619,0.0,0.0,0.0,500,0.05,0,0,1,0
10620,0.0,0.0,0.0,500,0.05,0,0,1,0
10621,0.0,0.0,0.0,500,0.05,0,0,1,0
10622,0.0,0.0,0.0,500,0.05,0,0,1,0
10623,0.0,0.0,0.0,500,0.05,0,0,1,0
10624,0.0,0.0,0.0,500,0.05,0,0,1,0
10625,0.0,0.0,0.0,500,0.05,0,0,1,0
10626,0.0,0.0,0.0,500,0.05,0,0,1,0
10627,0.0,0.0,0.0,500,0.05,0,0,1,0
10628,0.0,0.0,0.0,500,0.05,0,0,1,0
10629,0.0,0.0,0.0,500,0.05,0,0,1,0
10630,0.0,0.0,0.0,500,0.05,0,0,1,0
10631,0.0,0.0,0.0,500,0.05,0,0,1,0
10632,0.0,0.0,0.0,500,0.05,0,0,1,0
10633,0.0,0.0,0.0,500,0.05,0,0,1,0
10634,0.0,0.0,0.0,500,0.05,0,0,1,0
10635,0.0,0.0,0.0,500,0.05,0,0,1,0
10636,0.0,0.0,0.0,500,0.05,0,0,1,0
10637,0.0,0.0,0.0,500,0.05,0,0,1,0
10638,0.0,0.0,0.0,500,0.05,0,0,1,0
10639,0.0,0.0,0.0,500,0.05,0,0,1,0
10640,0.0,0.0,0.0,500,0.05,0,0,1,0
10641,0.0,0.0,0.0,500,0.05,0,0,1,0
10642,0.0,0.0,0.0,500,0.05,0,0,1,0
10643,0.0,0.0,0.0,500,0.05,0,0,1,0
10644,0.0,0.0,0.0,500,0.05,0,0,1,0
10645,0.0,0.0,0.0,500,0.05,0,0,1,0
10646,0.0,0.0,0.0,500,0.05,0,0,1,0
10647,0.0,0.0,0.0,500,0.05,0,0,1,0
10648,0.0,0.0,0.0,500,0.05,0,0,1,0
10649,0.0,0.0,0.0,500,0.05,0,0,1,0
10650,0.0,0.0,0.0,500,0.05,0,0,1,0
10651,0.0,0.0,0.0,500,0.05,0,0,1,0
10652,0.0,0.0,0.0,500,0.05,0,0,1,0
10653,0.0,0.0,0.0,500,0.05,0,0,1,0
10654,0.0,0.0,0.0,500,0.05,0,0,1,0
10655,0.0,0.0,0.0,500,0.05,0,0,1,0
10656,0.0,0.0,0.0,500,0.05,0,0,1,0
10657,0.0,0.0,0.0,500,0.05,0,0,1,0
10658,0.0,0.0,0.0,500,0.05,0,0,1,0
10659,0.0,0.0,0.0,500,0.05,0,0,1,0
10660,0.0,0.0,0.0,500,0.05,0,0,1,0
10661,0.0,0.0,0.0,500,0.05,0,0,1,0
10662,0.0,0.0,0.0,500,0.05,0,0,1,0
10663,0.0,0.0,0.0,500,0.05,0,0,1,0
10664,0.0,0.0,0.0,500,0.05,0,0,1,0
10665,0.0,0.0,0.0,500,0.05,0,0,1,0
10666,0.0,0.0,0.0,500,0.05,0,0,1,0
10667,0.0,0.0,0.0,500,0.05,0,0,1,0
10668,0.0,0.0,0.0,500,0.05,0,0,1,0
10669,0.0,0.0,0.0,500,0.05,0,0,1,0
10670,0.0,0.0,0.0,500,0.05,0,0,1,0
10671,0.0,0.0,0.0,500,0.05,0,0,1,0
10672,0.0,0.0,0.0,500,0.05,0,0,1,0
10673,0.0,0.0,0.0,500,0.05,0,0,1,0
10674,0.0,0.0,0.0,500,0.05,0,0,1,0
10675,0.0,0.0,0.0,500,0.05,0,0,1,0
10676,0.0,0.0,0.0,500,0.05,0,0,1,0
10677,0.0,0.0,0.0,500,0.05,0,0,1,0
10678,0.0,0.0,0.0,500,0.05,0,0,1,0
10679,0.0,0.0,0.0,500,0.05,0,0,1,0
10680,0.0,0.0,0.0,500,0.05,0,0,1,0
10681,0.0,0.0,0.0,500,0.05,0,0,1,0
10682,0.0,0.0,0.0,500,0.05,0,0,1,0
10683,0.0,0.0,0.0,500,0.05,0,0,1,0
10684,0.0,0.0,0.0,500,0.05,0,0,1,0
10685,0.0,0.0,0.0,500,0.05,0,0,1,0
10686,0.0,0.0,0.0,500,0.05,0,0,1,0
10687,0.0,0.0,0.0,500,0.05,0,0,1,0
10688,0.0,0.0,0.0,500,0.05,0,0,1,0
10689,0.0,0.0,0.0,500,0.05,0,0,1,0
10690,0.0,0.0,0.0,500,0.05,0,0,1,0
10691,0.0,0.0,0.0,500,0.05,0,0,1,0
10692,0.0,0.0,0.0,500,0.05,0,0,1,0
10693,0.0,0.0,0.0,500,0.05,0,0,1,0
10694,0.0,0.0,0.0,500,0.05,0,0,1,0
10695,0.0,0.0,0.0,500,0.05,0,0,1,0
10696,0.0,0.0,0.0,500,0.05,0,0,1,0
10697,0.0,0.0,0.0,500,0.05,0,0,1,0
10698,0.0,0.0,0.0,500,0.05,0,0,1,0
10699,0.0,0.0,0.0,500,0.05,0,0,1,0
10700,0.0,0.0,0.0,500,0.05,0,0,1,0
10701,0.0,0.0,0.0,500,0.05,0,0,1,0
10702,0.0,0.0,0.0,500,0.05,0,0,1,0
10703,0.0,0.0,0.0,500,0.05,0,0,1,0
10704,0.0,0.0,0.0,500,0.05,0,0,1,0
10705,0.0,0.0,0.0,500,0.05,0,0,1,0
10706,0.0,0.0,0.0,500,0.05,0,0,1,0
10707,0.0,0.0,0.0,500,0.05,0,0,1,0
10708,0.0,0.0,0.0,500,0.05,0,0,1,0
10709,0.0,0.0,0.0,500,0.05,0,0,1,0
10710,0.0,0.0,0.0,500,0.05,0,0,1,0
10711,0.0,0.0,0.0,500,0.05,0,0,1,0
10712,0.0,0.0,0.0,500,0.05,0,0,1,0
10713,0.0,0.0,0.0,500,0.05,0,0,1,0
10714,0.0,0.0,0.0,500,0.05,0,0,1,0
10715,0.0,0.0,0.0,500,0.05,0,0,1,0
10716,0.0,0.0,0.0,500,0.05,0,0,1,0
10717,0.0,0.0,0.0,500,0.05,0,0,1,0
10718,0.0,0.0,0.0,500,0.05,0,0,1,0
10719,0.0,0.0,0.0,500,0.05,0,0,1,0
10720,0.0,0.0,0.0,500,0.05,0,0,1,0
10721,0.0,0.0,0.0,500,0.05,0,0,1,0
10722,0.0,0.0,0.0,500,0.05,0,0,1,0
10723,0.0,0.0,0.0,500,0.05,0,0,1,0
10724,0.0,0.0,0.0,500,0.05,0,0,1,0
10725,0.0,0.0,0.0,500,0.05,0,0,1,0
10726,0.0,0.0,0.0,500,0.05,0,0,1,0
10727,0.0,0.0,0.0,500,0.05,0,0,1,0
10728,0.0,0.0,0.0,500,0.05,0,0,1,0
10729,0.0,0.0,0.0,500,0.05,0,0,1,0
10730,0.0,0.0,0.0,500,0.05,0,0,1,0
10731,0.0,0.0,0.0,500,0.05,0,0,1,0
10732,0.0,0.0,0.0,500,0.05,0,0,1,0
10733,0.0,0.0,0.0,500,0.05,0,0,1,0
10734,0.0,0.0,0.0,500,0.05,0,0,1,0
10735,0.0,0.0,0.0,500,0.05,0,0,1,0
10736,0.0,0.0,0.0,500,0.05,0,0,1,0
10737,0.0,0.0,0.0,500,0.05,0,0,1,0
10738,0.0,0.0,0.0,500,0.05,0,0,1,0
10739,0.0,0.0,0.0,500,0.05,0,0,1,0
10740,0.0,0.0,0.0,500,0.05,0,0,1,0
10741,0.0,0.0,0.0,500,0.05,0,0,1,0
10742,0.0,0.0,0.0,500,0.05,0,0,1,0
10743,0.0,0.0,0.0,500,0.05,0,0,1,0
10744,0.0,0.0,0.0,500,0.05,0,0,1,0
10745,0.0,0.0,0.0,500,0.05,0,0,1,0
10746,0.0,0.0,0.0,500,0.05,0,0,1,0
10747,0.0,0.0,0.0,500,0.05,0,0,1,0
10748,0.0,0.0,0.0,500,0.05,0,0,1,0
10749,0.0,0.0,0.0,500,0.05,0,0,1,0
10750,0.0,0.0,0.0,500,0.05,0,0,1,0
10751,0.0,0.0,0.0,500,0.05,0,0,1,0
10752,0.0,0.0,0.0,500,0.05,0,0,1,0
10753,0.0,0.0,0.0,500,0.05,0,0,1,0
10754,0.0,0.0,0.0,500,0.05,0,0,1,0
10755,0.0,0.0,0.0,500,0.05,0,0,1,0
10756,0.0,0.0,0.0,500,0.05,0,0,1,0
10757,0.0,0.0,0.0,500,0.05,0,0,1,0
10758,0.0,0.0,0.0,500,0.05,0,0,1,0
10759,0.0,0.0,0.0,500,0.05,0,0,1,0
10760,0.0,0.0,0.0,500,0.05,0,0,1,0
10761,0.0,0.0,0.0,500,0.05,0,0,1,0
10762,0.0,0.0,0.0,500,0.05,0,0,1,0
10763,0.0,0.0,0.0,500,0.05,0,0,1,0
10764,0.0,0.0,0.0,500,0.05,0,0,1,0
10765,0.0,0.0,0.0,500,0.05,0,0,1,0
10766,0.0,0.0,0.0,500,0.05,0,0,1,0
10767,0.0,0.0,0.0,500,0.05,0,0,1,0
10768,0.0,0.0,0.0,500,0.05,0,0,1,0
10769,0.0,0.0,0.0,500,0.05,0,0,1,0
10770,0.0,0.0,0.0,500,0.05,0,0,1,0
10771,0.0,0.0,0.0,500,0.05,0,0,1,0
10772,0.0,0.0,0.0,500,0.05,0,0,1,0
10773,0.0,0.0,0.0,500,0.05,0,0,1,0
10774,0.0,0.0,0.0,500,0.05,0,0,1,0
10775,0.0,0.0,0.0,500,0.05,0,0,1,0
10776,0.0,0.0,0.0,500,0.05,0,0,1,0
10777,0.0,0.0,0.0,500,0.05,0,0,1,0
10778,0.0,0.0,0.0,500,0.05,0,0,1,0
10779,0.0,0.0,0.0,500,0.05,0,0,1,0
10780,0.0,0.0,0.0,500,0.05,0,0,1,0
10781,0.0,0.0,0.0,500,0.05,0,0,1,0
10782,0.0,0.0,0.0,500,0.05,0,0,1,0
10783,0.0,0.0,0.0,500,0.05,0,0,1,0
10784,0.0,0.0,0.0,500,0.05,0,0,1,0
10785,0.0,0.0,0.0,500,0.05,0,0,1,0
10786,0.0,0.0,0.0,500,0.05,0,0,1,0
10787,0.0,0.0,0.0,500,0.05,0,0,1,0
10788,0.0,0.0,0.0,500,0.05,0,0,1,0
10789,0.0,0.0,0.0,500,0.05,0,0,1,0
10790,0.0,0.0,0.0,500,0.05,0,0,1,0
10791,0.0,0.0,0.0,500,0.05,0,0,1,0
10792,0.0,0.0,0.0,500,0.05,0,0,1,0
10793,0.0,0.0,0.0,500,0.05,0,0,1,0
10794,0.0,0.0,0.0,500,0.05,0,0,1,0
10795,0.0,0.0,0.0,500,0.05,0,0,1,0
10796,0.0,0.0,0.0,500,0.05,0,0,1,0
10797,0.0,0.0,0.0,500,0.05,0,0,1,0
10798,0.0,0.0,0.0,500,0.05,0,0,1,0
10799,0.0,0.0,0.0,500,0.05,0,0,1,0
10800,0.0,0.0,0.0,500,0.05,0,0,1,0
10801,0.0,0.0,0.0,500,0.05,0,0,1,0
10802,0.0,0.0,0.0,500,0.05,0,0,1,0
10803,0.0,0.0,0.0,500,0.05,0,0,1,0
10804,0.0,0.0,0.0,500,0.05,0,0,1,0
10805,0.0,0.0,0.0,500,0.05,0,0,1,0
10806,0.0,0.0,0.0,500,0.05,0,0,1,0
10807,0.0,0.0,0.0,500,0.05,0,0,1,0
10808,0.0,0.0,0.0,500,0.05,0,0,1,0
10809,0.0,0.0,0.0,500,0.05,0,0,1,0
10810,0.0,0.0,0.0,500,0.05,0,0,1,0
10811,0.0,0.0,0.0,500,0.05,0,0,1,0
10812,0.0,0.0,0.0,500,0.05,0,0,1,0
10813,0.0,0.0,0.0,500,0.05,0,0,1,0
10814,0.0,0.0,0.0,500,0.05,0,0,1,0
10815,0.0,0.0,0.0,500,0.05,0,0,1,0
10816,0.0,0.0,0.0,500,0.05,0,0,1,0
10817,0.0,0.0,0.0,500,0.05,0,0,1,0
10818,0.0,0.0,0.0,500,0.05,0,0,1,0
10819,0.0,0.0,0.0,500,0.05,0,0,1,0
10820,0.0,0.0,0.0,500,0.05,0,0,1,0
10821,0.0,0.0,0.0,500,0.05,0,0,1,0
10822,0.0,0.0,0.0,500,0.05,0,0,1,0
10823,0.0,0.0,0.0,500,0.05,0,0,1,0
10824,0.0,0.0,0.0,500,0.05,0,0,1,0
10825,0.0,0.0,0.0,500,0.05,0,0,1,0
10826,0.0,0.0,0.0,500,0.05,0,0,1,0
10827,0.0,0.0,0.0,500,0.05,0,0,1,0
10828,0.0,0.0,0.0,500,0.05,0,0,1,0
10829,0.0,0.0,0.0,500,0.05,0,0,1,0
10830,0.0,0.0,0.0,500,0.05,0,0,1,0
10831,0.0,0.0,0.0,500,0.05,0,0,1,0
10832,0.0,0.0,0.0,500,0.05,0,0,1,0
10833,0.0,0.0,0.0,500,0.05,0,0,1,0
10834,0.0,0.0,0.0,500,0.05,0,0,1,0
10835,0.0,0.0,0.0,500,0.05,0,0,1,0
10836,0.0,0.0,0.0,500,0.05,0,0,1,0
10837,0.0,0.0,0.0,500,0.05,0,0,1,0
10838,0.0,0.0,0.0,500,0.05,0,0,1,0
10839,0.0,0.0,0.0,500,0.05,0,0,1,0
10840,0.0,0.0,0.0,500,0.05,0,0,1,0
10841,0.0,0.0,0.0,500,0.05,0,0,1,0
10842,0.0,0.0,0.0,500,0.05,0,0,1,0
10843,0.0,0.0,0.0,500,0.05,0,0,1,0
10844,0.0,0.0,0.0,500,0.05,0,0,1,0
10845,0.0,0.0,0.0,500,0.05,0,0,1,0
10846,0.0,0.0,0.0,500,0.05,0,0,1,0
10847,0.0,0.0,0.0,500,0.05,0,0,1,0
10848,0.0,0.0,0.0,500,0.05,0,0,1,0
10849,0.0,0.0,0.0,500,0.05,0,0,1,0
10850,0.0,0.0,0.0,500,0.05,0,0,1,0
10851,0.0,0.0,0.0,500,0.05,0,0,1,0
10852,0.0,0.0,0.0,500,0.05,0,0,1,0
10853,0.0,0.0,0.0,500,0.05,0,0,1,0
10854,0.0,0.0,0.0,500,0.05,0,0,1,0
10855,0.0,0.0,0.0,500,0.05,0,0,1,0
10856,0.0,0.0,0.0,500,0.05,0,0,1,0
10857,0.0,0.0,0.0,500,0.05,0,0,1,0
10858,0.0,0.0,0.0,500,0.05,0,0,1,0
10859,0.0,0.0,0.0,500,0.05,0,0,1,0
10860,0.0,0.0,0.0,500,0.05,0,0,1,0
10861,0.0,0.0,0.0,500,0.05,0,0,1,0
10862,0.0,0.0,0.0,500,0.05,0,0,1,0
10863,0.0,0.0,0.0,500,0.05,0,0,1,0
10864,0.0,0.0,0.0,500,0.05,0,0,1,0
10865,0.0,0.0,0.0,500,0.05,0,0,1,0
10866,0.0,0.0,0.0,500,0.05,0,0,1,0
10867,0.0,0.0,0.0,500,0.05,0,0,1,0
10868,0.0,0.0,0.0,500,0.05,0,0,1,0
10869,0.0,0.0,0.0,500,0.05,0,0,1,0
10870,0.0,0.0,0.0,500,0.05,0,0,1,0
10871,0.0,0.0,0.0,500,0.05,0,0,1,0
10872,0.0,0.0,0.0,500,0.05,0,0,1,0
10873,0.0,0.0,0.0,500,0.05,0,0,1,0
10874,0.0,0.0,0.0,500,0.05,0,0,1,0
10875,0.0,0.0,0.0,500,0.05,0,0,1,0
10876,0.0,0.0,0.0,500,0.05,0,0,1,0
10877,0.0,0.0,0.0,500,0.05,0,0,1,0
10878,0.0,0.0,0.0,500,0.05,0,0,1,0
10879,0.0,0.0,0.0,500,0.05,0,0,1,0
10880,0.0,0.0,0.0,500,0.05,0,0,1,0
10881,0.0,0.0,0.0,500,0.05,0,0,1,0
10882,0.0,0.0,0.0,500,0.05,0,0,1,0
10883,0.0,0.0,0.0,500,0.05,0,0,1,0
10884,0.0,0.0,0.0,500,0.05,0,0,1,0
10885,0.0,0.0,0.0,500,0.05,0,0,1,0
10886,0.0,0.0,0.0,500,0.05,0,0,1,0
10887,0.0,0.0,0.0,500,0.05,0,0,1,0
10888,0.0,0.0,0.0,500,0.05,0,0,1,0
10889,0.0,0.0,0.0,500,0.05,0,0,1,0
10890,0.0,0.0,0.0,500,0.05,0,0,1,0
10891,0.0,0.0,0.0,500,0.05,0,0,1,0
10892,0.0,0.0,0.0,500,0.05,0,0,1,0
10893,0.0,0.0,0.0,500,0.05,0,0,1,0
10894,0.0,0.0,0.0,500,0.05,0,0,1,0
10895,0.0,0.0,0.0,500,0.05,0,0,1,0
10896,0.0,0.0,0.0,500,0.05,0,0,1,0
10897,0.0,0.0,0.0,500,0.05,0,0,1,0
10898,0.0,0.0,0.0,500,0.05,0,0,1,0
10899,0.0,0.0,0.0,500,0.05,0,0,1,0
10900,0.0,0.0,0.0,500,0.05,0,0,1,0
10901,0.0,0.0,0.0,500,0.05,0,0,1,0
10902,0.0,0.0,0.0,500,0.05,0,0,1,0
10903,0.0,0.0,0.0,500,0.05,0,0,1,0
10904,0.0,0.0,0.0,500,0.05,0,0,1,0
10905,0.0,0.0,0.0,500,0.05,0,0,1,0
10906,0.0,0.0,0.0,500,0.05,0,0,1,0
10907,0.0,0.0,0.0,500,0.05,0,0,1,0
10908,0.0,0.0,0.0,500,0.05,0,0,1,0
10909,0.0,0.0,0.0,500,0.05,0,0,1,0
10910,0.0,0.0,0.0,500,0.05,0,0,1,0
10911,0.0,0.0,0.0,500,0.05,0,0,1,0
10912,0.0,0.0,0.0,500,0.05,0,0,1,0
10913,0.0,0.0,0.0,500,0.05,0,0,1,0
10914,0.0,0.0,0.0,500,0.05,0,0,1,0
10915,0.0,0.0,0.0,500,0.05,0,0,1,0
10916,0.0,0.0,0.0,500,0.05,0,0,1,0
10917,0.0,0.0,0.0,500,0.05,0,0,1,0
10918,0.0,0.0,0.0,500,0.05,0,0,1,0
10919,0.0,0.0,0.0,500,0.05,0,0,1,0
10920,0.0,0.0,0.0,500,0.05,0,0,1,0
10921,0.0,0.0,0.0,500,0.05,0,0,1,0
10922,0.0,0.0,0.0,500,0.05,0,0,1,0
10923,0.0,0.0,0.0,500,0.05,0,0,1,0
10924,0.0,0.0,0.0,500,0.05,0,0,1,0
10925,0.0,0.0,0.0,500,0.05,0,0,1,0
10926,0.0,0.0,0.0,500,0.05,0,0,1,0
10927,0.0,0.0,0.0,500,0.05,0,0,1,0
10928,0.0,0.0,0.0,500,0.05,0,0,1,0
10929,0.0,0.0,0.0,500,0.05,0,0,1,0
10930,0.0,0.0,0.0,500,0.05,0,0,1,0
10931,0.0,0.0,0.0,500,0.05,0,0,1,0
10932,0.0,0.0,0.0,500,0.05,0,0,1,0
10933,0.0,0.0,0.0,500,0.05,0,0,1,0
10934,0.0,0.0,0.0,500,0.05,0,0,1,0
10935,0.0,0.0,0.0,500,0.05,0,0,1,0
10936,0.0,0.0,0.0,500,0.05,0,0,1,0
10937,0.0,0.0,0.0,500,0.05,0,0,1,0
10938,0.0,0.0,0.0,500,0.05,0,0,1,0
10939,0.0,0.0,0.0,500,0.05,0,0,1,0
10940,0.0,0.0,0.0,500,0.05,0,0,1,0
10941,0.0,0.0,0.0,500,0.05,0,0,1,0
10942,0.0,0.0,0.0,500,0.05,0,0,1,0
10943,0.0,0.0,0.0,500,0.05,0,0,1,0
10944,0.0,0.0,0.0,500,0.05,0,0,1,0
10945,0.0,0.0,0.0,500,0.05,0,0,1,0
10946,0.0,0.0,0.0,500,0.05,0,0,1,0
10947,0.0,0.0,0.0,500,0.05,0,0,1,0
10948,0.0,0.0,0.0,500,0.05,0,0,1,0
10949,0.0,0.0,0.0,500,0.05,0,0,1,0
10950,0.0,0.0,0.0,500,0.05,0,0,1,0
10951,0.0,0.0,0.0,500,0.05,0,0,1,0
10952,0.0,0.0,0.0,500,0.05,0,0,1,0
10953,0.0,0.0,0.0,500,0.05,0,0,1,0
10954,0.0,0.0,0.0,500,0.05,0,0,1,0
10955,0.0,0.0,0.0,500,0.05,0,0,1,0
10956,0.0,0.0,0.0,500,0.05,0,0,1,0
10957,0.0,0.0,0.0,500,0.05,0,0,1,0
10958,0.0,0.0,0.0,500,0.05,0,0,1,0
10959,0.0,0.0,0.0,500,0.05,0,0,1,0
10960,0.0,0.0,0.0,500,0.05,0,0,1,0
10961,0.0,0.0,0.0,500,0.05,0,0,1,0
10962,0.0,0.0,0.0,500,0.05,0,0,1,0
10963,0.0,0.0,0.0,500,0.05,0,0,1,0
10964,0.0,0.0,0.0,500,0.05,0,0,1,0
10965,0.0,0.0,0.0,500,0.05,0,0,1,0
10966,0.0,0.0,0.0,500,0.05,0,0,1,0
10967,0.0,0.0,0.0,500,0.05,0,0,1,0
10968,0.0,0.0,0.0,500,0.05,0,0,1,0
10969,0.0,0.0,0.0,500,0.05,0,0,1,0
10970,0.0,0.0,0.0,500,0.05,0,0,1,0
10971,0.0,0.0,0.0,500,0.05,0,0,1,0
10972,0.0,0.0,0.0,500,0.05,0,0,1,0
10973,0.0,0.0,0.0,500,0.05,0,0,1,0
10974,0.0,0.0,0.0,500,0.05,0,0,1,0
10975,0.0,0.0,0.0,500,0.05,0,0,1,0
10976,0.0,0.0,0.0,500,0.05,0,0,1,0
10977,0.0,0.0,0.0,500,0.05,0,0,1,0
10978,0.0,0.0,0.0,500,0.05,0,0,1,0
10979,0.0,0.0,0.0,500,0.05,0,0,1,0
10980,0.0,0.0,0.0,500,0.05,0,0,1,0
10981,0.0,0.0,0.0,500,0.05,0,0,1,0
10982,0.0,0.0,0.0,500,0.05,0,0,1,0
10983,0.0,0.0,0.0,500,0.05,0,0,1,0
10984,0.0,0.0,0.0,500,0.05,0,0,1,0
10985,0.0,0.0,0.0,500,0.05,0,0,1,0
10986,0.0,0.0,0.0,500,0.05,0,0,1,0
10987,0.0,0.0,0.0,500,0.05,0,0,1,0
10988,0.0,0.0,0.0,500,0.05,0,0,1,0
10989,0.0,0.0,0.0,500,0.05,0,0,1,0
10990,0.0,0.0,0.0,500,0.05,0,0,1,0
10991,0.0,0.0,0.0,500,0.05,0,0,1,0
10992,0.0,0.0,0.0,500,0.05,0,0,1,0
10993,0.0,0.0,0.0,500,0.05,0,0,1,0
10994,0.0,0.0,0.0,500,0.05,0,0,1,0
10995,0.0,0.0,0.0,500,0.05,0,0,1,0
10996,0.0,0.0,0.0,500,0.05,0,0,1,0
10997,0.0,0.0,0.0,500,0.05,0,0,1,0
10998,0.0,0.0,0.0,500,0.05,0,0,1,0
10999,0.0,0.0,0.0,500,0.05,0,0,1,0
11000,0.0,0.0,0.0,500,0.05,0,0,1,0
11001,0.0,0.0,0.0,500,0.05,0,0,1,0
11002,0.0,0.0,0.0,500,0.05,0,0,1,0
11003,0.0,0.0,0.0,500,0.05,0,0,1,0
11004,0.0,0.0,0.0,500,0.05,0,0,1,0
11005,0.0,0.0,0.0,500,0.05,0,0,1,0
11006,0.0,0.0,0.0,500,0.05,0,0,1,0
11007,0.0,0.0,0.0,500,0.05,0,0,1,0
11008,0.0,0.0,0.0,500,0.05,0,0,1,0
11009,0.0,0.0,0.0,500,0.05,0,0,1,0
11010,0.0,0.0,0.0,500,0.05,0,0,1,0
11011,0.0,0.0,0.0,500,0.05,0,0,1,0
11012,0.0,0.0,0.0,500,0.05,0,0,1,0
11013,0.0,0.0,0.0,500,0.05,0,0,1,0
11014,0.0,0.0,0.0,500,0.05,0,0,1,0
11015,0.0,0.0,0.0,500,0.05,0,0,1,0
11016,0.0,0.0,0.0,500,0.05,0,0,1,0
11017,0.0,0.0,0.0,500,0.05,0,0,1,0
11018,0.0,0.0,0.0,500,0.05,0,0,1,0
11019,0.0,0.0,0.0,500,0.05,0,0,1,0
11020,0.0,0.0,0.0,500,0.05,0,0,1,0
11021,0.0,0.0,0.0,500,0.05,0,0,1,0
11022,0.0,0.0,0.0,500,0.05,0,0,1,0
11023,0.0,0.0,0.0,500,0.05,0,0,1,0
11024,0.0,0.0,0.0,500,0.05,0,0,1,0
11025,0.0,0.0,0.0,500,0.05,0,0,1,0
11026,0.0,0.0,0.0,500,0.05,0,0,1,0
11027,0.0,0.0,0.0,500,0.05,0,0,1,0
11028,0.0,0.0,0.0,500,0.05,0,0,1,0
11029,0.0,0.0,0.0,500,0.05,0,0,1,0
11030,0.0,0.0,0.0,500,0.05,0,0,1,0
11031,0.0,0.0,0.0,500,0.05,0,0,1,0
11032,0.0,0.0,0.0,500,0.05,0,0,1,0
11033,0.0,0.0,0.0,500,0.05,0,0,1,0
11034,0.0,0.0,0.0,500,0.05,0,0,1,0
11035,0.0,0.0,0.0,500,0.05,0,0,1,0
11036,0.0,0.0,0.0,500,0.05,0,0,1,0
11037,0.0,0.0,0.0,500,0.05,0,0,1,0
11038,0.0,0.0,0.0,500,0.05,0,0,1,0
11039,0.0,0.0,0.0,500,0.05,0,0,1,0
11040,0.0,0.0,0.0,500,0.05,0,0,1,0
11041,0.0,0.0,0.0,500,0.05,0,0,1,0
11042,0.0,0.0,0.0,500,0.05,0,0,1,0
11043,0.0,0.0,0.0,500,0.05,0,0,1,0
11044,0.0,0.0,0.0,500,0.05,0,0,1,0
11045,0.0,0.0,0.0,500,0.05,0,0,1,0
11046,0.0,0.0,0.0,500,0.05,0,0,1,0
11047,0.0,0.0,0.0,500,0.05,0,0,1,0
11048,0.0,0.0,0.0,500,0.05,0,0,1,0
11049,0.0,0.0,0.0,500,0.05,0,0,1,0
11050,0.0,0.0,0.0,500,0.05,0,0,1,0
11051,0.0,0.0,0.0,500,0.05,0,0,1,0
11052,0.0,0.0,0.0,500,0.05,0,0,1,0
11053,0.0,0.0,0.0,500,0.05,0,0,1,0
11054,0.0,0.0,0.0,500,0.05,0,0,1,0
11055,0.0,0.0,0.0,500,0.05,0,0,1,0
11056,0.0,0.0,0.0,500,0.05,0,0,1,0
11057,0.0,0.0,0.0,500,0.05,0,0,1,0
11058,0.0,0.0,0.0,500,0.05,0,0,1,0
11059,0.0,0.0,0.0,500,0.05,0,0,1,0
11060,0.0,0.0,0.0,500,0.05,0,0,1,0
11061,0.0,0.0,0.0,500,0.05,0,0,1,0
11062,0.0,0.0,0.0,500,0.05,0,0,1,0
11063,0.0,0.0,0.0,500,0.05,0,0,1,0
11064,0.0,0.0,0.0,500,0.05,0,0,1,0
11065,0.0,0.0,0.0,500,0.05,0,0,1,0
11066,0.0,0.0,0.0,500,0.05,0,0,1,0
11067,0.0,0.0,0.0,500,0.05,0,0,1,0
11068,0.0,0.0,0.0,500,0.05,0,0,1,0
11069,0.0,0.0,0.0,500,0.05,0,0,1,0
11070,0.0,0.0,0.0,500,0.05,0,0,1,0
11071,0.0,0.0,0.0,500,0.05,0,0,1,0
11072,0.0,0.0,0.0,500,0.05,0,0,1,0
11073,0.0,0.0,0.0,500,0.05,0,0,1,0
11074,0.0,0.0,0.0,500,0.05,0,0,1,0
11075,0.0,0.0,0.0,500,0.05,0,0,1,0
11076,0.0,0.0,0.0,500,0.05,0,0,1,0
11077,0.0,0.0,0.0,500,0.05,0,0,1,0
11078,0.0,0.0,0.0,500,0.05,0,0,1,0
11079,0.0,0.0,0.0,500,0.05,0,0,1,0
11080,0.0,0.0,0.0,500,0.05,0,0,1,0
11081,0.0,0.0,0.0,500,0.05,0,0,1,0
11082,0.0,0.0,0.0,500,0.05,0,0,1,0
11083,0.0,0.0,0.0,500,0.05,0,0,1,0
11084,0.0,0.0,0.0,500,0.05,0,0,1,0
11085,0.0,0.0,0.0,500,0.05,0,0,1,0
11086,0.0,0.0,0.0,500,0.05,0,0,1,0
11087,0.0,0.0,0.0,500,0.05,0,0,1,0
11088,0.0,0.0,0.0,500,0.05,0,0,1,0
11089,0.0,0.0,0.0,500,0.05,0,0,1,0
11090,0.0,0.0,0.0,500,0.05,0,0,1,0
11091,0.0,0.0,0.0,500,0.05,0,0,1,0
11092,0.0,0.0,0.0,500,0.05,0,0,1,0
11093,0.0,0.0,0.0,500,0.05,0,0,1,0
11094,0.0,0.0,0.0,500,0.05,0,0,1,0
11095,0.0,0.0,0.0,500,0.05,0,0,1,0
11096,0.0,0.0,0.0,500,0.05,0,0,1,0
11097,0.0,0.0,0.0,500,0.05,0,0,1,0
11098,0.0,0.0,0.0,500,0.05,0,0,1,0
11099,0.0,0.0,0.0,500,0.05,0,0,1,0
11100,0.0,0.0,0.0,500,0.05,0,0,1,0
11101,0.0,0.0,0.0,500,0.05,0,0,1,0
11102,0.0,0.0,0.0,500,0.05,0,0,1,0
11103,0.0,0.0,0.0,500,0.05,0,0,1,0
11104,0.0,0.0,0.0,500,0.05,0,0,1,0
11105,0.0,0.0,0.0,500,0.05,0,0,1,0
11106,0.0,0.0,0.0,500,0.05,0,0,1,0
11107,0.0,0.0,0.0,500,0.05,0,0,1,0
11108,0.0,0.0,0.0,500,0.05,0,0,1,0
11109,0.0,0.0,0.0,500,0.05,0,0,1,0
11110,0.0,0.0,0.0,500,0.05,0,0,1,0
11111,0.0,0.0,0.0,500,0.05,0,0,1,0
11112,0.0,0.0,0.0,500,0.05,0,0,1,0
11113,0.0,0.0,0.0,500,0.05,0,0,1,0
11114,0.0,0.0,0.0,500,0.05,0,0,1,0
11115,0.0,0.0,0.0,500,0.05,0,0,1,0
11116,0.0,0.0,0.0,500,0.05,0,0,1,0
11117,0.0,0.0,0.0,500,0.05,0,0,1,0
11118,0.0,0.0,0.0,500,0.05,0,0,1,0
11119,0.0,0.0,0.0,500,0.05,0,0,1,0
11120,0.0,0.0,0.0,500,0.05,0,0,1,0
11121,0.0,0.0,0.0,500,0.05,0,0,1,0
11122,0.0,0.0,0.0,500,0.05,0,0,1,0
11123,0.0,0.0,0.0,500,0.05,0,0,1,0
11124,0.0,0.0,0.0,500,0.05,0,0,1,0
11125,0.0,0.0,0.0,500,0.05,0,0,1,0
11126,0.0,0.0,0.0,500,0.05,0,0,1,0
11127,0.0,0.0,0.0,500,0.05,0,0,1,0
11128,0.0,0.0,0.0,500,0.05,0,0,1,0
11129,0.0,0.0,0.0,500,0.05,0,0,1,0
11130,0.0,0.0,0.0,500,0.05,0,0,1,0
11131,0.0,0.0,0.0,500,0.05,0,0,1,0
11132,0.0,0.0,0.0,500,0.05,0,0,1,0
11133,0.0,0.0,0.0,500,0.05,0,0,1,0
11134,0.0,0.0,0.0,500,0.05,0,0,1,0
11135,0.0,0.0,0.0,500,0.05,0,0,1,0
11136,0.0,0.0,0.0,500,0.05,0,0,1,0
11137,0.0,0.0,0.0,500,0.05,0,0,1,0
11138,0.0,0.0,0.0,500,0.05,0,0,1,0
11139,0.0,0.0,0.0,500,0.05,0,0,1,0
11140,0.0,0.0,0.0,500,0.05,0,0,1,0
11141,0.0,0.0,0.0,500,0.05,0,0,1,0
11142,0.0,0.0,0.0,500,0.05,0,0,1,0
11143,0.0,0.0,0.0,500,0.05,0,0,1,0
11144,0.0,0.0,0.0,500,0.05,0,0,1,0
11145,0.0,0.0,0.0,500,0.05,0,0,1,0
11146,0.0,0.0,0.0,500,0.05,0,0,1,0
11147,0.0,0.0,0.0,500,0.05,0,0,1,0
11148,0.0,0.0,0.0,500,0.05,0,0,1,0
11149,0.0,0.0,0.0,500,0.05,0,0,1,0
11150,0.0,0.0,0.0,500,0.05,0,0,1,0
11151,0.0,0.0,0.0,500,0.05,0,0,1,0
11152,0.0,0.0,0.0,500,0.05,0,0,1,0
11153,0.0,0.0,0.0,500,0.05,0,0,1,0
11154,0.0,0.0,0.0,500,0.05,0,0,1,0
11155,0.0,0.0,0.0,500,0.05,0,0,1,0
11156,0.0,0.0,0.0,500,0.05,0,0,1,0
11157,0.0,0.0,0.0,500,0.05,0,0,1,0
11158,0.0,0.0,0.0,500,0.05,0,0,1,0
11159,0.0,0.0,0.0,500,0.05,0,0,1,0
11160,0.0,0.0,0.0,500,0.05,0,0,1,0
11161,0.0,0.0,0.0,500,0.05,0,0,1,0
11162,0.0,0.0,0.0,500,0.05,0,0,1,0
11163,0.0,0.0,0.0,500,0.05,0,0,1,0
11164,0.0,0.0,0.0,500,0.05,0,0,1,0
11165,0.0,0.0,0.0,500,0.05,0,0,1,0
11166,0.0,0.0,0.0,500,0.05,0,0,1,0
11167,0.0,0.0,0.0,500,0.05,0,0,1,0
11168,0.0,0.0,0.0,500,0.05,0,0,1,0
11169,0.0,0.0,0.0,500,0.05,0,0,1,0
11170,0.0,0.0,0.0,500,0.05,0,0,1,0
11171,0.0,0.0,0.0,500,0.05,0,0,1,0
11172,0.0,0.0,0.0,500,0.05,0,0,1,0
11173,0.0,0.0,0.0,500,0.05,0,0,1,0
11174,0.0,0.0,0.0,500,0.05,0,0,1,0
11175,0.0,0.0,0.0,500,0.05,0,0,1,0
11176,0.0,0.0,0.0,500,0.05,0,0,1,0
11177,0.0,0.0,0.0,500,0.05,0,0,1,0
11178,0.0,0.0,0.0,500,0.05,0,0,1,0
11179,0.0,0.0,0.0,500,0.05,0,0,1,0
11180,0.0,0.0,0.0,500,0.05,0,0,1,0
11181,0.0,0.0,0.0,500,0.05,0,0,1,0
11182,0.0,0.0,0.0,500,0.05,0,0,1,0
11183,0.0,0.0,0.0,500,0.05,0,0,1,0
11184,0.0,0.0,0.0,500,0.05,0,0,1,0
11185,0.0,0.0,0.0,500,0.05,0,0,1,0
11186,0.0,0.0,0.0,500,0.05,0,0,1,0
11187,0.0,0.0,0.0,500,0.05,0,0,1,0
11188,0.0,0.0,0.0,500,0.05,0,0,1,0
11189,0.0,0.0,0.0,500,0.05,0,0,1,0
11190,0.0,0.0,0.0,500,0.05,0,0,1,0
11191,0.0,0.0,0.0,500,0.05,0,0,1,0
11192,0.0,0.0,0.0,500,0.05,0,0,1,0
11193,0.0,0.0,0.0,500,0.05,0,0,1,0
11194,0.0,0.0,0.0,500,0.05,0,0,1,0
11195,0.0,0.0,0.0,500,0.05,0,0,1,0
11196,0.0,0.0,0.0,500,0.05,0,0,1,0
11197,0.0,0.0,0.0,500,0.05,0,0,1,0
11198,0.0,0.0,0.0,500,0.05,0,0,1,0
11199,0.0,0.0,0.0,500,0.05,0,0,1,0
11200,0.0,0.0,0.0,500,0.05,0,0,1,0
11201,0.0,0.0,0.0,500,0.05,0,0,1,0
11202,0.0,0.0,0.0,500,0.05,0,0,1,0
11203,0.0,0.0,0.0,500,0.05,0,0,1,0
11204,0.0,0.0,0.0,500,0.05,0,0,1,0
11205,0.0,0.0,0.0,500,0.05,0,0,1,0
11206,0.0,0.0,0.0,500,0.05,0,0,1,0
11207,0.0,0.0,0.0,500,0.05,0,0,1,0
11208,0.0,0.0,0.0,500,0.05,0,0,1,0
11209,0.0,0.0,0.0,500,0.05,0,0,1,0
11210,0.0,0.0,0.0,500,0.05,0,0,1,0
11211,0.0,0.0,0.0,500,0.05,0,0,1,0
11212,0.0,0.0,0.0,500,0.05,0,0,1,0
11213,0.0,0.0,0.0,500,0.05,0,0,1,0
11214,0.0,0.0,0.0,500,0.05,0,0,1,0
11215,0.0,0.0,0.0,500,0.05,0,0,1,0
11216,0.0,0.0,0.0,500,0.05,0,0,1,0
11217,0.0,0.0,0.0,500,0.05,0,0,1,0
11218,0.0,0.0,0.0,500,0.05,0,0,1,0
11219,0.0,0.0,0.0,500,0.05,0,0,1,0
11220,0.0,0.0,0.0,500,0.05,0,0,1,0
11221,0.0,0.0,0.0,500,0.05,0,0,1,0
11222,0.0,0.0,0.0,500,0.05,0,0,1,0
11223,0.0,0.0,0.0,500,0.05,0,0,1,0
11224,0.0,0.0,0.0,500,0.05,0,0,1,0
11225,0.0,0.0,0.0,500,0.05,0,0,1,0
11226,0.0,0.0,0.0,500,0.05,0,0,1,0
11227,0.0,0.0,0.0,500,0.05,0,0,1,0
11228,0.0,0.0,0.0,500,0.05,0,0,1,0
11229,0.0,0.0,0.0,500,0.05,0,0,1,0
11230,0.0,0.0,0.0,500,0.05,0,0,1,0
11231,0.0,0.0,0.0,500,0.05,0,0,1,0
11232,0.0,0.0,0.0,500,0.05,0,0,1,0
11233,0.0,0.0,0.0,500,0.05,0,0,1,0
11234,0.0,0.0,0.0,500,0.05,0,0,1,0
11235,0.0,0.0,0.0,500,0.05,0,0,1,0
11236,0.0,0.0,0.0,500,0.05,0,0,1,0
11237,0.0,0.0,0.0,500,0.05,0,0,1,0
11238,0.0,0.0,0.0,500,0.05,0,0,1,0
11239,0.0,0.0,0.0,500,0.05,0,0,1,0
11240,0.0,0.0,0.0,500,0.05,0,0,1,0
11241,0.0,0.0,0.0,500,0.05,0,0,1,0
11242,0.0,0.0,0.0,500,0.05,0,0,1,0
11243,0.0,0.0,0.0,500,0.05,0,0,1,0
11244,0.0,0.0,0.0,500,0.05,0,0,1,0
11245,0.0,0.0,0.0,500,0.05,0,0,1,0
11246,0.0,0.0,0.0,500,0.05,0,0,1,0
11247,0.0,0.0,0.0,500,0.05,0,0,1,0
11248,0.0,0.0,0.0,500,0.05,0,0,1,0
11249,0.0,0.0,0.0,500,0.05,0,0,1,0
11250,0.0,0.0,0.0,500,0.05,0,0,1,0
11251,0.0,0.0,0.0,500,0.05,0,0,1,0
11252,0.0,0.0,0.0,500,0.05,0,0,1,0
11253,0.0,0.0,0.0,500,0.05,0,0,1,0
11254,0.0,0.0,0.0,500,0.05,0,0,1,0
11255,0.0,0.0,0.0,500,0.05,0,0,1,0
11256,0.0,0.0,0.0,500,0.05,0,0,1,0
11257,0.0,0.0,0.0,500,0.05,0,0,1,0
11258,0.0,0.0,0.0,500,0.05,0,0,1,0
11259,0.0,0.0,0.0,500,0.05,0,0,1,0
11260,0.0,0.0,0.0,500,0.05,0,0,1,0
11261,0.0,0.0,0.0,500,0.05,0,0,1,0
11262,0.0,0.0,0.0,500,0.05,0,0,1,0
11263,0.0,0.0,0.0,500,0.05,0,0,1,0
11264,0.0,0.0,0.0,500,0.05,0,0,1,0
11265,0.0,0.0,0.0,500,0.05,0,0,1,0
11266,0.0,0.0,0.0,500,0.05,0,0,1,0
11267,0.0,0.0,0.0,500,0.05,0,0,1,0
11268,0.0,0.0,0.0,500,0.05,0,0,1,0
11269,0.0,0.0,0.0,500,0.05,0,0,1,0
11270,0.0,0.0,0.0,500,0.05,0,0,1,0
11271,0.0,0.0,0.0,500,0.05,0,0,1,0
11272,0.0,0.0,0.0,500,0.05,0,0,1,0
11273,0.0,0.0,0.0,500,0.05,0,0,1,0
11274,0.0,0.0,0.0,500,0.05,0,0,1,0
11275,0.0,0.0,0.0,500,0.05,0,0,1,0
11276,0.0,0.0,0.0,500,0.05,0,0,1,0
11277,0.0,0.0,0.0,500,0.05,0,0,1,0
11278,0.0,0.0,0.0,500,0.05,0,0,1,0
11279,0.0,0.0,0.0,500,0.05,0,0,1,0
11280,0.0,0.0,0.0,500,0.05,0,0,1,0
11281,0.0,0.0,0.0,500,0.05,0,0,1,0
11282,0.0,0.0,0.0,500,0.05,0,0,1,0
11283,0.0,0.0,0.0,500,0.05,0,0,1,0
11284,0.0,0.0,0.0,500,0.05,0,0,1,0
11285,0.0,0.0,0.0,500,0.05,0,0,1,0
11286,0.0,0.0,0.0,500,0.05,0,0,1,0
11287,0.0,0.0,0.0,500,0.05,0,0,1,0
11288,0.0,0.0,0.0,500,0.05,0,0,1,0
11289,0.0,0.0,0.0,500,0.05,0,0,1,0
11290,0.0,0.0,0.0,500,0.05,0,0,1,0
11291,0.0,0.0,0.0,500,0.05,0,0,1,0
11292,0.0,0.0,0.0,500,0.05,0,0,1,0
11293,0.0,0.0,0.0,500,0.05,0,0,1,0
11294,0.0,0.0,0.0,500,0.05,0,0,1,0
11295,0.0,0.0,0.0,500,0.05,0,0,1,0
11296,0.0,0.0,0.0,500,0.05,0,0,1,0
11297,0.0,0.0,0.0,500,0.05,0,0,1,0
11298,0.0,0.0,0.0,500,0.05,0,0,1,0
11299,0.0,0.0,0.0,500,0.05,0,0,1,0
11300,0.0,0.0,0.0,500,0.05,0,0,1,0
11301,0.0,0.0,0.0,500,0.05,0,0,1,0
11302,0.0,0.0,0.0,500,0.05,0,0,1,0
11303,0.0,0.0,0.0,500,0.05,0,0,1,0
11304,0.0,0.0,0.0,500,0.05,0,0,1,0
11305,0.0,0.0,0.0,500,0.05,0,0,1,0
11306,0.0,0.0,0.0,500,0.05,0,0,1,0
11307,0.0,0.0,0.0,500,0.05,0,0,1,0
11308,0.0,0.0,0.0,500,0.05,0,0,1,0
11309,0.0,0.0,0.0,500,0.05,0,0,1,0
11310,0.0,0.0,0.0,500,0.05,0,0,1,0
11311,0.0,0.0,0.0,500,0.05,0,0,1,0
11312,0.0,0.0,0.0,500,0.05,0,0,1,0
11313,0.0,0.0,0.0,500,0.05,0,0,1,0
11314,0.0,0.0,0.0,500,0.05,0,0,1,0
11315,0.0,0.0,0.0,500,0.05,0,0,1,0
11316,0.0,0.0,0.0,500,0.05,0,0,1,0
11317,0.0,0.0,0.0,500,0.05,0,0,1,0
11318,0.0,0.0,0.0,500,0.05,0,0,1,0
11319,0.0,0.0,0.0,500,0.05,0,0,1,0
11320,0.0,0.0,0.0,500,0.05,0,0,1,0
11321,0.0,0.0,0.0,500,0.05,0,0,1,0
11322,0.0,0.0,0.0,500,0.05,0,0,1,0
11323,0.0,0.0,0.0,500,0.05,0,0,1,0
11324,0.0,0.0,0.0,500,0.05,0,0,1,0
11325,0.0,0.0,0.0,500,0.05,0,0,1,0
11326,0.0,0.0,0.0,500,0.05,0,0,1,0
11327,0.0,0.0,0.0,500,0.05,0,0,1,0
11328,0.0,0.0,0.0,500,0.05,0,0,1,0
11329,0.0,0.0,0.0,500,0.05,0,0,1,0
11330,0.0,0.0,0.0,500,0.05,0,0,1,0
11331,0.0,0.0,0.0,500,0.05,0,0,1,0
11332,0.0,0.0,0.0,500,0.05,0,0,1,0
11333,0.0,0.0,0.0,500,0.05,0,0,1,0
11334,0.0,0.0,0.0,500,0.05,0,0,1,0
11335,0.0,0.0,0.0,500,0.05,0,0,1,0
11336,0.0,0.0,0.0,500,0.05,0,0,1,0
11337,0.0,0.0,0.0,500,0.05,0,0,1,0
11338,0.0,0.0,0.0,500,0.05,0,0,1,0
11339,0.0,0.0,0.0,500,0.05,0,0,1,0
11340,0.0,0.0,0.0,500,0.05,0,0,1,0
11341,0.0,0.0,0.0,500,0.05,0,0,1,0
11342,0.0,0.0,0.0,500,0.05,0,0,1,0
11343,0.0,0.0,0.0,500,0.05,0,0,1,0
11344,0.0,0.0,0.0,500,0.05,0,0,1,0
11345,0.0,0.0,0.0,500,0.05,0,0,1,0
11346,0.0,0.0,0.0,500,0.05,0,0,1,0
11347,0.0,0.0,0.0,500,0.05,0,0,1,0
11348,0.0,0.0,0.0,500,0.05,0,0,1,0
11349,0.0,0.0,0.0,500,0.05,0,0,1,0
11350,0.0,0.0,0.0,500,0.05,0,0,1,0
11351,0.0,0.0,0.0,500,0.05,0,0,1,0
11352,0.0,0.0,0.0,500,0.05,0,0,1,0
11353,0.0,0.0,0.0,500,0.05,0,0,1,0
11354,0.0,0.0,0.0,500,0.05,0,0,1,0
11355,0.0,0.0,0.0,500,0.05,0,0,1,0
11356,0.0,0.0,0.0,500,0.05,0,0,1,0
11357,0.0,0.0,0.0,500,0.05,0,0,1,0
11358,0.0,0.0,0.0,500,0.05,0,0,1,0
11359,0.0,0.0,0.0,500,0.05,0,0,1,0
11360,0.0,0.0,0.0,500,0.05,0,0,1,0
11361,0.0,0.0,0.0,500,0.05,0,0,1,0
11362,0.0,0.0,0.0,500,0.05,0,0,1,0
11363,0.0,0.0,0.0,500,0.05,0,0,1,0
11364,0.0,0.0,0.0,500,0.05,0,0,1,0
11365,0.0,0.0,0.0,500,0.05,0,0,1,0
11366,0.0,0.0,0.0,500,0.05,0,0,1,0
11367,0.0,0.0,0.0,500,0.05,0,0,1,0
11368,0.0,0.0,0.0,500,0.05,0,0,1,0
11369,0.0,0.0,0.0,500,0.05,0,0,1,0
11370,0.0,0.0,0.0,500,0.05,0,0,1,0
11371,0.0,0.0,0.0,500,0.05,0,0,1,0
11372,0.0,0.0,0.0,500,0.05,0,0,1,0
11373,0.0,0.0,0.0,500,0.05,0,0,1,0
11374,0.0,0.0,0.0,500,0.05,0,0,1,0
11375,0.0,0.0,0.0,500,0.05,0,0,1,0
11376,0.0,0.0,0.0,500,0.05,0,0,1,0
11377,0.0,0.0,0.0,500,0.05,0,0,1,0
11378,0.0,0.0,0.0,500,0.05,0,0,1,0
11379,0.0,0.0,0.0,500,0.05,0,0,1,0
11380,0.0,0.0,0.0,500,0.05,0,0,1,0
11381,0.0,0.0,0.0,500,0.05,0,0,1,0
11382,0.0,0.0,0.0,500,0.05,0,0,1,0
11383,0.0,0.0,0.0,500,0.05,0,0,1,0
11384,0.0,0.0,0.0,500,0.05,0,0,1,0
11385,0.0,0.0,0.0,500,0.05,0,0,1,0
11386,0.0,0.0,0.0,500,0.05,0,0,1,0
11387,0.0,0.0,0.0,500,0.05,0,0,1,0
11388,0.0,0.0,0.0,500,0.05,0,0,1,0
11389,0.0,0.0,0.0,500,0.05,0,0,1,0
11390,0.0,0.0,0.0,500,0.05,0,0,1,0
11391,0.0,0.0,0.0,500,0.05,0,0,1,0
11392,0.0,0.0,0.0,500,0.05,0,0,1,0
11393,0.0,0.0,0.0,500,0.05,0,0,1,0
11394,0.0,0.0,0.0,500,0.05,0,0,1,0
11395,0.0,0.0,0.0,500,0.05,0,0,1,0
11396,0.0,0.0,0.0,500,0.05,0,0,1,0
11397,0.0,0.0,0.0,500,0.05,0,0,1,0
11398,0.0,0.0,0.0,500,0.05,0,0,1,0
11399,0.0,0.0,0.0,500,0.05,0,0,1,0
11400,0.0,0.0,0.0,500,0.05,0,0,1,0
11401,0.0,0.0,0.0,500,0.05,0,0,1,0
11402,0.0,0.0,0.0,500,0.05,0,0,1,0
11403,0.0,0.0,0.0,500,0.05,0,0,1,0
11404,0.0,0.0,0.0,500,0.05,0,0,1,0
11405,0.0,0.0,0.0,500,0.05,0,0,1,0
11406,0.0,0.0,0.0,500,0.05,0,0,1,0
11407,0.0,0.0,0.0,500,0.05,0,0,1,0
11408,0.0,0.0,0.0,500,0.05,0,0,1,0
11409,0.0,0.0,0.0,500,0.05,0,0,1,0
11410,0.0,0.0,0.0,500,0.05,0,0,1,0
11411,0.0,0.0,0.0,500,0.05,0,0,1,0
11412,0.0,0.0,0.0,500,0.05,0,0,1,0
11413,0.0,0.0,0.0,500,0.05,0,0,1,0
11414,0.0,0.0,0.0,500,0.05,0,0,1,0
11415,0.0,0.0,0.0,500,0.05,0,0,1,0
11416,0.0,0.0,0.0,500,0.05,0,0,1,0
11417,0.0,0.0,0.0,500,0.05,0,0,1,0
11418,0.0,0.0,0.0,500,0.05,0,0,1,0
11419,0.0,0.0,0.0,500,0.05,0,0,1,0
11420,0.0,0.0,0.0,500,0.05,0,0,1,0
11421,0.0,0.0,0.0,500,0.05,0,0,1,0
11422,0.0,0.0,0.0,500,0.05,0,0,1,0
11423,0.0,0.0,0.0,500,0.05,0,0,1,0
11424,0.0,0.0,0.0,500,0.05,0,0,1,0
11425,0.0,0.0,0.0,500,0.05,0,0,1,0
11426,0.0,0.0,0.0,500,0.05,0,0,1,0
11427,0.0,0.0,0.0,500,0.05,0,0,1,0
11428,0.0,0.0,0.0,500,0.05,0,0,1,0
11429,0.0,0.0,0.0,500,0.05,0,0,1,0
11430,0.0,0.0,0.0,500,0.05,0,0,1,0
11431,0.0,0.0,0.0,500,0.05,0,0,1,0
11432,0.0,0.0,0.0,500,0.05,0,0,1,0
11433,0.0,0.0,0.0,500,0.05,0,0,1,0
11434,0.0,0.0,0.0,500,0.05,0,0,1,0
11435,0.0,0.0,0.0,500,0.05,0,0,1,0
11436,0.0,0.0,0.0,500,0.05,0,0,1,0
11437,0.0,0.0,0.0,500,0.05,0,0,1,0
11438,0.0,0.0,0.0,500,0.05,0,0,1,0
11439,0.0,0.0,0.0,500,0.05,0,0,1,0
11440,0.0,0.0,0.0,500,0.05,0,0,1,0
11441,0.0,0.0,0.0,500,0.05,0,0,1,0
11442,0.0,0.0,0.0,500,0.05,0,0,1,0
11443,0.0,0.0,0.0,500,0.05,0,0,1,0
11444,0.0,0.0,0.0,500,0.05,0,0,1,0
11445,0.0,0.0,0.0,500,0.05,0,0,1,0
11446,0.0,0.0,0.0,500,0.05,0,0,1,0
11447,0.0,0.0,0.0,500,0.05,0,0,1,0
11448,0.0,0.0,0.0,500,0.05,0,0,1,0
11449,0.0,0.0,0.0,500,0.05,0,0,1,0
11450,0.0,0.0,0.0,500,0.05,0,0,1,0
11451,0.0,0.0,0.0,500,0.05,0,0,1,0
11452,0.0,0.0,0.0,500,0.05,0,0,1,0
11453,0.0,0.0,0.0,500,0.05,0,0,1,0
11454,0.0,0.0,0.0,500,0.05,0,0,1,0
11455,0.0,0.0,0.0,500,0.05,0,0,1,0
11456,0.0,0.0,0.0,500,0.05,0,0,1,0
11457,0.0,0.0,0.0,500,0.05,0,0,1,0
11458,0.0,0.0,0.0,500,0.05,0,0,1,0
11459,0.0,0.0,0.0,500,0.05,0,0,1,0
11460,0.0,0.0,0.0,500,0.05,0,0,1,0
11461,0.0,0.0,0.0,500,0.05,0,0,1,0
11462,0.0,0.0,0.0,500,0.05,0,0,1,0
11463,0.0,0.0,0.0,500,0.05,0,0,1,0
11464,0.0,0.0,0.0,500,0.05,0,0,1,0
11465,0.0,0.0,0.0,500,0.05,0,0,1,0
11466,0.0,0.0,0.0,500,0.05,0,0,1,0
11467,0.0,0.0,0.0,500,0.05,0,0,1,0
11468,0.0,0.0,0.0,500,0.05,0,0,1,0
11469,0.0,0.0,0.0,500,0.05,0,0,1,0
11470,0.0,0.0,0.0,500,0.05,0,0,1,0
11471,0.0,0.0,0.0,500,0.05,0,0,1,0
11472,0.0,0.0,0.0,500,0.05,0,0,1,0
11473,0.0,0.0,0.0,500,0.05,0,0,1,0
11474,0.0,0.0,0.0,500,0.05,0,0,1,0
11475,0.0,0.0,0.0,500,0.05,0,0,1,0
11476,0.0,0.0,0.0,500,0.05,0,0,1,0
11477,0.0,0.0,0.0,500,0.05,0,0,1,0
11478,0.0,0.0,0.0,500,0.05,0,0,1,0
11479,0.0,0.0,0.0,500,0.05,0,0,1,0
11480,0.0,0.0,0.0,500,0.05,0,0,1,0
11481,0.0,0.0,0.0,500,0.05,0,0,1,0
11482,0.0,0.0,0.0,500,0.05,0,0,1,0
11483,0.0,0.0,0.0,500,0.05,0,0,1,0
11484,0.0,0.0,0.0,500,0.05,0,0,1,0
11485,0.0,0.0,0.0,500,0.05,0,0,1,0
11486,0.0,0.0,0.0,500,0.05,0,0,1,0
11487,0.0,0.0,0.0,500,0.05,0,0,1,0
11488,0.0,0.0,0.0,500,0.05,0,0,1,0
11489,0.0,0.0,0.0,500,0.05,0,0,1,0
11490,0.0,0.0,0.0,500,0.05,0,0,1,0
11491,0.0,0.0,0.0,500,0.05,0,0,1,0
11492,0.0,0.0,0.0,500,0.05,0,0,1,0
11493,0.0,0.0,0.0,500,0.05,0,0,1,0
11494,0.0,0.0,0.0,500,0.05,0,0,1,0
11495,0.0,0.0,0.0,500,0.05,0,0,1,0
11496,0.0,0.0,0.0,500,0.05,0,0,1,0
11497,0.0,0.0,0.0,500,0.05,0,0,1,0
11498,0.0,0.0,0.0,500,0.05,0,0,1,0
11499,0.0,0.0,0.0,500,0.05,0,0,1,0
11500,0.0,0.0,0.0,500,0.05,0,0,1,0
11501,0.0,0.0,0.0,500,0.05,0,0,1,0
11502,0.0,0.0,0.0,500,0.05,0,0,1,0
11503,0.0,0.0,0.0,500,0.05,0,0,1,0
11504,0.0,0.0,0.0,500,0.05,0,0,1,0
11505,0.0,0.0,0.0,500,0.05,0,0,1,0
11506,0.0,0.0,0.0,500,0.05,0,0,1,0
11507,0.0,0.0,0.0,500,0.05,0,0,1,0
11508,0.0,0.0,0.0,500,0.05,0,0,1,0
11509,0.0,0.0,0.0,500,0.05,0,0,1,0
11510,0.0,0.0,0.0,500,0.05,0,0,1,0
11511,0.0,0.0,0.0,500,0.05,0,0,1,0
11512,0.0,0.0,0.0,500,0.05,0,0,1,0
11513,0.0,0.0,0.0,500,0.05,0,0,1,0
11514,0.0,0.0,0.0,500,0.05,0,0,1,0
11515,0.0,0.0,0.0,500,0.05,0,0,1,0
11516,0.0,0.0,0.0,500,0.05,0,0,1,0
11517,0.0,0.0,0.0,500,0.05,0,0,1,0
11518,0.0,0.0,0.0,500,0.05,0,0,1,0
11519,0.0,0.0,0.0,500,0.05,0,0,1,0
11520,0.0,0.0,0.0,500,0.05,0,0,1,0
11521,0.0,0.0,0.0,500,0.05,0,0,1,0
11522,0.0,0.0,0.0,500,0.05,0,0,1,0
11523,0.0,0.0,0.0,500,0.05,0,0,1,0
11524,0.0,0.0,0.0,500,0.05,0,0,1,0
11525,0.0,0.0,0.0,500,0.05,0,0,1,0
11526,0.0,0.0,0.0,500,0.05,0,0,1,0
11527,0.0,0.0,0.0,500,0.05,0,0,1,0
11528,0.0,0.0,0.0,500,0.05,0,0,1,0
11529,0.0,0.0,0.0,500,0.05,0,0,1,0
11530,0.0,0.0,0.0,500,0.05,0,0,1,0
11531,0.0,0.0,0.0,500,0.05,0,0,1,0
11532,0.0,0.0,0.0,500,0.05,0,0,1,0
11533,0.0,0.0,0.0,500,0.05,0,0,1,0
11534,0.0,0.0,0.0,500,0.05,0,0,1,0
11535,0.0,0.0,0.0,500,0.05,0,0,1,0
11536,0.0,0.0,0.0,500,0.05,0,0,1,0
11537,0.0,0.0,0.0,500,0.05,0,0,1,0
11538,0.0,0.0,0.0,500,0.05,0,0,1,0
11539,0.0,0.0,0.0,500,0.05,0,0,1,0
11540,0.0,0.0,0.0,500,0.05,0,0,1,0
11541,0.0,0.0,0.0,500,0.05,0,0,1,0
11542,0.0,0.0,0.0,500,0.05,0,0,1,0
11543,0.0,0.0,0.0,500,0.05,0,0,1,0
11544,0.0,0.0,0.0,500,0.05,0,0,1,0
11545,0.0,0.0,0.0,500,0.05,0,0,1,0
11546,0.0,0.0,0.0,500,0.05,0,0,1,0
11547,0.0,0.0,0.0,500,0.05,0,0,1,0
11548,0.0,0.0,0.0,500,0.05,0,0,1,0
11549,0.0,0.0,0.0,500,0.05,0,0,1,0
11550,0.0,0.0,0.0,500,0.05,0,0,1,0
11551,0.0,0.0,0.0,500,0.05,0,0,1,0
11552,0.0,0.0,0.0,500,0.05,0,0,1,0
11553,0.0,0.0,0.0,500,0.05,0,0,1,0
11554,0.0,0.0,0.0,500,0.05,0,0,1,0
11555,0.0,0.0,0.0,500,0.05,0,0,1,0
11556,0.0,0.0,0.0,500,0.05,0,0,1,0
11557,0.0,0.0,0.0,500,0.05,0,0,1,0
11558,0.0,0.0,0.0,500,0.05,0,0,1,0
11559,0.0,0.0,0.0,500,0.05,0,0,1,0
11560,0.0,0.0,0.0,500,0.05,0,0,1,0
11561,0.0,0.0,0.0,500,0.05,0,0,1,0
11562,0.0,0.0,0.0,500,0.05,0,0,1,0
11563,0.0,0.0,0.0,500,0.05,0,0,1,0
11564,0.0,0.0,0.0,500,0.05,0,0,1,0
11565,0.0,0.0,0.0,500,0.05,0,0,1,0
11566,0.0,0.0,0.0,500,0.05,0,0,1,0
11567,0.0,0.0,0.0,500,0.05,0,0,1,0
11568,0.0,0.0,0.0,500,0.05,0,0,1,0
11569,0.0,0.0,0.0,500,0.05,0,0,1,0
11570,0.0,0.0,0.0,500,0.05,0,0,1,0
11571,0.0,0.0,0.0,500,0.05,0,0,1,0
11572,0.0,0.0,0.0,500,0.05,0,0,1,0
11573,0.0,0.0,0.0,500,0.05,0,0,1,0
11574,0.0,0.0,0.0,500,0.05,0,0,1,0
11575,0.0,0.0,0.0,500,0.05,0,0,1,0
11576,0.0,0.0,0.0,500,0.05,0,0,1,0
11577,0.0,0.0,0.0,500,0.05,0,0,1,0
11578,0.0,0.0,0.0,500,0.05,0,0,1,0
11579,0.0,0.0,0.0,500,0.05,0,0,1,0
11580,0.0,0.0,0.0,500,0.05,0,0,1,0
11581,0.0,0.0,0.0,500,0.05,0,0,1,0
11582,0.0,0.0,0.0,500,0.05,0,0,1,0
11583,0.0,0.0,0.0,500,0.05,0,0,1,0
11584,0.0,0.0,0.0,500,0.05,0,0,1,0
11585,0.0,0.0,0.0,500,0.05,0,0,1,0
11586,0.0,0.0,0.0,500,0.05,0,0,1,0
11587,0.0,0.0,0.0,500,0.05,0,0,1,0
11588,0.0,0.0,0.0,500,0.05,0,0,1,0
11589,0.0,0.0,0.0,500,0.05,0,0,1,0
11590,0.0,0.0,0.0,500,0.05,0,0,1,0
11591,0.0,0.0,0.0,500,0.05,0,0,1,0
11592,0.0,0.0,0.0,500,0.05,0,0,1,0
11593,0.0,0.0,0.0,500,0.05,0,0,1,0
11594,0.0,0.0,0.0,500,0.05,0,0,1,0
11595,0.0,0.0,0.0,500,0.05,0,0,1,0
11596,0.0,0.0,0.0,500,0.05,0,0,1,0
11597,0.0,0.0,0.0,500,0.05,0,0,1,0
11598,0.0,0.0,0.0,500,0.05,0,0,1,0
11599,0.0,0.0,0.0,500,0.05,0,0,1,0
11600,0.0,0.0,0.0,500,0.05,0,0,1,0
11601,0.0,0.0,0.0,500,0.05,0,0,1,0
11602,0.0,0.0,0.0,500,0.05,0,0,1,0
11603,0.0,0.0,0.0,500,0.05,0,0,1,0
11604,0.0,0.0,0.0,500,0.05,0,0,1,0
11605,0.0,0.0,0.0,500,0.05,0,0,1,0
11606,0.0,0.0,0.0,500,0.05,0,0,1,0
11607,0.0,0.0,0.0,500,0.05,0,0,1,0
11608,0.0,0.0,0.0,500,0.05,0,0,1,0
11609,0.0,0.0,0.0,500,0.05,0,0,1,0
11610,0.0,0.0,0.0,500,0.05,0,0,1,0
11611,0.0,0.0,0.0,500,0.05,0,0,1,0
11612,0.0,0.0,0.0,500,0.05,0,0,1,0
11613,0.0,0.0,0.0,500,0.05,0,0,1,0
11614,0.0,0.0,0.0,500,0.05,0,0,1,0
11615,0.0,0.0,0.0,500,0.05,0,0,1,0
11616,0.0,0.0,0.0,500,0.05,0,0,1,0
11617,0.0,0.0,0.0,500,0.05,0,0,1,0
11618,0.0,0.0,0.0,500,0.05,0,0,1,0
11619,0.0,0.0,0.0,500,0.05,0,0,1,0
11620,0.0,0.0,0.0,500,0.05,0,0,1,0
11621,0.0,0.0,0.0,500,0.05,0,0,1,0
11622,0.0,0.0,0.0,500,0.05,0,0,1,0
11623,0.0,0.0,0.0,500,0.05,0,0,1,0
11624,0.0,0.0,0.0,500,0.05,0,0,1,0
11625,0.0,0.0,0.0,500,0.05,0,0,1,0
11626,0.0,0.0,0.0,500,0.05,0,0,1,0
11627,0.0,0.0,0.0,500,0.05,0,0,1,0
11628,0.0,0.0,0.0,500,0.05,0,0,1,0
11629,0.0,0.0,0.0,500,0.05,0,0,1,0
11630,0.0,0.0,0.0,500,0.05,0,0,1,0
11631,0.0,0.0,0.0,500,0.05,0,0,1,0
11632,0.0,0.0,0.0,500,0.05,0,0,1,0
11633,0.0,0.0,0.0,500,0.05,0,0,1,0
11634,0.0,0.0,0.0,500,0.05,0,0,1,0
11635,0.0,0.0,0.0,500,0.05,0,0,1,0
11636,0.0,0.0,0.0,500,0.05,0,0,1,0
11637,0.0,0.0,0.0,500,0.05,0,0,1,0
11638,0.0,0.0,0.0,500,0.05,0,0,1,0
11639,0.0,0.0,0.0,500,0.05,0,0,1,0
11640,0.0,0.0,0.0,500,0.05,0,0,1,0
11641,0.0,0.0,0.0,500,0.05,0,0,1,0
11642,0.0,0.0,0.0,500,0.05,0,0,1,0
11643,0.0,0.0,0.0,500,0.05,0,0,1,0
11644,0.0,0.0,0.0,500,0.05,0,0,1,0
11645,0.0,0.0,0.0,500,0.05,0,0,1,0
11646,0.0,0.0,0.0,500,0.05,0,0,1,0
11647,0.0,0.0,0.0,500,0.05,0,0,1,0
11648,0.0,0.0,0.0,500,0.05,0,0,1,0
11649,0.0,0.0,0.0,500,0.05,0,0,1,0
11650,0.0,0.0,0.0,500,0.05,0,0,1,0
11651,0.0,0.0,0.0,500,0.05,0,0,1,0
11652,0.0,0.0,0.0,500,0.05,0,0,1,0
11653,0.0,0.0,0.0,500,0.05,0,0,1,0
11654,0.0,0.0,0.0,500,0.05,0,0,1,0
11655,0.0,0.0,0.0,500,0.05,0,0,1,0
11656,0.0,0.0,0.0,500,0.05,0,0,1,0
11657,0.0,0.0,0.0,500,0.05,0,0,1,0
11658,0.0,0.0,0.0,500,0.05,0,0,1,0
11659,0.0,0.0,0.0,500,0.05,0,0,1,0
11660,0.0,0.0,0.0,500,0.05,0,0,1,0
11661,0.0,0.0,0.0,500,0.05,0,0,1,0
11662,0.0,0.0,0.0,500,0.05,0,0,1,0
11663,0.0,0.0,0.0,500,0.05,0,0,1,0
11664,0.0,0.0,0.0,500,0.05,0,0,1,0
11665,0.0,0.0,0.0,500,0.05,0,0,1,0
11666,0.0,0.0,0.0,500,0.05,0,0,1,0
11667,0.0,0.0,0.0,500,0.05,0,0,1,0
11668,0.0,0.0,0.0,500,0.05,0,0,1,0
11669,0.0,0.0,0.0,500,0.05,0,0,1,0
11670,0.0,0.0,0.0,500,0.05,0,0,1,0
11671,0.0,0.0,0.0,500,0.05,0,0,1,0
11672,0.0,0.0,0.0,500,0.05,0,0,1,0
11673,0.0,0.0,0.0,500,0.05,0,0,1,0
11674,0.0,0.0,0.0,500,0.05,0,0,1,0
11675,0.0,0.0,0.0,500,0.05,0,0,1,0
11676,0.0,0.0,0.0,500,0.05,0,0,1,0
11677,0.0,0.0,0.0,500,0.05,0,0,1,0
11678,0.0,0.0,0.0,500,0.05,0,0,1,0
11679,0.0,0.0,0.0,500,0.05,0,0,1,0
11680,0.0,0.0,0.0,500,0.05,0,0,1,0
11681,0.0,0.0,0.0,500,0.05,0,0,1,0
11682,0.0,0.0,0.0,500,0.05,0,0,1,0
11683,0.0,0.0,0.0,500,0.05,0,0,1,0
11684,0.0,0.0,0.0,500,0.05,0,0,1,0
11685,0.0,0.0,0.0,500,0.05,0,0,1,0
11686,0.0,0.0,0.0,500,0.05,0,0,1,0
11687,0.0,0.0,0.0,500,0.05,0,0,1,0
11688,0.0,0.0,0.0,500,0.05,0,0,1,0
11689,0.0,0.0,0.0,500,0.05,0,0,1,0
11690,0.0,0.0,0.0,500,0.05,0,0,1,0
11691,0.0,0.0,0.0,500,0.05,0,0,1,0
11692,0.0,0.0,0.0,500,0.05,0,0,1,0
11693,0.0,0.0,0.0,500,0.05,0,0,1,0
11694,0.0,0.0,0.0,500,0.05,0,0,1,0
11695,0.0,0.0,0.0,500,0.05,0,0,1,0
11696,0.0,0.0,0.0,500,0.05,0,0,1,0
11697,0.0,0.0,0.0,500,0.05,0,0,1,0
11698,0.0,0.0,0.0,500,0.05,0,0,1,0
11699,0.0,0.0,0.0,500,0.05,0,0,1,0
11700,0.0,0.0,0.0,500,0.05,0,0,1,0
11701,0.0,0.0,0.0,500,0.05,0,0,1,0
11702,0.0,0.0,0.0,500,0.05,0,0,1,0
11703,0.0,0.0,0.0,500,0.05,0,0,1,0
11704,0.0,0.0,0.0,500,0.05,0,0,1,0
11705,0.0,0.0,0.0,500,0.05,0,0,1,0
11706,0.0,0.0,0.0,500,0.05,0,0,1,0
11707,0.0,0.0,0.0,500,0.05,0,0,1,0
11708,0.0,0.0,0.0,500,0.05,0,0,1,0
11709,0.0,0.0,0.0,500,0.05,0,0,1,0
11710,0.0,0.0,0.0,500,0.05,0,0,1,0
11711,0.0,0.0,0.0,500,0.05,0,0,1,0
11712,0.0,0.0,0.0,500,0.05,0,0,1,0
11713,0.0,0.0,0.0,500,0.05,0,0,1,0
11714,0.0,0.0,0.0,500,0.05,0,0,1,0
11715,0.0,0.0,0.0,500,0.05,0,0,1,0
11716,0.0,0.0,0.0,500,0.05,0,0,1,0
11717,0.0,0.0,0.0,500,0.05,0,0,1,0
11718,0.0,0.0,0.0,500,0.05,0,0,1,0
11719,0.0,0.0,0.0,500,0.05,0,0,1,0
11720,0.0,0.0,0.0,500,0.05,0,0,1,0
11721,0.0,0.0,0.0,500,0.05,0,0,1,0
11722,0.0,0.0,0.0,500,0.05,0,0,1,0
11723,0.0,0.0,0.0,500,0.05,0,0,1,0
11724,0.0,0.0,0.0,500,0.05,0,0,1,0
11725,0.0,0.0,0.0,500,0.05,0,0,1,0
11726,0.0,0.0,0.0,500,0.05,0,0,1,0
11727,0.0,0.0,0.0,500,0.05,0,0,1,0
11728,0.0,0.0,0.0,500,0.05,0,0,1,0
11729,0.0,0.0,0.0,500,0.05,0,0,1,0
11730,0.0,0.0,0.0,500,0.05,0,0,1,0
11731,0.0,0.0,0.0,500,0.05,0,0,1,0
11732,0.0,0.0,0.0,500,0.05,0,0,1,0
11733,0.0,0.0,0.0,500,0.05,0,0,1,0
11734,0.0,0.0,0.0,500,0.05,0,0,1,0
11735,0.0,0.0,0.0,500,0.05,0,0,1,0
11736,0.0,0.0,0.0,500,0.05,0,0,1,0
11737,0.0,0.0,0.0,500,0.05,0,0,1,0
11738,0.0,0.0,0.0,500,0.05,0,0,1,0
11739,0.0,0.0,0.0,500,0.05,0,0,1,0
11740,0.0,0.0,0.0,500,0.05,0,0,1,0
11741,0.0,0.0,0.0,500,0.05,0,0,1,0
11742,0.0,0.0,0.0,500,0.05,0,0,1,0
11743,0.0,0.0,0.0,500,0.05,0,0,1,0
11744,0.0,0.0,0.0,500,0.05,0,0,1,0
11745,0.0,0.0,0.0,500,0.05,0,0,1,0
11746,0.0,0.0,0.0,500,0.05,0,0,1,0
11747,0.0,0.0,0.0,500,0.05,0,0,1,0
11748,0.0,0.0,0.0,500,0.05,0,0,1,0
11749,0.0,0.0,0.0,500,0.05,0,0,1,0
11750,0.0,0.0,0.0,500,0.05,0,0,1,0
11751,0.0,0.0,0.0,500,0.05,0,0,1,0
11752,0.0,0.0,0.0,500,0.05,0,0,1,0
11753,0.0,0.0,0.0,500,0.05,0,0,1,0
11754,0.0,0.0,0.0,500,0.05,0,0,1,0
11755,0.0,0.0,0.0,500,0.05,0,0,1,0
11756,0.0,0.0,0.0,500,0.05,0,0,1,0
11757,0.0,0.0,0.0,500,0.05,0,0,1,0
11758,0.0,0.0,0.0,500,0.05,0,0,1,0
11759,0.0,0.0,0.0,500,0.05,0,0,1,0
11760,0.0,0.0,0.0,500,0.05,0,0,1,0
11761,0.0,0.0,0.0,500,0.05,0,0,1,0
11762,0.0,0.0,0.0,500,0.05,0,0,1,0
11763,0.0,0.0,0.0,500,0.05,0,0,1,0
11764,0.0,0.0,0.0,500,0.05,0,0,1,0
11765,0.0,0.0,0.0,500,0.05,0,0,1,0
11766,0.0,0.0,0.0,500,0.05,0,0,1,0
11767,0.0,0.0,0.0,500,0.05,0,0,1,0
11768,0.0,0.0,0.0,500,0.05,0,0,1,0
11769,0.0,0.0,0.0,500,0.05,0,0,1,0
11770,0.0,0.0,0.0,500,0.05,0,0,1,0
11771,0.0,0.0,0.0,500,0.05,0,0,1,0
11772,0.0,0.0,0.0,500,0.05,0,0,1,0
11773,0.0,0.0,0.0,500,0.05,0,0,1,0
11774,0.0,0.0,0.0,500,0.05,0,0,1,0
11775,0.0,0.0,0.0,500,0.05,0,0,1,0
11776,0.0,0.0,0.0,500,0.05,0,0,1,0
11777,0.0,0.0,0.0,500,0.05,0,0,1,0
11778,0.0,0.0,0.0,500,0.05,0,0,1,0
11779,0.0,0.0,0.0,500,0.05,0,0,1,0
11780,0.0,0.0,0.0,500,0.05,0,0,1,0
11781,0.0,0.0,0.0,500,0.05,0,0,1,0
11782,0.0,0.0,0.0,500,0.05,0,0,1,0
11783,0.0,0.0,0.0,500,0.05,0,0,1,0
11784,0.0,0.0,0.0,500,0.05,0,0,1,0
11785,0.0,0.0,0.0,500,0.05,0,0,1,0
11786,0.0,0.0,0.0,500,0.05,0,0,1,0
11787,0.0,0.0,0.0,500,0.05,0,0,1,0
11788,0.0,0.0,0.0,500,0.05,0,0,1,0
11789,0.0,0.0,0.0,500,0.05,0,0,1,0
11790,0.0,0.0,0.0,500,0.05,0,0,1,0
11791,0.0,0.0,0.0,500,0.05,0,0,1,0
11792,0.0,0.0,0.0,500,0.05,0,0,1,0
11793,0.0,0.0,0.0,500,0.05,0,0,1,0
11794,0.0,0.0,0.0,500,0.05,0,0,1,0
11795,0.0,0.0,0.0,500,0.05,0,0,1,0
11796,0.0,0.0,0.0,500,0.05,0,0,1,0
11797,0.0,0.0,0.0,500,0.05,0,0,1,0
11798,0.0,0.0,0.0,500,0.05,0,0,1,0
11799,0.0,0.0,0.0,500,0.05,0,0,1,0
11800,0.0,0.0,0.0,500,0.05,0,0,1,0
11801,0.0,0.0,0.0,500,0.05,0,0,1,0
11802,0.0,0.0,0.0,500,0.05,0,0,1,0
11803,0.0,0.0,0.0,500,0.05,0,0,1,0
11804,0.0,0.0,0.0,500,0.05,0,0,1,0
11805,0.0,0.0,0.0,500,0.05,0,0,1,0
11806,0.0,0.0,0.0,500,0.05,0,0,1,0
11807,0.0,0.0,0.0,500,0.05,0,0,1,0
11808,0.0,0.0,0.0,500,0.05,0,0,1,0
11809,0.0,0.0,0.0,500,0.05,0,0,1,0
11810,0.0,0.0,0.0,500,0.05,0,0,1,0
11811,0.0,0.0,0.0,500,0.05,0,0,1,0
11812,0.0,0.0,0.0,500,0.05,0,0,1,0
11813,0.0,0.0,0.0,500,0.05,0,0,1,0
11814,0.0,0.0,0.0,500,0.05,0,0,1,0
11815,0.0,0.0,0.0,500,0.05,0,0,1,0
11816,0.0,0.0,0.0,500,0.05,0,0,1,0
11817,0.0,0.0,0.0,500,0.05,0,0,1,0
11818,0.0,0.0,0.0,500,0.05,0,0,1,0
11819,0.0,0.0,0.0,500,0.05,0,0,1,0
11820,0.0,0.0,0.0,500,0.05,0,0,1,0
11821,0.0,0.0,0.0,500,0.05,0,0,1,0
11822,0.0,0.0,0.0,500,0.05,0,0,1,0
11823,0.0,0.0,0.0,500,0.05,0,0,1,0
11824,0.0,0.0,0.0,500,0.05,0,0,1,0
11825,0.0,0.0,0.0,500,0.05,0,0,1,0
11826,0.0,0.0,0.0,500,0.05,0,0,1,0
11827,0.0,0.0,0.0,500,0.05,0,0,1,0
11828,0.0,0.0,0.0,500,0.05,0,0,1,0
11829,0.0,0.0,0.0,500,0.05,0,0,1,0
11830,0.0,0.0,0.0,500,0.05,0,0,1,0
11831,0.0,0.0,0.0,500,0.05,0,0,1,0
11832,0.0,0.0,0.0,500,0.05,0,0,1,0
11833,0.0,0.0,0.0,500,0.05,0,0,1,0
11834,0.0,0.0,0.0,500,0.05,0,0,1,0
11835,0.0,0.0,0.0,500,0.05,0,0,1,0
11836,0.0,0.0,0.0,500,0.05,0,0,1,0
11837,0.0,0.0,0.0,500,0.05,0,0,1,0
11838,0.0,0.0,0.0,500,0.05,0,0,1,0
11839,0.0,0.0,0.0,500,0.05,0,0,1,0
11840,0.0,0.0,0.0,500,0.05,0,0,1,0
11841,0.0,0.0,0.0,500,0.05,0,0,1,0
11842,0.0,0.0,0.0,500,0.05,0,0,1,0
11843,0.0,0.0,0.0,500,0.05,0,0,1,0
11844,0.0,0.0,0.0,500,0.05,0,0,1,0
11845,0.0,0.0,0.0,500,0.05,0,0,1,0
11846,0.0,0.0,0.0,500,0.05,0,0,1,0
11847,0.0,0.0,0.0,500,0.05,0,0,1,0
11848,0.0,0.0,0.0,500,0.05,0,0,1,0
11849,0.0,0.0,0.0,500,0.05,0,0,1,0
11850,0.0,0.0,0.0,500,0.05,0,0,1,0
11851,0.0,0.0,0.0,500,0.05,0,0,1,0
11852,0.0,0.0,0.0,500,0.05,0,0,1,0
11853,0.0,0.0,0.0,500,0.05,0,0,1,0
11854,0.0,0.0,0.0,500,0.05,0,0,1,0
11855,0.0,0.0,0.0,500,0.05,0,0,1,0
11856,0.0,0.0,0.0,500,0.05,0,0,1,0
11857,0.0,0.0,0.0,500,0.05,0,0,1,0
11858,0.0,0.0,0.0,500,0.05,0,0,1,0
11859,0.0,0.0,0.0,500,0.05,0,0,1,0
11860,0.0,0.0,0.0,500,0.05,0,0,1,0
11861,0.0,0.0,0.0,500,0.05,0,0,1,0
11862,0.0,0.0,0.0,500,0.05,0,0,1,0
11863,0.0,0.0,0.0,500,0.05,0,0,1,0
11864,0.0,0.0,0.0,500,0.05,0,0,1,0
11865,0.0,0.0,0.0,500,0.05,0,0,1,0
11866,0.0,0.0,0.0,500,0.05,0,0,1,0
11867,0.0,0.0,0.0,500,0.05,0,0,1,0
11868,0.0,0.0,0.0,500,0.05,0,0,1,0
11869,0.0,0.0,0.0,500,0.05,0,0,1,0
11870,0.0,0.0,0.0,500,0.05,0,0,1,0
11871,0.0,0.0,0.0,500,0.05,0,0,1,0
11872,0.0,0.0,0.0,500,0.05,0,0,1,0
11873,0.0,0.0,0.0,500,0.05,0,0,1,0
11874,0.0,0.0,0.0,500,0.05,0,0,1,0
11875,0.0,0.0,0.0,500,0.05,0,0,1,0
11876,0.0,0.0,0.0,500,0.05,0,0,1,0
11877,0.0,0.0,0.0,500,0.05,0,0,1,0
11878,0.0,0.0,0.0,500,0.05,0,0,1,0
11879,0.0,0.0,0.0,500,0.05,0,0,1,0
11880,0.0,0.0,0.0,500,0.05,0,0,1,0
11881,0.0,0.0,0.0,500,0.05,0,0,1,0
11882,0.0,0.0,0.0,500,0.05,0,0,1,0
11883,0.0,0.0,0.0,500,0.05,0,0,1,0
11884,0.0,0.0,0.0,500,0.05,0,0,1,0
11885,0.0,0.0,0.0,500,0.05,0,0,1,0
11886,0.0,0.0,0.0,500,0.05,0,0,1,0
11887,0.0,0.0,0.0,500,0.05,0,0,1,0
11888,0.0,0.0,0.0,500,0.05,0,0,1,0
11889,0.0,0.0,0.0,500,0.05,0,0,1,0
11890,0.0,0.0,0.0,500,0.05,0,0,1,0
11891,0.0,0.0,0.0,500,0.05,0,0,1,0
11892,0.0,0.0,0.0,500,0.05,0,0,1,0
11893,0.0,0.0,0.0,500,0.05,0,0,1,0
11894,0.0,0.0,0.0,500,0.05,0,0,1,0
11895,0.0,0.0,0.0,500,0.05,0,0,1,0
11896,0.0,0.0,0.0,500,0.05,0,0,1,0
11897,0.0,0.0,0.0,500,0.05,0,0,1,0
11898,0.0,0.0,0.0,500,0.05,0,0,1,0
11899,0.0,0.0,0.0,500,0.05,0,0,1,0
11900,0.0,0.0,0.0,500,0.05,0,0,1,0
11901,0.0,0.0,0.0,500,0.05,0,0,1,0
11902,0.0,0.0,0.0,500,0.05,0,0,1,0
11903,0.0,0.0,0.0,500,0.05,0,0,1,0
11904,0.0,0.0,0.0,500,0.05,0,0,1,0
11905,0.0,0.0,0.0,500,0.05,0,0,1,0
11906,0.0,0.0,0.0,500,0.05,0,0,1,0
11907,0.0,0.0,0.0,500,0.05,0,0,1,0
11908,0.0,0.0,0.0,500,0.05,0,0,1,0
11909,0.0,0.0,0.0,500,0.05,0,0,1,0
11910,0.0,0.0,0.0,500,0.05,0,0,1,0
11911,0.0,0.0,0.0,500,0.05,0,0,1,0
11912,0.0,0.0,0.0,500,0.05,0,0,1,0
11913,0.0,0.0,0.0,500,0.05,0,0,1,0
11914,0.0,0.0,0.0,500,0.05,0,0,1,0
11915,0.0,0.0,0.0,500,0.05,0,0,1,0
11916,0.0,0.0,0.0,500,0.05,0,0,1,0
11917,0.0,0.0,0.0,500,0.05,0,0,1,0
11918,0.0,0.0,0.0,500,0.05,0,0,1,0
11919,0.0,0.0,0.0,500,0.05,0,0,1,0
11920,0.0,0.0,0.0,500,0.05,0,0,1,0
11921,0.0,0.0,0.0,500,0.05,0,0,1,0
11922,0.0,0.0,0.0,500,0.05,0,0,1,0
11923,0.0,0.0,0.0,500,0.05,0,0,1,0
11924,0.0,0.0,0.0,500,0.05,0,0,1,0
11925,0.0,0.0,0.0,500,0.05,0,0,1,0
11926,0.0,0.0,0.0,500,0.05,0,0,1,0
11927,0.0,0.0,0.0,500,0.05,0,0,1,0
11928,0.0,0.0,0.0,500,0.05,0,0,1,0
11929,0.0,0.0,0.0,500,0.05,0,0,1,0
11930,0.0,0.0,0.0,500,0.05,0,0,1,0
11931,0.0,0.0,0.0,500,0.05,0,0,1,0
11932,0.0,0.0,0.0,500,0.05,0,0,1,0
11933,0.0,0.0,0.0,500,0.05,0,0,1,0
11934,0.0,0.0,0.0,500,0.05,0,0,1,0
11935,0.0,0.0,0.0,500,0.05,0,0,1,0
11936,0.0,0.0,0.0,500,0.05,0,0,1,0
11937,0.0,0.0,0.0,500,0.05,0,0,1,0
11938,0.0,0.0,0.0,500,0.05,0,0,1,0
11939,0.0,0.0,0.0,500,0.05,0,0,1,0
11940,0.0,0.0,0.0,500,0.05,0,0,1,0
11941,0.0,0.0,0.0,500,0.05,0,0,1,0
11942,0.0,0.0,0.0,500,0.05,0,0,1,0
11943,0.0,0.0,0.0,500,0.05,0,0,1,0
11944,0.0,0.0,0.0,500,0.05,0,0,1,0
11945,0.0,0.0,0.0,500,0.05,0,0,1,0
11946,0.0,0.0,0.0,500,0.05,0,0,1,0
11947,0.0,0.0,0.0,500,0.05,0,0,1,0
11948,0.0,0.0,0.0,500,0.05,0,0,1,0
11949,0.0,0.0,0.0,500,0.05,0,0,1,0
11950,0.0,0.0,0.0,500,0.05,0,0,1,0
11951,0.0,0.0,0.0,500,0.05,0,0,1,0
11952,0.0,0.0,0.0,500,0.05,0,0,1,0
11953,0.0,0.0,0.0,500,0.05,0,0,1,0
11954,0.0,0.0,0.0,500,0.05,0,0,1,0
11955,0.0,0.0,0.0,500,0.05,0,0,1,0
11956,0.0,0.0,0.0,500,0.05,0,0,1,0
11957,0.0,0.0,0.0,500,0.05,0,0,1,0
11958,0.0,0.0,0.0,500,0.05,0,0,1,0
11959,0.0,0.0,0.0,500,0.05,0,0,1,0
11960,0.0,0.0,0.0,500,0.05,0,0,1,0
11961,0.0,0.0,0.0,500,0.05,0,0,1,0
11962,0.0,0.0,0.0,500,0.05,0,0,1,0
11963,0.0,0.0,0.0,500,0.05,0,0,1,0
11964,0.0,0.0,0.0,500,0.05,0,0,1,0
11965,0.0,0.0,0.0,500,0.05,0,0,1,0
11966,0.0,0.0,0.0,500,0.05,0,0,1,0
11967,0.0,0.0,0.0,500,0.05,0,0,1,0
11968,0.0,0.0,0.0,500,0.05,0,0,1,0
11969,0.0,0.0,0.0,500,0.05,0,0,1,0
11970,0.0,0.0,0.0,500,0.05,0,0,1,0
11971,0.0,0.0,0.0,500,0.05,0,0,1,0
11972,0.0,0.0,0.0,500,0.05,0,0,1,0
11973,0.0,0.0,0.0,500,0.05,0,0,1,0
11974,0.0,0.0,0.0,500,0.05,0,0,1,0
11975,0.0,0.0,0.0,500,0.05,0,0,1,0
11976,0.0,0.0,0.0,500,0.05,0,0,1,0
11977,0.0,0.0,0.0,500,0.05,0,0,1,0
11978,0.0,0.0,0.0,500,0.05,0,0,1,0
11979,0.0,0.0,0.0,500,0.05,0,0,1,0
11980,0.0,0.0,0.0,500,0.05,0,0,1,0
11981,0.0,0.0,0.0,500,0.05,0,0,1,0
11982,0.0,0.0,0.0,500,0.05,0,0,1,0
11983,0.0,0.0,0.0,500,0.05,0,0,1,0
11984,0.0,0.0,0.0,500,0.05,0,0,1,0
11985,0.0,0.0,0.0,500,0.05,0,0,1,0
11986,0.0,0.0,0.0,500,0.05,0,0,1,0
11987,0.0,0.0,0.0,500,0.05,0,0,1,0
11988,0.0,0.0,0.0,500,0.05,0,0,1,0
11989,0.0,0.0,0.0,500,0.05,0,0,1,0
11990,0.0,0.0,0.0,500,0.05,0,0,1,0
11991,0.0,0.0,0.0,500,0.05,0,0,1,0
11992,0.0,0.0,0.0,500,0.05,0,0,1,0
11993,0.0,0.0,0.0,500,0.05,0,0,1,0
11994,0.0,0.0,0.0,500,0.05,0,0,1,0
11995,0.0,0.0,0.0,500,0.05,0,0,1,0
11996,0.0,0.0,0.0,500,0.05,0,0,1,0
11997,0.0,0.0,0.0,500,0.05,0,0,1,0
11998,0.0,0.0,0.0,500,0.05,0,0,1,0
11999,0.0,0.0,0.0,500,0.05,0,0,1,0
12000,0.0,0.0,0.0,500,0.05,0,0,1,0
12001,0.0,0.0,0.0,500,0.05,0,0,1,0
12002,0.0,0.0,0.0,500,0.05,0,0,1,0
12003,0.0,0.0,0.0,500,0.05,0,0,1,0
12004,0.0,0.0,0.0,500,0.05,0,0,1,0
12005,0.0,0.0,0.0,500,0.05,0,0,1,0
12006,0.0,0.0,0.0,500,0.05,0,0,1,0
12007,0.0,0.0,0.0,500,0.05,0,0,1,0
12008,0.0,0.0,0.0,500,0.05,0,0,1,0
12009,0.0,0.0,0.0,500,0.05,0,0,1,0
12010,0.0,0.0,0.0,500,0.05,0,0,1,0
12011,0.0,0.0,0.0,500,0.05,0,0,1,0
12012,0.0,0.0,0.0,500,0.05,0,0,1,0
12013,0.0,0.0,0.0,500,0.05,0,0,1,0
12014,0.0,0.0,0.0,500,0.05,0,0,1,0
12015,0.0,0.0,0.0,500,0.05,0,0,1,0
12016,0.0,0.0,0.0,500,0.05,0,0,1,0
12017,0.0,0.0,0.0,500,0.05,0,0,1,0
12018,0.0,0.0,0.0,500,0.05,0,0,1,0
12019,0.0,0.0,0.0,500,0.05,0,0,1,0
12020,0.0,0.0,0.0,500,0.05,0,0,1,0
12021,0.0,0.0,0.0,500,0.05,0,0,1,0
12022,0.0,0.0,0.0,500,0.05,0,0,1,0
12023,0.0,0.0,0.0,500,0.05,0,0,1,0
12024,0.0,0.0,0.0,500,0.05,0,0,1,0
12025,0.0,0.0,0.0,500,0.05,0,0,1,0
12026,0.0,0.0,0.0,500,0.05,0,0,1,0
12027,0.0,0.0,0.0,500,0.05,0,0,1,0
12028,0.0,0.0,0.0,500,0.05,0,0,1,0
12029,0.0,0.0,0.0,500,0.05,0,0,1,0
12030,0.0,0.0,0.0,500,0.05,0,0,1,0
12031,0.0,0.0,0.0,500,0.05,0,0,1,0
12032,0.0,0.0,0.0,500,0.05,0,0,1,0
12033,0.0,0.0,0.0,500,0.05,0,0,1,0
12034,0.0,0.0,0.0,500,0.05,0,0,1,0
12035,0.0,0.0,0.0,500,0.05,0,0,1,0
12036,0.0,0.0,0.0,500,0.05,0,0,1,0
12037,0.0,0.0,0.0,500,0.05,0,0,1,0
12038,0.0,0.0,0.0,500,0.05,0,0,1,0
12039,0.0,0.0,0.0,500,0.05,0,0,1,0
12040,0.0,0.0,0.0,500,0.05,0,0,1,0
12041,0.0,0.0,0.0,500,0.05,0,0,1,0
12042,0.0,0.0,0.0,500,0.05,0,0,1,0
12043,0.0,0.0,0.0,500,0.05,0,0,1,0
12044,0.0,0.0,0.0,500,0.05,0,0,1,0
12045,0.0,0.0,0.0,500,0.05,0,0,1,0
12046,0.0,0.0,0.0,500,0.05,0,0,1,0
12047,0.0,0.0,0.0,500,0.05,0,0,1,0
12048,0.0,0.0,0.0,500,0.05,0,0,1,0
12049,0.0,0.0,0.0,500,0.05,0,0,1,0
12050,0.0,0.0,0.0,500,0.05,0,0,1,0
12051,0.0,0.0,0.0,500,0.05,0,0,1,0
12052,0.0,0.0,0.0,500,0.05,0,0,1,0
12053,0.0,0.0,0.0,500,0.05,0,0,1,0
12054,0.0,0.0,0.0,500,0.05,0,0,1,0
12055,0.0,0.0,0.0,500,0.05,0,0,1,0
12056,0.0,0.0,0.0,500,0.05,0,0,1,0
12057,0.0,0.0,0.0,500,0.05,0,0,1,0
12058,0.0,0.0,0.0,500,0.05,0,0,1,0
12059,0.0,0.0,0.0,500,0.05,0,0,1,0
12060,0.0,0.0,0.0,500,0.05,0,0,1,0
12061,0.0,0.0,0.0,500,0.05,0,0,1,0
12062,0.0,0.0,0.0,500,0.05,0,0,1,0
12063,0.0,0.0,0.0,500,0.05,0,0,1,0
12064,0.0,0.0,0.0,500,0.05,0,0,1,0
12065,0.0,0.0,0.0,500,0.05,0,0,1,0
12066,0.0,0.0,0.0,500,0.05,0,0,1,0
12067,0.0,0.0,0.0,500,0.05,0,0,1,0
12068,0.0,0.0,0.0,500,0.05,0,0,1,0
12069,0.0,0.0,0.0,500,0.05,0,0,1,0
12070,0.0,0.0,0.0,500,0.05,0,0,1,0
12071,0.0,0.0,0.0,500,0.05,0,0,1,0
12072,0.0,0.0,0.0,500,0.05,0,0,1,0
12073,0.0,0.0,0.0,500,0.05,0,0,1,0
12074,0.0,0.0,0.0,500,0.05,0,0,1,0
12075,0.0,0.0,0.0,500,0.05,0,0,1,0
12076,0.0,0.0,0.0,500,0.05,0,0,1,0
12077,0.0,0.0,0.0,500,0.05,0,0,1,0
12078,0.0,0.0,0.0,500,0.05,0,0,1,0
12079,0.0,0.0,0.0,500,0.05,0,0,1,0
12080,0.0,0.0,0.0,500,0.05,0,0,1,0
12081,0.0,0.0,0.0,500,0.05,0,0,1,0
12082,0.0,0.0,0.0,500,0.05,0,0,1,0
12083,0.0,0.0,0.0,500,0.05,0,0,1,0
12084,0.0,0.0,0.0,500,0.05,0,0,1,0
12085,0.0,0.0,0.0,500,0.05,0,0,1,0
12086,0.0,0.0,0.0,500,0.05,0,0,1,0
12087,0.0,0.0,0.0,500,0.05,0,0,1,0
12088,0.0,0.0,0.0,500,0.05,0,0,1,0
12089,0.0,0.0,0.0,500,0.05,0,0,1,0
12090,0.0,0.0,0.0,500,0.05,0,0,1,0
12091,0.0,0.0,0.0,500,0.05,0,0,1,0
12092,0.0,0.0,0.0,500,0.05,0,0,1,0
12093,0.0,0.0,0.0,500,0.05,0,0,1,0
12094,0.0,0.0,0.0,500,0.05,0,0,1,0
12095,0.0,0.0,0.0,500,0.05,0,0,1,0
12096,0.0,0.0,0.0,500,0.05,0,0,1,0
12097,0.0,0.0,0.0,500,0.05,0,0,1,0
12098,0.0,0.0,0.0,500,0.05,0,0,1,0
12099,0.0,0.0,0.0,500,0.05,0,0,1,0
12100,0.0,0.0,0.0,500,0.05,0,0,1,0
12101,0.0,0.0,0.0,500,0.05,0,0,1,0
12102,0.0,0.0,0.0,500,0.05,0,0,1,0
12103,0.0,0.0,0.0,500,0.05,0,0,1,0
12104,0.0,0.0,0.0,500,0.05,0,0,1,0
12105,0.0,0.0,0.0,500,0.05,0,0,1,0
12106,0.0,0.0,0.0,500,0.05,0,0,1,0
12107,0.0,0.0,0.0,500,0.05,0,0,1,0
12108,0.0,0.0,0.0,500,0.05,0,0,1,0
12109,0.0,0.0,0.0,500,0.05,0,0,1,0
12110,0.0,0.0,0.0,500,0.05,0,0,1,0
12111,0.0,0.0,0.0,500,0.05,0,0,1,0
12112,0.0,0.0,0.0,500,0.05,0,0,1,0
12113,0.0,0.0,0.0,500,0.05,0,0,1,0
12114,0.0,0.0,0.0,500,0.05,0,0,1,0
12115,0.0,0.0,0.0,500,0.05,0,0,1,0
12116,0.0,0.0,0.0,500,0.05,0,0,1,0
12117,0.0,0.0,0.0,500,0.05,0,0,1,0
12118,0.0,0.0,0.0,500,0.05,0,0,1,0
12119,0.0,0.0,0.0,500,0.05,0,0,1,0
12120,0.0,0.0,0.0,500,0.05,0,0,1,0
12121,0.0,0.0,0.0,500,0.05,0,0,1,0
12122,0.0,0.0,0.0,500,0.05,0,0,1,0
12123,0.0,0.0,0.0,500,0.05,0,0,1,0
12124,0.0,0.0,0.0,500,0.05,0,0,1,0
12125,0.0,0.0,0.0,500,0.05,0,0,1,0
12126,0.0,0.0,0.0,500,0.05,0,0,1,0
12127,0.0,0.0,0.0,500,0.05,0,0,1,0
12128,0.0,0.0,0.0,500,0.05,0,0,1,0
12129,0.0,0.0,0.0,500,0.05,0,0,1,0
12130,0.0,0.0,0.0,500,0.05,0,0,1,0
12131,0.0,0.0,0.0,500,0.05,0,0,1,0
12132,0.0,0.0,0.0,500,0.05,0,0,1,0
12133,0.0,0.0,0.0,500,0.05,0,0,1,0
12134,0.0,0.0,0.0,500,0.05,0,0,1,0
12135,0.0,0.0,0.0,500,0.05,0,0,1,0
12136,0.0,0.0,0.0,500,0.05,0,0,1,0
12137,0.0,0.0,0.0,500,0.05,0,0,1,0
12138,0.0,0.0,0.0,500,0.05,0,0,1,0
12139,0.0,0.0,0.0,500,0.05,0,0,1,0
12140,0.0,0.0,0.0,500,0.05,0,0,1,0
12141,0.0,0.0,0.0,500,0.05,0,0,1,0
12142,0.0,0.0,0.0,500,0.05,0,0,1,0
12143,0.0,0.0,0.0,500,0.05,0,0,1,0
12144,0.0,0.0,0.0,500,0.05,0,0,1,0
12145,0.0,0.0,0.0,500,0.05,0,0,1,0
12146,0.0,0.0,0.0,500,0.05,0,0,1,0
12147,0.0,0.0,0.0,500,0.05,0,0,1,0
12148,0.0,0.0,0.0,500,0.05,0,0,1,0
12149,0.0,0.0,0.0,500,0.05,0,0,1,0
12150,0.0,0.0,0.0,500,0.05,0,0,1,0
12151,0.0,0.0,0.0,500,0.05,0,0,1,0
12152,0.0,0.0,0.0,500,0.05,0,0,1,0
12153,0.0,0.0,0.0,500,0.05,0,0,1,0
12154,0.0,0.0,0.0,500,0.05,0,0,1,0
12155,0.0,0.0,0.0,500,0.05,0,0,1,0
12156,0.0,0.0,0.0,500,0.05,0,0,1,0
12157,0.0,0.0,0.0,500,0.05,0,0,1,0
12158,0.0,0.0,0.0,500,0.05,0,0,1,0
12159,0.0,0.0,0.0,500,0.05,0,0,1,0
12160,0.0,0.0,0.0,500,0.05,0,0,1,0
12161,0.0,0.0,0.0,500,0.05,0,0,1,0
12162,0.0,0.0,0.0,500,0.05,0,0,1,0
12163,0.0,0.0,0.0,500,0.05,0,0,1,0
12164,0.0,0.0,0.0,500,0.05,0,0,1,0
12165,0.0,0.0,0.0,500,0.05,0,0,1,0
12166,0.0,0.0,0.0,500,0.05,0,0,1,0
12167,0.0,0.0,0.0,500,0.05,0,0,1,0
12168,0.0,0.0,0.0,500,0.05,0,0,1,0
12169,0.0,0.0,0.0,500,0.05,0,0,1,0
12170,0.0,0.0,0.0,500,0.05,0,0,1,0
12171,0.0,0.0,0.0,500,0.05,0,0,1,0
12172,0.0,0.0,0.0,500,0.05,0,0,1,0
12173,0.0,0.0,0.0,500,0.05,0,0,1,0
12174,0.0,0.0,0.0,500,0.05,0,0,1,0
12175,0.0,0.0,0.0,500,0.05,0,0,1,0
12176,0.0,0.0,0.0,500,0.05,0,0,1,0
12177,0.0,0.0,0.0,500,0.05,0,0,1,0
12178,0.0,0.0,0.0,500,0.05,0,0,1,0
12179,0.0,0.0,0.0,500,0.05,0,0,1,0
12180,0.0,0.0,0.0,500,0.05,0,0,1,0
12181,0.0,0.0,0.0,500,0.05,0,0,1,0
12182,0.0,0.0,0.0,500,0.05,0,0,1,0
12183,0.0,0.0,0.0,500,0.05,0,0,1,0
12184,0.0,0.0,0.0,500,0.05,0,0,1,0
12185,0.0,0.0,0.0,500,0.05,0,0,1,0
12186,0.0,0.0,0.0,500,0.05,0,0,1,0
12187,0.0,0.0,0.0,500,0.05,0,0,1,0
12188,0.0,0.0,0.0,500,0.05,0,0,1,0
12189,0.0,0.0,0.0,500,0.05,0,0,1,0
12190,0.0,0.0,0.0,500,0.05,0,0,1,0
12191,0.0,0.0,0.0,500,0.05,0,0,1,0
12192,0.0,0.0,0.0,500,0.05,0,0,1,0
12193,0.0,0.0,0.0,500,0.05,0,0,1,0
12194,0.0,0.0,0.0,500,0.05,0,0,1,0
12195,0.0,0.0,0.0,500,0.05,0,0,1,0
12196,0.0,0.0,0.0,500,0.05,0,0,1,0
12197,0.0,0.0,0.0,500,0.05,0,0,1,0
12198,0.0,0.0,0.0,500,0.05,0,0,1,0
12199,0.0,0.0,0.0,500,0.05,0,0,1,0
12200,0.0,0.0,0.0,500,0.05,0,0,1,0
12201,0.0,0.0,0.0,500,0.05,0,0,1,0
12202,0.0,0.0,0.0,500,0.05,0,0,1,0
12203,0.0,0.0,0.0,500,0.05,0,0,1,0
12204,0.0,0.0,0.0,500,0.05,0,0,1,0
12205,0.0,0.0,0.0,500,0.05,0,0,1,0
12206,0.0,0.0,0.0,500,0.05,0,0,1,0
12207,0.0,0.0,0.0,500,0.05,0,0,1,0
12208,0.0,0.0,0.0,500,0.05,0,0,1,0
12209,0.0,0.0,0.0,500,0.05,0,0,1,0
12210,0.0,0.0,0.0,500,0.05,0,0,1,0
12211,0.0,0.0,0.0,500,0.05,0,0,1,0
12212,0.0,0.0,0.0,500,0.05,0,0,1,0
12213,0.0,0.0,0.0,500,0.05,0,0,1,0
12214,0.0,0.0,0.0,500,0.05,0,0,1,0
12215,0.0,0.0,0.0,500,0.05,0,0,1,0
12216,0.0,0.0,0.0,500,0.05,0,0,1,0
12217,0.0,0.0,0.0,500,0.05,0,0,1,0
12218,0.0,0.0,0.0,500,0.05,0,0,1,0
12219,0.0,0.0,0.0,500,0.05,0,0,1,0
12220,0.0,0.0,0.0,500,0.05,0,0,1,0
12221,0.0,0.0,0.0,500,0.05,0,0,1,0
12222,0.0,0.0,0.0,500,0.05,0,0,1,0
12223,0.0,0.0,0.0,500,0.05,0,0,1,0
12224,0.0,0.0,0.0,500,0.05,0,0,1,0
12225,0.0,0.0,0.0,500,0.05,0,0,1,0
12226,0.0,0.0,0.0,500,0.05,0,0,1,0
12227,0.0,0.0,0.0,500,0.05,0,0,1,0
12228,0.0,0.0,0.0,500,0.05,0,0,1,0
12229,0.0,0.0,0.0,500,0.05,0,0,1,0
12230,0.0,0.0,0.0,500,0.05,0,0,1,0
12231,0.0,0.0,0.0,500,0.05,0,0,1,0
12232,0.0,0.0,0.0,500,0.05,0,0,1,0
12233,0.0,0.0,0.0,500,0.05,0,0,1,0
12234,0.0,0.0,0.0,500,0.05,0,0,1,0
12235,0.0,0.0,0.0,500,0.05,0,0,1,0
12236,0.0,0.0,0.0,500,0.05,0,0,1,0
12237,0.0,0.0,0.0,500,0.05,0,0,1,0
12238,0.0,0.0,0.0,500,0.05,0,0,1,0
12239,0.0,0.0,0.0,500,0.05,0,0,1,0
12240,0.0,0.0,0.0,500,0.05,0,0,1,0
12241,0.0,0.0,0.0,500,0.05,0,0,1,0
12242,0.0,0.0,0.0,500,0.05,0,0,1,0
12243,0.0,0.0,0.0,500,0.05,0,0,1,0
12244,0.0,0.0,0.0,500,0.05,0,0,1,0
12245,0.0,0.0,0.0,500,0.05,0,0,1,0
12246,0.0,0.0,0.0,500,0.05,0,0,1,0
12247,0.0,0.0,0.0,500,0.05,0,0,1,0
12248,0.0,0.0,0.0,500,0.05,0,0,1,0
12249,0.0,0.0,0.0,500,0.05,0,0,1,0
12250,0.0,0.0,0.0,500,0.05,0,0,1,0
12251,0.0,0.0,0.0,500,0.05,0,0,1,0
12252,0.0,0.0,0.0,500,0.05,0,0,1,0
12253,0.0,0.0,0.0,500,0.05,0,0,1,0
12254,0.0,0.0,0.0,500,0.05,0,0,1,0
12255,0.0,0.0,0.0,500,0.05,0,0,1,0
12256,0.0,0.0,0.0,500,0.05,0,0,1,0
12257,0.0,0.0,0.0,500,0.05,0,0,1,0
12258,0.0,0.0,0.0,500,0.05,0,0,1,0
12259,0.0,0.0,0.0,500,0.05,0,0,1,0
12260,0.0,0.0,0.0,500,0.05,0,0,1,0
12261,0.0,0.0,0.0,500,0.05,0,0,1,0
12262,0.0,0.0,0.0,500,0.05,0,0,1,0
12263,0.0,0.0,0.0,500,0.05,0,0,1,0
12264,0.0,0.0,0.0,500,0.05,0,0,1,0
12265,0.0,0.0,0.0,500,0.05,0,0,1,0
12266,0.0,0.0,0.0,500,0.05,0,0,1,0
12267,0.0,0.0,0.0,500,0.05,0,0,1,0
12268,0.0,0.0,0.0,500,0.05,0,0,1,0
12269,0.0,0.0,0.0,500,0.05,0,0,1,0
12270,0.0,0.0,0.0,500,0.05,0,0,1,0
12271,0.0,0.0,0.0,500,0.05,0,0,1,0
12272,0.0,0.0,0.0,500,0.05,0,0,1,0
12273,0.0,0.0,0.0,500,0.05,0,0,1,0
12274,0.0,0.0,0.0,500,0.05,0,0,1,0
12275,0.0,0.0,0.0,500,0.05,0,0,1,0
12276,0.0,0.0,0.0,500,0.05,0,0,1,0
12277,0.0,0.0,0.0,500,0.05,0,0,1,0
12278,0.0,0.0,0.0,500,0.05,0,0,1,0
12279,0.0,0.0,0.0,500,0.05,0,0,1,0
12280,0.0,0.0,0.0,500,0.05,0,0,1,0
12281,0.0,0.0,0.0,500,0.05,0,0,1,0
12282,0.0,0.0,0.0,500,0.05,0,0,1,0
12283,0.0,0.0,0.0,500,0.05,0,0,1,0
12284,0.0,0.0,0.0,500,0.05,0,0,1,0
12285,0.0,0.0,0.0,500,0.05,0,0,1,0
12286,0.0,0.0,0.0,500,0.05,0,0,1,0
12287,0.0,0.0,0.0,500,0.05,0,0,1,0
12288,0.0,0.0,0.0,500,0.05,0,0,1,0
12289,0.0,0.0,0.0,500,0.05,0,0,1,0
12290,0.0,0.0,0.0,500,0.05,0,0,1,0
12291,0.0,0.0,0.0,500,0.05,0,0,1,0
12292,0.0,0.0,0.0,500,0.05,0,0,1,0
12293,0.0,0.0,0.0,500,0.05,0,0,1,0
12294,0.0,0.0,0.0,500,0.05,0,0,1,0
12295,0.0,0.0,0.0,500,0.05,0,0,1,0
12296,0.0,0.0,0.0,500,0.05,0,0,1,0
12297,0.0,0.0,0.0,500,0.05,0,0,1,0
12298,0.0,0.0,0.0,500,0.05,0,0,1,0
12299,0.0,0.0,0.0,500,0.05,0,0,1,0
12300,0.0,0.0,0.0,500,0.05,0,0,1,0
12301,0.0,0.0,0.0,500,0.05,0,0,1,0
12302,0.0,0.0,0.0,500,0.05,0,0,1,0
12303,0.0,0.0,0.0,500,0.05,0,0,1,0
12304,0.0,0.0,0.0,500,0.05,0,0,1,0
12305,0.0,0.0,0.0,500,0.05,0,0,1,0
12306,0.0,0.0,0.0,500,0.05,0,0,1,0
12307,0.0,0.0,0.0,500,0.05,0,0,1,0
12308,0.0,0.0,0.0,500,0.05,0,0,1,0
12309,0.0,0.0,0.0,500,0.05,0,0,1,0
12310,0.0,0.0,0.0,500,0.05,0,0,1,0
12311,0.0,0.0,0.0,500,0.05,0,0,1,0
12312,0.0,0.0,0.0,500,0.05,0,0,1,0
12313,0.0,0.0,0.0,500,0.05,0,0,1,0
12314,0.0,0.0,0.0,500,0.05,0,0,1,0
12315,0.0,0.0,0.0,500,0.05,0,0,1,0
12316,0.0,0.0,0.0,500,0.05,0,0,1,0
12317,0.0,0.0,0.0,500,0.05,0,0,1,0
12318,0.0,0.0,0.0,500,0.05,0,0,1,0
12319,0.0,0.0,0.0,500,0.05,0,0,1,0
12320,0.0,0.0,0.0,500,0.05,0,0,1,0
12321,0.0,0.0,0.0,500,0.05,0,0,1,0
12322,0.0,0.0,0.0,500,0.05,0,0,1,0
12323,0.0,0.0,0.0,500,0.05,0,0,1,0
12324,0.0,0.0,0.0,500,0.05,0,0,1,0
12325,0.0,0.0,0.0,500,0.05,0,0,1,0
12326,0.0,0.0,0.0,500,0.05,0,0,1,0
12327,0.0,0.0,0.0,500,0.05,0,0,1,0
12328,0.0,0.0,0.0,500,0.05,0,0,1,0
12329,0.0,0.0,0.0,500,0.05,0,0,1,0
12330,0.0,0.0,0.0,500,0.05,0,0,1,0
12331,0.0,0.0,0.0,500,0.05,0,0,1,0
12332,0.0,0.0,0.0,500,0.05,0,0,1,0
12333,0.0,0.0,0.0,500,0.05,0,0,1,0
12334,0.0,0.0,0.0,500,0.05,0,0,1,0
12335,0.0,0.0,0.0,500,0.05,0,0,1,0
12336,0.0,0.0,0.0,500,0.05,0,0,1,0
12337,0.0,0.0,0.0,500,0.05,0,0,1,0
12338,0.0,0.0,0.0,500,0.05,0,0,1,0
12339,0.0,0.0,0.0,500,0.05,0,0,1,0
12340,0.0,0.0,0.0,500,0.05,0,0,1,0
12341,0.0,0.0,0.0,500,0.05,0,0,1,0
12342,0.0,0.0,0.0,500,0.05,0,0,1,0
12343,0.0,0.0,0.0,500,0.05,0,0,1,0
12344,0.0,0.0,0.0,500,0.05,0,0,1,0
12345,0.0,0.0,0.0,500,0.05,0,0,1,0
12346,0.0,0.0,0.0,500,0.05,0,0,1,0
12347,0.0,0.0,0.0,500,0.05,0,0,1,0
12348,0.0,0.0,0.0,500,0.05,0,0,1,0
12349,0.0,0.0,0.0,500,0.05,0,0,1,0
12350,0.0,0.0,0.0,500,0.05,0,0,1,0
12351,0.0,0.0,0.0,500,0.05,0,0,1,0
12352,0.0,0.0,0.0,500,0.05,0,0,1,0
12353,0.0,0.0,0.0,500,0.05,0,0,1,0
12354,0.0,0.0,0.0,500,0.05,0,0,1,0
12355,0.0,0.0,0.0,500,0.05,0,0,1,0
12356,0.0,0.0,0.0,500,0.05,0,0,1,0
12357,0.0,0.0,0.0,500,0.05,0,0,1,0
12358,0.0,0.0,0.0,500,0.05,0,0,1,0
12359,0.0,0.0,0.0,500,0.05,0,0,1,0
12360,0.0,0.0,0.0,500,0.05,0,0,1,0
12361,0.0,0.0,0.0,500,0.05,0,0,1,0
12362,0.0,0.0,0.0,500,0.05,0,0,1,0
12363,0.0,0.0,0.0,500,0.05,0,0,1,0
12364,0.0,0.0,0.0,500,0.05,0,0,1,0
12365,0.0,0.0,0.0,500,0.05,0,0,1,0
12366,0.0,0.0,0.0,500,0.05,0,0,1,0
12367,0.0,0.0,0.0,500,0.05,0,0,1,0
12368,0.0,0.0,0.0,500,0.05,0,0,1,0
12369,0.0,0.0,0.0,500,0.05,0,0,1,0
12370,0.0,0.0,0.0,500,0.05,0,0,1,0
12371,0.0,0.0,0.0,500,0.05,0,0,1,0
12372,0.0,0.0,0.0,500,0.05,0,0,1,0
12373,0.0,0.0,0.0,500,0.05,0,0,1,0
12374,0.0,0.0,0.0,500,0.05,0,0,1,0
12375,0.0,0.0,0.0,500,0.05,0,0,1,0
12376,0.0,0.0,0.0,500,0.05,0,0,1,0
12377,0.0,0.0,0.0,500,0.05,0,0,1,0
12378,0.0,0.0,0.0,500,0.05,0,0,1,0
12379,0.0,0.0,0.0,500,0.05,0,0,1,0
12380,0.0,0.0,0.0,500,0.05,0,0,1,0
12381,0.0,0.0,0.0,500,0.05,0,0,1,0
12382,0.0,0.0,0.0,500,0.05,0,0,1,0
12383,0.0,0.0,0.0,500,0.05,0,0,1,0
12384,0.0,0.0,0.0,500,0.05,0,0,1,0
12385,0.0,0.0,0.0,500,0.05,0,0,1,0
12386,0.0,0.0,0.0,500,0.05,0,0,1,0
12387,0.0,0.0,0.0,500,0.05,0,0,1,0
12388,0.0,0.0,0.0,500,0.05,0,0,1,0
12389,0.0,0.0,0.0,500,0.05,0,0,1,0
12390,0.0,0.0,0.0,500,0.05,0,0,1,0
12391,0.0,0.0,0.0,500,0.05,0,0,1,0
12392,0.0,0.0,0.0,500,0.05,0,0,1,0
12393,0.0,0.0,0.0,500,0.05,0,0,1,0
12394,0.0,0.0,0.0,500,0.05,0,0,1,0
12395,0.0,0.0,0.0,500,0.05,0,0,1,0
12396,0.0,0.0,0.0,500,0.05,0,0,1,0
12397,0.0,0.0,0.0,500,0.05,0,0,1,0
12398,0.0,0.0,0.0,500,0.05,0,0,1,0
12399,0.0,0.0,0.0,500,0.05,0,0,1,0
12400,0.0,0.0,0.0,500,0.05,0,0,1,0
12401,0.0,0.0,0.0,500,0.05,0,0,1,0
12402,0.0,0.0,0.0,500,0.05,0,0,1,0
12403,0.0,0.0,0.0,500,0.05,0,0,1,0
12404,0.0,0.0,0.0,500,0.05,0,0,1,0
12405,0.0,0.0,0.0,500,0.05,0,0,1,0
12406,0.0,0.0,0.0,500,0.05,0,0,1,0
12407,0.0,0.0,0.0,500,0.05,0,0,1,0
12408,0.0,0.0,0.0,500,0.05,0,0,1,0
12409,0.0,0.0,0.0,500,0.05,0,0,1,0
12410,0.0,0.0,0.0,500,0.05,0,0,1,0
12411,0.0,0.0,0.0,500,0.05,0,0,1,0
12412,0.0,0.0,0.0,500,0.05,0,0,1,0
12413,0.0,0.0,0.0,500,0.05,0,0,1,0
12414,0.0,0.0,0.0,500,0.05,0,0,1,0
12415,0.0,0.0,0.0,500,0.05,0,0,1,0
12416,0.0,0.0,0.0,500,0.05,0,0,1,0
12417,0.0,0.0,0.0,500,0.05,0,0,1,0
12418,0.0,0.0,0.0,500,0.05,0,0,1,0
12419,0.0,0.0,0.0,500,0.05,0,0,1,0
12420,0.0,0.0,0.0,500,0.05,0,0,1,0
12421,0.0,0.0,0.0,500,0.05,0,0,1,0
12422,0.0,0.0,0.0,500,0.05,0,0,1,0
12423,0.0,0.0,0.0,500,0.05,0,0,1,0
12424,0.0,0.0,0.0,500,0.05,0,0,1,0
12425,0.0,0.0,0.0,500,0.05,0,0,1,0
12426,0.0,0.0,0.0,500,0.05,0,0,1,0
12427,0.0,0.0,0.0,500,0.05,0,0,1,0
12428,0.0,0.0,0.0,500,0.05,0,0,1,0
12429,0.0,0.0,0.0,500,0.05,0,0,1,0
12430,0.0,0.0,0.0,500,0.05,0,0,1,0
12431,0.0,0.0,0.0,500,0.05,0,0,1,0
12432,0.0,0.0,0.0,500,0.05,0,0,1,0
12433,0.0,0.0,0.0,500,0.05,0,0,1,0
12434,0.0,0.0,0.0,500,0.05,0,0,1,0
12435,0.0,0.0,0.0,500,0.05,0,0,1,0
12436,0.0,0.0,0.0,500,0.05,0,0,1,0
12437,0.0,0.0,0.0,500,0.05,0,0,1,0
12438,0.0,0.0,0.0,500,0.05,0,0,1,0
12439,0.0,0.0,0.0,500,0.05,0,0,1,0
12440,0.0,0.0,0.0,500,0.05,0,0,1,0
12441,0.0,0.0,0.0,500,0.05,0,0,1,0
12442,0.0,0.0,0.0,500,0.05,0,0,1,0
12443,0.0,0.0,0.0,500,0.05,0,0,1,0
12444,0.0,0.0,0.0,500,0.05,0,0,1,0
12445,0.0,0.0,0.0,500,0.05,0,0,1,0
12446,0.0,0.0,0.0,500,0.05,0,0,1,0
12447,0.0,0.0,0.0,500,0.05,0,0,1,0
12448,0.0,0.0,0.0,500,0.05,0,0,1,0
12449,0.0,0.0,0.0,500,0.05,0,0,1,0
12450,0.0,0.0,0.0,500,0.05,0,0,1,0
12451,0.0,0.0,0.0,500,0.05,0,0,1,0
12452,0.0,0.0,0.0,500,0.05,0,0,1,0
12453,0.0,0.0,0.0,500,0.05,0,0,1,0
12454,0.0,0.0,0.0,500,0.05,0,0,1,0
12455,0.0,0.0,0.0,500,0.05,0,0,1,0
12456,0.0,0.0,0.0,500,0.05,0,0,1,0
12457,0.0,0.0,0.0,500,0.05,0,0,1,0
12458,0.0,0.0,0.0,500,0.05,0,0,1,0
12459,0.0,0.0,0.0,500,0.05,0,0,1,0
12460,0.0,0.0,0.0,500,0.05,0,0,1,0
12461,0.0,0.0,0.0,500,0.05,0,0,1,0
12462,0.0,0.0,0.0,500,0.05,0,0,1,0
12463,0.0,0.0,0.0,500,0.05,0,0,1,0
12464,0.0,0.0,0.0,500,0.05,0,0,1,0
12465,0.0,0.0,0.0,500,0.05,0,0,1,0
12466,0.0,0.0,0.0,500,0.05,0,0,1,0
12467,0.0,0.0,0.0,500,0.05,0,0,1,0
12468,0.0,0.0,0.0,500,0.05,0,0,1,0
12469,0.0,0.0,0.0,500,0.05,0,0,1,0
12470,0.0,0.0,0.0,500,0.05,0,0,1,0
12471,0.0,0.0,0.0,500,0.05,0,0,1,0
12472,0.0,0.0,0.0,500,0.05,0,0,1,0
12473,0.0,0.0,0.0,500,0.05,0,0,1,0
12474,0.0,0.0,0.0,500,0.05,0,0,1,0
12475,0.0,0.0,0.0,500,0.05,0,0,1,0
12476,0.0,0.0,0.0,500,0.05,0,0,1,0
12477,0.0,0.0,0.0,500,0.05,0,0,1,0
12478,0.0,0.0,0.0,500,0.05,0,0,1,0
12479,0.0,0.0,0.0,500,0.05,0,0,1,0
12480,0.0,0.0,0.0,500,0.05,0,0,1,0
12481,0.0,0.0,0.0,500,0.05,0,0,1,0
12482,0.0,0.0,0.0,500,0.05,0,0,1,0
12483,0.0,0.0,0.0,500,0.05,0,0,1,0
12484,0.0,0.0,0.0,500,0.05,0,0,1,0
12485,0.0,0.0,0.0,500,0.05,0,0,1,0
12486,0.0,0.0,0.0,500,0.05,0,0,1,0
12487,0.0,0.0,0.0,500,0.05,0,0,1,0
12488,0.0,0.0,0.0,500,0.05,0,0,1,0
12489,0.0,0.0,0.0,500,0.05,0,0,1,0
12490,0.0,0.0,0.0,500,0.05,0,0,1,0
12491,0.0,0.0,0.0,500,0.05,0,0,1,0
12492,0.0,0.0,0.0,500,0.05,0,0,1,0
12493,0.0,0.0,0.0,500,0.05,0,0,1,0
12494,0.0,0.0,0.0,500,0.05,0,0,1,0
12495,0.0,0.0,0.0,500,0.05,0,0,1,0
12496,0.0,0.0,0.0,500,0.05,0,0,1,0
12497,0.0,0.0,0.0,500,0.05,0,0,1,0
12498,0.0,0.0,0.0,500,0.05,0,0,1,0
12499,0.0,0.0,0.0,500,0.05,0,0,1,0
12500,0.0,0.0,0.0,500,0.05,0,0,1,0
12501,0.0,0.0,0.0,500,0.05,0,0,1,0
12502,0.0,0.0,0.0,500,0.05,0,0,1,0
12503,0.0,0.0,0.0,500,0.05,0,0,1,0
12504,0.0,0.0,0.0,500,0.05,0,0,1,0
12505,0.0,0.0,0.0,500,0.05,0,0,1,0
12506,0.0,0.0,0.0,500,0.05,0,0,1,0
12507,0.0,0.0,0.0,500,0.05,0,0,1,0
12508,0.0,0.0,0.0,500,0.05,0,0,1,0
12509,0.0,0.0,0.0,500,0.05,0,0,1,0
12510,0.0,0.0,0.0,500,0.05,0,0,1,0
12511,0.0,0.0,0.0,500,0.05,0,0,1,0
12512,0.0,0.0,0.0,500,0.05,0,0,1,0
12513,0.0,0.0,0.0,500,0.05,0,0,1,0
12514,0.0,0.0,0.0,500,0.05,0,0,1,0
12515,0.0,0.0,0.0,500,0.05,0,0,1,0
12516,0.0,0.0,0.0,500,0.05,0,0,1,0
12517,0.0,0.0,0.0,500,0.05,0,0,1,0
12518,0.0,0.0,0.0,500,0.05,0,0,1,0
12519,0.0,0.0,0.0,500,0.05,0,0,1,0
12520,0.0,0.0,0.0,500,0.05,0,0,1,0
12521,0.0,0.0,0.0,500,0.05,0,0,1,0
12522,0.0,0.0,0.0,500,0.05,0,0,1,0
12523,0.0,0.0,0.0,500,0.05,0,0,1,0
12524,0.0,0.0,0.0,500,0.05,0,0,1,0
12525,0.0,0.0,0.0,500,0.05,0,0,1,0
12526,0.0,0.0,0.0,500,0.05,0,0,1,0
12527,0.0,0.0,0.0,500,0.05,0,0,1,0
12528,0.0,0.0,0.0,500,0.05,0,0,1,0
12529,0.0,0.0,0.0,500,0.05,0,0,1,0
12530,0.0,0.0,0.0,500,0.05,0,0,1,0
12531,0.0,0.0,0.0,500,0.05,0,0,1,0
12532,0.0,0.0,0.0,500,0.05,0,0,1,0
12533,0.0,0.0,0.0,500,0.05,0,0,1,0
12534,0.0,0.0,0.0,500,0.05,0,0,1,0
12535,0.0,0.0,0.0,500,0.05,0,0,1,0
12536,0.0,0.0,0.0,500,0.05,0,0,1,0
12537,0.0,0.0,0.0,500,0.05,0,0,1,0
12538,0.0,0.0,0.0,500,0.05,0,0,1,0
12539,0.0,0.0,0.0,500,0.05,0,0,1,0
12540,0.0,0.0,0.0,500,0.05,0,0,1,0
12541,0.0,0.0,0.0,500,0.05,0,0,1,0
12542,0.0,0.0,0.0,500,0.05,0,0,1,0
12543,0.0,0.0,0.0,500,0.05,0,0,1,0
12544,0.0,0.0,0.0,500,0.05,0,0,1,0
12545,0.0,0.0,0.0,500,0.05,0,0,1,0
12546,0.0,0.0,0.0,500,0.05,0,0,1,0
12547,0.0,0.0,0.0,500,0.05,0,0,1,0
12548,0.0,0.0,0.0,500,0.05,0,0,1,0
12549,0.0,0.0,0.0,500,0.05,0,0,1,0
12550,0.0,0.0,0.0,500,0.05,0,0,1,0
12551,0.0,0.0,0.0,500,0.05,0,0,1,0
12552,0.0,0.0,0.0,500,0.05,0,0,1,0
12553,0.0,0.0,0.0,500,0.05,0,0,1,0
12554,0.0,0.0,0.0,500,0.05,0,0,1,0
12555,0.0,0.0,0.0,500,0.05,0,0,1,0
12556,0.0,0.0,0.0,500,0.05,0,0,1,0
12557,0.0,0.0,0.0,500,0.05,0,0,1,0
12558,0.0,0.0,0.0,500,0.05,0,0,1,0
12559,0.0,0.0,0.0,500,0.05,0,0,1,0
12560,0.0,0.0,0.0,500,0.05,0,0,1,0
12561,0.0,0.0,0.0,500,0.05,0,0,1,0
12562,0.0,0.0,0.0,500,0.05,0,0,1,0
12563,0.0,0.0,0.0,500,0.05,0,0,1,0
12564,0.0,0.0,0.0,500,0.05,0,0,1,0
12565,0.0,0.0,0.0,500,0.05,0,0,1,0
12566,0.0,0.0,0.0,500,0.05,0,0,1,0
12567,0.0,0.0,0.0,500,0.05,0,0,1,0
12568,0.0,0.0,0.0,500,0.05,0,0,1,0
12569,0.0,0.0,0.0,500,0.05,0,0,1,0
12570,0.0,0.0,0.0,500,0.05,0,0,1,0
12571,0.0,0.0,0.0,500,0.05,0,0,1,0
12572,0.0,0.0,0.0,500,0.05,0,0,1,0
12573,0.0,0.0,0.0,500,0.05,0,0,1,0
12574,0.0,0.0,0.0,500,0.05,0,0,1,0
12575,0.0,0.0,0.0,500,0.05,0,0,1,0
12576,0.0,0.0,0.0,500,0.05,0,0,1,0
12577,0.0,0.0,0.0,500,0.05,0,0,1,0
12578,0.0,0.0,0.0,500,0.05,0,0,1,0
12579,0.0,0.0,0.0,500,0.05,0,0,1,0
12580,0.0,0.0,0.0,500,0.05,0,0,1,0
12581,0.0,0.0,0.0,500,0.05,0,0,1,0
12582,0.0,0.0,0.0,500,0.05,0,0,1,0
12583,0.0,0.0,0.0,500,0.05,0,0,1,0
12584,0.0,0.0,0.0,500,0.05,0,0,1,0
12585,0.0,0.0,0.0,500,0.05,0,0,1,0
12586,0.0,0.0,0.0,500,0.05,0,0,1,0
12587,0.0,0.0,0.0,500,0.05,0,0,1,0
12588,0.0,0.0,0.0,500,0.05,0,0,1,0
12589,0.0,0.0,0.0,500,0.05,0,0,1,0
12590,0.0,0.0,0.0,500,0.05,0,0,1,0
12591,0.0,0.0,0.0,500,0.05,0,0,1,0
12592,0.0,0.0,0.0,500,0.05,0,0,1,0
12593,0.0,0.0,0.0,500,0.05,0,0,1,0
12594,0.0,0.0,0.0,500,0.05,0,0,1,0
12595,0.0,0.0,0.0,500,0.05,0,0,1,0
12596,0.0,0.0,0.0,500,0.05,0,0,1,0
12597,0.0,0.0,0.0,500,0.05,0,0,1,0
12598,0.0,0.0,0.0,500,0.05,0,0,1,0
12599,0.0,0.0,0.0,500,0.05,0,0,1,0
12600,0.0,0.0,0.0,500,0.05,0,0,1,0
12601,0.0,0.0,0.0,500,0.05,0,0,1,0
12602,0.0,0.0,0.0,500,0.05,0,0,1,0
12603,0.0,0.0,0.0,500,0.05,0,0,1,0
12604,0.0,0.0,0.0,500,0.05,0,0,1,0
12605,0.0,0.0,0.0,500,0.05,0,0,1,0
12606,0.0,0.0,0.0,500,0.05,0,0,1,0
12607,0.0,0.0,0.0,500,0.05,0,0,1,0
12608,0.0,0.0,0.0,500,0.05,0,0,1,0
12609,0.0,0.0,0.0,500,0.05,0,0,1,0
12610,0.0,0.0,0.0,500,0.05,0,0,1,0
12611,0.0,0.0,0.0,500,0.05,0,0,1,0
12612,0.0,0.0,0.0,500,0.05,0,0,1,0
12613,0.0,0.0,0.0,500,0.05,0,0,1,0
12614,0.0,0.0,0.0,500,0.05,0,0,1,0
12615,0.0,0.0,0.0,500,0.05,0,0,1,0
12616,0.0,0.0,0.0,500,0.05,0,0,1,0
12617,0.0,0.0,0.0,500,0.05,0,0,1,0
12618,0.0,0.0,0.0,500,0.05,0,0,1,0
12619,0.0,0.0,0.0,500,0.05,0,0,1,0
12620,0.0,0.0,0.0,500,0.05,0,0,1,0
12621,0.0,0.0,0.0,500,0.05,0,0,1,0
12622,0.0,0.0,0.0,500,0.05,0,0,1,0
12623,0.0,0.0,0.0,500,0.05,0,0,1,0
12624,0.0,0.0,0.0,500,0.05,0,0,1,0
12625,0.0,0.0,0.0,500,0.05,0,0,1,0
12626,0.0,0.0,0.0,500,0.05,0,0,1,0
12627,0.0,0.0,0.0,500,0.05,0,0,1,0
12628,0.0,0.0,0.0,500,0.05,0,0,1,0
12629,0.0,0.0,0.0,500,0.05,0,0,1,0
12630,0.0,0.0,0.0,500,0.05,0,0,1,0
12631,0.0,0.0,0.0,500,0.05,0,0,1,0
12632,0.0,0.0,0.0,500,0.05,0,0,1,0
12633,0.0,0.0,0.0,500,0.05,0,0,1,0
12634,0.0,0.0,0.0,500,0.05,0,0,1,0
12635,0.0,0.0,0.0,500,0.05,0,0,1,0
12636,0.0,0.0,0.0,500,0.05,0,0,1,0
12637,0.0,0.0,0.0,500,0.05,0,0,1,0
12638,0.0,0.0,0.0,500,0.05,0,0,1,0
12639,0.0,0.0,0.0,500,0.05,0,0,1,0
12640,0.0,0.0,0.0,500,0.05,0,0,1,0
12641,0.0,0.0,0.0,500,0.05,0,0,1,0
12642,0.0,0.0,0.0,500,0.05,0,0,1,0
12643,0.0,0.0,0.0,500,0.05,0,0,1,0
12644,0.0,0.0,0.0,500,0.05,0,0,1,0
12645,0.0,0.0,0.0,500,0.05,0,0,1,0
12646,0.0,0.0,0.0,500,0.05,0,0,1,0
12647,0.0,0.0,0.0,500,0.05,0,0,1,0
12648,0.0,0.0,0.0,500,0.05,0,0,1,0
12649,0.0,0.0,0.0,500,0.05,0,0,1,0
12650,0.0,0.0,0.0,500,0.05,0,0,1,0
12651,0.0,0.0,0.0,500,0.05,0,0,1,0
12652,0.0,0.0,0.0,500,0.05,0,0,1,0
12653,0.0,0.0,0.0,500,0.05,0,0,1,0
12654,0.0,0.0,0.0,500,0.05,0,0,1,0
12655,0.0,0.0,0.0,500,0.05,0,0,1,0
12656,0.0,0.0,0.0,500,0.05,0,0,1,0
12657,0.0,0.0,0.0,500,0.05,0,0,1,0
12658,0.0,0.0,0.0,500,0.05,0,0,1,0
12659,0.0,0.0,0.0,500,0.05,0,0,1,0
12660,0.0,0.0,0.0,500,0.05,0,0,1,0
12661,0.0,0.0,0.0,500,0.05,0,0,1,0
12662,0.0,0.0,0.0,500,0.05,0,0,1,0
12663,0.0,0.0,0.0,500,0.05,0,0,1,0
12664,0.0,0.0,0.0,500,0.05,0,0,1,0
12665,0.0,0.0,0.0,500,0.05,0,0,1,0
12666,0.0,0.0,0.0,500,0.05,0,0,1,0
12667,0.0,0.0,0.0,500,0.05,0,0,1,0
12668,0.0,0.0,0.0,500,0.05,0,0,1,0
12669,0.0,0.0,0.0,500,0.05,0,0,1,0
12670,0.0,0.0,0.0,500,0.05,0,0,1,0
12671,0.0,0.0,0.0,500,0.05,0,0,1,0
12672,0.0,0.0,0.0,500,0.05,0,0,1,0
12673,0.0,0.0,0.0,500,0.05,0,0,1,0
12674,0.0,0.0,0.0,500,0.05,0,0,1,0
12675,0.0,0.0,0.0,500,0.05,0,0,1,0
12676,0.0,0.0,0.0,500,0.05,0,0,1,0
12677,0.0,0.0,0.0,500,0.05,0,0,1,0
12678,0.0,0.0,0.0,500,0.05,0,0,1,0
12679,0.0,0.0,0.0,500,0.05,0,0,1,0
12680,0.0,0.0,0.0,500,0.05,0,0,1,0
12681,0.0,0.0,0.0,500,0.05,0,0,1,0
12682,0.0,0.0,0.0,500,0.05,0,0,1,0
12683,0.0,0.0,0.0,500,0.05,0,0,1,0
12684,0.0,0.0,0.0,500,0.05,0,0,1,0
12685,0.0,0.0,0.0,500,0.05,0,0,1,0
12686,0.0,0.0,0.0,500,0.05,0,0,1,0
12687,0.0,0.0,0.0,500,0.05,0,0,1,0
12688,0.0,0.0,0.0,500,0.05,0,0,1,0
12689,0.0,0.0,0.0,500,0.05,0,0,1,0
12690,0.0,0.0,0.0,500,0.05,0,0,1,0
12691,0.0,0.0,0.0,500,0.05,0,0,1,0
12692,0.0,0.0,0.0,500,0.05,0,0,1,0
12693,0.0,0.0,0.0,500,0.05,0,0,1,0
12694,0.0,0.0,0.0,500,0.05,0,0,1,0
12695,0.0,0.0,0.0,500,0.05,0,0,1,0
12696,0.0,0.0,0.0,500,0.05,0,0,1,0
12697,0.0,0.0,0.0,500,0.05,0,0,1,0
12698,0.0,0.0,0.0,500,0.05,0,0,1,0
12699,0.0,0.0,0.0,500,0.05,0,0,1,0
12700,0.0,0.0,0.0,500,0.05,0,0,1,0
12701,0.0,0.0,0.0,500,0.05,0,0,1,0
12702,0.0,0.0,0.0,500,0.05,0,0,1,0
12703,0.0,0.0,0.0,500,0.05,0,0,1,0
12704,0.0,0.0,0.0,500,0.05,0,0,1,0
12705,0.0,0.0,0.0,500,0.05,0,0,1,0
12706,0.0,0.0,0.0,500,0.05,0,0,1,0
12707,0.0,0.0,0.0,500,0.05,0,0,1,0
12708,0.0,0.0,0.0,500,0.05,0,0,1,0
12709,0.0,0.0,0.0,500,0.05,0,0,1,0
12710,0.0,0.0,0.0,500,0.05,0,0,1,0
12711,0.0,0.0,0.0,500,0.05,0,0,1,0
12712,0.0,0.0,0.0,500,0.05,0,0,1,0
12713,0.0,0.0,0.0,500,0.05,0,0,1,0
12714,0.0,0.0,0.0,500,0.05,0,0,1,0
12715,0.0,0.0,0.0,500,0.05,0,0,1,0
12716,0.0,0.0,0.0,500,0.05,0,0,1,0
12717,0.0,0.0,0.0,500,0.05,0,0,1,0
12718,0.0,0.0,0.0,500,0.05,0,0,1,0
12719,0.0,0.0,0.0,500,0.05,0,0,1,0
12720,0.0,0.0,0.0,500,0.05,0,0,1,0
12721,0.0,0.0,0.0,500,0.05,0,0,1,0
12722,0.0,0.0,0.0,500,0.05,0,0,1,0
12723,0.0,0.0,0.0,500,0.05,0,0,1,0
12724,0.0,0.0,0.0,500,0.05,0,0,1,0
12725,0.0,0.0,0.0,500,0.05,0,0,1,0
12726,0.0,0.0,0.0,500,0.05,0,0,1,0
12727,0.0,0.0,0.0,500,0.05,0,0,1,0
12728,0.0,0.0,0.0,500,0.05,0,0,1,0
12729,0.0,0.0,0.0,500,0.05,0,0,1,0
12730,0.0,0.0,0.0,500,0.05,0,0,1,0
12731,0.0,0.0,0.0,500,0.05,0,0,1,0
12732,0.0,0.0,0.0,500,0.05,0,0,1,0
12733,0.0,0.0,0.0,500,0.05,0,0,1,0
12734,0.0,0.0,0.0,500,0.05,0,0,1,0
12735,0.0,0.0,0.0,500,0.05,0,0,1,0
12736,0.0,0.0,0.0,500,0.05,0,0,1,0
12737,0.0,0.0,0.0,500,0.05,0,0,1,0
12738,0.0,0.0,0.0,500,0.05,0,0,1,0
12739,0.0,0.0,0.0,500,0.05,0,0,1,0
12740,0.0,0.0,0.0,500,0.05,0,0,1,0
12741,0.0,0.0,0.0,500,0.05,0,0,1,0
12742,0.0,0.0,0.0,500,0.05,0,0,1,0
12743,0.0,0.0,0.0,500,0.05,0,0,1,0
12744,0.0,0.0,0.0,500,0.05,0,0,1,0
12745,0.0,0.0,0.0,500,0.05,0,0,1,0
12746,0.0,0.0,0.0,500,0.05,0,0,1,0
12747,0.0,0.0,0.0,500,0.05,0,0,1,0
12748,0.0,0.0,0.0,500,0.05,0,0,1,0
12749,0.0,0.0,0.0,500,0.05,0,0,1,0
12750,0.0,0.0,0.0,500,0.05,0,0,1,0
12751,0.0,0.0,0.0,500,0.05,0,0,1,0
12752,0.0,0.0,0.0,500,0.05,0,0,1,0
12753,0.0,0.0,0.0,500,0.05,0,0,1,0
12754,0.0,0.0,0.0,500,0.05,0,0,1,0
12755,0.0,0.0,0.0,500,0.05,0,0,1,0
12756,0.0,0.0,0.0,500,0.05,0,0,1,0
12757,0.0,0.0,0.0,500,0.05,0,0,1,0
12758,0.0,0.0,0.0,500,0.05,0,0,1,0
12759,0.0,0.0,0.0,500,0.05,0,0,1,0
12760,0.0,0.0,0.0,500,0.05,0,0,1,0
12761,0.0,0.0,0.0,500,0.05,0,0,1,0
12762,0.0,0.0,0.0,500,0.05,0,0,1,0
12763,0.0,0.0,0.0,500,0.05,0,0,1,0
12764,0.0,0.0,0.0,500,0.05,0,0,1,0
12765,0.0,0.0,0.0,500,0.05,0,0,1,0
12766,0.0,0.0,0.0,500,0.05,0,0,1,0
12767,0.0,0.0,0.0,500,0.05,0,0,1,0
12768,0.0,0.0,0.0,500,0.05,0,0,1,0
12769,0.0,0.0,0.0,500,0.05,0,0,1,0
12770,0.0,0.0,0.0,500,0.05,0,0,1,0
12771,0.0,0.0,0.0,500,0.05,0,0,1,0
12772,0.0,0.0,0.0,500,0.05,0,0,1,0
12773,0.0,0.0,0.0,500,0.05,0,0,1,0
12774,0.0,0.0,0.0,500,0.05,0,0,1,0
12775,0.0,0.0,0.0,500,0.05,0,0,1,0
12776,0.0,0.0,0.0,500,0.05,0,0,1,0
12777,0.0,0.0,0.0,500,0.05,0,0,1,0
12778,0.0,0.0,0.0,500,0.05,0,0,1,0
12779,0.0,0.0,0.0,500,0.05,0,0,1,0
12780,0.0,0.0,0.0,500,0.05,0,0,1,0
12781,0.0,0.0,0.0,500,0.05,0,0,1,0
12782,0.0,0.0,0.0,500,0.05,0,0,1,0
12783,0.0,0.0,0.0,500,0.05,0,0,1,0
12784,0.0,0.0,0.0,500,0.05,0,0,1,0
12785,0.0,0.0,0.0,500,0.05,0,0,1,0
12786,0.0,0.0,0.0,500,0.05,0,0,1,0
12787,0.0,0.0,0.0,500,0.05,0,0,1,0
12788,0.0,0.0,0.0,500,0.05,0,0,1,0
12789,0.0,0.0,0.0,500,0.05,0,0,1,0
12790,0.0,0.0,0.0,500,0.05,0,0,1,0
12791,0.0,0.0,0.0,500,0.05,0,0,1,0
12792,0.0,0.0,0.0,500,0.05,0,0,1,0
12793,0.0,0.0,0.0,500,0.05,0,0,1,0
12794,0.0,0.0,0.0,500,0.05,0,0,1,0
12795,0.0,0.0,0.0,500,0.05,0,0,1,0
12796,0.0,0.0,0.0,500,0.05,0,0,1,0
12797,0.0,0.0,0.0,500,0.05,0,0,1,0
12798,0.0,0.0,0.0,500,0.05,0,0,1,0
12799,0.0,0.0,0.0,500,0.05,0,0,1,0
12800,0.0,0.0,0.0,500,0.05,0,0,1,0
12801,0.0,0.0,0.0,500,0.05,0,0,1,0
12802,0.0,0.0,0.0,500,0.05,0,0,1,0
12803,0.0,0.0,0.0,500,0.05,0,0,1,0
12804,0.0,0.0,0.0,500,0.05,0,0,1,0
12805,0.0,0.0,0.0,500,0.05,0,0,1,0
12806,0.0,0.0,0.0,500,0.05,0,0,1,0
12807,0.0,0.0,0.0,500,0.05,0,0,1,0
12808,0.0,0.0,0.0,500,0.05,0,0,1,0
12809,0.0,0.0,0.0,500,0.05,0,0,1,0
12810,0.0,0.0,0.0,500,0.05,0,0,1,0
12811,0.0,0.0,0.0,500,0.05,0,0,1,0
12812,0.0,0.0,0.0,500,0.05,0,0,1,0
12813,0.0,0.0,0.0,500,0.05,0,0,1,0
12814,0.0,0.0,0.0,500,0.05,0,0,1,0
12815,0.0,0.0,0.0,500,0.05,0,0,1,0
12816,0.0,0.0,0.0,500,0.05,0,0,1,0
12817,0.0,0.0,0.0,500,0.05,0,0,1,0
12818,0.0,0.0,0.0,500,0.05,0,0,1,0
12819,0.0,0.0,0.0,500,0.05,0,0,1,0
12820,0.0,0.0,0.0,500,0.05,0,0,1,0
12821,0.0,0.0,0.0,500,0.05,0,0,1,0
12822,0.0,0.0,0.0,500,0.05,0,0,1,0
12823,0.0,0.0,0.0,500,0.05,0,0,1,0
12824,0.0,0.0,0.0,500,0.05,0,0,1,0
12825,0.0,0.0,0.0,500,0.05,0,0,1,0
12826,0.0,0.0,0.0,500,0.05,0,0,1,0
12827,0.0,0.0,0.0,500,0.05,0,0,1,0
12828,0.0,0.0,0.0,500,0.05,0,0,1,0
12829,0.0,0.0,0.0,500,0.05,0,0,1,0
12830,0.0,0.0,0.0,500,0.05,0,0,1,0
12831,0.0,0.0,0.0,500,0.05,0,0,1,0
12832,0.0,0.0,0.0,500,0.05,0,0,1,0
12833,0.0,0.0,0.0,500,0.05,0,0,1,0
12834,0.0,0.0,0.0,500,0.05,0,0,1,0
12835,0.0,0.0,0.0,500,0.05,0,0,1,0
12836,0.0,0.0,0.0,500,0.05,0,0,1,0
12837,0.0,0.0,0.0,500,0.05,0,0,1,0
12838,0.0,0.0,0.0,500,0.05,0,0,1,0
12839,0.0,0.0,0.0,500,0.05,0,0,1,0
12840,0.0,0.0,0.0,500,0.05,0,0,1,0
12841,0.0,0.0,0.0,500,0.05,0,0,1,0
12842,0.0,0.0,0.0,500,0.05,0,0,1,0
12843,0.0,0.0,0.0,500,0.05,0,0,1,0
12844,0.0,0.0,0.0,500,0.05,0,0,1,0
12845,0.0,0.0,0.0,500,0.05,0,0,1,0
12846,0.0,0.0,0.0,500,0.05,0,0,1,0
12847,0.0,0.0,0.0,500,0.05,0,0,1,0
12848,0.0,0.0,0.0,500,0.05,0,0,1,0
12849,0.0,0.0,0.0,500,0.05,0,0,1,0
12850,0.0,0.0,0.0,500,0.05,0,0,1,0
12851,0.0,0.0,0.0,500,0.05,0,0,1,0
12852,0.0,0.0,0.0,500,0.05,0,0,1,0
12853,0.0,0.0,0.0,500,0.05,0,0,1,0
12854,0.0,0.0,0.0,500,0.05,0,0,1,0
12855,0.0,0.0,0.0,500,0.05,0,0,1,0
12856,0.0,0.0,0.0,500,0.05,0,0,1,0
12857,0.0,0.0,0.0,500,0.05,0,0,1,0
12858,0.0,0.0,0.0,500,0.05,0,0,1,0
12859,0.0,0.0,0.0,500,0.05,0,0,1,0
12860,0.0,0.0,0.0,500,0.05,0,0,1,0
12861,0.0,0.0,0.0,500,0.05,0,0,1,0
12862,0.0,0.0,0.0,500,0.05,0,0,1,0
12863,0.0,0.0,0.0,500,0.05,0,0,1,0
12864,0.0,0.0,0.0,500,0.05,0,0,1,0
12865,0.0,0.0,0.0,500,0.05,0,0,1,0
12866,0.0,0.0,0.0,500,0.05,0,0,1,0
12867,0.0,0.0,0.0,500,0.05,0,0,1,0
12868,0.0,0.0,0.0,500,0.05,0,0,1,0
12869,0.0,0.0,0.0,500,0.05,0,0,1,0
12870,0.0,0.0,0.0,500,0.05,0,0,1,0
12871,0.0,0.0,0.0,500,0.05,0,0,1,0
12872,0.0,0.0,0.0,500,0.05,0,0,1,0
12873,0.0,0.0,0.0,500,0.05,0,0,1,0
12874,0.0,0.0,0.0,500,0.05,0,0,1,0
12875,0.0,0.0,0.0,500,0.05,0,0,1,0
12876,0.0,0.0,0.0,500,0.05,0,0,1,0
12877,0.0,0.0,0.0,500,0.05,0,0,1,0
12878,0.0,0.0,0.0,500,0.05,0,0,1,0
12879,0.0,0.0,0.0,500,0.05,0,0,1,0
12880,0.0,0.0,0.0,500,0.05,0,0,1,0
12881,0.0,0.0,0.0,500,0.05,0,0,1,0
12882,0.0,0.0,0.0,500,0.05,0,0,1,0
12883,0.0,0.0,0.0,500,0.05,0,0,1,0
12884,0.0,0.0,0.0,500,0.05,0,0,1,0
12885,0.0,0.0,0.0,500,0.05,0,0,1,0
12886,0.0,0.0,0.0,500,0.05,0,0,1,0
12887,0.0,0.0,0.0,500,0.05,0,0,1,0
12888,0.0,0.0,0.0,500,0.05,0,0,1,0
12889,0.0,0.0,0.0,500,0.05,0,0,1,0
12890,0.0,0.0,0.0,500,0.05,0,0,1,0
12891,0.0,0.0,0.0,500,0.05,0,0,1,0
12892,0.0,0.0,0.0,500,0.05,0,0,1,0
12893,0.0,0.0,0.0,500,0.05,0,0,1,0
12894,0.0,0.0,0.0,500,0.05,0,0,1,0
12895,0.0,0.0,0.0,500,0.05,0,0,1,0
12896,0.0,0.0,0.0,500,0.05,0,0,1,0
12897,0.0,0.0,0.0,500,0.05,0,0,1,0
12898,0.0,0.0,0.0,500,0.05,0,0,1,0
12899,0.0,0.0,0.0,500,0.05,0,0,1,0
12900,0.0,0.0,0.0,500,0.05,0,0,1,0
12901,0.0,0.0,0.0,500,0.05,0,0,1,0
12902,0.0,0.0,0.0,500,0.05,0,0,1,0
12903,0.0,0.0,0.0,500,0.05,0,0,1,0
12904,0.0,0.0,0.0,500,0.05,0,0,1,0
12905,0.0,0.0,0.0,500,0.05,0,0,1,0
12906,0.0,0.0,0.0,500,0.05,0,0,1,0
12907,0.0,0.0,0.0,500,0.05,0,0,1,0
12908,0.0,0.0,0.0,500,0.05,0,0,1,0
12909,0.0,0.0,0.0,500,0.05,0,0,1,0
12910,0.0,0.0,0.0,500,0.05,0,0,1,0
12911,0.0,0.0,0.0,500,0.05,0,0,1,0
12912,0.0,0.0,0.0,500,0.05,0,0,1,0
12913,0.0,0.0,0.0,500,0.05,0,0,1,0
12914,0.0,0.0,0.0,500,0.05,0,0,1,0
12915,0.0,0.0,0.0,500,0.05,0,0,1,0
12916,0.0,0.0,0.0,500,0.05,0,0,1,0
12917,0.0,0.0,0.0,500,0.05,0,0,1,0
12918,0.0,0.0,0.0,500,0.05,0,0,1,0
12919,0.0,0.0,0.0,500,0.05,0,0,1,0
12920,0.0,0.0,0.0,500,0.05,0,0,1,0
12921,0.0,0.0,0.0,500,0.05,0,0,1,0
12922,0.0,0.0,0.0,500,0.05,0,0,1,0
12923,0.0,0.0,0.0,500,0.05,0,0,1,0
12924,0.0,0.0,0.0,500,0.05,0,0,1,0
12925,0.0,0.0,0.0,500,0.05,0,0,1,0
12926,0.0,0.0,0.0,500,0.05,0,0,1,0
12927,0.0,0.0,0.0,500,0.05,0,0,1,0
12928,0.0,0.0,0.0,500,0.05,0,0,1,0
12929,0.0,0.0,0.0,500,0.05,0,0,1,0
12930,0.0,0.0,0.0,500,0.05,0,0,1,0
12931,0.0,0.0,0.0,500,0.05,0,0,1,0
12932,0.0,0.0,0.0,500,0.05,0,0,1,0
12933,0.0,0.0,0.0,500,0.05,0,0,1,0
12934,0.0,0.0,0.0,500,0.05,0,0,1,0
12935,0.0,0.0,0.0,500,0.05,0,0,1,0
12936,0.0,0.0,0.0,500,0.05,0,0,1,0
12937,0.0,0.0,0.0,500,0.05,0,0,1,0
12938,0.0,0.0,0.0,500,0.05,0,0,1,0
12939,0.0,0.0,0.0,500,0.05,0,0,1,0
12940,0.0,0.0,0.0,500,0.05,0,0,1,0
12941,0.0,0.0,0.0,500,0.05,0,0,1,0
12942,0.0,0.0,0.0,500,0.05,0,0,1,0
12943,0.0,0.0,0.0,500,0.05,0,0,1,0
12944,0.0,0.0,0.0,500,0.05,0,0,1,0
12945,0.0,0.0,0.0,500,0.05,0,0,1,0
12946,0.0,0.0,0.0,500,0.05,0,0,1,0
12947,0.0,0.0,0.0,500,0.05,0,0,1,0
12948,0.0,0.0,0.0,500,0.05,0,0,1,0
12949,0.0,0.0,0.0,500,0.05,0,0,1,0
12950,0.0,0.0,0.0,500,0.05,0,0,1,0
12951,0.0,0.0,0.0,500,0.05,0,0,1,0
12952,0.0,0.0,0.0,500,0.05,0,0,1,0
12953,0.0,0.0,0.0,500,0.05,0,0,1,0
12954,0.0,0.0,0.0,500,0.05,0,0,1,0
12955,0.0,0.0,0.0,500,0.05,0,0,1,0
12956,0.0,0.0,0.0,500,0.05,0,0,1,0
12957,0.0,0.0,0.0,500,0.05,0,0,1,0
12958,0.0,0.0,0.0,500,0.05,0,0,1,0
12959,0.0,0.0,0.0,500,0.05,0,0,1,0
12960,0.0,0.0,0.0,500,0.05,0,0,1,0
12961,0.0,0.0,0.0,500,0.05,0,0,1,0
12962,0.0,0.0,0.0,500,0.05,0,0,1,0
12963,0.0,0.0,0.0,500,0.05,0,0,1,0
12964,0.0,0.0,0.0,500,0.05,0,0,1,0
12965,0.0,0.0,0.0,500,0.05,0,0,1,0
12966,0.0,0.0,0.0,500,0.05,0,0,1,0
12967,0.0,0.0,0.0,500,0.05,0,0,1,0
12968,0.0,0.0,0.0,500,0.05,0,0,1,0
12969,0.0,0.0,0.0,500,0.05,0,0,1,0
12970,0.0,0.0,0.0,500,0.05,0,0,1,0
12971,0.0,0.0,0.0,500,0.05,0,0,1,0
12972,0.0,0.0,0.0,500,0.05,0,0,1,0
12973,0.0,0.0,0.0,500,0.05,0,0,1,0
12974,0.0,0.0,0.0,500,0.05,0,0,1,0
12975,0.0,0.0,0.0,500,0.05,0,0,1,0
12976,0.0,0.0,0.0,500,0.05,0,0,1,0
12977,0.0,0.0,0.0,500,0.05,0,0,1,0
12978,0.0,0.0,0.0,500,0.05,0,0,1,0
12979,0.0,0.0,0.0,500,0.05,0,0,1,0
12980,0.0,0.0,0.0,500,0.05,0,0,1,0
12981,0.0,0.0,0.0,500,0.05,0,0,1,0
12982,0.0,0.0,0.0,500,0.05,0,0,1,0
12983,0.0,0.0,0.0,500,0.05,0,0,1,0
12984,0.0,0.0,0.0,500,0.05,0,0,1,0
12985,0.0,0.0,0.0,500,0.05,0,0,1,0
12986,0.0,0.0,0.0,500,0.05,0,0,1,0
12987,0.0,0.0,0.0,500,0.05,0,0,1,0
12988,0.0,0.0,0.0,500,0.05,0,0,1,0
12989,0.0,0.0,0.0,500,0.05,0,0,1,0
12990,0.0,0.0,0.0,500,0.05,0,0,1,0
12991,0.0,0.0,0.0,500,0.05,0,0,1,0
12992,0.0,0.0,0.0,500,0.05,0,0,1,0
12993,0.0,0.0,0.0,500,0.05,0,0,1,0
12994,0.0,0.0,0.0,500,0.05,0,0,1,0
12995,0.0,0.0,0.0,500,0.05,0,0,1,0
12996,0.0,0.0,0.0,500,0.05,0,0,1,0
12997,0.0,0.0,0.0,500,0.05,0,0,1,0
12998,0.0,0.0,0.0,500,0.05,0,0,1,0
12999,0.0,0.0,0.0,500,0.05,0,0,1,0
13000,0.0,0.0,0.0,500,0.05,0,0,1,0
13001,0.0,0.0,0.0,500,0.05,0,0,1,0
13002,0.0,0.0,0.0,500,0.05,0,0,1,0
13003,0.0,0.0,0.0,500,0.05,0,0,1,0
13004,0.0,0.0,0.0,500,0.05,0,0,1,0
13005,0.0,0.0,0.0,500,0.05,0,0,1,0
13006,0.0,0.0,0.0,500,0.05,0,0,1,0
13007,0.0,0.0,0.0,500,0.05,0,0,1,0
13008,0.0,0.0,0.0,500,0.05,0,0,1,0
13009,0.0,0.0,0.0,500,0.05,0,0,1,0
13010,0.0,0.0,0.0,500,0.05,0,0,1,0
13011,0.0,0.0,0.0,500,0.05,0,0,1,0
13012,0.0,0.0,0.0,500,0.05,0,0,1,0
13013,0.0,0.0,0.0,500,0.05,0,0,1,0
13014,0.0,0.0,0.0,500,0.05,0,0,1,0
13015,0.0,0.0,0.0,500,0.05,0,0,1,0
13016,0.0,0.0,0.0,500,0.05,0,0,1,0
13017,0.0,0.0,0.0,500,0.05,0,0,1,0
13018,0.0,0.0,0.0,500,0.05,0,0,1,0
13019,0.0,0.0,0.0,500,0.05,0,0,1,0
13020,0.0,0.0,0.0,500,0.05,0,0,1,0
13021,0.0,0.0,0.0,500,0.05,0,0,1,0
13022,0.0,0.0,0.0,500,0.05,0,0,1,0
13023,0.0,0.0,0.0,500,0.05,0,0,1,0
13024,0.0,0.0,0.0,500,0.05,0,0,1,0
13025,0.0,0.0,0.0,500,0.05,0,0,1,0
13026,0.0,0.0,0.0,500,0.05,0,0,1,0
13027,0.0,0.0,0.0,500,0.05,0,0,1,0
13028,0.0,0.0,0.0,500,0.05,0,0,1,0
13029,0.0,0.0,0.0,500,0.05,0,0,1,0
13030,0.0,0.0,0.0,500,0.05,0,0,1,0
13031,0.0,0.0,0.0,500,0.05,0,0,1,0
13032,0.0,0.0,0.0,500,0.05,0,0,1,0
13033,0.0,0.0,0.0,500,0.05,0,0,1,0
13034,0.0,0.0,0.0,500,0.05,0,0,1,0
13035,0.0,0.0,0.0,500,0.05,0,0,1,0
13036,0.0,0.0,0.0,500,0.05,0,0,1,0
13037,0.0,0.0,0.0,500,0.05,0,0,1,0
13038,0.0,0.0,0.0,500,0.05,0,0,1,0
13039,0.0,0.0,0.0,500,0.05,0,0,1,0
13040,0.0,0.0,0.0,500,0.05,0,0,1,0
13041,0.0,0.0,0.0,500,0.05,0,0,1,0
13042,0.0,0.0,0.0,500,0.05,0,0,1,0
13043,0.0,0.0,0.0,500,0.05,0,0,1,0
13044,0.0,0.0,0.0,500,0.05,0,0,1,0
13045,0.0,0.0,0.0,500,0.05,0,0,1,0
13046,0.0,0.0,0.0,500,0.05,0,0,1,0
13047,0.0,0.0,0.0,500,0.05,0,0,1,0
13048,0.0,0.0,0.0,500,0.05,0,0,1,0
13049,0.0,0.0,0.0,500,0.05,0,0,1,0
13050,0.0,0.0,0.0,500,0.05,0,0,1,0
13051,0.0,0.0,0.0,500,0.05,0,0,1,0
13052,0.0,0.0,0.0,500,0.05,0,0,1,0
13053,0.0,0.0,0.0,500,0.05,0,0,1,0
13054,0.0,0.0,0.0,500,0.05,0,0,1,0
13055,0.0,0.0,0.0,500,0.05,0,0,1,0
13056,0.0,0.0,0.0,500,0.05,0,0,1,0
13057,0.0,0.0,0.0,500,0.05,0,0,1,0
13058,0.0,0.0,0.0,500,0.05,0,0,1,0
13059,0.0,0.0,0.0,500,0.05,0,0,1,0
13060,0.0,0.0,0.0,500,0.05,0,0,1,0
13061,0.0,0.0,0.0,500,0.05,0,0,1,0
13062,0.0,0.0,0.0,500,0.05,0,0,1,0
13063,0.0,0.0,0.0,500,0.05,0,0,1,0
13064,0.0,0.0,0.0,500,0.05,0,0,1,0
13065,0.0,0.0,0.0,500,0.05,0,0,1,0
13066,0.0,0.0,0.0,500,0.05,0,0,1,0
13067,0.0,0.0,0.0,500,0.05,0,0,1,0
13068,0.0,0.0,0.0,500,0.05,0,0,1,0
13069,0.0,0.0,0.0,500,0.05,0,0,1,0
13070,0.0,0.0,0.0,500,0.05,0,0,1,0
13071,0.0,0.0,0.0,500,0.05,0,0,1,0
13072,0.0,0.0,0.0,500,0.05,0,0,1,0
13073,0.0,0.0,0.0,500,0.05,0,0,1,0
13074,0.0,0.0,0.0,500,0.05,0,0,1,0
13075,0.0,0.0,0.0,500,0.05,0,0,1,0
13076,0.0,0.0,0.0,500,0.05,0,0,1,0
13077,0.0,0.0,0.0,500,0.05,0,0,1,0
13078,0.0,0.0,0.0,500,0.05,0,0,1,0
13079,0.0,0.0,0.0,500,0.05,0,0,1,0
13080,0.0,0.0,0.0,500,0.05,0,0,1,0
13081,0.0,0.0,0.0,500,0.05,0,0,1,0
13082,0.0,0.0,0.0,500,0.05,0,0,1,0
13083,0.0,0.0,0.0,500,0.05,0,0,1,0
13084,0.0,0.0,0.0,500,0.05,0,0,1,0
13085,0.0,0.0,0.0,500,0.05,0,0,1,0
13086,0.0,0.0,0.0,500,0.05,0,0,1,0
13087,0.0,0.0,0.0,500,0.05,0,0,1,0
13088,0.0,0.0,0.0,500,0.05,0,0,1,0
13089,0.0,0.0,0.0,500,0.05,0,0,1,0
13090,0.0,0.0,0.0,500,0.05,0,0,1,0
13091,0.0,0.0,0.0,500,0.05,0,0,1,0
13092,0.0,0.0,0.0,500,0.05,0,0,1,0
13093,0.0,0.0,0.0,500,0.05,0,0,1,0
13094,0.0,0.0,0.0,500,0.05,0,0,1,0
13095,0.0,0.0,0.0,500,0.05,0,0,1,0
13096,0.0,0.0,0.0,500,0.05,0,0,1,0
13097,0.0,0.0,0.0,500,0.05,0,0,1,0
13098,0.0,0.0,0.0,500,0.05,0,0,1,0
13099,0.0,0.0,0.0,500,0.05,0,0,1,0
13100,0.0,0.0,0.0,500,0.05,0,0,1,0
13101,0.0,0.0,0.0,500,0.05,0,0,1,0
13102,0.0,0.0,0.0,500,0.05,0,0,1,0
13103,0.0,0.0,0.0,500,0.05,0,0,1,0
13104,0.0,0.0,0.0,500,0.05,0,0,1,0
13105,0.0,0.0,0.0,500,0.05,0,0,1,0
13106,0.0,0.0,0.0,500,0.05,0,0,1,0
13107,0.0,0.0,0.0,500,0.05,0,0,1,0
13108,0.0,0.0,0.0,500,0.05,0,0,1,0
13109,0.0,0.0,0.0,500,0.05,0,0,1,0
13110,0.0,0.0,0.0,500,0.05,0,0,1,0
13111,0.0,0.0,0.0,500,0.05,0,0,1,0
13112,0.0,0.0,0.0,500,0.05,0,0,1,0
13113,0.0,0.0,0.0,500,0.05,0,0,1,0
13114,0.0,0.0,0.0,500,0.05,0,0,1,0
13115,0.0,0.0,0.0,500,0.05,0,0,1,0
13116,0.0,0.0,0.0,500,0.05,0,0,1,0
13117,0.0,0.0,0.0,500,0.05,0,0,1,0
13118,0.0,0.0,0.0,500,0.05,0,0,1,0
13119,0.0,0.0,0.0,500,0.05,0,0,1,0
13120,0.0,0.0,0.0,500,0.05,0,0,1,0
13121,0.0,0.0,0.0,500,0.05,0,0,1,0
13122,0.0,0.0,0.0,500,0.05,0,0,1,0
13123,0.0,0.0,0.0,500,0.05,0,0,1,0
13124,0.0,0.0,0.0,500,0.05,0,0,1,0
13125,0.0,0.0,0.0,500,0.05,0,0,1,0
13126,0.0,0.0,0.0,500,0.05,0,0,1,0
13127,0.0,0.0,0.0,500,0.05,0,0,1,0
13128,0.0,0.0,0.0,500,0.05,0,0,1,0
13129,0.0,0.0,0.0,500,0.05,0,0,1,0
13130,0.0,0.0,0.0,500,0.05,0,0,1,0
13131,0.0,0.0,0.0,500,0.05,0,0,1,0
13132,0.0,0.0,0.0,500,0.05,0,0,1,0
13133,0.0,0.0,0.0,500,0.05,0,0,1,0
13134,0.0,0.0,0.0,500,0.05,0,0,1,0
13135,0.0,0.0,0.0,500,0.05,0,0,1,0
13136,0.0,0.0,0.0,500,0.05,0,0,1,0
13137,0.0,0.0,0.0,500,0.05,0,0,1,0
13138,0.0,0.0,0.0,500,0.05,0,0,1,0
13139,0.0,0.0,0.0,500,0.05,0,0,1,0
13140,0.0,0.0,0.0,500,0.05,0,0,1,0
13141,0.0,0.0,0.0,500,0.05,0,0,1,0
13142,0.0,0.0,0.0,500,0.05,0,0,1,0
13143,0.0,0.0,0.0,500,0.05,0,0,1,0
13144,0.0,0.0,0.0,500,0.05,0,0,1,0
13145,0.0,0.0,0.0,500,0.05,0,0,1,0
13146,0.0,0.0,0.0,500,0.05,0,0,1,0
13147,0.0,0.0,0.0,500,0.05,0,0,1,0
13148,0.0,0.0,0.0,500,0.05,0,0,1,0
13149,0.0,0.0,0.0,500,0.05,0,0,1,0
13150,0.0,0.0,0.0,500,0.05,0,0,1,0
13151,0.0,0.0,0.0,500,0.05,0,0,1,0
13152,0.0,0.0,0.0,500,0.05,0,0,1,0
13153,0.0,0.0,0.0,500,0.05,0,0,1,0
13154,0.0,0.0,0.0,500,0.05,0,0,1,0
13155,0.0,0.0,0.0,500,0.05,0,0,1,0
13156,0.0,0.0,0.0,500,0.05,0,0,1,0
13157,0.0,0.0,0.0,500,0.05,0,0,1,0
13158,0.0,0.0,0.0,500,0.05,0,0,1,0
13159,0.0,0.0,0.0,500,0.05,0,0,1,0
13160,0.0,0.0,0.0,500,0.05,0,0,1,0
13161,0.0,0.0,0.0,500,0.05,0,0,1,0
13162,0.0,0.0,0.0,500,0.05,0,0,1,0
13163,0.0,0.0,0.0,500,0.05,0,0,1,0
13164,0.0,0.0,0.0,500,0.05,0,0,1,0
13165,0.0,0.0,0.0,500,0.05,0,0,1,0
13166,0.0,0.0,0.0,500,0.05,0,0,1,0
13167,0.0,0.0,0.0,500,0.05,0,0,1,0
13168,0.0,0.0,0.0,500,0.05,0,0,1,0
13169,0.0,0.0,0.0,500,0.05,0,0,1,0
13170,0.0,0.0,0.0,500,0.05,0,0,1,0
13171,0.0,0.0,0.0,500,0.05,0,0,1,0
13172,0.0,0.0,0.0,500,0.05,0,0,1,0
13173,0.0,0.0,0.0,500,0.05,0,0,1,0
13174,0.0,0.0,0.0,500,0.05,0,0,1,0
13175,0.0,0.0,0.0,500,0.05,0,0,1,0
13176,0.0,0.0,0.0,500,0.05,0,0,1,0
13177,0.0,0.0,0.0,500,0.05,0,0,1,0
13178,0.0,0.0,0.0,500,0.05,0,0,1,0
13179,0.0,0.0,0.0,500,0.05,0,0,1,0
13180,0.0,0.0,0.0,500,0.05,0,0,1,0
13181,0.0,0.0,0.0,500,0.05,0,0,1,0
13182,0.0,0.0,0.0,500,0.05,0,0,1,0
13183,0.0,0.0,0.0,500,0.05,0,0,1,0
13184,0.0,0.0,0.0,500,0.05,0,0,1,0
13185,0.0,0.0,0.0,500,0.05,0,0,1,0
13186,0.0,0.0,0.0,500,0.05,0,0,1,0
13187,0.0,0.0,0.0,500,0.05,0,0,1,0
13188,0.0,0.0,0.0,500,0.05,0,0,1,0
13189,0.0,0.0,0.0,500,0.05,0,0,1,0
13190,0.0,0.0,0.0,500,0.05,0,0,1,0
13191,0.0,0.0,0.0,500,0.05,0,0,1,0
13192,0.0,0.0,0.0,500,0.05,0,0,1,0
13193,0.0,0.0,0.0,500,0.05,0,0,1,0
13194,0.0,0.0,0.0,500,0.05,0,0,1,0
13195,0.0,0.0,0.0,500,0.05,0,0,1,0
13196,0.0,0.0,0.0,500,0.05,0,0,1,0
13197,0.0,0.0,0.0,500,0.05,0,0,1,0
13198,0.0,0.0,0.0,500,0.05,0,0,1,0
13199,0.0,0.0,0.0,500,0.05,0,0,1,0
13200,0.0,0.0,0.0,500,0.05,0,0,1,0
13201,0.0,0.0,0.0,500,0.05,0,0,1,0
13202,0.0,0.0,0.0,500,0.05,0,0,1,0
13203,0.0,0.0,0.0,500,0.05,0,0,1,0
13204,0.0,0.0,0.0,500,0.05,0,0,1,0
13205,0.0,0.0,0.0,500,0.05,0,0,1,0
13206,0.0,0.0,0.0,500,0.05,0,0,1,0
13207,0.0,0.0,0.0,500,0.05,0,0,1,0
13208,0.0,0.0,0.0,500,0.05,0,0,1,0
13209,0.0,0.0,0.0,500,0.05,0,0,1,0
13210,0.0,0.0,0.0,500,0.05,0,0,1,0
13211,0.0,0.0,0.0,500,0.05,0,0,1,0
13212,0.0,0.0,0.0,500,0.05,0,0,1,0
13213,0.0,0.0,0.0,500,0.05,0,0,1,0
13214,0.0,0.0,0.0,500,0.05,0,0,1,0
13215,0.0,0.0,0.0,500,0.05,0,0,1,0
13216,0.0,0.0,0.0,500,0.05,0,0,1,0
13217,0.0,0.0,0.0,500,0.05,0,0,1,0
13218,0.0,0.0,0.0,500,0.05,0,0,1,0
13219,0.0,0.0,0.0,500,0.05,0,0,1,0
13220,0.0,0.0,0.0,500,0.05,0,0,1,0
13221,0.0,0.0,0.0,500,0.05,0,0,1,0
13222,0.0,0.0,0.0,500,0.05,0,0,1,0
13223,0.0,0.0,0.0,500,0.05,0,0,1,0
13224,0.0,0.0,0.0,500,0.05,0,0,1,0
13225,0.0,0.0,0.0,500,0.05,0,0,1,0
13226,0.0,0.0,0.0,500,0.05,0,0,1,0
13227,0.0,0.0,0.0,500,0.05,0,0,1,0
13228,0.0,0.0,0.0,500,0.05,0,0,1,0
13229,0.0,0.0,0.0,500,0.05,0,0,1,0
13230,0.0,0.0,0.0,500,0.05,0,0,1,0
13231,0.0,0.0,0.0,500,0.05,0,0,1,0
13232,0.0,0.0,0.0,500,0.05,0,0,1,0
13233,0.0,0.0,0.0,500,0.05,0,0,1,0
13234,0.0,0.0,0.0,500,0.05,0,0,1,0
13235,0.0,0.0,0.0,500,0.05,0,0,1,0
13236,0.0,0.0,0.0,500,0.05,0,0,1,0
13237,0.0,0.0,0.0,500,0.05,0,0,1,0
13238,0.0,0.0,0.0,500,0.05,0,0,1,0
13239,0.0,0.0,0.0,500,0.05,0,0,1,0
13240,0.0,0.0,0.0,500,0.05,0,0,1,0
13241,0.0,0.0,0.0,500,0.05,0,0,1,0
13242,0.0,0.0,0.0,500,0.05,0,0,1,0
13243,0.0,0.0,0.0,500,0.05,0,0,1,0
13244,0.0,0.0,0.0,500,0.05,0,0,1,0
13245,0.0,0.0,0.0,500,0.05,0,0,1,0
13246,0.0,0.0,0.0,500,0.05,0,0,1,0
13247,0.0,0.0,0.0,500,0.05,0,0,1,0
13248,0.0,0.0,0.0,500,0.05,0,0,1,0
13249,0.0,0.0,0.0,500,0.05,0,0,1,0
13250,0.0,0.0,0.0,500,0.05,0,0,1,0
13251,0.0,0.0,0.0,500,0.05,0,0,1,0
13252,0.0,0.0,0.0,500,0.05,0,0,1,0
13253,0.0,0.0,0.0,500,0.05,0,0,1,0
13254,0.0,0.0,0.0,500,0.05,0,0,1,0
13255,0.0,0.0,0.0,500,0.05,0,0,1,0
13256,0.0,0.0,0.0,500,0.05,0,0,1,0
13257,0.0,0.0,0.0,500,0.05,0,0,1,0
13258,0.0,0.0,0.0,500,0.05,0,0,1,0
13259,0.0,0.0,0.0,500,0.05,0,0,1,0
13260,0.0,0.0,0.0,500,0.05,0,0,1,0
13261,0.0,0.0,0.0,500,0.05,0,0,1,0
13262,0.0,0.0,0.0,500,0.05,0,0,1,0
13263,0.0,0.0,0.0,500,0.05,0,0,1,0
13264,0.0,0.0,0.0,500,0.05,0,0,1,0
13265,0.0,0.0,0.0,500,0.05,0,0,1,0
13266,0.0,0.0,0.0,500,0.05,0,0,1,0
13267,0.0,0.0,0.0,500,0.05,0,0,1,0
13268,0.0,0.0,0.0,500,0.05,0,0,1,0
13269,0.0,0.0,0.0,500,0.05,0,0,1,0
13270,0.0,0.0,0.0,500,0.05,0,0,1,0
13271,0.0,0.0,0.0,500,0.05,0,0,1,0
13272,0.0,0.0,0.0,500,0.05,0,0,1,0
13273,0.0,0.0,0.0,500,0.05,0,0,1,0
13274,0.0,0.0,0.0,500,0.05,0,0,1,0
13275,0.0,0.0,0.0,500,0.05,0,0,1,0
13276,0.0,0.0,0.0,500,0.05,0,0,1,0
13277,0.0,0.0,0.0,500,0.05,0,0,1,0
13278,0.0,0.0,0.0,500,0.05,0,0,1,0
13279,0.0,0.0,0.0,500,0.05,0,0,1,0
13280,0.0,0.0,0.0,500,0.05,0,0,1,0
13281,0.0,0.0,0.0,500,0.05,0,0,1,0
13282,0.0,0.0,0.0,500,0.05,0,0,1,0
13283,0.0,0.0,0.0,500,0.05,0,0,1,0
13284,0.0,0.0,0.0,500,0.05,0,0,1,0
13285,0.0,0.0,0.0,500,0.05,0,0,1,0
13286,0.0,0.0,0.0,500,0.05,0,0,1,0
13287,0.0,0.0,0.0,500,0.05,0,0,1,0
13288,0.0,0.0,0.0,500,0.05,0,0,1,0
13289,0.0,0.0,0.0,500,0.05,0,0,1,0
13290,0.0,0.0,0.0,500,0.05,0,0,1,0
13291,0.0,0.0,0.0,500,0.05,0,0,1,0
13292,0.0,0.0,0.0,500,0.05,0,0,1,0
13293,0.0,0.0,0.0,500,0.05,0,0,1,0
13294,0.0,0.0,0.0,500,0.05,0,0,1,0
13295,0.0,0.0,0.0,500,0.05,0,0,1,0
13296,0.0,0.0,0.0,500,0.05,0,0,1,0
13297,0.0,0.0,0.0,500,0.05,0,0,1,0
13298,0.0,0.0,0.0,500,0.05,0,0,1,0
13299,0.0,0.0,0.0,500,0.05,0,0,1,0
13300,0.0,0.0,0.0,500,0.05,0,0,1,0
13301,0.0,0.0,0.0,500,0.05,0,0,1,0
13302,0.0,0.0,0.0,500,0.05,0,0,1,0
13303,0.0,0.0,0.0,500,0.05,0,0,1,0
13304,0.0,0.0,0.0,500,0.05,0,0,1,0
13305,0.0,0.0,0.0,500,0.05,0,0,1,0
13306,0.0,0.0,0.0,500,0.05,0,0,1,0
13307,0.0,0.0,0.0,500,0.05,0,0,1,0
13308,0.0,0.0,0.0,500,0.05,0,0,1,0
13309,0.0,0.0,0.0,500,0.05,0,0,1,0
13310,0.0,0.0,0.0,500,0.05,0,0,1,0
13311,0.0,0.0,0.0,500,0.05,0,0,1,0
13312,0.0,0.0,0.0,500,0.05,0,0,1,0
13313,0.0,0.0,0.0,500,0.05,0,0,1,0
13314,0.0,0.0,0.0,500,0.05,0,0,1,0
13315,0.0,0.0,0.0,500,0.05,0,0,1,0
13316,0.0,0.0,0.0,500,0.05,0,0,1,0
13317,0.0,0.0,0.0,500,0.05,0,0,1,0
13318,0.0,0.0,0.0,500,0.05,0,0,1,0
13319,0.0,0.0,0.0,500,0.05,0,0,1,0
13320,0.0,0.0,0.0,500,0.05,0,0,1,0
13321,0.0,0.0,0.0,500,0.05,0,0,1,0
13322,0.0,0.0,0.0,500,0.05,0,0,1,0
13323,0.0,0.0,0.0,500,0.05,0,0,1,0
13324,0.0,0.0,0.0,500,0.05,0,0,1,0
13325,0.0,0.0,0.0,500,0.05,0,0,1,0
13326,0.0,0.0,0.0,500,0.05,0,0,1,0
13327,0.0,0.0,0.0,500,0.05,0,0,1,0
13328,0.0,0.0,0.0,500,0.05,0,0,1,0
13329,0.0,0.0,0.0,500,0.05,0,0,1,0
13330,0.0,0.0,0.0,500,0.05,0,0,1,0
13331,0.0,0.0,0.0,500,0.05,0,0,1,0
13332,0.0,0.0,0.0,500,0.05,0,0,1,0
13333,0.0,0.0,0.0,500,0.05,0,0,1,0
13334,0.0,0.0,0.0,500,0.05,0,0,1,0
13335,0.0,0.0,0.0,500,0.05,0,0,1,0
13336,0.0,0.0,0.0,500,0.05,0,0,1,0
13337,0.0,0.0,0.0,500,0.05,0,0,1,0
13338,0.0,0.0,0.0,500,0.05,0,0,1,0
13339,0.0,0.0,0.0,500,0.05,0,0,1,0
13340,0.0,0.0,0.0,500,0.05,0,0,1,0
13341,0.0,0.0,0.0,500,0.05,0,0,1,0
13342,0.0,0.0,0.0,500,0.05,0,0,1,0
13343,0.0,0.0,0.0,500,0.05,0,0,1,0
13344,0.0,0.0,0.0,500,0.05,0,0,1,0
13345,0.0,0.0,0.0,500,0.05,0,0,1,0
13346,0.0,0.0,0.0,500,0.05,0,0,1,0
13347,0.0,0.0,0.0,500,0.05,0,0,1,0
13348,0.0,0.0,0.0,500,0.05,0,0,1,0
13349,0.0,0.0,0.0,500,0.05,0,0,1,0
13350,0.0,0.0,0.0,500,0.05,0,0,1,0
13351,0.0,0.0,0.0,500,0.05,0,0,1,0
13352,0.0,0.0,0.0,500,0.05,0,0,1,0
13353,0.0,0.0,0.0,500,0.05,0,0,1,0
13354,0.0,0.0,0.0,500,0.05,0,0,1,0
13355,0.0,0.0,0.0,500,0.05,0,0,1,0
13356,0.0,0.0,0.0,500,0.05,0,0,1,0
13357,0.0,0.0,0.0,500,0.05,0,0,1,0
13358,0.0,0.0,0.0,500,0.05,0,0,1,0
13359,0.0,0.0,0.0,500,0.05,0,0,1,0
13360,0.0,0.0,0.0,500,0.05,0,0,1,0
13361,0.0,0.0,0.0,500,0.05,0,0,1,0
13362,0.0,0.0,0.0,500,0.05,0,0,1,0
13363,0.0,0.0,0.0,500,0.05,0,0,1,0
13364,0.0,0.0,0.0,500,0.05,0,0,1,0
13365,0.0,0.0,0.0,500,0.05,0,0,1,0
13366,0.0,0.0,0.0,500,0.05,0,0,1,0
13367,0.0,0.0,0.0,500,0.05,0,0,1,0
13368,0.0,0.0,0.0,500,0.05,0,0,1,0
13369,0.0,0.0,0.0,500,0.05,0,0,1,0
13370,0.0,0.0,0.0,500,0.05,0,0,1,0
13371,0.0,0.0,0.0,500,0.05,0,0,1,0
13372,0.0,0.0,0.0,500,0.05,0,0,1,0
13373,0.0,0.0,0.0,500,0.05,0,0,1,0
13374,0.0,0.0,0.0,500,0.05,0,0,1,0
13375,0.0,0.0,0.0,500,0.05,0,0,1,0
13376,0.0,0.0,0.0,500,0.05,0,0,1,0
13377,0.0,0.0,0.0,500,0.05,0,0,1,0
13378,0.0,0.0,0.0,500,0.05,0,0,1,0
13379,0.0,0.0,0.0,500,0.05,0,0,1,0
13380,0.0,0.0,0.0,500,0.05,0,0,1,0
13381,0.0,0.0,0.0,500,0.05,0,0,1,0
13382,0.0,0.0,0.0,500,0.05,0,0,1,0
13383,0.0,0.0,0.0,500,0.05,0,0,1,0
13384,0.0,0.0,0.0,500,0.05,0,0,1,0
13385,0.0,0.0,0.0,500,0.05,0,0,1,0
13386,0.0,0.0,0.0,500,0.05,0,0,1,0
13387,0.0,0.0,0.0,500,0.05,0,0,1,0
13388,0.0,0.0,0.0,500,0.05,0,0,1,0
13389,0.0,0.0,0.0,500,0.05,0,0,1,0
13390,0.0,0.0,0.0,500,0.05,0,0,1,0
13391,0.0,0.0,0.0,500,0.05,0,0,1,0
13392,0.0,0.0,0.0,500,0.05,0,0,1,0
13393,0.0,0.0,0.0,500,0.05,0,0,1,0
13394,0.0,0.0,0.0,500,0.05,0,0,1,0
13395,0.0,0.0,0.0,500,0.05,0,0,1,0
13396,0.0,0.0,0.0,500,0.05,0,0,1,0
13397,0.0,0.0,0.0,500,0.05,0,0,1,0
13398,0.0,0.0,0.0,500,0.05,0,0,1,0
13399,0.0,0.0,0.0,500,0.05,0,0,1,0
13400,0.0,0.0,0.0,500,0.05,0,0,1,0
13401,0.0,0.0,0.0,500,0.05,0,0,1,0
13402,0.0,0.0,0.0,500,0.05,0,0,1,0
13403,0.0,0.0,0.0,500,0.05,0,0,1,0
13404,0.0,0.0,0.0,500,0.05,0,0,1,0
13405,0.0,0.0,0.0,500,0.05,0,0,1,0
13406,0.0,0.0,0.0,500,0.05,0,0,1,0
13407,0.0,0.0,0.0,500,0.05,0,0,1,0
13408,0.0,0.0,0.0,500,0.05,0,0,1,0
13409,0.0,0.0,0.0,500,0.05,0,0,1,0
13410,0.0,0.0,0.0,500,0.05,0,0,1,0
13411,0.0,0.0,0.0,500,0.05,0,0,1,0
13412,0.0,0.0,0.0,500,0.05,0,0,1,0
13413,0.0,0.0,0.0,500,0.05,0,0,1,0
13414,0.0,0.0,0.0,500,0.05,0,0,1,0
13415,0.0,0.0,0.0,500,0.05,0,0,1,0
13416,0.0,0.0,0.0,500,0.05,0,0,1,0
13417,0.0,0.0,0.0,500,0.05,0,0,1,0
13418,0.0,0.0,0.0,500,0.05,0,0,1,0
13419,0.0,0.0,0.0,500,0.05,0,0,1,0
13420,0.0,0.0,0.0,500,0.05,0,0,1,0
13421,0.0,0.0,0.0,500,0.05,0,0,1,0
13422,0.0,0.0,0.0,500,0.05,0,0,1,0
13423,0.0,0.0,0.0,500,0.05,0,0,1,0
13424,0.0,0.0,0.0,500,0.05,0,0,1,0
13425,0.0,0.0,0.0,500,0.05,0,0,1,0
13426,0.0,0.0,0.0,500,0.05,0,0,1,0
13427,0.0,0.0,0.0,500,0.05,0,0,1,0
13428,0.0,0.0,0.0,500,0.05,0,0,1,0
13429,0.0,0.0,0.0,500,0.05,0,0,1,0
13430,0.0,0.0,0.0,500,0.05,0,0,1,0
13431,0.0,0.0,0.0,500,0.05,0,0,1,0
13432,0.0,0.0,0.0,500,0.05,0,0,1,0
13433,0.0,0.0,0.0,500,0.05,0,0,1,0
13434,0.0,0.0,0.0,500,0.05,0,0,1,0
13435,0.0,0.0,0.0,500,0.05,0,0,1,0
13436,0.0,0.0,0.0,500,0.05,0,0,1,0
13437,0.0,0.0,0.0,500,0.05,0,0,1,0
13438,0.0,0.0,0.0,500,0.05,0,0,1,0
13439,0.0,0.0,0.0,500,0.05,0,0,1,0
13440,0.0,0.0,0.0,500,0.05,0,0,1,0
13441,0.0,0.0,0.0,500,0.05,0,0,1,0
13442,0.0,0.0,0.0,500,0.05,0,0,1,0
13443,0.0,0.0,0.0,500,0.05,0,0,1,0
13444,0.0,0.0,0.0,500,0.05,0,0,1,0
13445,0.0,0.0,0.0,500,0.05,0,0,1,0
13446,0.0,0.0,0.0,500,0.05,0,0,1,0
13447,0.0,0.0,0.0,500,0.05,0,0,1,0
13448,0.0,0.0,0.0,500,0.05,0,0,1,0
13449,0.0,0.0,0.0,500,0.05,0,0,1,0
13450,0.0,0.0,0.0,500,0.05,0,0,1,0
13451,0.0,0.0,0.0,500,0.05,0,0,1,0
13452,0.0,0.0,0.0,500,0.05,0,0,1,0
13453,0.0,0.0,0.0,500,0.05,0,0,1,0
13454,0.0,0.0,0.0,500,0.05,0,0,1,0
13455,0.0,0.0,0.0,500,0.05,0,0,1,0
13456,0.0,0.0,0.0,500,0.05,0,0,1,0
13457,0.0,0.0,0.0,500,0.05,0,0,1,0
13458,0.0,0.0,0.0,500,0.05,0,0,1,0
13459,0.0,0.0,0.0,500,0.05,0,0,1,0
13460,0.0,0.0,0.0,500,0.05,0,0,1,0
13461,0.0,0.0,0.0,500,0.05,0,0,1,0
13462,0.0,0.0,0.0,500,0.05,0,0,1,0
13463,0.0,0.0,0.0,500,0.05,0,0,1,0
13464,0.0,0.0,0.0,500,0.05,0,0,1,0
13465,0.0,0.0,0.0,500,0.05,0,0,1,0
13466,0.0,0.0,0.0,500,0.05,0,0,1,0
13467,0.0,0.0,0.0,500,0.05,0,0,1,0
13468,0.0,0.0,0.0,500,0.05,0,0,1,0
13469,0.0,0.0,0.0,500,0.05,0,0,1,0
13470,0.0,0.0,0.0,500,0.05,0,0,1,0
13471,0.0,0.0,0.0,500,0.05,0,0,1,0
13472,0.0,0.0,0.0,500,0.05,0,0,1,0
13473,0.0,0.0,0.0,500,0.05,0,0,1,0
13474,0.0,0.0,0.0,500,0.05,0,0,1,0
13475,0.0,0.0,0.0,500,0.05,0,0,1,0
13476,0.0,0.0,0.0,500,0.05,0,0,1,0
13477,0.0,0.0,0.0,500,0.05,0,0,1,0
13478,0.0,0.0,0.0,500,0.05,0,0,1,0
13479,0.0,0.0,0.0,500,0.05,0,0,1,0
13480,0.0,0.0,0.0,500,0.05,0,0,1,0
13481,0.0,0.0,0.0,500,0.05,0,0,1,0
13482,0.0,0.0,0.0,500,0.05,0,0,1,0
13483,0.0,0.0,0.0,500,0.05,0,0,1,0
13484,0.0,0.0,0.0,500,0.05,0,0,1,0
13485,0.0,0.0,0.0,500,0.05,0,0,1,0
13486,0.0,0.0,0.0,500,0.05,0,0,1,0
13487,0.0,0.0,0.0,500,0.05,0,0,1,0
13488,0.0,0.0,0.0,500,0.05,0,0,1,0
13489,0.0,0.0,0.0,500,0.05,0,0,1,0
13490,0.0,0.0,0.0,500,0.05,0,0,1,0
13491,0.0,0.0,0.0,500,0.05,0,0,1,0
13492,0.0,0.0,0.0,500,0.05,0,0,1,0
13493,0.0,0.0,0.0,500,0.05,0,0,1,0
13494,0.0,0.0,0.0,500,0.05,0,0,1,0
13495,0.0,0.0,0.0,500,0.05,0,0,1,0
13496,0.0,0.0,0.0,500,0.05,0,0,1,0
13497,0.0,0.0,0.0,500,0.05,0,0,1,0
13498,0.0,0.0,0.0,500,0.05,0,0,1,0
13499,0.0,0.0,0.0,500,0.05,0,0,1,0
13500,0.0,0.0,0.0,500,0.05,0,0,1,0
13501,0.0,0.0,0.0,500,0.05,0,0,1,0
13502,0.0,0.0,0.0,500,0.05,0,0,1,0
13503,0.0,0.0,0.0,500,0.05,0,0,1,0
13504,0.0,0.0,0.0,500,0.05,0,0,1,0
13505,0.0,0.0,0.0,500,0.05,0,0,1,0
13506,0.0,0.0,0.0,500,0.05,0,0,1,0
13507,0.0,0.0,0.0,500,0.05,0,0,1,0
13508,0.0,0.0,0.0,500,0.05,0,0,1,0
13509,0.0,0.0,0.0,500,0.05,0,0,1,0
13510,0.0,0.0,0.0,500,0.05,0,0,1,0
13511,0.0,0.0,0.0,500,0.05,0,0,1,0
13512,0.0,0.0,0.0,500,0.05,0,0,1,0
13513,0.0,0.0,0.0,500,0.05,0,0,1,0
13514,0.0,0.0,0.0,500,0.05,0,0,1,0
13515,0.0,0.0,0.0,500,0.05,0,0,1,0
13516,0.0,0.0,0.0,500,0.05,0,0,1,0
13517,0.0,0.0,0.0,500,0.05,0,0,1,0
13518,0.0,0.0,0.0,500,0.05,0,0,1,0
13519,0.0,0.0,0.0,500,0.05,0,0,1,0
13520,0.0,0.0,0.0,500,0.05,0,0,1,0
13521,0.0,0.0,0.0,500,0.05,0,0,1,0
13522,0.0,0.0,0.0,500,0.05,0,0,1,0
13523,0.0,0.0,0.0,500,0.05,0,0,1,0
13524,0.0,0.0,0.0,500,0.05,0,0,1,0
13525,0.0,0.0,0.0,500,0.05,0,0,1,0
13526,0.0,0.0,0.0,500,0.05,0,0,1,0
13527,0.0,0.0,0.0,500,0.05,0,0,1,0
13528,0.0,0.0,0.0,500,0.05,0,0,1,0
13529,0.0,0.0,0.0,500,0.05,0,0,1,0
13530,0.0,0.0,0.0,500,0.05,0,0,1,0
13531,0.0,0.0,0.0,500,0.05,0,0,1,0
13532,0.0,0.0,0.0,500,0.05,0,0,1,0
13533,0.0,0.0,0.0,500,0.05,0,0,1,0
13534,0.0,0.0,0.0,500,0.05,0,0,1,0
13535,0.0,0.0,0.0,500,0.05,0,0,1,0
13536,0.0,0.0,0.0,500,0.05,0,0,1,0
13537,0.0,0.0,0.0,500,0.05,0,0,1,0
13538,0.0,0.0,0.0,500,0.05,0,0,1,0
13539,0.0,0.0,0.0,500,0.05,0,0,1,0
13540,0.0,0.0,0.0,500,0.05,0,0,1,0
13541,0.0,0.0,0.0,500,0.05,0,0,1,0
13542,0.0,0.0,0.0,500,0.05,0,0,1,0
13543,0.0,0.0,0.0,500,0.05,0,0,1,0
13544,0.0,0.0,0.0,500,0.05,0,0,1,0
13545,0.0,0.0,0.0,500,0.05,0,0,1,0
13546,0.0,0.0,0.0,500,0.05,0,0,1,0
13547,0.0,0.0,0.0,500,0.05,0,0,1,0
13548,0.0,0.0,0.0,500,0.05,0,0,1,0
13549,0.0,0.0,0.0,500,0.05,0,0,1,0
13550,0.0,0.0,0.0,500,0.05,0,0,1,0
13551,0.0,0.0,0.0,500,0.05,0,0,1,0
13552,0.0,0.0,0.0,500,0.05,0,0,1,0
13553,0.0,0.0,0.0,500,0.05,0,0,1,0
13554,0.0,0.0,0.0,500,0.05,0,0,1,0
13555,0.0,0.0,0.0,500,0.05,0,0,1,0
13556,0.0,0.0,0.0,500,0.05,0,0,1,0
13557,0.0,0.0,0.0,500,0.05,0,0,1,0
13558,0.0,0.0,0.0,500,0.05,0,0,1,0
13559,0.0,0.0,0.0,500,0.05,0,0,1,0
13560,0.0,0.0,0.0,500,0.05,0,0,1,0
13561,0.0,0.0,0.0,500,0.05,0,0,1,0
13562,0.0,0.0,0.0,500,0.05,0,0,1,0
13563,0.0,0.0,0.0,500,0.05,0,0,1,0
13564,0.0,0.0,0.0,500,0.05,0,0,1,0
13565,0.0,0.0,0.0,500,0.05,0,0,1,0
13566,0.0,0.0,0.0,500,0.05,0,0,1,0
13567,0.0,0.0,0.0,500,0.05,0,0,1,0
13568,0.0,0.0,0.0,500,0.05,0,0,1,0
13569,0.0,0.0,0.0,500,0.05,0,0,1,0
13570,0.0,0.0,0.0,500,0.05,0,0,1,0
13571,0.0,0.0,0.0,500,0.05,0,0,1,0
13572,0.0,0.0,0.0,500,0.05,0,0,1,0
13573,0.0,0.0,0.0,500,0.05,0,0,1,0
13574,0.0,0.0,0.0,500,0.05,0,0,1,0
13575,0.0,0.0,0.0,500,0.05,0,0,1,0
13576,0.0,0.0,0.0,500,0.05,0,0,1,0
13577,0.0,0.0,0.0,500,0.05,0,0,1,0
13578,0.0,0.0,0.0,500,0.05,0,0,1,0
13579,0.0,0.0,0.0,500,0.05,0,0,1,0
13580,0.0,0.0,0.0,500,0.05,0,0,1,0
13581,0.0,0.0,0.0,500,0.05,0,0,1,0
13582,0.0,0.0,0.0,500,0.05,0,0,1,0
13583,0.0,0.0,0.0,500,0.05,0,0,1,0
13584,0.0,0.0,0.0,500,0.05,0,0,1,0
13585,0.0,0.0,0.0,500,0.05,0,0,1,0
13586,0.0,0.0,0.0,500,0.05,0,0,1,0
13587,0.0,0.0,0.0,500,0.05,0,0,1,0
13588,0.0,0.0,0.0,500,0.05,0,0,1,0
13589,0.0,0.0,0.0,500,0.05,0,0,1,0
13590,0.0,0.0,0.0,500,0.05,0,0,1,0
13591,0.0,0.0,0.0,500,0.05,0,0,1,0
13592,0.0,0.0,0.0,500,0.05,0,0,1,0
13593,0.0,0.0,0.0,500,0.05,0,0,1,0
13594,0.0,0.0,0.0,500,0.05,0,0,1,0
13595,0.0,0.0,0.0,500,0.05,0,0,1,0
13596,0.0,0.0,0.0,500,0.05,0,0,1,0
13597,0.0,0.0,0.0,500,0.05,0,0,1,0
13598,0.0,0.0,0.0,500,0.05,0,0,1,0
13599,0.0,0.0,0.0,500,0.05,0,0,1,0
13600,0.0,0.0,0.0,500,0.05,0,0,1,0
13601,0.0,0.0,0.0,500,0.05,0,0,1,0
13602,0.0,0.0,0.0,500,0.05,0,0,1,0
13603,0.0,0.0,0.0,500,0.05,0,0,1,0
13604,0.0,0.0,0.0,500,0.05,0,0,1,0
13605,0.0,0.0,0.0,500,0.05,0,0,1,0
13606,0.0,0.0,0.0,500,0.05,0,0,1,0
13607,0.0,0.0,0.0,500,0.05,0,0,1,0
13608,0.0,0.0,0.0,500,0.05,0,0,1,0
13609,0.0,0.0,0.0,500,0.05,0,0,1,0
13610,0.0,0.0,0.0,500,0.05,0,0,1,0
13611,0.0,0.0,0.0,500,0.05,0,0,1,0
13612,0.0,0.0,0.0,500,0.05,0,0,1,0
13613,0.0,0.0,0.0,500,0.05,0,0,1,0
13614,0.0,0.0,0.0,500,0.05,0,0,1,0
13615,0.0,0.0,0.0,500,0.05,0,0,1,0
13616,0.0,0.0,0.0,500,0.05,0,0,1,0
13617,0.0,0.0,0.0,500,0.05,0,0,1,0
13618,0.0,0.0,0.0,500,0.05,0,0,1,0
13619,0.0,0.0,0.0,500,0.05,0,0,1,0
13620,0.0,0.0,0.0,500,0.05,0,0,1,0
13621,0.0,0.0,0.0,500,0.05,0,0,1,0
13622,0.0,0.0,0.0,500,0.05,0,0,1,0
13623,0.0,0.0,0.0,500,0.05,0,0,1,0
13624,0.0,0.0,0.0,500,0.05,0,0,1,0
13625,0.0,0.0,0.0,500,0.05,0,0,1,0
13626,0.0,0.0,0.0,500,0.05,0,0,1,0
13627,0.0,0.0,0.0,500,0.05,0,0,1,0
13628,0.0,0.0,0.0,500,0.05,0,0,1,0
13629,0.0,0.0,0.0,500,0.05,0,0,1,0
13630,0.0,0.0,0.0,500,0.05,0,0,1,0
13631,0.0,0.0,0.0,500,0.05,0,0,1,0
13632,0.0,0.0,0.0,500,0.05,0,0,1,0
13633,0.0,0.0,0.0,500,0.05,0,0,1,0
13634,0.0,0.0,0.0,500,0.05,0,0,1,0
13635,0.0,0.0,0.0,500,0.05,0,0,1,0
13636,0.0,0.0,0.0,500,0.05,0,0,1,0
13637,0.0,0.0,0.0,500,0.05,0,0,1,0
13638,0.0,0.0,0.0,500,0.05,0,0,1,0
13639,0.0,0.0,0.0,500,0.05,0,0,1,0
13640,0.0,0.0,0.0,500,0.05,0,0,1,0
13641,0.0,0.0,0.0,500,0.05,0,0,1,0
13642,0.0,0.0,0.0,500,0.05,0,0,1,0
13643,0.0,0.0,0.0,500,0.05,0,0,1,0
13644,0.0,0.0,0.0,500,0.05,0,0,1,0
13645,0.0,0.0,0.0,500,0.05,0,0,1,0
13646,0.0,0.0,0.0,500,0.05,0,0,1,0
13647,0.0,0.0,0.0,500,0.05,0,0,1,0
13648,0.0,0.0,0.0,500,0.05,0,0,1,0
13649,0.0,0.0,0.0,500,0.05,0,0,1,0
13650,0.0,0.0,0.0,500,0.05,0,0,1,0
13651,0.0,0.0,0.0,500,0.05,0,0,1,0
13652,0.0,0.0,0.0,500,0.05,0,0,1,0
13653,0.0,0.0,0.0,500,0.05,0,0,1,0
13654,0.0,0.0,0.0,500,0.05,0,0,1,0
13655,0.0,0.0,0.0,500,0.05,0,0,1,0
13656,0.0,0.0,0.0,500,0.05,0,0,1,0
13657,0.0,0.0,0.0,500,0.05,0,0,1,0
13658,0.0,0.0,0.0,500,0.05,0,0,1,0
13659,0.0,0.0,0.0,500,0.05,0,0,1,0
13660,0.0,0.0,0.0,500,0.05,0,0,1,0
13661,0.0,0.0,0.0,500,0.05,0,0,1,0
13662,0.0,0.0,0.0,500,0.05,0,0,1,0
13663,0.0,0.0,0.0,500,0.05,0,0,1,0
13664,0.0,0.0,0.0,500,0.05,0,0,1,0
13665,0.0,0.0,0.0,500,0.05,0,0,1,0
13666,0.0,0.0,0.0,500,0.05,0,0,1,0
13667,0.0,0.0,0.0,500,0.05,0,0,1,0
13668,0.0,0.0,0.0,500,0.05,0,0,1,0
13669,0.0,0.0,0.0,500,0.05,0,0,1,0
13670,0.0,0.0,0.0,500,0.05,0,0,1,0
13671,0.0,0.0,0.0,500,0.05,0,0,1,0
13672,0.0,0.0,0.0,500,0.05,0,0,1,0
13673,0.0,0.0,0.0,500,0.05,0,0,1,0
13674,0.0,0.0,0.0,500,0.05,0,0,1,0
13675,0.0,0.0,0.0,500,0.05,0,0,1,0
13676,0.0,0.0,0.0,500,0.05,0,0,1,0
13677,0.0,0.0,0.0,500,0.05,0,0,1,0
13678,0.0,0.0,0.0,500,0.05,0,0,1,0
13679,0.0,0.0,0.0,500,0.05,0,0,1,0
13680,0.0,0.0,0.0,500,0.05,0,0,1,0
13681,0.0,0.0,0.0,500,0.05,0,0,1,0
13682,0.0,0.0,0.0,500,0.05,0,0,1,0
13683,0.0,0.0,0.0,500,0.05,0,0,1,0
13684,0.0,0.0,0.0,500,0.05,0,0,1,0
13685,0.0,0.0,0.0,500,0.05,0,0,1,0
13686,0.0,0.0,0.0,500,0.05,0,0,1,0
13687,0.0,0.0,0.0,500,0.05,0,0,1,0
13688,0.0,0.0,0.0,500,0.05,0,0,1,0
13689,0.0,0.0,0.0,500,0.05,0,0,1,0
13690,0.0,0.0,0.0,500,0.05,0,0,1,0
13691,0.0,0.0,0.0,500,0.05,0,0,1,0
13692,0.0,0.0,0.0,500,0.05,0,0,1,0
13693,0.0,0.0,0.0,500,0.05,0,0,1,0
13694,0.0,0.0,0.0,500,0.05,0,0,1,0
13695,0.0,0.0,0.0,500,0.05,0,0,1,0
13696,0.0,0.0,0.0,500,0.05,0,0,1,0
13697,0.0,0.0,0.0,500,0.05,0,0,1,0
13698,0.0,0.0,0.0,500,0.05,0,0,1,0
13699,0.0,0.0,0.0,500,0.05,0,0,1,0
13700,0.0,0.0,0.0,500,0.05,0,0,1,0
13701,0.0,0.0,0.0,500,0.05,0,0,1,0
13702,0.0,0.0,0.0,500,0.05,0,0,1,0
13703,0.0,0.0,0.0,500,0.05,0,0,1,0
13704,0.0,0.0,0.0,500,0.05,0,0,1,0
13705,0.0,0.0,0.0,500,0.05,0,0,1,0
13706,0.0,0.0,0.0,500,0.05,0,0,1,0
13707,0.0,0.0,0.0,500,0.05,0,0,1,0
13708,0.0,0.0,0.0,500,0.05,0,0,1,0
13709,0.0,0.0,0.0,500,0.05,0,0,1,0
13710,0.0,0.0,0.0,500,0.05,0,0,1,0
13711,0.0,0.0,0.0,500,0.05,0,0,1,0
13712,0.0,0.0,0.0,500,0.05,0,0,1,0
13713,0.0,0.0,0.0,500,0.05,0,0,1,0
13714,0.0,0.0,0.0,500,0.05,0,0,1,0
13715,0.0,0.0,0.0,500,0.05,0,0,1,0
13716,0.0,0.0,0.0,500,0.05,0,0,1,0
13717,0.0,0.0,0.0,500,0.05,0,0,1,0
13718,0.0,0.0,0.0,500,0.05,0,0,1,0
13719,0.0,0.0,0.0,500,0.05,0,0,1,0
13720,0.0,0.0,0.0,500,0.05,0,0,1,0
13721,0.0,0.0,0.0,500,0.05,0,0,1,0
13722,0.0,0.0,0.0,500,0.05,0,0,1,0
13723,0.0,0.0,0.0,500,0.05,0,0,1,0
13724,0.0,0.0,0.0,500,0.05,0,0,1,0
13725,0.0,0.0,0.0,500,0.05,0,0,1,0
13726,0.0,0.0,0.0,500,0.05,0,0,1,0
13727,0.0,0.0,0.0,500,0.05,0,0,1,0
13728,0.0,0.0,0.0,500,0.05,0,0,1,0
13729,0.0,0.0,0.0,500,0.05,0,0,1,0
13730,0.0,0.0,0.0,500,0.05,0,0,1,0
13731,0.0,0.0,0.0,500,0.05,0,0,1,0
13732,0.0,0.0,0.0,500,0.05,0,0,1,0
13733,0.0,0.0,0.0,500,0.05,0,0,1,0
13734,0.0,0.0,0.0,500,0.05,0,0,1,0
13735,0.0,0.0,0.0,500,0.05,0,0,1,0
13736,0.0,0.0,0.0,500,0.05,0,0,1,0
13737,0.0,0.0,0.0,500,0.05,0,0,1,0
13738,0.0,0.0,0.0,500,0.05,0,0,1,0
13739,0.0,0.0,0.0,500,0.05,0,0,1,0
13740,0.0,0.0,0.0,500,0.05,0,0,1,0
13741,0.0,0.0,0.0,500,0.05,0,0,1,0
13742,0.0,0.0,0.0,500,0.05,0,0,1,0
13743,0.0,0.0,0.0,500,0.05,0,0,1,0
13744,0.0,0.0,0.0,500,0.05,0,0,1,0
13745,0.0,0.0,0.0,500,0.05,0,0,1,0
13746,0.0,0.0,0.0,500,0.05,0,0,1,0
13747,0.0,0.0,0.0,500,0.05,0,0,1,0
13748,0.0,0.0,0.0,500,0.05,0,0,1,0
13749,0.0,0.0,0.0,500,0.05,0,0,1,0
13750,0.0,0.0,0.0,500,0.05,0,0,1,0
13751,0.0,0.0,0.0,500,0.05,0,0,1,0
13752,0.0,0.0,0.0,500,0.05,0,0,1,0
13753,0.0,0.0,0.0,500,0.05,0,0,1,0
13754,0.0,0.0,0.0,500,0.05,0,0,1,0
13755,0.0,0.0,0.0,500,0.05,0,0,1,0
13756,0.0,0.0,0.0,500,0.05,0,0,1,0
13757,0.0,0.0,0.0,500,0.05,0,0,1,0
13758,0.0,0.0,0.0,500,0.05,0,0,1,0
13759,0.0,0.0,0.0,500,0.05,0,0,1,0
13760,0.0,0.0,0.0,500,0.05,0,0,1,0
13761,0.0,0.0,0.0,500,0.05,0,0,1,0
13762,0.0,0.0,0.0,500,0.05,0,0,1,0
13763,0.0,0.0,0.0,500,0.05,0,0,1,0
13764,0.0,0.0,0.0,500,0.05,0,0,1,0
13765,0.0,0.0,0.0,500,0.05,0,0,1,0
13766,0.0,0.0,0.0,500,0.05,0,0,1,0
13767,0.0,0.0,0.0,500,0.05,0,0,1,0
13768,0.0,0.0,0.0,500,0.05,0,0,1,0
13769,0.0,0.0,0.0,500,0.05,0,0,1,0
13770,0.0,0.0,0.0,500,0.05,0,0,1,0
13771,0.0,0.0,0.0,500,0.05,0,0,1,0
13772,0.0,0.0,0.0,500,0.05,0,0,1,0
13773,0.0,0.0,0.0,500,0.05,0,0,1,0
13774,0.0,0.0,0.0,500,0.05,0,0,1,0
13775,0.0,0.0,0.0,500,0.05,0,0,1,0
13776,0.0,0.0,0.0,500,0.05,0,0,1,0
13777,0.0,0.0,0.0,500,0.05,0,0,1,0
13778,0.0,0.0,0.0,500,0.05,0,0,1,0
13779,0.0,0.0,0.0,500,0.05,0,0,1,0
13780,0.0,0.0,0.0,500,0.05,0,0,1,0
13781,0.0,0.0,0.0,500,0.05,0,0,1,0
13782,0.0,0.0,0.0,500,0.05,0,0,1,0
13783,0.0,0.0,0.0,500,0.05,0,0,1,0
13784,0.0,0.0,0.0,500,0.05,0,0,1,0
13785,0.0,0.0,0.0,500,0.05,0,0,1,0
13786,0.0,0.0,0.0,500,0.05,0,0,1,0
13787,0.0,0.0,0.0,500,0.05,0,0,1,0
13788,0.0,0.0,0.0,500,0.05,0,0,1,0
13789,0.0,0.0,0.0,500,0.05,0,0,1,0
13790,0.0,0.0,0.0,500,0.05,0,0,1,0
13791,0.0,0.0,0.0,500,0.05,0,0,1,0
13792,0.0,0.0,0.0,500,0.05,0,0,1,0
13793,0.0,0.0,0.0,500,0.05,0,0,1,0
13794,0.0,0.0,0.0,500,0.05,0,0,1,0
13795,0.0,0.0,0.0,500,0.05,0,0,1,0
13796,0.0,0.0,0.0,500,0.05,0,0,1,0
13797,0.0,0.0,0.0,500,0.05,0,0,1,0
13798,0.0,0.0,0.0,500,0.05,0,0,1,0
13799,0.0,0.0,0.0,500,0.05,0,0,1,0
13800,0.0,0.0,0.0,500,0.05,0,0,1,0
13801,0.0,0.0,0.0,500,0.05,0,0,1,0
13802,0.0,0.0,0.0,500,0.05,0,0,1,0
13803,0.0,0.0,0.0,500,0.05,0,0,1,0
13804,0.0,0.0,0.0,500,0.05,0,0,1,0
13805,0.0,0.0,0.0,500,0.05,0,0,1,0
13806,0.0,0.0,0.0,500,0.05,0,0,1,0
13807,0.0,0.0,0.0,500,0.05,0,0,1,0
13808,0.0,0.0,0.0,500,0.05,0,0,1,0
13809,0.0,0.0,0.0,500,0.05,0,0,1,0
13810,0.0,0.0,0.0,500,0.05,0,0,1,0
13811,0.0,0.0,0.0,500,0.05,0,0,1,0
13812,0.0,0.0,0.0,500,0.05,0,0,1,0
13813,0.0,0.0,0.0,500,0.05,0,0,1,0
13814,0.0,0.0,0.0,500,0.05,0,0,1,0
13815,0.0,0.0,0.0,500,0.05,0,0,1,0
13816,0.0,0.0,0.0,500,0.05,0,0,1,0
13817,0.0,0.0,0.0,500,0.05,0,0,1,0
13818,0.0,0.0,0.0,500,0.05,0,0,1,0
13819,0.0,0.0,0.0,500,0.05,0,0,1,0
13820,0.0,0.0,0.0,500,0.05,0,0,1,0
13821,0.0,0.0,0.0,500,0.05,0,0,1,0
13822,0.0,0.0,0.0,500,0.05,0,0,1,0
13823,0.0,0.0,0.0,500,0.05,0,0,1,0
13824,0.0,0.0,0.0,500,0.05,0,0,1,0
13825,0.0,0.0,0.0,500,0.05,0,0,1,0
13826,0.0,0.0,0.0,500,0.05,0,0,1,0
13827,0.0,0.0,0.0,500,0.05,0,0,1,0
13828,0.0,0.0,0.0,500,0.05,0,0,1,0
13829,0.0,0.0,0.0,500,0.05,0,0,1,0
13830,0.0,0.0,0.0,500,0.05,0,0,1,0
13831,0.0,0.0,0.0,500,0.05,0,0,1,0
13832,0.0,0.0,0.0,500,0.05,0,0,1,0
13833,0.0,0.0,0.0,500,0.05,0,0,1,0
13834,0.0,0.0,0.0,500,0.05,0,0,1,0
13835,0.0,0.0,0.0,500,0.05,0,0,1,0
13836,0.0,0.0,0.0,500,0.05,0,0,1,0
13837,0.0,0.0,0.0,500,0.05,0,0,1,0
13838,0.0,0.0,0.0,500,0.05,0,0,1,0
13839,0.0,0.0,0.0,500,0.05,0,0,1,0
13840,0.0,0.0,0.0,500,0.05,0,0,1,0
13841,0.0,0.0,0.0,500,0.05,0,0,1,0
13842,0.0,0.0,0.0,500,0.05,0,0,1,0
13843,0.0,0.0,0.0,500,0.05,0,0,1,0
13844,0.0,0.0,0.0,500,0.05,0,0,1,0
13845,0.0,0.0,0.0,500,0.05,0,0,1,0
13846,0.0,0.0,0.0,500,0.05,0,0,1,0
13847,0.0,0.0,0.0,500,0.05,0,0,1,0
13848,0.0,0.0,0.0,500,0.05,0,0,1,0
13849,0.0,0.0,0.0,500,0.05,0,0,1,0
13850,0.0,0.0,0.0,500,0.05,0,0,1,0
13851,0.0,0.0,0.0,500,0.05,0,0,1,0
13852,0.0,0.0,0.0,500,0.05,0,0,1,0
13853,0.0,0.0,0.0,500,0.05,0,0,1,0
13854,0.0,0.0,0.0,500,0.05,0,0,1,0
13855,0.0,0.0,0.0,500,0.05,0,0,1,0
13856,0.0,0.0,0.0,500,0.05,0,0,1,0
13857,0.0,0.0,0.0,500,0.05,0,0,1,0
13858,0.0,0.0,0.0,500,0.05,0,0,1,0
13859,0.0,0.0,0.0,500,0.05,0,0,1,0
13860,0.0,0.0,0.0,500,0.05,0,0,1,0
13861,0.0,0.0,0.0,500,0.05,0,0,1,0
13862,0.0,0.0,0.0,500,0.05,0,0,1,0
13863,0.0,0.0,0.0,500,0.05,0,0,1,0
13864,0.0,0.0,0.0,500,0.05,0,0,1,0
13865,0.0,0.0,0.0,500,0.05,0,0,1,0
13866,0.0,0.0,0.0,500,0.05,0,0,1,0
13867,0.0,0.0,0.0,500,0.05,0,0,1,0
13868,0.0,0.0,0.0,500,0.05,0,0,1,0
13869,0.0,0.0,0.0,500,0.05,0,0,1,0
13870,0.0,0.0,0.0,500,0.05,0,0,1,0
13871,0.0,0.0,0.0,500,0.05,0,0,1,0
13872,0.0,0.0,0.0,500,0.05,0,0,1,0
13873,0.0,0.0,0.0,500,0.05,0,0,1,0
13874,0.0,0.0,0.0,500,0.05,0,0,1,0
13875,0.0,0.0,0.0,500,0.05,0,0,1,0
13876,0.0,0.0,0.0,500,0.05,0,0,1,0
13877,0.0,0.0,0.0,500,0.05,0,0,1,0
13878,0.0,0.0,0.0,500,0.05,0,0,1,0
13879,0.0,0.0,0.0,500,0.05,0,0,1,0
13880,0.0,0.0,0.0,500,0.05,0,0,1,0
13881,0.0,0.0,0.0,500,0.05,0,0,1,0
13882,0.0,0.0,0.0,500,0.05,0,0,1,0
13883,0.0,0.0,0.0,500,0.05,0,0,1,0
13884,0.0,0.0,0.0,500,0.05,0,0,1,0
13885,0.0,0.0,0.0,500,0.05,0,0,1,0
13886,0.0,0.0,0.0,500,0.05,0,0,1,0
13887,0.0,0.0,0.0,500,0.05,0,0,1,0
13888,0.0,0.0,0.0,500,0.05,0,0,1,0
13889,0.0,0.0,0.0,500,0.05,0,0,1,0
13890,0.0,0.0,0.0,500,0.05,0,0,1,0
13891,0.0,0.0,0.0,500,0.05,0,0,1,0
13892,0.0,0.0,0.0,500,0.05,0,0,1,0
13893,0.0,0.0,0.0,500,0.05,0,0,1,0
13894,0.0,0.0,0.0,500,0.05,0,0,1,0
13895,0.0,0.0,0.0,500,0.05,0,0,1,0
13896,0.0,0.0,0.0,500,0.05,0,0,1,0
13897,0.0,0.0,0.0,500,0.05,0,0,1,0
13898,0.0,0.0,0.0,500,0.05,0,0,1,0
13899,0.0,0.0,0.0,500,0.05,0,0,1,0
13900,0.0,0.0,0.0,500,0.05,0,0,1,0
13901,0.0,0.0,0.0,500,0.05,0,0,1,0
13902,0.0,0.0,0.0,500,0.05,0,0,1,0
13903,0.0,0.0,0.0,500,0.05,0,0,1,0
13904,0.0,0.0,0.0,500,0.05,0,0,1,0
13905,0.0,0.0,0.0,500,0.05,0,0,1,0
13906,0.0,0.0,0.0,500,0.05,0,0,1,0
13907,0.0,0.0,0.0,500,0.05,0,0,1,0
13908,0.0,0.0,0.0,500,0.05,0,0,1,0
13909,0.0,0.0,0.0,500,0.05,0,0,1,0
13910,0.0,0.0,0.0,500,0.05,0,0,1,0
13911,0.0,0.0,0.0,500,0.05,0,0,1,0
13912,0.0,0.0,0.0,500,0.05,0,0,1,0
13913,0.0,0.0,0.0,500,0.05,0,0,1,0
13914,0.0,0.0,0.0,500,0.05,0,0,1,0
13915,0.0,0.0,0.0,500,0.05,0,0,1,0
13916,0.0,0.0,0.0,500,0.05,0,0,1,0
13917,0.0,0.0,0.0,500,0.05,0,0,1,0
13918,0.0,0.0,0.0,500,0.05,0,0,1,0
13919,0.0,0.0,0.0,500,0.05,0,0,1,0
13920,0.0,0.0,0.0,500,0.05,0,0,1,0
13921,0.0,0.0,0.0,500,0.05,0,0,1,0
13922,0.0,0.0,0.0,500,0.05,0,0,1,0
13923,0.0,0.0,0.0,500,0.05,0,0,1,0
13924,0.0,0.0,0.0,500,0.05,0,0,1,0
13925,0.0,0.0,0.0,500,0.05,0,0,1,0
13926,0.0,0.0,0.0,500,0.05,0,0,1,0
13927,0.0,0.0,0.0,500,0.05,0,0,1,0
13928,0.0,0.0,0.0,500,0.05,0,0,1,0
13929,0.0,0.0,0.0,500,0.05,0,0,1,0
13930,0.0,0.0,0.0,500,0.05,0,0,1,0
13931,0.0,0.0,0.0,500,0.05,0,0,1,0
13932,0.0,0.0,0.0,500,0.05,0,0,1,0
13933,0.0,0.0,0.0,500,0.05,0,0,1,0
13934,0.0,0.0,0.0,500,0.05,0,0,1,0
13935,0.0,0.0,0.0,500,0.05,0,0,1,0
13936,0.0,0.0,0.0,500,0.05,0,0,1,0
13937,0.0,0.0,0.0,500,0.05,0,0,1,0
13938,0.0,0.0,0.0,500,0.05,0,0,1,0
13939,0.0,0.0,0.0,500,0.05,0,0,1,0
13940,0.0,0.0,0.0,500,0.05,0,0,1,0
13941,0.0,0.0,0.0,500,0.05,0,0,1,0
13942,0.0,0.0,0.0,500,0.05,0,0,1,0
13943,0.0,0.0,0.0,500,0.05,0,0,1,0
13944,0.0,0.0,0.0,500,0.05,0,0,1,0
13945,0.0,0.0,0.0,500,0.05,0,0,1,0
13946,0.0,0.0,0.0,500,0.05,0,0,1,0
13947,0.0,0.0,0.0,500,0.05,0,0,1,0
13948,0.0,0.0,0.0,500,0.05,0,0,1,0
13949,0.0,0.0,0.0,500,0.05,0,0,1,0
13950,0.0,0.0,0.0,500,0.05,0,0,1,0
13951,0.0,0.0,0.0,500,0.05,0,0,1,0
13952,0.0,0.0,0.0,500,0.05,0,0,1,0
13953,0.0,0.0,0.0,500,0.05,0,0,1,0
13954,0.0,0.0,0.0,500,0.05,0,0,1,0
13955,0.0,0.0,0.0,500,0.05,0,0,1,0
13956,0.0,0.0,0.0,500,0.05,0,0,1,0
13957,0.0,0.0,0.0,500,0.05,0,0,1,0
13958,0.0,0.0,0.0,500,0.05,0,0,1,0
13959,0.0,0.0,0.0,500,0.05,0,0,1,0
13960,0.0,0.0,0.0,500,0.05,0,0,1,0
13961,0.0,0.0,0.0,500,0.05,0,0,1,0
13962,0.0,0.0,0.0,500,0.05,0,0,1,0
13963,0.0,0.0,0.0,500,0.05,0,0,1,0
13964,0.0,0.0,0.0,500,0.05,0,0,1,0
13965,0.0,0.0,0.0,500,0.05,0,0,1,0
13966,0.0,0.0,0.0,500,0.05,0,0,1,0
13967,0.0,0.0,0.0,500,0.05,0,0,1,0
13968,0.0,0.0,0.0,500,0.05,0,0,1,0
13969,0.0,0.0,0.0,500,0.05,0,0,1,0
13970,0.0,0.0,0.0,500,0.05,0,0,1,0
13971,0.0,0.0,0.0,500,0.05,0,0,1,0
13972,0.0,0.0,0.0,500,0.05,0,0,1,0
13973,0.0,0.0,0.0,500,0.05,0,0,1,0
13974,0.0,0.0,0.0,500,0.05,0,0,1,0
13975,0.0,0.0,0.0,500,0.05,0,0,1,0
13976,0.0,0.0,0.0,500,0.05,0,0,1,0
13977,0.0,0.0,0.0,500,0.05,0,0,1,0
13978,0.0,0.0,0.0,500,0.05,0,0,1,0
13979,0.0,0.0,0.0,500,0.05,0,0,1,0
13980,0.0,0.0,0.0,500,0.05,0,0,1,0
13981,0.0,0.0,0.0,500,0.05,0,0,1,0
13982,0.0,0.0,0.0,500,0.05,0,0,1,0
13983,0.0,0.0,0.0,500,0.05,0,0,1,0
13984,0.0,0.0,0.0,500,0.05,0,0,1,0
13985,0.0,0.0,0.0,500,0.05,0,0,1,0
13986,0.0,0.0,0.0,500,0.05,0,0,1,0
13987,0.0,0.0,0.0,500,0.05,0,0,1,0
13988,0.0,0.0,0.0,500,0.05,0,0,1,0
13989,0.0,0.0,0.0,500,0.05,0,0,1,0
13990,0.0,0.0,0.0,500,0.05,0,0,1,0
13991,0.0,0.0,0.0,500,0.05,0,0,1,0
13992,0.0,0.0,0.0,500,0.05,0,0,1,0
13993,0.0,0.0,0.0,500,0.05,0,0,1,0
13994,0.0,0.0,0.0,500,0.05,0,0,1,0
13995,0.0,0.0,0.0,500,0.05,0,0,1,0
13996,0.0,0.0,0.0,500,0.05,0,0,1,0
13997,0.0,0.0,0.0,500,0.05,0,0,1,0
13998,0.0,0.0,0.0,500,0.05,0,0,1,0
13999,0.0,0.0,0.0,500,0.05,0,0,1,0
14000,0.0,0.0,0.0,500,0.05,0,0,1,0
