episode,environment_return,learning_return,intrinsic_return,steps,epsilon,success,died,truncated,monster_moves
1,4.0,4.0,0.0,350,1.0,0,0,1,0
2,3.0,3.0,0.0,350,0.9998272727272727,0,0,1,0
3,2.0,2.0,0.0,350,0.9996545454545455,0,0,1,0
4,4.0,4.0,0.0,350,0.9994818181818181,0,0,1,0
5,4.0,4.0,0.0,350,0.9993090909090909,0,0,1,0
6,2.0,2.0,0.0,350,0.9991363636363636,0,0,1,0
7,4.0,4.0,0.0,350,0.9989636363636364,0,0,1,0
8,5.0,5.0,0.0,236,0.9987909090909091,1,0,0,0
9,2.0,2.0,0.0,350,0.9986181818181818,0,0,1,0
10,5.0,5.0,0.0,218,0.9984454545454545,1,0,0,0
11,5.0,5.0,0.0,212,0.9982727272727273,1,0,0,0
12,4.0,4.0,0.0,350,0.9981,0,0,1,0
13,5.0,5.0,0.0,124,0.9979272727272728,1,0,0,0
14,5.0,5.0,0.0,260,0.9977545454545454,1,0,0,0
15,4.0,4.0,0.0,350,0.9975818181818182,0,0,1,0
16,4.0,4.0,0.0,350,0.9974090909090909,0,0,1,0
17,3.0,3.0,0.0,350,0.9972363636363636,0,0,1,0
18,2.0,2.0,0.0,350,0.9970636363636364,0,0,1,0
19,2.0,2.0,0.0,350,0.996890909090909,0,0,1,0
20,3.0,3.0,0.0,350,0.9967181818181818,0,0,1,0
21,3.0,3.0,0.0,350,0.9965454545454545,0,0,1,0
22,2.0,2.0,0.0,350,0.9963727272727273,0,0,1,0
23,3.0,3.0,0.0,350,0.9962,0,0,1,0
24,4.0,4.0,0.0,350,0.9960272727272728,0,0,1,0
25,5.0,5.0,0.0,294,0.9958545454545454,1,0,0,0
26,4.0,4.0,0.0,350,0.9956818181818182,0,0,1,0
27,4.0,4.0,0.0,350,0.9955090909090909,0,0,1,0
28,3.0,3.0,0.0,350,0.9953363636363637,0,0,1,0
29,3.0,3.0,0.0,350,0.9951636363636364,0,0,1,0
30,5.0,5.0,0.0,187,0.994990909090909,1,0,0,0
31,4.0,4.0,0.0,350,0.9948181818181818,0,0,1,0
32,3.0,3.0,0.0,350,0.9946454545454545,0,0,1,0
33,4.0,4.0,0.0,350,0.9944727272727273,0,0,1,0
34,5.0,5.0,0.0,320,0.9943,1,0,0,0
35,4.0,4.0,0.0,350,0.9941272727272727,0,0,1,0
36,5.0,5.0,0.0,304,0.9939545454545454,1,0,0,0
37,4.0,4.0,0.0,350,0.9937818181818182,0,0,1,0
38,5.0,5.0,0.0,347,0.9936090909090909,1,0,0,0
39,4.0,4.0,0.0,350,0.9934363636363637,0,0,1,0
40,3.0,3.0,0.0,350,0.9932636363636363,0,0,1,0
41,5.0,5.0,0.0,295,0.9930909090909091,1,0,0,0
42,3.0,3.0,0.0,350,0.9929181818181818,0,0,1,0
43,3.0,3.0,0.0,350,0.9927454545454546,0,0,1,0
44,2.0,2.0,0.0,350,0.9925727272727273,0,0,1,0
45,1.0,1.0,0.0,350,0.9924,0,0,1,0
46,5.0,5.0,0.0,335,0.9922272727272727,1,0,0,0
47,1.0,1.0,0.0,350,0.9920545454545454,0,0,1,0
48,2.0,2.0,0.0,350,0.9918818181818182,0,0,1,0
49,5.0,5.0,0.0,206,0.9917090909090909,1,0,0,0
50,1.0,1.0,0.0,350,0.9915363636363637,0,0,1,0
51,2.0,2.0,0.0,350,0.9913636363636363,0,0,1,0
52,5.0,5.0,0.0,212,0.9911909090909091,1,0,0,0
53,4.0,4.0,0.0,350,0.9910181818181818,0,0,1,0
54,4.0,4.0,0.0,350,0.9908454545454546,0,0,1,0
55,5.0,5.0,0.0,275,0.9906727272727273,1,0,0,0
56,3.0,3.0,0.0,350,0.9905,0,0,1,0
57,1.0,1.0,0.0,350,0.9903272727272727,0,0,1,0
58,4.0,4.0,0.0,350,0.9901545454545455,0,0,1,0
59,5.0,5.0,0.0,183,0.9899818181818182,1,0,0,0
60,4.0,4.0,0.0,350,0.9898090909090909,0,0,1,0
61,3.0,3.0,0.0,350,0.9896363636363636,0,0,1,0
62,5.0,5.0,0.0,315,0.9894636363636363,1,0,0,0
63,5.0,5.0,0.0,190,0.9892909090909091,1,0,0,0
64,1.0,1.0,0.0,350,0.9891181818181818,0,0,1,0
65,1.0,1.0,0.0,350,0.9889454545454546,0,0,1,0
66,5.0,5.0,0.0,242,0.9887727272727272,1,0,0,0
67,4.0,4.0,0.0,350,0.9886,0,0,1,0
68,2.0,2.0,0.0,350,0.9884272727272727,0,0,1,0
69,5.0,5.0,0.0,251,0.9882545454545455,1,0,0,0
70,3.0,3.0,0.0,350,0.9880818181818182,0,0,1,0
71,3.0,3.0,0.0,350,0.987909090909091,0,0,1,0
72,5.0,5.0,0.0,191,0.9877363636363636,1,0,0,0
73,2.0,2.0,0.0,350,0.9875636363636363,0,0,1,0
74,4.0,4.0,0.0,350,0.9873909090909091,0,0,1,0
75,2.0,2.0,0.0,350,0.9872181818181818,0,0,1,0
76,5.0,5.0,0.0,246,0.9870454545454546,1,0,0,0
77,5.0,5.0,0.0,270,0.9868727272727272,1,0,0,0
78,4.0,4.0,0.0,350,0.9867,0,0,1,0
79,1.0,1.0,0.0,350,0.9865272727272727,0,0,1,0
80,5.0,5.0,0.0,322,0.9863545454545455,1,0,0,0
81,4.0,4.0,0.0,350,0.9861818181818182,0,0,1,0
82,3.0,3.0,0.0,350,0.986009090909091,0,0,1,0
83,2.0,2.0,0.0,350,0.9858363636363636,0,0,1,0
84,5.0,5.0,0.0,300,0.9856636363636364,1,0,0,0
85,4.0,4.0,0.0,350,0.9854909090909091,0,0,1,0
86,1.0,1.0,0.0,350,0.9853181818181819,0,0,1,0
87,4.0,4.0,0.0,350,0.9851454545454545,0,0,1,0
88,2.0,2.0,0.0,350,0.9849727272727272,0,0,1,0
89,4.0,4.0,0.0,350,0.9848,0,0,1,0
90,2.0,2.0,0.0,350,0.9846272727272727,0,0,1,0
91,5.0,5.0,0.0,124,0.9844545454545455,1,0,0,0
92,2.0,2.0,0.0,350,0.9842818181818181,0,0,1,0
93,3.0,3.0,0.0,350,0.9841090909090909,0,0,1,0
94,2.0,2.0,0.0,350,0.9839363636363636,0,0,1,0
95,5.0,5.0,0.0,300,0.9837636363636364,1,0,0,0
96,4.0,4.0,0.0,350,0.9835909090909091,0,0,1,0
97,5.0,5.0,0.0,284,0.9834181818181819,1,0,0,0
98,4.0,4.0,0.0,350,0.9832454545454545,0,0,1,0
99,5.0,5.0,0.0,251,0.9830727272727273,1,0,0,0
100,5.0,5.0,0.0,268,0.9829,1,0,0,0
101,4.0,4.0,0.0,350,0.9827272727272728,0,0,1,0
102,4.0,4.0,0.0,350,0.9825545454545455,0,0,1,0
103,3.0,3.0,0.0,350,0.9823818181818181,0,0,1,0
104,4.0,4.0,0.0,350,0.9822090909090909,0,0,1,0
105,2.0,2.0,0.0,350,0.9820363636363636,0,0,1,0
106,4.0,4.0,0.0,350,0.9818636363636364,0,0,1,0
107,5.0,5.0,0.0,204,0.9816909090909091,1,0,0,0
108,3.0,3.0,0.0,350,0.9815181818181818,0,0,1,0
109,5.0,5.0,0.0,89,0.9813454545454545,1,0,0,0
110,4.0,4.0,0.0,350,0.9811727272727273,0,0,1,0
111,2.0,2.0,0.0,350,0.981,0,0,1,0
112,5.0,5.0,0.0,239,0.9808272727272728,1,0,0,0
113,4.0,4.0,0.0,350,0.9806545454545454,0,0,1,0
114,2.0,2.0,0.0,350,0.9804818181818182,0,0,1,0
115,2.0,2.0,0.0,350,0.9803090909090909,0,0,1,0
116,2.0,2.0,0.0,350,0.9801363636363636,0,0,1,0
117,3.0,3.0,0.0,350,0.9799636363636364,0,0,1,0
118,5.0,5.0,0.0,301,0.979790909090909,1,0,0,0
119,5.0,5.0,0.0,166,0.9796181818181818,1,0,0,0
120,3.0,3.0,0.0,350,0.9794454545454545,0,0,1,0
121,5.0,5.0,0.0,221,0.9792727272727273,1,0,0,0
122,5.0,5.0,0.0,217,0.9791,1,0,0,0
123,5.0,5.0,0.0,345,0.9789272727272728,1,0,0,0
124,3.0,3.0,0.0,350,0.9787545454545454,0,0,1,0
125,2.0,2.0,0.0,350,0.9785818181818182,0,0,1,0
126,3.0,3.0,0.0,350,0.9784090909090909,0,0,1,0
127,3.0,3.0,0.0,350,0.9782363636363637,0,0,1,0
128,5.0,5.0,0.0,207,0.9780636363636364,1,0,0,0
129,4.0,4.0,0.0,350,0.9778909090909091,0,0,1,0
130,3.0,3.0,0.0,350,0.9777181818181818,0,0,1,0
131,3.0,3.0,0.0,350,0.9775454545454545,0,0,1,0
132,3.0,3.0,0.0,350,0.9773727272727273,0,0,1,0
133,4.0,4.0,0.0,350,0.9772,0,0,1,0
134,5.0,5.0,0.0,178,0.9770272727272727,1,0,0,0
135,3.0,3.0,0.0,350,0.9768545454545454,0,0,1,0
136,4.0,4.0,0.0,350,0.9766818181818182,0,0,1,0
137,2.0,2.0,0.0,350,0.9765090909090909,0,0,1,0
138,4.0,4.0,0.0,350,0.9763363636363637,0,0,1,0
139,5.0,5.0,0.0,284,0.9761636363636363,1,0,0,0
140,2.0,2.0,0.0,350,0.9759909090909091,0,0,1,0
141,3.0,3.0,0.0,350,0.9758181818181818,0,0,1,0
142,2.0,2.0,0.0,350,0.9756454545454546,0,0,1,0
143,4.0,4.0,0.0,350,0.9754727272727273,0,0,1,0
144,3.0,3.0,0.0,350,0.9753000000000001,0,0,1,0
145,5.0,5.0,0.0,272,0.9751272727272727,1,0,0,0
146,3.0,3.0,0.0,350,0.9749545454545454,0,0,1,0
147,5.0,5.0,0.0,151,0.9747818181818182,1,0,0,0
148,2.0,2.0,0.0,350,0.9746090909090909,0,0,1,0
149,4.0,4.0,0.0,350,0.9744363636363637,0,0,1,0
150,3.0,3.0,0.0,350,0.9742636363636363,0,0,1,0
151,4.0,4.0,0.0,350,0.9740909090909091,0,0,1,0
152,5.0,5.0,0.0,136,0.9739181818181818,1,0,0,0
153,3.0,3.0,0.0,350,0.9737454545454546,0,0,1,0
154,5.0,5.0,0.0,200,0.9735727272727273,1,0,0,0
155,5.0,5.0,0.0,179,0.9734,1,0,0,0
156,5.0,5.0,0.0,346,0.9732272727272727,1,0,0,0
157,5.0,5.0,0.0,288,0.9730545454545455,1,0,0,0
158,5.0,5.0,0.0,274,0.9728818181818182,1,0,0,0
159,3.0,3.0,0.0,350,0.972709090909091,0,0,1,0
160,4.0,4.0,0.0,350,0.9725363636363636,0,0,1,0
161,3.0,3.0,0.0,350,0.9723636363636363,0,0,1,0
162,5.0,5.0,0.0,219,0.9721909090909091,1,0,0,0
163,5.0,5.0,0.0,328,0.9720181818181818,1,0,0,0
164,3.0,3.0,0.0,350,0.9718454545454546,0,0,1,0
165,3.0,3.0,0.0,350,0.9716727272727272,0,0,1,0
166,5.0,5.0,0.0,309,0.9715,1,0,0,0
167,5.0,5.0,0.0,282,0.9713272727272727,1,0,0,0
168,5.0,5.0,0.0,246,0.9711545454545455,1,0,0,0
169,3.0,3.0,0.0,350,0.9709818181818182,0,0,1,0
170,2.0,2.0,0.0,350,0.970809090909091,0,0,1,0
171,5.0,5.0,0.0,199,0.9706363636363636,1,0,0,0
172,5.0,5.0,0.0,294,0.9704636363636364,1,0,0,0
173,4.0,4.0,0.0,350,0.9702909090909091,0,0,1,0
174,1.0,1.0,0.0,350,0.9701181818181818,0,0,1,0
175,5.0,5.0,0.0,296,0.9699454545454546,1,0,0,0
176,5.0,5.0,0.0,102,0.9697727272727272,1,0,0,0
177,4.0,4.0,0.0,350,0.9696,0,0,1,0
178,1.0,1.0,0.0,350,0.9694272727272727,0,0,1,0
179,4.0,4.0,0.0,350,0.9692545454545455,0,0,1,0
180,4.0,4.0,0.0,350,0.9690818181818182,0,0,1,0
181,4.0,4.0,0.0,350,0.9689090909090909,0,0,1,0
182,5.0,5.0,0.0,214,0.9687363636363636,1,0,0,0
183,4.0,4.0,0.0,350,0.9685636363636364,0,0,1,0
184,5.0,5.0,0.0,337,0.9683909090909091,1,0,0,0
185,4.0,4.0,0.0,350,0.9682181818181819,0,0,1,0
186,3.0,3.0,0.0,350,0.9680454545454545,0,0,1,0
187,2.0,2.0,0.0,350,0.9678727272727272,0,0,1,0
188,5.0,5.0,0.0,249,0.9677,1,0,0,0
189,5.0,5.0,0.0,190,0.9675272727272727,1,0,0,0
190,5.0,5.0,0.0,123,0.9673545454545455,1,0,0,0
191,1.0,1.0,0.0,350,0.9671818181818181,0,0,1,0
192,3.0,3.0,0.0,350,0.9670090909090909,0,0,1,0
193,5.0,5.0,0.0,186,0.9668363636363636,1,0,0,0
194,4.0,4.0,0.0,350,0.9666636363636364,0,0,1,0
195,3.0,3.0,0.0,350,0.9664909090909091,0,0,1,0
196,5.0,5.0,0.0,116,0.9663181818181819,1,0,0,0
197,3.0,3.0,0.0,350,0.9661454545454545,0,0,1,0
198,2.0,2.0,0.0,350,0.9659727272727273,0,0,1,0
199,5.0,5.0,0.0,348,0.9658,1,0,0,0
200,5.0,5.0,0.0,266,0.9656272727272728,1,0,0,0
201,5.0,5.0,0.0,239,0.9654545454545455,1,0,0,0
202,5.0,5.0,0.0,157,0.9652818181818181,1,0,0,0
203,4.0,4.0,0.0,350,0.9651090909090909,0,0,1,0
204,4.0,4.0,0.0,350,0.9649363636363636,0,0,1,0
205,4.0,4.0,0.0,350,0.9647636363636364,0,0,1,0
206,4.0,4.0,0.0,350,0.964590909090909,0,0,1,0
207,5.0,5.0,0.0,238,0.9644181818181818,1,0,0,0
208,3.0,3.0,0.0,350,0.9642454545454545,0,0,1,0
209,3.0,3.0,0.0,350,0.9640727272727273,0,0,1,0
210,5.0,5.0,0.0,234,0.9639,1,0,0,0
211,3.0,3.0,0.0,350,0.9637272727272728,0,0,1,0
212,4.0,4.0,0.0,350,0.9635545454545454,0,0,1,0
213,4.0,4.0,0.0,350,0.9633818181818182,0,0,1,0
214,2.0,2.0,0.0,350,0.9632090909090909,0,0,1,0
215,4.0,4.0,0.0,350,0.9630363636363637,0,0,1,0
216,2.0,2.0,0.0,350,0.9628636363636364,0,0,1,0
217,3.0,3.0,0.0,350,0.962690909090909,0,0,1,0
218,3.0,3.0,0.0,350,0.9625181818181818,0,0,1,0
219,1.0,1.0,0.0,350,0.9623454545454545,0,0,1,0
220,5.0,5.0,0.0,200,0.9621727272727273,1,0,0,0
221,4.0,4.0,0.0,350,0.962,0,0,1,0
222,4.0,4.0,0.0,350,0.9618272727272728,0,0,1,0
223,5.0,5.0,0.0,252,0.9616545454545454,1,0,0,0
224,3.0,3.0,0.0,350,0.9614818181818182,0,0,1,0
225,5.0,5.0,0.0,267,0.9613090909090909,1,0,0,0
226,3.0,3.0,0.0,350,0.9611363636363637,0,0,1,0
227,2.0,2.0,0.0,350,0.9609636363636364,0,0,1,0
228,3.0,3.0,0.0,350,0.9607909090909091,0,0,1,0
229,4.0,4.0,0.0,350,0.9606181818181818,0,0,1,0
230,5.0,5.0,0.0,224,0.9604454545454546,1,0,0,0
231,5.0,5.0,0.0,317,0.9602727272727273,1,0,0,0
232,4.0,4.0,0.0,350,0.9601,0,0,1,0
233,4.0,4.0,0.0,350,0.9599272727272727,0,0,1,0
234,4.0,4.0,0.0,350,0.9597545454545454,0,0,1,0
235,5.0,5.0,0.0,183,0.9595818181818182,1,0,0,0
236,3.0,3.0,0.0,350,0.9594090909090909,0,0,1,0
237,4.0,4.0,0.0,350,0.9592363636363637,0,0,1,0
238,5.0,5.0,0.0,261,0.9590636363636363,1,0,0,0
239,5.0,5.0,0.0,152,0.9588909090909091,1,0,0,0
240,5.0,5.0,0.0,346,0.9587181818181818,1,0,0,0
241,4.0,4.0,0.0,350,0.9585454545454546,0,0,1,0
242,2.0,2.0,0.0,350,0.9583727272727273,0,0,1,0
243,5.0,5.0,0.0,199,0.9582,1,0,0,0
244,4.0,4.0,0.0,350,0.9580272727272727,0,0,1,0
245,5.0,5.0,0.0,295,0.9578545454545455,1,0,0,0
246,4.0,4.0,0.0,350,0.9576818181818182,0,0,1,0
247,5.0,5.0,0.0,170,0.9575090909090909,1,0,0,0
248,5.0,5.0,0.0,300,0.9573363636363637,1,0,0,0
249,5.0,5.0,0.0,312,0.9571636363636363,1,0,0,0
250,4.0,4.0,0.0,350,0.9569909090909091,0,0,1,0
251,3.0,3.0,0.0,350,0.9568181818181818,0,0,1,0
252,5.0,5.0,0.0,250,0.9566454545454546,1,0,0,0
253,3.0,3.0,0.0,350,0.9564727272727273,0,0,1,0
254,4.0,4.0,0.0,350,0.9563,0,0,1,0
255,5.0,5.0,0.0,134,0.9561272727272727,1,0,0,0
256,5.0,5.0,0.0,309,0.9559545454545455,1,0,0,0
257,4.0,4.0,0.0,350,0.9557818181818182,0,0,1,0
258,5.0,5.0,0.0,191,0.9556090909090909,1,0,0,0
259,5.0,5.0,0.0,283,0.9554363636363636,1,0,0,0
260,5.0,5.0,0.0,194,0.9552636363636363,1,0,0,0
261,4.0,4.0,0.0,350,0.9550909090909091,0,0,1,0
262,5.0,5.0,0.0,274,0.9549181818181818,1,0,0,0
263,4.0,4.0,0.0,350,0.9547454545454546,0,0,1,0
264,5.0,5.0,0.0,148,0.9545727272727272,1,0,0,0
265,5.0,5.0,0.0,217,0.9544,1,0,0,0
266,4.0,4.0,0.0,350,0.9542272727272727,0,0,1,0
267,2.0,2.0,0.0,350,0.9540545454545455,0,0,1,0
268,3.0,3.0,0.0,350,0.9538818181818182,0,0,1,0
269,5.0,5.0,0.0,225,0.953709090909091,1,0,0,0
270,5.0,5.0,0.0,219,0.9535363636363636,1,0,0,0
271,5.0,5.0,0.0,323,0.9533636363636364,1,0,0,0
272,4.0,4.0,0.0,350,0.9531909090909091,0,0,1,0
273,5.0,5.0,0.0,345,0.9530181818181818,1,0,0,0
274,5.0,5.0,0.0,279,0.9528454545454546,1,0,0,0
275,5.0,5.0,0.0,224,0.9526727272727272,1,0,0,0
276,5.0,5.0,0.0,234,0.9525,1,0,0,0
277,5.0,5.0,0.0,251,0.9523272727272727,1,0,0,0
278,3.0,3.0,0.0,350,0.9521545454545455,0,0,1,0
279,5.0,5.0,0.0,234,0.9519818181818182,1,0,0,0
280,5.0,5.0,0.0,339,0.9518090909090909,1,0,0,0
281,2.0,2.0,0.0,350,0.9516363636363636,0,0,1,0
282,5.0,5.0,0.0,285,0.9514636363636364,1,0,0,0
283,3.0,3.0,0.0,350,0.9512909090909091,0,0,1,0
284,5.0,5.0,0.0,283,0.9511181818181819,1,0,0,0
285,5.0,5.0,0.0,160,0.9509454545454545,1,0,0,0
286,5.0,5.0,0.0,238,0.9507727272727273,1,0,0,0
287,5.0,5.0,0.0,303,0.9506,1,0,0,0
288,4.0,4.0,0.0,350,0.9504272727272727,0,0,1,0
289,3.0,3.0,0.0,350,0.9502545454545455,0,0,1,0
290,5.0,5.0,0.0,244,0.9500818181818181,1,0,0,0
291,5.0,5.0,0.0,280,0.9499090909090909,1,0,0,0
292,5.0,5.0,0.0,278,0.9497363636363636,1,0,0,0
293,2.0,2.0,0.0,350,0.9495636363636364,0,0,1,0
294,5.0,5.0,0.0,322,0.9493909090909091,1,0,0,0
295,2.0,2.0,0.0,350,0.9492181818181818,0,0,1,0
296,4.0,4.0,0.0,350,0.9490454545454545,0,0,1,0
297,5.0,5.0,0.0,128,0.9488727272727273,1,0,0,0
298,5.0,5.0,0.0,209,0.9487,1,0,0,0
299,5.0,5.0,0.0,205,0.9485272727272728,1,0,0,0
300,5.0,5.0,0.0,223,0.9483545454545455,1,0,0,0
301,5.0,5.0,0.0,210,0.9481818181818182,1,0,0,0
302,5.0,5.0,0.0,234,0.9480090909090909,1,0,0,0
303,5.0,5.0,0.0,272,0.9478363636363636,1,0,0,0
304,5.0,5.0,0.0,168,0.9476636363636364,1,0,0,0
305,5.0,5.0,0.0,149,0.947490909090909,1,0,0,0
306,5.0,5.0,0.0,275,0.9473181818181818,1,0,0,0
307,5.0,5.0,0.0,223,0.9471454545454545,1,0,0,0
308,5.0,5.0,0.0,345,0.9469727272727273,1,0,0,0
309,3.0,3.0,0.0,350,0.9468,0,0,1,0
310,4.0,4.0,0.0,350,0.9466272727272728,0,0,1,0
311,4.0,4.0,0.0,350,0.9464545454545454,0,0,1,0
312,3.0,3.0,0.0,350,0.9462818181818182,0,0,1,0
313,2.0,2.0,0.0,350,0.9461090909090909,0,0,1,0
314,5.0,5.0,0.0,282,0.9459363636363637,1,0,0,0
315,4.0,4.0,0.0,350,0.9457636363636364,0,0,1,0
316,5.0,5.0,0.0,161,0.9455909090909091,1,0,0,0
317,3.0,3.0,0.0,350,0.9454181818181818,0,0,1,0
318,3.0,3.0,0.0,350,0.9452454545454545,0,0,1,0
319,4.0,4.0,0.0,350,0.9450727272727273,0,0,1,0
320,3.0,3.0,0.0,350,0.9449,0,0,1,0
321,5.0,5.0,0.0,137,0.9447272727272727,1,0,0,0
322,5.0,5.0,0.0,64,0.9445545454545454,1,0,0,0
323,4.0,4.0,0.0,350,0.9443818181818182,0,0,1,0
324,5.0,5.0,0.0,274,0.9442090909090909,1,0,0,0
325,5.0,5.0,0.0,286,0.9440363636363637,1,0,0,0
326,1.0,1.0,0.0,350,0.9438636363636363,0,0,1,0
327,5.0,5.0,0.0,264,0.9436909090909091,1,0,0,0
328,5.0,5.0,0.0,192,0.9435181818181818,1,0,0,0
329,4.0,4.0,0.0,350,0.9433454545454546,0,0,1,0
330,1.0,1.0,0.0,350,0.9431727272727273,0,0,1,0
331,2.0,2.0,0.0,350,0.9430000000000001,0,0,1,0
332,3.0,3.0,0.0,350,0.9428272727272727,0,0,1,0
333,2.0,2.0,0.0,350,0.9426545454545454,0,0,1,0
334,5.0,5.0,0.0,176,0.9424818181818182,1,0,0,0
335,5.0,5.0,0.0,236,0.9423090909090909,1,0,0,0
336,5.0,5.0,0.0,121,0.9421363636363637,1,0,0,0
337,5.0,5.0,0.0,316,0.9419636363636363,1,0,0,0
338,5.0,5.0,0.0,164,0.9417909090909091,1,0,0,0
339,3.0,3.0,0.0,350,0.9416181818181818,0,0,1,0
340,3.0,3.0,0.0,350,0.9414454545454546,0,0,1,0
341,4.0,4.0,0.0,350,0.9412727272727273,0,0,1,0
342,3.0,3.0,0.0,350,0.9411,0,0,1,0
343,5.0,5.0,0.0,134,0.9409272727272727,1,0,0,0
344,3.0,3.0,0.0,350,0.9407545454545454,0,0,1,0
345,1.0,1.0,0.0,350,0.9405818181818182,0,0,1,0
346,4.0,4.0,0.0,350,0.9404090909090909,0,0,1,0
347,5.0,5.0,0.0,327,0.9402363636363636,1,0,0,0
348,5.0,5.0,0.0,342,0.9400636363636363,1,0,0,0
349,3.0,3.0,0.0,350,0.9398909090909091,0,0,1,0
350,2.0,2.0,0.0,350,0.9397181818181818,0,0,1,0
351,5.0,5.0,0.0,200,0.9395454545454546,1,0,0,0
352,5.0,5.0,0.0,127,0.9393727272727272,1,0,0,0
353,5.0,5.0,0.0,144,0.9392,1,0,0,0
354,5.0,5.0,0.0,144,0.9390272727272727,1,0,0,0
355,5.0,5.0,0.0,228,0.9388545454545455,1,0,0,0
356,5.0,5.0,0.0,63,0.9386818181818182,1,0,0,0
357,2.0,2.0,0.0,350,0.938509090909091,0,0,1,0
358,5.0,5.0,0.0,319,0.9383363636363636,1,0,0,0
359,5.0,5.0,0.0,210,0.9381636363636363,1,0,0,0
360,4.0,4.0,0.0,350,0.9379909090909091,0,0,1,0
361,5.0,5.0,0.0,221,0.9378181818181818,1,0,0,0
362,4.0,4.0,0.0,350,0.9376454545454546,0,0,1,0
363,5.0,5.0,0.0,286,0.9374727272727272,1,0,0,0
364,5.0,5.0,0.0,343,0.9373,1,0,0,0
365,5.0,5.0,0.0,312,0.9371272727272727,1,0,0,0
366,5.0,5.0,0.0,235,0.9369545454545455,1,0,0,0
367,5.0,5.0,0.0,217,0.9367818181818182,1,0,0,0
368,5.0,5.0,0.0,341,0.936609090909091,1,0,0,0
369,5.0,5.0,0.0,289,0.9364363636363636,1,0,0,0
370,5.0,5.0,0.0,322,0.9362636363636364,1,0,0,0
371,5.0,5.0,0.0,276,0.9360909090909091,1,0,0,0
372,3.0,3.0,0.0,350,0.9359181818181819,0,0,1,0
373,5.0,5.0,0.0,312,0.9357454545454545,1,0,0,0
374,5.0,5.0,0.0,253,0.9355727272727272,1,0,0,0
375,3.0,3.0,0.0,350,0.9354,0,0,1,0
376,2.0,2.0,0.0,350,0.9352272727272728,0,0,1,0
377,3.0,3.0,0.0,350,0.9350545454545455,0,0,1,0
378,4.0,4.0,0.0,350,0.9348818181818181,0,0,1,0
379,4.0,4.0,0.0,350,0.9347090909090909,0,0,1,0
380,5.0,5.0,0.0,171,0.9345363636363636,1,0,0,0
381,5.0,5.0,0.0,283,0.9343636363636364,1,0,0,0
382,3.0,3.0,0.0,350,0.9341909090909091,0,0,1,0
383,5.0,5.0,0.0,323,0.9340181818181819,1,0,0,0
384,3.0,3.0,0.0,350,0.9338454545454545,0,0,1,0
385,2.0,2.0,0.0,350,0.9336727272727273,0,0,1,0
386,5.0,5.0,0.0,165,0.9335,1,0,0,0
387,5.0,5.0,0.0,258,0.9333272727272728,1,0,0,0
388,3.0,3.0,0.0,350,0.9331545454545455,0,0,1,0
389,3.0,3.0,0.0,350,0.9329818181818181,0,0,1,0
390,5.0,5.0,0.0,324,0.9328090909090909,1,0,0,0
391,5.0,5.0,0.0,311,0.9326363636363636,1,0,0,0
392,4.0,4.0,0.0,350,0.9324636363636364,0,0,1,0
393,5.0,5.0,0.0,241,0.9322909090909091,1,0,0,0
394,5.0,5.0,0.0,337,0.9321181818181818,1,0,0,0
395,5.0,5.0,0.0,349,0.9319454545454545,1,0,0,0
396,5.0,5.0,0.0,213,0.9317727272727273,1,0,0,0
397,5.0,5.0,0.0,340,0.9316,1,0,0,0
398,4.0,4.0,0.0,350,0.9314272727272728,0,0,1,0
399,5.0,5.0,0.0,159,0.9312545454545454,1,0,0,0
400,5.0,5.0,0.0,111,0.9310818181818181,1,0,0,0
401,5.0,5.0,0.0,266,0.9309090909090909,1,0,0,0
402,4.0,4.0,0.0,350,0.9307363636363637,0,0,1,0
403,1.0,1.0,0.0,350,0.9305636363636364,0,0,1,0
404,5.0,5.0,0.0,322,0.930390909090909,1,0,0,0
405,5.0,5.0,0.0,189,0.9302181818181818,1,0,0,0
406,5.0,5.0,0.0,309,0.9300454545454545,1,0,0,0
407,5.0,5.0,0.0,205,0.9298727272727273,1,0,0,0
408,2.0,2.0,0.0,350,0.9297,0,0,1,0
409,5.0,5.0,0.0,293,0.9295272727272728,1,0,0,0
410,5.0,5.0,0.0,43,0.9293545454545454,1,0,0,0
411,5.0,5.0,0.0,181,0.9291818181818182,1,0,0,0
412,5.0,5.0,0.0,322,0.9290090909090909,1,0,0,0
413,5.0,5.0,0.0,272,0.9288363636363637,1,0,0,0
414,5.0,5.0,0.0,250,0.9286636363636364,1,0,0,0
415,5.0,5.0,0.0,343,0.9284909090909091,1,0,0,0
416,5.0,5.0,0.0,149,0.9283181818181818,1,0,0,0
417,5.0,5.0,0.0,233,0.9281454545454546,1,0,0,0
418,5.0,5.0,0.0,201,0.9279727272727273,1,0,0,0
419,3.0,3.0,0.0,350,0.9278,0,0,1,0
420,5.0,5.0,0.0,229,0.9276272727272727,1,0,0,0
421,4.0,4.0,0.0,350,0.9274545454545454,0,0,1,0
422,5.0,5.0,0.0,337,0.9272818181818182,1,0,0,0
423,4.0,4.0,0.0,350,0.9271090909090909,0,0,1,0
424,5.0,5.0,0.0,166,0.9269363636363637,1,0,0,0
425,2.0,2.0,0.0,350,0.9267636363636363,0,0,1,0
426,5.0,5.0,0.0,151,0.9265909090909091,1,0,0,0
427,2.0,2.0,0.0,350,0.9264181818181818,0,0,1,0
428,5.0,5.0,0.0,311,0.9262454545454546,1,0,0,0
429,5.0,5.0,0.0,255,0.9260727272727273,1,0,0,0
430,5.0,5.0,0.0,93,0.9259,1,0,0,0
431,5.0,5.0,0.0,263,0.9257272727272727,1,0,0,0
432,5.0,5.0,0.0,134,0.9255545454545455,1,0,0,0
433,5.0,5.0,0.0,142,0.9253818181818182,1,0,0,0
434,2.0,2.0,0.0,350,0.9252090909090909,0,0,1,0
435,5.0,5.0,0.0,238,0.9250363636363637,1,0,0,0
436,5.0,5.0,0.0,349,0.9248636363636363,1,0,0,0
437,5.0,5.0,0.0,192,0.9246909090909091,1,0,0,0
438,5.0,5.0,0.0,259,0.9245181818181818,1,0,0,0
439,5.0,5.0,0.0,157,0.9243454545454546,1,0,0,0
440,5.0,5.0,0.0,247,0.9241727272727273,1,0,0,0
441,5.0,5.0,0.0,209,0.924,1,0,0,0
442,5.0,5.0,0.0,285,0.9238272727272727,1,0,0,0
443,5.0,5.0,0.0,296,0.9236545454545455,1,0,0,0
444,4.0,4.0,0.0,350,0.9234818181818182,0,0,1,0
445,4.0,4.0,0.0,350,0.9233090909090909,0,0,1,0
446,5.0,5.0,0.0,263,0.9231363636363636,1,0,0,0
447,5.0,5.0,0.0,294,0.9229636363636364,1,0,0,0
448,5.0,5.0,0.0,68,0.9227909090909091,1,0,0,0
449,4.0,4.0,0.0,350,0.9226181818181818,0,0,1,0
450,5.0,5.0,0.0,154,0.9224454545454546,1,0,0,0
451,5.0,5.0,0.0,197,0.9222727272727272,1,0,0,0
452,2.0,2.0,0.0,350,0.9221,0,0,1,0
453,3.0,3.0,0.0,350,0.9219272727272727,0,0,1,0
454,5.0,5.0,0.0,281,0.9217545454545455,1,0,0,0
455,5.0,5.0,0.0,270,0.9215818181818182,1,0,0,0
456,4.0,4.0,0.0,350,0.921409090909091,0,0,1,0
457,5.0,5.0,0.0,301,0.9212363636363636,1,0,0,0
458,1.0,1.0,0.0,350,0.9210636363636364,0,0,1,0
459,3.0,3.0,0.0,350,0.9208909090909091,0,0,1,0
460,5.0,5.0,0.0,239,0.9207181818181818,1,0,0,0
461,5.0,5.0,0.0,282,0.9205454545454546,1,0,0,0
462,5.0,5.0,0.0,308,0.9203727272727272,1,0,0,0
463,4.0,4.0,0.0,350,0.9202,0,0,1,0
464,2.0,2.0,0.0,350,0.9200272727272727,0,0,1,0
465,5.0,5.0,0.0,334,0.9198545454545455,1,0,0,0
466,5.0,5.0,0.0,216,0.9196818181818182,1,0,0,0
467,5.0,5.0,0.0,245,0.9195090909090909,1,0,0,0
468,3.0,3.0,0.0,350,0.9193363636363636,0,0,1,0
469,5.0,5.0,0.0,217,0.9191636363636364,1,0,0,0
470,5.0,5.0,0.0,179,0.9189909090909091,1,0,0,0
471,5.0,5.0,0.0,188,0.9188181818181819,1,0,0,0
472,3.0,3.0,0.0,350,0.9186454545454545,0,0,1,0
473,5.0,5.0,0.0,202,0.9184727272727273,1,0,0,0
474,5.0,5.0,0.0,106,0.9183,1,0,0,0
475,4.0,4.0,0.0,350,0.9181272727272727,0,0,1,0
476,2.0,2.0,0.0,350,0.9179545454545455,0,0,1,0
477,5.0,5.0,0.0,198,0.9177818181818181,1,0,0,0
478,3.0,3.0,0.0,350,0.9176090909090909,0,0,1,0
479,5.0,5.0,0.0,105,0.9174363636363636,1,0,0,0
480,5.0,5.0,0.0,325,0.9172636363636364,1,0,0,0
481,3.0,3.0,0.0,350,0.9170909090909091,0,0,1,0
482,5.0,5.0,0.0,213,0.9169181818181819,1,0,0,0
483,5.0,5.0,0.0,313,0.9167454545454545,1,0,0,0
484,5.0,5.0,0.0,227,0.9165727272727273,1,0,0,0
485,5.0,5.0,0.0,237,0.9164,1,0,0,0
486,5.0,5.0,0.0,297,0.9162272727272728,1,0,0,0
487,4.0,4.0,0.0,350,0.9160545454545455,0,0,1,0
488,1.0,1.0,0.0,350,0.9158818181818182,0,0,1,0
489,5.0,5.0,0.0,189,0.9157090909090909,1,0,0,0
490,4.0,4.0,0.0,350,0.9155363636363636,0,0,1,0
491,5.0,5.0,0.0,177,0.9153636363636364,1,0,0,0
492,2.0,2.0,0.0,350,0.915190909090909,0,0,1,0
493,5.0,5.0,0.0,281,0.9150181818181818,1,0,0,0
494,5.0,5.0,0.0,204,0.9148454545454545,1,0,0,0
495,5.0,5.0,0.0,166,0.9146727272727273,1,0,0,0
496,3.0,3.0,0.0,350,0.9145,0,0,1,0
497,5.0,5.0,0.0,217,0.9143272727272728,1,0,0,0
498,4.0,4.0,0.0,350,0.9141545454545454,0,0,1,0
499,5.0,5.0,0.0,262,0.9139818181818182,1,0,0,0
500,4.0,4.0,0.0,350,0.9138090909090909,0,0,1,0
501,5.0,5.0,0.0,163,0.9136363636363636,1,0,0,0
502,4.0,4.0,0.0,350,0.9134636363636364,0,0,1,0
503,5.0,5.0,0.0,136,0.9132909090909092,1,0,0,0
504,5.0,5.0,0.0,240,0.9131181818181818,1,0,0,0
505,5.0,5.0,0.0,262,0.9129454545454545,1,0,0,0
506,3.0,3.0,0.0,350,0.9127727272727273,0,0,1,0
507,5.0,5.0,0.0,253,0.9126,1,0,0,0
508,5.0,5.0,0.0,235,0.9124272727272728,1,0,0,0
509,2.0,2.0,0.0,350,0.9122545454545454,0,0,1,0
510,3.0,3.0,0.0,350,0.9120818181818182,0,0,1,0
511,5.0,5.0,0.0,330,0.9119090909090909,1,0,0,0
512,5.0,5.0,0.0,304,0.9117363636363637,1,0,0,0
513,5.0,5.0,0.0,235,0.9115636363636364,1,0,0,0
514,2.0,2.0,0.0,350,0.9113909090909091,0,0,1,0
515,4.0,4.0,0.0,350,0.9112181818181818,0,0,1,0
516,5.0,5.0,0.0,289,0.9110454545454545,1,0,0,0
517,5.0,5.0,0.0,246,0.9108727272727273,1,0,0,0
518,5.0,5.0,0.0,158,0.9107000000000001,1,0,0,0
519,5.0,5.0,0.0,170,0.9105272727272727,1,0,0,0
520,4.0,4.0,0.0,350,0.9103545454545454,0,0,1,0
521,5.0,5.0,0.0,141,0.9101818181818182,1,0,0,0
522,4.0,4.0,0.0,350,0.9100090909090909,0,0,1,0
523,4.0,4.0,0.0,350,0.9098363636363637,0,0,1,0
524,1.0,1.0,0.0,350,0.9096636363636363,0,0,1,0
525,5.0,5.0,0.0,266,0.9094909090909091,1,0,0,0
526,2.0,2.0,0.0,350,0.9093181818181818,0,0,1,0
527,3.0,3.0,0.0,350,0.9091454545454546,0,0,1,0
528,5.0,5.0,0.0,301,0.9089727272727273,1,0,0,0
529,3.0,3.0,0.0,350,0.9088,0,0,1,0
530,5.0,5.0,0.0,299,0.9086272727272727,1,0,0,0
531,5.0,5.0,0.0,287,0.9084545454545454,1,0,0,0
532,5.0,5.0,0.0,237,0.9082818181818182,1,0,0,0
533,4.0,4.0,0.0,350,0.9081090909090909,0,0,1,0
534,5.0,5.0,0.0,120,0.9079363636363637,1,0,0,0
535,5.0,5.0,0.0,101,0.9077636363636363,1,0,0,0
536,5.0,5.0,0.0,213,0.9075909090909091,1,0,0,0
537,5.0,5.0,0.0,164,0.9074181818181818,1,0,0,0
538,5.0,5.0,0.0,265,0.9072454545454546,1,0,0,0
539,3.0,3.0,0.0,350,0.9070727272727273,0,0,1,0
540,3.0,3.0,0.0,350,0.9069,0,0,1,0
541,5.0,5.0,0.0,240,0.9067272727272727,1,0,0,0
542,5.0,5.0,0.0,208,0.9065545454545455,1,0,0,0
543,5.0,5.0,0.0,107,0.9063818181818182,1,0,0,0
544,5.0,5.0,0.0,232,0.906209090909091,1,0,0,0
545,5.0,5.0,0.0,220,0.9060363636363636,1,0,0,0
546,5.0,5.0,0.0,321,0.9058636363636363,1,0,0,0
547,5.0,5.0,0.0,188,0.9056909090909091,1,0,0,0
548,5.0,5.0,0.0,218,0.9055181818181819,1,0,0,0
549,5.0,5.0,0.0,162,0.9053454545454546,1,0,0,0
550,5.0,5.0,0.0,222,0.9051727272727272,1,0,0,0
551,3.0,3.0,0.0,350,0.905,0,0,1,0
552,5.0,5.0,0.0,312,0.9048272727272727,1,0,0,0
553,3.0,3.0,0.0,350,0.9046545454545455,0,0,1,0
554,4.0,4.0,0.0,350,0.9044818181818182,0,0,1,0
555,5.0,5.0,0.0,195,0.904309090909091,1,0,0,0
556,5.0,5.0,0.0,224,0.9041363636363636,1,0,0,0
557,5.0,5.0,0.0,237,0.9039636363636364,1,0,0,0
558,5.0,5.0,0.0,288,0.9037909090909091,1,0,0,0
559,5.0,5.0,0.0,153,0.9036181818181819,1,0,0,0
560,5.0,5.0,0.0,102,0.9034454545454546,1,0,0,0
561,5.0,5.0,0.0,310,0.9032727272727272,1,0,0,0
562,5.0,5.0,0.0,238,0.9031,1,0,0,0
563,5.0,5.0,0.0,260,0.9029272727272727,1,0,0,0
564,5.0,5.0,0.0,119,0.9027545454545455,1,0,0,0
565,5.0,5.0,0.0,267,0.9025818181818182,1,0,0,0
566,5.0,5.0,0.0,114,0.9024090909090909,1,0,0,0
567,5.0,5.0,0.0,189,0.9022363636363636,1,0,0,0
568,5.0,5.0,0.0,229,0.9020636363636364,1,0,0,0
569,5.0,5.0,0.0,133,0.9018909090909091,1,0,0,0
570,5.0,5.0,0.0,171,0.9017181818181819,1,0,0,0
571,5.0,5.0,0.0,184,0.9015454545454545,1,0,0,0
572,5.0,5.0,0.0,166,0.9013727272727272,1,0,0,0
573,5.0,5.0,0.0,160,0.9012,1,0,0,0
574,4.0,4.0,0.0,350,0.9010272727272728,0,0,1,0
575,5.0,5.0,0.0,118,0.9008545454545455,1,0,0,0
576,5.0,5.0,0.0,149,0.9006818181818181,1,0,0,0
577,5.0,5.0,0.0,161,0.9005090909090909,1,0,0,0
578,5.0,5.0,0.0,233,0.9003363636363636,1,0,0,0
579,5.0,5.0,0.0,291,0.9001636363636364,1,0,0,0
580,5.0,5.0,0.0,226,0.8999909090909091,1,0,0,0
581,5.0,5.0,0.0,269,0.8998181818181819,1,0,0,0
582,4.0,4.0,0.0,350,0.8996454545454545,0,0,1,0
583,5.0,5.0,0.0,213,0.8994727272727273,1,0,0,0
584,5.0,5.0,0.0,262,0.8993,1,0,0,0
585,5.0,5.0,0.0,251,0.8991272727272728,1,0,0,0
586,5.0,5.0,0.0,211,0.8989545454545455,1,0,0,0
587,5.0,5.0,0.0,240,0.8987818181818182,1,0,0,0
588,3.0,3.0,0.0,350,0.8986090909090909,0,0,1,0
589,4.0,4.0,0.0,350,0.8984363636363637,0,0,1,0
590,5.0,5.0,0.0,259,0.8982636363636364,1,0,0,0
591,4.0,4.0,0.0,350,0.898090909090909,0,0,1,0
592,5.0,5.0,0.0,167,0.8979181818181818,1,0,0,0
593,5.0,5.0,0.0,249,0.8977454545454545,1,0,0,0
594,5.0,5.0,0.0,74,0.8975727272727273,1,0,0,0
595,4.0,4.0,0.0,350,0.8974,0,0,1,0
596,5.0,5.0,0.0,235,0.8972272727272728,1,0,0,0
597,5.0,5.0,0.0,275,0.8970545454545454,1,0,0,0
598,5.0,5.0,0.0,216,0.8968818181818182,1,0,0,0
599,5.0,5.0,0.0,211,0.8967090909090909,1,0,0,0
600,5.0,5.0,0.0,239,0.8965363636363637,1,0,0,0
601,5.0,5.0,0.0,198,0.8963636363636364,1,0,0,0
602,5.0,5.0,0.0,177,0.896190909090909,1,0,0,0
603,5.0,5.0,0.0,143,0.8960181818181818,1,0,0,0
604,5.0,5.0,0.0,202,0.8958454545454545,1,0,0,0
605,5.0,5.0,0.0,341,0.8956727272727273,1,0,0,0
606,5.0,5.0,0.0,276,0.8955,1,0,0,0
607,5.0,5.0,0.0,141,0.8953272727272727,1,0,0,0
608,3.0,3.0,0.0,350,0.8951545454545454,0,0,1,0
609,4.0,4.0,0.0,350,0.8949818181818182,0,0,1,0
610,5.0,5.0,0.0,282,0.8948090909090909,1,0,0,0
611,5.0,5.0,0.0,87,0.8946363636363637,1,0,0,0
612,3.0,3.0,0.0,350,0.8944636363636363,0,0,1,0
613,5.0,5.0,0.0,240,0.8942909090909091,1,0,0,0
614,5.0,5.0,0.0,158,0.8941181818181818,1,0,0,0
615,3.0,3.0,0.0,350,0.8939454545454546,0,0,1,0
616,5.0,5.0,0.0,208,0.8937727272727273,1,0,0,0
617,5.0,5.0,0.0,253,0.8936,1,0,0,0
618,5.0,5.0,0.0,263,0.8934272727272727,1,0,0,0
619,3.0,3.0,0.0,350,0.8932545454545455,0,0,1,0
620,5.0,5.0,0.0,158,0.8930818181818182,1,0,0,0
621,5.0,5.0,0.0,203,0.8929090909090909,1,0,0,0
622,5.0,5.0,0.0,165,0.8927363636363637,1,0,0,0
623,5.0,5.0,0.0,161,0.8925636363636363,1,0,0,0
624,5.0,5.0,0.0,279,0.8923909090909091,1,0,0,0
625,5.0,5.0,0.0,255,0.8922181818181818,1,0,0,0
626,5.0,5.0,0.0,212,0.8920454545454546,1,0,0,0
627,5.0,5.0,0.0,167,0.8918727272727273,1,0,0,0
628,5.0,5.0,0.0,321,0.8917,1,0,0,0
629,5.0,5.0,0.0,147,0.8915272727272727,1,0,0,0
630,5.0,5.0,0.0,300,0.8913545454545455,1,0,0,0
631,4.0,4.0,0.0,350,0.8911818181818182,0,0,1,0
632,3.0,3.0,0.0,350,0.8910090909090909,0,0,1,0
633,3.0,3.0,0.0,350,0.8908363636363636,0,0,1,0
634,5.0,5.0,0.0,161,0.8906636363636363,1,0,0,0
635,5.0,5.0,0.0,293,0.8904909090909091,1,0,0,0
636,5.0,5.0,0.0,264,0.8903181818181818,1,0,0,0
637,5.0,5.0,0.0,99,0.8901454545454546,1,0,0,0
638,4.0,4.0,0.0,350,0.8899727272727272,0,0,1,0
639,5.0,5.0,0.0,219,0.8898,1,0,0,0
640,5.0,5.0,0.0,287,0.8896272727272727,1,0,0,0
641,5.0,5.0,0.0,183,0.8894545454545455,1,0,0,0
642,5.0,5.0,0.0,137,0.8892818181818182,1,0,0,0
643,5.0,5.0,0.0,168,0.889109090909091,1,0,0,0
644,5.0,5.0,0.0,316,0.8889363636363636,1,0,0,0
645,5.0,5.0,0.0,314,0.8887636363636364,1,0,0,0
646,5.0,5.0,0.0,219,0.8885909090909091,1,0,0,0
647,5.0,5.0,0.0,142,0.8884181818181818,1,0,0,0
648,5.0,5.0,0.0,273,0.8882454545454546,1,0,0,0
649,5.0,5.0,0.0,279,0.8880727272727272,1,0,0,0
650,5.0,5.0,0.0,211,0.8879,1,0,0,0
651,5.0,5.0,0.0,344,0.8877272727272727,1,0,0,0
652,5.0,5.0,0.0,226,0.8875545454545455,1,0,0,0
653,5.0,5.0,0.0,143,0.8873818181818182,1,0,0,0
654,5.0,5.0,0.0,204,0.887209090909091,1,0,0,0
655,5.0,5.0,0.0,141,0.8870363636363636,1,0,0,0
656,5.0,5.0,0.0,279,0.8868636363636364,1,0,0,0
657,5.0,5.0,0.0,224,0.8866909090909091,1,0,0,0
658,2.0,2.0,0.0,350,0.8865181818181819,0,0,1,0
659,3.0,3.0,0.0,350,0.8863454545454545,0,0,1,0
660,5.0,5.0,0.0,247,0.8861727272727273,1,0,0,0
661,5.0,5.0,0.0,255,0.886,1,0,0,0
662,5.0,5.0,0.0,198,0.8858272727272727,1,0,0,0
663,5.0,5.0,0.0,118,0.8856545454545455,1,0,0,0
664,5.0,5.0,0.0,216,0.8854818181818181,1,0,0,0
665,5.0,5.0,0.0,224,0.8853090909090909,1,0,0,0
666,5.0,5.0,0.0,191,0.8851363636363636,1,0,0,0
667,5.0,5.0,0.0,134,0.8849636363636364,1,0,0,0
668,5.0,5.0,0.0,202,0.8847909090909091,1,0,0,0
669,5.0,5.0,0.0,270,0.8846181818181819,1,0,0,0
670,5.0,5.0,0.0,181,0.8844454545454545,1,0,0,0
671,5.0,5.0,0.0,308,0.8842727272727273,1,0,0,0
672,5.0,5.0,0.0,121,0.8841,1,0,0,0
673,5.0,5.0,0.0,227,0.8839272727272727,1,0,0,0
674,5.0,5.0,0.0,124,0.8837545454545455,1,0,0,0
675,5.0,5.0,0.0,290,0.8835818181818182,1,0,0,0
676,5.0,5.0,0.0,144,0.8834090909090909,1,0,0,0
677,5.0,5.0,0.0,160,0.8832363636363636,1,0,0,0
678,5.0,5.0,0.0,155,0.8830636363636364,1,0,0,0
679,5.0,5.0,0.0,346,0.8828909090909091,1,0,0,0
680,5.0,5.0,0.0,157,0.8827181818181818,1,0,0,0
681,5.0,5.0,0.0,164,0.8825454545454545,1,0,0,0
682,3.0,3.0,0.0,350,0.8823727272727273,0,0,1,0
683,5.0,5.0,0.0,192,0.8822,1,0,0,0
684,5.0,5.0,0.0,285,0.8820272727272728,1,0,0,0
685,2.0,2.0,0.0,350,0.8818545454545454,0,0,1,0
686,5.0,5.0,0.0,147,0.8816818181818182,1,0,0,0
687,5.0,5.0,0.0,202,0.8815090909090909,1,0,0,0
688,5.0,5.0,0.0,128,0.8813363636363636,1,0,0,0
689,5.0,5.0,0.0,117,0.8811636363636364,1,0,0,0
690,5.0,5.0,0.0,155,0.880990909090909,1,0,0,0
691,5.0,5.0,0.0,239,0.8808181818181818,1,0,0,0
692,5.0,5.0,0.0,302,0.8806454545454545,1,0,0,0
693,5.0,5.0,0.0,58,0.8804727272727273,1,0,0,0
694,5.0,5.0,0.0,300,0.8803,1,0,0,0
695,5.0,5.0,0.0,217,0.8801272727272728,1,0,0,0
696,5.0,5.0,0.0,219,0.8799545454545454,1,0,0,0
697,5.0,5.0,0.0,176,0.8797818181818182,1,0,0,0
698,5.0,5.0,0.0,174,0.8796090909090909,1,0,0,0
699,5.0,5.0,0.0,148,0.8794363636363637,1,0,0,0
700,3.0,3.0,0.0,350,0.8792636363636364,0,0,1,0
701,5.0,5.0,0.0,257,0.8790909090909091,1,0,0,0
702,5.0,5.0,0.0,196,0.8789181818181818,1,0,0,0
703,5.0,5.0,0.0,130,0.8787454545454545,1,0,0,0
704,5.0,5.0,0.0,149,0.8785727272727273,1,0,0,0
705,5.0,5.0,0.0,200,0.8784,1,0,0,0
706,3.0,3.0,0.0,350,0.8782272727272727,0,0,1,0
707,5.0,5.0,0.0,121,0.8780545454545454,1,0,0,0
708,5.0,5.0,0.0,227,0.8778818181818182,1,0,0,0
709,5.0,5.0,0.0,149,0.8777090909090909,1,0,0,0
710,5.0,5.0,0.0,150,0.8775363636363637,1,0,0,0
711,4.0,4.0,0.0,350,0.8773636363636363,0,0,1,0
712,4.0,4.0,0.0,350,0.8771909090909091,0,0,1,0
713,5.0,5.0,0.0,341,0.8770181818181818,1,0,0,0
714,5.0,5.0,0.0,209,0.8768454545454546,1,0,0,0
715,5.0,5.0,0.0,180,0.8766727272727273,1,0,0,0
716,5.0,5.0,0.0,253,0.8765000000000001,1,0,0,0
717,5.0,5.0,0.0,264,0.8763272727272727,1,0,0,0
718,5.0,5.0,0.0,222,0.8761545454545454,1,0,0,0
719,4.0,4.0,0.0,350,0.8759818181818182,0,0,1,0
720,5.0,5.0,0.0,156,0.875809090909091,1,0,0,0
721,5.0,5.0,0.0,179,0.8756363636363637,1,0,0,0
722,5.0,5.0,0.0,218,0.8754636363636363,1,0,0,0
723,5.0,5.0,0.0,254,0.8752909090909091,1,0,0,0
724,5.0,5.0,0.0,198,0.8751181818181818,1,0,0,0
725,5.0,5.0,0.0,207,0.8749454545454546,1,0,0,0
726,5.0,5.0,0.0,151,0.8747727272727273,1,0,0,0
727,3.0,3.0,0.0,350,0.8746,0,0,1,0
728,4.0,4.0,0.0,350,0.8744272727272727,0,0,1,0
729,5.0,5.0,0.0,136,0.8742545454545455,1,0,0,0
730,5.0,5.0,0.0,191,0.8740818181818182,1,0,0,0
731,5.0,5.0,0.0,231,0.873909090909091,1,0,0,0
732,5.0,5.0,0.0,183,0.8737363636363636,1,0,0,0
733,5.0,5.0,0.0,132,0.8735636363636363,1,0,0,0
734,5.0,5.0,0.0,162,0.8733909090909091,1,0,0,0
735,5.0,5.0,0.0,219,0.8732181818181818,1,0,0,0
736,5.0,5.0,0.0,217,0.8730454545454546,1,0,0,0
737,4.0,4.0,0.0,350,0.8728727272727272,0,0,1,0
738,5.0,5.0,0.0,110,0.8727,1,0,0,0
739,5.0,5.0,0.0,272,0.8725272727272727,1,0,0,0
740,5.0,5.0,0.0,178,0.8723545454545455,1,0,0,0
741,5.0,5.0,0.0,141,0.8721818181818182,1,0,0,0
742,5.0,5.0,0.0,117,0.872009090909091,1,0,0,0
743,5.0,5.0,0.0,243,0.8718363636363636,1,0,0,0
744,2.0,2.0,0.0,350,0.8716636363636363,0,0,1,0
745,5.0,5.0,0.0,199,0.8714909090909091,1,0,0,0
746,5.0,5.0,0.0,171,0.8713181818181819,1,0,0,0
747,5.0,5.0,0.0,213,0.8711454545454546,1,0,0,0
748,5.0,5.0,0.0,225,0.8709727272727272,1,0,0,0
749,5.0,5.0,0.0,125,0.8708,1,0,0,0
750,5.0,5.0,0.0,83,0.8706272727272727,1,0,0,0
751,5.0,5.0,0.0,259,0.8704545454545455,1,0,0,0
752,5.0,5.0,0.0,79,0.8702818181818182,1,0,0,0
753,5.0,5.0,0.0,249,0.8701090909090909,1,0,0,0
754,5.0,5.0,0.0,106,0.8699363636363636,1,0,0,0
755,5.0,5.0,0.0,223,0.8697636363636364,1,0,0,0
756,5.0,5.0,0.0,178,0.8695909090909091,1,0,0,0
757,5.0,5.0,0.0,127,0.8694181818181819,1,0,0,0
758,5.0,5.0,0.0,130,0.8692454545454545,1,0,0,0
759,5.0,5.0,0.0,154,0.8690727272727272,1,0,0,0
760,5.0,5.0,0.0,208,0.8689,1,0,0,0
761,5.0,5.0,0.0,136,0.8687272727272728,1,0,0,0
762,5.0,5.0,0.0,245,0.8685545454545455,1,0,0,0
763,5.0,5.0,0.0,195,0.8683818181818181,1,0,0,0
764,5.0,5.0,0.0,209,0.8682090909090909,1,0,0,0
765,5.0,5.0,0.0,147,0.8680363636363637,1,0,0,0
766,5.0,5.0,0.0,310,0.8678636363636364,1,0,0,0
767,5.0,5.0,0.0,313,0.8676909090909091,1,0,0,0
768,5.0,5.0,0.0,111,0.8675181818181819,1,0,0,0
769,5.0,5.0,0.0,140,0.8673454545454545,1,0,0,0
770,5.0,5.0,0.0,232,0.8671727272727273,1,0,0,0
771,5.0,5.0,0.0,126,0.867,1,0,0,0
772,5.0,5.0,0.0,140,0.8668272727272728,1,0,0,0
773,5.0,5.0,0.0,182,0.8666545454545455,1,0,0,0
774,2.0,2.0,0.0,350,0.8664818181818181,0,0,1,0
775,5.0,5.0,0.0,146,0.8663090909090909,1,0,0,0
776,5.0,5.0,0.0,266,0.8661363636363637,1,0,0,0
777,5.0,5.0,0.0,289,0.8659636363636364,1,0,0,0
778,5.0,5.0,0.0,169,0.865790909090909,1,0,0,0
779,5.0,5.0,0.0,123,0.8656181818181818,1,0,0,0
780,5.0,5.0,0.0,171,0.8654454545454545,1,0,0,0
781,5.0,5.0,0.0,154,0.8652727272727273,1,0,0,0
782,5.0,5.0,0.0,181,0.8651,1,0,0,0
783,5.0,5.0,0.0,203,0.8649272727272728,1,0,0,0
784,5.0,5.0,0.0,180,0.8647545454545454,1,0,0,0
785,3.0,3.0,0.0,350,0.8645818181818181,0,0,1,0
786,5.0,5.0,0.0,143,0.8644090909090909,1,0,0,0
787,5.0,5.0,0.0,173,0.8642363636363637,1,0,0,0
788,5.0,5.0,0.0,121,0.8640636363636364,1,0,0,0
789,5.0,5.0,0.0,170,0.863890909090909,1,0,0,0
790,5.0,5.0,0.0,184,0.8637181818181818,1,0,0,0
791,5.0,5.0,0.0,263,0.8635454545454545,1,0,0,0
792,5.0,5.0,0.0,250,0.8633727272727273,1,0,0,0
793,5.0,5.0,0.0,208,0.8632,1,0,0,0
794,5.0,5.0,0.0,311,0.8630272727272728,1,0,0,0
795,5.0,5.0,0.0,264,0.8628545454545454,1,0,0,0
796,5.0,5.0,0.0,172,0.8626818181818182,1,0,0,0
797,5.0,5.0,0.0,217,0.8625090909090909,1,0,0,0
798,5.0,5.0,0.0,178,0.8623363636363637,1,0,0,0
799,5.0,5.0,0.0,227,0.8621636363636364,1,0,0,0
800,5.0,5.0,0.0,108,0.861990909090909,1,0,0,0
801,4.0,4.0,0.0,350,0.8618181818181818,0,0,1,0
802,5.0,5.0,0.0,122,0.8616454545454546,1,0,0,0
803,5.0,5.0,0.0,118,0.8614727272727273,1,0,0,0
804,5.0,5.0,0.0,136,0.8613,1,0,0,0
805,5.0,5.0,0.0,227,0.8611272727272727,1,0,0,0
806,3.0,3.0,0.0,350,0.8609545454545455,0,0,1,0
807,5.0,5.0,0.0,151,0.8607818181818182,1,0,0,0
808,5.0,5.0,0.0,195,0.8606090909090909,1,0,0,0
809,5.0,5.0,0.0,252,0.8604363636363637,1,0,0,0
810,3.0,3.0,0.0,350,0.8602636363636363,0,0,1,0
811,5.0,5.0,0.0,225,0.8600909090909091,1,0,0,0
812,5.0,5.0,0.0,134,0.8599181818181818,1,0,0,0
813,5.0,5.0,0.0,80,0.8597454545454546,1,0,0,0
814,5.0,5.0,0.0,220,0.8595727272727273,1,0,0,0
815,5.0,5.0,0.0,103,0.8594,1,0,0,0
816,5.0,5.0,0.0,181,0.8592272727272727,1,0,0,0
817,5.0,5.0,0.0,171,0.8590545454545455,1,0,0,0
818,5.0,5.0,0.0,97,0.8588818181818182,1,0,0,0
819,5.0,5.0,0.0,156,0.8587090909090909,1,0,0,0
820,5.0,5.0,0.0,206,0.8585363636363637,1,0,0,0
821,5.0,5.0,0.0,104,0.8583636363636364,1,0,0,0
822,5.0,5.0,0.0,303,0.8581909090909091,1,0,0,0
823,5.0,5.0,0.0,126,0.8580181818181818,1,0,0,0
824,5.0,5.0,0.0,265,0.8578454545454546,1,0,0,0
825,5.0,5.0,0.0,151,0.8576727272727273,1,0,0,0
826,5.0,5.0,0.0,274,0.8575,1,0,0,0
827,5.0,5.0,0.0,249,0.8573272727272727,1,0,0,0
828,5.0,5.0,0.0,131,0.8571545454545455,1,0,0,0
829,5.0,5.0,0.0,195,0.8569818181818182,1,0,0,0
830,5.0,5.0,0.0,248,0.8568090909090909,1,0,0,0
831,5.0,5.0,0.0,168,0.8566363636363636,1,0,0,0
832,5.0,5.0,0.0,229,0.8564636363636364,1,0,0,0
833,5.0,5.0,0.0,105,0.8562909090909091,1,0,0,0
834,5.0,5.0,0.0,216,0.8561181818181818,1,0,0,0
835,5.0,5.0,0.0,156,0.8559454545454546,1,0,0,0
836,5.0,5.0,0.0,97,0.8557727272727272,1,0,0,0
837,5.0,5.0,0.0,230,0.8556,1,0,0,0
838,5.0,5.0,0.0,247,0.8554272727272727,1,0,0,0
839,5.0,5.0,0.0,212,0.8552545454545455,1,0,0,0
840,5.0,5.0,0.0,132,0.8550818181818182,1,0,0,0
841,5.0,5.0,0.0,180,0.8549090909090908,1,0,0,0
842,5.0,5.0,0.0,127,0.8547363636363636,1,0,0,0
843,5.0,5.0,0.0,192,0.8545636363636364,1,0,0,0
844,5.0,5.0,0.0,120,0.8543909090909091,1,0,0,0
845,5.0,5.0,0.0,142,0.8542181818181818,1,0,0,0
846,5.0,5.0,0.0,311,0.8540454545454546,1,0,0,0
847,3.0,3.0,0.0,350,0.8538727272727273,0,0,1,0
848,5.0,5.0,0.0,241,0.8537,1,0,0,0
849,5.0,5.0,0.0,72,0.8535272727272727,1,0,0,0
850,5.0,5.0,0.0,238,0.8533545454545455,1,0,0,0
851,5.0,5.0,0.0,248,0.8531818181818182,1,0,0,0
852,5.0,5.0,0.0,88,0.8530090909090909,1,0,0,0
853,5.0,5.0,0.0,222,0.8528363636363636,1,0,0,0
854,5.0,5.0,0.0,255,0.8526636363636364,1,0,0,0
855,5.0,5.0,0.0,185,0.8524909090909091,1,0,0,0
856,5.0,5.0,0.0,161,0.8523181818181819,1,0,0,0
857,5.0,5.0,0.0,241,0.8521454545454545,1,0,0,0
858,5.0,5.0,0.0,168,0.8519727272727273,1,0,0,0
859,5.0,5.0,0.0,158,0.8518,1,0,0,0
860,5.0,5.0,0.0,89,0.8516272727272727,1,0,0,0
861,5.0,5.0,0.0,154,0.8514545454545455,1,0,0,0
862,5.0,5.0,0.0,48,0.8512818181818183,1,0,0,0
863,5.0,5.0,0.0,171,0.8511090909090909,1,0,0,0
864,5.0,5.0,0.0,75,0.8509363636363636,1,0,0,0
865,5.0,5.0,0.0,122,0.8507636363636364,1,0,0,0
866,5.0,5.0,0.0,217,0.8505909090909091,1,0,0,0
867,5.0,5.0,0.0,120,0.8504181818181819,1,0,0,0
868,5.0,5.0,0.0,235,0.8502454545454545,1,0,0,0
869,4.0,4.0,0.0,350,0.8500727272727273,0,0,1,0
870,5.0,5.0,0.0,163,0.8499,1,0,0,0
871,5.0,5.0,0.0,96,0.8497272727272728,1,0,0,0
872,5.0,5.0,0.0,94,0.8495545454545455,1,0,0,0
873,5.0,5.0,0.0,219,0.8493818181818182,1,0,0,0
874,5.0,5.0,0.0,83,0.8492090909090909,1,0,0,0
875,5.0,5.0,0.0,166,0.8490363636363636,1,0,0,0
876,4.0,4.0,0.0,350,0.8488636363636364,0,0,1,0
877,5.0,5.0,0.0,212,0.8486909090909092,1,0,0,0
878,5.0,5.0,0.0,246,0.8485181818181818,1,0,0,0
879,5.0,5.0,0.0,67,0.8483454545454545,1,0,0,0
880,5.0,5.0,0.0,117,0.8481727272727273,1,0,0,0
881,5.0,5.0,0.0,73,0.848,1,0,0,0
882,5.0,5.0,0.0,151,0.8478272727272728,1,0,0,0
883,5.0,5.0,0.0,157,0.8476545454545454,1,0,0,0
884,5.0,5.0,0.0,135,0.8474818181818182,1,0,0,0
885,5.0,5.0,0.0,197,0.8473090909090909,1,0,0,0
886,5.0,5.0,0.0,192,0.8471363636363636,1,0,0,0
887,5.0,5.0,0.0,129,0.8469636363636364,1,0,0,0
888,5.0,5.0,0.0,229,0.8467909090909091,1,0,0,0
889,5.0,5.0,0.0,245,0.8466181818181818,1,0,0,0
890,5.0,5.0,0.0,227,0.8464454545454545,1,0,0,0
891,5.0,5.0,0.0,65,0.8462727272727273,1,0,0,0
892,5.0,5.0,0.0,104,0.8461,1,0,0,0
893,5.0,5.0,0.0,263,0.8459272727272727,1,0,0,0
894,5.0,5.0,0.0,205,0.8457545454545454,1,0,0,0
895,5.0,5.0,0.0,245,0.8455818181818182,1,0,0,0
896,5.0,5.0,0.0,231,0.8454090909090909,1,0,0,0
897,5.0,5.0,0.0,174,0.8452363636363637,1,0,0,0
898,5.0,5.0,0.0,156,0.8450636363636364,1,0,0,0
899,5.0,5.0,0.0,173,0.8448909090909091,1,0,0,0
900,5.0,5.0,0.0,269,0.8447181818181818,1,0,0,0
901,5.0,5.0,0.0,216,0.8445454545454545,1,0,0,0
902,5.0,5.0,0.0,232,0.8443727272727273,1,0,0,0
903,5.0,5.0,0.0,107,0.8442000000000001,1,0,0,0
904,5.0,5.0,0.0,103,0.8440272727272727,1,0,0,0
905,5.0,5.0,0.0,89,0.8438545454545454,1,0,0,0
906,5.0,5.0,0.0,179,0.8436818181818182,1,0,0,0
907,5.0,5.0,0.0,117,0.843509090909091,1,0,0,0
908,5.0,5.0,0.0,171,0.8433363636363637,1,0,0,0
909,5.0,5.0,0.0,107,0.8431636363636363,1,0,0,0
910,5.0,5.0,0.0,288,0.8429909090909091,1,0,0,0
911,2.0,2.0,0.0,350,0.8428181818181818,0,0,1,0
912,5.0,5.0,0.0,225,0.8426454545454546,1,0,0,0
913,5.0,5.0,0.0,106,0.8424727272727273,1,0,0,0
914,5.0,5.0,0.0,232,0.8423,1,0,0,0
915,5.0,5.0,0.0,324,0.8421272727272727,1,0,0,0
916,5.0,5.0,0.0,226,0.8419545454545455,1,0,0,0
917,5.0,5.0,0.0,125,0.8417818181818182,1,0,0,0
918,5.0,5.0,0.0,147,0.841609090909091,1,0,0,0
919,5.0,5.0,0.0,90,0.8414363636363636,1,0,0,0
920,5.0,5.0,0.0,107,0.8412636363636363,1,0,0,0
921,5.0,5.0,0.0,184,0.8410909090909091,1,0,0,0
922,5.0,5.0,0.0,197,0.8409181818181818,1,0,0,0
923,5.0,5.0,0.0,196,0.8407454545454546,1,0,0,0
924,5.0,5.0,0.0,322,0.8405727272727272,1,0,0,0
925,5.0,5.0,0.0,178,0.8404,1,0,0,0
926,5.0,5.0,0.0,146,0.8402272727272727,1,0,0,0
927,5.0,5.0,0.0,61,0.8400545454545455,1,0,0,0
928,5.0,5.0,0.0,164,0.8398818181818182,1,0,0,0
929,5.0,5.0,0.0,72,0.839709090909091,1,0,0,0
930,5.0,5.0,0.0,339,0.8395363636363636,1,0,0,0
931,5.0,5.0,0.0,194,0.8393636363636363,1,0,0,0
932,5.0,5.0,0.0,198,0.8391909090909091,1,0,0,0
933,5.0,5.0,0.0,218,0.8390181818181819,1,0,0,0
934,5.0,5.0,0.0,148,0.8388454545454546,1,0,0,0
935,5.0,5.0,0.0,95,0.8386727272727272,1,0,0,0
936,5.0,5.0,0.0,161,0.8385,1,0,0,0
937,5.0,5.0,0.0,190,0.8383272727272727,1,0,0,0
938,5.0,5.0,0.0,196,0.8381545454545455,1,0,0,0
939,4.0,4.0,0.0,350,0.8379818181818182,0,0,1,0
940,5.0,5.0,0.0,210,0.837809090909091,1,0,0,0
941,5.0,5.0,0.0,162,0.8376363636363636,1,0,0,0
942,5.0,5.0,0.0,136,0.8374636363636363,1,0,0,0
943,5.0,5.0,0.0,122,0.8372909090909091,1,0,0,0
944,5.0,5.0,0.0,127,0.8371181818181819,1,0,0,0
945,5.0,5.0,0.0,226,0.8369454545454545,1,0,0,0
946,5.0,5.0,0.0,112,0.8367727272727272,1,0,0,0
947,5.0,5.0,0.0,107,0.8366,1,0,0,0
948,5.0,5.0,0.0,323,0.8364272727272728,1,0,0,0
949,5.0,5.0,0.0,147,0.8362545454545455,1,0,0,0
950,5.0,5.0,0.0,248,0.8360818181818181,1,0,0,0
951,5.0,5.0,0.0,239,0.8359090909090909,1,0,0,0
952,5.0,5.0,0.0,100,0.8357363636363636,1,0,0,0
953,5.0,5.0,0.0,71,0.8355636363636364,1,0,0,0
954,5.0,5.0,0.0,177,0.8353909090909091,1,0,0,0
955,5.0,5.0,0.0,94,0.8352181818181819,1,0,0,0
956,5.0,5.0,0.0,178,0.8350454545454545,1,0,0,0
957,5.0,5.0,0.0,163,0.8348727272727273,1,0,0,0
958,5.0,5.0,0.0,121,0.8347,1,0,0,0
959,5.0,5.0,0.0,304,0.8345272727272728,1,0,0,0
960,5.0,5.0,0.0,282,0.8343545454545455,1,0,0,0
961,5.0,5.0,0.0,102,0.8341818181818181,1,0,0,0
962,5.0,5.0,0.0,123,0.8340090909090909,1,0,0,0
963,5.0,5.0,0.0,141,0.8338363636363637,1,0,0,0
964,5.0,5.0,0.0,177,0.8336636363636364,1,0,0,0
965,5.0,5.0,0.0,120,0.8334909090909091,1,0,0,0
966,5.0,5.0,0.0,122,0.8333181818181818,1,0,0,0
967,5.0,5.0,0.0,170,0.8331454545454545,1,0,0,0
968,5.0,5.0,0.0,252,0.8329727272727273,1,0,0,0
969,5.0,5.0,0.0,118,0.8328,1,0,0,0
970,5.0,5.0,0.0,151,0.8326272727272728,1,0,0,0
971,5.0,5.0,0.0,144,0.8324545454545454,1,0,0,0
972,5.0,5.0,0.0,177,0.8322818181818182,1,0,0,0
973,5.0,5.0,0.0,154,0.8321090909090909,1,0,0,0
974,5.0,5.0,0.0,111,0.8319363636363637,1,0,0,0
975,5.0,5.0,0.0,187,0.8317636363636364,1,0,0,0
976,5.0,5.0,0.0,91,0.831590909090909,1,0,0,0
977,5.0,5.0,0.0,150,0.8314181818181818,1,0,0,0
978,5.0,5.0,0.0,222,0.8312454545454545,1,0,0,0
979,5.0,5.0,0.0,246,0.8310727272727273,1,0,0,0
980,5.0,5.0,0.0,161,0.8309,1,0,0,0
981,5.0,5.0,0.0,201,0.8307272727272728,1,0,0,0
982,5.0,5.0,0.0,154,0.8305545454545454,1,0,0,0
983,5.0,5.0,0.0,117,0.8303818181818182,1,0,0,0
984,5.0,5.0,0.0,218,0.8302090909090909,1,0,0,0
985,5.0,5.0,0.0,275,0.8300363636363637,1,0,0,0
986,5.0,5.0,0.0,272,0.8298636363636364,1,0,0,0
987,5.0,5.0,0.0,150,0.829690909090909,1,0,0,0
988,5.0,5.0,0.0,199,0.8295181818181818,1,0,0,0
989,5.0,5.0,0.0,205,0.8293454545454546,1,0,0,0
990,5.0,5.0,0.0,265,0.8291727272727273,1,0,0,0
991,5.0,5.0,0.0,190,0.829,1,0,0,0
992,5.0,5.0,0.0,163,0.8288272727272727,1,0,0,0
993,5.0,5.0,0.0,88,0.8286545454545454,1,0,0,0
994,5.0,5.0,0.0,164,0.8284818181818182,1,0,0,0
995,5.0,5.0,0.0,146,0.8283090909090909,1,0,0,0
996,5.0,5.0,0.0,165,0.8281363636363637,1,0,0,0
997,5.0,5.0,0.0,76,0.8279636363636363,1,0,0,0
998,5.0,5.0,0.0,82,0.8277909090909091,1,0,0,0
999,5.0,5.0,0.0,178,0.8276181818181818,1,0,0,0
1000,5.0,5.0,0.0,164,0.8274454545454546,1,0,0,0
1001,5.0,5.0,0.0,155,0.8272727272727273,1,0,0,0
1002,5.0,5.0,0.0,192,0.8271,1,0,0,0
1003,3.0,3.0,0.0,350,0.8269272727272727,0,0,1,0
1004,5.0,5.0,0.0,131,0.8267545454545455,1,0,0,0
1005,5.0,5.0,0.0,174,0.8265818181818182,1,0,0,0
1006,5.0,5.0,0.0,110,0.8264090909090909,1,0,0,0
1007,5.0,5.0,0.0,235,0.8262363636363637,1,0,0,0
1008,5.0,5.0,0.0,137,0.8260636363636364,1,0,0,0
1009,5.0,5.0,0.0,174,0.8258909090909091,1,0,0,0
1010,5.0,5.0,0.0,165,0.8257181818181818,1,0,0,0
1011,5.0,5.0,0.0,93,0.8255454545454546,1,0,0,0
1012,5.0,5.0,0.0,141,0.8253727272727273,1,0,0,0
1013,5.0,5.0,0.0,104,0.8252,1,0,0,0
1014,5.0,5.0,0.0,98,0.8250272727272727,1,0,0,0
1015,5.0,5.0,0.0,176,0.8248545454545455,1,0,0,0
1016,5.0,5.0,0.0,138,0.8246818181818182,1,0,0,0
1017,5.0,5.0,0.0,239,0.8245090909090909,1,0,0,0
1018,5.0,5.0,0.0,84,0.8243363636363636,1,0,0,0
1019,5.0,5.0,0.0,206,0.8241636363636364,1,0,0,0
1020,5.0,5.0,0.0,251,0.8239909090909091,1,0,0,0
1021,5.0,5.0,0.0,112,0.8238181818181818,1,0,0,0
1022,5.0,5.0,0.0,75,0.8236454545454546,1,0,0,0
1023,5.0,5.0,0.0,178,0.8234727272727272,1,0,0,0
1024,5.0,5.0,0.0,168,0.8233,1,0,0,0
1025,5.0,5.0,0.0,91,0.8231272727272727,1,0,0,0
1026,5.0,5.0,0.0,119,0.8229545454545455,1,0,0,0
1027,5.0,5.0,0.0,220,0.8227818181818182,1,0,0,0
1028,5.0,5.0,0.0,228,0.822609090909091,1,0,0,0
1029,5.0,5.0,0.0,184,0.8224363636363636,1,0,0,0
1030,5.0,5.0,0.0,203,0.8222636363636364,1,0,0,0
1031,5.0,5.0,0.0,180,0.8220909090909091,1,0,0,0
1032,5.0,5.0,0.0,95,0.8219181818181818,1,0,0,0
1033,5.0,5.0,0.0,184,0.8217454545454546,1,0,0,0
1034,5.0,5.0,0.0,59,0.8215727272727272,1,0,0,0
1035,5.0,5.0,0.0,112,0.8214,1,0,0,0
1036,5.0,5.0,0.0,255,0.8212272727272727,1,0,0,0
1037,5.0,5.0,0.0,134,0.8210545454545455,1,0,0,0
1038,5.0,5.0,0.0,178,0.8208818181818182,1,0,0,0
1039,5.0,5.0,0.0,173,0.8207090909090909,1,0,0,0
1040,5.0,5.0,0.0,66,0.8205363636363636,1,0,0,0
1041,5.0,5.0,0.0,169,0.8203636363636364,1,0,0,0
1042,5.0,5.0,0.0,181,0.8201909090909091,1,0,0,0
1043,5.0,5.0,0.0,120,0.8200181818181818,1,0,0,0
1044,5.0,5.0,0.0,205,0.8198454545454545,1,0,0,0
1045,5.0,5.0,0.0,198,0.8196727272727273,1,0,0,0
1046,5.0,5.0,0.0,147,0.8195,1,0,0,0
1047,5.0,5.0,0.0,188,0.8193272727272727,1,0,0,0
1048,5.0,5.0,0.0,138,0.8191545454545455,1,0,0,0
1049,5.0,5.0,0.0,98,0.8189818181818183,1,0,0,0
1050,5.0,5.0,0.0,129,0.8188090909090909,1,0,0,0
1051,5.0,5.0,0.0,90,0.8186363636363636,1,0,0,0
1052,5.0,5.0,0.0,157,0.8184636363636364,1,0,0,0
1053,5.0,5.0,0.0,115,0.8182909090909092,1,0,0,0
1054,5.0,5.0,0.0,108,0.8181181818181819,1,0,0,0
1055,5.0,5.0,0.0,99,0.8179454545454545,1,0,0,0
1056,5.0,5.0,0.0,126,0.8177727272727273,1,0,0,0
1057,5.0,5.0,0.0,183,0.8176,1,0,0,0
1058,5.0,5.0,0.0,189,0.8174272727272728,1,0,0,0
1059,5.0,5.0,0.0,166,0.8172545454545455,1,0,0,0
1060,5.0,5.0,0.0,259,0.8170818181818182,1,0,0,0
1061,5.0,5.0,0.0,162,0.8169090909090909,1,0,0,0
1062,5.0,5.0,0.0,213,0.8167363636363636,1,0,0,0
1063,5.0,5.0,0.0,239,0.8165636363636364,1,0,0,0
1064,5.0,5.0,0.0,123,0.8163909090909092,1,0,0,0
1065,5.0,5.0,0.0,114,0.8162181818181818,1,0,0,0
1066,5.0,5.0,0.0,81,0.8160454545454545,1,0,0,0
1067,5.0,5.0,0.0,117,0.8158727272727273,1,0,0,0
1068,5.0,5.0,0.0,127,0.8157,1,0,0,0
1069,5.0,5.0,0.0,150,0.8155272727272728,1,0,0,0
1070,5.0,5.0,0.0,73,0.8153545454545454,1,0,0,0
1071,5.0,5.0,0.0,110,0.8151818181818182,1,0,0,0
1072,5.0,5.0,0.0,116,0.8150090909090909,1,0,0,0
1073,5.0,5.0,0.0,250,0.8148363636363636,1,0,0,0
1074,5.0,5.0,0.0,120,0.8146636363636364,1,0,0,0
1075,5.0,5.0,0.0,209,0.8144909090909092,1,0,0,0
1076,5.0,5.0,0.0,145,0.8143181818181818,1,0,0,0
1077,5.0,5.0,0.0,140,0.8141454545454545,1,0,0,0
1078,5.0,5.0,0.0,182,0.8139727272727273,1,0,0,0
1079,5.0,5.0,0.0,173,0.8138,1,0,0,0
1080,5.0,5.0,0.0,173,0.8136272727272728,1,0,0,0
1081,5.0,5.0,0.0,69,0.8134545454545454,1,0,0,0
1082,5.0,5.0,0.0,272,0.8132818181818182,1,0,0,0
1083,5.0,5.0,0.0,107,0.8131090909090909,1,0,0,0
1084,5.0,5.0,0.0,183,0.8129363636363636,1,0,0,0
1085,5.0,5.0,0.0,115,0.8127636363636364,1,0,0,0
1086,5.0,5.0,0.0,142,0.8125909090909091,1,0,0,0
1087,5.0,5.0,0.0,103,0.8124181818181818,1,0,0,0
1088,4.0,4.0,0.0,350,0.8122454545454545,0,0,1,0
1089,5.0,5.0,0.0,154,0.8120727272727273,1,0,0,0
1090,5.0,5.0,0.0,99,0.8119000000000001,1,0,0,0
1091,5.0,5.0,0.0,118,0.8117272727272727,1,0,0,0
1092,5.0,5.0,0.0,163,0.8115545454545454,1,0,0,0
1093,5.0,5.0,0.0,162,0.8113818181818182,1,0,0,0
1094,5.0,5.0,0.0,73,0.8112090909090909,1,0,0,0
1095,5.0,5.0,0.0,201,0.8110363636363637,1,0,0,0
1096,5.0,5.0,0.0,122,0.8108636363636363,1,0,0,0
1097,5.0,5.0,0.0,118,0.8106909090909091,1,0,0,0
1098,5.0,5.0,0.0,107,0.8105181818181818,1,0,0,0
1099,5.0,5.0,0.0,163,0.8103454545454546,1,0,0,0
1100,5.0,5.0,0.0,128,0.8101727272727273,1,0,0,0
1101,5.0,5.0,0.0,118,0.81,1,0,0,0
1102,5.0,5.0,0.0,88,0.8098272727272727,1,0,0,0
1103,5.0,5.0,0.0,163,0.8096545454545454,1,0,0,0
1104,5.0,5.0,0.0,220,0.8094818181818182,1,0,0,0
1105,5.0,5.0,0.0,66,0.809309090909091,1,0,0,0
1106,5.0,5.0,0.0,117,0.8091363636363637,1,0,0,0
1107,5.0,5.0,0.0,170,0.8089636363636363,1,0,0,0
1108,5.0,5.0,0.0,93,0.8087909090909091,1,0,0,0
1109,5.0,5.0,0.0,242,0.8086181818181819,1,0,0,0
1110,5.0,5.0,0.0,130,0.8084454545454546,1,0,0,0
1111,5.0,5.0,0.0,157,0.8082727272727273,1,0,0,0
1112,5.0,5.0,0.0,122,0.8081,1,0,0,0
1113,5.0,5.0,0.0,181,0.8079272727272727,1,0,0,0
1114,5.0,5.0,0.0,143,0.8077545454545455,1,0,0,0
1115,5.0,5.0,0.0,143,0.8075818181818182,1,0,0,0
1116,5.0,5.0,0.0,96,0.807409090909091,1,0,0,0
1117,5.0,5.0,0.0,89,0.8072363636363636,1,0,0,0
1118,5.0,5.0,0.0,78,0.8070636363636363,1,0,0,0
1119,5.0,5.0,0.0,143,0.8068909090909091,1,0,0,0
1120,5.0,5.0,0.0,129,0.8067181818181819,1,0,0,0
1121,5.0,5.0,0.0,262,0.8065454545454546,1,0,0,0
1122,5.0,5.0,0.0,89,0.8063727272727272,1,0,0,0
1123,5.0,5.0,0.0,117,0.8062,1,0,0,0
1124,5.0,5.0,0.0,142,0.8060272727272727,1,0,0,0
1125,5.0,5.0,0.0,98,0.8058545454545455,1,0,0,0
1126,5.0,5.0,0.0,150,0.8056818181818182,1,0,0,0
1127,5.0,5.0,0.0,100,0.805509090909091,1,0,0,0
1128,5.0,5.0,0.0,172,0.8053363636363636,1,0,0,0
1129,5.0,5.0,0.0,79,0.8051636363636363,1,0,0,0
1130,5.0,5.0,0.0,200,0.8049909090909091,1,0,0,0
1131,5.0,5.0,0.0,73,0.8048181818181819,1,0,0,0
1132,5.0,5.0,0.0,155,0.8046454545454546,1,0,0,0
1133,5.0,5.0,0.0,142,0.8044727272727272,1,0,0,0
1134,5.0,5.0,0.0,155,0.8043,1,0,0,0
1135,5.0,5.0,0.0,202,0.8041272727272727,1,0,0,0
1136,5.0,5.0,0.0,162,0.8039545454545455,1,0,0,0
1137,5.0,5.0,0.0,114,0.8037818181818182,1,0,0,0
1138,5.0,5.0,0.0,188,0.8036090909090909,1,0,0,0
1139,5.0,5.0,0.0,177,0.8034363636363636,1,0,0,0
1140,5.0,5.0,0.0,118,0.8032636363636364,1,0,0,0
1141,5.0,5.0,0.0,93,0.8030909090909091,1,0,0,0
1142,5.0,5.0,0.0,135,0.8029181818181819,1,0,0,0
1143,5.0,5.0,0.0,177,0.8027454545454545,1,0,0,0
1144,5.0,5.0,0.0,173,0.8025727272727272,1,0,0,0
1145,5.0,5.0,0.0,154,0.8024,1,0,0,0
1146,5.0,5.0,0.0,109,0.8022272727272728,1,0,0,0
1147,5.0,5.0,0.0,139,0.8020545454545455,1,0,0,0
1148,5.0,5.0,0.0,98,0.8018818181818181,1,0,0,0
1149,5.0,5.0,0.0,156,0.8017090909090909,1,0,0,0
1150,5.0,5.0,0.0,83,0.8015363636363637,1,0,0,0
1151,5.0,5.0,0.0,63,0.8013636363636364,1,0,0,0
1152,5.0,5.0,0.0,146,0.8011909090909091,1,0,0,0
1153,5.0,5.0,0.0,112,0.8010181818181819,1,0,0,0
1154,5.0,5.0,0.0,84,0.8008454545454545,1,0,0,0
1155,5.0,5.0,0.0,253,0.8006727272727273,1,0,0,0
1156,5.0,5.0,0.0,195,0.8005,1,0,0,0
1157,5.0,5.0,0.0,79,0.8003272727272728,1,0,0,0
1158,5.0,5.0,0.0,154,0.8001545454545455,1,0,0,0
1159,5.0,5.0,0.0,132,0.7999818181818182,1,0,0,0
1160,5.0,5.0,0.0,115,0.7998090909090909,1,0,0,0
1161,5.0,5.0,0.0,45,0.7996363636363637,1,0,0,0
1162,5.0,5.0,0.0,106,0.7994636363636364,1,0,0,0
1163,5.0,5.0,0.0,124,0.799290909090909,1,0,0,0
1164,5.0,5.0,0.0,179,0.7991181818181818,1,0,0,0
1165,5.0,5.0,0.0,176,0.7989454545454545,1,0,0,0
1166,5.0,5.0,0.0,171,0.7987727272727273,1,0,0,0
1167,5.0,5.0,0.0,336,0.7986,1,0,0,0
1168,5.0,5.0,0.0,150,0.7984272727272728,1,0,0,0
1169,5.0,5.0,0.0,109,0.7982545454545454,1,0,0,0
1170,5.0,5.0,0.0,155,0.7980818181818182,1,0,0,0
1171,5.0,5.0,0.0,173,0.7979090909090909,1,0,0,0
1172,5.0,5.0,0.0,171,0.7977363636363637,1,0,0,0
1173,5.0,5.0,0.0,159,0.7975636363636364,1,0,0,0
1174,5.0,5.0,0.0,127,0.797390909090909,1,0,0,0
1175,5.0,5.0,0.0,126,0.7972181818181818,1,0,0,0
1176,5.0,5.0,0.0,98,0.7970454545454546,1,0,0,0
1177,5.0,5.0,0.0,193,0.7968727272727273,1,0,0,0
1178,5.0,5.0,0.0,232,0.7967,1,0,0,0
1179,5.0,5.0,0.0,123,0.7965272727272728,1,0,0,0
1180,5.0,5.0,0.0,102,0.7963545454545454,1,0,0,0
1181,5.0,5.0,0.0,183,0.7961818181818182,1,0,0,0
1182,5.0,5.0,0.0,84,0.7960090909090909,1,0,0,0
1183,5.0,5.0,0.0,138,0.7958363636363637,1,0,0,0
1184,5.0,5.0,0.0,226,0.7956636363636364,1,0,0,0
1185,5.0,5.0,0.0,119,0.795490909090909,1,0,0,0
1186,5.0,5.0,0.0,98,0.7953181818181818,1,0,0,0
1187,5.0,5.0,0.0,121,0.7951454545454546,1,0,0,0
1188,5.0,5.0,0.0,138,0.7949727272727273,1,0,0,0
1189,5.0,5.0,0.0,165,0.7948,1,0,0,0
1190,5.0,5.0,0.0,180,0.7946272727272727,1,0,0,0
1191,5.0,5.0,0.0,139,0.7944545454545455,1,0,0,0
1192,5.0,5.0,0.0,104,0.7942818181818182,1,0,0,0
1193,5.0,5.0,0.0,67,0.7941090909090909,1,0,0,0
1194,5.0,5.0,0.0,118,0.7939363636363637,1,0,0,0
1195,5.0,5.0,0.0,140,0.7937636363636363,1,0,0,0
1196,5.0,5.0,0.0,159,0.7935909090909091,1,0,0,0
1197,5.0,5.0,0.0,204,0.7934181818181818,1,0,0,0
1198,5.0,5.0,0.0,153,0.7932454545454546,1,0,0,0
1199,5.0,5.0,0.0,66,0.7930727272727273,1,0,0,0
1200,5.0,5.0,0.0,115,0.7929,1,0,0,0
1201,5.0,5.0,0.0,149,0.7927272727272727,1,0,0,0
1202,5.0,5.0,0.0,129,0.7925545454545455,1,0,0,0
1203,5.0,5.0,0.0,125,0.7923818181818182,1,0,0,0
1204,5.0,5.0,0.0,101,0.7922090909090909,1,0,0,0
1205,5.0,5.0,0.0,128,0.7920363636363636,1,0,0,0
1206,5.0,5.0,0.0,225,0.7918636363636364,1,0,0,0
1207,5.0,5.0,0.0,166,0.7916909090909091,1,0,0,0
1208,5.0,5.0,0.0,105,0.7915181818181818,1,0,0,0
1209,5.0,5.0,0.0,79,0.7913454545454546,1,0,0,0
1210,5.0,5.0,0.0,162,0.7911727272727272,1,0,0,0
1211,5.0,5.0,0.0,155,0.791,1,0,0,0
1212,5.0,5.0,0.0,45,0.7908272727272727,1,0,0,0
1213,5.0,5.0,0.0,58,0.7906545454545455,1,0,0,0
1214,5.0,5.0,0.0,132,0.7904818181818182,1,0,0,0
1215,5.0,5.0,0.0,88,0.790309090909091,1,0,0,0
1216,5.0,5.0,0.0,152,0.7901363636363636,1,0,0,0
1217,5.0,5.0,0.0,162,0.7899636363636364,1,0,0,0
1218,5.0,5.0,0.0,150,0.7897909090909091,1,0,0,0
1219,5.0,5.0,0.0,100,0.7896181818181818,1,0,0,0
1220,5.0,5.0,0.0,196,0.7894454545454546,1,0,0,0
1221,5.0,5.0,0.0,176,0.7892727272727272,1,0,0,0
1222,5.0,5.0,0.0,117,0.7891,1,0,0,0
1223,5.0,5.0,0.0,235,0.7889272727272727,1,0,0,0
1224,5.0,5.0,0.0,104,0.7887545454545455,1,0,0,0
1225,5.0,5.0,0.0,174,0.7885818181818182,1,0,0,0
1226,5.0,5.0,0.0,169,0.788409090909091,1,0,0,0
1227,5.0,5.0,0.0,98,0.7882363636363636,1,0,0,0
1228,5.0,5.0,0.0,163,0.7880636363636364,1,0,0,0
1229,5.0,5.0,0.0,186,0.7878909090909091,1,0,0,0
1230,5.0,5.0,0.0,197,0.7877181818181818,1,0,0,0
1231,5.0,5.0,0.0,246,0.7875454545454545,1,0,0,0
1232,5.0,5.0,0.0,139,0.7873727272727273,1,0,0,0
1233,5.0,5.0,0.0,102,0.7872,1,0,0,0
1234,5.0,5.0,0.0,111,0.7870272727272727,1,0,0,0
1235,5.0,5.0,0.0,205,0.7868545454545455,1,0,0,0
1236,5.0,5.0,0.0,129,0.7866818181818181,1,0,0,0
1237,5.0,5.0,0.0,92,0.7865090909090909,1,0,0,0
1238,5.0,5.0,0.0,220,0.7863363636363636,1,0,0,0
1239,5.0,5.0,0.0,150,0.7861636363636364,1,0,0,0
1240,5.0,5.0,0.0,62,0.7859909090909091,1,0,0,0
1241,5.0,5.0,0.0,144,0.7858181818181819,1,0,0,0
1242,5.0,5.0,0.0,67,0.7856454545454545,1,0,0,0
1243,5.0,5.0,0.0,59,0.7854727272727273,1,0,0,0
1244,5.0,5.0,0.0,113,0.7853,1,0,0,0
1245,5.0,5.0,0.0,211,0.7851272727272727,1,0,0,0
1246,5.0,5.0,0.0,123,0.7849545454545455,1,0,0,0
1247,5.0,5.0,0.0,105,0.7847818181818182,1,0,0,0
1248,5.0,5.0,0.0,220,0.7846090909090909,1,0,0,0
1249,5.0,5.0,0.0,171,0.7844363636363636,1,0,0,0
1250,5.0,5.0,0.0,125,0.7842636363636364,1,0,0,0
1251,5.0,5.0,0.0,147,0.7840909090909092,1,0,0,0
1252,5.0,5.0,0.0,223,0.7839181818181818,1,0,0,0
1253,5.0,5.0,0.0,109,0.7837454545454545,1,0,0,0
1254,5.0,5.0,0.0,189,0.7835727272727273,1,0,0,0
1255,5.0,5.0,0.0,161,0.7834,1,0,0,0
1256,5.0,5.0,0.0,74,0.7832272727272728,1,0,0,0
1257,5.0,5.0,0.0,87,0.7830545454545454,1,0,0,0
1258,5.0,5.0,0.0,187,0.7828818181818182,1,0,0,0
1259,5.0,5.0,0.0,108,0.7827090909090909,1,0,0,0
1260,5.0,5.0,0.0,119,0.7825363636363637,1,0,0,0
1261,5.0,5.0,0.0,98,0.7823636363636364,1,0,0,0
1262,5.0,5.0,0.0,131,0.7821909090909092,1,0,0,0
1263,5.0,5.0,0.0,132,0.7820181818181818,1,0,0,0
1264,5.0,5.0,0.0,101,0.7818454545454545,1,0,0,0
1265,5.0,5.0,0.0,47,0.7816727272727273,1,0,0,0
1266,5.0,5.0,0.0,88,0.7815,1,0,0,0
1267,5.0,5.0,0.0,110,0.7813272727272728,1,0,0,0
1268,5.0,5.0,0.0,142,0.7811545454545454,1,0,0,0
1269,5.0,5.0,0.0,116,0.7809818181818182,1,0,0,0
1270,5.0,5.0,0.0,145,0.7808090909090909,1,0,0,0
1271,5.0,5.0,0.0,205,0.7806363636363637,1,0,0,0
1272,5.0,5.0,0.0,65,0.7804636363636364,1,0,0,0
1273,5.0,5.0,0.0,209,0.7802909090909091,1,0,0,0
1274,5.0,5.0,0.0,132,0.7801181818181818,1,0,0,0
1275,5.0,5.0,0.0,199,0.7799454545454545,1,0,0,0
1276,5.0,5.0,0.0,129,0.7797727272727273,1,0,0,0
1277,5.0,5.0,0.0,254,0.7796,1,0,0,0
1278,5.0,5.0,0.0,110,0.7794272727272727,1,0,0,0
1279,5.0,5.0,0.0,268,0.7792545454545454,1,0,0,0
1280,5.0,5.0,0.0,163,0.7790818181818182,1,0,0,0
1281,5.0,5.0,0.0,90,0.7789090909090909,1,0,0,0
1282,5.0,5.0,0.0,216,0.7787363636363637,1,0,0,0
1283,5.0,5.0,0.0,107,0.7785636363636363,1,0,0,0
1284,5.0,5.0,0.0,197,0.7783909090909091,1,0,0,0
1285,5.0,5.0,0.0,185,0.7782181818181818,1,0,0,0
1286,5.0,5.0,0.0,127,0.7780454545454545,1,0,0,0
1287,5.0,5.0,0.0,135,0.7778727272727273,1,0,0,0
1288,5.0,5.0,0.0,90,0.7777000000000001,1,0,0,0
1289,5.0,5.0,0.0,87,0.7775272727272727,1,0,0,0
1290,5.0,5.0,0.0,176,0.7773545454545454,1,0,0,0
1291,5.0,5.0,0.0,103,0.7771818181818182,1,0,0,0
1292,5.0,5.0,0.0,113,0.777009090909091,1,0,0,0
1293,5.0,5.0,0.0,133,0.7768363636363637,1,0,0,0
1294,5.0,5.0,0.0,125,0.7766636363636363,1,0,0,0
1295,5.0,5.0,0.0,254,0.7764909090909091,1,0,0,0
1296,5.0,5.0,0.0,151,0.7763181818181819,1,0,0,0
1297,5.0,5.0,0.0,205,0.7761454545454546,1,0,0,0
1298,5.0,5.0,0.0,148,0.7759727272727273,1,0,0,0
1299,5.0,5.0,0.0,54,0.7758,1,0,0,0
1300,5.0,5.0,0.0,105,0.7756272727272727,1,0,0,0
1301,5.0,5.0,0.0,143,0.7754545454545455,1,0,0,0
1302,5.0,5.0,0.0,90,0.7752818181818182,1,0,0,0
1303,5.0,5.0,0.0,120,0.775109090909091,1,0,0,0
1304,5.0,5.0,0.0,58,0.7749363636363636,1,0,0,0
1305,5.0,5.0,0.0,102,0.7747636363636363,1,0,0,0
1306,5.0,5.0,0.0,83,0.7745909090909091,1,0,0,0
1307,5.0,5.0,0.0,113,0.7744181818181819,1,0,0,0
1308,5.0,5.0,0.0,131,0.7742454545454546,1,0,0,0
1309,5.0,5.0,0.0,76,0.7740727272727272,1,0,0,0
1310,5.0,5.0,0.0,82,0.7739,1,0,0,0
1311,5.0,5.0,0.0,124,0.7737272727272727,1,0,0,0
1312,5.0,5.0,0.0,104,0.7735545454545455,1,0,0,0
1313,5.0,5.0,0.0,191,0.7733818181818182,1,0,0,0
1314,5.0,5.0,0.0,154,0.773209090909091,1,0,0,0
1315,5.0,5.0,0.0,113,0.7730363636363636,1,0,0,0
1316,5.0,5.0,0.0,134,0.7728636363636363,1,0,0,0
1317,5.0,5.0,0.0,186,0.7726909090909091,1,0,0,0
1318,5.0,5.0,0.0,205,0.7725181818181819,1,0,0,0
1319,5.0,5.0,0.0,101,0.7723454545454546,1,0,0,0
1320,5.0,5.0,0.0,191,0.7721727272727272,1,0,0,0
1321,5.0,5.0,0.0,150,0.772,1,0,0,0
1322,5.0,5.0,0.0,100,0.7718272727272727,1,0,0,0
1323,5.0,5.0,0.0,65,0.7716545454545455,1,0,0,0
1324,5.0,5.0,0.0,126,0.7714818181818182,1,0,0,0
1325,5.0,5.0,0.0,131,0.7713090909090909,1,0,0,0
1326,5.0,5.0,0.0,87,0.7711363636363636,1,0,0,0
1327,5.0,5.0,0.0,81,0.7709636363636364,1,0,0,0
1328,5.0,5.0,0.0,112,0.7707909090909091,1,0,0,0
1329,5.0,5.0,0.0,112,0.7706181818181819,1,0,0,0
1330,5.0,5.0,0.0,99,0.7704454545454545,1,0,0,0
1331,5.0,5.0,0.0,111,0.7702727272727272,1,0,0,0
1332,5.0,5.0,0.0,191,0.7701,1,0,0,0
1333,5.0,5.0,0.0,129,0.7699272727272728,1,0,0,0
1334,5.0,5.0,0.0,126,0.7697545454545455,1,0,0,0
1335,5.0,5.0,0.0,169,0.7695818181818181,1,0,0,0
1336,5.0,5.0,0.0,114,0.7694090909090909,1,0,0,0
1337,5.0,5.0,0.0,82,0.7692363636363636,1,0,0,0
1338,5.0,5.0,0.0,200,0.7690636363636364,1,0,0,0
1339,5.0,5.0,0.0,138,0.7688909090909091,1,0,0,0
1340,5.0,5.0,0.0,204,0.7687181818181819,1,0,0,0
1341,5.0,5.0,0.0,107,0.7685454545454545,1,0,0,0
1342,5.0,5.0,0.0,145,0.7683727272727273,1,0,0,0
1343,5.0,5.0,0.0,116,0.7682,1,0,0,0
1344,5.0,5.0,0.0,142,0.7680272727272728,1,0,0,0
1345,5.0,5.0,0.0,146,0.7678545454545455,1,0,0,0
1346,5.0,5.0,0.0,234,0.7676818181818181,1,0,0,0
1347,5.0,5.0,0.0,84,0.7675090909090909,1,0,0,0
1348,5.0,5.0,0.0,150,0.7673363636363637,1,0,0,0
1349,5.0,5.0,0.0,77,0.7671636363636364,1,0,0,0
1350,5.0,5.0,0.0,118,0.7669909090909091,1,0,0,0
1351,5.0,5.0,0.0,82,0.7668181818181818,1,0,0,0
1352,5.0,5.0,0.0,137,0.7666454545454546,1,0,0,0
1353,5.0,5.0,0.0,109,0.7664727272727273,1,0,0,0
1354,5.0,5.0,0.0,61,0.7663,1,0,0,0
1355,5.0,5.0,0.0,212,0.7661272727272728,1,0,0,0
1356,5.0,5.0,0.0,175,0.7659545454545454,1,0,0,0
1357,5.0,5.0,0.0,74,0.7657818181818182,1,0,0,0
1358,5.0,5.0,0.0,129,0.7656090909090909,1,0,0,0
1359,5.0,5.0,0.0,82,0.7654363636363637,1,0,0,0
1360,5.0,5.0,0.0,118,0.7652636363636364,1,0,0,0
1361,5.0,5.0,0.0,121,0.765090909090909,1,0,0,0
1362,5.0,5.0,0.0,178,0.7649181818181818,1,0,0,0
1363,5.0,5.0,0.0,94,0.7647454545454546,1,0,0,0
1364,5.0,5.0,0.0,113,0.7645727272727273,1,0,0,0
1365,5.0,5.0,0.0,180,0.7644,1,0,0,0
1366,5.0,5.0,0.0,135,0.7642272727272728,1,0,0,0
1367,5.0,5.0,0.0,166,0.7640545454545454,1,0,0,0
1368,5.0,5.0,0.0,71,0.7638818181818182,1,0,0,0
1369,5.0,5.0,0.0,195,0.7637090909090909,1,0,0,0
1370,5.0,5.0,0.0,165,0.7635363636363637,1,0,0,0
1371,5.0,5.0,0.0,66,0.7633636363636364,1,0,0,0
1372,5.0,5.0,0.0,155,0.763190909090909,1,0,0,0
1373,5.0,5.0,0.0,70,0.7630181818181818,1,0,0,0
1374,5.0,5.0,0.0,109,0.7628454545454546,1,0,0,0
1375,5.0,5.0,0.0,183,0.7626727272727273,1,0,0,0
1376,5.0,5.0,0.0,108,0.7625,1,0,0,0
1377,5.0,5.0,0.0,93,0.7623272727272727,1,0,0,0
1378,5.0,5.0,0.0,56,0.7621545454545455,1,0,0,0
1379,5.0,5.0,0.0,73,0.7619818181818182,1,0,0,0
1380,5.0,5.0,0.0,143,0.7618090909090909,1,0,0,0
1381,5.0,5.0,0.0,109,0.7616363636363637,1,0,0,0
1382,5.0,5.0,0.0,88,0.7614636363636363,1,0,0,0
1383,5.0,5.0,0.0,186,0.7612909090909091,1,0,0,0
1384,5.0,5.0,0.0,153,0.7611181818181818,1,0,0,0
1385,5.0,5.0,0.0,99,0.7609454545454546,1,0,0,0
1386,5.0,5.0,0.0,83,0.7607727272727273,1,0,0,0
1387,5.0,5.0,0.0,97,0.7605999999999999,1,0,0,0
1388,5.0,5.0,0.0,98,0.7604272727272727,1,0,0,0
1389,5.0,5.0,0.0,77,0.7602545454545455,1,0,0,0
1390,5.0,5.0,0.0,87,0.7600818181818182,1,0,0,0
1391,5.0,5.0,0.0,111,0.7599090909090909,1,0,0,0
1392,5.0,5.0,0.0,133,0.7597363636363637,1,0,0,0
1393,5.0,5.0,0.0,51,0.7595636363636364,1,0,0,0
1394,5.0,5.0,0.0,83,0.7593909090909091,1,0,0,0
1395,5.0,5.0,0.0,126,0.7592181818181818,1,0,0,0
1396,5.0,5.0,0.0,120,0.7590454545454546,1,0,0,0
1397,5.0,5.0,0.0,154,0.7588727272727273,1,0,0,0
1398,5.0,5.0,0.0,196,0.7587,1,0,0,0
1399,5.0,5.0,0.0,97,0.7585272727272727,1,0,0,0
1400,5.0,5.0,0.0,217,0.7583545454545455,1,0,0,0
1401,5.0,5.0,0.0,180,0.7581818181818182,1,0,0,0
1402,5.0,5.0,0.0,139,0.7580090909090909,1,0,0,0
1403,5.0,5.0,0.0,101,0.7578363636363636,1,0,0,0
1404,5.0,5.0,0.0,87,0.7576636363636364,1,0,0,0
1405,5.0,5.0,0.0,96,0.7574909090909091,1,0,0,0
1406,5.0,5.0,0.0,107,0.7573181818181819,1,0,0,0
1407,5.0,5.0,0.0,110,0.7571454545454546,1,0,0,0
1408,5.0,5.0,0.0,124,0.7569727272727272,1,0,0,0
1409,5.0,5.0,0.0,142,0.7568,1,0,0,0
1410,5.0,5.0,0.0,94,0.7566272727272727,1,0,0,0
1411,5.0,5.0,0.0,120,0.7564545454545455,1,0,0,0
1412,5.0,5.0,0.0,141,0.7562818181818183,1,0,0,0
1413,5.0,5.0,0.0,147,0.7561090909090908,1,0,0,0
1414,5.0,5.0,0.0,89,0.7559363636363636,1,0,0,0
1415,5.0,5.0,0.0,69,0.7557636363636364,1,0,0,0
1416,5.0,5.0,0.0,185,0.7555909090909091,1,0,0,0
1417,5.0,5.0,0.0,62,0.7554181818181819,1,0,0,0
1418,5.0,5.0,0.0,70,0.7552454545454546,1,0,0,0
1419,5.0,5.0,0.0,93,0.7550727272727272,1,0,0,0
1420,5.0,5.0,0.0,103,0.7549,1,0,0,0
1421,5.0,5.0,0.0,137,0.7547272727272727,1,0,0,0
1422,5.0,5.0,0.0,80,0.7545545454545455,1,0,0,0
1423,5.0,5.0,0.0,213,0.7543818181818183,1,0,0,0
1424,5.0,5.0,0.0,97,0.7542090909090909,1,0,0,0
1425,5.0,5.0,0.0,171,0.7540363636363636,1,0,0,0
1426,5.0,5.0,0.0,89,0.7538636363636364,1,0,0,0
1427,5.0,5.0,0.0,152,0.7536909090909091,1,0,0,0
1428,5.0,5.0,0.0,126,0.7535181818181819,1,0,0,0
1429,5.0,5.0,0.0,132,0.7533454545454545,1,0,0,0
1430,5.0,5.0,0.0,134,0.7531727272727273,1,0,0,0
1431,5.0,5.0,0.0,94,0.753,1,0,0,0
1432,5.0,5.0,0.0,253,0.7528272727272727,1,0,0,0
1433,5.0,5.0,0.0,102,0.7526545454545455,1,0,0,0
1434,5.0,5.0,0.0,104,0.7524818181818183,1,0,0,0
1435,5.0,5.0,0.0,238,0.7523090909090909,1,0,0,0
1436,5.0,5.0,0.0,97,0.7521363636363636,1,0,0,0
1437,5.0,5.0,0.0,140,0.7519636363636364,1,0,0,0
1438,5.0,5.0,0.0,190,0.7517909090909092,1,0,0,0
1439,5.0,5.0,0.0,95,0.7516181818181819,1,0,0,0
1440,5.0,5.0,0.0,113,0.7514454545454545,1,0,0,0
1441,5.0,5.0,0.0,83,0.7512727272727273,1,0,0,0
1442,5.0,5.0,0.0,96,0.7511,1,0,0,0
1443,5.0,5.0,0.0,97,0.7509272727272728,1,0,0,0
1444,5.0,5.0,0.0,120,0.7507545454545455,1,0,0,0
1445,5.0,5.0,0.0,108,0.7505818181818182,1,0,0,0
1446,5.0,5.0,0.0,144,0.7504090909090909,1,0,0,0
1447,5.0,5.0,0.0,135,0.7502363636363636,1,0,0,0
1448,5.0,5.0,0.0,101,0.7500636363636364,1,0,0,0
1449,5.0,5.0,0.0,118,0.7498909090909092,1,0,0,0
1450,5.0,5.0,0.0,91,0.7497181818181818,1,0,0,0
1451,5.0,5.0,0.0,153,0.7495454545454545,1,0,0,0
1452,5.0,5.0,0.0,163,0.7493727272727273,1,0,0,0
1453,5.0,5.0,0.0,179,0.7492,1,0,0,0
1454,5.0,5.0,0.0,56,0.7490272727272728,1,0,0,0
1455,5.0,5.0,0.0,148,0.7488545454545454,1,0,0,0
1456,5.0,5.0,0.0,59,0.7486818181818182,1,0,0,0
1457,5.0,5.0,0.0,171,0.748509090909091,1,0,0,0
1458,5.0,5.0,0.0,57,0.7483363636363636,1,0,0,0
1459,5.0,5.0,0.0,85,0.7481636363636364,1,0,0,0
1460,5.0,5.0,0.0,183,0.7479909090909092,1,0,0,0
1461,5.0,5.0,0.0,128,0.7478181818181818,1,0,0,0
1462,5.0,5.0,0.0,74,0.7476454545454545,1,0,0,0
1463,5.0,5.0,0.0,116,0.7474727272727273,1,0,0,0
1464,5.0,5.0,0.0,103,0.7473000000000001,1,0,0,0
1465,5.0,5.0,0.0,95,0.7471272727272728,1,0,0,0
1466,5.0,5.0,0.0,145,0.7469545454545454,1,0,0,0
1467,5.0,5.0,0.0,99,0.7467818181818182,1,0,0,0
1468,5.0,5.0,0.0,264,0.746609090909091,1,0,0,0
1469,5.0,5.0,0.0,114,0.7464363636363636,1,0,0,0
1470,5.0,5.0,0.0,158,0.7462636363636364,1,0,0,0
1471,5.0,5.0,0.0,100,0.7460909090909091,1,0,0,0
1472,5.0,5.0,0.0,98,0.7459181818181818,1,0,0,0
1473,5.0,5.0,0.0,146,0.7457454545454546,1,0,0,0
1474,5.0,5.0,0.0,113,0.7455727272727273,1,0,0,0
1475,5.0,5.0,0.0,138,0.7454000000000001,1,0,0,0
1476,5.0,5.0,0.0,120,0.7452272727272727,1,0,0,0
1477,5.0,5.0,0.0,129,0.7450545454545454,1,0,0,0
1478,5.0,5.0,0.0,93,0.7448818181818182,1,0,0,0
1479,5.0,5.0,0.0,75,0.744709090909091,1,0,0,0
1480,5.0,5.0,0.0,164,0.7445363636363636,1,0,0,0
1481,5.0,5.0,0.0,113,0.7443636363636363,1,0,0,0
1482,5.0,5.0,0.0,85,0.7441909090909091,1,0,0,0
1483,5.0,5.0,0.0,98,0.7440181818181819,1,0,0,0
1484,5.0,5.0,0.0,69,0.7438454545454546,1,0,0,0
1485,5.0,5.0,0.0,90,0.7436727272727273,1,0,0,0
1486,5.0,5.0,0.0,84,0.7435,1,0,0,0
1487,5.0,5.0,0.0,100,0.7433272727272727,1,0,0,0
1488,5.0,5.0,0.0,94,0.7431545454545454,1,0,0,0
1489,5.0,5.0,0.0,80,0.7429818181818182,1,0,0,0
1490,5.0,5.0,0.0,152,0.742809090909091,1,0,0,0
1491,5.0,5.0,0.0,191,0.7426363636363637,1,0,0,0
1492,5.0,5.0,0.0,113,0.7424636363636363,1,0,0,0
1493,5.0,5.0,0.0,169,0.7422909090909091,1,0,0,0
1494,5.0,5.0,0.0,117,0.7421181818181819,1,0,0,0
1495,5.0,5.0,0.0,78,0.7419454545454546,1,0,0,0
1496,5.0,5.0,0.0,94,0.7417727272727273,1,0,0,0
1497,5.0,5.0,0.0,109,0.7416,1,0,0,0
1498,5.0,5.0,0.0,187,0.7414272727272727,1,0,0,0
1499,5.0,5.0,0.0,93,0.7412545454545454,1,0,0,0
1500,5.0,5.0,0.0,93,0.7410818181818182,1,0,0,0
1501,5.0,5.0,0.0,73,0.740909090909091,1,0,0,0
1502,5.0,5.0,0.0,87,0.7407363636363636,1,0,0,0
1503,5.0,5.0,0.0,95,0.7405636363636363,1,0,0,0
1504,5.0,5.0,0.0,112,0.7403909090909091,1,0,0,0
1505,5.0,5.0,0.0,141,0.7402181818181819,1,0,0,0
1506,5.0,5.0,0.0,94,0.7400454545454546,1,0,0,0
1507,5.0,5.0,0.0,95,0.7398727272727272,1,0,0,0
1508,5.0,5.0,0.0,88,0.7397,1,0,0,0
1509,5.0,5.0,0.0,96,0.7395272727272728,1,0,0,0
1510,5.0,5.0,0.0,96,0.7393545454545455,1,0,0,0
1511,5.0,5.0,0.0,200,0.7391818181818182,1,0,0,0
1512,5.0,5.0,0.0,129,0.739009090909091,1,0,0,0
1513,5.0,5.0,0.0,114,0.7388363636363636,1,0,0,0
1514,5.0,5.0,0.0,146,0.7386636363636363,1,0,0,0
1515,5.0,5.0,0.0,87,0.7384909090909091,1,0,0,0
1516,5.0,5.0,0.0,96,0.7383181818181819,1,0,0,0
1517,5.0,5.0,0.0,83,0.7381454545454545,1,0,0,0
1518,5.0,5.0,0.0,57,0.7379727272727272,1,0,0,0
1519,5.0,5.0,0.0,120,0.7378,1,0,0,0
1520,5.0,5.0,0.0,112,0.7376272727272728,1,0,0,0
1521,5.0,5.0,0.0,152,0.7374545454545455,1,0,0,0
1522,5.0,5.0,0.0,71,0.7372818181818181,1,0,0,0
1523,5.0,5.0,0.0,121,0.7371090909090909,1,0,0,0
1524,5.0,5.0,0.0,189,0.7369363636363637,1,0,0,0
1525,5.0,5.0,0.0,176,0.7367636363636363,1,0,0,0
1526,5.0,5.0,0.0,139,0.7365909090909091,1,0,0,0
1527,5.0,5.0,0.0,185,0.7364181818181819,1,0,0,0
1528,5.0,5.0,0.0,67,0.7362454545454546,1,0,0,0
1529,5.0,5.0,0.0,66,0.7360727272727273,1,0,0,0
1530,5.0,5.0,0.0,123,0.7359,1,0,0,0
1531,5.0,5.0,0.0,107,0.7357272727272728,1,0,0,0
1532,5.0,5.0,0.0,148,0.7355545454545455,1,0,0,0
1533,5.0,5.0,0.0,186,0.7353818181818181,1,0,0,0
1534,5.0,5.0,0.0,231,0.7352090909090909,1,0,0,0
1535,5.0,5.0,0.0,75,0.7350363636363637,1,0,0,0
1536,5.0,5.0,0.0,121,0.7348636363636363,1,0,0,0
1537,5.0,5.0,0.0,103,0.7346909090909091,1,0,0,0
1538,5.0,5.0,0.0,114,0.7345181818181818,1,0,0,0
1539,5.0,5.0,0.0,96,0.7343454545454546,1,0,0,0
1540,5.0,5.0,0.0,90,0.7341727272727273,1,0,0,0
1541,5.0,5.0,0.0,144,0.734,1,0,0,0
1542,5.0,5.0,0.0,140,0.7338272727272728,1,0,0,0
1543,5.0,5.0,0.0,55,0.7336545454545454,1,0,0,0
1544,5.0,5.0,0.0,167,0.7334818181818181,1,0,0,0
1545,5.0,5.0,0.0,97,0.7333090909090909,1,0,0,0
1546,5.0,5.0,0.0,144,0.7331363636363637,1,0,0,0
1547,5.0,5.0,0.0,94,0.7329636363636364,1,0,0,0
1548,5.0,5.0,0.0,112,0.732790909090909,1,0,0,0
1549,5.0,5.0,0.0,122,0.7326181818181818,1,0,0,0
1550,5.0,5.0,0.0,159,0.7324454545454546,1,0,0,0
1551,5.0,5.0,0.0,144,0.7322727272727273,1,0,0,0
1552,5.0,5.0,0.0,128,0.7321,1,0,0,0
1553,5.0,5.0,0.0,126,0.7319272727272728,1,0,0,0
1554,5.0,5.0,0.0,181,0.7317545454545454,1,0,0,0
1555,5.0,5.0,0.0,100,0.7315818181818182,1,0,0,0
1556,5.0,5.0,0.0,104,0.7314090909090909,1,0,0,0
1557,5.0,5.0,0.0,48,0.7312363636363637,1,0,0,0
1558,5.0,5.0,0.0,142,0.7310636363636364,1,0,0,0
1559,5.0,5.0,0.0,81,0.730890909090909,1,0,0,0
1560,5.0,5.0,0.0,94,0.7307181818181818,1,0,0,0
1561,5.0,5.0,0.0,77,0.7305454545454546,1,0,0,0
1562,5.0,5.0,0.0,83,0.7303727272727273,1,0,0,0
1563,5.0,5.0,0.0,124,0.7302,1,0,0,0
1564,5.0,5.0,0.0,164,0.7300272727272727,1,0,0,0
1565,5.0,5.0,0.0,107,0.7298545454545455,1,0,0,0
1566,5.0,5.0,0.0,158,0.7296818181818182,1,0,0,0
1567,5.0,5.0,0.0,115,0.7295090909090909,1,0,0,0
1568,5.0,5.0,0.0,79,0.7293363636363637,1,0,0,0
1569,5.0,5.0,0.0,69,0.7291636363636363,1,0,0,0
1570,5.0,5.0,0.0,52,0.728990909090909,1,0,0,0
1571,5.0,5.0,0.0,92,0.7288181818181818,1,0,0,0
1572,5.0,5.0,0.0,82,0.7286454545454546,1,0,0,0
1573,5.0,5.0,0.0,162,0.7284727272727273,1,0,0,0
1574,5.0,5.0,0.0,101,0.7283000000000001,1,0,0,0
1575,5.0,5.0,0.0,95,0.7281272727272727,1,0,0,0
1576,5.0,5.0,0.0,151,0.7279545454545455,1,0,0,0
1577,5.0,5.0,0.0,101,0.7277818181818182,1,0,0,0
1578,5.0,5.0,0.0,103,0.7276090909090909,1,0,0,0
1579,5.0,5.0,0.0,137,0.7274363636363637,1,0,0,0
1580,5.0,5.0,0.0,92,0.7272636363636364,1,0,0,0
1581,5.0,5.0,0.0,111,0.727090909090909,1,0,0,0
1582,5.0,5.0,0.0,143,0.7269181818181818,1,0,0,0
1583,5.0,5.0,0.0,107,0.7267454545454546,1,0,0,0
1584,5.0,5.0,0.0,79,0.7265727272727274,1,0,0,0
1585,5.0,5.0,0.0,88,0.7264,1,0,0,0
1586,5.0,5.0,0.0,81,0.7262272727272727,1,0,0,0
1587,5.0,5.0,0.0,125,0.7260545454545455,1,0,0,0
1588,5.0,5.0,0.0,127,0.7258818181818182,1,0,0,0
1589,5.0,5.0,0.0,102,0.7257090909090909,1,0,0,0
1590,5.0,5.0,0.0,74,0.7255363636363636,1,0,0,0
1591,5.0,5.0,0.0,66,0.7253636363636364,1,0,0,0
1592,5.0,5.0,0.0,69,0.7251909090909091,1,0,0,0
1593,5.0,5.0,0.0,67,0.7250181818181818,1,0,0,0
1594,5.0,5.0,0.0,84,0.7248454545454546,1,0,0,0
1595,5.0,5.0,0.0,80,0.7246727272727274,1,0,0,0
1596,5.0,5.0,0.0,146,0.7245,1,0,0,0
1597,5.0,5.0,0.0,143,0.7243272727272727,1,0,0,0
1598,5.0,5.0,0.0,126,0.7241545454545455,1,0,0,0
1599,5.0,5.0,0.0,196,0.7239818181818182,1,0,0,0
1600,5.0,5.0,0.0,100,0.7238090909090908,1,0,0,0
1601,5.0,5.0,0.0,105,0.7236363636363636,1,0,0,0
1602,5.0,5.0,0.0,86,0.7234636363636364,1,0,0,0
1603,5.0,5.0,0.0,200,0.7232909090909091,1,0,0,0
1604,5.0,5.0,0.0,115,0.7231181818181818,1,0,0,0
1605,5.0,5.0,0.0,172,0.7229454545454546,1,0,0,0
1606,5.0,5.0,0.0,124,0.7227727272727273,1,0,0,0
1607,5.0,5.0,0.0,92,0.7226,1,0,0,0
1608,5.0,5.0,0.0,107,0.7224272727272727,1,0,0,0
1609,5.0,5.0,0.0,100,0.7222545454545455,1,0,0,0
1610,5.0,5.0,0.0,64,0.7220818181818183,1,0,0,0
1611,5.0,5.0,0.0,68,0.721909090909091,1,0,0,0
1612,5.0,5.0,0.0,79,0.7217363636363636,1,0,0,0
1613,5.0,5.0,0.0,112,0.7215636363636364,1,0,0,0
1614,5.0,5.0,0.0,143,0.7213909090909091,1,0,0,0
1615,5.0,5.0,0.0,146,0.7212181818181818,1,0,0,0
1616,5.0,5.0,0.0,82,0.7210454545454545,1,0,0,0
1617,5.0,5.0,0.0,56,0.7208727272727273,1,0,0,0
1618,5.0,5.0,0.0,80,0.7207,1,0,0,0
1619,5.0,5.0,0.0,98,0.7205272727272727,1,0,0,0
1620,5.0,5.0,0.0,113,0.7203545454545455,1,0,0,0
1621,5.0,5.0,0.0,106,0.7201818181818183,1,0,0,0
1622,5.0,5.0,0.0,150,0.7200090909090909,1,0,0,0
1623,5.0,5.0,0.0,196,0.7198363636363636,1,0,0,0
1624,5.0,5.0,0.0,115,0.7196636363636364,1,0,0,0
1625,5.0,5.0,0.0,104,0.7194909090909091,1,0,0,0
1626,5.0,5.0,0.0,107,0.7193181818181817,1,0,0,0
1627,5.0,5.0,0.0,86,0.7191454545454545,1,0,0,0
1628,5.0,5.0,0.0,115,0.7189727272727273,1,0,0,0
1629,5.0,5.0,0.0,89,0.7188000000000001,1,0,0,0
1630,5.0,5.0,0.0,119,0.7186272727272728,1,0,0,0
1631,5.0,5.0,0.0,166,0.7184545454545455,1,0,0,0
1632,5.0,5.0,0.0,88,0.7182818181818182,1,0,0,0
1633,5.0,5.0,0.0,136,0.7181090909090909,1,0,0,0
1634,5.0,5.0,0.0,125,0.7179363636363636,1,0,0,0
1635,5.0,5.0,0.0,233,0.7177636363636364,1,0,0,0
1636,5.0,5.0,0.0,131,0.7175909090909091,1,0,0,0
1637,5.0,5.0,0.0,135,0.7174181818181817,1,0,0,0
1638,5.0,5.0,0.0,84,0.7172454545454545,1,0,0,0
1639,5.0,5.0,0.0,138,0.7170727272727273,1,0,0,0
1640,5.0,5.0,0.0,120,0.7169000000000001,1,0,0,0
1641,5.0,5.0,0.0,82,0.7167272727272728,1,0,0,0
1642,5.0,5.0,0.0,85,0.7165545454545454,1,0,0,0
1643,5.0,5.0,0.0,146,0.7163818181818182,1,0,0,0
1644,5.0,5.0,0.0,105,0.7162090909090909,1,0,0,0
1645,5.0,5.0,0.0,145,0.7160363636363636,1,0,0,0
1646,5.0,5.0,0.0,132,0.7158636363636364,1,0,0,0
1647,5.0,5.0,0.0,106,0.7156909090909092,1,0,0,0
1648,5.0,5.0,0.0,194,0.7155181818181818,1,0,0,0
1649,5.0,5.0,0.0,57,0.7153454545454545,1,0,0,0
1650,5.0,5.0,0.0,178,0.7151727272727273,1,0,0,0
1651,5.0,5.0,0.0,105,0.7150000000000001,1,0,0,0
1652,5.0,5.0,0.0,99,0.7148272727272728,1,0,0,0
1653,5.0,5.0,0.0,100,0.7146545454545454,1,0,0,0
1654,5.0,5.0,0.0,136,0.7144818181818182,1,0,0,0
1655,5.0,5.0,0.0,84,0.7143090909090909,1,0,0,0
1656,5.0,5.0,0.0,75,0.7141363636363637,1,0,0,0
1657,5.0,5.0,0.0,137,0.7139636363636364,1,0,0,0
1658,5.0,5.0,0.0,113,0.7137909090909091,1,0,0,0
1659,5.0,5.0,0.0,79,0.7136181818181818,1,0,0,0
1660,5.0,5.0,0.0,54,0.7134454545454545,1,0,0,0
1661,5.0,5.0,0.0,91,0.7132727272727273,1,0,0,0
1662,5.0,5.0,0.0,78,0.7131000000000001,1,0,0,0
1663,5.0,5.0,0.0,127,0.7129272727272727,1,0,0,0
1664,5.0,5.0,0.0,101,0.7127545454545454,1,0,0,0
1665,5.0,5.0,0.0,74,0.7125818181818182,1,0,0,0
1666,5.0,5.0,0.0,159,0.712409090909091,1,0,0,0
1667,5.0,5.0,0.0,94,0.7122363636363637,1,0,0,0
1668,5.0,5.0,0.0,102,0.7120636363636363,1,0,0,0
1669,5.0,5.0,0.0,131,0.7118909090909091,1,0,0,0
1670,5.0,5.0,0.0,93,0.7117181818181818,1,0,0,0
1671,5.0,5.0,0.0,112,0.7115454545454545,1,0,0,0
1672,5.0,5.0,0.0,80,0.7113727272727273,1,0,0,0
1673,5.0,5.0,0.0,105,0.7112,1,0,0,0
1674,5.0,5.0,0.0,60,0.7110272727272727,1,0,0,0
1675,5.0,5.0,0.0,125,0.7108545454545455,1,0,0,0
1676,5.0,5.0,0.0,211,0.7106818181818182,1,0,0,0
1677,5.0,5.0,0.0,52,0.710509090909091,1,0,0,0
1678,5.0,5.0,0.0,93,0.7103363636363637,1,0,0,0
1679,5.0,5.0,0.0,230,0.7101636363636363,1,0,0,0
1680,5.0,5.0,0.0,69,0.7099909090909091,1,0,0,0
1681,5.0,5.0,0.0,100,0.7098181818181818,1,0,0,0
1682,5.0,5.0,0.0,140,0.7096454545454545,1,0,0,0
1683,5.0,5.0,0.0,140,0.7094727272727273,1,0,0,0
1684,5.0,5.0,0.0,110,0.7093,1,0,0,0
1685,5.0,5.0,0.0,44,0.7091272727272728,1,0,0,0
1686,5.0,5.0,0.0,67,0.7089545454545455,1,0,0,0
1687,5.0,5.0,0.0,114,0.7087818181818182,1,0,0,0
1688,5.0,5.0,0.0,142,0.708609090909091,1,0,0,0
1689,5.0,5.0,0.0,120,0.7084363636363636,1,0,0,0
1690,5.0,5.0,0.0,102,0.7082636363636363,1,0,0,0
1691,5.0,5.0,0.0,111,0.7080909090909091,1,0,0,0
1692,5.0,5.0,0.0,93,0.7079181818181818,1,0,0,0
1693,5.0,5.0,0.0,87,0.7077454545454546,1,0,0,0
1694,5.0,5.0,0.0,83,0.7075727272727272,1,0,0,0
1695,5.0,5.0,0.0,58,0.7074,1,0,0,0
1696,5.0,5.0,0.0,100,0.7072272727272728,1,0,0,0
1697,5.0,5.0,0.0,49,0.7070545454545455,1,0,0,0
1698,5.0,5.0,0.0,100,0.7068818181818182,1,0,0,0
1699,5.0,5.0,0.0,66,0.706709090909091,1,0,0,0
1700,5.0,5.0,0.0,122,0.7065363636363636,1,0,0,0
1701,5.0,5.0,0.0,84,0.7063636363636363,1,0,0,0
1702,5.0,5.0,0.0,124,0.7061909090909091,1,0,0,0
1703,5.0,5.0,0.0,128,0.7060181818181819,1,0,0,0
1704,5.0,5.0,0.0,89,0.7058454545454546,1,0,0,0
1705,5.0,5.0,0.0,111,0.7056727272727272,1,0,0,0
1706,5.0,5.0,0.0,65,0.7055,1,0,0,0
1707,5.0,5.0,0.0,93,0.7053272727272728,1,0,0,0
1708,5.0,5.0,0.0,126,0.7051545454545455,1,0,0,0
1709,5.0,5.0,0.0,124,0.7049818181818182,1,0,0,0
1710,5.0,5.0,0.0,59,0.7048090909090909,1,0,0,0
1711,5.0,5.0,0.0,91,0.7046363636363637,1,0,0,0
1712,5.0,5.0,0.0,93,0.7044636363636364,1,0,0,0
1713,5.0,5.0,0.0,137,0.7042909090909091,1,0,0,0
1714,5.0,5.0,0.0,96,0.7041181818181819,1,0,0,0
1715,5.0,5.0,0.0,77,0.7039454545454545,1,0,0,0
1716,5.0,5.0,0.0,80,0.7037727272727272,1,0,0,0
1717,5.0,5.0,0.0,138,0.7036,1,0,0,0
1718,5.0,5.0,0.0,73,0.7034272727272728,1,0,0,0
1719,5.0,5.0,0.0,79,0.7032545454545455,1,0,0,0
1720,5.0,5.0,0.0,132,0.7030818181818181,1,0,0,0
1721,5.0,5.0,0.0,63,0.7029090909090909,1,0,0,0
1722,5.0,5.0,0.0,121,0.7027363636363637,1,0,0,0
1723,5.0,5.0,0.0,72,0.7025636363636364,1,0,0,0
1724,5.0,5.0,0.0,116,0.7023909090909091,1,0,0,0
1725,5.0,5.0,0.0,81,0.7022181818181819,1,0,0,0
1726,5.0,5.0,0.0,89,0.7020454545454545,1,0,0,0
1727,5.0,5.0,0.0,110,0.7018727272727272,1,0,0,0
1728,5.0,5.0,0.0,65,0.7017,1,0,0,0
1729,5.0,5.0,0.0,74,0.7015272727272728,1,0,0,0
1730,5.0,5.0,0.0,90,0.7013545454545456,1,0,0,0
1731,5.0,5.0,0.0,128,0.7011818181818181,1,0,0,0
1732,5.0,5.0,0.0,84,0.7010090909090909,1,0,0,0
1733,5.0,5.0,0.0,144,0.7008363636363637,1,0,0,0
1734,5.0,5.0,0.0,102,0.7006636363636364,1,0,0,0
1735,5.0,5.0,0.0,103,0.700490909090909,1,0,0,0
1736,5.0,5.0,0.0,118,0.7003181818181818,1,0,0,0
1737,5.0,5.0,0.0,149,0.7001454545454545,1,0,0,0
1738,5.0,5.0,0.0,151,0.6999727272727273,1,0,0,0
1739,5.0,5.0,0.0,67,0.6998,1,0,0,0
1740,5.0,5.0,0.0,102,0.6996272727272728,1,0,0,0
1741,5.0,5.0,0.0,99,0.6994545454545456,1,0,0,0
1742,5.0,5.0,0.0,84,0.6992818181818182,1,0,0,0
1743,5.0,5.0,0.0,86,0.6991090909090909,1,0,0,0
1744,5.0,5.0,0.0,76,0.6989363636363637,1,0,0,0
1745,5.0,5.0,0.0,118,0.6987636363636364,1,0,0,0
1746,5.0,5.0,0.0,84,0.698590909090909,1,0,0,0
1747,5.0,5.0,0.0,101,0.6984181818181818,1,0,0,0
1748,5.0,5.0,0.0,69,0.6982454545454546,1,0,0,0
1749,5.0,5.0,0.0,65,0.6980727272727273,1,0,0,0
1750,5.0,5.0,0.0,89,0.6979,1,0,0,0
1751,5.0,5.0,0.0,66,0.6977272727272728,1,0,0,0
1752,5.0,5.0,0.0,88,0.6975545454545455,1,0,0,0
1753,5.0,5.0,0.0,90,0.6973818181818182,1,0,0,0
1754,5.0,5.0,0.0,68,0.6972090909090909,1,0,0,0
1755,5.0,5.0,0.0,92,0.6970363636363637,1,0,0,0
1756,5.0,5.0,0.0,78,0.6968636363636364,1,0,0,0
1757,5.0,5.0,0.0,105,0.6966909090909091,1,0,0,0
1758,5.0,5.0,0.0,97,0.6965181818181818,1,0,0,0
1759,5.0,5.0,0.0,132,0.6963454545454546,1,0,0,0
1760,5.0,5.0,0.0,82,0.6961727272727273,1,0,0,0
1761,5.0,5.0,0.0,112,0.696,1,0,0,0
1762,5.0,5.0,0.0,45,0.6958272727272727,1,0,0,0
1763,5.0,5.0,0.0,38,0.6956545454545455,1,0,0,0
1764,5.0,5.0,0.0,71,0.6954818181818182,1,0,0,0
1765,5.0,5.0,0.0,91,0.6953090909090909,1,0,0,0
1766,5.0,5.0,0.0,120,0.6951363636363637,1,0,0,0
1767,5.0,5.0,0.0,74,0.6949636363636364,1,0,0,0
1768,5.0,5.0,0.0,98,0.6947909090909091,1,0,0,0
1769,5.0,5.0,0.0,99,0.6946181818181818,1,0,0,0
1770,5.0,5.0,0.0,64,0.6944454545454546,1,0,0,0
1771,5.0,5.0,0.0,87,0.6942727272727273,1,0,0,0
1772,5.0,5.0,0.0,108,0.6940999999999999,1,0,0,0
1773,5.0,5.0,0.0,124,0.6939272727272727,1,0,0,0
1774,5.0,5.0,0.0,73,0.6937545454545455,1,0,0,0
1775,5.0,5.0,0.0,88,0.6935818181818183,1,0,0,0
1776,5.0,5.0,0.0,132,0.6934090909090909,1,0,0,0
1777,5.0,5.0,0.0,157,0.6932363636363637,1,0,0,0
1778,5.0,5.0,0.0,149,0.6930636363636364,1,0,0,0
1779,5.0,5.0,0.0,74,0.6928909090909091,1,0,0,0
1780,5.0,5.0,0.0,49,0.6927181818181818,1,0,0,0
1781,5.0,5.0,0.0,75,0.6925454545454546,1,0,0,0
1782,5.0,5.0,0.0,82,0.6923727272727273,1,0,0,0
1783,5.0,5.0,0.0,76,0.6921999999999999,1,0,0,0
1784,5.0,5.0,0.0,92,0.6920272727272727,1,0,0,0
1785,5.0,5.0,0.0,62,0.6918545454545455,1,0,0,0
1786,5.0,5.0,0.0,118,0.6916818181818183,1,0,0,0
1787,5.0,5.0,0.0,101,0.6915090909090909,1,0,0,0
1788,5.0,5.0,0.0,116,0.6913363636363636,1,0,0,0
1789,5.0,5.0,0.0,95,0.6911636363636364,1,0,0,0
1790,5.0,5.0,0.0,217,0.6909909090909091,1,0,0,0
1791,5.0,5.0,0.0,103,0.6908181818181818,1,0,0,0
1792,5.0,5.0,0.0,81,0.6906454545454546,1,0,0,0
1793,5.0,5.0,0.0,85,0.6904727272727273,1,0,0,0
1794,5.0,5.0,0.0,115,0.6903,1,0,0,0
1795,5.0,5.0,0.0,69,0.6901272727272727,1,0,0,0
1796,5.0,5.0,0.0,106,0.6899545454545455,1,0,0,0
1797,5.0,5.0,0.0,124,0.6897818181818183,1,0,0,0
1798,5.0,5.0,0.0,110,0.689609090909091,1,0,0,0
1799,5.0,5.0,0.0,83,0.6894363636363636,1,0,0,0
1800,5.0,5.0,0.0,67,0.6892636363636364,1,0,0,0
1801,5.0,5.0,0.0,144,0.6890909090909091,1,0,0,0
1802,5.0,5.0,0.0,55,0.6889181818181818,1,0,0,0
1803,5.0,5.0,0.0,53,0.6887454545454545,1,0,0,0
1804,5.0,5.0,0.0,91,0.6885727272727273,1,0,0,0
1805,5.0,5.0,0.0,109,0.6884,1,0,0,0
1806,5.0,5.0,0.0,115,0.6882272727272727,1,0,0,0
1807,5.0,5.0,0.0,134,0.6880545454545455,1,0,0,0
1808,5.0,5.0,0.0,88,0.6878818181818183,1,0,0,0
1809,5.0,5.0,0.0,141,0.6877090909090909,1,0,0,0
1810,5.0,5.0,0.0,97,0.6875363636363636,1,0,0,0
1811,5.0,5.0,0.0,108,0.6873636363636364,1,0,0,0
1812,5.0,5.0,0.0,132,0.6871909090909092,1,0,0,0
1813,5.0,5.0,0.0,47,0.6870181818181819,1,0,0,0
1814,5.0,5.0,0.0,113,0.6868454545454545,1,0,0,0
1815,5.0,5.0,0.0,139,0.6866727272727273,1,0,0,0
1816,5.0,5.0,0.0,71,0.6865,1,0,0,0
1817,5.0,5.0,0.0,81,0.6863272727272727,1,0,0,0
1818,5.0,5.0,0.0,119,0.6861545454545455,1,0,0,0
1819,5.0,5.0,0.0,94,0.6859818181818182,1,0,0,0
1820,5.0,5.0,0.0,110,0.6858090909090909,1,0,0,0
1821,5.0,5.0,0.0,79,0.6856363636363636,1,0,0,0
1822,5.0,5.0,0.0,82,0.6854636363636364,1,0,0,0
1823,5.0,5.0,0.0,131,0.6852909090909092,1,0,0,0
1824,5.0,5.0,0.0,62,0.6851181818181818,1,0,0,0
1825,5.0,5.0,0.0,109,0.6849454545454545,1,0,0,0
1826,5.0,5.0,0.0,102,0.6847727272727273,1,0,0,0
1827,5.0,5.0,0.0,59,0.6846,1,0,0,0
1828,5.0,5.0,0.0,77,0.6844272727272727,1,0,0,0
1829,5.0,5.0,0.0,74,0.6842545454545454,1,0,0,0
1830,5.0,5.0,0.0,92,0.6840818181818182,1,0,0,0
1831,5.0,5.0,0.0,100,0.683909090909091,1,0,0,0
1832,5.0,5.0,0.0,102,0.6837363636363636,1,0,0,0
1833,5.0,5.0,0.0,70,0.6835636363636364,1,0,0,0
1834,5.0,5.0,0.0,83,0.6833909090909092,1,0,0,0
1835,5.0,5.0,0.0,80,0.6832181818181818,1,0,0,0
1836,5.0,5.0,0.0,48,0.6830454545454545,1,0,0,0
1837,5.0,5.0,0.0,102,0.6828727272727273,1,0,0,0
1838,5.0,5.0,0.0,64,0.6827,1,0,0,0
1839,5.0,5.0,0.0,93,0.6825272727272728,1,0,0,0
1840,5.0,5.0,0.0,88,0.6823545454545454,1,0,0,0
1841,5.0,5.0,0.0,107,0.6821818181818182,1,0,0,0
1842,5.0,5.0,0.0,123,0.682009090909091,1,0,0,0
1843,5.0,5.0,0.0,136,0.6818363636363636,1,0,0,0
1844,5.0,5.0,0.0,152,0.6816636363636364,1,0,0,0
1845,5.0,5.0,0.0,78,0.6814909090909091,1,0,0,0
1846,5.0,5.0,0.0,72,0.6813181818181818,1,0,0,0
1847,5.0,5.0,0.0,69,0.6811454545454545,1,0,0,0
1848,5.0,5.0,0.0,126,0.6809727272727273,1,0,0,0
1849,5.0,5.0,0.0,85,0.6808000000000001,1,0,0,0
1850,5.0,5.0,0.0,76,0.6806272727272727,1,0,0,0
1851,5.0,5.0,0.0,71,0.6804545454545454,1,0,0,0
1852,5.0,5.0,0.0,95,0.6802818181818182,1,0,0,0
1853,5.0,5.0,0.0,132,0.680109090909091,1,0,0,0
1854,5.0,5.0,0.0,86,0.6799363636363636,1,0,0,0
1855,5.0,5.0,0.0,89,0.6797636363636363,1,0,0,0
1856,5.0,5.0,0.0,84,0.6795909090909091,1,0,0,0
1857,5.0,5.0,0.0,167,0.6794181818181818,1,0,0,0
1858,5.0,5.0,0.0,69,0.6792454545454546,1,0,0,0
1859,5.0,5.0,0.0,136,0.6790727272727273,1,0,0,0
1860,5.0,5.0,0.0,52,0.6789000000000001,1,0,0,0
1861,5.0,5.0,0.0,93,0.6787272727272727,1,0,0,0
1862,5.0,5.0,0.0,130,0.6785545454545454,1,0,0,0
1863,5.0,5.0,0.0,76,0.6783818181818182,1,0,0,0
1864,5.0,5.0,0.0,80,0.678209090909091,1,0,0,0
1865,5.0,5.0,0.0,72,0.6780363636363637,1,0,0,0
1866,5.0,5.0,0.0,86,0.6778636363636363,1,0,0,0
1867,5.0,5.0,0.0,78,0.6776909090909091,1,0,0,0
1868,5.0,5.0,0.0,95,0.6775181818181819,1,0,0,0
1869,5.0,5.0,0.0,103,0.6773454545454546,1,0,0,0
1870,5.0,5.0,0.0,88,0.6771727272727273,1,0,0,0
1871,5.0,5.0,0.0,98,0.677,1,0,0,0
1872,5.0,5.0,0.0,70,0.6768272727272727,1,0,0,0
1873,5.0,5.0,0.0,102,0.6766545454545454,1,0,0,0
1874,5.0,5.0,0.0,145,0.6764818181818182,1,0,0,0
1875,5.0,5.0,0.0,117,0.676309090909091,1,0,0,0
1876,5.0,5.0,0.0,26,0.6761363636363638,1,0,0,0
1877,5.0,5.0,0.0,91,0.6759636363636363,1,0,0,0
1878,5.0,5.0,0.0,66,0.6757909090909091,1,0,0,0
1879,5.0,5.0,0.0,63,0.6756181818181819,1,0,0,0
1880,5.0,5.0,0.0,111,0.6754454545454546,1,0,0,0
1881,5.0,5.0,0.0,114,0.6752727272727272,1,0,0,0
1882,5.0,5.0,0.0,64,0.6751,1,0,0,0
1883,5.0,5.0,0.0,87,0.6749272727272727,1,0,0,0
1884,5.0,5.0,0.0,88,0.6747545454545454,1,0,0,0
1885,5.0,5.0,0.0,130,0.6745818181818182,1,0,0,0
1886,5.0,5.0,0.0,99,0.674409090909091,1,0,0,0
1887,5.0,5.0,0.0,105,0.6742363636363637,1,0,0,0
1888,5.0,5.0,0.0,184,0.6740636363636363,1,0,0,0
1889,5.0,5.0,0.0,103,0.6738909090909091,1,0,0,0
1890,5.0,5.0,0.0,122,0.6737181818181819,1,0,0,0
1891,5.0,5.0,0.0,70,0.6735454545454546,1,0,0,0
1892,5.0,5.0,0.0,59,0.6733727272727272,1,0,0,0
1893,5.0,5.0,0.0,120,0.6732,1,0,0,0
1894,5.0,5.0,0.0,76,0.6730272727272728,1,0,0,0
1895,5.0,5.0,0.0,60,0.6728545454545455,1,0,0,0
1896,5.0,5.0,0.0,86,0.6726818181818182,1,0,0,0
1897,5.0,5.0,0.0,129,0.672509090909091,1,0,0,0
1898,5.0,5.0,0.0,44,0.6723363636363637,1,0,0,0
1899,5.0,5.0,0.0,73,0.6721636363636363,1,0,0,0
1900,5.0,5.0,0.0,49,0.6719909090909091,1,0,0,0
1901,5.0,5.0,0.0,113,0.6718181818181819,1,0,0,0
1902,5.0,5.0,0.0,84,0.6716454545454545,1,0,0,0
1903,5.0,5.0,0.0,126,0.6714727272727272,1,0,0,0
1904,5.0,5.0,0.0,107,0.6713,1,0,0,0
1905,5.0,5.0,0.0,100,0.6711272727272728,1,0,0,0
1906,5.0,5.0,0.0,61,0.6709545454545455,1,0,0,0
1907,5.0,5.0,0.0,72,0.6707818181818181,1,0,0,0
1908,5.0,5.0,0.0,67,0.6706090909090909,1,0,0,0
1909,5.0,5.0,0.0,63,0.6704363636363637,1,0,0,0
1910,5.0,5.0,0.0,76,0.6702636363636363,1,0,0,0
1911,5.0,5.0,0.0,92,0.6700909090909091,1,0,0,0
1912,5.0,5.0,0.0,128,0.6699181818181819,1,0,0,0
1913,5.0,5.0,0.0,90,0.6697454545454546,1,0,0,0
1914,5.0,5.0,0.0,141,0.6695727272727273,1,0,0,0
1915,5.0,5.0,0.0,123,0.6694,1,0,0,0
1916,5.0,5.0,0.0,63,0.6692272727272728,1,0,0,0
1917,5.0,5.0,0.0,106,0.6690545454545455,1,0,0,0
1918,5.0,5.0,0.0,170,0.6688818181818181,1,0,0,0
1919,5.0,5.0,0.0,150,0.6687090909090909,1,0,0,0
1920,5.0,5.0,0.0,66,0.6685363636363637,1,0,0,0
1921,5.0,5.0,0.0,205,0.6683636363636363,1,0,0,0
1922,5.0,5.0,0.0,89,0.6681909090909091,1,0,0,0
1923,5.0,5.0,0.0,63,0.6680181818181818,1,0,0,0
1924,5.0,5.0,0.0,129,0.6678454545454546,1,0,0,0
1925,5.0,5.0,0.0,75,0.6676727272727273,1,0,0,0
1926,5.0,5.0,0.0,83,0.6675,1,0,0,0
1927,5.0,5.0,0.0,113,0.6673272727272728,1,0,0,0
1928,5.0,5.0,0.0,238,0.6671545454545454,1,0,0,0
1929,5.0,5.0,0.0,48,0.6669818181818181,1,0,0,0
1930,5.0,5.0,0.0,76,0.6668090909090909,1,0,0,0
1931,5.0,5.0,0.0,53,0.6666363636363637,1,0,0,0
1932,5.0,5.0,0.0,141,0.6664636363636365,1,0,0,0
1933,5.0,5.0,0.0,104,0.666290909090909,1,0,0,0
1934,5.0,5.0,0.0,66,0.6661181818181818,1,0,0,0
1935,5.0,5.0,0.0,106,0.6659454545454546,1,0,0,0
1936,5.0,5.0,0.0,93,0.6657727272727273,1,0,0,0
1937,5.0,5.0,0.0,79,0.6656,1,0,0,0
1938,5.0,5.0,0.0,74,0.6654272727272728,1,0,0,0
1939,5.0,5.0,0.0,42,0.6652545454545454,1,0,0,0
1940,5.0,5.0,0.0,70,0.6650818181818182,1,0,0,0
1941,5.0,5.0,0.0,68,0.6649090909090909,1,0,0,0
1942,5.0,5.0,0.0,98,0.6647363636363637,1,0,0,0
1943,5.0,5.0,0.0,103,0.6645636363636365,1,0,0,0
1944,5.0,5.0,0.0,61,0.664390909090909,1,0,0,0
1945,5.0,5.0,0.0,103,0.6642181818181818,1,0,0,0
1946,5.0,5.0,0.0,91,0.6640454545454546,1,0,0,0
1947,5.0,5.0,0.0,42,0.6638727272727273,1,0,0,0
1948,5.0,5.0,0.0,81,0.6637,1,0,0,0
1949,5.0,5.0,0.0,103,0.6635272727272727,1,0,0,0
1950,5.0,5.0,0.0,102,0.6633545454545455,1,0,0,0
1951,5.0,5.0,0.0,57,0.6631818181818182,1,0,0,0
1952,5.0,5.0,0.0,66,0.6630090909090909,1,0,0,0
1953,5.0,5.0,0.0,74,0.6628363636363637,1,0,0,0
1954,5.0,5.0,0.0,103,0.6626636363636365,1,0,0,0
1955,5.0,5.0,0.0,59,0.662490909090909,1,0,0,0
1956,5.0,5.0,0.0,72,0.6623181818181818,1,0,0,0
1957,5.0,5.0,0.0,79,0.6621454545454546,1,0,0,0
1958,5.0,5.0,0.0,102,0.6619727272727273,1,0,0,0
1959,5.0,5.0,0.0,63,0.6618,1,0,0,0
1960,5.0,5.0,0.0,127,0.6616272727272727,1,0,0,0
1961,5.0,5.0,0.0,56,0.6614545454545455,1,0,0,0
1962,5.0,5.0,0.0,103,0.6612818181818182,1,0,0,0
1963,5.0,5.0,0.0,78,0.6611090909090909,1,0,0,0
1964,5.0,5.0,0.0,63,0.6609363636363637,1,0,0,0
1965,5.0,5.0,0.0,95,0.6607636363636364,1,0,0,0
1966,5.0,5.0,0.0,73,0.660590909090909,1,0,0,0
1967,5.0,5.0,0.0,142,0.6604181818181818,1,0,0,0
1968,5.0,5.0,0.0,78,0.6602454545454546,1,0,0,0
1969,5.0,5.0,0.0,75,0.6600727272727274,1,0,0,0
1970,5.0,5.0,0.0,100,0.6599,1,0,0,0
1971,5.0,5.0,0.0,92,0.6597272727272727,1,0,0,0
1972,5.0,5.0,0.0,73,0.6595545454545455,1,0,0,0
1973,5.0,5.0,0.0,84,0.6593818181818182,1,0,0,0
1974,5.0,5.0,0.0,88,0.6592090909090909,1,0,0,0
1975,5.0,5.0,0.0,62,0.6590363636363636,1,0,0,0
1976,5.0,5.0,0.0,107,0.6588636363636364,1,0,0,0
1977,5.0,5.0,0.0,109,0.6586909090909091,1,0,0,0
1978,5.0,5.0,0.0,70,0.6585181818181818,1,0,0,0
1979,5.0,5.0,0.0,72,0.6583454545454546,1,0,0,0
1980,5.0,5.0,0.0,58,0.6581727272727274,1,0,0,0
1981,5.0,5.0,0.0,134,0.658,1,0,0,0
1982,5.0,5.0,0.0,59,0.6578272727272727,1,0,0,0
1983,5.0,5.0,0.0,82,0.6576545454545455,1,0,0,0
1984,5.0,5.0,0.0,86,0.6574818181818182,1,0,0,0
1985,5.0,5.0,0.0,78,0.6573090909090908,1,0,0,0
1986,5.0,5.0,0.0,97,0.6571363636363636,1,0,0,0
1987,5.0,5.0,0.0,78,0.6569636363636364,1,0,0,0
1988,5.0,5.0,0.0,85,0.6567909090909092,1,0,0,0
1989,5.0,5.0,0.0,79,0.6566181818181818,1,0,0,0
1990,5.0,5.0,0.0,80,0.6564454545454546,1,0,0,0
1991,5.0,5.0,0.0,100,0.6562727272727273,1,0,0,0
1992,5.0,5.0,0.0,118,0.6561,1,0,0,0
1993,5.0,5.0,0.0,48,0.6559272727272727,1,0,0,0
1994,5.0,5.0,0.0,114,0.6557545454545455,1,0,0,0
1995,5.0,5.0,0.0,69,0.6555818181818183,1,0,0,0
1996,5.0,5.0,0.0,65,0.6554090909090909,1,0,0,0
1997,5.0,5.0,0.0,84,0.6552363636363636,1,0,0,0
1998,5.0,5.0,0.0,62,0.6550636363636364,1,0,0,0
1999,5.0,5.0,0.0,76,0.6548909090909092,1,0,0,0
2000,5.0,5.0,0.0,137,0.6547181818181818,1,0,0,0
2001,5.0,5.0,0.0,102,0.6545454545454545,1,0,0,0
2002,5.0,5.0,0.0,97,0.6543727272727273,1,0,0,0
2003,5.0,5.0,0.0,70,0.6542,1,0,0,0
2004,5.0,5.0,0.0,68,0.6540272727272727,1,0,0,0
2005,5.0,5.0,0.0,77,0.6538545454545455,1,0,0,0
2006,5.0,5.0,0.0,82,0.6536818181818183,1,0,0,0
2007,5.0,5.0,0.0,75,0.6535090909090909,1,0,0,0
2008,5.0,5.0,0.0,62,0.6533363636363636,1,0,0,0
2009,5.0,5.0,0.0,79,0.6531636363636364,1,0,0,0
2010,5.0,5.0,0.0,92,0.6529909090909092,1,0,0,0
2011,5.0,5.0,0.0,66,0.6528181818181817,1,0,0,0
2012,5.0,5.0,0.0,65,0.6526454545454545,1,0,0,0
2013,5.0,5.0,0.0,94,0.6524727272727273,1,0,0,0
2014,5.0,5.0,0.0,67,0.6523000000000001,1,0,0,0
2015,5.0,5.0,0.0,132,0.6521272727272728,1,0,0,0
2016,5.0,5.0,0.0,52,0.6519545454545455,1,0,0,0
2017,5.0,5.0,0.0,97,0.6517818181818182,1,0,0,0
2018,5.0,5.0,0.0,74,0.6516090909090909,1,0,0,0
2019,5.0,5.0,0.0,69,0.6514363636363636,1,0,0,0
2020,5.0,5.0,0.0,70,0.6512636363636364,1,0,0,0
2021,5.0,5.0,0.0,93,0.6510909090909092,1,0,0,0
2022,5.0,5.0,0.0,86,0.6509181818181817,1,0,0,0
2023,5.0,5.0,0.0,84,0.6507454545454545,1,0,0,0
2024,5.0,5.0,0.0,95,0.6505727272727273,1,0,0,0
2025,5.0,5.0,0.0,104,0.6504000000000001,1,0,0,0
2026,5.0,5.0,0.0,69,0.6502272727272728,1,0,0,0
2027,5.0,5.0,0.0,66,0.6500545454545454,1,0,0,0
2028,5.0,5.0,0.0,67,0.6498818181818182,1,0,0,0
2029,5.0,5.0,0.0,76,0.6497090909090909,1,0,0,0
2030,5.0,5.0,0.0,119,0.6495363636363636,1,0,0,0
2031,5.0,5.0,0.0,80,0.6493636363636364,1,0,0,0
2032,5.0,5.0,0.0,66,0.6491909090909092,1,0,0,0
2033,5.0,5.0,0.0,100,0.6490181818181818,1,0,0,0
2034,5.0,5.0,0.0,69,0.6488454545454545,1,0,0,0
2035,5.0,5.0,0.0,64,0.6486727272727273,1,0,0,0
2036,5.0,5.0,0.0,83,0.6485000000000001,1,0,0,0
2037,5.0,5.0,0.0,76,0.6483272727272728,1,0,0,0
2038,5.0,5.0,0.0,79,0.6481545454545454,1,0,0,0
2039,5.0,5.0,0.0,76,0.6479818181818182,1,0,0,0
2040,5.0,5.0,0.0,47,0.6478090909090909,1,0,0,0
2041,5.0,5.0,0.0,77,0.6476363636363637,1,0,0,0
2042,5.0,5.0,0.0,99,0.6474636363636364,1,0,0,0
2043,5.0,5.0,0.0,53,0.6472909090909091,1,0,0,0
2044,5.0,5.0,0.0,90,0.6471181818181818,1,0,0,0
2045,5.0,5.0,0.0,133,0.6469454545454545,1,0,0,0
2046,5.0,5.0,0.0,85,0.6467727272727273,1,0,0,0
2047,5.0,5.0,0.0,110,0.6466000000000001,1,0,0,0
2048,5.0,5.0,0.0,53,0.6464272727272727,1,0,0,0
2049,5.0,5.0,0.0,53,0.6462545454545454,1,0,0,0
2050,5.0,5.0,0.0,43,0.6460818181818182,1,0,0,0
2051,5.0,5.0,0.0,106,0.645909090909091,1,0,0,0
2052,5.0,5.0,0.0,165,0.6457363636363637,1,0,0,0
2053,5.0,5.0,0.0,89,0.6455636363636363,1,0,0,0
2054,5.0,5.0,0.0,88,0.6453909090909091,1,0,0,0
2055,5.0,5.0,0.0,115,0.6452181818181819,1,0,0,0
2056,5.0,5.0,0.0,45,0.6450454545454545,1,0,0,0
2057,5.0,5.0,0.0,98,0.6448727272727273,1,0,0,0
2058,5.0,5.0,0.0,119,0.6447,1,0,0,0
2059,5.0,5.0,0.0,152,0.6445272727272727,1,0,0,0
2060,5.0,5.0,0.0,87,0.6443545454545455,1,0,0,0
2061,5.0,5.0,0.0,87,0.6441818181818182,1,0,0,0
2062,5.0,5.0,0.0,92,0.644009090909091,1,0,0,0
2063,5.0,5.0,0.0,100,0.6438363636363637,1,0,0,0
2064,5.0,5.0,0.0,64,0.6436636363636363,1,0,0,0
2065,5.0,5.0,0.0,111,0.6434909090909091,1,0,0,0
2066,5.0,5.0,0.0,119,0.6433181818181819,1,0,0,0
2067,5.0,5.0,0.0,60,0.6431454545454545,1,0,0,0
2068,5.0,5.0,0.0,94,0.6429727272727273,1,0,0,0
2069,5.0,5.0,0.0,130,0.6428,1,0,0,0
2070,5.0,5.0,0.0,109,0.6426272727272728,1,0,0,0
2071,5.0,5.0,0.0,55,0.6424545454545455,1,0,0,0
2072,5.0,5.0,0.0,67,0.6422818181818182,1,0,0,0
2073,5.0,5.0,0.0,85,0.642109090909091,1,0,0,0
2074,5.0,5.0,0.0,52,0.6419363636363636,1,0,0,0
2075,5.0,5.0,0.0,94,0.6417636363636363,1,0,0,0
2076,5.0,5.0,0.0,150,0.6415909090909091,1,0,0,0
2077,5.0,5.0,0.0,73,0.6414181818181819,1,0,0,0
2078,5.0,5.0,0.0,99,0.6412454545454546,1,0,0,0
2079,5.0,5.0,0.0,110,0.6410727272727272,1,0,0,0
2080,5.0,5.0,0.0,63,0.6409,1,0,0,0
2081,5.0,5.0,0.0,47,0.6407272727272728,1,0,0,0
2082,5.0,5.0,0.0,49,0.6405545454545455,1,0,0,0
2083,5.0,5.0,0.0,64,0.6403818181818182,1,0,0,0
2084,5.0,5.0,0.0,113,0.640209090909091,1,0,0,0
2085,5.0,5.0,0.0,63,0.6400363636363636,1,0,0,0
2086,5.0,5.0,0.0,56,0.6398636363636363,1,0,0,0
2087,5.0,5.0,0.0,109,0.6396909090909091,1,0,0,0
2088,5.0,5.0,0.0,82,0.6395181818181819,1,0,0,0
2089,5.0,5.0,0.0,77,0.6393454545454546,1,0,0,0
2090,5.0,5.0,0.0,70,0.6391727272727272,1,0,0,0
2091,5.0,5.0,0.0,112,0.639,1,0,0,0
2092,5.0,5.0,0.0,62,0.6388272727272728,1,0,0,0
2093,5.0,5.0,0.0,52,0.6386545454545455,1,0,0,0
2094,5.0,5.0,0.0,94,0.6384818181818182,1,0,0,0
2095,5.0,5.0,0.0,90,0.6383090909090909,1,0,0,0
2096,5.0,5.0,0.0,89,0.6381363636363637,1,0,0,0
2097,5.0,5.0,0.0,62,0.6379636363636364,1,0,0,0
2098,5.0,5.0,0.0,109,0.6377909090909091,1,0,0,0
2099,5.0,5.0,0.0,99,0.6376181818181819,1,0,0,0
2100,5.0,5.0,0.0,80,0.6374454545454545,1,0,0,0
2101,5.0,5.0,0.0,81,0.6372727272727272,1,0,0,0
2102,5.0,5.0,0.0,98,0.6371,1,0,0,0
2103,5.0,5.0,0.0,63,0.6369272727272728,1,0,0,0
2104,5.0,5.0,0.0,59,0.6367545454545455,1,0,0,0
2105,5.0,5.0,0.0,69,0.6365818181818182,1,0,0,0
2106,5.0,5.0,0.0,79,0.6364090909090909,1,0,0,0
2107,5.0,5.0,0.0,60,0.6362363636363637,1,0,0,0
2108,5.0,5.0,0.0,68,0.6360636363636364,1,0,0,0
2109,5.0,5.0,0.0,75,0.6358909090909091,1,0,0,0
2110,5.0,5.0,0.0,70,0.6357181818181818,1,0,0,0
2111,5.0,5.0,0.0,58,0.6355454545454546,1,0,0,0
2112,5.0,5.0,0.0,115,0.6353727272727272,1,0,0,0
2113,5.0,5.0,0.0,63,0.6352,1,0,0,0
2114,5.0,5.0,0.0,71,0.6350272727272728,1,0,0,0
2115,5.0,5.0,0.0,110,0.6348545454545456,1,0,0,0
2116,5.0,5.0,0.0,45,0.6346818181818182,1,0,0,0
2117,5.0,5.0,0.0,55,0.6345090909090909,1,0,0,0
2118,5.0,5.0,0.0,95,0.6343363636363637,1,0,0,0
2119,5.0,5.0,0.0,61,0.6341636363636364,1,0,0,0
2120,5.0,5.0,0.0,161,0.633990909090909,1,0,0,0
2121,5.0,5.0,0.0,69,0.6338181818181818,1,0,0,0
2122,5.0,5.0,0.0,80,0.6336454545454546,1,0,0,0
2123,5.0,5.0,0.0,73,0.6334727272727273,1,0,0,0
2124,5.0,5.0,0.0,109,0.6333,1,0,0,0
2125,5.0,5.0,0.0,140,0.6331272727272728,1,0,0,0
2126,5.0,5.0,0.0,28,0.6329545454545455,1,0,0,0
2127,5.0,5.0,0.0,120,0.6327818181818182,1,0,0,0
2128,5.0,5.0,0.0,95,0.6326090909090909,1,0,0,0
2129,5.0,5.0,0.0,66,0.6324363636363637,1,0,0,0
2130,5.0,5.0,0.0,74,0.6322636363636364,1,0,0,0
2131,5.0,5.0,0.0,75,0.632090909090909,1,0,0,0
2132,5.0,5.0,0.0,145,0.6319181818181818,1,0,0,0
2133,5.0,5.0,0.0,71,0.6317454545454546,1,0,0,0
2134,5.0,5.0,0.0,51,0.6315727272727273,1,0,0,0
2135,5.0,5.0,0.0,95,0.6314,1,0,0,0
2136,5.0,5.0,0.0,95,0.6312272727272727,1,0,0,0
2137,5.0,5.0,0.0,83,0.6310545454545455,1,0,0,0
2138,5.0,5.0,0.0,59,0.6308818181818182,1,0,0,0
2139,5.0,5.0,0.0,123,0.6307090909090909,1,0,0,0
2140,5.0,5.0,0.0,87,0.6305363636363637,1,0,0,0
2141,5.0,5.0,0.0,56,0.6303636363636363,1,0,0,0
2142,5.0,5.0,0.0,83,0.6301909090909091,1,0,0,0
2143,5.0,5.0,0.0,69,0.6300181818181818,1,0,0,0
2144,5.0,5.0,0.0,48,0.6298454545454546,1,0,0,0
2145,5.0,5.0,0.0,71,0.6296727272727273,1,0,0,0
2146,5.0,5.0,0.0,94,0.6295,1,0,0,0
2147,5.0,5.0,0.0,48,0.6293272727272727,1,0,0,0
2148,5.0,5.0,0.0,96,0.6291545454545455,1,0,0,0
2149,5.0,5.0,0.0,77,0.6289818181818182,1,0,0,0
2150,5.0,5.0,0.0,78,0.6288090909090909,1,0,0,0
2151,5.0,5.0,0.0,76,0.6286363636363637,1,0,0,0
2152,5.0,5.0,0.0,121,0.6284636363636364,1,0,0,0
2153,5.0,5.0,0.0,77,0.6282909090909091,1,0,0,0
2154,5.0,5.0,0.0,93,0.6281181818181818,1,0,0,0
2155,5.0,5.0,0.0,66,0.6279454545454546,1,0,0,0
2156,5.0,5.0,0.0,76,0.6277727272727273,1,0,0,0
2157,5.0,5.0,0.0,91,0.6275999999999999,1,0,0,0
2158,5.0,5.0,0.0,127,0.6274272727272727,1,0,0,0
2159,5.0,5.0,0.0,107,0.6272545454545455,1,0,0,0
2160,5.0,5.0,0.0,75,0.6270818181818183,1,0,0,0
2161,5.0,5.0,0.0,88,0.626909090909091,1,0,0,0
2162,5.0,5.0,0.0,64,0.6267363636363636,1,0,0,0
2163,5.0,5.0,0.0,92,0.6265636363636364,1,0,0,0
2164,5.0,5.0,0.0,127,0.6263909090909091,1,0,0,0
2165,5.0,5.0,0.0,90,0.6262181818181818,1,0,0,0
2166,5.0,5.0,0.0,54,0.6260454545454546,1,0,0,0
2167,5.0,5.0,0.0,67,0.6258727272727272,1,0,0,0
2168,5.0,5.0,0.0,79,0.6256999999999999,1,0,0,0
2169,5.0,5.0,0.0,155,0.6255272727272727,1,0,0,0
2170,5.0,5.0,0.0,97,0.6253545454545455,1,0,0,0
2171,5.0,5.0,0.0,58,0.6251818181818183,1,0,0,0
2172,5.0,5.0,0.0,63,0.625009090909091,1,0,0,0
2173,5.0,5.0,0.0,50,0.6248363636363636,1,0,0,0
2174,5.0,5.0,0.0,94,0.6246636363636364,1,0,0,0
2175,5.0,5.0,0.0,82,0.6244909090909091,1,0,0,0
2176,5.0,5.0,0.0,63,0.6243181818181818,1,0,0,0
2177,5.0,5.0,0.0,72,0.6241454545454546,1,0,0,0
2178,5.0,5.0,0.0,58,0.6239727272727273,1,0,0,0
2179,5.0,5.0,0.0,78,0.6238,1,0,0,0
2180,5.0,5.0,0.0,73,0.6236272727272727,1,0,0,0
2181,5.0,5.0,0.0,106,0.6234545454545455,1,0,0,0
2182,5.0,5.0,0.0,90,0.6232818181818183,1,0,0,0
2183,5.0,5.0,0.0,94,0.623109090909091,1,0,0,0
2184,5.0,5.0,0.0,69,0.6229363636363636,1,0,0,0
2185,5.0,5.0,0.0,88,0.6227636363636364,1,0,0,0
2186,5.0,5.0,0.0,95,0.6225909090909091,1,0,0,0
2187,5.0,5.0,0.0,89,0.6224181818181818,1,0,0,0
2188,5.0,5.0,0.0,88,0.6222454545454545,1,0,0,0
2189,5.0,5.0,0.0,35,0.6220727272727273,1,0,0,0
2190,5.0,5.0,0.0,114,0.6219,1,0,0,0
2191,5.0,5.0,0.0,74,0.6217272727272727,1,0,0,0
2192,5.0,5.0,0.0,71,0.6215545454545455,1,0,0,0
2193,5.0,5.0,0.0,75,0.6213818181818183,1,0,0,0
2194,5.0,5.0,0.0,97,0.6212090909090909,1,0,0,0
2195,5.0,5.0,0.0,72,0.6210363636363636,1,0,0,0
2196,5.0,5.0,0.0,102,0.6208636363636364,1,0,0,0
2197,5.0,5.0,0.0,86,0.6206909090909092,1,0,0,0
2198,5.0,5.0,0.0,67,0.6205181818181819,1,0,0,0
2199,5.0,5.0,0.0,80,0.6203454545454545,1,0,0,0
2200,5.0,5.0,0.0,82,0.6201727272727273,1,0,0,0
2201,5.0,5.0,0.0,57,0.62,1,0,0,0
2202,5.0,5.0,0.0,74,0.6198272727272727,1,0,0,0
2203,5.0,5.0,0.0,103,0.6196545454545455,1,0,0,0
2204,5.0,5.0,0.0,77,0.6194818181818182,1,0,0,0
2205,5.0,5.0,0.0,51,0.6193090909090909,1,0,0,0
2206,5.0,5.0,0.0,59,0.6191363636363637,1,0,0,0
2207,5.0,5.0,0.0,74,0.6189636363636364,1,0,0,0
2208,5.0,5.0,0.0,102,0.6187909090909092,1,0,0,0
2209,5.0,5.0,0.0,119,0.6186181818181818,1,0,0,0
2210,5.0,5.0,0.0,100,0.6184454545454545,1,0,0,0
2211,5.0,5.0,0.0,57,0.6182727272727273,1,0,0,0
2212,5.0,5.0,0.0,106,0.6181,1,0,0,0
2213,5.0,5.0,0.0,63,0.6179272727272727,1,0,0,0
2214,5.0,5.0,0.0,72,0.6177545454545454,1,0,0,0
2215,5.0,5.0,0.0,63,0.6175818181818182,1,0,0,0
2216,5.0,5.0,0.0,76,0.617409090909091,1,0,0,0
2217,5.0,5.0,0.0,90,0.6172363636363637,1,0,0,0
2218,5.0,5.0,0.0,61,0.6170636363636364,1,0,0,0
2219,5.0,5.0,0.0,140,0.6168909090909092,1,0,0,0
2220,5.0,5.0,0.0,85,0.6167181818181818,1,0,0,0
2221,5.0,5.0,0.0,67,0.6165454545454545,1,0,0,0
2222,5.0,5.0,0.0,71,0.6163727272727273,1,0,0,0
2223,5.0,5.0,0.0,57,0.6162,1,0,0,0
2224,5.0,5.0,0.0,94,0.6160272727272728,1,0,0,0
2225,5.0,5.0,0.0,61,0.6158545454545454,1,0,0,0
2226,5.0,5.0,0.0,39,0.6156818181818182,1,0,0,0
2227,5.0,5.0,0.0,74,0.615509090909091,1,0,0,0
2228,5.0,5.0,0.0,92,0.6153363636363637,1,0,0,0
2229,5.0,5.0,0.0,58,0.6151636363636364,1,0,0,0
2230,5.0,5.0,0.0,67,0.6149909090909091,1,0,0,0
2231,5.0,5.0,0.0,114,0.6148181818181818,1,0,0,0
2232,5.0,5.0,0.0,71,0.6146454545454545,1,0,0,0
2233,5.0,5.0,0.0,129,0.6144727272727273,1,0,0,0
2234,5.0,5.0,0.0,62,0.6143000000000001,1,0,0,0
2235,5.0,5.0,0.0,45,0.6141272727272727,1,0,0,0
2236,5.0,5.0,0.0,66,0.6139545454545454,1,0,0,0
2237,5.0,5.0,0.0,79,0.6137818181818182,1,0,0,0
2238,5.0,5.0,0.0,43,0.613609090909091,1,0,0,0
2239,5.0,5.0,0.0,74,0.6134363636363637,1,0,0,0
2240,5.0,5.0,0.0,70,0.6132636363636363,1,0,0,0
2241,5.0,5.0,0.0,85,0.6130909090909091,1,0,0,0
2242,5.0,5.0,0.0,99,0.6129181818181818,1,0,0,0
2243,5.0,5.0,0.0,49,0.6127454545454546,1,0,0,0
2244,5.0,5.0,0.0,89,0.6125727272727273,1,0,0,0
2245,5.0,5.0,0.0,73,0.6124,1,0,0,0
2246,5.0,5.0,0.0,45,0.6122272727272727,1,0,0,0
2247,5.0,5.0,0.0,103,0.6120545454545454,1,0,0,0
2248,5.0,5.0,0.0,100,0.6118818181818182,1,0,0,0
2249,5.0,5.0,0.0,100,0.611709090909091,1,0,0,0
2250,5.0,5.0,0.0,105,0.6115363636363637,1,0,0,0
2251,5.0,5.0,0.0,77,0.6113636363636363,1,0,0,0
2252,5.0,5.0,0.0,40,0.6111909090909091,1,0,0,0
2253,5.0,5.0,0.0,82,0.6110181818181819,1,0,0,0
2254,5.0,5.0,0.0,85,0.6108454545454546,1,0,0,0
2255,5.0,5.0,0.0,86,0.6106727272727273,1,0,0,0
2256,5.0,5.0,0.0,69,0.6105,1,0,0,0
2257,5.0,5.0,0.0,59,0.6103272727272727,1,0,0,0
2258,5.0,5.0,0.0,53,0.6101545454545454,1,0,0,0
2259,5.0,5.0,0.0,62,0.6099818181818182,1,0,0,0
2260,5.0,5.0,0.0,92,0.609809090909091,1,0,0,0
2261,5.0,5.0,0.0,65,0.6096363636363638,1,0,0,0
2262,5.0,5.0,0.0,69,0.6094636363636363,1,0,0,0
2263,5.0,5.0,0.0,71,0.6092909090909091,1,0,0,0
2264,5.0,5.0,0.0,50,0.6091181818181819,1,0,0,0
2265,5.0,5.0,0.0,110,0.6089454545454546,1,0,0,0
2266,5.0,5.0,0.0,83,0.6087727272727272,1,0,0,0
2267,5.0,5.0,0.0,42,0.6086,1,0,0,0
2268,5.0,5.0,0.0,58,0.6084272727272727,1,0,0,0
2269,5.0,5.0,0.0,47,0.6082545454545454,1,0,0,0
2270,5.0,5.0,0.0,64,0.6080818181818182,1,0,0,0
2271,5.0,5.0,0.0,45,0.607909090909091,1,0,0,0
2272,5.0,5.0,0.0,79,0.6077363636363637,1,0,0,0
2273,5.0,5.0,0.0,53,0.6075636363636364,1,0,0,0
2274,5.0,5.0,0.0,52,0.6073909090909091,1,0,0,0
2275,5.0,5.0,0.0,105,0.6072181818181819,1,0,0,0
2276,5.0,5.0,0.0,59,0.6070454545454546,1,0,0,0
2277,5.0,5.0,0.0,75,0.6068727272727272,1,0,0,0
2278,5.0,5.0,0.0,77,0.6067,1,0,0,0
2279,5.0,5.0,0.0,90,0.6065272727272728,1,0,0,0
2280,5.0,5.0,0.0,72,0.6063545454545455,1,0,0,0
2281,5.0,5.0,0.0,58,0.6061818181818182,1,0,0,0
2282,5.0,5.0,0.0,69,0.6060090909090909,1,0,0,0
2283,5.0,5.0,0.0,66,0.6058363636363637,1,0,0,0
2284,5.0,5.0,0.0,99,0.6056636363636364,1,0,0,0
2285,5.0,5.0,0.0,92,0.6054909090909091,1,0,0,0
2286,5.0,5.0,0.0,77,0.6053181818181819,1,0,0,0
2287,5.0,5.0,0.0,94,0.6051454545454545,1,0,0,0
2288,5.0,5.0,0.0,87,0.6049727272727272,1,0,0,0
2289,5.0,5.0,0.0,42,0.6048,1,0,0,0
2290,5.0,5.0,0.0,60,0.6046272727272728,1,0,0,0
2291,5.0,5.0,0.0,132,0.6044545454545455,1,0,0,0
2292,5.0,5.0,0.0,53,0.6042818181818181,1,0,0,0
2293,5.0,5.0,0.0,81,0.6041090909090909,1,0,0,0
2294,5.0,5.0,0.0,84,0.6039363636363637,1,0,0,0
2295,5.0,5.0,0.0,61,0.6037636363636364,1,0,0,0
2296,5.0,5.0,0.0,98,0.6035909090909091,1,0,0,0
2297,5.0,5.0,0.0,53,0.6034181818181819,1,0,0,0
2298,5.0,5.0,0.0,73,0.6032454545454546,1,0,0,0
2299,5.0,5.0,0.0,95,0.6030727272727273,1,0,0,0
2300,5.0,5.0,0.0,72,0.6029,1,0,0,0
2301,5.0,5.0,0.0,72,0.6027272727272728,1,0,0,0
2302,5.0,5.0,0.0,73,0.6025545454545455,1,0,0,0
2303,5.0,5.0,0.0,74,0.6023818181818181,1,0,0,0
2304,5.0,5.0,0.0,45,0.6022090909090909,1,0,0,0
2305,5.0,5.0,0.0,64,0.6020363636363637,1,0,0,0
2306,5.0,5.0,0.0,71,0.6018636363636364,1,0,0,0
2307,5.0,5.0,0.0,73,0.601690909090909,1,0,0,0
2308,5.0,5.0,0.0,59,0.6015181818181818,1,0,0,0
2309,5.0,5.0,0.0,90,0.6013454545454546,1,0,0,0
2310,5.0,5.0,0.0,35,0.6011727272727273,1,0,0,0
2311,5.0,5.0,0.0,64,0.601,1,0,0,0
2312,5.0,5.0,0.0,69,0.6008272727272728,1,0,0,0
2313,5.0,5.0,0.0,103,0.6006545454545454,1,0,0,0
2314,5.0,5.0,0.0,51,0.6004818181818181,1,0,0,0
2315,5.0,5.0,0.0,80,0.6003090909090909,1,0,0,0
2316,5.0,5.0,0.0,76,0.6001363636363637,1,0,0,0
2317,5.0,5.0,0.0,84,0.5999636363636365,1,0,0,0
2318,5.0,5.0,0.0,76,0.599790909090909,1,0,0,0
2319,5.0,5.0,0.0,43,0.5996181818181818,1,0,0,0
2320,5.0,5.0,0.0,103,0.5994454545454546,1,0,0,0
2321,5.0,5.0,0.0,63,0.5992727272727273,1,0,0,0
2322,5.0,5.0,0.0,66,0.5991,1,0,0,0
2323,5.0,5.0,0.0,47,0.5989272727272728,1,0,0,0
2324,5.0,5.0,0.0,73,0.5987545454545454,1,0,0,0
2325,5.0,5.0,0.0,114,0.5985818181818182,1,0,0,0
2326,5.0,5.0,0.0,57,0.5984090909090909,1,0,0,0
2327,5.0,5.0,0.0,107,0.5982363636363637,1,0,0,0
2328,5.0,5.0,0.0,72,0.5980636363636365,1,0,0,0
2329,5.0,5.0,0.0,50,0.597890909090909,1,0,0,0
2330,5.0,5.0,0.0,52,0.5977181818181818,1,0,0,0
2331,5.0,5.0,0.0,48,0.5975454545454546,1,0,0,0
2332,5.0,5.0,0.0,65,0.5973727272727273,1,0,0,0
2333,5.0,5.0,0.0,65,0.5972,1,0,0,0
2334,5.0,5.0,0.0,73,0.5970272727272727,1,0,0,0
2335,5.0,5.0,0.0,64,0.5968545454545455,1,0,0,0
2336,5.0,5.0,0.0,89,0.5966818181818182,1,0,0,0
2337,5.0,5.0,0.0,75,0.5965090909090909,1,0,0,0
2338,5.0,5.0,0.0,79,0.5963363636363637,1,0,0,0
2339,5.0,5.0,0.0,77,0.5961636363636365,1,0,0,0
2340,5.0,5.0,0.0,61,0.5959909090909091,1,0,0,0
2341,5.0,5.0,0.0,64,0.5958181818181818,1,0,0,0
2342,5.0,5.0,0.0,103,0.5956454545454546,1,0,0,0
2343,5.0,5.0,0.0,58,0.5954727272727273,1,0,0,0
2344,5.0,5.0,0.0,70,0.5953,1,0,0,0
2345,5.0,5.0,0.0,62,0.5951272727272727,1,0,0,0
2346,5.0,5.0,0.0,40,0.5949545454545455,1,0,0,0
2347,5.0,5.0,0.0,41,0.5947818181818182,1,0,0,0
2348,5.0,5.0,0.0,58,0.5946090909090909,1,0,0,0
2349,5.0,5.0,0.0,96,0.5944363636363637,1,0,0,0
2350,5.0,5.0,0.0,45,0.5942636363636364,1,0,0,0
2351,5.0,5.0,0.0,41,0.5940909090909091,1,0,0,0
2352,5.0,5.0,0.0,70,0.5939181818181818,1,0,0,0
2353,5.0,5.0,0.0,82,0.5937454545454546,1,0,0,0
2354,5.0,5.0,0.0,48,0.5935727272727274,1,0,0,0
2355,5.0,5.0,0.0,41,0.5934,1,0,0,0
2356,5.0,5.0,0.0,83,0.5932272727272727,1,0,0,0
2357,5.0,5.0,0.0,49,0.5930545454545455,1,0,0,0
2358,5.0,5.0,0.0,61,0.5928818181818182,1,0,0,0
2359,5.0,5.0,0.0,63,0.5927090909090909,1,0,0,0
2360,5.0,5.0,0.0,45,0.5925363636363636,1,0,0,0
2361,5.0,5.0,0.0,52,0.5923636363636364,1,0,0,0
2362,5.0,5.0,0.0,56,0.5921909090909092,1,0,0,0
2363,5.0,5.0,0.0,69,0.5920181818181818,1,0,0,0
2364,5.0,5.0,0.0,80,0.5918454545454546,1,0,0,0
2365,5.0,5.0,0.0,67,0.5916727272727274,1,0,0,0
2366,5.0,5.0,0.0,65,0.5915,1,0,0,0
2367,5.0,5.0,0.0,120,0.5913272727272727,1,0,0,0
2368,5.0,5.0,0.0,53,0.5911545454545455,1,0,0,0
2369,5.0,5.0,0.0,85,0.5909818181818182,1,0,0,0
2370,5.0,5.0,0.0,73,0.5908090909090908,1,0,0,0
2371,5.0,5.0,0.0,40,0.5906363636363636,1,0,0,0
2372,5.0,5.0,0.0,45,0.5904636363636364,1,0,0,0
2373,5.0,5.0,0.0,64,0.5902909090909092,1,0,0,0
2374,5.0,5.0,0.0,59,0.5901181818181818,1,0,0,0
2375,5.0,5.0,0.0,56,0.5899454545454546,1,0,0,0
2376,5.0,5.0,0.0,52,0.5897727272727273,1,0,0,0
2377,5.0,5.0,0.0,58,0.5896,1,0,0,0
2378,5.0,5.0,0.0,52,0.5894272727272727,1,0,0,0
2379,5.0,5.0,0.0,51,0.5892545454545455,1,0,0,0
2380,5.0,5.0,0.0,70,0.5890818181818183,1,0,0,0
2381,5.0,5.0,0.0,109,0.5889090909090909,1,0,0,0
2382,5.0,5.0,0.0,48,0.5887363636363636,1,0,0,0
2383,5.0,5.0,0.0,81,0.5885636363636364,1,0,0,0
2384,5.0,5.0,0.0,115,0.5883909090909092,1,0,0,0
2385,5.0,5.0,0.0,74,0.5882181818181818,1,0,0,0
2386,5.0,5.0,0.0,61,0.5880454545454545,1,0,0,0
2387,5.0,5.0,0.0,35,0.5878727272727273,1,0,0,0
2388,5.0,5.0,0.0,35,0.5877,1,0,0,0
2389,5.0,5.0,0.0,80,0.5875272727272727,1,0,0,0
2390,5.0,5.0,0.0,89,0.5873545454545455,1,0,0,0
2391,5.0,5.0,0.0,73,0.5871818181818182,1,0,0,0
2392,5.0,5.0,0.0,44,0.5870090909090909,1,0,0,0
2393,5.0,5.0,0.0,68,0.5868363636363636,1,0,0,0
2394,5.0,5.0,0.0,89,0.5866636363636364,1,0,0,0
2395,5.0,5.0,0.0,86,0.5864909090909092,1,0,0,0
2396,5.0,5.0,0.0,77,0.5863181818181818,1,0,0,0
2397,5.0,5.0,0.0,71,0.5861454545454545,1,0,0,0
2398,5.0,5.0,0.0,74,0.5859727272727273,1,0,0,0
2399,5.0,5.0,0.0,68,0.5858000000000001,1,0,0,0
2400,5.0,5.0,0.0,60,0.5856272727272728,1,0,0,0
2401,5.0,5.0,0.0,79,0.5854545454545454,1,0,0,0
2402,5.0,5.0,0.0,56,0.5852818181818182,1,0,0,0
2403,5.0,5.0,0.0,70,0.5851090909090909,1,0,0,0
2404,5.0,5.0,0.0,71,0.5849363636363636,1,0,0,0
2405,5.0,5.0,0.0,75,0.5847636363636364,1,0,0,0
2406,5.0,5.0,0.0,67,0.5845909090909092,1,0,0,0
2407,5.0,5.0,0.0,63,0.5844181818181818,1,0,0,0
2408,5.0,5.0,0.0,72,0.5842454545454545,1,0,0,0
2409,5.0,5.0,0.0,52,0.5840727272727273,1,0,0,0
2410,5.0,5.0,0.0,66,0.5839000000000001,1,0,0,0
2411,5.0,5.0,0.0,71,0.5837272727272728,1,0,0,0
2412,5.0,5.0,0.0,80,0.5835545454545454,1,0,0,0
2413,5.0,5.0,0.0,68,0.5833818181818182,1,0,0,0
2414,5.0,5.0,0.0,79,0.5832090909090909,1,0,0,0
2415,5.0,5.0,0.0,69,0.5830363636363636,1,0,0,0
2416,5.0,5.0,0.0,73,0.5828636363636364,1,0,0,0
2417,5.0,5.0,0.0,102,0.5826909090909091,1,0,0,0
2418,5.0,5.0,0.0,67,0.5825181818181819,1,0,0,0
2419,5.0,5.0,0.0,57,0.5823454545454545,1,0,0,0
2420,5.0,5.0,0.0,75,0.5821727272727273,1,0,0,0
2421,5.0,5.0,0.0,72,0.5820000000000001,1,0,0,0
2422,5.0,5.0,0.0,79,0.5818272727272727,1,0,0,0
2423,5.0,5.0,0.0,88,0.5816545454545454,1,0,0,0
2424,5.0,5.0,0.0,62,0.5814818181818182,1,0,0,0
2425,5.0,5.0,0.0,52,0.5813090909090909,1,0,0,0
2426,5.0,5.0,0.0,79,0.5811363636363637,1,0,0,0
2427,5.0,5.0,0.0,58,0.5809636363636363,1,0,0,0
2428,5.0,5.0,0.0,102,0.5807909090909091,1,0,0,0
2429,5.0,5.0,0.0,42,0.5806181818181819,1,0,0,0
2430,5.0,5.0,0.0,90,0.5804454545454545,1,0,0,0
2431,5.0,5.0,0.0,66,0.5802727272727273,1,0,0,0
2432,5.0,5.0,0.0,74,0.5801000000000001,1,0,0,0
2433,5.0,5.0,0.0,90,0.5799272727272727,1,0,0,0
2434,5.0,5.0,0.0,74,0.5797545454545454,1,0,0,0
2435,5.0,5.0,0.0,53,0.5795818181818182,1,0,0,0
2436,5.0,5.0,0.0,59,0.579409090909091,1,0,0,0
2437,5.0,5.0,0.0,56,0.5792363636363637,1,0,0,0
2438,5.0,5.0,0.0,65,0.5790636363636363,1,0,0,0
2439,5.0,5.0,0.0,38,0.5788909090909091,1,0,0,0
2440,5.0,5.0,0.0,66,0.5787181818181819,1,0,0,0
2441,5.0,5.0,0.0,45,0.5785454545454545,1,0,0,0
2442,5.0,5.0,0.0,81,0.5783727272727273,1,0,0,0
2443,5.0,5.0,0.0,101,0.5782,1,0,0,0
2444,5.0,5.0,0.0,79,0.5780272727272728,1,0,0,0
2445,5.0,5.0,0.0,62,0.5778545454545455,1,0,0,0
2446,5.0,5.0,0.0,66,0.5776818181818182,1,0,0,0
2447,5.0,5.0,0.0,73,0.577509090909091,1,0,0,0
2448,5.0,5.0,0.0,36,0.5773363636363636,1,0,0,0
2449,5.0,5.0,0.0,73,0.5771636363636363,1,0,0,0
2450,5.0,5.0,0.0,58,0.5769909090909091,1,0,0,0
2451,5.0,5.0,0.0,52,0.5768181818181819,1,0,0,0
2452,5.0,5.0,0.0,50,0.5766454545454545,1,0,0,0
2453,5.0,5.0,0.0,83,0.5764727272727272,1,0,0,0
2454,5.0,5.0,0.0,89,0.5763,1,0,0,0
2455,5.0,5.0,0.0,54,0.5761272727272728,1,0,0,0
2456,5.0,5.0,0.0,95,0.5759545454545455,1,0,0,0
2457,5.0,5.0,0.0,60,0.5757818181818182,1,0,0,0
2458,5.0,5.0,0.0,57,0.575609090909091,1,0,0,0
2459,5.0,5.0,0.0,49,0.5754363636363636,1,0,0,0
2460,5.0,5.0,0.0,34,0.5752636363636363,1,0,0,0
2461,5.0,5.0,0.0,65,0.5750909090909091,1,0,0,0
2462,5.0,5.0,0.0,58,0.5749181818181819,1,0,0,0
2463,5.0,5.0,0.0,67,0.5747454545454547,1,0,0,0
2464,5.0,5.0,0.0,53,0.5745727272727272,1,0,0,0
2465,5.0,5.0,0.0,93,0.5744,1,0,0,0
2466,5.0,5.0,0.0,56,0.5742272727272728,1,0,0,0
2467,5.0,5.0,0.0,70,0.5740545454545455,1,0,0,0
2468,5.0,5.0,0.0,63,0.5738818181818182,1,0,0,0
2469,5.0,5.0,0.0,68,0.573709090909091,1,0,0,0
2470,5.0,5.0,0.0,65,0.5735363636363636,1,0,0,0
2471,5.0,5.0,0.0,67,0.5733636363636363,1,0,0,0
2472,5.0,5.0,0.0,50,0.5731909090909091,1,0,0,0
2473,5.0,5.0,0.0,40,0.5730181818181819,1,0,0,0
2474,5.0,5.0,0.0,55,0.5728454545454547,1,0,0,0
2475,5.0,5.0,0.0,52,0.5726727272727272,1,0,0,0
2476,5.0,5.0,0.0,91,0.5725,1,0,0,0
2477,5.0,5.0,0.0,75,0.5723272727272728,1,0,0,0
2478,5.0,5.0,0.0,86,0.5721545454545455,1,0,0,0
2479,5.0,5.0,0.0,54,0.5719818181818181,1,0,0,0
2480,5.0,5.0,0.0,77,0.5718090909090909,1,0,0,0
2481,5.0,5.0,0.0,60,0.5716363636363637,1,0,0,0
2482,5.0,5.0,0.0,88,0.5714636363636364,1,0,0,0
2483,5.0,5.0,0.0,64,0.5712909090909091,1,0,0,0
2484,5.0,5.0,0.0,36,0.5711181818181819,1,0,0,0
2485,5.0,5.0,0.0,99,0.5709454545454546,1,0,0,0
2486,5.0,5.0,0.0,87,0.5707727272727272,1,0,0,0
2487,5.0,5.0,0.0,51,0.5706,1,0,0,0
2488,5.0,5.0,0.0,66,0.5704272727272728,1,0,0,0
2489,5.0,5.0,0.0,63,0.5702545454545455,1,0,0,0
2490,5.0,5.0,0.0,91,0.5700818181818182,1,0,0,0
2491,5.0,5.0,0.0,73,0.5699090909090909,1,0,0,0
2492,5.0,5.0,0.0,43,0.5697363636363637,1,0,0,0
2493,5.0,5.0,0.0,96,0.5695636363636364,1,0,0,0
2494,5.0,5.0,0.0,58,0.5693909090909091,1,0,0,0
2495,5.0,5.0,0.0,71,0.5692181818181818,1,0,0,0
2496,5.0,5.0,0.0,63,0.5690454545454546,1,0,0,0
2497,5.0,5.0,0.0,54,0.5688727272727272,1,0,0,0
2498,5.0,5.0,0.0,84,0.5687,1,0,0,0
2499,5.0,5.0,0.0,56,0.5685272727272728,1,0,0,0
2500,5.0,5.0,0.0,102,0.5683545454545456,1,0,0,0
2501,5.0,5.0,0.0,55,0.5681818181818182,1,0,0,0
2502,5.0,5.0,0.0,52,0.5680090909090909,1,0,0,0
2503,5.0,5.0,0.0,43,0.5678363636363637,1,0,0,0
2504,5.0,5.0,0.0,100,0.5676636363636364,1,0,0,0
2505,5.0,5.0,0.0,66,0.567490909090909,1,0,0,0
2506,5.0,5.0,0.0,58,0.5673181818181818,1,0,0,0
2507,5.0,5.0,0.0,72,0.5671454545454546,1,0,0,0
2508,5.0,5.0,0.0,102,0.5669727272727273,1,0,0,0
2509,5.0,5.0,0.0,48,0.5668,1,0,0,0
2510,5.0,5.0,0.0,64,0.5666272727272728,1,0,0,0
2511,5.0,5.0,0.0,50,0.5664545454545455,1,0,0,0
2512,5.0,5.0,0.0,73,0.5662818181818182,1,0,0,0
2513,5.0,5.0,0.0,57,0.5661090909090909,1,0,0,0
2514,5.0,5.0,0.0,74,0.5659363636363637,1,0,0,0
2515,5.0,5.0,0.0,59,0.5657636363636364,1,0,0,0
2516,5.0,5.0,0.0,52,0.565590909090909,1,0,0,0
2517,5.0,5.0,0.0,68,0.5654181818181818,1,0,0,0
2518,5.0,5.0,0.0,51,0.5652454545454546,1,0,0,0
2519,5.0,5.0,0.0,47,0.5650727272727274,1,0,0,0
2520,5.0,5.0,0.0,83,0.5649,1,0,0,0
2521,5.0,5.0,0.0,61,0.5647272727272727,1,0,0,0
2522,5.0,5.0,0.0,73,0.5645545454545455,1,0,0,0
2523,5.0,5.0,0.0,76,0.5643818181818182,1,0,0,0
2524,5.0,5.0,0.0,89,0.5642090909090909,1,0,0,0
2525,5.0,5.0,0.0,77,0.5640363636363637,1,0,0,0
2526,5.0,5.0,0.0,77,0.5638636363636363,1,0,0,0
2527,5.0,5.0,0.0,61,0.5636909090909091,1,0,0,0
2528,5.0,5.0,0.0,77,0.5635181818181818,1,0,0,0
2529,5.0,5.0,0.0,70,0.5633454545454546,1,0,0,0
2530,5.0,5.0,0.0,38,0.5631727272727274,1,0,0,0
2531,5.0,5.0,0.0,56,0.563,1,0,0,0
2532,5.0,5.0,0.0,55,0.5628272727272727,1,0,0,0
2533,5.0,5.0,0.0,65,0.5626545454545455,1,0,0,0
2534,5.0,5.0,0.0,65,0.5624818181818182,1,0,0,0
2535,5.0,5.0,0.0,77,0.5623090909090909,1,0,0,0
2536,5.0,5.0,0.0,45,0.5621363636363637,1,0,0,0
2537,5.0,5.0,0.0,45,0.5619636363636364,1,0,0,0
2538,5.0,5.0,0.0,50,0.5617909090909091,1,0,0,0
2539,5.0,5.0,0.0,49,0.5616181818181818,1,0,0,0
2540,5.0,5.0,0.0,46,0.5614454545454546,1,0,0,0
2541,5.0,5.0,0.0,76,0.5612727272727274,1,0,0,0
2542,5.0,5.0,0.0,77,0.5610999999999999,1,0,0,0
2543,5.0,5.0,0.0,65,0.5609272727272727,1,0,0,0
2544,5.0,5.0,0.0,59,0.5607545454545455,1,0,0,0
2545,5.0,5.0,0.0,87,0.5605818181818183,1,0,0,0
2546,5.0,5.0,0.0,38,0.560409090909091,1,0,0,0
2547,5.0,5.0,0.0,76,0.5602363636363636,1,0,0,0
2548,5.0,5.0,0.0,78,0.5600636363636364,1,0,0,0
2549,5.0,5.0,0.0,97,0.5598909090909091,1,0,0,0
2550,5.0,5.0,0.0,61,0.5597181818181818,1,0,0,0
2551,5.0,5.0,0.0,89,0.5595454545454546,1,0,0,0
2552,5.0,5.0,0.0,123,0.5593727272727274,1,0,0,0
2553,5.0,5.0,0.0,52,0.5591999999999999,1,0,0,0
2554,5.0,5.0,0.0,78,0.5590272727272727,1,0,0,0
2555,5.0,5.0,0.0,116,0.5588545454545455,1,0,0,0
2556,5.0,5.0,0.0,31,0.5586818181818183,1,0,0,0
2557,5.0,5.0,0.0,52,0.558509090909091,1,0,0,0
2558,5.0,5.0,0.0,61,0.5583363636363636,1,0,0,0
2559,5.0,5.0,0.0,55,0.5581636363636364,1,0,0,0
2560,5.0,5.0,0.0,50,0.5579909090909091,1,0,0,0
2561,5.0,5.0,0.0,59,0.5578181818181818,1,0,0,0
2562,5.0,5.0,0.0,77,0.5576454545454546,1,0,0,0
2563,5.0,5.0,0.0,45,0.5574727272727273,1,0,0,0
2564,5.0,5.0,0.0,64,0.5573,1,0,0,0
2565,5.0,5.0,0.0,90,0.5571272727272727,1,0,0,0
2566,5.0,5.0,0.0,55,0.5569545454545455,1,0,0,0
2567,5.0,5.0,0.0,40,0.5567818181818183,1,0,0,0
2568,5.0,5.0,0.0,87,0.5566090909090909,1,0,0,0
2569,5.0,5.0,0.0,54,0.5564363636363636,1,0,0,0
2570,5.0,5.0,0.0,101,0.5562636363636364,1,0,0,0
2571,5.0,5.0,0.0,73,0.5560909090909091,1,0,0,0
2572,5.0,5.0,0.0,62,0.5559181818181818,1,0,0,0
2573,5.0,5.0,0.0,75,0.5557454545454545,1,0,0,0
2574,5.0,5.0,0.0,67,0.5555727272727273,1,0,0,0
2575,5.0,5.0,0.0,55,0.5554,1,0,0,0
2576,5.0,5.0,0.0,66,0.5552272727272727,1,0,0,0
2577,5.0,5.0,0.0,36,0.5550545454545455,1,0,0,0
2578,5.0,5.0,0.0,71,0.5548818181818183,1,0,0,0
2579,5.0,5.0,0.0,63,0.5547090909090909,1,0,0,0
2580,5.0,5.0,0.0,58,0.5545363636363636,1,0,0,0
2581,5.0,5.0,0.0,46,0.5543636363636364,1,0,0,0
2582,5.0,5.0,0.0,68,0.5541909090909092,1,0,0,0
2583,5.0,5.0,0.0,51,0.5540181818181819,1,0,0,0
2584,5.0,5.0,0.0,55,0.5538454545454545,1,0,0,0
2585,5.0,5.0,0.0,67,0.5536727272727273,1,0,0,0
2586,5.0,5.0,0.0,74,0.5535000000000001,1,0,0,0
2587,5.0,5.0,0.0,48,0.5533272727272727,1,0,0,0
2588,5.0,5.0,0.0,67,0.5531545454545455,1,0,0,0
2589,5.0,5.0,0.0,52,0.5529818181818182,1,0,0,0
2590,5.0,5.0,0.0,59,0.5528090909090909,1,0,0,0
2591,5.0,5.0,0.0,76,0.5526363636363637,1,0,0,0
2592,5.0,5.0,0.0,47,0.5524636363636364,1,0,0,0
2593,5.0,5.0,0.0,88,0.5522909090909092,1,0,0,0
2594,5.0,5.0,0.0,64,0.5521181818181818,1,0,0,0
2595,5.0,5.0,0.0,61,0.5519454545454545,1,0,0,0
2596,5.0,5.0,0.0,72,0.5517727272727273,1,0,0,0
2597,5.0,5.0,0.0,46,0.5516000000000001,1,0,0,0
2598,5.0,5.0,0.0,63,0.5514272727272727,1,0,0,0
2599,5.0,5.0,0.0,85,0.5512545454545454,1,0,0,0
2600,5.0,5.0,0.0,49,0.5510818181818182,1,0,0,0
2601,5.0,5.0,0.0,54,0.550909090909091,1,0,0,0
2602,5.0,5.0,0.0,64,0.5507363636363637,1,0,0,0
2603,5.0,5.0,0.0,63,0.5505636363636364,1,0,0,0
2604,5.0,5.0,0.0,77,0.5503909090909092,1,0,0,0
2605,5.0,5.0,0.0,94,0.5502181818181818,1,0,0,0
2606,5.0,5.0,0.0,60,0.5500454545454545,1,0,0,0
2607,5.0,5.0,0.0,67,0.5498727272727273,1,0,0,0
2608,5.0,5.0,0.0,79,0.5497000000000001,1,0,0,0
2609,5.0,5.0,0.0,50,0.5495272727272728,1,0,0,0
2610,5.0,5.0,0.0,84,0.5493545454545454,1,0,0,0
2611,5.0,5.0,0.0,64,0.5491818181818182,1,0,0,0
2612,5.0,5.0,0.0,63,0.549009090909091,1,0,0,0
2613,5.0,5.0,0.0,51,0.5488363636363637,1,0,0,0
2614,5.0,5.0,0.0,76,0.5486636363636364,1,0,0,0
2615,5.0,5.0,0.0,75,0.5484909090909091,1,0,0,0
2616,5.0,5.0,0.0,51,0.5483181818181818,1,0,0,0
2617,5.0,5.0,0.0,68,0.5481454545454545,1,0,0,0
2618,5.0,5.0,0.0,61,0.5479727272727273,1,0,0,0
2619,5.0,5.0,0.0,57,0.5478000000000001,1,0,0,0
2620,5.0,5.0,0.0,53,0.5476272727272727,1,0,0,0
2621,5.0,5.0,0.0,74,0.5474545454545454,1,0,0,0
2622,5.0,5.0,0.0,62,0.5472818181818182,1,0,0,0
2623,5.0,5.0,0.0,59,0.547109090909091,1,0,0,0
2624,5.0,5.0,0.0,53,0.5469363636363637,1,0,0,0
2625,5.0,5.0,0.0,64,0.5467636363636363,1,0,0,0
2626,5.0,5.0,0.0,94,0.5465909090909091,1,0,0,0
2627,5.0,5.0,0.0,41,0.5464181818181818,1,0,0,0
2628,5.0,5.0,0.0,43,0.5462454545454546,1,0,0,0
2629,5.0,5.0,0.0,67,0.5460727272727273,1,0,0,0
2630,5.0,5.0,0.0,84,0.5459,1,0,0,0
2631,5.0,5.0,0.0,75,0.5457272727272727,1,0,0,0
2632,5.0,5.0,0.0,62,0.5455545454545454,1,0,0,0
2633,5.0,5.0,0.0,75,0.5453818181818182,1,0,0,0
2634,5.0,5.0,0.0,59,0.545209090909091,1,0,0,0
2635,5.0,5.0,0.0,43,0.5450363636363637,1,0,0,0
2636,5.0,5.0,0.0,51,0.5448636363636363,1,0,0,0
2637,5.0,5.0,0.0,57,0.5446909090909091,1,0,0,0
2638,5.0,5.0,0.0,67,0.5445181818181819,1,0,0,0
2639,5.0,5.0,0.0,62,0.5443454545454546,1,0,0,0
2640,5.0,5.0,0.0,59,0.5441727272727273,1,0,0,0
2641,5.0,5.0,0.0,50,0.544,1,0,0,0
2642,5.0,5.0,0.0,52,0.5438272727272728,1,0,0,0
2643,5.0,5.0,0.0,61,0.5436545454545454,1,0,0,0
2644,5.0,5.0,0.0,68,0.5434818181818182,1,0,0,0
2645,5.0,5.0,0.0,59,0.543309090909091,1,0,0,0
2646,5.0,5.0,0.0,55,0.5431363636363638,1,0,0,0
2647,5.0,5.0,0.0,69,0.5429636363636364,1,0,0,0
2648,5.0,5.0,0.0,67,0.5427909090909091,1,0,0,0
2649,5.0,5.0,0.0,78,0.5426181818181819,1,0,0,0
2650,5.0,5.0,0.0,103,0.5424454545454546,1,0,0,0
2651,5.0,5.0,0.0,81,0.5422727272727272,1,0,0,0
2652,5.0,5.0,0.0,71,0.5421,1,0,0,0
2653,5.0,5.0,0.0,54,0.5419272727272728,1,0,0,0
2654,5.0,5.0,0.0,70,0.5417545454545454,1,0,0,0
2655,5.0,5.0,0.0,50,0.5415818181818182,1,0,0,0
2656,5.0,5.0,0.0,79,0.541409090909091,1,0,0,0
2657,5.0,5.0,0.0,49,0.5412363636363637,1,0,0,0
2658,5.0,5.0,0.0,48,0.5410636363636364,1,0,0,0
2659,5.0,5.0,0.0,111,0.5408909090909091,1,0,0,0
2660,5.0,5.0,0.0,65,0.5407181818181819,1,0,0,0
2661,5.0,5.0,0.0,43,0.5405454545454546,1,0,0,0
2662,5.0,5.0,0.0,43,0.5403727272727272,1,0,0,0
2663,5.0,5.0,0.0,53,0.5402,1,0,0,0
2664,5.0,5.0,0.0,58,0.5400272727272728,1,0,0,0
2665,5.0,5.0,0.0,49,0.5398545454545455,1,0,0,0
2666,5.0,5.0,0.0,60,0.5396818181818182,1,0,0,0
2667,5.0,5.0,0.0,82,0.5395090909090909,1,0,0,0
2668,5.0,5.0,0.0,63,0.5393363636363637,1,0,0,0
2669,5.0,5.0,0.0,63,0.5391636363636364,1,0,0,0
2670,5.0,5.0,0.0,55,0.5389909090909091,1,0,0,0
2671,5.0,5.0,0.0,71,0.5388181818181819,1,0,0,0
2672,5.0,5.0,0.0,66,0.5386454545454545,1,0,0,0
2673,5.0,5.0,0.0,67,0.5384727272727272,1,0,0,0
2674,5.0,5.0,0.0,54,0.5383,1,0,0,0
2675,5.0,5.0,0.0,71,0.5381272727272728,1,0,0,0
2676,5.0,5.0,0.0,50,0.5379545454545455,1,0,0,0
2677,5.0,5.0,0.0,56,0.5377818181818181,1,0,0,0
2678,5.0,5.0,0.0,42,0.5376090909090909,1,0,0,0
2679,5.0,5.0,0.0,76,0.5374363636363637,1,0,0,0
2680,5.0,5.0,0.0,67,0.5372636363636364,1,0,0,0
2681,5.0,5.0,0.0,57,0.5370909090909091,1,0,0,0
2682,5.0,5.0,0.0,94,0.5369181818181818,1,0,0,0
2683,5.0,5.0,0.0,92,0.5367454545454546,1,0,0,0
2684,5.0,5.0,0.0,50,0.5365727272727273,1,0,0,0
2685,5.0,5.0,0.0,60,0.5364,1,0,0,0
2686,5.0,5.0,0.0,72,0.5362272727272728,1,0,0,0
2687,5.0,5.0,0.0,37,0.5360545454545455,1,0,0,0
2688,5.0,5.0,0.0,48,0.5358818181818181,1,0,0,0
2689,5.0,5.0,0.0,68,0.5357090909090909,1,0,0,0
2690,5.0,5.0,0.0,51,0.5355363636363637,1,0,0,0
2691,5.0,5.0,0.0,55,0.5353636363636364,1,0,0,0
2692,5.0,5.0,0.0,91,0.5351909090909092,1,0,0,0
2693,5.0,5.0,0.0,59,0.5350181818181818,1,0,0,0
2694,5.0,5.0,0.0,81,0.5348454545454546,1,0,0,0
2695,5.0,5.0,0.0,74,0.5346727272727273,1,0,0,0
2696,5.0,5.0,0.0,51,0.5345,1,0,0,0
2697,5.0,5.0,0.0,88,0.5343272727272728,1,0,0,0
2698,5.0,5.0,0.0,77,0.5341545454545454,1,0,0,0
2699,5.0,5.0,0.0,31,0.5339818181818181,1,0,0,0
2700,5.0,5.0,0.0,78,0.5338090909090909,1,0,0,0
2701,5.0,5.0,0.0,39,0.5336363636363637,1,0,0,0
2702,5.0,5.0,0.0,57,0.5334636363636365,1,0,0,0
2703,5.0,5.0,0.0,54,0.5332909090909091,1,0,0,0
2704,5.0,5.0,0.0,56,0.5331181818181818,1,0,0,0
2705,5.0,5.0,0.0,53,0.5329454545454546,1,0,0,0
2706,5.0,5.0,0.0,32,0.5327727272727273,1,0,0,0
2707,5.0,5.0,0.0,51,0.5326,1,0,0,0
2708,5.0,5.0,0.0,55,0.5324272727272727,1,0,0,0
2709,5.0,5.0,0.0,74,0.5322545454545455,1,0,0,0
2710,5.0,5.0,0.0,100,0.5320818181818182,1,0,0,0
2711,5.0,5.0,0.0,51,0.5319090909090909,1,0,0,0
2712,5.0,5.0,0.0,67,0.5317363636363637,1,0,0,0
2713,5.0,5.0,0.0,50,0.5315636363636365,1,0,0,0
2714,5.0,5.0,0.0,55,0.5313909090909091,1,0,0,0
2715,5.0,5.0,0.0,51,0.5312181818181818,1,0,0,0
2716,5.0,5.0,0.0,61,0.5310454545454546,1,0,0,0
2717,5.0,5.0,0.0,55,0.5308727272727273,1,0,0,0
2718,5.0,5.0,0.0,54,0.5307,1,0,0,0
2719,5.0,5.0,0.0,60,0.5305272727272727,1,0,0,0
2720,5.0,5.0,0.0,88,0.5303545454545455,1,0,0,0
2721,5.0,5.0,0.0,60,0.5301818181818182,1,0,0,0
2722,5.0,5.0,0.0,49,0.5300090909090909,1,0,0,0
2723,5.0,5.0,0.0,68,0.5298363636363637,1,0,0,0
2724,5.0,5.0,0.0,44,0.5296636363636364,1,0,0,0
2725,5.0,5.0,0.0,60,0.5294909090909091,1,0,0,0
2726,5.0,5.0,0.0,52,0.5293181818181818,1,0,0,0
2727,5.0,5.0,0.0,45,0.5291454545454546,1,0,0,0
2728,5.0,5.0,0.0,65,0.5289727272727273,1,0,0,0
2729,5.0,5.0,0.0,58,0.5288,1,0,0,0
2730,5.0,5.0,0.0,48,0.5286272727272727,1,0,0,0
2731,5.0,5.0,0.0,80,0.5284545454545455,1,0,0,0
2732,5.0,5.0,0.0,74,0.5282818181818182,1,0,0,0
2733,5.0,5.0,0.0,66,0.5281090909090909,1,0,0,0
2734,5.0,5.0,0.0,52,0.5279363636363636,1,0,0,0
2735,5.0,5.0,0.0,40,0.5277636363636364,1,0,0,0
2736,5.0,5.0,0.0,51,0.5275909090909091,1,0,0,0
2737,5.0,5.0,0.0,39,0.5274181818181818,1,0,0,0
2738,5.0,5.0,0.0,56,0.5272454545454546,1,0,0,0
2739,5.0,5.0,0.0,38,0.5270727272727274,1,0,0,0
2740,5.0,5.0,0.0,80,0.5269,1,0,0,0
2741,5.0,5.0,0.0,68,0.5267272727272727,1,0,0,0
2742,5.0,5.0,0.0,43,0.5265545454545455,1,0,0,0
2743,5.0,5.0,0.0,73,0.5263818181818182,1,0,0,0
2744,5.0,5.0,0.0,45,0.5262090909090908,1,0,0,0
2745,5.0,5.0,0.0,40,0.5260363636363636,1,0,0,0
2746,5.0,5.0,0.0,62,0.5258636363636364,1,0,0,0
2747,5.0,5.0,0.0,47,0.5256909090909092,1,0,0,0
2748,5.0,5.0,0.0,45,0.5255181818181819,1,0,0,0
2749,5.0,5.0,0.0,64,0.5253454545454546,1,0,0,0
2750,5.0,5.0,0.0,76,0.5251727272727273,1,0,0,0
2751,5.0,5.0,0.0,40,0.525,1,0,0,0
2752,5.0,5.0,0.0,85,0.5248272727272727,1,0,0,0
2753,5.0,5.0,0.0,51,0.5246545454545455,1,0,0,0
2754,5.0,5.0,0.0,64,0.5244818181818183,1,0,0,0
2755,5.0,5.0,0.0,85,0.524309090909091,1,0,0,0
2756,5.0,5.0,0.0,61,0.5241363636363637,1,0,0,0
2757,5.0,5.0,0.0,41,0.5239636363636364,1,0,0,0
2758,5.0,5.0,0.0,49,0.5237909090909091,1,0,0,0
2759,5.0,5.0,0.0,52,0.5236181818181818,1,0,0,0
2760,5.0,5.0,0.0,62,0.5234454545454545,1,0,0,0
2761,5.0,5.0,0.0,83,0.5232727272727273,1,0,0,0
2762,5.0,5.0,0.0,38,0.5231,1,0,0,0
2763,5.0,5.0,0.0,65,0.5229272727272727,1,0,0,0
2764,5.0,5.0,0.0,57,0.5227545454545455,1,0,0,0
2765,5.0,5.0,0.0,80,0.5225818181818183,1,0,0,0
2766,5.0,5.0,0.0,56,0.522409090909091,1,0,0,0
2767,5.0,5.0,0.0,52,0.5222363636363637,1,0,0,0
2768,5.0,5.0,0.0,57,0.5220636363636364,1,0,0,0
2769,5.0,5.0,0.0,79,0.5218909090909091,1,0,0,0
2770,5.0,5.0,0.0,78,0.5217181818181817,1,0,0,0
2771,5.0,5.0,0.0,50,0.5215454545454545,1,0,0,0
2772,5.0,5.0,0.0,78,0.5213727272727273,1,0,0,0
2773,5.0,5.0,0.0,82,0.5212,1,0,0,0
2774,5.0,5.0,0.0,97,0.5210272727272728,1,0,0,0
2775,5.0,5.0,0.0,71,0.5208545454545455,1,0,0,0
2776,5.0,5.0,0.0,65,0.5206818181818182,1,0,0,0
2777,5.0,5.0,0.0,34,0.520509090909091,1,0,0,0
2778,5.0,5.0,0.0,59,0.5203363636363637,1,0,0,0
2779,5.0,5.0,0.0,51,0.5201636363636364,1,0,0,0
2780,5.0,5.0,0.0,73,0.5199909090909091,1,0,0,0
2781,5.0,5.0,0.0,39,0.5198181818181817,1,0,0,0
2782,5.0,5.0,0.0,39,0.5196454545454545,1,0,0,0
2783,5.0,5.0,0.0,41,0.5194727272727273,1,0,0,0
2784,5.0,5.0,0.0,76,0.5193000000000001,1,0,0,0
2785,5.0,5.0,0.0,68,0.5191272727272728,1,0,0,0
2786,5.0,5.0,0.0,37,0.5189545454545454,1,0,0,0
2787,5.0,5.0,0.0,80,0.5187818181818182,1,0,0,0
2788,5.0,5.0,0.0,46,0.518609090909091,1,0,0,0
2789,5.0,5.0,0.0,61,0.5184363636363637,1,0,0,0
2790,5.0,5.0,0.0,55,0.5182636363636364,1,0,0,0
2791,5.0,5.0,0.0,51,0.518090909090909,1,0,0,0
2792,5.0,5.0,0.0,55,0.5179181818181818,1,0,0,0
2793,5.0,5.0,0.0,77,0.5177454545454545,1,0,0,0
2794,5.0,5.0,0.0,42,0.5175727272727273,1,0,0,0
2795,5.0,5.0,0.0,76,0.5174000000000001,1,0,0,0
2796,5.0,5.0,0.0,45,0.5172272727272728,1,0,0,0
2797,5.0,5.0,0.0,81,0.5170545454545454,1,0,0,0
2798,5.0,5.0,0.0,39,0.5168818181818182,1,0,0,0
2799,5.0,5.0,0.0,48,0.516709090909091,1,0,0,0
2800,5.0,5.0,0.0,49,0.5165363636363637,1,0,0,0
2801,5.0,5.0,0.0,87,0.5163636363636364,1,0,0,0
2802,5.0,5.0,0.0,52,0.5161909090909091,1,0,0,0
2803,5.0,5.0,0.0,57,0.5160181818181818,1,0,0,0
2804,5.0,5.0,0.0,43,0.5158454545454545,1,0,0,0
2805,5.0,5.0,0.0,45,0.5156727272727273,1,0,0,0
2806,5.0,5.0,0.0,49,0.5155000000000001,1,0,0,0
2807,5.0,5.0,0.0,48,0.5153272727272727,1,0,0,0
2808,5.0,5.0,0.0,65,0.5151545454545454,1,0,0,0
2809,5.0,5.0,0.0,63,0.5149818181818182,1,0,0,0
2810,5.0,5.0,0.0,83,0.514809090909091,1,0,0,0
2811,5.0,5.0,0.0,54,0.5146363636363638,1,0,0,0
2812,5.0,5.0,0.0,56,0.5144636363636365,1,0,0,0
2813,5.0,5.0,0.0,73,0.5142909090909091,1,0,0,0
2814,5.0,5.0,0.0,69,0.5141181818181818,1,0,0,0
2815,5.0,5.0,0.0,53,0.5139454545454545,1,0,0,0
2816,5.0,5.0,0.0,38,0.5137727272727273,1,0,0,0
2817,5.0,5.0,0.0,70,0.5136000000000001,1,0,0,0
2818,5.0,5.0,0.0,46,0.5134272727272727,1,0,0,0
2819,5.0,5.0,0.0,58,0.5132545454545454,1,0,0,0
2820,5.0,5.0,0.0,43,0.5130818181818182,1,0,0,0
2821,5.0,5.0,0.0,37,0.512909090909091,1,0,0,0
2822,5.0,5.0,0.0,69,0.5127363636363638,1,0,0,0
2823,5.0,5.0,0.0,55,0.5125636363636364,1,0,0,0
2824,5.0,5.0,0.0,74,0.5123909090909091,1,0,0,0
2825,5.0,5.0,0.0,56,0.5122181818181818,1,0,0,0
2826,5.0,5.0,0.0,54,0.5120454545454545,1,0,0,0
2827,5.0,5.0,0.0,58,0.5118727272727273,1,0,0,0
2828,5.0,5.0,0.0,30,0.5117,1,0,0,0
2829,5.0,5.0,0.0,65,0.5115272727272728,1,0,0,0
2830,5.0,5.0,0.0,75,0.5113545454545455,1,0,0,0
2831,5.0,5.0,0.0,45,0.5111818181818182,1,0,0,0
2832,5.0,5.0,0.0,56,0.511009090909091,1,0,0,0
2833,5.0,5.0,0.0,34,0.5108363636363638,1,0,0,0
2834,5.0,5.0,0.0,59,0.5106636363636364,1,0,0,0
2835,5.0,5.0,0.0,57,0.5104909090909091,1,0,0,0
2836,5.0,5.0,0.0,57,0.5103181818181818,1,0,0,0
2837,5.0,5.0,0.0,62,0.5101454545454545,1,0,0,0
2838,5.0,5.0,0.0,62,0.5099727272727272,1,0,0,0
2839,5.0,5.0,0.0,41,0.5098,1,0,0,0
2840,5.0,5.0,0.0,82,0.5096272727272728,1,0,0,0
2841,5.0,5.0,0.0,49,0.5094545454545455,1,0,0,0
2842,5.0,5.0,0.0,70,0.5092818181818182,1,0,0,0
2843,5.0,5.0,0.0,67,0.509109090909091,1,0,0,0
2844,5.0,5.0,0.0,73,0.5089363636363637,1,0,0,0
2845,5.0,5.0,0.0,85,0.5087636363636364,1,0,0,0
2846,5.0,5.0,0.0,67,0.5085909090909091,1,0,0,0
2847,5.0,5.0,0.0,63,0.5084181818181819,1,0,0,0
2848,5.0,5.0,0.0,71,0.5082454545454546,1,0,0,0
2849,5.0,5.0,0.0,56,0.5080727272727272,1,0,0,0
2850,5.0,5.0,0.0,56,0.5079,1,0,0,0
2851,5.0,5.0,0.0,54,0.5077272727272728,1,0,0,0
2852,5.0,5.0,0.0,48,0.5075545454545455,1,0,0,0
2853,5.0,5.0,0.0,52,0.5073818181818182,1,0,0,0
2854,5.0,5.0,0.0,70,0.5072090909090909,1,0,0,0
2855,5.0,5.0,0.0,47,0.5070363636363637,1,0,0,0
2856,5.0,5.0,0.0,64,0.5068636363636364,1,0,0,0
2857,5.0,5.0,0.0,65,0.5066909090909092,1,0,0,0
2858,5.0,5.0,0.0,67,0.5065181818181819,1,0,0,0
2859,5.0,5.0,0.0,55,0.5063454545454545,1,0,0,0
2860,5.0,5.0,0.0,37,0.5061727272727272,1,0,0,0
2861,5.0,5.0,0.0,60,0.506,1,0,0,0
2862,5.0,5.0,0.0,69,0.5058272727272728,1,0,0,0
2863,5.0,5.0,0.0,69,0.5056545454545455,1,0,0,0
2864,5.0,5.0,0.0,70,0.5054818181818181,1,0,0,0
2865,5.0,5.0,0.0,67,0.5053090909090909,1,0,0,0
2866,5.0,5.0,0.0,46,0.5051363636363637,1,0,0,0
2867,5.0,5.0,0.0,81,0.5049636363636365,1,0,0,0
2868,5.0,5.0,0.0,79,0.5047909090909092,1,0,0,0
2869,5.0,5.0,0.0,71,0.5046181818181819,1,0,0,0
2870,5.0,5.0,0.0,54,0.5044454545454545,1,0,0,0
2871,5.0,5.0,0.0,77,0.5042727272727272,1,0,0,0
2872,5.0,5.0,0.0,59,0.5041,1,0,0,0
2873,5.0,5.0,0.0,62,0.5039272727272728,1,0,0,0
2874,5.0,5.0,0.0,46,0.5037545454545455,1,0,0,0
2875,5.0,5.0,0.0,29,0.5035818181818182,1,0,0,0
2876,5.0,5.0,0.0,56,0.5034090909090909,1,0,0,0
2877,5.0,5.0,0.0,62,0.5032363636363637,1,0,0,0
2878,5.0,5.0,0.0,43,0.5030636363636365,1,0,0,0
2879,5.0,5.0,0.0,65,0.5028909090909092,1,0,0,0
2880,5.0,5.0,0.0,60,0.5027181818181818,1,0,0,0
2881,5.0,5.0,0.0,86,0.5025454545454545,1,0,0,0
2882,5.0,5.0,0.0,65,0.5023727272727272,1,0,0,0
2883,5.0,5.0,0.0,67,0.5022,1,0,0,0
2884,5.0,5.0,0.0,59,0.5020272727272728,1,0,0,0
2885,5.0,5.0,0.0,45,0.5018545454545456,1,0,0,0
2886,5.0,5.0,0.0,61,0.5016818181818182,1,0,0,0
2887,5.0,5.0,0.0,35,0.5015090909090909,1,0,0,0
2888,5.0,5.0,0.0,44,0.5013363636363637,1,0,0,0
2889,5.0,5.0,0.0,58,0.5011636363636365,1,0,0,0
2890,5.0,5.0,0.0,57,0.5009909090909092,1,0,0,0
2891,5.0,5.0,0.0,68,0.5008181818181818,1,0,0,0
2892,5.0,5.0,0.0,40,0.5006454545454545,1,0,0,0
2893,5.0,5.0,0.0,66,0.5004727272727273,1,0,0,0
2894,5.0,5.0,0.0,60,0.5003,1,0,0,0
2895,5.0,5.0,0.0,47,0.5001272727272728,1,0,0,0
2896,5.0,5.0,0.0,41,0.49995454545454543,1,0,0,0
2897,5.0,5.0,0.0,73,0.4997818181818182,1,0,0,0
2898,5.0,5.0,0.0,64,0.499609090909091,1,0,0,0
2899,5.0,5.0,0.0,65,0.4994363636363637,1,0,0,0
2900,5.0,5.0,0.0,65,0.49926363636363646,1,0,0,0
2901,5.0,5.0,0.0,35,0.49909090909090914,1,0,0,0
2902,5.0,5.0,0.0,61,0.4989181818181818,1,0,0,0
2903,5.0,5.0,0.0,95,0.4987454545454545,1,0,0,0
2904,5.0,5.0,0.0,64,0.4985727272727273,1,0,0,0
2905,5.0,5.0,0.0,67,0.49839999999999995,1,0,0,0
2906,5.0,5.0,0.0,82,0.49822727272727274,1,0,0,0
2907,5.0,5.0,0.0,53,0.4980545454545455,1,0,0,0
2908,5.0,5.0,0.0,49,0.4978818181818182,1,0,0,0
2909,5.0,5.0,0.0,51,0.497709090909091,1,0,0,0
2910,5.0,5.0,0.0,63,0.49753636363636367,1,0,0,0
2911,5.0,5.0,0.0,61,0.49736363636363645,1,0,0,0
2912,5.0,5.0,0.0,66,0.49719090909090913,1,0,0,0
2913,5.0,5.0,0.0,51,0.4970181818181819,1,0,0,0
2914,5.0,5.0,0.0,60,0.4968454545454545,1,0,0,0
2915,5.0,5.0,0.0,54,0.49667272727272727,1,0,0,0
2916,5.0,5.0,0.0,42,0.49650000000000005,1,0,0,0
2917,5.0,5.0,0.0,47,0.49632727272727273,1,0,0,0
2918,5.0,5.0,0.0,110,0.4961545454545455,1,0,0,0
2919,5.0,5.0,0.0,45,0.4959818181818182,1,0,0,0
2920,5.0,5.0,0.0,62,0.495809090909091,1,0,0,0
2921,5.0,5.0,0.0,73,0.49563636363636365,1,0,0,0
2922,5.0,5.0,0.0,83,0.49546363636363644,1,0,0,0
2923,5.0,5.0,0.0,47,0.4952909090909091,1,0,0,0
2924,5.0,5.0,0.0,64,0.4951181818181819,1,0,0,0
2925,5.0,5.0,0.0,80,0.4949454545454546,1,0,0,0
2926,5.0,5.0,0.0,55,0.49477272727272725,1,0,0,0
2927,5.0,5.0,0.0,55,0.49460000000000004,1,0,0,0
2928,5.0,5.0,0.0,32,0.4944272727272727,1,0,0,0
2929,5.0,5.0,0.0,65,0.4942545454545455,1,0,0,0
2930,5.0,5.0,0.0,41,0.4940818181818182,1,0,0,0
2931,5.0,5.0,0.0,68,0.49390909090909096,1,0,0,0
2932,5.0,5.0,0.0,71,0.49373636363636364,1,0,0,0
2933,5.0,5.0,0.0,35,0.4935636363636364,1,0,0,0
2934,5.0,5.0,0.0,45,0.4933909090909091,1,0,0,0
2935,5.0,5.0,0.0,38,0.4932181818181819,1,0,0,0
2936,5.0,5.0,0.0,66,0.49304545454545456,1,0,0,0
2937,5.0,5.0,0.0,40,0.49287272727272724,1,0,0,0
2938,5.0,5.0,0.0,84,0.4927,1,0,0,0
2939,5.0,5.0,0.0,64,0.4925272727272727,1,0,0,0
2940,5.0,5.0,0.0,49,0.4923545454545455,1,0,0,0
2941,5.0,5.0,0.0,53,0.49218181818181816,1,0,0,0
2942,5.0,5.0,0.0,108,0.49200909090909095,1,0,0,0
2943,5.0,5.0,0.0,69,0.4918363636363636,1,0,0,0
2944,5.0,5.0,0.0,51,0.4916636363636364,1,0,0,0
2945,5.0,5.0,0.0,57,0.4914909090909092,1,0,0,0
2946,5.0,5.0,0.0,64,0.4913181818181819,1,0,0,0
2947,5.0,5.0,0.0,38,0.49114545454545455,1,0,0,0
2948,5.0,5.0,0.0,50,0.4909727272727272,1,0,0,0
2949,5.0,5.0,0.0,57,0.4908,1,0,0,0
2950,5.0,5.0,0.0,79,0.4906272727272727,1,0,0,0
2951,5.0,5.0,0.0,40,0.4904545454545455,1,0,0,0
2952,5.0,5.0,0.0,65,0.49028181818181815,1,0,0,0
2953,5.0,5.0,0.0,74,0.49010909090909094,1,0,0,0
2954,5.0,5.0,0.0,51,0.4899363636363637,1,0,0,0
2955,5.0,5.0,0.0,61,0.4897636363636364,1,0,0,0
2956,5.0,5.0,0.0,47,0.4895909090909092,1,0,0,0
2957,5.0,5.0,0.0,70,0.48941818181818186,1,0,0,0
2958,5.0,5.0,0.0,56,0.48924545454545454,1,0,0,0
2959,5.0,5.0,0.0,56,0.4890727272727272,1,0,0,0
2960,5.0,5.0,0.0,62,0.4889,1,0,0,0
2961,5.0,5.0,0.0,35,0.4887272727272727,1,0,0,0
2962,5.0,5.0,0.0,74,0.48855454545454546,1,0,0,0
2963,5.0,5.0,0.0,57,0.48838181818181825,1,0,0,0
2964,5.0,5.0,0.0,48,0.4882090909090909,1,0,0,0
2965,5.0,5.0,0.0,60,0.4880363636363637,1,0,0,0
2966,5.0,5.0,0.0,52,0.4878636363636364,1,0,0,0
2967,5.0,5.0,0.0,51,0.4876909090909092,1,0,0,0
2968,5.0,5.0,0.0,80,0.48751818181818185,1,0,0,0
2969,5.0,5.0,0.0,96,0.4873454545454545,1,0,0,0
2970,5.0,5.0,0.0,77,0.4871727272727272,1,0,0,0
2971,5.0,5.0,0.0,66,0.487,1,0,0,0
2972,5.0,5.0,0.0,51,0.4868272727272728,1,0,0,0
2973,5.0,5.0,0.0,70,0.48665454545454545,1,0,0,0
2974,5.0,5.0,0.0,49,0.48648181818181824,1,0,0,0
2975,5.0,5.0,0.0,61,0.4863090909090909,1,0,0,0
2976,5.0,5.0,0.0,49,0.4861363636363637,1,0,0,0
2977,5.0,5.0,0.0,52,0.4859636363636364,1,0,0,0
2978,5.0,5.0,0.0,77,0.48579090909090916,1,0,0,0
2979,5.0,5.0,0.0,38,0.48561818181818184,1,0,0,0
2980,5.0,5.0,0.0,48,0.4854454545454546,1,0,0,0
2981,5.0,5.0,0.0,65,0.4852727272727273,1,0,0,0
2982,5.0,5.0,0.0,56,0.4851,1,0,0,0
2983,5.0,5.0,0.0,37,0.48492727272727276,1,0,0,0
2984,5.0,5.0,0.0,42,0.48475454545454544,1,0,0,0
2985,5.0,5.0,0.0,63,0.4845818181818182,1,0,0,0
2986,5.0,5.0,0.0,114,0.4844090909090909,1,0,0,0
2987,5.0,5.0,0.0,51,0.4842363636363637,1,0,0,0
2988,5.0,5.0,0.0,52,0.48406363636363636,1,0,0,0
2989,5.0,5.0,0.0,51,0.48389090909090915,1,0,0,0
2990,5.0,5.0,0.0,47,0.48371818181818194,1,0,0,0
2991,5.0,5.0,0.0,57,0.4835454545454546,1,0,0,0
2992,5.0,5.0,0.0,44,0.4833727272727273,1,0,0,0
2993,5.0,5.0,0.0,31,0.48319999999999996,1,0,0,0
2994,5.0,5.0,0.0,45,0.48302727272727275,1,0,0,0
2995,5.0,5.0,0.0,39,0.4828545454545454,1,0,0,0
2996,5.0,5.0,0.0,57,0.4826818181818182,1,0,0,0
2997,5.0,5.0,0.0,46,0.4825090909090909,1,0,0,0
2998,5.0,5.0,0.0,35,0.4823363636363637,1,0,0,0
2999,5.0,5.0,0.0,47,0.48216363636363646,1,0,0,0
3000,5.0,5.0,0.0,61,0.48199090909090914,1,0,0,0
3001,5.0,5.0,0.0,34,0.4818181818181819,1,0,0,0
3002,5.0,5.0,0.0,39,0.4816454545454546,1,0,0,0
3003,5.0,5.0,0.0,62,0.4814727272727273,1,0,0,0
3004,5.0,5.0,0.0,55,0.48129999999999995,1,0,0,0
3005,5.0,5.0,0.0,59,0.48112727272727274,1,0,0,0
3006,5.0,5.0,0.0,39,0.4809545454545454,1,0,0,0
3007,5.0,5.0,0.0,42,0.4807818181818182,1,0,0,0
3008,5.0,5.0,0.0,89,0.480609090909091,1,0,0,0
3009,5.0,5.0,0.0,58,0.48043636363636366,1,0,0,0
3010,5.0,5.0,0.0,51,0.48026363636363645,1,0,0,0
3011,5.0,5.0,0.0,58,0.4800909090909091,1,0,0,0
3012,5.0,5.0,0.0,56,0.4799181818181819,1,0,0,0
3013,5.0,5.0,0.0,48,0.4797454545454546,1,0,0,0
3014,5.0,5.0,0.0,55,0.47957272727272726,1,0,0,0
3015,5.0,5.0,0.0,46,0.47939999999999994,1,0,0,0
3016,5.0,5.0,0.0,50,0.4792272727272727,1,0,0,0
3017,5.0,5.0,0.0,59,0.4790545454545455,1,0,0,0
3018,5.0,5.0,0.0,50,0.4788818181818182,1,0,0,0
3019,5.0,5.0,0.0,43,0.478709090909091,1,0,0,0
3020,5.0,5.0,0.0,49,0.47853636363636365,1,0,0,0
3021,5.0,5.0,0.0,62,0.47836363636363644,1,0,0,0
3022,5.0,5.0,0.0,34,0.4781909090909091,1,0,0,0
3023,5.0,5.0,0.0,37,0.4780181818181819,1,0,0,0
3024,5.0,5.0,0.0,65,0.4778454545454546,1,0,0,0
3025,5.0,5.0,0.0,55,0.47767272727272725,1,0,0,0
3026,5.0,5.0,0.0,47,0.47750000000000004,1,0,0,0
3027,5.0,5.0,0.0,48,0.4773272727272727,1,0,0,0
3028,5.0,5.0,0.0,69,0.4771545454545455,1,0,0,0
3029,5.0,5.0,0.0,66,0.4769818181818182,1,0,0,0
3030,5.0,5.0,0.0,56,0.47680909090909096,1,0,0,0
3031,5.0,5.0,0.0,48,0.47663636363636364,1,0,0,0
3032,5.0,5.0,0.0,58,0.4764636363636364,1,0,0,0
3033,5.0,5.0,0.0,65,0.4762909090909091,1,0,0,0
3034,5.0,5.0,0.0,59,0.4761181818181819,1,0,0,0
3035,5.0,5.0,0.0,56,0.47594545454545456,1,0,0,0
3036,5.0,5.0,0.0,59,0.47577272727272735,1,0,0,0
3037,5.0,5.0,0.0,31,0.4756,1,0,0,0
3038,5.0,5.0,0.0,57,0.4754272727272727,1,0,0,0
3039,5.0,5.0,0.0,61,0.4752545454545455,1,0,0,0
3040,5.0,5.0,0.0,45,0.47508181818181816,1,0,0,0
3041,5.0,5.0,0.0,63,0.47490909090909095,1,0,0,0
3042,5.0,5.0,0.0,38,0.4747363636363636,1,0,0,0
3043,5.0,5.0,0.0,52,0.4745636363636364,1,0,0,0
3044,5.0,5.0,0.0,35,0.4743909090909091,1,0,0,0
3045,5.0,5.0,0.0,76,0.47421818181818187,1,0,0,0
3046,5.0,5.0,0.0,59,0.47404545454545466,1,0,0,0
3047,5.0,5.0,0.0,59,0.47387272727272733,1,0,0,0
3048,5.0,5.0,0.0,43,0.4737,1,0,0,0
3049,5.0,5.0,0.0,66,0.4735272727272727,1,0,0,0
3050,5.0,5.0,0.0,53,0.4733545454545455,1,0,0,0
3051,5.0,5.0,0.0,45,0.47318181818181815,1,0,0,0
3052,5.0,5.0,0.0,82,0.47300909090909093,1,0,0,0
3053,5.0,5.0,0.0,35,0.4728363636363636,1,0,0,0
3054,5.0,5.0,0.0,51,0.4726636363636364,1,0,0,0
3055,5.0,5.0,0.0,37,0.4724909090909092,1,0,0,0
3056,5.0,5.0,0.0,43,0.47231818181818186,1,0,0,0
3057,5.0,5.0,0.0,29,0.47214545454545465,1,0,0,0
3058,5.0,5.0,0.0,71,0.4719727272727273,1,0,0,0
3059,5.0,5.0,0.0,63,0.4718,1,0,0,0
3060,5.0,5.0,0.0,65,0.4716272727272727,1,0,0,0
3061,5.0,5.0,0.0,46,0.47145454545454546,1,0,0,0
3062,5.0,5.0,0.0,73,0.47128181818181814,1,0,0,0
3063,5.0,5.0,0.0,54,0.4711090909090909,1,0,0,0
3064,5.0,5.0,0.0,56,0.4709363636363637,1,0,0,0
3065,5.0,5.0,0.0,56,0.4707636363636364,1,0,0,0
3066,5.0,5.0,0.0,46,0.47059090909090917,1,0,0,0
3067,5.0,5.0,0.0,52,0.47041818181818185,1,0,0,0
3068,5.0,5.0,0.0,44,0.47024545454545463,1,0,0,0
3069,5.0,5.0,0.0,45,0.4700727272727273,1,0,0,0
3070,5.0,5.0,0.0,47,0.4699,1,0,0,0
3071,5.0,5.0,0.0,36,0.46972727272727266,1,0,0,0
3072,5.0,5.0,0.0,36,0.46955454545454545,1,0,0,0
3073,5.0,5.0,0.0,43,0.46938181818181823,1,0,0,0
3074,5.0,5.0,0.0,64,0.4692090909090909,1,0,0,0
3075,5.0,5.0,0.0,53,0.4690363636363637,1,0,0,0
3076,5.0,5.0,0.0,57,0.46886363636363637,1,0,0,0
3077,5.0,5.0,0.0,28,0.46869090909090916,1,0,0,0
3078,5.0,5.0,0.0,57,0.46851818181818183,1,0,0,0
3079,5.0,5.0,0.0,35,0.4683454545454546,1,0,0,0
3080,5.0,5.0,0.0,86,0.4681727272727273,1,0,0,0
3081,5.0,5.0,0.0,69,0.46799999999999997,1,0,0,0
3082,5.0,5.0,0.0,61,0.46782727272727276,1,0,0,0
3083,5.0,5.0,0.0,35,0.46765454545454543,1,0,0,0
3084,5.0,5.0,0.0,52,0.4674818181818182,1,0,0,0
3085,5.0,5.0,0.0,76,0.4673090909090909,1,0,0,0
3086,5.0,5.0,0.0,75,0.4671363636363637,1,0,0,0
3087,5.0,5.0,0.0,52,0.46696363636363636,1,0,0,0
3088,5.0,5.0,0.0,57,0.46679090909090915,1,0,0,0
3089,5.0,5.0,0.0,80,0.4666181818181818,1,0,0,0
3090,5.0,5.0,0.0,53,0.4664454545454546,1,0,0,0
3091,5.0,5.0,0.0,52,0.4662727272727274,1,0,0,0
3092,5.0,5.0,0.0,31,0.46609999999999996,1,0,0,0
3093,5.0,5.0,0.0,57,0.46592727272727275,1,0,0,0
3094,5.0,5.0,0.0,42,0.4657545454545454,1,0,0,0
3095,5.0,5.0,0.0,53,0.4655818181818182,1,0,0,0
3096,5.0,5.0,0.0,54,0.4654090909090909,1,0,0,0
3097,5.0,5.0,0.0,46,0.46523636363636367,1,0,0,0
3098,5.0,5.0,0.0,41,0.46506363636363635,1,0,0,0
3099,5.0,5.0,0.0,56,0.46489090909090913,1,0,0,0
3100,5.0,5.0,0.0,55,0.4647181818181819,1,0,0,0
3101,5.0,5.0,0.0,33,0.4645454545454546,1,0,0,0
3102,5.0,5.0,0.0,53,0.4643727272727274,1,0,0,0
3103,5.0,5.0,0.0,49,0.46420000000000006,1,0,0,0
3104,5.0,5.0,0.0,40,0.46402727272727273,1,0,0,0
3105,5.0,5.0,0.0,58,0.4638545454545454,1,0,0,0
3106,5.0,5.0,0.0,68,0.4636818181818182,1,0,0,0
3107,5.0,5.0,0.0,45,0.46350909090909087,1,0,0,0
3108,5.0,5.0,0.0,85,0.46333636363636366,1,0,0,0
3109,5.0,5.0,0.0,49,0.46316363636363644,1,0,0,0
3110,5.0,5.0,0.0,81,0.4629909090909091,1,0,0,0
3111,5.0,5.0,0.0,63,0.4628181818181819,1,0,0,0
3112,5.0,5.0,0.0,71,0.4626454545454546,1,0,0,0
3113,5.0,5.0,0.0,60,0.46247272727272737,1,0,0,0
3114,5.0,5.0,0.0,51,0.46230000000000004,1,0,0,0
3115,5.0,5.0,0.0,78,0.4621272727272727,1,0,0,0
3116,5.0,5.0,0.0,48,0.4619545454545454,1,0,0,0
3117,5.0,5.0,0.0,41,0.4617818181818182,1,0,0,0
3118,5.0,5.0,0.0,36,0.46160909090909097,1,0,0,0
3119,5.0,5.0,0.0,111,0.46143636363636364,1,0,0,0
3120,5.0,5.0,0.0,51,0.46126363636363643,1,0,0,0
3121,5.0,5.0,0.0,76,0.4610909090909091,1,0,0,0
3122,5.0,5.0,0.0,62,0.4609181818181819,1,0,0,0
3123,5.0,5.0,0.0,33,0.46074545454545457,1,0,0,0
3124,5.0,5.0,0.0,55,0.46057272727272736,1,0,0,0
3125,5.0,5.0,0.0,62,0.46040000000000003,1,0,0,0
3126,5.0,5.0,0.0,58,0.4602272727272727,1,0,0,0
3127,5.0,5.0,0.0,54,0.4600545454545455,1,0,0,0
3128,5.0,5.0,0.0,46,0.45988181818181817,1,0,0,0
3129,5.0,5.0,0.0,34,0.45970909090909096,1,0,0,0
3130,5.0,5.0,0.0,67,0.45953636363636363,1,0,0,0
3131,5.0,5.0,0.0,49,0.4593636363636364,1,0,0,0
3132,5.0,5.0,0.0,58,0.4591909090909091,1,0,0,0
3133,5.0,5.0,0.0,57,0.4590181818181819,1,0,0,0
3134,5.0,5.0,0.0,52,0.45884545454545456,1,0,0,0
3135,5.0,5.0,0.0,45,0.45867272727272734,1,0,0,0
3136,5.0,5.0,0.0,56,0.4585,1,0,0,0
3137,5.0,5.0,0.0,54,0.4583272727272727,1,0,0,0
3138,5.0,5.0,0.0,50,0.4581545454545455,1,0,0,0
3139,5.0,5.0,0.0,62,0.45798181818181816,1,0,0,0
3140,5.0,5.0,0.0,66,0.45780909090909094,1,0,0,0
3141,5.0,5.0,0.0,54,0.4576363636363636,1,0,0,0
3142,5.0,5.0,0.0,54,0.4574636363636364,1,0,0,0
3143,5.0,5.0,0.0,51,0.4572909090909091,1,0,0,0
3144,5.0,5.0,0.0,57,0.45711818181818187,1,0,0,0
3145,5.0,5.0,0.0,47,0.45694545454545454,1,0,0,0
3146,5.0,5.0,0.0,38,0.45677272727272733,1,0,0,0
3147,5.0,5.0,0.0,58,0.4566000000000001,1,0,0,0
3148,5.0,5.0,0.0,62,0.4564272727272727,1,0,0,0
3149,5.0,5.0,0.0,39,0.45625454545454547,1,0,0,0
3150,5.0,5.0,0.0,56,0.45608181818181814,1,0,0,0
3151,5.0,5.0,0.0,50,0.45590909090909093,1,0,0,0
3152,5.0,5.0,0.0,46,0.4557363636363636,1,0,0,0
3153,5.0,5.0,0.0,34,0.4555636363636364,1,0,0,0
3154,5.0,5.0,0.0,44,0.45539090909090907,1,0,0,0
3155,5.0,5.0,0.0,38,0.45521818181818186,1,0,0,0
3156,5.0,5.0,0.0,39,0.45504545454545464,1,0,0,0
3157,5.0,5.0,0.0,73,0.4548727272727273,1,0,0,0
3158,5.0,5.0,0.0,54,0.4547000000000001,1,0,0,0
3159,5.0,5.0,0.0,60,0.4545272727272728,1,0,0,0
3160,5.0,5.0,0.0,39,0.45435454545454546,1,0,0,0
3161,5.0,5.0,0.0,41,0.45418181818181813,1,0,0,0
3162,5.0,5.0,0.0,56,0.4540090909090909,1,0,0,0
3163,5.0,5.0,0.0,51,0.4538363636363636,1,0,0,0
3164,5.0,5.0,0.0,57,0.4536636363636364,1,0,0,0
3165,5.0,5.0,0.0,32,0.45349090909090917,1,0,0,0
3166,5.0,5.0,0.0,57,0.45331818181818184,1,0,0,0
3167,5.0,5.0,0.0,36,0.45314545454545463,1,0,0,0
3168,5.0,5.0,0.0,36,0.4529727272727273,1,0,0,0
3169,5.0,5.0,0.0,34,0.4528000000000001,1,0,0,0
3170,5.0,5.0,0.0,37,0.45262727272727277,1,0,0,0
3171,5.0,5.0,0.0,47,0.45245454545454544,1,0,0,0
3172,5.0,5.0,0.0,56,0.4522818181818181,1,0,0,0
3173,5.0,5.0,0.0,44,0.4521090909090909,1,0,0,0
3174,5.0,5.0,0.0,42,0.4519363636363637,1,0,0,0
3175,5.0,5.0,0.0,37,0.45176363636363637,1,0,0,0
3176,5.0,5.0,0.0,45,0.45159090909090915,1,0,0,0
3177,5.0,5.0,0.0,39,0.45141818181818183,1,0,0,0
3178,5.0,5.0,0.0,90,0.4512454545454546,1,0,0,0
3179,5.0,5.0,0.0,50,0.4510727272727273,1,0,0,0
3180,5.0,5.0,0.0,56,0.4509000000000001,1,0,0,0
3181,5.0,5.0,0.0,73,0.45072727272727275,1,0,0,0
3182,5.0,5.0,0.0,45,0.45055454545454543,1,0,0,0
3183,5.0,5.0,0.0,47,0.4503818181818182,1,0,0,0
3184,5.0,5.0,0.0,63,0.4502090909090909,1,0,0,0
3185,5.0,5.0,0.0,65,0.4500363636363637,1,0,0,0
3186,5.0,5.0,0.0,42,0.44986363636363635,1,0,0,0
3187,5.0,5.0,0.0,70,0.44969090909090914,1,0,0,0
3188,5.0,5.0,0.0,43,0.4495181818181818,1,0,0,0
3189,5.0,5.0,0.0,66,0.4493454545454546,1,0,0,0
3190,5.0,5.0,0.0,67,0.4491727272727273,1,0,0,0
3191,5.0,5.0,0.0,40,0.44900000000000007,1,0,0,0
3192,5.0,5.0,0.0,55,0.44882727272727285,1,0,0,0
3193,5.0,5.0,0.0,69,0.4486545454545454,1,0,0,0
3194,5.0,5.0,0.0,37,0.4484818181818182,1,0,0,0
3195,5.0,5.0,0.0,34,0.4483090909090909,1,0,0,0
3196,5.0,5.0,0.0,53,0.44813636363636367,1,0,0,0
3197,5.0,5.0,0.0,50,0.44796363636363634,1,0,0,0
3198,5.0,5.0,0.0,75,0.44779090909090913,1,0,0,0
3199,5.0,5.0,0.0,51,0.4476181818181818,1,0,0,0
3200,5.0,5.0,0.0,37,0.4474454545454546,1,0,0,0
3201,5.0,5.0,0.0,50,0.4472727272727274,1,0,0,0
3202,5.0,5.0,0.0,49,0.44710000000000005,1,0,0,0
3203,5.0,5.0,0.0,77,0.44692727272727284,1,0,0,0
3204,5.0,5.0,0.0,57,0.4467545454545454,1,0,0,0
3205,5.0,5.0,0.0,63,0.4465818181818182,1,0,0,0
3206,5.0,5.0,0.0,37,0.44640909090909087,1,0,0,0
3207,5.0,5.0,0.0,48,0.44623636363636365,1,0,0,0
3208,5.0,5.0,0.0,43,0.44606363636363633,1,0,0,0
3209,5.0,5.0,0.0,55,0.4458909090909091,1,0,0,0
3210,5.0,5.0,0.0,45,0.4457181818181819,1,0,0,0
3211,5.0,5.0,0.0,47,0.4455454545454546,1,0,0,0
3212,5.0,5.0,0.0,39,0.44537272727272736,1,0,0,0
3213,5.0,5.0,0.0,60,0.44520000000000004,1,0,0,0
3214,5.0,5.0,0.0,53,0.4450272727272728,1,0,0,0
3215,5.0,5.0,0.0,37,0.4448545454545454,1,0,0,0
3216,5.0,5.0,0.0,45,0.4446818181818182,1,0,0,0
3217,5.0,5.0,0.0,36,0.44450909090909085,1,0,0,0
3218,5.0,5.0,0.0,45,0.44433636363636364,1,0,0,0
3219,5.0,5.0,0.0,54,0.4441636363636364,1,0,0,0
3220,5.0,5.0,0.0,53,0.4439909090909091,1,0,0,0
3221,5.0,5.0,0.0,32,0.4438181818181819,1,0,0,0
3222,5.0,5.0,0.0,42,0.44364545454545457,1,0,0,0
3223,5.0,5.0,0.0,55,0.44347272727272735,1,0,0,0
3224,5.0,5.0,0.0,30,0.4433,1,0,0,0
3225,5.0,5.0,0.0,61,0.4431272727272728,1,0,0,0
3226,5.0,5.0,0.0,67,0.4429545454545455,1,0,0,0
3227,5.0,5.0,0.0,42,0.44278181818181817,1,0,0,0
3228,5.0,5.0,0.0,55,0.44260909090909095,1,0,0,0
3229,5.0,5.0,0.0,51,0.4424363636363636,1,0,0,0
3230,5.0,5.0,0.0,53,0.4422636363636364,1,0,0,0
3231,5.0,5.0,0.0,59,0.4420909090909091,1,0,0,0
3232,5.0,5.0,0.0,64,0.4419181818181819,1,0,0,0
3233,5.0,5.0,0.0,40,0.44174545454545455,1,0,0,0
3234,5.0,5.0,0.0,63,0.44157272727272734,1,0,0,0
3235,5.0,5.0,0.0,60,0.4414,1,0,0,0
3236,5.0,5.0,0.0,65,0.4412272727272728,1,0,0,0
3237,5.0,5.0,0.0,52,0.4410545454545455,1,0,0,0
3238,5.0,5.0,0.0,48,0.44088181818181815,1,0,0,0
3239,5.0,5.0,0.0,58,0.44070909090909094,1,0,0,0
3240,5.0,5.0,0.0,59,0.4405363636363636,1,0,0,0
3241,5.0,5.0,0.0,51,0.4403636363636364,1,0,0,0
3242,5.0,5.0,0.0,47,0.4401909090909091,1,0,0,0
3243,5.0,5.0,0.0,67,0.44001818181818186,1,0,0,0
3244,5.0,5.0,0.0,89,0.43984545454545454,1,0,0,0
3245,5.0,5.0,0.0,58,0.4396727272727273,1,0,0,0
3246,5.0,5.0,0.0,65,0.4395,1,0,0,0
3247,5.0,5.0,0.0,52,0.4393272727272728,1,0,0,0
3248,5.0,5.0,0.0,36,0.4391545454545456,1,0,0,0
3249,5.0,5.0,0.0,50,0.43898181818181814,1,0,0,0
3250,5.0,5.0,0.0,52,0.4388090909090909,1,0,0,0
3251,5.0,5.0,0.0,51,0.4386363636363636,1,0,0,0
3252,5.0,5.0,0.0,44,0.4384636363636364,1,0,0,0
3253,5.0,5.0,0.0,50,0.43829090909090906,1,0,0,0
3254,5.0,5.0,0.0,51,0.43811818181818185,1,0,0,0
3255,5.0,5.0,0.0,66,0.4379454545454545,1,0,0,0
3256,5.0,5.0,0.0,39,0.4377727272727273,1,0,0,0
3257,5.0,5.0,0.0,60,0.4376000000000001,1,0,0,0
3258,5.0,5.0,0.0,54,0.4374272727272728,1,0,0,0
3259,5.0,5.0,0.0,38,0.43725454545454556,1,0,0,0
3260,5.0,5.0,0.0,37,0.4370818181818181,1,0,0,0
3261,5.0,5.0,0.0,68,0.4369090909090909,1,0,0,0
3262,5.0,5.0,0.0,51,0.4367363636363636,1,0,0,0
3263,5.0,5.0,0.0,49,0.4365636363636364,1,0,0,0
3264,5.0,5.0,0.0,43,0.43639090909090905,1,0,0,0
3265,5.0,5.0,0.0,39,0.43621818181818184,1,0,0,0
3266,5.0,5.0,0.0,63,0.4360454545454546,1,0,0,0
3267,5.0,5.0,0.0,44,0.4358727272727273,1,0,0,0
3268,5.0,5.0,0.0,48,0.4357000000000001,1,0,0,0
3269,5.0,5.0,0.0,54,0.43552727272727276,1,0,0,0
3270,5.0,5.0,0.0,49,0.43535454545454555,1,0,0,0
3271,5.0,5.0,0.0,38,0.4351818181818181,1,0,0,0
3272,5.0,5.0,0.0,39,0.4350090909090909,1,0,0,0
3273,5.0,5.0,0.0,33,0.4348363636363636,1,0,0,0
3274,5.0,5.0,0.0,47,0.43466363636363636,1,0,0,0
3275,5.0,5.0,0.0,40,0.43449090909090915,1,0,0,0
3276,5.0,5.0,0.0,41,0.4343181818181818,1,0,0,0
3277,5.0,5.0,0.0,49,0.4341454545454546,1,0,0,0
3278,5.0,5.0,0.0,69,0.4339727272727273,1,0,0,0
3279,5.0,5.0,0.0,37,0.4338000000000001,1,0,0,0
3280,5.0,5.0,0.0,54,0.43362727272727275,1,0,0,0
3281,5.0,5.0,0.0,46,0.43345454545454554,1,0,0,0
3282,5.0,5.0,0.0,36,0.4332818181818181,1,0,0,0
3283,5.0,5.0,0.0,27,0.4331090909090909,1,0,0,0
3284,5.0,5.0,0.0,41,0.4329363636363637,1,0,0,0
3285,5.0,5.0,0.0,32,0.43276363636363635,1,0,0,0
3286,5.0,5.0,0.0,47,0.43259090909090914,1,0,0,0
3287,5.0,5.0,0.0,73,0.4324181818181818,1,0,0,0
3288,5.0,5.0,0.0,56,0.4322454545454546,1,0,0,0
3289,5.0,5.0,0.0,78,0.4320727272727273,1,0,0,0
3290,5.0,5.0,0.0,52,0.43190000000000006,1,0,0,0
3291,5.0,5.0,0.0,40,0.43172727272727274,1,0,0,0
3292,5.0,5.0,0.0,71,0.4315545454545455,1,0,0,0
3293,5.0,5.0,0.0,38,0.4313818181818183,1,0,0,0
3294,5.0,5.0,0.0,38,0.4312090909090909,1,0,0,0
3295,5.0,5.0,0.0,33,0.43103636363636366,1,0,0,0
3296,5.0,5.0,0.0,48,0.43086363636363634,1,0,0,0
3297,5.0,5.0,0.0,33,0.4306909090909091,1,0,0,0
3298,5.0,5.0,0.0,50,0.4305181818181818,1,0,0,0
3299,5.0,5.0,0.0,60,0.4303454545454546,1,0,0,0
3300,5.0,5.0,0.0,45,0.43017272727272726,1,0,0,0
3301,5.0,5.0,0.0,34,0.43000000000000005,1,0,0,0
3302,5.0,5.0,0.0,74,0.42982727272727284,1,0,0,0
3303,5.0,5.0,0.0,48,0.4296545454545455,1,0,0,0
3304,5.0,5.0,0.0,40,0.4294818181818183,1,0,0,0
3305,5.0,5.0,0.0,51,0.42930909090909086,1,0,0,0
3306,5.0,5.0,0.0,45,0.42913636363636365,1,0,0,0
3307,5.0,5.0,0.0,39,0.4289636363636363,1,0,0,0
3308,5.0,5.0,0.0,64,0.4287909090909091,1,0,0,0
3309,5.0,5.0,0.0,66,0.4286181818181818,1,0,0,0
3310,5.0,5.0,0.0,58,0.4284454545454546,1,0,0,0
3311,5.0,5.0,0.0,54,0.42827272727272736,1,0,0,0
3312,5.0,5.0,0.0,42,0.42810000000000004,1,0,0,0
3313,5.0,5.0,0.0,54,0.4279272727272728,1,0,0,0
3314,5.0,5.0,0.0,42,0.4277545454545455,1,0,0,0
3315,5.0,5.0,0.0,78,0.4275818181818183,1,0,0,0
3316,5.0,5.0,0.0,59,0.42740909090909085,1,0,0,0
3317,5.0,5.0,0.0,41,0.42723636363636364,1,0,0,0
3318,5.0,5.0,0.0,61,0.4270636363636363,1,0,0,0
3319,5.0,5.0,0.0,49,0.4268909090909091,1,0,0,0
3320,5.0,5.0,0.0,48,0.4267181818181819,1,0,0,0
3321,5.0,5.0,0.0,49,0.42654545454545456,1,0,0,0
3322,5.0,5.0,0.0,49,0.42637272727272735,1,0,0,0
3323,5.0,5.0,0.0,35,0.4262,1,0,0,0
3324,5.0,5.0,0.0,37,0.4260272727272728,1,0,0,0
3325,5.0,5.0,0.0,43,0.4258545454545455,1,0,0,0
3326,5.0,5.0,0.0,47,0.4256818181818183,1,0,0,0
3327,5.0,5.0,0.0,33,0.42550909090909084,1,0,0,0
3328,5.0,5.0,0.0,56,0.4253363636363636,1,0,0,0
3329,5.0,5.0,0.0,47,0.4251636363636364,1,0,0,0
3330,5.0,5.0,0.0,61,0.4249909090909091,1,0,0,0
3331,5.0,5.0,0.0,74,0.4248181818181819,1,0,0,0
3332,5.0,5.0,0.0,48,0.42464545454545455,1,0,0,0
3333,5.0,5.0,0.0,47,0.42447272727272733,1,0,0,0
3334,5.0,5.0,0.0,36,0.4243,1,0,0,0
3335,5.0,5.0,0.0,58,0.4241272727272728,1,0,0,0
3336,5.0,5.0,0.0,52,0.4239545454545455,1,0,0,0
3337,5.0,5.0,0.0,56,0.42378181818181826,1,0,0,0
3338,5.0,5.0,0.0,66,0.42360909090909094,1,0,0,0
3339,5.0,5.0,0.0,47,0.4234363636363636,1,0,0,0
3340,5.0,5.0,0.0,64,0.4232636363636364,1,0,0,0
3341,5.0,5.0,0.0,43,0.4230909090909091,1,0,0,0
3342,5.0,5.0,0.0,51,0.42291818181818186,1,0,0,0
3343,5.0,5.0,0.0,47,0.42274545454545454,1,0,0,0
3344,5.0,5.0,0.0,51,0.4225727272727273,1,0,0,0
3345,5.0,5.0,0.0,46,0.4224,1,0,0,0
3346,5.0,5.0,0.0,52,0.4222272727272728,1,0,0,0
3347,5.0,5.0,0.0,52,0.42205454545454546,1,0,0,0
3348,5.0,5.0,0.0,36,0.42188181818181825,1,0,0,0
3349,5.0,5.0,0.0,62,0.42170909090909103,1,0,0,0
3350,5.0,5.0,0.0,36,0.4215363636363636,1,0,0,0
3351,5.0,5.0,0.0,44,0.4213636363636364,1,0,0,0
3352,5.0,5.0,0.0,28,0.42119090909090906,1,0,0,0
3353,5.0,5.0,0.0,53,0.42101818181818185,1,0,0,0
3354,5.0,5.0,0.0,45,0.4208454545454545,1,0,0,0
3355,5.0,5.0,0.0,71,0.4206727272727273,1,0,0,0
3356,5.0,5.0,0.0,71,0.4205,1,0,0,0
3357,5.0,5.0,0.0,49,0.42032727272727277,1,0,0,0
3358,5.0,5.0,0.0,53,0.42015454545454556,1,0,0,0
3359,5.0,5.0,0.0,50,0.41998181818181823,1,0,0,0
3360,5.0,5.0,0.0,31,0.419809090909091,1,0,0,0
3361,5.0,5.0,0.0,34,0.4196363636363636,1,0,0,0
3362,5.0,5.0,0.0,58,0.41946363636363637,1,0,0,0
3363,5.0,5.0,0.0,45,0.41929090909090905,1,0,0,0
3364,5.0,5.0,0.0,44,0.41911818181818183,1,0,0,0
3365,5.0,5.0,0.0,51,0.4189454545454545,1,0,0,0
3366,5.0,5.0,0.0,45,0.4187727272727273,1,0,0,0
3367,5.0,5.0,0.0,47,0.4186000000000001,1,0,0,0
3368,5.0,5.0,0.0,42,0.41842727272727276,1,0,0,0
3369,5.0,5.0,0.0,41,0.41825454545454555,1,0,0,0
3370,5.0,5.0,0.0,45,0.4180818181818182,1,0,0,0
3371,5.0,5.0,0.0,44,0.417909090909091,1,0,0,0
3372,5.0,5.0,0.0,48,0.4177363636363636,1,0,0,0
3373,5.0,5.0,0.0,42,0.41756363636363636,1,0,0,0
3374,5.0,5.0,0.0,38,0.41739090909090903,1,0,0,0
3375,5.0,5.0,0.0,59,0.4172181818181818,1,0,0,0
3376,5.0,5.0,0.0,54,0.4170454545454546,1,0,0,0
3377,5.0,5.0,0.0,41,0.4168727272727273,1,0,0,0
3378,5.0,5.0,0.0,41,0.41670000000000007,1,0,0,0
3379,5.0,5.0,0.0,36,0.41652727272727275,1,0,0,0
3380,5.0,5.0,0.0,43,0.41635454545454553,1,0,0,0
3381,5.0,5.0,0.0,65,0.4161818181818182,1,0,0,0
3382,5.0,5.0,0.0,72,0.416009090909091,1,0,0,0
3383,5.0,5.0,0.0,51,0.41583636363636356,1,0,0,0
3384,5.0,5.0,0.0,57,0.41566363636363635,1,0,0,0
3385,5.0,5.0,0.0,49,0.41549090909090913,1,0,0,0
3386,5.0,5.0,0.0,40,0.4153181818181818,1,0,0,0
3387,5.0,5.0,0.0,49,0.4151454545454546,1,0,0,0
3388,5.0,5.0,0.0,52,0.41497272727272727,1,0,0,0
3389,5.0,5.0,0.0,69,0.41480000000000006,1,0,0,0
3390,5.0,5.0,0.0,29,0.41462727272727273,1,0,0,0
3391,5.0,5.0,0.0,46,0.4144545454545455,1,0,0,0
3392,5.0,5.0,0.0,34,0.4142818181818182,1,0,0,0
3393,5.0,5.0,0.0,39,0.414109090909091,1,0,0,0
3394,5.0,5.0,0.0,66,0.41393636363636366,1,0,0,0
3395,5.0,5.0,0.0,43,0.41376363636363633,1,0,0,0
3396,5.0,5.0,0.0,57,0.4135909090909091,1,0,0,0
3397,5.0,5.0,0.0,45,0.4134181818181818,1,0,0,0
3398,5.0,5.0,0.0,47,0.4132454545454546,1,0,0,0
3399,5.0,5.0,0.0,32,0.41307272727272726,1,0,0,0
3400,5.0,5.0,0.0,56,0.41290000000000004,1,0,0,0
3401,5.0,5.0,0.0,42,0.4127272727272727,1,0,0,0
3402,5.0,5.0,0.0,39,0.4125545454545455,1,0,0,0
3403,5.0,5.0,0.0,35,0.4123818181818183,1,0,0,0
3404,5.0,5.0,0.0,55,0.41220909090909097,1,0,0,0
3405,5.0,5.0,0.0,48,0.41203636363636365,1,0,0,0
3406,5.0,5.0,0.0,37,0.4118636363636363,1,0,0,0
3407,5.0,5.0,0.0,57,0.4116909090909091,1,0,0,0
3408,5.0,5.0,0.0,48,0.4115181818181818,1,0,0,0
3409,5.0,5.0,0.0,40,0.41134545454545457,1,0,0,0
3410,5.0,5.0,0.0,53,0.41117272727272725,1,0,0,0
3411,5.0,5.0,0.0,39,0.41100000000000003,1,0,0,0
3412,5.0,5.0,0.0,35,0.4108272727272728,1,0,0,0
3413,5.0,5.0,0.0,31,0.4106545454545455,1,0,0,0
3414,5.0,5.0,0.0,46,0.4104818181818183,1,0,0,0
3415,5.0,5.0,0.0,56,0.41030909090909096,1,0,0,0
3416,5.0,5.0,0.0,59,0.41013636363636374,1,0,0,0
3417,5.0,5.0,0.0,58,0.4099636363636363,1,0,0,0
3418,5.0,5.0,0.0,41,0.4097909090909091,1,0,0,0
3419,5.0,5.0,0.0,39,0.40961818181818177,1,0,0,0
3420,5.0,5.0,0.0,51,0.40944545454545456,1,0,0,0
3421,5.0,5.0,0.0,43,0.40927272727272734,1,0,0,0
3422,5.0,5.0,0.0,65,0.4091,1,0,0,0
3423,5.0,5.0,0.0,45,0.4089272727272728,1,0,0,0
3424,5.0,5.0,0.0,38,0.4087545454545455,1,0,0,0
3425,5.0,5.0,0.0,47,0.40858181818181827,1,0,0,0
3426,5.0,5.0,0.0,43,0.40840909090909094,1,0,0,0
3427,5.0,5.0,0.0,56,0.40823636363636373,1,0,0,0
3428,5.0,5.0,0.0,71,0.4080636363636363,1,0,0,0
3429,5.0,5.0,0.0,59,0.4078909090909091,1,0,0,0
3430,5.0,5.0,0.0,47,0.40771818181818187,1,0,0,0
3431,5.0,5.0,0.0,48,0.40754545454545454,1,0,0,0
3432,5.0,5.0,0.0,37,0.40737272727272733,1,0,0,0
3433,5.0,5.0,0.0,37,0.4072,1,0,0,0
3434,5.0,5.0,0.0,38,0.4070272727272728,1,0,0,0
3435,5.0,5.0,0.0,44,0.40685454545454547,1,0,0,0
3436,5.0,5.0,0.0,43,0.40668181818181826,1,0,0,0
3437,5.0,5.0,0.0,29,0.40650909090909093,1,0,0,0
3438,5.0,5.0,0.0,39,0.4063363636363637,1,0,0,0
3439,5.0,5.0,0.0,48,0.4061636363636364,1,0,0,0
3440,5.0,5.0,0.0,68,0.40599090909090907,1,0,0,0
3441,5.0,5.0,0.0,30,0.40581818181818186,1,0,0,0
3442,5.0,5.0,0.0,82,0.40564545454545453,1,0,0,0
3443,5.0,5.0,0.0,36,0.4054727272727273,1,0,0,0
3444,5.0,5.0,0.0,48,0.4053,1,0,0,0
3445,5.0,5.0,0.0,46,0.4051272727272728,1,0,0,0
3446,5.0,5.0,0.0,41,0.40495454545454546,1,0,0,0
3447,5.0,5.0,0.0,76,0.40478181818181824,1,0,0,0
3448,5.0,5.0,0.0,60,0.40460909090909103,1,0,0,0
3449,5.0,5.0,0.0,39,0.4044363636363637,1,0,0,0
3450,5.0,5.0,0.0,51,0.4042636363636364,1,0,0,0
3451,5.0,5.0,0.0,37,0.40409090909090906,1,0,0,0
3452,5.0,5.0,0.0,44,0.40391818181818184,1,0,0,0
3453,5.0,5.0,0.0,52,0.4037454545454545,1,0,0,0
3454,5.0,5.0,0.0,41,0.4035727272727273,1,0,0,0
3455,5.0,5.0,0.0,42,0.4034,1,0,0,0
3456,5.0,5.0,0.0,31,0.40322727272727277,1,0,0,0
3457,5.0,5.0,0.0,45,0.40305454545454555,1,0,0,0
3458,5.0,5.0,0.0,35,0.40288181818181823,1,0,0,0
3459,5.0,5.0,0.0,45,0.402709090909091,1,0,0,0
3460,5.0,5.0,0.0,36,0.4025363636363637,1,0,0,0
3461,5.0,5.0,0.0,47,0.40236363636363637,1,0,0,0
3462,5.0,5.0,0.0,39,0.40219090909090904,1,0,0,0
3463,5.0,5.0,0.0,56,0.40201818181818183,1,0,0,0
3464,5.0,5.0,0.0,43,0.4018454545454545,1,0,0,0
3465,5.0,5.0,0.0,39,0.4016727272727273,1,0,0,0
3466,5.0,5.0,0.0,51,0.4015000000000001,1,0,0,0
3467,5.0,5.0,0.0,70,0.40132727272727275,1,0,0,0
3468,5.0,5.0,0.0,39,0.40115454545454554,1,0,0,0
3469,5.0,5.0,0.0,48,0.4009818181818182,1,0,0,0
3470,5.0,5.0,0.0,62,0.400809090909091,1,0,0,0
3471,5.0,5.0,0.0,37,0.4006363636363637,1,0,0,0
3472,5.0,5.0,0.0,84,0.40046363636363647,1,0,0,0
3473,5.0,5.0,0.0,43,0.40029090909090903,1,0,0,0
3474,5.0,5.0,0.0,50,0.4001181818181818,1,0,0,0
3475,5.0,5.0,0.0,38,0.3999454545454546,1,0,0,0
3476,5.0,5.0,0.0,47,0.3997727272727273,1,0,0,0
3477,5.0,5.0,0.0,55,0.39960000000000007,1,0,0,0
3478,5.0,5.0,0.0,49,0.39942727272727274,1,0,0,0
3479,5.0,5.0,0.0,43,0.39925454545454553,1,0,0,0
3480,5.0,5.0,0.0,40,0.3990818181818182,1,0,0,0
3481,5.0,5.0,0.0,62,0.398909090909091,1,0,0,0
3482,5.0,5.0,0.0,52,0.39873636363636367,1,0,0,0
3483,5.0,5.0,0.0,51,0.39856363636363645,1,0,0,0
3484,5.0,5.0,0.0,44,0.39839090909090913,1,0,0,0
3485,5.0,5.0,0.0,61,0.3982181818181818,1,0,0,0
3486,5.0,5.0,0.0,53,0.3980454545454546,1,0,0,0
3487,5.0,5.0,0.0,50,0.39787272727272727,1,0,0,0
3488,5.0,5.0,0.0,59,0.39770000000000005,1,0,0,0
3489,5.0,5.0,0.0,52,0.39752727272727273,1,0,0,0
3490,5.0,5.0,0.0,62,0.3973545454545455,1,0,0,0
3491,5.0,5.0,0.0,51,0.3971818181818182,1,0,0,0
3492,5.0,5.0,0.0,57,0.397009090909091,1,0,0,0
3493,5.0,5.0,0.0,39,0.39683636363636365,1,0,0,0
3494,5.0,5.0,0.0,48,0.39666363636363644,1,0,0,0
3495,5.0,5.0,0.0,55,0.3964909090909091,1,0,0,0
3496,5.0,5.0,0.0,42,0.3963181818181818,1,0,0,0
3497,5.0,5.0,0.0,36,0.3961454545454546,1,0,0,0
3498,5.0,5.0,0.0,54,0.39597272727272725,1,0,0,0
3499,5.0,5.0,0.0,48,0.39580000000000004,1,0,0,0
3500,5.0,5.0,0.0,41,0.3956272727272727,1,0,0,0
3501,5.0,5.0,0.0,53,0.3954545454545455,1,0,0,0
3502,5.0,5.0,0.0,33,0.3952818181818182,1,0,0,0
3503,5.0,5.0,0.0,31,0.39510909090909097,1,0,0,0
3504,5.0,5.0,0.0,55,0.39493636363636375,1,0,0,0
3505,5.0,5.0,0.0,53,0.3947636363636364,1,0,0,0
3506,5.0,5.0,0.0,52,0.3945909090909091,1,0,0,0
3507,5.0,5.0,0.0,55,0.3944181818181818,1,0,0,0
3508,5.0,5.0,0.0,51,0.39424545454545457,1,0,0,0
3509,5.0,5.0,0.0,40,0.39407272727272724,1,0,0,0
3510,5.0,5.0,0.0,36,0.39390000000000003,1,0,0,0
3511,5.0,5.0,0.0,44,0.3937272727272727,1,0,0,0
3512,5.0,5.0,0.0,39,0.3935545454545455,1,0,0,0
3513,5.0,5.0,0.0,44,0.3933818181818183,1,0,0,0
3514,5.0,5.0,0.0,48,0.39320909090909095,1,0,0,0
3515,5.0,5.0,0.0,45,0.39303636363636374,1,0,0,0
3516,5.0,5.0,0.0,40,0.3928636363636364,1,0,0,0
3517,5.0,5.0,0.0,29,0.3926909090909091,1,0,0,0
3518,5.0,5.0,0.0,41,0.39251818181818177,1,0,0,0
3519,5.0,5.0,0.0,31,0.39234545454545455,1,0,0,0
3520,5.0,5.0,0.0,43,0.39217272727272723,1,0,0,0
3521,5.0,5.0,0.0,63,0.392,1,0,0,0
3522,5.0,5.0,0.0,29,0.3918272727272728,1,0,0,0
3523,5.0,5.0,0.0,48,0.3916545454545455,1,0,0,0
3524,5.0,5.0,0.0,44,0.39148181818181826,1,0,0,0
3525,5.0,5.0,0.0,34,0.39130909090909094,1,0,0,0
3526,5.0,5.0,0.0,43,0.3911363636363637,1,0,0,0
3527,5.0,5.0,0.0,39,0.3909636363636364,1,0,0,0
3528,5.0,5.0,0.0,44,0.3907909090909091,1,0,0,0
3529,5.0,5.0,0.0,40,0.39061818181818175,1,0,0,0
3530,5.0,5.0,0.0,61,0.39044545454545454,1,0,0,0
3531,5.0,5.0,0.0,41,0.3902727272727273,1,0,0,0
3532,5.0,5.0,0.0,46,0.3901,1,0,0,0
3533,5.0,5.0,0.0,42,0.3899272727272728,1,0,0,0
3534,5.0,5.0,0.0,30,0.38975454545454546,1,0,0,0
3535,5.0,5.0,0.0,50,0.38958181818181825,1,0,0,0
3536,5.0,5.0,0.0,53,0.3894090909090909,1,0,0,0
3537,5.0,5.0,0.0,32,0.3892363636363637,1,0,0,0
3538,5.0,5.0,0.0,41,0.3890636363636364,1,0,0,0
3539,5.0,5.0,0.0,40,0.3888909090909092,1,0,0,0
3540,5.0,5.0,0.0,45,0.38871818181818185,1,0,0,0
3541,5.0,5.0,0.0,41,0.3885454545454545,1,0,0,0
3542,5.0,5.0,0.0,39,0.3883727272727273,1,0,0,0
3543,5.0,5.0,0.0,41,0.3882,1,0,0,0
3544,5.0,5.0,0.0,41,0.3880272727272728,1,0,0,0
3545,5.0,5.0,0.0,35,0.38785454545454545,1,0,0,0
3546,5.0,5.0,0.0,54,0.38768181818181824,1,0,0,0
3547,5.0,5.0,0.0,48,0.3875090909090909,1,0,0,0
3548,5.0,5.0,0.0,64,0.3873363636363637,1,0,0,0
3549,5.0,5.0,0.0,52,0.3871636363636365,1,0,0,0
3550,5.0,5.0,0.0,41,0.38699090909090916,1,0,0,0
3551,5.0,5.0,0.0,55,0.38681818181818184,1,0,0,0
3552,5.0,5.0,0.0,40,0.3866454545454545,1,0,0,0
3553,5.0,5.0,0.0,41,0.3864727272727273,1,0,0,0
3554,5.0,5.0,0.0,37,0.3863,1,0,0,0
3555,5.0,5.0,0.0,41,0.38612727272727276,1,0,0,0
3556,5.0,5.0,0.0,36,0.38595454545454544,1,0,0,0
3557,5.0,5.0,0.0,37,0.3857818181818182,1,0,0,0
3558,5.0,5.0,0.0,39,0.385609090909091,1,0,0,0
3559,5.0,5.0,0.0,45,0.3854363636363637,1,0,0,0
3560,5.0,5.0,0.0,52,0.3852636363636365,1,0,0,0
3561,5.0,5.0,0.0,33,0.38509090909090915,1,0,0,0
3562,5.0,5.0,0.0,38,0.3849181818181818,1,0,0,0
3563,5.0,5.0,0.0,38,0.3847454545454545,1,0,0,0
3564,5.0,5.0,0.0,26,0.3845727272727273,1,0,0,0
3565,5.0,5.0,0.0,41,0.38439999999999996,1,0,0,0
3566,5.0,5.0,0.0,34,0.38422727272727275,1,0,0,0
3567,5.0,5.0,0.0,51,0.38405454545454554,1,0,0,0
3568,5.0,5.0,0.0,51,0.3838818181818182,1,0,0,0
3569,5.0,5.0,0.0,34,0.383709090909091,1,0,0,0
3570,5.0,5.0,0.0,43,0.3835363636363637,1,0,0,0
3571,5.0,5.0,0.0,46,0.38336363636363646,1,0,0,0
3572,5.0,5.0,0.0,39,0.38319090909090914,1,0,0,0
3573,5.0,5.0,0.0,28,0.3830181818181818,1,0,0,0
3574,5.0,5.0,0.0,39,0.3828454545454545,1,0,0,0
3575,5.0,5.0,0.0,28,0.3826727272727273,1,0,0,0
3576,5.0,5.0,0.0,29,0.38250000000000006,1,0,0,0
3577,5.0,5.0,0.0,36,0.38232727272727274,1,0,0,0
3578,5.0,5.0,0.0,51,0.3821545454545455,1,0,0,0
3579,5.0,5.0,0.0,41,0.3819818181818182,1,0,0,0
3580,5.0,5.0,0.0,46,0.381809090909091,1,0,0,0
3581,5.0,5.0,0.0,48,0.38163636363636366,1,0,0,0
3582,5.0,5.0,0.0,52,0.38146363636363645,1,0,0,0
3583,5.0,5.0,0.0,45,0.3812909090909091,1,0,0,0
3584,5.0,5.0,0.0,31,0.3811181818181818,1,0,0,0
3585,5.0,5.0,0.0,37,0.3809454545454546,1,0,0,0
3586,5.0,5.0,0.0,41,0.38077272727272726,1,0,0,0
3587,5.0,5.0,0.0,33,0.38060000000000005,1,0,0,0
3588,5.0,5.0,0.0,30,0.3804272727272727,1,0,0,0
3589,5.0,5.0,0.0,46,0.3802545454545455,1,0,0,0
3590,5.0,5.0,0.0,54,0.3800818181818182,1,0,0,0
3591,5.0,5.0,0.0,39,0.379909090909091,1,0,0,0
3592,5.0,5.0,0.0,33,0.37973636363636365,1,0,0,0
3593,5.0,5.0,0.0,51,0.37956363636363644,1,0,0,0
3594,5.0,5.0,0.0,48,0.3793909090909091,1,0,0,0
3595,5.0,5.0,0.0,29,0.3792181818181819,1,0,0,0
3596,5.0,5.0,0.0,37,0.3790454545454546,1,0,0,0
3597,5.0,5.0,0.0,29,0.37887272727272725,1,0,0,0
3598,5.0,5.0,0.0,41,0.37870000000000004,1,0,0,0
3599,5.0,5.0,0.0,31,0.3785272727272727,1,0,0,0
3600,5.0,5.0,0.0,42,0.3783545454545455,1,0,0,0
3601,5.0,5.0,0.0,28,0.3781818181818182,1,0,0,0
3602,5.0,5.0,0.0,55,0.37800909090909096,1,0,0,0
3603,5.0,5.0,0.0,36,0.37783636363636364,1,0,0,0
3604,5.0,5.0,0.0,39,0.3776636363636364,1,0,0,0
3605,5.0,5.0,0.0,43,0.3774909090909092,1,0,0,0
3606,5.0,5.0,0.0,46,0.3773181818181819,1,0,0,0
3607,5.0,5.0,0.0,39,0.37714545454545456,1,0,0,0
3608,5.0,5.0,0.0,73,0.37697272727272724,1,0,0,0
3609,5.0,5.0,0.0,40,0.3768,1,0,0,0
3610,5.0,5.0,0.0,57,0.3766272727272727,1,0,0,0
3611,5.0,5.0,0.0,46,0.3764545454545455,1,0,0,0
3612,5.0,5.0,0.0,45,0.37628181818181816,1,0,0,0
3613,5.0,5.0,0.0,41,0.37610909090909095,1,0,0,0
3614,5.0,5.0,0.0,40,0.37593636363636374,1,0,0,0
3615,5.0,5.0,0.0,56,0.3757636363636364,1,0,0,0
3616,5.0,5.0,0.0,39,0.3755909090909092,1,0,0,0
3617,5.0,5.0,0.0,35,0.3754181818181819,1,0,0,0
3618,5.0,5.0,0.0,82,0.37524545454545455,1,0,0,0
3619,5.0,5.0,0.0,44,0.3750727272727272,1,0,0,0
3620,5.0,5.0,0.0,57,0.3749,1,0,0,0
3621,5.0,5.0,0.0,39,0.3747272727272727,1,0,0,0
3622,5.0,5.0,0.0,62,0.3745545454545455,1,0,0,0
3623,5.0,5.0,0.0,57,0.37438181818181826,1,0,0,0
3624,5.0,5.0,0.0,37,0.37420909090909094,1,0,0,0
3625,5.0,5.0,0.0,54,0.3740363636363637,1,0,0,0
3626,5.0,5.0,0.0,46,0.3738636363636364,1,0,0,0
3627,5.0,5.0,0.0,52,0.3736909090909092,1,0,0,0
3628,5.0,5.0,0.0,50,0.37351818181818186,1,0,0,0
3629,5.0,5.0,0.0,44,0.37334545454545454,1,0,0,0
3630,5.0,5.0,0.0,43,0.3731727272727272,1,0,0,0
3631,5.0,5.0,0.0,53,0.373,1,0,0,0
3632,5.0,5.0,0.0,67,0.3728272727272728,1,0,0,0
3633,5.0,5.0,0.0,43,0.37265454545454546,1,0,0,0
3634,5.0,5.0,0.0,39,0.37248181818181825,1,0,0,0
3635,5.0,5.0,0.0,40,0.3723090909090909,1,0,0,0
3636,5.0,5.0,0.0,43,0.3721363636363637,1,0,0,0
3637,5.0,5.0,0.0,62,0.3719636363636364,1,0,0,0
3638,5.0,5.0,0.0,43,0.37179090909090917,1,0,0,0
3639,5.0,5.0,0.0,53,0.37161818181818185,1,0,0,0
3640,5.0,5.0,0.0,41,0.3714454545454545,1,0,0,0
3641,5.0,5.0,0.0,44,0.3712727272727273,1,0,0,0
3642,5.0,5.0,0.0,48,0.3711,1,0,0,0
3643,5.0,5.0,0.0,48,0.37092727272727277,1,0,0,0
3644,5.0,5.0,0.0,41,0.37075454545454545,1,0,0,0
3645,5.0,5.0,0.0,42,0.37058181818181823,1,0,0,0
3646,5.0,5.0,0.0,51,0.3704090909090909,1,0,0,0
3647,5.0,5.0,0.0,37,0.3702363636363637,1,0,0,0
3648,5.0,5.0,0.0,39,0.3700636363636364,1,0,0,0
3649,5.0,5.0,0.0,42,0.36989090909090916,1,0,0,0
3650,5.0,5.0,0.0,33,0.36971818181818195,1,0,0,0
3651,5.0,5.0,0.0,35,0.3695454545454545,1,0,0,0
3652,5.0,5.0,0.0,44,0.3693727272727273,1,0,0,0
3653,5.0,5.0,0.0,43,0.3692,1,0,0,0
3654,5.0,5.0,0.0,47,0.36902727272727276,1,0,0,0
3655,5.0,5.0,0.0,36,0.36885454545454543,1,0,0,0
3656,5.0,5.0,0.0,60,0.3686818181818182,1,0,0,0
3657,5.0,5.0,0.0,60,0.3685090909090909,1,0,0,0
3658,5.0,5.0,0.0,59,0.3683363636363637,1,0,0,0
3659,5.0,5.0,0.0,43,0.36816363636363647,1,0,0,0
3660,5.0,5.0,0.0,40,0.36799090909090915,1,0,0,0
3661,5.0,5.0,0.0,43,0.36781818181818193,1,0,0,0
3662,5.0,5.0,0.0,37,0.3676454545454546,1,0,0,0
3663,5.0,5.0,0.0,60,0.3674727272727273,1,0,0,0
3664,5.0,5.0,0.0,86,0.36729999999999996,1,0,0,0
3665,5.0,5.0,0.0,29,0.36712727272727275,1,0,0,0
3666,5.0,5.0,0.0,44,0.3669545454545454,1,0,0,0
3667,5.0,5.0,0.0,47,0.3667818181818182,1,0,0,0
3668,5.0,5.0,0.0,51,0.366609090909091,1,0,0,0
3669,5.0,5.0,0.0,47,0.36643636363636367,1,0,0,0
3670,5.0,5.0,0.0,30,0.36626363636363646,1,0,0,0
3671,5.0,5.0,0.0,43,0.36609090909090913,1,0,0,0
3672,5.0,5.0,0.0,43,0.3659181818181819,1,0,0,0
3673,5.0,5.0,0.0,27,0.3657454545454546,1,0,0,0
3674,5.0,5.0,0.0,42,0.36557272727272727,1,0,0,0
3675,5.0,5.0,0.0,45,0.36539999999999995,1,0,0,0
3676,5.0,5.0,0.0,37,0.36522727272727273,1,0,0,0
3677,5.0,5.0,0.0,35,0.3650545454545455,1,0,0,0
3678,5.0,5.0,0.0,39,0.3648818181818182,1,0,0,0
3679,5.0,5.0,0.0,53,0.364709090909091,1,0,0,0
3680,5.0,5.0,0.0,48,0.36453636363636366,1,0,0,0
3681,5.0,5.0,0.0,36,0.36436363636363645,1,0,0,0
3682,5.0,5.0,0.0,50,0.3641909090909091,1,0,0,0
3683,5.0,5.0,0.0,46,0.3640181818181819,1,0,0,0
3684,5.0,5.0,0.0,43,0.3638454545454546,1,0,0,0
3685,5.0,5.0,0.0,73,0.36367272727272726,1,0,0,0
3686,5.0,5.0,0.0,50,0.36350000000000005,1,0,0,0
3687,5.0,5.0,0.0,33,0.3633272727272727,1,0,0,0
3688,5.0,5.0,0.0,51,0.3631545454545455,1,0,0,0
3689,5.0,5.0,0.0,37,0.3629818181818182,1,0,0,0
3690,5.0,5.0,0.0,41,0.36280909090909097,1,0,0,0
3691,5.0,5.0,0.0,50,0.36263636363636365,1,0,0,0
3692,5.0,5.0,0.0,47,0.36246363636363643,1,0,0,0
3693,5.0,5.0,0.0,36,0.3622909090909091,1,0,0,0
3694,5.0,5.0,0.0,33,0.3621181818181819,1,0,0,0
3695,5.0,5.0,0.0,40,0.36194545454545457,1,0,0,0
3696,5.0,5.0,0.0,54,0.36177272727272725,1,0,0,0
3697,5.0,5.0,0.0,31,0.36160000000000003,1,0,0,0
3698,5.0,5.0,0.0,46,0.3614272727272727,1,0,0,0
3699,5.0,5.0,0.0,33,0.3612545454545455,1,0,0,0
3700,5.0,5.0,0.0,55,0.36108181818181817,1,0,0,0
3701,5.0,5.0,0.0,34,0.36090909090909096,1,0,0,0
3702,5.0,5.0,0.0,33,0.36073636363636363,1,0,0,0
3703,5.0,5.0,0.0,59,0.3605636363636364,1,0,0,0
3704,5.0,5.0,0.0,34,0.3603909090909091,1,0,0,0
3705,5.0,5.0,0.0,38,0.3602181818181819,1,0,0,0
3706,5.0,5.0,0.0,46,0.36004545454545467,1,0,0,0
3707,5.0,5.0,0.0,54,0.35987272727272723,1,0,0,0
3708,5.0,5.0,0.0,48,0.3597,1,0,0,0
3709,5.0,5.0,0.0,35,0.3595272727272727,1,0,0,0
3710,5.0,5.0,0.0,41,0.3593545454545455,1,0,0,0
3711,5.0,5.0,0.0,54,0.35918181818181816,1,0,0,0
3712,5.0,5.0,0.0,35,0.35900909090909094,1,0,0,0
3713,5.0,5.0,0.0,41,0.3588363636363636,1,0,0,0
3714,5.0,5.0,0.0,41,0.3586636363636364,1,0,0,0
3715,5.0,5.0,0.0,43,0.3584909090909092,1,0,0,0
3716,5.0,5.0,0.0,40,0.35831818181818187,1,0,0,0
3717,5.0,5.0,0.0,33,0.35814545454545466,1,0,0,0
3718,5.0,5.0,0.0,37,0.3579727272727272,1,0,0,0
3719,5.0,5.0,0.0,28,0.3578,1,0,0,0
3720,5.0,5.0,0.0,38,0.3576272727272727,1,0,0,0
3721,5.0,5.0,0.0,28,0.35745454545454547,1,0,0,0
3722,5.0,5.0,0.0,47,0.35728181818181814,1,0,0,0
3723,5.0,5.0,0.0,56,0.35710909090909093,1,0,0,0
3724,5.0,5.0,0.0,47,0.3569363636363637,1,0,0,0
3725,5.0,5.0,0.0,57,0.3567636363636364,1,0,0,0
3726,5.0,5.0,0.0,41,0.3565909090909092,1,0,0,0
3727,5.0,5.0,0.0,51,0.35641818181818186,1,0,0,0
3728,5.0,5.0,0.0,50,0.35624545454545464,1,0,0,0
3729,5.0,5.0,0.0,43,0.3560727272727273,1,0,0,0
3730,5.0,5.0,0.0,42,0.3559,1,0,0,0
3731,5.0,5.0,0.0,43,0.35572727272727267,1,0,0,0
3732,5.0,5.0,0.0,35,0.35555454545454546,1,0,0,0
3733,5.0,5.0,0.0,42,0.35538181818181824,1,0,0,0
3734,5.0,5.0,0.0,54,0.3552090909090909,1,0,0,0
3735,5.0,5.0,0.0,53,0.3550363636363637,1,0,0,0
3736,5.0,5.0,0.0,59,0.3548636363636364,1,0,0,0
3737,5.0,5.0,0.0,47,0.35469090909090917,1,0,0,0
3738,5.0,5.0,0.0,29,0.35451818181818184,1,0,0,0
3739,5.0,5.0,0.0,37,0.35434545454545463,1,0,0,0
3740,5.0,5.0,0.0,55,0.3541727272727273,1,0,0,0
3741,5.0,5.0,0.0,53,0.354,1,0,0,0
3742,5.0,5.0,0.0,52,0.35382727272727277,1,0,0,0
3743,5.0,5.0,0.0,31,0.35365454545454544,1,0,0,0
3744,5.0,5.0,0.0,35,0.35348181818181823,1,0,0,0
3745,5.0,5.0,0.0,49,0.3533090909090909,1,0,0,0
3746,5.0,5.0,0.0,48,0.3531363636363637,1,0,0,0
3747,5.0,5.0,0.0,35,0.35296363636363637,1,0,0,0
3748,5.0,5.0,0.0,45,0.35279090909090915,1,0,0,0
3749,5.0,5.0,0.0,37,0.35261818181818183,1,0,0,0
3750,5.0,5.0,0.0,31,0.3524454545454546,1,0,0,0
3751,5.0,5.0,0.0,46,0.3522727272727274,1,0,0,0
3752,5.0,5.0,0.0,47,0.35209999999999997,1,0,0,0
3753,5.0,5.0,0.0,48,0.35192727272727276,1,0,0,0
3754,5.0,5.0,0.0,41,0.35175454545454543,1,0,0,0
3755,5.0,5.0,0.0,45,0.3515818181818182,1,0,0,0
3756,5.0,5.0,0.0,30,0.3514090909090909,1,0,0,0
3757,5.0,5.0,0.0,28,0.3512363636363637,1,0,0,0
3758,5.0,5.0,0.0,42,0.35106363636363636,1,0,0,0
3759,5.0,5.0,0.0,50,0.35089090909090914,1,0,0,0
3760,5.0,5.0,0.0,45,0.35071818181818193,1,0,0,0
3761,5.0,5.0,0.0,37,0.3505454545454546,1,0,0,0
3762,5.0,5.0,0.0,35,0.3503727272727274,1,0,0,0
3763,5.0,5.0,0.0,36,0.35019999999999996,1,0,0,0
3764,5.0,5.0,0.0,33,0.35002727272727274,1,0,0,0
3765,5.0,5.0,0.0,36,0.3498545454545454,1,0,0,0
3766,5.0,5.0,0.0,44,0.3496818181818182,1,0,0,0
3767,5.0,5.0,0.0,46,0.3495090909090909,1,0,0,0
3768,5.0,5.0,0.0,37,0.34933636363636367,1,0,0,0
3769,5.0,5.0,0.0,44,0.34916363636363645,1,0,0,0
3770,5.0,5.0,0.0,41,0.34899090909090913,1,0,0,0
3771,5.0,5.0,0.0,53,0.3488181818181819,1,0,0,0
3772,5.0,5.0,0.0,60,0.3486454545454546,1,0,0,0
3773,5.0,5.0,0.0,42,0.3484727272727274,1,0,0,0
3774,5.0,5.0,0.0,40,0.34829999999999994,1,0,0,0
3775,5.0,5.0,0.0,41,0.34812727272727273,1,0,0,0
3776,5.0,5.0,0.0,39,0.3479545454545454,1,0,0,0
3777,5.0,5.0,0.0,53,0.3477818181818182,1,0,0,0
3778,5.0,5.0,0.0,30,0.347609090909091,1,0,0,0
3779,5.0,5.0,0.0,34,0.34743636363636365,1,0,0,0
3780,5.0,5.0,0.0,33,0.34726363636363644,1,0,0,0
3781,5.0,5.0,0.0,53,0.3470909090909091,1,0,0,0
3782,5.0,5.0,0.0,34,0.3469181818181819,1,0,0,0
3783,5.0,5.0,0.0,37,0.3467454545454546,1,0,0,0
3784,5.0,5.0,0.0,37,0.34657272727272737,1,0,0,0
3785,5.0,5.0,0.0,37,0.34640000000000004,1,0,0,0
3786,5.0,5.0,0.0,47,0.3462272727272727,1,0,0,0
3787,5.0,5.0,0.0,37,0.3460545454545455,1,0,0,0
3788,5.0,5.0,0.0,29,0.3458818181818182,1,0,0,0
3789,5.0,5.0,0.0,38,0.34570909090909097,1,0,0,0
3790,5.0,5.0,0.0,35,0.34553636363636364,1,0,0,0
3791,5.0,5.0,0.0,42,0.34536363636363643,1,0,0,0
3792,5.0,5.0,0.0,31,0.3451909090909091,1,0,0,0
3793,5.0,5.0,0.0,31,0.3450181818181819,1,0,0,0
3794,5.0,5.0,0.0,55,0.34484545454545457,1,0,0,0
3795,5.0,5.0,0.0,35,0.34467272727272735,1,0,0,0
3796,5.0,5.0,0.0,44,0.34450000000000003,1,0,0,0
3797,5.0,5.0,0.0,46,0.3443272727272727,1,0,0,0
3798,5.0,5.0,0.0,46,0.3441545454545455,1,0,0,0
3799,5.0,5.0,0.0,38,0.34398181818181817,1,0,0,0
3800,5.0,5.0,0.0,55,0.34380909090909095,1,0,0,0
3801,5.0,5.0,0.0,33,0.34363636363636363,1,0,0,0
3802,5.0,5.0,0.0,42,0.3434636363636364,1,0,0,0
3803,5.0,5.0,0.0,38,0.3432909090909091,1,0,0,0
3804,5.0,5.0,0.0,39,0.3431181818181819,1,0,0,0
3805,5.0,5.0,0.0,38,0.34294545454545455,1,0,0,0
3806,5.0,5.0,0.0,50,0.34277272727272734,1,0,0,0
3807,5.0,5.0,0.0,34,0.3426000000000001,1,0,0,0
3808,5.0,5.0,0.0,44,0.3424272727272727,1,0,0,0
3809,5.0,5.0,0.0,33,0.3422545454545455,1,0,0,0
3810,5.0,5.0,0.0,49,0.34208181818181815,1,0,0,0
3811,5.0,5.0,0.0,55,0.34190909090909094,1,0,0,0
3812,5.0,5.0,0.0,31,0.3417363636363636,1,0,0,0
3813,5.0,5.0,0.0,44,0.3415636363636364,1,0,0,0
3814,5.0,5.0,0.0,44,0.3413909090909091,1,0,0,0
3815,5.0,5.0,0.0,46,0.34121818181818186,1,0,0,0
3816,5.0,5.0,0.0,34,0.34104545454545465,1,0,0,0
3817,5.0,5.0,0.0,26,0.3408727272727273,1,0,0,0
3818,5.0,5.0,0.0,40,0.3407000000000001,1,0,0,0
3819,5.0,5.0,0.0,29,0.3405272727272727,1,0,0,0
3820,5.0,5.0,0.0,35,0.34035454545454547,1,0,0,0
3821,5.0,5.0,0.0,35,0.34018181818181814,1,0,0,0
3822,5.0,5.0,0.0,35,0.3400090909090909,1,0,0,0
3823,5.0,5.0,0.0,44,0.3398363636363636,1,0,0,0
3824,5.0,5.0,0.0,33,0.3396636363636364,1,0,0,0
3825,5.0,5.0,0.0,26,0.3394909090909092,1,0,0,0
3826,5.0,5.0,0.0,46,0.33931818181818185,1,0,0,0
3827,5.0,5.0,0.0,45,0.33914545454545464,1,0,0,0
3828,5.0,5.0,0.0,44,0.3389727272727273,1,0,0,0
3829,5.0,5.0,0.0,49,0.3388000000000001,1,0,0,0
3830,5.0,5.0,0.0,33,0.33862727272727267,1,0,0,0
3831,5.0,5.0,0.0,39,0.33845454545454545,1,0,0,0
3832,5.0,5.0,0.0,34,0.33828181818181813,1,0,0,0
3833,5.0,5.0,0.0,25,0.3381090909090909,1,0,0,0
3834,5.0,5.0,0.0,27,0.3379363636363637,1,0,0,0
3835,5.0,5.0,0.0,32,0.3377636363636364,1,0,0,0
3836,5.0,5.0,0.0,29,0.33759090909090916,1,0,0,0
3837,5.0,5.0,0.0,41,0.33741818181818184,1,0,0,0
3838,5.0,5.0,0.0,27,0.3372454545454546,1,0,0,0
3839,5.0,5.0,0.0,37,0.3370727272727273,1,0,0,0
3840,5.0,5.0,0.0,34,0.3369000000000001,1,0,0,0
3841,5.0,5.0,0.0,35,0.33672727272727265,1,0,0,0
3842,5.0,5.0,0.0,53,0.33655454545454544,1,0,0,0
3843,5.0,5.0,0.0,30,0.3363818181818182,1,0,0,0
3844,5.0,5.0,0.0,41,0.3362090909090909,1,0,0,0
3845,5.0,5.0,0.0,43,0.3360363636363637,1,0,0,0
3846,5.0,5.0,0.0,45,0.33586363636363636,1,0,0,0
3847,5.0,5.0,0.0,48,0.33569090909090915,1,0,0,0
3848,5.0,5.0,0.0,51,0.3355181818181818,1,0,0,0
3849,5.0,5.0,0.0,59,0.3353454545454546,1,0,0,0
3850,5.0,5.0,0.0,49,0.3351727272727273,1,0,0,0
3851,5.0,5.0,0.0,59,0.3350000000000001,1,0,0,0
3852,5.0,5.0,0.0,31,0.33482727272727286,1,0,0,0
3853,5.0,5.0,0.0,38,0.3346545454545454,1,0,0,0
3854,5.0,5.0,0.0,47,0.3344818181818182,1,0,0,0
3855,5.0,5.0,0.0,36,0.3343090909090909,1,0,0,0
3856,5.0,5.0,0.0,34,0.3341363636363637,1,0,0,0
3857,5.0,5.0,0.0,35,0.33396363636363635,1,0,0,0
3858,5.0,5.0,0.0,47,0.33379090909090914,1,0,0,0
3859,5.0,5.0,0.0,54,0.3336181818181818,1,0,0,0
3860,5.0,5.0,0.0,31,0.3334454545454546,1,0,0,0
3861,5.0,5.0,0.0,50,0.3332727272727274,1,0,0,0
3862,5.0,5.0,0.0,33,0.33310000000000006,1,0,0,0
3863,5.0,5.0,0.0,33,0.33292727272727285,1,0,0,0
3864,5.0,5.0,0.0,42,0.3327545454545454,1,0,0,0
3865,5.0,5.0,0.0,33,0.3325818181818182,1,0,0,0
3866,5.0,5.0,0.0,45,0.3324090909090909,1,0,0,0
3867,5.0,5.0,0.0,39,0.33223636363636366,1,0,0,0
3868,5.0,5.0,0.0,48,0.33206363636363634,1,0,0,0
3869,5.0,5.0,0.0,31,0.3318909090909091,1,0,0,0
3870,5.0,5.0,0.0,33,0.3317181818181819,1,0,0,0
3871,5.0,5.0,0.0,40,0.3315454545454546,1,0,0,0
3872,5.0,5.0,0.0,33,0.3313727272727274,1,0,0,0
3873,5.0,5.0,0.0,35,0.33120000000000005,1,0,0,0
3874,5.0,5.0,0.0,38,0.33102727272727284,1,0,0,0
3875,5.0,5.0,0.0,40,0.3308545454545454,1,0,0,0
3876,5.0,5.0,0.0,29,0.3306818181818182,1,0,0,0
3877,5.0,5.0,0.0,25,0.33050909090909086,1,0,0,0
3878,5.0,5.0,0.0,36,0.33033636363636365,1,0,0,0
3879,5.0,5.0,0.0,41,0.33016363636363644,1,0,0,0
3880,5.0,5.0,0.0,35,0.3299909090909091,1,0,0,0
3881,5.0,5.0,0.0,44,0.3298181818181819,1,0,0,0
3882,5.0,5.0,0.0,33,0.3296454545454546,1,0,0,0
3883,5.0,5.0,0.0,35,0.32947272727272736,1,0,0,0
3884,5.0,5.0,0.0,37,0.32930000000000004,1,0,0,0
3885,5.0,5.0,0.0,42,0.3291272727272728,1,0,0,0
3886,5.0,5.0,0.0,29,0.3289545454545454,1,0,0,0
3887,5.0,5.0,0.0,47,0.3287818181818182,1,0,0,0
3888,5.0,5.0,0.0,40,0.32860909090909096,1,0,0,0
3889,5.0,5.0,0.0,32,0.32843636363636364,1,0,0,0
3890,5.0,5.0,0.0,47,0.3282636363636364,1,0,0,0
3891,5.0,5.0,0.0,40,0.3280909090909091,1,0,0,0
3892,5.0,5.0,0.0,45,0.3279181818181819,1,0,0,0
3893,5.0,5.0,0.0,42,0.32774545454545456,1,0,0,0
3894,5.0,5.0,0.0,34,0.32757272727272735,1,0,0,0
3895,5.0,5.0,0.0,45,0.3274,1,0,0,0
3896,5.0,5.0,0.0,55,0.3272272727272728,1,0,0,0
3897,5.0,5.0,0.0,39,0.3270545454545455,1,0,0,0
3898,5.0,5.0,0.0,35,0.32688181818181816,1,0,0,0
3899,5.0,5.0,0.0,70,0.32670909090909095,1,0,0,0
3900,5.0,5.0,0.0,50,0.3265363636363636,1,0,0,0
3901,5.0,5.0,0.0,41,0.3263636363636364,1,0,0,0
3902,5.0,5.0,0.0,38,0.3261909090909091,1,0,0,0
3903,5.0,5.0,0.0,60,0.3260181818181819,1,0,0,0
3904,5.0,5.0,0.0,39,0.32584545454545455,1,0,0,0
3905,5.0,5.0,0.0,58,0.32567272727272734,1,0,0,0
3906,5.0,5.0,0.0,59,0.3255,1,0,0,0
3907,5.0,5.0,0.0,33,0.3253272727272728,1,0,0,0
3908,5.0,5.0,0.0,47,0.3251545454545456,1,0,0,0
3909,5.0,5.0,0.0,53,0.32498181818181815,1,0,0,0
3910,5.0,5.0,0.0,28,0.32480909090909094,1,0,0,0
3911,5.0,5.0,0.0,38,0.3246363636363636,1,0,0,0
3912,5.0,5.0,0.0,37,0.3244636363636364,1,0,0,0
3913,5.0,5.0,0.0,30,0.3242909090909091,1,0,0,0
3914,5.0,5.0,0.0,44,0.32411818181818186,1,0,0,0
3915,5.0,5.0,0.0,37,0.32394545454545454,1,0,0,0
3916,5.0,5.0,0.0,43,0.3237727272727273,1,0,0,0
3917,5.0,5.0,0.0,51,0.3236000000000001,1,0,0,0
3918,5.0,5.0,0.0,27,0.3234272727272728,1,0,0,0
3919,5.0,5.0,0.0,42,0.32325454545454557,1,0,0,0
3920,5.0,5.0,0.0,38,0.32308181818181814,1,0,0,0
3921,5.0,5.0,0.0,38,0.3229090909090909,1,0,0,0
3922,5.0,5.0,0.0,34,0.3227363636363636,1,0,0,0
3923,5.0,5.0,0.0,28,0.3225636363636364,1,0,0,0
3924,5.0,5.0,0.0,27,0.32239090909090906,1,0,0,0
3925,5.0,5.0,0.0,33,0.32221818181818185,1,0,0,0
3926,5.0,5.0,0.0,40,0.32204545454545463,1,0,0,0
3927,5.0,5.0,0.0,44,0.3218727272727273,1,0,0,0
3928,5.0,5.0,0.0,54,0.3217000000000001,1,0,0,0
3929,5.0,5.0,0.0,47,0.3215272727272728,1,0,0,0
3930,5.0,5.0,0.0,40,0.32135454545454556,1,0,0,0
3931,5.0,5.0,0.0,39,0.3211818181818181,1,0,0,0
3932,5.0,5.0,0.0,50,0.3210090909090909,1,0,0,0
3933,5.0,5.0,0.0,27,0.3208363636363636,1,0,0,0
3934,5.0,5.0,0.0,37,0.3206636363636364,1,0,0,0
3935,5.0,5.0,0.0,54,0.32049090909090916,1,0,0,0
3936,5.0,5.0,0.0,61,0.32031818181818184,1,0,0,0
3937,5.0,5.0,0.0,34,0.3201454545454546,1,0,0,0
3938,5.0,5.0,0.0,31,0.3199727272727273,1,0,0,0
3939,5.0,5.0,0.0,33,0.3198000000000001,1,0,0,0
3940,5.0,5.0,0.0,49,0.31962727272727276,1,0,0,0
3941,5.0,5.0,0.0,35,0.31945454545454555,1,0,0,0
3942,5.0,5.0,0.0,66,0.3192818181818181,1,0,0,0
3943,5.0,5.0,0.0,47,0.3191090909090909,1,0,0,0
3944,5.0,5.0,0.0,31,0.3189363636363637,1,0,0,0
3945,5.0,5.0,0.0,38,0.31876363636363636,1,0,0,0
3946,5.0,5.0,0.0,32,0.31859090909090915,1,0,0,0
3947,5.0,5.0,0.0,33,0.3184181818181818,1,0,0,0
3948,5.0,5.0,0.0,37,0.3182454545454546,1,0,0,0
3949,5.0,5.0,0.0,26,0.3180727272727273,1,0,0,0
3950,5.0,5.0,0.0,30,0.31790000000000007,1,0,0,0
3951,5.0,5.0,0.0,33,0.31772727272727275,1,0,0,0
3952,5.0,5.0,0.0,26,0.31755454545454553,1,0,0,0
3953,5.0,5.0,0.0,27,0.3173818181818182,1,0,0,0
3954,5.0,5.0,0.0,48,0.3172090909090909,1,0,0,0
3955,5.0,5.0,0.0,32,0.31703636363636367,1,0,0,0
3956,5.0,5.0,0.0,41,0.31686363636363635,1,0,0,0
3957,5.0,5.0,0.0,37,0.31669090909090913,1,0,0,0
3958,5.0,5.0,0.0,44,0.3165181818181818,1,0,0,0
3959,5.0,5.0,0.0,33,0.3163454545454546,1,0,0,0
3960,5.0,5.0,0.0,27,0.31617272727272727,1,0,0,0
3961,5.0,5.0,0.0,27,0.31600000000000006,1,0,0,0
3962,5.0,5.0,0.0,40,0.31582727272727285,1,0,0,0
3963,5.0,5.0,0.0,47,0.3156545454545455,1,0,0,0
3964,5.0,5.0,0.0,42,0.3154818181818182,1,0,0,0
3965,5.0,5.0,0.0,47,0.31530909090909087,1,0,0,0
3966,5.0,5.0,0.0,39,0.31513636363636366,1,0,0,0
3967,5.0,5.0,0.0,44,0.31496363636363633,1,0,0,0
3968,5.0,5.0,0.0,56,0.3147909090909091,1,0,0,0
3969,5.0,5.0,0.0,33,0.3146181818181818,1,0,0,0
3970,5.0,5.0,0.0,52,0.3144454545454546,1,0,0,0
3971,5.0,5.0,0.0,44,0.31427272727272737,1,0,0,0
3972,5.0,5.0,0.0,34,0.31410000000000005,1,0,0,0
3973,5.0,5.0,0.0,50,0.31392727272727283,1,0,0,0
3974,5.0,5.0,0.0,32,0.3137545454545455,1,0,0,0
3975,5.0,5.0,0.0,31,0.3135818181818183,1,0,0,0
3976,5.0,5.0,0.0,36,0.31340909090909086,1,0,0,0
3977,5.0,5.0,0.0,34,0.31323636363636365,1,0,0,0
3978,5.0,5.0,0.0,25,0.3130636363636363,1,0,0,0
3979,5.0,5.0,0.0,37,0.3128909090909091,1,0,0,0
3980,5.0,5.0,0.0,42,0.3127181818181819,1,0,0,0
3981,5.0,5.0,0.0,36,0.31254545454545457,1,0,0,0
3982,5.0,5.0,0.0,43,0.31237272727272736,1,0,0,0
3983,5.0,5.0,0.0,50,0.31220000000000003,1,0,0,0
3984,5.0,5.0,0.0,34,0.3120272727272728,1,0,0,0
3985,5.0,5.0,0.0,51,0.3118545454545455,1,0,0,0
3986,5.0,5.0,0.0,46,0.3116818181818183,1,0,0,0
3987,5.0,5.0,0.0,38,0.31150909090909085,1,0,0,0
3988,5.0,5.0,0.0,39,0.31133636363636363,1,0,0,0
3989,5.0,5.0,0.0,37,0.3111636363636364,1,0,0,0
3990,5.0,5.0,0.0,41,0.3109909090909091,1,0,0,0
3991,5.0,5.0,0.0,33,0.3108181818181819,1,0,0,0
3992,5.0,5.0,0.0,51,0.31064545454545456,1,0,0,0
3993,5.0,5.0,0.0,34,0.31047272727272734,1,0,0,0
3994,5.0,5.0,0.0,41,0.3103,1,0,0,0
3995,5.0,5.0,0.0,33,0.3101272727272728,1,0,0,0
3996,5.0,5.0,0.0,39,0.3099545454545455,1,0,0,0
3997,5.0,5.0,0.0,39,0.30978181818181827,1,0,0,0
3998,5.0,5.0,0.0,39,0.30960909090909094,1,0,0,0
3999,5.0,5.0,0.0,35,0.3094363636363636,1,0,0,0
4000,5.0,5.0,0.0,37,0.3092636363636364,1,0,0,0
4001,5.0,5.0,0.0,42,0.3090909090909091,1,0,0,0
4002,5.0,5.0,0.0,29,0.30891818181818187,1,0,0,0
4003,5.0,5.0,0.0,35,0.30874545454545455,1,0,0,0
4004,5.0,5.0,0.0,41,0.30857272727272733,1,0,0,0
4005,5.0,5.0,0.0,42,0.3084,1,0,0,0
4006,5.0,5.0,0.0,44,0.3082272727272728,1,0,0,0
4007,5.0,5.0,0.0,32,0.30805454545454547,1,0,0,0
4008,5.0,5.0,0.0,42,0.30788181818181826,1,0,0,0
4009,5.0,5.0,0.0,36,0.30770909090909093,1,0,0,0
4010,5.0,5.0,0.0,49,0.3075363636363636,1,0,0,0
4011,5.0,5.0,0.0,41,0.3073636363636364,1,0,0,0
4012,5.0,5.0,0.0,26,0.30719090909090907,1,0,0,0
4013,5.0,5.0,0.0,32,0.30701818181818186,1,0,0,0
4014,5.0,5.0,0.0,31,0.30684545454545453,1,0,0,0
4015,5.0,5.0,0.0,41,0.3066727272727273,1,0,0,0
4016,5.0,5.0,0.0,36,0.3065,1,0,0,0
4017,5.0,5.0,0.0,38,0.3063272727272728,1,0,0,0
4018,5.0,5.0,0.0,49,0.30615454545454557,1,0,0,0
4019,5.0,5.0,0.0,32,0.30598181818181824,1,0,0,0
4020,5.0,5.0,0.0,33,0.3058090909090909,1,0,0,0
4021,5.0,5.0,0.0,35,0.3056363636363636,1,0,0,0
4022,5.0,5.0,0.0,59,0.3054636363636364,1,0,0,0
4023,5.0,5.0,0.0,33,0.30529090909090906,1,0,0,0
4024,5.0,5.0,0.0,35,0.30511818181818184,1,0,0,0
4025,5.0,5.0,0.0,38,0.3049454545454545,1,0,0,0
4026,5.0,5.0,0.0,30,0.3047727272727273,1,0,0,0
4027,5.0,5.0,0.0,37,0.3046000000000001,1,0,0,0
4028,5.0,5.0,0.0,42,0.30442727272727277,1,0,0,0
4029,5.0,5.0,0.0,39,0.30425454545454556,1,0,0,0
4030,5.0,5.0,0.0,31,0.30408181818181823,1,0,0,0
4031,5.0,5.0,0.0,43,0.3039090909090909,1,0,0,0
4032,5.0,5.0,0.0,44,0.3037363636363636,1,0,0,0
4033,5.0,5.0,0.0,43,0.30356363636363637,1,0,0,0
4034,5.0,5.0,0.0,33,0.30339090909090904,1,0,0,0
4035,5.0,5.0,0.0,38,0.30321818181818183,1,0,0,0
4036,5.0,5.0,0.0,45,0.3030454545454546,1,0,0,0
4037,5.0,5.0,0.0,31,0.3028727272727273,1,0,0,0
4038,5.0,5.0,0.0,34,0.3027000000000001,1,0,0,0
4039,5.0,5.0,0.0,36,0.30252727272727276,1,0,0,0
4040,5.0,5.0,0.0,31,0.30235454545454554,1,0,0,0
4041,5.0,5.0,0.0,35,0.3021818181818182,1,0,0,0
4042,5.0,5.0,0.0,33,0.302009090909091,1,0,0,0
4043,5.0,5.0,0.0,51,0.30183636363636357,1,0,0,0
4044,5.0,5.0,0.0,31,0.30166363636363636,1,0,0,0
4045,5.0,5.0,0.0,38,0.30149090909090914,1,0,0,0
4046,5.0,5.0,0.0,29,0.3013181818181818,1,0,0,0
4047,5.0,5.0,0.0,32,0.3011454545454546,1,0,0,0
4048,5.0,5.0,0.0,52,0.3009727272727273,1,0,0,0
4049,5.0,5.0,0.0,41,0.30080000000000007,1,0,0,0
4050,5.0,5.0,0.0,32,0.30062727272727274,1,0,0,0
4051,5.0,5.0,0.0,36,0.30045454545454553,1,0,0,0
4052,5.0,5.0,0.0,39,0.3002818181818182,1,0,0,0
4053,5.0,5.0,0.0,45,0.300109090909091,1,0,0,0
4054,5.0,5.0,0.0,38,0.29993636363636367,1,0,0,0
4055,5.0,5.0,0.0,48,0.29976363636363634,1,0,0,0
4056,5.0,5.0,0.0,31,0.29959090909090913,1,0,0,0
4057,5.0,5.0,0.0,28,0.2994181818181818,1,0,0,0
4058,5.0,5.0,0.0,32,0.2992454545454546,1,0,0,0
4059,5.0,5.0,0.0,36,0.29907272727272727,1,0,0,0
4060,5.0,5.0,0.0,27,0.29890000000000005,1,0,0,0
4061,5.0,5.0,0.0,25,0.29872727272727273,1,0,0,0
4062,5.0,5.0,0.0,49,0.2985545454545455,1,0,0,0
4063,5.0,5.0,0.0,43,0.2983818181818183,1,0,0,0
4064,5.0,5.0,0.0,35,0.298209090909091,1,0,0,0
4065,5.0,5.0,0.0,35,0.29803636363636365,1,0,0,0
4066,5.0,5.0,0.0,36,0.29786363636363633,1,0,0,0
4067,5.0,5.0,0.0,45,0.2976909090909091,1,0,0,0
4068,5.0,5.0,0.0,36,0.2975181818181818,1,0,0,0
4069,5.0,5.0,0.0,29,0.2973454545454546,1,0,0,0
4070,5.0,5.0,0.0,38,0.29717272727272726,1,0,0,0
4071,5.0,5.0,0.0,43,0.29700000000000004,1,0,0,0
4072,5.0,5.0,0.0,45,0.29682727272727283,1,0,0,0
4073,5.0,5.0,0.0,39,0.2966545454545455,1,0,0,0
4074,5.0,5.0,0.0,37,0.2964818181818183,1,0,0,0
4075,5.0,5.0,0.0,35,0.29630909090909097,1,0,0,0
4076,5.0,5.0,0.0,41,0.29613636363636364,1,0,0,0
4077,5.0,5.0,0.0,45,0.2959636363636363,1,0,0,0
4078,5.0,5.0,0.0,38,0.2957909090909091,1,0,0,0
4079,5.0,5.0,0.0,27,0.2956181818181818,1,0,0,0
4080,5.0,5.0,0.0,40,0.29544545454545457,1,0,0,0
4081,5.0,5.0,0.0,36,0.29527272727272735,1,0,0,0
4082,5.0,5.0,0.0,33,0.29510000000000003,1,0,0,0
4083,5.0,5.0,0.0,39,0.2949272727272728,1,0,0,0
4084,5.0,5.0,0.0,29,0.2947545454545455,1,0,0,0
4085,5.0,5.0,0.0,38,0.2945818181818183,1,0,0,0
4086,5.0,5.0,0.0,37,0.29440909090909095,1,0,0,0
4087,5.0,5.0,0.0,29,0.29423636363636363,1,0,0,0
4088,5.0,5.0,0.0,34,0.2940636363636363,1,0,0,0
4089,5.0,5.0,0.0,27,0.2938909090909091,1,0,0,0
4090,5.0,5.0,0.0,35,0.2937181818181819,1,0,0,0
4091,5.0,5.0,0.0,29,0.29354545454545455,1,0,0,0
4092,5.0,5.0,0.0,47,0.29337272727272734,1,0,0,0
4093,5.0,5.0,0.0,34,0.2932,1,0,0,0
4094,5.0,5.0,0.0,30,0.2930272727272728,1,0,0,0
4095,5.0,5.0,0.0,35,0.2928545454545455,1,0,0,0
4096,5.0,5.0,0.0,30,0.29268181818181827,1,0,0,0
4097,5.0,5.0,0.0,41,0.29250909090909094,1,0,0,0
4098,5.0,5.0,0.0,29,0.2923363636363637,1,0,0,0
4099,5.0,5.0,0.0,34,0.2921636363636364,1,0,0,0
4100,5.0,5.0,0.0,30,0.2919909090909091,1,0,0,0
4101,5.0,5.0,0.0,29,0.29181818181818187,1,0,0,0
4102,5.0,5.0,0.0,40,0.29164545454545454,1,0,0,0
4103,5.0,5.0,0.0,37,0.2914727272727273,1,0,0,0
4104,5.0,5.0,0.0,31,0.2913,1,0,0,0
4105,5.0,5.0,0.0,31,0.2911272727272728,1,0,0,0
4106,5.0,5.0,0.0,38,0.29095454545454547,1,0,0,0
4107,5.0,5.0,0.0,33,0.29078181818181825,1,0,0,0
4108,5.0,5.0,0.0,43,0.29060909090909093,1,0,0,0
4109,5.0,5.0,0.0,41,0.2904363636363637,1,0,0,0
4110,5.0,5.0,0.0,31,0.2902636363636364,1,0,0,0
4111,5.0,5.0,0.0,47,0.29009090909090907,1,0,0,0
4112,5.0,5.0,0.0,35,0.28991818181818185,1,0,0,0
4113,5.0,5.0,0.0,35,0.28974545454545453,1,0,0,0
4114,5.0,5.0,0.0,29,0.2895727272727273,1,0,0,0
4115,5.0,5.0,0.0,41,0.2894,1,0,0,0
4116,5.0,5.0,0.0,28,0.2892272727272728,1,0,0,0
4117,5.0,5.0,0.0,30,0.28905454545454545,1,0,0,0
4118,5.0,5.0,0.0,34,0.28888181818181824,1,0,0,0
4119,5.0,5.0,0.0,35,0.288709090909091,1,0,0,0
4120,5.0,5.0,0.0,37,0.2885363636363637,1,0,0,0
4121,5.0,5.0,0.0,57,0.2883636363636364,1,0,0,0
4122,5.0,5.0,0.0,34,0.28819090909090905,1,0,0,0
4123,5.0,5.0,0.0,36,0.28801818181818184,1,0,0,0
4124,5.0,5.0,0.0,38,0.2878454545454545,1,0,0,0
4125,5.0,5.0,0.0,27,0.2876727272727273,1,0,0,0
4126,5.0,5.0,0.0,29,0.2875000000000001,1,0,0,0
4127,5.0,5.0,0.0,37,0.28732727272727276,1,0,0,0
4128,5.0,5.0,0.0,42,0.28715454545454555,1,0,0,0
4129,5.0,5.0,0.0,39,0.2869818181818182,1,0,0,0
4130,5.0,5.0,0.0,35,0.286809090909091,1,0,0,0
4131,5.0,5.0,0.0,40,0.2866363636363637,1,0,0,0
4132,5.0,5.0,0.0,24,0.28646363636363636,1,0,0,0
4133,5.0,5.0,0.0,40,0.28629090909090904,1,0,0,0
4134,5.0,5.0,0.0,35,0.2861181818181818,1,0,0,0
4135,5.0,5.0,0.0,36,0.2859454545454546,1,0,0,0
4136,5.0,5.0,0.0,26,0.2857727272727273,1,0,0,0
4137,5.0,5.0,0.0,35,0.2856000000000001,1,0,0,0
4138,5.0,5.0,0.0,29,0.28542727272727275,1,0,0,0
4139,5.0,5.0,0.0,28,0.28525454545454554,1,0,0,0
4140,5.0,5.0,0.0,37,0.2850818181818182,1,0,0,0
4141,5.0,5.0,0.0,23,0.284909090909091,1,0,0,0
4142,5.0,5.0,0.0,48,0.2847363636363637,1,0,0,0
4143,5.0,5.0,0.0,37,0.28456363636363635,1,0,0,0
4144,5.0,5.0,0.0,35,0.28439090909090914,1,0,0,0
4145,5.0,5.0,0.0,28,0.2842181818181818,1,0,0,0
4146,5.0,5.0,0.0,45,0.2840454545454546,1,0,0,0
4147,5.0,5.0,0.0,43,0.2838727272727273,1,0,0,0
4148,5.0,5.0,0.0,45,0.28370000000000006,1,0,0,0
4149,5.0,5.0,0.0,25,0.28352727272727274,1,0,0,0
4150,5.0,5.0,0.0,35,0.2833545454545455,1,0,0,0
4151,5.0,5.0,0.0,31,0.2831818181818182,1,0,0,0
4152,5.0,5.0,0.0,37,0.283009090909091,1,0,0,0
4153,5.0,5.0,0.0,32,0.28283636363636366,1,0,0,0
4154,5.0,5.0,0.0,33,0.28266363636363634,1,0,0,0
4155,5.0,5.0,0.0,34,0.2824909090909091,1,0,0,0
4156,5.0,5.0,0.0,51,0.2823181818181818,1,0,0,0
4157,5.0,5.0,0.0,37,0.2821454545454546,1,0,0,0
4158,5.0,5.0,0.0,41,0.28197272727272726,1,0,0,0
4159,5.0,5.0,0.0,31,0.28180000000000005,1,0,0,0
4160,5.0,5.0,0.0,35,0.2816272727272727,1,0,0,0
4161,5.0,5.0,0.0,42,0.2814545454545455,1,0,0,0
4162,5.0,5.0,0.0,34,0.2812818181818182,1,0,0,0
4163,5.0,5.0,0.0,29,0.281109090909091,1,0,0,0
4164,5.0,5.0,0.0,28,0.28093636363636376,1,0,0,0
4165,5.0,5.0,0.0,32,0.28076363636363644,1,0,0,0
4166,5.0,5.0,0.0,45,0.2805909090909091,1,0,0,0
4167,5.0,5.0,0.0,31,0.2804181818181818,1,0,0,0
4168,5.0,5.0,0.0,35,0.2802454545454546,1,0,0,0
4169,5.0,5.0,0.0,29,0.28007272727272725,1,0,0,0
4170,5.0,5.0,0.0,34,0.27990000000000004,1,0,0,0
4171,5.0,5.0,0.0,47,0.2797272727272727,1,0,0,0
4172,5.0,5.0,0.0,30,0.2795545454545455,1,0,0,0
4173,5.0,5.0,0.0,28,0.2793818181818183,1,0,0,0
4174,5.0,5.0,0.0,29,0.27920909090909096,1,0,0,0
4175,5.0,5.0,0.0,39,0.27903636363636375,1,0,0,0
4176,5.0,5.0,0.0,28,0.2788636363636364,1,0,0,0
4177,5.0,5.0,0.0,32,0.2786909090909091,1,0,0,0
4178,5.0,5.0,0.0,30,0.2785181818181818,1,0,0,0
4179,5.0,5.0,0.0,27,0.27834545454545456,1,0,0,0
4180,5.0,5.0,0.0,33,0.27817272727272724,1,0,0,0
4181,5.0,5.0,0.0,51,0.278,1,0,0,0
4182,5.0,5.0,0.0,44,0.2778272727272728,1,0,0,0
4183,5.0,5.0,0.0,35,0.2776545454545455,1,0,0,0
4184,5.0,5.0,0.0,31,0.2774818181818183,1,0,0,0
4185,5.0,5.0,0.0,39,0.27730909090909095,1,0,0,0
4186,5.0,5.0,0.0,45,0.27713636363636374,1,0,0,0
4187,5.0,5.0,0.0,42,0.2769636363636364,1,0,0,0
4188,5.0,5.0,0.0,25,0.2767909090909091,1,0,0,0
4189,5.0,5.0,0.0,41,0.27661818181818176,1,0,0,0
4190,5.0,5.0,0.0,39,0.27644545454545455,1,0,0,0
4191,5.0,5.0,0.0,44,0.27627272727272734,1,0,0,0
4192,5.0,5.0,0.0,30,0.2761,1,0,0,0
4193,5.0,5.0,0.0,43,0.2759272727272728,1,0,0,0
4194,5.0,5.0,0.0,31,0.2757545454545455,1,0,0,0
4195,5.0,5.0,0.0,31,0.27558181818181826,1,0,0,0
4196,5.0,5.0,0.0,43,0.27540909090909094,1,0,0,0
4197,5.0,5.0,0.0,46,0.2752363636363637,1,0,0,0
4198,5.0,5.0,0.0,41,0.2750636363636364,1,0,0,0
4199,5.0,5.0,0.0,53,0.2748909090909091,1,0,0,0
4200,5.0,5.0,0.0,28,0.27471818181818186,1,0,0,0
4201,5.0,5.0,0.0,31,0.27454545454545454,1,0,0,0
4202,5.0,5.0,0.0,31,0.2743727272727273,1,0,0,0
4203,5.0,5.0,0.0,35,0.2742,1,0,0,0
4204,5.0,5.0,0.0,34,0.2740272727272728,1,0,0,0
4205,5.0,5.0,0.0,32,0.27385454545454546,1,0,0,0
4206,5.0,5.0,0.0,50,0.27368181818181825,1,0,0,0
4207,5.0,5.0,0.0,34,0.2735090909090909,1,0,0,0
4208,5.0,5.0,0.0,26,0.2733363636363637,1,0,0,0
4209,5.0,5.0,0.0,33,0.2731636363636365,1,0,0,0
4210,5.0,5.0,0.0,36,0.27299090909090906,1,0,0,0
4211,5.0,5.0,0.0,31,0.27281818181818185,1,0,0,0
4212,5.0,5.0,0.0,34,0.2726454545454545,1,0,0,0
4213,5.0,5.0,0.0,30,0.2724727272727273,1,0,0,0
4214,5.0,5.0,0.0,29,0.2723,1,0,0,0
4215,5.0,5.0,0.0,29,0.2721272727272728,1,0,0,0
4216,5.0,5.0,0.0,39,0.27195454545454545,1,0,0,0
4217,5.0,5.0,0.0,26,0.27178181818181824,1,0,0,0
4218,5.0,5.0,0.0,45,0.271609090909091,1,0,0,0
4219,5.0,5.0,0.0,33,0.2714363636363637,1,0,0,0
4220,5.0,5.0,0.0,27,0.2712636363636365,1,0,0,0
4221,5.0,5.0,0.0,33,0.27109090909090916,1,0,0,0
4222,5.0,5.0,0.0,29,0.27091818181818184,1,0,0,0
4223,5.0,5.0,0.0,42,0.2707454545454545,1,0,0,0
4224,5.0,5.0,0.0,32,0.2705727272727273,1,0,0,0
4225,5.0,5.0,0.0,33,0.2704,1,0,0,0
4226,5.0,5.0,0.0,33,0.27022727272727276,1,0,0,0
4227,5.0,5.0,0.0,37,0.27005454545454555,1,0,0,0
4228,5.0,5.0,0.0,36,0.2698818181818182,1,0,0,0
4229,5.0,5.0,0.0,37,0.269709090909091,1,0,0,0
4230,5.0,5.0,0.0,27,0.2695363636363637,1,0,0,0
4231,5.0,5.0,0.0,30,0.26936363636363647,1,0,0,0
4232,5.0,5.0,0.0,41,0.26919090909090915,1,0,0,0
4233,5.0,5.0,0.0,36,0.2690181818181818,1,0,0,0
4234,5.0,5.0,0.0,28,0.2688454545454545,1,0,0,0
4235,5.0,5.0,0.0,31,0.2686727272727273,1,0,0,0
4236,5.0,5.0,0.0,31,0.26850000000000007,1,0,0,0
4237,5.0,5.0,0.0,42,0.26832727272727275,1,0,0,0
4238,5.0,5.0,0.0,34,0.26815454545454553,1,0,0,0
4239,5.0,5.0,0.0,31,0.2679818181818182,1,0,0,0
4240,5.0,5.0,0.0,34,0.267809090909091,1,0,0,0
4241,5.0,5.0,0.0,27,0.26763636363636367,1,0,0,0
4242,5.0,5.0,0.0,41,0.26746363636363646,1,0,0,0
4243,5.0,5.0,0.0,42,0.26729090909090913,1,0,0,0
4244,5.0,5.0,0.0,36,0.2671181818181818,1,0,0,0
4245,5.0,5.0,0.0,27,0.2669454545454546,1,0,0,0
4246,5.0,5.0,0.0,38,0.2667727272727273,1,0,0,0
4247,5.0,5.0,0.0,30,0.26660000000000006,1,0,0,0
4248,5.0,5.0,0.0,25,0.26642727272727273,1,0,0,0
4249,5.0,5.0,0.0,29,0.2662545454545455,1,0,0,0
4250,5.0,5.0,0.0,33,0.2660818181818182,1,0,0,0
4251,5.0,5.0,0.0,31,0.265909090909091,1,0,0,0
4252,5.0,5.0,0.0,29,0.26573636363636366,1,0,0,0
4253,5.0,5.0,0.0,32,0.26556363636363645,1,0,0,0
4254,5.0,5.0,0.0,37,0.2653909090909091,1,0,0,0
4255,5.0,5.0,0.0,32,0.2652181818181818,1,0,0,0
4256,5.0,5.0,0.0,29,0.2650454545454546,1,0,0,0
4257,5.0,5.0,0.0,27,0.26487272727272726,1,0,0,0
4258,5.0,5.0,0.0,48,0.26470000000000005,1,0,0,0
4259,5.0,5.0,0.0,35,0.2645272727272727,1,0,0,0
4260,5.0,5.0,0.0,27,0.2643545454545455,1,0,0,0
4261,5.0,5.0,0.0,47,0.2641818181818182,1,0,0,0
4262,5.0,5.0,0.0,32,0.26400909090909097,1,0,0,0
4263,5.0,5.0,0.0,29,0.26383636363636365,1,0,0,0
4264,5.0,5.0,0.0,35,0.26366363636363643,1,0,0,0
4265,5.0,5.0,0.0,49,0.2634909090909092,1,0,0,0
4266,5.0,5.0,0.0,41,0.2633181818181818,1,0,0,0
4267,5.0,5.0,0.0,37,0.26314545454545457,1,0,0,0
4268,5.0,5.0,0.0,38,0.26297272727272725,1,0,0,0
4269,5.0,5.0,0.0,40,0.26280000000000003,1,0,0,0
4270,5.0,5.0,0.0,41,0.2626272727272727,1,0,0,0
4271,5.0,5.0,0.0,37,0.2624545454545455,1,0,0,0
4272,5.0,5.0,0.0,35,0.26228181818181817,1,0,0,0
4273,5.0,5.0,0.0,36,0.26210909090909096,1,0,0,0
4274,5.0,5.0,0.0,41,0.26193636363636374,1,0,0,0
4275,5.0,5.0,0.0,38,0.2617636363636364,1,0,0,0
4276,5.0,5.0,0.0,51,0.2615909090909092,1,0,0,0
4277,5.0,5.0,0.0,47,0.26141818181818177,1,0,0,0
4278,5.0,5.0,0.0,37,0.26124545454545456,1,0,0,0
4279,5.0,5.0,0.0,36,0.26107272727272723,1,0,0,0
4280,5.0,5.0,0.0,35,0.2609,1,0,0,0
4281,5.0,5.0,0.0,27,0.2607272727272727,1,0,0,0
4282,5.0,5.0,0.0,38,0.2605545454545455,1,0,0,0
4283,5.0,5.0,0.0,40,0.26038181818181827,1,0,0,0
4284,5.0,5.0,0.0,53,0.26020909090909095,1,0,0,0
4285,5.0,5.0,0.0,31,0.26003636363636373,1,0,0,0
4286,5.0,5.0,0.0,29,0.2598636363636364,1,0,0,0
4287,5.0,5.0,0.0,36,0.2596909090909092,1,0,0,0
4288,5.0,5.0,0.0,34,0.25951818181818187,1,0,0,0
4289,5.0,5.0,0.0,27,0.25934545454545455,1,0,0,0
4290,5.0,5.0,0.0,34,0.2591727272727272,1,0,0,0
4291,5.0,5.0,0.0,34,0.259,1,0,0,0
4292,5.0,5.0,0.0,35,0.2588272727272728,1,0,0,0
4293,5.0,5.0,0.0,36,0.25865454545454547,1,0,0,0
4294,5.0,5.0,0.0,33,0.25848181818181826,1,0,0,0
4295,5.0,5.0,0.0,32,0.25830909090909093,1,0,0,0
4296,5.0,5.0,0.0,31,0.2581363636363637,1,0,0,0
4297,5.0,5.0,0.0,31,0.2579636363636364,1,0,0,0
4298,5.0,5.0,0.0,37,0.2577909090909092,1,0,0,0
4299,5.0,5.0,0.0,29,0.25761818181818186,1,0,0,0
4300,5.0,5.0,0.0,28,0.25744545454545453,1,0,0,0
4301,5.0,5.0,0.0,33,0.2572727272727273,1,0,0,0
4302,5.0,5.0,0.0,32,0.2571,1,0,0,0
4303,5.0,5.0,0.0,34,0.2569272727272728,1,0,0,0
4304,5.0,5.0,0.0,33,0.25675454545454546,1,0,0,0
4305,5.0,5.0,0.0,30,0.25658181818181824,1,0,0,0
4306,5.0,5.0,0.0,33,0.2564090909090909,1,0,0,0
4307,5.0,5.0,0.0,31,0.2562363636363637,1,0,0,0
4308,5.0,5.0,0.0,33,0.2560636363636364,1,0,0,0
4309,5.0,5.0,0.0,41,0.25589090909090917,1,0,0,0
4310,5.0,5.0,0.0,38,0.25571818181818196,1,0,0,0
4311,5.0,5.0,0.0,34,0.2555454545454545,1,0,0,0
4312,5.0,5.0,0.0,35,0.2553727272727273,1,0,0,0
4313,5.0,5.0,0.0,37,0.2552,1,0,0,0
4314,5.0,5.0,0.0,43,0.25502727272727277,1,0,0,0
4315,5.0,5.0,0.0,39,0.25485454545454544,1,0,0,0
4316,5.0,5.0,0.0,28,0.25468181818181823,1,0,0,0
4317,5.0,5.0,0.0,34,0.2545090909090909,1,0,0,0
4318,5.0,5.0,0.0,29,0.2543363636363637,1,0,0,0
4319,5.0,5.0,0.0,40,0.2541636363636365,1,0,0,0
4320,5.0,5.0,0.0,31,0.25399090909090916,1,0,0,0
4321,5.0,5.0,0.0,37,0.25381818181818194,1,0,0,0
4322,5.0,5.0,0.0,31,0.2536454545454545,1,0,0,0
4323,5.0,5.0,0.0,31,0.2534727272727273,1,0,0,0
4324,5.0,5.0,0.0,33,0.25329999999999997,1,0,0,0
4325,5.0,5.0,0.0,25,0.25312727272727276,1,0,0,0
4326,5.0,5.0,0.0,39,0.25295454545454543,1,0,0,0
4327,5.0,5.0,0.0,23,0.2527818181818182,1,0,0,0
4328,5.0,5.0,0.0,27,0.252609090909091,1,0,0,0
4329,5.0,5.0,0.0,31,0.2524363636363637,1,0,0,0
4330,5.0,5.0,0.0,35,0.25226363636363647,1,0,0,0
4331,5.0,5.0,0.0,27,0.25209090909090914,1,0,0,0
4332,5.0,5.0,0.0,40,0.25191818181818193,1,0,0,0
4333,5.0,5.0,0.0,27,0.2517454545454545,1,0,0,0
4334,5.0,5.0,0.0,36,0.2515727272727273,1,0,0,0
4335,5.0,5.0,0.0,43,0.25139999999999996,1,0,0,0
4336,5.0,5.0,0.0,28,0.25122727272727274,1,0,0,0
4337,5.0,5.0,0.0,35,0.25105454545454553,1,0,0,0
4338,5.0,5.0,0.0,46,0.2508818181818182,1,0,0,0
4339,5.0,5.0,0.0,33,0.250709090909091,1,0,0,0
4340,5.0,5.0,0.0,31,0.25053636363636367,1,0,0,0
4341,5.0,5.0,0.0,35,0.25036363636363645,1,0,0,0
4342,5.0,5.0,0.0,35,0.25019090909090913,1,0,0,0
4343,5.0,5.0,0.0,27,0.2500181818181819,1,0,0,0
4344,5.0,5.0,0.0,34,0.24984545454545448,1,0,0,0
4345,5.0,5.0,0.0,27,0.24967272727272727,1,0,0,0
4346,5.0,5.0,0.0,30,0.24950000000000006,1,0,0,0
4347,5.0,5.0,0.0,32,0.24932727272727273,1,0,0,0
4348,5.0,5.0,0.0,31,0.24915454545454552,1,0,0,0
4349,5.0,5.0,0.0,31,0.2489818181818182,1,0,0,0
4350,5.0,5.0,0.0,25,0.24880909090909098,1,0,0,0
4351,5.0,5.0,0.0,31,0.24863636363636366,1,0,0,0
4352,5.0,5.0,0.0,35,0.24846363636363644,1,0,0,0
4353,5.0,5.0,0.0,41,0.24829090909090912,1,0,0,0
4354,5.0,5.0,0.0,29,0.2481181818181819,1,0,0,0
4355,5.0,5.0,0.0,28,0.24794545454545458,1,0,0,0
4356,5.0,5.0,0.0,37,0.24777272727272726,1,0,0,0
4357,5.0,5.0,0.0,40,0.24760000000000004,1,0,0,0
4358,5.0,5.0,0.0,40,0.24742727272727272,1,0,0,0
4359,5.0,5.0,0.0,35,0.2472545454545455,1,0,0,0
4360,5.0,5.0,0.0,25,0.24708181818181818,1,0,0,0
4361,5.0,5.0,0.0,33,0.24690909090909097,1,0,0,0
4362,5.0,5.0,0.0,36,0.24673636363636364,1,0,0,0
4363,5.0,5.0,0.0,31,0.24656363636363643,1,0,0,0
4364,5.0,5.0,0.0,40,0.2463909090909091,1,0,0,0
4365,5.0,5.0,0.0,36,0.2462181818181819,1,0,0,0
4366,5.0,5.0,0.0,35,0.24604545454545468,1,0,0,0
4367,5.0,5.0,0.0,29,0.24587272727272724,1,0,0,0
4368,5.0,5.0,0.0,31,0.24570000000000003,1,0,0,0
4369,5.0,5.0,0.0,35,0.2455272727272727,1,0,0,0
4370,5.0,5.0,0.0,45,0.2453545454545455,1,0,0,0
4371,5.0,5.0,0.0,38,0.24518181818181817,1,0,0,0
4372,5.0,5.0,0.0,28,0.24500909090909095,1,0,0,0
4373,5.0,5.0,0.0,42,0.24483636363636363,1,0,0,0
4374,5.0,5.0,0.0,32,0.24466363636363642,1,0,0,0
4375,5.0,5.0,0.0,55,0.2444909090909092,1,0,0,0
4376,5.0,5.0,0.0,40,0.24431818181818188,1,0,0,0
4377,5.0,5.0,0.0,53,0.24414545454545467,1,0,0,0
4378,5.0,5.0,0.0,31,0.24397272727272723,1,0,0,0
4379,5.0,5.0,0.0,35,0.24380000000000002,1,0,0,0
4380,5.0,5.0,0.0,30,0.2436272727272727,1,0,0,0
4381,5.0,5.0,0.0,31,0.24345454545454548,1,0,0,0
4382,5.0,5.0,0.0,35,0.24328181818181815,1,0,0,0
4383,5.0,5.0,0.0,35,0.24310909090909094,1,0,0,0
4384,5.0,5.0,0.0,37,0.24293636363636373,1,0,0,0
4385,5.0,5.0,0.0,32,0.2427636363636364,1,0,0,0
4386,5.0,5.0,0.0,23,0.2425909090909092,1,0,0,0
4387,5.0,5.0,0.0,37,0.24241818181818187,1,0,0,0
4388,5.0,5.0,0.0,39,0.24224545454545465,1,0,0,0
4389,5.0,5.0,0.0,41,0.24207272727272722,1,0,0,0
4390,5.0,5.0,0.0,33,0.2419,1,0,0,0
4391,5.0,5.0,0.0,29,0.24172727272727268,1,0,0,0
4392,5.0,5.0,0.0,31,0.24155454545454547,1,0,0,0
4393,5.0,5.0,0.0,27,0.24138181818181825,1,0,0,0
4394,5.0,5.0,0.0,37,0.24120909090909093,1,0,0,0
4395,5.0,5.0,0.0,27,0.24103636363636372,1,0,0,0
4396,5.0,5.0,0.0,24,0.2408636363636364,1,0,0,0
4397,5.0,5.0,0.0,33,0.24069090909090918,1,0,0,0
4398,5.0,5.0,0.0,29,0.24051818181818185,1,0,0,0
4399,5.0,5.0,0.0,31,0.24034545454545464,1,0,0,0
4400,5.0,5.0,0.0,27,0.2401727272727272,1,0,0,0
4401,5.0,5.0,0.0,25,0.24,1,0,0,0
4402,5.0,5.0,0.0,32,0.23982727272727278,1,0,0,0
4403,5.0,5.0,0.0,35,0.23965454545454545,1,0,0,0
4404,5.0,5.0,0.0,33,0.23948181818181824,1,0,0,0
4405,5.0,5.0,0.0,42,0.23930909090909092,1,0,0,0
4406,5.0,5.0,0.0,24,0.2391363636363637,1,0,0,0
4407,5.0,5.0,0.0,46,0.23896363636363638,1,0,0,0
4408,5.0,5.0,0.0,35,0.23879090909090916,1,0,0,0
4409,5.0,5.0,0.0,41,0.23861818181818184,1,0,0,0
4410,5.0,5.0,0.0,31,0.23844545454545463,1,0,0,0
4411,5.0,5.0,0.0,45,0.2382727272727274,1,0,0,0
4412,5.0,5.0,0.0,38,0.23809999999999998,1,0,0,0
4413,5.0,5.0,0.0,38,0.23792727272727276,1,0,0,0
4414,5.0,5.0,0.0,36,0.23775454545454544,1,0,0,0
4415,5.0,5.0,0.0,35,0.23758181818181823,1,0,0,0
4416,5.0,5.0,0.0,33,0.2374090909090909,1,0,0,0
4417,5.0,5.0,0.0,30,0.2372363636363637,1,0,0,0
4418,5.0,5.0,0.0,40,0.23706363636363637,1,0,0,0
4419,5.0,5.0,0.0,26,0.23689090909090915,1,0,0,0
4420,5.0,5.0,0.0,36,0.23671818181818194,1,0,0,0
4421,5.0,5.0,0.0,36,0.23654545454545461,1,0,0,0
4422,5.0,5.0,0.0,39,0.2363727272727274,1,0,0,0
4423,5.0,5.0,0.0,35,0.23619999999999997,1,0,0,0
4424,5.0,5.0,0.0,35,0.23602727272727275,1,0,0,0
4425,5.0,5.0,0.0,34,0.23585454545454543,1,0,0,0
4426,5.0,5.0,0.0,39,0.23568181818181821,1,0,0,0
4427,5.0,5.0,0.0,33,0.2355090909090909,1,0,0,0
4428,5.0,5.0,0.0,47,0.23533636363636368,1,0,0,0
4429,5.0,5.0,0.0,58,0.23516363636363646,1,0,0,0
4430,5.0,5.0,0.0,31,0.23499090909090914,1,0,0,0
4431,5.0,5.0,0.0,28,0.23481818181818193,1,0,0,0
4432,5.0,5.0,0.0,41,0.2346454545454546,1,0,0,0
4433,5.0,5.0,0.0,36,0.2344727272727274,1,0,0,0
4434,5.0,5.0,0.0,27,0.23429999999999995,1,0,0,0
4435,5.0,5.0,0.0,38,0.23412727272727274,1,0,0,0
4436,5.0,5.0,0.0,32,0.23395454545454542,1,0,0,0
4437,5.0,5.0,0.0,25,0.2337818181818182,1,0,0,0
4438,5.0,5.0,0.0,40,0.233609090909091,1,0,0,0
4439,5.0,5.0,0.0,35,0.23343636363636366,1,0,0,0
4440,5.0,5.0,0.0,32,0.23326363636363645,1,0,0,0
4441,5.0,5.0,0.0,29,0.23309090909090913,1,0,0,0
4442,5.0,5.0,0.0,31,0.2329181818181819,1,0,0,0
4443,5.0,5.0,0.0,42,0.2327454545454546,1,0,0,0
4444,5.0,5.0,0.0,27,0.23257272727272738,1,0,0,0
4445,5.0,5.0,0.0,30,0.23239999999999994,1,0,0,0
4446,5.0,5.0,0.0,37,0.23222727272727273,1,0,0,0
4447,5.0,5.0,0.0,23,0.2320545454545455,1,0,0,0
4448,5.0,5.0,0.0,27,0.2318818181818182,1,0,0,0
4449,5.0,5.0,0.0,28,0.23170909090909098,1,0,0,0
4450,5.0,5.0,0.0,33,0.23153636363636365,1,0,0,0
4451,5.0,5.0,0.0,27,0.23136363636363644,1,0,0,0
4452,5.0,5.0,0.0,33,0.2311909090909091,1,0,0,0
4453,5.0,5.0,0.0,28,0.2310181818181819,1,0,0,0
4454,5.0,5.0,0.0,39,0.23084545454545458,1,0,0,0
4455,5.0,5.0,0.0,37,0.23067272727272736,1,0,0,0
4456,5.0,5.0,0.0,27,0.23050000000000004,1,0,0,0
4457,5.0,5.0,0.0,31,0.2303272727272727,1,0,0,0
4458,5.0,5.0,0.0,25,0.2301545454545455,1,0,0,0
4459,5.0,5.0,0.0,27,0.22998181818181818,1,0,0,0
4460,5.0,5.0,0.0,41,0.22980909090909096,1,0,0,0
4461,5.0,5.0,0.0,37,0.22963636363636364,1,0,0,0
4462,5.0,5.0,0.0,39,0.22946363636363643,1,0,0,0
4463,5.0,5.0,0.0,27,0.2292909090909091,1,0,0,0
4464,5.0,5.0,0.0,35,0.2291181818181819,1,0,0,0
4465,5.0,5.0,0.0,26,0.22894545454545456,1,0,0,0
4466,5.0,5.0,0.0,33,0.22877272727272735,1,0,0,0
4467,5.0,5.0,0.0,36,0.22860000000000003,1,0,0,0
4468,5.0,5.0,0.0,31,0.2284272727272727,1,0,0,0
4469,5.0,5.0,0.0,31,0.2282545454545455,1,0,0,0
4470,5.0,5.0,0.0,38,0.22808181818181816,1,0,0,0
4471,5.0,5.0,0.0,26,0.22790909090909095,1,0,0,0
4472,5.0,5.0,0.0,32,0.22773636363636363,1,0,0,0
4473,5.0,5.0,0.0,29,0.2275636363636364,1,0,0,0
4474,5.0,5.0,0.0,36,0.2273909090909091,1,0,0,0
4475,5.0,5.0,0.0,36,0.22721818181818187,1,0,0,0
4476,5.0,5.0,0.0,31,0.22704545454545466,1,0,0,0
4477,5.0,5.0,0.0,33,0.22687272727272734,1,0,0,0
4478,5.0,5.0,0.0,39,0.22670000000000012,1,0,0,0
4479,5.0,5.0,0.0,27,0.2265272727272727,1,0,0,0
4480,5.0,5.0,0.0,26,0.22635454545454547,1,0,0,0
4481,5.0,5.0,0.0,33,0.22618181818181815,1,0,0,0
4482,5.0,5.0,0.0,31,0.22600909090909094,1,0,0,0
4483,5.0,5.0,0.0,39,0.2258363636363636,1,0,0,0
4484,5.0,5.0,0.0,32,0.2256636363636364,1,0,0,0
4485,5.0,5.0,0.0,36,0.2254909090909092,1,0,0,0
4486,5.0,5.0,0.0,40,0.22531818181818186,1,0,0,0
4487,5.0,5.0,0.0,45,0.22514545454545465,1,0,0,0
4488,5.0,5.0,0.0,32,0.22497272727272732,1,0,0,0
4489,5.0,5.0,0.0,32,0.2248000000000001,1,0,0,0
4490,5.0,5.0,0.0,29,0.22462727272727268,1,0,0,0
4491,5.0,5.0,0.0,27,0.22445454545454546,1,0,0,0
4492,5.0,5.0,0.0,29,0.22428181818181814,1,0,0,0
4493,5.0,5.0,0.0,45,0.22410909090909092,1,0,0,0
4494,5.0,5.0,0.0,27,0.2239363636363637,1,0,0,0
4495,5.0,5.0,0.0,39,0.2237636363636364,1,0,0,0
4496,5.0,5.0,0.0,39,0.22359090909090917,1,0,0,0
4497,5.0,5.0,0.0,35,0.22341818181818185,1,0,0,0
4498,5.0,5.0,0.0,25,0.22324545454545464,1,0,0,0
4499,5.0,5.0,0.0,41,0.2230727272727273,1,0,0,0
4500,5.0,5.0,0.0,39,0.2229000000000001,1,0,0,0
4501,5.0,5.0,0.0,23,0.22272727272727266,1,0,0,0
4502,5.0,5.0,0.0,35,0.22255454545454545,1,0,0,0
4503,5.0,5.0,0.0,23,0.22238181818181824,1,0,0,0
4504,5.0,5.0,0.0,32,0.2222090909090909,1,0,0,0
4505,5.0,5.0,0.0,35,0.2220363636363637,1,0,0,0
4506,5.0,5.0,0.0,29,0.22186363636363637,1,0,0,0
4507,5.0,5.0,0.0,23,0.22169090909090916,1,0,0,0
4508,5.0,5.0,0.0,30,0.22151818181818184,1,0,0,0
4509,5.0,5.0,0.0,37,0.22134545454545462,1,0,0,0
4510,5.0,5.0,0.0,23,0.2211727272727273,1,0,0,0
4511,5.0,5.0,0.0,33,0.22100000000000009,1,0,0,0
4512,5.0,5.0,0.0,25,0.22082727272727276,1,0,0,0
4513,5.0,5.0,0.0,40,0.22065454545454544,1,0,0,0
4514,5.0,5.0,0.0,35,0.22048181818181822,1,0,0,0
4515,5.0,5.0,0.0,26,0.2203090909090909,1,0,0,0
4516,5.0,5.0,0.0,29,0.22013636363636369,1,0,0,0
4517,5.0,5.0,0.0,26,0.21996363636363636,1,0,0,0
4518,5.0,5.0,0.0,37,0.21979090909090915,1,0,0,0
4519,5.0,5.0,0.0,37,0.21961818181818182,1,0,0,0
4520,5.0,5.0,0.0,32,0.2194454545454546,1,0,0,0
4521,5.0,5.0,0.0,30,0.2192727272727274,1,0,0,0
4522,5.0,5.0,0.0,35,0.21910000000000007,1,0,0,0
4523,5.0,5.0,0.0,36,0.21892727272727275,1,0,0,0
4524,5.0,5.0,0.0,24,0.21875454545454542,1,0,0,0
4525,5.0,5.0,0.0,27,0.2185818181818182,1,0,0,0
4526,5.0,5.0,0.0,37,0.21840909090909089,1,0,0,0
4527,5.0,5.0,0.0,27,0.21823636363636367,1,0,0,0
4528,5.0,5.0,0.0,29,0.21806363636363635,1,0,0,0
4529,5.0,5.0,0.0,40,0.21789090909090914,1,0,0,0
4530,5.0,5.0,0.0,33,0.21771818181818192,1,0,0,0
4531,5.0,5.0,0.0,39,0.2175454545454546,1,0,0,0
4532,5.0,5.0,0.0,35,0.21737272727272738,1,0,0,0
4533,5.0,5.0,0.0,25,0.21720000000000006,1,0,0,0
4534,5.0,5.0,0.0,35,0.21702727272727285,1,0,0,0
4535,5.0,5.0,0.0,31,0.2168545454545454,1,0,0,0
4536,5.0,5.0,0.0,27,0.2166818181818182,1,0,0,0
4537,5.0,5.0,0.0,29,0.21650909090909087,1,0,0,0
4538,5.0,5.0,0.0,38,0.21633636363636366,1,0,0,0
4539,5.0,5.0,0.0,35,0.21616363636363645,1,0,0,0
4540,5.0,5.0,0.0,27,0.21599090909090912,1,0,0,0
4541,5.0,5.0,0.0,31,0.2158181818181819,1,0,0,0
4542,5.0,5.0,0.0,32,0.21564545454545458,1,0,0,0
4543,5.0,5.0,0.0,42,0.21547272727272737,1,0,0,0
4544,5.0,5.0,0.0,44,0.21530000000000005,1,0,0,0
4545,5.0,5.0,0.0,27,0.21512727272727283,1,0,0,0
4546,5.0,5.0,0.0,30,0.2149545454545454,1,0,0,0
4547,5.0,5.0,0.0,36,0.21478181818181818,1,0,0,0
4548,5.0,5.0,0.0,29,0.21460909090909097,1,0,0,0
4549,5.0,5.0,0.0,36,0.21443636363636365,1,0,0,0
4550,5.0,5.0,0.0,25,0.21426363636363643,1,0,0,0
4551,5.0,5.0,0.0,28,0.2140909090909091,1,0,0,0
4552,5.0,5.0,0.0,27,0.2139181818181819,1,0,0,0
4553,5.0,5.0,0.0,32,0.21374545454545457,1,0,0,0
4554,5.0,5.0,0.0,34,0.21357272727272736,1,0,0,0
4555,5.0,5.0,0.0,29,0.21340000000000003,1,0,0,0
4556,5.0,5.0,0.0,25,0.21322727272727282,1,0,0,0
4557,5.0,5.0,0.0,37,0.2130545454545455,1,0,0,0
4558,5.0,5.0,0.0,25,0.21288181818181817,1,0,0,0
4559,5.0,5.0,0.0,28,0.21270909090909096,1,0,0,0
4560,5.0,5.0,0.0,29,0.21253636363636363,1,0,0,0
4561,5.0,5.0,0.0,29,0.21236363636363642,1,0,0,0
4562,5.0,5.0,0.0,28,0.2121909090909091,1,0,0,0
4563,5.0,5.0,0.0,35,0.21201818181818188,1,0,0,0
4564,5.0,5.0,0.0,27,0.21184545454545456,1,0,0,0
4565,5.0,5.0,0.0,35,0.21167272727272735,1,0,0,0
4566,5.0,5.0,0.0,39,0.21150000000000002,1,0,0,0
4567,5.0,5.0,0.0,26,0.2113272727272728,1,0,0,0
4568,5.0,5.0,0.0,27,0.21115454545454548,1,0,0,0
4569,5.0,5.0,0.0,30,0.21098181818181816,1,0,0,0
4570,5.0,5.0,0.0,29,0.21080909090909095,1,0,0,0
4571,5.0,5.0,0.0,33,0.21063636363636362,1,0,0,0
4572,5.0,5.0,0.0,33,0.2104636363636364,1,0,0,0
4573,5.0,5.0,0.0,28,0.21029090909090908,1,0,0,0
4574,5.0,5.0,0.0,27,0.21011818181818187,1,0,0,0
4575,5.0,5.0,0.0,30,0.20994545454545455,1,0,0,0
4576,5.0,5.0,0.0,27,0.20977272727272733,1,0,0,0
4577,5.0,5.0,0.0,27,0.20960000000000012,1,0,0,0
4578,5.0,5.0,0.0,31,0.2094272727272728,1,0,0,0
4579,5.0,5.0,0.0,27,0.20925454545454547,1,0,0,0
4580,5.0,5.0,0.0,26,0.20908181818181815,1,0,0,0
4581,5.0,5.0,0.0,30,0.20890909090909093,1,0,0,0
4582,5.0,5.0,0.0,30,0.2087363636363636,1,0,0,0
4583,5.0,5.0,0.0,27,0.2085636363636364,1,0,0,0
4584,5.0,5.0,0.0,31,0.20839090909090907,1,0,0,0
4585,5.0,5.0,0.0,25,0.20821818181818186,1,0,0,0
4586,5.0,5.0,0.0,23,0.20804545454545464,1,0,0,0
4587,5.0,5.0,0.0,35,0.20787272727272732,1,0,0,0
4588,5.0,5.0,0.0,35,0.2077000000000001,1,0,0,0
4589,5.0,5.0,0.0,33,0.20752727272727278,1,0,0,0
4590,5.0,5.0,0.0,25,0.20735454545454546,1,0,0,0
4591,5.0,5.0,0.0,34,0.20718181818181813,1,0,0,0
4592,5.0,5.0,0.0,28,0.20700909090909092,1,0,0,0
4593,5.0,5.0,0.0,35,0.2068363636363636,1,0,0,0
4594,5.0,5.0,0.0,27,0.20666363636363638,1,0,0,0
4595,5.0,5.0,0.0,31,0.20649090909090917,1,0,0,0
4596,5.0,5.0,0.0,26,0.20631818181818184,1,0,0,0
4597,5.0,5.0,0.0,28,0.20614545454545463,1,0,0,0
4598,5.0,5.0,0.0,25,0.2059727272727273,1,0,0,0
4599,5.0,5.0,0.0,27,0.2058000000000001,1,0,0,0
4600,5.0,5.0,0.0,33,0.20562727272727277,1,0,0,0
4601,5.0,5.0,0.0,28,0.20545454545454556,1,0,0,0
4602,5.0,5.0,0.0,37,0.20528181818181812,1,0,0,0
4603,5.0,5.0,0.0,27,0.2051090909090909,1,0,0,0
4604,5.0,5.0,0.0,36,0.2049363636363637,1,0,0,0
4605,5.0,5.0,0.0,29,0.20476363636363637,1,0,0,0
4606,5.0,5.0,0.0,27,0.20459090909090916,1,0,0,0
4607,5.0,5.0,0.0,31,0.20441818181818183,1,0,0,0
4608,5.0,5.0,0.0,30,0.20424545454545462,1,0,0,0
4609,5.0,5.0,0.0,39,0.2040727272727273,1,0,0,0
4610,5.0,5.0,0.0,35,0.20390000000000008,1,0,0,0
4611,5.0,5.0,0.0,32,0.20372727272727276,1,0,0,0
4612,5.0,5.0,0.0,42,0.20355454545454554,1,0,0,0
4613,5.0,5.0,0.0,41,0.20338181818181822,1,0,0,0
4614,5.0,5.0,0.0,41,0.2032090909090909,1,0,0,0
4615,5.0,5.0,0.0,36,0.20303636363636368,1,0,0,0
4616,5.0,5.0,0.0,33,0.20286363636363636,1,0,0,0
4617,5.0,5.0,0.0,36,0.20269090909090914,1,0,0,0
4618,5.0,5.0,0.0,27,0.20251818181818182,1,0,0,0
4619,5.0,5.0,0.0,25,0.2023454545454546,1,0,0,0
4620,5.0,5.0,0.0,40,0.20217272727272728,1,0,0,0
4621,5.0,5.0,0.0,31,0.20200000000000007,1,0,0,0
4622,5.0,5.0,0.0,27,0.20182727272727286,1,0,0,0
4623,5.0,5.0,0.0,31,0.20165454545454553,1,0,0,0
4624,5.0,5.0,0.0,31,0.2014818181818182,1,0,0,0
4625,5.0,5.0,0.0,39,0.20130909090909088,1,0,0,0
4626,5.0,5.0,0.0,27,0.20113636363636367,1,0,0,0
4627,5.0,5.0,0.0,34,0.20096363636363634,1,0,0,0
4628,5.0,5.0,0.0,31,0.20079090909090913,1,0,0,0
4629,5.0,5.0,0.0,23,0.2006181818181818,1,0,0,0
4630,5.0,5.0,0.0,31,0.2004454545454546,1,0,0,0
4631,5.0,5.0,0.0,33,0.20027272727272738,1,0,0,0
4632,5.0,5.0,0.0,31,0.20010000000000006,1,0,0,0
4633,5.0,5.0,0.0,33,0.19992727272727284,1,0,0,0
4634,5.0,5.0,0.0,29,0.19975454545454552,1,0,0,0
4635,5.0,5.0,0.0,27,0.1995818181818182,1,0,0,0
4636,5.0,5.0,0.0,34,0.19940909090909087,1,0,0,0
4637,5.0,5.0,0.0,31,0.19923636363636366,1,0,0,0
4638,5.0,5.0,0.0,31,0.19906363636363633,1,0,0,0
4639,5.0,5.0,0.0,29,0.19889090909090912,1,0,0,0
4640,5.0,5.0,0.0,37,0.1987181818181819,1,0,0,0
4641,5.0,5.0,0.0,34,0.19854545454545458,1,0,0,0
4642,5.0,5.0,0.0,31,0.19837272727272737,1,0,0,0
4643,5.0,5.0,0.0,27,0.19820000000000004,1,0,0,0
4644,5.0,5.0,0.0,40,0.19802727272727283,1,0,0,0
4645,5.0,5.0,0.0,29,0.1978545454545455,1,0,0,0
4646,5.0,5.0,0.0,31,0.19768181818181818,1,0,0,0
4647,5.0,5.0,0.0,33,0.19750909090909086,1,0,0,0
4648,5.0,5.0,0.0,23,0.19733636363636364,1,0,0,0
4649,5.0,5.0,0.0,35,0.19716363636363643,1,0,0,0
4650,5.0,5.0,0.0,34,0.1969909090909091,1,0,0,0
4651,5.0,5.0,0.0,31,0.1968181818181819,1,0,0,0
4652,5.0,5.0,0.0,26,0.19664545454545457,1,0,0,0
4653,5.0,5.0,0.0,38,0.19647272727272735,1,0,0,0
4654,5.0,5.0,0.0,37,0.19630000000000003,1,0,0,0
4655,5.0,5.0,0.0,39,0.19612727272727282,1,0,0,0
4656,5.0,5.0,0.0,37,0.1959545454545455,1,0,0,0
4657,5.0,5.0,0.0,35,0.19578181818181817,1,0,0,0
4658,5.0,5.0,0.0,42,0.19560909090909095,1,0,0,0
4659,5.0,5.0,0.0,27,0.19543636363636363,1,0,0,0
4660,5.0,5.0,0.0,37,0.19526363636363642,1,0,0,0
4661,5.0,5.0,0.0,33,0.1950909090909091,1,0,0,0
4662,5.0,5.0,0.0,29,0.19491818181818188,1,0,0,0
4663,5.0,5.0,0.0,37,0.19474545454545455,1,0,0,0
4664,5.0,5.0,0.0,69,0.19457272727272734,1,0,0,0
4665,5.0,5.0,0.0,29,0.19440000000000002,1,0,0,0
4666,5.0,5.0,0.0,26,0.1942272727272728,1,0,0,0
4667,5.0,5.0,0.0,38,0.19405454545454548,1,0,0,0
4668,5.0,5.0,0.0,34,0.19388181818181827,1,0,0,0
4669,5.0,5.0,0.0,35,0.19370909090909094,1,0,0,0
4670,5.0,5.0,0.0,31,0.19353636363636362,1,0,0,0
4671,5.0,5.0,0.0,32,0.1933636363636364,1,0,0,0
4672,5.0,5.0,0.0,36,0.19319090909090908,1,0,0,0
4673,5.0,5.0,0.0,31,0.19301818181818187,1,0,0,0
4674,5.0,5.0,0.0,29,0.19284545454545454,1,0,0,0
4675,5.0,5.0,0.0,31,0.19267272727272733,1,0,0,0
4676,5.0,5.0,0.0,25,0.1925,1,0,0,0
4677,5.0,5.0,0.0,28,0.1923272727272728,1,0,0,0
4678,5.0,5.0,0.0,29,0.19215454545454558,1,0,0,0
4679,5.0,5.0,0.0,28,0.19198181818181825,1,0,0,0
4680,5.0,5.0,0.0,29,0.19180909090909093,1,0,0,0
4681,5.0,5.0,0.0,40,0.1916363636363636,1,0,0,0
4682,5.0,5.0,0.0,32,0.1914636363636364,1,0,0,0
4683,5.0,5.0,0.0,37,0.19129090909090907,1,0,0,0
4684,5.0,5.0,0.0,34,0.19111818181818185,1,0,0,0
4685,5.0,5.0,0.0,25,0.19094545454545453,1,0,0,0
4686,5.0,5.0,0.0,52,0.19077272727272732,1,0,0,0
4687,5.0,5.0,0.0,25,0.1906000000000001,1,0,0,0
4688,5.0,5.0,0.0,25,0.19042727272727278,1,0,0,0
4689,5.0,5.0,0.0,33,0.19025454545454556,1,0,0,0
4690,5.0,5.0,0.0,38,0.19008181818181824,1,0,0,0
4691,5.0,5.0,0.0,23,0.18990909090909092,1,0,0,0
4692,5.0,5.0,0.0,25,0.1897363636363636,1,0,0,0
4693,5.0,5.0,0.0,31,0.18956363636363638,1,0,0,0
4694,5.0,5.0,0.0,25,0.18939090909090905,1,0,0,0
4695,5.0,5.0,0.0,27,0.18921818181818184,1,0,0,0
4696,5.0,5.0,0.0,27,0.18904545454545463,1,0,0,0
4697,5.0,5.0,0.0,31,0.1888727272727273,1,0,0,0
4698,5.0,5.0,0.0,37,0.1887000000000001,1,0,0,0
4699,5.0,5.0,0.0,29,0.18852727272727277,1,0,0,0
4700,5.0,5.0,0.0,26,0.18835454545454555,1,0,0,0
4701,5.0,5.0,0.0,33,0.18818181818181823,1,0,0,0
4702,5.0,5.0,0.0,33,0.1880090909090909,1,0,0,0
4703,5.0,5.0,0.0,25,0.18783636363636358,1,0,0,0
4704,5.0,5.0,0.0,35,0.18766363636363637,1,0,0,0
4705,5.0,5.0,0.0,29,0.18749090909090915,1,0,0,0
4706,5.0,5.0,0.0,25,0.18731818181818183,1,0,0,0
4707,5.0,5.0,0.0,32,0.18714545454545461,1,0,0,0
4708,5.0,5.0,0.0,23,0.1869727272727273,1,0,0,0
4709,5.0,5.0,0.0,35,0.18680000000000008,1,0,0,0
4710,5.0,5.0,0.0,29,0.18662727272727275,1,0,0,0
4711,5.0,5.0,0.0,25,0.18645454545454554,1,0,0,0
4712,5.0,5.0,0.0,27,0.18628181818181822,1,0,0,0
4713,5.0,5.0,0.0,27,0.1861090909090909,1,0,0,0
4714,5.0,5.0,0.0,27,0.18593636363636368,1,0,0,0
4715,5.0,5.0,0.0,35,0.18576363636363635,1,0,0,0
4716,5.0,5.0,0.0,32,0.18559090909090914,1,0,0,0
4717,5.0,5.0,0.0,32,0.18541818181818182,1,0,0,0
4718,5.0,5.0,0.0,23,0.1852454545454546,1,0,0,0
4719,5.0,5.0,0.0,32,0.18507272727272728,1,0,0,0
4720,5.0,5.0,0.0,23,0.18490000000000006,1,0,0,0
4721,5.0,5.0,0.0,39,0.18472727272727274,1,0,0,0
4722,5.0,5.0,0.0,27,0.18455454545454553,1,0,0,0
4723,5.0,5.0,0.0,31,0.1843818181818183,1,0,0,0
4724,5.0,5.0,0.0,32,0.184209090909091,1,0,0,0
4725,5.0,5.0,0.0,29,0.18403636363636366,1,0,0,0
4726,5.0,5.0,0.0,31,0.18386363636363634,1,0,0,0
4727,5.0,5.0,0.0,31,0.18369090909090913,1,0,0,0
4728,5.0,5.0,0.0,29,0.1835181818181818,1,0,0,0
4729,5.0,5.0,0.0,37,0.1833454545454546,1,0,0,0
4730,5.0,5.0,0.0,31,0.18317272727272726,1,0,0,0
4731,5.0,5.0,0.0,29,0.18300000000000005,1,0,0,0
4732,5.0,5.0,0.0,37,0.18282727272727284,1,0,0,0
4733,5.0,5.0,0.0,23,0.1826545454545455,1,0,0,0
4734,5.0,5.0,0.0,31,0.1824818181818183,1,0,0,0
4735,5.0,5.0,0.0,29,0.18230909090909098,1,0,0,0
4736,5.0,5.0,0.0,25,0.18213636363636365,1,0,0,0
4737,5.0,5.0,0.0,29,0.18196363636363633,1,0,0,0
4738,5.0,5.0,0.0,28,0.18179090909090911,1,0,0,0
4739,5.0,5.0,0.0,25,0.1816181818181818,1,0,0,0
4740,5.0,5.0,0.0,26,0.18144545454545458,1,0,0,0
4741,5.0,5.0,0.0,31,0.18127272727272736,1,0,0,0
4742,5.0,5.0,0.0,35,0.18110000000000004,1,0,0,0
4743,5.0,5.0,0.0,30,0.18092727272727283,1,0,0,0
4744,5.0,5.0,0.0,31,0.1807545454545455,1,0,0,0
4745,5.0,5.0,0.0,31,0.1805818181818183,1,0,0,0
4746,5.0,5.0,0.0,25,0.18040909090909096,1,0,0,0
4747,5.0,5.0,0.0,33,0.18023636363636364,1,0,0,0
4748,5.0,5.0,0.0,31,0.18006363636363631,1,0,0,0
4749,5.0,5.0,0.0,27,0.1798909090909091,1,0,0,0
4750,5.0,5.0,0.0,29,0.1797181818181819,1,0,0,0
4751,5.0,5.0,0.0,32,0.17954545454545456,1,0,0,0
4752,5.0,5.0,0.0,34,0.17937272727272735,1,0,0,0
4753,5.0,5.0,0.0,29,0.17920000000000003,1,0,0,0
4754,5.0,5.0,0.0,33,0.1790272727272728,1,0,0,0
4755,5.0,5.0,0.0,30,0.1788545454545455,1,0,0,0
4756,5.0,5.0,0.0,25,0.17868181818181827,1,0,0,0
4757,5.0,5.0,0.0,33,0.17850909090909095,1,0,0,0
4758,5.0,5.0,0.0,25,0.17833636363636363,1,0,0,0
4759,5.0,5.0,0.0,38,0.1781636363636364,1,0,0,0
4760,5.0,5.0,0.0,29,0.1779909090909091,1,0,0,0
4761,5.0,5.0,0.0,27,0.17781818181818188,1,0,0,0
4762,5.0,5.0,0.0,31,0.17764545454545455,1,0,0,0
4763,5.0,5.0,0.0,27,0.17747272727272734,1,0,0,0
4764,5.0,5.0,0.0,34,0.1773,1,0,0,0
4765,5.0,5.0,0.0,31,0.1771272727272728,1,0,0,0
4766,5.0,5.0,0.0,23,0.17695454545454548,1,0,0,0
4767,5.0,5.0,0.0,40,0.17678181818181826,1,0,0,0
4768,5.0,5.0,0.0,29,0.17660909090909094,1,0,0,0
4769,5.0,5.0,0.0,27,0.1764363636363636,1,0,0,0
4770,5.0,5.0,0.0,25,0.1762636363636364,1,0,0,0
4771,5.0,5.0,0.0,35,0.17609090909090908,1,0,0,0
4772,5.0,5.0,0.0,27,0.17591818181818186,1,0,0,0
4773,5.0,5.0,0.0,37,0.17574545454545454,1,0,0,0
4774,5.0,5.0,0.0,36,0.17557272727272732,1,0,0,0
4775,5.0,5.0,0.0,29,0.1754,1,0,0,0
4776,5.0,5.0,0.0,31,0.1752272727272728,1,0,0,0
4777,5.0,5.0,0.0,32,0.17505454545454546,1,0,0,0
4778,5.0,5.0,0.0,32,0.17488181818181825,1,0,0,0
4779,5.0,5.0,0.0,25,0.17470909090909104,1,0,0,0
4780,5.0,5.0,0.0,31,0.1745363636363636,1,0,0,0
4781,5.0,5.0,0.0,23,0.1743636363636364,1,0,0,0
4782,5.0,5.0,0.0,29,0.17419090909090906,1,0,0,0
4783,5.0,5.0,0.0,26,0.17401818181818185,1,0,0,0
4784,5.0,5.0,0.0,27,0.17384545454545453,1,0,0,0
4785,5.0,5.0,0.0,34,0.1736727272727273,1,0,0,0
4786,5.0,5.0,0.0,25,0.1735,1,0,0,0
4787,5.0,5.0,0.0,33,0.17332727272727277,1,0,0,0
4788,5.0,5.0,0.0,27,0.17315454545454556,1,0,0,0
4789,5.0,5.0,0.0,32,0.17298181818181824,1,0,0,0
4790,5.0,5.0,0.0,29,0.17280909090909102,1,0,0,0
4791,5.0,5.0,0.0,29,0.1726363636363637,1,0,0,0
4792,5.0,5.0,0.0,23,0.17246363636363637,1,0,0,0
4793,5.0,5.0,0.0,36,0.17229090909090905,1,0,0,0
4794,5.0,5.0,0.0,41,0.17211818181818184,1,0,0,0
4795,5.0,5.0,0.0,29,0.1719454545454545,1,0,0,0
4796,5.0,5.0,0.0,25,0.1717727272727273,1,0,0,0
4797,5.0,5.0,0.0,27,0.17160000000000009,1,0,0,0
4798,5.0,5.0,0.0,27,0.17142727272727276,1,0,0,0
4799,5.0,5.0,0.0,31,0.17125454545454555,1,0,0,0
4800,5.0,5.0,0.0,25,0.17108181818181822,1,0,0,0
4801,5.0,5.0,0.0,31,0.170909090909091,1,0,0,0
4802,5.0,5.0,0.0,29,0.17073636363636369,1,0,0,0
4803,5.0,5.0,0.0,29,0.17056363636363636,1,0,0,0
4804,5.0,5.0,0.0,37,0.17039090909090904,1,0,0,0
4805,5.0,5.0,0.0,31,0.17021818181818182,1,0,0,0
4806,5.0,5.0,0.0,29,0.1700454545454546,1,0,0,0
4807,5.0,5.0,0.0,28,0.1698727272727273,1,0,0,0
4808,5.0,5.0,0.0,25,0.16970000000000007,1,0,0,0
4809,5.0,5.0,0.0,30,0.16952727272727275,1,0,0,0
4810,5.0,5.0,0.0,25,0.16935454545454554,1,0,0,0
4811,5.0,5.0,0.0,32,0.1691818181818182,1,0,0,0
4812,5.0,5.0,0.0,40,0.169009090909091,1,0,0,0
4813,5.0,5.0,0.0,30,0.16883636363636367,1,0,0,0
4814,5.0,5.0,0.0,33,0.16866363636363635,1,0,0,0
4815,5.0,5.0,0.0,32,0.16849090909090914,1,0,0,0
4816,5.0,5.0,0.0,23,0.1683181818181818,1,0,0,0
4817,5.0,5.0,0.0,35,0.1681454545454546,1,0,0,0
4818,5.0,5.0,0.0,30,0.16797272727272727,1,0,0,0
4819,5.0,5.0,0.0,30,0.16780000000000006,1,0,0,0
4820,5.0,5.0,0.0,27,0.16762727272727274,1,0,0,0
4821,5.0,5.0,0.0,25,0.16745454545454552,1,0,0,0
4822,5.0,5.0,0.0,26,0.1672818181818182,1,0,0,0
4823,5.0,5.0,0.0,25,0.16710909090909098,1,0,0,0
4824,5.0,5.0,0.0,29,0.16693636363636377,1,0,0,0
4825,5.0,5.0,0.0,25,0.16676363636363634,1,0,0,0
4826,5.0,5.0,0.0,23,0.16659090909090912,1,0,0,0
4827,5.0,5.0,0.0,28,0.1664181818181818,1,0,0,0
4828,5.0,5.0,0.0,25,0.16624545454545459,1,0,0,0
4829,5.0,5.0,0.0,38,0.16607272727272726,1,0,0,0
4830,5.0,5.0,0.0,27,0.16590000000000005,1,0,0,0
4831,5.0,5.0,0.0,33,0.16572727272727272,1,0,0,0
4832,5.0,5.0,0.0,25,0.1655545454545455,1,0,0,0
4833,5.0,5.0,0.0,27,0.1653818181818183,1,0,0,0
4834,5.0,5.0,0.0,27,0.16520909090909097,1,0,0,0
4835,5.0,5.0,0.0,25,0.16503636363636376,1,0,0,0
4836,5.0,5.0,0.0,32,0.16486363636363632,1,0,0,0
4837,5.0,5.0,0.0,27,0.1646909090909091,1,0,0,0
4838,5.0,5.0,0.0,31,0.16451818181818179,1,0,0,0
4839,5.0,5.0,0.0,28,0.16434545454545457,1,0,0,0
4840,5.0,5.0,0.0,28,0.16417272727272725,1,0,0,0
4841,5.0,5.0,0.0,26,0.16400000000000003,1,0,0,0
4842,5.0,5.0,0.0,39,0.16382727272727282,1,0,0,0
4843,5.0,5.0,0.0,25,0.1636545454545455,1,0,0,0
4844,5.0,5.0,0.0,28,0.16348181818181828,1,0,0,0
4845,5.0,5.0,0.0,36,0.16330909090909096,1,0,0,0
4846,5.0,5.0,0.0,32,0.16313636363636375,1,0,0,0
4847,5.0,5.0,0.0,27,0.16296363636363642,1,0,0,0
4848,5.0,5.0,0.0,26,0.1627909090909091,1,0,0,0
4849,5.0,5.0,0.0,29,0.16261818181818177,1,0,0,0
4850,5.0,5.0,0.0,29,0.16244545454545456,1,0,0,0
4851,5.0,5.0,0.0,26,0.16227272727272735,1,0,0,0
4852,5.0,5.0,0.0,27,0.16210000000000002,1,0,0,0
4853,5.0,5.0,0.0,31,0.1619272727272728,1,0,0,0
4854,5.0,5.0,0.0,25,0.16175454545454548,1,0,0,0
4855,5.0,5.0,0.0,27,0.16158181818181827,1,0,0,0
4856,5.0,5.0,0.0,29,0.16140909090909095,1,0,0,0
4857,5.0,5.0,0.0,30,0.16123636363636373,1,0,0,0
4858,5.0,5.0,0.0,25,0.1610636363636364,1,0,0,0
4859,5.0,5.0,0.0,28,0.16089090909090908,1,0,0,0
4860,5.0,5.0,0.0,30,0.16071818181818187,1,0,0,0
4861,5.0,5.0,0.0,27,0.16054545454545455,1,0,0,0
4862,5.0,5.0,0.0,29,0.16037272727272733,1,0,0,0
4863,5.0,5.0,0.0,27,0.1602,1,0,0,0
4864,5.0,5.0,0.0,31,0.1600272727272728,1,0,0,0
4865,5.0,5.0,0.0,33,0.15985454545454547,1,0,0,0
4866,5.0,5.0,0.0,35,0.15968181818181826,1,0,0,0
4867,5.0,5.0,0.0,32,0.15950909090909093,1,0,0,0
4868,5.0,5.0,0.0,27,0.15933636363636372,1,0,0,0
4869,5.0,5.0,0.0,27,0.1591636363636365,1,0,0,0
4870,5.0,5.0,0.0,30,0.15899090909090907,1,0,0,0
4871,5.0,5.0,0.0,28,0.15881818181818186,1,0,0,0
4872,5.0,5.0,0.0,27,0.15864545454545453,1,0,0,0
4873,5.0,5.0,0.0,33,0.15847272727272732,1,0,0,0
4874,5.0,5.0,0.0,27,0.1583,1,0,0,0
4875,5.0,5.0,0.0,27,0.15812727272727278,1,0,0,0
4876,5.0,5.0,0.0,23,0.15795454545454546,1,0,0,0
4877,5.0,5.0,0.0,36,0.15778181818181825,1,0,0,0
4878,5.0,5.0,0.0,30,0.15760909090909103,1,0,0,0
4879,5.0,5.0,0.0,27,0.1574363636363637,1,0,0,0
4880,5.0,5.0,0.0,32,0.1572636363636365,1,0,0,0
4881,5.0,5.0,0.0,33,0.15709090909090906,1,0,0,0
4882,5.0,5.0,0.0,23,0.15691818181818185,1,0,0,0
4883,5.0,5.0,0.0,30,0.15674545454545452,1,0,0,0
4884,5.0,5.0,0.0,33,0.1565727272727273,1,0,0,0
4885,5.0,5.0,0.0,27,0.15639999999999998,1,0,0,0
4886,5.0,5.0,0.0,37,0.15622727272727277,1,0,0,0
4887,5.0,5.0,0.0,37,0.15605454545454556,1,0,0,0
4888,5.0,5.0,0.0,28,0.15588181818181823,1,0,0,0
4889,5.0,5.0,0.0,34,0.15570909090909102,1,0,0,0
4890,5.0,5.0,0.0,33,0.1555363636363637,1,0,0,0
4891,5.0,5.0,0.0,29,0.15536363636363648,1,0,0,0
4892,5.0,5.0,0.0,29,0.15519090909090905,1,0,0,0
4893,5.0,5.0,0.0,31,0.15501818181818183,1,0,0,0
4894,5.0,5.0,0.0,29,0.1548454545454545,1,0,0,0
4895,5.0,5.0,0.0,27,0.1546727272727273,1,0,0,0
4896,5.0,5.0,0.0,29,0.15450000000000008,1,0,0,0
4897,5.0,5.0,0.0,31,0.15432727272727276,1,0,0,0
4898,5.0,5.0,0.0,38,0.15415454545454554,1,0,0,0
4899,5.0,5.0,0.0,29,0.15398181818181822,1,0,0,0
4900,5.0,5.0,0.0,30,0.153809090909091,1,0,0,0
4901,5.0,5.0,0.0,37,0.15363636363636368,1,0,0,0
4902,5.0,5.0,0.0,33,0.15346363636363647,1,0,0,0
4903,5.0,5.0,0.0,31,0.15329090909090903,1,0,0,0
4904,5.0,5.0,0.0,31,0.15311818181818182,1,0,0,0
4905,5.0,5.0,0.0,25,0.1529454545454546,1,0,0,0
4906,5.0,5.0,0.0,27,0.15277272727272728,1,0,0,0
4907,5.0,5.0,0.0,29,0.15260000000000007,1,0,0,0
4908,5.0,5.0,0.0,27,0.15242727272727274,1,0,0,0
4909,5.0,5.0,0.0,34,0.15225454545454553,1,0,0,0
4910,5.0,5.0,0.0,27,0.1520818181818182,1,0,0,0
4911,5.0,5.0,0.0,23,0.151909090909091,1,0,0,0
4912,5.0,5.0,0.0,29,0.15173636363636367,1,0,0,0
4913,5.0,5.0,0.0,31,0.15156363636363646,1,0,0,0
4914,5.0,5.0,0.0,31,0.15139090909090913,1,0,0,0
4915,5.0,5.0,0.0,32,0.1512181818181818,1,0,0,0
4916,5.0,5.0,0.0,29,0.1510454545454546,1,0,0,0
4917,5.0,5.0,0.0,25,0.15087272727272727,1,0,0,0
4918,5.0,5.0,0.0,29,0.15070000000000006,1,0,0,0
4919,5.0,5.0,0.0,24,0.15052727272727273,1,0,0,0
4920,5.0,5.0,0.0,36,0.15035454545454552,1,0,0,0
4921,5.0,5.0,0.0,28,0.1501818181818182,1,0,0,0
4922,5.0,5.0,0.0,29,0.15000909090909098,1,0,0,0
4923,5.0,5.0,0.0,26,0.14983636363636366,1,0,0,0
4924,5.0,5.0,0.0,27,0.14966363636363644,1,0,0,0
4925,5.0,5.0,0.0,25,0.14949090909090923,1,0,0,0
4926,5.0,5.0,0.0,29,0.1493181818181818,1,0,0,0
4927,5.0,5.0,0.0,32,0.14914545454545458,1,0,0,0
4928,5.0,5.0,0.0,34,0.14897272727272726,1,0,0,0
4929,5.0,5.0,0.0,27,0.14880000000000004,1,0,0,0
4930,5.0,5.0,0.0,39,0.14862727272727272,1,0,0,0
4931,5.0,5.0,0.0,25,0.1484545454545455,1,0,0,0
4932,5.0,5.0,0.0,29,0.14828181818181818,1,0,0,0
4933,5.0,5.0,0.0,25,0.14810909090909097,1,0,0,0
4934,5.0,5.0,0.0,41,0.14793636363636375,1,0,0,0
4935,5.0,5.0,0.0,31,0.14776363636363643,1,0,0,0
4936,5.0,5.0,0.0,29,0.14759090909090922,1,0,0,0
4937,5.0,5.0,0.0,23,0.14741818181818178,1,0,0,0
4938,5.0,5.0,0.0,23,0.14724545454545457,1,0,0,0
4939,5.0,5.0,0.0,33,0.14707272727272724,1,0,0,0
4940,5.0,5.0,0.0,24,0.14690000000000003,1,0,0,0
4941,5.0,5.0,0.0,31,0.1467272727272727,1,0,0,0
4942,5.0,5.0,0.0,27,0.1465545454545455,1,0,0,0
4943,5.0,5.0,0.0,25,0.14638181818181828,1,0,0,0
4944,5.0,5.0,0.0,25,0.14620909090909096,1,0,0,0
4945,5.0,5.0,0.0,29,0.14603636363636374,1,0,0,0
4946,5.0,5.0,0.0,23,0.14586363636363642,1,0,0,0
4947,5.0,5.0,0.0,27,0.1456909090909092,1,0,0,0
4948,5.0,5.0,0.0,29,0.14551818181818177,1,0,0,0
4949,5.0,5.0,0.0,23,0.14534545454545456,1,0,0,0
4950,5.0,5.0,0.0,26,0.14517272727272723,1,0,0,0
4951,5.0,5.0,0.0,30,0.14500000000000002,1,0,0,0
4952,5.0,5.0,0.0,30,0.1448272727272728,1,0,0,0
4953,5.0,5.0,0.0,45,0.14465454545454548,1,0,0,0
4954,5.0,5.0,0.0,23,0.14448181818181827,1,0,0,0
4955,5.0,5.0,0.0,27,0.14430909090909094,1,0,0,0
4956,5.0,5.0,0.0,29,0.14413636363636373,1,0,0,0
4957,5.0,5.0,0.0,35,0.1439636363636364,1,0,0,0
4958,5.0,5.0,0.0,30,0.1437909090909092,1,0,0,0
4959,5.0,5.0,0.0,31,0.14361818181818176,1,0,0,0
4960,5.0,5.0,0.0,29,0.14344545454545454,1,0,0,0
4961,5.0,5.0,0.0,29,0.14327272727272733,1,0,0,0
4962,5.0,5.0,0.0,29,0.1431,1,0,0,0
4963,5.0,5.0,0.0,29,0.1429272727272728,1,0,0,0
4964,5.0,5.0,0.0,26,0.14275454545454547,1,0,0,0
4965,5.0,5.0,0.0,32,0.14258181818181825,1,0,0,0
4966,5.0,5.0,0.0,30,0.14240909090909093,1,0,0,0
4967,5.0,5.0,0.0,26,0.14223636363636372,1,0,0,0
4968,5.0,5.0,0.0,28,0.1420636363636364,1,0,0,0
4969,5.0,5.0,0.0,37,0.14189090909090918,1,0,0,0
4970,5.0,5.0,0.0,25,0.14171818181818197,1,0,0,0
4971,5.0,5.0,0.0,25,0.14154545454545453,1,0,0,0
4972,5.0,5.0,0.0,28,0.14137272727272732,1,0,0,0
4973,5.0,5.0,0.0,31,0.1412,1,0,0,0
4974,5.0,5.0,0.0,27,0.14102727272727278,1,0,0,0
4975,5.0,5.0,0.0,29,0.14085454545454545,1,0,0,0
4976,5.0,5.0,0.0,35,0.14068181818181824,1,0,0,0
4977,5.0,5.0,0.0,33,0.14050909090909092,1,0,0,0
4978,5.0,5.0,0.0,27,0.1403363636363637,1,0,0,0
4979,5.0,5.0,0.0,25,0.1401636363636365,1,0,0,0
4980,5.0,5.0,0.0,30,0.13999090909090917,1,0,0,0
4981,5.0,5.0,0.0,30,0.13981818181818195,1,0,0,0
4982,5.0,5.0,0.0,28,0.13964545454545452,1,0,0,0
4983,5.0,5.0,0.0,27,0.1394727272727273,1,0,0,0
4984,5.0,5.0,0.0,27,0.13929999999999998,1,0,0,0
4985,5.0,5.0,0.0,27,0.13912727272727277,1,0,0,0
4986,5.0,5.0,0.0,27,0.13895454545454544,1,0,0,0
4987,5.0,5.0,0.0,29,0.13878181818181823,1,0,0,0
4988,5.0,5.0,0.0,35,0.13860909090909102,1,0,0,0
4989,5.0,5.0,0.0,25,0.1384363636363637,1,0,0,0
4990,5.0,5.0,0.0,25,0.13826363636363648,1,0,0,0
4991,5.0,5.0,0.0,31,0.13809090909090915,1,0,0,0
4992,5.0,5.0,0.0,24,0.13791818181818194,1,0,0,0
4993,5.0,5.0,0.0,30,0.1377454545454545,1,0,0,0
4994,5.0,5.0,0.0,28,0.1375727272727273,1,0,0,0
4995,5.0,5.0,0.0,23,0.13739999999999997,1,0,0,0
4996,5.0,5.0,0.0,27,0.13722727272727275,1,0,0,0
4997,5.0,5.0,0.0,28,0.13705454545454554,1,0,0,0
4998,5.0,5.0,0.0,29,0.13688181818181822,1,0,0,0
4999,5.0,5.0,0.0,26,0.136709090909091,1,0,0,0
5000,5.0,5.0,0.0,25,0.13653636363636368,1,0,0,0
5001,5.0,5.0,0.0,23,0.13636363636363646,1,0,0,0
5002,5.0,5.0,0.0,29,0.13619090909090914,1,0,0,0
5003,5.0,5.0,0.0,27,0.13601818181818193,1,0,0,0
5004,5.0,5.0,0.0,23,0.1358454545454545,1,0,0,0
5005,5.0,5.0,0.0,25,0.13567272727272728,1,0,0,0
5006,5.0,5.0,0.0,27,0.13550000000000006,1,0,0,0
5007,5.0,5.0,0.0,37,0.13532727272727274,1,0,0,0
5008,5.0,5.0,0.0,31,0.13515454545454553,1,0,0,0
5009,5.0,5.0,0.0,29,0.1349818181818182,1,0,0,0
5010,5.0,5.0,0.0,23,0.134809090909091,1,0,0,0
5011,5.0,5.0,0.0,29,0.13463636363636367,1,0,0,0
5012,5.0,5.0,0.0,25,0.13446363636363645,1,0,0,0
5013,5.0,5.0,0.0,23,0.13429090909090913,1,0,0,0
5014,5.0,5.0,0.0,28,0.13411818181818191,1,0,0,0
5015,5.0,5.0,0.0,27,0.1339454545454546,1,0,0,0
5016,5.0,5.0,0.0,30,0.13377272727272727,1,0,0,0
5017,5.0,5.0,0.0,31,0.13360000000000005,1,0,0,0
5018,5.0,5.0,0.0,23,0.13342727272727273,1,0,0,0
5019,5.0,5.0,0.0,25,0.13325454545454551,1,0,0,0
5020,5.0,5.0,0.0,27,0.1330818181818182,1,0,0,0
5021,5.0,5.0,0.0,27,0.13290909090909098,1,0,0,0
5022,5.0,5.0,0.0,31,0.13273636363636365,1,0,0,0
5023,5.0,5.0,0.0,35,0.13256363636363644,1,0,0,0
5024,5.0,5.0,0.0,39,0.13239090909090911,1,0,0,0
5025,5.0,5.0,0.0,33,0.1322181818181819,1,0,0,0
5026,5.0,5.0,0.0,25,0.13204545454545458,1,0,0,0
5027,5.0,5.0,0.0,25,0.13187272727272725,1,0,0,0
5028,5.0,5.0,0.0,25,0.13170000000000004,1,0,0,0
5029,5.0,5.0,0.0,33,0.13152727272727271,1,0,0,0
5030,5.0,5.0,0.0,25,0.1313545454545455,1,0,0,0
5031,5.0,5.0,0.0,23,0.13118181818181818,1,0,0,0
5032,5.0,5.0,0.0,33,0.13100909090909096,1,0,0,0
5033,5.0,5.0,0.0,25,0.13083636363636364,1,0,0,0
5034,5.0,5.0,0.0,25,0.13066363636363643,1,0,0,0
5035,5.0,5.0,0.0,34,0.1304909090909092,1,0,0,0
5036,5.0,5.0,0.0,25,0.1303181818181819,1,0,0,0
5037,5.0,5.0,0.0,27,0.13014545454545468,1,0,0,0
5038,5.0,5.0,0.0,25,0.12997272727272724,1,0,0,0
5039,5.0,5.0,0.0,27,0.12980000000000003,1,0,0,0
5040,5.0,5.0,0.0,25,0.1296272727272727,1,0,0,0
5041,5.0,5.0,0.0,25,0.1294545454545455,1,0,0,0
5042,5.0,5.0,0.0,25,0.12928181818181816,1,0,0,0
5043,5.0,5.0,0.0,29,0.12910909090909095,1,0,0,0
5044,5.0,5.0,0.0,27,0.12893636363636374,1,0,0,0
5045,5.0,5.0,0.0,25,0.1287636363636364,1,0,0,0
5046,5.0,5.0,0.0,23,0.1285909090909092,1,0,0,0
5047,5.0,5.0,0.0,25,0.12841818181818188,1,0,0,0
5048,5.0,5.0,0.0,23,0.12824545454545466,1,0,0,0
5049,5.0,5.0,0.0,27,0.12807272727272723,1,0,0,0
5050,5.0,5.0,0.0,33,0.1279,1,0,0,0
5051,5.0,5.0,0.0,23,0.1277272727272727,1,0,0,0
5052,5.0,5.0,0.0,25,0.12755454545454548,1,0,0,0
5053,5.0,5.0,0.0,35,0.12738181818181826,1,0,0,0
5054,5.0,5.0,0.0,23,0.12720909090909094,1,0,0,0
5055,5.0,5.0,0.0,25,0.12703636363636372,1,0,0,0
5056,5.0,5.0,0.0,31,0.1268636363636364,1,0,0,0
5057,5.0,5.0,0.0,32,0.1266909090909092,1,0,0,0
5058,5.0,5.0,0.0,27,0.12651818181818186,1,0,0,0
5059,5.0,5.0,0.0,29,0.12634545454545465,1,0,0,0
5060,5.0,5.0,0.0,25,0.12617272727272721,1,0,0,0
5061,5.0,5.0,0.0,35,0.126,1,0,0,0
5062,5.0,5.0,0.0,29,0.1258272727272728,1,0,0,0
5063,5.0,5.0,0.0,27,0.12565454545454546,1,0,0,0
5064,5.0,5.0,0.0,27,0.12548181818181825,1,0,0,0
5065,5.0,5.0,0.0,32,0.12530909090909093,1,0,0,0
5066,5.0,5.0,0.0,27,0.1251363636363637,1,0,0,0
5067,5.0,5.0,0.0,27,0.12496363636363639,1,0,0,0
5068,5.0,5.0,0.0,27,0.12479090909090917,1,0,0,0
5069,5.0,5.0,0.0,32,0.12461818181818185,1,0,0,0
5070,5.0,5.0,0.0,25,0.12444545454545464,1,0,0,0
5071,5.0,5.0,0.0,31,0.12427272727272731,1,0,0,0
5072,5.0,5.0,0.0,23,0.12409999999999999,1,0,0,0
5073,5.0,5.0,0.0,23,0.12392727272727277,1,0,0,0
5074,5.0,5.0,0.0,25,0.12375454545454545,1,0,0,0
5075,5.0,5.0,0.0,27,0.12358181818181824,1,0,0,0
5076,5.0,5.0,0.0,27,0.12340909090909091,1,0,0,0
5077,5.0,5.0,0.0,24,0.1232363636363637,1,0,0,0
5078,5.0,5.0,0.0,24,0.12306363636363638,1,0,0,0
5079,5.0,5.0,0.0,25,0.12289090909090916,1,0,0,0
5080,5.0,5.0,0.0,29,0.12271818181818195,1,0,0,0
5081,5.0,5.0,0.0,25,0.12254545454545462,1,0,0,0
5082,5.0,5.0,0.0,26,0.1223727272727273,1,0,0,0
5083,5.0,5.0,0.0,24,0.12219999999999998,1,0,0,0
5084,5.0,5.0,0.0,23,0.12202727272727276,1,0,0,0
5085,5.0,5.0,0.0,23,0.12185454545454544,1,0,0,0
5086,5.0,5.0,0.0,27,0.12168181818181822,1,0,0,0
5087,5.0,5.0,0.0,28,0.1215090909090909,1,0,0,0
5088,5.0,5.0,0.0,25,0.12133636363636369,1,0,0,0
5089,5.0,5.0,0.0,33,0.12116363636363647,1,0,0,0
5090,5.0,5.0,0.0,27,0.12099090909090915,1,0,0,0
5091,5.0,5.0,0.0,26,0.12081818181818194,1,0,0,0
5092,5.0,5.0,0.0,25,0.12064545454545461,1,0,0,0
5093,5.0,5.0,0.0,32,0.12047272727272729,1,0,0,0
5094,5.0,5.0,0.0,23,0.12029999999999996,1,0,0,0
5095,5.0,5.0,0.0,26,0.12012727272727275,1,0,0,0
5096,5.0,5.0,0.0,27,0.11995454545454542,1,0,0,0
5097,5.0,5.0,0.0,26,0.11978181818181821,1,0,0,0
5098,5.0,5.0,0.0,29,0.119609090909091,1,0,0,0
5099,5.0,5.0,0.0,27,0.11943636363636367,1,0,0,0
5100,5.0,5.0,0.0,27,0.11926363636363646,1,0,0,0
5101,5.0,5.0,0.0,26,0.11909090909090914,1,0,0,0
5102,5.0,5.0,0.0,37,0.11891818181818192,1,0,0,0
5103,5.0,5.0,0.0,25,0.1187454545454546,1,0,0,0
5104,5.0,5.0,0.0,25,0.11857272727272739,1,0,0,0
5105,5.0,5.0,0.0,37,0.11839999999999995,1,0,0,0
5106,5.0,5.0,0.0,29,0.11822727272727274,1,0,0,0
5107,5.0,5.0,0.0,26,0.11805454545454552,1,0,0,0
5108,5.0,5.0,0.0,29,0.1178818181818182,1,0,0,0
5109,5.0,5.0,0.0,29,0.11770909090909099,1,0,0,0
5110,5.0,5.0,0.0,25,0.11753636363636366,1,0,0,0
5111,5.0,5.0,0.0,23,0.11736363636363645,1,0,0,0
5112,5.0,5.0,0.0,35,0.11719090909090912,1,0,0,0
5113,5.0,5.0,0.0,29,0.11701818181818191,1,0,0,0
5114,5.0,5.0,0.0,27,0.11684545454545459,1,0,0,0
5115,5.0,5.0,0.0,24,0.11667272727272737,1,0,0,0
5116,5.0,5.0,0.0,29,0.11650000000000005,1,0,0,0
5117,5.0,5.0,0.0,31,0.11632727272727272,1,0,0,0
5118,5.0,5.0,0.0,23,0.11615454545454551,1,0,0,0
5119,5.0,5.0,0.0,25,0.11598181818181819,1,0,0,0
5120,5.0,5.0,0.0,25,0.11580909090909097,1,0,0,0
5121,5.0,5.0,0.0,23,0.11563636363636365,1,0,0,0
5122,5.0,5.0,0.0,29,0.11546363636363643,1,0,0,0
5123,5.0,5.0,0.0,31,0.11529090909090911,1,0,0,0
5124,5.0,5.0,0.0,27,0.1151181818181819,1,0,0,0
5125,5.0,5.0,0.0,25,0.11494545454545457,1,0,0,0
5126,5.0,5.0,0.0,25,0.11477272727272736,1,0,0,0
5127,5.0,5.0,0.0,29,0.11460000000000004,1,0,0,0
5128,5.0,5.0,0.0,31,0.11442727272727271,1,0,0,0
5129,5.0,5.0,0.0,31,0.1142545454545455,1,0,0,0
5130,5.0,5.0,0.0,31,0.11408181818181817,1,0,0,0
5131,5.0,5.0,0.0,27,0.11390909090909096,1,0,0,0
5132,5.0,5.0,0.0,31,0.11373636363636364,1,0,0,0
5133,5.0,5.0,0.0,23,0.11356363636363642,1,0,0,0
5134,5.0,5.0,0.0,27,0.1133909090909091,1,0,0,0
5135,5.0,5.0,0.0,23,0.11321818181818188,1,0,0,0
5136,5.0,5.0,0.0,23,0.11304545454545467,1,0,0,0
5137,5.0,5.0,0.0,25,0.11287272727272735,1,0,0,0
5138,5.0,5.0,0.0,31,0.11270000000000002,1,0,0,0
5139,5.0,5.0,0.0,23,0.1125272727272727,1,0,0,0
5140,5.0,5.0,0.0,29,0.11235454545454548,1,0,0,0
5141,5.0,5.0,0.0,27,0.11218181818181816,1,0,0,0
5142,5.0,5.0,0.0,27,0.11200909090909095,1,0,0,0
5143,5.0,5.0,0.0,26,0.11183636363636362,1,0,0,0
5144,5.0,5.0,0.0,24,0.11166363636363641,1,0,0,0
5145,5.0,5.0,0.0,25,0.1114909090909092,1,0,0,0
5146,5.0,5.0,0.0,25,0.11131818181818187,1,0,0,0
5147,5.0,5.0,0.0,31,0.11114545454545466,1,0,0,0
5148,5.0,5.0,0.0,25,0.11097272727272733,1,0,0,0
5149,5.0,5.0,0.0,25,0.11080000000000001,1,0,0,0
5150,5.0,5.0,0.0,25,0.11062727272727269,1,0,0,0
5151,5.0,5.0,0.0,25,0.11045454545454547,1,0,0,0
5152,5.0,5.0,0.0,23,0.11028181818181815,1,0,0,0
5153,5.0,5.0,0.0,29,0.11010909090909093,1,0,0,0
5154,5.0,5.0,0.0,27,0.10993636363636372,1,0,0,0
5155,5.0,5.0,0.0,31,0.1097636363636364,1,0,0,0
5156,5.0,5.0,0.0,25,0.10959090909090918,1,0,0,0
5157,5.0,5.0,0.0,25,0.10941818181818186,1,0,0,0
5158,5.0,5.0,0.0,37,0.10924545454545465,1,0,0,0
5159,5.0,5.0,0.0,26,0.10907272727272732,1,0,0,0
5160,5.0,5.0,0.0,25,0.10890000000000011,1,0,0,0
5161,5.0,5.0,0.0,25,0.10872727272727267,1,0,0,0
5162,5.0,5.0,0.0,27,0.10855454545454546,1,0,0,0
5163,5.0,5.0,0.0,25,0.10838181818181825,1,0,0,0
5164,5.0,5.0,0.0,23,0.10820909090909092,1,0,0,0
5165,5.0,5.0,0.0,27,0.10803636363636371,1,0,0,0
5166,5.0,5.0,0.0,27,0.10786363636363638,1,0,0,0
5167,5.0,5.0,0.0,25,0.10769090909090917,1,0,0,0
5168,5.0,5.0,0.0,31,0.10751818181818185,1,0,0,0
5169,5.0,5.0,0.0,28,0.10734545454545463,1,0,0,0
5170,5.0,5.0,0.0,31,0.10717272727272731,1,0,0,0
5171,5.0,5.0,0.0,25,0.1070000000000001,1,0,0,0
5172,5.0,5.0,0.0,35,0.10682727272727277,1,0,0,0
5173,5.0,5.0,0.0,27,0.10665454545454545,1,0,0,0
5174,5.0,5.0,0.0,27,0.10648181818181823,1,0,0,0
5175,5.0,5.0,0.0,24,0.10630909090909091,1,0,0,0
5176,5.0,5.0,0.0,33,0.1061363636363637,1,0,0,0
5177,5.0,5.0,0.0,33,0.10596363636363637,1,0,0,0
5178,5.0,5.0,0.0,23,0.10579090909090916,1,0,0,0
5179,5.0,5.0,0.0,23,0.10561818181818183,1,0,0,0
5180,5.0,5.0,0.0,33,0.10544545454545462,1,0,0,0
5181,5.0,5.0,0.0,26,0.1052727272727274,1,0,0,0
5182,5.0,5.0,0.0,27,0.10510000000000008,1,0,0,0
5183,5.0,5.0,0.0,29,0.10492727272727276,1,0,0,0
5184,5.0,5.0,0.0,29,0.10475454545454543,1,0,0,0
5185,5.0,5.0,0.0,25,0.10458181818181822,1,0,0,0
5186,5.0,5.0,0.0,23,0.1044090909090909,1,0,0,0
5187,5.0,5.0,0.0,26,0.10423636363636368,1,0,0,0
5188,5.0,5.0,0.0,27,0.10406363636363636,1,0,0,0
5189,5.0,5.0,0.0,30,0.10389090909090914,1,0,0,0
5190,5.0,5.0,0.0,26,0.10371818181818193,1,0,0,0
5191,5.0,5.0,0.0,25,0.10354545454545461,1,0,0,0
5192,5.0,5.0,0.0,31,0.1033727272727274,1,0,0,0
5193,5.0,5.0,0.0,35,0.10320000000000007,1,0,0,0
5194,5.0,5.0,0.0,27,0.10302727272727275,1,0,0,0
5195,5.0,5.0,0.0,33,0.10285454545454542,1,0,0,0
5196,5.0,5.0,0.0,29,0.10268181818181821,1,0,0,0
5197,5.0,5.0,0.0,32,0.10250909090909088,1,0,0,0
5198,5.0,5.0,0.0,34,0.10233636363636367,1,0,0,0
5199,5.0,5.0,0.0,27,0.10216363636363646,1,0,0,0
5200,5.0,5.0,0.0,25,0.10199090909090913,1,0,0,0
5201,5.0,5.0,0.0,33,0.10181818181818192,1,0,0,0
5202,5.0,5.0,0.0,31,0.1016454545454546,1,0,0,0
5203,5.0,5.0,0.0,29,0.10147272727272738,1,0,0,0
5204,5.0,5.0,0.0,27,0.10130000000000006,1,0,0,0
5205,5.0,5.0,0.0,25,0.10112727272727273,1,0,0,0
5206,5.0,5.0,0.0,27,0.10095454545454541,1,0,0,0
5207,5.0,5.0,0.0,29,0.1007818181818182,1,0,0,0
5208,5.0,5.0,0.0,30,0.10060909090909098,1,0,0,0
5209,5.0,5.0,0.0,30,0.10043636363636366,1,0,0,0
5210,5.0,5.0,0.0,31,0.10026363636363644,1,0,0,0
5211,5.0,5.0,0.0,30,0.10009090909090912,1,0,0,0
5212,5.0,5.0,0.0,31,0.0999181818181819,1,0,0,0
5213,5.0,5.0,0.0,31,0.09974545454545458,1,0,0,0
5214,5.0,5.0,0.0,27,0.09957272727272737,1,0,0,0
5215,5.0,5.0,0.0,27,0.09940000000000004,1,0,0,0
5216,5.0,5.0,0.0,29,0.09922727272727272,1,0,0,0
5217,5.0,5.0,0.0,33,0.0990545454545455,1,0,0,0
5218,5.0,5.0,0.0,35,0.09888181818181818,1,0,0,0
5219,5.0,5.0,0.0,29,0.09870909090909097,1,0,0,0
5220,5.0,5.0,0.0,29,0.09853636363636364,1,0,0,0
5221,5.0,5.0,0.0,27,0.09836363636363643,1,0,0,0
5222,5.0,5.0,0.0,27,0.0981909090909091,1,0,0,0
5223,5.0,5.0,0.0,27,0.0980181818181819,1,0,0,0
5224,5.0,5.0,0.0,29,0.09784545454545457,1,0,0,0
5225,5.0,5.0,0.0,32,0.09767272727272736,1,0,0,0
5226,5.0,5.0,0.0,29,0.09750000000000003,1,0,0,0
5227,5.0,5.0,0.0,28,0.09732727272727282,1,0,0,0
5228,5.0,5.0,0.0,28,0.0971545454545455,1,0,0,0
5229,5.0,5.0,0.0,25,0.09698181818181817,1,0,0,0
5230,5.0,5.0,0.0,27,0.09680909090909096,1,0,0,0
5231,5.0,5.0,0.0,23,0.09663636363636363,1,0,0,0
5232,5.0,5.0,0.0,25,0.09646363636363642,1,0,0,0
5233,5.0,5.0,0.0,27,0.0962909090909091,1,0,0,0
5234,5.0,5.0,0.0,24,0.09611818181818188,1,0,0,0
5235,5.0,5.0,0.0,23,0.09594545454545456,1,0,0,0
5236,5.0,5.0,0.0,27,0.09577272727272734,1,0,0,0
5237,5.0,5.0,0.0,26,0.09560000000000013,1,0,0,0
5238,5.0,5.0,0.0,23,0.0954272727272728,1,0,0,0
5239,5.0,5.0,0.0,23,0.09525454545454548,1,0,0,0
5240,5.0,5.0,0.0,26,0.09508181818181816,1,0,0,0
5241,5.0,5.0,0.0,28,0.09490909090909094,1,0,0,0
5242,5.0,5.0,0.0,25,0.09473636363636362,1,0,0,0
5243,5.0,5.0,0.0,24,0.0945636363636364,1,0,0,0
5244,5.0,5.0,0.0,23,0.09439090909090908,1,0,0,0
5245,5.0,5.0,0.0,25,0.09421818181818187,1,0,0,0
5246,5.0,5.0,0.0,29,0.09404545454545465,1,0,0,0
5247,5.0,5.0,0.0,23,0.09387272727272733,1,0,0,0
5248,5.0,5.0,0.0,25,0.09370000000000012,1,0,0,0
5249,5.0,5.0,0.0,27,0.09352727272727279,1,0,0,0
5250,5.0,5.0,0.0,23,0.09335454545454547,1,0,0,0
5251,5.0,5.0,0.0,27,0.09318181818181814,1,0,0,0
5252,5.0,5.0,0.0,33,0.09300909090909093,1,0,0,0
5253,5.0,5.0,0.0,23,0.0928363636363636,1,0,0,0
5254,5.0,5.0,0.0,29,0.09266363636363639,1,0,0,0
5255,5.0,5.0,0.0,34,0.09249090909090918,1,0,0,0
5256,5.0,5.0,0.0,23,0.09231818181818185,1,0,0,0
5257,5.0,5.0,0.0,30,0.09214545454545464,1,0,0,0
5258,5.0,5.0,0.0,29,0.09197272727272732,1,0,0,0
5259,5.0,5.0,0.0,23,0.0918000000000001,1,0,0,0
5260,5.0,5.0,0.0,23,0.09162727272727278,1,0,0,0
5261,5.0,5.0,0.0,25,0.09145454545454546,1,0,0,0
5262,5.0,5.0,0.0,24,0.09128181818181813,1,0,0,0
5263,5.0,5.0,0.0,25,0.09110909090909092,1,0,0,0
5264,5.0,5.0,0.0,26,0.0909363636363637,1,0,0,0
5265,5.0,5.0,0.0,27,0.09076363636363638,1,0,0,0
5266,5.0,5.0,0.0,26,0.09059090909090917,1,0,0,0
5267,5.0,5.0,0.0,29,0.09041818181818184,1,0,0,0
5268,5.0,5.0,0.0,29,0.09024545454545463,1,0,0,0
5269,5.0,5.0,0.0,26,0.0900727272727273,1,0,0,0
5270,5.0,5.0,0.0,23,0.08990000000000009,1,0,0,0
5271,5.0,5.0,0.0,23,0.08972727272727277,1,0,0,0
5272,5.0,5.0,0.0,23,0.08955454545454544,1,0,0,0
5273,5.0,5.0,0.0,25,0.08938181818181823,1,0,0,0
5274,5.0,5.0,0.0,25,0.0892090909090909,1,0,0,0
5275,5.0,5.0,0.0,25,0.08903636363636369,1,0,0,0
5276,5.0,5.0,0.0,25,0.08886363636363637,1,0,0,0
5277,5.0,5.0,0.0,25,0.08869090909090915,1,0,0,0
5278,5.0,5.0,0.0,25,0.08851818181818183,1,0,0,0
5279,5.0,5.0,0.0,29,0.08834545454545462,1,0,0,0
5280,5.0,5.0,0.0,27,0.08817272727272729,1,0,0,0
5281,5.0,5.0,0.0,27,0.08800000000000008,1,0,0,0
5282,5.0,5.0,0.0,35,0.08782727272727286,1,0,0,0
5283,5.0,5.0,0.0,25,0.08765454545454554,1,0,0,0
5284,5.0,5.0,0.0,25,0.08748181818181822,1,0,0,0
5285,5.0,5.0,0.0,25,0.08730909090909089,1,0,0,0
5286,5.0,5.0,0.0,31,0.08713636363636368,1,0,0,0
5287,5.0,5.0,0.0,27,0.08696363636363635,1,0,0,0
5288,5.0,5.0,0.0,24,0.08679090909090914,1,0,0,0
5289,5.0,5.0,0.0,23,0.08661818181818182,1,0,0,0
5290,5.0,5.0,0.0,25,0.0864454545454546,1,0,0,0
5291,5.0,5.0,0.0,23,0.08627272727272739,1,0,0,0
5292,5.0,5.0,0.0,29,0.08610000000000007,1,0,0,0
5293,5.0,5.0,0.0,25,0.08592727272727285,1,0,0,0
5294,5.0,5.0,0.0,25,0.08575454545454553,1,0,0,0
5295,5.0,5.0,0.0,24,0.0855818181818182,1,0,0,0
5296,5.0,5.0,0.0,29,0.08540909090909088,1,0,0,0
5297,5.0,5.0,0.0,27,0.08523636363636367,1,0,0,0
5298,5.0,5.0,0.0,28,0.08506363636363634,1,0,0,0
5299,5.0,5.0,0.0,31,0.08489090909090913,1,0,0,0
5300,5.0,5.0,0.0,27,0.08471818181818191,1,0,0,0
5301,5.0,5.0,0.0,23,0.08454545454545459,1,0,0,0
5302,5.0,5.0,0.0,23,0.08437272727272738,1,0,0,0
5303,5.0,5.0,0.0,25,0.08420000000000005,1,0,0,0
5304,5.0,5.0,0.0,23,0.08402727272727284,1,0,0,0
5305,5.0,5.0,0.0,27,0.08385454545454551,1,0,0,0
5306,5.0,5.0,0.0,25,0.08368181818181819,1,0,0,0
5307,5.0,5.0,0.0,27,0.08350909090909087,1,0,0,0
5308,5.0,5.0,0.0,29,0.08333636363636365,1,0,0,0
5309,5.0,5.0,0.0,27,0.08316363636363644,1,0,0,0
5310,5.0,5.0,0.0,23,0.08299090909090912,1,0,0,0
5311,5.0,5.0,0.0,25,0.0828181818181819,1,0,0,0
5312,5.0,5.0,0.0,29,0.08264545454545458,1,0,0,0
5313,5.0,5.0,0.0,23,0.08247272727272736,1,0,0,0
5314,5.0,5.0,0.0,31,0.08230000000000004,1,0,0,0
5315,5.0,5.0,0.0,23,0.08212727272727283,1,0,0,0
5316,5.0,5.0,0.0,27,0.0819545454545455,1,0,0,0
5317,5.0,5.0,0.0,33,0.08178181818181818,1,0,0,0
5318,5.0,5.0,0.0,25,0.08160909090909096,1,0,0,0
5319,5.0,5.0,0.0,27,0.08143636363636364,1,0,0,0
5320,5.0,5.0,0.0,27,0.08126363636363643,1,0,0,0
5321,5.0,5.0,0.0,26,0.0810909090909091,1,0,0,0
5322,5.0,5.0,0.0,25,0.08091818181818189,1,0,0,0
5323,5.0,5.0,0.0,27,0.08074545454545456,1,0,0,0
5324,5.0,5.0,0.0,32,0.08057272727272735,1,0,0,0
5325,5.0,5.0,0.0,23,0.08040000000000003,1,0,0,0
5326,5.0,5.0,0.0,25,0.08022727272727281,1,0,0,0
5327,5.0,5.0,0.0,27,0.08005454545454549,1,0,0,0
5328,5.0,5.0,0.0,26,0.07988181818181816,1,0,0,0
5329,5.0,5.0,0.0,27,0.07970909090909095,1,0,0,0
5330,5.0,5.0,0.0,25,0.07953636363636363,1,0,0,0
5331,5.0,5.0,0.0,23,0.07936363636363641,1,0,0,0
5332,5.0,5.0,0.0,25,0.07919090909090909,1,0,0,0
5333,5.0,5.0,0.0,25,0.07901818181818188,1,0,0,0
5334,5.0,5.0,0.0,25,0.07884545454545455,1,0,0,0
5335,5.0,5.0,0.0,25,0.07867272727272734,1,0,0,0
5336,5.0,5.0,0.0,25,0.07850000000000001,1,0,0,0
5337,5.0,5.0,0.0,25,0.0783272727272728,1,0,0,0
5338,5.0,5.0,0.0,25,0.07815454545454559,1,0,0,0
5339,5.0,5.0,0.0,23,0.07798181818181815,1,0,0,0
5340,5.0,5.0,0.0,31,0.07780909090909094,1,0,0,0
5341,5.0,5.0,0.0,23,0.07763636363636361,1,0,0,0
5342,5.0,5.0,0.0,28,0.0774636363636364,1,0,0,0
5343,5.0,5.0,0.0,23,0.07729090909090908,1,0,0,0
5344,5.0,5.0,0.0,25,0.07711818181818186,1,0,0,0
5345,5.0,5.0,0.0,23,0.07694545454545454,1,0,0,0
5346,5.0,5.0,0.0,23,0.07677272727272733,1,0,0,0
5347,5.0,5.0,0.0,25,0.07660000000000011,1,0,0,0
5348,5.0,5.0,0.0,30,0.07642727272727279,1,0,0,0
5349,5.0,5.0,0.0,23,0.07625454545454557,1,0,0,0
5350,5.0,5.0,0.0,23,0.07608181818181825,1,0,0,0
5351,5.0,5.0,0.0,23,0.07590909090909093,1,0,0,0
5352,5.0,5.0,0.0,25,0.0757363636363636,1,0,0,0
5353,5.0,5.0,0.0,23,0.07556363636363639,1,0,0,0
5354,5.0,5.0,0.0,23,0.07539090909090906,1,0,0,0
5355,5.0,5.0,0.0,23,0.07521818181818185,1,0,0,0
5356,5.0,5.0,0.0,31,0.07504545454545464,1,0,0,0
5357,5.0,5.0,0.0,29,0.07487272727272731,1,0,0,0
5358,5.0,5.0,0.0,23,0.0747000000000001,1,0,0,0
5359,5.0,5.0,0.0,25,0.07452727272727278,1,0,0,0
5360,5.0,5.0,0.0,28,0.07435454545454556,1,0,0,0
5361,5.0,5.0,0.0,27,0.07418181818181824,1,0,0,0
5362,5.0,5.0,0.0,23,0.07400909090909091,1,0,0,0
5363,5.0,5.0,0.0,25,0.07383636363636359,1,0,0,0
5364,5.0,5.0,0.0,23,0.07366363636363638,1,0,0,0
5365,5.0,5.0,0.0,25,0.07349090909090916,1,0,0,0
5366,5.0,5.0,0.0,25,0.07331818181818184,1,0,0,0
5367,5.0,5.0,0.0,25,0.07314545454545462,1,0,0,0
5368,5.0,5.0,0.0,25,0.0729727272727273,1,0,0,0
5369,5.0,5.0,0.0,23,0.07280000000000009,1,0,0,0
5370,5.0,5.0,0.0,25,0.07262727272727276,1,0,0,0
5371,5.0,5.0,0.0,25,0.07245454545454555,1,0,0,0
5372,5.0,5.0,0.0,27,0.07228181818181822,1,0,0,0
5373,5.0,5.0,0.0,25,0.0721090909090909,1,0,0,0
5374,5.0,5.0,0.0,24,0.07193636363636369,1,0,0,0
5375,5.0,5.0,0.0,23,0.07176363636363636,1,0,0,0
5376,5.0,5.0,0.0,23,0.07159090909090915,1,0,0,0
5377,5.0,5.0,0.0,25,0.07141818181818183,1,0,0,0
5378,5.0,5.0,0.0,25,0.07124545454545461,1,0,0,0
5379,5.0,5.0,0.0,25,0.07107272727272729,1,0,0,0
5380,5.0,5.0,0.0,25,0.07090000000000007,1,0,0,0
5381,5.0,5.0,0.0,23,0.07072727272727275,1,0,0,0
5382,5.0,5.0,0.0,23,0.07055454545454554,1,0,0,0
5383,5.0,5.0,0.0,25,0.07038181818181832,1,0,0,0
5384,5.0,5.0,0.0,29,0.07020909090909089,1,0,0,0
5385,5.0,5.0,0.0,24,0.07003636363636367,1,0,0,0
5386,5.0,5.0,0.0,27,0.06986363636363635,1,0,0,0
5387,5.0,5.0,0.0,25,0.06969090909090914,1,0,0,0
5388,5.0,5.0,0.0,23,0.06951818181818181,1,0,0,0
5389,5.0,5.0,0.0,23,0.0693454545454546,1,0,0,0
5390,5.0,5.0,0.0,28,0.06917272727272727,1,0,0,0
5391,5.0,5.0,0.0,25,0.06900000000000006,1,0,0,0
5392,5.0,5.0,0.0,28,0.06882727272727285,1,0,0,0
5393,5.0,5.0,0.0,27,0.06865454545454552,1,0,0,0
5394,5.0,5.0,0.0,23,0.06848181818181831,1,0,0,0
5395,5.0,5.0,0.0,23,0.06830909090909087,1,0,0,0
5396,5.0,5.0,0.0,23,0.06813636363636366,1,0,0,0
5397,5.0,5.0,0.0,25,0.06796363636363634,1,0,0,0
5398,5.0,5.0,0.0,25,0.06779090909090912,1,0,0,0
5399,5.0,5.0,0.0,23,0.0676181818181818,1,0,0,0
5400,5.0,5.0,0.0,25,0.06744545454545459,1,0,0,0
5401,5.0,5.0,0.0,25,0.06727272727272737,1,0,0,0
5402,5.0,5.0,0.0,23,0.06710000000000005,1,0,0,0
5403,5.0,5.0,0.0,27,0.06692727272727284,1,0,0,0
5404,5.0,5.0,0.0,23,0.06675454545454551,1,0,0,0
5405,5.0,5.0,0.0,25,0.0665818181818183,1,0,0,0
5406,5.0,5.0,0.0,23,0.06640909090909086,1,0,0,0
5407,5.0,5.0,0.0,23,0.06623636363636365,1,0,0,0
5408,5.0,5.0,0.0,27,0.06606363636363632,1,0,0,0
5409,5.0,5.0,0.0,23,0.06589090909090911,1,0,0,0
5410,5.0,5.0,0.0,27,0.0657181818181819,1,0,0,0
5411,5.0,5.0,0.0,23,0.06554545454545457,1,0,0,0
5412,5.0,5.0,0.0,23,0.06537272727272736,1,0,0,0
5413,5.0,5.0,0.0,25,0.06520000000000004,1,0,0,0
5414,5.0,5.0,0.0,23,0.06502727272727282,1,0,0,0
5415,5.0,5.0,0.0,25,0.0648545454545455,1,0,0,0
5416,5.0,5.0,0.0,31,0.06468181818181828,1,0,0,0
5417,5.0,5.0,0.0,23,0.06450909090909096,1,0,0,0
5418,5.0,5.0,0.0,26,0.06433636363636364,1,0,0,0
5419,5.0,5.0,0.0,25,0.06416363636363642,1,0,0,0
5420,5.0,5.0,0.0,23,0.0639909090909091,1,0,0,0
5421,5.0,5.0,0.0,25,0.06381818181818188,1,0,0,0
5422,5.0,5.0,0.0,23,0.06364545454545456,1,0,0,0
5423,5.0,5.0,0.0,23,0.06347272727272735,1,0,0,0
5424,5.0,5.0,0.0,23,0.06330000000000002,1,0,0,0
5425,5.0,5.0,0.0,23,0.06312727272727281,1,0,0,0
5426,5.0,5.0,0.0,29,0.06295454545454549,1,0,0,0
5427,5.0,5.0,0.0,23,0.06278181818181827,1,0,0,0
5428,5.0,5.0,0.0,26,0.06260909090909095,1,0,0,0
5429,5.0,5.0,0.0,23,0.06243636363636362,1,0,0,0
5430,5.0,5.0,0.0,31,0.06226363636363641,1,0,0,0
5431,5.0,5.0,0.0,23,0.062090909090909085,1,0,0,0
5432,5.0,5.0,0.0,25,0.06191818181818187,1,0,0,0
5433,5.0,5.0,0.0,27,0.06174545454545455,1,0,0,0
5434,5.0,5.0,0.0,23,0.061572727272727334,1,0,0,0
5435,5.0,5.0,0.0,25,0.06140000000000001,1,0,0,0
5436,5.0,5.0,0.0,31,0.0612272727272728,1,0,0,0
5437,5.0,5.0,0.0,24,0.06105454545454547,1,0,0,0
5438,5.0,5.0,0.0,27,0.06088181818181826,1,0,0,0
5439,5.0,5.0,0.0,25,0.060709090909091046,1,0,0,0
5440,5.0,5.0,0.0,25,0.06053636363636361,1,0,0,0
5441,5.0,5.0,0.0,29,0.0603636363636364,1,0,0,0
5442,5.0,5.0,0.0,25,0.06019090909090907,1,0,0,0
5443,5.0,5.0,0.0,25,0.06001818181818186,1,0,0,0
5444,5.0,5.0,0.0,25,0.059845454545454535,1,0,0,0
5445,5.0,5.0,0.0,23,0.05967272727272732,1,0,0,0
5446,5.0,5.0,0.0,23,0.0595,1,0,0,0
5447,5.0,5.0,0.0,23,0.059327272727272784,1,0,0,0
5448,5.0,5.0,0.0,25,0.05915454545454557,1,0,0,0
5449,5.0,5.0,0.0,23,0.058981818181818246,1,0,0,0
5450,5.0,5.0,0.0,27,0.05880909090909103,1,0,0,0
5451,5.0,5.0,0.0,23,0.0586363636363636,1,0,0,0
5452,5.0,5.0,0.0,23,0.058463636363636384,1,0,0,0
5453,5.0,5.0,0.0,27,0.05829090909090906,1,0,0,0
5454,5.0,5.0,0.0,24,0.05811818181818185,1,0,0,0
5455,5.0,5.0,0.0,25,0.05794545454545452,1,0,0,0
5456,5.0,5.0,0.0,23,0.05777272727272731,1,0,0,0
5457,5.0,5.0,0.0,27,0.057600000000000096,1,0,0,0
5458,5.0,5.0,0.0,26,0.05742727272727277,1,0,0,0
5459,5.0,5.0,0.0,35,0.05725454545454556,1,0,0,0
5460,5.0,5.0,0.0,26,0.057081818181818234,1,0,0,0
5461,5.0,5.0,0.0,27,0.05690909090909102,1,0,0,0
5462,5.0,5.0,0.0,24,0.056736363636363585,1,0,0,0
5463,5.0,5.0,0.0,23,0.05656363636363637,1,0,0,0
5464,5.0,5.0,0.0,25,0.05639090909090905,1,0,0,0
5465,5.0,5.0,0.0,23,0.056218181818181834,1,0,0,0
5466,5.0,5.0,0.0,25,0.05604545454545462,1,0,0,0
5467,5.0,5.0,0.0,25,0.055872727272727296,1,0,0,0
5468,5.0,5.0,0.0,23,0.05570000000000008,1,0,0,0
5469,5.0,5.0,0.0,27,0.05552727272727276,1,0,0,0
5470,5.0,5.0,0.0,23,0.055354545454545545,1,0,0,0
5471,5.0,5.0,0.0,23,0.05518181818181822,1,0,0,0
5472,5.0,5.0,0.0,27,0.05500909090909101,1,0,0,0
5473,5.0,5.0,0.0,25,0.05483636363636368,1,0,0,0
5474,5.0,5.0,0.0,25,0.05466363636363636,1,0,0,0
5475,5.0,5.0,0.0,31,0.054490909090909145,1,0,0,0
5476,5.0,5.0,0.0,27,0.05431818181818182,1,0,0,0
5477,5.0,5.0,0.0,23,0.05414545454545461,1,0,0,0
5478,5.0,5.0,0.0,25,0.05397272727272728,1,0,0,0
5479,5.0,5.0,0.0,23,0.05380000000000007,1,0,0,0
5480,5.0,5.0,0.0,29,0.053627272727272746,1,0,0,0
5481,5.0,5.0,0.0,24,0.05345454545454553,1,0,0,0
5482,5.0,5.0,0.0,23,0.05328181818181821,1,0,0,0
5483,5.0,5.0,0.0,24,0.053109090909090995,1,0,0,0
5484,5.0,5.0,0.0,27,0.05293636363636378,1,0,0,0
5485,5.0,5.0,0.0,23,0.052763636363636346,1,0,0,0
5486,5.0,5.0,0.0,23,0.05259090909090913,1,0,0,0
5487,5.0,5.0,0.0,23,0.05241818181818181,1,0,0,0
5488,5.0,5.0,0.0,24,0.052245454545454595,1,0,0,0
5489,5.0,5.0,0.0,23,0.05207272727272727,1,0,0,0
5490,5.0,5.0,0.0,25,0.05190000000000006,1,0,0,0
5491,5.0,5.0,0.0,25,0.05172727272727273,1,0,0,0
5492,5.0,5.0,0.0,26,0.05155454545454552,1,0,0,0
5493,5.0,5.0,0.0,23,0.051381818181818306,1,0,0,0
5494,5.0,5.0,0.0,26,0.05120909090909098,1,0,0,0
5495,5.0,5.0,0.0,23,0.05103636363636377,1,0,0,0
5496,5.0,5.0,0.0,27,0.05086363636363633,1,0,0,0
5497,5.0,5.0,0.0,25,0.05069090909090912,1,0,0,0
5498,5.0,5.0,0.0,25,0.050518181818181795,1,0,0,0
5499,5.0,5.0,0.0,29,0.05034545454545458,1,0,0,0
5500,5.0,5.0,0.0,27,0.05017272727272726,1,0,0,0
5501,5.0,5.0,0.0,23,0.05,1,0,0,0
5502,5.0,5.0,0.0,23,0.05,1,0,0,0
5503,5.0,5.0,0.0,25,0.05,1,0,0,0
5504,5.0,5.0,0.0,23,0.05,1,0,0,0
5505,5.0,5.0,0.0,27,0.05,1,0,0,0
5506,5.0,5.0,0.0,28,0.05,1,0,0,0
5507,5.0,5.0,0.0,23,0.05,1,0,0,0
5508,5.0,5.0,0.0,29,0.05,1,0,0,0
5509,5.0,5.0,0.0,23,0.05,1,0,0,0
5510,5.0,5.0,0.0,25,0.05,1,0,0,0
5511,5.0,5.0,0.0,26,0.05,1,0,0,0
5512,5.0,5.0,0.0,23,0.05,1,0,0,0
5513,5.0,5.0,0.0,23,0.05,1,0,0,0
5514,5.0,5.0,0.0,23,0.05,1,0,0,0
5515,5.0,5.0,0.0,31,0.05,1,0,0,0
5516,5.0,5.0,0.0,23,0.05,1,0,0,0
5517,5.0,5.0,0.0,23,0.05,1,0,0,0
5518,5.0,5.0,0.0,25,0.05,1,0,0,0
5519,5.0,5.0,0.0,26,0.05,1,0,0,0
5520,5.0,5.0,0.0,27,0.05,1,0,0,0
5521,5.0,5.0,0.0,23,0.05,1,0,0,0
5522,5.0,5.0,0.0,25,0.05,1,0,0,0
5523,5.0,5.0,0.0,23,0.05,1,0,0,0
5524,5.0,5.0,0.0,28,0.05,1,0,0,0
5525,5.0,5.0,0.0,23,0.05,1,0,0,0
5526,5.0,5.0,0.0,27,0.05,1,0,0,0
5527,5.0,5.0,0.0,25,0.05,1,0,0,0
5528,5.0,5.0,0.0,23,0.05,1,0,0,0
5529,5.0,5.0,0.0,27,0.05,1,0,0,0
5530,5.0,5.0,0.0,23,0.05,1,0,0,0
5531,5.0,5.0,0.0,25,0.05,1,0,0,0
5532,5.0,5.0,0.0,23,0.05,1,0,0,0
5533,5.0,5.0,0.0,23,0.05,1,0,0,0
5534,5.0,5.0,0.0,25,0.05,1,0,0,0
5535,5.0,5.0,0.0,23,0.05,1,0,0,0
5536,5.0,5.0,0.0,23,0.05,1,0,0,0
5537,5.0,5.0,0.0,23,0.05,1,0,0,0
5538,5.0,5.0,0.0,33,0.05,1,0,0,0
5539,5.0,5.0,0.0,23,0.05,1,0,0,0
5540,5.0,5.0,0.0,23,0.05,1,0,0,0
5541,5.0,5.0,0.0,25,0.05,1,0,0,0
5542,5.0,5.0,0.0,23,0.05,1,0,0,0
5543,5.0,5.0,0.0,23,0.05,1,0,0,0
5544,5.0,5.0,0.0,25,0.05,1,0,0,0
5545,5.0,5.0,0.0,23,0.05,1,0,0,0
5546,5.0,5.0,0.0,25,0.05,1,0,0,0
5547,5.0,5.0,0.0,23,0.05,1,0,0,0
5548,5.0,5.0,0.0,23,0.05,1,0,0,0
5549,5.0,5.0,0.0,30,0.05,1,0,0,0
5550,5.0,5.0,0.0,24,0.05,1,0,0,0
5551,5.0,5.0,0.0,25,0.05,1,0,0,0
5552,5.0,5.0,0.0,25,0.05,1,0,0,0
5553,5.0,5.0,0.0,25,0.05,1,0,0,0
5554,5.0,5.0,0.0,25,0.05,1,0,0,0
5555,5.0,5.0,0.0,25,0.05,1,0,0,0
5556,5.0,5.0,0.0,23,0.05,1,0,0,0
5557,5.0,5.0,0.0,25,0.05,1,0,0,0
5558,5.0,5.0,0.0,26,0.05,1,0,0,0
5559,5.0,5.0,0.0,23,0.05,1,0,0,0
5560,5.0,5.0,0.0,23,0.05,1,0,0,0
5561,5.0,5.0,0.0,23,0.05,1,0,0,0
5562,5.0,5.0,0.0,23,0.05,1,0,0,0
5563,5.0,5.0,0.0,25,0.05,1,0,0,0
5564,5.0,5.0,0.0,23,0.05,1,0,0,0
5565,5.0,5.0,0.0,29,0.05,1,0,0,0
5566,5.0,5.0,0.0,27,0.05,1,0,0,0
5567,5.0,5.0,0.0,25,0.05,1,0,0,0
5568,5.0,5.0,0.0,26,0.05,1,0,0,0
5569,5.0,5.0,0.0,23,0.05,1,0,0,0
5570,5.0,5.0,0.0,29,0.05,1,0,0,0
5571,5.0,5.0,0.0,23,0.05,1,0,0,0
5572,5.0,5.0,0.0,25,0.05,1,0,0,0
5573,5.0,5.0,0.0,23,0.05,1,0,0,0
5574,5.0,5.0,0.0,25,0.05,1,0,0,0
5575,5.0,5.0,0.0,23,0.05,1,0,0,0
5576,5.0,5.0,0.0,25,0.05,1,0,0,0
5577,5.0,5.0,0.0,25,0.05,1,0,0,0
5578,5.0,5.0,0.0,25,0.05,1,0,0,0
5579,5.0,5.0,0.0,23,0.05,1,0,0,0
5580,5.0,5.0,0.0,23,0.05,1,0,0,0
5581,5.0,5.0,0.0,27,0.05,1,0,0,0
5582,5.0,5.0,0.0,23,0.05,1,0,0,0
5583,5.0,5.0,0.0,23,0.05,1,0,0,0
5584,5.0,5.0,0.0,25,0.05,1,0,0,0
5585,5.0,5.0,0.0,23,0.05,1,0,0,0
5586,5.0,5.0,0.0,23,0.05,1,0,0,0
5587,5.0,5.0,0.0,27,0.05,1,0,0,0
5588,5.0,5.0,0.0,23,0.05,1,0,0,0
5589,5.0,5.0,0.0,25,0.05,1,0,0,0
5590,5.0,5.0,0.0,23,0.05,1,0,0,0
5591,5.0,5.0,0.0,23,0.05,1,0,0,0
5592,5.0,5.0,0.0,27,0.05,1,0,0,0
5593,5.0,5.0,0.0,29,0.05,1,0,0,0
5594,5.0,5.0,0.0,23,0.05,1,0,0,0
5595,5.0,5.0,0.0,25,0.05,1,0,0,0
5596,5.0,5.0,0.0,23,0.05,1,0,0,0
5597,5.0,5.0,0.0,29,0.05,1,0,0,0
5598,5.0,5.0,0.0,23,0.05,1,0,0,0
5599,5.0,5.0,0.0,24,0.05,1,0,0,0
5600,5.0,5.0,0.0,23,0.05,1,0,0,0
5601,5.0,5.0,0.0,25,0.05,1,0,0,0
5602,5.0,5.0,0.0,23,0.05,1,0,0,0
5603,5.0,5.0,0.0,29,0.05,1,0,0,0
5604,5.0,5.0,0.0,25,0.05,1,0,0,0
5605,5.0,5.0,0.0,29,0.05,1,0,0,0
5606,5.0,5.0,0.0,25,0.05,1,0,0,0
5607,5.0,5.0,0.0,23,0.05,1,0,0,0
5608,5.0,5.0,0.0,25,0.05,1,0,0,0
5609,5.0,5.0,0.0,27,0.05,1,0,0,0
5610,5.0,5.0,0.0,28,0.05,1,0,0,0
5611,5.0,5.0,0.0,23,0.05,1,0,0,0
5612,5.0,5.0,0.0,25,0.05,1,0,0,0
5613,5.0,5.0,0.0,25,0.05,1,0,0,0
5614,5.0,5.0,0.0,25,0.05,1,0,0,0
5615,5.0,5.0,0.0,27,0.05,1,0,0,0
5616,5.0,5.0,0.0,23,0.05,1,0,0,0
5617,5.0,5.0,0.0,23,0.05,1,0,0,0
5618,5.0,5.0,0.0,23,0.05,1,0,0,0
5619,5.0,5.0,0.0,25,0.05,1,0,0,0
5620,5.0,5.0,0.0,25,0.05,1,0,0,0
5621,5.0,5.0,0.0,24,0.05,1,0,0,0
5622,5.0,5.0,0.0,25,0.05,1,0,0,0
5623,5.0,5.0,0.0,25,0.05,1,0,0,0
5624,5.0,5.0,0.0,23,0.05,1,0,0,0
5625,5.0,5.0,0.0,23,0.05,1,0,0,0
5626,5.0,5.0,0.0,29,0.05,1,0,0,0
5627,5.0,5.0,0.0,23,0.05,1,0,0,0
5628,5.0,5.0,0.0,27,0.05,1,0,0,0
5629,5.0,5.0,0.0,23,0.05,1,0,0,0
5630,5.0,5.0,0.0,25,0.05,1,0,0,0
5631,5.0,5.0,0.0,30,0.05,1,0,0,0
5632,5.0,5.0,0.0,27,0.05,1,0,0,0
5633,5.0,5.0,0.0,23,0.05,1,0,0,0
5634,5.0,5.0,0.0,23,0.05,1,0,0,0
5635,5.0,5.0,0.0,29,0.05,1,0,0,0
5636,5.0,5.0,0.0,23,0.05,1,0,0,0
5637,5.0,5.0,0.0,23,0.05,1,0,0,0
5638,5.0,5.0,0.0,25,0.05,1,0,0,0
5639,5.0,5.0,0.0,27,0.05,1,0,0,0
5640,5.0,5.0,0.0,25,0.05,1,0,0,0
5641,5.0,5.0,0.0,23,0.05,1,0,0,0
5642,5.0,5.0,0.0,23,0.05,1,0,0,0
5643,5.0,5.0,0.0,23,0.05,1,0,0,0
5644,5.0,5.0,0.0,23,0.05,1,0,0,0
5645,5.0,5.0,0.0,24,0.05,1,0,0,0
5646,5.0,5.0,0.0,23,0.05,1,0,0,0
5647,5.0,5.0,0.0,23,0.05,1,0,0,0
5648,5.0,5.0,0.0,30,0.05,1,0,0,0
5649,5.0,5.0,0.0,27,0.05,1,0,0,0
5650,5.0,5.0,0.0,23,0.05,1,0,0,0
5651,5.0,5.0,0.0,25,0.05,1,0,0,0
5652,5.0,5.0,0.0,24,0.05,1,0,0,0
5653,5.0,5.0,0.0,25,0.05,1,0,0,0
5654,5.0,5.0,0.0,25,0.05,1,0,0,0
5655,5.0,5.0,0.0,25,0.05,1,0,0,0
5656,5.0,5.0,0.0,25,0.05,1,0,0,0
5657,5.0,5.0,0.0,24,0.05,1,0,0,0
5658,5.0,5.0,0.0,23,0.05,1,0,0,0
5659,5.0,5.0,0.0,23,0.05,1,0,0,0
5660,5.0,5.0,0.0,26,0.05,1,0,0,0
5661,5.0,5.0,0.0,23,0.05,1,0,0,0
5662,5.0,5.0,0.0,23,0.05,1,0,0,0
5663,5.0,5.0,0.0,23,0.05,1,0,0,0
5664,5.0,5.0,0.0,23,0.05,1,0,0,0
5665,5.0,5.0,0.0,25,0.05,1,0,0,0
5666,5.0,5.0,0.0,25,0.05,1,0,0,0
5667,5.0,5.0,0.0,25,0.05,1,0,0,0
5668,5.0,5.0,0.0,23,0.05,1,0,0,0
5669,5.0,5.0,0.0,23,0.05,1,0,0,0
5670,5.0,5.0,0.0,27,0.05,1,0,0,0
5671,5.0,5.0,0.0,26,0.05,1,0,0,0
5672,5.0,5.0,0.0,23,0.05,1,0,0,0
5673,5.0,5.0,0.0,27,0.05,1,0,0,0
5674,5.0,5.0,0.0,23,0.05,1,0,0,0
5675,5.0,5.0,0.0,23,0.05,1,0,0,0
5676,5.0,5.0,0.0,25,0.05,1,0,0,0
5677,5.0,5.0,0.0,25,0.05,1,0,0,0
5678,5.0,5.0,0.0,25,0.05,1,0,0,0
5679,5.0,5.0,0.0,31,0.05,1,0,0,0
5680,5.0,5.0,0.0,29,0.05,1,0,0,0
5681,5.0,5.0,0.0,23,0.05,1,0,0,0
5682,5.0,5.0,0.0,27,0.05,1,0,0,0
5683,5.0,5.0,0.0,23,0.05,1,0,0,0
5684,5.0,5.0,0.0,23,0.05,1,0,0,0
5685,5.0,5.0,0.0,23,0.05,1,0,0,0
5686,5.0,5.0,0.0,31,0.05,1,0,0,0
5687,5.0,5.0,0.0,23,0.05,1,0,0,0
5688,5.0,5.0,0.0,27,0.05,1,0,0,0
5689,5.0,5.0,0.0,27,0.05,1,0,0,0
5690,5.0,5.0,0.0,23,0.05,1,0,0,0
5691,5.0,5.0,0.0,25,0.05,1,0,0,0
5692,5.0,5.0,0.0,28,0.05,1,0,0,0
5693,5.0,5.0,0.0,31,0.05,1,0,0,0
5694,5.0,5.0,0.0,25,0.05,1,0,0,0
5695,5.0,5.0,0.0,25,0.05,1,0,0,0
5696,5.0,5.0,0.0,25,0.05,1,0,0,0
5697,5.0,5.0,0.0,25,0.05,1,0,0,0
5698,5.0,5.0,0.0,29,0.05,1,0,0,0
5699,5.0,5.0,0.0,31,0.05,1,0,0,0
5700,5.0,5.0,0.0,27,0.05,1,0,0,0
5701,5.0,5.0,0.0,29,0.05,1,0,0,0
5702,5.0,5.0,0.0,29,0.05,1,0,0,0
5703,5.0,5.0,0.0,29,0.05,1,0,0,0
5704,5.0,5.0,0.0,36,0.05,1,0,0,0
5705,5.0,5.0,0.0,28,0.05,1,0,0,0
5706,5.0,5.0,0.0,31,0.05,1,0,0,0
5707,5.0,5.0,0.0,27,0.05,1,0,0,0
5708,5.0,5.0,0.0,29,0.05,1,0,0,0
5709,5.0,5.0,0.0,29,0.05,1,0,0,0
5710,5.0,5.0,0.0,27,0.05,1,0,0,0
5711,5.0,5.0,0.0,27,0.05,1,0,0,0
5712,5.0,5.0,0.0,28,0.05,1,0,0,0
5713,5.0,5.0,0.0,31,0.05,1,0,0,0
5714,5.0,5.0,0.0,29,0.05,1,0,0,0
5715,5.0,5.0,0.0,27,0.05,1,0,0,0
5716,5.0,5.0,0.0,28,0.05,1,0,0,0
5717,5.0,5.0,0.0,29,0.05,1,0,0,0
5718,5.0,5.0,0.0,31,0.05,1,0,0,0
5719,5.0,5.0,0.0,29,0.05,1,0,0,0
5720,5.0,5.0,0.0,27,0.05,1,0,0,0
5721,5.0,5.0,0.0,31,0.05,1,0,0,0
5722,5.0,5.0,0.0,27,0.05,1,0,0,0
5723,5.0,5.0,0.0,29,0.05,1,0,0,0
5724,5.0,5.0,0.0,31,0.05,1,0,0,0
5725,5.0,5.0,0.0,29,0.05,1,0,0,0
5726,5.0,5.0,0.0,27,0.05,1,0,0,0
5727,5.0,5.0,0.0,27,0.05,1,0,0,0
5728,5.0,5.0,0.0,27,0.05,1,0,0,0
5729,5.0,5.0,0.0,29,0.05,1,0,0,0
5730,5.0,5.0,0.0,29,0.05,1,0,0,0
5731,5.0,5.0,0.0,29,0.05,1,0,0,0
5732,5.0,5.0,0.0,27,0.05,1,0,0,0
5733,5.0,5.0,0.0,31,0.05,1,0,0,0
5734,5.0,5.0,0.0,29,0.05,1,0,0,0
5735,5.0,5.0,0.0,29,0.05,1,0,0,0
5736,5.0,5.0,0.0,29,0.05,1,0,0,0
5737,5.0,5.0,0.0,27,0.05,1,0,0,0
5738,5.0,5.0,0.0,35,0.05,1,0,0,0
5739,5.0,5.0,0.0,27,0.05,1,0,0,0
5740,5.0,5.0,0.0,27,0.05,1,0,0,0
5741,5.0,5.0,0.0,35,0.05,1,0,0,0
5742,5.0,5.0,0.0,30,0.05,1,0,0,0
5743,5.0,5.0,0.0,29,0.05,1,0,0,0
5744,5.0,5.0,0.0,29,0.05,1,0,0,0
5745,5.0,5.0,0.0,31,0.05,1,0,0,0
5746,5.0,5.0,0.0,25,0.05,1,0,0,0
5747,5.0,5.0,0.0,23,0.05,1,0,0,0
5748,5.0,5.0,0.0,24,0.05,1,0,0,0
5749,5.0,5.0,0.0,26,0.05,1,0,0,0
5750,5.0,5.0,0.0,23,0.05,1,0,0,0
5751,5.0,5.0,0.0,27,0.05,1,0,0,0
5752,5.0,5.0,0.0,25,0.05,1,0,0,0
5753,5.0,5.0,0.0,25,0.05,1,0,0,0
5754,5.0,5.0,0.0,23,0.05,1,0,0,0
5755,5.0,5.0,0.0,25,0.05,1,0,0,0
5756,5.0,5.0,0.0,25,0.05,1,0,0,0
5757,5.0,5.0,0.0,23,0.05,1,0,0,0
5758,5.0,5.0,0.0,25,0.05,1,0,0,0
5759,5.0,5.0,0.0,29,0.05,1,0,0,0
5760,5.0,5.0,0.0,23,0.05,1,0,0,0
5761,5.0,5.0,0.0,27,0.05,1,0,0,0
5762,5.0,5.0,0.0,25,0.05,1,0,0,0
5763,5.0,5.0,0.0,25,0.05,1,0,0,0
5764,5.0,5.0,0.0,27,0.05,1,0,0,0
5765,5.0,5.0,0.0,27,0.05,1,0,0,0
5766,5.0,5.0,0.0,23,0.05,1,0,0,0
5767,5.0,5.0,0.0,24,0.05,1,0,0,0
5768,5.0,5.0,0.0,23,0.05,1,0,0,0
5769,5.0,5.0,0.0,23,0.05,1,0,0,0
5770,5.0,5.0,0.0,29,0.05,1,0,0,0
5771,5.0,5.0,0.0,25,0.05,1,0,0,0
5772,5.0,5.0,0.0,23,0.05,1,0,0,0
5773,5.0,5.0,0.0,23,0.05,1,0,0,0
5774,5.0,5.0,0.0,25,0.05,1,0,0,0
5775,5.0,5.0,0.0,25,0.05,1,0,0,0
5776,5.0,5.0,0.0,23,0.05,1,0,0,0
5777,5.0,5.0,0.0,23,0.05,1,0,0,0
5778,5.0,5.0,0.0,25,0.05,1,0,0,0
5779,5.0,5.0,0.0,29,0.05,1,0,0,0
5780,5.0,5.0,0.0,23,0.05,1,0,0,0
5781,5.0,5.0,0.0,23,0.05,1,0,0,0
5782,5.0,5.0,0.0,25,0.05,1,0,0,0
5783,5.0,5.0,0.0,23,0.05,1,0,0,0
5784,5.0,5.0,0.0,28,0.05,1,0,0,0
5785,5.0,5.0,0.0,23,0.05,1,0,0,0
5786,5.0,5.0,0.0,23,0.05,1,0,0,0
5787,5.0,5.0,0.0,25,0.05,1,0,0,0
5788,5.0,5.0,0.0,23,0.05,1,0,0,0
5789,5.0,5.0,0.0,23,0.05,1,0,0,0
5790,5.0,5.0,0.0,23,0.05,1,0,0,0
5791,5.0,5.0,0.0,23,0.05,1,0,0,0
5792,5.0,5.0,0.0,25,0.05,1,0,0,0
5793,5.0,5.0,0.0,23,0.05,1,0,0,0
5794,5.0,5.0,0.0,23,0.05,1,0,0,0
5795,5.0,5.0,0.0,23,0.05,1,0,0,0
5796,5.0,5.0,0.0,23,0.05,1,0,0,0
5797,5.0,5.0,0.0,27,0.05,1,0,0,0
5798,5.0,5.0,0.0,24,0.05,1,0,0,0
5799,5.0,5.0,0.0,27,0.05,1,0,0,0
5800,5.0,5.0,0.0,26,0.05,1,0,0,0
5801,5.0,5.0,0.0,23,0.05,1,0,0,0
5802,5.0,5.0,0.0,23,0.05,1,0,0,0
5803,5.0,5.0,0.0,25,0.05,1,0,0,0
5804,5.0,5.0,0.0,33,0.05,1,0,0,0
5805,5.0,5.0,0.0,24,0.05,1,0,0,0
5806,5.0,5.0,0.0,27,0.05,1,0,0,0
5807,5.0,5.0,0.0,23,0.05,1,0,0,0
5808,5.0,5.0,0.0,27,0.05,1,0,0,0
5809,5.0,5.0,0.0,25,0.05,1,0,0,0
5810,5.0,5.0,0.0,23,0.05,1,0,0,0
5811,5.0,5.0,0.0,23,0.05,1,0,0,0
5812,5.0,5.0,0.0,25,0.05,1,0,0,0
5813,5.0,5.0,0.0,23,0.05,1,0,0,0
5814,5.0,5.0,0.0,23,0.05,1,0,0,0
5815,5.0,5.0,0.0,25,0.05,1,0,0,0
5816,5.0,5.0,0.0,27,0.05,1,0,0,0
5817,5.0,5.0,0.0,25,0.05,1,0,0,0
5818,5.0,5.0,0.0,23,0.05,1,0,0,0
5819,5.0,5.0,0.0,25,0.05,1,0,0,0
5820,5.0,5.0,0.0,23,0.05,1,0,0,0
5821,5.0,5.0,0.0,27,0.05,1,0,0,0
5822,5.0,5.0,0.0,23,0.05,1,0,0,0
5823,5.0,5.0,0.0,23,0.05,1,0,0,0
5824,5.0,5.0,0.0,25,0.05,1,0,0,0
5825,5.0,5.0,0.0,25,0.05,1,0,0,0
5826,5.0,5.0,0.0,24,0.05,1,0,0,0
5827,5.0,5.0,0.0,23,0.05,1,0,0,0
5828,5.0,5.0,0.0,25,0.05,1,0,0,0
5829,5.0,5.0,0.0,23,0.05,1,0,0,0
5830,5.0,5.0,0.0,27,0.05,1,0,0,0
5831,5.0,5.0,0.0,23,0.05,1,0,0,0
5832,5.0,5.0,0.0,23,0.05,1,0,0,0
5833,5.0,5.0,0.0,23,0.05,1,0,0,0
5834,5.0,5.0,0.0,24,0.05,1,0,0,0
5835,5.0,5.0,0.0,23,0.05,1,0,0,0
5836,5.0,5.0,0.0,24,0.05,1,0,0,0
5837,5.0,5.0,0.0,23,0.05,1,0,0,0
5838,5.0,5.0,0.0,23,0.05,1,0,0,0
5839,5.0,5.0,0.0,24,0.05,1,0,0,0
5840,5.0,5.0,0.0,23,0.05,1,0,0,0
5841,5.0,5.0,0.0,23,0.05,1,0,0,0
5842,5.0,5.0,0.0,27,0.05,1,0,0,0
5843,5.0,5.0,0.0,25,0.05,1,0,0,0
5844,5.0,5.0,0.0,23,0.05,1,0,0,0
5845,5.0,5.0,0.0,27,0.05,1,0,0,0
5846,5.0,5.0,0.0,25,0.05,1,0,0,0
5847,5.0,5.0,0.0,24,0.05,1,0,0,0
5848,5.0,5.0,0.0,25,0.05,1,0,0,0
5849,5.0,5.0,0.0,25,0.05,1,0,0,0
5850,5.0,5.0,0.0,23,0.05,1,0,0,0
5851,5.0,5.0,0.0,23,0.05,1,0,0,0
5852,5.0,5.0,0.0,23,0.05,1,0,0,0
5853,5.0,5.0,0.0,29,0.05,1,0,0,0
5854,5.0,5.0,0.0,25,0.05,1,0,0,0
5855,5.0,5.0,0.0,25,0.05,1,0,0,0
5856,5.0,5.0,0.0,29,0.05,1,0,0,0
5857,5.0,5.0,0.0,25,0.05,1,0,0,0
5858,5.0,5.0,0.0,23,0.05,1,0,0,0
5859,5.0,5.0,0.0,25,0.05,1,0,0,0
5860,5.0,5.0,0.0,29,0.05,1,0,0,0
5861,5.0,5.0,0.0,26,0.05,1,0,0,0
5862,5.0,5.0,0.0,29,0.05,1,0,0,0
5863,5.0,5.0,0.0,23,0.05,1,0,0,0
5864,5.0,5.0,0.0,25,0.05,1,0,0,0
5865,5.0,5.0,0.0,27,0.05,1,0,0,0
5866,5.0,5.0,0.0,25,0.05,1,0,0,0
5867,5.0,5.0,0.0,25,0.05,1,0,0,0
5868,5.0,5.0,0.0,24,0.05,1,0,0,0
5869,5.0,5.0,0.0,23,0.05,1,0,0,0
5870,5.0,5.0,0.0,25,0.05,1,0,0,0
5871,5.0,5.0,0.0,23,0.05,1,0,0,0
5872,5.0,5.0,0.0,25,0.05,1,0,0,0
5873,5.0,5.0,0.0,23,0.05,1,0,0,0
5874,5.0,5.0,0.0,23,0.05,1,0,0,0
5875,5.0,5.0,0.0,25,0.05,1,0,0,0
5876,5.0,5.0,0.0,25,0.05,1,0,0,0
5877,5.0,5.0,0.0,29,0.05,1,0,0,0
5878,5.0,5.0,0.0,25,0.05,1,0,0,0
5879,5.0,5.0,0.0,23,0.05,1,0,0,0
5880,5.0,5.0,0.0,23,0.05,1,0,0,0
5881,5.0,5.0,0.0,23,0.05,1,0,0,0
5882,5.0,5.0,0.0,25,0.05,1,0,0,0
5883,5.0,5.0,0.0,23,0.05,1,0,0,0
5884,5.0,5.0,0.0,23,0.05,1,0,0,0
5885,5.0,5.0,0.0,27,0.05,1,0,0,0
5886,5.0,5.0,0.0,27,0.05,1,0,0,0
5887,5.0,5.0,0.0,23,0.05,1,0,0,0
5888,5.0,5.0,0.0,25,0.05,1,0,0,0
5889,5.0,5.0,0.0,23,0.05,1,0,0,0
5890,5.0,5.0,0.0,23,0.05,1,0,0,0
5891,5.0,5.0,0.0,25,0.05,1,0,0,0
5892,5.0,5.0,0.0,27,0.05,1,0,0,0
5893,5.0,5.0,0.0,27,0.05,1,0,0,0
5894,5.0,5.0,0.0,24,0.05,1,0,0,0
5895,5.0,5.0,0.0,23,0.05,1,0,0,0
5896,5.0,5.0,0.0,23,0.05,1,0,0,0
5897,5.0,5.0,0.0,27,0.05,1,0,0,0
5898,5.0,5.0,0.0,23,0.05,1,0,0,0
5899,5.0,5.0,0.0,23,0.05,1,0,0,0
5900,5.0,5.0,0.0,23,0.05,1,0,0,0
5901,5.0,5.0,0.0,25,0.05,1,0,0,0
5902,5.0,5.0,0.0,23,0.05,1,0,0,0
5903,5.0,5.0,0.0,26,0.05,1,0,0,0
5904,5.0,5.0,0.0,23,0.05,1,0,0,0
5905,5.0,5.0,0.0,23,0.05,1,0,0,0
5906,5.0,5.0,0.0,23,0.05,1,0,0,0
5907,5.0,5.0,0.0,26,0.05,1,0,0,0
5908,5.0,5.0,0.0,27,0.05,1,0,0,0
5909,5.0,5.0,0.0,27,0.05,1,0,0,0
5910,5.0,5.0,0.0,23,0.05,1,0,0,0
5911,5.0,5.0,0.0,25,0.05,1,0,0,0
5912,5.0,5.0,0.0,25,0.05,1,0,0,0
5913,5.0,5.0,0.0,23,0.05,1,0,0,0
5914,5.0,5.0,0.0,23,0.05,1,0,0,0
5915,5.0,5.0,0.0,23,0.05,1,0,0,0
5916,5.0,5.0,0.0,23,0.05,1,0,0,0
5917,5.0,5.0,0.0,25,0.05,1,0,0,0
5918,5.0,5.0,0.0,23,0.05,1,0,0,0
5919,5.0,5.0,0.0,25,0.05,1,0,0,0
5920,5.0,5.0,0.0,25,0.05,1,0,0,0
5921,5.0,5.0,0.0,25,0.05,1,0,0,0
5922,5.0,5.0,0.0,25,0.05,1,0,0,0
5923,5.0,5.0,0.0,23,0.05,1,0,0,0
5924,5.0,5.0,0.0,26,0.05,1,0,0,0
5925,5.0,5.0,0.0,23,0.05,1,0,0,0
5926,5.0,5.0,0.0,23,0.05,1,0,0,0
5927,5.0,5.0,0.0,33,0.05,1,0,0,0
5928,5.0,5.0,0.0,23,0.05,1,0,0,0
5929,5.0,5.0,0.0,23,0.05,1,0,0,0
5930,5.0,5.0,0.0,25,0.05,1,0,0,0
5931,5.0,5.0,0.0,23,0.05,1,0,0,0
5932,5.0,5.0,0.0,23,0.05,1,0,0,0
5933,5.0,5.0,0.0,23,0.05,1,0,0,0
5934,5.0,5.0,0.0,23,0.05,1,0,0,0
5935,5.0,5.0,0.0,25,0.05,1,0,0,0
5936,5.0,5.0,0.0,23,0.05,1,0,0,0
5937,5.0,5.0,0.0,23,0.05,1,0,0,0
5938,5.0,5.0,0.0,23,0.05,1,0,0,0
5939,5.0,5.0,0.0,23,0.05,1,0,0,0
5940,5.0,5.0,0.0,23,0.05,1,0,0,0
5941,5.0,5.0,0.0,29,0.05,1,0,0,0
5942,5.0,5.0,0.0,23,0.05,1,0,0,0
5943,5.0,5.0,0.0,23,0.05,1,0,0,0
5944,5.0,5.0,0.0,23,0.05,1,0,0,0
5945,5.0,5.0,0.0,23,0.05,1,0,0,0
5946,5.0,5.0,0.0,23,0.05,1,0,0,0
5947,5.0,5.0,0.0,29,0.05,1,0,0,0
5948,5.0,5.0,0.0,25,0.05,1,0,0,0
5949,5.0,5.0,0.0,24,0.05,1,0,0,0
5950,5.0,5.0,0.0,23,0.05,1,0,0,0
5951,5.0,5.0,0.0,23,0.05,1,0,0,0
5952,5.0,5.0,0.0,23,0.05,1,0,0,0
5953,5.0,5.0,0.0,25,0.05,1,0,0,0
5954,5.0,5.0,0.0,25,0.05,1,0,0,0
5955,5.0,5.0,0.0,26,0.05,1,0,0,0
5956,5.0,5.0,0.0,23,0.05,1,0,0,0
5957,5.0,5.0,0.0,23,0.05,1,0,0,0
5958,5.0,5.0,0.0,25,0.05,1,0,0,0
5959,5.0,5.0,0.0,26,0.05,1,0,0,0
5960,5.0,5.0,0.0,25,0.05,1,0,0,0
5961,5.0,5.0,0.0,23,0.05,1,0,0,0
5962,5.0,5.0,0.0,23,0.05,1,0,0,0
5963,5.0,5.0,0.0,23,0.05,1,0,0,0
5964,5.0,5.0,0.0,25,0.05,1,0,0,0
5965,5.0,5.0,0.0,27,0.05,1,0,0,0
5966,5.0,5.0,0.0,27,0.05,1,0,0,0
5967,5.0,5.0,0.0,23,0.05,1,0,0,0
5968,5.0,5.0,0.0,25,0.05,1,0,0,0
5969,5.0,5.0,0.0,23,0.05,1,0,0,0
5970,5.0,5.0,0.0,27,0.05,1,0,0,0
5971,5.0,5.0,0.0,27,0.05,1,0,0,0
5972,5.0,5.0,0.0,24,0.05,1,0,0,0
5973,5.0,5.0,0.0,23,0.05,1,0,0,0
5974,5.0,5.0,0.0,25,0.05,1,0,0,0
5975,5.0,5.0,0.0,28,0.05,1,0,0,0
5976,5.0,5.0,0.0,26,0.05,1,0,0,0
5977,5.0,5.0,0.0,23,0.05,1,0,0,0
5978,5.0,5.0,0.0,23,0.05,1,0,0,0
5979,5.0,5.0,0.0,25,0.05,1,0,0,0
5980,5.0,5.0,0.0,23,0.05,1,0,0,0
5981,5.0,5.0,0.0,25,0.05,1,0,0,0
5982,5.0,5.0,0.0,23,0.05,1,0,0,0
5983,5.0,5.0,0.0,27,0.05,1,0,0,0
5984,5.0,5.0,0.0,23,0.05,1,0,0,0
5985,5.0,5.0,0.0,25,0.05,1,0,0,0
5986,5.0,5.0,0.0,23,0.05,1,0,0,0
5987,5.0,5.0,0.0,23,0.05,1,0,0,0
5988,5.0,5.0,0.0,23,0.05,1,0,0,0
5989,5.0,5.0,0.0,25,0.05,1,0,0,0
5990,5.0,5.0,0.0,23,0.05,1,0,0,0
5991,5.0,5.0,0.0,25,0.05,1,0,0,0
5992,5.0,5.0,0.0,23,0.05,1,0,0,0
5993,5.0,5.0,0.0,30,0.05,1,0,0,0
5994,5.0,5.0,0.0,31,0.05,1,0,0,0
5995,5.0,5.0,0.0,23,0.05,1,0,0,0
5996,5.0,5.0,0.0,23,0.05,1,0,0,0
5997,5.0,5.0,0.0,25,0.05,1,0,0,0
5998,5.0,5.0,0.0,27,0.05,1,0,0,0
5999,5.0,5.0,0.0,25,0.05,1,0,0,0
6000,5.0,5.0,0.0,23,0.05,1,0,0,0
6001,5.0,5.0,0.0,23,0.05,1,0,0,0
6002,5.0,5.0,0.0,23,0.05,1,0,0,0
6003,5.0,5.0,0.0,29,0.05,1,0,0,0
6004,5.0,5.0,0.0,23,0.05,1,0,0,0
6005,5.0,5.0,0.0,27,0.05,1,0,0,0
6006,5.0,5.0,0.0,23,0.05,1,0,0,0
6007,5.0,5.0,0.0,23,0.05,1,0,0,0
6008,5.0,5.0,0.0,23,0.05,1,0,0,0
6009,5.0,5.0,0.0,25,0.05,1,0,0,0
6010,5.0,5.0,0.0,25,0.05,1,0,0,0
6011,5.0,5.0,0.0,23,0.05,1,0,0,0
6012,5.0,5.0,0.0,23,0.05,1,0,0,0
6013,5.0,5.0,0.0,29,0.05,1,0,0,0
6014,5.0,5.0,0.0,23,0.05,1,0,0,0
6015,5.0,5.0,0.0,24,0.05,1,0,0,0
6016,5.0,5.0,0.0,29,0.05,1,0,0,0
6017,5.0,5.0,0.0,23,0.05,1,0,0,0
6018,5.0,5.0,0.0,23,0.05,1,0,0,0
6019,5.0,5.0,0.0,23,0.05,1,0,0,0
6020,5.0,5.0,0.0,27,0.05,1,0,0,0
6021,5.0,5.0,0.0,23,0.05,1,0,0,0
6022,5.0,5.0,0.0,27,0.05,1,0,0,0
6023,5.0,5.0,0.0,25,0.05,1,0,0,0
6024,5.0,5.0,0.0,25,0.05,1,0,0,0
6025,5.0,5.0,0.0,25,0.05,1,0,0,0
6026,5.0,5.0,0.0,25,0.05,1,0,0,0
6027,5.0,5.0,0.0,23,0.05,1,0,0,0
6028,5.0,5.0,0.0,23,0.05,1,0,0,0
6029,5.0,5.0,0.0,25,0.05,1,0,0,0
6030,5.0,5.0,0.0,23,0.05,1,0,0,0
6031,5.0,5.0,0.0,23,0.05,1,0,0,0
6032,5.0,5.0,0.0,33,0.05,1,0,0,0
6033,5.0,5.0,0.0,26,0.05,1,0,0,0
6034,5.0,5.0,0.0,23,0.05,1,0,0,0
6035,5.0,5.0,0.0,23,0.05,1,0,0,0
6036,5.0,5.0,0.0,23,0.05,1,0,0,0
6037,5.0,5.0,0.0,25,0.05,1,0,0,0
6038,5.0,5.0,0.0,23,0.05,1,0,0,0
6039,5.0,5.0,0.0,23,0.05,1,0,0,0
6040,5.0,5.0,0.0,23,0.05,1,0,0,0
6041,5.0,5.0,0.0,23,0.05,1,0,0,0
6042,5.0,5.0,0.0,25,0.05,1,0,0,0
6043,5.0,5.0,0.0,23,0.05,1,0,0,0
6044,5.0,5.0,0.0,25,0.05,1,0,0,0
6045,5.0,5.0,0.0,29,0.05,1,0,0,0
6046,5.0,5.0,0.0,24,0.05,1,0,0,0
6047,5.0,5.0,0.0,23,0.05,1,0,0,0
6048,5.0,5.0,0.0,23,0.05,1,0,0,0
6049,5.0,5.0,0.0,25,0.05,1,0,0,0
6050,5.0,5.0,0.0,25,0.05,1,0,0,0
6051,5.0,5.0,0.0,23,0.05,1,0,0,0
6052,5.0,5.0,0.0,25,0.05,1,0,0,0
6053,5.0,5.0,0.0,31,0.05,1,0,0,0
6054,5.0,5.0,0.0,23,0.05,1,0,0,0
6055,5.0,5.0,0.0,23,0.05,1,0,0,0
6056,5.0,5.0,0.0,25,0.05,1,0,0,0
6057,5.0,5.0,0.0,27,0.05,1,0,0,0
6058,5.0,5.0,0.0,23,0.05,1,0,0,0
6059,5.0,5.0,0.0,23,0.05,1,0,0,0
6060,5.0,5.0,0.0,26,0.05,1,0,0,0
6061,5.0,5.0,0.0,23,0.05,1,0,0,0
6062,5.0,5.0,0.0,29,0.05,1,0,0,0
6063,5.0,5.0,0.0,23,0.05,1,0,0,0
6064,5.0,5.0,0.0,23,0.05,1,0,0,0
6065,5.0,5.0,0.0,23,0.05,1,0,0,0
6066,5.0,5.0,0.0,25,0.05,1,0,0,0
6067,5.0,5.0,0.0,27,0.05,1,0,0,0
6068,5.0,5.0,0.0,25,0.05,1,0,0,0
6069,5.0,5.0,0.0,32,0.05,1,0,0,0
6070,5.0,5.0,0.0,23,0.05,1,0,0,0
6071,5.0,5.0,0.0,26,0.05,1,0,0,0
6072,5.0,5.0,0.0,23,0.05,1,0,0,0
6073,5.0,5.0,0.0,23,0.05,1,0,0,0
6074,5.0,5.0,0.0,23,0.05,1,0,0,0
6075,5.0,5.0,0.0,27,0.05,1,0,0,0
6076,5.0,5.0,0.0,23,0.05,1,0,0,0
6077,5.0,5.0,0.0,26,0.05,1,0,0,0
6078,5.0,5.0,0.0,23,0.05,1,0,0,0
6079,5.0,5.0,0.0,27,0.05,1,0,0,0
6080,5.0,5.0,0.0,23,0.05,1,0,0,0
6081,5.0,5.0,0.0,29,0.05,1,0,0,0
6082,5.0,5.0,0.0,27,0.05,1,0,0,0
6083,5.0,5.0,0.0,23,0.05,1,0,0,0
6084,5.0,5.0,0.0,29,0.05,1,0,0,0
6085,5.0,5.0,0.0,23,0.05,1,0,0,0
6086,5.0,5.0,0.0,25,0.05,1,0,0,0
6087,5.0,5.0,0.0,27,0.05,1,0,0,0
6088,5.0,5.0,0.0,23,0.05,1,0,0,0
6089,5.0,5.0,0.0,25,0.05,1,0,0,0
6090,5.0,5.0,0.0,23,0.05,1,0,0,0
6091,5.0,5.0,0.0,23,0.05,1,0,0,0
6092,5.0,5.0,0.0,25,0.05,1,0,0,0
6093,5.0,5.0,0.0,23,0.05,1,0,0,0
6094,5.0,5.0,0.0,27,0.05,1,0,0,0
6095,5.0,5.0,0.0,25,0.05,1,0,0,0
6096,5.0,5.0,0.0,25,0.05,1,0,0,0
6097,5.0,5.0,0.0,27,0.05,1,0,0,0
6098,5.0,5.0,0.0,27,0.05,1,0,0,0
6099,5.0,5.0,0.0,23,0.05,1,0,0,0
6100,5.0,5.0,0.0,27,0.05,1,0,0,0
6101,5.0,5.0,0.0,23,0.05,1,0,0,0
6102,5.0,5.0,0.0,23,0.05,1,0,0,0
6103,5.0,5.0,0.0,23,0.05,1,0,0,0
6104,5.0,5.0,0.0,29,0.05,1,0,0,0
6105,5.0,5.0,0.0,23,0.05,1,0,0,0
6106,5.0,5.0,0.0,23,0.05,1,0,0,0
6107,5.0,5.0,0.0,23,0.05,1,0,0,0
6108,5.0,5.0,0.0,23,0.05,1,0,0,0
6109,5.0,5.0,0.0,23,0.05,1,0,0,0
6110,5.0,5.0,0.0,23,0.05,1,0,0,0
6111,5.0,5.0,0.0,25,0.05,1,0,0,0
6112,5.0,5.0,0.0,23,0.05,1,0,0,0
6113,5.0,5.0,0.0,23,0.05,1,0,0,0
6114,5.0,5.0,0.0,23,0.05,1,0,0,0
6115,5.0,5.0,0.0,23,0.05,1,0,0,0
6116,5.0,5.0,0.0,23,0.05,1,0,0,0
6117,5.0,5.0,0.0,25,0.05,1,0,0,0
6118,5.0,5.0,0.0,23,0.05,1,0,0,0
6119,5.0,5.0,0.0,23,0.05,1,0,0,0
6120,5.0,5.0,0.0,27,0.05,1,0,0,0
6121,5.0,5.0,0.0,25,0.05,1,0,0,0
6122,5.0,5.0,0.0,29,0.05,1,0,0,0
6123,5.0,5.0,0.0,23,0.05,1,0,0,0
6124,5.0,5.0,0.0,23,0.05,1,0,0,0
6125,5.0,5.0,0.0,25,0.05,1,0,0,0
6126,5.0,5.0,0.0,23,0.05,1,0,0,0
6127,5.0,5.0,0.0,25,0.05,1,0,0,0
6128,5.0,5.0,0.0,23,0.05,1,0,0,0
6129,5.0,5.0,0.0,23,0.05,1,0,0,0
6130,5.0,5.0,0.0,25,0.05,1,0,0,0
6131,5.0,5.0,0.0,25,0.05,1,0,0,0
6132,5.0,5.0,0.0,23,0.05,1,0,0,0
6133,5.0,5.0,0.0,29,0.05,1,0,0,0
6134,5.0,5.0,0.0,23,0.05,1,0,0,0
6135,5.0,5.0,0.0,23,0.05,1,0,0,0
6136,5.0,5.0,0.0,25,0.05,1,0,0,0
6137,5.0,5.0,0.0,23,0.05,1,0,0,0
6138,5.0,5.0,0.0,25,0.05,1,0,0,0
6139,5.0,5.0,0.0,23,0.05,1,0,0,0
6140,5.0,5.0,0.0,23,0.05,1,0,0,0
6141,5.0,5.0,0.0,23,0.05,1,0,0,0
6142,5.0,5.0,0.0,25,0.05,1,0,0,0
6143,5.0,5.0,0.0,27,0.05,1,0,0,0
6144,5.0,5.0,0.0,23,0.05,1,0,0,0
6145,5.0,5.0,0.0,23,0.05,1,0,0,0
6146,5.0,5.0,0.0,25,0.05,1,0,0,0
6147,5.0,5.0,0.0,23,0.05,1,0,0,0
6148,5.0,5.0,0.0,27,0.05,1,0,0,0
6149,5.0,5.0,0.0,27,0.05,1,0,0,0
6150,5.0,5.0,0.0,27,0.05,1,0,0,0
6151,5.0,5.0,0.0,26,0.05,1,0,0,0
6152,5.0,5.0,0.0,31,0.05,1,0,0,0
6153,5.0,5.0,0.0,23,0.05,1,0,0,0
6154,5.0,5.0,0.0,25,0.05,1,0,0,0
6155,5.0,5.0,0.0,27,0.05,1,0,0,0
6156,5.0,5.0,0.0,25,0.05,1,0,0,0
6157,5.0,5.0,0.0,25,0.05,1,0,0,0
6158,5.0,5.0,0.0,29,0.05,1,0,0,0
6159,5.0,5.0,0.0,24,0.05,1,0,0,0
6160,5.0,5.0,0.0,23,0.05,1,0,0,0
6161,5.0,5.0,0.0,23,0.05,1,0,0,0
6162,5.0,5.0,0.0,23,0.05,1,0,0,0
6163,5.0,5.0,0.0,23,0.05,1,0,0,0
6164,5.0,5.0,0.0,23,0.05,1,0,0,0
6165,5.0,5.0,0.0,23,0.05,1,0,0,0
6166,5.0,5.0,0.0,23,0.05,1,0,0,0
6167,5.0,5.0,0.0,25,0.05,1,0,0,0
6168,5.0,5.0,0.0,25,0.05,1,0,0,0
6169,5.0,5.0,0.0,23,0.05,1,0,0,0
6170,5.0,5.0,0.0,30,0.05,1,0,0,0
6171,5.0,5.0,0.0,33,0.05,1,0,0,0
6172,5.0,5.0,0.0,25,0.05,1,0,0,0
6173,5.0,5.0,0.0,23,0.05,1,0,0,0
6174,5.0,5.0,0.0,23,0.05,1,0,0,0
6175,5.0,5.0,0.0,27,0.05,1,0,0,0
6176,5.0,5.0,0.0,23,0.05,1,0,0,0
6177,5.0,5.0,0.0,25,0.05,1,0,0,0
6178,5.0,5.0,0.0,23,0.05,1,0,0,0
6179,5.0,5.0,0.0,23,0.05,1,0,0,0
6180,5.0,5.0,0.0,23,0.05,1,0,0,0
6181,5.0,5.0,0.0,25,0.05,1,0,0,0
6182,5.0,5.0,0.0,25,0.05,1,0,0,0
6183,5.0,5.0,0.0,24,0.05,1,0,0,0
6184,5.0,5.0,0.0,25,0.05,1,0,0,0
6185,5.0,5.0,0.0,27,0.05,1,0,0,0
6186,5.0,5.0,0.0,25,0.05,1,0,0,0
6187,5.0,5.0,0.0,28,0.05,1,0,0,0
6188,5.0,5.0,0.0,25,0.05,1,0,0,0
6189,5.0,5.0,0.0,23,0.05,1,0,0,0
6190,5.0,5.0,0.0,25,0.05,1,0,0,0
6191,5.0,5.0,0.0,24,0.05,1,0,0,0
6192,5.0,5.0,0.0,23,0.05,1,0,0,0
6193,5.0,5.0,0.0,23,0.05,1,0,0,0
6194,5.0,5.0,0.0,23,0.05,1,0,0,0
6195,5.0,5.0,0.0,25,0.05,1,0,0,0
6196,5.0,5.0,0.0,23,0.05,1,0,0,0
6197,5.0,5.0,0.0,23,0.05,1,0,0,0
6198,5.0,5.0,0.0,25,0.05,1,0,0,0
6199,5.0,5.0,0.0,24,0.05,1,0,0,0
6200,5.0,5.0,0.0,27,0.05,1,0,0,0
6201,5.0,5.0,0.0,23,0.05,1,0,0,0
6202,5.0,5.0,0.0,27,0.05,1,0,0,0
6203,5.0,5.0,0.0,23,0.05,1,0,0,0
6204,5.0,5.0,0.0,25,0.05,1,0,0,0
6205,5.0,5.0,0.0,25,0.05,1,0,0,0
6206,5.0,5.0,0.0,23,0.05,1,0,0,0
6207,5.0,5.0,0.0,30,0.05,1,0,0,0
6208,5.0,5.0,0.0,27,0.05,1,0,0,0
6209,5.0,5.0,0.0,23,0.05,1,0,0,0
6210,5.0,5.0,0.0,23,0.05,1,0,0,0
6211,5.0,5.0,0.0,27,0.05,1,0,0,0
6212,5.0,5.0,0.0,25,0.05,1,0,0,0
6213,5.0,5.0,0.0,23,0.05,1,0,0,0
6214,5.0,5.0,0.0,25,0.05,1,0,0,0
6215,5.0,5.0,0.0,23,0.05,1,0,0,0
6216,5.0,5.0,0.0,23,0.05,1,0,0,0
6217,5.0,5.0,0.0,25,0.05,1,0,0,0
6218,5.0,5.0,0.0,23,0.05,1,0,0,0
6219,5.0,5.0,0.0,27,0.05,1,0,0,0
6220,5.0,5.0,0.0,27,0.05,1,0,0,0
6221,5.0,5.0,0.0,23,0.05,1,0,0,0
6222,5.0,5.0,0.0,23,0.05,1,0,0,0
6223,5.0,5.0,0.0,25,0.05,1,0,0,0
6224,5.0,5.0,0.0,29,0.05,1,0,0,0
6225,5.0,5.0,0.0,23,0.05,1,0,0,0
6226,5.0,5.0,0.0,23,0.05,1,0,0,0
6227,5.0,5.0,0.0,25,0.05,1,0,0,0
6228,5.0,5.0,0.0,27,0.05,1,0,0,0
6229,5.0,5.0,0.0,23,0.05,1,0,0,0
6230,5.0,5.0,0.0,25,0.05,1,0,0,0
6231,5.0,5.0,0.0,25,0.05,1,0,0,0
6232,5.0,5.0,0.0,25,0.05,1,0,0,0
6233,5.0,5.0,0.0,25,0.05,1,0,0,0
6234,5.0,5.0,0.0,23,0.05,1,0,0,0
6235,5.0,5.0,0.0,25,0.05,1,0,0,0
6236,5.0,5.0,0.0,27,0.05,1,0,0,0
6237,5.0,5.0,0.0,25,0.05,1,0,0,0
6238,5.0,5.0,0.0,23,0.05,1,0,0,0
6239,5.0,5.0,0.0,23,0.05,1,0,0,0
6240,5.0,5.0,0.0,23,0.05,1,0,0,0
6241,5.0,5.0,0.0,27,0.05,1,0,0,0
6242,5.0,5.0,0.0,23,0.05,1,0,0,0
6243,5.0,5.0,0.0,29,0.05,1,0,0,0
6244,5.0,5.0,0.0,25,0.05,1,0,0,0
6245,5.0,5.0,0.0,25,0.05,1,0,0,0
6246,5.0,5.0,0.0,29,0.05,1,0,0,0
6247,5.0,5.0,0.0,25,0.05,1,0,0,0
6248,5.0,5.0,0.0,23,0.05,1,0,0,0
6249,5.0,5.0,0.0,23,0.05,1,0,0,0
6250,5.0,5.0,0.0,27,0.05,1,0,0,0
6251,5.0,5.0,0.0,23,0.05,1,0,0,0
6252,5.0,5.0,0.0,27,0.05,1,0,0,0
6253,5.0,5.0,0.0,25,0.05,1,0,0,0
6254,5.0,5.0,0.0,25,0.05,1,0,0,0
6255,5.0,5.0,0.0,23,0.05,1,0,0,0
6256,5.0,5.0,0.0,23,0.05,1,0,0,0
6257,5.0,5.0,0.0,25,0.05,1,0,0,0
6258,5.0,5.0,0.0,23,0.05,1,0,0,0
6259,5.0,5.0,0.0,25,0.05,1,0,0,0
6260,5.0,5.0,0.0,23,0.05,1,0,0,0
6261,5.0,5.0,0.0,25,0.05,1,0,0,0
6262,5.0,5.0,0.0,23,0.05,1,0,0,0
6263,5.0,5.0,0.0,23,0.05,1,0,0,0
6264,5.0,5.0,0.0,25,0.05,1,0,0,0
6265,5.0,5.0,0.0,23,0.05,1,0,0,0
6266,5.0,5.0,0.0,25,0.05,1,0,0,0
6267,5.0,5.0,0.0,23,0.05,1,0,0,0
6268,5.0,5.0,0.0,25,0.05,1,0,0,0
6269,5.0,5.0,0.0,23,0.05,1,0,0,0
6270,5.0,5.0,0.0,28,0.05,1,0,0,0
6271,5.0,5.0,0.0,25,0.05,1,0,0,0
6272,5.0,5.0,0.0,24,0.05,1,0,0,0
6273,5.0,5.0,0.0,23,0.05,1,0,0,0
6274,5.0,5.0,0.0,25,0.05,1,0,0,0
6275,5.0,5.0,0.0,23,0.05,1,0,0,0
6276,5.0,5.0,0.0,23,0.05,1,0,0,0
6277,5.0,5.0,0.0,23,0.05,1,0,0,0
6278,5.0,5.0,0.0,23,0.05,1,0,0,0
6279,5.0,5.0,0.0,27,0.05,1,0,0,0
6280,5.0,5.0,0.0,23,0.05,1,0,0,0
6281,5.0,5.0,0.0,23,0.05,1,0,0,0
6282,5.0,5.0,0.0,25,0.05,1,0,0,0
6283,5.0,5.0,0.0,25,0.05,1,0,0,0
6284,5.0,5.0,0.0,23,0.05,1,0,0,0
6285,5.0,5.0,0.0,25,0.05,1,0,0,0
6286,5.0,5.0,0.0,25,0.05,1,0,0,0
6287,5.0,5.0,0.0,23,0.05,1,0,0,0
6288,5.0,5.0,0.0,27,0.05,1,0,0,0
6289,5.0,5.0,0.0,27,0.05,1,0,0,0
6290,5.0,5.0,0.0,25,0.05,1,0,0,0
6291,5.0,5.0,0.0,23,0.05,1,0,0,0
6292,5.0,5.0,0.0,23,0.05,1,0,0,0
6293,5.0,5.0,0.0,23,0.05,1,0,0,0
6294,5.0,5.0,0.0,23,0.05,1,0,0,0
6295,5.0,5.0,0.0,27,0.05,1,0,0,0
6296,5.0,5.0,0.0,27,0.05,1,0,0,0
6297,5.0,5.0,0.0,27,0.05,1,0,0,0
6298,5.0,5.0,0.0,23,0.05,1,0,0,0
6299,5.0,5.0,0.0,23,0.05,1,0,0,0
6300,5.0,5.0,0.0,29,0.05,1,0,0,0
6301,5.0,5.0,0.0,23,0.05,1,0,0,0
6302,5.0,5.0,0.0,25,0.05,1,0,0,0
6303,5.0,5.0,0.0,23,0.05,1,0,0,0
6304,5.0,5.0,0.0,31,0.05,1,0,0,0
6305,5.0,5.0,0.0,23,0.05,1,0,0,0
6306,5.0,5.0,0.0,23,0.05,1,0,0,0
6307,5.0,5.0,0.0,25,0.05,1,0,0,0
6308,5.0,5.0,0.0,24,0.05,1,0,0,0
6309,5.0,5.0,0.0,27,0.05,1,0,0,0
6310,5.0,5.0,0.0,23,0.05,1,0,0,0
6311,5.0,5.0,0.0,23,0.05,1,0,0,0
6312,5.0,5.0,0.0,23,0.05,1,0,0,0
6313,5.0,5.0,0.0,26,0.05,1,0,0,0
6314,5.0,5.0,0.0,23,0.05,1,0,0,0
6315,5.0,5.0,0.0,23,0.05,1,0,0,0
6316,5.0,5.0,0.0,27,0.05,1,0,0,0
6317,5.0,5.0,0.0,25,0.05,1,0,0,0
6318,5.0,5.0,0.0,27,0.05,1,0,0,0
6319,5.0,5.0,0.0,23,0.05,1,0,0,0
6320,5.0,5.0,0.0,23,0.05,1,0,0,0
6321,5.0,5.0,0.0,29,0.05,1,0,0,0
6322,5.0,5.0,0.0,25,0.05,1,0,0,0
6323,5.0,5.0,0.0,25,0.05,1,0,0,0
6324,5.0,5.0,0.0,25,0.05,1,0,0,0
6325,5.0,5.0,0.0,25,0.05,1,0,0,0
6326,5.0,5.0,0.0,35,0.05,1,0,0,0
6327,5.0,5.0,0.0,23,0.05,1,0,0,0
6328,5.0,5.0,0.0,23,0.05,1,0,0,0
6329,5.0,5.0,0.0,23,0.05,1,0,0,0
6330,5.0,5.0,0.0,28,0.05,1,0,0,0
6331,5.0,5.0,0.0,23,0.05,1,0,0,0
6332,5.0,5.0,0.0,23,0.05,1,0,0,0
6333,5.0,5.0,0.0,25,0.05,1,0,0,0
6334,5.0,5.0,0.0,25,0.05,1,0,0,0
6335,5.0,5.0,0.0,25,0.05,1,0,0,0
6336,5.0,5.0,0.0,25,0.05,1,0,0,0
6337,5.0,5.0,0.0,23,0.05,1,0,0,0
6338,5.0,5.0,0.0,28,0.05,1,0,0,0
6339,5.0,5.0,0.0,24,0.05,1,0,0,0
6340,5.0,5.0,0.0,25,0.05,1,0,0,0
6341,5.0,5.0,0.0,27,0.05,1,0,0,0
6342,5.0,5.0,0.0,24,0.05,1,0,0,0
6343,5.0,5.0,0.0,23,0.05,1,0,0,0
6344,5.0,5.0,0.0,25,0.05,1,0,0,0
6345,5.0,5.0,0.0,23,0.05,1,0,0,0
6346,5.0,5.0,0.0,27,0.05,1,0,0,0
6347,5.0,5.0,0.0,25,0.05,1,0,0,0
6348,5.0,5.0,0.0,24,0.05,1,0,0,0
6349,5.0,5.0,0.0,30,0.05,1,0,0,0
6350,5.0,5.0,0.0,23,0.05,1,0,0,0
6351,5.0,5.0,0.0,23,0.05,1,0,0,0
6352,5.0,5.0,0.0,25,0.05,1,0,0,0
6353,5.0,5.0,0.0,25,0.05,1,0,0,0
6354,5.0,5.0,0.0,23,0.05,1,0,0,0
6355,5.0,5.0,0.0,25,0.05,1,0,0,0
6356,5.0,5.0,0.0,23,0.05,1,0,0,0
6357,5.0,5.0,0.0,25,0.05,1,0,0,0
6358,5.0,5.0,0.0,23,0.05,1,0,0,0
6359,5.0,5.0,0.0,26,0.05,1,0,0,0
6360,5.0,5.0,0.0,23,0.05,1,0,0,0
6361,5.0,5.0,0.0,25,0.05,1,0,0,0
6362,5.0,5.0,0.0,23,0.05,1,0,0,0
6363,5.0,5.0,0.0,23,0.05,1,0,0,0
6364,5.0,5.0,0.0,29,0.05,1,0,0,0
6365,5.0,5.0,0.0,23,0.05,1,0,0,0
6366,5.0,5.0,0.0,26,0.05,1,0,0,0
6367,5.0,5.0,0.0,23,0.05,1,0,0,0
6368,5.0,5.0,0.0,23,0.05,1,0,0,0
6369,5.0,5.0,0.0,23,0.05,1,0,0,0
6370,5.0,5.0,0.0,25,0.05,1,0,0,0
6371,5.0,5.0,0.0,23,0.05,1,0,0,0
6372,5.0,5.0,0.0,23,0.05,1,0,0,0
6373,5.0,5.0,0.0,23,0.05,1,0,0,0
6374,5.0,5.0,0.0,25,0.05,1,0,0,0
6375,5.0,5.0,0.0,23,0.05,1,0,0,0
6376,5.0,5.0,0.0,23,0.05,1,0,0,0
6377,5.0,5.0,0.0,25,0.05,1,0,0,0
6378,5.0,5.0,0.0,25,0.05,1,0,0,0
6379,5.0,5.0,0.0,27,0.05,1,0,0,0
6380,5.0,5.0,0.0,23,0.05,1,0,0,0
6381,5.0,5.0,0.0,23,0.05,1,0,0,0
6382,5.0,5.0,0.0,27,0.05,1,0,0,0
6383,5.0,5.0,0.0,27,0.05,1,0,0,0
6384,5.0,5.0,0.0,24,0.05,1,0,0,0
6385,5.0,5.0,0.0,23,0.05,1,0,0,0
6386,5.0,5.0,0.0,29,0.05,1,0,0,0
6387,5.0,5.0,0.0,23,0.05,1,0,0,0
6388,5.0,5.0,0.0,23,0.05,1,0,0,0
6389,5.0,5.0,0.0,23,0.05,1,0,0,0
6390,5.0,5.0,0.0,23,0.05,1,0,0,0
6391,5.0,5.0,0.0,23,0.05,1,0,0,0
6392,5.0,5.0,0.0,25,0.05,1,0,0,0
6393,5.0,5.0,0.0,27,0.05,1,0,0,0
6394,5.0,5.0,0.0,27,0.05,1,0,0,0
6395,5.0,5.0,0.0,31,0.05,1,0,0,0
6396,5.0,5.0,0.0,23,0.05,1,0,0,0
6397,5.0,5.0,0.0,25,0.05,1,0,0,0
6398,5.0,5.0,0.0,23,0.05,1,0,0,0
6399,5.0,5.0,0.0,27,0.05,1,0,0,0
6400,5.0,5.0,0.0,27,0.05,1,0,0,0
6401,5.0,5.0,0.0,26,0.05,1,0,0,0
6402,5.0,5.0,0.0,23,0.05,1,0,0,0
6403,5.0,5.0,0.0,23,0.05,1,0,0,0
6404,5.0,5.0,0.0,23,0.05,1,0,0,0
6405,5.0,5.0,0.0,23,0.05,1,0,0,0
6406,5.0,5.0,0.0,24,0.05,1,0,0,0
6407,5.0,5.0,0.0,29,0.05,1,0,0,0
6408,5.0,5.0,0.0,23,0.05,1,0,0,0
6409,5.0,5.0,0.0,23,0.05,1,0,0,0
6410,5.0,5.0,0.0,24,0.05,1,0,0,0
6411,5.0,5.0,0.0,23,0.05,1,0,0,0
6412,5.0,5.0,0.0,29,0.05,1,0,0,0
6413,5.0,5.0,0.0,23,0.05,1,0,0,0
6414,5.0,5.0,0.0,26,0.05,1,0,0,0
6415,5.0,5.0,0.0,23,0.05,1,0,0,0
6416,5.0,5.0,0.0,25,0.05,1,0,0,0
6417,5.0,5.0,0.0,27,0.05,1,0,0,0
6418,5.0,5.0,0.0,31,0.05,1,0,0,0
6419,5.0,5.0,0.0,29,0.05,1,0,0,0
6420,5.0,5.0,0.0,24,0.05,1,0,0,0
6421,5.0,5.0,0.0,23,0.05,1,0,0,0
6422,5.0,5.0,0.0,25,0.05,1,0,0,0
6423,5.0,5.0,0.0,24,0.05,1,0,0,0
6424,5.0,5.0,0.0,25,0.05,1,0,0,0
6425,5.0,5.0,0.0,23,0.05,1,0,0,0
6426,5.0,5.0,0.0,25,0.05,1,0,0,0
6427,5.0,5.0,0.0,23,0.05,1,0,0,0
6428,5.0,5.0,0.0,23,0.05,1,0,0,0
6429,5.0,5.0,0.0,23,0.05,1,0,0,0
6430,5.0,5.0,0.0,23,0.05,1,0,0,0
6431,5.0,5.0,0.0,23,0.05,1,0,0,0
6432,5.0,5.0,0.0,24,0.05,1,0,0,0
6433,5.0,5.0,0.0,23,0.05,1,0,0,0
6434,5.0,5.0,0.0,25,0.05,1,0,0,0
6435,5.0,5.0,0.0,23,0.05,1,0,0,0
6436,5.0,5.0,0.0,23,0.05,1,0,0,0
6437,5.0,5.0,0.0,29,0.05,1,0,0,0
6438,5.0,5.0,0.0,31,0.05,1,0,0,0
6439,5.0,5.0,0.0,23,0.05,1,0,0,0
6440,5.0,5.0,0.0,31,0.05,1,0,0,0
6441,5.0,5.0,0.0,29,0.05,1,0,0,0
6442,5.0,5.0,0.0,23,0.05,1,0,0,0
6443,5.0,5.0,0.0,32,0.05,1,0,0,0
6444,5.0,5.0,0.0,24,0.05,1,0,0,0
6445,5.0,5.0,0.0,23,0.05,1,0,0,0
6446,5.0,5.0,0.0,23,0.05,1,0,0,0
6447,5.0,5.0,0.0,25,0.05,1,0,0,0
6448,5.0,5.0,0.0,23,0.05,1,0,0,0
6449,5.0,5.0,0.0,26,0.05,1,0,0,0
6450,5.0,5.0,0.0,27,0.05,1,0,0,0
6451,5.0,5.0,0.0,26,0.05,1,0,0,0
6452,5.0,5.0,0.0,25,0.05,1,0,0,0
6453,5.0,5.0,0.0,25,0.05,1,0,0,0
6454,5.0,5.0,0.0,24,0.05,1,0,0,0
6455,5.0,5.0,0.0,23,0.05,1,0,0,0
6456,5.0,5.0,0.0,23,0.05,1,0,0,0
6457,5.0,5.0,0.0,28,0.05,1,0,0,0
6458,5.0,5.0,0.0,23,0.05,1,0,0,0
6459,5.0,5.0,0.0,23,0.05,1,0,0,0
6460,5.0,5.0,0.0,25,0.05,1,0,0,0
6461,5.0,5.0,0.0,23,0.05,1,0,0,0
6462,5.0,5.0,0.0,26,0.05,1,0,0,0
6463,5.0,5.0,0.0,29,0.05,1,0,0,0
6464,5.0,5.0,0.0,23,0.05,1,0,0,0
6465,5.0,5.0,0.0,27,0.05,1,0,0,0
6466,5.0,5.0,0.0,23,0.05,1,0,0,0
6467,5.0,5.0,0.0,25,0.05,1,0,0,0
6468,5.0,5.0,0.0,29,0.05,1,0,0,0
6469,5.0,5.0,0.0,23,0.05,1,0,0,0
6470,5.0,5.0,0.0,23,0.05,1,0,0,0
6471,5.0,5.0,0.0,23,0.05,1,0,0,0
6472,5.0,5.0,0.0,27,0.05,1,0,0,0
6473,5.0,5.0,0.0,25,0.05,1,0,0,0
6474,5.0,5.0,0.0,25,0.05,1,0,0,0
6475,5.0,5.0,0.0,23,0.05,1,0,0,0
6476,5.0,5.0,0.0,23,0.05,1,0,0,0
6477,5.0,5.0,0.0,23,0.05,1,0,0,0
6478,5.0,5.0,0.0,23,0.05,1,0,0,0
6479,5.0,5.0,0.0,23,0.05,1,0,0,0
6480,5.0,5.0,0.0,25,0.05,1,0,0,0
6481,5.0,5.0,0.0,25,0.05,1,0,0,0
6482,5.0,5.0,0.0,23,0.05,1,0,0,0
6483,5.0,5.0,0.0,27,0.05,1,0,0,0
6484,5.0,5.0,0.0,25,0.05,1,0,0,0
6485,5.0,5.0,0.0,23,0.05,1,0,0,0
6486,5.0,5.0,0.0,25,0.05,1,0,0,0
6487,5.0,5.0,0.0,23,0.05,1,0,0,0
6488,5.0,5.0,0.0,24,0.05,1,0,0,0
6489,5.0,5.0,0.0,23,0.05,1,0,0,0
6490,5.0,5.0,0.0,23,0.05,1,0,0,0
6491,5.0,5.0,0.0,25,0.05,1,0,0,0
6492,5.0,5.0,0.0,25,0.05,1,0,0,0
6493,5.0,5.0,0.0,23,0.05,1,0,0,0
6494,5.0,5.0,0.0,25,0.05,1,0,0,0
6495,5.0,5.0,0.0,27,0.05,1,0,0,0
6496,5.0,5.0,0.0,23,0.05,1,0,0,0
6497,5.0,5.0,0.0,27,0.05,1,0,0,0
6498,5.0,5.0,0.0,29,0.05,1,0,0,0
6499,5.0,5.0,0.0,27,0.05,1,0,0,0
6500,5.0,5.0,0.0,23,0.05,1,0,0,0
6501,5.0,5.0,0.0,23,0.05,1,0,0,0
6502,5.0,5.0,0.0,25,0.05,1,0,0,0
6503,5.0,5.0,0.0,23,0.05,1,0,0,0
6504,5.0,5.0,0.0,25,0.05,1,0,0,0
6505,5.0,5.0,0.0,33,0.05,1,0,0,0
6506,5.0,5.0,0.0,27,0.05,1,0,0,0
6507,5.0,5.0,0.0,31,0.05,1,0,0,0
6508,5.0,5.0,0.0,29,0.05,1,0,0,0
6509,5.0,5.0,0.0,23,0.05,1,0,0,0
6510,5.0,5.0,0.0,23,0.05,1,0,0,0
6511,5.0,5.0,0.0,27,0.05,1,0,0,0
6512,5.0,5.0,0.0,27,0.05,1,0,0,0
6513,5.0,5.0,0.0,31,0.05,1,0,0,0
6514,5.0,5.0,0.0,23,0.05,1,0,0,0
6515,5.0,5.0,0.0,23,0.05,1,0,0,0
6516,5.0,5.0,0.0,23,0.05,1,0,0,0
6517,5.0,5.0,0.0,25,0.05,1,0,0,0
6518,5.0,5.0,0.0,25,0.05,1,0,0,0
6519,5.0,5.0,0.0,25,0.05,1,0,0,0
6520,5.0,5.0,0.0,25,0.05,1,0,0,0
6521,5.0,5.0,0.0,24,0.05,1,0,0,0
6522,5.0,5.0,0.0,23,0.05,1,0,0,0
6523,5.0,5.0,0.0,23,0.05,1,0,0,0
6524,5.0,5.0,0.0,25,0.05,1,0,0,0
6525,5.0,5.0,0.0,26,0.05,1,0,0,0
6526,5.0,5.0,0.0,28,0.05,1,0,0,0
6527,5.0,5.0,0.0,23,0.05,1,0,0,0
6528,5.0,5.0,0.0,27,0.05,1,0,0,0
6529,5.0,5.0,0.0,23,0.05,1,0,0,0
6530,5.0,5.0,0.0,29,0.05,1,0,0,0
6531,5.0,5.0,0.0,25,0.05,1,0,0,0
6532,5.0,5.0,0.0,29,0.05,1,0,0,0
6533,5.0,5.0,0.0,25,0.05,1,0,0,0
6534,5.0,5.0,0.0,25,0.05,1,0,0,0
6535,5.0,5.0,0.0,27,0.05,1,0,0,0
6536,5.0,5.0,0.0,23,0.05,1,0,0,0
6537,5.0,5.0,0.0,23,0.05,1,0,0,0
6538,5.0,5.0,0.0,23,0.05,1,0,0,0
6539,5.0,5.0,0.0,27,0.05,1,0,0,0
6540,5.0,5.0,0.0,25,0.05,1,0,0,0
6541,5.0,5.0,0.0,25,0.05,1,0,0,0
6542,5.0,5.0,0.0,25,0.05,1,0,0,0
6543,5.0,5.0,0.0,32,0.05,1,0,0,0
6544,5.0,5.0,0.0,25,0.05,1,0,0,0
6545,5.0,5.0,0.0,23,0.05,1,0,0,0
6546,5.0,5.0,0.0,23,0.05,1,0,0,0
6547,5.0,5.0,0.0,25,0.05,1,0,0,0
6548,5.0,5.0,0.0,23,0.05,1,0,0,0
6549,5.0,5.0,0.0,23,0.05,1,0,0,0
6550,5.0,5.0,0.0,23,0.05,1,0,0,0
6551,5.0,5.0,0.0,23,0.05,1,0,0,0
6552,5.0,5.0,0.0,24,0.05,1,0,0,0
6553,5.0,5.0,0.0,23,0.05,1,0,0,0
6554,5.0,5.0,0.0,29,0.05,1,0,0,0
6555,5.0,5.0,0.0,23,0.05,1,0,0,0
6556,5.0,5.0,0.0,23,0.05,1,0,0,0
6557,5.0,5.0,0.0,25,0.05,1,0,0,0
6558,5.0,5.0,0.0,25,0.05,1,0,0,0
6559,5.0,5.0,0.0,27,0.05,1,0,0,0
6560,5.0,5.0,0.0,24,0.05,1,0,0,0
6561,5.0,5.0,0.0,25,0.05,1,0,0,0
6562,5.0,5.0,0.0,23,0.05,1,0,0,0
6563,5.0,5.0,0.0,25,0.05,1,0,0,0
6564,5.0,5.0,0.0,23,0.05,1,0,0,0
6565,5.0,5.0,0.0,25,0.05,1,0,0,0
6566,5.0,5.0,0.0,23,0.05,1,0,0,0
6567,5.0,5.0,0.0,25,0.05,1,0,0,0
6568,5.0,5.0,0.0,31,0.05,1,0,0,0
6569,5.0,5.0,0.0,23,0.05,1,0,0,0
6570,5.0,5.0,0.0,25,0.05,1,0,0,0
6571,5.0,5.0,0.0,23,0.05,1,0,0,0
6572,5.0,5.0,0.0,26,0.05,1,0,0,0
6573,5.0,5.0,0.0,25,0.05,1,0,0,0
6574,5.0,5.0,0.0,23,0.05,1,0,0,0
6575,5.0,5.0,0.0,25,0.05,1,0,0,0
6576,5.0,5.0,0.0,23,0.05,1,0,0,0
6577,5.0,5.0,0.0,23,0.05,1,0,0,0
6578,5.0,5.0,0.0,27,0.05,1,0,0,0
6579,5.0,5.0,0.0,23,0.05,1,0,0,0
6580,5.0,5.0,0.0,23,0.05,1,0,0,0
6581,5.0,5.0,0.0,23,0.05,1,0,0,0
6582,5.0,5.0,0.0,23,0.05,1,0,0,0
6583,5.0,5.0,0.0,24,0.05,1,0,0,0
6584,5.0,5.0,0.0,24,0.05,1,0,0,0
6585,5.0,5.0,0.0,25,0.05,1,0,0,0
6586,5.0,5.0,0.0,23,0.05,1,0,0,0
6587,5.0,5.0,0.0,23,0.05,1,0,0,0
6588,5.0,5.0,0.0,23,0.05,1,0,0,0
6589,5.0,5.0,0.0,23,0.05,1,0,0,0
6590,5.0,5.0,0.0,23,0.05,1,0,0,0
6591,5.0,5.0,0.0,23,0.05,1,0,0,0
6592,5.0,5.0,0.0,30,0.05,1,0,0,0
6593,5.0,5.0,0.0,23,0.05,1,0,0,0
6594,5.0,5.0,0.0,23,0.05,1,0,0,0
6595,5.0,5.0,0.0,23,0.05,1,0,0,0
6596,5.0,5.0,0.0,25,0.05,1,0,0,0
6597,5.0,5.0,0.0,23,0.05,1,0,0,0
6598,5.0,5.0,0.0,23,0.05,1,0,0,0
6599,5.0,5.0,0.0,23,0.05,1,0,0,0
6600,5.0,5.0,0.0,25,0.05,1,0,0,0
6601,5.0,5.0,0.0,23,0.05,1,0,0,0
6602,5.0,5.0,0.0,24,0.05,1,0,0,0
6603,5.0,5.0,0.0,23,0.05,1,0,0,0
6604,5.0,5.0,0.0,25,0.05,1,0,0,0
6605,5.0,5.0,0.0,25,0.05,1,0,0,0
6606,5.0,5.0,0.0,23,0.05,1,0,0,0
6607,5.0,5.0,0.0,23,0.05,1,0,0,0
6608,5.0,5.0,0.0,25,0.05,1,0,0,0
6609,5.0,5.0,0.0,23,0.05,1,0,0,0
6610,5.0,5.0,0.0,23,0.05,1,0,0,0
6611,5.0,5.0,0.0,27,0.05,1,0,0,0
6612,5.0,5.0,0.0,25,0.05,1,0,0,0
6613,5.0,5.0,0.0,23,0.05,1,0,0,0
6614,5.0,5.0,0.0,25,0.05,1,0,0,0
6615,5.0,5.0,0.0,25,0.05,1,0,0,0
6616,5.0,5.0,0.0,25,0.05,1,0,0,0
6617,5.0,5.0,0.0,29,0.05,1,0,0,0
6618,5.0,5.0,0.0,23,0.05,1,0,0,0
6619,5.0,5.0,0.0,25,0.05,1,0,0,0
6620,5.0,5.0,0.0,23,0.05,1,0,0,0
6621,5.0,5.0,0.0,23,0.05,1,0,0,0
6622,5.0,5.0,0.0,23,0.05,1,0,0,0
6623,5.0,5.0,0.0,23,0.05,1,0,0,0
6624,5.0,5.0,0.0,27,0.05,1,0,0,0
6625,5.0,5.0,0.0,23,0.05,1,0,0,0
6626,5.0,5.0,0.0,23,0.05,1,0,0,0
6627,5.0,5.0,0.0,23,0.05,1,0,0,0
6628,5.0,5.0,0.0,23,0.05,1,0,0,0
6629,5.0,5.0,0.0,23,0.05,1,0,0,0
6630,5.0,5.0,0.0,31,0.05,1,0,0,0
6631,5.0,5.0,0.0,26,0.05,1,0,0,0
6632,5.0,5.0,0.0,23,0.05,1,0,0,0
6633,5.0,5.0,0.0,25,0.05,1,0,0,0
6634,5.0,5.0,0.0,27,0.05,1,0,0,0
6635,5.0,5.0,0.0,23,0.05,1,0,0,0
6636,5.0,5.0,0.0,25,0.05,1,0,0,0
6637,5.0,5.0,0.0,25,0.05,1,0,0,0
6638,5.0,5.0,0.0,24,0.05,1,0,0,0
6639,5.0,5.0,0.0,26,0.05,1,0,0,0
6640,5.0,5.0,0.0,23,0.05,1,0,0,0
6641,5.0,5.0,0.0,27,0.05,1,0,0,0
6642,5.0,5.0,0.0,23,0.05,1,0,0,0
6643,5.0,5.0,0.0,24,0.05,1,0,0,0
6644,5.0,5.0,0.0,27,0.05,1,0,0,0
6645,5.0,5.0,0.0,23,0.05,1,0,0,0
6646,5.0,5.0,0.0,25,0.05,1,0,0,0
6647,5.0,5.0,0.0,23,0.05,1,0,0,0
6648,5.0,5.0,0.0,23,0.05,1,0,0,0
6649,5.0,5.0,0.0,23,0.05,1,0,0,0
6650,5.0,5.0,0.0,31,0.05,1,0,0,0
6651,5.0,5.0,0.0,23,0.05,1,0,0,0
6652,5.0,5.0,0.0,23,0.05,1,0,0,0
6653,5.0,5.0,0.0,23,0.05,1,0,0,0
6654,5.0,5.0,0.0,26,0.05,1,0,0,0
6655,5.0,5.0,0.0,24,0.05,1,0,0,0
6656,5.0,5.0,0.0,25,0.05,1,0,0,0
6657,5.0,5.0,0.0,23,0.05,1,0,0,0
6658,5.0,5.0,0.0,25,0.05,1,0,0,0
6659,5.0,5.0,0.0,23,0.05,1,0,0,0
6660,5.0,5.0,0.0,23,0.05,1,0,0,0
6661,5.0,5.0,0.0,23,0.05,1,0,0,0
6662,5.0,5.0,0.0,23,0.05,1,0,0,0
6663,5.0,5.0,0.0,25,0.05,1,0,0,0
6664,5.0,5.0,0.0,25,0.05,1,0,0,0
6665,5.0,5.0,0.0,24,0.05,1,0,0,0
6666,5.0,5.0,0.0,26,0.05,1,0,0,0
6667,5.0,5.0,0.0,27,0.05,1,0,0,0
6668,5.0,5.0,0.0,27,0.05,1,0,0,0
6669,5.0,5.0,0.0,25,0.05,1,0,0,0
6670,5.0,5.0,0.0,27,0.05,1,0,0,0
6671,5.0,5.0,0.0,23,0.05,1,0,0,0
6672,5.0,5.0,0.0,23,0.05,1,0,0,0
6673,5.0,5.0,0.0,26,0.05,1,0,0,0
6674,5.0,5.0,0.0,23,0.05,1,0,0,0
6675,5.0,5.0,0.0,23,0.05,1,0,0,0
6676,5.0,5.0,0.0,23,0.05,1,0,0,0
6677,5.0,5.0,0.0,25,0.05,1,0,0,0
6678,5.0,5.0,0.0,25,0.05,1,0,0,0
6679,5.0,5.0,0.0,26,0.05,1,0,0,0
6680,5.0,5.0,0.0,27,0.05,1,0,0,0
6681,5.0,5.0,0.0,23,0.05,1,0,0,0
6682,5.0,5.0,0.0,23,0.05,1,0,0,0
6683,5.0,5.0,0.0,25,0.05,1,0,0,0
6684,5.0,5.0,0.0,23,0.05,1,0,0,0
6685,5.0,5.0,0.0,25,0.05,1,0,0,0
6686,5.0,5.0,0.0,23,0.05,1,0,0,0
6687,5.0,5.0,0.0,23,0.05,1,0,0,0
6688,5.0,5.0,0.0,25,0.05,1,0,0,0
6689,5.0,5.0,0.0,27,0.05,1,0,0,0
6690,5.0,5.0,0.0,25,0.05,1,0,0,0
6691,5.0,5.0,0.0,25,0.05,1,0,0,0
6692,5.0,5.0,0.0,30,0.05,1,0,0,0
6693,5.0,5.0,0.0,23,0.05,1,0,0,0
6694,5.0,5.0,0.0,25,0.05,1,0,0,0
6695,5.0,5.0,0.0,25,0.05,1,0,0,0
6696,5.0,5.0,0.0,23,0.05,1,0,0,0
6697,5.0,5.0,0.0,23,0.05,1,0,0,0
6698,5.0,5.0,0.0,23,0.05,1,0,0,0
6699,5.0,5.0,0.0,25,0.05,1,0,0,0
6700,5.0,5.0,0.0,25,0.05,1,0,0,0
6701,5.0,5.0,0.0,25,0.05,1,0,0,0
6702,5.0,5.0,0.0,23,0.05,1,0,0,0
6703,5.0,5.0,0.0,23,0.05,1,0,0,0
6704,5.0,5.0,0.0,23,0.05,1,0,0,0
6705,5.0,5.0,0.0,23,0.05,1,0,0,0
6706,5.0,5.0,0.0,25,0.05,1,0,0,0
6707,5.0,5.0,0.0,27,0.05,1,0,0,0
6708,5.0,5.0,0.0,23,0.05,1,0,0,0
6709,5.0,5.0,0.0,24,0.05,1,0,0,0
6710,5.0,5.0,0.0,23,0.05,1,0,0,0
6711,5.0,5.0,0.0,25,0.05,1,0,0,0
6712,5.0,5.0,0.0,23,0.05,1,0,0,0
6713,5.0,5.0,0.0,23,0.05,1,0,0,0
6714,5.0,5.0,0.0,23,0.05,1,0,0,0
6715,5.0,5.0,0.0,24,0.05,1,0,0,0
6716,5.0,5.0,0.0,23,0.05,1,0,0,0
6717,5.0,5.0,0.0,27,0.05,1,0,0,0
6718,5.0,5.0,0.0,25,0.05,1,0,0,0
6719,5.0,5.0,0.0,25,0.05,1,0,0,0
6720,5.0,5.0,0.0,23,0.05,1,0,0,0
6721,5.0,5.0,0.0,23,0.05,1,0,0,0
6722,5.0,5.0,0.0,25,0.05,1,0,0,0
6723,5.0,5.0,0.0,23,0.05,1,0,0,0
6724,5.0,5.0,0.0,23,0.05,1,0,0,0
6725,5.0,5.0,0.0,23,0.05,1,0,0,0
6726,5.0,5.0,0.0,25,0.05,1,0,0,0
6727,5.0,5.0,0.0,25,0.05,1,0,0,0
6728,5.0,5.0,0.0,23,0.05,1,0,0,0
6729,5.0,5.0,0.0,25,0.05,1,0,0,0
6730,5.0,5.0,0.0,25,0.05,1,0,0,0
6731,5.0,5.0,0.0,23,0.05,1,0,0,0
6732,5.0,5.0,0.0,23,0.05,1,0,0,0
6733,5.0,5.0,0.0,23,0.05,1,0,0,0
6734,5.0,5.0,0.0,23,0.05,1,0,0,0
6735,5.0,5.0,0.0,23,0.05,1,0,0,0
6736,5.0,5.0,0.0,25,0.05,1,0,0,0
6737,5.0,5.0,0.0,23,0.05,1,0,0,0
6738,5.0,5.0,0.0,24,0.05,1,0,0,0
6739,5.0,5.0,0.0,25,0.05,1,0,0,0
6740,5.0,5.0,0.0,25,0.05,1,0,0,0
6741,5.0,5.0,0.0,23,0.05,1,0,0,0
6742,5.0,5.0,0.0,23,0.05,1,0,0,0
6743,5.0,5.0,0.0,23,0.05,1,0,0,0
6744,5.0,5.0,0.0,23,0.05,1,0,0,0
6745,5.0,5.0,0.0,23,0.05,1,0,0,0
6746,5.0,5.0,0.0,27,0.05,1,0,0,0
6747,5.0,5.0,0.0,23,0.05,1,0,0,0
6748,5.0,5.0,0.0,23,0.05,1,0,0,0
6749,5.0,5.0,0.0,23,0.05,1,0,0,0
6750,5.0,5.0,0.0,25,0.05,1,0,0,0
6751,5.0,5.0,0.0,23,0.05,1,0,0,0
6752,5.0,5.0,0.0,27,0.05,1,0,0,0
6753,5.0,5.0,0.0,23,0.05,1,0,0,0
6754,5.0,5.0,0.0,23,0.05,1,0,0,0
6755,5.0,5.0,0.0,23,0.05,1,0,0,0
6756,5.0,5.0,0.0,23,0.05,1,0,0,0
6757,5.0,5.0,0.0,25,0.05,1,0,0,0
6758,5.0,5.0,0.0,25,0.05,1,0,0,0
6759,5.0,5.0,0.0,24,0.05,1,0,0,0
6760,5.0,5.0,0.0,25,0.05,1,0,0,0
6761,5.0,5.0,0.0,23,0.05,1,0,0,0
6762,5.0,5.0,0.0,27,0.05,1,0,0,0
6763,5.0,5.0,0.0,23,0.05,1,0,0,0
6764,5.0,5.0,0.0,23,0.05,1,0,0,0
6765,5.0,5.0,0.0,32,0.05,1,0,0,0
6766,5.0,5.0,0.0,23,0.05,1,0,0,0
6767,5.0,5.0,0.0,23,0.05,1,0,0,0
6768,5.0,5.0,0.0,23,0.05,1,0,0,0
6769,5.0,5.0,0.0,25,0.05,1,0,0,0
6770,5.0,5.0,0.0,23,0.05,1,0,0,0
6771,5.0,5.0,0.0,24,0.05,1,0,0,0
6772,5.0,5.0,0.0,27,0.05,1,0,0,0
6773,5.0,5.0,0.0,23,0.05,1,0,0,0
6774,5.0,5.0,0.0,23,0.05,1,0,0,0
6775,5.0,5.0,0.0,25,0.05,1,0,0,0
6776,5.0,5.0,0.0,25,0.05,1,0,0,0
6777,5.0,5.0,0.0,23,0.05,1,0,0,0
6778,5.0,5.0,0.0,25,0.05,1,0,0,0
6779,5.0,5.0,0.0,23,0.05,1,0,0,0
6780,5.0,5.0,0.0,27,0.05,1,0,0,0
6781,5.0,5.0,0.0,25,0.05,1,0,0,0
6782,5.0,5.0,0.0,27,0.05,1,0,0,0
6783,5.0,5.0,0.0,25,0.05,1,0,0,0
6784,5.0,5.0,0.0,24,0.05,1,0,0,0
6785,5.0,5.0,0.0,23,0.05,1,0,0,0
6786,5.0,5.0,0.0,23,0.05,1,0,0,0
6787,5.0,5.0,0.0,23,0.05,1,0,0,0
6788,5.0,5.0,0.0,23,0.05,1,0,0,0
6789,5.0,5.0,0.0,23,0.05,1,0,0,0
6790,5.0,5.0,0.0,23,0.05,1,0,0,0
6791,5.0,5.0,0.0,27,0.05,1,0,0,0
6792,5.0,5.0,0.0,24,0.05,1,0,0,0
6793,5.0,5.0,0.0,25,0.05,1,0,0,0
6794,5.0,5.0,0.0,27,0.05,1,0,0,0
6795,5.0,5.0,0.0,27,0.05,1,0,0,0
6796,5.0,5.0,0.0,23,0.05,1,0,0,0
6797,5.0,5.0,0.0,25,0.05,1,0,0,0
6798,5.0,5.0,0.0,23,0.05,1,0,0,0
6799,5.0,5.0,0.0,27,0.05,1,0,0,0
6800,5.0,5.0,0.0,23,0.05,1,0,0,0
6801,5.0,5.0,0.0,23,0.05,1,0,0,0
6802,5.0,5.0,0.0,23,0.05,1,0,0,0
6803,5.0,5.0,0.0,23,0.05,1,0,0,0
6804,5.0,5.0,0.0,23,0.05,1,0,0,0
6805,5.0,5.0,0.0,25,0.05,1,0,0,0
6806,5.0,5.0,0.0,23,0.05,1,0,0,0
6807,5.0,5.0,0.0,23,0.05,1,0,0,0
6808,5.0,5.0,0.0,27,0.05,1,0,0,0
6809,5.0,5.0,0.0,23,0.05,1,0,0,0
6810,5.0,5.0,0.0,27,0.05,1,0,0,0
6811,5.0,5.0,0.0,23,0.05,1,0,0,0
6812,5.0,5.0,0.0,25,0.05,1,0,0,0
6813,5.0,5.0,0.0,25,0.05,1,0,0,0
6814,5.0,5.0,0.0,26,0.05,1,0,0,0
6815,5.0,5.0,0.0,23,0.05,1,0,0,0
6816,5.0,5.0,0.0,25,0.05,1,0,0,0
6817,5.0,5.0,0.0,24,0.05,1,0,0,0
6818,5.0,5.0,0.0,23,0.05,1,0,0,0
6819,5.0,5.0,0.0,23,0.05,1,0,0,0
6820,5.0,5.0,0.0,23,0.05,1,0,0,0
6821,5.0,5.0,0.0,23,0.05,1,0,0,0
6822,5.0,5.0,0.0,27,0.05,1,0,0,0
6823,5.0,5.0,0.0,25,0.05,1,0,0,0
6824,5.0,5.0,0.0,25,0.05,1,0,0,0
6825,5.0,5.0,0.0,24,0.05,1,0,0,0
6826,5.0,5.0,0.0,23,0.05,1,0,0,0
6827,5.0,5.0,0.0,23,0.05,1,0,0,0
6828,5.0,5.0,0.0,23,0.05,1,0,0,0
6829,5.0,5.0,0.0,23,0.05,1,0,0,0
6830,5.0,5.0,0.0,25,0.05,1,0,0,0
6831,5.0,5.0,0.0,25,0.05,1,0,0,0
6832,5.0,5.0,0.0,25,0.05,1,0,0,0
6833,5.0,5.0,0.0,23,0.05,1,0,0,0
6834,5.0,5.0,0.0,25,0.05,1,0,0,0
6835,5.0,5.0,0.0,23,0.05,1,0,0,0
6836,5.0,5.0,0.0,23,0.05,1,0,0,0
6837,5.0,5.0,0.0,23,0.05,1,0,0,0
6838,5.0,5.0,0.0,24,0.05,1,0,0,0
6839,5.0,5.0,0.0,27,0.05,1,0,0,0
6840,5.0,5.0,0.0,23,0.05,1,0,0,0
6841,5.0,5.0,0.0,23,0.05,1,0,0,0
6842,5.0,5.0,0.0,23,0.05,1,0,0,0
6843,5.0,5.0,0.0,23,0.05,1,0,0,0
6844,5.0,5.0,0.0,23,0.05,1,0,0,0
6845,5.0,5.0,0.0,26,0.05,1,0,0,0
6846,5.0,5.0,0.0,31,0.05,1,0,0,0
6847,5.0,5.0,0.0,23,0.05,1,0,0,0
6848,5.0,5.0,0.0,23,0.05,1,0,0,0
6849,5.0,5.0,0.0,24,0.05,1,0,0,0
6850,5.0,5.0,0.0,25,0.05,1,0,0,0
6851,5.0,5.0,0.0,23,0.05,1,0,0,0
6852,5.0,5.0,0.0,23,0.05,1,0,0,0
6853,5.0,5.0,0.0,23,0.05,1,0,0,0
6854,5.0,5.0,0.0,27,0.05,1,0,0,0
6855,5.0,5.0,0.0,25,0.05,1,0,0,0
6856,5.0,5.0,0.0,27,0.05,1,0,0,0
6857,5.0,5.0,0.0,27,0.05,1,0,0,0
6858,5.0,5.0,0.0,23,0.05,1,0,0,0
6859,5.0,5.0,0.0,25,0.05,1,0,0,0
6860,5.0,5.0,0.0,25,0.05,1,0,0,0
6861,5.0,5.0,0.0,23,0.05,1,0,0,0
6862,5.0,5.0,0.0,23,0.05,1,0,0,0
6863,5.0,5.0,0.0,23,0.05,1,0,0,0
6864,5.0,5.0,0.0,29,0.05,1,0,0,0
6865,5.0,5.0,0.0,27,0.05,1,0,0,0
6866,5.0,5.0,0.0,25,0.05,1,0,0,0
6867,5.0,5.0,0.0,23,0.05,1,0,0,0
6868,5.0,5.0,0.0,27,0.05,1,0,0,0
6869,5.0,5.0,0.0,29,0.05,1,0,0,0
6870,5.0,5.0,0.0,29,0.05,1,0,0,0
6871,5.0,5.0,0.0,23,0.05,1,0,0,0
6872,5.0,5.0,0.0,24,0.05,1,0,0,0
6873,5.0,5.0,0.0,30,0.05,1,0,0,0
6874,5.0,5.0,0.0,25,0.05,1,0,0,0
6875,5.0,5.0,0.0,25,0.05,1,0,0,0
6876,5.0,5.0,0.0,23,0.05,1,0,0,0
6877,5.0,5.0,0.0,23,0.05,1,0,0,0
6878,5.0,5.0,0.0,23,0.05,1,0,0,0
6879,5.0,5.0,0.0,23,0.05,1,0,0,0
6880,5.0,5.0,0.0,23,0.05,1,0,0,0
6881,5.0,5.0,0.0,27,0.05,1,0,0,0
6882,5.0,5.0,0.0,23,0.05,1,0,0,0
6883,5.0,5.0,0.0,23,0.05,1,0,0,0
6884,5.0,5.0,0.0,27,0.05,1,0,0,0
6885,5.0,5.0,0.0,23,0.05,1,0,0,0
6886,5.0,5.0,0.0,25,0.05,1,0,0,0
6887,5.0,5.0,0.0,25,0.05,1,0,0,0
6888,5.0,5.0,0.0,23,0.05,1,0,0,0
6889,5.0,5.0,0.0,23,0.05,1,0,0,0
6890,5.0,5.0,0.0,23,0.05,1,0,0,0
6891,5.0,5.0,0.0,29,0.05,1,0,0,0
6892,5.0,5.0,0.0,25,0.05,1,0,0,0
6893,5.0,5.0,0.0,25,0.05,1,0,0,0
6894,5.0,5.0,0.0,23,0.05,1,0,0,0
6895,5.0,5.0,0.0,25,0.05,1,0,0,0
6896,5.0,5.0,0.0,26,0.05,1,0,0,0
6897,5.0,5.0,0.0,27,0.05,1,0,0,0
6898,5.0,5.0,0.0,23,0.05,1,0,0,0
6899,5.0,5.0,0.0,27,0.05,1,0,0,0
6900,5.0,5.0,0.0,23,0.05,1,0,0,0
6901,5.0,5.0,0.0,23,0.05,1,0,0,0
6902,5.0,5.0,0.0,25,0.05,1,0,0,0
6903,5.0,5.0,0.0,23,0.05,1,0,0,0
6904,5.0,5.0,0.0,23,0.05,1,0,0,0
6905,5.0,5.0,0.0,27,0.05,1,0,0,0
6906,5.0,5.0,0.0,25,0.05,1,0,0,0
6907,5.0,5.0,0.0,26,0.05,1,0,0,0
6908,5.0,5.0,0.0,23,0.05,1,0,0,0
6909,5.0,5.0,0.0,23,0.05,1,0,0,0
6910,5.0,5.0,0.0,23,0.05,1,0,0,0
6911,5.0,5.0,0.0,25,0.05,1,0,0,0
6912,5.0,5.0,0.0,31,0.05,1,0,0,0
6913,5.0,5.0,0.0,25,0.05,1,0,0,0
6914,5.0,5.0,0.0,23,0.05,1,0,0,0
6915,5.0,5.0,0.0,25,0.05,1,0,0,0
6916,5.0,5.0,0.0,25,0.05,1,0,0,0
6917,5.0,5.0,0.0,27,0.05,1,0,0,0
6918,5.0,5.0,0.0,25,0.05,1,0,0,0
6919,5.0,5.0,0.0,27,0.05,1,0,0,0
6920,5.0,5.0,0.0,25,0.05,1,0,0,0
6921,5.0,5.0,0.0,23,0.05,1,0,0,0
6922,5.0,5.0,0.0,28,0.05,1,0,0,0
6923,5.0,5.0,0.0,23,0.05,1,0,0,0
6924,5.0,5.0,0.0,25,0.05,1,0,0,0
6925,5.0,5.0,0.0,23,0.05,1,0,0,0
6926,5.0,5.0,0.0,23,0.05,1,0,0,0
6927,5.0,5.0,0.0,23,0.05,1,0,0,0
6928,5.0,5.0,0.0,23,0.05,1,0,0,0
6929,5.0,5.0,0.0,23,0.05,1,0,0,0
6930,5.0,5.0,0.0,25,0.05,1,0,0,0
6931,5.0,5.0,0.0,25,0.05,1,0,0,0
6932,5.0,5.0,0.0,25,0.05,1,0,0,0
6933,5.0,5.0,0.0,23,0.05,1,0,0,0
6934,5.0,5.0,0.0,23,0.05,1,0,0,0
6935,5.0,5.0,0.0,23,0.05,1,0,0,0
6936,5.0,5.0,0.0,23,0.05,1,0,0,0
6937,5.0,5.0,0.0,23,0.05,1,0,0,0
6938,5.0,5.0,0.0,23,0.05,1,0,0,0
6939,5.0,5.0,0.0,31,0.05,1,0,0,0
6940,5.0,5.0,0.0,25,0.05,1,0,0,0
6941,5.0,5.0,0.0,24,0.05,1,0,0,0
6942,5.0,5.0,0.0,23,0.05,1,0,0,0
6943,5.0,5.0,0.0,25,0.05,1,0,0,0
6944,5.0,5.0,0.0,24,0.05,1,0,0,0
6945,5.0,5.0,0.0,27,0.05,1,0,0,0
6946,5.0,5.0,0.0,25,0.05,1,0,0,0
6947,5.0,5.0,0.0,23,0.05,1,0,0,0
6948,5.0,5.0,0.0,23,0.05,1,0,0,0
6949,5.0,5.0,0.0,23,0.05,1,0,0,0
6950,5.0,5.0,0.0,23,0.05,1,0,0,0
6951,5.0,5.0,0.0,26,0.05,1,0,0,0
6952,5.0,5.0,0.0,23,0.05,1,0,0,0
6953,5.0,5.0,0.0,23,0.05,1,0,0,0
6954,5.0,5.0,0.0,23,0.05,1,0,0,0
6955,5.0,5.0,0.0,23,0.05,1,0,0,0
6956,5.0,5.0,0.0,23,0.05,1,0,0,0
6957,5.0,5.0,0.0,23,0.05,1,0,0,0
6958,5.0,5.0,0.0,27,0.05,1,0,0,0
6959,5.0,5.0,0.0,25,0.05,1,0,0,0
6960,5.0,5.0,0.0,23,0.05,1,0,0,0
6961,5.0,5.0,0.0,23,0.05,1,0,0,0
6962,5.0,5.0,0.0,23,0.05,1,0,0,0
6963,5.0,5.0,0.0,25,0.05,1,0,0,0
6964,5.0,5.0,0.0,27,0.05,1,0,0,0
6965,5.0,5.0,0.0,27,0.05,1,0,0,0
6966,5.0,5.0,0.0,23,0.05,1,0,0,0
6967,5.0,5.0,0.0,25,0.05,1,0,0,0
6968,5.0,5.0,0.0,23,0.05,1,0,0,0
6969,5.0,5.0,0.0,23,0.05,1,0,0,0
6970,5.0,5.0,0.0,25,0.05,1,0,0,0
6971,5.0,5.0,0.0,23,0.05,1,0,0,0
6972,5.0,5.0,0.0,23,0.05,1,0,0,0
6973,5.0,5.0,0.0,25,0.05,1,0,0,0
6974,5.0,5.0,0.0,25,0.05,1,0,0,0
6975,5.0,5.0,0.0,23,0.05,1,0,0,0
6976,5.0,5.0,0.0,25,0.05,1,0,0,0
6977,5.0,5.0,0.0,27,0.05,1,0,0,0
6978,5.0,5.0,0.0,27,0.05,1,0,0,0
6979,5.0,5.0,0.0,23,0.05,1,0,0,0
6980,5.0,5.0,0.0,28,0.05,1,0,0,0
6981,5.0,5.0,0.0,28,0.05,1,0,0,0
6982,5.0,5.0,0.0,26,0.05,1,0,0,0
6983,5.0,5.0,0.0,25,0.05,1,0,0,0
6984,5.0,5.0,0.0,27,0.05,1,0,0,0
6985,5.0,5.0,0.0,25,0.05,1,0,0,0
6986,5.0,5.0,0.0,23,0.05,1,0,0,0
6987,5.0,5.0,0.0,25,0.05,1,0,0,0
6988,5.0,5.0,0.0,25,0.05,1,0,0,0
6989,5.0,5.0,0.0,23,0.05,1,0,0,0
6990,5.0,5.0,0.0,25,0.05,1,0,0,0
6991,5.0,5.0,0.0,27,0.05,1,0,0,0
6992,5.0,5.0,0.0,24,0.05,1,0,0,0
6993,5.0,5.0,0.0,25,0.05,1,0,0,0
6994,5.0,5.0,0.0,25,0.05,1,0,0,0
6995,5.0,5.0,0.0,29,0.05,1,0,0,0
6996,5.0,5.0,0.0,24,0.05,1,0,0,0
6997,5.0,5.0,0.0,23,0.05,1,0,0,0
6998,5.0,5.0,0.0,25,0.05,1,0,0,0
6999,5.0,5.0,0.0,23,0.05,1,0,0,0
7000,5.0,5.0,0.0,23,0.05,1,0,0,0
7001,5.0,5.0,0.0,23,0.05,1,0,0,0
7002,5.0,5.0,0.0,25,0.05,1,0,0,0
7003,5.0,5.0,0.0,26,0.05,1,0,0,0
7004,5.0,5.0,0.0,25,0.05,1,0,0,0
7005,5.0,5.0,0.0,24,0.05,1,0,0,0
7006,5.0,5.0,0.0,23,0.05,1,0,0,0
7007,5.0,5.0,0.0,23,0.05,1,0,0,0
7008,5.0,5.0,0.0,23,0.05,1,0,0,0
7009,5.0,5.0,0.0,23,0.05,1,0,0,0
7010,5.0,5.0,0.0,25,0.05,1,0,0,0
7011,5.0,5.0,0.0,23,0.05,1,0,0,0
7012,5.0,5.0,0.0,25,0.05,1,0,0,0
7013,5.0,5.0,0.0,25,0.05,1,0,0,0
7014,5.0,5.0,0.0,24,0.05,1,0,0,0
7015,5.0,5.0,0.0,25,0.05,1,0,0,0
7016,5.0,5.0,0.0,27,0.05,1,0,0,0
7017,5.0,5.0,0.0,23,0.05,1,0,0,0
7018,5.0,5.0,0.0,27,0.05,1,0,0,0
7019,5.0,5.0,0.0,25,0.05,1,0,0,0
7020,5.0,5.0,0.0,27,0.05,1,0,0,0
7021,5.0,5.0,0.0,25,0.05,1,0,0,0
7022,5.0,5.0,0.0,23,0.05,1,0,0,0
7023,5.0,5.0,0.0,25,0.05,1,0,0,0
7024,5.0,5.0,0.0,23,0.05,1,0,0,0
7025,5.0,5.0,0.0,23,0.05,1,0,0,0
7026,5.0,5.0,0.0,25,0.05,1,0,0,0
7027,5.0,5.0,0.0,24,0.05,1,0,0,0
7028,5.0,5.0,0.0,25,0.05,1,0,0,0
7029,5.0,5.0,0.0,25,0.05,1,0,0,0
7030,5.0,5.0,0.0,25,0.05,1,0,0,0
7031,5.0,5.0,0.0,25,0.05,1,0,0,0
7032,5.0,5.0,0.0,23,0.05,1,0,0,0
7033,5.0,5.0,0.0,25,0.05,1,0,0,0
7034,5.0,5.0,0.0,27,0.05,1,0,0,0
7035,5.0,5.0,0.0,28,0.05,1,0,0,0
7036,5.0,5.0,0.0,27,0.05,1,0,0,0
7037,5.0,5.0,0.0,23,0.05,1,0,0,0
7038,5.0,5.0,0.0,25,0.05,1,0,0,0
7039,5.0,5.0,0.0,27,0.05,1,0,0,0
7040,5.0,5.0,0.0,25,0.05,1,0,0,0
7041,5.0,5.0,0.0,23,0.05,1,0,0,0
7042,5.0,5.0,0.0,23,0.05,1,0,0,0
7043,5.0,5.0,0.0,25,0.05,1,0,0,0
7044,5.0,5.0,0.0,23,0.05,1,0,0,0
7045,5.0,5.0,0.0,23,0.05,1,0,0,0
7046,5.0,5.0,0.0,25,0.05,1,0,0,0
7047,5.0,5.0,0.0,23,0.05,1,0,0,0
7048,5.0,5.0,0.0,25,0.05,1,0,0,0
7049,5.0,5.0,0.0,28,0.05,1,0,0,0
7050,5.0,5.0,0.0,23,0.05,1,0,0,0
7051,5.0,5.0,0.0,25,0.05,1,0,0,0
7052,5.0,5.0,0.0,23,0.05,1,0,0,0
7053,5.0,5.0,0.0,24,0.05,1,0,0,0
7054,5.0,5.0,0.0,23,0.05,1,0,0,0
7055,5.0,5.0,0.0,25,0.05,1,0,0,0
7056,5.0,5.0,0.0,25,0.05,1,0,0,0
7057,5.0,5.0,0.0,25,0.05,1,0,0,0
7058,5.0,5.0,0.0,25,0.05,1,0,0,0
7059,5.0,5.0,0.0,25,0.05,1,0,0,0
7060,5.0,5.0,0.0,24,0.05,1,0,0,0
7061,5.0,5.0,0.0,23,0.05,1,0,0,0
7062,5.0,5.0,0.0,27,0.05,1,0,0,0
7063,5.0,5.0,0.0,23,0.05,1,0,0,0
7064,5.0,5.0,0.0,23,0.05,1,0,0,0
7065,5.0,5.0,0.0,23,0.05,1,0,0,0
7066,5.0,5.0,0.0,25,0.05,1,0,0,0
7067,5.0,5.0,0.0,23,0.05,1,0,0,0
7068,5.0,5.0,0.0,25,0.05,1,0,0,0
7069,5.0,5.0,0.0,25,0.05,1,0,0,0
7070,5.0,5.0,0.0,25,0.05,1,0,0,0
7071,5.0,5.0,0.0,27,0.05,1,0,0,0
7072,5.0,5.0,0.0,27,0.05,1,0,0,0
7073,5.0,5.0,0.0,26,0.05,1,0,0,0
7074,5.0,5.0,0.0,29,0.05,1,0,0,0
7075,5.0,5.0,0.0,25,0.05,1,0,0,0
7076,5.0,5.0,0.0,25,0.05,1,0,0,0
7077,5.0,5.0,0.0,23,0.05,1,0,0,0
7078,5.0,5.0,0.0,27,0.05,1,0,0,0
7079,5.0,5.0,0.0,23,0.05,1,0,0,0
7080,5.0,5.0,0.0,24,0.05,1,0,0,0
7081,5.0,5.0,0.0,23,0.05,1,0,0,0
7082,5.0,5.0,0.0,23,0.05,1,0,0,0
7083,5.0,5.0,0.0,23,0.05,1,0,0,0
7084,5.0,5.0,0.0,27,0.05,1,0,0,0
7085,5.0,5.0,0.0,25,0.05,1,0,0,0
7086,5.0,5.0,0.0,23,0.05,1,0,0,0
7087,5.0,5.0,0.0,23,0.05,1,0,0,0
7088,5.0,5.0,0.0,25,0.05,1,0,0,0
7089,5.0,5.0,0.0,23,0.05,1,0,0,0
7090,5.0,5.0,0.0,23,0.05,1,0,0,0
7091,5.0,5.0,0.0,29,0.05,1,0,0,0
7092,5.0,5.0,0.0,23,0.05,1,0,0,0
7093,5.0,5.0,0.0,23,0.05,1,0,0,0
7094,5.0,5.0,0.0,27,0.05,1,0,0,0
7095,5.0,5.0,0.0,27,0.05,1,0,0,0
7096,5.0,5.0,0.0,25,0.05,1,0,0,0
7097,5.0,5.0,0.0,25,0.05,1,0,0,0
7098,5.0,5.0,0.0,25,0.05,1,0,0,0
7099,5.0,5.0,0.0,23,0.05,1,0,0,0
7100,5.0,5.0,0.0,25,0.05,1,0,0,0
7101,5.0,5.0,0.0,29,0.05,1,0,0,0
7102,5.0,5.0,0.0,23,0.05,1,0,0,0
7103,5.0,5.0,0.0,23,0.05,1,0,0,0
7104,5.0,5.0,0.0,27,0.05,1,0,0,0
7105,5.0,5.0,0.0,23,0.05,1,0,0,0
7106,5.0,5.0,0.0,23,0.05,1,0,0,0
7107,5.0,5.0,0.0,29,0.05,1,0,0,0
7108,5.0,5.0,0.0,23,0.05,1,0,0,0
7109,5.0,5.0,0.0,29,0.05,1,0,0,0
7110,5.0,5.0,0.0,23,0.05,1,0,0,0
7111,5.0,5.0,0.0,23,0.05,1,0,0,0
7112,5.0,5.0,0.0,23,0.05,1,0,0,0
7113,5.0,5.0,0.0,23,0.05,1,0,0,0
7114,5.0,5.0,0.0,23,0.05,1,0,0,0
7115,5.0,5.0,0.0,23,0.05,1,0,0,0
7116,5.0,5.0,0.0,29,0.05,1,0,0,0
7117,5.0,5.0,0.0,23,0.05,1,0,0,0
7118,5.0,5.0,0.0,23,0.05,1,0,0,0
7119,5.0,5.0,0.0,25,0.05,1,0,0,0
7120,5.0,5.0,0.0,23,0.05,1,0,0,0
7121,5.0,5.0,0.0,23,0.05,1,0,0,0
7122,5.0,5.0,0.0,23,0.05,1,0,0,0
7123,5.0,5.0,0.0,25,0.05,1,0,0,0
7124,5.0,5.0,0.0,29,0.05,1,0,0,0
7125,5.0,5.0,0.0,26,0.05,1,0,0,0
7126,5.0,5.0,0.0,23,0.05,1,0,0,0
7127,5.0,5.0,0.0,25,0.05,1,0,0,0
7128,5.0,5.0,0.0,25,0.05,1,0,0,0
7129,5.0,5.0,0.0,25,0.05,1,0,0,0
7130,5.0,5.0,0.0,23,0.05,1,0,0,0
7131,5.0,5.0,0.0,25,0.05,1,0,0,0
7132,5.0,5.0,0.0,25,0.05,1,0,0,0
7133,5.0,5.0,0.0,27,0.05,1,0,0,0
7134,5.0,5.0,0.0,25,0.05,1,0,0,0
7135,5.0,5.0,0.0,25,0.05,1,0,0,0
7136,5.0,5.0,0.0,25,0.05,1,0,0,0
7137,5.0,5.0,0.0,23,0.05,1,0,0,0
7138,5.0,5.0,0.0,23,0.05,1,0,0,0
7139,5.0,5.0,0.0,23,0.05,1,0,0,0
7140,5.0,5.0,0.0,23,0.05,1,0,0,0
7141,5.0,5.0,0.0,25,0.05,1,0,0,0
7142,5.0,5.0,0.0,23,0.05,1,0,0,0
7143,5.0,5.0,0.0,23,0.05,1,0,0,0
7144,5.0,5.0,0.0,23,0.05,1,0,0,0
7145,5.0,5.0,0.0,30,0.05,1,0,0,0
7146,5.0,5.0,0.0,31,0.05,1,0,0,0
7147,5.0,5.0,0.0,23,0.05,1,0,0,0
7148,5.0,5.0,0.0,23,0.05,1,0,0,0
7149,5.0,5.0,0.0,23,0.05,1,0,0,0
7150,5.0,5.0,0.0,23,0.05,1,0,0,0
7151,5.0,5.0,0.0,23,0.05,1,0,0,0
7152,5.0,5.0,0.0,25,0.05,1,0,0,0
7153,5.0,5.0,0.0,25,0.05,1,0,0,0
7154,5.0,5.0,0.0,27,0.05,1,0,0,0
7155,5.0,5.0,0.0,24,0.05,1,0,0,0
7156,5.0,5.0,0.0,25,0.05,1,0,0,0
7157,5.0,5.0,0.0,25,0.05,1,0,0,0
7158,5.0,5.0,0.0,23,0.05,1,0,0,0
7159,5.0,5.0,0.0,27,0.05,1,0,0,0
7160,5.0,5.0,0.0,23,0.05,1,0,0,0
7161,5.0,5.0,0.0,23,0.05,1,0,0,0
7162,5.0,5.0,0.0,25,0.05,1,0,0,0
7163,5.0,5.0,0.0,23,0.05,1,0,0,0
7164,5.0,5.0,0.0,23,0.05,1,0,0,0
7165,5.0,5.0,0.0,25,0.05,1,0,0,0
7166,5.0,5.0,0.0,23,0.05,1,0,0,0
7167,5.0,5.0,0.0,23,0.05,1,0,0,0
7168,5.0,5.0,0.0,25,0.05,1,0,0,0
7169,5.0,5.0,0.0,31,0.05,1,0,0,0
7170,5.0,5.0,0.0,30,0.05,1,0,0,0
7171,5.0,5.0,0.0,26,0.05,1,0,0,0
7172,5.0,5.0,0.0,23,0.05,1,0,0,0
7173,5.0,5.0,0.0,25,0.05,1,0,0,0
7174,5.0,5.0,0.0,23,0.05,1,0,0,0
7175,5.0,5.0,0.0,25,0.05,1,0,0,0
7176,5.0,5.0,0.0,23,0.05,1,0,0,0
7177,5.0,5.0,0.0,26,0.05,1,0,0,0
7178,5.0,5.0,0.0,25,0.05,1,0,0,0
7179,5.0,5.0,0.0,31,0.05,1,0,0,0
7180,5.0,5.0,0.0,23,0.05,1,0,0,0
7181,5.0,5.0,0.0,23,0.05,1,0,0,0
7182,5.0,5.0,0.0,27,0.05,1,0,0,0
7183,5.0,5.0,0.0,27,0.05,1,0,0,0
7184,5.0,5.0,0.0,25,0.05,1,0,0,0
7185,5.0,5.0,0.0,23,0.05,1,0,0,0
7186,5.0,5.0,0.0,23,0.05,1,0,0,0
7187,5.0,5.0,0.0,25,0.05,1,0,0,0
7188,5.0,5.0,0.0,27,0.05,1,0,0,0
7189,5.0,5.0,0.0,25,0.05,1,0,0,0
7190,5.0,5.0,0.0,23,0.05,1,0,0,0
7191,5.0,5.0,0.0,23,0.05,1,0,0,0
7192,5.0,5.0,0.0,23,0.05,1,0,0,0
7193,5.0,5.0,0.0,25,0.05,1,0,0,0
7194,5.0,5.0,0.0,25,0.05,1,0,0,0
7195,5.0,5.0,0.0,25,0.05,1,0,0,0
7196,5.0,5.0,0.0,25,0.05,1,0,0,0
7197,5.0,5.0,0.0,25,0.05,1,0,0,0
7198,5.0,5.0,0.0,23,0.05,1,0,0,0
7199,5.0,5.0,0.0,23,0.05,1,0,0,0
7200,5.0,5.0,0.0,25,0.05,1,0,0,0
7201,5.0,5.0,0.0,23,0.05,1,0,0,0
7202,5.0,5.0,0.0,23,0.05,1,0,0,0
7203,5.0,5.0,0.0,25,0.05,1,0,0,0
7204,5.0,5.0,0.0,29,0.05,1,0,0,0
7205,5.0,5.0,0.0,25,0.05,1,0,0,0
7206,5.0,5.0,0.0,24,0.05,1,0,0,0
7207,5.0,5.0,0.0,23,0.05,1,0,0,0
7208,5.0,5.0,0.0,25,0.05,1,0,0,0
7209,5.0,5.0,0.0,23,0.05,1,0,0,0
7210,5.0,5.0,0.0,23,0.05,1,0,0,0
7211,5.0,5.0,0.0,23,0.05,1,0,0,0
7212,5.0,5.0,0.0,23,0.05,1,0,0,0
7213,5.0,5.0,0.0,23,0.05,1,0,0,0
7214,5.0,5.0,0.0,25,0.05,1,0,0,0
7215,5.0,5.0,0.0,23,0.05,1,0,0,0
7216,5.0,5.0,0.0,24,0.05,1,0,0,0
7217,5.0,5.0,0.0,23,0.05,1,0,0,0
7218,5.0,5.0,0.0,27,0.05,1,0,0,0
7219,5.0,5.0,0.0,23,0.05,1,0,0,0
7220,5.0,5.0,0.0,23,0.05,1,0,0,0
7221,5.0,5.0,0.0,25,0.05,1,0,0,0
7222,5.0,5.0,0.0,27,0.05,1,0,0,0
7223,5.0,5.0,0.0,29,0.05,1,0,0,0
7224,5.0,5.0,0.0,25,0.05,1,0,0,0
7225,5.0,5.0,0.0,23,0.05,1,0,0,0
7226,5.0,5.0,0.0,27,0.05,1,0,0,0
7227,5.0,5.0,0.0,23,0.05,1,0,0,0
7228,5.0,5.0,0.0,23,0.05,1,0,0,0
7229,5.0,5.0,0.0,23,0.05,1,0,0,0
7230,5.0,5.0,0.0,25,0.05,1,0,0,0
7231,5.0,5.0,0.0,23,0.05,1,0,0,0
7232,5.0,5.0,0.0,29,0.05,1,0,0,0
7233,5.0,5.0,0.0,23,0.05,1,0,0,0
7234,5.0,5.0,0.0,26,0.05,1,0,0,0
7235,5.0,5.0,0.0,29,0.05,1,0,0,0
7236,5.0,5.0,0.0,27,0.05,1,0,0,0
7237,5.0,5.0,0.0,27,0.05,1,0,0,0
7238,5.0,5.0,0.0,23,0.05,1,0,0,0
7239,5.0,5.0,0.0,23,0.05,1,0,0,0
7240,5.0,5.0,0.0,25,0.05,1,0,0,0
7241,5.0,5.0,0.0,23,0.05,1,0,0,0
7242,5.0,5.0,0.0,25,0.05,1,0,0,0
7243,5.0,5.0,0.0,23,0.05,1,0,0,0
7244,5.0,5.0,0.0,23,0.05,1,0,0,0
7245,5.0,5.0,0.0,23,0.05,1,0,0,0
7246,5.0,5.0,0.0,27,0.05,1,0,0,0
7247,5.0,5.0,0.0,25,0.05,1,0,0,0
7248,5.0,5.0,0.0,23,0.05,1,0,0,0
7249,5.0,5.0,0.0,25,0.05,1,0,0,0
7250,5.0,5.0,0.0,25,0.05,1,0,0,0
7251,5.0,5.0,0.0,23,0.05,1,0,0,0
7252,5.0,5.0,0.0,23,0.05,1,0,0,0
7253,5.0,5.0,0.0,23,0.05,1,0,0,0
7254,5.0,5.0,0.0,27,0.05,1,0,0,0
7255,5.0,5.0,0.0,23,0.05,1,0,0,0
7256,5.0,5.0,0.0,25,0.05,1,0,0,0
7257,5.0,5.0,0.0,23,0.05,1,0,0,0
7258,5.0,5.0,0.0,25,0.05,1,0,0,0
7259,5.0,5.0,0.0,23,0.05,1,0,0,0
7260,5.0,5.0,0.0,23,0.05,1,0,0,0
7261,5.0,5.0,0.0,27,0.05,1,0,0,0
7262,5.0,5.0,0.0,23,0.05,1,0,0,0
7263,5.0,5.0,0.0,23,0.05,1,0,0,0
7264,5.0,5.0,0.0,23,0.05,1,0,0,0
7265,5.0,5.0,0.0,23,0.05,1,0,0,0
7266,5.0,5.0,0.0,30,0.05,1,0,0,0
7267,5.0,5.0,0.0,25,0.05,1,0,0,0
7268,5.0,5.0,0.0,23,0.05,1,0,0,0
7269,5.0,5.0,0.0,27,0.05,1,0,0,0
7270,5.0,5.0,0.0,23,0.05,1,0,0,0
7271,5.0,5.0,0.0,26,0.05,1,0,0,0
7272,5.0,5.0,0.0,27,0.05,1,0,0,0
7273,5.0,5.0,0.0,23,0.05,1,0,0,0
7274,5.0,5.0,0.0,24,0.05,1,0,0,0
7275,5.0,5.0,0.0,23,0.05,1,0,0,0
7276,5.0,5.0,0.0,23,0.05,1,0,0,0
7277,5.0,5.0,0.0,23,0.05,1,0,0,0
7278,5.0,5.0,0.0,27,0.05,1,0,0,0
7279,5.0,5.0,0.0,26,0.05,1,0,0,0
7280,5.0,5.0,0.0,23,0.05,1,0,0,0
7281,5.0,5.0,0.0,25,0.05,1,0,0,0
7282,5.0,5.0,0.0,26,0.05,1,0,0,0
7283,5.0,5.0,0.0,25,0.05,1,0,0,0
7284,5.0,5.0,0.0,25,0.05,1,0,0,0
7285,5.0,5.0,0.0,23,0.05,1,0,0,0
7286,5.0,5.0,0.0,23,0.05,1,0,0,0
7287,5.0,5.0,0.0,29,0.05,1,0,0,0
7288,5.0,5.0,0.0,27,0.05,1,0,0,0
7289,5.0,5.0,0.0,23,0.05,1,0,0,0
7290,5.0,5.0,0.0,25,0.05,1,0,0,0
7291,5.0,5.0,0.0,29,0.05,1,0,0,0
7292,5.0,5.0,0.0,23,0.05,1,0,0,0
7293,5.0,5.0,0.0,25,0.05,1,0,0,0
7294,5.0,5.0,0.0,25,0.05,1,0,0,0
7295,5.0,5.0,0.0,23,0.05,1,0,0,0
7296,5.0,5.0,0.0,29,0.05,1,0,0,0
7297,5.0,5.0,0.0,23,0.05,1,0,0,0
7298,5.0,5.0,0.0,23,0.05,1,0,0,0
7299,5.0,5.0,0.0,23,0.05,1,0,0,0
7300,5.0,5.0,0.0,23,0.05,1,0,0,0
7301,5.0,5.0,0.0,27,0.05,1,0,0,0
7302,5.0,5.0,0.0,23,0.05,1,0,0,0
7303,5.0,5.0,0.0,23,0.05,1,0,0,0
7304,5.0,5.0,0.0,23,0.05,1,0,0,0
7305,5.0,5.0,0.0,23,0.05,1,0,0,0
7306,5.0,5.0,0.0,27,0.05,1,0,0,0
7307,5.0,5.0,0.0,25,0.05,1,0,0,0
7308,5.0,5.0,0.0,23,0.05,1,0,0,0
7309,5.0,5.0,0.0,23,0.05,1,0,0,0
7310,5.0,5.0,0.0,25,0.05,1,0,0,0
7311,5.0,5.0,0.0,25,0.05,1,0,0,0
7312,5.0,5.0,0.0,25,0.05,1,0,0,0
7313,5.0,5.0,0.0,27,0.05,1,0,0,0
7314,5.0,5.0,0.0,23,0.05,1,0,0,0
7315,5.0,5.0,0.0,27,0.05,1,0,0,0
7316,5.0,5.0,0.0,33,0.05,1,0,0,0
7317,5.0,5.0,0.0,23,0.05,1,0,0,0
7318,5.0,5.0,0.0,23,0.05,1,0,0,0
7319,5.0,5.0,0.0,26,0.05,1,0,0,0
7320,5.0,5.0,0.0,23,0.05,1,0,0,0
7321,5.0,5.0,0.0,25,0.05,1,0,0,0
7322,5.0,5.0,0.0,23,0.05,1,0,0,0
7323,5.0,5.0,0.0,27,0.05,1,0,0,0
7324,5.0,5.0,0.0,26,0.05,1,0,0,0
7325,5.0,5.0,0.0,23,0.05,1,0,0,0
7326,5.0,5.0,0.0,25,0.05,1,0,0,0
7327,5.0,5.0,0.0,23,0.05,1,0,0,0
7328,5.0,5.0,0.0,27,0.05,1,0,0,0
7329,5.0,5.0,0.0,23,0.05,1,0,0,0
7330,5.0,5.0,0.0,25,0.05,1,0,0,0
7331,5.0,5.0,0.0,28,0.05,1,0,0,0
7332,5.0,5.0,0.0,25,0.05,1,0,0,0
7333,5.0,5.0,0.0,25,0.05,1,0,0,0
7334,5.0,5.0,0.0,27,0.05,1,0,0,0
7335,5.0,5.0,0.0,25,0.05,1,0,0,0
7336,5.0,5.0,0.0,23,0.05,1,0,0,0
7337,5.0,5.0,0.0,29,0.05,1,0,0,0
7338,5.0,5.0,0.0,23,0.05,1,0,0,0
7339,5.0,5.0,0.0,26,0.05,1,0,0,0
7340,5.0,5.0,0.0,25,0.05,1,0,0,0
7341,5.0,5.0,0.0,24,0.05,1,0,0,0
7342,5.0,5.0,0.0,25,0.05,1,0,0,0
7343,5.0,5.0,0.0,24,0.05,1,0,0,0
7344,5.0,5.0,0.0,23,0.05,1,0,0,0
7345,5.0,5.0,0.0,25,0.05,1,0,0,0
7346,5.0,5.0,0.0,25,0.05,1,0,0,0
7347,5.0,5.0,0.0,26,0.05,1,0,0,0
7348,5.0,5.0,0.0,23,0.05,1,0,0,0
7349,5.0,5.0,0.0,25,0.05,1,0,0,0
7350,5.0,5.0,0.0,23,0.05,1,0,0,0
7351,5.0,5.0,0.0,25,0.05,1,0,0,0
7352,5.0,5.0,0.0,23,0.05,1,0,0,0
7353,5.0,5.0,0.0,25,0.05,1,0,0,0
7354,5.0,5.0,0.0,23,0.05,1,0,0,0
7355,5.0,5.0,0.0,25,0.05,1,0,0,0
7356,5.0,5.0,0.0,23,0.05,1,0,0,0
7357,5.0,5.0,0.0,25,0.05,1,0,0,0
7358,5.0,5.0,0.0,23,0.05,1,0,0,0
7359,5.0,5.0,0.0,25,0.05,1,0,0,0
7360,5.0,5.0,0.0,25,0.05,1,0,0,0
7361,5.0,5.0,0.0,31,0.05,1,0,0,0
7362,5.0,5.0,0.0,25,0.05,1,0,0,0
7363,5.0,5.0,0.0,27,0.05,1,0,0,0
7364,5.0,5.0,0.0,25,0.05,1,0,0,0
7365,5.0,5.0,0.0,25,0.05,1,0,0,0
7366,5.0,5.0,0.0,23,0.05,1,0,0,0
7367,5.0,5.0,0.0,23,0.05,1,0,0,0
7368,5.0,5.0,0.0,27,0.05,1,0,0,0
7369,5.0,5.0,0.0,27,0.05,1,0,0,0
7370,5.0,5.0,0.0,25,0.05,1,0,0,0
7371,5.0,5.0,0.0,23,0.05,1,0,0,0
7372,5.0,5.0,0.0,23,0.05,1,0,0,0
7373,5.0,5.0,0.0,25,0.05,1,0,0,0
7374,5.0,5.0,0.0,25,0.05,1,0,0,0
7375,5.0,5.0,0.0,24,0.05,1,0,0,0
7376,5.0,5.0,0.0,29,0.05,1,0,0,0
7377,5.0,5.0,0.0,23,0.05,1,0,0,0
7378,5.0,5.0,0.0,25,0.05,1,0,0,0
7379,5.0,5.0,0.0,23,0.05,1,0,0,0
7380,5.0,5.0,0.0,23,0.05,1,0,0,0
7381,5.0,5.0,0.0,25,0.05,1,0,0,0
7382,5.0,5.0,0.0,23,0.05,1,0,0,0
7383,5.0,5.0,0.0,23,0.05,1,0,0,0
7384,5.0,5.0,0.0,23,0.05,1,0,0,0
7385,5.0,5.0,0.0,24,0.05,1,0,0,0
7386,5.0,5.0,0.0,25,0.05,1,0,0,0
7387,5.0,5.0,0.0,24,0.05,1,0,0,0
7388,5.0,5.0,0.0,23,0.05,1,0,0,0
7389,5.0,5.0,0.0,23,0.05,1,0,0,0
7390,5.0,5.0,0.0,27,0.05,1,0,0,0
7391,5.0,5.0,0.0,23,0.05,1,0,0,0
7392,5.0,5.0,0.0,25,0.05,1,0,0,0
7393,5.0,5.0,0.0,23,0.05,1,0,0,0
7394,5.0,5.0,0.0,23,0.05,1,0,0,0
7395,5.0,5.0,0.0,23,0.05,1,0,0,0
7396,5.0,5.0,0.0,23,0.05,1,0,0,0
7397,5.0,5.0,0.0,23,0.05,1,0,0,0
7398,5.0,5.0,0.0,25,0.05,1,0,0,0
7399,5.0,5.0,0.0,23,0.05,1,0,0,0
7400,5.0,5.0,0.0,25,0.05,1,0,0,0
7401,5.0,5.0,0.0,23,0.05,1,0,0,0
7402,5.0,5.0,0.0,23,0.05,1,0,0,0
7403,5.0,5.0,0.0,25,0.05,1,0,0,0
7404,5.0,5.0,0.0,27,0.05,1,0,0,0
7405,5.0,5.0,0.0,23,0.05,1,0,0,0
7406,5.0,5.0,0.0,27,0.05,1,0,0,0
7407,5.0,5.0,0.0,26,0.05,1,0,0,0
7408,5.0,5.0,0.0,25,0.05,1,0,0,0
7409,5.0,5.0,0.0,25,0.05,1,0,0,0
7410,5.0,5.0,0.0,29,0.05,1,0,0,0
7411,5.0,5.0,0.0,26,0.05,1,0,0,0
7412,5.0,5.0,0.0,24,0.05,1,0,0,0
7413,5.0,5.0,0.0,27,0.05,1,0,0,0
7414,5.0,5.0,0.0,23,0.05,1,0,0,0
7415,5.0,5.0,0.0,25,0.05,1,0,0,0
7416,5.0,5.0,0.0,26,0.05,1,0,0,0
7417,5.0,5.0,0.0,23,0.05,1,0,0,0
7418,5.0,5.0,0.0,23,0.05,1,0,0,0
7419,5.0,5.0,0.0,23,0.05,1,0,0,0
7420,5.0,5.0,0.0,23,0.05,1,0,0,0
7421,5.0,5.0,0.0,24,0.05,1,0,0,0
7422,5.0,5.0,0.0,23,0.05,1,0,0,0
7423,5.0,5.0,0.0,27,0.05,1,0,0,0
7424,5.0,5.0,0.0,24,0.05,1,0,0,0
7425,5.0,5.0,0.0,23,0.05,1,0,0,0
7426,5.0,5.0,0.0,27,0.05,1,0,0,0
7427,5.0,5.0,0.0,32,0.05,1,0,0,0
7428,5.0,5.0,0.0,23,0.05,1,0,0,0
7429,5.0,5.0,0.0,23,0.05,1,0,0,0
7430,5.0,5.0,0.0,23,0.05,1,0,0,0
7431,5.0,5.0,0.0,25,0.05,1,0,0,0
7432,5.0,5.0,0.0,23,0.05,1,0,0,0
7433,5.0,5.0,0.0,23,0.05,1,0,0,0
7434,5.0,5.0,0.0,23,0.05,1,0,0,0
7435,5.0,5.0,0.0,25,0.05,1,0,0,0
7436,5.0,5.0,0.0,25,0.05,1,0,0,0
7437,5.0,5.0,0.0,23,0.05,1,0,0,0
7438,5.0,5.0,0.0,23,0.05,1,0,0,0
7439,5.0,5.0,0.0,23,0.05,1,0,0,0
7440,5.0,5.0,0.0,24,0.05,1,0,0,0
7441,5.0,5.0,0.0,23,0.05,1,0,0,0
7442,5.0,5.0,0.0,23,0.05,1,0,0,0
7443,5.0,5.0,0.0,25,0.05,1,0,0,0
7444,5.0,5.0,0.0,27,0.05,1,0,0,0
7445,5.0,5.0,0.0,23,0.05,1,0,0,0
7446,5.0,5.0,0.0,27,0.05,1,0,0,0
7447,5.0,5.0,0.0,25,0.05,1,0,0,0
7448,5.0,5.0,0.0,25,0.05,1,0,0,0
7449,5.0,5.0,0.0,27,0.05,1,0,0,0
7450,5.0,5.0,0.0,27,0.05,1,0,0,0
7451,5.0,5.0,0.0,23,0.05,1,0,0,0
7452,5.0,5.0,0.0,25,0.05,1,0,0,0
7453,5.0,5.0,0.0,23,0.05,1,0,0,0
7454,5.0,5.0,0.0,23,0.05,1,0,0,0
7455,5.0,5.0,0.0,23,0.05,1,0,0,0
7456,5.0,5.0,0.0,23,0.05,1,0,0,0
7457,5.0,5.0,0.0,23,0.05,1,0,0,0
7458,5.0,5.0,0.0,23,0.05,1,0,0,0
7459,5.0,5.0,0.0,23,0.05,1,0,0,0
7460,5.0,5.0,0.0,23,0.05,1,0,0,0
7461,5.0,5.0,0.0,24,0.05,1,0,0,0
7462,5.0,5.0,0.0,25,0.05,1,0,0,0
7463,5.0,5.0,0.0,23,0.05,1,0,0,0
7464,5.0,5.0,0.0,23,0.05,1,0,0,0
7465,5.0,5.0,0.0,23,0.05,1,0,0,0
7466,5.0,5.0,0.0,25,0.05,1,0,0,0
7467,5.0,5.0,0.0,23,0.05,1,0,0,0
7468,5.0,5.0,0.0,28,0.05,1,0,0,0
7469,5.0,5.0,0.0,25,0.05,1,0,0,0
7470,5.0,5.0,0.0,27,0.05,1,0,0,0
7471,5.0,5.0,0.0,25,0.05,1,0,0,0
7472,5.0,5.0,0.0,27,0.05,1,0,0,0
7473,5.0,5.0,0.0,23,0.05,1,0,0,0
7474,5.0,5.0,0.0,24,0.05,1,0,0,0
7475,5.0,5.0,0.0,23,0.05,1,0,0,0
7476,5.0,5.0,0.0,23,0.05,1,0,0,0
7477,5.0,5.0,0.0,25,0.05,1,0,0,0
7478,5.0,5.0,0.0,23,0.05,1,0,0,0
7479,5.0,5.0,0.0,25,0.05,1,0,0,0
7480,5.0,5.0,0.0,26,0.05,1,0,0,0
7481,5.0,5.0,0.0,23,0.05,1,0,0,0
7482,5.0,5.0,0.0,27,0.05,1,0,0,0
7483,5.0,5.0,0.0,25,0.05,1,0,0,0
7484,5.0,5.0,0.0,25,0.05,1,0,0,0
7485,5.0,5.0,0.0,26,0.05,1,0,0,0
7486,5.0,5.0,0.0,23,0.05,1,0,0,0
7487,5.0,5.0,0.0,24,0.05,1,0,0,0
7488,5.0,5.0,0.0,23,0.05,1,0,0,0
7489,5.0,5.0,0.0,25,0.05,1,0,0,0
7490,5.0,5.0,0.0,23,0.05,1,0,0,0
7491,5.0,5.0,0.0,23,0.05,1,0,0,0
7492,5.0,5.0,0.0,23,0.05,1,0,0,0
7493,5.0,5.0,0.0,25,0.05,1,0,0,0
7494,5.0,5.0,0.0,25,0.05,1,0,0,0
7495,5.0,5.0,0.0,23,0.05,1,0,0,0
7496,5.0,5.0,0.0,23,0.05,1,0,0,0
7497,5.0,5.0,0.0,23,0.05,1,0,0,0
7498,5.0,5.0,0.0,23,0.05,1,0,0,0
7499,5.0,5.0,0.0,25,0.05,1,0,0,0
7500,5.0,5.0,0.0,28,0.05,1,0,0,0
7501,5.0,5.0,0.0,25,0.05,1,0,0,0
7502,5.0,5.0,0.0,27,0.05,1,0,0,0
7503,5.0,5.0,0.0,27,0.05,1,0,0,0
7504,5.0,5.0,0.0,25,0.05,1,0,0,0
7505,5.0,5.0,0.0,23,0.05,1,0,0,0
7506,5.0,5.0,0.0,23,0.05,1,0,0,0
7507,5.0,5.0,0.0,29,0.05,1,0,0,0
7508,5.0,5.0,0.0,23,0.05,1,0,0,0
7509,5.0,5.0,0.0,28,0.05,1,0,0,0
7510,5.0,5.0,0.0,25,0.05,1,0,0,0
7511,5.0,5.0,0.0,23,0.05,1,0,0,0
7512,5.0,5.0,0.0,25,0.05,1,0,0,0
7513,5.0,5.0,0.0,23,0.05,1,0,0,0
7514,5.0,5.0,0.0,25,0.05,1,0,0,0
7515,5.0,5.0,0.0,25,0.05,1,0,0,0
7516,5.0,5.0,0.0,23,0.05,1,0,0,0
7517,5.0,5.0,0.0,23,0.05,1,0,0,0
7518,5.0,5.0,0.0,23,0.05,1,0,0,0
7519,5.0,5.0,0.0,25,0.05,1,0,0,0
7520,5.0,5.0,0.0,25,0.05,1,0,0,0
7521,5.0,5.0,0.0,23,0.05,1,0,0,0
7522,5.0,5.0,0.0,27,0.05,1,0,0,0
7523,5.0,5.0,0.0,23,0.05,1,0,0,0
7524,5.0,5.0,0.0,23,0.05,1,0,0,0
7525,5.0,5.0,0.0,23,0.05,1,0,0,0
7526,5.0,5.0,0.0,23,0.05,1,0,0,0
7527,5.0,5.0,0.0,23,0.05,1,0,0,0
7528,5.0,5.0,0.0,25,0.05,1,0,0,0
7529,5.0,5.0,0.0,23,0.05,1,0,0,0
7530,5.0,5.0,0.0,25,0.05,1,0,0,0
7531,5.0,5.0,0.0,23,0.05,1,0,0,0
7532,5.0,5.0,0.0,23,0.05,1,0,0,0
7533,5.0,5.0,0.0,25,0.05,1,0,0,0
7534,5.0,5.0,0.0,24,0.05,1,0,0,0
7535,5.0,5.0,0.0,23,0.05,1,0,0,0
7536,5.0,5.0,0.0,25,0.05,1,0,0,0
7537,5.0,5.0,0.0,27,0.05,1,0,0,0
7538,5.0,5.0,0.0,23,0.05,1,0,0,0
7539,5.0,5.0,0.0,23,0.05,1,0,0,0
7540,5.0,5.0,0.0,28,0.05,1,0,0,0
7541,5.0,5.0,0.0,23,0.05,1,0,0,0
7542,5.0,5.0,0.0,23,0.05,1,0,0,0
7543,5.0,5.0,0.0,23,0.05,1,0,0,0
7544,5.0,5.0,0.0,23,0.05,1,0,0,0
7545,5.0,5.0,0.0,24,0.05,1,0,0,0
7546,5.0,5.0,0.0,23,0.05,1,0,0,0
7547,5.0,5.0,0.0,23,0.05,1,0,0,0
7548,5.0,5.0,0.0,27,0.05,1,0,0,0
7549,5.0,5.0,0.0,23,0.05,1,0,0,0
7550,5.0,5.0,0.0,28,0.05,1,0,0,0
7551,5.0,5.0,0.0,23,0.05,1,0,0,0
7552,5.0,5.0,0.0,25,0.05,1,0,0,0
7553,5.0,5.0,0.0,25,0.05,1,0,0,0
7554,5.0,5.0,0.0,25,0.05,1,0,0,0
7555,5.0,5.0,0.0,23,0.05,1,0,0,0
7556,5.0,5.0,0.0,24,0.05,1,0,0,0
7557,5.0,5.0,0.0,27,0.05,1,0,0,0
7558,5.0,5.0,0.0,27,0.05,1,0,0,0
7559,5.0,5.0,0.0,31,0.05,1,0,0,0
7560,5.0,5.0,0.0,25,0.05,1,0,0,0
7561,5.0,5.0,0.0,25,0.05,1,0,0,0
7562,5.0,5.0,0.0,25,0.05,1,0,0,0
7563,5.0,5.0,0.0,25,0.05,1,0,0,0
7564,5.0,5.0,0.0,25,0.05,1,0,0,0
7565,5.0,5.0,0.0,25,0.05,1,0,0,0
7566,5.0,5.0,0.0,25,0.05,1,0,0,0
7567,5.0,5.0,0.0,23,0.05,1,0,0,0
7568,5.0,5.0,0.0,25,0.05,1,0,0,0
7569,5.0,5.0,0.0,25,0.05,1,0,0,0
7570,5.0,5.0,0.0,25,0.05,1,0,0,0
7571,5.0,5.0,0.0,25,0.05,1,0,0,0
7572,5.0,5.0,0.0,27,0.05,1,0,0,0
7573,5.0,5.0,0.0,27,0.05,1,0,0,0
7574,5.0,5.0,0.0,25,0.05,1,0,0,0
7575,5.0,5.0,0.0,27,0.05,1,0,0,0
7576,5.0,5.0,0.0,23,0.05,1,0,0,0
7577,5.0,5.0,0.0,23,0.05,1,0,0,0
7578,5.0,5.0,0.0,28,0.05,1,0,0,0
7579,5.0,5.0,0.0,23,0.05,1,0,0,0
7580,5.0,5.0,0.0,23,0.05,1,0,0,0
7581,5.0,5.0,0.0,27,0.05,1,0,0,0
7582,5.0,5.0,0.0,27,0.05,1,0,0,0
7583,5.0,5.0,0.0,33,0.05,1,0,0,0
7584,5.0,5.0,0.0,27,0.05,1,0,0,0
7585,5.0,5.0,0.0,27,0.05,1,0,0,0
7586,5.0,5.0,0.0,29,0.05,1,0,0,0
7587,5.0,5.0,0.0,31,0.05,1,0,0,0
7588,5.0,5.0,0.0,28,0.05,1,0,0,0
7589,5.0,5.0,0.0,25,0.05,1,0,0,0
7590,5.0,5.0,0.0,29,0.05,1,0,0,0
7591,5.0,5.0,0.0,25,0.05,1,0,0,0
7592,5.0,5.0,0.0,25,0.05,1,0,0,0
7593,5.0,5.0,0.0,23,0.05,1,0,0,0
7594,5.0,5.0,0.0,23,0.05,1,0,0,0
7595,5.0,5.0,0.0,23,0.05,1,0,0,0
7596,5.0,5.0,0.0,27,0.05,1,0,0,0
7597,5.0,5.0,0.0,29,0.05,1,0,0,0
7598,5.0,5.0,0.0,23,0.05,1,0,0,0
7599,5.0,5.0,0.0,23,0.05,1,0,0,0
7600,5.0,5.0,0.0,27,0.05,1,0,0,0
7601,5.0,5.0,0.0,23,0.05,1,0,0,0
7602,5.0,5.0,0.0,29,0.05,1,0,0,0
7603,5.0,5.0,0.0,27,0.05,1,0,0,0
7604,5.0,5.0,0.0,25,0.05,1,0,0,0
7605,5.0,5.0,0.0,25,0.05,1,0,0,0
7606,5.0,5.0,0.0,23,0.05,1,0,0,0
7607,5.0,5.0,0.0,25,0.05,1,0,0,0
7608,5.0,5.0,0.0,23,0.05,1,0,0,0
7609,5.0,5.0,0.0,23,0.05,1,0,0,0
7610,5.0,5.0,0.0,23,0.05,1,0,0,0
7611,5.0,5.0,0.0,23,0.05,1,0,0,0
7612,5.0,5.0,0.0,23,0.05,1,0,0,0
7613,5.0,5.0,0.0,23,0.05,1,0,0,0
7614,5.0,5.0,0.0,23,0.05,1,0,0,0
7615,5.0,5.0,0.0,25,0.05,1,0,0,0
7616,5.0,5.0,0.0,28,0.05,1,0,0,0
7617,5.0,5.0,0.0,25,0.05,1,0,0,0
7618,5.0,5.0,0.0,23,0.05,1,0,0,0
7619,5.0,5.0,0.0,25,0.05,1,0,0,0
7620,5.0,5.0,0.0,23,0.05,1,0,0,0
7621,5.0,5.0,0.0,23,0.05,1,0,0,0
7622,5.0,5.0,0.0,26,0.05,1,0,0,0
7623,5.0,5.0,0.0,23,0.05,1,0,0,0
7624,5.0,5.0,0.0,27,0.05,1,0,0,0
7625,5.0,5.0,0.0,23,0.05,1,0,0,0
7626,5.0,5.0,0.0,25,0.05,1,0,0,0
7627,5.0,5.0,0.0,25,0.05,1,0,0,0
7628,5.0,5.0,0.0,23,0.05,1,0,0,0
7629,5.0,5.0,0.0,23,0.05,1,0,0,0
7630,5.0,5.0,0.0,23,0.05,1,0,0,0
7631,5.0,5.0,0.0,24,0.05,1,0,0,0
7632,5.0,5.0,0.0,23,0.05,1,0,0,0
7633,5.0,5.0,0.0,27,0.05,1,0,0,0
7634,5.0,5.0,0.0,23,0.05,1,0,0,0
7635,5.0,5.0,0.0,26,0.05,1,0,0,0
7636,5.0,5.0,0.0,23,0.05,1,0,0,0
7637,5.0,5.0,0.0,26,0.05,1,0,0,0
7638,5.0,5.0,0.0,25,0.05,1,0,0,0
7639,5.0,5.0,0.0,27,0.05,1,0,0,0
7640,5.0,5.0,0.0,25,0.05,1,0,0,0
7641,5.0,5.0,0.0,23,0.05,1,0,0,0
7642,5.0,5.0,0.0,25,0.05,1,0,0,0
7643,5.0,5.0,0.0,26,0.05,1,0,0,0
7644,5.0,5.0,0.0,27,0.05,1,0,0,0
7645,5.0,5.0,0.0,25,0.05,1,0,0,0
7646,5.0,5.0,0.0,23,0.05,1,0,0,0
7647,5.0,5.0,0.0,23,0.05,1,0,0,0
7648,5.0,5.0,0.0,23,0.05,1,0,0,0
7649,5.0,5.0,0.0,27,0.05,1,0,0,0
7650,5.0,5.0,0.0,25,0.05,1,0,0,0
7651,5.0,5.0,0.0,23,0.05,1,0,0,0
7652,5.0,5.0,0.0,23,0.05,1,0,0,0
7653,5.0,5.0,0.0,26,0.05,1,0,0,0
7654,5.0,5.0,0.0,27,0.05,1,0,0,0
7655,5.0,5.0,0.0,23,0.05,1,0,0,0
7656,5.0,5.0,0.0,23,0.05,1,0,0,0
7657,5.0,5.0,0.0,23,0.05,1,0,0,0
7658,5.0,5.0,0.0,25,0.05,1,0,0,0
7659,5.0,5.0,0.0,25,0.05,1,0,0,0
7660,5.0,5.0,0.0,25,0.05,1,0,0,0
7661,5.0,5.0,0.0,23,0.05,1,0,0,0
7662,5.0,5.0,0.0,25,0.05,1,0,0,0
7663,5.0,5.0,0.0,27,0.05,1,0,0,0
7664,5.0,5.0,0.0,27,0.05,1,0,0,0
7665,5.0,5.0,0.0,27,0.05,1,0,0,0
7666,5.0,5.0,0.0,24,0.05,1,0,0,0
7667,5.0,5.0,0.0,25,0.05,1,0,0,0
7668,5.0,5.0,0.0,23,0.05,1,0,0,0
7669,5.0,5.0,0.0,23,0.05,1,0,0,0
7670,5.0,5.0,0.0,24,0.05,1,0,0,0
7671,5.0,5.0,0.0,23,0.05,1,0,0,0
7672,5.0,5.0,0.0,25,0.05,1,0,0,0
7673,5.0,5.0,0.0,23,0.05,1,0,0,0
7674,5.0,5.0,0.0,25,0.05,1,0,0,0
7675,5.0,5.0,0.0,25,0.05,1,0,0,0
7676,5.0,5.0,0.0,27,0.05,1,0,0,0
7677,5.0,5.0,0.0,23,0.05,1,0,0,0
7678,5.0,5.0,0.0,27,0.05,1,0,0,0
7679,5.0,5.0,0.0,29,0.05,1,0,0,0
7680,5.0,5.0,0.0,25,0.05,1,0,0,0
7681,5.0,5.0,0.0,23,0.05,1,0,0,0
7682,5.0,5.0,0.0,25,0.05,1,0,0,0
7683,5.0,5.0,0.0,25,0.05,1,0,0,0
7684,5.0,5.0,0.0,23,0.05,1,0,0,0
7685,5.0,5.0,0.0,29,0.05,1,0,0,0
7686,5.0,5.0,0.0,23,0.05,1,0,0,0
7687,5.0,5.0,0.0,25,0.05,1,0,0,0
7688,5.0,5.0,0.0,23,0.05,1,0,0,0
7689,5.0,5.0,0.0,27,0.05,1,0,0,0
7690,5.0,5.0,0.0,26,0.05,1,0,0,0
7691,5.0,5.0,0.0,31,0.05,1,0,0,0
7692,5.0,5.0,0.0,33,0.05,1,0,0,0
7693,5.0,5.0,0.0,23,0.05,1,0,0,0
7694,5.0,5.0,0.0,25,0.05,1,0,0,0
7695,5.0,5.0,0.0,23,0.05,1,0,0,0
7696,5.0,5.0,0.0,24,0.05,1,0,0,0
7697,5.0,5.0,0.0,26,0.05,1,0,0,0
7698,5.0,5.0,0.0,23,0.05,1,0,0,0
7699,5.0,5.0,0.0,23,0.05,1,0,0,0
7700,5.0,5.0,0.0,23,0.05,1,0,0,0
7701,5.0,5.0,0.0,23,0.05,1,0,0,0
7702,5.0,5.0,0.0,27,0.05,1,0,0,0
7703,5.0,5.0,0.0,27,0.05,1,0,0,0
7704,5.0,5.0,0.0,25,0.05,1,0,0,0
7705,5.0,5.0,0.0,25,0.05,1,0,0,0
7706,5.0,5.0,0.0,23,0.05,1,0,0,0
7707,5.0,5.0,0.0,23,0.05,1,0,0,0
7708,5.0,5.0,0.0,23,0.05,1,0,0,0
7709,5.0,5.0,0.0,23,0.05,1,0,0,0
7710,5.0,5.0,0.0,25,0.05,1,0,0,0
7711,5.0,5.0,0.0,25,0.05,1,0,0,0
7712,5.0,5.0,0.0,27,0.05,1,0,0,0
7713,5.0,5.0,0.0,29,0.05,1,0,0,0
7714,5.0,5.0,0.0,25,0.05,1,0,0,0
7715,5.0,5.0,0.0,23,0.05,1,0,0,0
7716,5.0,5.0,0.0,23,0.05,1,0,0,0
7717,5.0,5.0,0.0,25,0.05,1,0,0,0
7718,5.0,5.0,0.0,28,0.05,1,0,0,0
7719,5.0,5.0,0.0,25,0.05,1,0,0,0
7720,5.0,5.0,0.0,27,0.05,1,0,0,0
7721,5.0,5.0,0.0,25,0.05,1,0,0,0
7722,5.0,5.0,0.0,25,0.05,1,0,0,0
7723,5.0,5.0,0.0,23,0.05,1,0,0,0
7724,5.0,5.0,0.0,26,0.05,1,0,0,0
7725,5.0,5.0,0.0,23,0.05,1,0,0,0
7726,5.0,5.0,0.0,23,0.05,1,0,0,0
7727,5.0,5.0,0.0,29,0.05,1,0,0,0
7728,5.0,5.0,0.0,26,0.05,1,0,0,0
7729,5.0,5.0,0.0,23,0.05,1,0,0,0
7730,5.0,5.0,0.0,23,0.05,1,0,0,0
7731,5.0,5.0,0.0,23,0.05,1,0,0,0
7732,5.0,5.0,0.0,27,0.05,1,0,0,0
7733,5.0,5.0,0.0,23,0.05,1,0,0,0
7734,5.0,5.0,0.0,23,0.05,1,0,0,0
7735,5.0,5.0,0.0,23,0.05,1,0,0,0
7736,5.0,5.0,0.0,25,0.05,1,0,0,0
7737,5.0,5.0,0.0,23,0.05,1,0,0,0
7738,5.0,5.0,0.0,23,0.05,1,0,0,0
7739,5.0,5.0,0.0,24,0.05,1,0,0,0
7740,5.0,5.0,0.0,23,0.05,1,0,0,0
7741,5.0,5.0,0.0,25,0.05,1,0,0,0
7742,5.0,5.0,0.0,24,0.05,1,0,0,0
7743,5.0,5.0,0.0,29,0.05,1,0,0,0
7744,5.0,5.0,0.0,25,0.05,1,0,0,0
7745,5.0,5.0,0.0,25,0.05,1,0,0,0
7746,5.0,5.0,0.0,25,0.05,1,0,0,0
7747,5.0,5.0,0.0,25,0.05,1,0,0,0
7748,5.0,5.0,0.0,31,0.05,1,0,0,0
7749,5.0,5.0,0.0,27,0.05,1,0,0,0
7750,5.0,5.0,0.0,29,0.05,1,0,0,0
7751,5.0,5.0,0.0,25,0.05,1,0,0,0
7752,5.0,5.0,0.0,25,0.05,1,0,0,0
7753,5.0,5.0,0.0,23,0.05,1,0,0,0
7754,5.0,5.0,0.0,27,0.05,1,0,0,0
7755,5.0,5.0,0.0,25,0.05,1,0,0,0
7756,5.0,5.0,0.0,23,0.05,1,0,0,0
7757,5.0,5.0,0.0,25,0.05,1,0,0,0
7758,5.0,5.0,0.0,25,0.05,1,0,0,0
7759,5.0,5.0,0.0,24,0.05,1,0,0,0
7760,5.0,5.0,0.0,23,0.05,1,0,0,0
7761,5.0,5.0,0.0,23,0.05,1,0,0,0
7762,5.0,5.0,0.0,25,0.05,1,0,0,0
7763,5.0,5.0,0.0,25,0.05,1,0,0,0
7764,5.0,5.0,0.0,27,0.05,1,0,0,0
7765,5.0,5.0,0.0,25,0.05,1,0,0,0
7766,5.0,5.0,0.0,23,0.05,1,0,0,0
7767,5.0,5.0,0.0,25,0.05,1,0,0,0
7768,5.0,5.0,0.0,23,0.05,1,0,0,0
7769,5.0,5.0,0.0,29,0.05,1,0,0,0
7770,5.0,5.0,0.0,23,0.05,1,0,0,0
7771,5.0,5.0,0.0,23,0.05,1,0,0,0
7772,5.0,5.0,0.0,23,0.05,1,0,0,0
7773,5.0,5.0,0.0,23,0.05,1,0,0,0
7774,5.0,5.0,0.0,23,0.05,1,0,0,0
7775,5.0,5.0,0.0,23,0.05,1,0,0,0
7776,5.0,5.0,0.0,25,0.05,1,0,0,0
7777,5.0,5.0,0.0,23,0.05,1,0,0,0
7778,5.0,5.0,0.0,25,0.05,1,0,0,0
7779,5.0,5.0,0.0,25,0.05,1,0,0,0
7780,5.0,5.0,0.0,27,0.05,1,0,0,0
7781,5.0,5.0,0.0,25,0.05,1,0,0,0
7782,5.0,5.0,0.0,23,0.05,1,0,0,0
7783,5.0,5.0,0.0,23,0.05,1,0,0,0
7784,5.0,5.0,0.0,25,0.05,1,0,0,0
7785,5.0,5.0,0.0,23,0.05,1,0,0,0
7786,5.0,5.0,0.0,25,0.05,1,0,0,0
7787,5.0,5.0,0.0,25,0.05,1,0,0,0
7788,5.0,5.0,0.0,23,0.05,1,0,0,0
7789,5.0,5.0,0.0,26,0.05,1,0,0,0
7790,5.0,5.0,0.0,23,0.05,1,0,0,0
7791,5.0,5.0,0.0,23,0.05,1,0,0,0
7792,5.0,5.0,0.0,25,0.05,1,0,0,0
7793,5.0,5.0,0.0,25,0.05,1,0,0,0
7794,5.0,5.0,0.0,25,0.05,1,0,0,0
7795,5.0,5.0,0.0,23,0.05,1,0,0,0
7796,5.0,5.0,0.0,23,0.05,1,0,0,0
7797,5.0,5.0,0.0,23,0.05,1,0,0,0
7798,5.0,5.0,0.0,24,0.05,1,0,0,0
7799,5.0,5.0,0.0,25,0.05,1,0,0,0
7800,5.0,5.0,0.0,23,0.05,1,0,0,0
7801,5.0,5.0,0.0,25,0.05,1,0,0,0
7802,5.0,5.0,0.0,23,0.05,1,0,0,0
7803,5.0,5.0,0.0,27,0.05,1,0,0,0
7804,5.0,5.0,0.0,23,0.05,1,0,0,0
7805,5.0,5.0,0.0,23,0.05,1,0,0,0
7806,5.0,5.0,0.0,23,0.05,1,0,0,0
7807,5.0,5.0,0.0,27,0.05,1,0,0,0
7808,5.0,5.0,0.0,25,0.05,1,0,0,0
7809,5.0,5.0,0.0,23,0.05,1,0,0,0
7810,5.0,5.0,0.0,29,0.05,1,0,0,0
7811,5.0,5.0,0.0,28,0.05,1,0,0,0
7812,5.0,5.0,0.0,27,0.05,1,0,0,0
7813,5.0,5.0,0.0,23,0.05,1,0,0,0
7814,5.0,5.0,0.0,25,0.05,1,0,0,0
7815,5.0,5.0,0.0,23,0.05,1,0,0,0
7816,5.0,5.0,0.0,23,0.05,1,0,0,0
7817,5.0,5.0,0.0,28,0.05,1,0,0,0
7818,5.0,5.0,0.0,25,0.05,1,0,0,0
7819,5.0,5.0,0.0,23,0.05,1,0,0,0
7820,5.0,5.0,0.0,23,0.05,1,0,0,0
7821,5.0,5.0,0.0,25,0.05,1,0,0,0
7822,5.0,5.0,0.0,25,0.05,1,0,0,0
7823,5.0,5.0,0.0,23,0.05,1,0,0,0
7824,5.0,5.0,0.0,25,0.05,1,0,0,0
7825,5.0,5.0,0.0,23,0.05,1,0,0,0
7826,5.0,5.0,0.0,23,0.05,1,0,0,0
7827,5.0,5.0,0.0,27,0.05,1,0,0,0
7828,5.0,5.0,0.0,23,0.05,1,0,0,0
7829,5.0,5.0,0.0,27,0.05,1,0,0,0
7830,5.0,5.0,0.0,25,0.05,1,0,0,0
7831,5.0,5.0,0.0,25,0.05,1,0,0,0
7832,5.0,5.0,0.0,25,0.05,1,0,0,0
7833,5.0,5.0,0.0,24,0.05,1,0,0,0
7834,5.0,5.0,0.0,23,0.05,1,0,0,0
7835,5.0,5.0,0.0,23,0.05,1,0,0,0
7836,5.0,5.0,0.0,25,0.05,1,0,0,0
7837,5.0,5.0,0.0,23,0.05,1,0,0,0
7838,5.0,5.0,0.0,23,0.05,1,0,0,0
7839,5.0,5.0,0.0,31,0.05,1,0,0,0
7840,5.0,5.0,0.0,24,0.05,1,0,0,0
7841,5.0,5.0,0.0,23,0.05,1,0,0,0
7842,5.0,5.0,0.0,23,0.05,1,0,0,0
7843,5.0,5.0,0.0,27,0.05,1,0,0,0
7844,5.0,5.0,0.0,23,0.05,1,0,0,0
7845,5.0,5.0,0.0,23,0.05,1,0,0,0
7846,5.0,5.0,0.0,23,0.05,1,0,0,0
7847,5.0,5.0,0.0,27,0.05,1,0,0,0
7848,5.0,5.0,0.0,23,0.05,1,0,0,0
7849,5.0,5.0,0.0,23,0.05,1,0,0,0
7850,5.0,5.0,0.0,23,0.05,1,0,0,0
7851,5.0,5.0,0.0,23,0.05,1,0,0,0
7852,5.0,5.0,0.0,25,0.05,1,0,0,0
7853,5.0,5.0,0.0,27,0.05,1,0,0,0
7854,5.0,5.0,0.0,25,0.05,1,0,0,0
7855,5.0,5.0,0.0,23,0.05,1,0,0,0
7856,5.0,5.0,0.0,25,0.05,1,0,0,0
7857,5.0,5.0,0.0,23,0.05,1,0,0,0
7858,5.0,5.0,0.0,27,0.05,1,0,0,0
7859,5.0,5.0,0.0,23,0.05,1,0,0,0
7860,5.0,5.0,0.0,23,0.05,1,0,0,0
7861,5.0,5.0,0.0,25,0.05,1,0,0,0
7862,5.0,5.0,0.0,25,0.05,1,0,0,0
7863,5.0,5.0,0.0,23,0.05,1,0,0,0
7864,5.0,5.0,0.0,23,0.05,1,0,0,0
7865,5.0,5.0,0.0,23,0.05,1,0,0,0
7866,5.0,5.0,0.0,23,0.05,1,0,0,0
7867,5.0,5.0,0.0,23,0.05,1,0,0,0
7868,5.0,5.0,0.0,23,0.05,1,0,0,0
7869,5.0,5.0,0.0,23,0.05,1,0,0,0
7870,5.0,5.0,0.0,25,0.05,1,0,0,0
7871,5.0,5.0,0.0,25,0.05,1,0,0,0
7872,5.0,5.0,0.0,23,0.05,1,0,0,0
7873,5.0,5.0,0.0,27,0.05,1,0,0,0
7874,5.0,5.0,0.0,23,0.05,1,0,0,0
7875,5.0,5.0,0.0,23,0.05,1,0,0,0
7876,5.0,5.0,0.0,23,0.05,1,0,0,0
7877,5.0,5.0,0.0,25,0.05,1,0,0,0
7878,5.0,5.0,0.0,25,0.05,1,0,0,0
7879,5.0,5.0,0.0,23,0.05,1,0,0,0
7880,5.0,5.0,0.0,25,0.05,1,0,0,0
7881,5.0,5.0,0.0,25,0.05,1,0,0,0
7882,5.0,5.0,0.0,23,0.05,1,0,0,0
7883,5.0,5.0,0.0,27,0.05,1,0,0,0
7884,5.0,5.0,0.0,23,0.05,1,0,0,0
7885,5.0,5.0,0.0,27,0.05,1,0,0,0
7886,5.0,5.0,0.0,27,0.05,1,0,0,0
7887,5.0,5.0,0.0,23,0.05,1,0,0,0
7888,5.0,5.0,0.0,27,0.05,1,0,0,0
7889,5.0,5.0,0.0,25,0.05,1,0,0,0
7890,5.0,5.0,0.0,27,0.05,1,0,0,0
7891,5.0,5.0,0.0,23,0.05,1,0,0,0
7892,5.0,5.0,0.0,25,0.05,1,0,0,0
7893,5.0,5.0,0.0,27,0.05,1,0,0,0
7894,5.0,5.0,0.0,23,0.05,1,0,0,0
7895,5.0,5.0,0.0,23,0.05,1,0,0,0
7896,5.0,5.0,0.0,25,0.05,1,0,0,0
7897,5.0,5.0,0.0,23,0.05,1,0,0,0
7898,5.0,5.0,0.0,29,0.05,1,0,0,0
7899,5.0,5.0,0.0,23,0.05,1,0,0,0
7900,5.0,5.0,0.0,24,0.05,1,0,0,0
7901,5.0,5.0,0.0,27,0.05,1,0,0,0
7902,5.0,5.0,0.0,27,0.05,1,0,0,0
7903,5.0,5.0,0.0,23,0.05,1,0,0,0
7904,5.0,5.0,0.0,23,0.05,1,0,0,0
7905,5.0,5.0,0.0,23,0.05,1,0,0,0
7906,5.0,5.0,0.0,25,0.05,1,0,0,0
7907,5.0,5.0,0.0,23,0.05,1,0,0,0
7908,5.0,5.0,0.0,23,0.05,1,0,0,0
7909,5.0,5.0,0.0,23,0.05,1,0,0,0
7910,5.0,5.0,0.0,25,0.05,1,0,0,0
7911,5.0,5.0,0.0,27,0.05,1,0,0,0
7912,5.0,5.0,0.0,23,0.05,1,0,0,0
7913,5.0,5.0,0.0,23,0.05,1,0,0,0
7914,5.0,5.0,0.0,25,0.05,1,0,0,0
7915,5.0,5.0,0.0,23,0.05,1,0,0,0
7916,5.0,5.0,0.0,23,0.05,1,0,0,0
7917,5.0,5.0,0.0,25,0.05,1,0,0,0
7918,5.0,5.0,0.0,23,0.05,1,0,0,0
7919,5.0,5.0,0.0,29,0.05,1,0,0,0
7920,5.0,5.0,0.0,24,0.05,1,0,0,0
7921,5.0,5.0,0.0,23,0.05,1,0,0,0
7922,5.0,5.0,0.0,23,0.05,1,0,0,0
7923,5.0,5.0,0.0,23,0.05,1,0,0,0
7924,5.0,5.0,0.0,23,0.05,1,0,0,0
7925,5.0,5.0,0.0,23,0.05,1,0,0,0
7926,5.0,5.0,0.0,23,0.05,1,0,0,0
7927,5.0,5.0,0.0,26,0.05,1,0,0,0
7928,5.0,5.0,0.0,23,0.05,1,0,0,0
7929,5.0,5.0,0.0,23,0.05,1,0,0,0
7930,5.0,5.0,0.0,23,0.05,1,0,0,0
7931,5.0,5.0,0.0,31,0.05,1,0,0,0
7932,5.0,5.0,0.0,25,0.05,1,0,0,0
7933,5.0,5.0,0.0,23,0.05,1,0,0,0
7934,5.0,5.0,0.0,23,0.05,1,0,0,0
7935,5.0,5.0,0.0,29,0.05,1,0,0,0
7936,5.0,5.0,0.0,25,0.05,1,0,0,0
7937,5.0,5.0,0.0,25,0.05,1,0,0,0
7938,5.0,5.0,0.0,25,0.05,1,0,0,0
7939,5.0,5.0,0.0,25,0.05,1,0,0,0
7940,5.0,5.0,0.0,29,0.05,1,0,0,0
7941,5.0,5.0,0.0,31,0.05,1,0,0,0
7942,5.0,5.0,0.0,26,0.05,1,0,0,0
7943,5.0,5.0,0.0,24,0.05,1,0,0,0
7944,5.0,5.0,0.0,23,0.05,1,0,0,0
7945,5.0,5.0,0.0,23,0.05,1,0,0,0
7946,5.0,5.0,0.0,25,0.05,1,0,0,0
7947,5.0,5.0,0.0,26,0.05,1,0,0,0
7948,5.0,5.0,0.0,24,0.05,1,0,0,0
7949,5.0,5.0,0.0,27,0.05,1,0,0,0
7950,5.0,5.0,0.0,29,0.05,1,0,0,0
7951,5.0,5.0,0.0,25,0.05,1,0,0,0
7952,5.0,5.0,0.0,25,0.05,1,0,0,0
7953,5.0,5.0,0.0,27,0.05,1,0,0,0
7954,5.0,5.0,0.0,25,0.05,1,0,0,0
7955,5.0,5.0,0.0,25,0.05,1,0,0,0
7956,5.0,5.0,0.0,23,0.05,1,0,0,0
7957,5.0,5.0,0.0,23,0.05,1,0,0,0
7958,5.0,5.0,0.0,25,0.05,1,0,0,0
7959,5.0,5.0,0.0,24,0.05,1,0,0,0
7960,5.0,5.0,0.0,23,0.05,1,0,0,0
7961,5.0,5.0,0.0,23,0.05,1,0,0,0
7962,5.0,5.0,0.0,23,0.05,1,0,0,0
7963,5.0,5.0,0.0,23,0.05,1,0,0,0
7964,5.0,5.0,0.0,27,0.05,1,0,0,0
7965,5.0,5.0,0.0,27,0.05,1,0,0,0
7966,5.0,5.0,0.0,23,0.05,1,0,0,0
7967,5.0,5.0,0.0,25,0.05,1,0,0,0
7968,5.0,5.0,0.0,25,0.05,1,0,0,0
7969,5.0,5.0,0.0,23,0.05,1,0,0,0
7970,5.0,5.0,0.0,23,0.05,1,0,0,0
7971,5.0,5.0,0.0,25,0.05,1,0,0,0
7972,5.0,5.0,0.0,23,0.05,1,0,0,0
7973,5.0,5.0,0.0,25,0.05,1,0,0,0
7974,5.0,5.0,0.0,29,0.05,1,0,0,0
7975,5.0,5.0,0.0,23,0.05,1,0,0,0
7976,5.0,5.0,0.0,23,0.05,1,0,0,0
7977,5.0,5.0,0.0,25,0.05,1,0,0,0
7978,5.0,5.0,0.0,23,0.05,1,0,0,0
7979,5.0,5.0,0.0,27,0.05,1,0,0,0
7980,5.0,5.0,0.0,27,0.05,1,0,0,0
7981,5.0,5.0,0.0,27,0.05,1,0,0,0
7982,5.0,5.0,0.0,23,0.05,1,0,0,0
7983,5.0,5.0,0.0,23,0.05,1,0,0,0
7984,5.0,5.0,0.0,25,0.05,1,0,0,0
7985,5.0,5.0,0.0,23,0.05,1,0,0,0
7986,5.0,5.0,0.0,24,0.05,1,0,0,0
7987,5.0,5.0,0.0,25,0.05,1,0,0,0
7988,5.0,5.0,0.0,23,0.05,1,0,0,0
7989,5.0,5.0,0.0,28,0.05,1,0,0,0
7990,5.0,5.0,0.0,34,0.05,1,0,0,0
7991,5.0,5.0,0.0,23,0.05,1,0,0,0
7992,5.0,5.0,0.0,27,0.05,1,0,0,0
7993,5.0,5.0,0.0,23,0.05,1,0,0,0
7994,5.0,5.0,0.0,23,0.05,1,0,0,0
7995,5.0,5.0,0.0,26,0.05,1,0,0,0
7996,5.0,5.0,0.0,25,0.05,1,0,0,0
7997,5.0,5.0,0.0,31,0.05,1,0,0,0
7998,5.0,5.0,0.0,23,0.05,1,0,0,0
7999,5.0,5.0,0.0,23,0.05,1,0,0,0
8000,5.0,5.0,0.0,27,0.05,1,0,0,0
