episode,environment_return,learning_return,intrinsic_return,steps,epsilon,success,died,truncated,monster_moves
1,0.0,0.0,0.0,60,1.0,0,1,0,20
2,0.0,0.0,0.0,350,0.9999269230769231,0,0,1,142
3,2.0,2.0,0.0,337,0.9998538461538462,1,0,0,142
4,2.0,2.0,0.0,182,0.9997807692307692,1,0,0,68
5,1.0,1.0,0.0,350,0.9997076923076923,0,0,1,137
6,2.0,2.0,0.0,38,0.9996346153846154,1,0,0,13
7,0.0,0.0,0.0,26,0.9995615384615385,0,1,0,12
8,0.0,0.0,0.0,79,0.9994884615384615,0,1,0,36
9,0.0,0.0,0.0,350,0.9994153846153846,0,0,1,127
10,0.0,0.0,0.0,201,0.9993423076923077,0,1,0,83
11,0.0,0.0,0.0,242,0.9992692307692308,0,1,0,82
12,1.0,1.0,0.0,205,0.9991961538461539,0,1,0,84
13,2.0,2.0,0.0,122,0.9991230769230769,1,0,0,48
14,0.0,0.0,0.0,92,0.99905,0,1,0,40
15,2.0,2.0,0.0,81,0.9989769230769231,1,0,0,31
16,0.0,0.0,0.0,211,0.9989038461538462,0,1,0,81
17,0.0,0.0,0.0,72,0.9988307692307692,0,1,0,35
18,0.0,0.0,0.0,350,0.9987576923076923,0,0,1,158
19,0.0,0.0,0.0,129,0.9986846153846154,0,1,0,58
20,1.0,1.0,0.0,350,0.9986115384615385,0,0,1,150
21,0.0,0.0,0.0,48,0.9985384615384615,0,1,0,20
22,0.0,0.0,0.0,350,0.9984653846153846,0,0,1,146
23,0.0,0.0,0.0,44,0.9983923076923077,0,1,0,17
24,0.0,0.0,0.0,13,0.9983192307692308,0,1,0,5
25,0.0,0.0,0.0,219,0.9982461538461539,0,1,0,73
26,1.0,1.0,0.0,218,0.9981730769230769,0,1,0,81
27,0.0,0.0,0.0,346,0.9981,0,1,0,147
28,0.0,0.0,0.0,291,0.9980269230769231,0,1,0,122
29,1.0,1.0,0.0,301,0.9979538461538462,0,1,0,138
30,0.0,0.0,0.0,350,0.9978807692307692,0,0,1,145
31,0.0,0.0,0.0,191,0.9978076923076923,0,1,0,78
32,0.0,0.0,0.0,51,0.9977346153846154,0,1,0,24
33,2.0,2.0,0.0,222,0.9976615384615385,1,0,0,83
34,0.0,0.0,0.0,350,0.9975884615384616,0,0,1,132
35,2.0,2.0,0.0,184,0.9975153846153846,1,0,0,66
36,2.0,2.0,0.0,85,0.9974423076923077,1,0,0,34
37,0.0,0.0,0.0,176,0.9973692307692308,0,1,0,60
38,0.0,0.0,0.0,37,0.9972961538461539,0,1,0,14
39,0.0,0.0,0.0,134,0.9972230769230769,0,1,0,57
40,0.0,0.0,0.0,350,0.99715,0,0,1,133
41,0.0,0.0,0.0,140,0.9970769230769231,0,1,0,58
42,0.0,0.0,0.0,270,0.9970038461538462,0,1,0,102
43,0.0,0.0,0.0,74,0.9969307692307692,0,1,0,34
44,2.0,2.0,0.0,102,0.9968576923076923,1,0,0,45
45,0.0,0.0,0.0,260,0.9967846153846154,0,1,0,115
46,1.0,1.0,0.0,335,0.9967115384615385,0,1,0,130
47,0.0,0.0,0.0,272,0.9966384615384616,0,1,0,116
48,0.0,0.0,0.0,90,0.9965653846153846,0,1,0,33
49,2.0,2.0,0.0,213,0.9964923076923077,1,0,0,91
50,2.0,2.0,0.0,102,0.9964192307692308,1,0,0,43
51,1.0,1.0,0.0,168,0.9963461538461539,0,1,0,61
52,2.0,2.0,0.0,268,0.9962730769230769,1,0,0,100
53,2.0,2.0,0.0,314,0.9962,1,0,0,118
54,1.0,1.0,0.0,126,0.9961269230769231,0,1,0,40
55,2.0,2.0,0.0,77,0.9960538461538462,1,0,0,32
56,0.0,0.0,0.0,70,0.9959807692307693,0,1,0,30
57,0.0,0.0,0.0,14,0.9959076923076923,0,1,0,4
58,0.0,0.0,0.0,350,0.9958346153846154,0,0,1,127
59,0.0,0.0,0.0,142,0.9957615384615385,0,1,0,64
60,1.0,1.0,0.0,170,0.9956884615384616,0,1,0,64
61,0.0,0.0,0.0,145,0.9956153846153846,0,1,0,61
62,2.0,2.0,0.0,74,0.9955423076923077,1,0,0,28
63,0.0,0.0,0.0,130,0.9954692307692308,0,1,0,48
64,1.0,1.0,0.0,260,0.9953961538461539,0,1,0,109
65,0.0,0.0,0.0,350,0.995323076923077,0,0,1,143
66,1.0,1.0,0.0,350,0.99525,0,0,1,144
67,0.0,0.0,0.0,221,0.9951769230769231,0,1,0,89
68,1.0,1.0,0.0,296,0.9951038461538462,0,1,0,101
69,0.0,0.0,0.0,161,0.9950307692307693,0,1,0,70
70,2.0,2.0,0.0,227,0.9949576923076923,1,0,0,71
71,0.0,0.0,0.0,73,0.9948846153846154,0,1,0,29
72,0.0,0.0,0.0,43,0.9948115384615385,0,1,0,11
73,2.0,2.0,0.0,67,0.9947384615384616,1,0,0,30
74,0.0,0.0,0.0,121,0.9946653846153846,0,1,0,45
75,1.0,1.0,0.0,187,0.9945923076923077,0,1,0,61
76,0.0,0.0,0.0,350,0.9945192307692308,0,0,1,133
77,0.0,0.0,0.0,266,0.9944461538461539,0,1,0,95
78,0.0,0.0,0.0,248,0.994373076923077,0,1,0,103
79,0.0,0.0,0.0,85,0.9943,0,1,0,34
80,0.0,0.0,0.0,51,0.9942269230769231,0,1,0,19
81,1.0,1.0,0.0,350,0.9941538461538462,0,0,1,135
82,2.0,2.0,0.0,155,0.9940807692307693,1,0,0,61
83,0.0,0.0,0.0,154,0.9940076923076923,0,1,0,63
84,2.0,2.0,0.0,158,0.9939346153846154,1,0,0,58
85,0.0,0.0,0.0,350,0.9938615384615385,0,0,1,145
86,0.0,0.0,0.0,51,0.9937884615384616,0,1,0,18
87,0.0,0.0,0.0,350,0.9937153846153847,0,0,1,149
88,0.0,0.0,0.0,162,0.9936423076923077,0,1,0,61
89,0.0,0.0,0.0,45,0.9935692307692308,0,1,0,18
90,2.0,2.0,0.0,121,0.9934961538461539,1,0,0,51
91,1.0,1.0,0.0,149,0.993423076923077,0,1,0,72
92,0.0,0.0,0.0,299,0.99335,0,1,0,133
93,2.0,2.0,0.0,337,0.9932769230769231,1,0,0,124
94,0.0,0.0,0.0,230,0.9932038461538462,0,1,0,75
95,0.0,0.0,0.0,289,0.9931307692307693,0,1,0,103
96,0.0,0.0,0.0,350,0.9930576923076924,0,0,1,138
97,2.0,2.0,0.0,249,0.9929846153846154,1,0,0,82
98,1.0,1.0,0.0,253,0.9929115384615385,0,1,0,94
99,0.0,0.0,0.0,221,0.9928384615384616,0,1,0,90
100,0.0,0.0,0.0,33,0.9927653846153847,0,1,0,19
101,0.0,0.0,0.0,172,0.9926923076923077,0,1,0,77
102,1.0,1.0,0.0,93,0.9926192307692308,0,1,0,34
103,1.0,1.0,0.0,350,0.9925461538461539,0,0,1,132
104,2.0,2.0,0.0,63,0.992473076923077,1,0,0,27
105,0.0,0.0,0.0,350,0.9924,0,0,1,139
106,2.0,2.0,0.0,214,0.992326923076923,1,0,0,72
107,0.0,0.0,0.0,90,0.9922538461538462,0,1,0,35
108,0.0,0.0,0.0,34,0.9921807692307693,0,1,0,14
109,0.0,0.0,0.0,350,0.9921076923076924,0,0,1,129
110,0.0,0.0,0.0,112,0.9920346153846153,0,1,0,43
111,2.0,2.0,0.0,177,0.9919615384615385,1,0,0,65
112,2.0,2.0,0.0,181,0.9918884615384616,1,0,0,69
113,0.0,0.0,0.0,45,0.9918153846153847,0,1,0,16
114,0.0,0.0,0.0,91,0.9917423076923076,0,1,0,38
115,2.0,2.0,0.0,132,0.9916692307692307,1,0,0,47
116,0.0,0.0,0.0,172,0.9915961538461538,0,1,0,50
117,0.0,0.0,0.0,104,0.991523076923077,0,1,0,40
118,0.0,0.0,0.0,170,0.99145,0,1,0,58
119,0.0,0.0,0.0,131,0.991376923076923,0,1,0,55
120,0.0,0.0,0.0,173,0.9913038461538461,0,1,0,66
121,0.0,0.0,0.0,302,0.9912307692307692,0,1,0,136
122,1.0,1.0,0.0,350,0.9911576923076924,0,0,1,143
123,2.0,2.0,0.0,187,0.9910846153846153,1,0,0,76
124,1.0,1.0,0.0,350,0.9910115384615384,0,0,1,133
125,0.0,0.0,0.0,217,0.9909384615384615,0,1,0,100
126,0.0,0.0,0.0,152,0.9908653846153846,0,1,0,62
127,2.0,2.0,0.0,169,0.9907923076923076,1,0,0,65
128,0.0,0.0,0.0,15,0.9907192307692307,0,1,0,7
129,0.0,0.0,0.0,64,0.9906461538461538,0,1,0,33
130,0.0,0.0,0.0,227,0.990573076923077,0,1,0,90
131,1.0,1.0,0.0,127,0.9905,0,1,0,53
132,0.0,0.0,0.0,62,0.990426923076923,0,1,0,29
133,2.0,2.0,0.0,122,0.9903538461538461,1,0,0,50
134,0.0,0.0,0.0,335,0.9902807692307692,0,1,0,135
135,0.0,0.0,0.0,281,0.9902076923076923,0,1,0,122
136,0.0,0.0,0.0,108,0.9901346153846153,0,1,0,50
137,0.0,0.0,0.0,350,0.9900615384615384,0,0,1,137
138,0.0,0.0,0.0,298,0.9899884615384615,0,1,0,127
139,0.0,0.0,0.0,253,0.9899153846153846,0,1,0,95
140,0.0,0.0,0.0,350,0.9898423076923077,0,0,1,153
141,0.0,0.0,0.0,65,0.9897692307692307,0,1,0,26
142,0.0,0.0,0.0,118,0.9896961538461538,0,1,0,40
143,0.0,0.0,0.0,67,0.9896230769230769,0,1,0,26
144,2.0,2.0,0.0,336,0.98955,1,0,0,138
145,0.0,0.0,0.0,350,0.989476923076923,0,0,1,144
146,2.0,2.0,0.0,37,0.9894038461538461,1,0,0,13
147,0.0,0.0,0.0,350,0.9893307692307692,0,0,1,138
148,0.0,0.0,0.0,92,0.9892576923076923,0,1,0,28
149,0.0,0.0,0.0,78,0.9891846153846153,0,1,0,32
150,1.0,1.0,0.0,136,0.9891115384615384,0,1,0,55
151,0.0,0.0,0.0,169,0.9890384615384615,0,1,0,64
152,0.0,0.0,0.0,147,0.9889653846153846,0,1,0,58
153,0.0,0.0,0.0,176,0.9888923076923077,0,1,0,71
154,0.0,0.0,0.0,89,0.9888192307692307,0,1,0,33
155,0.0,0.0,0.0,350,0.9887461538461538,0,0,1,149
156,0.0,0.0,0.0,127,0.9886730769230769,0,1,0,45
157,0.0,0.0,0.0,350,0.9886,0,0,1,135
158,0.0,0.0,0.0,350,0.988526923076923,0,0,1,137
159,0.0,0.0,0.0,70,0.9884538461538461,0,1,0,27
160,0.0,0.0,0.0,116,0.9883807692307692,0,1,0,41
161,0.0,0.0,0.0,350,0.9883076923076923,0,0,1,152
162,0.0,0.0,0.0,208,0.9882346153846154,0,1,0,72
163,0.0,0.0,0.0,350,0.9881615384615384,0,0,1,128
164,0.0,0.0,0.0,71,0.9880884615384615,0,1,0,31
165,1.0,1.0,0.0,127,0.9880153846153846,0,1,0,55
166,1.0,1.0,0.0,350,0.9879423076923077,0,0,1,138
167,0.0,0.0,0.0,350,0.9878692307692307,0,0,1,137
168,1.0,1.0,0.0,263,0.9877961538461538,0,1,0,104
169,0.0,0.0,0.0,181,0.9877230769230769,0,1,0,82
170,0.0,0.0,0.0,199,0.98765,0,1,0,97
171,0.0,0.0,0.0,350,0.9875769230769231,0,0,1,153
172,0.0,0.0,0.0,71,0.9875038461538461,0,1,0,31
173,0.0,0.0,0.0,105,0.9874307692307692,0,1,0,42
174,0.0,0.0,0.0,350,0.9873576923076923,0,0,1,144
175,0.0,0.0,0.0,124,0.9872846153846154,0,1,0,38
176,0.0,0.0,0.0,76,0.9872115384615384,0,1,0,30
177,2.0,2.0,0.0,117,0.9871384615384615,1,0,0,49
178,0.0,0.0,0.0,204,0.9870653846153846,0,1,0,98
179,0.0,0.0,0.0,253,0.9869923076923077,0,1,0,98
180,1.0,1.0,0.0,272,0.9869192307692307,0,1,0,123
181,0.0,0.0,0.0,55,0.9868461538461538,0,1,0,22
182,0.0,0.0,0.0,127,0.9867730769230769,0,1,0,49
183,0.0,0.0,0.0,74,0.9867,0,1,0,35
184,0.0,0.0,0.0,350,0.9866269230769231,0,0,1,140
185,0.0,0.0,0.0,276,0.9865538461538461,0,1,0,109
186,0.0,0.0,0.0,139,0.9864807692307692,0,1,0,61
187,0.0,0.0,0.0,82,0.9864076923076923,0,1,0,34
188,1.0,1.0,0.0,292,0.9863346153846154,0,1,0,111
189,0.0,0.0,0.0,112,0.9862615384615384,0,1,0,37
190,0.0,0.0,0.0,257,0.9861884615384615,0,1,0,97
191,1.0,1.0,0.0,350,0.9861153846153846,0,0,1,140
192,0.0,0.0,0.0,32,0.9860423076923077,0,1,0,14
193,0.0,0.0,0.0,196,0.9859692307692308,0,1,0,70
194,2.0,2.0,0.0,127,0.9858961538461538,1,0,0,64
195,0.0,0.0,0.0,48,0.9858230769230769,0,1,0,22
196,0.0,0.0,0.0,204,0.98575,0,1,0,92
197,0.0,0.0,0.0,63,0.9856769230769231,0,1,0,31
198,0.0,0.0,0.0,62,0.9856038461538461,0,1,0,25
199,1.0,1.0,0.0,142,0.9855307692307692,0,1,0,62
200,0.0,0.0,0.0,279,0.9854576923076923,0,1,0,110
201,0.0,0.0,0.0,350,0.9853846153846154,0,0,1,141
202,0.0,0.0,0.0,350,0.9853115384615385,0,0,1,146
203,0.0,0.0,0.0,350,0.9852384615384615,0,0,1,130
204,0.0,0.0,0.0,221,0.9851653846153846,0,1,0,89
205,0.0,0.0,0.0,88,0.9850923076923077,0,1,0,34
206,0.0,0.0,0.0,293,0.9850192307692308,0,1,0,112
207,1.0,1.0,0.0,110,0.9849461538461538,0,1,0,46
208,0.0,0.0,0.0,350,0.9848730769230769,0,0,1,154
209,2.0,2.0,0.0,177,0.9848,1,0,0,77
210,0.0,0.0,0.0,259,0.9847269230769231,0,1,0,105
211,0.0,0.0,0.0,27,0.9846538461538461,0,1,0,6
212,0.0,0.0,0.0,321,0.9845807692307692,0,1,0,119
213,2.0,2.0,0.0,255,0.9845076923076923,1,0,0,113
214,0.0,0.0,0.0,47,0.9844346153846154,0,1,0,15
215,0.0,0.0,0.0,305,0.9843615384615385,0,1,0,106
216,1.0,1.0,0.0,150,0.9842884615384615,0,1,0,62
217,1.0,1.0,0.0,350,0.9842153846153846,0,0,1,153
218,2.0,2.0,0.0,269,0.9841423076923077,1,0,0,108
219,0.0,0.0,0.0,27,0.9840692307692308,0,1,0,13
220,2.0,2.0,0.0,214,0.9839961538461538,1,0,0,89
221,0.0,0.0,0.0,350,0.9839230769230769,0,0,1,121
222,0.0,0.0,0.0,255,0.98385,0,1,0,94
223,2.0,2.0,0.0,210,0.9837769230769231,1,0,0,93
224,0.0,0.0,0.0,350,0.9837038461538462,0,0,1,139
225,2.0,2.0,0.0,141,0.9836307692307692,1,0,0,58
226,2.0,2.0,0.0,210,0.9835576923076923,1,0,0,84
227,0.0,0.0,0.0,105,0.9834846153846154,0,1,0,42
228,1.0,1.0,0.0,214,0.9834115384615385,0,1,0,90
229,0.0,0.0,0.0,107,0.9833384615384615,0,1,0,44
230,1.0,1.0,0.0,350,0.9832653846153846,0,0,1,147
231,1.0,1.0,0.0,188,0.9831923076923077,0,1,0,84
232,0.0,0.0,0.0,253,0.9831192307692308,0,1,0,96
233,2.0,2.0,0.0,273,0.9830461538461539,1,0,0,101
234,0.0,0.0,0.0,350,0.9829730769230769,0,0,1,127
235,0.0,0.0,0.0,350,0.9829,0,1,0,146
236,0.0,0.0,0.0,314,0.9828269230769231,0,1,0,118
237,1.0,1.0,0.0,350,0.9827538461538462,0,0,1,131
238,2.0,2.0,0.0,299,0.9826807692307692,1,0,0,107
239,0.0,0.0,0.0,350,0.9826076923076923,0,0,1,115
240,2.0,2.0,0.0,103,0.9825346153846154,1,0,0,43
241,0.0,0.0,0.0,350,0.9824615384615385,0,0,1,162
242,0.0,0.0,0.0,341,0.9823884615384615,0,1,0,147
243,0.0,0.0,0.0,184,0.9823153846153846,0,1,0,78
244,2.0,2.0,0.0,335,0.9822423076923077,1,0,0,151
245,2.0,2.0,0.0,129,0.9821692307692308,1,0,0,53
246,0.0,0.0,0.0,350,0.9820961538461539,0,0,1,146
247,2.0,2.0,0.0,190,0.9820230769230769,1,0,0,68
248,0.0,0.0,0.0,303,0.98195,0,1,0,129
249,0.0,0.0,0.0,350,0.9818769230769231,0,0,1,134
250,0.0,0.0,0.0,350,0.9818038461538462,0,0,1,136
251,0.0,0.0,0.0,203,0.9817307692307692,0,1,0,70
252,0.0,0.0,0.0,350,0.9816576923076923,0,0,1,134
253,1.0,1.0,0.0,350,0.9815846153846154,0,0,1,130
254,0.0,0.0,0.0,156,0.9815115384615385,0,1,0,62
255,0.0,0.0,0.0,192,0.9814384615384615,0,1,0,68
256,0.0,0.0,0.0,20,0.9813653846153846,0,1,0,6
257,0.0,0.0,0.0,76,0.9812923076923077,0,1,0,32
258,2.0,2.0,0.0,276,0.9812192307692308,1,0,0,106
259,0.0,0.0,0.0,203,0.9811461538461539,0,1,0,80
260,1.0,1.0,0.0,82,0.9810730769230769,0,1,0,30
261,0.0,0.0,0.0,132,0.981,0,1,0,54
262,0.0,0.0,0.0,242,0.9809269230769231,0,1,0,83
263,0.0,0.0,0.0,256,0.9808538461538462,0,1,0,88
264,0.0,0.0,0.0,73,0.9807807692307693,0,1,0,33
265,0.0,0.0,0.0,32,0.9807076923076923,0,1,0,13
266,0.0,0.0,0.0,82,0.9806346153846154,0,1,0,40
267,0.0,0.0,0.0,350,0.9805615384615385,0,0,1,126
268,0.0,0.0,0.0,350,0.9804884615384616,0,0,1,140
269,0.0,0.0,0.0,83,0.9804153846153846,0,1,0,39
270,1.0,1.0,0.0,204,0.9803423076923077,0,1,0,70
271,0.0,0.0,0.0,221,0.9802692307692308,0,1,0,73
272,0.0,0.0,0.0,350,0.9801961538461539,0,0,1,148
273,0.0,0.0,0.0,236,0.9801230769230769,0,1,0,94
274,1.0,1.0,0.0,350,0.98005,0,0,1,142
275,2.0,2.0,0.0,196,0.9799769230769231,1,0,0,75
276,0.0,0.0,0.0,109,0.9799038461538462,0,1,0,40
277,1.0,1.0,0.0,250,0.9798307692307693,0,1,0,109
278,0.0,0.0,0.0,201,0.9797576923076923,0,1,0,80
279,2.0,2.0,0.0,71,0.9796846153846154,1,0,0,27
280,0.0,0.0,0.0,89,0.9796115384615385,0,1,0,34
281,0.0,0.0,0.0,194,0.9795384615384616,0,1,0,87
282,0.0,0.0,0.0,168,0.9794653846153846,0,1,0,69
283,0.0,0.0,0.0,149,0.9793923076923077,0,1,0,59
284,0.0,0.0,0.0,116,0.9793192307692308,0,1,0,44
285,0.0,0.0,0.0,111,0.9792461538461539,0,1,0,52
286,0.0,0.0,0.0,60,0.9791730769230769,0,1,0,20
287,0.0,0.0,0.0,350,0.9791,0,0,1,137
288,0.0,0.0,0.0,311,0.9790269230769231,0,1,0,129
289,0.0,0.0,0.0,182,0.9789538461538462,0,1,0,80
290,0.0,0.0,0.0,66,0.9788807692307693,0,1,0,32
291,1.0,1.0,0.0,293,0.9788076923076923,0,1,0,119
292,0.0,0.0,0.0,151,0.9787346153846154,0,1,0,64
293,2.0,2.0,0.0,186,0.9786615384615385,1,0,0,67
294,1.0,1.0,0.0,177,0.9785884615384616,0,1,0,63
295,2.0,2.0,0.0,76,0.9785153846153846,1,0,0,33
296,2.0,2.0,0.0,149,0.9784423076923077,1,0,0,62
297,0.0,0.0,0.0,58,0.9783692307692308,0,1,0,17
298,1.0,1.0,0.0,188,0.9782961538461539,0,1,0,81
299,0.0,0.0,0.0,350,0.978223076923077,0,0,1,148
300,0.0,0.0,0.0,122,0.97815,0,1,0,47
301,2.0,2.0,0.0,103,0.9780769230769231,1,0,0,35
302,2.0,2.0,0.0,184,0.9780038461538462,1,0,0,82
303,0.0,0.0,0.0,206,0.9779307692307693,0,1,0,82
304,2.0,2.0,0.0,280,0.9778576923076923,1,0,0,111
305,2.0,2.0,0.0,93,0.9777846153846154,1,0,0,30
306,0.0,0.0,0.0,155,0.9777115384615385,0,1,0,63
307,2.0,2.0,0.0,55,0.9776384615384616,1,0,0,20
308,0.0,0.0,0.0,197,0.9775653846153847,0,1,0,72
309,2.0,2.0,0.0,172,0.9774923076923077,1,0,0,61
310,2.0,2.0,0.0,340,0.9774192307692308,1,0,0,121
311,0.0,0.0,0.0,106,0.9773461538461539,0,1,0,46
312,1.0,1.0,0.0,350,0.977273076923077,0,0,1,136
313,0.0,0.0,0.0,350,0.9772,0,0,1,131
314,0.0,0.0,0.0,304,0.9771269230769231,0,1,0,114
315,0.0,0.0,0.0,167,0.9770538461538462,0,1,0,68
316,2.0,2.0,0.0,31,0.9769807692307693,1,0,0,14
317,0.0,0.0,0.0,181,0.9769076923076923,0,1,0,80
318,0.0,0.0,0.0,174,0.9768346153846154,0,1,0,74
319,1.0,1.0,0.0,157,0.9767615384615385,0,1,0,61
320,0.0,0.0,0.0,72,0.9766884615384616,0,1,0,23
321,0.0,0.0,0.0,39,0.9766153846153847,0,1,0,16
322,0.0,0.0,0.0,85,0.9765423076923077,0,1,0,30
323,0.0,0.0,0.0,350,0.9764692307692308,0,0,1,143
324,2.0,2.0,0.0,238,0.9763961538461539,1,0,0,93
325,0.0,0.0,0.0,107,0.976323076923077,0,1,0,34
326,0.0,0.0,0.0,47,0.97625,0,1,0,12
327,0.0,0.0,0.0,350,0.976176923076923,0,0,1,142
328,1.0,1.0,0.0,340,0.9761038461538462,0,1,0,136
329,0.0,0.0,0.0,141,0.9760307692307693,0,1,0,55
330,0.0,0.0,0.0,297,0.9759576923076924,0,1,0,109
331,0.0,0.0,0.0,110,0.9758846153846154,0,1,0,42
332,0.0,0.0,0.0,220,0.9758115384615385,0,1,0,80
333,0.0,0.0,0.0,119,0.9757384615384616,0,1,0,50
334,2.0,2.0,0.0,184,0.9756653846153847,1,0,0,84
335,0.0,0.0,0.0,140,0.9755923076923076,0,1,0,54
336,2.0,2.0,0.0,143,0.9755192307692307,1,0,0,62
337,1.0,1.0,0.0,68,0.9754461538461539,0,1,0,24
338,2.0,2.0,0.0,43,0.975373076923077,1,0,0,18
339,0.0,0.0,0.0,181,0.9753000000000001,0,1,0,62
340,0.0,0.0,0.0,350,0.975226923076923,0,0,1,158
341,1.0,1.0,0.0,350,0.9751538461538461,0,0,1,142
342,0.0,0.0,0.0,350,0.9750807692307693,0,0,1,144
343,0.0,0.0,0.0,222,0.9750076923076924,0,1,0,85
344,0.0,0.0,0.0,155,0.9749346153846153,0,1,0,59
345,0.0,0.0,0.0,350,0.9748615384615384,0,0,1,131
346,2.0,2.0,0.0,102,0.9747884615384615,1,0,0,38
347,2.0,2.0,0.0,109,0.9747153846153847,1,0,0,35
348,2.0,2.0,0.0,93,0.9746423076923076,1,0,0,38
349,0.0,0.0,0.0,273,0.9745692307692307,0,1,0,124
350,0.0,0.0,0.0,104,0.9744961538461538,0,1,0,43
351,0.0,0.0,0.0,123,0.974423076923077,0,1,0,58
352,0.0,0.0,0.0,287,0.97435,0,1,0,108
353,2.0,2.0,0.0,341,0.974276923076923,1,0,0,135
354,0.0,0.0,0.0,220,0.9742038461538461,0,1,0,89
355,0.0,0.0,0.0,152,0.9741307692307692,0,1,0,63
356,1.0,1.0,0.0,108,0.9740576923076923,0,1,0,36
357,0.0,0.0,0.0,350,0.9739846153846153,0,0,1,139
358,0.0,0.0,0.0,280,0.9739115384615384,0,1,0,121
359,0.0,0.0,0.0,350,0.9738384615384615,0,0,1,157
360,0.0,0.0,0.0,253,0.9737653846153846,0,1,0,107
361,0.0,0.0,0.0,235,0.9736923076923077,0,1,0,84
362,2.0,2.0,0.0,295,0.9736192307692307,1,0,0,115
363,0.0,0.0,0.0,92,0.9735461538461538,0,1,0,37
364,0.0,0.0,0.0,124,0.9734730769230769,0,1,0,51
365,0.0,0.0,0.0,350,0.9734,0,0,1,157
366,1.0,1.0,0.0,350,0.973326923076923,0,0,1,142
367,0.0,0.0,0.0,350,0.9732538461538461,0,0,1,145
368,0.0,0.0,0.0,154,0.9731807692307692,0,1,0,64
369,0.0,0.0,0.0,148,0.9731076923076923,0,1,0,56
370,0.0,0.0,0.0,247,0.9730346153846154,0,1,0,96
371,0.0,0.0,0.0,350,0.9729615384615384,0,0,1,145
372,0.0,0.0,0.0,18,0.9728884615384615,0,1,0,3
373,0.0,0.0,0.0,98,0.9728153846153846,0,1,0,41
374,2.0,2.0,0.0,205,0.9727423076923077,1,0,0,77
375,0.0,0.0,0.0,78,0.9726692307692307,0,1,0,24
376,2.0,2.0,0.0,73,0.9725961538461538,1,0,0,25
377,2.0,2.0,0.0,231,0.9725230769230769,1,0,0,89
378,2.0,2.0,0.0,216,0.97245,1,0,0,88
379,0.0,0.0,0.0,219,0.972376923076923,0,1,0,81
380,2.0,2.0,0.0,92,0.9723038461538461,1,0,0,39
381,0.0,0.0,0.0,350,0.9722307692307692,0,0,1,143
382,0.0,0.0,0.0,196,0.9721576923076923,0,1,0,95
383,0.0,0.0,0.0,218,0.9720846153846154,0,1,0,85
384,0.0,0.0,0.0,108,0.9720115384615384,0,1,0,46
385,0.0,0.0,0.0,197,0.9719384615384615,0,1,0,90
386,1.0,1.0,0.0,63,0.9718653846153846,0,1,0,28
387,0.0,0.0,0.0,194,0.9717923076923077,0,1,0,80
388,0.0,0.0,0.0,155,0.9717192307692307,0,1,0,55
389,0.0,0.0,0.0,350,0.9716461538461538,0,0,1,146
390,0.0,0.0,0.0,112,0.9715730769230769,0,1,0,37
391,0.0,0.0,0.0,50,0.9715,0,1,0,22
392,0.0,0.0,0.0,350,0.971426923076923,0,0,1,140
393,0.0,0.0,0.0,300,0.9713538461538461,0,1,0,115
394,1.0,1.0,0.0,350,0.9712807692307692,0,0,1,140
395,0.0,0.0,0.0,147,0.9712076923076923,0,1,0,65
396,0.0,0.0,0.0,241,0.9711346153846154,0,1,0,94
397,0.0,0.0,0.0,350,0.9710615384615384,0,0,1,149
398,0.0,0.0,0.0,40,0.9709884615384615,0,1,0,19
399,0.0,0.0,0.0,147,0.9709153846153846,0,1,0,68
400,2.0,2.0,0.0,126,0.9708423076923077,1,0,0,47
401,0.0,0.0,0.0,344,0.9707692307692307,0,1,0,139
402,1.0,1.0,0.0,95,0.9706961538461538,0,1,0,37
403,0.0,0.0,0.0,18,0.9706230769230769,0,1,0,8
404,0.0,0.0,0.0,350,0.97055,0,0,1,145
405,0.0,0.0,0.0,26,0.9704769230769231,0,1,0,10
406,0.0,0.0,0.0,71,0.9704038461538461,0,1,0,29
407,2.0,2.0,0.0,274,0.9703307692307692,1,0,0,110
408,0.0,0.0,0.0,47,0.9702576923076923,0,1,0,20
409,0.0,0.0,0.0,111,0.9701846153846154,0,1,0,49
410,0.0,0.0,0.0,60,0.9701115384615384,0,1,0,23
411,0.0,0.0,0.0,330,0.9700384615384615,0,1,0,137
412,0.0,0.0,0.0,104,0.9699653846153846,0,1,0,50
413,0.0,0.0,0.0,59,0.9698923076923077,0,1,0,31
414,2.0,2.0,0.0,75,0.9698192307692308,1,0,0,33
415,0.0,0.0,0.0,350,0.9697461538461538,0,0,1,164
416,0.0,0.0,0.0,220,0.9696730769230769,0,1,0,88
417,2.0,2.0,0.0,171,0.9696,1,0,0,68
418,0.0,0.0,0.0,112,0.9695269230769231,0,1,0,53
419,1.0,1.0,0.0,90,0.9694538461538461,0,1,0,39
420,2.0,2.0,0.0,59,0.9693807692307692,1,0,0,25
421,1.0,1.0,0.0,225,0.9693076923076923,0,1,0,95
422,0.0,0.0,0.0,140,0.9692346153846154,0,1,0,60
423,0.0,0.0,0.0,166,0.9691615384615385,0,1,0,67
424,0.0,0.0,0.0,350,0.9690884615384615,0,0,1,133
425,0.0,0.0,0.0,350,0.9690153846153846,0,0,1,127
426,0.0,0.0,0.0,27,0.9689423076923077,0,1,0,11
427,0.0,0.0,0.0,350,0.9688692307692308,0,0,1,139
428,0.0,0.0,0.0,151,0.9687961538461538,0,1,0,60
429,0.0,0.0,0.0,250,0.9687230769230769,0,1,0,92
430,0.0,0.0,0.0,77,0.96865,0,1,0,34
431,0.0,0.0,0.0,290,0.9685769230769231,0,1,0,104
432,2.0,2.0,0.0,149,0.9685038461538462,1,0,0,52
433,0.0,0.0,0.0,156,0.9684307692307692,0,1,0,60
434,0.0,0.0,0.0,350,0.9683576923076923,0,0,1,124
435,0.0,0.0,0.0,350,0.9682846153846154,0,0,1,115
436,0.0,0.0,0.0,118,0.9682115384615385,0,1,0,45
437,2.0,2.0,0.0,345,0.9681384615384615,1,0,0,148
438,0.0,0.0,0.0,350,0.9680653846153846,0,0,1,136
439,1.0,1.0,0.0,82,0.9679923076923077,0,1,0,33
440,1.0,1.0,0.0,155,0.9679192307692308,0,1,0,64
441,0.0,0.0,0.0,172,0.9678461538461538,0,1,0,76
442,2.0,2.0,0.0,245,0.9677730769230769,1,0,0,99
443,1.0,1.0,0.0,197,0.9677,0,1,0,87
444,2.0,2.0,0.0,278,0.9676269230769231,1,0,0,117
445,2.0,2.0,0.0,173,0.9675538461538462,1,0,0,69
446,0.0,0.0,0.0,24,0.9674807692307692,0,1,0,9
447,0.0,0.0,0.0,350,0.9674076923076923,0,0,1,151
448,0.0,0.0,0.0,212,0.9673346153846154,0,1,0,83
449,0.0,0.0,0.0,229,0.9672615384615385,0,1,0,81
450,0.0,0.0,0.0,288,0.9671884615384615,0,1,0,121
451,2.0,2.0,0.0,145,0.9671153846153846,1,0,0,52
452,0.0,0.0,0.0,29,0.9670423076923077,0,1,0,12
453,0.0,0.0,0.0,39,0.9669692307692308,0,1,0,19
454,0.0,0.0,0.0,350,0.9668961538461538,0,0,1,141
455,0.0,0.0,0.0,303,0.9668230769230769,0,1,0,123
456,2.0,2.0,0.0,128,0.96675,1,0,0,53
457,2.0,2.0,0.0,48,0.9666769230769231,1,0,0,15
458,0.0,0.0,0.0,350,0.9666038461538462,0,0,1,157
459,2.0,2.0,0.0,141,0.9665307692307692,1,0,0,45
460,0.0,0.0,0.0,90,0.9664576923076923,0,1,0,26
461,0.0,0.0,0.0,350,0.9663846153846154,0,0,1,137
462,2.0,2.0,0.0,110,0.9663115384615385,1,0,0,35
463,0.0,0.0,0.0,350,0.9662384615384615,0,0,1,141
464,2.0,2.0,0.0,171,0.9661653846153846,1,0,0,79
465,0.0,0.0,0.0,231,0.9660923076923077,0,1,0,88
466,0.0,0.0,0.0,237,0.9660192307692308,0,1,0,95
467,2.0,2.0,0.0,206,0.9659461538461539,1,0,0,90
468,0.0,0.0,0.0,350,0.9658730769230769,0,0,1,129
469,0.0,0.0,0.0,350,0.9658,0,0,1,143
470,0.0,0.0,0.0,37,0.9657269230769231,0,1,0,19
471,0.0,0.0,0.0,188,0.9656538461538462,0,1,0,73
472,0.0,0.0,0.0,80,0.9655807692307692,0,1,0,31
473,1.0,1.0,0.0,176,0.9655076923076923,0,1,0,68
474,0.0,0.0,0.0,122,0.9654346153846154,0,1,0,50
475,2.0,2.0,0.0,244,0.9653615384615385,1,0,0,96
476,0.0,0.0,0.0,244,0.9652884615384616,0,1,0,95
477,0.0,0.0,0.0,28,0.9652153846153846,0,1,0,15
478,2.0,2.0,0.0,82,0.9651423076923077,1,0,0,31
479,0.0,0.0,0.0,236,0.9650692307692308,0,1,0,89
480,2.0,2.0,0.0,164,0.9649961538461539,1,0,0,63
481,1.0,1.0,0.0,45,0.9649230769230769,0,1,0,21
482,1.0,1.0,0.0,259,0.96485,0,1,0,102
483,0.0,0.0,0.0,143,0.9647769230769231,0,1,0,69
484,2.0,2.0,0.0,223,0.9647038461538462,1,0,0,94
485,0.0,0.0,0.0,76,0.9646307692307692,0,1,0,35
486,0.0,0.0,0.0,228,0.9645576923076923,0,1,0,90
487,2.0,2.0,0.0,110,0.9644846153846154,1,0,0,42
488,2.0,2.0,0.0,141,0.9644115384615385,1,0,0,43
489,0.0,0.0,0.0,305,0.9643384615384616,0,1,0,113
490,0.0,0.0,0.0,189,0.9642653846153846,0,1,0,94
491,2.0,2.0,0.0,64,0.9641923076923077,1,0,0,22
492,1.0,1.0,0.0,117,0.9641192307692308,0,1,0,47
493,2.0,2.0,0.0,108,0.9640461538461539,1,0,0,40
494,0.0,0.0,0.0,29,0.9639730769230769,0,1,0,14
495,0.0,0.0,0.0,185,0.9639,0,1,0,74
496,2.0,2.0,0.0,83,0.9638269230769231,1,0,0,28
497,2.0,2.0,0.0,88,0.9637538461538462,1,0,0,42
498,2.0,2.0,0.0,50,0.9636807692307693,1,0,0,19
499,0.0,0.0,0.0,286,0.9636076923076923,0,1,0,119
500,0.0,0.0,0.0,279,0.9635346153846154,0,1,0,114
501,1.0,1.0,0.0,111,0.9634615384615385,0,1,0,39
502,0.0,0.0,0.0,252,0.9633884615384616,0,1,0,100
503,1.0,1.0,0.0,255,0.9633153846153846,0,1,0,116
504,1.0,1.0,0.0,350,0.9632423076923077,0,0,1,146
505,0.0,0.0,0.0,146,0.9631692307692308,0,1,0,51
506,2.0,2.0,0.0,192,0.9630961538461539,1,0,0,70
507,0.0,0.0,0.0,199,0.963023076923077,0,1,0,90
508,0.0,0.0,0.0,159,0.96295,0,1,0,71
509,0.0,0.0,0.0,259,0.9628769230769231,0,1,0,107
510,0.0,0.0,0.0,71,0.9628038461538462,0,1,0,29
511,0.0,0.0,0.0,350,0.9627307692307693,0,0,1,143
512,0.0,0.0,0.0,190,0.9626576923076923,0,1,0,63
513,0.0,0.0,0.0,221,0.9625846153846154,0,1,0,80
514,0.0,0.0,0.0,276,0.9625115384615385,0,1,0,104
515,0.0,0.0,0.0,104,0.9624384615384616,0,1,0,42
516,0.0,0.0,0.0,180,0.9623653846153846,0,1,0,62
517,0.0,0.0,0.0,288,0.9622923076923077,0,1,0,106
518,0.0,0.0,0.0,253,0.9622192307692308,0,1,0,110
519,0.0,0.0,0.0,307,0.9621461538461539,0,1,0,130
520,0.0,0.0,0.0,156,0.962073076923077,0,1,0,64
521,0.0,0.0,0.0,350,0.962,0,0,1,143
522,0.0,0.0,0.0,232,0.9619269230769231,0,1,0,103
523,2.0,2.0,0.0,91,0.9618538461538462,1,0,0,32
524,0.0,0.0,0.0,168,0.9617807692307693,0,1,0,75
525,0.0,0.0,0.0,234,0.9617076923076923,0,1,0,93
526,0.0,0.0,0.0,350,0.9616346153846154,0,0,1,126
527,0.0,0.0,0.0,350,0.9615615384615385,0,0,1,149
528,0.0,0.0,0.0,91,0.9614884615384616,0,1,0,44
529,0.0,0.0,0.0,51,0.9614153846153846,0,1,0,22
530,0.0,0.0,0.0,258,0.9613423076923077,0,1,0,96
531,0.0,0.0,0.0,129,0.9612692307692308,0,1,0,59
532,0.0,0.0,0.0,100,0.9611961538461539,0,1,0,36
533,0.0,0.0,0.0,218,0.961123076923077,0,1,0,87
534,2.0,2.0,0.0,146,0.96105,1,0,0,51
535,0.0,0.0,0.0,211,0.9609769230769231,0,1,0,77
536,2.0,2.0,0.0,107,0.9609038461538462,1,0,0,41
537,1.0,1.0,0.0,126,0.9608307692307693,0,1,0,47
538,1.0,1.0,0.0,168,0.9607576923076923,0,1,0,71
539,0.0,0.0,0.0,49,0.9606846153846154,0,1,0,23
540,2.0,2.0,0.0,99,0.9606115384615385,1,0,0,46
541,0.0,0.0,0.0,350,0.9605384615384616,0,0,1,144
542,2.0,2.0,0.0,82,0.9604653846153847,1,0,0,32
543,0.0,0.0,0.0,55,0.9603923076923077,0,1,0,17
544,0.0,0.0,0.0,104,0.9603192307692308,0,1,0,39
545,0.0,0.0,0.0,110,0.9602461538461539,0,1,0,51
546,0.0,0.0,0.0,350,0.960173076923077,0,0,1,141
547,0.0,0.0,0.0,144,0.9601,0,1,0,49
548,0.0,0.0,0.0,32,0.960026923076923,0,1,0,17
549,0.0,0.0,0.0,77,0.9599538461538462,0,1,0,32
550,0.0,0.0,0.0,150,0.9598807692307693,0,1,0,60
551,2.0,2.0,0.0,164,0.9598076923076924,1,0,0,69
552,0.0,0.0,0.0,165,0.9597346153846154,0,1,0,63
553,2.0,2.0,0.0,217,0.9596615384615385,1,0,0,96
554,0.0,0.0,0.0,53,0.9595884615384616,0,1,0,17
555,0.0,0.0,0.0,65,0.9595153846153847,0,1,0,25
556,0.0,0.0,0.0,130,0.9594423076923076,0,1,0,57
557,0.0,0.0,0.0,152,0.9593692307692308,0,1,0,71
558,2.0,2.0,0.0,59,0.9592961538461539,1,0,0,28
559,1.0,1.0,0.0,147,0.959223076923077,0,1,0,44
560,0.0,0.0,0.0,119,0.95915,0,1,0,54
561,0.0,0.0,0.0,321,0.959076923076923,0,1,0,133
562,2.0,2.0,0.0,132,0.9590038461538462,1,0,0,49
563,1.0,1.0,0.0,130,0.9589307692307693,0,1,0,58
564,0.0,0.0,0.0,199,0.9588576923076924,0,1,0,80
565,0.0,0.0,0.0,47,0.9587846153846153,0,1,0,15
566,1.0,1.0,0.0,350,0.9587115384615384,0,0,1,136
567,0.0,0.0,0.0,105,0.9586384615384616,0,1,0,45
568,0.0,0.0,0.0,165,0.9585653846153847,0,1,0,55
569,0.0,0.0,0.0,41,0.9584923076923078,0,1,0,22
570,0.0,0.0,0.0,25,0.9584192307692307,0,1,0,7
571,0.0,0.0,0.0,104,0.9583461538461538,0,1,0,44
572,0.0,0.0,0.0,65,0.958273076923077,0,1,0,23
573,0.0,0.0,0.0,350,0.9582,0,0,1,138
574,0.0,0.0,0.0,66,0.958126923076923,0,1,0,26
575,1.0,1.0,0.0,350,0.9580538461538461,0,0,1,179
576,2.0,2.0,0.0,327,0.9579807692307692,1,0,0,123
577,0.0,0.0,0.0,350,0.9579076923076923,0,0,1,130
578,0.0,0.0,0.0,100,0.9578346153846153,0,1,0,41
579,0.0,0.0,0.0,350,0.9577615384615384,0,0,1,131
580,0.0,0.0,0.0,40,0.9576884615384615,0,1,0,16
581,0.0,0.0,0.0,45,0.9576153846153846,0,1,0,14
582,0.0,0.0,0.0,37,0.9575423076923077,0,1,0,19
583,0.0,0.0,0.0,106,0.9574692307692307,0,1,0,41
584,0.0,0.0,0.0,94,0.9573961538461538,0,1,0,41
585,0.0,0.0,0.0,96,0.9573230769230769,0,1,0,37
586,1.0,1.0,0.0,277,0.95725,0,1,0,121
587,0.0,0.0,0.0,49,0.957176923076923,0,1,0,18
588,0.0,0.0,0.0,58,0.9571038461538461,0,1,0,33
589,0.0,0.0,0.0,202,0.9570307692307692,0,1,0,77
590,2.0,2.0,0.0,185,0.9569576923076923,1,0,0,79
591,0.0,0.0,0.0,34,0.9568846153846153,0,1,0,16
592,2.0,2.0,0.0,89,0.9568115384615384,1,0,0,39
593,0.0,0.0,0.0,130,0.9567384615384615,0,1,0,47
594,0.0,0.0,0.0,350,0.9566653846153846,0,0,1,143
595,0.0,0.0,0.0,350,0.9565923076923077,0,0,1,143
596,0.0,0.0,0.0,259,0.9565192307692307,0,1,0,109
597,2.0,2.0,0.0,192,0.9564461538461538,1,0,0,83
598,0.0,0.0,0.0,350,0.9563730769230769,0,0,1,136
599,0.0,0.0,0.0,350,0.9563,0,0,1,140
600,0.0,0.0,0.0,260,0.956226923076923,0,1,0,92
601,0.0,0.0,0.0,350,0.9561538461538461,0,0,1,138
602,2.0,2.0,0.0,161,0.9560807692307692,1,0,0,63
603,1.0,1.0,0.0,350,0.9560076923076923,0,0,1,148
604,2.0,2.0,0.0,125,0.9559346153846153,1,0,0,54
605,0.0,0.0,0.0,144,0.9558615384615384,0,1,0,63
606,0.0,0.0,0.0,320,0.9557884615384615,0,1,0,122
607,0.0,0.0,0.0,281,0.9557153846153846,0,1,0,117
608,0.0,0.0,0.0,80,0.9556423076923077,0,1,0,43
609,2.0,2.0,0.0,300,0.9555692307692307,1,0,0,120
610,2.0,2.0,0.0,57,0.9554961538461538,1,0,0,18
611,2.0,2.0,0.0,265,0.9554230769230769,1,0,0,98
612,2.0,2.0,0.0,109,0.95535,1,0,0,44
613,0.0,0.0,0.0,172,0.9552769230769231,0,1,0,68
614,0.0,0.0,0.0,317,0.9552038461538461,0,1,0,133
615,2.0,2.0,0.0,63,0.9551307692307692,1,0,0,22
616,0.0,0.0,0.0,62,0.9550576923076923,0,1,0,21
617,1.0,1.0,0.0,350,0.9549846153846154,0,0,1,140
618,0.0,0.0,0.0,350,0.9549115384615384,0,0,1,139
619,0.0,0.0,0.0,350,0.9548384615384615,0,0,1,159
620,1.0,1.0,0.0,72,0.9547653846153846,0,1,0,27
621,0.0,0.0,0.0,350,0.9546923076923077,0,0,1,132
622,0.0,0.0,0.0,183,0.9546192307692307,0,1,0,72
623,2.0,2.0,0.0,23,0.9545461538461538,1,0,0,5
624,0.0,0.0,0.0,159,0.9544730769230769,0,1,0,76
625,0.0,0.0,0.0,50,0.9544,0,1,0,15
626,0.0,0.0,0.0,219,0.9543269230769231,0,1,0,90
627,0.0,0.0,0.0,38,0.9542538461538461,0,1,0,15
628,1.0,1.0,0.0,302,0.9541807692307692,0,1,0,116
629,0.0,0.0,0.0,350,0.9541076923076923,0,0,1,134
630,2.0,2.0,0.0,259,0.9540346153846154,1,0,0,105
631,2.0,2.0,0.0,90,0.9539615384615384,1,0,0,42
632,0.0,0.0,0.0,113,0.9538884615384615,0,1,0,55
633,0.0,0.0,0.0,139,0.9538153846153846,0,1,0,59
634,0.0,0.0,0.0,200,0.9537423076923077,0,1,0,80
635,2.0,2.0,0.0,130,0.9536692307692308,1,0,0,50
636,0.0,0.0,0.0,350,0.9535961538461538,0,0,1,140
637,0.0,0.0,0.0,350,0.9535230769230769,0,0,1,138
638,0.0,0.0,0.0,290,0.95345,0,1,0,121
639,0.0,0.0,0.0,179,0.9533769230769231,0,1,0,69
640,0.0,0.0,0.0,92,0.9533038461538461,0,1,0,42
641,0.0,0.0,0.0,150,0.9532307692307692,0,1,0,63
642,0.0,0.0,0.0,129,0.9531576923076923,0,1,0,50
643,2.0,2.0,0.0,81,0.9530846153846154,1,0,0,32
644,0.0,0.0,0.0,103,0.9530115384615385,0,1,0,43
645,2.0,2.0,0.0,184,0.9529384615384615,1,0,0,73
646,0.0,0.0,0.0,350,0.9528653846153846,0,0,1,127
647,0.0,0.0,0.0,171,0.9527923076923077,0,1,0,73
648,0.0,0.0,0.0,74,0.9527192307692308,0,1,0,29
649,1.0,1.0,0.0,350,0.9526461538461538,0,0,1,137
650,0.0,0.0,0.0,48,0.9525730769230769,0,1,0,19
651,1.0,1.0,0.0,170,0.9525,0,1,0,73
652,0.0,0.0,0.0,259,0.9524269230769231,0,1,0,92
653,1.0,1.0,0.0,273,0.9523538461538461,0,1,0,113
654,0.0,0.0,0.0,350,0.9522807692307692,0,0,1,143
655,0.0,0.0,0.0,299,0.9522076923076923,0,1,0,113
656,2.0,2.0,0.0,148,0.9521346153846154,1,0,0,52
657,2.0,2.0,0.0,74,0.9520615384615385,1,0,0,28
658,0.0,0.0,0.0,60,0.9519884615384615,0,1,0,24
659,0.0,0.0,0.0,350,0.9519153846153846,0,0,1,144
660,2.0,2.0,0.0,90,0.9518423076923077,1,0,0,33
661,0.0,0.0,0.0,103,0.9517692307692308,0,1,0,39
662,2.0,2.0,0.0,54,0.9516961538461538,1,0,0,23
663,0.0,0.0,0.0,350,0.9516230769230769,0,0,1,134
664,0.0,0.0,0.0,100,0.95155,0,1,0,46
665,1.0,1.0,0.0,350,0.9514769230769231,0,0,1,139
666,1.0,1.0,0.0,189,0.9514038461538461,0,1,0,71
667,1.0,1.0,0.0,350,0.9513307692307692,0,0,1,135
668,2.0,2.0,0.0,106,0.9512576923076923,1,0,0,50
669,1.0,1.0,0.0,246,0.9511846153846154,0,1,0,112
670,0.0,0.0,0.0,337,0.9511115384615385,0,1,0,133
671,0.0,0.0,0.0,106,0.9510384615384615,0,1,0,52
672,0.0,0.0,0.0,334,0.9509653846153846,0,1,0,140
673,0.0,0.0,0.0,155,0.9508923076923077,0,1,0,60
674,0.0,0.0,0.0,253,0.9508192307692308,0,1,0,91
675,0.0,0.0,0.0,83,0.9507461538461538,0,1,0,38
676,0.0,0.0,0.0,108,0.9506730769230769,0,1,0,44
677,2.0,2.0,0.0,277,0.9506,1,0,0,103
678,2.0,2.0,0.0,209,0.9505269230769231,1,0,0,84
679,0.0,0.0,0.0,97,0.9504538461538462,0,1,0,35
680,2.0,2.0,0.0,170,0.9503807692307692,1,0,0,59
681,0.0,0.0,0.0,304,0.9503076923076923,0,1,0,108
682,0.0,0.0,0.0,189,0.9502346153846154,0,1,0,74
683,0.0,0.0,0.0,95,0.9501615384615385,0,1,0,43
684,0.0,0.0,0.0,193,0.9500884615384615,0,1,0,72
685,1.0,1.0,0.0,216,0.9500153846153846,0,1,0,95
686,2.0,2.0,0.0,215,0.9499423076923077,1,0,0,77
687,0.0,0.0,0.0,89,0.9498692307692308,0,1,0,29
688,0.0,0.0,0.0,58,0.9497961538461539,0,1,0,23
689,0.0,0.0,0.0,27,0.9497230769230769,0,1,0,13
690,1.0,1.0,0.0,166,0.94965,0,1,0,60
691,0.0,0.0,0.0,192,0.9495769230769231,0,1,0,73
692,1.0,1.0,0.0,350,0.9495038461538462,0,0,1,143
693,2.0,2.0,0.0,326,0.9494307692307692,1,0,0,123
694,0.0,0.0,0.0,48,0.9493576923076923,0,1,0,23
695,2.0,2.0,0.0,58,0.9492846153846154,1,0,0,26
696,0.0,0.0,0.0,205,0.9492115384615385,0,1,0,90
697,0.0,0.0,0.0,247,0.9491384615384615,0,1,0,91
698,0.0,0.0,0.0,118,0.9490653846153846,0,1,0,46
699,0.0,0.0,0.0,180,0.9489923076923077,0,1,0,68
700,1.0,1.0,0.0,149,0.9489192307692308,0,1,0,63
701,0.0,0.0,0.0,55,0.9488461538461539,0,1,0,25
702,2.0,2.0,0.0,60,0.9487730769230769,1,0,0,22
703,2.0,2.0,0.0,70,0.9487,1,0,0,26
704,0.0,0.0,0.0,334,0.9486269230769231,0,1,0,127
705,0.0,0.0,0.0,350,0.9485538461538462,0,0,1,149
706,1.0,1.0,0.0,253,0.9484807692307693,0,1,0,105
707,2.0,2.0,0.0,59,0.9484076923076923,1,0,0,21
708,2.0,2.0,0.0,124,0.9483346153846154,1,0,0,46
709,2.0,2.0,0.0,98,0.9482615384615385,1,0,0,38
710,0.0,0.0,0.0,22,0.9481884615384616,0,1,0,11
711,2.0,2.0,0.0,68,0.9481153846153846,1,0,0,22
712,0.0,0.0,0.0,103,0.9480423076923077,0,1,0,48
713,0.0,0.0,0.0,89,0.9479692307692308,0,1,0,30
714,0.0,0.0,0.0,273,0.9478961538461539,0,1,0,106
715,0.0,0.0,0.0,144,0.9478230769230769,0,1,0,62
716,0.0,0.0,0.0,27,0.94775,0,1,0,12
717,0.0,0.0,0.0,56,0.9476769230769231,0,1,0,20
718,2.0,2.0,0.0,115,0.9476038461538462,1,0,0,42
719,0.0,0.0,0.0,242,0.9475307692307693,0,1,0,94
720,2.0,2.0,0.0,117,0.9474576923076923,1,0,0,43
721,0.0,0.0,0.0,350,0.9473846153846154,0,0,1,131
722,0.0,0.0,0.0,71,0.9473115384615385,0,1,0,35
723,0.0,0.0,0.0,28,0.9472384615384616,0,1,0,11
724,1.0,1.0,0.0,99,0.9471653846153846,0,1,0,51
725,0.0,0.0,0.0,262,0.9470923076923077,0,1,0,115
726,2.0,2.0,0.0,252,0.9470192307692308,1,0,0,107
727,2.0,2.0,0.0,90,0.9469461538461539,1,0,0,34
728,1.0,1.0,0.0,350,0.9468730769230769,0,0,1,126
729,0.0,0.0,0.0,177,0.9468,0,1,0,70
730,0.0,0.0,0.0,350,0.9467269230769231,0,0,1,143
731,0.0,0.0,0.0,235,0.9466538461538462,0,1,0,87
732,2.0,2.0,0.0,186,0.9465807692307693,1,0,0,79
733,2.0,2.0,0.0,114,0.9465076923076923,1,0,0,45
734,0.0,0.0,0.0,236,0.9464346153846154,0,1,0,83
735,0.0,0.0,0.0,62,0.9463615384615385,0,1,0,31
736,0.0,0.0,0.0,210,0.9462884615384616,0,1,0,77
737,0.0,0.0,0.0,243,0.9462153846153846,0,1,0,105
738,0.0,0.0,0.0,76,0.9461423076923077,0,1,0,34
739,0.0,0.0,0.0,259,0.9460692307692308,0,1,0,90
740,2.0,2.0,0.0,297,0.9459961538461539,1,0,0,117
741,0.0,0.0,0.0,199,0.9459230769230769,0,1,0,98
742,0.0,0.0,0.0,251,0.94585,0,1,0,92
743,0.0,0.0,0.0,40,0.9457769230769231,0,1,0,18
744,0.0,0.0,0.0,350,0.9457038461538462,0,0,1,143
745,1.0,1.0,0.0,183,0.9456307692307693,0,1,0,70
746,0.0,0.0,0.0,188,0.9455576923076923,0,1,0,75
747,2.0,2.0,0.0,303,0.9454846153846154,1,0,0,122
748,0.0,0.0,0.0,31,0.9454115384615385,0,1,0,13
749,0.0,0.0,0.0,350,0.9453384615384616,0,0,1,150
750,2.0,2.0,0.0,88,0.9452653846153847,1,0,0,38
751,0.0,0.0,0.0,154,0.9451923076923077,0,1,0,62
752,0.0,0.0,0.0,35,0.9451192307692308,0,1,0,12
753,2.0,2.0,0.0,224,0.9450461538461539,1,0,0,82
754,2.0,2.0,0.0,255,0.944973076923077,1,0,0,96
755,0.0,0.0,0.0,33,0.9449,0,1,0,12
756,0.0,0.0,0.0,214,0.9448269230769231,0,1,0,76
757,0.0,0.0,0.0,243,0.9447538461538462,0,1,0,103
758,0.0,0.0,0.0,88,0.9446807692307693,0,1,0,31
759,0.0,0.0,0.0,350,0.9446076923076923,0,0,1,145
760,0.0,0.0,0.0,350,0.9445346153846154,0,0,1,141
761,2.0,2.0,0.0,244,0.9444615384615385,1,0,0,87
762,0.0,0.0,0.0,18,0.9443884615384616,0,1,0,8
763,0.0,0.0,0.0,350,0.9443153846153847,0,0,1,132
764,2.0,2.0,0.0,181,0.9442423076923077,1,0,0,69
765,2.0,2.0,0.0,248,0.9441692307692308,1,0,0,109
766,0.0,0.0,0.0,110,0.9440961538461539,0,1,0,35
767,0.0,0.0,0.0,308,0.944023076923077,0,1,0,136
768,2.0,2.0,0.0,154,0.94395,1,0,0,64
769,1.0,1.0,0.0,143,0.9438769230769231,0,1,0,52
770,0.0,0.0,0.0,67,0.9438038461538462,0,1,0,30
771,0.0,0.0,0.0,40,0.9437307692307693,0,1,0,14
772,0.0,0.0,0.0,350,0.9436576923076924,0,0,1,126
773,0.0,0.0,0.0,350,0.9435846153846154,0,0,1,145
774,0.0,0.0,0.0,93,0.9435115384615385,0,1,0,38
775,0.0,0.0,0.0,350,0.9434384615384616,0,0,1,134
776,2.0,2.0,0.0,41,0.9433653846153847,1,0,0,13
777,0.0,0.0,0.0,337,0.9432923076923077,0,1,0,147
778,2.0,2.0,0.0,257,0.9432192307692308,1,0,0,115
779,1.0,1.0,0.0,270,0.9431461538461539,0,1,0,114
780,2.0,2.0,0.0,315,0.943073076923077,1,0,0,127
781,0.0,0.0,0.0,67,0.9430000000000001,0,1,0,22
782,0.0,0.0,0.0,218,0.942926923076923,0,1,0,91
783,1.0,1.0,0.0,350,0.9428538461538462,0,0,1,136
784,0.0,0.0,0.0,130,0.9427807692307693,0,1,0,56
785,2.0,2.0,0.0,317,0.9427076923076924,1,0,0,128
786,0.0,0.0,0.0,162,0.9426346153846153,0,1,0,69
787,0.0,0.0,0.0,92,0.9425615384615385,0,1,0,45
788,0.0,0.0,0.0,158,0.9424884615384616,0,1,0,71
789,0.0,0.0,0.0,350,0.9424153846153847,0,0,1,154
790,2.0,2.0,0.0,66,0.9423423076923076,1,0,0,26
791,0.0,0.0,0.0,120,0.9422692307692307,0,1,0,42
792,0.0,0.0,0.0,350,0.9421961538461538,0,0,1,142
793,1.0,1.0,0.0,350,0.942123076923077,0,0,1,145
794,1.0,1.0,0.0,296,0.94205,0,1,0,106
795,2.0,2.0,0.0,273,0.941976923076923,1,0,0,109
796,2.0,2.0,0.0,318,0.9419038461538461,1,0,0,128
797,0.0,0.0,0.0,129,0.9418307692307692,0,1,0,54
798,0.0,0.0,0.0,350,0.9417576923076924,0,0,1,133
799,0.0,0.0,0.0,350,0.9416846153846153,0,0,1,150
800,0.0,0.0,0.0,259,0.9416115384615384,0,1,0,93
801,2.0,2.0,0.0,289,0.9415384615384615,1,0,0,108
802,0.0,0.0,0.0,103,0.9414653846153846,0,1,0,40
803,2.0,2.0,0.0,104,0.9413923076923076,1,0,0,43
804,0.0,0.0,0.0,96,0.9413192307692307,0,1,0,37
805,0.0,0.0,0.0,117,0.9412461538461538,0,1,0,47
806,2.0,2.0,0.0,104,0.941173076923077,1,0,0,42
807,0.0,0.0,0.0,350,0.9411,0,0,1,142
808,2.0,2.0,0.0,268,0.941026923076923,1,0,0,113
809,0.0,0.0,0.0,350,0.9409538461538461,0,0,1,145
810,0.0,0.0,0.0,307,0.9408807692307692,0,1,0,116
811,0.0,0.0,0.0,350,0.9408076923076923,0,0,1,148
812,0.0,0.0,0.0,227,0.9407346153846153,0,1,0,82
813,2.0,2.0,0.0,302,0.9406615384615384,1,0,0,110
814,2.0,2.0,0.0,133,0.9405884615384615,1,0,0,50
815,1.0,1.0,0.0,79,0.9405153846153846,0,1,0,35
816,0.0,0.0,0.0,187,0.9404423076923077,0,1,0,77
817,2.0,2.0,0.0,55,0.9403692307692307,1,0,0,23
818,0.0,0.0,0.0,341,0.9402961538461538,0,1,0,136
819,0.0,0.0,0.0,350,0.9402230769230769,0,0,1,142
820,0.0,0.0,0.0,109,0.94015,0,1,0,43
821,0.0,0.0,0.0,135,0.940076923076923,0,1,0,49
822,2.0,2.0,0.0,190,0.9400038461538461,1,0,0,76
823,0.0,0.0,0.0,350,0.9399307692307692,0,0,1,148
824,0.0,0.0,0.0,45,0.9398576923076923,0,1,0,18
825,0.0,0.0,0.0,205,0.9397846153846154,0,1,0,67
826,0.0,0.0,0.0,147,0.9397115384615384,0,1,0,60
827,2.0,2.0,0.0,66,0.9396384615384615,1,0,0,25
828,0.0,0.0,0.0,148,0.9395653846153846,0,1,0,55
829,0.0,0.0,0.0,232,0.9394923076923077,0,1,0,92
830,0.0,0.0,0.0,56,0.9394192307692307,0,1,0,22
831,0.0,0.0,0.0,254,0.9393461538461538,0,1,0,109
832,1.0,1.0,0.0,342,0.9392730769230769,0,1,0,131
833,2.0,2.0,0.0,297,0.9392,1,0,0,109
834,0.0,0.0,0.0,70,0.939126923076923,0,1,0,25
835,0.0,0.0,0.0,26,0.9390538461538461,0,1,0,9
836,0.0,0.0,0.0,14,0.9389807692307692,0,1,0,7
837,1.0,1.0,0.0,242,0.9389076923076923,0,1,0,98
838,0.0,0.0,0.0,29,0.9388346153846154,0,1,0,11
839,0.0,0.0,0.0,350,0.9387615384615384,0,0,1,154
840,0.0,0.0,0.0,31,0.9386884615384615,0,1,0,14
841,2.0,2.0,0.0,175,0.9386153846153846,1,0,0,71
842,0.0,0.0,0.0,350,0.9385423076923077,0,0,1,147
843,0.0,0.0,0.0,90,0.9384692307692307,0,1,0,35
844,0.0,0.0,0.0,133,0.9383961538461538,0,1,0,50
845,1.0,1.0,0.0,229,0.9383230769230769,0,1,0,85
846,0.0,0.0,0.0,72,0.93825,0,1,0,25
847,0.0,0.0,0.0,273,0.9381769230769231,0,1,0,116
848,2.0,2.0,0.0,136,0.9381038461538461,1,0,0,52
849,0.0,0.0,0.0,91,0.9380307692307692,0,1,0,30
850,0.0,0.0,0.0,350,0.9379576923076923,0,0,1,144
851,0.0,0.0,0.0,350,0.9378846153846154,0,0,1,150
852,2.0,2.0,0.0,73,0.9378115384615384,1,0,0,29
853,2.0,2.0,0.0,124,0.9377384615384615,1,0,0,53
854,0.0,0.0,0.0,104,0.9376653846153846,0,1,0,40
855,0.0,0.0,0.0,37,0.9375923076923077,0,1,0,16
856,0.0,0.0,0.0,183,0.9375192307692307,0,1,0,73
857,2.0,2.0,0.0,227,0.9374461538461538,1,0,0,88
858,1.0,1.0,0.0,350,0.9373730769230769,0,0,1,144
859,1.0,1.0,0.0,122,0.9373,0,1,0,51
860,2.0,2.0,0.0,124,0.9372269230769231,1,0,0,45
861,2.0,2.0,0.0,180,0.9371538461538461,1,0,0,65
862,2.0,2.0,0.0,73,0.9370807692307692,1,0,0,24
863,0.0,0.0,0.0,173,0.9370076923076923,0,1,0,77
864,0.0,0.0,0.0,91,0.9369346153846154,0,1,0,26
865,0.0,0.0,0.0,151,0.9368615384615384,0,1,0,67
866,0.0,0.0,0.0,350,0.9367884615384615,0,0,1,139
867,0.0,0.0,0.0,251,0.9367153846153846,0,1,0,92
868,0.0,0.0,0.0,222,0.9366423076923077,0,1,0,75
869,0.0,0.0,0.0,90,0.9365692307692308,0,1,0,36
870,0.0,0.0,0.0,284,0.9364961538461538,0,1,0,109
871,2.0,2.0,0.0,58,0.9364230769230769,1,0,0,21
872,2.0,2.0,0.0,218,0.93635,1,0,0,78
873,0.0,0.0,0.0,146,0.9362769230769231,0,1,0,54
874,0.0,0.0,0.0,58,0.9362038461538462,0,1,0,18
875,0.0,0.0,0.0,104,0.9361307692307692,0,1,0,43
876,1.0,1.0,0.0,71,0.9360576923076923,0,1,0,32
877,2.0,2.0,0.0,134,0.9359846153846154,1,0,0,46
878,0.0,0.0,0.0,304,0.9359115384615384,0,1,0,123
879,0.0,0.0,0.0,79,0.9358384615384615,0,1,0,33
880,0.0,0.0,0.0,258,0.9357653846153846,0,1,0,99
881,2.0,2.0,0.0,329,0.9356923076923077,1,0,0,136
882,1.0,1.0,0.0,301,0.9356192307692308,0,1,0,134
883,0.0,0.0,0.0,257,0.9355461538461538,0,1,0,119
884,1.0,1.0,0.0,265,0.9354730769230769,0,1,0,106
885,2.0,2.0,0.0,260,0.9354,1,0,0,99
886,0.0,0.0,0.0,242,0.9353269230769231,0,1,0,94
887,2.0,2.0,0.0,68,0.9352538461538462,1,0,0,37
888,1.0,1.0,0.0,257,0.9351807692307692,0,1,0,99
889,0.0,0.0,0.0,149,0.9351076923076923,0,1,0,59
890,2.0,2.0,0.0,292,0.9350346153846154,1,0,0,111
891,0.0,0.0,0.0,317,0.9349615384615385,0,1,0,118
892,2.0,2.0,0.0,194,0.9348884615384615,1,0,0,66
893,0.0,0.0,0.0,67,0.9348153846153846,0,1,0,30
894,1.0,1.0,0.0,240,0.9347423076923077,0,1,0,86
895,0.0,0.0,0.0,22,0.9346692307692308,0,1,0,13
896,2.0,2.0,0.0,126,0.9345961538461538,1,0,0,56
897,0.0,0.0,0.0,350,0.9345230769230769,0,0,1,152
898,0.0,0.0,0.0,350,0.93445,0,0,1,143
899,2.0,2.0,0.0,60,0.9343769230769231,1,0,0,27
900,2.0,2.0,0.0,98,0.9343038461538462,1,0,0,37
901,2.0,2.0,0.0,264,0.9342307692307692,1,0,0,111
902,2.0,2.0,0.0,206,0.9341576923076923,1,0,0,83
903,2.0,2.0,0.0,156,0.9340846153846154,1,0,0,62
904,2.0,2.0,0.0,203,0.9340115384615385,1,0,0,79
905,0.0,0.0,0.0,350,0.9339384615384616,0,0,1,125
906,0.0,0.0,0.0,39,0.9338653846153846,0,1,0,14
907,0.0,0.0,0.0,350,0.9337923076923077,0,0,1,133
908,0.0,0.0,0.0,110,0.9337192307692308,0,1,0,46
909,0.0,0.0,0.0,99,0.9336461538461538,0,1,0,35
910,0.0,0.0,0.0,350,0.9335730769230769,0,0,1,141
911,2.0,2.0,0.0,285,0.9335,1,0,0,117
912,0.0,0.0,0.0,79,0.9334269230769231,0,1,0,26
913,2.0,2.0,0.0,53,0.9333538461538462,1,0,0,20
914,2.0,2.0,0.0,195,0.9332807692307692,1,0,0,83
915,2.0,2.0,0.0,109,0.9332076923076923,1,0,0,45
916,0.0,0.0,0.0,335,0.9331346153846154,0,1,0,129
917,2.0,2.0,0.0,111,0.9330615384615385,1,0,0,44
918,1.0,1.0,0.0,350,0.9329884615384616,0,0,1,130
919,2.0,2.0,0.0,171,0.9329153846153846,1,0,0,62
920,0.0,0.0,0.0,350,0.9328423076923077,0,0,1,128
921,2.0,2.0,0.0,55,0.9327692307692308,1,0,0,30
922,0.0,0.0,0.0,98,0.9326961538461538,0,1,0,38
923,1.0,1.0,0.0,85,0.9326230769230769,0,1,0,39
924,2.0,2.0,0.0,64,0.93255,1,0,0,29
925,0.0,0.0,0.0,80,0.9324769230769231,0,1,0,39
926,0.0,0.0,0.0,44,0.9324038461538462,0,1,0,17
927,2.0,2.0,0.0,198,0.9323307692307692,1,0,0,80
928,0.0,0.0,0.0,350,0.9322576923076923,0,0,1,133
929,1.0,1.0,0.0,84,0.9321846153846154,0,1,0,33
930,0.0,0.0,0.0,177,0.9321115384615385,0,1,0,73
931,0.0,0.0,0.0,47,0.9320384615384616,0,1,0,22
932,0.0,0.0,0.0,164,0.9319653846153846,0,1,0,65
933,0.0,0.0,0.0,259,0.9318923076923077,0,1,0,107
934,2.0,2.0,0.0,30,0.9318192307692308,1,0,0,16
935,2.0,2.0,0.0,112,0.9317461538461539,1,0,0,42
936,1.0,1.0,0.0,350,0.9316730769230769,0,0,1,128
937,0.0,0.0,0.0,350,0.9316,0,0,1,150
938,0.0,0.0,0.0,46,0.9315269230769231,0,1,0,24
939,0.0,0.0,0.0,350,0.9314538461538462,0,0,1,145
940,0.0,0.0,0.0,107,0.9313807692307692,0,1,0,45
941,2.0,2.0,0.0,115,0.9313076923076923,1,0,0,44
942,1.0,1.0,0.0,304,0.9312346153846154,0,1,0,119
943,0.0,0.0,0.0,350,0.9311615384615385,0,0,1,134
944,0.0,0.0,0.0,174,0.9310884615384616,0,1,0,66
945,2.0,2.0,0.0,145,0.9310153846153846,1,0,0,62
946,0.0,0.0,0.0,350,0.9309423076923077,0,0,1,133
947,0.0,0.0,0.0,244,0.9308692307692308,0,1,0,104
948,0.0,0.0,0.0,104,0.9307961538461539,0,1,0,48
949,0.0,0.0,0.0,29,0.930723076923077,0,1,0,11
950,2.0,2.0,0.0,96,0.93065,1,0,0,31
951,1.0,1.0,0.0,95,0.9305769230769231,0,1,0,32
952,0.0,0.0,0.0,206,0.9305038461538462,0,1,0,78
953,2.0,2.0,0.0,124,0.9304307692307693,1,0,0,56
954,1.0,1.0,0.0,301,0.9303576923076923,0,1,0,130
955,0.0,0.0,0.0,181,0.9302846153846154,0,1,0,78
956,2.0,2.0,0.0,169,0.9302115384615385,1,0,0,66
957,2.0,2.0,0.0,245,0.9301384615384616,1,0,0,102
958,0.0,0.0,0.0,350,0.9300653846153846,0,0,1,145
959,0.0,0.0,0.0,63,0.9299923076923077,0,1,0,31
960,0.0,0.0,0.0,69,0.9299192307692308,0,1,0,30
961,1.0,1.0,0.0,210,0.9298461538461539,0,1,0,79
962,0.0,0.0,0.0,350,0.929773076923077,0,0,1,144
963,2.0,2.0,0.0,163,0.9297,1,0,0,69
964,2.0,2.0,0.0,118,0.9296269230769231,1,0,0,53
965,1.0,1.0,0.0,186,0.9295538461538462,0,1,0,70
966,0.0,0.0,0.0,71,0.9294807692307693,0,1,0,22
967,0.0,0.0,0.0,127,0.9294076923076923,0,1,0,53
968,2.0,2.0,0.0,138,0.9293346153846154,1,0,0,49
969,2.0,2.0,0.0,153,0.9292615384615385,1,0,0,58
970,2.0,2.0,0.0,181,0.9291884615384616,1,0,0,75
971,1.0,1.0,0.0,186,0.9291153846153846,0,1,0,62
972,2.0,2.0,0.0,207,0.9290423076923077,1,0,0,94
973,2.0,2.0,0.0,108,0.9289692307692308,1,0,0,50
974,1.0,1.0,0.0,235,0.9288961538461539,0,1,0,89
975,0.0,0.0,0.0,47,0.928823076923077,0,1,0,17
976,0.0,0.0,0.0,146,0.92875,0,1,0,63
977,0.0,0.0,0.0,350,0.9286769230769231,0,0,1,141
978,2.0,2.0,0.0,102,0.9286038461538462,1,0,0,39
979,0.0,0.0,0.0,211,0.9285307692307693,0,1,0,82
980,2.0,2.0,0.0,264,0.9284576923076923,1,0,0,105
981,0.0,0.0,0.0,350,0.9283846153846154,0,0,1,154
982,1.0,1.0,0.0,322,0.9283115384615385,0,1,0,112
983,2.0,2.0,0.0,172,0.9282384615384616,1,0,0,67
984,0.0,0.0,0.0,71,0.9281653846153847,0,1,0,34
985,2.0,2.0,0.0,320,0.9280923076923077,1,0,0,127
986,1.0,1.0,0.0,228,0.9280192307692308,0,1,0,108
987,2.0,2.0,0.0,104,0.9279461538461539,1,0,0,50
988,0.0,0.0,0.0,18,0.927873076923077,0,1,0,9
989,0.0,0.0,0.0,222,0.9278,0,1,0,89
990,0.0,0.0,0.0,222,0.9277269230769231,0,1,0,101
991,0.0,0.0,0.0,143,0.9276538461538462,0,1,0,55
992,0.0,0.0,0.0,336,0.9275807692307693,0,1,0,139
993,0.0,0.0,0.0,99,0.9275076923076924,0,1,0,43
994,1.0,1.0,0.0,95,0.9274346153846154,0,1,0,41
995,0.0,0.0,0.0,299,0.9273615384615385,0,1,0,117
996,2.0,2.0,0.0,262,0.9272884615384616,1,0,0,96
997,0.0,0.0,0.0,101,0.9272153846153847,0,1,0,43
998,0.0,0.0,0.0,350,0.9271423076923077,0,0,1,125
999,0.0,0.0,0.0,130,0.9270692307692308,0,1,0,44
1000,2.0,2.0,0.0,186,0.9269961538461539,1,0,0,77
1001,0.0,0.0,0.0,146,0.926923076923077,0,1,0,57
1002,2.0,2.0,0.0,90,0.92685,1,0,0,38
1003,2.0,2.0,0.0,348,0.926776923076923,1,0,0,137
1004,1.0,1.0,0.0,278,0.9267038461538462,0,1,0,111
1005,2.0,2.0,0.0,81,0.9266307692307693,1,0,0,36
1006,0.0,0.0,0.0,72,0.9265576923076924,0,1,0,32
1007,0.0,0.0,0.0,169,0.9264846153846154,0,1,0,72
1008,0.0,0.0,0.0,133,0.9264115384615385,0,1,0,43
1009,0.0,0.0,0.0,228,0.9263384615384616,0,1,0,100
1010,0.0,0.0,0.0,76,0.9262653846153847,0,1,0,29
1011,2.0,2.0,0.0,185,0.9261923076923078,1,0,0,78
1012,0.0,0.0,0.0,155,0.9261192307692308,0,1,0,55
1013,0.0,0.0,0.0,109,0.9260461538461539,0,1,0,41
1014,1.0,1.0,0.0,154,0.925973076923077,0,1,0,65
1015,0.0,0.0,0.0,268,0.9259,0,1,0,113
1016,2.0,2.0,0.0,60,0.925826923076923,1,0,0,18
1017,0.0,0.0,0.0,350,0.9257538461538461,0,0,1,145
1018,0.0,0.0,0.0,89,0.9256807692307693,0,1,0,35
1019,0.0,0.0,0.0,175,0.9256076923076924,0,1,0,71
1020,2.0,2.0,0.0,94,0.9255346153846153,1,0,0,39
1021,2.0,2.0,0.0,33,0.9254615384615384,1,0,0,10
1022,0.0,0.0,0.0,42,0.9253884615384615,0,1,0,20
1023,0.0,0.0,0.0,294,0.9253153846153847,0,1,0,112
1024,0.0,0.0,0.0,350,0.9252423076923078,0,0,1,134
1025,2.0,2.0,0.0,139,0.9251692307692307,1,0,0,56
1026,2.0,2.0,0.0,185,0.9250961538461538,1,0,0,74
1027,2.0,2.0,0.0,205,0.925023076923077,1,0,0,84
1028,1.0,1.0,0.0,106,0.92495,0,1,0,50
1029,0.0,0.0,0.0,107,0.924876923076923,0,1,0,41
1030,0.0,0.0,0.0,152,0.9248038461538461,0,1,0,51
1031,0.0,0.0,0.0,244,0.9247307692307692,0,1,0,96
1032,0.0,0.0,0.0,104,0.9246576923076923,0,1,0,40
1033,0.0,0.0,0.0,19,0.9245846153846153,0,1,0,9
1034,0.0,0.0,0.0,350,0.9245115384615384,0,0,1,138
1035,0.0,0.0,0.0,85,0.9244384615384615,0,1,0,41
1036,1.0,1.0,0.0,227,0.9243653846153846,0,1,0,83
1037,0.0,0.0,0.0,145,0.9242923076923077,0,1,0,58
1038,0.0,0.0,0.0,350,0.9242192307692307,0,0,1,145
1039,2.0,2.0,0.0,70,0.9241461538461538,1,0,0,26
1040,0.0,0.0,0.0,61,0.9240730769230769,0,1,0,22
1041,2.0,2.0,0.0,118,0.924,1,0,0,44
1042,2.0,2.0,0.0,75,0.9239269230769231,1,0,0,32
1043,1.0,1.0,0.0,134,0.9238538461538461,0,1,0,46
1044,0.0,0.0,0.0,27,0.9237807692307692,0,1,0,12
1045,0.0,0.0,0.0,55,0.9237076923076923,0,1,0,28
1046,2.0,2.0,0.0,41,0.9236346153846153,1,0,0,15
1047,2.0,2.0,0.0,153,0.9235615384615384,1,0,0,52
1048,0.0,0.0,0.0,39,0.9234884615384615,0,1,0,20
1049,2.0,2.0,0.0,339,0.9234153846153846,1,0,0,123
1050,0.0,0.0,0.0,254,0.9233423076923077,0,1,0,104
1051,0.0,0.0,0.0,188,0.9232692307692307,0,1,0,64
1052,0.0,0.0,0.0,237,0.9231961538461538,0,1,0,106
1053,2.0,2.0,0.0,212,0.9231230769230769,1,0,0,89
1054,1.0,1.0,0.0,350,0.92305,0,0,1,142
1055,0.0,0.0,0.0,206,0.9229769230769231,0,1,0,83
1056,2.0,2.0,0.0,66,0.9229038461538461,1,0,0,23
1057,2.0,2.0,0.0,139,0.9228307692307692,1,0,0,59
1058,0.0,0.0,0.0,210,0.9227576923076923,0,1,0,80
1059,0.0,0.0,0.0,219,0.9226846153846153,0,1,0,89
1060,2.0,2.0,0.0,127,0.9226115384615384,1,0,0,57
1061,1.0,1.0,0.0,75,0.9225384615384615,0,1,0,24
1062,1.0,1.0,0.0,110,0.9224653846153846,0,1,0,53
1063,1.0,1.0,0.0,245,0.9223923076923077,0,1,0,113
1064,0.0,0.0,0.0,144,0.9223192307692307,0,1,0,51
1065,0.0,0.0,0.0,350,0.9222461538461538,0,0,1,150
1066,2.0,2.0,0.0,51,0.9221730769230769,1,0,0,22
1067,0.0,0.0,0.0,95,0.9221,0,1,0,37
1068,0.0,0.0,0.0,350,0.9220269230769231,0,0,1,140
1069,2.0,2.0,0.0,75,0.9219538461538461,1,0,0,26
1070,0.0,0.0,0.0,156,0.9218807692307692,0,1,0,63
1071,0.0,0.0,0.0,39,0.9218076923076923,0,1,0,12
1072,0.0,0.0,0.0,103,0.9217346153846154,0,1,0,54
1073,2.0,2.0,0.0,132,0.9216615384615384,1,0,0,59
1074,1.0,1.0,0.0,150,0.9215884615384615,0,1,0,58
1075,2.0,2.0,0.0,229,0.9215153846153846,1,0,0,99
1076,0.0,0.0,0.0,350,0.9214423076923077,0,0,1,119
1077,2.0,2.0,0.0,50,0.9213692307692307,1,0,0,18
1078,0.0,0.0,0.0,182,0.9212961538461538,0,1,0,77
1079,0.0,0.0,0.0,350,0.9212230769230769,0,0,1,127
1080,1.0,1.0,0.0,350,0.92115,0,0,1,144
1081,0.0,0.0,0.0,108,0.9210769230769231,0,1,0,40
1082,2.0,2.0,0.0,42,0.9210038461538461,1,0,0,23
1083,2.0,2.0,0.0,85,0.9209307692307692,1,0,0,31
1084,1.0,1.0,0.0,73,0.9208576923076923,0,1,0,27
1085,2.0,2.0,0.0,122,0.9207846153846154,1,0,0,54
1086,0.0,0.0,0.0,200,0.9207115384615385,0,1,0,84
1087,1.0,1.0,0.0,124,0.9206384615384615,0,1,0,48
1088,0.0,0.0,0.0,75,0.9205653846153846,0,1,0,34
1089,1.0,1.0,0.0,212,0.9204923076923077,0,1,0,75
1090,1.0,1.0,0.0,350,0.9204192307692308,0,0,1,149
1091,2.0,2.0,0.0,209,0.9203461538461538,1,0,0,95
1092,2.0,2.0,0.0,66,0.9202730769230769,1,0,0,26
1093,2.0,2.0,0.0,41,0.9202,1,0,0,9
1094,1.0,1.0,0.0,107,0.9201269230769231,0,1,0,43
1095,2.0,2.0,0.0,101,0.9200538461538461,1,0,0,42
1096,2.0,2.0,0.0,236,0.9199807692307692,1,0,0,90
1097,2.0,2.0,0.0,178,0.9199076923076923,1,0,0,79
1098,0.0,0.0,0.0,44,0.9198346153846154,0,1,0,22
1099,0.0,0.0,0.0,248,0.9197615384615385,0,1,0,96
1100,2.0,2.0,0.0,256,0.9196884615384615,1,0,0,91
1101,2.0,2.0,0.0,206,0.9196153846153846,1,0,0,86
1102,2.0,2.0,0.0,240,0.9195423076923077,1,0,0,91
1103,0.0,0.0,0.0,228,0.9194692307692308,0,1,0,93
1104,0.0,0.0,0.0,256,0.9193961538461538,0,1,0,91
1105,0.0,0.0,0.0,214,0.9193230769230769,0,1,0,86
1106,1.0,1.0,0.0,210,0.91925,0,1,0,73
1107,1.0,1.0,0.0,350,0.9191769230769231,0,0,1,138
1108,2.0,2.0,0.0,176,0.9191038461538461,1,0,0,67
1109,2.0,2.0,0.0,44,0.9190307692307692,1,0,0,17
1110,1.0,1.0,0.0,350,0.9189576923076923,0,0,1,133
1111,0.0,0.0,0.0,40,0.9188846153846154,0,1,0,14
1112,0.0,0.0,0.0,215,0.9188115384615385,0,1,0,90
1113,2.0,2.0,0.0,81,0.9187384615384615,1,0,0,31
1114,1.0,1.0,0.0,134,0.9186653846153846,0,1,0,55
1115,0.0,0.0,0.0,242,0.9185923076923077,0,1,0,108
1116,2.0,2.0,0.0,70,0.9185192307692308,1,0,0,20
1117,2.0,2.0,0.0,285,0.9184461538461538,1,0,0,110
1118,2.0,2.0,0.0,192,0.9183730769230769,1,0,0,85
1119,0.0,0.0,0.0,26,0.9183,0,1,0,14
1120,0.0,0.0,0.0,67,0.9182269230769231,0,1,0,26
1121,2.0,2.0,0.0,69,0.9181538461538462,1,0,0,31
1122,2.0,2.0,0.0,78,0.9180807692307692,1,0,0,34
1123,0.0,0.0,0.0,104,0.9180076923076923,0,1,0,40
1124,2.0,2.0,0.0,122,0.9179346153846154,1,0,0,36
1125,2.0,2.0,0.0,218,0.9178615384615385,1,0,0,84
1126,1.0,1.0,0.0,177,0.9177884615384615,0,1,0,65
1127,0.0,0.0,0.0,117,0.9177153846153846,0,1,0,42
1128,2.0,2.0,0.0,48,0.9176423076923077,1,0,0,20
1129,2.0,2.0,0.0,220,0.9175692307692308,1,0,0,84
1130,2.0,2.0,0.0,81,0.9174961538461539,1,0,0,27
1131,2.0,2.0,0.0,157,0.9174230769230769,1,0,0,53
1132,2.0,2.0,0.0,156,0.91735,1,0,0,63
1133,0.0,0.0,0.0,46,0.9172769230769231,0,1,0,19
1134,2.0,2.0,0.0,64,0.9172038461538462,1,0,0,28
1135,0.0,0.0,0.0,83,0.9171307692307692,0,1,0,38
1136,0.0,0.0,0.0,178,0.9170576923076923,0,1,0,80
1137,0.0,0.0,0.0,350,0.9169846153846154,0,0,1,139
1138,0.0,0.0,0.0,157,0.9169115384615385,0,1,0,63
1139,0.0,0.0,0.0,132,0.9168384615384615,0,1,0,52
1140,0.0,0.0,0.0,240,0.9167653846153846,0,1,0,105
1141,0.0,0.0,0.0,350,0.9166923076923077,0,0,1,158
1142,0.0,0.0,0.0,259,0.9166192307692308,0,1,0,112
1143,2.0,2.0,0.0,228,0.9165461538461539,1,0,0,101
1144,1.0,1.0,0.0,84,0.9164730769230769,0,1,0,35
1145,1.0,1.0,0.0,114,0.9164,0,1,0,46
1146,2.0,2.0,0.0,137,0.9163269230769231,1,0,0,54
1147,2.0,2.0,0.0,163,0.9162538461538462,1,0,0,62
1148,0.0,0.0,0.0,85,0.9161807692307692,0,1,0,39
1149,2.0,2.0,0.0,45,0.9161076923076923,1,0,0,16
1150,2.0,2.0,0.0,83,0.9160346153846154,1,0,0,30
1151,2.0,2.0,0.0,166,0.9159615384615385,1,0,0,65
1152,2.0,2.0,0.0,63,0.9158884615384615,1,0,0,24
1153,1.0,1.0,0.0,305,0.9158153846153846,0,1,0,116
1154,2.0,2.0,0.0,203,0.9157423076923077,1,0,0,73
1155,0.0,0.0,0.0,304,0.9156692307692308,0,1,0,116
1156,0.0,0.0,0.0,245,0.9155961538461539,0,1,0,104
1157,1.0,1.0,0.0,216,0.9155230769230769,0,1,0,86
1158,1.0,1.0,0.0,102,0.91545,0,1,0,43
1159,2.0,2.0,0.0,166,0.9153769230769231,1,0,0,66
1160,1.0,1.0,0.0,256,0.9153038461538462,0,1,0,98
1161,0.0,0.0,0.0,113,0.9152307692307693,0,1,0,52
1162,0.0,0.0,0.0,78,0.9151576923076923,0,1,0,34
1163,2.0,2.0,0.0,96,0.9150846153846154,1,0,0,31
1164,0.0,0.0,0.0,25,0.9150115384615385,0,1,0,9
1165,2.0,2.0,0.0,150,0.9149384615384616,1,0,0,54
1166,0.0,0.0,0.0,229,0.9148653846153846,0,1,0,93
1167,2.0,2.0,0.0,283,0.9147923076923077,1,0,0,106
1168,2.0,2.0,0.0,136,0.9147192307692308,1,0,0,41
1169,0.0,0.0,0.0,181,0.9146461538461539,0,1,0,70
1170,2.0,2.0,0.0,72,0.9145730769230769,1,0,0,28
1171,0.0,0.0,0.0,350,0.9145,0,0,1,146
1172,0.0,0.0,0.0,268,0.9144269230769231,0,1,0,103
1173,0.0,0.0,0.0,76,0.9143538461538462,0,1,0,29
1174,0.0,0.0,0.0,224,0.9142807692307693,0,1,0,92
1175,0.0,0.0,0.0,107,0.9142076923076923,0,1,0,46
1176,1.0,1.0,0.0,199,0.9141346153846154,0,1,0,88
1177,0.0,0.0,0.0,46,0.9140615384615385,0,1,0,19
1178,0.0,0.0,0.0,167,0.9139884615384616,0,1,0,74
1179,0.0,0.0,0.0,80,0.9139153846153847,0,1,0,29
1180,2.0,2.0,0.0,206,0.9138423076923077,1,0,0,80
1181,0.0,0.0,0.0,137,0.9137692307692308,0,1,0,61
1182,2.0,2.0,0.0,330,0.9136961538461539,1,0,0,148
1183,1.0,1.0,0.0,350,0.9136230769230769,0,0,1,154
1184,2.0,2.0,0.0,212,0.91355,1,0,0,71
1185,1.0,1.0,0.0,350,0.9134769230769231,0,0,1,152
1186,0.0,0.0,0.0,166,0.9134038461538462,0,1,0,79
1187,1.0,1.0,0.0,204,0.9133307692307693,0,1,0,81
1188,1.0,1.0,0.0,236,0.9132576923076923,0,1,0,93
1189,2.0,2.0,0.0,161,0.9131846153846154,1,0,0,65
1190,0.0,0.0,0.0,48,0.9131115384615385,0,1,0,22
1191,0.0,0.0,0.0,186,0.9130384615384616,0,1,0,72
1192,0.0,0.0,0.0,116,0.9129653846153847,0,1,0,38
1193,2.0,2.0,0.0,56,0.9128923076923077,1,0,0,14
1194,1.0,1.0,0.0,95,0.9128192307692308,0,1,0,38
1195,1.0,1.0,0.0,350,0.9127461538461539,0,0,1,143
1196,1.0,1.0,0.0,72,0.9126730769230769,0,1,0,26
1197,0.0,0.0,0.0,289,0.9126,0,1,0,119
1198,0.0,0.0,0.0,60,0.9125269230769231,0,1,0,21
1199,0.0,0.0,0.0,49,0.9124538461538462,0,1,0,19
1200,0.0,0.0,0.0,137,0.9123807692307693,0,1,0,64
1201,2.0,2.0,0.0,244,0.9123076923076923,1,0,0,117
1202,2.0,2.0,0.0,71,0.9122346153846154,1,0,0,33
1203,0.0,0.0,0.0,350,0.9121615384615385,0,0,1,153
1204,2.0,2.0,0.0,32,0.9120884615384616,1,0,0,11
1205,1.0,1.0,0.0,350,0.9120153846153847,0,0,1,130
1206,1.0,1.0,0.0,350,0.9119423076923077,0,0,1,144
1207,2.0,2.0,0.0,169,0.9118692307692308,1,0,0,56
1208,0.0,0.0,0.0,350,0.9117961538461539,0,0,1,148
1209,2.0,2.0,0.0,89,0.911723076923077,1,0,0,37
1210,1.0,1.0,0.0,151,0.91165,0,1,0,55
1211,2.0,2.0,0.0,280,0.9115769230769231,1,0,0,114
1212,0.0,0.0,0.0,46,0.9115038461538462,0,1,0,22
1213,2.0,2.0,0.0,69,0.9114307692307693,1,0,0,26
1214,2.0,2.0,0.0,163,0.9113576923076923,1,0,0,61
1215,1.0,1.0,0.0,128,0.9112846153846154,0,1,0,56
1216,0.0,0.0,0.0,142,0.9112115384615385,0,1,0,60
1217,0.0,0.0,0.0,67,0.9111384615384616,0,1,0,26
1218,0.0,0.0,0.0,54,0.9110653846153847,0,1,0,18
1219,0.0,0.0,0.0,88,0.9109923076923077,0,1,0,47
1220,1.0,1.0,0.0,149,0.9109192307692308,0,1,0,56
1221,1.0,1.0,0.0,326,0.9108461538461539,0,1,0,133
1222,2.0,2.0,0.0,93,0.910773076923077,1,0,0,38
1223,0.0,0.0,0.0,50,0.9107000000000001,0,1,0,24
1224,2.0,2.0,0.0,82,0.9106269230769231,1,0,0,30
1225,2.0,2.0,0.0,105,0.9105538461538462,1,0,0,42
1226,0.0,0.0,0.0,350,0.9104807692307693,0,0,1,146
1227,2.0,2.0,0.0,137,0.9104076923076923,1,0,0,52
1228,0.0,0.0,0.0,350,0.9103346153846154,0,0,1,136
1229,2.0,2.0,0.0,119,0.9102615384615385,1,0,0,56
1230,2.0,2.0,0.0,247,0.9101884615384616,1,0,0,83
1231,2.0,2.0,0.0,76,0.9101153846153847,1,0,0,28
1232,0.0,0.0,0.0,31,0.9100423076923077,0,1,0,12
1233,0.0,0.0,0.0,128,0.9099692307692308,0,1,0,52
1234,2.0,2.0,0.0,127,0.9098961538461539,1,0,0,44
1235,1.0,1.0,0.0,169,0.909823076923077,0,1,0,66
1236,0.0,0.0,0.0,251,0.9097500000000001,0,1,0,96
1237,0.0,0.0,0.0,55,0.909676923076923,0,1,0,19
1238,2.0,2.0,0.0,158,0.9096038461538462,1,0,0,50
1239,2.0,2.0,0.0,119,0.9095307692307693,1,0,0,55
1240,1.0,1.0,0.0,220,0.9094576923076924,0,1,0,98
1241,0.0,0.0,0.0,243,0.9093846153846153,0,1,0,82
1242,0.0,0.0,0.0,91,0.9093115384615384,0,1,0,36
1243,2.0,2.0,0.0,141,0.9092384615384616,1,0,0,46
1244,0.0,0.0,0.0,189,0.9091653846153847,0,1,0,73
1245,1.0,1.0,0.0,332,0.9090923076923076,0,1,0,144
1246,2.0,2.0,0.0,109,0.9090192307692307,1,0,0,53
1247,0.0,0.0,0.0,350,0.9089461538461538,0,0,1,137
1248,2.0,2.0,0.0,294,0.908873076923077,1,0,0,125
1249,2.0,2.0,0.0,75,0.9088,1,0,0,31
1250,2.0,2.0,0.0,187,0.908726923076923,1,0,0,79
1251,0.0,0.0,0.0,269,0.9086538461538461,0,1,0,105
1252,0.0,0.0,0.0,350,0.9085807692307692,0,0,1,139
1253,0.0,0.0,0.0,350,0.9085076923076923,0,0,1,131
1254,2.0,2.0,0.0,155,0.9084346153846153,1,0,0,58
1255,1.0,1.0,0.0,306,0.9083615384615384,0,1,0,120
1256,2.0,2.0,0.0,225,0.9082884615384615,1,0,0,82
1257,1.0,1.0,0.0,90,0.9082153846153846,0,1,0,35
1258,0.0,0.0,0.0,35,0.9081423076923077,0,1,0,11
1259,1.0,1.0,0.0,159,0.9080692307692307,0,1,0,65
1260,2.0,2.0,0.0,77,0.9079961538461538,1,0,0,30
1261,2.0,2.0,0.0,197,0.9079230769230769,1,0,0,77
1262,2.0,2.0,0.0,197,0.90785,1,0,0,87
1263,2.0,2.0,0.0,79,0.907776923076923,1,0,0,32
1264,1.0,1.0,0.0,109,0.9077038461538461,0,1,0,40
1265,0.0,0.0,0.0,33,0.9076307692307692,0,1,0,13
1266,1.0,1.0,0.0,218,0.9075576923076923,0,1,0,78
1267,2.0,2.0,0.0,186,0.9074846153846154,1,0,0,73
1268,0.0,0.0,0.0,94,0.9074115384615384,0,1,0,37
1269,2.0,2.0,0.0,346,0.9073384615384615,1,0,0,130
1270,0.0,0.0,0.0,350,0.9072653846153846,0,0,1,138
1271,1.0,1.0,0.0,124,0.9071923076923077,0,1,0,45
1272,2.0,2.0,0.0,59,0.9071192307692307,1,0,0,14
1273,2.0,2.0,0.0,72,0.9070461538461538,1,0,0,23
1274,0.0,0.0,0.0,85,0.9069730769230769,0,1,0,35
1275,0.0,0.0,0.0,350,0.9069,0,0,1,148
1276,2.0,2.0,0.0,228,0.906826923076923,1,0,0,96
1277,2.0,2.0,0.0,137,0.9067538461538461,1,0,0,45
1278,2.0,2.0,0.0,189,0.9066807692307692,1,0,0,77
1279,2.0,2.0,0.0,198,0.9066076923076923,1,0,0,82
1280,0.0,0.0,0.0,119,0.9065346153846154,0,1,0,56
1281,2.0,2.0,0.0,87,0.9064615384615384,1,0,0,32
1282,0.0,0.0,0.0,236,0.9063884615384615,0,1,0,92
1283,2.0,2.0,0.0,38,0.9063153846153846,1,0,0,13
1284,2.0,2.0,0.0,72,0.9062423076923077,1,0,0,27
1285,2.0,2.0,0.0,282,0.9061692307692307,1,0,0,114
1286,2.0,2.0,0.0,151,0.9060961538461538,1,0,0,53
1287,0.0,0.0,0.0,141,0.9060230769230769,0,1,0,52
1288,2.0,2.0,0.0,100,0.90595,1,0,0,42
1289,2.0,2.0,0.0,218,0.905876923076923,1,0,0,85
1290,2.0,2.0,0.0,117,0.9058038461538461,1,0,0,51
1291,0.0,0.0,0.0,241,0.9057307692307692,0,1,0,98
1292,0.0,0.0,0.0,290,0.9056576923076923,0,1,0,105
1293,2.0,2.0,0.0,56,0.9055846153846154,1,0,0,20
1294,2.0,2.0,0.0,85,0.9055115384615384,1,0,0,27
1295,2.0,2.0,0.0,93,0.9054384615384615,1,0,0,37
1296,2.0,2.0,0.0,43,0.9053653846153846,1,0,0,16
1297,1.0,1.0,0.0,233,0.9052923076923077,0,1,0,96
1298,2.0,2.0,0.0,44,0.9052192307692308,1,0,0,13
1299,2.0,2.0,0.0,191,0.9051461538461538,1,0,0,82
1300,1.0,1.0,0.0,183,0.9050730769230769,0,1,0,75
1301,0.0,0.0,0.0,73,0.905,0,1,0,30
1302,0.0,0.0,0.0,36,0.9049269230769231,0,1,0,9
1303,2.0,2.0,0.0,182,0.9048538461538461,1,0,0,72
1304,2.0,2.0,0.0,115,0.9047807692307692,1,0,0,33
1305,1.0,1.0,0.0,100,0.9047076923076923,0,1,0,40
1306,2.0,2.0,0.0,94,0.9046346153846154,1,0,0,44
1307,0.0,0.0,0.0,125,0.9045615384615384,0,1,0,47
1308,2.0,2.0,0.0,131,0.9044884615384615,1,0,0,50
1309,2.0,2.0,0.0,51,0.9044153846153846,1,0,0,17
1310,0.0,0.0,0.0,188,0.9043423076923077,0,1,0,73
1311,2.0,2.0,0.0,52,0.9042692307692308,1,0,0,28
1312,1.0,1.0,0.0,169,0.9041961538461538,0,1,0,66
1313,0.0,0.0,0.0,210,0.9041230769230769,0,1,0,79
1314,0.0,0.0,0.0,112,0.90405,0,1,0,47
1315,0.0,0.0,0.0,350,0.9039769230769231,0,0,1,139
1316,0.0,0.0,0.0,19,0.9039038461538462,0,1,0,5
1317,0.0,0.0,0.0,65,0.9038307692307692,0,1,0,25
1318,1.0,1.0,0.0,350,0.9037576923076923,0,0,1,136
1319,0.0,0.0,0.0,122,0.9036846153846154,0,1,0,48
1320,1.0,1.0,0.0,198,0.9036115384615384,0,1,0,82
1321,0.0,0.0,0.0,58,0.9035384615384615,0,1,0,28
1322,0.0,0.0,0.0,350,0.9034653846153846,0,0,1,128
1323,2.0,2.0,0.0,103,0.9033923076923077,1,0,0,43
1324,2.0,2.0,0.0,34,0.9033192307692308,1,0,0,10
1325,2.0,2.0,0.0,41,0.9032461538461538,1,0,0,17
1326,0.0,0.0,0.0,100,0.9031730769230769,0,1,0,48
1327,2.0,2.0,0.0,119,0.9031,1,0,0,43
1328,1.0,1.0,0.0,337,0.9030269230769231,0,1,0,121
1329,0.0,0.0,0.0,350,0.9029538461538462,0,0,1,132
1330,2.0,2.0,0.0,93,0.9028807692307692,1,0,0,42
1331,0.0,0.0,0.0,153,0.9028076923076923,0,1,0,56
1332,2.0,2.0,0.0,38,0.9027346153846154,1,0,0,17
1333,0.0,0.0,0.0,174,0.9026615384615384,0,1,0,79
1334,0.0,0.0,0.0,241,0.9025884615384615,0,1,0,103
1335,1.0,1.0,0.0,325,0.9025153846153846,0,1,0,134
1336,1.0,1.0,0.0,191,0.9024423076923077,0,1,0,77
1337,2.0,2.0,0.0,60,0.9023692307692308,1,0,0,22
1338,0.0,0.0,0.0,149,0.9022961538461538,0,1,0,66
1339,0.0,0.0,0.0,191,0.9022230769230769,0,1,0,84
1340,2.0,2.0,0.0,117,0.90215,1,0,0,50
1341,2.0,2.0,0.0,188,0.9020769230769231,1,0,0,78
1342,1.0,1.0,0.0,223,0.9020038461538462,0,1,0,92
1343,2.0,2.0,0.0,32,0.9019307692307692,1,0,0,16
1344,2.0,2.0,0.0,108,0.9018576923076923,1,0,0,42
1345,2.0,2.0,0.0,167,0.9017846153846154,1,0,0,61
1346,2.0,2.0,0.0,272,0.9017115384615385,1,0,0,94
1347,2.0,2.0,0.0,152,0.9016384615384615,1,0,0,70
1348,2.0,2.0,0.0,72,0.9015653846153846,1,0,0,31
1349,0.0,0.0,0.0,58,0.9014923076923077,0,1,0,23
1350,0.0,0.0,0.0,104,0.9014192307692308,0,1,0,45
1351,0.0,0.0,0.0,199,0.9013461538461538,0,1,0,72
1352,2.0,2.0,0.0,178,0.9012730769230769,1,0,0,69
1353,1.0,1.0,0.0,49,0.9012,0,1,0,15
1354,1.0,1.0,0.0,350,0.9011269230769231,0,0,1,149
1355,2.0,2.0,0.0,325,0.9010538461538462,1,0,0,129
1356,2.0,2.0,0.0,93,0.9009807692307692,1,0,0,31
1357,2.0,2.0,0.0,41,0.9009076923076923,1,0,0,15
1358,2.0,2.0,0.0,142,0.9008346153846154,1,0,0,54
1359,0.0,0.0,0.0,205,0.9007615384615385,0,1,0,77
1360,2.0,2.0,0.0,314,0.9006884615384616,1,0,0,107
1361,0.0,0.0,0.0,91,0.9006153846153846,0,1,0,35
1362,2.0,2.0,0.0,271,0.9005423076923077,1,0,0,103
1363,2.0,2.0,0.0,83,0.9004692307692308,1,0,0,34
1364,0.0,0.0,0.0,89,0.9003961538461538,0,1,0,28
1365,2.0,2.0,0.0,42,0.9003230769230769,1,0,0,18
1366,1.0,1.0,0.0,114,0.90025,0,1,0,45
1367,0.0,0.0,0.0,129,0.9001769230769231,0,1,0,43
1368,2.0,2.0,0.0,57,0.9001038461538462,1,0,0,27
1369,1.0,1.0,0.0,117,0.9000307692307692,0,1,0,46
1370,2.0,2.0,0.0,61,0.8999576923076923,1,0,0,23
1371,2.0,2.0,0.0,55,0.8998846153846154,1,0,0,20
1372,2.0,2.0,0.0,40,0.8998115384615385,1,0,0,11
1373,2.0,2.0,0.0,60,0.8997384615384616,1,0,0,21
1374,1.0,1.0,0.0,126,0.8996653846153846,0,1,0,56
1375,2.0,2.0,0.0,146,0.8995923076923077,1,0,0,56
1376,2.0,2.0,0.0,227,0.8995192307692308,1,0,0,89
1377,0.0,0.0,0.0,74,0.8994461538461539,0,1,0,29
1378,0.0,0.0,0.0,54,0.8993730769230769,0,1,0,21
1379,1.0,1.0,0.0,350,0.8993,0,0,1,138
1380,0.0,0.0,0.0,101,0.8992269230769231,0,1,0,38
1381,0.0,0.0,0.0,68,0.8991538461538462,0,1,0,22
1382,2.0,2.0,0.0,168,0.8990807692307692,1,0,0,57
1383,1.0,1.0,0.0,350,0.8990076923076923,0,0,1,157
1384,2.0,2.0,0.0,320,0.8989346153846154,1,0,0,114
1385,1.0,1.0,0.0,119,0.8988615384615385,0,1,0,46
1386,2.0,2.0,0.0,78,0.8987884615384616,1,0,0,29
1387,0.0,0.0,0.0,28,0.8987153846153846,0,1,0,11
1388,1.0,1.0,0.0,279,0.8986423076923077,0,1,0,112
1389,0.0,0.0,0.0,89,0.8985692307692308,0,1,0,39
1390,2.0,2.0,0.0,199,0.8984961538461539,1,0,0,86
1391,0.0,0.0,0.0,103,0.8984230769230769,0,1,0,42
1392,0.0,0.0,0.0,147,0.89835,0,1,0,52
1393,0.0,0.0,0.0,84,0.8982769230769231,0,1,0,38
1394,1.0,1.0,0.0,36,0.8982038461538462,0,1,0,19
1395,2.0,2.0,0.0,92,0.8981307692307692,1,0,0,35
1396,0.0,0.0,0.0,203,0.8980576923076923,0,1,0,71
1397,2.0,2.0,0.0,76,0.8979846153846154,1,0,0,27
1398,1.0,1.0,0.0,173,0.8979115384615385,0,1,0,74
1399,2.0,2.0,0.0,94,0.8978384615384616,1,0,0,37
1400,2.0,2.0,0.0,60,0.8977653846153846,1,0,0,23
1401,1.0,1.0,0.0,193,0.8976923076923077,0,1,0,70
1402,0.0,0.0,0.0,113,0.8976192307692308,0,1,0,40
1403,2.0,2.0,0.0,109,0.8975461538461539,1,0,0,41
1404,2.0,2.0,0.0,165,0.897473076923077,1,0,0,80
1405,2.0,2.0,0.0,198,0.8974,1,0,0,72
1406,2.0,2.0,0.0,284,0.8973269230769231,1,0,0,113
1407,0.0,0.0,0.0,56,0.8972538461538462,0,1,0,21
1408,0.0,0.0,0.0,98,0.8971807692307693,0,1,0,46
1409,2.0,2.0,0.0,50,0.8971076923076923,1,0,0,17
1410,2.0,2.0,0.0,48,0.8970346153846154,1,0,0,26
1411,0.0,0.0,0.0,90,0.8969615384615385,0,1,0,30
1412,0.0,0.0,0.0,234,0.8968884615384616,0,1,0,92
1413,0.0,0.0,0.0,92,0.8968153846153846,0,1,0,31
1414,0.0,0.0,0.0,33,0.8967423076923077,0,1,0,13
1415,2.0,2.0,0.0,137,0.8966692307692308,1,0,0,61
1416,2.0,2.0,0.0,169,0.8965961538461539,1,0,0,58
1417,0.0,0.0,0.0,142,0.896523076923077,0,1,0,53
1418,0.0,0.0,0.0,274,0.89645,0,1,0,100
1419,2.0,2.0,0.0,50,0.8963769230769231,1,0,0,24
1420,2.0,2.0,0.0,126,0.8963038461538462,1,0,0,35
1421,2.0,2.0,0.0,157,0.8962307692307693,1,0,0,58
1422,2.0,2.0,0.0,98,0.8961576923076923,1,0,0,43
1423,0.0,0.0,0.0,205,0.8960846153846154,0,1,0,85
1424,1.0,1.0,0.0,350,0.8960115384615385,0,0,1,151
1425,0.0,0.0,0.0,350,0.8959384615384616,0,0,1,137
1426,1.0,1.0,0.0,157,0.8958653846153846,0,1,0,62
1427,0.0,0.0,0.0,156,0.8957923076923077,0,1,0,56
1428,2.0,2.0,0.0,181,0.8957192307692308,1,0,0,82
1429,1.0,1.0,0.0,350,0.8956461538461539,0,0,1,151
1430,1.0,1.0,0.0,171,0.895573076923077,0,1,0,55
1431,1.0,1.0,0.0,134,0.8955,0,1,0,63
1432,0.0,0.0,0.0,117,0.8954269230769231,0,1,0,47
1433,0.0,0.0,0.0,75,0.8953538461538462,0,1,0,36
1434,2.0,2.0,0.0,224,0.8952807692307693,1,0,0,93
1435,0.0,0.0,0.0,90,0.8952076923076924,0,1,0,34
1436,2.0,2.0,0.0,56,0.8951346153846154,1,0,0,26
1437,1.0,1.0,0.0,104,0.8950615384615385,0,1,0,44
1438,2.0,2.0,0.0,265,0.8949884615384616,1,0,0,111
1439,0.0,0.0,0.0,122,0.8949153846153847,0,1,0,60
1440,0.0,0.0,0.0,149,0.8948423076923077,0,1,0,62
1441,2.0,2.0,0.0,80,0.8947692307692308,1,0,0,27
1442,0.0,0.0,0.0,350,0.8946961538461539,0,0,1,152
1443,1.0,1.0,0.0,262,0.894623076923077,0,1,0,120
1444,1.0,1.0,0.0,350,0.89455,0,0,1,125
1445,2.0,2.0,0.0,63,0.8944769230769231,1,0,0,16
1446,0.0,0.0,0.0,81,0.8944038461538462,0,1,0,32
1447,2.0,2.0,0.0,80,0.8943307692307693,1,0,0,32
1448,2.0,2.0,0.0,115,0.8942576923076924,1,0,0,46
1449,0.0,0.0,0.0,75,0.8941846153846154,0,1,0,39
1450,2.0,2.0,0.0,186,0.8941115384615385,1,0,0,79
1451,2.0,2.0,0.0,69,0.8940384615384616,1,0,0,30
1452,2.0,2.0,0.0,141,0.8939653846153847,1,0,0,52
1453,2.0,2.0,0.0,25,0.8938923076923078,1,0,0,9
1454,1.0,1.0,0.0,262,0.8938192307692308,0,1,0,108
1455,2.0,2.0,0.0,45,0.8937461538461539,1,0,0,18
1456,1.0,1.0,0.0,82,0.893673076923077,0,1,0,31
1457,0.0,0.0,0.0,56,0.8936,0,1,0,21
1458,2.0,2.0,0.0,184,0.893526923076923,1,0,0,65
1459,0.0,0.0,0.0,33,0.8934538461538462,0,1,0,11
1460,1.0,1.0,0.0,89,0.8933807692307693,0,1,0,37
1461,2.0,2.0,0.0,143,0.8933076923076924,1,0,0,50
1462,0.0,0.0,0.0,108,0.8932346153846153,0,1,0,35
1463,0.0,0.0,0.0,208,0.8931615384615385,0,1,0,79
1464,0.0,0.0,0.0,39,0.8930884615384616,0,1,0,13
1465,1.0,1.0,0.0,350,0.8930153846153847,0,0,1,129
1466,0.0,0.0,0.0,260,0.8929423076923078,0,1,0,97
1467,2.0,2.0,0.0,127,0.8928692307692307,1,0,0,52
1468,2.0,2.0,0.0,217,0.8927961538461539,1,0,0,74
1469,2.0,2.0,0.0,105,0.892723076923077,1,0,0,46
1470,2.0,2.0,0.0,106,0.8926499999999999,1,0,0,41
1471,2.0,2.0,0.0,81,0.892576923076923,1,0,0,32
1472,2.0,2.0,0.0,75,0.8925038461538461,1,0,0,24
1473,2.0,2.0,0.0,103,0.8924307692307692,1,0,0,32
1474,2.0,2.0,0.0,48,0.8923576923076924,1,0,0,20
1475,2.0,2.0,0.0,44,0.8922846153846153,1,0,0,15
1476,2.0,2.0,0.0,150,0.8922115384615384,1,0,0,56
1477,1.0,1.0,0.0,68,0.8921384615384615,0,1,0,31
1478,2.0,2.0,0.0,195,0.8920653846153846,1,0,0,93
1479,1.0,1.0,0.0,168,0.8919923076923078,0,1,0,74
1480,0.0,0.0,0.0,38,0.8919192307692307,0,1,0,18
1481,0.0,0.0,0.0,49,0.8918461538461538,0,1,0,16
1482,0.0,0.0,0.0,33,0.891773076923077,0,1,0,16
1483,2.0,2.0,0.0,76,0.8917,1,0,0,26
1484,0.0,0.0,0.0,320,0.891626923076923,0,1,0,124
1485,0.0,0.0,0.0,207,0.8915538461538461,0,1,0,77
1486,2.0,2.0,0.0,159,0.8914807692307692,1,0,0,73
1487,2.0,2.0,0.0,38,0.8914076923076923,1,0,0,15
1488,2.0,2.0,0.0,152,0.8913346153846153,1,0,0,62
1489,2.0,2.0,0.0,137,0.8912615384615384,1,0,0,54
1490,2.0,2.0,0.0,47,0.8911884615384615,1,0,0,18
1491,2.0,2.0,0.0,214,0.8911153846153846,1,0,0,84
1492,2.0,2.0,0.0,92,0.8910423076923077,1,0,0,48
1493,2.0,2.0,0.0,73,0.8909692307692307,1,0,0,25
1494,2.0,2.0,0.0,258,0.8908961538461538,1,0,0,107
1495,2.0,2.0,0.0,58,0.8908230769230769,1,0,0,20
1496,2.0,2.0,0.0,64,0.89075,1,0,0,29
1497,2.0,2.0,0.0,87,0.8906769230769231,1,0,0,30
1498,2.0,2.0,0.0,88,0.8906038461538461,1,0,0,30
1499,0.0,0.0,0.0,151,0.8905307692307692,0,1,0,59
1500,2.0,2.0,0.0,66,0.8904576923076923,1,0,0,25
1501,0.0,0.0,0.0,175,0.8903846153846153,0,1,0,62
1502,2.0,2.0,0.0,165,0.8903115384615384,1,0,0,67
1503,0.0,0.0,0.0,40,0.8902384615384615,0,1,0,17
1504,2.0,2.0,0.0,202,0.8901653846153846,1,0,0,82
1505,0.0,0.0,0.0,186,0.8900923076923077,0,1,0,75
1506,0.0,0.0,0.0,125,0.8900192307692307,0,1,0,47
1507,0.0,0.0,0.0,143,0.8899461538461538,0,1,0,58
1508,0.0,0.0,0.0,80,0.8898730769230769,0,1,0,34
1509,2.0,2.0,0.0,132,0.8898,1,0,0,56
1510,1.0,1.0,0.0,46,0.8897269230769231,0,1,0,24
1511,0.0,0.0,0.0,182,0.8896538461538461,0,1,0,71
1512,0.0,0.0,0.0,185,0.8895807692307692,0,1,0,65
1513,1.0,1.0,0.0,350,0.8895076923076923,0,0,1,139
1514,2.0,2.0,0.0,230,0.8894346153846154,1,0,0,97
1515,0.0,0.0,0.0,80,0.8893615384615384,0,1,0,30
1516,0.0,0.0,0.0,168,0.8892884615384615,0,1,0,71
1517,2.0,2.0,0.0,114,0.8892153846153846,1,0,0,48
1518,1.0,1.0,0.0,121,0.8891423076923077,0,1,0,44
1519,0.0,0.0,0.0,29,0.8890692307692307,0,1,0,11
1520,0.0,0.0,0.0,65,0.8889961538461538,0,1,0,19
1521,0.0,0.0,0.0,87,0.8889230769230769,0,1,0,34
1522,2.0,2.0,0.0,49,0.88885,1,0,0,15
1523,2.0,2.0,0.0,56,0.8887769230769231,1,0,0,19
1524,2.0,2.0,0.0,60,0.8887038461538461,1,0,0,25
1525,0.0,0.0,0.0,150,0.8886307692307692,0,1,0,62
1526,1.0,1.0,0.0,224,0.8885576923076923,0,1,0,88
1527,1.0,1.0,0.0,350,0.8884846153846154,0,0,1,148
1528,1.0,1.0,0.0,350,0.8884115384615384,0,0,1,136
1529,0.0,0.0,0.0,77,0.8883384615384615,0,1,0,31
1530,0.0,0.0,0.0,89,0.8882653846153846,0,1,0,37
1531,2.0,2.0,0.0,280,0.8881923076923077,1,0,0,115
1532,1.0,1.0,0.0,350,0.8881192307692307,0,0,1,155
1533,2.0,2.0,0.0,149,0.8880461538461538,1,0,0,58
1534,0.0,0.0,0.0,77,0.8879730769230769,0,1,0,29
1535,0.0,0.0,0.0,175,0.8879,0,1,0,76
1536,2.0,2.0,0.0,63,0.8878269230769231,1,0,0,32
1537,0.0,0.0,0.0,125,0.8877538461538461,0,1,0,52
1538,0.0,0.0,0.0,152,0.8876807692307692,0,1,0,62
1539,2.0,2.0,0.0,37,0.8876076923076923,1,0,0,12
1540,2.0,2.0,0.0,46,0.8875346153846154,1,0,0,17
1541,2.0,2.0,0.0,57,0.8874615384615385,1,0,0,20
1542,0.0,0.0,0.0,128,0.8873884615384615,0,1,0,60
1543,2.0,2.0,0.0,85,0.8873153846153846,1,0,0,29
1544,0.0,0.0,0.0,100,0.8872423076923077,0,1,0,34
1545,1.0,1.0,0.0,126,0.8871692307692308,0,1,0,55
1546,2.0,2.0,0.0,132,0.8870961538461538,1,0,0,56
1547,2.0,2.0,0.0,109,0.8870230769230769,1,0,0,44
1548,2.0,2.0,0.0,174,0.88695,1,0,0,69
1549,2.0,2.0,0.0,35,0.8868769230769231,1,0,0,14
1550,2.0,2.0,0.0,156,0.8868038461538461,1,0,0,57
1551,0.0,0.0,0.0,197,0.8867307692307692,0,1,0,69
1552,1.0,1.0,0.0,198,0.8866576923076923,0,1,0,87
1553,2.0,2.0,0.0,72,0.8865846153846154,1,0,0,31
1554,2.0,2.0,0.0,243,0.8865115384615385,1,0,0,87
1555,0.0,0.0,0.0,37,0.8864384615384615,0,1,0,13
1556,2.0,2.0,0.0,80,0.8863653846153846,1,0,0,30
1557,2.0,2.0,0.0,92,0.8862923076923077,1,0,0,47
1558,2.0,2.0,0.0,146,0.8862192307692308,1,0,0,59
1559,2.0,2.0,0.0,231,0.8861461538461538,1,0,0,93
1560,2.0,2.0,0.0,60,0.8860730769230769,1,0,0,21
1561,2.0,2.0,0.0,191,0.886,1,0,0,65
1562,2.0,2.0,0.0,282,0.8859269230769231,1,0,0,115
1563,2.0,2.0,0.0,52,0.8858538461538461,1,0,0,22
1564,1.0,1.0,0.0,47,0.8857807692307692,0,1,0,19
1565,1.0,1.0,0.0,350,0.8857076923076923,0,0,1,137
1566,2.0,2.0,0.0,45,0.8856346153846154,1,0,0,14
1567,2.0,2.0,0.0,101,0.8855615384615385,1,0,0,40
1568,0.0,0.0,0.0,343,0.8854884615384615,0,1,0,128
1569,0.0,0.0,0.0,241,0.8854153846153846,0,1,0,95
1570,0.0,0.0,0.0,27,0.8853423076923077,0,1,0,13
1571,1.0,1.0,0.0,214,0.8852692307692308,0,1,0,95
1572,0.0,0.0,0.0,20,0.8851961538461539,0,1,0,11
1573,0.0,0.0,0.0,350,0.8851230769230769,0,0,1,135
1574,1.0,1.0,0.0,252,0.88505,0,1,0,91
1575,0.0,0.0,0.0,204,0.8849769230769231,0,1,0,78
1576,0.0,0.0,0.0,22,0.8849038461538462,0,1,0,10
1577,0.0,0.0,0.0,16,0.8848307692307692,0,1,0,7
1578,0.0,0.0,0.0,80,0.8847576923076923,0,1,0,32
1579,2.0,2.0,0.0,104,0.8846846153846154,1,0,0,44
1580,2.0,2.0,0.0,185,0.8846115384615385,1,0,0,72
1581,0.0,0.0,0.0,124,0.8845384615384615,0,1,0,51
1582,0.0,0.0,0.0,81,0.8844653846153846,0,1,0,36
1583,1.0,1.0,0.0,70,0.8843923076923077,0,1,0,28
1584,0.0,0.0,0.0,59,0.8843192307692308,0,1,0,28
1585,0.0,0.0,0.0,27,0.8842461538461539,0,1,0,9
1586,2.0,2.0,0.0,251,0.8841730769230769,1,0,0,101
1587,2.0,2.0,0.0,64,0.8841,1,0,0,19
1588,2.0,2.0,0.0,36,0.8840269230769231,1,0,0,12
1589,2.0,2.0,0.0,305,0.8839538461538462,1,0,0,129
1590,2.0,2.0,0.0,83,0.8838807692307692,1,0,0,25
1591,1.0,1.0,0.0,85,0.8838076923076923,0,1,0,32
1592,0.0,0.0,0.0,230,0.8837346153846154,0,1,0,97
1593,2.0,2.0,0.0,187,0.8836615384615385,1,0,0,74
1594,0.0,0.0,0.0,63,0.8835884615384615,0,1,0,23
1595,0.0,0.0,0.0,21,0.8835153846153846,0,1,0,10
1596,0.0,0.0,0.0,85,0.8834423076923077,0,1,0,30
1597,2.0,2.0,0.0,172,0.8833692307692308,1,0,0,61
1598,1.0,1.0,0.0,350,0.8832961538461539,0,0,1,119
1599,1.0,1.0,0.0,278,0.8832230769230769,0,1,0,119
1600,2.0,2.0,0.0,236,0.88315,1,0,0,91
1601,1.0,1.0,0.0,62,0.8830769230769231,0,1,0,28
1602,2.0,2.0,0.0,181,0.8830038461538462,1,0,0,88
1603,0.0,0.0,0.0,169,0.8829307692307693,0,1,0,68
1604,0.0,0.0,0.0,207,0.8828576923076923,0,1,0,89
1605,2.0,2.0,0.0,40,0.8827846153846154,1,0,0,15
1606,1.0,1.0,0.0,66,0.8827115384615385,0,1,0,25
1607,2.0,2.0,0.0,261,0.8826384615384615,1,0,0,98
1608,2.0,2.0,0.0,69,0.8825653846153846,1,0,0,26
1609,1.0,1.0,0.0,78,0.8824923076923077,0,1,0,30
1610,0.0,0.0,0.0,34,0.8824192307692308,0,1,0,13
1611,2.0,2.0,0.0,221,0.8823461538461539,1,0,0,88
1612,0.0,0.0,0.0,100,0.8822730769230769,0,1,0,38
1613,2.0,2.0,0.0,106,0.8822,1,0,0,52
1614,2.0,2.0,0.0,57,0.8821269230769231,1,0,0,24
1615,2.0,2.0,0.0,52,0.8820538461538462,1,0,0,16
1616,2.0,2.0,0.0,52,0.8819807692307693,1,0,0,21
1617,0.0,0.0,0.0,97,0.8819076923076923,0,1,0,36
1618,0.0,0.0,0.0,162,0.8818346153846154,0,1,0,63
1619,2.0,2.0,0.0,161,0.8817615384615385,1,0,0,62
1620,2.0,2.0,0.0,124,0.8816884615384616,1,0,0,44
1621,2.0,2.0,0.0,82,0.8816153846153846,1,0,0,33
1622,0.0,0.0,0.0,115,0.8815423076923077,0,1,0,45
1623,2.0,2.0,0.0,100,0.8814692307692308,1,0,0,49
1624,2.0,2.0,0.0,93,0.8813961538461539,1,0,0,37
1625,1.0,1.0,0.0,166,0.8813230769230769,0,1,0,69
1626,0.0,0.0,0.0,350,0.88125,0,0,1,140
1627,2.0,2.0,0.0,60,0.8811769230769231,1,0,0,24
1628,0.0,0.0,0.0,97,0.8811038461538462,0,1,0,36
1629,1.0,1.0,0.0,282,0.8810307692307693,0,1,0,116
1630,0.0,0.0,0.0,20,0.8809576923076923,0,1,0,12
1631,2.0,2.0,0.0,136,0.8808846153846154,1,0,0,54
1632,2.0,2.0,0.0,67,0.8808115384615385,1,0,0,34
1633,2.0,2.0,0.0,28,0.8807384615384616,1,0,0,12
1634,1.0,1.0,0.0,285,0.8806653846153846,0,1,0,108
1635,0.0,0.0,0.0,77,0.8805923076923077,0,1,0,36
1636,2.0,2.0,0.0,151,0.8805192307692308,1,0,0,61
1637,2.0,2.0,0.0,140,0.8804461538461539,1,0,0,62
1638,0.0,0.0,0.0,347,0.880373076923077,0,1,0,151
1639,0.0,0.0,0.0,64,0.8803,0,1,0,27
1640,1.0,1.0,0.0,82,0.8802269230769231,0,1,0,27
1641,2.0,2.0,0.0,79,0.8801538461538462,1,0,0,26
1642,2.0,2.0,0.0,23,0.8800807692307693,1,0,0,11
1643,2.0,2.0,0.0,222,0.8800076923076923,1,0,0,99
1644,2.0,2.0,0.0,26,0.8799346153846154,1,0,0,12
1645,1.0,1.0,0.0,150,0.8798615384615385,0,1,0,57
1646,2.0,2.0,0.0,24,0.8797884615384616,1,0,0,10
1647,2.0,2.0,0.0,94,0.8797153846153847,1,0,0,29
1648,2.0,2.0,0.0,77,0.8796423076923077,1,0,0,34
1649,2.0,2.0,0.0,107,0.8795692307692308,1,0,0,41
1650,0.0,0.0,0.0,217,0.8794961538461539,0,1,0,79
1651,2.0,2.0,0.0,110,0.879423076923077,1,0,0,30
1652,2.0,2.0,0.0,28,0.87935,1,0,0,12
1653,2.0,2.0,0.0,80,0.8792769230769231,1,0,0,25
1654,2.0,2.0,0.0,67,0.8792038461538462,1,0,0,29
1655,2.0,2.0,0.0,103,0.8791307692307693,1,0,0,47
1656,2.0,2.0,0.0,58,0.8790576923076923,1,0,0,22
1657,0.0,0.0,0.0,183,0.8789846153846154,0,1,0,78
1658,1.0,1.0,0.0,64,0.8789115384615385,0,1,0,23
1659,0.0,0.0,0.0,164,0.8788384615384616,0,1,0,60
1660,2.0,2.0,0.0,112,0.8787653846153847,1,0,0,43
1661,0.0,0.0,0.0,183,0.8786923076923077,0,1,0,77
1662,0.0,0.0,0.0,240,0.8786192307692308,0,1,0,88
1663,1.0,1.0,0.0,350,0.8785461538461539,0,0,1,146
1664,0.0,0.0,0.0,59,0.878473076923077,0,1,0,18
1665,1.0,1.0,0.0,136,0.8784,0,1,0,54
1666,2.0,2.0,0.0,158,0.8783269230769231,1,0,0,64
1667,0.0,0.0,0.0,30,0.8782538461538462,0,1,0,13
1668,2.0,2.0,0.0,119,0.8781807692307693,1,0,0,47
1669,2.0,2.0,0.0,79,0.8781076923076923,1,0,0,39
1670,0.0,0.0,0.0,350,0.8780346153846154,0,0,1,145
1671,0.0,0.0,0.0,89,0.8779615384615385,0,1,0,40
1672,2.0,2.0,0.0,60,0.8778884615384616,1,0,0,23
1673,1.0,1.0,0.0,338,0.8778153846153847,0,1,0,133
1674,1.0,1.0,0.0,93,0.8777423076923077,0,1,0,32
1675,2.0,2.0,0.0,65,0.8776692307692308,1,0,0,30
1676,0.0,0.0,0.0,66,0.8775961538461539,0,1,0,27
1677,2.0,2.0,0.0,59,0.877523076923077,1,0,0,21
1678,0.0,0.0,0.0,92,0.8774500000000001,0,1,0,30
1679,0.0,0.0,0.0,43,0.877376923076923,0,1,0,21
1680,0.0,0.0,0.0,59,0.8773038461538462,0,1,0,18
1681,2.0,2.0,0.0,99,0.8772307692307693,1,0,0,38
1682,2.0,2.0,0.0,320,0.8771576923076922,1,0,0,132
1683,0.0,0.0,0.0,105,0.8770846153846154,0,1,0,43
1684,1.0,1.0,0.0,122,0.8770115384615385,0,1,0,55
1685,2.0,2.0,0.0,126,0.8769384615384616,1,0,0,47
1686,0.0,0.0,0.0,105,0.8768653846153847,0,1,0,38
1687,0.0,0.0,0.0,123,0.8767923076923076,0,1,0,51
1688,0.0,0.0,0.0,149,0.8767192307692308,0,1,0,56
1689,2.0,2.0,0.0,112,0.8766461538461539,1,0,0,42
1690,0.0,0.0,0.0,52,0.876573076923077,0,1,0,15
1691,1.0,1.0,0.0,230,0.8765000000000001,0,1,0,90
1692,2.0,2.0,0.0,46,0.876426923076923,1,0,0,21
1693,0.0,0.0,0.0,93,0.8763538461538461,0,1,0,39
1694,2.0,2.0,0.0,36,0.8762807692307693,1,0,0,16
1695,2.0,2.0,0.0,52,0.8762076923076922,1,0,0,20
1696,1.0,1.0,0.0,109,0.8761346153846155,0,1,0,49
1697,2.0,2.0,0.0,308,0.8760615384615384,1,0,0,118
1698,0.0,0.0,0.0,48,0.8759884615384615,0,1,0,19
1699,0.0,0.0,0.0,93,0.8759153846153847,0,1,0,32
1700,2.0,2.0,0.0,159,0.8758423076923076,1,0,0,72
1701,2.0,2.0,0.0,201,0.8757692307692307,1,0,0,94
1702,2.0,2.0,0.0,37,0.8756961538461538,1,0,0,18
1703,0.0,0.0,0.0,75,0.875623076923077,0,1,0,34
1704,2.0,2.0,0.0,37,0.87555,1,0,0,18
1705,2.0,2.0,0.0,56,0.875476923076923,1,0,0,20
1706,0.0,0.0,0.0,235,0.8754038461538461,0,1,0,93
1707,0.0,0.0,0.0,134,0.8753307692307692,0,1,0,54
1708,2.0,2.0,0.0,116,0.8752576923076923,1,0,0,50
1709,1.0,1.0,0.0,260,0.8751846153846154,0,1,0,113
1710,2.0,2.0,0.0,50,0.8751115384615384,1,0,0,24
1711,2.0,2.0,0.0,203,0.8750384615384615,1,0,0,87
1712,1.0,1.0,0.0,181,0.8749653846153846,0,1,0,69
1713,1.0,1.0,0.0,60,0.8748923076923076,0,1,0,22
1714,2.0,2.0,0.0,69,0.8748192307692307,1,0,0,22
1715,2.0,2.0,0.0,77,0.8747461538461538,1,0,0,34
1716,1.0,1.0,0.0,103,0.8746730769230769,0,1,0,37
1717,2.0,2.0,0.0,73,0.8746,1,0,0,28
1718,2.0,2.0,0.0,129,0.874526923076923,1,0,0,59
1719,2.0,2.0,0.0,106,0.8744538461538461,1,0,0,49
1720,0.0,0.0,0.0,88,0.8743807692307692,0,1,0,33
1721,0.0,0.0,0.0,63,0.8743076923076923,0,1,0,23
1722,1.0,1.0,0.0,46,0.8742346153846154,0,1,0,18
1723,0.0,0.0,0.0,137,0.8741615384615384,0,1,0,51
1724,0.0,0.0,0.0,67,0.8740884615384615,0,1,0,31
1725,0.0,0.0,0.0,51,0.8740153846153846,0,1,0,22
1726,2.0,2.0,0.0,91,0.8739423076923076,1,0,0,35
1727,2.0,2.0,0.0,55,0.8738692307692307,1,0,0,18
1728,2.0,2.0,0.0,205,0.8737961538461538,1,0,0,81
1729,0.0,0.0,0.0,268,0.8737230769230769,0,1,0,99
1730,2.0,2.0,0.0,168,0.87365,1,0,0,80
1731,1.0,1.0,0.0,197,0.873576923076923,0,1,0,74
1732,0.0,0.0,0.0,51,0.8735038461538461,0,1,0,24
1733,2.0,2.0,0.0,144,0.8734307692307692,1,0,0,47
1734,2.0,2.0,0.0,66,0.8733576923076923,1,0,0,18
1735,2.0,2.0,0.0,127,0.8732846153846154,1,0,0,44
1736,0.0,0.0,0.0,243,0.8732115384615384,0,1,0,93
1737,1.0,1.0,0.0,176,0.8731384615384615,0,1,0,72
1738,2.0,2.0,0.0,38,0.8730653846153846,1,0,0,17
1739,0.0,0.0,0.0,103,0.8729923076923077,0,1,0,45
1740,2.0,2.0,0.0,176,0.8729192307692307,1,0,0,73
1741,2.0,2.0,0.0,71,0.8728461538461538,1,0,0,27
1742,0.0,0.0,0.0,228,0.8727730769230769,0,1,0,95
1743,0.0,0.0,0.0,350,0.8727,0,0,1,140
1744,0.0,0.0,0.0,129,0.8726269230769231,0,1,0,48
1745,0.0,0.0,0.0,221,0.8725538461538461,0,1,0,79
1746,2.0,2.0,0.0,78,0.8724807692307692,1,0,0,32
1747,0.0,0.0,0.0,33,0.8724076923076923,0,1,0,16
1748,2.0,2.0,0.0,57,0.8723346153846154,1,0,0,22
1749,2.0,2.0,0.0,62,0.8722615384615384,1,0,0,21
1750,0.0,0.0,0.0,67,0.8721884615384615,0,1,0,25
1751,2.0,2.0,0.0,107,0.8721153846153846,1,0,0,38
1752,0.0,0.0,0.0,81,0.8720423076923077,0,1,0,30
1753,0.0,0.0,0.0,84,0.8719692307692308,0,1,0,28
1754,2.0,2.0,0.0,98,0.8718961538461538,1,0,0,39
1755,2.0,2.0,0.0,49,0.8718230769230769,1,0,0,24
1756,1.0,1.0,0.0,56,0.87175,0,1,0,19
1757,0.0,0.0,0.0,350,0.8716769230769231,0,0,1,131
1758,2.0,2.0,0.0,172,0.8716038461538462,1,0,0,64
1759,2.0,2.0,0.0,135,0.8715307692307692,1,0,0,55
1760,2.0,2.0,0.0,72,0.8714576923076923,1,0,0,28
1761,0.0,0.0,0.0,174,0.8713846153846154,0,1,0,65
1762,2.0,2.0,0.0,56,0.8713115384615384,1,0,0,20
1763,2.0,2.0,0.0,63,0.8712384615384615,1,0,0,26
1764,2.0,2.0,0.0,130,0.8711653846153846,1,0,0,58
1765,2.0,2.0,0.0,57,0.8710923076923077,1,0,0,25
1766,2.0,2.0,0.0,94,0.8710192307692308,1,0,0,33
1767,0.0,0.0,0.0,144,0.8709461538461538,0,1,0,56
1768,0.0,0.0,0.0,76,0.8708730769230769,0,1,0,29
1769,2.0,2.0,0.0,198,0.8708,1,0,0,80
1770,2.0,2.0,0.0,54,0.8707269230769231,1,0,0,22
1771,2.0,2.0,0.0,69,0.8706538461538462,1,0,0,27
1772,2.0,2.0,0.0,237,0.8705807692307692,1,0,0,98
1773,1.0,1.0,0.0,170,0.8705076923076923,0,1,0,59
1774,2.0,2.0,0.0,69,0.8704346153846154,1,0,0,28
1775,2.0,2.0,0.0,186,0.8703615384615384,1,0,0,86
1776,2.0,2.0,0.0,230,0.8702884615384616,1,0,0,84
1777,0.0,0.0,0.0,54,0.8702153846153846,0,1,0,25
1778,2.0,2.0,0.0,85,0.8701423076923077,1,0,0,32
1779,1.0,1.0,0.0,221,0.8700692307692308,0,1,0,84
1780,2.0,2.0,0.0,45,0.8699961538461538,1,0,0,19
1781,2.0,2.0,0.0,128,0.8699230769230769,1,0,0,55
1782,2.0,2.0,0.0,155,0.86985,1,0,0,62
1783,0.0,0.0,0.0,65,0.8697769230769231,0,1,0,29
1784,0.0,0.0,0.0,40,0.8697038461538462,0,1,0,16
1785,1.0,1.0,0.0,82,0.8696307692307692,0,1,0,29
1786,2.0,2.0,0.0,117,0.8695576923076923,1,0,0,39
1787,1.0,1.0,0.0,135,0.8694846153846154,0,1,0,53
1788,2.0,2.0,0.0,71,0.8694115384615384,1,0,0,25
1789,2.0,2.0,0.0,125,0.8693384615384616,1,0,0,52
1790,2.0,2.0,0.0,92,0.8692653846153846,1,0,0,31
1791,2.0,2.0,0.0,56,0.8691923076923077,1,0,0,26
1792,1.0,1.0,0.0,111,0.8691192307692308,0,1,0,45
1793,0.0,0.0,0.0,102,0.8690461538461538,0,1,0,36
1794,0.0,0.0,0.0,82,0.8689730769230769,0,1,0,32
1795,2.0,2.0,0.0,124,0.8689,1,0,0,50
1796,2.0,2.0,0.0,95,0.8688269230769231,1,0,0,39
1797,2.0,2.0,0.0,108,0.8687538461538462,1,0,0,29
1798,0.0,0.0,0.0,147,0.8686807692307692,0,1,0,50
1799,0.0,0.0,0.0,135,0.8686076923076923,0,1,0,55
1800,1.0,1.0,0.0,84,0.8685346153846154,0,1,0,32
1801,1.0,1.0,0.0,79,0.8684615384615384,0,1,0,34
1802,2.0,2.0,0.0,321,0.8683884615384616,1,0,0,111
1803,2.0,2.0,0.0,144,0.8683153846153846,1,0,0,51
1804,0.0,0.0,0.0,106,0.8682423076923077,0,1,0,40
1805,1.0,1.0,0.0,124,0.8681692307692308,0,1,0,57
1806,2.0,2.0,0.0,53,0.8680961538461538,1,0,0,26
1807,0.0,0.0,0.0,158,0.8680230769230769,0,1,0,62
1808,2.0,2.0,0.0,76,0.86795,1,0,0,30
1809,0.0,0.0,0.0,350,0.8678769230769231,0,0,1,141
1810,0.0,0.0,0.0,104,0.8678038461538462,0,1,0,38
1811,2.0,2.0,0.0,71,0.8677307692307692,1,0,0,30
1812,2.0,2.0,0.0,96,0.8676576923076923,1,0,0,43
1813,1.0,1.0,0.0,235,0.8675846153846154,0,1,0,88
1814,0.0,0.0,0.0,273,0.8675115384615385,0,1,0,107
1815,1.0,1.0,0.0,94,0.8674384615384616,0,1,0,42
1816,2.0,2.0,0.0,129,0.8673653846153846,1,0,0,44
1817,0.0,0.0,0.0,64,0.8672923076923077,0,1,0,27
1818,0.0,0.0,0.0,74,0.8672192307692308,0,1,0,31
1819,0.0,0.0,0.0,39,0.8671461538461538,0,1,0,12
1820,0.0,0.0,0.0,200,0.8670730769230769,0,1,0,85
1821,2.0,2.0,0.0,93,0.867,1,0,0,41
1822,1.0,1.0,0.0,136,0.8669269230769231,0,1,0,44
1823,2.0,2.0,0.0,177,0.8668538461538462,1,0,0,67
1824,2.0,2.0,0.0,204,0.8667807692307692,1,0,0,88
1825,1.0,1.0,0.0,35,0.8667076923076923,0,1,0,13
1826,0.0,0.0,0.0,87,0.8666346153846154,0,1,0,37
1827,0.0,0.0,0.0,68,0.8665615384615385,0,1,0,28
1828,2.0,2.0,0.0,90,0.8664884615384616,1,0,0,29
1829,1.0,1.0,0.0,120,0.8664153846153846,0,1,0,45
1830,1.0,1.0,0.0,224,0.8663423076923077,0,1,0,89
1831,2.0,2.0,0.0,126,0.8662692307692308,1,0,0,53
1832,0.0,0.0,0.0,105,0.8661961538461539,0,1,0,44
1833,2.0,2.0,0.0,61,0.8661230769230769,1,0,0,31
1834,2.0,2.0,0.0,99,0.86605,1,0,0,27
1835,2.0,2.0,0.0,64,0.8659769230769231,1,0,0,21
1836,0.0,0.0,0.0,38,0.8659038461538462,0,1,0,20
1837,1.0,1.0,0.0,141,0.8658307692307692,0,1,0,57
1838,1.0,1.0,0.0,39,0.8657576923076923,0,1,0,16
1839,2.0,2.0,0.0,47,0.8656846153846154,1,0,0,19
1840,0.0,0.0,0.0,90,0.8656115384615385,0,1,0,37
1841,2.0,2.0,0.0,43,0.8655384615384616,1,0,0,14
1842,2.0,2.0,0.0,53,0.8654653846153846,1,0,0,22
1843,2.0,2.0,0.0,48,0.8653923076923077,1,0,0,25
1844,1.0,1.0,0.0,210,0.8653192307692308,0,1,0,80
1845,2.0,2.0,0.0,72,0.8652461538461539,1,0,0,29
1846,0.0,0.0,0.0,350,0.865173076923077,0,0,1,148
1847,0.0,0.0,0.0,45,0.8651,0,1,0,16
1848,0.0,0.0,0.0,83,0.8650269230769231,0,1,0,37
1849,1.0,1.0,0.0,222,0.8649538461538462,0,1,0,97
1850,0.0,0.0,0.0,121,0.8648807692307692,0,1,0,42
1851,0.0,0.0,0.0,53,0.8648076923076924,0,1,0,22
1852,0.0,0.0,0.0,277,0.8647346153846154,0,1,0,110
1853,2.0,2.0,0.0,55,0.8646615384615385,1,0,0,27
1854,0.0,0.0,0.0,83,0.8645884615384616,0,1,0,27
1855,2.0,2.0,0.0,125,0.8645153846153846,1,0,0,47
1856,2.0,2.0,0.0,188,0.8644423076923077,1,0,0,61
1857,0.0,0.0,0.0,218,0.8643692307692308,0,1,0,91
1858,2.0,2.0,0.0,177,0.8642961538461539,1,0,0,74
1859,0.0,0.0,0.0,102,0.864223076923077,0,1,0,46
1860,0.0,0.0,0.0,91,0.86415,0,1,0,34
1861,1.0,1.0,0.0,350,0.8640769230769231,0,0,1,127
1862,0.0,0.0,0.0,47,0.8640038461538462,0,1,0,17
1863,1.0,1.0,0.0,100,0.8639307692307693,0,1,0,34
1864,2.0,2.0,0.0,47,0.8638576923076924,1,0,0,18
1865,1.0,1.0,0.0,117,0.8637846153846154,0,1,0,50
1866,0.0,0.0,0.0,107,0.8637115384615385,0,1,0,45
1867,2.0,2.0,0.0,61,0.8636384615384616,1,0,0,23
1868,0.0,0.0,0.0,37,0.8635653846153846,0,1,0,12
1869,0.0,0.0,0.0,187,0.8634923076923077,0,1,0,70
1870,2.0,2.0,0.0,60,0.8634192307692308,1,0,0,22
1871,2.0,2.0,0.0,260,0.8633461538461539,1,0,0,107
1872,2.0,2.0,0.0,54,0.863273076923077,1,0,0,19
1873,1.0,1.0,0.0,83,0.8632,0,1,0,33
1874,2.0,2.0,0.0,124,0.8631269230769231,1,0,0,41
1875,2.0,2.0,0.0,111,0.8630538461538462,1,0,0,36
1876,0.0,0.0,0.0,145,0.8629807692307693,0,1,0,57
1877,1.0,1.0,0.0,313,0.8629076923076924,0,1,0,130
1878,0.0,0.0,0.0,137,0.8628346153846154,0,1,0,51
1879,2.0,2.0,0.0,87,0.8627615384615385,1,0,0,39
1880,2.0,2.0,0.0,205,0.8626884615384616,1,0,0,82
1881,2.0,2.0,0.0,136,0.8626153846153846,1,0,0,50
1882,2.0,2.0,0.0,74,0.8625423076923077,1,0,0,27
1883,1.0,1.0,0.0,288,0.8624692307692308,0,1,0,112
1884,0.0,0.0,0.0,42,0.8623961538461539,0,1,0,22
1885,2.0,2.0,0.0,38,0.862323076923077,1,0,0,10
1886,1.0,1.0,0.0,350,0.86225,0,0,1,137
1887,2.0,2.0,0.0,81,0.8621769230769231,1,0,0,33
1888,1.0,1.0,0.0,350,0.8621038461538462,0,0,1,143
1889,0.0,0.0,0.0,66,0.8620307692307693,0,1,0,21
1890,2.0,2.0,0.0,241,0.8619576923076924,1,0,0,104
1891,2.0,2.0,0.0,84,0.8618846153846154,1,0,0,26
1892,1.0,1.0,0.0,300,0.8618115384615385,0,1,0,116
1893,0.0,0.0,0.0,249,0.8617384615384616,0,1,0,94
1894,2.0,2.0,0.0,66,0.8616653846153846,1,0,0,27
1895,1.0,1.0,0.0,46,0.8615923076923077,0,1,0,11
1896,2.0,2.0,0.0,141,0.8615192307692308,1,0,0,56
1897,1.0,1.0,0.0,350,0.8614461538461539,0,1,0,145
1898,0.0,0.0,0.0,142,0.861373076923077,0,1,0,58
1899,0.0,0.0,0.0,350,0.8613,0,0,1,148
1900,2.0,2.0,0.0,56,0.8612269230769231,1,0,0,20
1901,0.0,0.0,0.0,130,0.8611538461538462,0,1,0,46
1902,1.0,1.0,0.0,84,0.8610807692307693,0,1,0,35
1903,2.0,2.0,0.0,50,0.8610076923076924,1,0,0,17
1904,2.0,2.0,0.0,142,0.8609346153846154,1,0,0,48
1905,2.0,2.0,0.0,164,0.8608615384615385,1,0,0,63
1906,0.0,0.0,0.0,257,0.8607884615384616,0,1,0,96
1907,2.0,2.0,0.0,131,0.8607153846153845,1,0,0,53
1908,0.0,0.0,0.0,302,0.8606423076923077,0,1,0,116
1909,0.0,0.0,0.0,300,0.8605692307692308,0,1,0,106
1910,0.0,0.0,0.0,19,0.8604961538461539,0,1,0,3
1911,2.0,2.0,0.0,47,0.860423076923077,1,0,0,18
1912,0.0,0.0,0.0,52,0.86035,0,1,0,23
1913,2.0,2.0,0.0,126,0.860276923076923,1,0,0,53
1914,1.0,1.0,0.0,170,0.8602038461538462,0,1,0,62
1915,0.0,0.0,0.0,350,0.8601307692307693,0,0,1,146
1916,2.0,2.0,0.0,88,0.8600576923076924,1,0,0,34
1917,0.0,0.0,0.0,89,0.8599846153846153,0,1,0,30
1918,0.0,0.0,0.0,311,0.8599115384615384,0,1,0,134
1919,0.0,0.0,0.0,308,0.8598384615384616,0,1,0,128
1920,2.0,2.0,0.0,53,0.8597653846153847,1,0,0,18
1921,1.0,1.0,0.0,156,0.8596923076923076,0,1,0,58
1922,2.0,2.0,0.0,21,0.8596192307692307,1,0,0,11
1923,1.0,1.0,0.0,194,0.8595461538461538,0,1,0,67
1924,1.0,1.0,0.0,92,0.859473076923077,0,1,0,33
1925,2.0,2.0,0.0,75,0.8594,1,0,0,24
1926,2.0,2.0,0.0,81,0.859326923076923,1,0,0,28
1927,2.0,2.0,0.0,53,0.8592538461538461,1,0,0,13
1928,2.0,2.0,0.0,73,0.8591807692307692,1,0,0,25
1929,1.0,1.0,0.0,54,0.8591076923076923,0,1,0,23
1930,2.0,2.0,0.0,197,0.8590346153846153,1,0,0,75
1931,2.0,2.0,0.0,41,0.8589615384615384,1,0,0,18
1932,0.0,0.0,0.0,79,0.8588884615384615,0,1,0,33
1933,1.0,1.0,0.0,99,0.8588153846153846,0,1,0,37
1934,0.0,0.0,0.0,55,0.8587423076923077,0,1,0,17
1935,1.0,1.0,0.0,87,0.8586692307692307,0,1,0,38
1936,0.0,0.0,0.0,118,0.8585961538461538,0,1,0,40
1937,0.0,0.0,0.0,175,0.8585230769230769,0,1,0,72
1938,2.0,2.0,0.0,58,0.85845,1,0,0,23
1939,1.0,1.0,0.0,350,0.8583769230769231,0,0,1,134
1940,2.0,2.0,0.0,43,0.8583038461538461,1,0,0,18
1941,0.0,0.0,0.0,115,0.8582307692307692,0,1,0,48
1942,1.0,1.0,0.0,350,0.8581576923076923,0,0,1,147
1943,1.0,1.0,0.0,62,0.8580846153846153,0,1,0,25
1944,2.0,2.0,0.0,114,0.8580115384615384,1,0,0,40
1945,1.0,1.0,0.0,171,0.8579384615384615,0,1,0,60
1946,2.0,2.0,0.0,70,0.8578653846153846,1,0,0,31
1947,0.0,0.0,0.0,312,0.8577923076923077,0,1,0,129
1948,2.0,2.0,0.0,64,0.8577192307692307,1,0,0,26
1949,2.0,2.0,0.0,43,0.8576461538461538,1,0,0,22
1950,2.0,2.0,0.0,58,0.8575730769230769,1,0,0,23
1951,2.0,2.0,0.0,133,0.8575,1,0,0,50
1952,0.0,0.0,0.0,75,0.8574269230769231,0,1,0,30
1953,2.0,2.0,0.0,118,0.8573538461538461,1,0,0,47
1954,2.0,2.0,0.0,53,0.8572807692307692,1,0,0,24
1955,0.0,0.0,0.0,86,0.8572076923076923,0,1,0,36
1956,2.0,2.0,0.0,256,0.8571346153846153,1,0,0,101
1957,2.0,2.0,0.0,43,0.8570615384615385,1,0,0,17
1958,2.0,2.0,0.0,53,0.8569884615384615,1,0,0,20
1959,2.0,2.0,0.0,57,0.8569153846153846,1,0,0,16
1960,2.0,2.0,0.0,167,0.8568423076923077,1,0,0,68
1961,2.0,2.0,0.0,221,0.8567692307692307,1,0,0,86
1962,2.0,2.0,0.0,88,0.8566961538461538,1,0,0,40
1963,2.0,2.0,0.0,127,0.8566230769230769,1,0,0,51
1964,0.0,0.0,0.0,19,0.85655,0,1,0,7
1965,1.0,1.0,0.0,77,0.8564769230769231,0,1,0,30
1966,0.0,0.0,0.0,244,0.8564038461538461,0,1,0,107
1967,1.0,1.0,0.0,350,0.8563307692307692,0,0,1,145
1968,2.0,2.0,0.0,114,0.8562576923076923,1,0,0,44
1969,0.0,0.0,0.0,45,0.8561846153846153,0,1,0,14
1970,0.0,0.0,0.0,52,0.8561115384615385,0,1,0,22
1971,0.0,0.0,0.0,114,0.8560384615384615,0,1,0,47
1972,0.0,0.0,0.0,91,0.8559653846153846,0,1,0,36
1973,0.0,0.0,0.0,147,0.8558923076923077,0,1,0,59
1974,1.0,1.0,0.0,267,0.8558192307692307,0,1,0,110
1975,2.0,2.0,0.0,137,0.8557461538461538,1,0,0,59
1976,1.0,1.0,0.0,83,0.8556730769230769,0,1,0,36
1977,0.0,0.0,0.0,262,0.8556,0,1,0,106
1978,2.0,2.0,0.0,216,0.8555269230769231,1,0,0,87
1979,2.0,2.0,0.0,62,0.8554538461538461,1,0,0,24
1980,1.0,1.0,0.0,313,0.8553807692307692,0,1,0,131
1981,0.0,0.0,0.0,89,0.8553076923076923,0,1,0,36
1982,2.0,2.0,0.0,79,0.8552346153846153,1,0,0,25
1983,1.0,1.0,0.0,179,0.8551615384615385,0,1,0,71
1984,2.0,2.0,0.0,207,0.8550884615384615,1,0,0,88
1985,2.0,2.0,0.0,57,0.8550153846153846,1,0,0,22
1986,2.0,2.0,0.0,74,0.8549423076923077,1,0,0,33
1987,2.0,2.0,0.0,79,0.8548692307692307,1,0,0,30
1988,0.0,0.0,0.0,41,0.8547961538461538,0,1,0,21
1989,2.0,2.0,0.0,156,0.8547230769230769,1,0,0,56
1990,0.0,0.0,0.0,198,0.85465,0,1,0,82
1991,2.0,2.0,0.0,70,0.8545769230769231,1,0,0,26
1992,0.0,0.0,0.0,112,0.8545038461538461,0,1,0,45
1993,1.0,1.0,0.0,114,0.8544307692307692,0,1,0,49
1994,2.0,2.0,0.0,60,0.8543576923076923,1,0,0,21
1995,2.0,2.0,0.0,215,0.8542846153846154,1,0,0,88
1996,2.0,2.0,0.0,55,0.8542115384615385,1,0,0,23
1997,0.0,0.0,0.0,107,0.8541384615384615,0,1,0,47
1998,0.0,0.0,0.0,148,0.8540653846153846,0,1,0,67
1999,0.0,0.0,0.0,273,0.8539923076923077,0,1,0,108
2000,2.0,2.0,0.0,56,0.8539192307692307,1,0,0,23
2001,1.0,1.0,0.0,78,0.8538461538461538,0,1,0,28
2002,2.0,2.0,0.0,63,0.8537730769230769,1,0,0,20
2003,0.0,0.0,0.0,30,0.8537,0,1,0,14
2004,0.0,0.0,0.0,223,0.8536269230769231,0,1,0,94
2005,2.0,2.0,0.0,67,0.8535538461538461,1,0,0,24
2006,2.0,2.0,0.0,79,0.8534807692307692,1,0,0,28
2007,0.0,0.0,0.0,23,0.8534076923076923,0,1,0,9
2008,2.0,2.0,0.0,31,0.8533346153846154,1,0,0,13
2009,1.0,1.0,0.0,98,0.8532615384615385,0,1,0,40
2010,0.0,0.0,0.0,51,0.8531884615384615,0,1,0,19
2011,0.0,0.0,0.0,48,0.8531153846153846,0,1,0,18
2012,2.0,2.0,0.0,127,0.8530423076923077,1,0,0,48
2013,0.0,0.0,0.0,100,0.8529692307692308,0,1,0,46
2014,1.0,1.0,0.0,185,0.8528961538461538,0,1,0,66
2015,0.0,0.0,0.0,12,0.8528230769230769,0,1,0,6
2016,0.0,0.0,0.0,214,0.85275,0,1,0,94
2017,0.0,0.0,0.0,69,0.8526769230769231,0,1,0,29
2018,2.0,2.0,0.0,89,0.8526038461538462,1,0,0,33
2019,2.0,2.0,0.0,188,0.8525307692307692,1,0,0,78
2020,2.0,2.0,0.0,50,0.8524576923076923,1,0,0,17
2021,2.0,2.0,0.0,91,0.8523846153846154,1,0,0,34
2022,2.0,2.0,0.0,206,0.8523115384615385,1,0,0,95
2023,1.0,1.0,0.0,106,0.8522384615384615,0,1,0,42
2024,0.0,0.0,0.0,106,0.8521653846153846,0,1,0,51
2025,0.0,0.0,0.0,49,0.8520923076923077,0,1,0,17
2026,0.0,0.0,0.0,61,0.8520192307692308,0,1,0,22
2027,1.0,1.0,0.0,74,0.8519461538461539,0,1,0,31
2028,2.0,2.0,0.0,95,0.8518730769230769,1,0,0,37
2029,2.0,2.0,0.0,118,0.8518,1,0,0,48
2030,0.0,0.0,0.0,113,0.8517269230769231,0,1,0,44
2031,0.0,0.0,0.0,350,0.8516538461538462,0,0,1,127
2032,1.0,1.0,0.0,308,0.8515807692307693,0,1,0,126
2033,1.0,1.0,0.0,160,0.8515076923076923,0,1,0,64
2034,0.0,0.0,0.0,134,0.8514346153846154,0,1,0,59
2035,1.0,1.0,0.0,213,0.8513615384615385,0,1,0,90
2036,2.0,2.0,0.0,202,0.8512884615384615,1,0,0,91
2037,2.0,2.0,0.0,66,0.8512153846153846,1,0,0,21
2038,2.0,2.0,0.0,120,0.8511423076923077,1,0,0,43
2039,2.0,2.0,0.0,162,0.8510692307692308,1,0,0,59
2040,1.0,1.0,0.0,350,0.8509961538461539,0,0,1,131
2041,2.0,2.0,0.0,61,0.8509230769230769,1,0,0,24
2042,0.0,0.0,0.0,87,0.85085,0,1,0,35
2043,2.0,2.0,0.0,96,0.8507769230769231,1,0,0,38
2044,2.0,2.0,0.0,47,0.8507038461538462,1,0,0,16
2045,2.0,2.0,0.0,57,0.8506307692307693,1,0,0,22
2046,1.0,1.0,0.0,234,0.8505576923076923,0,1,0,114
2047,1.0,1.0,0.0,89,0.8504846153846154,0,1,0,36
2048,1.0,1.0,0.0,102,0.8504115384615385,0,1,0,38
2049,2.0,2.0,0.0,87,0.8503384615384615,1,0,0,41
2050,2.0,2.0,0.0,59,0.8502653846153847,1,0,0,24
2051,2.0,2.0,0.0,43,0.8501923076923077,1,0,0,19
2052,2.0,2.0,0.0,56,0.8501192307692308,1,0,0,22
2053,2.0,2.0,0.0,111,0.8500461538461539,1,0,0,45
2054,2.0,2.0,0.0,96,0.8499730769230769,1,0,0,34
2055,2.0,2.0,0.0,38,0.8499,1,0,0,16
2056,2.0,2.0,0.0,127,0.8498269230769231,1,0,0,51
2057,0.0,0.0,0.0,277,0.8497538461538462,0,1,0,109
2058,2.0,2.0,0.0,42,0.8496807692307693,1,0,0,18
2059,2.0,2.0,0.0,168,0.8496076923076923,1,0,0,63
2060,2.0,2.0,0.0,87,0.8495346153846154,1,0,0,24
2061,2.0,2.0,0.0,68,0.8494615384615385,1,0,0,26
2062,2.0,2.0,0.0,118,0.8493884615384615,1,0,0,54
2063,2.0,2.0,0.0,115,0.8493153846153847,1,0,0,48
2064,2.0,2.0,0.0,166,0.8492423076923077,1,0,0,65
2065,2.0,2.0,0.0,163,0.8491692307692308,1,0,0,66
2066,2.0,2.0,0.0,77,0.8490961538461539,1,0,0,35
2067,2.0,2.0,0.0,185,0.8490230769230769,1,0,0,71
2068,2.0,2.0,0.0,24,0.84895,1,0,0,7
2069,2.0,2.0,0.0,89,0.8488769230769231,1,0,0,30
2070,2.0,2.0,0.0,56,0.8488038461538462,1,0,0,21
2071,2.0,2.0,0.0,80,0.8487307692307693,1,0,0,30
2072,2.0,2.0,0.0,134,0.8486576923076923,1,0,0,48
2073,2.0,2.0,0.0,82,0.8485846153846154,1,0,0,34
2074,2.0,2.0,0.0,34,0.8485115384615385,1,0,0,13
2075,1.0,1.0,0.0,253,0.8484384615384615,0,1,0,105
2076,0.0,0.0,0.0,107,0.8483653846153847,0,1,0,41
2077,0.0,0.0,0.0,119,0.8482923076923077,0,1,0,53
2078,1.0,1.0,0.0,173,0.8482192307692308,0,1,0,75
2079,1.0,1.0,0.0,52,0.8481461538461539,0,1,0,19
2080,2.0,2.0,0.0,56,0.8480730769230769,1,0,0,23
2081,1.0,1.0,0.0,220,0.848,0,1,0,84
2082,2.0,2.0,0.0,137,0.8479269230769231,1,0,0,47
2083,2.0,2.0,0.0,33,0.8478538461538462,1,0,0,15
2084,1.0,1.0,0.0,87,0.8477807692307693,0,1,0,37
2085,2.0,2.0,0.0,61,0.8477076923076923,1,0,0,25
2086,2.0,2.0,0.0,56,0.8476346153846154,1,0,0,27
2087,0.0,0.0,0.0,291,0.8475615384615385,0,1,0,103
2088,2.0,2.0,0.0,74,0.8474884615384616,1,0,0,31
2089,2.0,2.0,0.0,297,0.8474153846153847,1,0,0,127
2090,2.0,2.0,0.0,151,0.8473423076923077,1,0,0,55
2091,2.0,2.0,0.0,141,0.8472692307692308,1,0,0,62
2092,2.0,2.0,0.0,92,0.8471961538461539,1,0,0,41
2093,0.0,0.0,0.0,175,0.8471230769230769,0,1,0,76
2094,2.0,2.0,0.0,75,0.84705,1,0,0,35
2095,2.0,2.0,0.0,36,0.8469769230769231,1,0,0,13
2096,2.0,2.0,0.0,88,0.8469038461538462,1,0,0,39
2097,1.0,1.0,0.0,195,0.8468307692307693,0,1,0,77
2098,2.0,2.0,0.0,79,0.8467576923076923,1,0,0,31
2099,0.0,0.0,0.0,112,0.8466846153846154,0,1,0,49
2100,1.0,1.0,0.0,350,0.8466115384615385,0,0,1,138
2101,0.0,0.0,0.0,65,0.8465384615384616,0,1,0,25
2102,2.0,2.0,0.0,36,0.8464653846153847,1,0,0,19
2103,2.0,2.0,0.0,191,0.8463923076923077,1,0,0,76
2104,1.0,1.0,0.0,81,0.8463192307692308,0,1,0,36
2105,2.0,2.0,0.0,132,0.8462461538461539,1,0,0,56
2106,0.0,0.0,0.0,62,0.846173076923077,0,1,0,19
2107,2.0,2.0,0.0,96,0.8461,1,0,0,30
2108,1.0,1.0,0.0,100,0.8460269230769231,0,1,0,35
2109,2.0,2.0,0.0,169,0.8459538461538462,1,0,0,59
2110,1.0,1.0,0.0,159,0.8458807692307693,0,1,0,65
2111,1.0,1.0,0.0,221,0.8458076923076923,0,1,0,82
2112,1.0,1.0,0.0,106,0.8457346153846154,0,1,0,43
2113,2.0,2.0,0.0,42,0.8456615384615385,1,0,0,15
2114,1.0,1.0,0.0,130,0.8455884615384616,0,1,0,60
2115,0.0,0.0,0.0,53,0.8455153846153847,0,1,0,20
2116,2.0,2.0,0.0,116,0.8454423076923077,1,0,0,45
2117,2.0,2.0,0.0,88,0.8453692307692308,1,0,0,39
2118,2.0,2.0,0.0,67,0.8452961538461539,1,0,0,26
2119,2.0,2.0,0.0,120,0.845223076923077,1,0,0,45
2120,2.0,2.0,0.0,107,0.8451500000000001,1,0,0,39
2121,2.0,2.0,0.0,96,0.8450769230769231,1,0,0,34
2122,1.0,1.0,0.0,277,0.8450038461538462,0,1,0,117
2123,1.0,1.0,0.0,105,0.8449307692307693,0,1,0,46
2124,2.0,2.0,0.0,47,0.8448576923076923,1,0,0,21
2125,1.0,1.0,0.0,321,0.8447846153846155,0,1,0,119
2126,2.0,2.0,0.0,145,0.8447115384615385,1,0,0,48
2127,1.0,1.0,0.0,101,0.8446384615384616,0,1,0,39
2128,1.0,1.0,0.0,113,0.8445653846153847,0,1,0,43
2129,2.0,2.0,0.0,122,0.8444923076923077,1,0,0,48
2130,2.0,2.0,0.0,81,0.8444192307692308,1,0,0,36
2131,2.0,2.0,0.0,70,0.8443461538461539,1,0,0,27
2132,0.0,0.0,0.0,156,0.844273076923077,0,1,0,58
2133,0.0,0.0,0.0,226,0.8442000000000001,0,1,0,89
2134,0.0,0.0,0.0,178,0.844126923076923,0,1,0,67
2135,0.0,0.0,0.0,350,0.8440538461538462,0,0,1,137
2136,2.0,2.0,0.0,73,0.8439807692307693,1,0,0,26
2137,0.0,0.0,0.0,178,0.8439076923076922,0,1,0,71
2138,2.0,2.0,0.0,126,0.8438346153846155,1,0,0,59
2139,1.0,1.0,0.0,64,0.8437615384615385,0,1,0,25
2140,2.0,2.0,0.0,194,0.8436884615384616,1,0,0,82
2141,0.0,0.0,0.0,84,0.8436153846153847,0,1,0,34
2142,2.0,2.0,0.0,65,0.8435423076923076,1,0,0,24
2143,2.0,2.0,0.0,69,0.8434692307692307,1,0,0,35
2144,1.0,1.0,0.0,350,0.8433961538461539,0,0,1,143
2145,0.0,0.0,0.0,37,0.843323076923077,0,1,0,16
2146,0.0,0.0,0.0,37,0.84325,0,1,0,18
2147,1.0,1.0,0.0,75,0.843176923076923,0,1,0,30
2148,2.0,2.0,0.0,217,0.8431038461538461,1,0,0,83
2149,0.0,0.0,0.0,45,0.8430307692307693,0,1,0,21
2150,2.0,2.0,0.0,85,0.8429576923076924,1,0,0,38
2151,2.0,2.0,0.0,42,0.8428846153846155,1,0,0,15
2152,2.0,2.0,0.0,98,0.8428115384615384,1,0,0,35
2153,2.0,2.0,0.0,97,0.8427384615384615,1,0,0,38
2154,2.0,2.0,0.0,111,0.8426653846153846,1,0,0,44
2155,0.0,0.0,0.0,72,0.8425923076923076,0,1,0,33
2156,2.0,2.0,0.0,251,0.8425192307692307,1,0,0,104
2157,0.0,0.0,0.0,148,0.8424461538461538,0,1,0,61
2158,2.0,2.0,0.0,126,0.842373076923077,1,0,0,49
2159,1.0,1.0,0.0,59,0.8423,0,1,0,21
2160,2.0,2.0,0.0,54,0.842226923076923,1,0,0,26
2161,2.0,2.0,0.0,67,0.8421538461538461,1,0,0,26
2162,2.0,2.0,0.0,90,0.8420807692307692,1,0,0,35
2163,2.0,2.0,0.0,107,0.8420076923076923,1,0,0,39
2164,0.0,0.0,0.0,67,0.8419346153846154,0,1,0,27
2165,2.0,2.0,0.0,54,0.8418615384615384,1,0,0,21
2166,0.0,0.0,0.0,60,0.8417884615384615,0,1,0,26
2167,0.0,0.0,0.0,144,0.8417153846153846,0,1,0,55
2168,1.0,1.0,0.0,106,0.8416423076923076,0,1,0,34
2169,2.0,2.0,0.0,21,0.8415692307692307,1,0,0,7
2170,2.0,2.0,0.0,182,0.8414961538461538,1,0,0,88
2171,2.0,2.0,0.0,36,0.8414230769230769,1,0,0,8
2172,2.0,2.0,0.0,62,0.84135,1,0,0,31
2173,2.0,2.0,0.0,79,0.841276923076923,1,0,0,32
2174,0.0,0.0,0.0,72,0.8412038461538461,0,1,0,32
2175,2.0,2.0,0.0,332,0.8411307692307692,1,0,0,126
2176,0.0,0.0,0.0,75,0.8410576923076923,0,1,0,31
2177,0.0,0.0,0.0,68,0.8409846153846154,0,1,0,25
2178,0.0,0.0,0.0,193,0.8409115384615384,0,1,0,76
2179,2.0,2.0,0.0,112,0.8408384615384615,1,0,0,45
2180,1.0,1.0,0.0,105,0.8407653846153846,0,1,0,45
2181,2.0,2.0,0.0,38,0.8406923076923076,1,0,0,11
2182,1.0,1.0,0.0,93,0.8406192307692307,0,1,0,38
2183,2.0,2.0,0.0,45,0.8405461538461538,1,0,0,14
2184,1.0,1.0,0.0,113,0.8404730769230769,0,1,0,45
2185,2.0,2.0,0.0,31,0.8404,1,0,0,13
2186,2.0,2.0,0.0,116,0.840326923076923,1,0,0,51
2187,1.0,1.0,0.0,46,0.8402538461538461,0,1,0,25
2188,2.0,2.0,0.0,148,0.8401807692307692,1,0,0,57
2189,0.0,0.0,0.0,35,0.8401076923076923,0,1,0,13
2190,0.0,0.0,0.0,62,0.8400346153846154,0,1,0,25
2191,2.0,2.0,0.0,37,0.8399615384615384,1,0,0,13
2192,2.0,2.0,0.0,188,0.8398884615384615,1,0,0,71
2193,2.0,2.0,0.0,98,0.8398153846153846,1,0,0,43
2194,0.0,0.0,0.0,138,0.8397423076923077,0,1,0,58
2195,2.0,2.0,0.0,61,0.8396692307692307,1,0,0,24
2196,0.0,0.0,0.0,54,0.8395961538461538,0,1,0,19
2197,0.0,0.0,0.0,38,0.8395230769230769,0,1,0,15
2198,2.0,2.0,0.0,87,0.83945,1,0,0,32
2199,2.0,2.0,0.0,133,0.8393769230769231,1,0,0,49
2200,2.0,2.0,0.0,66,0.8393038461538461,1,0,0,21
2201,0.0,0.0,0.0,135,0.8392307692307692,0,1,0,53
2202,0.0,0.0,0.0,137,0.8391576923076923,0,1,0,61
2203,2.0,2.0,0.0,123,0.8390846153846154,1,0,0,60
2204,1.0,1.0,0.0,158,0.8390115384615384,0,1,0,68
2205,0.0,0.0,0.0,84,0.8389384615384615,0,1,0,25
2206,2.0,2.0,0.0,53,0.8388653846153846,1,0,0,23
2207,2.0,2.0,0.0,34,0.8387923076923077,1,0,0,14
2208,0.0,0.0,0.0,113,0.8387192307692308,0,1,0,57
2209,2.0,2.0,0.0,99,0.8386461538461538,1,0,0,35
2210,2.0,2.0,0.0,79,0.8385730769230769,1,0,0,24
2211,2.0,2.0,0.0,85,0.8385,1,0,0,40
2212,0.0,0.0,0.0,82,0.8384269230769231,0,1,0,31
2213,2.0,2.0,0.0,80,0.8383538461538462,1,0,0,30
2214,2.0,2.0,0.0,75,0.8382807692307692,1,0,0,24
2215,0.0,0.0,0.0,96,0.8382076923076923,0,1,0,28
2216,2.0,2.0,0.0,123,0.8381346153846154,1,0,0,54
2217,2.0,2.0,0.0,192,0.8380615384615384,1,0,0,73
2218,2.0,2.0,0.0,99,0.8379884615384615,1,0,0,53
2219,0.0,0.0,0.0,76,0.8379153846153846,0,1,0,31
2220,2.0,2.0,0.0,96,0.8378423076923077,1,0,0,40
2221,0.0,0.0,0.0,140,0.8377692307692308,0,1,0,55
2222,2.0,2.0,0.0,34,0.8376961538461538,1,0,0,12
2223,2.0,2.0,0.0,145,0.8376230769230769,1,0,0,53
2224,0.0,0.0,0.0,43,0.83755,0,1,0,23
2225,0.0,0.0,0.0,113,0.8374769230769231,0,1,0,49
2226,2.0,2.0,0.0,101,0.8374038461538462,1,0,0,38
2227,2.0,2.0,0.0,93,0.8373307692307692,1,0,0,37
2228,2.0,2.0,0.0,70,0.8372576923076923,1,0,0,22
2229,0.0,0.0,0.0,76,0.8371846153846154,0,1,0,34
2230,2.0,2.0,0.0,60,0.8371115384615384,1,0,0,21
2231,1.0,1.0,0.0,135,0.8370384615384616,0,1,0,60
2232,0.0,0.0,0.0,78,0.8369653846153846,0,1,0,33
2233,2.0,2.0,0.0,62,0.8368923076923077,1,0,0,25
2234,2.0,2.0,0.0,75,0.8368192307692308,1,0,0,32
2235,2.0,2.0,0.0,115,0.8367461538461538,1,0,0,38
2236,2.0,2.0,0.0,105,0.8366730769230769,1,0,0,48
2237,0.0,0.0,0.0,61,0.8366,0,1,0,25
2238,2.0,2.0,0.0,73,0.8365269230769231,1,0,0,29
2239,2.0,2.0,0.0,90,0.8364538461538462,1,0,0,40
2240,1.0,1.0,0.0,243,0.8363807692307692,0,1,0,88
2241,2.0,2.0,0.0,179,0.8363076923076923,1,0,0,73
2242,0.0,0.0,0.0,50,0.8362346153846154,0,1,0,18
2243,2.0,2.0,0.0,181,0.8361615384615384,1,0,0,64
2244,2.0,2.0,0.0,93,0.8360884615384616,1,0,0,44
2245,2.0,2.0,0.0,71,0.8360153846153846,1,0,0,31
2246,0.0,0.0,0.0,110,0.8359423076923077,0,1,0,42
2247,1.0,1.0,0.0,228,0.8358692307692308,0,1,0,83
2248,2.0,2.0,0.0,60,0.8357961538461538,1,0,0,20
2249,2.0,2.0,0.0,59,0.8357230769230769,1,0,0,18
2250,2.0,2.0,0.0,79,0.83565,1,0,0,41
2251,2.0,2.0,0.0,53,0.8355769230769231,1,0,0,25
2252,2.0,2.0,0.0,37,0.8355038461538462,1,0,0,10
2253,2.0,2.0,0.0,76,0.8354307692307692,1,0,0,26
2254,0.0,0.0,0.0,67,0.8353576923076923,0,1,0,27
2255,2.0,2.0,0.0,58,0.8352846153846154,1,0,0,30
2256,2.0,2.0,0.0,48,0.8352115384615384,1,0,0,12
2257,2.0,2.0,0.0,83,0.8351384615384616,1,0,0,24
2258,0.0,0.0,0.0,141,0.8350653846153846,0,1,0,56
2259,2.0,2.0,0.0,246,0.8349923076923077,1,0,0,90
2260,2.0,2.0,0.0,47,0.8349192307692308,1,0,0,20
2261,2.0,2.0,0.0,41,0.8348461538461538,1,0,0,15
2262,2.0,2.0,0.0,52,0.8347730769230769,1,0,0,15
2263,2.0,2.0,0.0,52,0.8347,1,0,0,23
2264,2.0,2.0,0.0,53,0.8346269230769231,1,0,0,20
2265,2.0,2.0,0.0,63,0.8345538461538462,1,0,0,14
2266,1.0,1.0,0.0,147,0.8344807692307692,0,1,0,62
2267,0.0,0.0,0.0,80,0.8344076923076923,0,1,0,35
2268,2.0,2.0,0.0,188,0.8343346153846154,1,0,0,77
2269,0.0,0.0,0.0,83,0.8342615384615385,0,1,0,31
2270,0.0,0.0,0.0,48,0.8341884615384616,0,1,0,15
2271,2.0,2.0,0.0,69,0.8341153846153846,1,0,0,34
2272,0.0,0.0,0.0,144,0.8340423076923077,0,1,0,53
2273,0.0,0.0,0.0,76,0.8339692307692308,0,1,0,27
2274,2.0,2.0,0.0,66,0.8338961538461538,1,0,0,29
2275,2.0,2.0,0.0,110,0.8338230769230769,1,0,0,40
2276,0.0,0.0,0.0,154,0.83375,0,1,0,58
2277,2.0,2.0,0.0,141,0.8336769230769231,1,0,0,63
2278,1.0,1.0,0.0,51,0.8336038461538462,0,1,0,19
2279,2.0,2.0,0.0,26,0.8335307692307692,1,0,0,9
2280,2.0,2.0,0.0,107,0.8334576923076923,1,0,0,50
2281,1.0,1.0,0.0,113,0.8333846153846154,0,1,0,41
2282,1.0,1.0,0.0,93,0.8333115384615385,0,1,0,38
2283,1.0,1.0,0.0,170,0.8332384615384616,0,1,0,61
2284,2.0,2.0,0.0,256,0.8331653846153846,1,0,0,100
2285,2.0,2.0,0.0,91,0.8330923076923077,1,0,0,31
2286,0.0,0.0,0.0,100,0.8330192307692308,0,1,0,40
2287,1.0,1.0,0.0,141,0.8329461538461539,0,1,0,55
2288,0.0,0.0,0.0,238,0.8328730769230769,0,1,0,92
2289,0.0,0.0,0.0,164,0.8328,0,1,0,69
2290,2.0,2.0,0.0,150,0.8327269230769231,1,0,0,51
2291,0.0,0.0,0.0,68,0.8326538461538462,0,1,0,19
2292,2.0,2.0,0.0,152,0.8325807692307693,1,0,0,68
2293,2.0,2.0,0.0,41,0.8325076923076923,1,0,0,11
2294,0.0,0.0,0.0,157,0.8324346153846154,0,1,0,63
2295,2.0,2.0,0.0,31,0.8323615384615385,1,0,0,17
2296,0.0,0.0,0.0,92,0.8322884615384616,0,1,0,34
2297,1.0,1.0,0.0,159,0.8322153846153846,0,1,0,66
2298,0.0,0.0,0.0,64,0.8321423076923077,0,1,0,29
2299,0.0,0.0,0.0,150,0.8320692307692308,0,1,0,68
2300,0.0,0.0,0.0,68,0.8319961538461539,0,1,0,29
2301,2.0,2.0,0.0,126,0.831923076923077,1,0,0,62
2302,0.0,0.0,0.0,49,0.83185,0,1,0,18
2303,2.0,2.0,0.0,145,0.8317769230769231,1,0,0,63
2304,0.0,0.0,0.0,45,0.8317038461538462,0,1,0,19
2305,2.0,2.0,0.0,68,0.8316307692307693,1,0,0,26
2306,2.0,2.0,0.0,32,0.8315576923076924,1,0,0,15
2307,2.0,2.0,0.0,176,0.8314846153846154,1,0,0,76
2308,2.0,2.0,0.0,111,0.8314115384615385,1,0,0,39
2309,0.0,0.0,0.0,67,0.8313384615384616,0,1,0,24
2310,2.0,2.0,0.0,85,0.8312653846153846,1,0,0,31
2311,1.0,1.0,0.0,105,0.8311923076923077,0,1,0,41
2312,2.0,2.0,0.0,55,0.8311192307692308,1,0,0,17
2313,2.0,2.0,0.0,225,0.8310461538461539,1,0,0,89
2314,0.0,0.0,0.0,125,0.830973076923077,0,1,0,48
2315,0.0,0.0,0.0,81,0.8309,0,1,0,31
2316,0.0,0.0,0.0,104,0.8308269230769231,0,1,0,41
2317,2.0,2.0,0.0,41,0.8307538461538462,1,0,0,19
2318,2.0,2.0,0.0,227,0.8306807692307693,1,0,0,84
2319,2.0,2.0,0.0,90,0.8306076923076924,1,0,0,30
2320,2.0,2.0,0.0,316,0.8305346153846154,1,0,0,123
2321,1.0,1.0,0.0,87,0.8304615384615385,0,1,0,35
2322,1.0,1.0,0.0,58,0.8303884615384616,0,1,0,25
2323,2.0,2.0,0.0,93,0.8303153846153846,1,0,0,33
2324,1.0,1.0,0.0,260,0.8302423076923077,0,1,0,114
2325,1.0,1.0,0.0,115,0.8301692307692308,0,1,0,49
2326,2.0,2.0,0.0,73,0.8300961538461539,1,0,0,30
2327,2.0,2.0,0.0,64,0.830023076923077,1,0,0,21
2328,2.0,2.0,0.0,57,0.82995,1,0,0,25
2329,2.0,2.0,0.0,106,0.8298769230769231,1,0,0,36
2330,0.0,0.0,0.0,22,0.8298038461538462,0,1,0,14
2331,2.0,2.0,0.0,103,0.8297307692307693,1,0,0,45
2332,1.0,1.0,0.0,34,0.8296576923076924,0,1,0,10
2333,2.0,2.0,0.0,299,0.8295846153846154,1,0,0,115
2334,2.0,2.0,0.0,108,0.8295115384615385,1,0,0,42
2335,2.0,2.0,0.0,67,0.8294384615384616,1,0,0,34
2336,1.0,1.0,0.0,350,0.8293653846153846,0,0,1,140
2337,0.0,0.0,0.0,51,0.8292923076923078,0,1,0,16
2338,1.0,1.0,0.0,350,0.8292192307692308,0,0,1,164
2339,2.0,2.0,0.0,100,0.8291461538461539,1,0,0,38
2340,2.0,2.0,0.0,29,0.829073076923077,1,0,0,14
2341,0.0,0.0,0.0,78,0.829,0,1,0,27
2342,2.0,2.0,0.0,80,0.8289269230769231,1,0,0,27
2343,2.0,2.0,0.0,119,0.8288538461538462,1,0,0,54
2344,1.0,1.0,0.0,43,0.8287807692307693,0,1,0,14
2345,2.0,2.0,0.0,40,0.8287076923076924,1,0,0,17
2346,1.0,1.0,0.0,318,0.8286346153846154,0,1,0,128
2347,1.0,1.0,0.0,107,0.8285615384615385,0,1,0,44
2348,2.0,2.0,0.0,140,0.8284884615384616,1,0,0,52
2349,2.0,2.0,0.0,110,0.8284153846153846,1,0,0,42
2350,2.0,2.0,0.0,75,0.8283423076923078,1,0,0,36
2351,2.0,2.0,0.0,101,0.8282692307692308,1,0,0,48
2352,0.0,0.0,0.0,46,0.8281961538461539,0,1,0,16
2353,2.0,2.0,0.0,142,0.828123076923077,1,0,0,46
2354,2.0,2.0,0.0,58,0.82805,1,0,0,24
2355,1.0,1.0,0.0,48,0.827976923076923,0,1,0,20
2356,2.0,2.0,0.0,233,0.8279038461538462,1,0,0,96
2357,1.0,1.0,0.0,350,0.8278307692307693,0,0,1,138
2358,2.0,2.0,0.0,302,0.8277576923076924,1,0,0,112
2359,0.0,0.0,0.0,193,0.8276846153846154,0,1,0,78
2360,2.0,2.0,0.0,46,0.8276115384615385,1,0,0,16
2361,2.0,2.0,0.0,53,0.8275384615384616,1,0,0,26
2362,2.0,2.0,0.0,99,0.8274653846153845,1,0,0,40
2363,2.0,2.0,0.0,85,0.8273923076923078,1,0,0,29
2364,2.0,2.0,0.0,89,0.8273192307692308,1,0,0,35
2365,1.0,1.0,0.0,56,0.8272461538461539,0,1,0,22
2366,1.0,1.0,0.0,107,0.827173076923077,0,1,0,46
2367,0.0,0.0,0.0,69,0.8271,0,1,0,23
2368,1.0,1.0,0.0,203,0.827026923076923,0,1,0,66
2369,2.0,2.0,0.0,292,0.8269538461538462,1,0,0,121
2370,2.0,2.0,0.0,143,0.8268807692307693,1,0,0,64
2371,2.0,2.0,0.0,121,0.8268076923076924,1,0,0,48
2372,0.0,0.0,0.0,129,0.8267346153846153,0,1,0,60
2373,2.0,2.0,0.0,154,0.8266615384615384,1,0,0,60
2374,2.0,2.0,0.0,99,0.8265884615384615,1,0,0,41
2375,2.0,2.0,0.0,68,0.8265153846153847,1,0,0,27
2376,0.0,0.0,0.0,40,0.8264423076923078,0,1,0,19
2377,1.0,1.0,0.0,350,0.8263692307692307,0,0,1,129
2378,1.0,1.0,0.0,156,0.8262961538461538,0,1,0,62
2379,0.0,0.0,0.0,106,0.826223076923077,0,1,0,46
2380,2.0,2.0,0.0,58,0.82615,1,0,0,20
2381,1.0,1.0,0.0,225,0.826076923076923,0,1,0,86
2382,0.0,0.0,0.0,152,0.8260038461538461,0,1,0,56
2383,2.0,2.0,0.0,62,0.8259307692307692,1,0,0,21
2384,0.0,0.0,0.0,48,0.8258576923076923,0,1,0,21
2385,2.0,2.0,0.0,38,0.8257846153846153,1,0,0,12
2386,2.0,2.0,0.0,247,0.8257115384615384,1,0,0,92
2387,2.0,2.0,0.0,78,0.8256384615384615,1,0,0,28
2388,1.0,1.0,0.0,350,0.8255653846153846,0,0,1,141
2389,2.0,2.0,0.0,52,0.8254923076923077,1,0,0,19
2390,2.0,2.0,0.0,106,0.8254192307692307,1,0,0,43
2391,1.0,1.0,0.0,75,0.8253461538461538,0,1,0,33
2392,2.0,2.0,0.0,48,0.8252730769230769,1,0,0,17
2393,1.0,1.0,0.0,24,0.8252,0,1,0,14
2394,2.0,2.0,0.0,90,0.8251269230769231,1,0,0,35
2395,0.0,0.0,0.0,140,0.8250538461538461,0,1,0,55
2396,1.0,1.0,0.0,152,0.8249807692307692,0,1,0,61
2397,2.0,2.0,0.0,86,0.8249076923076923,1,0,0,26
2398,2.0,2.0,0.0,160,0.8248346153846153,1,0,0,74
2399,2.0,2.0,0.0,41,0.8247615384615384,1,0,0,16
2400,2.0,2.0,0.0,94,0.8246884615384615,1,0,0,37
2401,2.0,2.0,0.0,44,0.8246153846153846,1,0,0,10
2402,2.0,2.0,0.0,48,0.8245423076923077,1,0,0,16
2403,2.0,2.0,0.0,45,0.8244692307692307,1,0,0,23
2404,2.0,2.0,0.0,69,0.8243961538461538,1,0,0,26
2405,2.0,2.0,0.0,90,0.8243230769230769,1,0,0,42
2406,2.0,2.0,0.0,80,0.82425,1,0,0,27
2407,1.0,1.0,0.0,92,0.8241769230769231,0,1,0,44
2408,2.0,2.0,0.0,33,0.8241038461538461,1,0,0,16
2409,2.0,2.0,0.0,62,0.8240307692307692,1,0,0,19
2410,2.0,2.0,0.0,63,0.8239576923076923,1,0,0,27
2411,1.0,1.0,0.0,109,0.8238846153846153,0,1,0,55
2412,2.0,2.0,0.0,142,0.8238115384615385,1,0,0,52
2413,2.0,2.0,0.0,113,0.8237384615384615,1,0,0,45
2414,2.0,2.0,0.0,349,0.8236653846153846,1,0,0,144
2415,0.0,0.0,0.0,29,0.8235923076923077,0,1,0,13
2416,0.0,0.0,0.0,130,0.8235192307692307,0,1,0,55
2417,2.0,2.0,0.0,66,0.8234461538461538,1,0,0,34
2418,2.0,2.0,0.0,36,0.8233730769230769,1,0,0,15
2419,0.0,0.0,0.0,93,0.8233,0,1,0,45
2420,2.0,2.0,0.0,123,0.8232269230769231,1,0,0,54
2421,2.0,2.0,0.0,27,0.8231538461538461,1,0,0,12
2422,2.0,2.0,0.0,100,0.8230807692307692,1,0,0,40
2423,2.0,2.0,0.0,112,0.8230076923076923,1,0,0,37
2424,1.0,1.0,0.0,181,0.8229346153846154,0,1,0,76
2425,0.0,0.0,0.0,154,0.8228615384615385,0,1,0,62
2426,2.0,2.0,0.0,79,0.8227884615384615,1,0,0,34
2427,0.0,0.0,0.0,61,0.8227153846153846,0,1,0,27
2428,0.0,0.0,0.0,171,0.8226423076923077,0,1,0,65
2429,2.0,2.0,0.0,203,0.8225692307692307,1,0,0,82
2430,2.0,2.0,0.0,180,0.8224961538461538,1,0,0,62
2431,2.0,2.0,0.0,60,0.8224230769230769,1,0,0,31
2432,2.0,2.0,0.0,138,0.82235,1,0,0,49
2433,0.0,0.0,0.0,91,0.8222769230769231,0,1,0,34
2434,2.0,2.0,0.0,93,0.8222038461538461,1,0,0,30
2435,2.0,2.0,0.0,190,0.8221307692307692,1,0,0,70
2436,1.0,1.0,0.0,319,0.8220576923076923,0,1,0,117
2437,0.0,0.0,0.0,127,0.8219846153846154,0,1,0,47
2438,0.0,0.0,0.0,81,0.8219115384615385,0,1,0,34
2439,1.0,1.0,0.0,272,0.8218384615384615,0,1,0,124
2440,1.0,1.0,0.0,215,0.8217653846153846,0,1,0,88
2441,2.0,2.0,0.0,46,0.8216923076923077,1,0,0,19
2442,2.0,2.0,0.0,105,0.8216192307692307,1,0,0,35
2443,0.0,0.0,0.0,79,0.8215461538461538,0,1,0,26
2444,1.0,1.0,0.0,350,0.8214730769230769,0,0,1,138
2445,2.0,2.0,0.0,21,0.8214,1,0,0,8
2446,2.0,2.0,0.0,77,0.8213269230769231,1,0,0,25
2447,0.0,0.0,0.0,55,0.8212538461538461,0,1,0,20
2448,0.0,0.0,0.0,58,0.8211807692307692,0,1,0,26
2449,2.0,2.0,0.0,175,0.8211076923076923,1,0,0,68
2450,0.0,0.0,0.0,66,0.8210346153846154,0,1,0,21
2451,1.0,1.0,0.0,58,0.8209615384615385,0,1,0,27
2452,2.0,2.0,0.0,105,0.8208884615384615,1,0,0,42
2453,2.0,2.0,0.0,149,0.8208153846153846,1,0,0,54
2454,1.0,1.0,0.0,189,0.8207423076923077,0,1,0,71
2455,2.0,2.0,0.0,103,0.8206692307692307,1,0,0,37
2456,1.0,1.0,0.0,127,0.8205961538461538,0,1,0,65
2457,0.0,0.0,0.0,57,0.8205230769230769,0,1,0,21
2458,2.0,2.0,0.0,137,0.82045,1,0,0,60
2459,2.0,2.0,0.0,29,0.8203769230769231,1,0,0,13
2460,1.0,1.0,0.0,67,0.8203038461538461,0,1,0,32
2461,0.0,0.0,0.0,49,0.8202307692307692,0,1,0,20
2462,1.0,1.0,0.0,115,0.8201576923076923,0,1,0,41
2463,2.0,2.0,0.0,86,0.8200846153846154,1,0,0,34
2464,2.0,2.0,0.0,55,0.8200115384615385,1,0,0,23
2465,2.0,2.0,0.0,72,0.8199384615384615,1,0,0,33
2466,0.0,0.0,0.0,39,0.8198653846153846,0,1,0,12
2467,2.0,2.0,0.0,60,0.8197923076923077,1,0,0,24
2468,2.0,2.0,0.0,106,0.8197192307692308,1,0,0,38
2469,1.0,1.0,0.0,112,0.8196461538461538,0,1,0,40
2470,1.0,1.0,0.0,96,0.8195730769230769,0,1,0,32
2471,0.0,0.0,0.0,92,0.8195,0,1,0,30
2472,0.0,0.0,0.0,70,0.8194269230769231,0,1,0,30
2473,2.0,2.0,0.0,45,0.8193538461538462,1,0,0,18
2474,2.0,2.0,0.0,42,0.8192807692307692,1,0,0,17
2475,2.0,2.0,0.0,40,0.8192076923076923,1,0,0,12
2476,2.0,2.0,0.0,71,0.8191346153846154,1,0,0,29
2477,0.0,0.0,0.0,87,0.8190615384615385,0,1,0,33
2478,2.0,2.0,0.0,346,0.8189884615384615,1,0,0,134
2479,1.0,1.0,0.0,350,0.8189153846153846,0,0,1,133
2480,2.0,2.0,0.0,50,0.8188423076923077,1,0,0,21
2481,1.0,1.0,0.0,47,0.8187692307692308,0,1,0,14
2482,2.0,2.0,0.0,107,0.8186961538461539,1,0,0,33
2483,2.0,2.0,0.0,137,0.8186230769230769,1,0,0,56
2484,0.0,0.0,0.0,33,0.81855,0,1,0,12
2485,0.0,0.0,0.0,37,0.8184769230769231,0,1,0,13
2486,2.0,2.0,0.0,133,0.8184038461538462,1,0,0,67
2487,2.0,2.0,0.0,102,0.8183307692307693,1,0,0,35
2488,0.0,0.0,0.0,160,0.8182576923076923,0,1,0,67
2489,2.0,2.0,0.0,80,0.8181846153846154,1,0,0,28
2490,2.0,2.0,0.0,73,0.8181115384615385,1,0,0,31
2491,0.0,0.0,0.0,157,0.8180384615384615,0,1,0,54
2492,0.0,0.0,0.0,92,0.8179653846153846,0,1,0,45
2493,2.0,2.0,0.0,53,0.8178923076923077,1,0,0,19
2494,2.0,2.0,0.0,68,0.8178192307692308,1,0,0,32
2495,2.0,2.0,0.0,177,0.8177461538461539,1,0,0,73
2496,2.0,2.0,0.0,71,0.8176730769230769,1,0,0,30
2497,2.0,2.0,0.0,69,0.8176,1,0,0,29
2498,0.0,0.0,0.0,75,0.8175269230769231,0,1,0,31
2499,0.0,0.0,0.0,34,0.8174538461538462,0,1,0,11
2500,2.0,2.0,0.0,62,0.8173807692307693,1,0,0,25
2501,2.0,2.0,0.0,38,0.8173076923076923,1,0,0,13
2502,2.0,2.0,0.0,136,0.8172346153846154,1,0,0,49
2503,2.0,2.0,0.0,217,0.8171615384615385,1,0,0,91
2504,0.0,0.0,0.0,132,0.8170884615384615,0,1,0,52
2505,2.0,2.0,0.0,32,0.8170153846153847,1,0,0,16
2506,0.0,0.0,0.0,148,0.8169423076923077,0,1,0,57
2507,1.0,1.0,0.0,97,0.8168692307692308,0,1,0,38
2508,2.0,2.0,0.0,47,0.8167961538461539,1,0,0,15
2509,2.0,2.0,0.0,81,0.8167230769230769,1,0,0,30
2510,2.0,2.0,0.0,50,0.81665,1,0,0,24
2511,2.0,2.0,0.0,33,0.8165769230769231,1,0,0,12
2512,0.0,0.0,0.0,29,0.8165038461538462,0,1,0,10
2513,2.0,2.0,0.0,43,0.8164307692307693,1,0,0,15
2514,2.0,2.0,0.0,70,0.8163576923076923,1,0,0,26
2515,2.0,2.0,0.0,45,0.8162846153846154,1,0,0,19
2516,1.0,1.0,0.0,309,0.8162115384615385,0,1,0,112
2517,2.0,2.0,0.0,64,0.8161384615384615,1,0,0,23
2518,0.0,0.0,0.0,88,0.8160653846153847,0,1,0,35
2519,1.0,1.0,0.0,100,0.8159923076923077,0,1,0,44
2520,2.0,2.0,0.0,49,0.8159192307692308,1,0,0,24
2521,2.0,2.0,0.0,55,0.8158461538461539,1,0,0,24
2522,2.0,2.0,0.0,67,0.8157730769230769,1,0,0,31
2523,2.0,2.0,0.0,126,0.8157,1,0,0,48
2524,2.0,2.0,0.0,69,0.8156269230769231,1,0,0,21
2525,0.0,0.0,0.0,93,0.8155538461538462,0,1,0,34
2526,2.0,2.0,0.0,115,0.8154807692307693,1,0,0,46
2527,2.0,2.0,0.0,132,0.8154076923076923,1,0,0,54
2528,2.0,2.0,0.0,60,0.8153346153846154,1,0,0,22
2529,0.0,0.0,0.0,50,0.8152615384615385,0,1,0,23
2530,2.0,2.0,0.0,27,0.8151884615384615,1,0,0,8
2531,0.0,0.0,0.0,105,0.8151153846153847,0,1,0,40
2532,1.0,1.0,0.0,70,0.8150423076923077,0,1,0,33
2533,0.0,0.0,0.0,83,0.8149692307692308,0,1,0,38
2534,2.0,2.0,0.0,140,0.8148961538461539,1,0,0,60
2535,1.0,1.0,0.0,143,0.8148230769230769,0,1,0,61
2536,2.0,2.0,0.0,70,0.81475,1,0,0,25
2537,2.0,2.0,0.0,41,0.8146769230769231,1,0,0,13
2538,2.0,2.0,0.0,118,0.8146038461538462,1,0,0,54
2539,0.0,0.0,0.0,67,0.8145307692307693,0,1,0,23
2540,2.0,2.0,0.0,74,0.8144576923076923,1,0,0,32
2541,2.0,2.0,0.0,63,0.8143846153846154,1,0,0,28
2542,2.0,2.0,0.0,65,0.8143115384615385,1,0,0,25
2543,2.0,2.0,0.0,128,0.8142384615384616,1,0,0,47
2544,2.0,2.0,0.0,109,0.8141653846153847,1,0,0,43
2545,0.0,0.0,0.0,58,0.8140923076923077,0,1,0,30
2546,0.0,0.0,0.0,51,0.8140192307692308,0,1,0,20
2547,2.0,2.0,0.0,68,0.8139461538461539,1,0,0,25
2548,2.0,2.0,0.0,25,0.8138730769230769,1,0,0,12
2549,2.0,2.0,0.0,77,0.8138,1,0,0,26
2550,0.0,0.0,0.0,67,0.8137269230769231,0,1,0,33
2551,2.0,2.0,0.0,109,0.8136538461538462,1,0,0,42
2552,2.0,2.0,0.0,35,0.8135807692307693,1,0,0,19
2553,2.0,2.0,0.0,70,0.8135076923076923,1,0,0,20
2554,2.0,2.0,0.0,152,0.8134346153846154,1,0,0,56
2555,2.0,2.0,0.0,39,0.8133615384615385,1,0,0,16
2556,2.0,2.0,0.0,68,0.8132884615384616,1,0,0,32
2557,2.0,2.0,0.0,69,0.8132153846153847,1,0,0,32
2558,2.0,2.0,0.0,117,0.8131423076923077,1,0,0,42
2559,2.0,2.0,0.0,91,0.8130692307692308,1,0,0,29
2560,2.0,2.0,0.0,54,0.8129961538461539,1,0,0,22
2561,2.0,2.0,0.0,68,0.812923076923077,1,0,0,31
2562,2.0,2.0,0.0,149,0.81285,1,0,0,60
2563,2.0,2.0,0.0,31,0.8127769230769231,1,0,0,17
2564,0.0,0.0,0.0,37,0.8127038461538462,0,1,0,15
2565,1.0,1.0,0.0,77,0.8126307692307693,0,1,0,35
2566,0.0,0.0,0.0,58,0.8125576923076924,0,1,0,30
2567,2.0,2.0,0.0,180,0.8124846153846154,1,0,0,79
2568,2.0,2.0,0.0,230,0.8124115384615385,1,0,0,105
2569,2.0,2.0,0.0,65,0.8123384615384616,1,0,0,25
2570,2.0,2.0,0.0,31,0.8122653846153847,1,0,0,8
2571,2.0,2.0,0.0,169,0.8121923076923077,1,0,0,67
2572,1.0,1.0,0.0,124,0.8121192307692308,0,1,0,51
2573,2.0,2.0,0.0,34,0.8120461538461539,1,0,0,15
2574,0.0,0.0,0.0,35,0.811973076923077,0,1,0,18
2575,2.0,2.0,0.0,51,0.8119000000000001,1,0,0,18
2576,2.0,2.0,0.0,118,0.8118269230769231,1,0,0,45
2577,0.0,0.0,0.0,91,0.8117538461538462,0,1,0,41
2578,1.0,1.0,0.0,94,0.8116807692307693,0,1,0,45
2579,0.0,0.0,0.0,170,0.8116076923076924,0,1,0,82
2580,0.0,0.0,0.0,90,0.8115346153846155,0,1,0,27
2581,2.0,2.0,0.0,58,0.8114615384615385,1,0,0,24
2582,2.0,2.0,0.0,46,0.8113884615384616,1,0,0,19
2583,2.0,2.0,0.0,164,0.8113153846153847,1,0,0,66
2584,0.0,0.0,0.0,70,0.8112423076923077,0,1,0,20
2585,0.0,0.0,0.0,134,0.8111692307692308,0,1,0,38
2586,2.0,2.0,0.0,88,0.8110961538461539,1,0,0,41
2587,0.0,0.0,0.0,66,0.811023076923077,0,1,0,30
2588,0.0,0.0,0.0,64,0.8109500000000001,0,1,0,29
2589,1.0,1.0,0.0,76,0.810876923076923,0,1,0,31
2590,2.0,2.0,0.0,28,0.8108038461538462,1,0,0,16
2591,2.0,2.0,0.0,82,0.8107307692307693,1,0,0,34
2592,2.0,2.0,0.0,59,0.8106576923076924,1,0,0,27
2593,2.0,2.0,0.0,171,0.8105846153846155,1,0,0,80
2594,0.0,0.0,0.0,203,0.8105115384615384,0,1,0,79
2595,2.0,2.0,0.0,98,0.8104384615384616,1,0,0,33
2596,2.0,2.0,0.0,122,0.8103653846153847,1,0,0,46
2597,0.0,0.0,0.0,89,0.8102923076923076,0,1,0,35
2598,2.0,2.0,0.0,70,0.8102192307692307,1,0,0,24
2599,2.0,2.0,0.0,63,0.8101461538461538,1,0,0,30
2600,2.0,2.0,0.0,88,0.810073076923077,1,0,0,46
2601,2.0,2.0,0.0,71,0.81,1,0,0,22
2602,2.0,2.0,0.0,41,0.809926923076923,1,0,0,16
2603,0.0,0.0,0.0,37,0.8098538461538461,0,1,0,16
2604,1.0,1.0,0.0,84,0.8097807692307692,0,1,0,40
2605,2.0,2.0,0.0,43,0.8097076923076924,1,0,0,17
2606,2.0,2.0,0.0,59,0.8096346153846155,1,0,0,24
2607,2.0,2.0,0.0,50,0.8095615384615384,1,0,0,18
2608,2.0,2.0,0.0,83,0.8094884615384615,1,0,0,38
2609,2.0,2.0,0.0,80,0.8094153846153846,1,0,0,28
2610,1.0,1.0,0.0,126,0.8093423076923076,0,1,0,53
2611,0.0,0.0,0.0,21,0.8092692307692309,0,1,0,10
2612,0.0,0.0,0.0,36,0.8091961538461538,0,1,0,10
2613,2.0,2.0,0.0,136,0.809123076923077,1,0,0,54
2614,2.0,2.0,0.0,76,0.80905,1,0,0,25
2615,0.0,0.0,0.0,35,0.808976923076923,0,1,0,15
2616,2.0,2.0,0.0,34,0.8089038461538461,1,0,0,9
2617,2.0,2.0,0.0,150,0.8088307692307692,1,0,0,59
2618,2.0,2.0,0.0,50,0.8087576923076923,1,0,0,23
2619,2.0,2.0,0.0,53,0.8086846153846154,1,0,0,22
2620,2.0,2.0,0.0,83,0.8086115384615384,1,0,0,29
2621,2.0,2.0,0.0,38,0.8085384615384615,1,0,0,12
2622,0.0,0.0,0.0,81,0.8084653846153846,0,1,0,43
2623,1.0,1.0,0.0,95,0.8083923076923076,0,1,0,42
2624,2.0,2.0,0.0,86,0.8083192307692308,1,0,0,42
2625,1.0,1.0,0.0,148,0.8082461538461538,0,1,0,69
2626,2.0,2.0,0.0,28,0.8081730769230769,1,0,0,5
2627,2.0,2.0,0.0,148,0.8081,1,0,0,53
2628,2.0,2.0,0.0,90,0.808026923076923,1,0,0,29
2629,2.0,2.0,0.0,59,0.8079538461538461,1,0,0,15
2630,2.0,2.0,0.0,49,0.8078807692307692,1,0,0,21
2631,2.0,2.0,0.0,155,0.8078076923076923,1,0,0,48
2632,2.0,2.0,0.0,63,0.8077346153846154,1,0,0,27
2633,1.0,1.0,0.0,288,0.8076615384615384,0,1,0,109
2634,2.0,2.0,0.0,116,0.8075884615384615,1,0,0,38
2635,2.0,2.0,0.0,41,0.8075153846153846,1,0,0,12
2636,0.0,0.0,0.0,110,0.8074423076923076,0,1,0,46
2637,1.0,1.0,0.0,99,0.8073692307692308,0,1,0,37
2638,0.0,0.0,0.0,124,0.8072961538461538,0,1,0,48
2639,2.0,2.0,0.0,93,0.8072230769230769,1,0,0,44
2640,2.0,2.0,0.0,89,0.80715,1,0,0,30
2641,2.0,2.0,0.0,61,0.807076923076923,1,0,0,17
2642,2.0,2.0,0.0,80,0.8070038461538461,1,0,0,35
2643,0.0,0.0,0.0,172,0.8069307692307692,0,1,0,55
2644,1.0,1.0,0.0,74,0.8068576923076923,0,1,0,28
2645,2.0,2.0,0.0,72,0.8067846153846154,1,0,0,34
2646,2.0,2.0,0.0,37,0.8067115384615384,1,0,0,15
2647,0.0,0.0,0.0,25,0.8066384615384615,0,1,0,8
2648,2.0,2.0,0.0,46,0.8065653846153846,1,0,0,16
2649,2.0,2.0,0.0,77,0.8064923076923077,1,0,0,33
2650,2.0,2.0,0.0,75,0.8064192307692308,1,0,0,36
2651,2.0,2.0,0.0,117,0.8063461538461538,1,0,0,42
2652,0.0,0.0,0.0,109,0.8062730769230769,0,1,0,45
2653,1.0,1.0,0.0,135,0.8062,0,1,0,54
2654,1.0,1.0,0.0,350,0.8061269230769231,0,0,1,143
2655,0.0,0.0,0.0,26,0.8060538461538461,0,1,0,6
2656,1.0,1.0,0.0,109,0.8059807692307692,0,1,0,49
2657,0.0,0.0,0.0,207,0.8059076923076923,0,1,0,82
2658,2.0,2.0,0.0,37,0.8058346153846154,1,0,0,14
2659,0.0,0.0,0.0,75,0.8057615384615384,0,1,0,25
2660,2.0,2.0,0.0,166,0.8056884615384615,1,0,0,65
2661,2.0,2.0,0.0,67,0.8056153846153846,1,0,0,27
2662,2.0,2.0,0.0,67,0.8055423076923077,1,0,0,34
2663,2.0,2.0,0.0,29,0.8054692307692308,1,0,0,13
2664,1.0,1.0,0.0,49,0.8053961538461538,0,1,0,19
2665,2.0,2.0,0.0,160,0.8053230769230769,1,0,0,73
2666,2.0,2.0,0.0,94,0.80525,1,0,0,41
2667,2.0,2.0,0.0,123,0.8051769230769231,1,0,0,43
2668,1.0,1.0,0.0,196,0.8051038461538462,0,1,0,76
2669,0.0,0.0,0.0,33,0.8050307692307692,0,1,0,14
2670,1.0,1.0,0.0,132,0.8049576923076923,0,1,0,58
2671,2.0,2.0,0.0,193,0.8048846153846154,1,0,0,78
2672,0.0,0.0,0.0,35,0.8048115384615384,0,1,0,15
2673,0.0,0.0,0.0,42,0.8047384615384615,0,1,0,15
2674,2.0,2.0,0.0,245,0.8046653846153846,1,0,0,98
2675,2.0,2.0,0.0,164,0.8045923076923077,1,0,0,65
2676,2.0,2.0,0.0,77,0.8045192307692308,1,0,0,32
2677,2.0,2.0,0.0,197,0.8044461538461538,1,0,0,80
2678,1.0,1.0,0.0,66,0.8043730769230769,0,1,0,31
2679,2.0,2.0,0.0,55,0.8043,1,0,0,22
2680,0.0,0.0,0.0,90,0.8042269230769231,0,1,0,37
2681,2.0,2.0,0.0,54,0.8041538461538462,1,0,0,25
2682,1.0,1.0,0.0,126,0.8040807692307692,0,1,0,63
2683,2.0,2.0,0.0,78,0.8040076923076923,1,0,0,30
2684,2.0,2.0,0.0,52,0.8039346153846154,1,0,0,23
2685,2.0,2.0,0.0,111,0.8038615384615384,1,0,0,47
2686,1.0,1.0,0.0,88,0.8037884615384616,0,1,0,39
2687,2.0,2.0,0.0,54,0.8037153846153846,1,0,0,29
2688,2.0,2.0,0.0,57,0.8036423076923077,1,0,0,23
2689,2.0,2.0,0.0,44,0.8035692307692308,1,0,0,19
2690,2.0,2.0,0.0,95,0.8034961538461538,1,0,0,41
2691,0.0,0.0,0.0,61,0.8034230769230769,0,1,0,23
2692,0.0,0.0,0.0,175,0.80335,0,1,0,79
2693,1.0,1.0,0.0,307,0.8032769230769231,0,1,0,121
2694,2.0,2.0,0.0,29,0.8032038461538462,1,0,0,12
2695,0.0,0.0,0.0,72,0.8031307692307692,0,1,0,37
2696,2.0,2.0,0.0,59,0.8030576923076923,1,0,0,19
2697,2.0,2.0,0.0,117,0.8029846153846154,1,0,0,45
2698,1.0,1.0,0.0,107,0.8029115384615384,0,1,0,41
2699,2.0,2.0,0.0,155,0.8028384615384616,1,0,0,67
2700,2.0,2.0,0.0,26,0.8027653846153846,1,0,0,7
2701,2.0,2.0,0.0,39,0.8026923076923077,1,0,0,14
2702,1.0,1.0,0.0,233,0.8026192307692308,0,1,0,101
2703,2.0,2.0,0.0,104,0.8025461538461538,1,0,0,42
2704,2.0,2.0,0.0,93,0.8024730769230769,1,0,0,36
2705,2.0,2.0,0.0,86,0.8024,1,0,0,35
2706,0.0,0.0,0.0,72,0.8023269230769231,0,1,0,30
2707,1.0,1.0,0.0,114,0.8022538461538462,0,1,0,55
2708,0.0,0.0,0.0,84,0.8021807692307692,0,1,0,36
2709,2.0,2.0,0.0,123,0.8021076923076923,1,0,0,49
2710,1.0,1.0,0.0,61,0.8020346153846154,0,1,0,26
2711,2.0,2.0,0.0,39,0.8019615384615385,1,0,0,15
2712,2.0,2.0,0.0,37,0.8018884615384616,1,0,0,13
2713,2.0,2.0,0.0,59,0.8018153846153846,1,0,0,14
2714,2.0,2.0,0.0,78,0.8017423076923077,1,0,0,31
2715,2.0,2.0,0.0,43,0.8016692307692308,1,0,0,18
2716,2.0,2.0,0.0,49,0.8015961538461538,1,0,0,16
2717,2.0,2.0,0.0,114,0.8015230769230769,1,0,0,38
2718,2.0,2.0,0.0,75,0.80145,1,0,0,31
2719,2.0,2.0,0.0,38,0.8013769230769231,1,0,0,8
2720,0.0,0.0,0.0,350,0.8013038461538462,0,0,1,145
2721,2.0,2.0,0.0,45,0.8012307692307692,1,0,0,14
2722,0.0,0.0,0.0,32,0.8011576923076923,0,1,0,15
2723,2.0,2.0,0.0,48,0.8010846153846154,1,0,0,16
2724,2.0,2.0,0.0,94,0.8010115384615385,1,0,0,35
2725,2.0,2.0,0.0,121,0.8009384615384616,1,0,0,51
2726,0.0,0.0,0.0,33,0.8008653846153846,0,1,0,15
2727,0.0,0.0,0.0,53,0.8007923076923077,0,1,0,16
2728,2.0,2.0,0.0,54,0.8007192307692308,1,0,0,20
2729,2.0,2.0,0.0,61,0.8006461538461538,1,0,0,24
2730,2.0,2.0,0.0,44,0.8005730769230769,1,0,0,14
2731,2.0,2.0,0.0,89,0.8005,1,0,0,37
2732,0.0,0.0,0.0,60,0.8004269230769231,0,1,0,22
2733,0.0,0.0,0.0,57,0.8003538461538462,0,1,0,28
2734,2.0,2.0,0.0,43,0.8002807692307692,1,0,0,16
2735,2.0,2.0,0.0,41,0.8002076923076923,1,0,0,17
2736,0.0,0.0,0.0,20,0.8001346153846154,0,1,0,8
2737,0.0,0.0,0.0,80,0.8000615384615385,0,1,0,31
2738,2.0,2.0,0.0,28,0.7999884615384616,1,0,0,10
2739,2.0,2.0,0.0,74,0.7999153846153846,1,0,0,31
2740,2.0,2.0,0.0,52,0.7998423076923077,1,0,0,22
2741,1.0,1.0,0.0,79,0.7997692307692308,0,1,0,31
2742,2.0,2.0,0.0,24,0.7996961538461539,1,0,0,10
2743,2.0,2.0,0.0,43,0.7996230769230769,1,0,0,14
2744,2.0,2.0,0.0,25,0.79955,1,0,0,11
2745,0.0,0.0,0.0,118,0.7994769230769231,0,1,0,48
2746,0.0,0.0,0.0,54,0.7994038461538462,0,1,0,17
2747,2.0,2.0,0.0,266,0.7993307692307693,1,0,0,118
2748,1.0,1.0,0.0,57,0.7992576923076923,0,1,0,27
2749,1.0,1.0,0.0,116,0.7991846153846154,0,1,0,53
2750,2.0,2.0,0.0,52,0.7991115384615385,1,0,0,15
2751,2.0,2.0,0.0,43,0.7990384615384616,1,0,0,17
2752,2.0,2.0,0.0,111,0.7989653846153846,1,0,0,48
2753,0.0,0.0,0.0,49,0.7988923076923077,0,1,0,23
2754,2.0,2.0,0.0,45,0.7988192307692308,1,0,0,15
2755,1.0,1.0,0.0,210,0.7987461538461539,0,1,0,89
2756,2.0,2.0,0.0,86,0.798673076923077,1,0,0,30
2757,2.0,2.0,0.0,69,0.7986,1,0,0,22
2758,2.0,2.0,0.0,60,0.7985269230769231,1,0,0,21
2759,2.0,2.0,0.0,146,0.7984538461538462,1,0,0,69
2760,2.0,2.0,0.0,36,0.7983807692307693,1,0,0,13
2761,0.0,0.0,0.0,64,0.7983076923076924,0,1,0,31
2762,2.0,2.0,0.0,200,0.7982346153846154,1,0,0,76
2763,2.0,2.0,0.0,98,0.7981615384615385,1,0,0,36
2764,2.0,2.0,0.0,82,0.7980884615384616,1,0,0,31
2765,2.0,2.0,0.0,79,0.7980153846153846,1,0,0,28
2766,2.0,2.0,0.0,38,0.7979423076923077,1,0,0,12
2767,2.0,2.0,0.0,119,0.7978692307692308,1,0,0,47
2768,2.0,2.0,0.0,36,0.7977961538461539,1,0,0,15
2769,2.0,2.0,0.0,24,0.797723076923077,1,0,0,10
2770,1.0,1.0,0.0,154,0.79765,0,1,0,77
2771,2.0,2.0,0.0,94,0.7975769230769231,1,0,0,35
2772,2.0,2.0,0.0,84,0.7975038461538462,1,0,0,34
2773,2.0,2.0,0.0,29,0.7974307692307693,1,0,0,12
2774,2.0,2.0,0.0,63,0.7973576923076924,1,0,0,25
2775,2.0,2.0,0.0,72,0.7972846153846154,1,0,0,26
2776,2.0,2.0,0.0,56,0.7972115384615385,1,0,0,24
2777,2.0,2.0,0.0,95,0.7971384615384616,1,0,0,33
2778,2.0,2.0,0.0,57,0.7970653846153846,1,0,0,24
2779,2.0,2.0,0.0,27,0.7969923076923078,1,0,0,7
2780,2.0,2.0,0.0,100,0.7969192307692308,1,0,0,45
2781,2.0,2.0,0.0,165,0.7968461538461539,1,0,0,65
2782,2.0,2.0,0.0,68,0.796773076923077,1,0,0,34
2783,0.0,0.0,0.0,59,0.7967,0,1,0,26
2784,2.0,2.0,0.0,84,0.7966269230769231,1,0,0,34
2785,1.0,1.0,0.0,59,0.7965538461538462,0,1,0,25
2786,2.0,2.0,0.0,131,0.7964807692307693,1,0,0,48
2787,2.0,2.0,0.0,85,0.7964076923076924,1,0,0,27
2788,2.0,2.0,0.0,48,0.7963346153846154,1,0,0,18
2789,2.0,2.0,0.0,85,0.7962615384615385,1,0,0,34
2790,0.0,0.0,0.0,63,0.7961884615384616,0,1,0,26
2791,2.0,2.0,0.0,84,0.7961153846153846,1,0,0,27
2792,2.0,2.0,0.0,114,0.7960423076923078,1,0,0,46
2793,2.0,2.0,0.0,76,0.7959692307692308,1,0,0,29
2794,2.0,2.0,0.0,55,0.7958961538461539,1,0,0,23
2795,2.0,2.0,0.0,88,0.795823076923077,1,0,0,24
2796,0.0,0.0,0.0,55,0.79575,0,1,0,24
2797,2.0,2.0,0.0,26,0.7956769230769231,1,0,0,7
2798,1.0,1.0,0.0,350,0.7956038461538462,0,0,1,143
2799,0.0,0.0,0.0,54,0.7955307692307693,0,1,0,23
2800,2.0,2.0,0.0,164,0.7954576923076924,1,0,0,69
2801,2.0,2.0,0.0,92,0.7953846153846154,1,0,0,48
2802,0.0,0.0,0.0,81,0.7953115384615385,0,1,0,33
2803,2.0,2.0,0.0,203,0.7952384615384616,1,0,0,80
2804,2.0,2.0,0.0,101,0.7951653846153846,1,0,0,42
2805,2.0,2.0,0.0,54,0.7950923076923078,1,0,0,15
2806,1.0,1.0,0.0,136,0.7950192307692308,0,1,0,48
2807,2.0,2.0,0.0,120,0.7949461538461539,1,0,0,44
2808,0.0,0.0,0.0,73,0.794873076923077,0,1,0,31
2809,2.0,2.0,0.0,52,0.7948,1,0,0,19
2810,1.0,1.0,0.0,133,0.794726923076923,0,1,0,59
2811,2.0,2.0,0.0,80,0.7946538461538462,1,0,0,29
2812,2.0,2.0,0.0,219,0.7945807692307693,1,0,0,86
2813,0.0,0.0,0.0,67,0.7945076923076924,0,1,0,23
2814,2.0,2.0,0.0,236,0.7944346153846154,1,0,0,88
2815,2.0,2.0,0.0,151,0.7943615384615385,1,0,0,56
2816,2.0,2.0,0.0,59,0.7942884615384616,1,0,0,23
2817,0.0,0.0,0.0,78,0.7942153846153845,0,1,0,28
2818,0.0,0.0,0.0,156,0.7941423076923078,0,1,0,57
2819,2.0,2.0,0.0,73,0.7940692307692307,1,0,0,27
2820,0.0,0.0,0.0,150,0.7939961538461539,0,1,0,45
2821,2.0,2.0,0.0,74,0.793923076923077,1,0,0,28
2822,1.0,1.0,0.0,242,0.79385,0,1,0,103
2823,2.0,2.0,0.0,33,0.793776923076923,1,0,0,13
2824,2.0,2.0,0.0,52,0.7937038461538461,1,0,0,23
2825,2.0,2.0,0.0,31,0.7936307692307693,1,0,0,14
2826,2.0,2.0,0.0,225,0.7935576923076924,1,0,0,81
2827,2.0,2.0,0.0,135,0.7934846153846153,1,0,0,56
2828,2.0,2.0,0.0,50,0.7934115384615384,1,0,0,18
2829,2.0,2.0,0.0,42,0.7933384615384615,1,0,0,14
2830,1.0,1.0,0.0,55,0.7932653846153846,0,1,0,22
2831,2.0,2.0,0.0,127,0.7931923076923078,1,0,0,45
2832,2.0,2.0,0.0,29,0.7931192307692307,1,0,0,6
2833,2.0,2.0,0.0,45,0.7930461538461538,1,0,0,18
2834,1.0,1.0,0.0,54,0.792973076923077,0,1,0,24
2835,0.0,0.0,0.0,32,0.7929,0,1,0,10
2836,2.0,2.0,0.0,52,0.792826923076923,1,0,0,23
2837,2.0,2.0,0.0,34,0.7927538461538461,1,0,0,8
2838,2.0,2.0,0.0,63,0.7926807692307692,1,0,0,27
2839,0.0,0.0,0.0,51,0.7926076923076923,0,1,0,14
2840,2.0,2.0,0.0,105,0.7925346153846153,1,0,0,44
2841,1.0,1.0,0.0,65,0.7924615384615384,0,1,0,32
2842,0.0,0.0,0.0,214,0.7923884615384615,0,1,0,84
2843,2.0,2.0,0.0,89,0.7923153846153846,1,0,0,34
2844,2.0,2.0,0.0,60,0.7922423076923077,1,0,0,29
2845,2.0,2.0,0.0,80,0.7921692307692307,1,0,0,38
2846,2.0,2.0,0.0,47,0.7920961538461538,1,0,0,20
2847,0.0,0.0,0.0,40,0.7920230769230769,0,1,0,19
2848,2.0,2.0,0.0,105,0.79195,1,0,0,44
2849,2.0,2.0,0.0,76,0.7918769230769231,1,0,0,29
2850,0.0,0.0,0.0,83,0.7918038461538461,0,1,0,35
2851,2.0,2.0,0.0,78,0.7917307692307692,1,0,0,27
2852,1.0,1.0,0.0,79,0.7916576923076923,0,1,0,34
2853,2.0,2.0,0.0,85,0.7915846153846154,1,0,0,25
2854,2.0,2.0,0.0,138,0.7915115384615385,1,0,0,52
2855,0.0,0.0,0.0,35,0.7914384615384615,0,1,0,18
2856,1.0,1.0,0.0,181,0.7913653846153846,0,1,0,78
2857,2.0,2.0,0.0,64,0.7912923076923077,1,0,0,24
2858,2.0,2.0,0.0,98,0.7912192307692307,1,0,0,43
2859,2.0,2.0,0.0,111,0.7911461538461538,1,0,0,53
2860,2.0,2.0,0.0,83,0.7910730769230769,1,0,0,37
2861,2.0,2.0,0.0,115,0.791,1,0,0,49
2862,2.0,2.0,0.0,70,0.7909269230769231,1,0,0,23
2863,2.0,2.0,0.0,87,0.7908538461538461,1,0,0,36
2864,2.0,2.0,0.0,147,0.7907807692307692,1,0,0,62
2865,2.0,2.0,0.0,35,0.7907076923076923,1,0,0,16
2866,2.0,2.0,0.0,45,0.7906346153846154,1,0,0,15
2867,2.0,2.0,0.0,38,0.7905615384615385,1,0,0,14
2868,2.0,2.0,0.0,70,0.7904884615384615,1,0,0,30
2869,1.0,1.0,0.0,62,0.7904153846153846,0,1,0,28
2870,1.0,1.0,0.0,350,0.7903423076923077,0,0,1,134
2871,1.0,1.0,0.0,58,0.7902692307692307,0,1,0,28
2872,2.0,2.0,0.0,42,0.7901961538461538,1,0,0,15
2873,0.0,0.0,0.0,64,0.7901230769230769,0,1,0,34
2874,2.0,2.0,0.0,33,0.79005,1,0,0,11
2875,2.0,2.0,0.0,75,0.7899769230769231,1,0,0,30
2876,0.0,0.0,0.0,54,0.7899038461538461,0,1,0,18
2877,2.0,2.0,0.0,107,0.7898307692307692,1,0,0,42
2878,2.0,2.0,0.0,46,0.7897576923076923,1,0,0,16
2879,2.0,2.0,0.0,52,0.7896846153846154,1,0,0,21
2880,2.0,2.0,0.0,46,0.7896115384615385,1,0,0,16
2881,2.0,2.0,0.0,180,0.7895384615384615,1,0,0,79
2882,2.0,2.0,0.0,46,0.7894653846153846,1,0,0,16
2883,2.0,2.0,0.0,80,0.7893923076923077,1,0,0,30
2884,2.0,2.0,0.0,49,0.7893192307692307,1,0,0,26
2885,2.0,2.0,0.0,54,0.7892461538461538,1,0,0,21
2886,2.0,2.0,0.0,58,0.7891730769230769,1,0,0,20
2887,2.0,2.0,0.0,25,0.7891,1,0,0,7
2888,2.0,2.0,0.0,34,0.7890269230769231,1,0,0,15
2889,1.0,1.0,0.0,76,0.7889538461538461,0,1,0,20
2890,2.0,2.0,0.0,101,0.7888807692307692,1,0,0,39
2891,2.0,2.0,0.0,67,0.7888076923076923,1,0,0,29
2892,2.0,2.0,0.0,45,0.7887346153846154,1,0,0,18
2893,2.0,2.0,0.0,69,0.7886615384615385,1,0,0,31
2894,2.0,2.0,0.0,128,0.7885884615384615,1,0,0,49
2895,0.0,0.0,0.0,48,0.7885153846153846,0,1,0,20
2896,1.0,1.0,0.0,34,0.7884423076923077,0,1,0,11
2897,0.0,0.0,0.0,24,0.7883692307692307,0,1,0,12
2898,2.0,2.0,0.0,136,0.7882961538461539,1,0,0,51
2899,0.0,0.0,0.0,118,0.7882230769230769,0,1,0,49
2900,1.0,1.0,0.0,231,0.78815,0,1,0,95
2901,0.0,0.0,0.0,105,0.7880769230769231,0,1,0,42
2902,2.0,2.0,0.0,82,0.7880038461538461,1,0,0,46
2903,2.0,2.0,0.0,46,0.7879307692307692,1,0,0,11
2904,2.0,2.0,0.0,96,0.7878576923076923,1,0,0,33
2905,0.0,0.0,0.0,86,0.7877846153846154,0,1,0,24
2906,2.0,2.0,0.0,42,0.7877115384615385,1,0,0,18
2907,1.0,1.0,0.0,350,0.7876384615384615,0,0,1,125
2908,1.0,1.0,0.0,309,0.7875653846153846,0,1,0,122
2909,2.0,2.0,0.0,59,0.7874923076923077,1,0,0,25
2910,0.0,0.0,0.0,24,0.7874192307692307,0,1,0,13
2911,2.0,2.0,0.0,71,0.7873461538461539,1,0,0,26
2912,1.0,1.0,0.0,75,0.7872730769230769,0,1,0,39
2913,0.0,0.0,0.0,23,0.7872,0,1,0,11
2914,0.0,0.0,0.0,53,0.7871269230769231,0,1,0,18
2915,1.0,1.0,0.0,123,0.7870538461538461,0,1,0,44
2916,2.0,2.0,0.0,46,0.7869807692307692,1,0,0,25
2917,1.0,1.0,0.0,85,0.7869076923076923,0,1,0,35
2918,2.0,2.0,0.0,311,0.7868346153846154,1,0,0,128
2919,2.0,2.0,0.0,213,0.7867615384615385,1,0,0,82
2920,0.0,0.0,0.0,38,0.7866884615384615,0,1,0,8
2921,2.0,2.0,0.0,53,0.7866153846153846,1,0,0,17
2922,2.0,2.0,0.0,29,0.7865423076923077,1,0,0,10
2923,2.0,2.0,0.0,53,0.7864692307692308,1,0,0,23
2924,2.0,2.0,0.0,69,0.7863961538461539,1,0,0,28
2925,1.0,1.0,0.0,118,0.7863230769230769,0,1,0,43
2926,2.0,2.0,0.0,61,0.78625,1,0,0,27
2927,1.0,1.0,0.0,57,0.7861769230769231,0,1,0,21
2928,2.0,2.0,0.0,45,0.7861038461538462,1,0,0,17
2929,2.0,2.0,0.0,112,0.7860307692307692,1,0,0,40
2930,2.0,2.0,0.0,169,0.7859576923076923,1,0,0,72
2931,2.0,2.0,0.0,58,0.7858846153846154,1,0,0,16
2932,2.0,2.0,0.0,79,0.7858115384615385,1,0,0,34
2933,0.0,0.0,0.0,72,0.7857384615384615,0,1,0,22
2934,2.0,2.0,0.0,45,0.7856653846153846,1,0,0,18
2935,2.0,2.0,0.0,214,0.7855923076923077,1,0,0,94
2936,2.0,2.0,0.0,56,0.7855192307692308,1,0,0,26
2937,0.0,0.0,0.0,97,0.7854461538461539,0,1,0,46
2938,1.0,1.0,0.0,87,0.7853730769230769,0,1,0,39
2939,2.0,2.0,0.0,50,0.7853,1,0,0,18
2940,2.0,2.0,0.0,53,0.7852269230769231,1,0,0,19
2941,0.0,0.0,0.0,41,0.7851538461538462,0,1,0,15
2942,2.0,2.0,0.0,55,0.7850807692307693,1,0,0,19
2943,2.0,2.0,0.0,55,0.7850076923076923,1,0,0,22
2944,2.0,2.0,0.0,110,0.7849346153846154,1,0,0,35
2945,2.0,2.0,0.0,36,0.7848615384615385,1,0,0,18
2946,2.0,2.0,0.0,302,0.7847884615384615,1,0,0,123
2947,2.0,2.0,0.0,181,0.7847153846153846,1,0,0,75
2948,2.0,2.0,0.0,156,0.7846423076923077,1,0,0,58
2949,1.0,1.0,0.0,67,0.7845692307692308,0,1,0,34
2950,2.0,2.0,0.0,29,0.7844961538461539,1,0,0,11
2951,2.0,2.0,0.0,41,0.7844230769230769,1,0,0,12
2952,2.0,2.0,0.0,62,0.78435,1,0,0,27
2953,2.0,2.0,0.0,157,0.7842769230769231,1,0,0,58
2954,2.0,2.0,0.0,59,0.7842038461538462,1,0,0,22
2955,2.0,2.0,0.0,72,0.7841307692307693,1,0,0,25
2956,2.0,2.0,0.0,98,0.7840576923076923,1,0,0,39
2957,1.0,1.0,0.0,121,0.7839846153846154,0,1,0,49
2958,2.0,2.0,0.0,53,0.7839115384615385,1,0,0,14
2959,0.0,0.0,0.0,289,0.7838384615384615,0,1,0,109
2960,1.0,1.0,0.0,201,0.7837653846153847,0,1,0,75
2961,1.0,1.0,0.0,213,0.7836923076923077,0,1,0,92
2962,2.0,2.0,0.0,78,0.7836192307692308,1,0,0,28
2963,2.0,2.0,0.0,30,0.7835461538461539,1,0,0,6
2964,2.0,2.0,0.0,45,0.7834730769230769,1,0,0,24
2965,0.0,0.0,0.0,308,0.7834,0,1,0,123
2966,0.0,0.0,0.0,40,0.7833269230769231,0,1,0,16
2967,1.0,1.0,0.0,40,0.7832538461538462,0,1,0,14
2968,2.0,2.0,0.0,45,0.7831807692307693,1,0,0,15
2969,2.0,2.0,0.0,47,0.7831076923076923,1,0,0,17
2970,2.0,2.0,0.0,113,0.7830346153846154,1,0,0,46
2971,0.0,0.0,0.0,49,0.7829615384615385,0,1,0,22
2972,2.0,2.0,0.0,163,0.7828884615384615,1,0,0,57
2973,1.0,1.0,0.0,75,0.7828153846153847,0,1,0,29
2974,2.0,2.0,0.0,42,0.7827423076923077,1,0,0,17
2975,2.0,2.0,0.0,43,0.7826692307692308,1,0,0,11
2976,2.0,2.0,0.0,46,0.7825961538461539,1,0,0,19
2977,0.0,0.0,0.0,64,0.7825230769230769,0,1,0,25
2978,2.0,2.0,0.0,30,0.78245,1,0,0,10
2979,2.0,2.0,0.0,39,0.7823769230769231,1,0,0,13
2980,2.0,2.0,0.0,34,0.7823038461538462,1,0,0,13
2981,2.0,2.0,0.0,51,0.7822307692307693,1,0,0,21
2982,2.0,2.0,0.0,46,0.7821576923076923,1,0,0,17
2983,2.0,2.0,0.0,22,0.7820846153846154,1,0,0,11
2984,0.0,0.0,0.0,75,0.7820115384615385,0,1,0,32
2985,1.0,1.0,0.0,53,0.7819384615384615,0,1,0,16
2986,2.0,2.0,0.0,116,0.7818653846153847,1,0,0,43
2987,0.0,0.0,0.0,36,0.7817923076923077,0,1,0,17
2988,0.0,0.0,0.0,44,0.7817192307692308,0,1,0,18
2989,1.0,1.0,0.0,58,0.7816461538461539,0,1,0,17
2990,0.0,0.0,0.0,87,0.7815730769230769,0,1,0,33
2991,2.0,2.0,0.0,66,0.7815,1,0,0,28
2992,2.0,2.0,0.0,21,0.7814269230769231,1,0,0,8
2993,2.0,2.0,0.0,71,0.7813538461538462,1,0,0,29
2994,1.0,1.0,0.0,78,0.7812807692307693,0,1,0,27
2995,2.0,2.0,0.0,50,0.7812076923076923,1,0,0,18
2996,2.0,2.0,0.0,24,0.7811346153846154,1,0,0,10
2997,2.0,2.0,0.0,94,0.7810615384615385,1,0,0,27
2998,2.0,2.0,0.0,178,0.7809884615384616,1,0,0,64
2999,2.0,2.0,0.0,47,0.7809153846153847,1,0,0,21
3000,2.0,2.0,0.0,54,0.7808423076923077,1,0,0,19
3001,2.0,2.0,0.0,63,0.7807692307692308,1,0,0,19
3002,2.0,2.0,0.0,75,0.7806961538461539,1,0,0,37
3003,2.0,2.0,0.0,94,0.7806230769230769,1,0,0,40
3004,1.0,1.0,0.0,350,0.78055,0,0,1,146
3005,1.0,1.0,0.0,141,0.7804769230769231,0,1,0,47
3006,2.0,2.0,0.0,103,0.7804038461538462,1,0,0,45
3007,2.0,2.0,0.0,126,0.7803307692307693,1,0,0,46
3008,2.0,2.0,0.0,67,0.7802576923076923,1,0,0,21
3009,2.0,2.0,0.0,83,0.7801846153846154,1,0,0,34
3010,2.0,2.0,0.0,28,0.7801115384615385,1,0,0,11
3011,2.0,2.0,0.0,42,0.7800384615384616,1,0,0,16
3012,2.0,2.0,0.0,81,0.7799653846153847,1,0,0,31
3013,2.0,2.0,0.0,41,0.7798923076923077,1,0,0,15
3014,2.0,2.0,0.0,67,0.7798192307692308,1,0,0,25
3015,2.0,2.0,0.0,95,0.7797461538461539,1,0,0,42
3016,2.0,2.0,0.0,43,0.779673076923077,1,0,0,23
3017,2.0,2.0,0.0,71,0.7796,1,0,0,26
3018,2.0,2.0,0.0,74,0.7795269230769231,1,0,0,39
3019,0.0,0.0,0.0,16,0.7794538461538462,0,1,0,5
3020,0.0,0.0,0.0,44,0.7793807692307693,0,1,0,18
3021,2.0,2.0,0.0,110,0.7793076923076924,1,0,0,44
3022,0.0,0.0,0.0,116,0.7792346153846154,0,1,0,43
3023,2.0,2.0,0.0,49,0.7791615384615385,1,0,0,21
3024,2.0,2.0,0.0,62,0.7790884615384616,1,0,0,26
3025,2.0,2.0,0.0,57,0.7790153846153847,1,0,0,25
3026,0.0,0.0,0.0,67,0.7789423076923077,0,1,0,25
3027,2.0,2.0,0.0,110,0.7788692307692308,1,0,0,42
3028,1.0,1.0,0.0,99,0.7787961538461539,0,1,0,38
3029,2.0,2.0,0.0,60,0.778723076923077,1,0,0,24
3030,2.0,2.0,0.0,46,0.7786500000000001,1,0,0,17
3031,0.0,0.0,0.0,134,0.778576923076923,0,1,0,44
3032,2.0,2.0,0.0,50,0.7785038461538462,1,0,0,18
3033,1.0,1.0,0.0,61,0.7784307692307693,0,1,0,25
3034,2.0,2.0,0.0,112,0.7783576923076924,1,0,0,42
3035,2.0,2.0,0.0,59,0.7782846153846155,1,0,0,19
3036,0.0,0.0,0.0,205,0.7782115384615385,0,1,0,82
3037,2.0,2.0,0.0,191,0.7781384615384616,1,0,0,74
3038,0.0,0.0,0.0,29,0.7780653846153847,0,1,0,10
3039,1.0,1.0,0.0,90,0.7779923076923076,0,1,0,37
3040,2.0,2.0,0.0,46,0.7779192307692308,1,0,0,20
3041,0.0,0.0,0.0,47,0.7778461538461539,0,1,0,24
3042,0.0,0.0,0.0,61,0.777773076923077,0,1,0,19
3043,2.0,2.0,0.0,75,0.7777000000000001,1,0,0,26
3044,0.0,0.0,0.0,77,0.777626923076923,0,1,0,27
3045,0.0,0.0,0.0,38,0.7775538461538462,0,1,0,17
3046,1.0,1.0,0.0,104,0.7774807692307693,0,1,0,35
3047,2.0,2.0,0.0,93,0.7774076923076924,1,0,0,43
3048,0.0,0.0,0.0,65,0.7773346153846155,0,1,0,24
3049,2.0,2.0,0.0,71,0.7772615384615384,1,0,0,33
3050,1.0,1.0,0.0,58,0.7771884615384616,0,1,0,22
3051,2.0,2.0,0.0,103,0.7771153846153847,1,0,0,49
3052,1.0,1.0,0.0,56,0.7770423076923076,0,1,0,22
3053,2.0,2.0,0.0,64,0.7769692307692309,1,0,0,24
3054,0.0,0.0,0.0,83,0.7768961538461538,0,1,0,29
3055,2.0,2.0,0.0,24,0.776823076923077,1,0,0,11
3056,0.0,0.0,0.0,45,0.77675,0,1,0,19
3057,2.0,2.0,0.0,66,0.776676923076923,1,0,0,24
3058,1.0,1.0,0.0,350,0.7766038461538461,0,0,1,135
3059,0.0,0.0,0.0,216,0.7765307692307692,0,1,0,85
3060,2.0,2.0,0.0,70,0.7764576923076923,1,0,0,32
3061,2.0,2.0,0.0,21,0.7763846153846155,1,0,0,8
3062,2.0,2.0,0.0,36,0.7763115384615384,1,0,0,13
3063,2.0,2.0,0.0,161,0.7762384615384615,1,0,0,62
3064,2.0,2.0,0.0,34,0.7761653846153846,1,0,0,12
3065,2.0,2.0,0.0,38,0.7760923076923076,1,0,0,11
3066,1.0,1.0,0.0,100,0.7760192307692308,0,1,0,41
3067,2.0,2.0,0.0,75,0.7759461538461538,1,0,0,30
3068,0.0,0.0,0.0,27,0.7758730769230769,0,1,0,13
3069,2.0,2.0,0.0,109,0.7758,1,0,0,45
3070,0.0,0.0,0.0,110,0.775726923076923,0,1,0,46
3071,2.0,2.0,0.0,145,0.7756538461538461,1,0,0,58
3072,2.0,2.0,0.0,50,0.7755807692307692,1,0,0,23
3073,2.0,2.0,0.0,53,0.7755076923076923,1,0,0,19
3074,0.0,0.0,0.0,25,0.7754346153846154,0,1,0,11
3075,2.0,2.0,0.0,75,0.7753615384615384,1,0,0,20
3076,0.0,0.0,0.0,34,0.7752884615384615,0,1,0,13
3077,2.0,2.0,0.0,56,0.7752153846153846,1,0,0,19
3078,2.0,2.0,0.0,59,0.7751423076923076,1,0,0,18
3079,2.0,2.0,0.0,40,0.7750692307692308,1,0,0,18
3080,2.0,2.0,0.0,17,0.7749961538461538,1,0,0,5
3081,2.0,2.0,0.0,84,0.7749230769230769,1,0,0,29
3082,2.0,2.0,0.0,70,0.77485,1,0,0,26
3083,2.0,2.0,0.0,45,0.774776923076923,1,0,0,16
3084,0.0,0.0,0.0,180,0.7747038461538461,0,1,0,69
3085,2.0,2.0,0.0,46,0.7746307692307692,1,0,0,17
3086,2.0,2.0,0.0,44,0.7745576923076923,1,0,0,16
3087,1.0,1.0,0.0,46,0.7744846153846154,0,1,0,17
3088,1.0,1.0,0.0,183,0.7744115384615384,0,1,0,65
3089,2.0,2.0,0.0,38,0.7743384615384615,1,0,0,19
3090,2.0,2.0,0.0,36,0.7742653846153846,1,0,0,11
3091,2.0,2.0,0.0,80,0.7741923076923076,1,0,0,37
3092,2.0,2.0,0.0,46,0.7741192307692308,1,0,0,25
3093,2.0,2.0,0.0,52,0.7740461538461538,1,0,0,23
3094,2.0,2.0,0.0,82,0.7739730769230769,1,0,0,34
3095,2.0,2.0,0.0,102,0.7739,1,0,0,42
3096,2.0,2.0,0.0,62,0.773826923076923,1,0,0,22
3097,0.0,0.0,0.0,36,0.7737538461538461,0,1,0,14
3098,2.0,2.0,0.0,33,0.7736807692307692,1,0,0,12
3099,2.0,2.0,0.0,43,0.7736076923076923,1,0,0,13
3100,2.0,2.0,0.0,74,0.7735346153846154,1,0,0,22
3101,1.0,1.0,0.0,49,0.7734615384615384,0,1,0,23
3102,0.0,0.0,0.0,38,0.7733884615384615,0,1,0,13
3103,2.0,2.0,0.0,67,0.7733153846153846,1,0,0,26
3104,2.0,2.0,0.0,144,0.7732423076923077,1,0,0,68
3105,2.0,2.0,0.0,113,0.7731692307692308,1,0,0,48
3106,2.0,2.0,0.0,100,0.7730961538461538,1,0,0,49
3107,2.0,2.0,0.0,68,0.7730230769230769,1,0,0,28
3108,2.0,2.0,0.0,47,0.77295,1,0,0,16
3109,2.0,2.0,0.0,28,0.7728769230769231,1,0,0,8
3110,2.0,2.0,0.0,57,0.7728038461538461,1,0,0,31
3111,2.0,2.0,0.0,63,0.7727307692307692,1,0,0,27
3112,0.0,0.0,0.0,132,0.7726576923076923,0,1,0,45
3113,2.0,2.0,0.0,123,0.7725846153846154,1,0,0,47
3114,2.0,2.0,0.0,29,0.7725115384615384,1,0,0,12
3115,2.0,2.0,0.0,21,0.7724384615384615,1,0,0,6
3116,2.0,2.0,0.0,158,0.7723653846153846,1,0,0,75
3117,2.0,2.0,0.0,113,0.7722923076923077,1,0,0,42
3118,2.0,2.0,0.0,104,0.7722192307692308,1,0,0,39
3119,2.0,2.0,0.0,34,0.7721461538461538,1,0,0,7
3120,2.0,2.0,0.0,34,0.7720730769230769,1,0,0,17
3121,2.0,2.0,0.0,70,0.772,1,0,0,29
3122,2.0,2.0,0.0,75,0.7719269230769231,1,0,0,26
3123,1.0,1.0,0.0,52,0.7718538461538462,0,1,0,25
3124,2.0,2.0,0.0,262,0.7717807692307692,1,0,0,102
3125,2.0,2.0,0.0,66,0.7717076923076923,1,0,0,26
3126,2.0,2.0,0.0,80,0.7716346153846154,1,0,0,31
3127,2.0,2.0,0.0,80,0.7715615384615385,1,0,0,32
3128,2.0,2.0,0.0,83,0.7714884615384615,1,0,0,23
3129,2.0,2.0,0.0,54,0.7714153846153846,1,0,0,22
3130,2.0,2.0,0.0,69,0.7713423076923077,1,0,0,20
3131,2.0,2.0,0.0,43,0.7712692307692308,1,0,0,20
3132,2.0,2.0,0.0,44,0.7711961538461538,1,0,0,16
3133,1.0,1.0,0.0,333,0.7711230769230769,0,1,0,139
3134,0.0,0.0,0.0,171,0.77105,0,1,0,74
3135,1.0,1.0,0.0,82,0.7709769230769231,0,1,0,29
3136,2.0,2.0,0.0,177,0.7709038461538462,1,0,0,70
3137,2.0,2.0,0.0,67,0.7708307692307692,1,0,0,39
3138,2.0,2.0,0.0,39,0.7707576923076923,1,0,0,12
3139,2.0,2.0,0.0,44,0.7706846153846154,1,0,0,20
3140,0.0,0.0,0.0,42,0.7706115384615385,0,1,0,19
3141,2.0,2.0,0.0,72,0.7705384615384616,1,0,0,31
3142,1.0,1.0,0.0,63,0.7704653846153846,0,1,0,29
3143,2.0,2.0,0.0,94,0.7703923076923077,1,0,0,37
3144,0.0,0.0,0.0,226,0.7703192307692308,0,1,0,81
3145,2.0,2.0,0.0,324,0.7702461538461538,1,0,0,141
3146,0.0,0.0,0.0,34,0.7701730769230769,0,1,0,10
3147,2.0,2.0,0.0,103,0.7701,1,0,0,39
3148,2.0,2.0,0.0,39,0.7700269230769231,1,0,0,18
3149,2.0,2.0,0.0,275,0.7699538461538462,1,0,0,101
3150,2.0,2.0,0.0,71,0.7698807692307692,1,0,0,30
3151,2.0,2.0,0.0,161,0.7698076923076923,1,0,0,59
3152,2.0,2.0,0.0,34,0.7697346153846154,1,0,0,13
3153,0.0,0.0,0.0,142,0.7696615384615385,0,1,0,63
3154,0.0,0.0,0.0,61,0.7695884615384616,0,1,0,32
3155,1.0,1.0,0.0,34,0.7695153846153846,0,1,0,13
3156,2.0,2.0,0.0,47,0.7694423076923077,1,0,0,16
3157,2.0,2.0,0.0,121,0.7693692307692308,1,0,0,50
3158,1.0,1.0,0.0,95,0.7692961538461538,0,1,0,36
3159,2.0,2.0,0.0,134,0.7692230769230769,1,0,0,49
3160,2.0,2.0,0.0,67,0.76915,1,0,0,23
3161,0.0,0.0,0.0,42,0.7690769230769231,0,1,0,15
3162,2.0,2.0,0.0,82,0.7690038461538462,1,0,0,34
3163,1.0,1.0,0.0,189,0.7689307692307692,0,1,0,77
3164,0.0,0.0,0.0,106,0.7688576923076923,0,1,0,41
3165,2.0,2.0,0.0,32,0.7687846153846154,1,0,0,14
3166,1.0,1.0,0.0,100,0.7687115384615385,0,1,0,41
3167,2.0,2.0,0.0,35,0.7686384615384616,1,0,0,17
3168,2.0,2.0,0.0,58,0.7685653846153846,1,0,0,21
3169,2.0,2.0,0.0,93,0.7684923076923077,1,0,0,31
3170,1.0,1.0,0.0,103,0.7684192307692308,0,1,0,48
3171,2.0,2.0,0.0,58,0.7683461538461538,1,0,0,19
3172,2.0,2.0,0.0,71,0.7682730769230769,1,0,0,23
3173,2.0,2.0,0.0,53,0.7682,1,0,0,18
3174,2.0,2.0,0.0,113,0.7681269230769231,1,0,0,44
3175,2.0,2.0,0.0,65,0.7680538461538462,1,0,0,26
3176,0.0,0.0,0.0,39,0.7679807692307692,0,1,0,17
3177,2.0,2.0,0.0,157,0.7679076923076923,1,0,0,65
3178,2.0,2.0,0.0,58,0.7678346153846154,1,0,0,21
3179,1.0,1.0,0.0,150,0.7677615384615385,0,1,0,69
3180,2.0,2.0,0.0,101,0.7676884615384616,1,0,0,37
3181,2.0,2.0,0.0,53,0.7676153846153846,1,0,0,17
3182,2.0,2.0,0.0,49,0.7675423076923077,1,0,0,22
3183,2.0,2.0,0.0,114,0.7674692307692308,1,0,0,44
3184,2.0,2.0,0.0,67,0.7673961538461538,1,0,0,25
3185,2.0,2.0,0.0,38,0.767323076923077,1,0,0,16
3186,2.0,2.0,0.0,86,0.76725,1,0,0,38
3187,1.0,1.0,0.0,37,0.7671769230769231,0,1,0,18
3188,2.0,2.0,0.0,180,0.7671038461538462,1,0,0,64
3189,2.0,2.0,0.0,37,0.7670307692307692,1,0,0,16
3190,2.0,2.0,0.0,37,0.7669576923076923,1,0,0,11
3191,2.0,2.0,0.0,192,0.7668846153846154,1,0,0,66
3192,0.0,0.0,0.0,33,0.7668115384615385,0,1,0,12
3193,2.0,2.0,0.0,151,0.7667384615384616,1,0,0,55
3194,2.0,2.0,0.0,60,0.7666653846153846,1,0,0,27
3195,1.0,1.0,0.0,65,0.7665923076923077,0,1,0,24
3196,2.0,2.0,0.0,32,0.7665192307692308,1,0,0,10
3197,1.0,1.0,0.0,82,0.7664461538461539,0,1,0,31
3198,2.0,2.0,0.0,137,0.766373076923077,1,0,0,59
3199,2.0,2.0,0.0,54,0.7663,1,0,0,22
3200,2.0,2.0,0.0,148,0.7662269230769231,1,0,0,56
3201,2.0,2.0,0.0,60,0.7661538461538462,1,0,0,18
3202,2.0,2.0,0.0,32,0.7660807692307693,1,0,0,10
3203,1.0,1.0,0.0,97,0.7660076923076923,0,1,0,35
3204,0.0,0.0,0.0,62,0.7659346153846154,0,1,0,33
3205,2.0,2.0,0.0,58,0.7658615384615385,1,0,0,21
3206,2.0,2.0,0.0,50,0.7657884615384616,1,0,0,20
3207,2.0,2.0,0.0,59,0.7657153846153846,1,0,0,28
3208,1.0,1.0,0.0,141,0.7656423076923077,0,1,0,51
3209,2.0,2.0,0.0,75,0.7655692307692308,1,0,0,35
3210,2.0,2.0,0.0,305,0.7654961538461539,1,0,0,103
3211,2.0,2.0,0.0,73,0.765423076923077,1,0,0,29
3212,2.0,2.0,0.0,72,0.76535,1,0,0,25
3213,2.0,2.0,0.0,55,0.7652769230769231,1,0,0,22
3214,2.0,2.0,0.0,25,0.7652038461538462,1,0,0,7
3215,2.0,2.0,0.0,54,0.7651307692307693,1,0,0,17
3216,2.0,2.0,0.0,78,0.7650576923076924,1,0,0,26
3217,2.0,2.0,0.0,50,0.7649846153846154,1,0,0,23
3218,1.0,1.0,0.0,76,0.7649115384615385,0,1,0,29
3219,2.0,2.0,0.0,121,0.7648384615384616,1,0,0,54
3220,2.0,2.0,0.0,50,0.7647653846153846,1,0,0,17
3221,2.0,2.0,0.0,67,0.7646923076923077,1,0,0,19
3222,2.0,2.0,0.0,52,0.7646192307692308,1,0,0,22
3223,1.0,1.0,0.0,45,0.7645461538461539,0,1,0,18
3224,0.0,0.0,0.0,69,0.764473076923077,0,1,0,25
3225,2.0,2.0,0.0,77,0.7644,1,0,0,21
3226,2.0,2.0,0.0,47,0.7643269230769231,1,0,0,19
3227,2.0,2.0,0.0,56,0.7642538461538462,1,0,0,22
3228,2.0,2.0,0.0,47,0.7641807692307693,1,0,0,22
3229,2.0,2.0,0.0,208,0.7641076923076924,1,0,0,80
3230,1.0,1.0,0.0,73,0.7640346153846154,0,1,0,26
3231,2.0,2.0,0.0,54,0.7639615384615385,1,0,0,20
3232,1.0,1.0,0.0,62,0.7638884615384616,0,1,0,30
3233,2.0,2.0,0.0,41,0.7638153846153846,1,0,0,15
3234,0.0,0.0,0.0,12,0.7637423076923078,0,1,0,8
3235,0.0,0.0,0.0,49,0.7636692307692308,0,1,0,19
3236,2.0,2.0,0.0,150,0.7635961538461539,1,0,0,64
3237,2.0,2.0,0.0,113,0.763523076923077,1,0,0,37
3238,2.0,2.0,0.0,30,0.76345,1,0,0,9
3239,2.0,2.0,0.0,71,0.7633769230769231,1,0,0,27
3240,2.0,2.0,0.0,136,0.7633038461538462,1,0,0,57
3241,0.0,0.0,0.0,116,0.7632307692307693,0,1,0,51
3242,2.0,2.0,0.0,32,0.7631576923076924,1,0,0,11
3243,2.0,2.0,0.0,45,0.7630846153846154,1,0,0,19
3244,2.0,2.0,0.0,38,0.7630115384615385,1,0,0,7
3245,1.0,1.0,0.0,55,0.7629384615384616,0,1,0,19
3246,2.0,2.0,0.0,46,0.7628653846153846,1,0,0,18
3247,2.0,2.0,0.0,72,0.7627923076923078,1,0,0,32
3248,2.0,2.0,0.0,24,0.7627192307692308,1,0,0,6
3249,0.0,0.0,0.0,120,0.7626461538461539,0,1,0,50
3250,1.0,1.0,0.0,130,0.762573076923077,0,1,0,56
3251,2.0,2.0,0.0,40,0.7625,1,0,0,13
3252,1.0,1.0,0.0,150,0.7624269230769231,0,1,0,63
3253,2.0,2.0,0.0,56,0.7623538461538462,1,0,0,16
3254,2.0,2.0,0.0,114,0.7622807692307692,1,0,0,47
3255,2.0,2.0,0.0,60,0.7622076923076924,1,0,0,24
3256,2.0,2.0,0.0,56,0.7621346153846154,1,0,0,19
3257,0.0,0.0,0.0,39,0.7620615384615385,0,1,0,17
3258,2.0,2.0,0.0,323,0.7619884615384616,1,0,0,139
3259,2.0,2.0,0.0,51,0.7619153846153845,1,0,0,25
3260,1.0,1.0,0.0,210,0.7618423076923077,0,1,0,84
3261,1.0,1.0,0.0,350,0.7617692307692308,0,0,1,140
3262,0.0,0.0,0.0,219,0.7616961538461539,0,1,0,85
3263,0.0,0.0,0.0,82,0.761623076923077,0,1,0,34
3264,2.0,2.0,0.0,68,0.76155,1,0,0,31
3265,0.0,0.0,0.0,72,0.761476923076923,0,1,0,31
3266,2.0,2.0,0.0,37,0.7614038461538462,1,0,0,17
3267,2.0,2.0,0.0,69,0.7613307692307693,1,0,0,31
3268,2.0,2.0,0.0,40,0.7612576923076924,1,0,0,15
3269,0.0,0.0,0.0,15,0.7611846153846153,0,1,0,10
3270,2.0,2.0,0.0,69,0.7611115384615385,1,0,0,24
3271,2.0,2.0,0.0,49,0.7610384615384616,1,0,0,22
3272,2.0,2.0,0.0,109,0.7609653846153847,1,0,0,39
3273,0.0,0.0,0.0,62,0.7608923076923076,0,1,0,32
3274,2.0,2.0,0.0,74,0.7608192307692307,1,0,0,33
3275,2.0,2.0,0.0,50,0.7607461538461538,1,0,0,18
3276,0.0,0.0,0.0,102,0.760673076923077,0,1,0,58
3277,2.0,2.0,0.0,59,0.7605999999999999,1,0,0,22
3278,2.0,2.0,0.0,68,0.760526923076923,1,0,0,35
3279,2.0,2.0,0.0,49,0.7604538461538461,1,0,0,19
3280,1.0,1.0,0.0,88,0.7603807692307692,0,1,0,38
3281,2.0,2.0,0.0,106,0.7603076923076924,1,0,0,45
3282,2.0,2.0,0.0,28,0.7602346153846153,1,0,0,11
3283,1.0,1.0,0.0,99,0.7601615384615384,0,1,0,39
3284,2.0,2.0,0.0,27,0.7600884615384615,1,0,0,7
3285,2.0,2.0,0.0,61,0.7600153846153846,1,0,0,18
3286,2.0,2.0,0.0,44,0.7599423076923078,1,0,0,22
3287,2.0,2.0,0.0,145,0.7598692307692307,1,0,0,61
3288,2.0,2.0,0.0,74,0.7597961538461538,1,0,0,38
3289,1.0,1.0,0.0,65,0.759723076923077,0,1,0,33
3290,2.0,2.0,0.0,92,0.75965,1,0,0,35
3291,2.0,2.0,0.0,69,0.759576923076923,1,0,0,20
3292,2.0,2.0,0.0,110,0.7595038461538461,1,0,0,41
3293,2.0,2.0,0.0,42,0.7594307692307692,1,0,0,13
3294,2.0,2.0,0.0,55,0.7593576923076923,1,0,0,26
3295,0.0,0.0,0.0,92,0.7592846153846154,0,1,0,35
3296,2.0,2.0,0.0,68,0.7592115384615384,1,0,0,31
3297,0.0,0.0,0.0,134,0.7591384615384615,0,1,0,58
3298,2.0,2.0,0.0,49,0.7590653846153846,1,0,0,18
3299,2.0,2.0,0.0,32,0.7589923076923077,1,0,0,16
3300,2.0,2.0,0.0,73,0.7589192307692307,1,0,0,34
3301,2.0,2.0,0.0,72,0.7588461538461538,1,0,0,28
3302,2.0,2.0,0.0,69,0.7587730769230769,1,0,0,22
3303,2.0,2.0,0.0,50,0.7587,1,0,0,16
3304,2.0,2.0,0.0,33,0.7586269230769231,1,0,0,16
3305,2.0,2.0,0.0,139,0.7585538461538461,1,0,0,50
3306,0.0,0.0,0.0,54,0.7584807692307692,0,1,0,23
3307,0.0,0.0,0.0,106,0.7584076923076923,0,1,0,41
3308,0.0,0.0,0.0,67,0.7583346153846154,0,1,0,29
3309,2.0,2.0,0.0,75,0.7582615384615385,1,0,0,33
3310,2.0,2.0,0.0,45,0.7581884615384615,1,0,0,14
3311,2.0,2.0,0.0,51,0.7581153846153846,1,0,0,22
3312,2.0,2.0,0.0,35,0.7580423076923077,1,0,0,18
3313,2.0,2.0,0.0,72,0.7579692307692308,1,0,0,19
3314,2.0,2.0,0.0,47,0.7578961538461538,1,0,0,13
3315,2.0,2.0,0.0,37,0.7578230769230769,1,0,0,9
3316,2.0,2.0,0.0,37,0.75775,1,0,0,15
3317,2.0,2.0,0.0,29,0.7576769230769231,1,0,0,9
3318,2.0,2.0,0.0,30,0.7576038461538461,1,0,0,9
3319,2.0,2.0,0.0,65,0.7575307692307692,1,0,0,30
3320,2.0,2.0,0.0,92,0.7574576923076923,1,0,0,35
3321,0.0,0.0,0.0,134,0.7573846153846154,0,1,0,49
3322,2.0,2.0,0.0,36,0.7573115384615385,1,0,0,15
3323,0.0,0.0,0.0,54,0.7572384615384615,0,1,0,22
3324,2.0,2.0,0.0,40,0.7571653846153846,1,0,0,16
3325,2.0,2.0,0.0,36,0.7570923076923077,1,0,0,9
3326,2.0,2.0,0.0,49,0.7570192307692308,1,0,0,22
3327,2.0,2.0,0.0,38,0.7569461538461539,1,0,0,14
3328,2.0,2.0,0.0,125,0.7568730769230769,1,0,0,47
3329,2.0,2.0,0.0,98,0.7568,1,0,0,41
3330,2.0,2.0,0.0,118,0.7567269230769231,1,0,0,46
3331,0.0,0.0,0.0,30,0.7566538461538461,0,1,0,10
3332,2.0,2.0,0.0,55,0.7565807692307693,1,0,0,18
3333,2.0,2.0,0.0,60,0.7565076923076923,1,0,0,28
3334,2.0,2.0,0.0,31,0.7564346153846154,1,0,0,13
3335,2.0,2.0,0.0,70,0.7563615384615385,1,0,0,31
3336,2.0,2.0,0.0,37,0.7562884615384615,1,0,0,17
3337,0.0,0.0,0.0,84,0.7562153846153846,0,1,0,40
3338,0.0,0.0,0.0,92,0.7561423076923077,0,1,0,33
3339,2.0,2.0,0.0,36,0.7560692307692308,1,0,0,13
3340,2.0,2.0,0.0,78,0.7559961538461539,1,0,0,39
3341,0.0,0.0,0.0,212,0.7559230769230769,0,1,0,92
3342,0.0,0.0,0.0,31,0.75585,0,1,0,10
3343,2.0,2.0,0.0,115,0.7557769230769231,1,0,0,50
3344,2.0,2.0,0.0,43,0.7557038461538461,1,0,0,22
3345,2.0,2.0,0.0,72,0.7556307692307693,1,0,0,26
3346,2.0,2.0,0.0,40,0.7555576923076923,1,0,0,19
3347,2.0,2.0,0.0,85,0.7554846153846154,1,0,0,36
3348,2.0,2.0,0.0,65,0.7554115384615385,1,0,0,31
3349,2.0,2.0,0.0,103,0.7553384615384615,1,0,0,45
3350,2.0,2.0,0.0,52,0.7552653846153846,1,0,0,16
3351,2.0,2.0,0.0,92,0.7551923076923077,1,0,0,33
3352,0.0,0.0,0.0,39,0.7551192307692308,0,1,0,14
3353,2.0,2.0,0.0,79,0.7550461538461539,1,0,0,27
3354,2.0,2.0,0.0,58,0.7549730769230769,1,0,0,22
3355,1.0,1.0,0.0,98,0.7549,0,1,0,38
3356,2.0,2.0,0.0,63,0.7548269230769231,1,0,0,22
3357,1.0,1.0,0.0,139,0.7547538461538461,0,1,0,60
3358,0.0,0.0,0.0,51,0.7546807692307693,0,1,0,24
3359,2.0,2.0,0.0,49,0.7546076923076923,1,0,0,21
3360,0.0,0.0,0.0,55,0.7545346153846154,0,1,0,29
3361,0.0,0.0,0.0,45,0.7544615384615385,0,1,0,18
3362,2.0,2.0,0.0,121,0.7543884615384615,1,0,0,40
3363,2.0,2.0,0.0,73,0.7543153846153846,1,0,0,24
3364,2.0,2.0,0.0,38,0.7542423076923077,1,0,0,7
3365,1.0,1.0,0.0,112,0.7541692307692308,0,1,0,42
3366,2.0,2.0,0.0,47,0.7540961538461539,1,0,0,15
3367,2.0,2.0,0.0,128,0.7540230769230769,1,0,0,52
3368,2.0,2.0,0.0,129,0.75395,1,0,0,51
3369,2.0,2.0,0.0,122,0.7538769230769231,1,0,0,56
3370,2.0,2.0,0.0,73,0.7538038461538461,1,0,0,26
3371,1.0,1.0,0.0,94,0.7537307692307693,0,1,0,35
3372,2.0,2.0,0.0,59,0.7536576923076923,1,0,0,26
3373,2.0,2.0,0.0,71,0.7535846153846154,1,0,0,25
3374,2.0,2.0,0.0,92,0.7535115384615385,1,0,0,28
3375,0.0,0.0,0.0,54,0.7534384615384615,0,1,0,21
3376,1.0,1.0,0.0,78,0.7533653846153846,0,1,0,41
3377,2.0,2.0,0.0,33,0.7532923076923077,1,0,0,12
3378,2.0,2.0,0.0,95,0.7532192307692308,1,0,0,44
3379,2.0,2.0,0.0,45,0.7531461538461539,1,0,0,20
3380,2.0,2.0,0.0,111,0.7530730769230769,1,0,0,40
3381,2.0,2.0,0.0,67,0.753,1,0,0,23
3382,2.0,2.0,0.0,53,0.7529269230769231,1,0,0,24
3383,1.0,1.0,0.0,69,0.7528538461538461,0,1,0,30
3384,2.0,2.0,0.0,42,0.7527807692307693,1,0,0,15
3385,2.0,2.0,0.0,160,0.7527076923076923,1,0,0,66
3386,0.0,0.0,0.0,90,0.7526346153846154,0,1,0,40
3387,2.0,2.0,0.0,140,0.7525615384615385,1,0,0,60
3388,2.0,2.0,0.0,54,0.7524884615384615,1,0,0,21
3389,0.0,0.0,0.0,55,0.7524153846153846,0,1,0,25
3390,2.0,2.0,0.0,80,0.7523423076923077,1,0,0,27
3391,2.0,2.0,0.0,47,0.7522692307692308,1,0,0,17
3392,2.0,2.0,0.0,23,0.7521961538461539,1,0,0,10
3393,2.0,2.0,0.0,48,0.7521230769230769,1,0,0,22
3394,2.0,2.0,0.0,118,0.75205,1,0,0,52
3395,2.0,2.0,0.0,246,0.7519769230769231,1,0,0,102
3396,2.0,2.0,0.0,77,0.7519038461538461,1,0,0,24
3397,2.0,2.0,0.0,49,0.7518307692307693,1,0,0,23
3398,2.0,2.0,0.0,43,0.7517576923076923,1,0,0,15
3399,2.0,2.0,0.0,60,0.7516846153846154,1,0,0,15
3400,2.0,2.0,0.0,45,0.7516115384615385,1,0,0,17
3401,2.0,2.0,0.0,71,0.7515384615384615,1,0,0,36
3402,1.0,1.0,0.0,60,0.7514653846153846,0,1,0,18
3403,2.0,2.0,0.0,43,0.7513923076923077,1,0,0,17
3404,0.0,0.0,0.0,45,0.7513192307692308,0,1,0,23
3405,2.0,2.0,0.0,54,0.7512461538461539,1,0,0,31
3406,2.0,2.0,0.0,75,0.7511730769230769,1,0,0,30
3407,2.0,2.0,0.0,71,0.7511,1,0,0,21
3408,2.0,2.0,0.0,89,0.7510269230769231,1,0,0,35
3409,2.0,2.0,0.0,46,0.7509538461538462,1,0,0,18
3410,2.0,2.0,0.0,67,0.7508807692307693,1,0,0,25
3411,2.0,2.0,0.0,66,0.7508076923076923,1,0,0,27
3412,2.0,2.0,0.0,85,0.7507346153846154,1,0,0,30
3413,2.0,2.0,0.0,76,0.7506615384615385,1,0,0,28
3414,2.0,2.0,0.0,52,0.7505884615384615,1,0,0,16
3415,2.0,2.0,0.0,33,0.7505153846153846,1,0,0,12
3416,2.0,2.0,0.0,54,0.7504423076923077,1,0,0,18
3417,2.0,2.0,0.0,67,0.7503692307692308,1,0,0,25
3418,2.0,2.0,0.0,33,0.7502961538461539,1,0,0,15
3419,2.0,2.0,0.0,44,0.7502230769230769,1,0,0,14
3420,1.0,1.0,0.0,63,0.75015,0,1,0,23
3421,2.0,2.0,0.0,70,0.7500769230769231,1,0,0,27
3422,2.0,2.0,0.0,39,0.7500038461538462,1,0,0,12
3423,2.0,2.0,0.0,30,0.7499307692307693,1,0,0,10
3424,2.0,2.0,0.0,68,0.7498576923076923,1,0,0,27
3425,2.0,2.0,0.0,132,0.7497846153846154,1,0,0,50
3426,2.0,2.0,0.0,67,0.7497115384615385,1,0,0,23
3427,2.0,2.0,0.0,86,0.7496384615384615,1,0,0,33
3428,2.0,2.0,0.0,17,0.7495653846153846,1,0,0,7
3429,2.0,2.0,0.0,70,0.7494923076923077,1,0,0,26
3430,2.0,2.0,0.0,69,0.7494192307692308,1,0,0,25
3431,2.0,2.0,0.0,32,0.7493461538461539,1,0,0,11
3432,2.0,2.0,0.0,62,0.7492730769230769,1,0,0,22
3433,1.0,1.0,0.0,109,0.7492,0,1,0,47
3434,2.0,2.0,0.0,39,0.7491269230769231,1,0,0,19
3435,2.0,2.0,0.0,31,0.7490538461538462,1,0,0,12
3436,1.0,1.0,0.0,41,0.7489807692307693,0,1,0,17
3437,2.0,2.0,0.0,70,0.7489076923076923,1,0,0,28
3438,2.0,2.0,0.0,35,0.7488346153846154,1,0,0,16
3439,2.0,2.0,0.0,200,0.7487615384615385,1,0,0,79
3440,1.0,1.0,0.0,66,0.7486884615384615,0,1,0,23
3441,1.0,1.0,0.0,87,0.7486153846153847,0,1,0,36
3442,2.0,2.0,0.0,52,0.7485423076923077,1,0,0,16
3443,2.0,2.0,0.0,61,0.7484692307692308,1,0,0,27
3444,2.0,2.0,0.0,39,0.7483961538461539,1,0,0,14
3445,2.0,2.0,0.0,57,0.7483230769230769,1,0,0,29
3446,2.0,2.0,0.0,49,0.7482500000000001,1,0,0,20
3447,1.0,1.0,0.0,57,0.7481769230769231,0,1,0,14
3448,0.0,0.0,0.0,198,0.7481038461538462,0,1,0,81
3449,2.0,2.0,0.0,59,0.7480307692307693,1,0,0,30
3450,1.0,1.0,0.0,72,0.7479576923076923,0,1,0,30
3451,1.0,1.0,0.0,91,0.7478846153846154,0,1,0,38
3452,1.0,1.0,0.0,90,0.7478115384615385,0,1,0,37
3453,2.0,2.0,0.0,88,0.7477384615384615,1,0,0,34
3454,2.0,2.0,0.0,45,0.7476653846153847,1,0,0,13
3455,2.0,2.0,0.0,72,0.7475923076923077,1,0,0,39
3456,2.0,2.0,0.0,115,0.7475192307692308,1,0,0,40
3457,2.0,2.0,0.0,67,0.7474461538461539,1,0,0,27
3458,2.0,2.0,0.0,107,0.7473730769230769,1,0,0,39
3459,2.0,2.0,0.0,41,0.7473000000000001,1,0,0,11
3460,2.0,2.0,0.0,80,0.7472269230769231,1,0,0,40
3461,2.0,2.0,0.0,84,0.7471538461538462,1,0,0,35
3462,0.0,0.0,0.0,118,0.7470807692307693,0,1,0,54
3463,2.0,2.0,0.0,58,0.7470076923076923,1,0,0,20
3464,2.0,2.0,0.0,48,0.7469346153846155,1,0,0,21
3465,2.0,2.0,0.0,103,0.7468615384615385,1,0,0,41
3466,1.0,1.0,0.0,320,0.7467884615384615,0,1,0,129
3467,2.0,2.0,0.0,26,0.7467153846153847,1,0,0,10
3468,0.0,0.0,0.0,83,0.7466423076923077,0,1,0,31
3469,2.0,2.0,0.0,53,0.7465692307692309,1,0,0,24
3470,0.0,0.0,0.0,53,0.7464961538461539,0,1,0,22
3471,2.0,2.0,0.0,27,0.7464230769230769,1,0,0,9
3472,2.0,2.0,0.0,33,0.7463500000000001,1,0,0,13
3473,2.0,2.0,0.0,77,0.7462769230769231,1,0,0,28
3474,2.0,2.0,0.0,39,0.7462038461538462,1,0,0,12
3475,0.0,0.0,0.0,126,0.7461307692307693,0,1,0,51
3476,2.0,2.0,0.0,61,0.7460576923076923,1,0,0,22
3477,2.0,2.0,0.0,44,0.7459846153846155,1,0,0,17
3478,2.0,2.0,0.0,67,0.7459115384615385,1,0,0,24
3479,0.0,0.0,0.0,53,0.7458384615384615,0,1,0,23
3480,2.0,2.0,0.0,66,0.7457653846153847,1,0,0,23
3481,2.0,2.0,0.0,72,0.7456923076923077,1,0,0,30
3482,2.0,2.0,0.0,58,0.7456192307692309,1,0,0,21
3483,0.0,0.0,0.0,58,0.7455461538461539,0,1,0,19
3484,0.0,0.0,0.0,41,0.7454730769230768,0,1,0,17
3485,2.0,2.0,0.0,57,0.7454000000000001,1,0,0,25
3486,0.0,0.0,0.0,74,0.745326923076923,0,1,0,29
3487,2.0,2.0,0.0,35,0.7452538461538463,1,0,0,18
3488,2.0,2.0,0.0,52,0.7451807692307693,1,0,0,23
3489,2.0,2.0,0.0,37,0.7451076923076922,1,0,0,10
3490,2.0,2.0,0.0,77,0.7450346153846155,1,0,0,30
3491,0.0,0.0,0.0,45,0.7449615384615385,0,1,0,16
3492,2.0,2.0,0.0,54,0.7448884615384616,1,0,0,18
3493,2.0,2.0,0.0,57,0.7448153846153847,1,0,0,16
3494,0.0,0.0,0.0,79,0.7447423076923076,0,1,0,36
3495,2.0,2.0,0.0,112,0.7446692307692309,1,0,0,47
3496,2.0,2.0,0.0,86,0.7445961538461539,1,0,0,31
3497,2.0,2.0,0.0,65,0.744523076923077,1,0,0,28
3498,2.0,2.0,0.0,26,0.7444500000000001,1,0,0,10
3499,2.0,2.0,0.0,265,0.744376923076923,1,0,0,102
3500,2.0,2.0,0.0,37,0.7443038461538463,1,0,0,21
3501,2.0,2.0,0.0,30,0.7442307692307693,1,0,0,14
3502,2.0,2.0,0.0,63,0.7441576923076922,1,0,0,26
3503,2.0,2.0,0.0,118,0.7440846153846155,1,0,0,56
3504,2.0,2.0,0.0,38,0.7440115384615384,1,0,0,21
3505,0.0,0.0,0.0,76,0.7439384615384615,0,1,0,38
3506,2.0,2.0,0.0,32,0.7438653846153847,1,0,0,23
3507,2.0,2.0,0.0,57,0.7437923076923076,1,0,0,19
3508,2.0,2.0,0.0,61,0.7437192307692309,1,0,0,20
3509,2.0,2.0,0.0,63,0.7436461538461538,1,0,0,28
3510,2.0,2.0,0.0,76,0.743573076923077,1,0,0,21
3511,1.0,1.0,0.0,49,0.7435,0,1,0,19
3512,0.0,0.0,0.0,33,0.743426923076923,0,1,0,15
3513,0.0,0.0,0.0,33,0.7433538461538463,0,1,0,11
3514,2.0,2.0,0.0,64,0.7432807692307692,1,0,0,28
3515,1.0,1.0,0.0,111,0.7432076923076923,0,1,0,43
3516,2.0,2.0,0.0,34,0.7431346153846154,1,0,0,14
3517,2.0,2.0,0.0,126,0.7430615384615384,1,0,0,60
3518,0.0,0.0,0.0,57,0.7429884615384615,0,1,0,24
3519,2.0,2.0,0.0,40,0.7429153846153846,1,0,0,18
3520,2.0,2.0,0.0,56,0.7428423076923077,1,0,0,14
3521,2.0,2.0,0.0,98,0.7427692307692308,1,0,0,35
3522,0.0,0.0,0.0,124,0.7426961538461538,0,1,0,54
3523,2.0,2.0,0.0,49,0.7426230769230769,1,0,0,15
3524,2.0,2.0,0.0,35,0.74255,1,0,0,12
3525,1.0,1.0,0.0,133,0.742476923076923,0,1,0,55
3526,2.0,2.0,0.0,43,0.7424038461538462,1,0,0,18
3527,2.0,2.0,0.0,70,0.7423307692307692,1,0,0,32
3528,2.0,2.0,0.0,41,0.7422576923076923,1,0,0,16
3529,2.0,2.0,0.0,107,0.7421846153846154,1,0,0,45
3530,0.0,0.0,0.0,258,0.7421115384615384,0,1,0,101
3531,1.0,1.0,0.0,121,0.7420384615384615,0,1,0,53
3532,2.0,2.0,0.0,61,0.7419653846153846,1,0,0,23
3533,0.0,0.0,0.0,41,0.7418923076923077,0,1,0,19
3534,0.0,0.0,0.0,162,0.7418192307692308,0,1,0,61
3535,2.0,2.0,0.0,71,0.7417461538461538,1,0,0,25
3536,2.0,2.0,0.0,46,0.7416730769230769,1,0,0,21
3537,2.0,2.0,0.0,65,0.7416,1,0,0,27
3538,2.0,2.0,0.0,39,0.7415269230769231,1,0,0,12
3539,2.0,2.0,0.0,30,0.7414538461538462,1,0,0,10
3540,2.0,2.0,0.0,55,0.7413807692307692,1,0,0,23
3541,2.0,2.0,0.0,39,0.7413076923076923,1,0,0,13
3542,2.0,2.0,0.0,51,0.7412346153846154,1,0,0,14
3543,0.0,0.0,0.0,31,0.7411615384615384,0,1,0,14
3544,2.0,2.0,0.0,30,0.7410884615384615,1,0,0,13
3545,2.0,2.0,0.0,42,0.7410153846153846,1,0,0,13
3546,2.0,2.0,0.0,55,0.7409423076923077,1,0,0,13
3547,0.0,0.0,0.0,49,0.7408692307692308,0,1,0,21
3548,2.0,2.0,0.0,54,0.7407961538461538,1,0,0,14
3549,2.0,2.0,0.0,41,0.7407230769230769,1,0,0,17
3550,2.0,2.0,0.0,67,0.74065,1,0,0,27
3551,2.0,2.0,0.0,28,0.7405769230769231,1,0,0,12
3552,0.0,0.0,0.0,54,0.7405038461538462,0,1,0,19
3553,2.0,2.0,0.0,27,0.7404307692307692,1,0,0,10
3554,2.0,2.0,0.0,51,0.7403576923076923,1,0,0,21
3555,0.0,0.0,0.0,28,0.7402846153846154,0,1,0,15
3556,2.0,2.0,0.0,29,0.7402115384615384,1,0,0,9
3557,2.0,2.0,0.0,35,0.7401384615384615,1,0,0,18
3558,2.0,2.0,0.0,53,0.7400653846153846,1,0,0,17
3559,2.0,2.0,0.0,26,0.7399923076923077,1,0,0,6
3560,2.0,2.0,0.0,37,0.7399192307692308,1,0,0,10
3561,0.0,0.0,0.0,48,0.7398461538461538,0,1,0,18
3562,2.0,2.0,0.0,122,0.7397730769230769,1,0,0,42
3563,1.0,1.0,0.0,131,0.7397,0,1,0,50
3564,1.0,1.0,0.0,237,0.7396269230769231,0,1,0,93
3565,2.0,2.0,0.0,42,0.7395538461538462,1,0,0,11
3566,2.0,2.0,0.0,32,0.7394807692307692,1,0,0,6
3567,2.0,2.0,0.0,33,0.7394076923076923,1,0,0,10
3568,1.0,1.0,0.0,75,0.7393346153846154,0,1,0,32
3569,1.0,1.0,0.0,83,0.7392615384615384,0,1,0,33
3570,2.0,2.0,0.0,186,0.7391884615384615,1,0,0,83
3571,0.0,0.0,0.0,59,0.7391153846153846,0,1,0,22
3572,2.0,2.0,0.0,31,0.7390423076923077,1,0,0,7
3573,2.0,2.0,0.0,55,0.7389692307692308,1,0,0,29
3574,2.0,2.0,0.0,35,0.7388961538461538,1,0,0,16
3575,2.0,2.0,0.0,48,0.7388230769230769,1,0,0,22
3576,2.0,2.0,0.0,67,0.73875,1,0,0,37
3577,2.0,2.0,0.0,69,0.7386769230769231,1,0,0,19
3578,2.0,2.0,0.0,73,0.7386038461538462,1,0,0,34
3579,2.0,2.0,0.0,69,0.7385307692307692,1,0,0,32
3580,2.0,2.0,0.0,47,0.7384576923076923,1,0,0,21
3581,2.0,2.0,0.0,47,0.7383846153846154,1,0,0,19
3582,2.0,2.0,0.0,24,0.7383115384615384,1,0,0,9
3583,0.0,0.0,0.0,100,0.7382384615384615,0,1,0,42
3584,2.0,2.0,0.0,66,0.7381653846153846,1,0,0,24
3585,2.0,2.0,0.0,47,0.7380923076923077,1,0,0,15
3586,2.0,2.0,0.0,51,0.7380192307692308,1,0,0,20
3587,2.0,2.0,0.0,28,0.7379461538461538,1,0,0,10
3588,1.0,1.0,0.0,350,0.7378730769230769,0,0,1,132
3589,2.0,2.0,0.0,134,0.7378,1,0,0,59
3590,2.0,2.0,0.0,31,0.7377269230769231,1,0,0,16
3591,2.0,2.0,0.0,162,0.7376538461538462,1,0,0,63
3592,2.0,2.0,0.0,67,0.7375807692307692,1,0,0,26
3593,2.0,2.0,0.0,155,0.7375076923076923,1,0,0,58
3594,2.0,2.0,0.0,28,0.7374346153846154,1,0,0,11
3595,2.0,2.0,0.0,94,0.7373615384615384,1,0,0,36
3596,0.0,0.0,0.0,54,0.7372884615384616,0,1,0,25
3597,2.0,2.0,0.0,41,0.7372153846153846,1,0,0,22
3598,2.0,2.0,0.0,190,0.7371423076923077,1,0,0,67
3599,2.0,2.0,0.0,35,0.7370692307692308,1,0,0,14
3600,0.0,0.0,0.0,49,0.7369961538461538,0,1,0,25
3601,2.0,2.0,0.0,33,0.7369230769230769,1,0,0,9
3602,2.0,2.0,0.0,39,0.73685,1,0,0,12
3603,2.0,2.0,0.0,110,0.7367769230769231,1,0,0,33
3604,0.0,0.0,0.0,96,0.7367038461538462,0,1,0,29
3605,0.0,0.0,0.0,94,0.7366307692307692,0,1,0,33
3606,2.0,2.0,0.0,48,0.7365576923076923,1,0,0,26
3607,2.0,2.0,0.0,33,0.7364846153846154,1,0,0,12
3608,0.0,0.0,0.0,59,0.7364115384615384,0,1,0,25
3609,2.0,2.0,0.0,39,0.7363384615384616,1,0,0,12
3610,2.0,2.0,0.0,38,0.7362653846153846,1,0,0,16
3611,2.0,2.0,0.0,40,0.7361923076923077,1,0,0,14
3612,2.0,2.0,0.0,61,0.7361192307692308,1,0,0,26
3613,2.0,2.0,0.0,43,0.7360461538461538,1,0,0,13
3614,2.0,2.0,0.0,130,0.7359730769230769,1,0,0,53
3615,2.0,2.0,0.0,50,0.7359,1,0,0,18
3616,0.0,0.0,0.0,47,0.7358269230769231,0,1,0,15
3617,1.0,1.0,0.0,73,0.7357538461538462,0,1,0,24
3618,2.0,2.0,0.0,69,0.7356807692307692,1,0,0,25
3619,2.0,2.0,0.0,57,0.7356076923076923,1,0,0,23
3620,2.0,2.0,0.0,30,0.7355346153846154,1,0,0,12
3621,2.0,2.0,0.0,60,0.7354615384615384,1,0,0,28
3622,2.0,2.0,0.0,56,0.7353884615384616,1,0,0,24
3623,2.0,2.0,0.0,86,0.7353153846153846,1,0,0,29
3624,2.0,2.0,0.0,69,0.7352423076923077,1,0,0,20
3625,2.0,2.0,0.0,45,0.7351692307692308,1,0,0,14
3626,0.0,0.0,0.0,83,0.7350961538461538,0,1,0,39
3627,2.0,2.0,0.0,40,0.735023076923077,1,0,0,15
3628,2.0,2.0,0.0,60,0.73495,1,0,0,20
3629,2.0,2.0,0.0,56,0.7348769230769231,1,0,0,26
3630,2.0,2.0,0.0,59,0.7348038461538462,1,0,0,27
3631,2.0,2.0,0.0,72,0.7347307692307692,1,0,0,22
3632,2.0,2.0,0.0,85,0.7346576923076923,1,0,0,32
3633,2.0,2.0,0.0,60,0.7345846153846154,1,0,0,19
3634,2.0,2.0,0.0,67,0.7345115384615384,1,0,0,22
3635,1.0,1.0,0.0,146,0.7344384615384616,0,1,0,61
3636,2.0,2.0,0.0,52,0.7343653846153846,1,0,0,17
3637,2.0,2.0,0.0,37,0.7342923076923077,1,0,0,15
3638,2.0,2.0,0.0,53,0.7342192307692308,1,0,0,21
3639,2.0,2.0,0.0,120,0.7341461538461538,1,0,0,45
3640,2.0,2.0,0.0,47,0.734073076923077,1,0,0,17
3641,2.0,2.0,0.0,49,0.734,1,0,0,22
3642,2.0,2.0,0.0,38,0.7339269230769231,1,0,0,16
3643,0.0,0.0,0.0,33,0.7338538461538462,0,1,0,16
3644,2.0,2.0,0.0,101,0.7337807692307692,1,0,0,37
3645,2.0,2.0,0.0,44,0.7337076923076924,1,0,0,17
3646,2.0,2.0,0.0,33,0.7336346153846154,1,0,0,18
3647,2.0,2.0,0.0,23,0.7335615384615384,1,0,0,8
3648,2.0,2.0,0.0,63,0.7334884615384616,1,0,0,24
3649,2.0,2.0,0.0,42,0.7334153846153846,1,0,0,17
3650,2.0,2.0,0.0,49,0.7333423076923078,1,0,0,20
3651,2.0,2.0,0.0,46,0.7332692307692308,1,0,0,23
3652,2.0,2.0,0.0,73,0.7331961538461538,1,0,0,39
3653,2.0,2.0,0.0,135,0.733123076923077,1,0,0,58
3654,2.0,2.0,0.0,40,0.73305,1,0,0,16
3655,2.0,2.0,0.0,57,0.7329769230769231,1,0,0,13
3656,2.0,2.0,0.0,135,0.7329038461538462,1,0,0,50
3657,2.0,2.0,0.0,58,0.7328307692307692,1,0,0,16
3658,2.0,2.0,0.0,70,0.7327576923076924,1,0,0,28
3659,2.0,2.0,0.0,47,0.7326846153846154,1,0,0,23
3660,2.0,2.0,0.0,40,0.7326115384615384,1,0,0,16
3661,2.0,2.0,0.0,32,0.7325384615384616,1,0,0,14
3662,0.0,0.0,0.0,79,0.7324653846153846,0,1,0,23
3663,2.0,2.0,0.0,46,0.7323923076923078,1,0,0,18
3664,2.0,2.0,0.0,56,0.7323192307692308,1,0,0,24
3665,2.0,2.0,0.0,52,0.7322461538461538,1,0,0,18
3666,2.0,2.0,0.0,53,0.732173076923077,1,0,0,19
3667,2.0,2.0,0.0,29,0.7321,1,0,0,10
3668,2.0,2.0,0.0,42,0.7320269230769232,1,0,0,17
3669,1.0,1.0,0.0,319,0.7319538461538462,0,1,0,119
3670,2.0,2.0,0.0,94,0.7318807692307692,1,0,0,33
3671,2.0,2.0,0.0,47,0.7318076923076924,1,0,0,18
3672,2.0,2.0,0.0,45,0.7317346153846154,1,0,0,14
3673,1.0,1.0,0.0,90,0.7316615384615385,0,1,0,35
3674,0.0,0.0,0.0,53,0.7315884615384616,0,1,0,24
3675,2.0,2.0,0.0,176,0.7315153846153846,1,0,0,68
3676,2.0,2.0,0.0,35,0.7314423076923078,1,0,0,14
3677,2.0,2.0,0.0,37,0.7313692307692308,1,0,0,20
3678,2.0,2.0,0.0,15,0.7312961538461539,1,0,0,6
3679,0.0,0.0,0.0,28,0.731223076923077,0,1,0,12
3680,2.0,2.0,0.0,54,0.73115,1,0,0,24
3681,2.0,2.0,0.0,45,0.7310769230769232,1,0,0,20
3682,2.0,2.0,0.0,68,0.7310038461538462,1,0,0,33
3683,2.0,2.0,0.0,42,0.7309307692307692,1,0,0,17
3684,2.0,2.0,0.0,47,0.7308576923076924,1,0,0,17
3685,2.0,2.0,0.0,26,0.7307846153846154,1,0,0,8
3686,2.0,2.0,0.0,48,0.7307115384615385,1,0,0,15
3687,2.0,2.0,0.0,77,0.7306384615384616,1,0,0,28
3688,2.0,2.0,0.0,117,0.7305653846153846,1,0,0,55
3689,2.0,2.0,0.0,36,0.7304923076923078,1,0,0,10
3690,2.0,2.0,0.0,47,0.7304192307692308,1,0,0,19
3691,2.0,2.0,0.0,110,0.7303461538461539,1,0,0,48
3692,2.0,2.0,0.0,40,0.730273076923077,1,0,0,13
3693,2.0,2.0,0.0,49,0.7302,1,0,0,18
3694,2.0,2.0,0.0,39,0.7301269230769232,1,0,0,14
3695,2.0,2.0,0.0,39,0.7300538461538462,1,0,0,15
3696,2.0,2.0,0.0,30,0.7299807692307693,1,0,0,14
3697,2.0,2.0,0.0,39,0.7299076923076924,1,0,0,13
3698,2.0,2.0,0.0,83,0.7298346153846154,1,0,0,29
3699,2.0,2.0,0.0,18,0.7297615384615385,1,0,0,4
3700,1.0,1.0,0.0,119,0.7296884615384616,0,1,0,47
3701,2.0,2.0,0.0,39,0.7296153846153847,1,0,0,13
3702,2.0,2.0,0.0,42,0.7295423076923078,1,0,0,15
3703,2.0,2.0,0.0,44,0.7294692307692308,1,0,0,17
3704,2.0,2.0,0.0,36,0.7293961538461539,1,0,0,10
3705,0.0,0.0,0.0,200,0.729323076923077,0,1,0,86
3706,1.0,1.0,0.0,83,0.72925,0,1,0,25
3707,2.0,2.0,0.0,55,0.7291769230769232,1,0,0,25
3708,2.0,2.0,0.0,44,0.7291038461538462,1,0,0,16
3709,2.0,2.0,0.0,52,0.7290307692307693,1,0,0,24
3710,1.0,1.0,0.0,26,0.7289576923076924,0,1,0,13
3711,0.0,0.0,0.0,31,0.7288846153846154,0,1,0,6
3712,2.0,2.0,0.0,69,0.7288115384615385,1,0,0,27
3713,2.0,2.0,0.0,45,0.7287384615384616,1,0,0,14
3714,2.0,2.0,0.0,82,0.7286653846153847,1,0,0,35
3715,2.0,2.0,0.0,279,0.7285923076923078,1,0,0,114
3716,2.0,2.0,0.0,32,0.7285192307692308,1,0,0,14
3717,2.0,2.0,0.0,30,0.7284461538461539,1,0,0,13
3718,2.0,2.0,0.0,110,0.728373076923077,1,0,0,45
3719,2.0,2.0,0.0,57,0.7283000000000001,1,0,0,28
3720,2.0,2.0,0.0,115,0.7282269230769232,1,0,0,49
3721,0.0,0.0,0.0,41,0.7281538461538462,0,1,0,17
3722,2.0,2.0,0.0,61,0.7280807692307693,1,0,0,31
3723,2.0,2.0,0.0,110,0.7280076923076924,1,0,0,41
3724,2.0,2.0,0.0,38,0.7279346153846153,1,0,0,11
3725,0.0,0.0,0.0,64,0.7278615384615386,0,1,0,27
3726,2.0,2.0,0.0,54,0.7277884615384616,1,0,0,25
3727,2.0,2.0,0.0,52,0.7277153846153847,1,0,0,18
3728,2.0,2.0,0.0,42,0.7276423076923078,1,0,0,19
3729,2.0,2.0,0.0,86,0.7275692307692307,1,0,0,39
3730,2.0,2.0,0.0,38,0.7274961538461538,1,0,0,11
3731,2.0,2.0,0.0,25,0.727423076923077,1,0,0,13
3732,2.0,2.0,0.0,60,0.72735,1,0,0,23
3733,2.0,2.0,0.0,41,0.7272769230769232,1,0,0,16
3734,2.0,2.0,0.0,38,0.7272038461538461,1,0,0,15
3735,0.0,0.0,0.0,40,0.7271307692307692,0,1,0,17
3736,2.0,2.0,0.0,65,0.7270576923076923,1,0,0,21
3737,2.0,2.0,0.0,99,0.7269846153846153,1,0,0,44
3738,1.0,1.0,0.0,59,0.7269115384615386,0,1,0,25
3739,0.0,0.0,0.0,87,0.7268384615384615,0,1,0,31
3740,2.0,2.0,0.0,38,0.7267653846153846,1,0,0,12
3741,2.0,2.0,0.0,38,0.7266923076923077,1,0,0,14
3742,2.0,2.0,0.0,72,0.7266192307692307,1,0,0,23
3743,2.0,2.0,0.0,40,0.7265461538461538,1,0,0,16
3744,2.0,2.0,0.0,53,0.7264730769230769,1,0,0,19
3745,2.0,2.0,0.0,27,0.7264,1,0,0,14
3746,2.0,2.0,0.0,32,0.7263269230769231,1,0,0,10
3747,2.0,2.0,0.0,88,0.7262538461538461,1,0,0,41
3748,1.0,1.0,0.0,128,0.7261807692307692,0,1,0,51
3749,2.0,2.0,0.0,33,0.7261076923076923,1,0,0,12
3750,0.0,0.0,0.0,71,0.7260346153846153,0,1,0,23
3751,2.0,2.0,0.0,66,0.7259615384615385,1,0,0,21
3752,2.0,2.0,0.0,70,0.7258884615384615,1,0,0,26
3753,2.0,2.0,0.0,37,0.7258153846153846,1,0,0,17
3754,2.0,2.0,0.0,152,0.7257423076923077,1,0,0,58
3755,2.0,2.0,0.0,47,0.7256692307692307,1,0,0,22
3756,2.0,2.0,0.0,31,0.7255961538461538,1,0,0,16
3757,2.0,2.0,0.0,97,0.7255230769230769,1,0,0,37
3758,2.0,2.0,0.0,59,0.72545,1,0,0,18
3759,1.0,1.0,0.0,176,0.7253769230769231,0,1,0,64
3760,2.0,2.0,0.0,61,0.7253038461538461,1,0,0,25
3761,2.0,2.0,0.0,53,0.7252307692307692,1,0,0,18
3762,2.0,2.0,0.0,23,0.7251576923076923,1,0,0,9
3763,1.0,1.0,0.0,81,0.7250846153846153,0,1,0,33
3764,0.0,0.0,0.0,40,0.7250115384615385,0,1,0,14
3765,2.0,2.0,0.0,103,0.7249384615384615,1,0,0,41
3766,1.0,1.0,0.0,81,0.7248653846153846,0,1,0,33
3767,2.0,2.0,0.0,166,0.7247923076923077,1,0,0,65
3768,2.0,2.0,0.0,53,0.7247192307692307,1,0,0,20
3769,2.0,2.0,0.0,47,0.7246461538461538,1,0,0,16
3770,1.0,1.0,0.0,66,0.7245730769230769,0,1,0,23
3771,2.0,2.0,0.0,50,0.7245,1,0,0,19
3772,2.0,2.0,0.0,46,0.7244269230769231,1,0,0,21
3773,2.0,2.0,0.0,88,0.7243538461538461,1,0,0,34
3774,2.0,2.0,0.0,79,0.7242807692307692,1,0,0,35
3775,1.0,1.0,0.0,66,0.7242076923076923,0,1,0,24
3776,2.0,2.0,0.0,40,0.7241346153846153,1,0,0,16
3777,2.0,2.0,0.0,89,0.7240615384615385,1,0,0,35
3778,2.0,2.0,0.0,52,0.7239884615384615,1,0,0,20
3779,2.0,2.0,0.0,218,0.7239153846153846,1,0,0,78
3780,2.0,2.0,0.0,33,0.7238423076923077,1,0,0,12
3781,0.0,0.0,0.0,37,0.7237692307692307,0,1,0,12
3782,2.0,2.0,0.0,16,0.7236961538461538,1,0,0,4
3783,1.0,1.0,0.0,64,0.7236230769230769,0,1,0,34
3784,2.0,2.0,0.0,69,0.72355,1,0,0,28
3785,2.0,2.0,0.0,53,0.7234769230769231,1,0,0,21
3786,2.0,2.0,0.0,108,0.7234038461538461,1,0,0,39
3787,1.0,1.0,0.0,98,0.7233307692307692,0,1,0,41
3788,2.0,2.0,0.0,79,0.7232576923076923,1,0,0,27
3789,1.0,1.0,0.0,195,0.7231846153846153,0,1,0,77
3790,2.0,2.0,0.0,35,0.7231115384615385,1,0,0,18
3791,2.0,2.0,0.0,42,0.7230384615384615,1,0,0,16
3792,0.0,0.0,0.0,86,0.7229653846153846,0,1,0,34
3793,2.0,2.0,0.0,60,0.7228923076923077,1,0,0,23
3794,2.0,2.0,0.0,25,0.7228192307692307,1,0,0,11
3795,0.0,0.0,0.0,25,0.7227461538461538,0,1,0,13
3796,2.0,2.0,0.0,26,0.7226730769230769,1,0,0,9
3797,2.0,2.0,0.0,26,0.7226,1,0,0,12
3798,1.0,1.0,0.0,301,0.7225269230769231,0,1,0,113
3799,2.0,2.0,0.0,34,0.7224538461538461,1,0,0,18
3800,1.0,1.0,0.0,95,0.7223807692307692,0,1,0,43
3801,0.0,0.0,0.0,74,0.7223076923076923,0,1,0,34
3802,2.0,2.0,0.0,20,0.7222346153846153,1,0,0,6
3803,1.0,1.0,0.0,66,0.7221615384615385,0,1,0,22
3804,0.0,0.0,0.0,25,0.7220884615384615,0,1,0,8
3805,0.0,0.0,0.0,50,0.7220153846153846,0,1,0,17
3806,0.0,0.0,0.0,69,0.7219423076923077,0,1,0,29
3807,2.0,2.0,0.0,37,0.7218692307692307,1,0,0,16
3808,1.0,1.0,0.0,111,0.7217961538461539,0,1,0,57
3809,2.0,2.0,0.0,278,0.7217230769230769,1,0,0,97
3810,2.0,2.0,0.0,41,0.72165,1,0,0,15
3811,2.0,2.0,0.0,37,0.7215769230769231,1,0,0,17
3812,0.0,0.0,0.0,37,0.7215038461538461,0,1,0,15
3813,2.0,2.0,0.0,42,0.7214307692307692,1,0,0,20
3814,0.0,0.0,0.0,104,0.7213576923076923,0,1,0,37
3815,2.0,2.0,0.0,70,0.7212846153846153,1,0,0,28
3816,1.0,1.0,0.0,181,0.7212115384615385,0,1,0,64
3817,1.0,1.0,0.0,119,0.7211384615384615,0,1,0,44
3818,0.0,0.0,0.0,114,0.7210653846153846,0,1,0,50
3819,2.0,2.0,0.0,15,0.7209923076923077,1,0,0,8
3820,2.0,2.0,0.0,52,0.7209192307692307,1,0,0,21
3821,2.0,2.0,0.0,53,0.7208461538461539,1,0,0,14
3822,2.0,2.0,0.0,40,0.7207730769230769,1,0,0,18
3823,2.0,2.0,0.0,65,0.7207,1,0,0,19
3824,2.0,2.0,0.0,29,0.7206269230769231,1,0,0,10
3825,0.0,0.0,0.0,56,0.7205538461538461,0,1,0,24
3826,2.0,2.0,0.0,27,0.7204807692307693,1,0,0,10
3827,2.0,2.0,0.0,32,0.7204076923076923,1,0,0,13
3828,0.0,0.0,0.0,36,0.7203346153846153,0,1,0,11
3829,2.0,2.0,0.0,34,0.7202615384615385,1,0,0,12
3830,2.0,2.0,0.0,55,0.7201884615384615,1,0,0,19
3831,2.0,2.0,0.0,56,0.7201153846153847,1,0,0,19
3832,0.0,0.0,0.0,150,0.7200423076923077,0,1,0,51
3833,2.0,2.0,0.0,84,0.7199692307692307,1,0,0,38
3834,0.0,0.0,0.0,53,0.7198961538461539,0,1,0,21
3835,0.0,0.0,0.0,59,0.7198230769230769,0,1,0,31
3836,2.0,2.0,0.0,111,0.71975,1,0,0,35
3837,2.0,2.0,0.0,34,0.7196769230769231,1,0,0,13
3838,2.0,2.0,0.0,62,0.7196038461538461,1,0,0,22
3839,2.0,2.0,0.0,41,0.7195307692307693,1,0,0,14
3840,2.0,2.0,0.0,33,0.7194576923076923,1,0,0,15
3841,0.0,0.0,0.0,30,0.7193846153846153,0,1,0,13
3842,2.0,2.0,0.0,64,0.7193115384615385,1,0,0,30
3843,0.0,0.0,0.0,53,0.7192384615384615,0,1,0,17
3844,2.0,2.0,0.0,49,0.7191653846153847,1,0,0,19
3845,2.0,2.0,0.0,54,0.7190923076923077,1,0,0,24
3846,2.0,2.0,0.0,119,0.7190192307692307,1,0,0,52
3847,2.0,2.0,0.0,90,0.7189461538461539,1,0,0,32
3848,2.0,2.0,0.0,58,0.7188730769230769,1,0,0,26
3849,2.0,2.0,0.0,79,0.7188000000000001,1,0,0,29
3850,0.0,0.0,0.0,58,0.7187269230769231,0,1,0,23
3851,2.0,2.0,0.0,53,0.7186538461538461,1,0,0,28
3852,2.0,2.0,0.0,42,0.7185807692307693,1,0,0,16
3853,0.0,0.0,0.0,60,0.7185076923076923,0,1,0,17
3854,2.0,2.0,0.0,30,0.7184346153846155,1,0,0,12
3855,2.0,2.0,0.0,60,0.7183615384615385,1,0,0,26
3856,2.0,2.0,0.0,29,0.7182884615384615,1,0,0,9
3857,2.0,2.0,0.0,34,0.7182153846153847,1,0,0,13
3858,0.0,0.0,0.0,43,0.7181423076923077,0,1,0,15
3859,2.0,2.0,0.0,69,0.7180692307692308,1,0,0,27
3860,2.0,2.0,0.0,70,0.7179961538461539,1,0,0,30
3861,1.0,1.0,0.0,137,0.7179230769230769,0,1,0,63
3862,2.0,2.0,0.0,52,0.7178500000000001,1,0,0,22
3863,2.0,2.0,0.0,42,0.7177769230769231,1,0,0,21
3864,1.0,1.0,0.0,39,0.7177038461538461,0,1,0,16
3865,2.0,2.0,0.0,41,0.7176307692307693,1,0,0,16
3866,2.0,2.0,0.0,75,0.7175576923076923,1,0,0,33
3867,2.0,2.0,0.0,27,0.7174846153846155,1,0,0,8
3868,2.0,2.0,0.0,36,0.7174115384615385,1,0,0,10
3869,0.0,0.0,0.0,63,0.7173384615384615,0,1,0,30
3870,0.0,0.0,0.0,48,0.7172653846153847,0,1,0,19
3871,1.0,1.0,0.0,52,0.7171923076923077,0,1,0,25
3872,2.0,2.0,0.0,43,0.7171192307692308,1,0,0,22
3873,0.0,0.0,0.0,50,0.7170461538461539,0,1,0,15
3874,1.0,1.0,0.0,151,0.7169730769230769,0,1,0,57
3875,0.0,0.0,0.0,107,0.7169000000000001,0,1,0,44
3876,0.0,0.0,0.0,50,0.7168269230769231,0,1,0,19
3877,2.0,2.0,0.0,43,0.7167538461538462,1,0,0,22
3878,2.0,2.0,0.0,337,0.7166807692307693,1,0,0,152
3879,2.0,2.0,0.0,84,0.7166076923076923,1,0,0,36
3880,2.0,2.0,0.0,77,0.7165346153846155,1,0,0,32
3881,2.0,2.0,0.0,63,0.7164615384615385,1,0,0,20
3882,2.0,2.0,0.0,23,0.7163884615384616,1,0,0,10
3883,2.0,2.0,0.0,86,0.7163153846153847,1,0,0,38
3884,2.0,2.0,0.0,31,0.7162423076923077,1,0,0,13
3885,2.0,2.0,0.0,51,0.7161692307692308,1,0,0,19
3886,2.0,2.0,0.0,26,0.7160961538461539,1,0,0,15
3887,2.0,2.0,0.0,46,0.7160230769230769,1,0,0,14
3888,2.0,2.0,0.0,86,0.7159500000000001,1,0,0,33
3889,2.0,2.0,0.0,71,0.7158769230769231,1,0,0,26
3890,2.0,2.0,0.0,65,0.7158038461538462,1,0,0,24
3891,0.0,0.0,0.0,76,0.7157307692307693,0,1,0,28
3892,1.0,1.0,0.0,64,0.7156576923076923,0,1,0,26
3893,2.0,2.0,0.0,20,0.7155846153846155,1,0,0,11
3894,2.0,2.0,0.0,55,0.7155115384615385,1,0,0,19
3895,0.0,0.0,0.0,53,0.7154384615384616,0,1,0,20
3896,2.0,2.0,0.0,67,0.7153653846153847,1,0,0,23
3897,1.0,1.0,0.0,30,0.7152923076923077,0,1,0,12
3898,2.0,2.0,0.0,62,0.7152192307692308,1,0,0,19
3899,2.0,2.0,0.0,54,0.7151461538461539,1,0,0,26
3900,2.0,2.0,0.0,33,0.715073076923077,1,0,0,13
3901,2.0,2.0,0.0,27,0.7150000000000001,1,0,0,9
3902,2.0,2.0,0.0,89,0.7149269230769231,1,0,0,35
3903,2.0,2.0,0.0,40,0.7148538461538462,1,0,0,19
3904,2.0,2.0,0.0,137,0.7147807692307693,1,0,0,53
3905,0.0,0.0,0.0,104,0.7147076923076923,0,1,0,37
3906,0.0,0.0,0.0,95,0.7146346153846155,0,1,0,43
3907,2.0,2.0,0.0,104,0.7145615384615385,1,0,0,42
3908,2.0,2.0,0.0,39,0.7144884615384616,1,0,0,15
3909,2.0,2.0,0.0,38,0.7144153846153847,1,0,0,10
3910,2.0,2.0,0.0,46,0.7143423076923077,1,0,0,13
3911,2.0,2.0,0.0,57,0.7142692307692308,1,0,0,31
3912,2.0,2.0,0.0,57,0.7141961538461539,1,0,0,22
3913,0.0,0.0,0.0,74,0.714123076923077,0,1,0,26
3914,2.0,2.0,0.0,45,0.7140500000000001,1,0,0,19
3915,2.0,2.0,0.0,38,0.7139769230769231,1,0,0,18
3916,2.0,2.0,0.0,83,0.7139038461538462,1,0,0,33
3917,2.0,2.0,0.0,47,0.7138307692307693,1,0,0,24
3918,2.0,2.0,0.0,44,0.7137576923076923,1,0,0,19
3919,2.0,2.0,0.0,47,0.7136846153846155,1,0,0,17
3920,2.0,2.0,0.0,38,0.7136115384615385,1,0,0,11
3921,1.0,1.0,0.0,46,0.7135384615384616,0,1,0,20
3922,2.0,2.0,0.0,59,0.7134653846153847,1,0,0,19
3923,2.0,2.0,0.0,55,0.7133923076923077,1,0,0,21
3924,2.0,2.0,0.0,37,0.7133192307692308,1,0,0,14
3925,2.0,2.0,0.0,68,0.7132461538461539,1,0,0,29
3926,2.0,2.0,0.0,47,0.713173076923077,1,0,0,19
3927,2.0,2.0,0.0,39,0.7131000000000001,1,0,0,20
3928,2.0,2.0,0.0,26,0.7130269230769231,1,0,0,9
3929,2.0,2.0,0.0,39,0.7129538461538462,1,0,0,18
3930,2.0,2.0,0.0,27,0.7128807692307693,1,0,0,14
3931,1.0,1.0,0.0,97,0.7128076923076923,0,1,0,45
3932,2.0,2.0,0.0,45,0.7127346153846155,1,0,0,15
3933,2.0,2.0,0.0,48,0.7126615384615385,1,0,0,22
3934,0.0,0.0,0.0,69,0.7125884615384616,0,1,0,26
3935,0.0,0.0,0.0,36,0.7125153846153847,0,1,0,13
3936,2.0,2.0,0.0,26,0.7124423076923077,1,0,0,8
3937,2.0,2.0,0.0,22,0.7123692307692308,1,0,0,10
3938,2.0,2.0,0.0,50,0.7122961538461539,1,0,0,14
3939,2.0,2.0,0.0,35,0.712223076923077,1,0,0,17
3940,2.0,2.0,0.0,76,0.7121500000000001,1,0,0,31
3941,2.0,2.0,0.0,27,0.712076923076923,1,0,0,17
3942,2.0,2.0,0.0,50,0.7120038461538462,1,0,0,18
3943,1.0,1.0,0.0,62,0.7119307692307693,0,1,0,26
3944,2.0,2.0,0.0,53,0.7118576923076922,1,0,0,24
3945,2.0,2.0,0.0,37,0.7117846153846155,1,0,0,14
3946,2.0,2.0,0.0,51,0.7117115384615385,1,0,0,15
3947,1.0,1.0,0.0,53,0.7116384615384616,0,1,0,19
3948,2.0,2.0,0.0,50,0.7115653846153847,1,0,0,20
3949,2.0,2.0,0.0,100,0.7114923076923076,1,0,0,36
3950,2.0,2.0,0.0,40,0.7114192307692307,1,0,0,16
3951,2.0,2.0,0.0,51,0.7113461538461539,1,0,0,22
3952,2.0,2.0,0.0,72,0.711273076923077,1,0,0,30
3953,1.0,1.0,0.0,82,0.7112,0,1,0,34
3954,0.0,0.0,0.0,42,0.711126923076923,0,1,0,16
3955,2.0,2.0,0.0,58,0.7110538461538461,1,0,0,28
3956,2.0,2.0,0.0,39,0.7109807692307692,1,0,0,16
3957,2.0,2.0,0.0,32,0.7109076923076922,1,0,0,15
3958,0.0,0.0,0.0,25,0.7108346153846155,0,1,0,7
3959,2.0,2.0,0.0,60,0.7107615384615384,1,0,0,20
3960,0.0,0.0,0.0,37,0.7106884615384615,0,1,0,10
3961,2.0,2.0,0.0,44,0.7106153846153846,1,0,0,15
3962,2.0,2.0,0.0,75,0.7105423076923076,1,0,0,32
3963,2.0,2.0,0.0,93,0.7104692307692307,1,0,0,30
3964,2.0,2.0,0.0,65,0.7103961538461538,1,0,0,23
3965,2.0,2.0,0.0,49,0.710323076923077,1,0,0,21
3966,2.0,2.0,0.0,62,0.71025,1,0,0,26
3967,2.0,2.0,0.0,43,0.710176923076923,1,0,0,21
3968,2.0,2.0,0.0,104,0.7101038461538461,1,0,0,42
3969,2.0,2.0,0.0,43,0.7100307692307692,1,0,0,15
3970,1.0,1.0,0.0,51,0.7099576923076923,0,1,0,17
3971,2.0,2.0,0.0,28,0.7098846153846154,1,0,0,9
3972,2.0,2.0,0.0,79,0.7098115384615384,1,0,0,35
3973,2.0,2.0,0.0,68,0.7097384615384615,1,0,0,31
3974,2.0,2.0,0.0,59,0.7096653846153846,1,0,0,21
3975,2.0,2.0,0.0,28,0.7095923076923076,1,0,0,9
3976,2.0,2.0,0.0,64,0.7095192307692307,1,0,0,25
3977,2.0,2.0,0.0,57,0.7094461538461538,1,0,0,24
3978,2.0,2.0,0.0,108,0.7093730769230769,1,0,0,37
3979,2.0,2.0,0.0,38,0.7093,1,0,0,17
3980,0.0,0.0,0.0,46,0.709226923076923,0,1,0,20
3981,2.0,2.0,0.0,56,0.7091538461538461,1,0,0,20
3982,2.0,2.0,0.0,101,0.7090807692307692,1,0,0,39
3983,2.0,2.0,0.0,32,0.7090076923076923,1,0,0,13
3984,2.0,2.0,0.0,60,0.7089346153846154,1,0,0,21
3985,2.0,2.0,0.0,100,0.7088615384615384,1,0,0,32
3986,2.0,2.0,0.0,95,0.7087884615384615,1,0,0,42
3987,2.0,2.0,0.0,49,0.7087153846153846,1,0,0,15
3988,2.0,2.0,0.0,51,0.7086423076923076,1,0,0,26
3989,0.0,0.0,0.0,80,0.7085692307692308,0,1,0,23
3990,2.0,2.0,0.0,99,0.7084961538461538,1,0,0,43
3991,2.0,2.0,0.0,41,0.7084230769230769,1,0,0,19
3992,2.0,2.0,0.0,34,0.70835,1,0,0,11
3993,2.0,2.0,0.0,45,0.708276923076923,1,0,0,21
3994,2.0,2.0,0.0,23,0.7082038461538461,1,0,0,10
3995,2.0,2.0,0.0,32,0.7081307692307692,1,0,0,21
3996,2.0,2.0,0.0,253,0.7080576923076923,1,0,0,103
3997,2.0,2.0,0.0,39,0.7079846153846154,1,0,0,17
3998,2.0,2.0,0.0,21,0.7079115384615384,1,0,0,5
3999,0.0,0.0,0.0,46,0.7078384615384615,0,1,0,19
4000,2.0,2.0,0.0,65,0.7077653846153846,1,0,0,32
4001,2.0,2.0,0.0,121,0.7076923076923076,1,0,0,51
4002,2.0,2.0,0.0,48,0.7076192307692308,1,0,0,25
4003,2.0,2.0,0.0,36,0.7075461538461538,1,0,0,12
4004,0.0,0.0,0.0,93,0.7074730769230769,0,1,0,42
4005,2.0,2.0,0.0,45,0.7074,1,0,0,16
4006,1.0,1.0,0.0,322,0.707326923076923,0,1,0,128
4007,2.0,2.0,0.0,63,0.7072538461538462,1,0,0,24
4008,2.0,2.0,0.0,63,0.7071807692307692,1,0,0,20
4009,2.0,2.0,0.0,39,0.7071076923076923,1,0,0,10
4010,2.0,2.0,0.0,34,0.7070346153846154,1,0,0,9
4011,2.0,2.0,0.0,46,0.7069615384615384,1,0,0,18
4012,0.0,0.0,0.0,60,0.7068884615384616,0,1,0,26
4013,2.0,2.0,0.0,48,0.7068153846153846,1,0,0,19
4014,2.0,2.0,0.0,53,0.7067423076923076,1,0,0,12
4015,2.0,2.0,0.0,57,0.7066692307692308,1,0,0,24
4016,2.0,2.0,0.0,106,0.7065961538461538,1,0,0,36
4017,2.0,2.0,0.0,267,0.7065230769230769,1,0,0,114
4018,2.0,2.0,0.0,49,0.70645,1,0,0,22
4019,2.0,2.0,0.0,47,0.706376923076923,1,0,0,18
4020,2.0,2.0,0.0,48,0.7063038461538462,1,0,0,21
4021,0.0,0.0,0.0,28,0.7062307692307692,0,1,0,14
4022,2.0,2.0,0.0,92,0.7061576923076923,1,0,0,31
4023,2.0,2.0,0.0,49,0.7060846153846154,1,0,0,19
4024,2.0,2.0,0.0,19,0.7060115384615384,1,0,0,6
4025,2.0,2.0,0.0,97,0.7059384615384616,1,0,0,27
4026,2.0,2.0,0.0,40,0.7058653846153846,1,0,0,11
4027,0.0,0.0,0.0,55,0.7057923076923076,0,1,0,20
4028,0.0,0.0,0.0,132,0.7057192307692308,0,1,0,48
4029,2.0,2.0,0.0,64,0.7056461538461538,1,0,0,21
4030,0.0,0.0,0.0,48,0.705573076923077,0,1,0,22
4031,2.0,2.0,0.0,59,0.7055,1,0,0,26
4032,2.0,2.0,0.0,47,0.705426923076923,1,0,0,23
4033,2.0,2.0,0.0,69,0.7053538461538462,1,0,0,26
4034,2.0,2.0,0.0,59,0.7052807692307692,1,0,0,19
4035,2.0,2.0,0.0,60,0.7052076923076924,1,0,0,26
4036,2.0,2.0,0.0,71,0.7051346153846154,1,0,0,27
4037,2.0,2.0,0.0,35,0.7050615384615384,1,0,0,11
4038,0.0,0.0,0.0,146,0.7049884615384616,0,1,0,65
4039,0.0,0.0,0.0,40,0.7049153846153846,0,1,0,19
4040,1.0,1.0,0.0,350,0.7048423076923077,0,0,1,128
4041,2.0,2.0,0.0,80,0.7047692307692308,1,0,0,27
4042,2.0,2.0,0.0,29,0.7046961538461538,1,0,0,12
4043,2.0,2.0,0.0,83,0.704623076923077,1,0,0,29
4044,2.0,2.0,0.0,40,0.70455,1,0,0,20
4045,2.0,2.0,0.0,58,0.704476923076923,1,0,0,23
4046,2.0,2.0,0.0,41,0.7044038461538462,1,0,0,15
4047,2.0,2.0,0.0,36,0.7043307692307692,1,0,0,11
4048,1.0,1.0,0.0,85,0.7042576923076924,0,1,0,44
4049,2.0,2.0,0.0,42,0.7041846153846154,1,0,0,17
4050,2.0,2.0,0.0,86,0.7041115384615384,1,0,0,33
4051,2.0,2.0,0.0,67,0.7040384615384616,1,0,0,23
4052,0.0,0.0,0.0,36,0.7039653846153846,0,1,0,16
4053,2.0,2.0,0.0,41,0.7038923076923077,1,0,0,19
4054,2.0,2.0,0.0,77,0.7038192307692308,1,0,0,34
4055,1.0,1.0,0.0,108,0.7037461538461538,0,1,0,38
4056,2.0,2.0,0.0,35,0.703673076923077,1,0,0,13
4057,2.0,2.0,0.0,40,0.7036,1,0,0,21
4058,2.0,2.0,0.0,85,0.7035269230769231,1,0,0,29
4059,2.0,2.0,0.0,47,0.7034538461538462,1,0,0,18
4060,2.0,2.0,0.0,48,0.7033807692307692,1,0,0,22
4061,2.0,2.0,0.0,69,0.7033076923076924,1,0,0,29
4062,2.0,2.0,0.0,45,0.7032346153846154,1,0,0,18
4063,2.0,2.0,0.0,61,0.7031615384615385,1,0,0,22
4064,2.0,2.0,0.0,53,0.7030884615384616,1,0,0,23
4065,0.0,0.0,0.0,51,0.7030153846153846,0,1,0,10
4066,2.0,2.0,0.0,36,0.7029423076923077,1,0,0,18
4067,2.0,2.0,0.0,28,0.7028692307692308,1,0,0,13
4068,2.0,2.0,0.0,31,0.7027961538461539,1,0,0,15
4069,2.0,2.0,0.0,51,0.702723076923077,1,0,0,22
4070,2.0,2.0,0.0,36,0.70265,1,0,0,16
4071,2.0,2.0,0.0,70,0.7025769230769231,1,0,0,24
4072,2.0,2.0,0.0,52,0.7025038461538462,1,0,0,23
4073,2.0,2.0,0.0,76,0.7024307692307692,1,0,0,30
4074,0.0,0.0,0.0,33,0.7023576923076924,0,1,0,11
4075,0.0,0.0,0.0,48,0.7022846153846154,0,1,0,20
4076,2.0,2.0,0.0,43,0.7022115384615385,1,0,0,14
4077,2.0,2.0,0.0,48,0.7021384615384616,1,0,0,18
4078,0.0,0.0,0.0,97,0.7020653846153846,0,1,0,33
4079,2.0,2.0,0.0,75,0.7019923076923077,1,0,0,28
4080,0.0,0.0,0.0,61,0.7019192307692308,0,1,0,27
4081,2.0,2.0,0.0,55,0.7018461538461539,1,0,0,24
4082,2.0,2.0,0.0,28,0.701773076923077,1,0,0,11
4083,1.0,1.0,0.0,294,0.7017,0,1,0,137
4084,2.0,2.0,0.0,38,0.7016269230769231,1,0,0,17
4085,0.0,0.0,0.0,28,0.7015538461538462,0,1,0,8
4086,2.0,2.0,0.0,23,0.7014807692307692,1,0,0,7
4087,2.0,2.0,0.0,79,0.7014076923076924,1,0,0,35
4088,2.0,2.0,0.0,68,0.7013346153846154,1,0,0,34
4089,2.0,2.0,0.0,44,0.7012615384615385,1,0,0,16
4090,0.0,0.0,0.0,350,0.7011884615384616,0,0,1,130
4091,2.0,2.0,0.0,62,0.7011153846153846,1,0,0,25
4092,2.0,2.0,0.0,19,0.7010423076923077,1,0,0,8
4093,2.0,2.0,0.0,32,0.7009692307692308,1,0,0,13
4094,2.0,2.0,0.0,27,0.7008961538461539,1,0,0,9
4095,2.0,2.0,0.0,75,0.700823076923077,1,0,0,20
4096,2.0,2.0,0.0,27,0.70075,1,0,0,9
4097,2.0,2.0,0.0,40,0.7006769230769231,1,0,0,20
4098,2.0,2.0,0.0,32,0.7006038461538462,1,0,0,8
4099,2.0,2.0,0.0,78,0.7005307692307693,1,0,0,28
4100,2.0,2.0,0.0,39,0.7004576923076924,1,0,0,16
4101,2.0,2.0,0.0,54,0.7003846153846154,1,0,0,23
4102,1.0,1.0,0.0,86,0.7003115384615385,0,1,0,33
4103,2.0,2.0,0.0,31,0.7002384615384616,1,0,0,7
4104,2.0,2.0,0.0,22,0.7001653846153846,1,0,0,9
4105,2.0,2.0,0.0,41,0.7000923076923077,1,0,0,18
4106,2.0,2.0,0.0,80,0.7000192307692308,1,0,0,26
4107,2.0,2.0,0.0,52,0.6999461538461539,1,0,0,20
4108,2.0,2.0,0.0,32,0.699873076923077,1,0,0,10
4109,1.0,1.0,0.0,105,0.6998,0,1,0,36
4110,2.0,2.0,0.0,60,0.6997269230769231,1,0,0,21
4111,2.0,2.0,0.0,36,0.6996538461538462,1,0,0,13
4112,2.0,2.0,0.0,25,0.6995807692307693,1,0,0,10
4113,2.0,2.0,0.0,37,0.6995076923076924,1,0,0,15
4114,2.0,2.0,0.0,42,0.6994346153846154,1,0,0,15
4115,0.0,0.0,0.0,16,0.6993615384615385,0,1,0,6
4116,0.0,0.0,0.0,24,0.6992884615384616,0,1,0,9
4117,2.0,2.0,0.0,41,0.6992153846153846,1,0,0,13
4118,2.0,2.0,0.0,31,0.6991423076923077,1,0,0,11
4119,0.0,0.0,0.0,155,0.6990692307692308,0,1,0,65
4120,2.0,2.0,0.0,57,0.6989961538461539,1,0,0,28
4121,2.0,2.0,0.0,79,0.698923076923077,1,0,0,36
4122,2.0,2.0,0.0,65,0.69885,1,0,0,34
4123,2.0,2.0,0.0,109,0.6987769230769231,1,0,0,47
4124,0.0,0.0,0.0,98,0.6987038461538462,0,1,0,37
4125,2.0,2.0,0.0,164,0.6986307692307693,1,0,0,59
4126,2.0,2.0,0.0,59,0.6985576923076924,1,0,0,23
4127,2.0,2.0,0.0,19,0.6984846153846154,1,0,0,7
4128,0.0,0.0,0.0,61,0.6984115384615385,0,1,0,22
4129,2.0,2.0,0.0,57,0.6983384615384616,1,0,0,25
4130,2.0,2.0,0.0,57,0.6982653846153846,1,0,0,22
4131,0.0,0.0,0.0,45,0.6981923076923077,0,1,0,17
4132,2.0,2.0,0.0,42,0.6981192307692308,1,0,0,15
4133,0.0,0.0,0.0,67,0.6980461538461539,0,1,0,29
4134,2.0,2.0,0.0,27,0.697973076923077,1,0,0,8
4135,0.0,0.0,0.0,74,0.6979,0,1,0,34
4136,0.0,0.0,0.0,36,0.6978269230769231,0,1,0,15
4137,2.0,2.0,0.0,99,0.6977538461538462,1,0,0,43
4138,2.0,2.0,0.0,33,0.6976807692307693,1,0,0,15
4139,1.0,1.0,0.0,41,0.6976076923076924,0,1,0,21
4140,2.0,2.0,0.0,65,0.6975346153846154,1,0,0,25
4141,1.0,1.0,0.0,152,0.6974615384615385,0,1,0,57
4142,2.0,2.0,0.0,29,0.6973884615384616,1,0,0,7
4143,2.0,2.0,0.0,112,0.6973153846153846,1,0,0,41
4144,2.0,2.0,0.0,27,0.6972423076923077,1,0,0,7
4145,2.0,2.0,0.0,41,0.6971692307692308,1,0,0,13
4146,2.0,2.0,0.0,44,0.6970961538461539,1,0,0,17
4147,2.0,2.0,0.0,32,0.697023076923077,1,0,0,8
4148,2.0,2.0,0.0,59,0.69695,1,0,0,20
4149,2.0,2.0,0.0,117,0.6968769230769231,1,0,0,43
4150,2.0,2.0,0.0,25,0.6968038461538462,1,0,0,10
4151,2.0,2.0,0.0,33,0.6967307692307693,1,0,0,13
4152,1.0,1.0,0.0,55,0.6966576923076924,0,1,0,25
4153,1.0,1.0,0.0,101,0.6965846153846154,0,1,0,42
4154,2.0,2.0,0.0,33,0.6965115384615385,1,0,0,13
4155,2.0,2.0,0.0,26,0.6964384615384616,1,0,0,7
4156,0.0,0.0,0.0,27,0.6963653846153846,0,1,0,10
4157,2.0,2.0,0.0,39,0.6962923076923077,1,0,0,14
4158,2.0,2.0,0.0,38,0.6962192307692308,1,0,0,13
4159,2.0,2.0,0.0,36,0.6961461538461539,1,0,0,16
4160,2.0,2.0,0.0,20,0.696073076923077,1,0,0,9
4161,2.0,2.0,0.0,38,0.696,1,0,0,12
4162,2.0,2.0,0.0,38,0.695926923076923,1,0,0,15
4163,2.0,2.0,0.0,37,0.6958538461538462,1,0,0,11
4164,2.0,2.0,0.0,29,0.6957807692307693,1,0,0,11
4165,2.0,2.0,0.0,57,0.6957076923076924,1,0,0,23
4166,2.0,2.0,0.0,61,0.6956346153846154,1,0,0,21
4167,2.0,2.0,0.0,86,0.6955615384615385,1,0,0,24
4168,0.0,0.0,0.0,157,0.6954884615384616,0,1,0,65
4169,2.0,2.0,0.0,26,0.6954153846153845,1,0,0,15
4170,2.0,2.0,0.0,51,0.6953423076923078,1,0,0,20
4171,2.0,2.0,0.0,39,0.6952692307692308,1,0,0,17
4172,2.0,2.0,0.0,41,0.6951961538461539,1,0,0,21
4173,2.0,2.0,0.0,70,0.695123076923077,1,0,0,28
4174,2.0,2.0,0.0,41,0.69505,1,0,0,12
4175,2.0,2.0,0.0,27,0.6949769230769232,1,0,0,9
4176,2.0,2.0,0.0,27,0.6949038461538461,1,0,0,14
4177,0.0,0.0,0.0,121,0.6948307692307693,0,1,0,52
4178,2.0,2.0,0.0,37,0.6947576923076924,1,0,0,13
4179,2.0,2.0,0.0,46,0.6946846153846153,1,0,0,18
4180,2.0,2.0,0.0,27,0.6946115384615384,1,0,0,10
4181,2.0,2.0,0.0,68,0.6945384615384615,1,0,0,27
4182,2.0,2.0,0.0,27,0.6944653846153845,1,0,0,13
4183,2.0,2.0,0.0,85,0.6943923076923078,1,0,0,28
4184,2.0,2.0,0.0,58,0.6943192307692307,1,0,0,18
4185,2.0,2.0,0.0,71,0.6942461538461538,1,0,0,26
4186,2.0,2.0,0.0,46,0.694173076923077,1,0,0,12
4187,2.0,2.0,0.0,56,0.6940999999999999,1,0,0,17
4188,2.0,2.0,0.0,57,0.6940269230769232,1,0,0,24
4189,2.0,2.0,0.0,31,0.6939538461538461,1,0,0,13
4190,2.0,2.0,0.0,69,0.6938807692307692,1,0,0,27
4191,2.0,2.0,0.0,64,0.6938076923076923,1,0,0,19
4192,2.0,2.0,0.0,28,0.6937346153846153,1,0,0,9
4193,2.0,2.0,0.0,28,0.6936615384615386,1,0,0,10
4194,2.0,2.0,0.0,88,0.6935884615384615,1,0,0,35
4195,2.0,2.0,0.0,29,0.6935153846153845,1,0,0,11
4196,2.0,2.0,0.0,30,0.6934423076923077,1,0,0,2
4197,0.0,0.0,0.0,24,0.6933692307692307,0,1,0,13
4198,2.0,2.0,0.0,48,0.693296153846154,1,0,0,24
4199,2.0,2.0,0.0,37,0.6932230769230769,1,0,0,17
4200,2.0,2.0,0.0,50,0.6931499999999999,1,0,0,19
4201,2.0,2.0,0.0,31,0.6930769230769231,1,0,0,12
4202,2.0,2.0,0.0,33,0.6930038461538461,1,0,0,14
4203,0.0,0.0,0.0,41,0.6929307692307692,0,1,0,18
4204,1.0,1.0,0.0,30,0.6928576923076923,0,1,0,13
4205,2.0,2.0,0.0,33,0.6927846153846153,1,0,0,12
4206,2.0,2.0,0.0,49,0.6927115384615385,1,0,0,20
4207,2.0,2.0,0.0,15,0.6926384615384615,1,0,0,5
4208,2.0,2.0,0.0,34,0.6925653846153845,1,0,0,11
4209,2.0,2.0,0.0,43,0.6924923076923077,1,0,0,18
4210,2.0,2.0,0.0,88,0.6924192307692307,1,0,0,41
4211,2.0,2.0,0.0,39,0.6923461538461539,1,0,0,19
4212,1.0,1.0,0.0,27,0.6922730769230769,0,1,0,10
4213,2.0,2.0,0.0,20,0.6921999999999999,1,0,0,9
4214,2.0,2.0,0.0,29,0.6921269230769231,1,0,0,10
4215,2.0,2.0,0.0,65,0.6920538461538461,1,0,0,25
4216,2.0,2.0,0.0,45,0.6919807692307693,1,0,0,19
4217,2.0,2.0,0.0,33,0.6919076923076923,1,0,0,13
4218,2.0,2.0,0.0,36,0.6918346153846153,1,0,0,13
4219,2.0,2.0,0.0,48,0.6917615384615385,1,0,0,22
4220,2.0,2.0,0.0,28,0.6916884615384615,1,0,0,15
4221,2.0,2.0,0.0,59,0.6916153846153846,1,0,0,22
4222,2.0,2.0,0.0,63,0.6915423076923077,1,0,0,28
4223,2.0,2.0,0.0,67,0.6914692307692307,1,0,0,31
4224,2.0,2.0,0.0,39,0.6913961538461539,1,0,0,19
4225,2.0,2.0,0.0,33,0.6913230769230769,1,0,0,13
4226,0.0,0.0,0.0,92,0.69125,0,1,0,33
4227,2.0,2.0,0.0,59,0.6911769230769231,1,0,0,30
4228,2.0,2.0,0.0,42,0.6911038461538461,1,0,0,19
4229,2.0,2.0,0.0,30,0.6910307692307693,1,0,0,11
4230,2.0,2.0,0.0,41,0.6909576923076923,1,0,0,22
4231,2.0,2.0,0.0,39,0.6908846153846153,1,0,0,13
4232,0.0,0.0,0.0,36,0.6908115384615385,0,1,0,12
4233,0.0,0.0,0.0,45,0.6907384615384615,0,1,0,22
4234,2.0,2.0,0.0,40,0.6906653846153846,1,0,0,18
4235,2.0,2.0,0.0,73,0.6905923076923077,1,0,0,27
4236,2.0,2.0,0.0,231,0.6905192307692307,1,0,0,102
4237,2.0,2.0,0.0,27,0.6904461538461539,1,0,0,9
4238,2.0,2.0,0.0,38,0.6903730769230769,1,0,0,15
4239,1.0,1.0,0.0,128,0.6903,0,1,0,50
4240,2.0,2.0,0.0,26,0.6902269230769231,1,0,0,8
4241,2.0,2.0,0.0,47,0.6901538461538461,1,0,0,19
4242,2.0,2.0,0.0,39,0.6900807692307693,1,0,0,19
4243,1.0,1.0,0.0,350,0.6900076923076923,0,0,1,122
4244,2.0,2.0,0.0,151,0.6899346153846154,1,0,0,58
4245,2.0,2.0,0.0,39,0.6898615384615385,1,0,0,17
4246,2.0,2.0,0.0,38,0.6897884615384615,1,0,0,14
4247,2.0,2.0,0.0,36,0.6897153846153846,1,0,0,13
4248,2.0,2.0,0.0,40,0.6896423076923077,1,0,0,15
4249,2.0,2.0,0.0,34,0.6895692307692308,1,0,0,12
4250,2.0,2.0,0.0,80,0.6894961538461539,1,0,0,31
4251,2.0,2.0,0.0,36,0.6894230769230769,1,0,0,12
4252,2.0,2.0,0.0,89,0.68935,1,0,0,22
4253,2.0,2.0,0.0,57,0.6892769230769231,1,0,0,20
4254,1.0,1.0,0.0,86,0.6892038461538461,0,1,0,35
4255,2.0,2.0,0.0,29,0.6891307692307693,1,0,0,10
4256,2.0,2.0,0.0,22,0.6890576923076923,1,0,0,13
4257,2.0,2.0,0.0,32,0.6889846153846154,1,0,0,13
4258,0.0,0.0,0.0,47,0.6889115384615385,0,1,0,28
4259,2.0,2.0,0.0,199,0.6888384615384615,1,0,0,82
4260,2.0,2.0,0.0,50,0.6887653846153846,1,0,0,23
4261,2.0,2.0,0.0,72,0.6886923076923077,1,0,0,28
4262,2.0,2.0,0.0,24,0.6886192307692308,1,0,0,7
4263,2.0,2.0,0.0,112,0.6885461538461539,1,0,0,50
4264,2.0,2.0,0.0,80,0.6884730769230769,1,0,0,33
4265,2.0,2.0,0.0,92,0.6884,1,0,0,37
4266,2.0,2.0,0.0,44,0.6883269230769231,1,0,0,16
4267,1.0,1.0,0.0,66,0.6882538461538462,0,1,0,30
4268,2.0,2.0,0.0,46,0.6881807692307693,1,0,0,19
4269,2.0,2.0,0.0,92,0.6881076923076923,1,0,0,39
4270,2.0,2.0,0.0,50,0.6880346153846154,1,0,0,19
4271,2.0,2.0,0.0,125,0.6879615384615385,1,0,0,60
4272,2.0,2.0,0.0,42,0.6878884615384615,1,0,0,12
4273,2.0,2.0,0.0,41,0.6878153846153846,1,0,0,21
4274,1.0,1.0,0.0,49,0.6877423076923077,0,1,0,21
4275,2.0,2.0,0.0,26,0.6876692307692308,1,0,0,10
4276,2.0,2.0,0.0,25,0.6875961538461539,1,0,0,7
4277,2.0,2.0,0.0,42,0.6875230769230769,1,0,0,19
4278,2.0,2.0,0.0,46,0.68745,1,0,0,14
4279,2.0,2.0,0.0,41,0.6873769230769231,1,0,0,15
4280,2.0,2.0,0.0,29,0.6873038461538462,1,0,0,17
4281,2.0,2.0,0.0,51,0.6872307692307693,1,0,0,21
4282,0.0,0.0,0.0,140,0.6871576923076923,0,1,0,56
4283,2.0,2.0,0.0,81,0.6870846153846154,1,0,0,29
4284,2.0,2.0,0.0,46,0.6870115384615385,1,0,0,20
4285,2.0,2.0,0.0,39,0.6869384615384615,1,0,0,13
4286,2.0,2.0,0.0,39,0.6868653846153847,1,0,0,11
4287,2.0,2.0,0.0,48,0.6867923076923077,1,0,0,14
4288,2.0,2.0,0.0,50,0.6867192307692308,1,0,0,23
4289,2.0,2.0,0.0,79,0.6866461538461539,1,0,0,29
4290,2.0,2.0,0.0,48,0.6865730769230769,1,0,0,14
4291,1.0,1.0,0.0,59,0.6865,0,1,0,25
4292,0.0,0.0,0.0,62,0.6864269230769231,0,1,0,27
4293,2.0,2.0,0.0,41,0.6863538461538462,1,0,0,19
4294,2.0,2.0,0.0,40,0.6862807692307693,1,0,0,16
4295,2.0,2.0,0.0,80,0.6862076923076923,1,0,0,29
4296,2.0,2.0,0.0,187,0.6861346153846154,1,0,0,69
4297,2.0,2.0,0.0,65,0.6860615384615385,1,0,0,22
4298,2.0,2.0,0.0,25,0.6859884615384615,1,0,0,12
4299,2.0,2.0,0.0,76,0.6859153846153847,1,0,0,39
4300,2.0,2.0,0.0,57,0.6858423076923077,1,0,0,21
4301,2.0,2.0,0.0,74,0.6857692307692308,1,0,0,31
4302,2.0,2.0,0.0,73,0.6856961538461539,1,0,0,29
4303,0.0,0.0,0.0,99,0.6856230769230769,0,1,0,36
4304,2.0,2.0,0.0,37,0.68555,1,0,0,16
4305,2.0,2.0,0.0,37,0.6854769230769231,1,0,0,12
4306,2.0,2.0,0.0,58,0.6854038461538462,1,0,0,22
4307,2.0,2.0,0.0,57,0.6853307692307693,1,0,0,17
4308,2.0,2.0,0.0,50,0.6852576923076923,1,0,0,22
4309,2.0,2.0,0.0,33,0.6851846153846154,1,0,0,12
4310,0.0,0.0,0.0,44,0.6851115384615385,0,1,0,14
4311,2.0,2.0,0.0,65,0.6850384615384615,1,0,0,25
4312,0.0,0.0,0.0,46,0.6849653846153847,0,1,0,14
4313,0.0,0.0,0.0,53,0.6848923076923077,0,1,0,22
4314,2.0,2.0,0.0,50,0.6848192307692308,1,0,0,17
4315,2.0,2.0,0.0,32,0.6847461538461539,1,0,0,12
4316,2.0,2.0,0.0,140,0.6846730769230769,1,0,0,52
4317,2.0,2.0,0.0,32,0.6846,1,0,0,17
4318,2.0,2.0,0.0,71,0.6845269230769231,1,0,0,23
4319,2.0,2.0,0.0,54,0.6844538461538462,1,0,0,24
4320,2.0,2.0,0.0,23,0.6843807692307693,1,0,0,7
4321,2.0,2.0,0.0,43,0.6843076923076923,1,0,0,15
4322,2.0,2.0,0.0,68,0.6842346153846154,1,0,0,28
4323,2.0,2.0,0.0,71,0.6841615384615385,1,0,0,33
4324,2.0,2.0,0.0,59,0.6840884615384615,1,0,0,21
4325,2.0,2.0,0.0,64,0.6840153846153847,1,0,0,19
4326,0.0,0.0,0.0,41,0.6839423076923077,0,1,0,13
4327,2.0,2.0,0.0,29,0.6838692307692308,1,0,0,11
4328,2.0,2.0,0.0,57,0.6837961538461539,1,0,0,18
4329,2.0,2.0,0.0,41,0.6837230769230769,1,0,0,16
4330,0.0,0.0,0.0,48,0.68365,0,1,0,17
4331,2.0,2.0,0.0,50,0.6835769230769231,1,0,0,20
4332,2.0,2.0,0.0,56,0.6835038461538462,1,0,0,21
4333,2.0,2.0,0.0,42,0.6834307692307693,1,0,0,9
4334,2.0,2.0,0.0,52,0.6833576923076923,1,0,0,21
4335,2.0,2.0,0.0,62,0.6832846153846154,1,0,0,24
4336,2.0,2.0,0.0,35,0.6832115384615385,1,0,0,12
4337,2.0,2.0,0.0,34,0.6831384615384615,1,0,0,17
4338,2.0,2.0,0.0,48,0.6830653846153847,1,0,0,21
4339,2.0,2.0,0.0,55,0.6829923076923077,1,0,0,22
4340,2.0,2.0,0.0,30,0.6829192307692308,1,0,0,13
4341,0.0,0.0,0.0,91,0.6828461538461539,0,1,0,41
4342,2.0,2.0,0.0,50,0.6827730769230769,1,0,0,22
4343,1.0,1.0,0.0,123,0.6827,0,1,0,47
4344,2.0,2.0,0.0,26,0.6826269230769231,1,0,0,12
4345,2.0,2.0,0.0,77,0.6825538461538462,1,0,0,27
4346,0.0,0.0,0.0,79,0.6824807692307693,0,1,0,29
4347,2.0,2.0,0.0,36,0.6824076923076923,1,0,0,10
4348,2.0,2.0,0.0,30,0.6823346153846154,1,0,0,9
4349,0.0,0.0,0.0,50,0.6822615384615385,0,1,0,17
4350,2.0,2.0,0.0,240,0.6821884615384615,1,0,0,102
4351,2.0,2.0,0.0,25,0.6821153846153847,1,0,0,7
4352,2.0,2.0,0.0,51,0.6820423076923077,1,0,0,24
4353,2.0,2.0,0.0,134,0.6819692307692308,1,0,0,56
4354,0.0,0.0,0.0,69,0.6818961538461539,0,1,0,29
4355,2.0,2.0,0.0,34,0.6818230769230769,1,0,0,12
4356,2.0,2.0,0.0,22,0.6817500000000001,1,0,0,10
4357,2.0,2.0,0.0,33,0.6816769230769231,1,0,0,10
4358,2.0,2.0,0.0,37,0.6816038461538462,1,0,0,18
4359,2.0,2.0,0.0,40,0.6815307692307693,1,0,0,14
4360,2.0,2.0,0.0,43,0.6814576923076923,1,0,0,18
4361,2.0,2.0,0.0,36,0.6813846153846154,1,0,0,22
4362,2.0,2.0,0.0,47,0.6813115384615385,1,0,0,17
4363,2.0,2.0,0.0,77,0.6812384615384615,1,0,0,33
4364,2.0,2.0,0.0,41,0.6811653846153847,1,0,0,16
4365,2.0,2.0,0.0,73,0.6810923076923077,1,0,0,33
4366,2.0,2.0,0.0,70,0.6810192307692308,1,0,0,30
4367,2.0,2.0,0.0,70,0.6809461538461539,1,0,0,31
4368,2.0,2.0,0.0,82,0.6808730769230769,1,0,0,38
4369,2.0,2.0,0.0,35,0.6808000000000001,1,0,0,14
4370,2.0,2.0,0.0,41,0.6807269230769231,1,0,0,14
4371,2.0,2.0,0.0,47,0.6806538461538462,1,0,0,18
4372,2.0,2.0,0.0,20,0.6805807692307693,1,0,0,5
4373,1.0,1.0,0.0,51,0.6805076923076923,0,1,0,15
4374,2.0,2.0,0.0,23,0.6804346153846155,1,0,0,8
4375,2.0,2.0,0.0,85,0.6803615384615385,1,0,0,28
4376,2.0,2.0,0.0,35,0.6802884615384615,1,0,0,15
4377,2.0,2.0,0.0,51,0.6802153846153847,1,0,0,18
4378,2.0,2.0,0.0,42,0.6801423076923077,1,0,0,14
4379,2.0,2.0,0.0,32,0.6800692307692309,1,0,0,15
4380,1.0,1.0,0.0,77,0.6799961538461539,0,1,0,27
4381,2.0,2.0,0.0,25,0.6799230769230769,1,0,0,8
4382,2.0,2.0,0.0,52,0.6798500000000001,1,0,0,22
4383,0.0,0.0,0.0,32,0.6797769230769231,0,1,0,15
4384,2.0,2.0,0.0,63,0.6797038461538462,1,0,0,27
4385,2.0,2.0,0.0,65,0.6796307692307693,1,0,0,25
4386,2.0,2.0,0.0,40,0.6795576923076923,1,0,0,17
4387,2.0,2.0,0.0,17,0.6794846153846155,1,0,0,9
4388,0.0,0.0,0.0,61,0.6794115384615385,0,1,0,29
4389,2.0,2.0,0.0,53,0.6793384615384614,1,0,0,36
4390,2.0,2.0,0.0,39,0.6792653846153847,1,0,0,13
4391,2.0,2.0,0.0,23,0.6791923076923077,1,0,0,15
4392,2.0,2.0,0.0,47,0.6791192307692309,1,0,0,17
4393,2.0,2.0,0.0,34,0.6790461538461539,1,0,0,16
4394,2.0,2.0,0.0,50,0.6789730769230768,1,0,0,17
4395,2.0,2.0,0.0,43,0.6789000000000001,1,0,0,16
4396,2.0,2.0,0.0,41,0.678826923076923,1,0,0,17
4397,2.0,2.0,0.0,56,0.6787538461538463,1,0,0,24
4398,0.0,0.0,0.0,23,0.6786807692307693,0,1,0,8
4399,2.0,2.0,0.0,183,0.6786076923076922,1,0,0,84
4400,2.0,2.0,0.0,77,0.6785346153846155,1,0,0,34
4401,2.0,2.0,0.0,33,0.6784615384615384,1,0,0,12
4402,2.0,2.0,0.0,36,0.6783884615384616,1,0,0,11
4403,2.0,2.0,0.0,31,0.6783153846153847,1,0,0,14
4404,2.0,2.0,0.0,43,0.6782423076923076,1,0,0,16
4405,2.0,2.0,0.0,33,0.6781692307692309,1,0,0,8
4406,2.0,2.0,0.0,42,0.6780961538461538,1,0,0,17
4407,2.0,2.0,0.0,49,0.678023076923077,1,0,0,25
4408,2.0,2.0,0.0,49,0.67795,1,0,0,19
4409,1.0,1.0,0.0,48,0.677876923076923,0,1,0,18
4410,2.0,2.0,0.0,63,0.6778038461538463,1,0,0,26
4411,2.0,2.0,0.0,50,0.6777307692307692,1,0,0,18
4412,2.0,2.0,0.0,34,0.6776576923076922,1,0,0,12
4413,2.0,2.0,0.0,29,0.6775846153846155,1,0,0,13
4414,2.0,2.0,0.0,56,0.6775115384615384,1,0,0,23
4415,2.0,2.0,0.0,28,0.6774384615384617,1,0,0,10
4416,0.0,0.0,0.0,23,0.6773653846153846,0,1,0,13
4417,2.0,2.0,0.0,62,0.6772923076923076,1,0,0,25
4418,2.0,2.0,0.0,64,0.6772192307692309,1,0,0,17
4419,2.0,2.0,0.0,67,0.6771461538461538,1,0,0,25
4420,2.0,2.0,0.0,45,0.6770730769230769,1,0,0,26
4421,2.0,2.0,0.0,49,0.677,1,0,0,22
4422,0.0,0.0,0.0,69,0.676926923076923,0,1,0,33
4423,2.0,2.0,0.0,52,0.6768538461538463,1,0,0,16
4424,2.0,2.0,0.0,41,0.6767807692307692,1,0,0,17
4425,2.0,2.0,0.0,44,0.6767076923076923,1,0,0,13
4426,2.0,2.0,0.0,57,0.6766346153846154,1,0,0,20
4427,2.0,2.0,0.0,34,0.6765615384615384,1,0,0,14
4428,0.0,0.0,0.0,64,0.6764884615384616,0,1,0,24
4429,2.0,2.0,0.0,50,0.6764153846153846,1,0,0,22
4430,2.0,2.0,0.0,103,0.6763423076923077,1,0,0,40
4431,2.0,2.0,0.0,56,0.6762692307692308,1,0,0,14
4432,2.0,2.0,0.0,41,0.6761961538461538,1,0,0,17
4433,2.0,2.0,0.0,70,0.6761230769230769,1,0,0,26
4434,2.0,2.0,0.0,37,0.67605,1,0,0,12
4435,2.0,2.0,0.0,35,0.675976923076923,1,0,0,12
4436,2.0,2.0,0.0,110,0.6759038461538462,1,0,0,52
4437,2.0,2.0,0.0,67,0.6758307692307692,1,0,0,25
4438,2.0,2.0,0.0,25,0.6757576923076923,1,0,0,13
4439,2.0,2.0,0.0,69,0.6756846153846154,1,0,0,30
4440,2.0,2.0,0.0,49,0.6756115384615384,1,0,0,18
4441,2.0,2.0,0.0,78,0.6755384615384616,1,0,0,29
4442,2.0,2.0,0.0,38,0.6754653846153846,1,0,0,14
4443,2.0,2.0,0.0,23,0.6753923076923077,1,0,0,13
4444,2.0,2.0,0.0,56,0.6753192307692308,1,0,0,21
4445,2.0,2.0,0.0,35,0.6752461538461538,1,0,0,12
4446,2.0,2.0,0.0,75,0.6751730769230769,1,0,0,27
4447,2.0,2.0,0.0,15,0.6751,1,0,0,4
4448,2.0,2.0,0.0,62,0.6750269230769231,1,0,0,26
4449,2.0,2.0,0.0,21,0.6749538461538462,1,0,0,9
4450,2.0,2.0,0.0,46,0.6748807692307692,1,0,0,16
4451,2.0,2.0,0.0,75,0.6748076923076923,1,0,0,22
4452,2.0,2.0,0.0,43,0.6747346153846154,1,0,0,11
4453,0.0,0.0,0.0,73,0.6746615384615384,0,1,0,27
4454,2.0,2.0,0.0,34,0.6745884615384616,1,0,0,19
4455,2.0,2.0,0.0,36,0.6745153846153846,1,0,0,10
4456,2.0,2.0,0.0,30,0.6744423076923077,1,0,0,12
4457,2.0,2.0,0.0,50,0.6743692307692308,1,0,0,18
4458,2.0,2.0,0.0,33,0.6742961538461538,1,0,0,13
4459,2.0,2.0,0.0,42,0.6742230769230769,1,0,0,17
4460,0.0,0.0,0.0,52,0.67415,0,1,0,21
4461,2.0,2.0,0.0,45,0.6740769230769231,1,0,0,20
4462,2.0,2.0,0.0,45,0.6740038461538462,1,0,0,21
4463,2.0,2.0,0.0,67,0.6739307692307692,1,0,0,27
4464,2.0,2.0,0.0,33,0.6738576923076923,1,0,0,14
4465,1.0,1.0,0.0,73,0.6737846153846154,0,1,0,21
4466,2.0,2.0,0.0,30,0.6737115384615384,1,0,0,13
4467,2.0,2.0,0.0,41,0.6736384615384616,1,0,0,14
4468,2.0,2.0,0.0,25,0.6735653846153846,1,0,0,7
4469,2.0,2.0,0.0,27,0.6734923076923077,1,0,0,14
4470,2.0,2.0,0.0,60,0.6734192307692308,1,0,0,23
4471,2.0,2.0,0.0,54,0.6733461538461538,1,0,0,24
4472,2.0,2.0,0.0,72,0.6732730769230769,1,0,0,32
4473,2.0,2.0,0.0,27,0.6732,1,0,0,10
4474,2.0,2.0,0.0,64,0.6731269230769231,1,0,0,27
4475,2.0,2.0,0.0,30,0.6730538461538462,1,0,0,16
4476,2.0,2.0,0.0,23,0.6729807692307692,1,0,0,7
4477,2.0,2.0,0.0,50,0.6729076923076923,1,0,0,17
4478,1.0,1.0,0.0,53,0.6728346153846154,0,1,0,17
4479,2.0,2.0,0.0,28,0.6727615384615384,1,0,0,12
4480,0.0,0.0,0.0,108,0.6726884615384616,0,1,0,44
4481,2.0,2.0,0.0,45,0.6726153846153846,1,0,0,20
4482,2.0,2.0,0.0,37,0.6725423076923077,1,0,0,14
4483,2.0,2.0,0.0,40,0.6724692307692308,1,0,0,19
4484,2.0,2.0,0.0,32,0.6723961538461538,1,0,0,13
4485,0.0,0.0,0.0,88,0.6723230769230769,0,1,0,42
4486,1.0,1.0,0.0,46,0.67225,0,1,0,19
4487,2.0,2.0,0.0,25,0.6721769230769231,1,0,0,6
4488,2.0,2.0,0.0,67,0.6721038461538462,1,0,0,29
4489,2.0,2.0,0.0,59,0.6720307692307692,1,0,0,16
4490,2.0,2.0,0.0,29,0.6719576923076923,1,0,0,8
4491,2.0,2.0,0.0,52,0.6718846153846154,1,0,0,21
4492,2.0,2.0,0.0,95,0.6718115384615384,1,0,0,37
4493,2.0,2.0,0.0,28,0.6717384615384616,1,0,0,9
4494,2.0,2.0,0.0,57,0.6716653846153846,1,0,0,27
4495,0.0,0.0,0.0,59,0.6715923076923077,0,1,0,25
4496,0.0,0.0,0.0,40,0.6715192307692308,0,1,0,12
4497,0.0,0.0,0.0,49,0.6714461538461538,0,1,0,15
4498,2.0,2.0,0.0,44,0.6713730769230769,1,0,0,23
4499,0.0,0.0,0.0,40,0.6713,0,1,0,19
4500,2.0,2.0,0.0,26,0.6712269230769231,1,0,0,6
4501,2.0,2.0,0.0,30,0.6711538461538462,1,0,0,14
4502,2.0,2.0,0.0,32,0.6710807692307692,1,0,0,18
4503,2.0,2.0,0.0,163,0.6710076923076923,1,0,0,61
4504,2.0,2.0,0.0,73,0.6709346153846154,1,0,0,30
4505,2.0,2.0,0.0,39,0.6708615384615384,1,0,0,14
4506,2.0,2.0,0.0,138,0.6707884615384616,1,0,0,50
4507,2.0,2.0,0.0,86,0.6707153846153846,1,0,0,37
4508,2.0,2.0,0.0,56,0.6706423076923077,1,0,0,21
4509,2.0,2.0,0.0,82,0.6705692307692308,1,0,0,38
4510,1.0,1.0,0.0,101,0.6704961538461538,0,1,0,49
4511,2.0,2.0,0.0,76,0.6704230769230769,1,0,0,24
4512,2.0,2.0,0.0,27,0.67035,1,0,0,6
4513,2.0,2.0,0.0,41,0.6702769230769231,1,0,0,17
4514,2.0,2.0,0.0,67,0.6702038461538462,1,0,0,28
4515,2.0,2.0,0.0,82,0.6701307692307692,1,0,0,40
4516,2.0,2.0,0.0,29,0.6700576923076923,1,0,0,10
4517,2.0,2.0,0.0,32,0.6699846153846154,1,0,0,14
4518,2.0,2.0,0.0,47,0.6699115384615384,1,0,0,12
4519,2.0,2.0,0.0,44,0.6698384615384616,1,0,0,17
4520,2.0,2.0,0.0,54,0.6697653846153846,1,0,0,24
4521,0.0,0.0,0.0,38,0.6696923076923077,0,1,0,19
4522,1.0,1.0,0.0,63,0.6696192307692308,0,1,0,28
4523,2.0,2.0,0.0,20,0.6695461538461538,1,0,0,8
4524,2.0,2.0,0.0,65,0.6694730769230769,1,0,0,32
4525,2.0,2.0,0.0,34,0.6694,1,0,0,12
4526,2.0,2.0,0.0,43,0.6693269230769231,1,0,0,19
4527,2.0,2.0,0.0,40,0.6692538461538462,1,0,0,17
4528,1.0,1.0,0.0,51,0.6691807692307692,0,1,0,19
4529,2.0,2.0,0.0,45,0.6691076923076923,1,0,0,19
4530,2.0,2.0,0.0,118,0.6690346153846154,1,0,0,45
4531,2.0,2.0,0.0,30,0.6689615384615384,1,0,0,12
4532,2.0,2.0,0.0,34,0.6688884615384616,1,0,0,13
4533,2.0,2.0,0.0,37,0.6688153846153846,1,0,0,11
4534,2.0,2.0,0.0,51,0.6687423076923077,1,0,0,22
4535,0.0,0.0,0.0,28,0.6686692307692308,0,1,0,11
4536,1.0,1.0,0.0,164,0.6685961538461538,0,1,0,61
4537,2.0,2.0,0.0,45,0.668523076923077,1,0,0,15
4538,2.0,2.0,0.0,76,0.66845,1,0,0,37
4539,2.0,2.0,0.0,45,0.6683769230769231,1,0,0,16
4540,2.0,2.0,0.0,32,0.6683038461538462,1,0,0,10
4541,2.0,2.0,0.0,64,0.6682307692307692,1,0,0,21
4542,2.0,2.0,0.0,56,0.6681576923076923,1,0,0,17
4543,2.0,2.0,0.0,33,0.6680846153846154,1,0,0,11
4544,2.0,2.0,0.0,39,0.6680115384615385,1,0,0,12
4545,2.0,2.0,0.0,26,0.6679384615384616,1,0,0,9
4546,2.0,2.0,0.0,101,0.6678653846153846,1,0,0,47
4547,1.0,1.0,0.0,157,0.6677923076923077,0,1,0,57
4548,2.0,2.0,0.0,36,0.6677192307692308,1,0,0,15
4549,2.0,2.0,0.0,47,0.6676461538461538,1,0,0,23
4550,2.0,2.0,0.0,33,0.667573076923077,1,0,0,16
4551,2.0,2.0,0.0,40,0.6675,1,0,0,18
4552,0.0,0.0,0.0,35,0.6674269230769231,0,1,0,14
4553,2.0,2.0,0.0,78,0.6673538461538462,1,0,0,31
4554,0.0,0.0,0.0,52,0.6672807692307692,0,1,0,14
4555,2.0,2.0,0.0,113,0.6672076923076924,1,0,0,45
4556,0.0,0.0,0.0,39,0.6671346153846154,0,1,0,19
4557,2.0,2.0,0.0,205,0.6670615384615385,1,0,0,83
4558,2.0,2.0,0.0,73,0.6669884615384616,1,0,0,28
4559,1.0,1.0,0.0,45,0.6669153846153846,0,1,0,17
4560,2.0,2.0,0.0,61,0.6668423076923078,1,0,0,23
4561,2.0,2.0,0.0,71,0.6667692307692308,1,0,0,26
4562,2.0,2.0,0.0,42,0.6666961538461538,1,0,0,16
4563,2.0,2.0,0.0,53,0.666623076923077,1,0,0,20
4564,1.0,1.0,0.0,59,0.66655,0,1,0,23
4565,2.0,2.0,0.0,27,0.6664769230769231,1,0,0,14
4566,2.0,2.0,0.0,37,0.6664038461538462,1,0,0,14
4567,1.0,1.0,0.0,37,0.6663307692307692,0,1,0,14
4568,2.0,2.0,0.0,38,0.6662576923076924,1,0,0,19
4569,2.0,2.0,0.0,36,0.6661846153846154,1,0,0,14
4570,1.0,1.0,0.0,155,0.6661115384615385,0,1,0,68
4571,0.0,0.0,0.0,142,0.6660384615384616,0,1,0,68
4572,2.0,2.0,0.0,53,0.6659653846153846,1,0,0,23
4573,2.0,2.0,0.0,53,0.6658923076923078,1,0,0,21
4574,2.0,2.0,0.0,60,0.6658192307692308,1,0,0,24
4575,2.0,2.0,0.0,36,0.6657461538461538,1,0,0,19
4576,2.0,2.0,0.0,51,0.665673076923077,1,0,0,23
4577,2.0,2.0,0.0,56,0.6656,1,0,0,17
4578,2.0,2.0,0.0,34,0.6655269230769232,1,0,0,19
4579,2.0,2.0,0.0,76,0.6654538461538462,1,0,0,33
4580,2.0,2.0,0.0,34,0.6653807692307692,1,0,0,15
4581,2.0,2.0,0.0,34,0.6653076923076924,1,0,0,9
4582,2.0,2.0,0.0,27,0.6652346153846154,1,0,0,11
4583,2.0,2.0,0.0,22,0.6651615384615386,1,0,0,10
4584,2.0,2.0,0.0,33,0.6650884615384616,1,0,0,12
4585,2.0,2.0,0.0,35,0.6650153846153846,1,0,0,11
4586,2.0,2.0,0.0,54,0.6649423076923078,1,0,0,21
4587,2.0,2.0,0.0,22,0.6648692307692308,1,0,0,8
4588,0.0,0.0,0.0,51,0.6647961538461539,0,1,0,11
4589,2.0,2.0,0.0,137,0.664723076923077,1,0,0,60
4590,2.0,2.0,0.0,39,0.66465,1,0,0,11
4591,1.0,1.0,0.0,55,0.6645769230769232,0,1,0,17
4592,2.0,2.0,0.0,46,0.6645038461538462,1,0,0,14
4593,2.0,2.0,0.0,40,0.6644307692307692,1,0,0,19
4594,2.0,2.0,0.0,30,0.6643576923076924,1,0,0,12
4595,2.0,2.0,0.0,26,0.6642846153846154,1,0,0,11
4596,1.0,1.0,0.0,157,0.6642115384615386,0,1,0,73
4597,2.0,2.0,0.0,26,0.6641384615384616,1,0,0,13
4598,2.0,2.0,0.0,35,0.6640653846153846,1,0,0,9
4599,2.0,2.0,0.0,63,0.6639923076923078,1,0,0,33
4600,2.0,2.0,0.0,53,0.6639192307692308,1,0,0,26
4601,2.0,2.0,0.0,199,0.6638461538461539,1,0,0,63
4602,2.0,2.0,0.0,32,0.663773076923077,1,0,0,8
4603,0.0,0.0,0.0,23,0.6637,0,1,0,13
4604,0.0,0.0,0.0,31,0.6636269230769232,0,1,0,10
4605,1.0,1.0,0.0,47,0.6635538461538462,0,1,0,22
4606,2.0,2.0,0.0,69,0.6634807692307693,1,0,0,24
4607,0.0,0.0,0.0,60,0.6634076923076924,0,1,0,22
4608,2.0,2.0,0.0,76,0.6633346153846154,1,0,0,37
4609,2.0,2.0,0.0,33,0.6632615384615386,1,0,0,14
4610,2.0,2.0,0.0,77,0.6631884615384616,1,0,0,24
4611,2.0,2.0,0.0,43,0.6631153846153847,1,0,0,18
4612,2.0,2.0,0.0,22,0.6630423076923078,1,0,0,8
4613,2.0,2.0,0.0,49,0.6629692307692308,1,0,0,19
4614,2.0,2.0,0.0,54,0.6628961538461539,1,0,0,18
4615,2.0,2.0,0.0,54,0.662823076923077,1,0,0,27
4616,2.0,2.0,0.0,55,0.66275,1,0,0,20
4617,2.0,2.0,0.0,28,0.6626769230769232,1,0,0,11
4618,2.0,2.0,0.0,35,0.6626038461538462,1,0,0,14
4619,2.0,2.0,0.0,24,0.6625307692307693,1,0,0,9
4620,1.0,1.0,0.0,28,0.6624576923076924,0,1,0,10
4621,2.0,2.0,0.0,87,0.6623846153846153,1,0,0,32
4622,2.0,2.0,0.0,31,0.6623115384615386,1,0,0,15
4623,2.0,2.0,0.0,59,0.6622384615384616,1,0,0,25
4624,2.0,2.0,0.0,30,0.6621653846153847,1,0,0,12
4625,2.0,2.0,0.0,78,0.6620923076923078,1,0,0,31
4626,2.0,2.0,0.0,24,0.6620192307692307,1,0,0,10
4627,2.0,2.0,0.0,38,0.6619461538461539,1,0,0,21
4628,2.0,2.0,0.0,25,0.661873076923077,1,0,0,12
4629,2.0,2.0,0.0,37,0.6618,1,0,0,15
4630,2.0,2.0,0.0,55,0.6617269230769232,1,0,0,22
4631,2.0,2.0,0.0,72,0.6616538461538461,1,0,0,28
4632,2.0,2.0,0.0,16,0.6615807692307693,1,0,0,9
4633,2.0,2.0,0.0,31,0.6615076923076924,1,0,0,10
4634,2.0,2.0,0.0,39,0.6614346153846153,1,0,0,16
4635,2.0,2.0,0.0,37,0.6613615384615386,1,0,0,19
4636,2.0,2.0,0.0,37,0.6612884615384615,1,0,0,12
4637,2.0,2.0,0.0,47,0.6612153846153846,1,0,0,21
4638,2.0,2.0,0.0,48,0.6611423076923078,1,0,0,14
4639,2.0,2.0,0.0,51,0.6610692307692307,1,0,0,17
4640,2.0,2.0,0.0,28,0.6609961538461538,1,0,0,10
4641,2.0,2.0,0.0,55,0.660923076923077,1,0,0,17
4642,2.0,2.0,0.0,20,0.66085,1,0,0,9
4643,2.0,2.0,0.0,43,0.6607769230769232,1,0,0,23
4644,2.0,2.0,0.0,33,0.6607038461538461,1,0,0,12
4645,2.0,2.0,0.0,152,0.6606307692307692,1,0,0,62
4646,2.0,2.0,0.0,26,0.6605576923076923,1,0,0,11
4647,2.0,2.0,0.0,30,0.6604846153846153,1,0,0,8
4648,2.0,2.0,0.0,327,0.6604115384615385,1,0,0,135
4649,2.0,2.0,0.0,60,0.6603384615384615,1,0,0,26
4650,2.0,2.0,0.0,28,0.6602653846153846,1,0,0,10
4651,0.0,0.0,0.0,56,0.6601923076923077,0,1,0,22
4652,2.0,2.0,0.0,24,0.6601192307692307,1,0,0,9
4653,2.0,2.0,0.0,24,0.6600461538461538,1,0,0,10
4654,2.0,2.0,0.0,25,0.6599730769230769,1,0,0,7
4655,2.0,2.0,0.0,19,0.6599,1,0,0,8
4656,2.0,2.0,0.0,48,0.6598269230769231,1,0,0,18
4657,2.0,2.0,0.0,88,0.6597538461538461,1,0,0,36
4658,2.0,2.0,0.0,34,0.6596807692307692,1,0,0,19
4659,0.0,0.0,0.0,45,0.6596076923076923,0,1,0,14
4660,2.0,2.0,0.0,33,0.6595346153846154,1,0,0,13
4661,2.0,2.0,0.0,39,0.6594615384615385,1,0,0,17
4662,2.0,2.0,0.0,32,0.6593884615384615,1,0,0,9
4663,2.0,2.0,0.0,65,0.6593153846153846,1,0,0,23
4664,2.0,2.0,0.0,30,0.6592423076923077,1,0,0,12
4665,2.0,2.0,0.0,35,0.6591692307692307,1,0,0,11
4666,2.0,2.0,0.0,51,0.6590961538461538,1,0,0,18
4667,2.0,2.0,0.0,66,0.6590230769230769,1,0,0,32
4668,2.0,2.0,0.0,29,0.65895,1,0,0,9
4669,2.0,2.0,0.0,36,0.6588769230769231,1,0,0,10
4670,2.0,2.0,0.0,23,0.6588038461538461,1,0,0,10
4671,2.0,2.0,0.0,35,0.6587307692307692,1,0,0,16
4672,2.0,2.0,0.0,23,0.6586576923076923,1,0,0,7
4673,2.0,2.0,0.0,22,0.6585846153846154,1,0,0,10
4674,2.0,2.0,0.0,29,0.6585115384615385,1,0,0,13
4675,2.0,2.0,0.0,72,0.6584384615384615,1,0,0,26
4676,0.0,0.0,0.0,61,0.6583653846153846,0,1,0,28
4677,2.0,2.0,0.0,28,0.6582923076923077,1,0,0,8
4678,2.0,2.0,0.0,35,0.6582192307692307,1,0,0,16
4679,2.0,2.0,0.0,26,0.6581461538461538,1,0,0,11
4680,2.0,2.0,0.0,38,0.6580730769230769,1,0,0,16
4681,2.0,2.0,0.0,36,0.658,1,0,0,15
4682,2.0,2.0,0.0,35,0.6579269230769231,1,0,0,11
4683,1.0,1.0,0.0,133,0.6578538461538461,0,1,0,49
4684,2.0,2.0,0.0,28,0.6577807692307692,1,0,0,6
4685,2.0,2.0,0.0,52,0.6577076923076923,1,0,0,20
4686,2.0,2.0,0.0,15,0.6576346153846154,1,0,0,6
4687,2.0,2.0,0.0,24,0.6575615384615385,1,0,0,7
4688,0.0,0.0,0.0,36,0.6574884615384615,0,1,0,13
4689,2.0,2.0,0.0,38,0.6574153846153846,1,0,0,14
4690,2.0,2.0,0.0,29,0.6573423076923077,1,0,0,10
4691,0.0,0.0,0.0,32,0.6572692307692307,0,1,0,16
4692,2.0,2.0,0.0,69,0.6571961538461538,1,0,0,31
4693,2.0,2.0,0.0,57,0.6571230769230769,1,0,0,30
4694,2.0,2.0,0.0,37,0.65705,1,0,0,20
4695,2.0,2.0,0.0,56,0.6569769230769231,1,0,0,17
4696,2.0,2.0,0.0,35,0.6569038461538461,1,0,0,19
4697,2.0,2.0,0.0,67,0.6568307692307692,1,0,0,23
4698,1.0,1.0,0.0,350,0.6567576923076923,0,0,1,128
4699,2.0,2.0,0.0,46,0.6566846153846154,1,0,0,15
4700,0.0,0.0,0.0,40,0.6566115384615385,0,1,0,17
4701,2.0,2.0,0.0,48,0.6565384615384615,1,0,0,16
4702,2.0,2.0,0.0,63,0.6564653846153846,1,0,0,20
4703,0.0,0.0,0.0,55,0.6563923076923077,0,1,0,24
4704,2.0,2.0,0.0,41,0.6563192307692307,1,0,0,12
4705,2.0,2.0,0.0,70,0.6562461538461538,1,0,0,34
4706,2.0,2.0,0.0,44,0.6561730769230769,1,0,0,20
4707,2.0,2.0,0.0,64,0.6561,1,0,0,24
4708,2.0,2.0,0.0,45,0.6560269230769231,1,0,0,15
4709,2.0,2.0,0.0,32,0.6559538461538461,1,0,0,11
4710,1.0,1.0,0.0,27,0.6558807692307692,0,1,0,9
4711,2.0,2.0,0.0,39,0.6558076923076923,1,0,0,19
4712,2.0,2.0,0.0,40,0.6557346153846154,1,0,0,15
4713,1.0,1.0,0.0,44,0.6556615384615385,0,1,0,20
4714,0.0,0.0,0.0,40,0.6555884615384615,0,1,0,15
4715,2.0,2.0,0.0,32,0.6555153846153846,1,0,0,15
4716,2.0,2.0,0.0,42,0.6554423076923077,1,0,0,14
4717,2.0,2.0,0.0,24,0.6553692307692307,1,0,0,11
4718,1.0,1.0,0.0,151,0.6552961538461539,0,1,0,50
4719,2.0,2.0,0.0,42,0.6552230769230769,1,0,0,13
4720,2.0,2.0,0.0,50,0.65515,1,0,0,19
4721,2.0,2.0,0.0,38,0.6550769230769231,1,0,0,13
4722,2.0,2.0,0.0,30,0.6550038461538461,1,0,0,10
4723,2.0,2.0,0.0,33,0.6549307692307692,1,0,0,6
4724,2.0,2.0,0.0,38,0.6548576923076923,1,0,0,14
4725,2.0,2.0,0.0,25,0.6547846153846154,1,0,0,7
4726,2.0,2.0,0.0,26,0.6547115384615385,1,0,0,9
4727,2.0,2.0,0.0,32,0.6546384615384615,1,0,0,8
4728,2.0,2.0,0.0,21,0.6545653846153846,1,0,0,4
4729,2.0,2.0,0.0,30,0.6544923076923077,1,0,0,16
4730,0.0,0.0,0.0,36,0.6544192307692307,0,1,0,14
4731,2.0,2.0,0.0,61,0.6543461538461539,1,0,0,27
4732,2.0,2.0,0.0,32,0.6542730769230769,1,0,0,14
4733,2.0,2.0,0.0,59,0.6542,1,0,0,19
4734,2.0,2.0,0.0,28,0.6541269230769231,1,0,0,11
4735,2.0,2.0,0.0,20,0.6540538461538461,1,0,0,7
4736,2.0,2.0,0.0,57,0.6539807692307693,1,0,0,19
4737,1.0,1.0,0.0,48,0.6539076923076923,0,1,0,18
4738,2.0,2.0,0.0,45,0.6538346153846154,1,0,0,18
4739,2.0,2.0,0.0,46,0.6537615384615385,1,0,0,20
4740,2.0,2.0,0.0,16,0.6536884615384615,1,0,0,3
4741,2.0,2.0,0.0,40,0.6536153846153847,1,0,0,21
4742,2.0,2.0,0.0,34,0.6535423076923077,1,0,0,14
4743,2.0,2.0,0.0,60,0.6534692307692307,1,0,0,23
4744,2.0,2.0,0.0,18,0.6533961538461539,1,0,0,6
4745,2.0,2.0,0.0,56,0.6533230769230769,1,0,0,15
4746,2.0,2.0,0.0,24,0.65325,1,0,0,11
4747,2.0,2.0,0.0,56,0.6531769230769231,1,0,0,22
4748,2.0,2.0,0.0,30,0.6531038461538461,1,0,0,14
4749,2.0,2.0,0.0,67,0.6530307692307693,1,0,0,24
4750,2.0,2.0,0.0,31,0.6529576923076923,1,0,0,9
4751,2.0,2.0,0.0,62,0.6528846153846154,1,0,0,32
4752,0.0,0.0,0.0,45,0.6528115384615385,0,1,0,17
4753,1.0,1.0,0.0,46,0.6527384615384615,0,1,0,17
4754,2.0,2.0,0.0,27,0.6526653846153847,1,0,0,6
4755,2.0,2.0,0.0,33,0.6525923076923077,1,0,0,9
4756,2.0,2.0,0.0,36,0.6525192307692307,1,0,0,17
4757,2.0,2.0,0.0,88,0.6524461538461539,1,0,0,37
4758,2.0,2.0,0.0,33,0.6523730769230769,1,0,0,12
4759,2.0,2.0,0.0,58,0.6523000000000001,1,0,0,20
4760,2.0,2.0,0.0,32,0.6522269230769231,1,0,0,8
4761,0.0,0.0,0.0,46,0.6521538461538461,0,1,0,16
4762,2.0,2.0,0.0,28,0.6520807692307693,1,0,0,9
4763,2.0,2.0,0.0,28,0.6520076923076923,1,0,0,8
4764,2.0,2.0,0.0,38,0.6519346153846155,1,0,0,15
4765,2.0,2.0,0.0,43,0.6518615384615385,1,0,0,18
4766,2.0,2.0,0.0,32,0.6517884615384615,1,0,0,11
4767,2.0,2.0,0.0,55,0.6517153846153847,1,0,0,25
4768,2.0,2.0,0.0,48,0.6516423076923077,1,0,0,24
4769,1.0,1.0,0.0,150,0.6515692307692308,0,1,0,65
4770,2.0,2.0,0.0,82,0.6514961538461539,1,0,0,27
4771,2.0,2.0,0.0,34,0.6514230769230769,1,0,0,18
4772,2.0,2.0,0.0,43,0.6513500000000001,1,0,0,12
4773,2.0,2.0,0.0,47,0.6512769230769231,1,0,0,14
4774,2.0,2.0,0.0,47,0.6512038461538461,1,0,0,17
4775,2.0,2.0,0.0,41,0.6511307692307693,1,0,0,14
4776,2.0,2.0,0.0,40,0.6510576923076923,1,0,0,12
4777,2.0,2.0,0.0,28,0.6509846153846155,1,0,0,12
4778,2.0,2.0,0.0,68,0.6509115384615385,1,0,0,28
4779,2.0,2.0,0.0,41,0.6508384615384615,1,0,0,11
4780,0.0,0.0,0.0,44,0.6507653846153847,0,1,0,21
4781,2.0,2.0,0.0,44,0.6506923076923077,1,0,0,19
4782,2.0,2.0,0.0,35,0.6506192307692308,1,0,0,14
4783,2.0,2.0,0.0,67,0.6505461538461539,1,0,0,26
4784,0.0,0.0,0.0,36,0.6504730769230769,0,1,0,11
4785,2.0,2.0,0.0,189,0.6504000000000001,1,0,0,68
4786,2.0,2.0,0.0,36,0.6503269230769231,1,0,0,11
4787,2.0,2.0,0.0,47,0.6502538461538462,1,0,0,14
4788,2.0,2.0,0.0,53,0.6501807692307693,1,0,0,24
4789,0.0,0.0,0.0,84,0.6501076923076923,0,1,0,32
4790,2.0,2.0,0.0,51,0.6500346153846155,1,0,0,22
4791,2.0,2.0,0.0,34,0.6499615384615385,1,0,0,12
4792,2.0,2.0,0.0,85,0.6498884615384616,1,0,0,32
4793,0.0,0.0,0.0,32,0.6498153846153847,0,1,0,14
4794,2.0,2.0,0.0,39,0.6497423076923077,1,0,0,20
4795,2.0,2.0,0.0,48,0.6496692307692308,1,0,0,16
4796,2.0,2.0,0.0,20,0.6495961538461539,1,0,0,9
4797,2.0,2.0,0.0,96,0.6495230769230769,1,0,0,41
4798,0.0,0.0,0.0,43,0.6494500000000001,0,1,0,19
4799,2.0,2.0,0.0,26,0.6493769230769231,1,0,0,12
4800,2.0,2.0,0.0,38,0.6493038461538462,1,0,0,16
4801,2.0,2.0,0.0,46,0.6492307692307693,1,0,0,19
4802,2.0,2.0,0.0,31,0.6491576923076923,1,0,0,11
4803,2.0,2.0,0.0,34,0.6490846153846155,1,0,0,11
4804,2.0,2.0,0.0,47,0.6490115384615385,1,0,0,19
4805,2.0,2.0,0.0,101,0.6489384615384616,1,0,0,39
4806,2.0,2.0,0.0,25,0.6488653846153847,1,0,0,11
4807,2.0,2.0,0.0,35,0.6487923076923077,1,0,0,13
4808,2.0,2.0,0.0,30,0.6487192307692308,1,0,0,10
4809,2.0,2.0,0.0,23,0.6486461538461539,1,0,0,5
4810,2.0,2.0,0.0,65,0.648573076923077,1,0,0,27
4811,2.0,2.0,0.0,53,0.6485000000000001,1,0,0,16
4812,2.0,2.0,0.0,75,0.6484269230769231,1,0,0,22
4813,2.0,2.0,0.0,32,0.6483538461538462,1,0,0,8
4814,2.0,2.0,0.0,45,0.6482807692307693,1,0,0,19
4815,2.0,2.0,0.0,25,0.6482076923076924,1,0,0,7
4816,0.0,0.0,0.0,41,0.6481346153846155,0,1,0,17
4817,2.0,2.0,0.0,46,0.6480615384615385,1,0,0,12
4818,2.0,2.0,0.0,27,0.6479884615384616,1,0,0,6
4819,2.0,2.0,0.0,31,0.6479153846153847,1,0,0,12
4820,1.0,1.0,0.0,66,0.6478423076923077,0,1,0,31
4821,1.0,1.0,0.0,58,0.6477692307692308,0,1,0,24
4822,2.0,2.0,0.0,37,0.6476961538461539,1,0,0,18
4823,2.0,2.0,0.0,37,0.647623076923077,1,0,0,15
4824,2.0,2.0,0.0,39,0.6475500000000001,1,0,0,17
4825,2.0,2.0,0.0,36,0.6474769230769231,1,0,0,15
4826,2.0,2.0,0.0,27,0.6474038461538462,1,0,0,14
4827,2.0,2.0,0.0,21,0.6473307692307693,1,0,0,4
4828,2.0,2.0,0.0,48,0.6472576923076924,1,0,0,24
4829,2.0,2.0,0.0,40,0.6471846153846155,1,0,0,12
4830,2.0,2.0,0.0,61,0.6471115384615385,1,0,0,24
4831,0.0,0.0,0.0,18,0.6470384615384616,0,1,0,9
4832,2.0,2.0,0.0,28,0.6469653846153847,1,0,0,11
4833,2.0,2.0,0.0,97,0.6468923076923077,1,0,0,40
4834,2.0,2.0,0.0,57,0.6468192307692308,1,0,0,15
4835,2.0,2.0,0.0,38,0.6467461538461539,1,0,0,13
4836,2.0,2.0,0.0,60,0.646673076923077,1,0,0,22
4837,2.0,2.0,0.0,29,0.6466000000000001,1,0,0,13
4838,2.0,2.0,0.0,44,0.646526923076923,1,0,0,16
4839,2.0,2.0,0.0,46,0.6464538461538462,1,0,0,13
4840,2.0,2.0,0.0,30,0.6463807692307693,1,0,0,11
4841,2.0,2.0,0.0,27,0.6463076923076924,1,0,0,11
4842,2.0,2.0,0.0,49,0.6462346153846155,1,0,0,20
4843,0.0,0.0,0.0,43,0.6461615384615385,0,1,0,20
4844,2.0,2.0,0.0,33,0.6460884615384616,1,0,0,9
4845,2.0,2.0,0.0,34,0.6460153846153847,1,0,0,16
4846,1.0,1.0,0.0,110,0.6459423076923076,0,1,0,43
4847,2.0,2.0,0.0,37,0.6458692307692309,1,0,0,14
4848,2.0,2.0,0.0,22,0.6457961538461539,1,0,0,11
4849,2.0,2.0,0.0,18,0.645723076923077,1,0,0,3
4850,2.0,2.0,0.0,33,0.6456500000000001,1,0,0,13
4851,2.0,2.0,0.0,27,0.645576923076923,1,0,0,10
4852,2.0,2.0,0.0,55,0.6455038461538462,1,0,0,26
4853,2.0,2.0,0.0,77,0.6454307692307693,1,0,0,29
4854,2.0,2.0,0.0,46,0.6453576923076924,1,0,0,21
4855,1.0,1.0,0.0,350,0.6452846153846155,0,0,1,127
4856,2.0,2.0,0.0,41,0.6452115384615384,1,0,0,17
4857,2.0,2.0,0.0,33,0.6451384615384615,1,0,0,7
4858,2.0,2.0,0.0,48,0.6450653846153847,1,0,0,13
4859,2.0,2.0,0.0,19,0.6449923076923076,1,0,0,8
4860,2.0,2.0,0.0,72,0.6449192307692309,1,0,0,19
4861,2.0,2.0,0.0,191,0.6448461538461538,1,0,0,72
4862,2.0,2.0,0.0,68,0.644773076923077,1,0,0,29
4863,2.0,2.0,0.0,19,0.6447,1,0,0,9
4864,2.0,2.0,0.0,24,0.644626923076923,1,0,0,8
4865,2.0,2.0,0.0,59,0.6445538461538461,1,0,0,27
4866,2.0,2.0,0.0,62,0.6444807692307692,1,0,0,23
4867,2.0,2.0,0.0,45,0.6444076923076923,1,0,0,17
4868,2.0,2.0,0.0,25,0.6443346153846155,1,0,0,11
4869,2.0,2.0,0.0,46,0.6442615384615384,1,0,0,16
4870,2.0,2.0,0.0,42,0.6441884615384615,1,0,0,13
4871,2.0,2.0,0.0,44,0.6441153846153846,1,0,0,19
4872,2.0,2.0,0.0,21,0.6440423076923076,1,0,0,10
4873,2.0,2.0,0.0,34,0.6439692307692308,1,0,0,15
4874,2.0,2.0,0.0,28,0.6438961538461538,1,0,0,7
4875,2.0,2.0,0.0,36,0.6438230769230769,1,0,0,12
4876,2.0,2.0,0.0,25,0.64375,1,0,0,9
4877,2.0,2.0,0.0,45,0.643676923076923,1,0,0,19
4878,2.0,2.0,0.0,46,0.6436038461538461,1,0,0,14
4879,2.0,2.0,0.0,38,0.6435307692307692,1,0,0,12
4880,2.0,2.0,0.0,38,0.6434576923076923,1,0,0,13
4881,2.0,2.0,0.0,93,0.6433846153846154,1,0,0,40
4882,2.0,2.0,0.0,52,0.6433115384615384,1,0,0,15
4883,1.0,1.0,0.0,31,0.6432384615384615,0,1,0,13
4884,2.0,2.0,0.0,53,0.6431653846153846,1,0,0,25
4885,2.0,2.0,0.0,49,0.6430923076923076,1,0,0,15
4886,2.0,2.0,0.0,73,0.6430192307692308,1,0,0,25
4887,2.0,2.0,0.0,35,0.6429461538461538,1,0,0,14
4888,2.0,2.0,0.0,26,0.6428730769230769,1,0,0,10
4889,2.0,2.0,0.0,44,0.6428,1,0,0,15
4890,2.0,2.0,0.0,40,0.642726923076923,1,0,0,22
4891,2.0,2.0,0.0,56,0.6426538461538461,1,0,0,26
4892,2.0,2.0,0.0,32,0.6425807692307692,1,0,0,15
4893,2.0,2.0,0.0,45,0.6425076923076923,1,0,0,15
4894,2.0,2.0,0.0,37,0.6424346153846154,1,0,0,16
4895,2.0,2.0,0.0,51,0.6423615384615384,1,0,0,15
4896,2.0,2.0,0.0,59,0.6422884615384615,1,0,0,23
4897,2.0,2.0,0.0,48,0.6422153846153846,1,0,0,14
4898,2.0,2.0,0.0,47,0.6421423076923076,1,0,0,19
4899,1.0,1.0,0.0,43,0.6420692307692308,0,1,0,20
4900,2.0,2.0,0.0,48,0.6419961538461538,1,0,0,22
4901,2.0,2.0,0.0,39,0.6419230769230769,1,0,0,12
4902,2.0,2.0,0.0,59,0.64185,1,0,0,30
4903,2.0,2.0,0.0,32,0.641776923076923,1,0,0,10
4904,2.0,2.0,0.0,77,0.6417038461538462,1,0,0,25
4905,2.0,2.0,0.0,84,0.6416307692307692,1,0,0,31
4906,0.0,0.0,0.0,44,0.6415576923076923,0,1,0,17
4907,2.0,2.0,0.0,25,0.6414846153846154,1,0,0,9
4908,2.0,2.0,0.0,73,0.6414115384615384,1,0,0,22
4909,2.0,2.0,0.0,53,0.6413384615384615,1,0,0,21
4910,2.0,2.0,0.0,28,0.6412653846153846,1,0,0,12
4911,2.0,2.0,0.0,31,0.6411923076923076,1,0,0,11
4912,2.0,2.0,0.0,18,0.6411192307692308,1,0,0,4
4913,2.0,2.0,0.0,49,0.6410461538461538,1,0,0,20
4914,2.0,2.0,0.0,34,0.6409730769230769,1,0,0,14
4915,2.0,2.0,0.0,52,0.6409,1,0,0,18
4916,2.0,2.0,0.0,58,0.640826923076923,1,0,0,26
4917,2.0,2.0,0.0,46,0.6407538461538462,1,0,0,19
4918,2.0,2.0,0.0,30,0.6406807692307692,1,0,0,13
4919,2.0,2.0,0.0,54,0.6406076923076923,1,0,0,25
4920,2.0,2.0,0.0,96,0.6405346153846154,1,0,0,38
4921,2.0,2.0,0.0,22,0.6404615384615384,1,0,0,8
4922,2.0,2.0,0.0,27,0.6403884615384616,1,0,0,13
4923,2.0,2.0,0.0,50,0.6403153846153846,1,0,0,15
4924,2.0,2.0,0.0,59,0.6402423076923076,1,0,0,21
4925,2.0,2.0,0.0,28,0.6401692307692308,1,0,0,13
4926,2.0,2.0,0.0,57,0.6400961538461538,1,0,0,19
4927,2.0,2.0,0.0,40,0.640023076923077,1,0,0,23
4928,2.0,2.0,0.0,35,0.63995,1,0,0,14
4929,2.0,2.0,0.0,51,0.639876923076923,1,0,0,17
4930,2.0,2.0,0.0,40,0.6398038461538462,1,0,0,13
4931,2.0,2.0,0.0,27,0.6397307692307692,1,0,0,7
4932,2.0,2.0,0.0,57,0.6396576923076923,1,0,0,27
4933,0.0,0.0,0.0,42,0.6395846153846154,0,1,0,14
4934,2.0,2.0,0.0,75,0.6395115384615384,1,0,0,24
4935,2.0,2.0,0.0,31,0.6394384615384616,1,0,0,12
4936,0.0,0.0,0.0,89,0.6393653846153846,0,1,0,38
4937,2.0,2.0,0.0,69,0.6392923076923076,1,0,0,25
4938,2.0,2.0,0.0,41,0.6392192307692308,1,0,0,19
4939,2.0,2.0,0.0,29,0.6391461538461538,1,0,0,9
4940,0.0,0.0,0.0,44,0.639073076923077,0,1,0,17
4941,2.0,2.0,0.0,32,0.639,1,0,0,13
4942,2.0,2.0,0.0,33,0.638926923076923,1,0,0,14
4943,2.0,2.0,0.0,44,0.6388538461538462,1,0,0,19
4944,2.0,2.0,0.0,60,0.6387807692307692,1,0,0,23
4945,2.0,2.0,0.0,38,0.6387076923076924,1,0,0,17
4946,2.0,2.0,0.0,27,0.6386346153846154,1,0,0,13
4947,2.0,2.0,0.0,35,0.6385615384615384,1,0,0,13
4948,2.0,2.0,0.0,55,0.6384884615384616,1,0,0,21
4949,2.0,2.0,0.0,59,0.6384153846153846,1,0,0,22
4950,2.0,2.0,0.0,33,0.6383423076923077,1,0,0,14
4951,2.0,2.0,0.0,25,0.6382692307692308,1,0,0,6
4952,2.0,2.0,0.0,55,0.6381961538461538,1,0,0,21
4953,2.0,2.0,0.0,31,0.638123076923077,1,0,0,11
4954,2.0,2.0,0.0,38,0.63805,1,0,0,20
4955,2.0,2.0,0.0,58,0.6379769230769231,1,0,0,20
4956,2.0,2.0,0.0,28,0.6379038461538462,1,0,0,13
4957,0.0,0.0,0.0,27,0.6378307692307692,0,1,0,10
4958,2.0,2.0,0.0,22,0.6377576923076924,1,0,0,6
4959,2.0,2.0,0.0,48,0.6376846153846154,1,0,0,22
4960,0.0,0.0,0.0,26,0.6376115384615384,0,1,0,6
4961,2.0,2.0,0.0,53,0.6375384615384616,1,0,0,22
4962,1.0,1.0,0.0,57,0.6374653846153846,0,1,0,25
4963,2.0,2.0,0.0,54,0.6373923076923077,1,0,0,21
4964,2.0,2.0,0.0,49,0.6373192307692308,1,0,0,12
4965,2.0,2.0,0.0,56,0.6372461538461538,1,0,0,18
4966,2.0,2.0,0.0,24,0.637173076923077,1,0,0,12
4967,2.0,2.0,0.0,195,0.6371,1,0,0,72
4968,2.0,2.0,0.0,22,0.6370269230769231,1,0,0,8
4969,2.0,2.0,0.0,25,0.6369538461538462,1,0,0,9
4970,2.0,2.0,0.0,43,0.6368807692307692,1,0,0,19
4971,2.0,2.0,0.0,26,0.6368076923076924,1,0,0,9
4972,2.0,2.0,0.0,59,0.6367346153846154,1,0,0,25
4973,2.0,2.0,0.0,30,0.6366615384615385,1,0,0,10
4974,2.0,2.0,0.0,25,0.6365884615384616,1,0,0,11
4975,0.0,0.0,0.0,27,0.6365153846153846,0,1,0,13
4976,2.0,2.0,0.0,48,0.6364423076923078,1,0,0,14
4977,2.0,2.0,0.0,50,0.6363692307692308,1,0,0,19
4978,2.0,2.0,0.0,33,0.6362961538461539,1,0,0,13
4979,2.0,2.0,0.0,32,0.636223076923077,1,0,0,12
4980,2.0,2.0,0.0,34,0.63615,1,0,0,9
4981,2.0,2.0,0.0,41,0.6360769230769231,1,0,0,12
4982,2.0,2.0,0.0,34,0.6360038461538462,1,0,0,12
4983,2.0,2.0,0.0,33,0.6359307692307692,1,0,0,11
4984,2.0,2.0,0.0,48,0.6358576923076924,1,0,0,18
4985,2.0,2.0,0.0,53,0.6357846153846154,1,0,0,22
4986,2.0,2.0,0.0,33,0.6357115384615385,1,0,0,13
4987,2.0,2.0,0.0,57,0.6356384615384616,1,0,0,18
4988,2.0,2.0,0.0,32,0.6355653846153846,1,0,0,7
4989,0.0,0.0,0.0,74,0.6354923076923078,0,1,0,29
4990,2.0,2.0,0.0,24,0.6354192307692308,1,0,0,15
4991,2.0,2.0,0.0,27,0.6353461538461539,1,0,0,4
4992,2.0,2.0,0.0,31,0.635273076923077,1,0,0,12
4993,2.0,2.0,0.0,32,0.6352,1,0,0,11
4994,2.0,2.0,0.0,23,0.6351269230769231,1,0,0,9
4995,2.0,2.0,0.0,68,0.6350538461538462,1,0,0,25
4996,2.0,2.0,0.0,40,0.6349807692307693,1,0,0,17
4997,2.0,2.0,0.0,39,0.6349076923076924,1,0,0,13
4998,2.0,2.0,0.0,47,0.6348346153846154,1,0,0,18
4999,2.0,2.0,0.0,22,0.6347615384615385,1,0,0,8
5000,2.0,2.0,0.0,59,0.6346884615384616,1,0,0,28
5001,2.0,2.0,0.0,53,0.6346153846153846,1,0,0,22
5002,2.0,2.0,0.0,32,0.6345423076923078,1,0,0,16
5003,2.0,2.0,0.0,23,0.6344692307692308,1,0,0,13
5004,2.0,2.0,0.0,31,0.6343961538461539,1,0,0,18
5005,2.0,2.0,0.0,29,0.634323076923077,1,0,0,8
5006,2.0,2.0,0.0,74,0.63425,1,0,0,32
5007,2.0,2.0,0.0,21,0.6341769230769231,1,0,0,6
5008,2.0,2.0,0.0,33,0.6341038461538462,1,0,0,13
5009,2.0,2.0,0.0,68,0.6340307692307693,1,0,0,27
5010,2.0,2.0,0.0,65,0.6339576923076924,1,0,0,20
5011,2.0,2.0,0.0,23,0.6338846153846154,1,0,0,10
5012,2.0,2.0,0.0,33,0.6338115384615385,1,0,0,7
5013,0.0,0.0,0.0,40,0.6337384615384616,0,1,0,15
5014,2.0,2.0,0.0,34,0.6336653846153846,1,0,0,18
5015,2.0,2.0,0.0,45,0.6335923076923078,1,0,0,20
5016,2.0,2.0,0.0,48,0.6335192307692308,1,0,0,25
5017,2.0,2.0,0.0,26,0.6334461538461539,1,0,0,10
5018,2.0,2.0,0.0,42,0.633373076923077,1,0,0,17
5019,0.0,0.0,0.0,19,0.6333,0,1,0,7
5020,2.0,2.0,0.0,44,0.6332269230769231,1,0,0,19
5021,2.0,2.0,0.0,45,0.6331538461538462,1,0,0,17
5022,2.0,2.0,0.0,63,0.6330807692307693,1,0,0,23
5023,2.0,2.0,0.0,48,0.6330076923076924,1,0,0,23
5024,2.0,2.0,0.0,29,0.6329346153846154,1,0,0,16
5025,2.0,2.0,0.0,33,0.6328615384615385,1,0,0,11
5026,2.0,2.0,0.0,54,0.6327884615384616,1,0,0,25
5027,2.0,2.0,0.0,63,0.6327153846153846,1,0,0,23
5028,2.0,2.0,0.0,36,0.6326423076923078,1,0,0,11
5029,2.0,2.0,0.0,49,0.6325692307692308,1,0,0,13
5030,2.0,2.0,0.0,36,0.6324961538461539,1,0,0,10
5031,2.0,2.0,0.0,30,0.632423076923077,1,0,0,10
5032,2.0,2.0,0.0,26,0.63235,1,0,0,13
5033,2.0,2.0,0.0,77,0.6322769230769231,1,0,0,28
5034,2.0,2.0,0.0,18,0.6322038461538462,1,0,0,7
5035,2.0,2.0,0.0,95,0.6321307692307693,1,0,0,38
5036,2.0,2.0,0.0,54,0.6320576923076924,1,0,0,21
5037,2.0,2.0,0.0,120,0.6319846153846154,1,0,0,51
5038,2.0,2.0,0.0,32,0.6319115384615385,1,0,0,13
5039,2.0,2.0,0.0,67,0.6318384615384616,1,0,0,24
5040,2.0,2.0,0.0,31,0.6317653846153846,1,0,0,10
5041,1.0,1.0,0.0,49,0.6316923076923078,0,1,0,18
5042,2.0,2.0,0.0,28,0.6316192307692308,1,0,0,11
5043,2.0,2.0,0.0,36,0.6315461538461539,1,0,0,16
5044,2.0,2.0,0.0,50,0.631473076923077,1,0,0,23
5045,1.0,1.0,0.0,38,0.6314,0,1,0,16
5046,2.0,2.0,0.0,41,0.6313269230769231,1,0,0,13
5047,2.0,2.0,0.0,41,0.6312538461538462,1,0,0,18
5048,2.0,2.0,0.0,30,0.6311807692307693,1,0,0,7
5049,2.0,2.0,0.0,51,0.6311076923076924,1,0,0,23
5050,1.0,1.0,0.0,46,0.6310346153846154,0,1,0,20
5051,2.0,2.0,0.0,41,0.6309615384615385,1,0,0,18
5052,2.0,2.0,0.0,36,0.6308884615384616,1,0,0,10
5053,0.0,0.0,0.0,39,0.6308153846153846,0,1,0,11
5054,2.0,2.0,0.0,27,0.6307423076923078,1,0,0,9
5055,2.0,2.0,0.0,41,0.6306692307692308,1,0,0,18
5056,2.0,2.0,0.0,25,0.6305961538461539,1,0,0,10
5057,2.0,2.0,0.0,44,0.630523076923077,1,0,0,13
5058,2.0,2.0,0.0,32,0.63045,1,0,0,13
5059,2.0,2.0,0.0,45,0.6303769230769231,1,0,0,16
5060,2.0,2.0,0.0,86,0.6303038461538462,1,0,0,35
5061,2.0,2.0,0.0,38,0.6302307692307693,1,0,0,14
5062,2.0,2.0,0.0,55,0.6301576923076924,1,0,0,17
5063,2.0,2.0,0.0,39,0.6300846153846154,1,0,0,16
5064,0.0,0.0,0.0,20,0.6300115384615385,0,1,0,9
5065,2.0,2.0,0.0,69,0.6299384615384616,1,0,0,25
5066,2.0,2.0,0.0,140,0.6298653846153845,1,0,0,69
5067,2.0,2.0,0.0,44,0.6297923076923078,1,0,0,16
5068,2.0,2.0,0.0,58,0.6297192307692308,1,0,0,25
5069,2.0,2.0,0.0,25,0.6296461538461539,1,0,0,7
5070,2.0,2.0,0.0,39,0.629573076923077,1,0,0,16
5071,2.0,2.0,0.0,37,0.6295,1,0,0,15
5072,1.0,1.0,0.0,350,0.629426923076923,0,0,1,124
5073,2.0,2.0,0.0,64,0.6293538461538462,1,0,0,20
5074,2.0,2.0,0.0,31,0.6292807692307693,1,0,0,11
5075,2.0,2.0,0.0,35,0.6292076923076924,1,0,0,16
5076,2.0,2.0,0.0,24,0.6291346153846153,1,0,0,13
5077,2.0,2.0,0.0,23,0.6290615384615384,1,0,0,11
5078,2.0,2.0,0.0,99,0.6289884615384616,1,0,0,44
5079,0.0,0.0,0.0,30,0.6289153846153845,0,1,0,11
5080,0.0,0.0,0.0,15,0.6288423076923078,0,1,0,9
5081,2.0,2.0,0.0,27,0.6287692307692307,1,0,0,8
5082,2.0,2.0,0.0,37,0.6286961538461538,1,0,0,8
5083,2.0,2.0,0.0,50,0.628623076923077,1,0,0,21
5084,2.0,2.0,0.0,27,0.6285499999999999,1,0,0,7
5085,2.0,2.0,0.0,54,0.6284769230769232,1,0,0,17
5086,2.0,2.0,0.0,27,0.6284038461538461,1,0,0,9
5087,2.0,2.0,0.0,39,0.6283307692307692,1,0,0,13
5088,2.0,2.0,0.0,57,0.6282576923076924,1,0,0,23
5089,2.0,2.0,0.0,33,0.6281846153846153,1,0,0,11
5090,0.0,0.0,0.0,34,0.6281115384615384,0,1,0,13
5091,2.0,2.0,0.0,39,0.6280384615384615,1,0,0,12
5092,2.0,2.0,0.0,37,0.6279653846153845,1,0,0,15
5093,2.0,2.0,0.0,44,0.6278923076923077,1,0,0,14
5094,2.0,2.0,0.0,42,0.6278192307692307,1,0,0,18
5095,2.0,2.0,0.0,42,0.6277461538461538,1,0,0,25
5096,2.0,2.0,0.0,35,0.627673076923077,1,0,0,19
5097,2.0,2.0,0.0,60,0.6275999999999999,1,0,0,21
5098,2.0,2.0,0.0,40,0.6275269230769231,1,0,0,18
5099,2.0,2.0,0.0,16,0.6274538461538461,1,0,0,6
5100,2.0,2.0,0.0,23,0.6273807692307692,1,0,0,9
5101,2.0,2.0,0.0,34,0.6273076923076923,1,0,0,12
5102,1.0,1.0,0.0,44,0.6272346153846153,0,1,0,16
5103,1.0,1.0,0.0,181,0.6271615384615385,0,1,0,79
5104,2.0,2.0,0.0,34,0.6270884615384615,1,0,0,9
5105,2.0,2.0,0.0,37,0.6270153846153846,1,0,0,15
5106,2.0,2.0,0.0,22,0.6269423076923077,1,0,0,7
5107,2.0,2.0,0.0,26,0.6268692307692307,1,0,0,11
5108,2.0,2.0,0.0,32,0.626796153846154,1,0,0,9
5109,2.0,2.0,0.0,23,0.6267230769230769,1,0,0,8
5110,2.0,2.0,0.0,45,0.6266499999999999,1,0,0,15
5111,0.0,0.0,0.0,35,0.6265769230769231,0,1,0,18
5112,2.0,2.0,0.0,48,0.6265038461538461,1,0,0,17
5113,2.0,2.0,0.0,45,0.6264307692307692,1,0,0,18
5114,0.0,0.0,0.0,49,0.6263576923076923,0,1,0,22
5115,2.0,2.0,0.0,27,0.6262846153846153,1,0,0,9
5116,0.0,0.0,0.0,31,0.6262115384615385,0,1,0,12
5117,2.0,2.0,0.0,20,0.6261384615384615,1,0,0,9
5118,2.0,2.0,0.0,53,0.6260653846153846,1,0,0,18
5119,2.0,2.0,0.0,30,0.6259923076923077,1,0,0,14
5120,2.0,2.0,0.0,137,0.6259192307692307,1,0,0,56
5121,2.0,2.0,0.0,48,0.6258461538461539,1,0,0,12
5122,1.0,1.0,0.0,33,0.6257730769230769,0,1,0,18
5123,2.0,2.0,0.0,35,0.6256999999999999,1,0,0,13
5124,2.0,2.0,0.0,24,0.6256269230769231,1,0,0,8
5125,2.0,2.0,0.0,41,0.6255538461538461,1,0,0,12
5126,2.0,2.0,0.0,37,0.6254807692307693,1,0,0,11
5127,2.0,2.0,0.0,28,0.6254076923076923,1,0,0,11
5128,2.0,2.0,0.0,30,0.6253346153846153,1,0,0,12
5129,2.0,2.0,0.0,31,0.6252615384615385,1,0,0,13
5130,2.0,2.0,0.0,27,0.6251884615384615,1,0,0,10
5131,2.0,2.0,0.0,41,0.6251153846153847,1,0,0,13
5132,0.0,0.0,0.0,87,0.6250423076923077,0,1,0,41
5133,2.0,2.0,0.0,33,0.6249692307692307,1,0,0,12
5134,2.0,2.0,0.0,37,0.6248961538461539,1,0,0,13
5135,1.0,1.0,0.0,96,0.6248230769230769,0,1,0,34
5136,2.0,2.0,0.0,23,0.62475,1,0,0,10
5137,2.0,2.0,0.0,29,0.6246769230769231,1,0,0,16
5138,2.0,2.0,0.0,55,0.6246038461538461,1,0,0,19
5139,2.0,2.0,0.0,162,0.6245307692307693,1,0,0,71
5140,2.0,2.0,0.0,87,0.6244576923076923,1,0,0,32
5141,0.0,0.0,0.0,117,0.6243846153846153,0,1,0,48
5142,2.0,2.0,0.0,38,0.6243115384615385,1,0,0,14
5143,1.0,1.0,0.0,79,0.6242384615384615,0,1,0,43
5144,1.0,1.0,0.0,37,0.6241653846153847,0,1,0,19
5145,2.0,2.0,0.0,36,0.6240923076923077,1,0,0,15
5146,2.0,2.0,0.0,52,0.6240192307692307,1,0,0,16
5147,2.0,2.0,0.0,43,0.6239461538461539,1,0,0,11
5148,2.0,2.0,0.0,57,0.6238730769230769,1,0,0,31
5149,2.0,2.0,0.0,32,0.6238,1,0,0,12
5150,2.0,2.0,0.0,54,0.6237269230769231,1,0,0,20
5151,2.0,2.0,0.0,50,0.6236538461538461,1,0,0,20
5152,2.0,2.0,0.0,31,0.6235807692307693,1,0,0,8
5153,2.0,2.0,0.0,69,0.6235076923076923,1,0,0,20
5154,2.0,2.0,0.0,31,0.6234346153846154,1,0,0,15
5155,2.0,2.0,0.0,35,0.6233615384615385,1,0,0,14
5156,2.0,2.0,0.0,53,0.6232884615384615,1,0,0,30
5157,2.0,2.0,0.0,35,0.6232153846153847,1,0,0,12
5158,2.0,2.0,0.0,21,0.6231423076923077,1,0,0,9
5159,2.0,2.0,0.0,26,0.6230692307692308,1,0,0,11
5160,2.0,2.0,0.0,41,0.6229961538461539,1,0,0,17
5161,2.0,2.0,0.0,17,0.6229230769230769,1,0,0,5
5162,2.0,2.0,0.0,46,0.62285,1,0,0,20
5163,2.0,2.0,0.0,30,0.6227769230769231,1,0,0,12
5164,2.0,2.0,0.0,46,0.6227038461538461,1,0,0,20
5165,2.0,2.0,0.0,60,0.6226307692307693,1,0,0,15
5166,2.0,2.0,0.0,41,0.6225576923076923,1,0,0,19
5167,2.0,2.0,0.0,50,0.6224846153846154,1,0,0,14
5168,2.0,2.0,0.0,60,0.6224115384615385,1,0,0,25
5169,1.0,1.0,0.0,35,0.6223384615384615,0,1,0,15
5170,2.0,2.0,0.0,51,0.6222653846153847,1,0,0,19
5171,2.0,2.0,0.0,27,0.6221923076923077,1,0,0,7
5172,2.0,2.0,0.0,49,0.6221192307692308,1,0,0,20
5173,2.0,2.0,0.0,48,0.6220461538461539,1,0,0,20
5174,2.0,2.0,0.0,19,0.6219730769230769,1,0,0,10
5175,2.0,2.0,0.0,50,0.6219,1,0,0,19
5176,2.0,2.0,0.0,64,0.6218269230769231,1,0,0,33
5177,1.0,1.0,0.0,102,0.6217538461538462,0,1,0,35
5178,2.0,2.0,0.0,37,0.6216807692307693,1,0,0,15
5179,2.0,2.0,0.0,36,0.6216076923076923,1,0,0,15
5180,2.0,2.0,0.0,52,0.6215346153846154,1,0,0,21
5181,2.0,2.0,0.0,48,0.6214615384615385,1,0,0,23
5182,2.0,2.0,0.0,23,0.6213884615384615,1,0,0,7
5183,2.0,2.0,0.0,21,0.6213153846153847,1,0,0,12
5184,2.0,2.0,0.0,68,0.6212423076923077,1,0,0,25
5185,0.0,0.0,0.0,31,0.6211692307692308,0,1,0,13
5186,2.0,2.0,0.0,59,0.6210961538461539,1,0,0,23
5187,2.0,2.0,0.0,45,0.6210230769230769,1,0,0,12
5188,2.0,2.0,0.0,68,0.62095,1,0,0,34
5189,0.0,0.0,0.0,75,0.6208769230769231,0,1,0,31
5190,2.0,2.0,0.0,50,0.6208038461538462,1,0,0,18
5191,2.0,2.0,0.0,38,0.6207307692307693,1,0,0,14
5192,2.0,2.0,0.0,53,0.6206576923076923,1,0,0,27
5193,2.0,2.0,0.0,65,0.6205846153846154,1,0,0,27
5194,2.0,2.0,0.0,24,0.6205115384615385,1,0,0,8
5195,2.0,2.0,0.0,33,0.6204384615384615,1,0,0,13
5196,2.0,2.0,0.0,60,0.6203653846153847,1,0,0,29
5197,2.0,2.0,0.0,38,0.6202923076923077,1,0,0,18
5198,2.0,2.0,0.0,19,0.6202192307692308,1,0,0,7
5199,2.0,2.0,0.0,118,0.6201461538461539,1,0,0,50
5200,2.0,2.0,0.0,37,0.6200730769230769,1,0,0,13
5201,2.0,2.0,0.0,42,0.62,1,0,0,17
5202,0.0,0.0,0.0,114,0.6199269230769231,0,1,0,45
5203,2.0,2.0,0.0,39,0.6198538461538462,1,0,0,11
5204,2.0,2.0,0.0,32,0.6197807692307693,1,0,0,12
5205,2.0,2.0,0.0,38,0.6197076923076923,1,0,0,14
5206,2.0,2.0,0.0,20,0.6196346153846154,1,0,0,5
5207,2.0,2.0,0.0,42,0.6195615384615385,1,0,0,14
5208,2.0,2.0,0.0,41,0.6194884615384615,1,0,0,15
5209,2.0,2.0,0.0,35,0.6194153846153847,1,0,0,19
5210,2.0,2.0,0.0,27,0.6193423076923077,1,0,0,12
5211,2.0,2.0,0.0,54,0.6192692307692308,1,0,0,23
5212,2.0,2.0,0.0,32,0.6191961538461539,1,0,0,16
5213,2.0,2.0,0.0,33,0.6191230769230769,1,0,0,11
5214,0.0,0.0,0.0,134,0.61905,0,1,0,52
5215,2.0,2.0,0.0,44,0.6189769230769231,1,0,0,19
5216,2.0,2.0,0.0,72,0.6189038461538462,1,0,0,30
5217,2.0,2.0,0.0,50,0.6188307692307693,1,0,0,18
5218,2.0,2.0,0.0,237,0.6187576923076923,1,0,0,98
5219,2.0,2.0,0.0,40,0.6186846153846154,1,0,0,11
5220,2.0,2.0,0.0,40,0.6186115384615385,1,0,0,17
5221,0.0,0.0,0.0,48,0.6185384615384616,0,1,0,15
5222,2.0,2.0,0.0,34,0.6184653846153847,1,0,0,20
5223,2.0,2.0,0.0,27,0.6183923076923077,1,0,0,12
5224,2.0,2.0,0.0,75,0.6183192307692308,1,0,0,31
5225,2.0,2.0,0.0,27,0.6182461538461539,1,0,0,12
5226,2.0,2.0,0.0,56,0.6181730769230769,1,0,0,21
5227,2.0,2.0,0.0,44,0.6181,1,0,0,18
5228,2.0,2.0,0.0,36,0.6180269230769231,1,0,0,20
5229,2.0,2.0,0.0,32,0.6179538461538462,1,0,0,10
5230,1.0,1.0,0.0,63,0.6178807692307693,0,1,0,16
5231,2.0,2.0,0.0,162,0.6178076923076923,1,0,0,68
5232,0.0,0.0,0.0,20,0.6177346153846154,0,1,0,10
5233,2.0,2.0,0.0,16,0.6176615384615385,1,0,0,6
5234,2.0,2.0,0.0,33,0.6175884615384616,1,0,0,8
5235,2.0,2.0,0.0,103,0.6175153846153847,1,0,0,38
5236,2.0,2.0,0.0,31,0.6174423076923077,1,0,0,13
5237,0.0,0.0,0.0,26,0.6173692307692308,0,1,0,10
5238,2.0,2.0,0.0,22,0.6172961538461539,1,0,0,14
5239,2.0,2.0,0.0,46,0.6172230769230769,1,0,0,19
5240,2.0,2.0,0.0,23,0.61715,1,0,0,5
5241,2.0,2.0,0.0,49,0.6170769230769231,1,0,0,14
5242,2.0,2.0,0.0,48,0.6170038461538462,1,0,0,16
5243,2.0,2.0,0.0,64,0.6169307692307693,1,0,0,25
5244,0.0,0.0,0.0,30,0.6168576923076923,0,1,0,15
5245,2.0,2.0,0.0,31,0.6167846153846154,1,0,0,11
5246,2.0,2.0,0.0,32,0.6167115384615385,1,0,0,6
5247,2.0,2.0,0.0,26,0.6166384615384616,1,0,0,9
5248,2.0,2.0,0.0,28,0.6165653846153847,1,0,0,12
5249,2.0,2.0,0.0,39,0.6164923076923077,1,0,0,13
5250,2.0,2.0,0.0,46,0.6164192307692308,1,0,0,26
5251,2.0,2.0,0.0,30,0.6163461538461539,1,0,0,11
5252,2.0,2.0,0.0,27,0.6162730769230769,1,0,0,12
5253,2.0,2.0,0.0,59,0.6162,1,0,0,19
5254,2.0,2.0,0.0,36,0.6161269230769231,1,0,0,11
5255,2.0,2.0,0.0,35,0.6160538461538462,1,0,0,7
5256,2.0,2.0,0.0,60,0.6159807692307693,1,0,0,22
5257,2.0,2.0,0.0,31,0.6159076923076923,1,0,0,9
5258,2.0,2.0,0.0,46,0.6158346153846154,1,0,0,17
5259,0.0,0.0,0.0,22,0.6157615384615385,0,1,0,12
5260,2.0,2.0,0.0,39,0.6156884615384616,1,0,0,11
5261,2.0,2.0,0.0,33,0.6156153846153847,1,0,0,16
5262,2.0,2.0,0.0,55,0.6155423076923077,1,0,0,22
5263,2.0,2.0,0.0,57,0.6154692307692308,1,0,0,25
5264,2.0,2.0,0.0,29,0.6153961538461539,1,0,0,12
5265,2.0,2.0,0.0,26,0.6153230769230769,1,0,0,8
5266,2.0,2.0,0.0,220,0.6152500000000001,1,0,0,90
5267,2.0,2.0,0.0,25,0.6151769230769231,1,0,0,13
5268,2.0,2.0,0.0,36,0.6151038461538462,1,0,0,15
5269,2.0,2.0,0.0,39,0.6150307692307693,1,0,0,24
5270,2.0,2.0,0.0,47,0.6149576923076923,1,0,0,25
5271,2.0,2.0,0.0,46,0.6148846153846154,1,0,0,20
5272,2.0,2.0,0.0,58,0.6148115384615385,1,0,0,22
5273,0.0,0.0,0.0,34,0.6147384615384616,0,1,0,16
5274,2.0,2.0,0.0,94,0.6146653846153847,1,0,0,37
5275,2.0,2.0,0.0,29,0.6145923076923077,1,0,0,10
5276,2.0,2.0,0.0,23,0.6145192307692308,1,0,0,8
5277,2.0,2.0,0.0,40,0.6144461538461539,1,0,0,16
5278,2.0,2.0,0.0,26,0.6143730769230769,1,0,0,7
5279,2.0,2.0,0.0,218,0.6143000000000001,1,0,0,95
5280,2.0,2.0,0.0,42,0.6142269230769231,1,0,0,17
5281,0.0,0.0,0.0,24,0.6141538461538462,0,1,0,9
5282,2.0,2.0,0.0,28,0.6140807692307693,1,0,0,12
5283,2.0,2.0,0.0,31,0.6140076923076923,1,0,0,13
5284,2.0,2.0,0.0,44,0.6139346153846155,1,0,0,14
5285,2.0,2.0,0.0,50,0.6138615384615385,1,0,0,16
5286,2.0,2.0,0.0,24,0.6137884615384616,1,0,0,9
5287,2.0,2.0,0.0,51,0.6137153846153847,1,0,0,19
5288,2.0,2.0,0.0,27,0.6136423076923077,1,0,0,8
5289,2.0,2.0,0.0,29,0.6135692307692309,1,0,0,4
5290,2.0,2.0,0.0,41,0.6134961538461539,1,0,0,13
5291,2.0,2.0,0.0,63,0.6134230769230768,1,0,0,25
5292,2.0,2.0,0.0,68,0.6133500000000001,1,0,0,30
5293,1.0,1.0,0.0,36,0.613276923076923,0,1,0,20
5294,2.0,2.0,0.0,58,0.6132038461538462,1,0,0,19
5295,2.0,2.0,0.0,40,0.6131307692307693,1,0,0,13
5296,2.0,2.0,0.0,48,0.6130576923076922,1,0,0,17
5297,2.0,2.0,0.0,60,0.6129846153846155,1,0,0,29
5298,2.0,2.0,0.0,30,0.6129115384615385,1,0,0,8
5299,2.0,2.0,0.0,45,0.6128384615384616,1,0,0,22
5300,2.0,2.0,0.0,59,0.6127653846153847,1,0,0,20
5301,2.0,2.0,0.0,35,0.6126923076923076,1,0,0,10
5302,2.0,2.0,0.0,55,0.6126192307692309,1,0,0,22
5303,1.0,1.0,0.0,33,0.6125461538461539,0,1,0,12
5304,2.0,2.0,0.0,26,0.6124730769230768,1,0,0,13
5305,0.0,0.0,0.0,43,0.6124,0,1,0,16
5306,2.0,2.0,0.0,38,0.612326923076923,1,0,0,11
5307,2.0,2.0,0.0,37,0.6122538461538463,1,0,0,14
5308,2.0,2.0,0.0,57,0.6121807692307693,1,0,0,19
5309,2.0,2.0,0.0,42,0.6121076923076922,1,0,0,14
5310,2.0,2.0,0.0,25,0.6120346153846155,1,0,0,8
5311,2.0,2.0,0.0,51,0.6119615384615384,1,0,0,21
5312,2.0,2.0,0.0,40,0.6118884615384617,1,0,0,17
5313,2.0,2.0,0.0,20,0.6118153846153846,1,0,0,6
5314,1.0,1.0,0.0,19,0.6117423076923076,0,1,0,9
5315,2.0,2.0,0.0,56,0.6116692307692309,1,0,0,22
5316,2.0,2.0,0.0,31,0.6115961538461538,1,0,0,20
5317,2.0,2.0,0.0,41,0.611523076923077,1,0,0,21
5318,0.0,0.0,0.0,28,0.61145,0,1,0,8
5319,2.0,2.0,0.0,38,0.611376923076923,1,0,0,19
5320,2.0,2.0,0.0,86,0.6113038461538463,1,0,0,34
5321,2.0,2.0,0.0,45,0.6112307692307692,1,0,0,16
5322,2.0,2.0,0.0,25,0.6111576923076922,1,0,0,13
5323,2.0,2.0,0.0,38,0.6110846153846154,1,0,0,15
5324,2.0,2.0,0.0,26,0.6110115384615384,1,0,0,15
5325,2.0,2.0,0.0,31,0.6109384615384617,1,0,0,11
5326,2.0,2.0,0.0,24,0.6108653846153846,1,0,0,11
5327,2.0,2.0,0.0,30,0.6107923076923076,1,0,0,13
5328,2.0,2.0,0.0,54,0.6107192307692308,1,0,0,18
5329,2.0,2.0,0.0,40,0.6106461538461538,1,0,0,19
5330,2.0,2.0,0.0,29,0.6105730769230769,1,0,0,8
5331,2.0,2.0,0.0,20,0.6105,1,0,0,9
5332,2.0,2.0,0.0,21,0.610426923076923,1,0,0,10
5333,2.0,2.0,0.0,29,0.6103538461538462,1,0,0,10
5334,2.0,2.0,0.0,19,0.6102807692307692,1,0,0,11
5335,2.0,2.0,0.0,28,0.6102076923076923,1,0,0,9
5336,2.0,2.0,0.0,30,0.6101346153846154,1,0,0,10
5337,2.0,2.0,0.0,39,0.6100615384615384,1,0,0,15
5338,2.0,2.0,0.0,32,0.6099884615384616,1,0,0,12
5339,2.0,2.0,0.0,33,0.6099153846153846,1,0,0,16
5340,2.0,2.0,0.0,41,0.6098423076923077,1,0,0,17
5341,2.0,2.0,0.0,68,0.6097692307692308,1,0,0,24
5342,2.0,2.0,0.0,28,0.6096961538461538,1,0,0,10
5343,2.0,2.0,0.0,23,0.6096230769230769,1,0,0,10
5344,2.0,2.0,0.0,33,0.60955,1,0,0,11
5345,2.0,2.0,0.0,49,0.609476923076923,1,0,0,27
5346,2.0,2.0,0.0,60,0.6094038461538462,1,0,0,27
5347,2.0,2.0,0.0,42,0.6093307692307692,1,0,0,11
5348,2.0,2.0,0.0,44,0.6092576923076923,1,0,0,15
5349,2.0,2.0,0.0,26,0.6091846153846154,1,0,0,8
5350,2.0,2.0,0.0,44,0.6091115384615384,1,0,0,14
5351,2.0,2.0,0.0,89,0.6090384615384616,1,0,0,46
5352,0.0,0.0,0.0,26,0.6089653846153846,0,1,0,11
5353,2.0,2.0,0.0,25,0.6088923076923077,1,0,0,11
5354,2.0,2.0,0.0,24,0.6088192307692308,1,0,0,10
5355,1.0,1.0,0.0,70,0.6087461538461538,0,1,0,30
5356,1.0,1.0,0.0,40,0.6086730769230769,0,1,0,17
5357,2.0,2.0,0.0,27,0.6086,1,0,0,8
5358,2.0,2.0,0.0,94,0.6085269230769231,1,0,0,35
5359,2.0,2.0,0.0,61,0.6084538461538462,1,0,0,32
5360,2.0,2.0,0.0,44,0.6083807692307692,1,0,0,13
5361,2.0,2.0,0.0,38,0.6083076923076923,1,0,0,15
5362,2.0,2.0,0.0,31,0.6082346153846154,1,0,0,17
5363,2.0,2.0,0.0,57,0.6081615384615385,1,0,0,23
5364,2.0,2.0,0.0,25,0.6080884615384616,1,0,0,10
5365,2.0,2.0,0.0,42,0.6080153846153846,1,0,0,14
5366,2.0,2.0,0.0,83,0.6079423076923077,1,0,0,31
5367,2.0,2.0,0.0,26,0.6078692307692308,1,0,0,9
5368,2.0,2.0,0.0,39,0.6077961538461538,1,0,0,15
5369,2.0,2.0,0.0,69,0.6077230769230769,1,0,0,28
5370,2.0,2.0,0.0,39,0.60765,1,0,0,14
5371,2.0,2.0,0.0,38,0.6075769230769231,1,0,0,16
5372,2.0,2.0,0.0,27,0.6075038461538462,1,0,0,13
5373,2.0,2.0,0.0,55,0.6074307692307692,1,0,0,21
5374,2.0,2.0,0.0,34,0.6073576923076923,1,0,0,7
5375,2.0,2.0,0.0,49,0.6072846153846154,1,0,0,24
5376,2.0,2.0,0.0,39,0.6072115384615385,1,0,0,17
5377,2.0,2.0,0.0,39,0.6071384615384616,1,0,0,17
5378,2.0,2.0,0.0,63,0.6070653846153846,1,0,0,29
5379,2.0,2.0,0.0,21,0.6069923076923077,1,0,0,3
5380,2.0,2.0,0.0,35,0.6069192307692308,1,0,0,13
5381,2.0,2.0,0.0,24,0.6068461538461538,1,0,0,12
5382,2.0,2.0,0.0,40,0.6067730769230769,1,0,0,15
5383,2.0,2.0,0.0,43,0.6067,1,0,0,11
5384,2.0,2.0,0.0,33,0.6066269230769231,1,0,0,18
5385,2.0,2.0,0.0,29,0.6065538461538462,1,0,0,8
5386,0.0,0.0,0.0,39,0.6064807692307692,0,1,0,14
5387,2.0,2.0,0.0,25,0.6064076923076923,1,0,0,7
5388,2.0,2.0,0.0,41,0.6063346153846154,1,0,0,19
5389,2.0,2.0,0.0,48,0.6062615384615385,1,0,0,15
5390,2.0,2.0,0.0,69,0.6061884615384616,1,0,0,25
5391,2.0,2.0,0.0,85,0.6061153846153846,1,0,0,33
5392,2.0,2.0,0.0,32,0.6060423076923077,1,0,0,15
5393,2.0,2.0,0.0,36,0.6059692307692308,1,0,0,18
5394,2.0,2.0,0.0,44,0.6058961538461538,1,0,0,17
5395,2.0,2.0,0.0,59,0.6058230769230769,1,0,0,31
5396,2.0,2.0,0.0,27,0.60575,1,0,0,6
5397,2.0,2.0,0.0,32,0.6056769230769231,1,0,0,16
5398,2.0,2.0,0.0,22,0.6056038461538462,1,0,0,8
5399,2.0,2.0,0.0,35,0.6055307692307692,1,0,0,15
5400,2.0,2.0,0.0,38,0.6054576923076923,1,0,0,16
5401,2.0,2.0,0.0,37,0.6053846153846154,1,0,0,9
5402,2.0,2.0,0.0,33,0.6053115384615385,1,0,0,15
5403,2.0,2.0,0.0,17,0.6052384615384616,1,0,0,5
5404,2.0,2.0,0.0,47,0.6051653846153846,1,0,0,20
5405,2.0,2.0,0.0,64,0.6050923076923077,1,0,0,29
5406,2.0,2.0,0.0,33,0.6050192307692308,1,0,0,14
5407,2.0,2.0,0.0,29,0.6049461538461538,1,0,0,12
5408,2.0,2.0,0.0,62,0.604873076923077,1,0,0,30
5409,1.0,1.0,0.0,57,0.6048,0,1,0,27
5410,2.0,2.0,0.0,55,0.6047269230769231,1,0,0,22
5411,2.0,2.0,0.0,43,0.6046538461538462,1,0,0,20
5412,2.0,2.0,0.0,46,0.6045807692307692,1,0,0,23
5413,2.0,2.0,0.0,58,0.6045076923076923,1,0,0,18
5414,2.0,2.0,0.0,49,0.6044346153846154,1,0,0,20
5415,2.0,2.0,0.0,33,0.6043615384615385,1,0,0,16
5416,2.0,2.0,0.0,77,0.6042884615384616,1,0,0,35
5417,2.0,2.0,0.0,58,0.6042153846153846,1,0,0,23
5418,2.0,2.0,0.0,37,0.6041423076923077,1,0,0,15
5419,2.0,2.0,0.0,32,0.6040692307692308,1,0,0,14
5420,2.0,2.0,0.0,30,0.6039961538461538,1,0,0,6
5421,2.0,2.0,0.0,26,0.603923076923077,1,0,0,8
5422,2.0,2.0,0.0,47,0.60385,1,0,0,16
5423,2.0,2.0,0.0,37,0.6037769230769231,1,0,0,14
5424,2.0,2.0,0.0,35,0.6037038461538462,1,0,0,15
5425,2.0,2.0,0.0,29,0.6036307692307692,1,0,0,6
5426,2.0,2.0,0.0,26,0.6035576923076923,1,0,0,12
5427,2.0,2.0,0.0,20,0.6034846153846154,1,0,0,8
5428,2.0,2.0,0.0,60,0.6034115384615385,1,0,0,27
5429,2.0,2.0,0.0,23,0.6033384615384616,1,0,0,11
5430,2.0,2.0,0.0,47,0.6032653846153846,1,0,0,21
5431,2.0,2.0,0.0,62,0.6031923076923077,1,0,0,20
5432,2.0,2.0,0.0,30,0.6031192307692308,1,0,0,12
5433,2.0,2.0,0.0,33,0.6030461538461538,1,0,0,10
5434,2.0,2.0,0.0,37,0.602973076923077,1,0,0,10
5435,2.0,2.0,0.0,47,0.6029,1,0,0,19
5436,2.0,2.0,0.0,41,0.6028269230769231,1,0,0,11
5437,2.0,2.0,0.0,42,0.6027538461538462,1,0,0,18
5438,2.0,2.0,0.0,40,0.6026807692307692,1,0,0,15
5439,0.0,0.0,0.0,54,0.6026076923076923,0,1,0,26
5440,2.0,2.0,0.0,32,0.6025346153846154,1,0,0,14
5441,0.0,0.0,0.0,113,0.6024615384615385,0,1,0,54
5442,2.0,2.0,0.0,29,0.6023884615384616,1,0,0,9
5443,2.0,2.0,0.0,85,0.6023153846153846,1,0,0,30
5444,2.0,2.0,0.0,41,0.6022423076923077,1,0,0,14
5445,2.0,2.0,0.0,34,0.6021692307692308,1,0,0,11
5446,2.0,2.0,0.0,34,0.6020961538461538,1,0,0,13
5447,2.0,2.0,0.0,23,0.602023076923077,1,0,0,13
5448,2.0,2.0,0.0,55,0.60195,1,0,0,25
5449,2.0,2.0,0.0,54,0.6018769230769231,1,0,0,21
5450,2.0,2.0,0.0,23,0.6018038461538462,1,0,0,8
5451,2.0,2.0,0.0,31,0.6017307692307692,1,0,0,15
5452,2.0,2.0,0.0,28,0.6016576923076923,1,0,0,10
5453,2.0,2.0,0.0,41,0.6015846153846154,1,0,0,15
5454,1.0,1.0,0.0,47,0.6015115384615385,0,1,0,15
5455,2.0,2.0,0.0,40,0.6014384615384616,1,0,0,15
5456,2.0,2.0,0.0,40,0.6013653846153846,1,0,0,19
5457,2.0,2.0,0.0,61,0.6012923076923077,1,0,0,26
5458,2.0,2.0,0.0,48,0.6012192307692308,1,0,0,20
5459,2.0,2.0,0.0,19,0.6011461538461538,1,0,0,8
5460,2.0,2.0,0.0,50,0.601073076923077,1,0,0,22
5461,2.0,2.0,0.0,46,0.601,1,0,0,20
5462,2.0,2.0,0.0,24,0.6009269230769231,1,0,0,5
5463,2.0,2.0,0.0,49,0.6008538461538462,1,0,0,11
5464,2.0,2.0,0.0,49,0.6007807692307692,1,0,0,19
5465,2.0,2.0,0.0,33,0.6007076923076924,1,0,0,13
5466,2.0,2.0,0.0,16,0.6006346153846154,1,0,0,9
5467,2.0,2.0,0.0,32,0.6005615384615385,1,0,0,12
5468,1.0,1.0,0.0,30,0.6004884615384616,0,1,0,11
5469,2.0,2.0,0.0,27,0.6004153846153846,1,0,0,13
5470,2.0,2.0,0.0,78,0.6003423076923078,1,0,0,30
5471,2.0,2.0,0.0,47,0.6002692307692308,1,0,0,20
5472,2.0,2.0,0.0,23,0.6001961538461538,1,0,0,8
5473,2.0,2.0,0.0,22,0.600123076923077,1,0,0,11
5474,2.0,2.0,0.0,52,0.60005,1,0,0,14
5475,2.0,2.0,0.0,25,0.5999769230769231,1,0,0,11
5476,2.0,2.0,0.0,32,0.5999038461538462,1,0,0,8
5477,2.0,2.0,0.0,57,0.5998307692307692,1,0,0,20
5478,2.0,2.0,0.0,27,0.5997576923076924,1,0,0,12
5479,2.0,2.0,0.0,24,0.5996846153846154,1,0,0,9
5480,2.0,2.0,0.0,77,0.5996115384615385,1,0,0,32
5481,2.0,2.0,0.0,29,0.5995384615384616,1,0,0,11
5482,2.0,2.0,0.0,47,0.5994653846153846,1,0,0,19
5483,2.0,2.0,0.0,60,0.5993923076923078,1,0,0,19
5484,2.0,2.0,0.0,47,0.5993192307692308,1,0,0,13
5485,2.0,2.0,0.0,58,0.5992461538461538,1,0,0,20
5486,2.0,2.0,0.0,43,0.599173076923077,1,0,0,14
5487,2.0,2.0,0.0,31,0.5991,1,0,0,9
5488,2.0,2.0,0.0,37,0.5990269230769232,1,0,0,13
5489,1.0,1.0,0.0,40,0.5989538461538462,0,1,0,14
5490,2.0,2.0,0.0,35,0.5988807692307692,1,0,0,11
5491,2.0,2.0,0.0,23,0.5988076923076924,1,0,0,12
5492,2.0,2.0,0.0,25,0.5987346153846154,1,0,0,7
5493,2.0,2.0,0.0,22,0.5986615384615386,1,0,0,9
5494,2.0,2.0,0.0,54,0.5985884615384616,1,0,0,19
5495,1.0,1.0,0.0,40,0.5985153846153846,0,1,0,15
5496,2.0,2.0,0.0,44,0.5984423076923078,1,0,0,21
5497,2.0,2.0,0.0,37,0.5983692307692308,1,0,0,15
5498,2.0,2.0,0.0,28,0.5982961538461539,1,0,0,15
5499,2.0,2.0,0.0,33,0.598223076923077,1,0,0,16
5500,2.0,2.0,0.0,31,0.59815,1,0,0,12
5501,2.0,2.0,0.0,36,0.5980769230769232,1,0,0,14
5502,2.0,2.0,0.0,39,0.5980038461538462,1,0,0,18
5503,2.0,2.0,0.0,35,0.5979307692307692,1,0,0,15
5504,2.0,2.0,0.0,27,0.5978576923076924,1,0,0,12
5505,2.0,2.0,0.0,66,0.5977846153846154,1,0,0,23
5506,2.0,2.0,0.0,19,0.5977115384615386,1,0,0,8
5507,2.0,2.0,0.0,41,0.5976384615384616,1,0,0,20
5508,2.0,2.0,0.0,21,0.5975653846153846,1,0,0,9
5509,1.0,1.0,0.0,46,0.5974923076923078,0,1,0,20
5510,2.0,2.0,0.0,40,0.5974192307692308,1,0,0,17
5511,2.0,2.0,0.0,27,0.5973461538461539,1,0,0,12
5512,2.0,2.0,0.0,39,0.597273076923077,1,0,0,18
5513,2.0,2.0,0.0,73,0.5972,1,0,0,30
5514,2.0,2.0,0.0,34,0.5971269230769232,1,0,0,14
5515,2.0,2.0,0.0,49,0.5970538461538462,1,0,0,25
5516,2.0,2.0,0.0,46,0.5969807692307693,1,0,0,15
5517,2.0,2.0,0.0,58,0.5969076923076924,1,0,0,22
5518,2.0,2.0,0.0,29,0.5968346153846154,1,0,0,14
5519,2.0,2.0,0.0,50,0.5967615384615386,1,0,0,19
5520,2.0,2.0,0.0,43,0.5966884615384616,1,0,0,13
5521,2.0,2.0,0.0,135,0.5966153846153847,1,0,0,56
5522,2.0,2.0,0.0,35,0.5965423076923078,1,0,0,12
5523,2.0,2.0,0.0,30,0.5964692307692308,1,0,0,15
5524,2.0,2.0,0.0,31,0.5963961538461539,1,0,0,16
5525,2.0,2.0,0.0,21,0.596323076923077,1,0,0,4
5526,2.0,2.0,0.0,28,0.59625,1,0,0,4
5527,2.0,2.0,0.0,32,0.5961769230769232,1,0,0,13
5528,2.0,2.0,0.0,51,0.5961038461538462,1,0,0,12
5529,1.0,1.0,0.0,213,0.5960307692307693,0,1,0,91
5530,2.0,2.0,0.0,61,0.5959576923076924,1,0,0,27
5531,2.0,2.0,0.0,53,0.5958846153846153,1,0,0,18
5532,2.0,2.0,0.0,45,0.5958115384615386,1,0,0,15
5533,0.0,0.0,0.0,78,0.5957384615384616,0,1,0,36
5534,2.0,2.0,0.0,27,0.5956653846153847,1,0,0,8
5535,2.0,2.0,0.0,89,0.5955923076923078,1,0,0,37
5536,2.0,2.0,0.0,37,0.5955192307692307,1,0,0,20
5537,2.0,2.0,0.0,39,0.595446153846154,1,0,0,12
5538,2.0,2.0,0.0,42,0.595373076923077,1,0,0,16
5539,2.0,2.0,0.0,111,0.5953,1,0,0,42
5540,2.0,2.0,0.0,31,0.5952269230769232,1,0,0,11
5541,2.0,2.0,0.0,38,0.5951538461538461,1,0,0,10
5542,0.0,0.0,0.0,31,0.5950807692307692,0,1,0,13
5543,2.0,2.0,0.0,23,0.5950076923076923,1,0,0,9
5544,2.0,2.0,0.0,35,0.5949346153846155,1,0,0,11
5545,2.0,2.0,0.0,24,0.5948615384615386,1,0,0,9
5546,2.0,2.0,0.0,65,0.5947884615384615,1,0,0,19
5547,0.0,0.0,0.0,106,0.5947153846153846,0,1,0,48
5548,2.0,2.0,0.0,36,0.5946423076923077,1,0,0,12
5549,2.0,2.0,0.0,40,0.5945692307692307,1,0,0,15
5550,2.0,2.0,0.0,36,0.594496153846154,1,0,0,14
5551,2.0,2.0,0.0,34,0.5944230769230769,1,0,0,13
5552,2.0,2.0,0.0,43,0.59435,1,0,0,18
5553,2.0,2.0,0.0,21,0.5942769230769231,1,0,0,8
5554,2.0,2.0,0.0,38,0.5942038461538461,1,0,0,18
5555,2.0,2.0,0.0,29,0.5941307692307692,1,0,0,14
5556,2.0,2.0,0.0,29,0.5940576923076923,1,0,0,10
5557,2.0,2.0,0.0,43,0.5939846153846154,1,0,0,12
5558,2.0,2.0,0.0,21,0.5939115384615385,1,0,0,8
5559,2.0,2.0,0.0,52,0.5938384615384615,1,0,0,24
5560,2.0,2.0,0.0,71,0.5937653846153846,1,0,0,22
5561,2.0,2.0,0.0,20,0.5936923076923077,1,0,0,7
5562,2.0,2.0,0.0,56,0.5936192307692307,1,0,0,19
5563,2.0,2.0,0.0,37,0.593546153846154,1,0,0,17
5564,2.0,2.0,0.0,20,0.5934730769230769,1,0,0,12
5565,2.0,2.0,0.0,127,0.5934,1,0,0,41
5566,2.0,2.0,0.0,31,0.5933269230769231,1,0,0,7
5567,2.0,2.0,0.0,31,0.5932538461538461,1,0,0,11
5568,2.0,2.0,0.0,22,0.5931807692307692,1,0,0,10
5569,2.0,2.0,0.0,51,0.5931076923076923,1,0,0,21
5570,2.0,2.0,0.0,39,0.5930346153846154,1,0,0,17
5571,2.0,2.0,0.0,31,0.5929615384615385,1,0,0,13
5572,2.0,2.0,0.0,46,0.5928884615384615,1,0,0,20
5573,2.0,2.0,0.0,28,0.5928153846153846,1,0,0,11
5574,2.0,2.0,0.0,43,0.5927423076923077,1,0,0,14
5575,2.0,2.0,0.0,21,0.5926692307692307,1,0,0,8
5576,2.0,2.0,0.0,40,0.5925961538461539,1,0,0,13
5577,2.0,2.0,0.0,42,0.5925230769230769,1,0,0,20
5578,2.0,2.0,0.0,48,0.59245,1,0,0,22
5579,2.0,2.0,0.0,37,0.5923769230769231,1,0,0,19
5580,2.0,2.0,0.0,42,0.5923038461538461,1,0,0,18
5581,2.0,2.0,0.0,25,0.5922307692307692,1,0,0,9
5582,2.0,2.0,0.0,36,0.5921576923076923,1,0,0,14
5583,2.0,2.0,0.0,33,0.5920846153846154,1,0,0,11
5584,2.0,2.0,0.0,25,0.5920115384615385,1,0,0,11
5585,2.0,2.0,0.0,32,0.5919384615384615,1,0,0,16
5586,2.0,2.0,0.0,65,0.5918653846153846,1,0,0,25
5587,2.0,2.0,0.0,18,0.5917923076923077,1,0,0,5
5588,2.0,2.0,0.0,42,0.5917192307692307,1,0,0,18
5589,2.0,2.0,0.0,22,0.5916461538461539,1,0,0,9
5590,2.0,2.0,0.0,50,0.5915730769230769,1,0,0,17
5591,2.0,2.0,0.0,38,0.5915,1,0,0,19
5592,2.0,2.0,0.0,34,0.5914269230769231,1,0,0,12
5593,2.0,2.0,0.0,58,0.5913538461538461,1,0,0,22
5594,2.0,2.0,0.0,37,0.5912807692307692,1,0,0,17
5595,1.0,1.0,0.0,47,0.5912076923076923,0,1,0,24
5596,2.0,2.0,0.0,38,0.5911346153846154,1,0,0,18
5597,2.0,2.0,0.0,48,0.5910615384615385,1,0,0,18
5598,2.0,2.0,0.0,54,0.5909884615384615,1,0,0,16
5599,2.0,2.0,0.0,34,0.5909153846153846,1,0,0,14
5600,2.0,2.0,0.0,35,0.5908423076923077,1,0,0,16
5601,2.0,2.0,0.0,29,0.5907692307692307,1,0,0,7
5602,2.0,2.0,0.0,22,0.5906961538461539,1,0,0,8
5603,1.0,1.0,0.0,37,0.5906230769230769,0,1,0,17
5604,2.0,2.0,0.0,46,0.59055,1,0,0,21
5605,2.0,2.0,0.0,30,0.5904769230769231,1,0,0,13
5606,2.0,2.0,0.0,39,0.5904038461538461,1,0,0,11
5607,2.0,2.0,0.0,26,0.5903307692307692,1,0,0,11
5608,2.0,2.0,0.0,38,0.5902576923076923,1,0,0,16
5609,2.0,2.0,0.0,35,0.5901846153846154,1,0,0,14
5610,1.0,1.0,0.0,209,0.5901115384615385,0,1,0,87
5611,2.0,2.0,0.0,74,0.5900384615384615,1,0,0,31
5612,2.0,2.0,0.0,49,0.5899653846153846,1,0,0,21
5613,2.0,2.0,0.0,16,0.5898923076923077,1,0,0,6
5614,2.0,2.0,0.0,26,0.5898192307692307,1,0,0,13
5615,2.0,2.0,0.0,41,0.5897461538461539,1,0,0,17
5616,2.0,2.0,0.0,31,0.5896730769230769,1,0,0,11
5617,2.0,2.0,0.0,40,0.5896,1,0,0,20
5618,2.0,2.0,0.0,38,0.5895269230769231,1,0,0,16
5619,0.0,0.0,0.0,46,0.5894538461538461,0,1,0,15
5620,2.0,2.0,0.0,59,0.5893807692307692,1,0,0,19
5621,0.0,0.0,0.0,29,0.5893076923076923,0,1,0,16
5622,2.0,2.0,0.0,30,0.5892346153846154,1,0,0,14
5623,2.0,2.0,0.0,56,0.5891615384615385,1,0,0,20
5624,2.0,2.0,0.0,24,0.5890884615384615,1,0,0,6
5625,2.0,2.0,0.0,53,0.5890153846153846,1,0,0,25
5626,2.0,2.0,0.0,37,0.5889423076923077,1,0,0,16
5627,2.0,2.0,0.0,35,0.5888692307692307,1,0,0,12
5628,2.0,2.0,0.0,35,0.5887961538461539,1,0,0,9
5629,2.0,2.0,0.0,45,0.5887230769230769,1,0,0,16
5630,2.0,2.0,0.0,38,0.58865,1,0,0,13
5631,2.0,2.0,0.0,22,0.5885769230769231,1,0,0,5
5632,2.0,2.0,0.0,46,0.5885038461538461,1,0,0,20
5633,2.0,2.0,0.0,45,0.5884307692307692,1,0,0,22
5634,2.0,2.0,0.0,26,0.5883576923076923,1,0,0,10
5635,0.0,0.0,0.0,41,0.5882846153846154,0,1,0,21
5636,2.0,2.0,0.0,29,0.5882115384615385,1,0,0,13
5637,2.0,2.0,0.0,52,0.5881384615384615,1,0,0,21
5638,2.0,2.0,0.0,41,0.5880653846153846,1,0,0,14
5639,2.0,2.0,0.0,47,0.5879923076923077,1,0,0,14
5640,2.0,2.0,0.0,45,0.5879192307692307,1,0,0,17
5641,2.0,2.0,0.0,21,0.5878461538461539,1,0,0,11
5642,2.0,2.0,0.0,60,0.5877730769230769,1,0,0,21
5643,2.0,2.0,0.0,29,0.5877,1,0,0,12
5644,2.0,2.0,0.0,49,0.5876269230769231,1,0,0,21
5645,2.0,2.0,0.0,27,0.5875538461538461,1,0,0,10
5646,2.0,2.0,0.0,46,0.5874807692307693,1,0,0,21
5647,2.0,2.0,0.0,43,0.5874076923076923,1,0,0,19
5648,2.0,2.0,0.0,38,0.5873346153846154,1,0,0,19
5649,1.0,1.0,0.0,44,0.5872615384615385,0,1,0,16
5650,2.0,2.0,0.0,23,0.5871884615384615,1,0,0,8
5651,2.0,2.0,0.0,34,0.5871153846153847,1,0,0,11
5652,2.0,2.0,0.0,35,0.5870423076923077,1,0,0,13
5653,2.0,2.0,0.0,24,0.5869692307692307,1,0,0,13
5654,2.0,2.0,0.0,26,0.5868961538461539,1,0,0,16
5655,0.0,0.0,0.0,20,0.5868230769230769,0,1,0,6
5656,2.0,2.0,0.0,48,0.58675,1,0,0,20
5657,2.0,2.0,0.0,49,0.5866769230769231,1,0,0,21
5658,2.0,2.0,0.0,32,0.5866038461538461,1,0,0,18
5659,2.0,2.0,0.0,20,0.5865307692307693,1,0,0,5
5660,2.0,2.0,0.0,46,0.5864576923076923,1,0,0,22
5661,2.0,2.0,0.0,40,0.5863846153846154,1,0,0,14
5662,2.0,2.0,0.0,23,0.5863115384615385,1,0,0,3
5663,2.0,2.0,0.0,32,0.5862384615384615,1,0,0,15
5664,2.0,2.0,0.0,22,0.5861653846153847,1,0,0,13
5665,2.0,2.0,0.0,30,0.5860923076923077,1,0,0,9
5666,2.0,2.0,0.0,40,0.5860192307692308,1,0,0,12
5667,2.0,2.0,0.0,39,0.5859461538461539,1,0,0,20
5668,2.0,2.0,0.0,30,0.5858730769230769,1,0,0,10
5669,2.0,2.0,0.0,32,0.5858000000000001,1,0,0,14
5670,2.0,2.0,0.0,45,0.5857269230769231,1,0,0,21
5671,2.0,2.0,0.0,30,0.5856538461538461,1,0,0,11
5672,2.0,2.0,0.0,27,0.5855807692307693,1,0,0,10
5673,2.0,2.0,0.0,28,0.5855076923076923,1,0,0,5
5674,2.0,2.0,0.0,29,0.5854346153846155,1,0,0,8
5675,2.0,2.0,0.0,29,0.5853615384615385,1,0,0,13
5676,2.0,2.0,0.0,29,0.5852884615384615,1,0,0,14
5677,2.0,2.0,0.0,42,0.5852153846153847,1,0,0,15
5678,2.0,2.0,0.0,30,0.5851423076923077,1,0,0,18
5679,2.0,2.0,0.0,44,0.5850692307692308,1,0,0,18
5680,2.0,2.0,0.0,36,0.5849961538461539,1,0,0,14
5681,2.0,2.0,0.0,23,0.5849230769230769,1,0,0,8
5682,2.0,2.0,0.0,45,0.5848500000000001,1,0,0,20
5683,2.0,2.0,0.0,27,0.5847769230769231,1,0,0,14
5684,2.0,2.0,0.0,24,0.5847038461538461,1,0,0,5
5685,2.0,2.0,0.0,17,0.5846307692307693,1,0,0,9
5686,0.0,0.0,0.0,33,0.5845576923076923,0,1,0,12
5687,2.0,2.0,0.0,34,0.5844846153846155,1,0,0,16
5688,2.0,2.0,0.0,32,0.5844115384615385,1,0,0,9
5689,1.0,1.0,0.0,69,0.5843384615384615,0,1,0,39
5690,2.0,2.0,0.0,33,0.5842653846153847,1,0,0,12
5691,2.0,2.0,0.0,58,0.5841923076923077,1,0,0,17
5692,2.0,2.0,0.0,51,0.5841192307692309,1,0,0,15
5693,2.0,2.0,0.0,48,0.5840461538461539,1,0,0,18
5694,2.0,2.0,0.0,41,0.5839730769230769,1,0,0,18
5695,2.0,2.0,0.0,25,0.5839000000000001,1,0,0,10
5696,2.0,2.0,0.0,28,0.5838269230769231,1,0,0,12
5697,2.0,2.0,0.0,62,0.5837538461538462,1,0,0,26
5698,2.0,2.0,0.0,32,0.5836807692307693,1,0,0,11
5699,2.0,2.0,0.0,50,0.5836076923076923,1,0,0,25
5700,2.0,2.0,0.0,26,0.5835346153846155,1,0,0,8
5701,2.0,2.0,0.0,55,0.5834615384615385,1,0,0,19
5702,2.0,2.0,0.0,44,0.5833884615384616,1,0,0,16
5703,2.0,2.0,0.0,37,0.5833153846153847,1,0,0,15
5704,2.0,2.0,0.0,26,0.5832423076923077,1,0,0,10
5705,2.0,2.0,0.0,47,0.5831692307692309,1,0,0,13
5706,2.0,2.0,0.0,48,0.5830961538461539,1,0,0,16
5707,2.0,2.0,0.0,41,0.583023076923077,1,0,0,17
5708,2.0,2.0,0.0,20,0.5829500000000001,1,0,0,5
5709,2.0,2.0,0.0,41,0.5828769230769231,1,0,0,16
5710,2.0,2.0,0.0,44,0.5828038461538462,1,0,0,19
5711,2.0,2.0,0.0,29,0.5827307692307693,1,0,0,10
5712,2.0,2.0,0.0,68,0.5826576923076923,1,0,0,25
5713,2.0,2.0,0.0,28,0.5825846153846155,1,0,0,6
5714,2.0,2.0,0.0,40,0.5825115384615385,1,0,0,10
5715,2.0,2.0,0.0,38,0.5824384615384616,1,0,0,16
5716,2.0,2.0,0.0,43,0.5823653846153847,1,0,0,18
5717,2.0,2.0,0.0,45,0.5822923076923077,1,0,0,16
5718,2.0,2.0,0.0,32,0.5822192307692309,1,0,0,16
5719,2.0,2.0,0.0,29,0.5821461538461539,1,0,0,11
5720,2.0,2.0,0.0,49,0.582073076923077,1,0,0,17
5721,2.0,2.0,0.0,24,0.5820000000000001,1,0,0,5
5722,2.0,2.0,0.0,46,0.5819269230769231,1,0,0,14
5723,2.0,2.0,0.0,38,0.5818538461538462,1,0,0,10
5724,2.0,2.0,0.0,24,0.5817807692307693,1,0,0,17
5725,2.0,2.0,0.0,47,0.5817076923076924,1,0,0,19
5726,2.0,2.0,0.0,72,0.5816346153846155,1,0,0,25
5727,2.0,2.0,0.0,48,0.5815615384615385,1,0,0,23
5728,2.0,2.0,0.0,26,0.5814884615384616,1,0,0,12
5729,2.0,2.0,0.0,55,0.5814153846153847,1,0,0,18
5730,2.0,2.0,0.0,42,0.5813423076923077,1,0,0,17
5731,2.0,2.0,0.0,36,0.5812692307692309,1,0,0,17
5732,0.0,0.0,0.0,50,0.5811961538461539,0,1,0,24
5733,2.0,2.0,0.0,20,0.581123076923077,1,0,0,8
5734,2.0,2.0,0.0,20,0.5810500000000001,1,0,0,5
5735,2.0,2.0,0.0,63,0.5809769230769231,1,0,0,25
5736,2.0,2.0,0.0,54,0.5809038461538462,1,0,0,24
5737,2.0,2.0,0.0,52,0.5808307692307693,1,0,0,21
5738,2.0,2.0,0.0,30,0.5807576923076924,1,0,0,17
5739,2.0,2.0,0.0,33,0.5806846153846155,1,0,0,17
5740,2.0,2.0,0.0,26,0.5806115384615385,1,0,0,5
5741,2.0,2.0,0.0,27,0.5805384615384616,1,0,0,12
5742,1.0,1.0,0.0,155,0.5804653846153847,0,1,0,56
5743,2.0,2.0,0.0,43,0.5803923076923077,1,0,0,16
5744,2.0,2.0,0.0,46,0.5803192307692309,1,0,0,22
5745,2.0,2.0,0.0,28,0.5802461538461539,1,0,0,13
5746,2.0,2.0,0.0,20,0.580173076923077,1,0,0,9
5747,2.0,2.0,0.0,41,0.5801000000000001,1,0,0,11
5748,2.0,2.0,0.0,26,0.580026923076923,1,0,0,11
5749,2.0,2.0,0.0,17,0.5799538461538462,1,0,0,5
5750,2.0,2.0,0.0,31,0.5798807692307693,1,0,0,12
5751,2.0,2.0,0.0,34,0.5798076923076924,1,0,0,9
5752,2.0,2.0,0.0,29,0.5797346153846155,1,0,0,9
5753,2.0,2.0,0.0,34,0.5796615384615385,1,0,0,9
5754,2.0,2.0,0.0,34,0.5795884615384616,1,0,0,13
5755,2.0,2.0,0.0,54,0.5795153846153847,1,0,0,23
5756,2.0,2.0,0.0,44,0.5794423076923076,1,0,0,19
5757,2.0,2.0,0.0,52,0.5793692307692309,1,0,0,14
5758,2.0,2.0,0.0,38,0.5792961538461538,1,0,0,17
5759,2.0,2.0,0.0,81,0.579223076923077,1,0,0,36
5760,2.0,2.0,0.0,49,0.57915,1,0,0,23
5761,2.0,2.0,0.0,52,0.579076923076923,1,0,0,22
5762,1.0,1.0,0.0,32,0.5790038461538461,0,1,0,9
5763,2.0,2.0,0.0,25,0.5789307692307692,1,0,0,12
5764,2.0,2.0,0.0,24,0.5788576923076924,1,0,0,7
5765,2.0,2.0,0.0,50,0.5787846153846155,1,0,0,24
5766,2.0,2.0,0.0,31,0.5787115384615384,1,0,0,10
5767,2.0,2.0,0.0,24,0.5786384615384615,1,0,0,10
5768,2.0,2.0,0.0,23,0.5785653846153846,1,0,0,8
5769,2.0,2.0,0.0,27,0.5784923076923076,1,0,0,7
5770,2.0,2.0,0.0,41,0.5784192307692309,1,0,0,11
5771,2.0,2.0,0.0,38,0.5783461538461538,1,0,0,13
5772,2.0,2.0,0.0,36,0.578273076923077,1,0,0,18
5773,2.0,2.0,0.0,44,0.5782,1,0,0,15
5774,2.0,2.0,0.0,42,0.578126923076923,1,0,0,17
5775,2.0,2.0,0.0,54,0.5780538461538461,1,0,0,19
5776,2.0,2.0,0.0,30,0.5779807692307692,1,0,0,6
5777,2.0,2.0,0.0,40,0.5779076923076923,1,0,0,15
5778,2.0,2.0,0.0,35,0.5778346153846154,1,0,0,15
5779,2.0,2.0,0.0,19,0.5777615384615384,1,0,0,7
5780,2.0,2.0,0.0,43,0.5776884615384615,1,0,0,16
5781,2.0,2.0,0.0,65,0.5776153846153846,1,0,0,26
5782,2.0,2.0,0.0,33,0.5775423076923076,1,0,0,15
5783,2.0,2.0,0.0,53,0.5774692307692308,1,0,0,17
5784,2.0,2.0,0.0,36,0.5773961538461538,1,0,0,14
5785,2.0,2.0,0.0,37,0.5773230769230769,1,0,0,12
5786,2.0,2.0,0.0,43,0.57725,1,0,0,15
5787,2.0,2.0,0.0,59,0.577176923076923,1,0,0,23
5788,2.0,2.0,0.0,57,0.5771038461538461,1,0,0,24
5789,2.0,2.0,0.0,28,0.5770307692307692,1,0,0,13
5790,2.0,2.0,0.0,23,0.5769576923076923,1,0,0,7
5791,2.0,2.0,0.0,29,0.5768846153846154,1,0,0,10
5792,2.0,2.0,0.0,75,0.5768115384615384,1,0,0,34
5793,2.0,2.0,0.0,37,0.5767384615384615,1,0,0,16
5794,2.0,2.0,0.0,31,0.5766653846153846,1,0,0,10
5795,2.0,2.0,0.0,26,0.5765923076923077,1,0,0,11
5796,2.0,2.0,0.0,32,0.5765192307692308,1,0,0,12
5797,2.0,2.0,0.0,26,0.5764461538461538,1,0,0,13
5798,2.0,2.0,0.0,29,0.5763730769230769,1,0,0,14
5799,2.0,2.0,0.0,26,0.5763,1,0,0,11
5800,2.0,2.0,0.0,25,0.576226923076923,1,0,0,11
5801,2.0,2.0,0.0,47,0.5761538461538461,1,0,0,21
5802,0.0,0.0,0.0,54,0.5760807692307692,0,1,0,18
5803,2.0,2.0,0.0,43,0.5760076923076923,1,0,0,16
5804,2.0,2.0,0.0,32,0.5759346153846154,1,0,0,10
5805,2.0,2.0,0.0,66,0.5758615384615384,1,0,0,27
5806,2.0,2.0,0.0,40,0.5757884615384615,1,0,0,11
5807,2.0,2.0,0.0,65,0.5757153846153846,1,0,0,22
5808,2.0,2.0,0.0,61,0.5756423076923077,1,0,0,28
5809,2.0,2.0,0.0,57,0.5755692307692308,1,0,0,26
5810,2.0,2.0,0.0,35,0.5754961538461538,1,0,0,12
5811,2.0,2.0,0.0,69,0.5754230769230769,1,0,0,29
5812,2.0,2.0,0.0,29,0.57535,1,0,0,12
5813,2.0,2.0,0.0,52,0.575276923076923,1,0,0,26
5814,0.0,0.0,0.0,58,0.5752038461538462,0,1,0,19
5815,2.0,2.0,0.0,29,0.5751307692307692,1,0,0,14
5816,2.0,2.0,0.0,53,0.5750576923076923,1,0,0,21
5817,2.0,2.0,0.0,38,0.5749846153846154,1,0,0,15
5818,2.0,2.0,0.0,49,0.5749115384615384,1,0,0,17
5819,2.0,2.0,0.0,52,0.5748384615384615,1,0,0,19
5820,2.0,2.0,0.0,85,0.5747653846153846,1,0,0,35
5821,2.0,2.0,0.0,33,0.5746923076923077,1,0,0,14
5822,2.0,2.0,0.0,39,0.5746192307692308,1,0,0,14
5823,2.0,2.0,0.0,17,0.5745461538461538,1,0,0,10
5824,2.0,2.0,0.0,27,0.5744730769230769,1,0,0,13
5825,2.0,2.0,0.0,45,0.5744,1,0,0,10
5826,2.0,2.0,0.0,30,0.574326923076923,1,0,0,11
5827,2.0,2.0,0.0,29,0.5742538461538462,1,0,0,10
5828,2.0,2.0,0.0,43,0.5741807692307692,1,0,0,14
5829,2.0,2.0,0.0,51,0.5741076923076923,1,0,0,16
5830,2.0,2.0,0.0,44,0.5740346153846154,1,0,0,19
5831,2.0,2.0,0.0,27,0.5739615384615384,1,0,0,10
5832,2.0,2.0,0.0,39,0.5738884615384616,1,0,0,16
5833,2.0,2.0,0.0,23,0.5738153846153846,1,0,0,8
5834,2.0,2.0,0.0,36,0.5737423076923077,1,0,0,16
5835,2.0,2.0,0.0,48,0.5736692307692308,1,0,0,20
5836,2.0,2.0,0.0,28,0.5735961538461538,1,0,0,11
5837,2.0,2.0,0.0,24,0.573523076923077,1,0,0,5
5838,2.0,2.0,0.0,21,0.57345,1,0,0,8
5839,2.0,2.0,0.0,57,0.573376923076923,1,0,0,20
5840,2.0,2.0,0.0,26,0.5733038461538462,1,0,0,9
5841,2.0,2.0,0.0,44,0.5732307692307692,1,0,0,17
5842,2.0,2.0,0.0,35,0.5731576923076923,1,0,0,12
5843,2.0,2.0,0.0,30,0.5730846153846154,1,0,0,14
5844,2.0,2.0,0.0,28,0.5730115384615384,1,0,0,7
5845,2.0,2.0,0.0,16,0.5729384615384616,1,0,0,9
5846,2.0,2.0,0.0,66,0.5728653846153846,1,0,0,35
5847,2.0,2.0,0.0,19,0.5727923076923077,1,0,0,6
5848,2.0,2.0,0.0,48,0.5727192307692308,1,0,0,18
5849,2.0,2.0,0.0,54,0.5726461538461538,1,0,0,20
5850,2.0,2.0,0.0,27,0.572573076923077,1,0,0,9
5851,2.0,2.0,0.0,37,0.5725,1,0,0,10
5852,2.0,2.0,0.0,30,0.572426923076923,1,0,0,21
5853,2.0,2.0,0.0,30,0.5723538461538462,1,0,0,10
5854,2.0,2.0,0.0,35,0.5722807692307692,1,0,0,21
5855,2.0,2.0,0.0,35,0.5722076923076924,1,0,0,14
5856,2.0,2.0,0.0,34,0.5721346153846154,1,0,0,17
5857,2.0,2.0,0.0,47,0.5720615384615384,1,0,0,20
5858,2.0,2.0,0.0,19,0.5719884615384616,1,0,0,3
5859,2.0,2.0,0.0,26,0.5719153846153846,1,0,0,7
5860,0.0,0.0,0.0,44,0.5718423076923078,0,1,0,15
5861,2.0,2.0,0.0,31,0.5717692307692308,1,0,0,17
5862,2.0,2.0,0.0,38,0.5716961538461538,1,0,0,12
5863,2.0,2.0,0.0,28,0.571623076923077,1,0,0,12
5864,0.0,0.0,0.0,35,0.57155,0,1,0,18
5865,2.0,2.0,0.0,27,0.5714769230769231,1,0,0,14
5866,2.0,2.0,0.0,29,0.5714038461538462,1,0,0,14
5867,2.0,2.0,0.0,27,0.5713307692307692,1,0,0,11
5868,2.0,2.0,0.0,30,0.5712576923076924,1,0,0,7
5869,2.0,2.0,0.0,17,0.5711846153846154,1,0,0,11
5870,2.0,2.0,0.0,39,0.5711115384615384,1,0,0,13
5871,2.0,2.0,0.0,60,0.5710384615384616,1,0,0,16
5872,2.0,2.0,0.0,56,0.5709653846153846,1,0,0,18
5873,2.0,2.0,0.0,53,0.5708923076923078,1,0,0,25
5874,2.0,2.0,0.0,55,0.5708192307692308,1,0,0,23
5875,2.0,2.0,0.0,44,0.5707461538461538,1,0,0,21
5876,2.0,2.0,0.0,35,0.570673076923077,1,0,0,16
5877,2.0,2.0,0.0,25,0.5706,1,0,0,11
5878,2.0,2.0,0.0,41,0.5705269230769231,1,0,0,14
5879,1.0,1.0,0.0,44,0.5704538461538462,0,1,0,15
5880,2.0,2.0,0.0,34,0.5703807692307692,1,0,0,16
5881,2.0,2.0,0.0,32,0.5703076923076924,1,0,0,13
5882,2.0,2.0,0.0,20,0.5702346153846154,1,0,0,12
5883,1.0,1.0,0.0,45,0.5701615384615385,0,1,0,21
5884,2.0,2.0,0.0,42,0.5700884615384616,1,0,0,19
5885,2.0,2.0,0.0,30,0.5700153846153846,1,0,0,11
5886,0.0,0.0,0.0,22,0.5699423076923078,0,1,0,12
5887,2.0,2.0,0.0,26,0.5698692307692308,1,0,0,13
5888,2.0,2.0,0.0,33,0.5697961538461539,1,0,0,10
5889,1.0,1.0,0.0,39,0.569723076923077,0,1,0,9
5890,2.0,2.0,0.0,35,0.56965,1,0,0,14
5891,2.0,2.0,0.0,34,0.5695769230769231,1,0,0,11
5892,0.0,0.0,0.0,29,0.5695038461538462,0,1,0,11
5893,0.0,0.0,0.0,27,0.5694307692307692,0,1,0,9
5894,2.0,2.0,0.0,28,0.5693576923076924,1,0,0,17
5895,2.0,2.0,0.0,124,0.5692846153846154,1,0,0,46
5896,2.0,2.0,0.0,44,0.5692115384615385,1,0,0,14
5897,2.0,2.0,0.0,61,0.5691384615384616,1,0,0,24
5898,2.0,2.0,0.0,28,0.5690653846153846,1,0,0,11
5899,2.0,2.0,0.0,27,0.5689923076923078,1,0,0,6
5900,2.0,2.0,0.0,59,0.5689192307692308,1,0,0,17
5901,2.0,2.0,0.0,24,0.5688461538461539,1,0,0,9
5902,2.0,2.0,0.0,45,0.568773076923077,1,0,0,17
5903,2.0,2.0,0.0,21,0.5687,1,0,0,10
5904,2.0,2.0,0.0,123,0.5686269230769231,1,0,0,47
5905,2.0,2.0,0.0,34,0.5685538461538462,1,0,0,14
5906,2.0,2.0,0.0,25,0.5684807692307693,1,0,0,8
5907,2.0,2.0,0.0,60,0.5684076923076924,1,0,0,20
5908,2.0,2.0,0.0,37,0.5683346153846154,1,0,0,10
5909,2.0,2.0,0.0,35,0.5682615384615385,1,0,0,10
5910,2.0,2.0,0.0,51,0.5681884615384616,1,0,0,23
5911,2.0,2.0,0.0,28,0.5681153846153847,1,0,0,15
5912,2.0,2.0,0.0,28,0.5680423076923078,1,0,0,11
5913,2.0,2.0,0.0,28,0.5679692307692308,1,0,0,10
5914,2.0,2.0,0.0,29,0.5678961538461539,1,0,0,11
5915,1.0,1.0,0.0,62,0.567823076923077,0,1,0,25
5916,2.0,2.0,0.0,38,0.56775,1,0,0,16
5917,2.0,2.0,0.0,45,0.5676769230769231,1,0,0,14
5918,2.0,2.0,0.0,30,0.5676038461538462,1,0,0,11
5919,2.0,2.0,0.0,91,0.5675307692307693,1,0,0,36
5920,2.0,2.0,0.0,28,0.5674576923076924,1,0,0,8
5921,2.0,2.0,0.0,25,0.5673846153846154,1,0,0,14
5922,2.0,2.0,0.0,32,0.5673115384615385,1,0,0,16
5923,2.0,2.0,0.0,24,0.5672384615384616,1,0,0,12
5924,2.0,2.0,0.0,34,0.5671653846153847,1,0,0,17
5925,2.0,2.0,0.0,35,0.5670923076923078,1,0,0,10
5926,2.0,2.0,0.0,49,0.5670192307692308,1,0,0,25
5927,2.0,2.0,0.0,30,0.5669461538461539,1,0,0,17
5928,2.0,2.0,0.0,22,0.566873076923077,1,0,0,14
5929,2.0,2.0,0.0,23,0.5668,1,0,0,6
5930,2.0,2.0,0.0,28,0.5667269230769231,1,0,0,13
5931,2.0,2.0,0.0,42,0.5666538461538462,1,0,0,16
5932,2.0,2.0,0.0,54,0.5665807692307693,1,0,0,21
5933,2.0,2.0,0.0,51,0.5665076923076924,1,0,0,21
5934,2.0,2.0,0.0,23,0.5664346153846154,1,0,0,13
5935,1.0,1.0,0.0,36,0.5663615384615385,0,1,0,14
5936,2.0,2.0,0.0,26,0.5662884615384616,1,0,0,10
5937,2.0,2.0,0.0,30,0.5662153846153847,1,0,0,13
5938,2.0,2.0,0.0,31,0.5661423076923078,1,0,0,11
5939,2.0,2.0,0.0,43,0.5660692307692308,1,0,0,12
5940,2.0,2.0,0.0,35,0.5659961538461539,1,0,0,17
5941,0.0,0.0,0.0,42,0.565923076923077,0,1,0,17
5942,0.0,0.0,0.0,28,0.56585,0,1,0,12
5943,2.0,2.0,0.0,37,0.5657769230769231,1,0,0,10
5944,2.0,2.0,0.0,45,0.5657038461538462,1,0,0,17
5945,2.0,2.0,0.0,26,0.5656307692307693,1,0,0,6
5946,2.0,2.0,0.0,25,0.5655576923076924,1,0,0,10
5947,2.0,2.0,0.0,38,0.5654846153846154,1,0,0,13
5948,2.0,2.0,0.0,59,0.5654115384615385,1,0,0,25
5949,2.0,2.0,0.0,40,0.5653384615384616,1,0,0,19
5950,2.0,2.0,0.0,23,0.5652653846153847,1,0,0,10
5951,2.0,2.0,0.0,22,0.5651923076923078,1,0,0,6
5952,2.0,2.0,0.0,46,0.5651192307692308,1,0,0,25
5953,2.0,2.0,0.0,49,0.5650461538461539,1,0,0,18
5954,2.0,2.0,0.0,32,0.564973076923077,1,0,0,11
5955,0.0,0.0,0.0,50,0.5649,0,1,0,20
5956,2.0,2.0,0.0,18,0.5648269230769231,1,0,0,8
5957,2.0,2.0,0.0,94,0.5647538461538462,1,0,0,45
5958,2.0,2.0,0.0,27,0.5646807692307693,1,0,0,9
5959,2.0,2.0,0.0,29,0.5646076923076924,1,0,0,10
5960,2.0,2.0,0.0,29,0.5645346153846154,1,0,0,19
5961,2.0,2.0,0.0,27,0.5644615384615385,1,0,0,10
5962,2.0,2.0,0.0,48,0.5643884615384616,1,0,0,20
5963,2.0,2.0,0.0,24,0.5643153846153847,1,0,0,11
5964,2.0,2.0,0.0,40,0.5642423076923078,1,0,0,14
5965,2.0,2.0,0.0,23,0.5641692307692308,1,0,0,7
5966,2.0,2.0,0.0,42,0.5640961538461539,1,0,0,15
5967,2.0,2.0,0.0,53,0.564023076923077,1,0,0,23
5968,2.0,2.0,0.0,53,0.56395,1,0,0,19
5969,2.0,2.0,0.0,57,0.563876923076923,1,0,0,25
5970,2.0,2.0,0.0,23,0.5638038461538462,1,0,0,6
5971,2.0,2.0,0.0,41,0.5637307692307693,1,0,0,14
5972,2.0,2.0,0.0,52,0.5636576923076924,1,0,0,14
5973,2.0,2.0,0.0,38,0.5635846153846154,1,0,0,19
5974,2.0,2.0,0.0,51,0.5635115384615385,1,0,0,21
5975,1.0,1.0,0.0,73,0.5634384615384616,0,1,0,24
5976,2.0,2.0,0.0,27,0.5633653846153847,1,0,0,10
5977,2.0,2.0,0.0,30,0.5632923076923078,1,0,0,12
5978,2.0,2.0,0.0,43,0.5632192307692307,1,0,0,15
5979,2.0,2.0,0.0,27,0.5631461538461539,1,0,0,10
5980,2.0,2.0,0.0,41,0.563073076923077,1,0,0,14
5981,2.0,2.0,0.0,33,0.563,1,0,0,12
5982,2.0,2.0,0.0,26,0.5629269230769232,1,0,0,12
5983,2.0,2.0,0.0,28,0.5628538461538461,1,0,0,12
5984,2.0,2.0,0.0,26,0.5627807692307693,1,0,0,12
5985,2.0,2.0,0.0,47,0.5627076923076924,1,0,0,16
5986,2.0,2.0,0.0,24,0.5626346153846153,1,0,0,7
5987,2.0,2.0,0.0,18,0.5625615384615384,1,0,0,3
5988,2.0,2.0,0.0,23,0.5624884615384615,1,0,0,7
5989,2.0,2.0,0.0,26,0.5624153846153847,1,0,0,10
5990,2.0,2.0,0.0,49,0.5623423076923078,1,0,0,17
5991,2.0,2.0,0.0,38,0.5622692307692307,1,0,0,16
5992,2.0,2.0,0.0,59,0.5621961538461538,1,0,0,16
5993,2.0,2.0,0.0,37,0.562123076923077,1,0,0,15
5994,2.0,2.0,0.0,34,0.5620499999999999,1,0,0,14
5995,2.0,2.0,0.0,74,0.5619769230769232,1,0,0,28
5996,2.0,2.0,0.0,45,0.5619038461538461,1,0,0,15
5997,2.0,2.0,0.0,35,0.5618307692307692,1,0,0,16
5998,2.0,2.0,0.0,29,0.5617576923076923,1,0,0,10
5999,2.0,2.0,0.0,57,0.5616846153846153,1,0,0,28
6000,2.0,2.0,0.0,27,0.5616115384615384,1,0,0,7
6001,2.0,2.0,0.0,26,0.5615384615384615,1,0,0,11
6002,2.0,2.0,0.0,61,0.5614653846153846,1,0,0,28
6003,2.0,2.0,0.0,31,0.5613923076923077,1,0,0,8
6004,2.0,2.0,0.0,45,0.5613192307692307,1,0,0,19
6005,0.0,0.0,0.0,53,0.5612461538461538,0,1,0,24
6006,2.0,2.0,0.0,37,0.5611730769230769,1,0,0,21
6007,2.0,2.0,0.0,61,0.5610999999999999,1,0,0,22
6008,2.0,2.0,0.0,30,0.5610269230769231,1,0,0,9
6009,0.0,0.0,0.0,24,0.5609538461538461,0,1,0,14
6010,2.0,2.0,0.0,52,0.5608807692307692,1,0,0,20
6011,0.0,0.0,0.0,29,0.5608076923076923,0,1,0,11
6012,2.0,2.0,0.0,28,0.5607346153846153,1,0,0,7
6013,2.0,2.0,0.0,33,0.5606615384615385,1,0,0,14
6014,2.0,2.0,0.0,30,0.5605884615384615,1,0,0,8
6015,2.0,2.0,0.0,21,0.5605153846153846,1,0,0,10
6016,2.0,2.0,0.0,102,0.5604423076923077,1,0,0,43
6017,0.0,0.0,0.0,27,0.5603692307692307,0,1,0,8
6018,2.0,2.0,0.0,24,0.5602961538461539,1,0,0,10
6019,2.0,2.0,0.0,35,0.5602230769230769,1,0,0,10
6020,2.0,2.0,0.0,40,0.5601499999999999,1,0,0,11
6021,0.0,0.0,0.0,25,0.5600769230769231,0,1,0,13
6022,2.0,2.0,0.0,46,0.5600038461538461,1,0,0,14
6023,2.0,2.0,0.0,57,0.5599307692307692,1,0,0,25
6024,2.0,2.0,0.0,51,0.5598576923076923,1,0,0,20
6025,2.0,2.0,0.0,79,0.5597846153846153,1,0,0,25
6026,2.0,2.0,0.0,44,0.5597115384615385,1,0,0,17
6027,2.0,2.0,0.0,44,0.5596384615384615,1,0,0,20
6028,2.0,2.0,0.0,49,0.5595653846153846,1,0,0,21
6029,1.0,1.0,0.0,37,0.5594923076923077,0,1,0,22
6030,2.0,2.0,0.0,61,0.5594192307692307,1,0,0,26
6031,2.0,2.0,0.0,30,0.5593461538461539,1,0,0,10
6032,2.0,2.0,0.0,48,0.5592730769230769,1,0,0,18
6033,2.0,2.0,0.0,28,0.5591999999999999,1,0,0,10
6034,2.0,2.0,0.0,53,0.5591269230769231,1,0,0,24
6035,2.0,2.0,0.0,30,0.5590538461538461,1,0,0,9
6036,2.0,2.0,0.0,37,0.5589807692307693,1,0,0,9
6037,2.0,2.0,0.0,20,0.5589076923076923,1,0,0,9
6038,2.0,2.0,0.0,26,0.5588346153846153,1,0,0,6
6039,2.0,2.0,0.0,25,0.5587615384615385,1,0,0,10
6040,2.0,2.0,0.0,93,0.5586884615384615,1,0,0,30
6041,2.0,2.0,0.0,22,0.5586153846153847,1,0,0,7
6042,2.0,2.0,0.0,64,0.5585423076923077,1,0,0,23
6043,2.0,2.0,0.0,31,0.5584692307692307,1,0,0,10
6044,2.0,2.0,0.0,51,0.5583961538461539,1,0,0,15
6045,2.0,2.0,0.0,34,0.5583230769230769,1,0,0,15
6046,2.0,2.0,0.0,21,0.55825,1,0,0,12
6047,2.0,2.0,0.0,31,0.5581769230769231,1,0,0,12
6048,2.0,2.0,0.0,22,0.5581038461538461,1,0,0,10
6049,2.0,2.0,0.0,37,0.5580307692307693,1,0,0,13
6050,2.0,2.0,0.0,38,0.5579576923076923,1,0,0,16
6051,2.0,2.0,0.0,36,0.5578846153846153,1,0,0,19
6052,2.0,2.0,0.0,30,0.5578115384615385,1,0,0,12
6053,2.0,2.0,0.0,25,0.5577384615384615,1,0,0,8
6054,2.0,2.0,0.0,45,0.5576653846153847,1,0,0,15
6055,2.0,2.0,0.0,32,0.5575923076923077,1,0,0,12
6056,2.0,2.0,0.0,45,0.5575192307692307,1,0,0,15
6057,2.0,2.0,0.0,31,0.5574461538461539,1,0,0,7
6058,2.0,2.0,0.0,20,0.5573730769230769,1,0,0,11
6059,2.0,2.0,0.0,17,0.5573,1,0,0,9
6060,2.0,2.0,0.0,24,0.5572269230769231,1,0,0,8
6061,0.0,0.0,0.0,16,0.5571538461538461,0,1,0,8
6062,2.0,2.0,0.0,16,0.5570807692307693,1,0,0,7
6063,2.0,2.0,0.0,42,0.5570076923076923,1,0,0,15
6064,2.0,2.0,0.0,40,0.5569346153846154,1,0,0,17
6065,2.0,2.0,0.0,25,0.5568615384615385,1,0,0,14
6066,2.0,2.0,0.0,22,0.5567884615384615,1,0,0,7
6067,2.0,2.0,0.0,27,0.5567153846153847,1,0,0,10
6068,2.0,2.0,0.0,27,0.5566423076923077,1,0,0,12
6069,2.0,2.0,0.0,46,0.5565692307692308,1,0,0,15
6070,1.0,1.0,0.0,23,0.5564961538461539,0,1,0,11
6071,2.0,2.0,0.0,24,0.5564230769230769,1,0,0,11
6072,2.0,2.0,0.0,56,0.55635,1,0,0,23
6073,2.0,2.0,0.0,31,0.5562769230769231,1,0,0,17
6074,0.0,0.0,0.0,42,0.5562038461538461,0,1,0,15
6075,2.0,2.0,0.0,33,0.5561307692307693,1,0,0,19
6076,2.0,2.0,0.0,23,0.5560576923076923,1,0,0,7
6077,2.0,2.0,0.0,25,0.5559846153846154,1,0,0,8
6078,2.0,2.0,0.0,20,0.5559115384615385,1,0,0,11
6079,2.0,2.0,0.0,21,0.5558384615384615,1,0,0,13
6080,2.0,2.0,0.0,52,0.5557653846153847,1,0,0,23
6081,2.0,2.0,0.0,50,0.5556923076923077,1,0,0,26
6082,2.0,2.0,0.0,31,0.5556192307692308,1,0,0,12
6083,2.0,2.0,0.0,32,0.5555461538461539,1,0,0,13
6084,2.0,2.0,0.0,22,0.5554730769230769,1,0,0,10
6085,2.0,2.0,0.0,18,0.5554,1,0,0,8
6086,2.0,2.0,0.0,23,0.5553269230769231,1,0,0,9
6087,2.0,2.0,0.0,28,0.5552538461538462,1,0,0,12
6088,2.0,2.0,0.0,38,0.5551807692307693,1,0,0,11
6089,2.0,2.0,0.0,27,0.5551076923076923,1,0,0,10
6090,2.0,2.0,0.0,34,0.5550346153846154,1,0,0,17
6091,0.0,0.0,0.0,53,0.5549615384615385,0,1,0,21
6092,2.0,2.0,0.0,36,0.5548884615384616,1,0,0,12
6093,2.0,2.0,0.0,22,0.5548153846153847,1,0,0,8
6094,1.0,1.0,0.0,30,0.5547423076923077,0,1,0,12
6095,2.0,2.0,0.0,18,0.5546692307692308,1,0,0,5
6096,2.0,2.0,0.0,24,0.5545961538461539,1,0,0,6
6097,2.0,2.0,0.0,20,0.5545230769230769,1,0,0,7
6098,2.0,2.0,0.0,35,0.5544500000000001,1,0,0,14
6099,2.0,2.0,0.0,62,0.5543769230769231,1,0,0,28
6100,2.0,2.0,0.0,40,0.5543038461538462,1,0,0,17
6101,2.0,2.0,0.0,25,0.5542307692307693,1,0,0,8
6102,2.0,2.0,0.0,36,0.5541576923076923,1,0,0,17
6103,2.0,2.0,0.0,26,0.5540846153846154,1,0,0,9
6104,2.0,2.0,0.0,38,0.5540115384615385,1,0,0,12
6105,1.0,1.0,0.0,31,0.5539384615384616,0,1,0,15
6106,2.0,2.0,0.0,31,0.5538653846153847,1,0,0,13
6107,2.0,2.0,0.0,36,0.5537923076923077,1,0,0,18
6108,2.0,2.0,0.0,22,0.5537192307692308,1,0,0,11
6109,2.0,2.0,0.0,27,0.5536461538461539,1,0,0,6
6110,2.0,2.0,0.0,48,0.5535730769230769,1,0,0,18
6111,2.0,2.0,0.0,25,0.5535000000000001,1,0,0,11
6112,2.0,2.0,0.0,74,0.5534269230769231,1,0,0,32
6113,2.0,2.0,0.0,30,0.5533538461538462,1,0,0,11
6114,2.0,2.0,0.0,37,0.5532807692307693,1,0,0,18
6115,2.0,2.0,0.0,31,0.5532076923076923,1,0,0,8
6116,2.0,2.0,0.0,59,0.5531346153846154,1,0,0,27
6117,2.0,2.0,0.0,33,0.5530615384615385,1,0,0,12
6118,2.0,2.0,0.0,29,0.5529884615384616,1,0,0,7
6119,2.0,2.0,0.0,31,0.5529153846153847,1,0,0,10
6120,2.0,2.0,0.0,17,0.5528423076923077,1,0,0,6
6121,2.0,2.0,0.0,26,0.5527692307692308,1,0,0,9
6122,2.0,2.0,0.0,36,0.5526961538461539,1,0,0,14
6123,0.0,0.0,0.0,81,0.5526230769230769,0,1,0,37
6124,2.0,2.0,0.0,29,0.5525500000000001,1,0,0,12
6125,2.0,2.0,0.0,23,0.5524769230769231,1,0,0,11
6126,2.0,2.0,0.0,24,0.5524038461538462,1,0,0,9
6127,2.0,2.0,0.0,24,0.5523307692307693,1,0,0,7
6128,2.0,2.0,0.0,34,0.5522576923076923,1,0,0,11
6129,2.0,2.0,0.0,100,0.5521846153846154,1,0,0,30
6130,2.0,2.0,0.0,21,0.5521115384615385,1,0,0,6
6131,2.0,2.0,0.0,23,0.5520384615384616,1,0,0,7
6132,2.0,2.0,0.0,37,0.5519653846153847,1,0,0,16
6133,2.0,2.0,0.0,33,0.5518923076923077,1,0,0,11
6134,0.0,0.0,0.0,37,0.5518192307692308,0,1,0,14
6135,2.0,2.0,0.0,32,0.5517461538461539,1,0,0,4
6136,2.0,2.0,0.0,32,0.5516730769230769,1,0,0,17
6137,2.0,2.0,0.0,25,0.5516000000000001,1,0,0,7
6138,2.0,2.0,0.0,38,0.5515269230769231,1,0,0,11
6139,2.0,2.0,0.0,40,0.5514538461538462,1,0,0,15
6140,2.0,2.0,0.0,27,0.5513807692307693,1,0,0,11
6141,2.0,2.0,0.0,39,0.5513076923076923,1,0,0,10
6142,2.0,2.0,0.0,39,0.5512346153846154,1,0,0,18
6143,2.0,2.0,0.0,22,0.5511615384615385,1,0,0,8
6144,2.0,2.0,0.0,28,0.5510884615384616,1,0,0,9
6145,2.0,2.0,0.0,35,0.5510153846153847,1,0,0,15
6146,2.0,2.0,0.0,37,0.5509423076923077,1,0,0,12
6147,0.0,0.0,0.0,23,0.5508692307692308,0,1,0,7
6148,2.0,2.0,0.0,45,0.5507961538461539,1,0,0,18
6149,2.0,2.0,0.0,22,0.5507230769230769,1,0,0,9
6150,2.0,2.0,0.0,30,0.5506500000000001,1,0,0,13
6151,1.0,1.0,0.0,69,0.5505769230769231,0,1,0,27
6152,2.0,2.0,0.0,39,0.5505038461538462,1,0,0,21
6153,0.0,0.0,0.0,37,0.5504307692307693,0,1,0,14
6154,2.0,2.0,0.0,35,0.5503576923076923,1,0,0,15
6155,2.0,2.0,0.0,23,0.5502846153846154,1,0,0,9
6156,2.0,2.0,0.0,24,0.5502115384615385,1,0,0,11
6157,2.0,2.0,0.0,50,0.5501384615384616,1,0,0,19
6158,2.0,2.0,0.0,33,0.5500653846153847,1,0,0,13
6159,2.0,2.0,0.0,41,0.5499923076923077,1,0,0,15
6160,2.0,2.0,0.0,29,0.5499192307692308,1,0,0,11
6161,2.0,2.0,0.0,46,0.5498461538461539,1,0,0,21
6162,2.0,2.0,0.0,31,0.5497730769230769,1,0,0,12
6163,2.0,2.0,0.0,21,0.5497000000000001,1,0,0,6
6164,2.0,2.0,0.0,39,0.5496269230769231,1,0,0,15
6165,2.0,2.0,0.0,17,0.5495538461538462,1,0,0,9
6166,2.0,2.0,0.0,22,0.5494807692307693,1,0,0,11
6167,2.0,2.0,0.0,25,0.5494076923076923,1,0,0,11
6168,1.0,1.0,0.0,35,0.5493346153846154,0,1,0,11
6169,2.0,2.0,0.0,45,0.5492615384615385,1,0,0,14
6170,2.0,2.0,0.0,98,0.5491884615384616,1,0,0,27
6171,1.0,1.0,0.0,30,0.5491153846153847,0,1,0,14
6172,2.0,2.0,0.0,25,0.5490423076923077,1,0,0,6
6173,0.0,0.0,0.0,54,0.5489692307692308,0,1,0,17
6174,2.0,2.0,0.0,54,0.5488961538461539,1,0,0,20
6175,2.0,2.0,0.0,34,0.5488230769230769,1,0,0,9
6176,2.0,2.0,0.0,28,0.5487500000000001,1,0,0,11
6177,2.0,2.0,0.0,46,0.5486769230769231,1,0,0,15
6178,2.0,2.0,0.0,27,0.5486038461538462,1,0,0,10
6179,2.0,2.0,0.0,46,0.5485307692307693,1,0,0,12
6180,1.0,1.0,0.0,35,0.5484576923076923,0,1,0,13
6181,1.0,1.0,0.0,26,0.5483846153846154,0,1,0,10
6182,2.0,2.0,0.0,36,0.5483115384615385,1,0,0,10
6183,2.0,2.0,0.0,34,0.5482384615384616,1,0,0,12
6184,2.0,2.0,0.0,37,0.5481653846153847,1,0,0,13
6185,2.0,2.0,0.0,34,0.5480923076923077,1,0,0,12
6186,2.0,2.0,0.0,36,0.5480192307692308,1,0,0,17
6187,2.0,2.0,0.0,25,0.5479461538461539,1,0,0,11
6188,2.0,2.0,0.0,30,0.5478730769230769,1,0,0,14
6189,2.0,2.0,0.0,34,0.5478000000000001,1,0,0,10
6190,2.0,2.0,0.0,56,0.5477269230769231,1,0,0,26
6191,2.0,2.0,0.0,76,0.5476538461538462,1,0,0,36
6192,2.0,2.0,0.0,21,0.5475807692307693,1,0,0,6
6193,2.0,2.0,0.0,40,0.5475076923076923,1,0,0,10
6194,2.0,2.0,0.0,41,0.5474346153846155,1,0,0,12
6195,2.0,2.0,0.0,24,0.5473615384615385,1,0,0,6
6196,2.0,2.0,0.0,22,0.5472884615384616,1,0,0,6
6197,2.0,2.0,0.0,23,0.5472153846153847,1,0,0,9
6198,2.0,2.0,0.0,26,0.5471423076923077,1,0,0,13
6199,2.0,2.0,0.0,28,0.5470692307692309,1,0,0,9
6200,2.0,2.0,0.0,38,0.5469961538461539,1,0,0,12
6201,2.0,2.0,0.0,19,0.5469230769230768,1,0,0,9
6202,2.0,2.0,0.0,34,0.5468500000000001,1,0,0,14
6203,2.0,2.0,0.0,43,0.546776923076923,1,0,0,22
6204,2.0,2.0,0.0,32,0.5467038461538462,1,0,0,12
6205,2.0,2.0,0.0,21,0.5466307692307693,1,0,0,9
6206,2.0,2.0,0.0,65,0.5465576923076922,1,0,0,29
6207,2.0,2.0,0.0,26,0.5464846153846155,1,0,0,16
6208,2.0,2.0,0.0,39,0.5464115384615384,1,0,0,10
6209,2.0,2.0,0.0,40,0.5463384615384616,1,0,0,20
6210,2.0,2.0,0.0,32,0.5462653846153847,1,0,0,15
6211,2.0,2.0,0.0,40,0.5461923076923076,1,0,0,16
6212,2.0,2.0,0.0,26,0.5461192307692309,1,0,0,11
6213,2.0,2.0,0.0,41,0.5460461538461538,1,0,0,16
6214,2.0,2.0,0.0,69,0.5459730769230768,1,0,0,19
6215,2.0,2.0,0.0,34,0.5459,1,0,0,17
6216,2.0,2.0,0.0,25,0.545826923076923,1,0,0,7
6217,2.0,2.0,0.0,53,0.5457538461538463,1,0,0,20
6218,2.0,2.0,0.0,26,0.5456807692307692,1,0,0,11
6219,2.0,2.0,0.0,18,0.5456076923076922,1,0,0,11
6220,2.0,2.0,0.0,20,0.5455346153846155,1,0,0,6
6221,2.0,2.0,0.0,28,0.5454615384615384,1,0,0,11
6222,2.0,2.0,0.0,29,0.5453884615384617,1,0,0,12
6223,2.0,2.0,0.0,20,0.5453153846153846,1,0,0,7
6224,2.0,2.0,0.0,28,0.5452423076923076,1,0,0,12
6225,2.0,2.0,0.0,30,0.5451692307692309,1,0,0,11
6226,1.0,1.0,0.0,24,0.5450961538461538,0,1,0,12
6227,0.0,0.0,0.0,38,0.5450230769230769,0,1,0,19
6228,0.0,0.0,0.0,24,0.54495,0,1,0,9
6229,2.0,2.0,0.0,21,0.544876923076923,1,0,0,9
6230,2.0,2.0,0.0,36,0.5448038461538462,1,0,0,22
6231,2.0,2.0,0.0,26,0.5447307692307692,1,0,0,11
6232,2.0,2.0,0.0,36,0.5446576923076922,1,0,0,11
6233,1.0,1.0,0.0,34,0.5445846153846154,0,1,0,14
6234,2.0,2.0,0.0,38,0.5445115384615384,1,0,0,16
6235,2.0,2.0,0.0,32,0.5444384615384616,1,0,0,12
6236,2.0,2.0,0.0,30,0.5443653846153846,1,0,0,13
6237,2.0,2.0,0.0,19,0.5442923076923076,1,0,0,5
6238,2.0,2.0,0.0,24,0.5442192307692308,1,0,0,8
6239,2.0,2.0,0.0,21,0.5441461538461538,1,0,0,6
6240,2.0,2.0,0.0,38,0.544073076923077,1,0,0,14
6241,2.0,2.0,0.0,50,0.544,1,0,0,21
6242,1.0,1.0,0.0,26,0.543926923076923,0,1,0,9
6243,2.0,2.0,0.0,40,0.5438538461538462,1,0,0,18
6244,2.0,2.0,0.0,31,0.5437807692307692,1,0,0,10
6245,2.0,2.0,0.0,33,0.5437076923076923,1,0,0,12
6246,2.0,2.0,0.0,37,0.5436346153846154,1,0,0,17
6247,2.0,2.0,0.0,25,0.5435615384615384,1,0,0,11
6248,2.0,2.0,0.0,55,0.5434884615384616,1,0,0,23
6249,2.0,2.0,0.0,18,0.5434153846153846,1,0,0,10
6250,2.0,2.0,0.0,29,0.5433423076923077,1,0,0,14
6251,2.0,2.0,0.0,34,0.5432692307692308,1,0,0,15
6252,2.0,2.0,0.0,32,0.5431961538461538,1,0,0,12
6253,2.0,2.0,0.0,26,0.543123076923077,1,0,0,8
6254,2.0,2.0,0.0,40,0.54305,1,0,0,18
6255,0.0,0.0,0.0,16,0.542976923076923,0,1,0,10
6256,2.0,2.0,0.0,57,0.5429038461538462,1,0,0,15
6257,2.0,2.0,0.0,39,0.5428307692307692,1,0,0,18
6258,2.0,2.0,0.0,30,0.5427576923076923,1,0,0,10
6259,2.0,2.0,0.0,30,0.5426846153846154,1,0,0,15
6260,2.0,2.0,0.0,22,0.5426115384615384,1,0,0,4
6261,2.0,2.0,0.0,21,0.5425384615384616,1,0,0,5
6262,2.0,2.0,0.0,34,0.5424653846153846,1,0,0,18
6263,2.0,2.0,0.0,47,0.5423923076923077,1,0,0,23
6264,2.0,2.0,0.0,37,0.5423192307692308,1,0,0,20
6265,2.0,2.0,0.0,47,0.5422461538461538,1,0,0,23
6266,2.0,2.0,0.0,21,0.542173076923077,1,0,0,8
6267,2.0,2.0,0.0,24,0.5421,1,0,0,11
6268,2.0,2.0,0.0,43,0.5420269230769231,1,0,0,20
6269,2.0,2.0,0.0,25,0.5419538461538462,1,0,0,8
6270,2.0,2.0,0.0,28,0.5418807692307692,1,0,0,16
6271,2.0,2.0,0.0,27,0.5418076923076923,1,0,0,9
6272,2.0,2.0,0.0,37,0.5417346153846154,1,0,0,14
6273,2.0,2.0,0.0,51,0.5416615384615385,1,0,0,21
6274,2.0,2.0,0.0,27,0.5415884615384616,1,0,0,10
6275,2.0,2.0,0.0,33,0.5415153846153846,1,0,0,11
6276,2.0,2.0,0.0,28,0.5414423076923077,1,0,0,15
6277,2.0,2.0,0.0,36,0.5413692307692308,1,0,0,18
6278,2.0,2.0,0.0,57,0.5412961538461538,1,0,0,29
6279,2.0,2.0,0.0,30,0.541223076923077,1,0,0,12
6280,2.0,2.0,0.0,19,0.54115,1,0,0,9
6281,2.0,2.0,0.0,36,0.5410769230769231,1,0,0,11
6282,2.0,2.0,0.0,25,0.5410038461538462,1,0,0,5
6283,0.0,0.0,0.0,40,0.5409307692307692,0,1,0,13
6284,2.0,2.0,0.0,16,0.5408576923076923,1,0,0,6
6285,2.0,2.0,0.0,27,0.5407846153846154,1,0,0,9
6286,2.0,2.0,0.0,37,0.5407115384615385,1,0,0,14
6287,2.0,2.0,0.0,23,0.5406384615384616,1,0,0,10
6288,2.0,2.0,0.0,25,0.5405653846153846,1,0,0,7
6289,2.0,2.0,0.0,47,0.5404923076923077,1,0,0,13
6290,2.0,2.0,0.0,28,0.5404192307692308,1,0,0,18
6291,2.0,2.0,0.0,34,0.5403461538461538,1,0,0,9
6292,2.0,2.0,0.0,32,0.540273076923077,1,0,0,14
6293,2.0,2.0,0.0,38,0.5402,1,0,0,14
6294,2.0,2.0,0.0,36,0.5401269230769231,1,0,0,11
6295,2.0,2.0,0.0,41,0.5400538461538462,1,0,0,12
6296,2.0,2.0,0.0,19,0.5399807692307692,1,0,0,8
6297,2.0,2.0,0.0,35,0.5399076923076923,1,0,0,12
6298,2.0,2.0,0.0,28,0.5398346153846154,1,0,0,11
6299,2.0,2.0,0.0,36,0.5397615384615385,1,0,0,13
6300,2.0,2.0,0.0,38,0.5396884615384616,1,0,0,14
6301,2.0,2.0,0.0,32,0.5396153846153846,1,0,0,11
6302,2.0,2.0,0.0,48,0.5395423076923077,1,0,0,23
6303,2.0,2.0,0.0,25,0.5394692307692308,1,0,0,6
6304,2.0,2.0,0.0,26,0.5393961538461538,1,0,0,4
6305,2.0,2.0,0.0,28,0.539323076923077,1,0,0,9
6306,2.0,2.0,0.0,35,0.53925,1,0,0,8
6307,0.0,0.0,0.0,40,0.5391769230769231,0,1,0,16
6308,2.0,2.0,0.0,28,0.5391038461538462,1,0,0,13
6309,2.0,2.0,0.0,30,0.5390307692307692,1,0,0,11
6310,2.0,2.0,0.0,37,0.5389576923076923,1,0,0,16
6311,2.0,2.0,0.0,60,0.5388846153846154,1,0,0,28
6312,2.0,2.0,0.0,28,0.5388115384615385,1,0,0,9
6313,2.0,2.0,0.0,161,0.5387384615384616,1,0,0,75
6314,2.0,2.0,0.0,40,0.5386653846153846,1,0,0,14
6315,2.0,2.0,0.0,43,0.5385923076923077,1,0,0,18
6316,2.0,2.0,0.0,29,0.5385192307692308,1,0,0,6
6317,2.0,2.0,0.0,29,0.5384461538461538,1,0,0,9
6318,2.0,2.0,0.0,26,0.538373076923077,1,0,0,8
6319,2.0,2.0,0.0,31,0.5383,1,0,0,11
6320,2.0,2.0,0.0,47,0.5382269230769231,1,0,0,20
6321,2.0,2.0,0.0,27,0.5381538461538462,1,0,0,11
6322,2.0,2.0,0.0,47,0.5380807692307692,1,0,0,22
6323,2.0,2.0,0.0,37,0.5380076923076923,1,0,0,13
6324,2.0,2.0,0.0,37,0.5379346153846154,1,0,0,15
6325,2.0,2.0,0.0,18,0.5378615384615385,1,0,0,5
6326,2.0,2.0,0.0,32,0.5377884615384616,1,0,0,8
6327,2.0,2.0,0.0,39,0.5377153846153846,1,0,0,16
6328,2.0,2.0,0.0,38,0.5376423076923077,1,0,0,16
6329,2.0,2.0,0.0,20,0.5375692307692308,1,0,0,7
6330,2.0,2.0,0.0,21,0.5374961538461538,1,0,0,9
6331,2.0,2.0,0.0,26,0.537423076923077,1,0,0,15
6332,0.0,0.0,0.0,31,0.53735,0,1,0,13
6333,2.0,2.0,0.0,49,0.5372769230769231,1,0,0,15
6334,2.0,2.0,0.0,17,0.5372038461538462,1,0,0,9
6335,2.0,2.0,0.0,19,0.5371307692307692,1,0,0,5
6336,2.0,2.0,0.0,23,0.5370576923076923,1,0,0,12
6337,2.0,2.0,0.0,38,0.5369846153846154,1,0,0,12
6338,2.0,2.0,0.0,43,0.5369115384615385,1,0,0,18
6339,2.0,2.0,0.0,27,0.5368384615384616,1,0,0,13
6340,2.0,2.0,0.0,60,0.5367653846153846,1,0,0,32
6341,2.0,2.0,0.0,48,0.5366923076923077,1,0,0,20
6342,2.0,2.0,0.0,42,0.5366192307692308,1,0,0,18
6343,2.0,2.0,0.0,23,0.5365461538461538,1,0,0,5
6344,2.0,2.0,0.0,25,0.536473076923077,1,0,0,8
6345,2.0,2.0,0.0,52,0.5364,1,0,0,23
6346,2.0,2.0,0.0,31,0.5363269230769231,1,0,0,16
6347,2.0,2.0,0.0,22,0.5362538461538462,1,0,0,6
6348,0.0,0.0,0.0,25,0.5361807692307692,0,1,0,11
6349,2.0,2.0,0.0,34,0.5361076923076923,1,0,0,11
6350,2.0,2.0,0.0,42,0.5360346153846154,1,0,0,16
6351,2.0,2.0,0.0,37,0.5359615384615385,1,0,0,14
6352,2.0,2.0,0.0,31,0.5358884615384616,1,0,0,12
6353,2.0,2.0,0.0,35,0.5358153846153846,1,0,0,8
6354,2.0,2.0,0.0,17,0.5357423076923077,1,0,0,8
6355,2.0,2.0,0.0,33,0.5356692307692308,1,0,0,8
6356,2.0,2.0,0.0,34,0.5355961538461539,1,0,0,14
6357,2.0,2.0,0.0,21,0.535523076923077,1,0,0,9
6358,2.0,2.0,0.0,32,0.53545,1,0,0,15
6359,0.0,0.0,0.0,26,0.5353769230769231,0,1,0,8
6360,2.0,2.0,0.0,60,0.5353038461538462,1,0,0,19
6361,2.0,2.0,0.0,18,0.5352307692307692,1,0,0,7
6362,2.0,2.0,0.0,23,0.5351576923076923,1,0,0,12
6363,2.0,2.0,0.0,35,0.5350846153846154,1,0,0,10
6364,2.0,2.0,0.0,28,0.5350115384615385,1,0,0,14
6365,2.0,2.0,0.0,52,0.5349384615384616,1,0,0,14
6366,2.0,2.0,0.0,43,0.5348653846153846,1,0,0,11
6367,2.0,2.0,0.0,53,0.5347923076923077,1,0,0,22
6368,2.0,2.0,0.0,24,0.5347192307692308,1,0,0,10
6369,2.0,2.0,0.0,38,0.5346461538461539,1,0,0,13
6370,2.0,2.0,0.0,24,0.534573076923077,1,0,0,9
6371,2.0,2.0,0.0,62,0.5345,1,0,0,25
6372,2.0,2.0,0.0,32,0.5344269230769231,1,0,0,12
6373,2.0,2.0,0.0,21,0.5343538461538462,1,0,0,12
6374,2.0,2.0,0.0,39,0.5342807692307692,1,0,0,17
6375,2.0,2.0,0.0,36,0.5342076923076924,1,0,0,19
6376,2.0,2.0,0.0,27,0.5341346153846154,1,0,0,9
6377,2.0,2.0,0.0,73,0.5340615384615385,1,0,0,29
6378,2.0,2.0,0.0,19,0.5339884615384616,1,0,0,9
6379,2.0,2.0,0.0,37,0.5339153846153846,1,0,0,15
6380,2.0,2.0,0.0,34,0.5338423076923078,1,0,0,15
6381,2.0,2.0,0.0,26,0.5337692307692308,1,0,0,9
6382,2.0,2.0,0.0,35,0.5336961538461539,1,0,0,18
6383,2.0,2.0,0.0,28,0.533623076923077,1,0,0,12
6384,2.0,2.0,0.0,29,0.53355,1,0,0,14
6385,2.0,2.0,0.0,73,0.5334769230769231,1,0,0,19
6386,2.0,2.0,0.0,18,0.5334038461538462,1,0,0,7
6387,2.0,2.0,0.0,40,0.5333307692307692,1,0,0,18
6388,2.0,2.0,0.0,26,0.5332576923076924,1,0,0,11
6389,2.0,2.0,0.0,29,0.5331846153846154,1,0,0,10
6390,2.0,2.0,0.0,43,0.5331115384615385,1,0,0,15
6391,2.0,2.0,0.0,64,0.5330384615384616,1,0,0,31
6392,2.0,2.0,0.0,27,0.5329653846153846,1,0,0,13
6393,2.0,2.0,0.0,23,0.5328923076923078,1,0,0,8
6394,2.0,2.0,0.0,33,0.5328192307692308,1,0,0,10
6395,2.0,2.0,0.0,24,0.5327461538461539,1,0,0,13
6396,2.0,2.0,0.0,45,0.532673076923077,1,0,0,16
6397,2.0,2.0,0.0,31,0.5326,1,0,0,14
6398,2.0,2.0,0.0,49,0.5325269230769232,1,0,0,15
6399,2.0,2.0,0.0,76,0.5324538461538462,1,0,0,32
6400,2.0,2.0,0.0,26,0.5323807692307692,1,0,0,13
6401,2.0,2.0,0.0,37,0.5323076923076924,1,0,0,12
6402,2.0,2.0,0.0,45,0.5322346153846154,1,0,0,10
6403,2.0,2.0,0.0,21,0.5321615384615386,1,0,0,11
6404,2.0,2.0,0.0,36,0.5320884615384616,1,0,0,16
6405,2.0,2.0,0.0,26,0.5320153846153846,1,0,0,12
6406,2.0,2.0,0.0,40,0.5319423076923078,1,0,0,14
6407,1.0,1.0,0.0,18,0.5318692307692308,0,1,0,8
6408,2.0,2.0,0.0,76,0.5317961538461539,1,0,0,35
6409,2.0,2.0,0.0,31,0.531723076923077,1,0,0,12
6410,2.0,2.0,0.0,27,0.53165,1,0,0,9
6411,2.0,2.0,0.0,19,0.5315769230769232,1,0,0,7
6412,2.0,2.0,0.0,43,0.5315038461538462,1,0,0,19
6413,2.0,2.0,0.0,40,0.5314307692307692,1,0,0,21
6414,2.0,2.0,0.0,36,0.5313576923076924,1,0,0,22
6415,0.0,0.0,0.0,24,0.5312846153846154,0,1,0,13
6416,2.0,2.0,0.0,29,0.5312115384615386,1,0,0,6
6417,2.0,2.0,0.0,19,0.5311384615384616,1,0,0,5
6418,0.0,0.0,0.0,28,0.5310653846153846,0,1,0,16
6419,2.0,2.0,0.0,31,0.5309923076923078,1,0,0,15
6420,2.0,2.0,0.0,23,0.5309192307692308,1,0,0,9
6421,2.0,2.0,0.0,27,0.530846153846154,1,0,0,11
6422,2.0,2.0,0.0,50,0.530773076923077,1,0,0,17
6423,2.0,2.0,0.0,65,0.5307,1,0,0,26
6424,2.0,2.0,0.0,28,0.5306269230769232,1,0,0,9
6425,2.0,2.0,0.0,33,0.5305538461538462,1,0,0,9
6426,2.0,2.0,0.0,37,0.5304807692307693,1,0,0,11
6427,2.0,2.0,0.0,47,0.5304076923076924,1,0,0,22
6428,2.0,2.0,0.0,25,0.5303346153846153,1,0,0,10
6429,2.0,2.0,0.0,38,0.5302615384615386,1,0,0,12
6430,2.0,2.0,0.0,38,0.5301884615384616,1,0,0,13
6431,2.0,2.0,0.0,32,0.5301153846153847,1,0,0,9
6432,2.0,2.0,0.0,28,0.5300423076923078,1,0,0,9
6433,2.0,2.0,0.0,19,0.5299692307692307,1,0,0,11
6434,2.0,2.0,0.0,41,0.529896153846154,1,0,0,17
6435,2.0,2.0,0.0,24,0.529823076923077,1,0,0,7
6436,2.0,2.0,0.0,22,0.5297499999999999,1,0,0,10
6437,1.0,1.0,0.0,64,0.5296769230769232,0,1,0,27
6438,2.0,2.0,0.0,21,0.5296038461538461,1,0,0,6
6439,2.0,2.0,0.0,16,0.5295307692307692,1,0,0,10
6440,2.0,2.0,0.0,23,0.5294576923076924,1,0,0,8
6441,2.0,2.0,0.0,22,0.5293846153846153,1,0,0,7
6442,2.0,2.0,0.0,34,0.5293115384615386,1,0,0,10
6443,2.0,2.0,0.0,41,0.5292384615384615,1,0,0,16
6444,2.0,2.0,0.0,15,0.5291653846153846,1,0,0,7
6445,2.0,2.0,0.0,36,0.5290923076923078,1,0,0,14
6446,2.0,2.0,0.0,45,0.5290192307692307,1,0,0,18
6447,2.0,2.0,0.0,26,0.528946153846154,1,0,0,13
6448,2.0,2.0,0.0,45,0.528873076923077,1,0,0,21
6449,2.0,2.0,0.0,17,0.5288,1,0,0,8
6450,2.0,2.0,0.0,27,0.5287269230769231,1,0,0,12
6451,2.0,2.0,0.0,31,0.5286538461538461,1,0,0,13
6452,2.0,2.0,0.0,57,0.5285807692307692,1,0,0,18
6453,2.0,2.0,0.0,42,0.5285076923076923,1,0,0,17
6454,2.0,2.0,0.0,22,0.5284346153846154,1,0,0,8
6455,2.0,2.0,0.0,21,0.5283615384615385,1,0,0,7
6456,2.0,2.0,0.0,34,0.5282884615384615,1,0,0,11
6457,1.0,1.0,0.0,21,0.5282153846153846,0,1,0,11
6458,2.0,2.0,0.0,16,0.5281423076923077,1,0,0,8
6459,1.0,1.0,0.0,40,0.5280692307692307,0,1,0,24
6460,2.0,2.0,0.0,49,0.527996153846154,1,0,0,21
6461,2.0,2.0,0.0,39,0.5279230769230769,1,0,0,15
6462,2.0,2.0,0.0,26,0.52785,1,0,0,12
6463,2.0,2.0,0.0,38,0.5277769230769231,1,0,0,12
6464,2.0,2.0,0.0,46,0.5277038461538461,1,0,0,22
6465,2.0,2.0,0.0,33,0.5276307692307692,1,0,0,14
6466,2.0,2.0,0.0,42,0.5275576923076923,1,0,0,15
6467,2.0,2.0,0.0,33,0.5274846153846154,1,0,0,15
6468,2.0,2.0,0.0,16,0.5274115384615385,1,0,0,5
6469,0.0,0.0,0.0,22,0.5273384615384615,0,1,0,6
6470,2.0,2.0,0.0,32,0.5272653846153846,1,0,0,12
6471,2.0,2.0,0.0,24,0.5271923076923077,1,0,0,10
6472,2.0,2.0,0.0,26,0.5271192307692308,1,0,0,12
6473,2.0,2.0,0.0,17,0.5270461538461539,1,0,0,10
6474,2.0,2.0,0.0,22,0.5269730769230769,1,0,0,10
6475,2.0,2.0,0.0,29,0.5269,1,0,0,8
6476,2.0,2.0,0.0,28,0.5268269230769231,1,0,0,9
6477,2.0,2.0,0.0,25,0.5267538461538461,1,0,0,8
6478,2.0,2.0,0.0,24,0.5266807692307692,1,0,0,8
6479,2.0,2.0,0.0,26,0.5266076923076923,1,0,0,13
6480,2.0,2.0,0.0,21,0.5265346153846154,1,0,0,8
6481,2.0,2.0,0.0,33,0.5264615384615385,1,0,0,16
6482,2.0,2.0,0.0,27,0.5263884615384615,1,0,0,10
6483,2.0,2.0,0.0,66,0.5263153846153846,1,0,0,30
6484,2.0,2.0,0.0,36,0.5262423076923077,1,0,0,13
6485,2.0,2.0,0.0,37,0.5261692307692308,1,0,0,16
6486,2.0,2.0,0.0,19,0.5260961538461539,1,0,0,6
6487,2.0,2.0,0.0,38,0.5260230769230769,1,0,0,19
6488,1.0,1.0,0.0,43,0.52595,0,1,0,15
6489,2.0,2.0,0.0,38,0.5258769230769231,1,0,0,17
6490,2.0,2.0,0.0,22,0.5258038461538461,1,0,0,11
6491,2.0,2.0,0.0,32,0.5257307692307692,1,0,0,14
6492,2.0,2.0,0.0,50,0.5256576923076923,1,0,0,25
6493,2.0,2.0,0.0,27,0.5255846153846154,1,0,0,11
6494,2.0,2.0,0.0,62,0.5255115384615385,1,0,0,26
6495,2.0,2.0,0.0,30,0.5254384615384615,1,0,0,6
6496,2.0,2.0,0.0,18,0.5253653846153846,1,0,0,9
6497,2.0,2.0,0.0,26,0.5252923076923077,1,0,0,10
6498,2.0,2.0,0.0,57,0.5252192307692308,1,0,0,15
6499,2.0,2.0,0.0,25,0.5251461538461539,1,0,0,11
6500,2.0,2.0,0.0,28,0.5250730769230769,1,0,0,9
6501,2.0,2.0,0.0,43,0.525,1,0,0,18
6502,2.0,2.0,0.0,36,0.5249269230769231,1,0,0,14
6503,2.0,2.0,0.0,37,0.5248538461538461,1,0,0,20
6504,2.0,2.0,0.0,24,0.5247807692307692,1,0,0,7
6505,2.0,2.0,0.0,47,0.5247076923076923,1,0,0,10
6506,2.0,2.0,0.0,41,0.5246346153846153,1,0,0,15
6507,2.0,2.0,0.0,43,0.5245615384615384,1,0,0,23
6508,2.0,2.0,0.0,335,0.5244884615384616,1,0,0,120
6509,2.0,2.0,0.0,35,0.5244153846153847,1,0,0,14
6510,0.0,0.0,0.0,41,0.5243423076923077,0,1,0,17
6511,2.0,2.0,0.0,34,0.5242692307692308,1,0,0,11
6512,2.0,2.0,0.0,39,0.5241961538461539,1,0,0,12
6513,2.0,2.0,0.0,29,0.5241230769230769,1,0,0,15
6514,2.0,2.0,0.0,20,0.52405,1,0,0,11
6515,1.0,1.0,0.0,30,0.5239769230769231,0,1,0,11
6516,2.0,2.0,0.0,19,0.5239038461538461,1,0,0,7
6517,2.0,2.0,0.0,42,0.5238307692307692,1,0,0,13
6518,2.0,2.0,0.0,30,0.5237576923076923,1,0,0,10
6519,2.0,2.0,0.0,32,0.5236846153846153,1,0,0,9
6520,2.0,2.0,0.0,35,0.5236115384615385,1,0,0,15
6521,2.0,2.0,0.0,44,0.5235384615384616,1,0,0,15
6522,2.0,2.0,0.0,60,0.5234653846153847,1,0,0,25
6523,2.0,2.0,0.0,22,0.5233923076923077,1,0,0,7
6524,1.0,1.0,0.0,27,0.5233192307692308,0,1,0,13
6525,2.0,2.0,0.0,23,0.5232461538461539,1,0,0,10
6526,2.0,2.0,0.0,37,0.5231730769230769,1,0,0,16
6527,2.0,2.0,0.0,28,0.5231,1,0,0,11
6528,2.0,2.0,0.0,36,0.5230269230769231,1,0,0,11
6529,0.0,0.0,0.0,37,0.5229538461538461,0,1,0,19
6530,2.0,2.0,0.0,57,0.5228807692307692,1,0,0,21
6531,1.0,1.0,0.0,29,0.5228076923076923,0,1,0,11
6532,2.0,2.0,0.0,24,0.5227346153846153,1,0,0,10
6533,2.0,2.0,0.0,25,0.5226615384615385,1,0,0,8
6534,2.0,2.0,0.0,25,0.5225884615384616,1,0,0,6
6535,2.0,2.0,0.0,28,0.5225153846153847,1,0,0,11
6536,2.0,2.0,0.0,43,0.5224423076923077,1,0,0,17
6537,2.0,2.0,0.0,22,0.5223692307692308,1,0,0,9
6538,2.0,2.0,0.0,30,0.5222961538461539,1,0,0,9
6539,2.0,2.0,0.0,21,0.5222230769230769,1,0,0,5
6540,1.0,1.0,0.0,34,0.52215,0,1,0,16
6541,2.0,2.0,0.0,27,0.5220769230769231,1,0,0,9
6542,2.0,2.0,0.0,45,0.5220038461538461,1,0,0,13
6543,2.0,2.0,0.0,26,0.5219307692307693,1,0,0,11
6544,2.0,2.0,0.0,38,0.5218576923076923,1,0,0,13
6545,2.0,2.0,0.0,23,0.5217846153846153,1,0,0,8
6546,2.0,2.0,0.0,47,0.5217115384615385,1,0,0,15
6547,2.0,2.0,0.0,19,0.5216384615384616,1,0,0,6
6548,2.0,2.0,0.0,27,0.5215653846153847,1,0,0,11
6549,0.0,0.0,0.0,41,0.5214923076923077,0,1,0,15
6550,2.0,2.0,0.0,33,0.5214192307692308,1,0,0,14
6551,2.0,2.0,0.0,37,0.5213461538461539,1,0,0,14
6552,2.0,2.0,0.0,22,0.5212730769230769,1,0,0,11
6553,2.0,2.0,0.0,21,0.5212,1,0,0,5
6554,2.0,2.0,0.0,27,0.5211269230769231,1,0,0,10
6555,2.0,2.0,0.0,75,0.5210538461538461,1,0,0,27
6556,2.0,2.0,0.0,35,0.5209807692307693,1,0,0,18
6557,2.0,2.0,0.0,36,0.5209076923076923,1,0,0,14
6558,0.0,0.0,0.0,55,0.5208346153846153,0,1,0,22
6559,2.0,2.0,0.0,19,0.5207615384615385,1,0,0,10
6560,2.0,2.0,0.0,18,0.5206884615384616,1,0,0,7
6561,2.0,2.0,0.0,25,0.5206153846153847,1,0,0,8
6562,2.0,2.0,0.0,45,0.5205423076923077,1,0,0,16
6563,0.0,0.0,0.0,39,0.5204692307692308,0,1,0,17
6564,2.0,2.0,0.0,45,0.5203961538461539,1,0,0,14
6565,2.0,2.0,0.0,74,0.5203230769230769,1,0,0,30
6566,2.0,2.0,0.0,34,0.5202500000000001,1,0,0,11
6567,2.0,2.0,0.0,51,0.5201769230769231,1,0,0,16
6568,2.0,2.0,0.0,21,0.5201038461538461,1,0,0,11
6569,2.0,2.0,0.0,34,0.5200307692307693,1,0,0,10
6570,2.0,2.0,0.0,19,0.5199576923076923,1,0,0,4
6571,2.0,2.0,0.0,38,0.5198846153846154,1,0,0,11
6572,2.0,2.0,0.0,33,0.5198115384615385,1,0,0,17
6573,2.0,2.0,0.0,26,0.5197384615384616,1,0,0,7
6574,2.0,2.0,0.0,26,0.5196653846153847,1,0,0,8
6575,2.0,2.0,0.0,31,0.5195923076923077,1,0,0,14
6576,2.0,2.0,0.0,22,0.5195192307692308,1,0,0,11
6577,2.0,2.0,0.0,20,0.5194461538461539,1,0,0,8
6578,2.0,2.0,0.0,52,0.5193730769230769,1,0,0,24
6579,2.0,2.0,0.0,65,0.5193000000000001,1,0,0,23
6580,2.0,2.0,0.0,32,0.5192269230769231,1,0,0,14
6581,2.0,2.0,0.0,37,0.5191538461538461,1,0,0,15
6582,2.0,2.0,0.0,38,0.5190807692307693,1,0,0,18
6583,2.0,2.0,0.0,52,0.5190076923076923,1,0,0,20
6584,2.0,2.0,0.0,40,0.5189346153846154,1,0,0,14
6585,2.0,2.0,0.0,47,0.5188615384615385,1,0,0,20
6586,2.0,2.0,0.0,26,0.5187884615384616,1,0,0,10
6587,2.0,2.0,0.0,37,0.5187153846153847,1,0,0,12
6588,2.0,2.0,0.0,21,0.5186423076923077,1,0,0,6
6589,2.0,2.0,0.0,17,0.5185692307692309,1,0,0,5
6590,2.0,2.0,0.0,22,0.5184961538461539,1,0,0,7
6591,2.0,2.0,0.0,35,0.5184230769230769,1,0,0,19
6592,2.0,2.0,0.0,40,0.5183500000000001,1,0,0,18
6593,2.0,2.0,0.0,29,0.5182769230769231,1,0,0,10
6594,2.0,2.0,0.0,31,0.5182038461538462,1,0,0,13
6595,2.0,2.0,0.0,21,0.5181307692307693,1,0,0,8
6596,0.0,0.0,0.0,36,0.5180576923076923,0,1,0,22
6597,2.0,2.0,0.0,45,0.5179846153846154,1,0,0,21
6598,2.0,2.0,0.0,19,0.5179115384615385,1,0,0,10
6599,2.0,2.0,0.0,28,0.5178384615384616,1,0,0,12
6600,2.0,2.0,0.0,35,0.5177653846153847,1,0,0,15
6601,2.0,2.0,0.0,24,0.5176923076923077,1,0,0,6
6602,2.0,2.0,0.0,26,0.5176192307692309,1,0,0,16
6603,2.0,2.0,0.0,26,0.5175461538461539,1,0,0,12
6604,2.0,2.0,0.0,22,0.5174730769230769,1,0,0,7
6605,2.0,2.0,0.0,31,0.5174000000000001,1,0,0,9
6606,2.0,2.0,0.0,29,0.5173269230769231,1,0,0,11
6607,2.0,2.0,0.0,21,0.5172538461538462,1,0,0,10
6608,2.0,2.0,0.0,26,0.5171807692307693,1,0,0,14
6609,2.0,2.0,0.0,28,0.5171076923076923,1,0,0,13
6610,2.0,2.0,0.0,30,0.5170346153846154,1,0,0,12
6611,2.0,2.0,0.0,22,0.5169615384615385,1,0,0,10
6612,2.0,2.0,0.0,45,0.5168884615384617,1,0,0,17
6613,2.0,2.0,0.0,55,0.5168153846153847,1,0,0,17
6614,2.0,2.0,0.0,32,0.5167423076923077,1,0,0,12
6615,2.0,2.0,0.0,20,0.5166692307692309,1,0,0,6
6616,2.0,2.0,0.0,37,0.5165961538461539,1,0,0,15
6617,2.0,2.0,0.0,29,0.516523076923077,1,0,0,10
6618,1.0,1.0,0.0,47,0.5164500000000001,0,1,0,22
6619,2.0,2.0,0.0,27,0.5163769230769231,1,0,0,10
6620,2.0,2.0,0.0,25,0.5163038461538462,1,0,0,9
6621,2.0,2.0,0.0,21,0.5162307692307693,1,0,0,8
6622,2.0,2.0,0.0,29,0.5161576923076923,1,0,0,6
6623,2.0,2.0,0.0,28,0.5160846153846154,1,0,0,17
6624,2.0,2.0,0.0,25,0.5160115384615385,1,0,0,9
6625,2.0,2.0,0.0,30,0.5159384615384617,1,0,0,8
6626,2.0,2.0,0.0,18,0.5158653846153847,1,0,0,9
6627,0.0,0.0,0.0,26,0.5157923076923077,0,1,0,14
6628,2.0,2.0,0.0,31,0.5157192307692309,1,0,0,9
6629,2.0,2.0,0.0,37,0.5156461538461539,1,0,0,18
6630,2.0,2.0,0.0,24,0.515573076923077,1,0,0,12
6631,2.0,2.0,0.0,59,0.5155000000000001,1,0,0,20
6632,2.0,2.0,0.0,35,0.5154269230769231,1,0,0,15
6633,2.0,2.0,0.0,26,0.5153538461538462,1,0,0,11
6634,2.0,2.0,0.0,41,0.5152807692307693,1,0,0,17
6635,2.0,2.0,0.0,38,0.5152076923076923,1,0,0,15
6636,2.0,2.0,0.0,19,0.5151346153846154,1,0,0,10
6637,2.0,2.0,0.0,30,0.5150615384615385,1,0,0,14
6638,2.0,2.0,0.0,28,0.5149884615384617,1,0,0,12
6639,2.0,2.0,0.0,30,0.5149153846153847,1,0,0,12
6640,2.0,2.0,0.0,32,0.5148423076923078,1,0,0,13
6641,2.0,2.0,0.0,23,0.5147692307692309,1,0,0,6
6642,1.0,1.0,0.0,22,0.5146961538461539,0,1,0,8
6643,2.0,2.0,0.0,34,0.514623076923077,1,0,0,17
6644,2.0,2.0,0.0,29,0.5145500000000001,1,0,0,8
6645,2.0,2.0,0.0,60,0.514476923076923,1,0,0,21
6646,2.0,2.0,0.0,34,0.5144038461538462,1,0,0,17
6647,2.0,2.0,0.0,41,0.5143307692307693,1,0,0,15
6648,2.0,2.0,0.0,24,0.5142576923076922,1,0,0,9
6649,2.0,2.0,0.0,17,0.5141846153846154,1,0,0,11
6650,2.0,2.0,0.0,15,0.5141115384615385,1,0,0,8
6651,2.0,2.0,0.0,24,0.5140384615384617,1,0,0,9
6652,2.0,2.0,0.0,22,0.5139653846153847,1,0,0,7
6653,2.0,2.0,0.0,39,0.5138923076923078,1,0,0,15
6654,2.0,2.0,0.0,36,0.5138192307692309,1,0,0,19
6655,2.0,2.0,0.0,30,0.5137461538461539,1,0,0,13
6656,2.0,2.0,0.0,24,0.513673076923077,1,0,0,11
6657,2.0,2.0,0.0,38,0.5136000000000001,1,0,0,17
6658,2.0,2.0,0.0,37,0.513526923076923,1,0,0,12
6659,2.0,2.0,0.0,18,0.5134538461538461,1,0,0,7
6660,2.0,2.0,0.0,28,0.5133807692307693,1,0,0,11
6661,2.0,2.0,0.0,18,0.5133076923076922,1,0,0,6
6662,2.0,2.0,0.0,32,0.5132346153846153,1,0,0,12
6663,2.0,2.0,0.0,37,0.5131615384615386,1,0,0,14
6664,2.0,2.0,0.0,22,0.5130884615384617,1,0,0,5
6665,2.0,2.0,0.0,44,0.5130153846153847,1,0,0,19
6666,2.0,2.0,0.0,34,0.5129423076923078,1,0,0,13
6667,2.0,2.0,0.0,28,0.5128692307692309,1,0,0,8
6668,2.0,2.0,0.0,31,0.5127961538461538,1,0,0,7
6669,2.0,2.0,0.0,18,0.512723076923077,1,0,0,9
6670,2.0,2.0,0.0,43,0.51265,1,0,0,17
6671,2.0,2.0,0.0,91,0.512576923076923,1,0,0,39
6672,2.0,2.0,0.0,28,0.5125038461538461,1,0,0,12
6673,2.0,2.0,0.0,35,0.5124307692307692,1,0,0,10
6674,2.0,2.0,0.0,36,0.5123576923076922,1,0,0,10
6675,2.0,2.0,0.0,23,0.5122846153846153,1,0,0,9
6676,2.0,2.0,0.0,29,0.5122115384615386,1,0,0,14
6677,2.0,2.0,0.0,24,0.5121384615384617,1,0,0,9
6678,2.0,2.0,0.0,21,0.5120653846153846,1,0,0,13
6679,2.0,2.0,0.0,19,0.5119923076923077,1,0,0,5
6680,2.0,2.0,0.0,52,0.5119192307692308,1,0,0,19
6681,2.0,2.0,0.0,19,0.5118461538461538,1,0,0,12
6682,2.0,2.0,0.0,23,0.5117730769230769,1,0,0,9
6683,2.0,2.0,0.0,26,0.5117,1,0,0,10
6684,2.0,2.0,0.0,40,0.511626923076923,1,0,0,16
6685,2.0,2.0,0.0,35,0.5115538461538461,1,0,0,11
6686,1.0,1.0,0.0,29,0.5114807692307692,0,1,0,10
6687,2.0,2.0,0.0,32,0.5114076923076922,1,0,0,13
6688,2.0,2.0,0.0,23,0.5113346153846153,1,0,0,6
6689,2.0,2.0,0.0,57,0.5112615384615385,1,0,0,21
6690,2.0,2.0,0.0,33,0.5111884615384616,1,0,0,15
6691,2.0,2.0,0.0,40,0.5111153846153846,1,0,0,10
6692,2.0,2.0,0.0,23,0.5110423076923077,1,0,0,7
6693,2.0,2.0,0.0,30,0.5109692307692308,1,0,0,9
6694,2.0,2.0,0.0,27,0.5108961538461538,1,0,0,12
6695,2.0,2.0,0.0,27,0.5108230769230769,1,0,0,12
6696,2.0,2.0,0.0,32,0.51075,1,0,0,15
6697,2.0,2.0,0.0,20,0.510676923076923,1,0,0,7
6698,2.0,2.0,0.0,26,0.5106038461538461,1,0,0,7
6699,2.0,2.0,0.0,20,0.5105307692307692,1,0,0,13
6700,2.0,2.0,0.0,37,0.5104576923076922,1,0,0,14
6701,1.0,1.0,0.0,25,0.5103846153846154,0,1,0,8
6702,2.0,2.0,0.0,30,0.5103115384615385,1,0,0,14
6703,2.0,2.0,0.0,32,0.5102384615384616,1,0,0,15
6704,2.0,2.0,0.0,40,0.5101653846153846,1,0,0,16
6705,2.0,2.0,0.0,20,0.5100923076923077,1,0,0,13
6706,2.0,2.0,0.0,25,0.5100192307692308,1,0,0,10
6707,2.0,2.0,0.0,44,0.5099461538461538,1,0,0,15
6708,2.0,2.0,0.0,32,0.5098730769230769,1,0,0,11
6709,2.0,2.0,0.0,47,0.5098,1,0,0,21
6710,2.0,2.0,0.0,29,0.509726923076923,1,0,0,9
6711,2.0,2.0,0.0,39,0.5096538461538461,1,0,0,16
6712,2.0,2.0,0.0,41,0.5095807692307692,1,0,0,14
6713,2.0,2.0,0.0,16,0.5095076923076922,1,0,0,6
6714,2.0,2.0,0.0,25,0.5094346153846154,1,0,0,6
6715,2.0,2.0,0.0,32,0.5093615384615385,1,0,0,14
6716,2.0,2.0,0.0,55,0.5092884615384616,1,0,0,19
6717,2.0,2.0,0.0,30,0.5092153846153846,1,0,0,13
6718,2.0,2.0,0.0,30,0.5091423076923077,1,0,0,11
6719,2.0,2.0,0.0,22,0.5090692307692308,1,0,0,16
6720,1.0,1.0,0.0,38,0.5089961538461538,0,1,0,14
6721,2.0,2.0,0.0,23,0.5089230769230769,1,0,0,12
6722,0.0,0.0,0.0,33,0.50885,0,1,0,14
6723,2.0,2.0,0.0,31,0.508776923076923,1,0,0,9
6724,2.0,2.0,0.0,40,0.5087038461538462,1,0,0,19
6725,0.0,0.0,0.0,45,0.5086307692307692,0,1,0,23
6726,2.0,2.0,0.0,54,0.5085576923076922,1,0,0,23
6727,2.0,2.0,0.0,41,0.5084846153846154,1,0,0,15
6728,2.0,2.0,0.0,31,0.5084115384615385,1,0,0,10
6729,2.0,2.0,0.0,25,0.5083384615384616,1,0,0,5
6730,2.0,2.0,0.0,21,0.5082653846153846,1,0,0,7
6731,2.0,2.0,0.0,30,0.5081923076923077,1,0,0,11
6732,2.0,2.0,0.0,31,0.5081192307692308,1,0,0,18
6733,2.0,2.0,0.0,43,0.5080461538461538,1,0,0,13
6734,2.0,2.0,0.0,25,0.5079730769230769,1,0,0,9
6735,2.0,2.0,0.0,27,0.5079,1,0,0,10
6736,2.0,2.0,0.0,24,0.507826923076923,1,0,0,10
6737,2.0,2.0,0.0,23,0.5077538461538462,1,0,0,9
6738,2.0,2.0,0.0,30,0.5076807692307692,1,0,0,13
6739,2.0,2.0,0.0,25,0.5076076923076922,1,0,0,12
6740,2.0,2.0,0.0,27,0.5075346153846154,1,0,0,8
6741,2.0,2.0,0.0,28,0.5074615384615385,1,0,0,8
6742,2.0,2.0,0.0,25,0.5073884615384616,1,0,0,3
6743,2.0,2.0,0.0,50,0.5073153846153846,1,0,0,12
6744,2.0,2.0,0.0,26,0.5072423076923077,1,0,0,9
6745,2.0,2.0,0.0,37,0.5071692307692308,1,0,0,15
6746,2.0,2.0,0.0,30,0.5070961538461538,1,0,0,14
6747,2.0,2.0,0.0,41,0.507023076923077,1,0,0,16
6748,2.0,2.0,0.0,25,0.50695,1,0,0,6
6749,2.0,2.0,0.0,40,0.506876923076923,1,0,0,13
6750,1.0,1.0,0.0,38,0.5068038461538462,0,1,0,10
6751,2.0,2.0,0.0,17,0.5067307692307692,1,0,0,8
6752,2.0,2.0,0.0,39,0.5066576923076923,1,0,0,19
6753,2.0,2.0,0.0,37,0.5065846153846154,1,0,0,17
6754,2.0,2.0,0.0,27,0.5065115384615385,1,0,0,6
6755,2.0,2.0,0.0,25,0.5064384615384616,1,0,0,12
6756,2.0,2.0,0.0,18,0.5063653846153846,1,0,0,8
6757,2.0,2.0,0.0,28,0.5062923076923077,1,0,0,11
6758,2.0,2.0,0.0,23,0.5062192307692308,1,0,0,12
6759,2.0,2.0,0.0,28,0.5061461538461538,1,0,0,11
6760,2.0,2.0,0.0,25,0.506073076923077,1,0,0,6
6761,0.0,0.0,0.0,25,0.506,0,1,0,9
6762,0.0,0.0,0.0,21,0.505926923076923,0,1,0,11
6763,2.0,2.0,0.0,20,0.5058538461538462,1,0,0,11
6764,2.0,2.0,0.0,30,0.5057807692307692,1,0,0,10
6765,2.0,2.0,0.0,38,0.5057076923076923,1,0,0,15
6766,2.0,2.0,0.0,31,0.5056346153846154,1,0,0,15
6767,2.0,2.0,0.0,15,0.5055615384615385,1,0,0,8
6768,2.0,2.0,0.0,31,0.5054884615384616,1,0,0,8
6769,2.0,2.0,0.0,19,0.5054153846153846,1,0,0,5
6770,0.0,0.0,0.0,94,0.5053423076923078,0,1,0,47
6771,1.0,1.0,0.0,51,0.5052692307692308,0,1,0,22
6772,2.0,2.0,0.0,28,0.5051961538461538,1,0,0,19
6773,2.0,2.0,0.0,34,0.505123076923077,1,0,0,11
6774,2.0,2.0,0.0,31,0.50505,1,0,0,10
6775,2.0,2.0,0.0,29,0.5049769230769231,1,0,0,9
6776,2.0,2.0,0.0,46,0.5049038461538462,1,0,0,13
6777,0.0,0.0,0.0,24,0.5048307692307692,0,1,0,10
6778,2.0,2.0,0.0,34,0.5047576923076923,1,0,0,10
6779,2.0,2.0,0.0,24,0.5046846153846154,1,0,0,9
6780,2.0,2.0,0.0,23,0.5046115384615385,1,0,0,8
6781,2.0,2.0,0.0,39,0.5045384615384616,1,0,0,19
6782,2.0,2.0,0.0,61,0.5044653846153846,1,0,0,28
6783,2.0,2.0,0.0,17,0.5043923076923078,1,0,0,7
6784,2.0,2.0,0.0,32,0.5043192307692308,1,0,0,7
6785,2.0,2.0,0.0,19,0.5042461538461538,1,0,0,7
6786,2.0,2.0,0.0,38,0.504173076923077,1,0,0,22
6787,2.0,2.0,0.0,22,0.5041,1,0,0,8
6788,0.0,0.0,0.0,76,0.5040269230769231,0,1,0,35
6789,2.0,2.0,0.0,41,0.5039538461538462,1,0,0,20
6790,2.0,2.0,0.0,30,0.5038807692307692,1,0,0,11
6791,2.0,2.0,0.0,29,0.5038076923076923,1,0,0,10
6792,1.0,1.0,0.0,55,0.5037346153846154,0,1,0,25
6793,2.0,2.0,0.0,19,0.5036615384615386,1,0,0,9
6794,2.0,2.0,0.0,23,0.5035884615384616,1,0,0,12
6795,2.0,2.0,0.0,32,0.5035153846153846,1,0,0,18
6796,2.0,2.0,0.0,72,0.5034423076923078,1,0,0,26
6797,2.0,2.0,0.0,35,0.5033692307692308,1,0,0,11
6798,2.0,2.0,0.0,27,0.5032961538461539,1,0,0,9
6799,2.0,2.0,0.0,42,0.503223076923077,1,0,0,15
6800,2.0,2.0,0.0,23,0.50315,1,0,0,9
6801,2.0,2.0,0.0,20,0.5030769230769231,1,0,0,9
6802,2.0,2.0,0.0,39,0.5030038461538462,1,0,0,14
6803,2.0,2.0,0.0,38,0.5029307692307692,1,0,0,15
6804,2.0,2.0,0.0,43,0.5028576923076923,1,0,0,17
6805,2.0,2.0,0.0,36,0.5027846153846154,1,0,0,14
6806,2.0,2.0,0.0,29,0.5027115384615386,1,0,0,6
6807,2.0,2.0,0.0,22,0.5026384615384616,1,0,0,8
6808,2.0,2.0,0.0,28,0.5025653846153846,1,0,0,14
6809,2.0,2.0,0.0,29,0.5024923076923078,1,0,0,9
6810,2.0,2.0,0.0,45,0.5024192307692308,1,0,0,18
6811,2.0,2.0,0.0,38,0.5023461538461539,1,0,0,17
6812,2.0,2.0,0.0,27,0.502273076923077,1,0,0,11
6813,2.0,2.0,0.0,46,0.5022,1,0,0,13
6814,2.0,2.0,0.0,26,0.5021269230769231,1,0,0,6
6815,2.0,2.0,0.0,28,0.5020538461538462,1,0,0,15
6816,2.0,2.0,0.0,32,0.5019807692307692,1,0,0,15
6817,2.0,2.0,0.0,37,0.5019076923076924,1,0,0,17
6818,2.0,2.0,0.0,26,0.5018346153846154,1,0,0,7
6819,2.0,2.0,0.0,19,0.5017615384615386,1,0,0,9
6820,2.0,2.0,0.0,25,0.5016884615384616,1,0,0,9
6821,2.0,2.0,0.0,32,0.5016153846153847,1,0,0,11
6822,1.0,1.0,0.0,350,0.5015423076923078,0,0,1,150
6823,2.0,2.0,0.0,31,0.5014692307692308,1,0,0,13
6824,2.0,2.0,0.0,29,0.5013961538461539,1,0,0,10
6825,2.0,2.0,0.0,37,0.501323076923077,1,0,0,11
6826,2.0,2.0,0.0,28,0.50125,1,0,0,9
6827,2.0,2.0,0.0,40,0.5011769230769231,1,0,0,13
6828,2.0,2.0,0.0,34,0.5011038461538462,1,0,0,13
6829,2.0,2.0,0.0,28,0.5010307692307692,1,0,0,13
6830,2.0,2.0,0.0,89,0.5009576923076924,1,0,0,37
6831,2.0,2.0,0.0,35,0.5008846153846154,1,0,0,14
6832,2.0,2.0,0.0,34,0.5008115384615386,1,0,0,19
6833,2.0,2.0,0.0,31,0.5007384615384616,1,0,0,16
6834,2.0,2.0,0.0,20,0.5006653846153847,1,0,0,11
6835,2.0,2.0,0.0,29,0.5005923076923078,1,0,0,14
6836,2.0,2.0,0.0,22,0.5005192307692308,1,0,0,7
6837,2.0,2.0,0.0,25,0.5004461538461539,1,0,0,11
6838,0.0,0.0,0.0,21,0.500373076923077,0,1,0,8
6839,2.0,2.0,0.0,19,0.5003,1,0,0,8
6840,2.0,2.0,0.0,18,0.5002269230769231,1,0,0,6
6841,2.0,2.0,0.0,28,0.5001538461538462,1,0,0,14
6842,2.0,2.0,0.0,49,0.5000807692307692,1,0,0,25
6843,2.0,2.0,0.0,44,0.5000076923076924,1,0,0,19
6844,2.0,2.0,0.0,48,0.4999346153846155,1,0,0,16
6845,2.0,2.0,0.0,17,0.49986153846153847,1,0,0,4
6846,2.0,2.0,0.0,34,0.49978846153846157,1,0,0,12
6847,2.0,2.0,0.0,40,0.4997153846153847,1,0,0,14
6848,2.0,2.0,0.0,39,0.4996423076923078,1,0,0,14
6849,2.0,2.0,0.0,52,0.49956923076923077,1,0,0,21
6850,2.0,2.0,0.0,31,0.49949615384615387,1,0,0,13
6851,2.0,2.0,0.0,21,0.49942307692307697,1,0,0,4
6852,2.0,2.0,0.0,32,0.49934999999999996,1,0,0,11
6853,2.0,2.0,0.0,27,0.49927692307692306,1,0,0,10
6854,2.0,2.0,0.0,55,0.49920384615384616,1,0,0,23
6855,2.0,2.0,0.0,26,0.49913076923076916,1,0,0,8
6856,2.0,2.0,0.0,19,0.49905769230769237,1,0,0,8
6857,2.0,2.0,0.0,29,0.49898461538461547,1,0,0,11
6858,2.0,2.0,0.0,27,0.4989115384615386,1,0,0,14
6859,2.0,2.0,0.0,26,0.49883846153846156,1,0,0,10
6860,2.0,2.0,0.0,23,0.49876538461538467,1,0,0,9
6861,2.0,2.0,0.0,22,0.49869230769230777,1,0,0,11
6862,2.0,2.0,0.0,30,0.49861923076923076,1,0,0,9
6863,2.0,2.0,0.0,142,0.49854615384615386,1,0,0,62
6864,2.0,2.0,0.0,30,0.49847307692307696,1,0,0,11
6865,2.0,2.0,0.0,20,0.49839999999999995,1,0,0,9
6866,2.0,2.0,0.0,28,0.49832692307692306,1,0,0,9
6867,2.0,2.0,0.0,32,0.49825384615384616,1,0,0,13
6868,2.0,2.0,0.0,24,0.49818076923076926,1,0,0,12
6869,2.0,2.0,0.0,36,0.49810769230769236,1,0,0,11
6870,2.0,2.0,0.0,27,0.49803461538461546,1,0,0,10
6871,2.0,2.0,0.0,29,0.49796153846153857,1,0,0,10
6872,2.0,2.0,0.0,26,0.49788846153846156,1,0,0,12
6873,2.0,2.0,0.0,22,0.49781538461538466,1,0,0,13
6874,2.0,2.0,0.0,29,0.49774230769230776,1,0,0,7
6875,2.0,2.0,0.0,27,0.49766923076923075,1,0,0,5
6876,2.0,2.0,0.0,32,0.49759615384615385,1,0,0,17
6877,2.0,2.0,0.0,29,0.49752307692307696,1,0,0,9
6878,2.0,2.0,0.0,41,0.49744999999999995,1,0,0,15
6879,2.0,2.0,0.0,18,0.49737692307692305,1,0,0,9
6880,2.0,2.0,0.0,31,0.49730384615384615,1,0,0,16
6881,2.0,2.0,0.0,36,0.49723076923076925,1,0,0,18
6882,2.0,2.0,0.0,35,0.49715769230769236,1,0,0,12
6883,2.0,2.0,0.0,25,0.49708461538461546,1,0,0,12
6884,2.0,2.0,0.0,25,0.49701153846153856,1,0,0,7
6885,2.0,2.0,0.0,28,0.49693846153846155,1,0,0,4
6886,2.0,2.0,0.0,21,0.49686538461538465,1,0,0,4
6887,2.0,2.0,0.0,29,0.49679230769230776,1,0,0,11
6888,2.0,2.0,0.0,29,0.49671923076923075,1,0,0,12
6889,2.0,2.0,0.0,31,0.49664615384615385,1,0,0,16
6890,0.0,0.0,0.0,28,0.49657307692307695,0,1,0,9
6891,2.0,2.0,0.0,24,0.49650000000000005,1,0,0,6
6892,0.0,0.0,0.0,27,0.49642692307692304,0,1,0,13
6893,2.0,2.0,0.0,31,0.49635384615384615,1,0,0,13
6894,2.0,2.0,0.0,38,0.49628076923076925,1,0,0,12
6895,2.0,2.0,0.0,32,0.49620769230769235,1,0,0,12
6896,2.0,2.0,0.0,35,0.49613461538461545,1,0,0,11
6897,2.0,2.0,0.0,15,0.49606153846153855,1,0,0,4
6898,2.0,2.0,0.0,39,0.49598846153846154,1,0,0,14
6899,2.0,2.0,0.0,41,0.49591538461538465,1,0,0,15
6900,2.0,2.0,0.0,23,0.49584230769230775,1,0,0,9
6901,2.0,2.0,0.0,44,0.49576923076923074,1,0,0,15
6902,2.0,2.0,0.0,17,0.49569615384615384,1,0,0,3
6903,2.0,2.0,0.0,34,0.49562307692307694,1,0,0,17
6904,2.0,2.0,0.0,28,0.49555000000000005,1,0,0,10
6905,2.0,2.0,0.0,16,0.49547692307692304,1,0,0,6
6906,2.0,2.0,0.0,27,0.49540384615384614,1,0,0,7
6907,2.0,2.0,0.0,31,0.49533076923076924,1,0,0,6
6908,1.0,1.0,0.0,61,0.49525769230769234,0,1,0,15
6909,2.0,2.0,0.0,25,0.49518461538461545,1,0,0,10
6910,2.0,2.0,0.0,25,0.49511153846153855,1,0,0,8
6911,2.0,2.0,0.0,29,0.49503846153846154,1,0,0,14
6912,2.0,2.0,0.0,21,0.49496538461538464,1,0,0,8
6913,2.0,2.0,0.0,40,0.49489230769230774,1,0,0,20
6914,2.0,2.0,0.0,26,0.49481923076923084,1,0,0,11
6915,2.0,2.0,0.0,20,0.49474615384615384,1,0,0,8
6916,2.0,2.0,0.0,32,0.49467307692307694,1,0,0,12
6917,2.0,2.0,0.0,25,0.49460000000000004,1,0,0,8
6918,2.0,2.0,0.0,21,0.49452692307692303,1,0,0,8
6919,2.0,2.0,0.0,27,0.49445384615384613,1,0,0,11
6920,2.0,2.0,0.0,47,0.49438076923076923,1,0,0,19
6921,2.0,2.0,0.0,26,0.49430769230769234,1,0,0,11
6922,2.0,2.0,0.0,46,0.49423461538461544,1,0,0,17
6923,2.0,2.0,0.0,36,0.49416153846153854,1,0,0,12
6924,2.0,2.0,0.0,22,0.49408846153846153,1,0,0,9
6925,2.0,2.0,0.0,25,0.49401538461538463,1,0,0,12
6926,2.0,2.0,0.0,52,0.49394230769230774,1,0,0,16
6927,2.0,2.0,0.0,26,0.49386923076923084,1,0,0,12
6928,2.0,2.0,0.0,21,0.49379615384615383,1,0,0,9
6929,2.0,2.0,0.0,32,0.49372307692307693,1,0,0,15
6930,2.0,2.0,0.0,40,0.49365000000000003,1,0,0,9
6931,2.0,2.0,0.0,28,0.493576923076923,1,0,0,12
6932,2.0,2.0,0.0,28,0.4935038461538461,1,0,0,9
6933,2.0,2.0,0.0,42,0.49343076923076923,1,0,0,15
6934,2.0,2.0,0.0,43,0.49335769230769233,1,0,0,16
6935,2.0,2.0,0.0,21,0.49328461538461543,1,0,0,9
6936,2.0,2.0,0.0,27,0.49321153846153853,1,0,0,11
6937,2.0,2.0,0.0,41,0.49313846153846164,1,0,0,18
6938,2.0,2.0,0.0,27,0.4930653846153846,1,0,0,11
6939,2.0,2.0,0.0,25,0.49299230769230773,1,0,0,6
6940,2.0,2.0,0.0,22,0.49291923076923083,1,0,0,8
6941,2.0,2.0,0.0,28,0.4928461538461538,1,0,0,15
6942,2.0,2.0,0.0,22,0.4927730769230769,1,0,0,11
6943,2.0,2.0,0.0,43,0.4927,1,0,0,15
6944,2.0,2.0,0.0,25,0.492626923076923,1,0,0,9
6945,2.0,2.0,0.0,26,0.4925538461538461,1,0,0,8
6946,1.0,1.0,0.0,37,0.49248076923076933,0,1,0,17
6947,2.0,2.0,0.0,36,0.4924076923076923,1,0,0,12
6948,2.0,2.0,0.0,43,0.4923346153846154,1,0,0,19
6949,2.0,2.0,0.0,23,0.49226153846153853,1,0,0,4
6950,2.0,2.0,0.0,15,0.49218846153846163,1,0,0,7
6951,2.0,2.0,0.0,41,0.4921153846153846,1,0,0,18
6952,2.0,2.0,0.0,40,0.4920423076923077,1,0,0,29
6953,2.0,2.0,0.0,24,0.4919692307692308,1,0,0,11
6954,2.0,2.0,0.0,23,0.4918961538461538,1,0,0,10
6955,2.0,2.0,0.0,25,0.4918230769230769,1,0,0,11
6956,1.0,1.0,0.0,20,0.49175,0,1,0,9
6957,2.0,2.0,0.0,22,0.491676923076923,1,0,0,9
6958,2.0,2.0,0.0,23,0.4916038461538461,1,0,0,7
6959,2.0,2.0,0.0,48,0.4915307692307693,1,0,0,17
6960,1.0,1.0,0.0,89,0.49145769230769243,0,1,0,32
6961,2.0,2.0,0.0,21,0.4913846153846154,1,0,0,7
6962,2.0,2.0,0.0,24,0.4913115384615385,1,0,0,8
6963,2.0,2.0,0.0,35,0.4912384615384616,1,0,0,17
6964,2.0,2.0,0.0,23,0.4911653846153846,1,0,0,8
6965,2.0,2.0,0.0,48,0.4910923076923077,1,0,0,21
6966,2.0,2.0,0.0,31,0.4910192307692308,1,0,0,11
6967,0.0,0.0,0.0,40,0.4909461538461538,0,1,0,15
6968,2.0,2.0,0.0,23,0.4908730769230769,1,0,0,3
6969,2.0,2.0,0.0,25,0.4908,1,0,0,9
6970,2.0,2.0,0.0,33,0.4907269230769231,1,0,0,11
6971,2.0,2.0,0.0,35,0.4906538461538461,1,0,0,19
6972,2.0,2.0,0.0,25,0.4905807692307693,1,0,0,10
6973,2.0,2.0,0.0,33,0.4905076923076924,1,0,0,14
6974,2.0,2.0,0.0,35,0.4904346153846154,1,0,0,14
6975,2.0,2.0,0.0,40,0.4903615384615385,1,0,0,19
6976,2.0,2.0,0.0,29,0.4902884615384616,1,0,0,9
6977,0.0,0.0,0.0,27,0.4902153846153846,0,1,0,6
6978,2.0,2.0,0.0,28,0.4901423076923077,1,0,0,9
6979,2.0,2.0,0.0,37,0.4900692307692308,1,0,0,15
6980,2.0,2.0,0.0,38,0.4899961538461538,1,0,0,17
6981,0.0,0.0,0.0,47,0.4899230769230769,0,1,0,22
6982,2.0,2.0,0.0,79,0.48985,1,0,0,30
6983,2.0,2.0,0.0,30,0.4897769230769231,1,0,0,9
6984,2.0,2.0,0.0,37,0.4897038461538461,1,0,0,17
6985,2.0,2.0,0.0,19,0.4896307692307693,1,0,0,9
6986,2.0,2.0,0.0,22,0.4895576923076924,1,0,0,6
6987,2.0,2.0,0.0,23,0.4894846153846154,1,0,0,13
6988,2.0,2.0,0.0,51,0.4894115384615385,1,0,0,13
6989,2.0,2.0,0.0,22,0.4893384615384616,1,0,0,7
6990,2.0,2.0,0.0,22,0.4892653846153846,1,0,0,10
6991,2.0,2.0,0.0,21,0.4891923076923077,1,0,0,7
6992,2.0,2.0,0.0,21,0.4891192307692308,1,0,0,5
6993,2.0,2.0,0.0,28,0.4890461538461539,1,0,0,9
6994,2.0,2.0,0.0,21,0.4889730769230769,1,0,0,7
6995,2.0,2.0,0.0,35,0.4889,1,0,0,12
6996,2.0,2.0,0.0,24,0.4888269230769231,1,0,0,6
6997,2.0,2.0,0.0,74,0.4887538461538461,1,0,0,29
6998,2.0,2.0,0.0,25,0.4886807692307693,1,0,0,8
6999,2.0,2.0,0.0,32,0.4886076923076924,1,0,0,8
7000,0.0,0.0,0.0,22,0.4885346153846154,0,1,0,8
7001,2.0,2.0,0.0,46,0.4884615384615385,1,0,0,14
7002,2.0,2.0,0.0,26,0.4883884615384616,1,0,0,9
7003,2.0,2.0,0.0,22,0.4883153846153846,1,0,0,10
7004,2.0,2.0,0.0,40,0.4882423076923077,1,0,0,16
7005,2.0,2.0,0.0,36,0.4881692307692308,1,0,0,17
7006,2.0,2.0,0.0,18,0.4880961538461539,1,0,0,8
7007,2.0,2.0,0.0,20,0.4880230769230769,1,0,0,5
7008,2.0,2.0,0.0,21,0.48795,1,0,0,6
7009,2.0,2.0,0.0,29,0.4878769230769231,1,0,0,14
7010,2.0,2.0,0.0,28,0.4878038461538461,1,0,0,3
7011,2.0,2.0,0.0,38,0.4877307692307693,1,0,0,16
7012,2.0,2.0,0.0,29,0.4876576923076924,1,0,0,11
7013,2.0,2.0,0.0,31,0.4875846153846154,1,0,0,10
7014,2.0,2.0,0.0,30,0.4875115384615385,1,0,0,12
7015,2.0,2.0,0.0,24,0.4874384615384616,1,0,0,11
7016,2.0,2.0,0.0,25,0.4873653846153847,1,0,0,12
7017,2.0,2.0,0.0,22,0.4872923076923077,1,0,0,12
7018,2.0,2.0,0.0,33,0.4872192307692308,1,0,0,12
7019,2.0,2.0,0.0,26,0.4871461538461539,1,0,0,12
7020,2.0,2.0,0.0,48,0.4870730769230769,1,0,0,18
7021,2.0,2.0,0.0,26,0.487,1,0,0,7
7022,2.0,2.0,0.0,36,0.4869269230769231,1,0,0,12
7023,1.0,1.0,0.0,61,0.4868538461538461,0,1,0,21
7024,2.0,2.0,0.0,29,0.4867807692307693,1,0,0,8
7025,2.0,2.0,0.0,24,0.4867076923076924,1,0,0,11
7026,2.0,2.0,0.0,25,0.4866346153846154,1,0,0,10
7027,2.0,2.0,0.0,19,0.4865615384615385,1,0,0,5
7028,2.0,2.0,0.0,44,0.4864884615384616,1,0,0,17
7029,2.0,2.0,0.0,23,0.4864153846153847,1,0,0,7
7030,2.0,2.0,0.0,22,0.4863423076923077,1,0,0,6
7031,2.0,2.0,0.0,33,0.4862692307692308,1,0,0,12
7032,2.0,2.0,0.0,41,0.4861961538461539,1,0,0,15
7033,2.0,2.0,0.0,27,0.4861230769230769,1,0,0,9
7034,0.0,0.0,0.0,22,0.48605,0,1,0,11
7035,2.0,2.0,0.0,29,0.4859769230769231,1,0,0,12
7036,2.0,2.0,0.0,24,0.4859038461538461,1,0,0,10
7037,2.0,2.0,0.0,34,0.4858307692307693,1,0,0,11
7038,2.0,2.0,0.0,26,0.4857576923076924,1,0,0,6
7039,2.0,2.0,0.0,25,0.4856846153846155,1,0,0,10
7040,1.0,1.0,0.0,350,0.4856115384615385,0,0,1,147
7041,2.0,2.0,0.0,15,0.4855384615384616,1,0,0,3
7042,2.0,2.0,0.0,29,0.4854653846153847,1,0,0,14
7043,2.0,2.0,0.0,23,0.4853923076923077,1,0,0,5
7044,2.0,2.0,0.0,26,0.4853192307692308,1,0,0,9
7045,2.0,2.0,0.0,28,0.4852461538461539,1,0,0,9
7046,2.0,2.0,0.0,25,0.4851730769230769,1,0,0,11
7047,2.0,2.0,0.0,16,0.4851,1,0,0,7
7048,2.0,2.0,0.0,54,0.4850269230769231,1,0,0,24
7049,2.0,2.0,0.0,23,0.4849538461538462,1,0,0,10
7050,2.0,2.0,0.0,27,0.4848807692307693,1,0,0,7
7051,0.0,0.0,0.0,24,0.4848076923076924,0,1,0,12
7052,2.0,2.0,0.0,36,0.4847346153846155,1,0,0,16
7053,2.0,2.0,0.0,24,0.4846615384615385,1,0,0,12
7054,2.0,2.0,0.0,33,0.4845884615384616,1,0,0,10
7055,2.0,2.0,0.0,39,0.4845153846153847,1,0,0,16
7056,2.0,2.0,0.0,36,0.48444230769230767,1,0,0,10
7057,2.0,2.0,0.0,20,0.4843692307692308,1,0,0,7
7058,2.0,2.0,0.0,15,0.4842961538461539,1,0,0,5
7059,2.0,2.0,0.0,24,0.48422307692307687,1,0,0,9
7060,2.0,2.0,0.0,24,0.48414999999999997,1,0,0,7
7061,2.0,2.0,0.0,37,0.48407692307692307,1,0,0,16
7062,2.0,2.0,0.0,31,0.4840038461538462,1,0,0,17
7063,0.0,0.0,0.0,59,0.4839307692307693,0,1,0,23
7064,2.0,2.0,0.0,37,0.4838576923076924,1,0,0,14
7065,2.0,2.0,0.0,36,0.4837846153846155,1,0,0,13
7066,2.0,2.0,0.0,28,0.48371153846153847,1,0,0,9
7067,2.0,2.0,0.0,28,0.4836384615384616,1,0,0,11
7068,2.0,2.0,0.0,30,0.4835653846153847,1,0,0,14
7069,0.0,0.0,0.0,43,0.48349230769230767,0,1,0,14
7070,2.0,2.0,0.0,23,0.48341923076923077,1,0,0,8
7071,2.0,2.0,0.0,24,0.48334615384615387,1,0,0,8
7072,2.0,2.0,0.0,28,0.48327307692307697,1,0,0,9
7073,2.0,2.0,0.0,23,0.48319999999999996,1,0,0,7
7074,2.0,2.0,0.0,21,0.48312692307692306,1,0,0,10
7075,2.0,2.0,0.0,19,0.4830538461538463,1,0,0,6
7076,2.0,2.0,0.0,66,0.48298076923076927,1,0,0,29
7077,2.0,2.0,0.0,24,0.48290769230769237,1,0,0,4
7078,2.0,2.0,0.0,38,0.4828346153846155,1,0,0,16
7079,2.0,2.0,0.0,22,0.48276153846153846,1,0,0,11
7080,2.0,2.0,0.0,23,0.48268846153846157,1,0,0,11
7081,2.0,2.0,0.0,27,0.48261538461538467,1,0,0,11
7082,2.0,2.0,0.0,15,0.48254230769230766,1,0,0,7
7083,2.0,2.0,0.0,26,0.48246923076923076,1,0,0,9
7084,2.0,2.0,0.0,21,0.48239615384615386,1,0,0,7
7085,2.0,2.0,0.0,36,0.48232307692307697,1,0,0,12
7086,2.0,2.0,0.0,32,0.48224999999999996,1,0,0,14
7087,2.0,2.0,0.0,31,0.48217692307692306,1,0,0,14
7088,2.0,2.0,0.0,29,0.48210384615384627,1,0,0,6
7089,2.0,2.0,0.0,24,0.48203076923076926,1,0,0,8
7090,2.0,2.0,0.0,29,0.48195769230769236,1,0,0,16
7091,0.0,0.0,0.0,19,0.48188461538461547,0,1,0,10
7092,2.0,2.0,0.0,42,0.48181153846153846,1,0,0,19
7093,2.0,2.0,0.0,22,0.48173846153846156,1,0,0,9
7094,2.0,2.0,0.0,31,0.48166538461538466,1,0,0,11
7095,2.0,2.0,0.0,24,0.48159230769230776,1,0,0,9
7096,0.0,0.0,0.0,25,0.48151923076923075,0,1,0,9
7097,2.0,2.0,0.0,21,0.48144615384615386,1,0,0,6
7098,2.0,2.0,0.0,27,0.48137307692307696,1,0,0,15
7099,2.0,2.0,0.0,45,0.48129999999999995,1,0,0,20
7100,2.0,2.0,0.0,31,0.48122692307692305,1,0,0,14
7101,2.0,2.0,0.0,23,0.48115384615384627,1,0,0,8
7102,2.0,2.0,0.0,16,0.48108076923076926,1,0,0,6
7103,2.0,2.0,0.0,31,0.48100769230769236,1,0,0,8
7104,2.0,2.0,0.0,39,0.48093461538461546,1,0,0,18
7105,2.0,2.0,0.0,23,0.48086153846153845,1,0,0,14
7106,2.0,2.0,0.0,34,0.48078846153846155,1,0,0,12
7107,2.0,2.0,0.0,24,0.48071538461538466,1,0,0,12
7108,2.0,2.0,0.0,20,0.48064230769230776,1,0,0,3
7109,2.0,2.0,0.0,22,0.48056923076923075,1,0,0,7
7110,2.0,2.0,0.0,30,0.48049615384615385,1,0,0,14
7111,2.0,2.0,0.0,18,0.48042307692307695,1,0,0,9
7112,2.0,2.0,0.0,25,0.48034999999999994,1,0,0,12
7113,2.0,2.0,0.0,22,0.48027692307692305,1,0,0,10
7114,2.0,2.0,0.0,23,0.48020384615384626,1,0,0,7
7115,2.0,2.0,0.0,44,0.48013076923076925,1,0,0,11
7116,2.0,2.0,0.0,24,0.48005769230769235,1,0,0,9
7117,2.0,2.0,0.0,23,0.47998461538461545,1,0,0,7
7118,2.0,2.0,0.0,40,0.47991153846153856,1,0,0,15
7119,2.0,2.0,0.0,23,0.47983846153846155,1,0,0,5
7120,2.0,2.0,0.0,24,0.47976538461538465,1,0,0,9
7121,2.0,2.0,0.0,20,0.47969230769230775,1,0,0,6
7122,2.0,2.0,0.0,20,0.47961923076923074,1,0,0,9
7123,0.0,0.0,0.0,55,0.47954615384615384,0,1,0,25
7124,2.0,2.0,0.0,34,0.47947307692307695,1,0,0,16
7125,2.0,2.0,0.0,23,0.47939999999999994,1,0,0,12
7126,2.0,2.0,0.0,27,0.47932692307692304,1,0,0,13
7127,2.0,2.0,0.0,27,0.47925384615384625,1,0,0,13
7128,2.0,2.0,0.0,27,0.47918076923076924,1,0,0,10
7129,2.0,2.0,0.0,24,0.47910769230769235,1,0,0,10
7130,2.0,2.0,0.0,33,0.47903461538461545,1,0,0,15
7131,0.0,0.0,0.0,29,0.47896153846153855,0,1,0,13
7132,2.0,2.0,0.0,22,0.47888846153846154,1,0,0,6
7133,2.0,2.0,0.0,36,0.47881538461538464,1,0,0,11
7134,2.0,2.0,0.0,40,0.47874230769230774,1,0,0,15
7135,2.0,2.0,0.0,17,0.47866923076923074,1,0,0,5
7136,2.0,2.0,0.0,34,0.47859615384615384,1,0,0,13
7137,2.0,2.0,0.0,17,0.47852307692307694,1,0,0,6
7138,2.0,2.0,0.0,23,0.47844999999999993,1,0,0,12
7139,2.0,2.0,0.0,22,0.47837692307692303,1,0,0,12
7140,2.0,2.0,0.0,27,0.47830384615384625,1,0,0,9
7141,0.0,0.0,0.0,33,0.47823076923076935,0,1,0,10
7142,2.0,2.0,0.0,18,0.47815769230769234,1,0,0,8
7143,2.0,2.0,0.0,39,0.47808461538461544,1,0,0,18
7144,2.0,2.0,0.0,40,0.47801153846153854,1,0,0,25
7145,2.0,2.0,0.0,29,0.47793846153846153,1,0,0,10
7146,2.0,2.0,0.0,22,0.47786538461538464,1,0,0,9
7147,2.0,2.0,0.0,25,0.47779230769230774,1,0,0,12
7148,2.0,2.0,0.0,30,0.47771923076923073,1,0,0,7
7149,2.0,2.0,0.0,27,0.47764615384615383,1,0,0,10
7150,2.0,2.0,0.0,32,0.47757307692307693,1,0,0,14
7151,2.0,2.0,0.0,28,0.47750000000000004,1,0,0,11
7152,2.0,2.0,0.0,35,0.477426923076923,1,0,0,11
7153,2.0,2.0,0.0,42,0.47735384615384624,1,0,0,14
7154,2.0,2.0,0.0,30,0.47728076923076934,1,0,0,10
7155,2.0,2.0,0.0,33,0.47720769230769233,1,0,0,10
7156,2.0,2.0,0.0,28,0.47713461538461543,1,0,0,15
7157,2.0,2.0,0.0,24,0.47706153846153854,1,0,0,12
7158,2.0,2.0,0.0,48,0.47698846153846153,1,0,0,23
7159,2.0,2.0,0.0,23,0.47691538461538463,1,0,0,9
7160,2.0,2.0,0.0,33,0.47684230769230773,1,0,0,7
7161,2.0,2.0,0.0,68,0.4767692307692307,1,0,0,27
7162,2.0,2.0,0.0,26,0.4766961538461538,1,0,0,8
7163,2.0,2.0,0.0,38,0.4766230769230769,1,0,0,19
7164,2.0,2.0,0.0,33,0.47655000000000003,1,0,0,11
7165,2.0,2.0,0.0,24,0.476476923076923,1,0,0,6
7166,2.0,2.0,0.0,33,0.47640384615384623,1,0,0,12
7167,2.0,2.0,0.0,25,0.47633076923076934,1,0,0,12
7168,2.0,2.0,0.0,35,0.4762576923076923,1,0,0,14
7169,2.0,2.0,0.0,35,0.47618461538461543,1,0,0,15
7170,1.0,1.0,0.0,40,0.47611153846153853,0,1,0,19
7171,2.0,2.0,0.0,29,0.4760384615384615,1,0,0,12
7172,2.0,2.0,0.0,29,0.4759653846153846,1,0,0,9
7173,2.0,2.0,0.0,20,0.4758923076923077,1,0,0,7
7174,2.0,2.0,0.0,27,0.4758192307692308,1,0,0,10
7175,2.0,2.0,0.0,41,0.4757461538461538,1,0,0,18
7176,2.0,2.0,0.0,21,0.4756730769230769,1,0,0,13
7177,2.0,2.0,0.0,43,0.4756,1,0,0,14
7178,2.0,2.0,0.0,30,0.475526923076923,1,0,0,13
7179,1.0,1.0,0.0,36,0.4754538461538462,0,1,0,13
7180,2.0,2.0,0.0,19,0.47538076923076933,1,0,0,8
7181,2.0,2.0,0.0,22,0.4753076923076923,1,0,0,8
7182,2.0,2.0,0.0,30,0.4752346153846154,1,0,0,9
7183,2.0,2.0,0.0,18,0.4751615384615385,1,0,0,8
7184,2.0,2.0,0.0,36,0.4750884615384615,1,0,0,16
7185,2.0,2.0,0.0,20,0.4750153846153846,1,0,0,6
7186,2.0,2.0,0.0,25,0.4749423076923077,1,0,0,7
7187,0.0,0.0,0.0,35,0.4748692307692308,0,1,0,18
7188,2.0,2.0,0.0,53,0.4747961538461538,1,0,0,28
7189,2.0,2.0,0.0,27,0.4747230769230769,1,0,0,9
7190,2.0,2.0,0.0,27,0.47465,1,0,0,12
7191,2.0,2.0,0.0,26,0.4745769230769231,1,0,0,11
7192,2.0,2.0,0.0,32,0.4745038461538462,1,0,0,14
7193,2.0,2.0,0.0,28,0.4744307692307693,1,0,0,6
7194,2.0,2.0,0.0,43,0.4743576923076923,1,0,0,10
7195,2.0,2.0,0.0,37,0.4742846153846154,1,0,0,17
7196,2.0,2.0,0.0,24,0.4742115384615385,1,0,0,10
7197,2.0,2.0,0.0,42,0.4741384615384616,1,0,0,16
7198,2.0,2.0,0.0,28,0.4740653846153846,1,0,0,12
7199,2.0,2.0,0.0,25,0.4739923076923077,1,0,0,12
7200,2.0,2.0,0.0,22,0.4739192307692308,1,0,0,13
7201,2.0,2.0,0.0,26,0.4738461538461538,1,0,0,7
7202,0.0,0.0,0.0,29,0.4737730769230769,0,1,0,12
7203,2.0,2.0,0.0,42,0.4737,1,0,0,15
7204,2.0,2.0,0.0,30,0.4736269230769231,1,0,0,17
7205,2.0,2.0,0.0,19,0.4735538461538462,1,0,0,8
7206,2.0,2.0,0.0,21,0.4734807692307693,1,0,0,9
7207,2.0,2.0,0.0,35,0.4734076923076923,1,0,0,18
7208,2.0,2.0,0.0,51,0.4733346153846154,1,0,0,22
7209,2.0,2.0,0.0,39,0.4732615384615385,1,0,0,12
7210,2.0,2.0,0.0,23,0.4731884615384616,1,0,0,10
7211,2.0,2.0,0.0,19,0.4731153846153846,1,0,0,4
7212,2.0,2.0,0.0,48,0.4730423076923077,1,0,0,15
7213,2.0,2.0,0.0,29,0.4729692307692308,1,0,0,12
7214,2.0,2.0,0.0,24,0.4728961538461538,1,0,0,10
7215,0.0,0.0,0.0,20,0.4728230769230769,0,1,0,7
7216,1.0,1.0,0.0,53,0.47275,0,1,0,20
7217,2.0,2.0,0.0,41,0.4726769230769231,1,0,0,15
7218,1.0,1.0,0.0,110,0.4726038461538462,0,1,0,39
7219,2.0,2.0,0.0,40,0.4725307692307693,1,0,0,17
7220,2.0,2.0,0.0,35,0.4724576923076924,1,0,0,17
7221,2.0,2.0,0.0,39,0.4723846153846154,1,0,0,19
7222,2.0,2.0,0.0,29,0.4723115384615385,1,0,0,13
7223,2.0,2.0,0.0,29,0.4722384615384616,1,0,0,14
7224,2.0,2.0,0.0,25,0.4721653846153846,1,0,0,12
7225,2.0,2.0,0.0,27,0.4720923076923077,1,0,0,14
7226,2.0,2.0,0.0,24,0.4720192307692308,1,0,0,7
7227,2.0,2.0,0.0,26,0.4719461538461538,1,0,0,5
7228,2.0,2.0,0.0,34,0.4718730769230769,1,0,0,14
7229,2.0,2.0,0.0,33,0.4718,1,0,0,14
7230,2.0,2.0,0.0,23,0.4717269230769231,1,0,0,8
7231,2.0,2.0,0.0,29,0.4716538461538462,1,0,0,12
7232,2.0,2.0,0.0,31,0.4715807692307693,1,0,0,8
7233,2.0,2.0,0.0,33,0.4715076923076924,1,0,0,14
7234,2.0,2.0,0.0,18,0.4714346153846154,1,0,0,8
7235,2.0,2.0,0.0,43,0.4713615384615385,1,0,0,17
7236,2.0,2.0,0.0,27,0.4712884615384616,1,0,0,9
7237,2.0,2.0,0.0,36,0.4712153846153846,1,0,0,23
7238,2.0,2.0,0.0,44,0.4711423076923077,1,0,0,20
7239,2.0,2.0,0.0,24,0.4710692307692308,1,0,0,12
7240,2.0,2.0,0.0,25,0.4709961538461538,1,0,0,9
7241,2.0,2.0,0.0,27,0.4709230769230769,1,0,0,12
7242,2.0,2.0,0.0,26,0.47085,1,0,0,13
7243,2.0,2.0,0.0,22,0.4707769230769232,1,0,0,8
7244,2.0,2.0,0.0,28,0.4707038461538462,1,0,0,9
7245,2.0,2.0,0.0,17,0.4706307692307693,1,0,0,3
7246,2.0,2.0,0.0,19,0.4705576923076924,1,0,0,11
7247,2.0,2.0,0.0,17,0.4704846153846154,1,0,0,6
7248,2.0,2.0,0.0,22,0.4704115384615385,1,0,0,6
7249,2.0,2.0,0.0,28,0.4703384615384616,1,0,0,12
7250,2.0,2.0,0.0,25,0.4702653846153846,1,0,0,9
7251,2.0,2.0,0.0,35,0.4701923076923077,1,0,0,8
7252,0.0,0.0,0.0,23,0.4701192307692308,0,1,0,12
7253,2.0,2.0,0.0,27,0.4700461538461539,1,0,0,11
7254,2.0,2.0,0.0,33,0.4699730769230769,1,0,0,15
7255,2.0,2.0,0.0,31,0.4699,1,0,0,13
7256,2.0,2.0,0.0,34,0.4698269230769232,1,0,0,17
7257,2.0,2.0,0.0,28,0.4697538461538462,1,0,0,12
7258,2.0,2.0,0.0,15,0.4696807692307693,1,0,0,6
7259,2.0,2.0,0.0,29,0.4696076923076924,1,0,0,9
7260,2.0,2.0,0.0,31,0.4695346153846154,1,0,0,12
7261,2.0,2.0,0.0,41,0.4694615384615385,1,0,0,14
7262,2.0,2.0,0.0,21,0.4693884615384616,1,0,0,6
7263,2.0,2.0,0.0,49,0.4693153846153846,1,0,0,17
7264,2.0,2.0,0.0,28,0.4692423076923077,1,0,0,10
7265,2.0,2.0,0.0,49,0.4691692307692308,1,0,0,14
7266,0.0,0.0,0.0,32,0.4690961538461539,0,1,0,13
7267,2.0,2.0,0.0,21,0.4690230769230769,1,0,0,8
7268,2.0,2.0,0.0,23,0.46895,1,0,0,7
7269,2.0,2.0,0.0,26,0.4688769230769232,1,0,0,8
7270,2.0,2.0,0.0,32,0.4688038461538462,1,0,0,13
7271,2.0,2.0,0.0,31,0.4687307692307693,1,0,0,16
7272,2.0,2.0,0.0,21,0.4686576923076924,1,0,0,6
7273,2.0,2.0,0.0,19,0.4685846153846154,1,0,0,5
7274,2.0,2.0,0.0,28,0.4685115384615385,1,0,0,8
7275,1.0,1.0,0.0,28,0.4684384615384616,0,1,0,9
7276,2.0,2.0,0.0,38,0.4683653846153847,1,0,0,19
7277,2.0,2.0,0.0,39,0.4682923076923077,1,0,0,16
7278,2.0,2.0,0.0,25,0.4682192307692308,1,0,0,9
7279,2.0,2.0,0.0,23,0.4681461538461539,1,0,0,12
7280,2.0,2.0,0.0,40,0.46807307692307687,1,0,0,17
7281,2.0,2.0,0.0,28,0.46799999999999997,1,0,0,15
7282,2.0,2.0,0.0,19,0.4679269230769232,1,0,0,8
7283,2.0,2.0,0.0,26,0.4678538461538462,1,0,0,11
7284,2.0,2.0,0.0,34,0.4677807692307693,1,0,0,9
7285,2.0,2.0,0.0,22,0.4677076923076924,1,0,0,11
7286,2.0,2.0,0.0,30,0.46763461538461537,1,0,0,17
7287,2.0,2.0,0.0,21,0.4675615384615385,1,0,0,9
7288,2.0,2.0,0.0,192,0.4674884615384616,1,0,0,83
7289,2.0,2.0,0.0,23,0.4674153846153847,1,0,0,10
7290,2.0,2.0,0.0,34,0.46734230769230767,1,0,0,12
7291,2.0,2.0,0.0,51,0.46726923076923077,1,0,0,21
7292,2.0,2.0,0.0,32,0.46719615384615387,1,0,0,9
7293,2.0,2.0,0.0,27,0.46712307692307686,1,0,0,10
7294,2.0,2.0,0.0,34,0.46704999999999997,1,0,0,16
7295,2.0,2.0,0.0,34,0.4669769230769232,1,0,0,13
7296,2.0,2.0,0.0,25,0.46690384615384617,1,0,0,7
7297,2.0,2.0,0.0,24,0.46683076923076927,1,0,0,7
7298,2.0,2.0,0.0,40,0.4667576923076924,1,0,0,20
7299,2.0,2.0,0.0,24,0.4666846153846155,1,0,0,6
7300,0.0,0.0,0.0,35,0.46661153846153847,0,1,0,17
7301,0.0,0.0,0.0,36,0.46653846153846157,0,1,0,15
7302,2.0,2.0,0.0,34,0.46646538461538467,1,0,0,13
7303,2.0,2.0,0.0,32,0.46639230769230766,1,0,0,14
7304,2.0,2.0,0.0,34,0.46631923076923076,1,0,0,13
7305,0.0,0.0,0.0,26,0.46624615384615387,0,1,0,12
7306,1.0,1.0,0.0,48,0.46617307692307686,0,1,0,18
7307,2.0,2.0,0.0,15,0.46609999999999996,1,0,0,5
7308,2.0,2.0,0.0,36,0.46602692307692317,1,0,0,10
7309,0.0,0.0,0.0,15,0.46595384615384616,0,1,0,3
7310,2.0,2.0,0.0,83,0.46588076923076926,1,0,0,35
7311,2.0,2.0,0.0,47,0.46580769230769237,1,0,0,23
7312,2.0,2.0,0.0,41,0.46573461538461547,1,0,0,22
7313,2.0,2.0,0.0,30,0.46566153846153846,1,0,0,16
7314,2.0,2.0,0.0,28,0.46558846153846156,1,0,0,12
7315,2.0,2.0,0.0,27,0.46551538461538466,1,0,0,10
7316,2.0,2.0,0.0,22,0.46544230769230766,1,0,0,6
7317,2.0,2.0,0.0,23,0.46536923076923076,1,0,0,8
7318,2.0,2.0,0.0,36,0.46529615384615386,1,0,0,7
7319,2.0,2.0,0.0,21,0.46522307692307685,1,0,0,8
7320,2.0,2.0,0.0,26,0.46515000000000006,1,0,0,8
7321,2.0,2.0,0.0,19,0.46507692307692317,1,0,0,8
7322,2.0,2.0,0.0,29,0.46500384615384627,1,0,0,9
7323,2.0,2.0,0.0,22,0.46493076923076926,1,0,0,5
7324,2.0,2.0,0.0,30,0.46485769230769236,1,0,0,14
7325,2.0,2.0,0.0,24,0.46478461538461546,1,0,0,11
7326,2.0,2.0,0.0,29,0.46471153846153845,1,0,0,12
7327,2.0,2.0,0.0,30,0.46463846153846156,1,0,0,11
7328,2.0,2.0,0.0,31,0.46456538461538466,1,0,0,13
7329,2.0,2.0,0.0,24,0.46449230769230765,1,0,0,9
7330,2.0,2.0,0.0,25,0.46441923076923075,1,0,0,10
7331,2.0,2.0,0.0,69,0.46434615384615385,1,0,0,30
7332,2.0,2.0,0.0,26,0.46427307692307695,1,0,0,11
7333,2.0,2.0,0.0,19,0.46420000000000006,1,0,0,11
7334,2.0,2.0,0.0,39,0.46412692307692316,1,0,0,16
7335,2.0,2.0,0.0,21,0.46405384615384626,1,0,0,5
7336,2.0,2.0,0.0,25,0.46398076923076925,1,0,0,7
7337,2.0,2.0,0.0,20,0.46390769230769235,1,0,0,11
7338,2.0,2.0,0.0,34,0.46383461538461546,1,0,0,7
7339,2.0,2.0,0.0,20,0.46376153846153845,1,0,0,6
7340,2.0,2.0,0.0,34,0.46368846153846155,1,0,0,9
7341,2.0,2.0,0.0,21,0.46361538461538465,1,0,0,12
7342,2.0,2.0,0.0,22,0.46354230769230764,1,0,0,8
7343,0.0,0.0,0.0,24,0.46346923076923074,0,1,0,10
7344,2.0,2.0,0.0,18,0.46339615384615385,1,0,0,6
7345,2.0,2.0,0.0,23,0.46332307692307695,1,0,0,10
7346,2.0,2.0,0.0,40,0.46325000000000005,1,0,0,18
7347,2.0,2.0,0.0,29,0.46317692307692315,1,0,0,14
7348,2.0,2.0,0.0,28,0.46310384615384625,1,0,0,9
7349,2.0,2.0,0.0,29,0.46303076923076925,1,0,0,15
7350,2.0,2.0,0.0,27,0.46295769230769235,1,0,0,10
7351,2.0,2.0,0.0,21,0.46288461538461545,1,0,0,5
7352,2.0,2.0,0.0,30,0.46281153846153844,1,0,0,9
7353,2.0,2.0,0.0,36,0.46273846153846154,1,0,0,15
7354,2.0,2.0,0.0,49,0.46266538461538464,1,0,0,17
7355,2.0,2.0,0.0,35,0.46259230769230775,1,0,0,15
7356,2.0,2.0,0.0,223,0.46251923076923074,1,0,0,75
7357,2.0,2.0,0.0,39,0.46244615384615384,1,0,0,15
7358,2.0,2.0,0.0,45,0.46237307692307694,1,0,0,23
7359,2.0,2.0,0.0,26,0.46230000000000004,1,0,0,13
7360,2.0,2.0,0.0,24,0.46222692307692315,1,0,0,11
7361,2.0,2.0,0.0,24,0.46215384615384625,1,0,0,8
7362,2.0,2.0,0.0,18,0.46208076923076924,1,0,0,4
7363,2.0,2.0,0.0,41,0.46200769230769234,1,0,0,20
7364,2.0,2.0,0.0,27,0.46193461538461544,1,0,0,11
7365,2.0,2.0,0.0,29,0.46186153846153843,1,0,0,13
7366,2.0,2.0,0.0,28,0.46178846153846154,1,0,0,8
7367,2.0,2.0,0.0,26,0.46171538461538464,1,0,0,7
7368,2.0,2.0,0.0,17,0.46164230769230774,1,0,0,8
7369,2.0,2.0,0.0,23,0.46156923076923073,1,0,0,10
7370,2.0,2.0,0.0,36,0.46149615384615383,1,0,0,13
7371,2.0,2.0,0.0,21,0.46142307692307694,1,0,0,9
7372,1.0,1.0,0.0,35,0.46135000000000004,0,1,0,19
7373,2.0,2.0,0.0,34,0.46127692307692314,1,0,0,6
7374,0.0,0.0,0.0,46,0.46120384615384624,0,1,0,16
7375,1.0,1.0,0.0,117,0.46113076923076923,0,1,0,48
7376,2.0,2.0,0.0,33,0.46105769230769234,1,0,0,14
7377,2.0,2.0,0.0,21,0.46098461538461544,1,0,0,6
7378,2.0,2.0,0.0,42,0.46091153846153854,1,0,0,17
7379,2.0,2.0,0.0,20,0.46083846153846153,1,0,0,7
7380,2.0,2.0,0.0,34,0.46076538461538463,1,0,0,7
7381,2.0,2.0,0.0,54,0.46069230769230773,1,0,0,29
7382,2.0,2.0,0.0,37,0.4606192307692307,1,0,0,15
7383,2.0,2.0,0.0,35,0.4605461538461538,1,0,0,7
7384,2.0,2.0,0.0,22,0.46047307692307693,1,0,0,9
7385,2.0,2.0,0.0,37,0.46040000000000003,1,0,0,14
7386,2.0,2.0,0.0,26,0.46032692307692313,1,0,0,3
7387,2.0,2.0,0.0,22,0.46025384615384624,1,0,0,9
7388,2.0,2.0,0.0,41,0.4601807692307692,1,0,0,19
7389,2.0,2.0,0.0,31,0.46010769230769233,1,0,0,15
7390,2.0,2.0,0.0,23,0.46003461538461543,1,0,0,13
7391,2.0,2.0,0.0,44,0.45996153846153853,1,0,0,20
7392,1.0,1.0,0.0,30,0.4598884615384615,0,1,0,15
7393,2.0,2.0,0.0,22,0.4598153846153846,1,0,0,7
7394,2.0,2.0,0.0,29,0.45974230769230773,1,0,0,11
7395,2.0,2.0,0.0,26,0.4596692307692307,1,0,0,12
7396,2.0,2.0,0.0,31,0.4595961538461538,1,0,0,10
7397,2.0,2.0,0.0,15,0.4595230769230769,1,0,0,8
7398,2.0,2.0,0.0,23,0.45945,1,0,0,14
7399,2.0,2.0,0.0,21,0.4593769230769231,1,0,0,8
7400,2.0,2.0,0.0,19,0.45930384615384623,1,0,0,8
7401,2.0,2.0,0.0,33,0.45923076923076933,1,0,0,6
7402,2.0,2.0,0.0,35,0.4591576923076923,1,0,0,17
7403,2.0,2.0,0.0,27,0.4590846153846154,1,0,0,6
7404,2.0,2.0,0.0,37,0.4590115384615385,1,0,0,13
7405,2.0,2.0,0.0,18,0.4589384615384615,1,0,0,9
7406,2.0,2.0,0.0,28,0.4588653846153846,1,0,0,6
7407,2.0,2.0,0.0,29,0.4587923076923077,1,0,0,9
7408,2.0,2.0,0.0,22,0.4587192307692307,1,0,0,9
7409,2.0,2.0,0.0,31,0.4586461538461538,1,0,0,17
7410,2.0,2.0,0.0,29,0.4585730769230769,1,0,0,14
7411,2.0,2.0,0.0,15,0.4585,1,0,0,5
7412,2.0,2.0,0.0,38,0.4584269230769231,1,0,0,9
7413,2.0,2.0,0.0,29,0.4583538461538462,1,0,0,10
7414,2.0,2.0,0.0,23,0.4582807692307693,1,0,0,14
7415,2.0,2.0,0.0,24,0.4582076923076923,1,0,0,14
7416,2.0,2.0,0.0,27,0.4581346153846154,1,0,0,14
7417,0.0,0.0,0.0,27,0.4580615384615385,0,1,0,12
7418,0.0,0.0,0.0,41,0.4579884615384615,0,1,0,16
7419,2.0,2.0,0.0,20,0.4579153846153846,1,0,0,9
7420,2.0,2.0,0.0,25,0.4578423076923077,1,0,0,9
7421,2.0,2.0,0.0,24,0.4577692307692307,1,0,0,9
7422,2.0,2.0,0.0,26,0.4576961538461538,1,0,0,9
7423,2.0,2.0,0.0,24,0.4576230769230769,1,0,0,9
7424,2.0,2.0,0.0,18,0.4575500000000001,1,0,0,7
7425,2.0,2.0,0.0,30,0.4574769230769231,1,0,0,6
7426,0.0,0.0,0.0,23,0.4574038461538462,0,1,0,10
7427,2.0,2.0,0.0,21,0.4573307692307693,1,0,0,11
7428,2.0,2.0,0.0,23,0.4572576923076923,1,0,0,9
7429,2.0,2.0,0.0,40,0.4571846153846154,1,0,0,16
7430,2.0,2.0,0.0,43,0.4571115384615385,1,0,0,13
7431,2.0,2.0,0.0,52,0.4570384615384615,1,0,0,15
7432,2.0,2.0,0.0,28,0.4569653846153846,1,0,0,11
7433,2.0,2.0,0.0,34,0.4568923076923077,1,0,0,7
7434,2.0,2.0,0.0,40,0.4568192307692308,1,0,0,11
7435,2.0,2.0,0.0,33,0.4567461538461538,1,0,0,10
7436,2.0,2.0,0.0,38,0.4566730769230769,1,0,0,12
7437,2.0,2.0,0.0,38,0.4566000000000001,1,0,0,18
7438,2.0,2.0,0.0,28,0.4565269230769231,1,0,0,8
7439,2.0,2.0,0.0,30,0.4564538461538462,1,0,0,17
7440,2.0,2.0,0.0,45,0.4563807692307693,1,0,0,23
7441,2.0,2.0,0.0,28,0.4563076923076923,1,0,0,10
7442,2.0,2.0,0.0,19,0.4562346153846154,1,0,0,6
7443,2.0,2.0,0.0,30,0.4561615384615385,1,0,0,9
7444,2.0,2.0,0.0,47,0.4560884615384615,1,0,0,19
7445,2.0,2.0,0.0,26,0.4560153846153846,1,0,0,6
7446,2.0,2.0,0.0,31,0.4559423076923077,1,0,0,11
7447,2.0,2.0,0.0,27,0.4558692307692308,1,0,0,12
7448,2.0,2.0,0.0,20,0.4557961538461538,1,0,0,5
7449,2.0,2.0,0.0,21,0.455723076923077,1,0,0,6
7450,2.0,2.0,0.0,31,0.4556500000000001,1,0,0,14
7451,2.0,2.0,0.0,24,0.4555769230769231,1,0,0,5
7452,2.0,2.0,0.0,25,0.4555038461538462,1,0,0,10
7453,2.0,2.0,0.0,46,0.4554307692307693,1,0,0,16
7454,2.0,2.0,0.0,36,0.4553576923076923,1,0,0,11
7455,2.0,2.0,0.0,16,0.4552846153846154,1,0,0,6
7456,2.0,2.0,0.0,19,0.4552115384615385,1,0,0,6
7457,2.0,2.0,0.0,35,0.4551384615384616,1,0,0,17
7458,2.0,2.0,0.0,23,0.4550653846153846,1,0,0,8
7459,2.0,2.0,0.0,27,0.4549923076923077,1,0,0,7
7460,2.0,2.0,0.0,31,0.4549192307692308,1,0,0,16
7461,2.0,2.0,0.0,46,0.4548461538461538,1,0,0,19
7462,0.0,0.0,0.0,79,0.454773076923077,0,1,0,34
7463,2.0,2.0,0.0,33,0.4547000000000001,1,0,0,14
7464,2.0,2.0,0.0,27,0.4546269230769231,1,0,0,14
7465,0.0,0.0,0.0,45,0.4545538461538462,0,1,0,22
7466,2.0,2.0,0.0,22,0.4544807692307693,1,0,0,6
7467,0.0,0.0,0.0,19,0.4544076923076923,0,1,0,9
7468,2.0,2.0,0.0,25,0.4543346153846154,1,0,0,8
7469,2.0,2.0,0.0,40,0.4542615384615385,1,0,0,15
7470,2.0,2.0,0.0,27,0.4541884615384616,1,0,0,10
7471,0.0,0.0,0.0,39,0.4541153846153846,0,1,0,16
7472,2.0,2.0,0.0,33,0.4540423076923077,1,0,0,11
7473,2.0,2.0,0.0,37,0.4539692307692308,1,0,0,9
7474,2.0,2.0,0.0,35,0.4538961538461538,1,0,0,16
7475,2.0,2.0,0.0,62,0.453823076923077,1,0,0,24
7476,0.0,0.0,0.0,67,0.4537500000000001,0,1,0,32
7477,2.0,2.0,0.0,20,0.4536769230769231,1,0,0,8
7478,2.0,2.0,0.0,31,0.4536038461538462,1,0,0,4
7479,2.0,2.0,0.0,34,0.4535307692307693,1,0,0,13
7480,2.0,2.0,0.0,37,0.4534576923076924,1,0,0,17
7481,2.0,2.0,0.0,38,0.4533846153846154,1,0,0,11
7482,2.0,2.0,0.0,33,0.4533115384615385,1,0,0,11
7483,2.0,2.0,0.0,37,0.4532384615384616,1,0,0,14
7484,2.0,2.0,0.0,31,0.4531653846153846,1,0,0,7
7485,2.0,2.0,0.0,30,0.4530923076923077,1,0,0,10
7486,2.0,2.0,0.0,19,0.4530192307692308,1,0,0,5
7487,2.0,2.0,0.0,29,0.4529461538461538,1,0,0,14
7488,2.0,2.0,0.0,38,0.452873076923077,1,0,0,15
7489,2.0,2.0,0.0,61,0.4528000000000001,1,0,0,24
7490,2.0,2.0,0.0,21,0.4527269230769231,1,0,0,5
7491,2.0,2.0,0.0,37,0.4526538461538462,1,0,0,19
7492,2.0,2.0,0.0,28,0.4525807692307693,1,0,0,13
7493,2.0,2.0,0.0,18,0.4525076923076924,1,0,0,6
7494,2.0,2.0,0.0,26,0.4524346153846154,1,0,0,14
7495,2.0,2.0,0.0,20,0.4523615384615385,1,0,0,9
7496,2.0,2.0,0.0,31,0.4522884615384616,1,0,0,9
7497,2.0,2.0,0.0,32,0.4522153846153846,1,0,0,12
7498,2.0,2.0,0.0,22,0.4521423076923077,1,0,0,9
7499,2.0,2.0,0.0,24,0.4520692307692308,1,0,0,8
7500,2.0,2.0,0.0,18,0.45199615384615377,1,0,0,8
7501,2.0,2.0,0.0,32,0.451923076923077,1,0,0,10
7502,2.0,2.0,0.0,26,0.4518500000000001,1,0,0,10
7503,2.0,2.0,0.0,28,0.4517769230769232,1,0,0,12
7504,2.0,2.0,0.0,32,0.4517038461538462,1,0,0,13
7505,2.0,2.0,0.0,40,0.4516307692307693,1,0,0,17
7506,2.0,2.0,0.0,38,0.4515576923076924,1,0,0,11
7507,2.0,2.0,0.0,34,0.4514846153846154,1,0,0,13
7508,2.0,2.0,0.0,25,0.4514115384615385,1,0,0,11
7509,2.0,2.0,0.0,20,0.4513384615384616,1,0,0,6
7510,2.0,2.0,0.0,42,0.45126538461538457,1,0,0,21
7511,2.0,2.0,0.0,28,0.45119230769230767,1,0,0,9
7512,2.0,2.0,0.0,22,0.4511192307692308,1,0,0,8
7513,2.0,2.0,0.0,37,0.4510461538461539,1,0,0,17
7514,2.0,2.0,0.0,15,0.450973076923077,1,0,0,8
7515,2.0,2.0,0.0,18,0.4509000000000001,1,0,0,5
7516,2.0,2.0,0.0,50,0.4508269230769232,1,0,0,13
7517,2.0,2.0,0.0,15,0.45075384615384617,1,0,0,9
7518,2.0,2.0,0.0,21,0.4506807692307693,1,0,0,8
7519,1.0,1.0,0.0,42,0.4506076923076924,0,1,0,16
7520,2.0,2.0,0.0,28,0.45053461538461537,1,0,0,8
7521,2.0,2.0,0.0,20,0.45046153846153847,1,0,0,8
7522,2.0,2.0,0.0,30,0.45038846153846157,1,0,0,14
7523,2.0,2.0,0.0,22,0.45031538461538456,1,0,0,7
7524,2.0,2.0,0.0,23,0.45024230769230766,1,0,0,8
7525,2.0,2.0,0.0,22,0.45016923076923077,1,0,0,8
7526,2.0,2.0,0.0,39,0.45009615384615387,1,0,0,18
7527,1.0,1.0,0.0,123,0.45002307692307697,0,1,0,55
7528,2.0,2.0,0.0,30,0.44995000000000007,1,0,0,8
7529,2.0,2.0,0.0,19,0.4498769230769232,1,0,0,4
7530,2.0,2.0,0.0,36,0.44980384615384617,1,0,0,12
7531,2.0,2.0,0.0,45,0.44973076923076927,1,0,0,13
7532,2.0,2.0,0.0,25,0.44965769230769237,1,0,0,7
7533,2.0,2.0,0.0,31,0.44958461538461536,1,0,0,15
7534,2.0,2.0,0.0,29,0.44951153846153846,1,0,0,9
7535,2.0,2.0,0.0,34,0.44943846153846156,1,0,0,11
7536,2.0,2.0,0.0,31,0.44936538461538467,1,0,0,12
7537,2.0,2.0,0.0,30,0.44929230769230766,1,0,0,12
7538,2.0,2.0,0.0,35,0.44921923076923076,1,0,0,16
7539,2.0,2.0,0.0,22,0.44914615384615386,1,0,0,9
7540,2.0,2.0,0.0,40,0.44907307692307696,1,0,0,18
7541,2.0,2.0,0.0,20,0.44900000000000007,1,0,0,10
7542,2.0,2.0,0.0,27,0.44892692307692317,1,0,0,9
7543,2.0,2.0,0.0,29,0.44885384615384616,1,0,0,12
7544,2.0,2.0,0.0,31,0.44878076923076926,1,0,0,13
7545,2.0,2.0,0.0,21,0.44870769230769236,1,0,0,5
7546,0.0,0.0,0.0,18,0.44863461538461535,0,1,0,8
7547,2.0,2.0,0.0,20,0.44856153846153846,1,0,0,8
7548,0.0,0.0,0.0,36,0.44848846153846156,0,1,0,13
7549,2.0,2.0,0.0,25,0.44841538461538466,1,0,0,11
7550,2.0,2.0,0.0,24,0.44834230769230765,1,0,0,10
7551,2.0,2.0,0.0,31,0.44826923076923075,1,0,0,10
7552,2.0,2.0,0.0,24,0.44819615384615386,1,0,0,5
7553,2.0,2.0,0.0,29,0.44812307692307696,1,0,0,9
7554,2.0,2.0,0.0,17,0.44805000000000006,1,0,0,8
7555,2.0,2.0,0.0,29,0.44797692307692316,1,0,0,10
7556,2.0,2.0,0.0,25,0.44790384615384615,1,0,0,12
7557,2.0,2.0,0.0,40,0.44783076923076925,1,0,0,16
7558,2.0,2.0,0.0,57,0.44775769230769236,1,0,0,23
7559,2.0,2.0,0.0,21,0.44768461538461546,1,0,0,5
7560,0.0,0.0,0.0,15,0.44761153846153845,0,1,0,6
7561,2.0,2.0,0.0,31,0.44753846153846155,1,0,0,16
7562,2.0,2.0,0.0,27,0.44746538461538465,1,0,0,7
7563,2.0,2.0,0.0,16,0.44739230769230764,1,0,0,6
7564,2.0,2.0,0.0,26,0.44731923076923075,1,0,0,8
7565,2.0,2.0,0.0,39,0.44724615384615396,1,0,0,13
7566,2.0,2.0,0.0,23,0.44717307692307695,1,0,0,7
7567,2.0,2.0,0.0,26,0.44710000000000005,1,0,0,12
7568,2.0,2.0,0.0,26,0.44702692307692315,1,0,0,11
7569,2.0,2.0,0.0,58,0.44695384615384615,1,0,0,24
7570,2.0,2.0,0.0,33,0.44688076923076925,1,0,0,17
7571,2.0,2.0,0.0,56,0.44680769230769235,1,0,0,24
7572,2.0,2.0,0.0,20,0.44673461538461545,1,0,0,3
7573,2.0,2.0,0.0,21,0.44666153846153844,1,0,0,4
7574,2.0,2.0,0.0,23,0.44658846153846155,1,0,0,8
7575,2.0,2.0,0.0,21,0.44651538461538465,1,0,0,10
7576,0.0,0.0,0.0,16,0.44644230769230764,0,1,0,6
7577,2.0,2.0,0.0,21,0.44636923076923074,1,0,0,7
7578,2.0,2.0,0.0,35,0.44629615384615395,1,0,0,9
7579,1.0,1.0,0.0,350,0.44622307692307694,0,0,1,154
7580,2.0,2.0,0.0,28,0.44615000000000005,1,0,0,10
7581,2.0,2.0,0.0,22,0.44607692307692315,1,0,0,13
7582,2.0,2.0,0.0,29,0.44600384615384625,1,0,0,12
7583,2.0,2.0,0.0,63,0.44593076923076924,1,0,0,22
7584,2.0,2.0,0.0,46,0.44585769230769234,1,0,0,22
7585,2.0,2.0,0.0,37,0.44578461538461545,1,0,0,14
7586,2.0,2.0,0.0,25,0.44571153846153844,1,0,0,12
7587,2.0,2.0,0.0,22,0.44563846153846154,1,0,0,8
7588,1.0,1.0,0.0,48,0.44556538461538464,0,1,0,23
7589,2.0,2.0,0.0,21,0.44549230769230763,1,0,0,11
7590,2.0,2.0,0.0,19,0.44541923076923073,1,0,0,5
7591,2.0,2.0,0.0,46,0.44534615384615395,1,0,0,19
7592,2.0,2.0,0.0,35,0.44527307692307694,1,0,0,11
7593,2.0,2.0,0.0,22,0.44520000000000004,1,0,0,9
7594,2.0,2.0,0.0,15,0.44512692307692314,1,0,0,9
7595,2.0,2.0,0.0,21,0.44505384615384624,1,0,0,8
7596,2.0,2.0,0.0,24,0.44498076923076924,1,0,0,9
7597,1.0,1.0,0.0,18,0.44490769230769234,0,1,0,5
7598,2.0,2.0,0.0,27,0.44483461538461544,1,0,0,12
7599,2.0,2.0,0.0,46,0.44476153846153843,1,0,0,22
7600,2.0,2.0,0.0,31,0.44468846153846153,1,0,0,11
7601,2.0,2.0,0.0,23,0.44461538461538463,1,0,0,13
7602,2.0,2.0,0.0,28,0.4445423076923076,1,0,0,9
7603,2.0,2.0,0.0,46,0.4444692307692307,1,0,0,20
7604,2.0,2.0,0.0,24,0.44439615384615394,1,0,0,11
7605,2.0,2.0,0.0,16,0.44432307692307704,1,0,0,4
7606,2.0,2.0,0.0,41,0.44425000000000003,1,0,0,12
7607,2.0,2.0,0.0,22,0.44417692307692314,1,0,0,7
7608,2.0,2.0,0.0,33,0.44410384615384624,1,0,0,10
7609,2.0,2.0,0.0,23,0.44403076923076923,1,0,0,11
7610,2.0,2.0,0.0,19,0.44395769230769233,1,0,0,6
7611,2.0,2.0,0.0,25,0.44388461538461543,1,0,0,9
7612,2.0,2.0,0.0,33,0.4438115384615384,1,0,0,12
7613,2.0,2.0,0.0,40,0.4437384615384615,1,0,0,16
7614,2.0,2.0,0.0,25,0.44366538461538463,1,0,0,11
7615,2.0,2.0,0.0,33,0.44359230769230773,1,0,0,11
7616,2.0,2.0,0.0,48,0.4435192307692307,1,0,0,12
7617,2.0,2.0,0.0,29,0.44344615384615393,1,0,0,11
7618,2.0,2.0,0.0,21,0.44337307692307704,1,0,0,8
7619,2.0,2.0,0.0,26,0.4433,1,0,0,6
7620,2.0,2.0,0.0,22,0.44322692307692313,1,0,0,5
7621,2.0,2.0,0.0,23,0.44315384615384623,1,0,0,12
7622,2.0,2.0,0.0,19,0.4430807692307692,1,0,0,5
7623,2.0,2.0,0.0,40,0.4430076923076923,1,0,0,18
7624,2.0,2.0,0.0,26,0.4429346153846154,1,0,0,8
7625,2.0,2.0,0.0,29,0.4428615384615384,1,0,0,11
7626,2.0,2.0,0.0,42,0.4427884615384615,1,0,0,25
7627,2.0,2.0,0.0,27,0.4427153846153846,1,0,0,13
7628,2.0,2.0,0.0,31,0.4426423076923077,1,0,0,9
7629,2.0,2.0,0.0,25,0.4425692307692307,1,0,0,9
7630,2.0,2.0,0.0,24,0.44249615384615393,1,0,0,10
7631,2.0,2.0,0.0,24,0.44242307692307703,1,0,0,14
7632,2.0,2.0,0.0,29,0.44235,1,0,0,9
7633,2.0,2.0,0.0,16,0.4422769230769231,1,0,0,7
7634,2.0,2.0,0.0,23,0.4422038461538462,1,0,0,6
7635,2.0,2.0,0.0,50,0.4421307692307692,1,0,0,18
7636,2.0,2.0,0.0,30,0.4420576923076923,1,0,0,14
7637,2.0,2.0,0.0,25,0.4419846153846154,1,0,0,11
7638,2.0,2.0,0.0,85,0.4419115384615385,1,0,0,35
7639,2.0,2.0,0.0,15,0.4418384615384615,1,0,0,2
7640,2.0,2.0,0.0,29,0.4417653846153846,1,0,0,10
7641,2.0,2.0,0.0,36,0.4416923076923077,1,0,0,13
7642,2.0,2.0,0.0,27,0.4416192307692307,1,0,0,14
7643,2.0,2.0,0.0,17,0.4415461538461539,1,0,0,4
7644,2.0,2.0,0.0,23,0.441473076923077,1,0,0,13
7645,2.0,2.0,0.0,36,0.4414,1,0,0,7
7646,2.0,2.0,0.0,23,0.4413269230769231,1,0,0,6
7647,2.0,2.0,0.0,24,0.4412538461538462,1,0,0,8
7648,2.0,2.0,0.0,30,0.4411807692307692,1,0,0,13
7649,2.0,2.0,0.0,23,0.4411076923076923,1,0,0,8
7650,2.0,2.0,0.0,25,0.4410346153846154,1,0,0,5
7651,2.0,2.0,0.0,24,0.4409615384615385,1,0,0,14
7652,2.0,2.0,0.0,25,0.4408884615384615,1,0,0,8
7653,2.0,2.0,0.0,33,0.4408153846153846,1,0,0,16
7654,2.0,2.0,0.0,22,0.4407423076923077,1,0,0,8
7655,2.0,2.0,0.0,22,0.4406692307692307,1,0,0,7
7656,2.0,2.0,0.0,46,0.4405961538461539,1,0,0,23
7657,2.0,2.0,0.0,26,0.440523076923077,1,0,0,8
7658,2.0,2.0,0.0,18,0.44045,1,0,0,5
7659,2.0,2.0,0.0,27,0.4403769230769231,1,0,0,10
7660,2.0,2.0,0.0,22,0.4403038461538462,1,0,0,8
7661,2.0,2.0,0.0,15,0.4402307692307693,1,0,0,7
7662,2.0,2.0,0.0,24,0.4401576923076923,1,0,0,7
7663,2.0,2.0,0.0,37,0.4400846153846154,1,0,0,13
7664,2.0,2.0,0.0,26,0.4400115384615385,1,0,0,7
7665,2.0,2.0,0.0,20,0.4399384615384615,1,0,0,5
7666,2.0,2.0,0.0,20,0.4398653846153846,1,0,0,10
7667,2.0,2.0,0.0,27,0.4397923076923077,1,0,0,10
7668,2.0,2.0,0.0,30,0.4397192307692307,1,0,0,11
7669,2.0,2.0,0.0,279,0.4396461538461539,1,0,0,103
7670,2.0,2.0,0.0,19,0.439573076923077,1,0,0,8
7671,2.0,2.0,0.0,19,0.4395,1,0,0,11
7672,2.0,2.0,0.0,27,0.4394269230769231,1,0,0,9
7673,2.0,2.0,0.0,33,0.4393538461538462,1,0,0,14
7674,2.0,2.0,0.0,23,0.4392807692307693,1,0,0,6
7675,2.0,2.0,0.0,27,0.4392076923076923,1,0,0,12
7676,2.0,2.0,0.0,22,0.4391346153846154,1,0,0,10
7677,2.0,2.0,0.0,25,0.4390615384615385,1,0,0,9
7678,2.0,2.0,0.0,31,0.4389884615384615,1,0,0,11
7679,2.0,2.0,0.0,23,0.4389153846153846,1,0,0,10
7680,2.0,2.0,0.0,16,0.4388423076923077,1,0,0,5
7681,2.0,2.0,0.0,21,0.4387692307692307,1,0,0,11
7682,2.0,2.0,0.0,36,0.4386961538461539,1,0,0,16
7683,2.0,2.0,0.0,19,0.438623076923077,1,0,0,9
7684,2.0,2.0,0.0,37,0.4385500000000001,1,0,0,17
7685,2.0,2.0,0.0,28,0.4384769230769231,1,0,0,11
7686,2.0,2.0,0.0,42,0.4384038461538462,1,0,0,14
7687,2.0,2.0,0.0,26,0.4383307692307693,1,0,0,9
7688,2.0,2.0,0.0,30,0.4382576923076923,1,0,0,10
7689,2.0,2.0,0.0,43,0.4381846153846154,1,0,0,14
7690,2.0,2.0,0.0,25,0.4381115384615385,1,0,0,8
7691,2.0,2.0,0.0,21,0.4380384615384615,1,0,0,9
7692,2.0,2.0,0.0,25,0.4379653846153846,1,0,0,9
7693,2.0,2.0,0.0,30,0.4378923076923077,1,0,0,16
7694,2.0,2.0,0.0,27,0.4378192307692308,1,0,0,10
7695,2.0,2.0,0.0,25,0.4377461538461539,1,0,0,8
7696,0.0,0.0,0.0,15,0.437673076923077,0,1,0,5
7697,1.0,1.0,0.0,21,0.4376000000000001,0,1,0,7
7698,2.0,2.0,0.0,37,0.4375269230769231,1,0,0,11
7699,2.0,2.0,0.0,23,0.4374538461538462,1,0,0,12
7700,2.0,2.0,0.0,31,0.4373807692307693,1,0,0,4
7701,2.0,2.0,0.0,31,0.4373076923076923,1,0,0,12
7702,2.0,2.0,0.0,24,0.4372346153846154,1,0,0,11
7703,2.0,2.0,0.0,28,0.4371615384615385,1,0,0,20
7704,2.0,2.0,0.0,33,0.4370884615384615,1,0,0,13
7705,0.0,0.0,0.0,44,0.4370153846153846,0,1,0,17
7706,2.0,2.0,0.0,29,0.4369423076923077,1,0,0,14
7707,2.0,2.0,0.0,25,0.4368692307692309,1,0,0,10
7708,2.0,2.0,0.0,34,0.4367961538461539,1,0,0,8
7709,2.0,2.0,0.0,21,0.436723076923077,1,0,0,8
7710,2.0,2.0,0.0,25,0.4366500000000001,1,0,0,7
7711,2.0,2.0,0.0,27,0.4365769230769231,1,0,0,12
7712,2.0,2.0,0.0,20,0.4365038461538462,1,0,0,7
7713,2.0,2.0,0.0,38,0.4364307692307693,1,0,0,13
7714,2.0,2.0,0.0,54,0.4363576923076923,1,0,0,18
7715,2.0,2.0,0.0,23,0.4362846153846154,1,0,0,13
7716,2.0,2.0,0.0,17,0.4362115384615385,1,0,0,10
7717,2.0,2.0,0.0,27,0.4361384615384616,1,0,0,11
7718,2.0,2.0,0.0,29,0.4360653846153846,1,0,0,13
7719,2.0,2.0,0.0,23,0.4359923076923077,1,0,0,8
7720,2.0,2.0,0.0,16,0.4359192307692309,1,0,0,3
7721,2.0,2.0,0.0,29,0.4358461538461539,1,0,0,9
7722,2.0,2.0,0.0,32,0.435773076923077,1,0,0,10
7723,0.0,0.0,0.0,30,0.4357000000000001,0,1,0,13
7724,2.0,2.0,0.0,15,0.4356269230769231,1,0,0,6
7725,2.0,2.0,0.0,31,0.4355538461538462,1,0,0,16
7726,2.0,2.0,0.0,28,0.4354807692307693,1,0,0,11
7727,2.0,2.0,0.0,31,0.4354076923076923,1,0,0,13
7728,0.0,0.0,0.0,24,0.4353346153846154,0,1,0,8
7729,2.0,2.0,0.0,20,0.4352615384615385,1,0,0,8
7730,0.0,0.0,0.0,41,0.4351884615384616,0,1,0,18
7731,2.0,2.0,0.0,25,0.43511538461538457,1,0,0,8
7732,2.0,2.0,0.0,20,0.4350423076923077,1,0,0,6
7733,2.0,2.0,0.0,21,0.4349692307692309,1,0,0,11
7734,2.0,2.0,0.0,21,0.4348961538461539,1,0,0,9
7735,2.0,2.0,0.0,26,0.434823076923077,1,0,0,16
7736,2.0,2.0,0.0,39,0.4347500000000001,1,0,0,16
7737,0.0,0.0,0.0,35,0.43467692307692307,0,1,0,11
7738,2.0,2.0,0.0,24,0.4346038461538462,1,0,0,12
7739,2.0,2.0,0.0,35,0.4345307692307693,1,0,0,12
7740,2.0,2.0,0.0,18,0.4344576923076924,1,0,0,5
7741,2.0,2.0,0.0,33,0.43438461538461537,1,0,0,15
7742,2.0,2.0,0.0,34,0.43431153846153847,1,0,0,12
7743,2.0,2.0,0.0,19,0.4342384615384616,1,0,0,3
7744,2.0,2.0,0.0,31,0.43416538461538456,1,0,0,13
7745,2.0,2.0,0.0,27,0.43409230769230767,1,0,0,11
7746,2.0,2.0,0.0,23,0.4340192307692309,1,0,0,6
7747,2.0,2.0,0.0,17,0.43394615384615387,1,0,0,7
7748,2.0,2.0,0.0,21,0.433873076923077,1,0,0,9
7749,2.0,2.0,0.0,41,0.4338000000000001,1,0,0,15
7750,2.0,2.0,0.0,22,0.43372692307692307,1,0,0,10
7751,2.0,2.0,0.0,42,0.43365384615384617,1,0,0,15
7752,2.0,2.0,0.0,31,0.43358076923076927,1,0,0,12
7753,2.0,2.0,0.0,17,0.43350769230769237,1,0,0,5
7754,2.0,2.0,0.0,27,0.43343461538461536,1,0,0,12
7755,2.0,2.0,0.0,19,0.43336153846153846,1,0,0,10
7756,2.0,2.0,0.0,24,0.43328846153846157,1,0,0,7
7757,2.0,2.0,0.0,31,0.43321538461538456,1,0,0,9
7758,2.0,2.0,0.0,32,0.43314230769230766,1,0,0,9
7759,2.0,2.0,0.0,23,0.4330692307692309,1,0,0,2
7760,2.0,2.0,0.0,21,0.43299615384615386,1,0,0,8
7761,2.0,2.0,0.0,23,0.43292307692307697,1,0,0,6
7762,2.0,2.0,0.0,29,0.43285000000000007,1,0,0,19
7763,2.0,2.0,0.0,28,0.43277692307692317,1,0,0,15
7764,2.0,2.0,0.0,38,0.43270384615384616,1,0,0,22
7765,2.0,2.0,0.0,34,0.43263076923076926,1,0,0,14
7766,2.0,2.0,0.0,21,0.43255769230769237,1,0,0,9
7767,2.0,2.0,0.0,22,0.43248461538461536,1,0,0,11
7768,2.0,2.0,0.0,21,0.43241153846153846,1,0,0,4
7769,2.0,2.0,0.0,18,0.43233846153846156,1,0,0,6
7770,2.0,2.0,0.0,22,0.43226538461538455,1,0,0,9
7771,2.0,2.0,0.0,17,0.43219230769230765,1,0,0,3
7772,2.0,2.0,0.0,15,0.43211923076923087,1,0,0,2
7773,2.0,2.0,0.0,40,0.43204615384615386,1,0,0,20
7774,2.0,2.0,0.0,21,0.43197307692307696,1,0,0,10
7775,2.0,2.0,0.0,36,0.43190000000000006,1,0,0,15
7776,2.0,2.0,0.0,25,0.43182692307692316,1,0,0,10
7777,2.0,2.0,0.0,23,0.43175384615384615,1,0,0,9
7778,2.0,2.0,0.0,26,0.43168076923076926,1,0,0,13
7779,2.0,2.0,0.0,32,0.43160769230769236,1,0,0,11
7780,2.0,2.0,0.0,44,0.43153461538461535,1,0,0,22
7781,2.0,2.0,0.0,21,0.43146153846153845,1,0,0,7
7782,2.0,2.0,0.0,18,0.43138846153846155,1,0,0,6
7783,2.0,2.0,0.0,30,0.43131538461538454,1,0,0,11
7784,2.0,2.0,0.0,24,0.43124230769230765,1,0,0,9
7785,2.0,2.0,0.0,22,0.43116923076923086,1,0,0,14
7786,2.0,2.0,0.0,24,0.43109615384615396,1,0,0,8
7787,2.0,2.0,0.0,34,0.43102307692307695,1,0,0,14
7788,2.0,2.0,0.0,38,0.43095000000000006,1,0,0,17
7789,2.0,2.0,0.0,22,0.43087692307692316,1,0,0,10
7790,2.0,2.0,0.0,35,0.43080384615384615,1,0,0,14
7791,2.0,2.0,0.0,20,0.43073076923076925,1,0,0,8
7792,2.0,2.0,0.0,25,0.43065769230769235,1,0,0,7
7793,2.0,2.0,0.0,19,0.43058461538461534,1,0,0,7
7794,2.0,2.0,0.0,30,0.43051153846153845,1,0,0,12
7795,0.0,0.0,0.0,18,0.43043846153846155,0,1,0,4
7796,2.0,2.0,0.0,19,0.43036538461538465,1,0,0,5
7797,2.0,2.0,0.0,21,0.43029230769230764,1,0,0,6
7798,2.0,2.0,0.0,29,0.43021923076923085,1,0,0,8
7799,2.0,2.0,0.0,19,0.43014615384615396,1,0,0,7
7800,2.0,2.0,0.0,20,0.43007307692307695,1,0,0,8
7801,2.0,2.0,0.0,27,0.43000000000000005,1,0,0,9
7802,2.0,2.0,0.0,26,0.42992692307692315,1,0,0,10
7803,2.0,2.0,0.0,38,0.42985384615384614,1,0,0,19
7804,2.0,2.0,0.0,21,0.42978076923076924,1,0,0,12
7805,2.0,2.0,0.0,31,0.42970769230769235,1,0,0,12
7806,2.0,2.0,0.0,34,0.42963461538461534,1,0,0,15
7807,2.0,2.0,0.0,20,0.42956153846153844,1,0,0,11
7808,0.0,0.0,0.0,19,0.42948846153846154,0,1,0,9
7809,2.0,2.0,0.0,41,0.42941538461538464,1,0,0,18
7810,2.0,2.0,0.0,37,0.42934230769230763,1,0,0,17
7811,2.0,2.0,0.0,26,0.42926923076923085,1,0,0,10
7812,2.0,2.0,0.0,24,0.42919615384615395,1,0,0,8
7813,2.0,2.0,0.0,18,0.42912307692307694,1,0,0,7
7814,2.0,2.0,0.0,34,0.42905000000000004,1,0,0,10
7815,2.0,2.0,0.0,34,0.42897692307692314,1,0,0,13
7816,2.0,2.0,0.0,40,0.42890384615384614,1,0,0,12
7817,2.0,2.0,0.0,20,0.42883076923076924,1,0,0,10
7818,2.0,2.0,0.0,19,0.42875769230769234,1,0,0,4
7819,2.0,2.0,0.0,60,0.42868461538461544,1,0,0,23
7820,2.0,2.0,0.0,25,0.42861153846153843,1,0,0,9
7821,2.0,2.0,0.0,31,0.42853846153846153,1,0,0,10
7822,2.0,2.0,0.0,24,0.42846538461538464,1,0,0,9
7823,0.0,0.0,0.0,44,0.42839230769230774,0,1,0,20
7824,2.0,2.0,0.0,29,0.42831923076923084,1,0,0,11
7825,2.0,2.0,0.0,20,0.42824615384615394,1,0,0,8
7826,2.0,2.0,0.0,35,0.42817307692307693,1,0,0,10
7827,2.0,2.0,0.0,28,0.42810000000000004,1,0,0,10
7828,2.0,2.0,0.0,32,0.42802692307692314,1,0,0,9
7829,2.0,2.0,0.0,15,0.42795384615384613,1,0,0,4
7830,2.0,2.0,0.0,32,0.42788076923076923,1,0,0,11
7831,2.0,2.0,0.0,26,0.42780769230769233,1,0,0,9
7832,2.0,2.0,0.0,28,0.42773461538461544,1,0,0,13
7833,2.0,2.0,0.0,19,0.4276615384615384,1,0,0,7
7834,2.0,2.0,0.0,27,0.42758846153846153,1,0,0,8
7835,2.0,2.0,0.0,24,0.42751538461538463,1,0,0,9
7836,2.0,2.0,0.0,30,0.42744230769230773,1,0,0,12
7837,2.0,2.0,0.0,23,0.42736923076923083,1,0,0,5
7838,2.0,2.0,0.0,32,0.42729615384615394,1,0,0,13
7839,2.0,2.0,0.0,22,0.4272230769230769,1,0,0,8
7840,2.0,2.0,0.0,16,0.42715000000000003,1,0,0,9
7841,2.0,2.0,0.0,21,0.42707692307692313,1,0,0,11
7842,2.0,2.0,0.0,31,0.42700384615384623,1,0,0,16
7843,2.0,2.0,0.0,22,0.4269307692307692,1,0,0,11
7844,2.0,2.0,0.0,22,0.4268576923076923,1,0,0,5
7845,2.0,2.0,0.0,20,0.42678461538461543,1,0,0,10
7846,1.0,1.0,0.0,27,0.4267115384615384,0,1,0,9
7847,2.0,2.0,0.0,27,0.4266384615384615,1,0,0,8
7848,2.0,2.0,0.0,25,0.4265653846153846,1,0,0,11
7849,2.0,2.0,0.0,27,0.4264923076923077,1,0,0,10
7850,2.0,2.0,0.0,29,0.42641923076923083,1,0,0,7
7851,2.0,2.0,0.0,22,0.42634615384615393,1,0,0,7
7852,1.0,1.0,0.0,22,0.4262730769230769,0,1,0,7
7853,2.0,2.0,0.0,23,0.4262,1,0,0,10
7854,2.0,2.0,0.0,22,0.4261269230769231,1,0,0,4
7855,2.0,2.0,0.0,36,0.4260538461538462,1,0,0,13
7856,2.0,2.0,0.0,36,0.4259807692307692,1,0,0,14
7857,2.0,2.0,0.0,22,0.4259076923076923,1,0,0,8
7858,2.0,2.0,0.0,27,0.4258346153846154,1,0,0,13
7859,2.0,2.0,0.0,41,0.4257615384615384,1,0,0,17
7860,2.0,2.0,0.0,26,0.4256884615384615,1,0,0,10
7861,2.0,2.0,0.0,25,0.4256153846153846,1,0,0,9
7862,2.0,2.0,0.0,44,0.4255423076923077,1,0,0,17
7863,2.0,2.0,0.0,33,0.4254692307692308,1,0,0,16
7864,2.0,2.0,0.0,29,0.4253961538461539,1,0,0,10
7865,2.0,2.0,0.0,22,0.425323076923077,1,0,0,4
7866,2.0,2.0,0.0,17,0.42525,1,0,0,7
7867,1.0,1.0,0.0,32,0.4251769230769231,0,1,0,15
7868,2.0,2.0,0.0,25,0.4251038461538462,1,0,0,6
7869,2.0,2.0,0.0,20,0.4250307692307692,1,0,0,6
7870,2.0,2.0,0.0,18,0.4249576923076923,1,0,0,7
7871,2.0,2.0,0.0,19,0.4248846153846154,1,0,0,8
7872,2.0,2.0,0.0,29,0.4248115384615384,1,0,0,10
7873,2.0,2.0,0.0,20,0.4247384615384615,1,0,0,5
7874,2.0,2.0,0.0,39,0.4246653846153846,1,0,0,19
7875,2.0,2.0,0.0,25,0.4245923076923077,1,0,0,15
7876,2.0,2.0,0.0,39,0.4245192307692308,1,0,0,19
7877,2.0,2.0,0.0,46,0.4244461538461539,1,0,0,20
7878,2.0,2.0,0.0,27,0.424373076923077,1,0,0,12
7879,2.0,2.0,0.0,21,0.4243,1,0,0,11
7880,2.0,2.0,0.0,37,0.4242269230769231,1,0,0,11
7881,2.0,2.0,0.0,18,0.4241538461538462,1,0,0,4
7882,2.0,2.0,0.0,27,0.4240807692307692,1,0,0,9
7883,2.0,2.0,0.0,23,0.4240076923076923,1,0,0,6
7884,0.0,0.0,0.0,33,0.4239346153846154,0,1,0,19
7885,2.0,2.0,0.0,18,0.4238615384615384,1,0,0,5
7886,2.0,2.0,0.0,20,0.4237884615384615,1,0,0,4
7887,2.0,2.0,0.0,21,0.4237153846153846,1,0,0,10
7888,2.0,2.0,0.0,42,0.4236423076923078,1,0,0,18
7889,0.0,0.0,0.0,25,0.4235692307692308,0,1,0,14
7890,2.0,2.0,0.0,24,0.4234961538461539,1,0,0,10
7891,2.0,2.0,0.0,23,0.423423076923077,1,0,0,12
7892,2.0,2.0,0.0,19,0.42335,1,0,0,4
7893,2.0,2.0,0.0,27,0.4232769230769231,1,0,0,9
7894,2.0,2.0,0.0,31,0.4232038461538462,1,0,0,17
7895,2.0,2.0,0.0,32,0.4231307692307692,1,0,0,7
7896,2.0,2.0,0.0,20,0.4230576923076923,1,0,0,10
7897,2.0,2.0,0.0,17,0.4229846153846154,1,0,0,5
7898,2.0,2.0,0.0,42,0.4229115384615385,1,0,0,13
7899,2.0,2.0,0.0,18,0.4228384615384615,1,0,0,6
7900,2.0,2.0,0.0,19,0.4227653846153846,1,0,0,6
7901,2.0,2.0,0.0,30,0.4226923076923078,1,0,0,12
7902,0.0,0.0,0.0,31,0.4226192307692308,0,1,0,14
7903,2.0,2.0,0.0,21,0.4225461538461539,1,0,0,8
7904,2.0,2.0,0.0,23,0.422473076923077,1,0,0,10
7905,2.0,2.0,0.0,22,0.4224,1,0,0,9
7906,2.0,2.0,0.0,34,0.4223269230769231,1,0,0,11
7907,2.0,2.0,0.0,24,0.4222538461538462,1,0,0,11
7908,2.0,2.0,0.0,21,0.4221807692307692,1,0,0,10
7909,2.0,2.0,0.0,40,0.4221076923076923,1,0,0,15
7910,2.0,2.0,0.0,45,0.4220346153846154,1,0,0,14
7911,2.0,2.0,0.0,26,0.4219615384615385,1,0,0,11
7912,2.0,2.0,0.0,27,0.4218884615384615,1,0,0,16
7913,2.0,2.0,0.0,40,0.4218153846153846,1,0,0,12
7914,2.0,2.0,0.0,23,0.4217423076923078,1,0,0,8
7915,2.0,2.0,0.0,28,0.4216692307692308,1,0,0,7
7916,2.0,2.0,0.0,25,0.4215961538461539,1,0,0,9
7917,2.0,2.0,0.0,22,0.421523076923077,1,0,0,12
7918,2.0,2.0,0.0,19,0.42145,1,0,0,5
7919,2.0,2.0,0.0,27,0.4213769230769231,1,0,0,13
7920,2.0,2.0,0.0,24,0.4213038461538462,1,0,0,9
7921,2.0,2.0,0.0,24,0.4212307692307693,1,0,0,10
7922,2.0,2.0,0.0,17,0.4211576923076923,1,0,0,5
7923,2.0,2.0,0.0,19,0.4210846153846154,1,0,0,9
7924,2.0,2.0,0.0,26,0.4210115384615385,1,0,0,10
7925,2.0,2.0,0.0,27,0.4209384615384615,1,0,0,9
7926,2.0,2.0,0.0,29,0.4208653846153846,1,0,0,10
7927,2.0,2.0,0.0,23,0.4207923076923078,1,0,0,9
7928,2.0,2.0,0.0,23,0.4207192307692308,1,0,0,4
7929,2.0,2.0,0.0,22,0.4206461538461539,1,0,0,5
7930,2.0,2.0,0.0,27,0.420573076923077,1,0,0,11
7931,2.0,2.0,0.0,28,0.4205,1,0,0,7
7932,2.0,2.0,0.0,31,0.4204269230769231,1,0,0,10
7933,2.0,2.0,0.0,18,0.4203538461538462,1,0,0,2
7934,2.0,2.0,0.0,26,0.4202807692307693,1,0,0,7
7935,2.0,2.0,0.0,24,0.4202076923076923,1,0,0,10
7936,2.0,2.0,0.0,26,0.4201346153846154,1,0,0,12
7937,2.0,2.0,0.0,18,0.4200615384615385,1,0,0,4
7938,2.0,2.0,0.0,22,0.4199884615384615,1,0,0,7
7939,2.0,2.0,0.0,26,0.4199153846153847,1,0,0,16
7940,2.0,2.0,0.0,22,0.4198423076923078,1,0,0,8
7941,2.0,2.0,0.0,44,0.4197692307692308,1,0,0,15
7942,2.0,2.0,0.0,24,0.4196961538461539,1,0,0,9
7943,2.0,2.0,0.0,40,0.419623076923077,1,0,0,10
7944,2.0,2.0,0.0,41,0.4195500000000001,1,0,0,18
7945,2.0,2.0,0.0,46,0.4194769230769231,1,0,0,22
7946,2.0,2.0,0.0,23,0.4194038461538462,1,0,0,8
7947,2.0,2.0,0.0,34,0.4193307692307693,1,0,0,13
7948,2.0,2.0,0.0,38,0.4192576923076923,1,0,0,16
7949,2.0,2.0,0.0,25,0.4191846153846154,1,0,0,12
7950,2.0,2.0,0.0,24,0.4191115384615385,1,0,0,10
7951,2.0,2.0,0.0,26,0.41903846153846147,1,0,0,12
7952,2.0,2.0,0.0,41,0.4189653846153847,1,0,0,12
7953,2.0,2.0,0.0,21,0.4188923076923078,1,0,0,8
7954,2.0,2.0,0.0,23,0.4188192307692308,1,0,0,14
7955,2.0,2.0,0.0,20,0.4187461538461539,1,0,0,8
7956,2.0,2.0,0.0,25,0.418673076923077,1,0,0,8
7957,2.0,2.0,0.0,30,0.4186000000000001,1,0,0,7
7958,2.0,2.0,0.0,39,0.4185269230769231,1,0,0,7
7959,0.0,0.0,0.0,19,0.4184538461538462,0,1,0,10
7960,2.0,2.0,0.0,22,0.4183807692307693,1,0,0,6
7961,2.0,2.0,0.0,18,0.41830769230769227,1,0,0,5
7962,1.0,1.0,0.0,40,0.41823461538461537,0,1,0,14
7963,2.0,2.0,0.0,23,0.4181615384615385,1,0,0,11
7964,2.0,2.0,0.0,27,0.41808846153846146,1,0,0,7
7965,2.0,2.0,0.0,19,0.4180153846153847,1,0,0,5
7966,2.0,2.0,0.0,22,0.4179423076923078,1,0,0,10
7967,2.0,2.0,0.0,18,0.4178692307692309,1,0,0,10
7968,2.0,2.0,0.0,26,0.4177961538461539,1,0,0,16
7969,2.0,2.0,0.0,37,0.417723076923077,1,0,0,17
7970,2.0,2.0,0.0,28,0.4176500000000001,1,0,0,11
7971,2.0,2.0,0.0,38,0.41757692307692307,1,0,0,12
7972,2.0,2.0,0.0,32,0.41750384615384617,1,0,0,9
7973,2.0,2.0,0.0,33,0.41743076923076927,1,0,0,11
7974,2.0,2.0,0.0,17,0.41735769230769226,1,0,0,5
7975,2.0,2.0,0.0,27,0.41728461538461536,1,0,0,7
7976,2.0,2.0,0.0,45,0.41721153846153847,1,0,0,20
7977,2.0,2.0,0.0,22,0.41713846153846157,1,0,0,8
7978,2.0,2.0,0.0,31,0.41706538461538467,1,0,0,9
7979,2.0,2.0,0.0,23,0.4169923076923078,1,0,0,13
7980,2.0,2.0,0.0,16,0.4169192307692309,1,0,0,4
7981,2.0,2.0,0.0,38,0.41684615384615387,1,0,0,13
7982,2.0,2.0,0.0,28,0.41677307692307697,1,0,0,9
7983,2.0,2.0,0.0,23,0.41670000000000007,1,0,0,10
7984,2.0,2.0,0.0,21,0.41662692307692306,1,0,0,7
7985,2.0,2.0,0.0,42,0.41655384615384616,1,0,0,21
7986,2.0,2.0,0.0,21,0.41648076923076927,1,0,0,10
7987,2.0,2.0,0.0,25,0.41640769230769226,1,0,0,11
7988,2.0,2.0,0.0,23,0.41633461538461536,1,0,0,12
7989,2.0,2.0,0.0,26,0.41626153846153846,1,0,0,10
7990,2.0,2.0,0.0,31,0.41618846153846156,1,0,0,12
7991,2.0,2.0,0.0,27,0.41611538461538466,1,0,0,12
7992,2.0,2.0,0.0,22,0.41604230769230777,1,0,0,10
7993,2.0,2.0,0.0,21,0.41596923076923087,1,0,0,9
7994,2.0,2.0,0.0,24,0.41589615384615386,1,0,0,8
7995,2.0,2.0,0.0,26,0.41582307692307696,1,0,0,9
7996,2.0,2.0,0.0,22,0.41575000000000006,1,0,0,10
7997,2.0,2.0,0.0,20,0.41567692307692305,1,0,0,6
7998,2.0,2.0,0.0,37,0.41560384615384616,1,0,0,16
7999,2.0,2.0,0.0,26,0.41553076923076926,1,0,0,7
8000,2.0,2.0,0.0,44,0.41545769230769236,1,0,0,12
8001,2.0,2.0,0.0,23,0.41538461538461535,1,0,0,7
8002,2.0,2.0,0.0,30,0.41531153846153845,1,0,0,13
8003,2.0,2.0,0.0,18,0.41523846153846156,1,0,0,10
8004,2.0,2.0,0.0,30,0.41516538461538466,1,0,0,14
8005,2.0,2.0,0.0,35,0.41509230769230776,1,0,0,15
8006,2.0,2.0,0.0,24,0.41501923076923086,1,0,0,7
8007,2.0,2.0,0.0,25,0.41494615384615385,1,0,0,13
8008,2.0,2.0,0.0,23,0.41487307692307696,1,0,0,6
8009,2.0,2.0,0.0,31,0.41480000000000006,1,0,0,14
8010,2.0,2.0,0.0,23,0.41472692307692305,1,0,0,10
8011,2.0,2.0,0.0,50,0.41465384615384615,1,0,0,22
8012,2.0,2.0,0.0,24,0.41458076923076925,1,0,0,13
8013,1.0,1.0,0.0,32,0.41450769230769235,0,1,0,12
8014,2.0,2.0,0.0,19,0.41443461538461535,1,0,0,8
8015,2.0,2.0,0.0,22,0.41436153846153845,1,0,0,6
8016,2.0,2.0,0.0,29,0.41428846153846155,1,0,0,12
8017,2.0,2.0,0.0,25,0.41421538461538465,1,0,0,9
8018,2.0,2.0,0.0,33,0.41414230769230775,1,0,0,13
8019,2.0,2.0,0.0,15,0.41406923076923086,1,0,0,3
8020,2.0,2.0,0.0,35,0.41399615384615385,1,0,0,18
8021,2.0,2.0,0.0,29,0.41392307692307695,1,0,0,8
8022,2.0,2.0,0.0,27,0.41385000000000005,1,0,0,10
8023,2.0,2.0,0.0,23,0.41377692307692315,1,0,0,11
8024,2.0,2.0,0.0,24,0.41370384615384614,1,0,0,11
8025,2.0,2.0,0.0,24,0.41363076923076925,1,0,0,6
8026,2.0,2.0,0.0,24,0.41355769230769235,1,0,0,7
8027,2.0,2.0,0.0,16,0.41348461538461534,1,0,0,3
8028,2.0,2.0,0.0,25,0.41341153846153844,1,0,0,12
8029,2.0,2.0,0.0,22,0.41333846153846154,1,0,0,10
8030,2.0,2.0,0.0,23,0.41326538461538465,1,0,0,7
8031,2.0,2.0,0.0,30,0.41319230769230775,1,0,0,17
8032,2.0,2.0,0.0,26,0.41311923076923085,1,0,0,13
8033,2.0,2.0,0.0,33,0.41304615384615384,1,0,0,11
8034,2.0,2.0,0.0,33,0.41297307692307694,1,0,0,15
8035,2.0,2.0,0.0,38,0.41290000000000004,1,0,0,10
8036,2.0,2.0,0.0,22,0.41282692307692315,1,0,0,9
8037,2.0,2.0,0.0,22,0.41275384615384614,1,0,0,7
8038,2.0,2.0,0.0,41,0.41268076923076924,1,0,0,17
8039,2.0,2.0,0.0,20,0.41260769230769234,1,0,0,4
8040,2.0,2.0,0.0,23,0.41253461538461533,1,0,0,9
8041,2.0,2.0,0.0,34,0.41246153846153844,1,0,0,13
8042,2.0,2.0,0.0,40,0.41238846153846154,1,0,0,16
8043,2.0,2.0,0.0,27,0.41231538461538464,1,0,0,8
8044,2.0,2.0,0.0,20,0.41224230769230774,1,0,0,10
8045,2.0,2.0,0.0,28,0.41216923076923084,1,0,0,12
8046,2.0,2.0,0.0,23,0.41209615384615395,1,0,0,12
8047,2.0,2.0,0.0,20,0.41202307692307694,1,0,0,8
8048,2.0,2.0,0.0,18,0.41195000000000004,1,0,0,5
8049,2.0,2.0,0.0,22,0.41187692307692314,1,0,0,10
8050,2.0,2.0,0.0,25,0.41180384615384613,1,0,0,13
8051,2.0,2.0,0.0,103,0.41173076923076923,1,0,0,41
8052,2.0,2.0,0.0,21,0.41165769230769234,1,0,0,8
8053,2.0,2.0,0.0,26,0.4115846153846153,1,0,0,8
8054,2.0,2.0,0.0,27,0.41151153846153843,1,0,0,14
8055,2.0,2.0,0.0,22,0.41143846153846153,1,0,0,8
8056,2.0,2.0,0.0,22,0.41136538461538463,1,0,0,7
8057,2.0,2.0,0.0,30,0.41129230769230773,1,0,0,11
8058,2.0,2.0,0.0,25,0.41121923076923084,1,0,0,7
8059,2.0,2.0,0.0,23,0.41114615384615394,1,0,0,8
8060,2.0,2.0,0.0,20,0.41107307692307693,1,0,0,6
8061,2.0,2.0,0.0,17,0.41100000000000003,1,0,0,7
8062,2.0,2.0,0.0,26,0.41092692307692313,1,0,0,16
8063,2.0,2.0,0.0,43,0.4108538461538461,1,0,0,19
8064,2.0,2.0,0.0,28,0.4107807692307692,1,0,0,7
8065,2.0,2.0,0.0,34,0.41070769230769233,1,0,0,18
8066,2.0,2.0,0.0,21,0.4106346153846153,1,0,0,7
8067,2.0,2.0,0.0,22,0.4105615384615384,1,0,0,4
8068,2.0,2.0,0.0,19,0.41048846153846164,1,0,0,6
8069,2.0,2.0,0.0,19,0.41041538461538474,1,0,0,4
8070,2.0,2.0,0.0,25,0.41034230769230773,1,0,0,10
8071,2.0,2.0,0.0,18,0.41026923076923083,1,0,0,6
8072,2.0,2.0,0.0,26,0.41019615384615393,1,0,0,9
8073,2.0,2.0,0.0,24,0.4101230769230769,1,0,0,11
8074,2.0,2.0,0.0,21,0.41005,1,0,0,9
8075,2.0,2.0,0.0,30,0.4099769230769231,1,0,0,16
8076,2.0,2.0,0.0,23,0.4099038461538461,1,0,0,11
8077,2.0,2.0,0.0,33,0.4098307692307692,1,0,0,9
8078,2.0,2.0,0.0,30,0.4097576923076923,1,0,0,6
8079,1.0,1.0,0.0,27,0.4096846153846154,0,1,0,10
8080,2.0,2.0,0.0,29,0.4096115384615384,1,0,0,9
8081,2.0,2.0,0.0,28,0.40953846153846163,1,0,0,16
8082,2.0,2.0,0.0,33,0.40946538461538473,1,0,0,13
8083,2.0,2.0,0.0,21,0.4093923076923077,1,0,0,12
8084,2.0,2.0,0.0,30,0.4093192307692308,1,0,0,13
8085,2.0,2.0,0.0,18,0.4092461538461539,1,0,0,7
8086,2.0,2.0,0.0,24,0.4091730769230769,1,0,0,13
8087,2.0,2.0,0.0,38,0.4091,1,0,0,16
8088,2.0,2.0,0.0,19,0.4090269230769231,1,0,0,7
8089,2.0,2.0,0.0,25,0.4089538461538461,1,0,0,14
8090,2.0,2.0,0.0,18,0.4088807692307692,1,0,0,6
8091,2.0,2.0,0.0,19,0.4088076923076923,1,0,0,7
8092,2.0,2.0,0.0,24,0.4087346153846154,1,0,0,7
8093,2.0,2.0,0.0,26,0.4086615384615384,1,0,0,12
8094,2.0,2.0,0.0,24,0.4085884615384616,1,0,0,9
8095,2.0,2.0,0.0,25,0.4085153846153847,1,0,0,11
8096,2.0,2.0,0.0,26,0.4084423076923077,1,0,0,9
8097,2.0,2.0,0.0,21,0.4083692307692308,1,0,0,6
8098,2.0,2.0,0.0,31,0.4082961538461539,1,0,0,12
8099,2.0,2.0,0.0,23,0.4082230769230769,1,0,0,7
8100,0.0,0.0,0.0,18,0.40815,0,1,0,9
8101,2.0,2.0,0.0,25,0.4080769230769231,1,0,0,15
8102,2.0,2.0,0.0,19,0.4080038461538462,1,0,0,9
8103,2.0,2.0,0.0,28,0.4079307692307692,1,0,0,11
8104,2.0,2.0,0.0,18,0.4078576923076923,1,0,0,6
8105,2.0,2.0,0.0,23,0.4077846153846154,1,0,0,11
8106,2.0,2.0,0.0,29,0.4077115384615384,1,0,0,6
8107,2.0,2.0,0.0,36,0.4076384615384616,1,0,0,14
8108,2.0,2.0,0.0,26,0.4075653846153847,1,0,0,7
8109,2.0,2.0,0.0,21,0.4074923076923077,1,0,0,6
8110,2.0,2.0,0.0,19,0.4074192307692308,1,0,0,6
8111,2.0,2.0,0.0,23,0.4073461538461539,1,0,0,9
8112,2.0,2.0,0.0,28,0.4072730769230769,1,0,0,8
8113,2.0,2.0,0.0,20,0.4072,1,0,0,7
8114,2.0,2.0,0.0,21,0.4071269230769231,1,0,0,8
8115,2.0,2.0,0.0,27,0.4070538461538462,1,0,0,9
8116,2.0,2.0,0.0,39,0.4069807692307692,1,0,0,19
8117,2.0,2.0,0.0,20,0.4069076923076923,1,0,0,6
8118,2.0,2.0,0.0,23,0.4068346153846154,1,0,0,9
8119,2.0,2.0,0.0,21,0.4067615384615384,1,0,0,8
8120,2.0,2.0,0.0,23,0.4066884615384616,1,0,0,9
8121,2.0,2.0,0.0,28,0.4066153846153847,1,0,0,13
8122,2.0,2.0,0.0,31,0.4065423076923077,1,0,0,12
8123,2.0,2.0,0.0,31,0.4064692307692308,1,0,0,10
8124,2.0,2.0,0.0,27,0.4063961538461539,1,0,0,8
8125,2.0,2.0,0.0,34,0.406323076923077,1,0,0,16
8126,2.0,2.0,0.0,19,0.40625,1,0,0,10
8127,2.0,2.0,0.0,20,0.4061769230769231,1,0,0,5
8128,2.0,2.0,0.0,24,0.4061038461538462,1,0,0,9
8129,2.0,2.0,0.0,24,0.4060307692307692,1,0,0,7
8130,2.0,2.0,0.0,25,0.4059576923076923,1,0,0,10
8131,1.0,1.0,0.0,40,0.4058846153846154,0,1,0,18
8132,2.0,2.0,0.0,23,0.4058115384615384,1,0,0,14
8133,2.0,2.0,0.0,26,0.4057384615384616,1,0,0,6
8134,2.0,2.0,0.0,26,0.4056653846153847,1,0,0,10
8135,2.0,2.0,0.0,24,0.4055923076923078,1,0,0,12
8136,2.0,2.0,0.0,35,0.4055192307692308,1,0,0,14
8137,2.0,2.0,0.0,25,0.4054461538461539,1,0,0,8
8138,2.0,2.0,0.0,23,0.405373076923077,1,0,0,6
8139,2.0,2.0,0.0,23,0.4053,1,0,0,7
8140,2.0,2.0,0.0,25,0.4052269230769231,1,0,0,11
8141,2.0,2.0,0.0,22,0.4051538461538462,1,0,0,11
8142,2.0,2.0,0.0,29,0.4050807692307692,1,0,0,9
8143,2.0,2.0,0.0,32,0.4050076923076923,1,0,0,7
8144,2.0,2.0,0.0,29,0.4049346153846154,1,0,0,11
8145,2.0,2.0,0.0,31,0.4048615384615385,1,0,0,11
8146,2.0,2.0,0.0,35,0.4047884615384616,1,0,0,14
8147,2.0,2.0,0.0,76,0.4047153846153847,1,0,0,34
8148,2.0,2.0,0.0,25,0.4046423076923078,1,0,0,11
8149,2.0,2.0,0.0,24,0.4045692307692308,1,0,0,10
8150,2.0,2.0,0.0,34,0.4044961538461539,1,0,0,10
8151,2.0,2.0,0.0,29,0.404423076923077,1,0,0,11
8152,2.0,2.0,0.0,25,0.40435,1,0,0,10
8153,2.0,2.0,0.0,29,0.4042769230769231,1,0,0,14
8154,2.0,2.0,0.0,37,0.4042038461538462,1,0,0,16
8155,2.0,2.0,0.0,18,0.4041307692307692,1,0,0,3
8156,2.0,2.0,0.0,27,0.4040576923076923,1,0,0,8
8157,2.0,2.0,0.0,25,0.4039846153846154,1,0,0,9
8158,2.0,2.0,0.0,22,0.4039115384615385,1,0,0,7
8159,2.0,2.0,0.0,31,0.4038384615384616,1,0,0,12
8160,2.0,2.0,0.0,24,0.4037653846153847,1,0,0,9
8161,2.0,2.0,0.0,28,0.4036923076923078,1,0,0,12
8162,2.0,2.0,0.0,23,0.4036192307692308,1,0,0,9
8163,2.0,2.0,0.0,24,0.4035461538461539,1,0,0,11
8164,2.0,2.0,0.0,44,0.403473076923077,1,0,0,23
8165,2.0,2.0,0.0,29,0.4034,1,0,0,8
8166,2.0,2.0,0.0,29,0.4033269230769231,1,0,0,15
8167,2.0,2.0,0.0,28,0.4032538461538462,1,0,0,10
8168,2.0,2.0,0.0,33,0.4031807692307693,1,0,0,15
8169,2.0,2.0,0.0,33,0.4031076923076923,1,0,0,9
8170,2.0,2.0,0.0,37,0.4030346153846154,1,0,0,17
8171,2.0,2.0,0.0,18,0.4029615384615385,1,0,0,7
8172,2.0,2.0,0.0,22,0.4028884615384616,1,0,0,9
8173,2.0,2.0,0.0,38,0.4028153846153847,1,0,0,13
8174,2.0,2.0,0.0,24,0.4027423076923078,1,0,0,7
8175,2.0,2.0,0.0,46,0.4026692307692308,1,0,0,19
8176,2.0,2.0,0.0,21,0.4025961538461539,1,0,0,5
8177,2.0,2.0,0.0,22,0.402523076923077,1,0,0,9
8178,2.0,2.0,0.0,23,0.40245,1,0,0,6
8179,2.0,2.0,0.0,32,0.4023769230769231,1,0,0,8
8180,2.0,2.0,0.0,25,0.4023038461538462,1,0,0,8
8181,2.0,2.0,0.0,33,0.4022307692307693,1,0,0,18
8182,2.0,2.0,0.0,57,0.40215769230769227,1,0,0,16
8183,2.0,2.0,0.0,31,0.4020846153846154,1,0,0,9
8184,2.0,2.0,0.0,35,0.4020115384615385,1,0,0,14
8185,2.0,2.0,0.0,34,0.4019384615384616,1,0,0,19
8186,2.0,2.0,0.0,43,0.4018653846153847,1,0,0,21
8187,2.0,2.0,0.0,33,0.4017923076923078,1,0,0,12
8188,2.0,2.0,0.0,24,0.4017192307692308,1,0,0,6
8189,2.0,2.0,0.0,22,0.4016461538461539,1,0,0,9
8190,2.0,2.0,0.0,29,0.401573076923077,1,0,0,11
8191,2.0,2.0,0.0,23,0.4015000000000001,1,0,0,10
8192,2.0,2.0,0.0,25,0.40142692307692307,1,0,0,11
8193,2.0,2.0,0.0,24,0.40135384615384617,1,0,0,11
8194,2.0,2.0,0.0,38,0.4012807692307693,1,0,0,19
8195,2.0,2.0,0.0,17,0.40120769230769227,1,0,0,5
8196,2.0,2.0,0.0,22,0.40113461538461537,1,0,0,9
8197,2.0,2.0,0.0,26,0.4010615384615386,1,0,0,12
8198,2.0,2.0,0.0,15,0.40098846153846157,1,0,0,3
8199,2.0,2.0,0.0,20,0.4009153846153847,1,0,0,7
8200,2.0,2.0,0.0,22,0.4008423076923078,1,0,0,9
8201,2.0,2.0,0.0,26,0.40076923076923077,1,0,0,11
8202,2.0,2.0,0.0,25,0.40069615384615387,1,0,0,9
8203,2.0,2.0,0.0,17,0.40062307692307697,1,0,0,4
8204,2.0,2.0,0.0,23,0.4005500000000001,1,0,0,6
8205,2.0,2.0,0.0,21,0.40047692307692306,1,0,0,9
8206,2.0,2.0,0.0,22,0.40040384615384617,1,0,0,11
8207,2.0,2.0,0.0,56,0.40033076923076927,1,0,0,25
8208,2.0,2.0,0.0,30,0.40025769230769226,1,0,0,10
8209,2.0,2.0,0.0,23,0.40018461538461536,1,0,0,9
8210,2.0,2.0,0.0,45,0.4001115384615386,1,0,0,18
8211,2.0,2.0,0.0,26,0.40003846153846156,1,0,0,11
8212,1.0,1.0,0.0,28,0.39996538461538467,0,1,0,11
8213,2.0,2.0,0.0,23,0.39989230769230777,1,0,0,11
8214,2.0,2.0,0.0,29,0.39981923076923087,1,0,0,10
8215,2.0,2.0,0.0,26,0.39974615384615386,1,0,0,8
8216,2.0,2.0,0.0,25,0.39967307692307696,1,0,0,12
8217,2.0,2.0,0.0,23,0.39960000000000007,1,0,0,9
8218,2.0,2.0,0.0,26,0.39952692307692306,1,0,0,8
8219,2.0,2.0,0.0,17,0.39945384615384616,1,0,0,7
8220,2.0,2.0,0.0,21,0.39938076923076926,1,0,0,10
8221,2.0,2.0,0.0,16,0.39930769230769225,1,0,0,7
8222,0.0,0.0,0.0,25,0.39923461538461535,0,1,0,8
8223,2.0,2.0,0.0,21,0.39916153846153857,1,0,0,12
8224,2.0,2.0,0.0,27,0.39908846153846156,1,0,0,9
8225,2.0,2.0,0.0,33,0.39901538461538466,1,0,0,19
8226,2.0,2.0,0.0,18,0.39894230769230776,1,0,0,10
8227,2.0,2.0,0.0,20,0.39886923076923086,1,0,0,6
8228,2.0,2.0,0.0,33,0.39879615384615386,1,0,0,17
8229,2.0,2.0,0.0,29,0.39872307692307696,1,0,0,12
8230,2.0,2.0,0.0,43,0.39865000000000006,1,0,0,18
8231,2.0,2.0,0.0,35,0.39857692307692305,1,0,0,11
8232,2.0,2.0,0.0,24,0.39850384615384615,1,0,0,9
8233,2.0,2.0,0.0,20,0.39843076923076925,1,0,0,8
8234,2.0,2.0,0.0,18,0.39835769230769225,1,0,0,7
8235,2.0,2.0,0.0,39,0.39828461538461535,1,0,0,13
8236,2.0,2.0,0.0,23,0.39821153846153856,1,0,0,7
8237,2.0,2.0,0.0,26,0.39813846153846166,1,0,0,10
8238,2.0,2.0,0.0,25,0.39806538461538465,1,0,0,7
8239,2.0,2.0,0.0,34,0.39799230769230776,1,0,0,10
8240,2.0,2.0,0.0,23,0.39791923076923086,1,0,0,10
8241,2.0,2.0,0.0,26,0.39784615384615385,1,0,0,12
8242,2.0,2.0,0.0,29,0.39777307692307695,1,0,0,8
8243,2.0,2.0,0.0,18,0.39770000000000005,1,0,0,7
8244,2.0,2.0,0.0,25,0.39762692307692304,1,0,0,15
8245,2.0,2.0,0.0,31,0.39755384615384615,1,0,0,11
8246,2.0,2.0,0.0,27,0.39748076923076925,1,0,0,13
8247,2.0,2.0,0.0,30,0.39740769230769235,1,0,0,12
8248,2.0,2.0,0.0,31,0.39733461538461534,1,0,0,15
8249,2.0,2.0,0.0,20,0.39726153846153855,1,0,0,5
8250,2.0,2.0,0.0,30,0.39718846153846166,1,0,0,12
8251,2.0,2.0,0.0,22,0.39711538461538465,1,0,0,12
8252,2.0,2.0,0.0,21,0.39704230769230775,1,0,0,8
8253,2.0,2.0,0.0,27,0.39696923076923085,1,0,0,10
8254,2.0,2.0,0.0,37,0.39689615384615384,1,0,0,15
8255,2.0,2.0,0.0,39,0.39682307692307695,1,0,0,19
8256,2.0,2.0,0.0,48,0.39675000000000005,1,0,0,23
8257,2.0,2.0,0.0,23,0.39667692307692304,1,0,0,12
8258,1.0,1.0,0.0,132,0.39660384615384614,0,1,0,48
8259,1.0,1.0,0.0,23,0.39653076923076924,0,1,0,6
8260,2.0,2.0,0.0,50,0.39645769230769234,1,0,0,21
8261,2.0,2.0,0.0,21,0.39638461538461534,1,0,0,5
8262,2.0,2.0,0.0,19,0.39631153846153855,1,0,0,7
8263,2.0,2.0,0.0,23,0.39623846153846165,1,0,0,9
8264,2.0,2.0,0.0,27,0.39616538461538464,1,0,0,12
8265,2.0,2.0,0.0,34,0.39609230769230774,1,0,0,12
8266,2.0,2.0,0.0,73,0.39601923076923085,1,0,0,31
8267,2.0,2.0,0.0,30,0.39594615384615384,1,0,0,14
8268,2.0,2.0,0.0,33,0.39587307692307694,1,0,0,9
8269,2.0,2.0,0.0,25,0.39580000000000004,1,0,0,14
8270,2.0,2.0,0.0,19,0.39572692307692314,1,0,0,6
8271,2.0,2.0,0.0,22,0.39565384615384613,1,0,0,10
8272,2.0,2.0,0.0,29,0.39558076923076924,1,0,0,8
8273,2.0,2.0,0.0,22,0.39550769230769234,1,0,0,7
8274,2.0,2.0,0.0,30,0.39543461538461533,1,0,0,13
8275,2.0,2.0,0.0,36,0.39536153846153854,1,0,0,13
8276,2.0,2.0,0.0,32,0.39528846153846164,1,0,0,10
8277,2.0,2.0,0.0,22,0.39521538461538464,1,0,0,7
8278,0.0,0.0,0.0,72,0.39514230769230774,0,1,0,23
8279,2.0,2.0,0.0,26,0.39506923076923084,1,0,0,8
8280,2.0,2.0,0.0,19,0.39499615384615383,1,0,0,7
8281,2.0,2.0,0.0,34,0.39492307692307693,1,0,0,9
8282,2.0,2.0,0.0,29,0.39485000000000003,1,0,0,12
8283,2.0,2.0,0.0,19,0.39477692307692314,1,0,0,7
8284,2.0,2.0,0.0,22,0.3947038461538461,1,0,0,6
8285,2.0,2.0,0.0,30,0.39463076923076923,1,0,0,11
8286,2.0,2.0,0.0,27,0.39455769230769233,1,0,0,12
8287,2.0,2.0,0.0,26,0.3944846153846153,1,0,0,10
8288,2.0,2.0,0.0,34,0.39441153846153854,1,0,0,10
8289,2.0,2.0,0.0,16,0.39433846153846164,1,0,0,5
8290,2.0,2.0,0.0,43,0.39426538461538463,1,0,0,20
8291,2.0,2.0,0.0,32,0.39419230769230773,1,0,0,9
8292,2.0,2.0,0.0,38,0.39411923076923083,1,0,0,14
8293,2.0,2.0,0.0,19,0.39404615384615393,1,0,0,9
8294,2.0,2.0,0.0,47,0.3939730769230769,1,0,0,18
8295,2.0,2.0,0.0,32,0.39390000000000003,1,0,0,14
8296,2.0,2.0,0.0,26,0.39382692307692313,1,0,0,14
8297,2.0,2.0,0.0,33,0.3937538461538461,1,0,0,19
8298,2.0,2.0,0.0,15,0.3936807692307692,1,0,0,2
8299,2.0,2.0,0.0,23,0.3936076923076923,1,0,0,8
8300,2.0,2.0,0.0,16,0.3935346153846153,1,0,0,6
8301,2.0,2.0,0.0,35,0.39346153846153853,1,0,0,15
8302,2.0,2.0,0.0,31,0.39338846153846163,1,0,0,17
8303,2.0,2.0,0.0,30,0.3933153846153846,1,0,0,11
8304,2.0,2.0,0.0,32,0.3932423076923077,1,0,0,13
8305,2.0,2.0,0.0,24,0.3931692307692308,1,0,0,10
8306,2.0,2.0,0.0,22,0.39309615384615393,1,0,0,10
8307,2.0,2.0,0.0,39,0.3930230769230769,1,0,0,22
8308,2.0,2.0,0.0,25,0.39295,1,0,0,11
8309,2.0,2.0,0.0,21,0.3928769230769231,1,0,0,12
8310,0.0,0.0,0.0,21,0.3928038461538461,0,1,0,9
8311,2.0,2.0,0.0,30,0.3927307692307692,1,0,0,6
8312,2.0,2.0,0.0,19,0.3926576923076923,1,0,0,7
8313,2.0,2.0,0.0,23,0.3925846153846153,1,0,0,12
8314,0.0,0.0,0.0,19,0.3925115384615385,0,1,0,5
8315,2.0,2.0,0.0,21,0.3924384615384616,1,0,0,5
8316,2.0,2.0,0.0,18,0.3923653846153847,1,0,0,4
8317,2.0,2.0,0.0,22,0.3922923076923077,1,0,0,9
8318,2.0,2.0,0.0,22,0.3922192307692308,1,0,0,9
8319,2.0,2.0,0.0,17,0.3921461538461539,1,0,0,3
8320,2.0,2.0,0.0,32,0.3920730769230769,1,0,0,12
8321,2.0,2.0,0.0,21,0.392,1,0,0,10
8322,2.0,2.0,0.0,40,0.3919269230769231,1,0,0,16
8323,2.0,2.0,0.0,26,0.3918538461538461,1,0,0,9
8324,2.0,2.0,0.0,49,0.3917807692307692,1,0,0,25
8325,2.0,2.0,0.0,27,0.3917076923076923,1,0,0,10
8326,2.0,2.0,0.0,38,0.3916346153846154,1,0,0,17
8327,2.0,2.0,0.0,28,0.3915615384615385,1,0,0,12
8328,2.0,2.0,0.0,27,0.3914884615384616,1,0,0,11
8329,2.0,2.0,0.0,25,0.3914153846153847,1,0,0,14
8330,2.0,2.0,0.0,27,0.3913423076923077,1,0,0,9
8331,2.0,2.0,0.0,21,0.3912692307692308,1,0,0,11
8332,2.0,2.0,0.0,18,0.3911961538461539,1,0,0,7
8333,2.0,2.0,0.0,38,0.3911230769230769,1,0,0,13
8334,2.0,2.0,0.0,28,0.39105,1,0,0,9
8335,2.0,2.0,0.0,30,0.3909769230769231,1,0,0,14
8336,2.0,2.0,0.0,25,0.3909038461538461,1,0,0,11
8337,2.0,2.0,0.0,20,0.3908307692307692,1,0,0,8
8338,2.0,2.0,0.0,18,0.3907576923076923,1,0,0,7
8339,2.0,2.0,0.0,27,0.3906846153846155,1,0,0,12
8340,2.0,2.0,0.0,19,0.3906115384615385,1,0,0,7
8341,2.0,2.0,0.0,19,0.3905384615384616,1,0,0,3
8342,2.0,2.0,0.0,30,0.3904653846153847,1,0,0,14
8343,2.0,2.0,0.0,24,0.3903923076923077,1,0,0,6
8344,2.0,2.0,0.0,21,0.3903192307692308,1,0,0,9
8345,2.0,2.0,0.0,21,0.3902461538461539,1,0,0,3
8346,2.0,2.0,0.0,22,0.3901730769230769,1,0,0,10
8347,2.0,2.0,0.0,33,0.3901,1,0,0,10
8348,2.0,2.0,0.0,19,0.3900269230769231,1,0,0,10
8349,2.0,2.0,0.0,22,0.3899538461538462,1,0,0,5
8350,2.0,2.0,0.0,25,0.3898807692307692,1,0,0,9
8351,2.0,2.0,0.0,36,0.3898076923076923,1,0,0,9
8352,2.0,2.0,0.0,27,0.3897346153846155,1,0,0,9
8353,2.0,2.0,0.0,23,0.3896615384615385,1,0,0,10
8354,2.0,2.0,0.0,18,0.3895884615384616,1,0,0,7
8355,2.0,2.0,0.0,25,0.3895153846153847,1,0,0,10
8356,2.0,2.0,0.0,18,0.3894423076923077,1,0,0,7
8357,2.0,2.0,0.0,23,0.3893692307692308,1,0,0,9
8358,2.0,2.0,0.0,31,0.3892961538461539,1,0,0,12
8359,2.0,2.0,0.0,23,0.3892230769230769,1,0,0,10
8360,2.0,2.0,0.0,20,0.38915,1,0,0,6
8361,2.0,2.0,0.0,27,0.3890769230769231,1,0,0,11
8362,2.0,2.0,0.0,38,0.3890038461538462,1,0,0,10
8363,2.0,2.0,0.0,42,0.3889307692307692,1,0,0,16
8364,2.0,2.0,0.0,23,0.3888576923076923,1,0,0,7
8365,2.0,2.0,0.0,26,0.3887846153846155,1,0,0,9
8366,2.0,2.0,0.0,22,0.3887115384615385,1,0,0,9
8367,2.0,2.0,0.0,22,0.3886384615384616,1,0,0,14
8368,2.0,2.0,0.0,53,0.3885653846153847,1,0,0,20
8369,2.0,2.0,0.0,29,0.3884923076923077,1,0,0,7
8370,2.0,2.0,0.0,21,0.3884192307692308,1,0,0,4
8371,2.0,2.0,0.0,35,0.3883461538461539,1,0,0,18
8372,2.0,2.0,0.0,39,0.388273076923077,1,0,0,17
8373,2.0,2.0,0.0,31,0.3882,1,0,0,14
8374,2.0,2.0,0.0,18,0.3881269230769231,1,0,0,8
8375,2.0,2.0,0.0,21,0.3880538461538462,1,0,0,7
8376,2.0,2.0,0.0,22,0.3879807692307692,1,0,0,11
8377,2.0,2.0,0.0,31,0.3879076923076923,1,0,0,7
8378,0.0,0.0,0.0,22,0.3878346153846155,0,1,0,13
8379,2.0,2.0,0.0,24,0.3877615384615385,1,0,0,7
8380,2.0,2.0,0.0,23,0.3876884615384616,1,0,0,8
8381,2.0,2.0,0.0,20,0.3876153846153847,1,0,0,3
8382,2.0,2.0,0.0,21,0.3875423076923077,1,0,0,7
8383,2.0,2.0,0.0,24,0.3874692307692308,1,0,0,7
8384,2.0,2.0,0.0,28,0.3873961538461539,1,0,0,13
8385,2.0,2.0,0.0,28,0.387323076923077,1,0,0,11
8386,2.0,2.0,0.0,33,0.38725,1,0,0,11
8387,2.0,2.0,0.0,26,0.3871769230769231,1,0,0,7
8388,2.0,2.0,0.0,30,0.3871038461538462,1,0,0,12
8389,2.0,2.0,0.0,27,0.3870307692307692,1,0,0,7
8390,2.0,2.0,0.0,31,0.3869576923076923,1,0,0,11
8391,2.0,2.0,0.0,19,0.3868846153846155,1,0,0,8
8392,2.0,2.0,0.0,38,0.3868115384615385,1,0,0,21
8393,2.0,2.0,0.0,18,0.3867384615384616,1,0,0,7
8394,2.0,2.0,0.0,31,0.3866653846153847,1,0,0,9
8395,2.0,2.0,0.0,24,0.3865923076923078,1,0,0,12
8396,2.0,2.0,0.0,24,0.3865192307692308,1,0,0,8
8397,2.0,2.0,0.0,29,0.3864461538461539,1,0,0,11
8398,2.0,2.0,0.0,20,0.386373076923077,1,0,0,9
8399,2.0,2.0,0.0,17,0.3863,1,0,0,8
8400,2.0,2.0,0.0,15,0.3862269230769231,1,0,0,6
8401,2.0,2.0,0.0,19,0.3861538461538462,1,0,0,8
8402,2.0,2.0,0.0,24,0.38608076923076917,1,0,0,8
8403,2.0,2.0,0.0,21,0.3860076923076923,1,0,0,11
8404,2.0,2.0,0.0,17,0.3859346153846155,1,0,0,8
8405,2.0,2.0,0.0,28,0.3858615384615385,1,0,0,9
8406,2.0,2.0,0.0,19,0.3857884615384616,1,0,0,9
8407,2.0,2.0,0.0,30,0.3857153846153847,1,0,0,9
8408,2.0,2.0,0.0,23,0.3856423076923078,1,0,0,8
8409,2.0,2.0,0.0,37,0.3855692307692308,1,0,0,19
8410,2.0,2.0,0.0,21,0.3854961538461539,1,0,0,6
8411,2.0,2.0,0.0,31,0.385423076923077,1,0,0,15
8412,2.0,2.0,0.0,24,0.38534999999999997,1,0,0,13
8413,2.0,2.0,0.0,17,0.3852769230769231,1,0,0,6
8414,2.0,2.0,0.0,37,0.3852038461538462,1,0,0,10
8415,2.0,2.0,0.0,34,0.38513076923076917,1,0,0,18
8416,2.0,2.0,0.0,36,0.38505769230769227,1,0,0,15
8417,2.0,2.0,0.0,33,0.3849846153846155,1,0,0,17
8418,2.0,2.0,0.0,23,0.3849115384615386,1,0,0,10
8419,2.0,2.0,0.0,27,0.3848384615384616,1,0,0,11
8420,2.0,2.0,0.0,21,0.3847653846153847,1,0,0,6
8421,2.0,2.0,0.0,20,0.3846923076923078,1,0,0,11
8422,2.0,2.0,0.0,25,0.38461923076923077,1,0,0,7
8423,2.0,2.0,0.0,28,0.38454615384615387,1,0,0,6
8424,2.0,2.0,0.0,17,0.384473076923077,1,0,0,3
8425,2.0,2.0,0.0,19,0.38439999999999996,1,0,0,6
8426,2.0,2.0,0.0,22,0.38432692307692307,1,0,0,9
8427,2.0,2.0,0.0,22,0.38425384615384617,1,0,0,10
8428,2.0,2.0,0.0,36,0.38418076923076927,1,0,0,16
8429,2.0,2.0,0.0,30,0.38410769230769226,1,0,0,10
8430,2.0,2.0,0.0,33,0.3840346153846155,1,0,0,9
8431,2.0,2.0,0.0,38,0.3839615384615386,1,0,0,15
8432,2.0,2.0,0.0,46,0.38388846153846157,1,0,0,20
8433,2.0,2.0,0.0,34,0.38381538461538467,1,0,0,6
8434,2.0,2.0,0.0,23,0.38374230769230777,1,0,0,5
8435,2.0,2.0,0.0,24,0.38366923076923076,1,0,0,10
8436,2.0,2.0,0.0,36,0.38359615384615386,1,0,0,14
8437,0.0,0.0,0.0,45,0.38352307692307697,0,1,0,13
8438,2.0,2.0,0.0,30,0.38344999999999996,1,0,0,11
8439,2.0,2.0,0.0,21,0.38337692307692306,1,0,0,9
8440,2.0,2.0,0.0,22,0.38330384615384616,1,0,0,5
8441,2.0,2.0,0.0,20,0.38323076923076926,1,0,0,6
8442,2.0,2.0,0.0,21,0.38315769230769237,1,0,0,9
8443,2.0,2.0,0.0,22,0.38308461538461547,1,0,0,11
8444,2.0,2.0,0.0,31,0.38301153846153857,1,0,0,13
8445,2.0,2.0,0.0,27,0.38293846153846156,1,0,0,13
8446,2.0,2.0,0.0,17,0.38286538461538466,1,0,0,6
8447,2.0,2.0,0.0,29,0.38279230769230776,1,0,0,8
8448,2.0,2.0,0.0,32,0.38271923076923076,1,0,0,15
8449,2.0,2.0,0.0,27,0.38264615384615386,1,0,0,13
8450,2.0,2.0,0.0,20,0.38257307692307696,1,0,0,2
8451,2.0,2.0,0.0,31,0.38250000000000006,1,0,0,13
8452,2.0,2.0,0.0,29,0.38242692307692305,1,0,0,10
8453,2.0,2.0,0.0,34,0.38235384615384616,1,0,0,10
8454,2.0,2.0,0.0,27,0.38228076923076926,1,0,0,16
8455,2.0,2.0,0.0,17,0.38220769230769236,1,0,0,6
8456,2.0,2.0,0.0,23,0.38213461538461546,1,0,0,8
8457,2.0,2.0,0.0,183,0.38206153846153856,1,0,0,74
8458,2.0,2.0,0.0,22,0.38198846153846155,1,0,0,3
8459,2.0,2.0,0.0,19,0.38191538461538466,1,0,0,6
8460,2.0,2.0,0.0,19,0.38184230769230776,1,0,0,10
8461,2.0,2.0,0.0,18,0.38176923076923075,1,0,0,7
8462,2.0,2.0,0.0,26,0.38169615384615385,1,0,0,7
8463,2.0,2.0,0.0,19,0.38162307692307695,1,0,0,9
8464,2.0,2.0,0.0,29,0.38155000000000006,1,0,0,15
8465,2.0,2.0,0.0,33,0.38147692307692305,1,0,0,15
8466,2.0,2.0,0.0,27,0.38140384615384615,1,0,0,6
8467,2.0,2.0,0.0,21,0.38133076923076925,1,0,0,6
8468,2.0,2.0,0.0,42,0.38125769230769235,1,0,0,17
8469,2.0,2.0,0.0,20,0.38118461538461546,1,0,0,7
8470,1.0,1.0,0.0,20,0.38111153846153856,0,1,0,10
8471,2.0,2.0,0.0,34,0.38103846153846155,1,0,0,11
8472,2.0,2.0,0.0,20,0.38096538461538465,1,0,0,5
8473,2.0,2.0,0.0,17,0.38089230769230775,1,0,0,4
8474,2.0,2.0,0.0,17,0.38081923076923085,1,0,0,8
8475,2.0,2.0,0.0,22,0.38074615384615385,1,0,0,12
8476,2.0,2.0,0.0,28,0.38067307692307695,1,0,0,15
8477,2.0,2.0,0.0,23,0.38060000000000005,1,0,0,8
8478,2.0,2.0,0.0,30,0.38052692307692304,1,0,0,11
8479,1.0,1.0,0.0,20,0.38045384615384614,0,1,0,9
8480,2.0,2.0,0.0,26,0.38038076923076924,1,0,0,11
8481,2.0,2.0,0.0,30,0.38030769230769235,1,0,0,11
8482,2.0,2.0,0.0,25,0.38023461538461545,1,0,0,10
8483,2.0,2.0,0.0,33,0.38016153846153855,1,0,0,9
8484,2.0,2.0,0.0,23,0.38008846153846154,1,0,0,8
8485,2.0,2.0,0.0,19,0.38001538461538464,1,0,0,2
8486,2.0,2.0,0.0,25,0.37994230769230775,1,0,0,11
8487,2.0,2.0,0.0,19,0.37986923076923085,1,0,0,5
8488,2.0,2.0,0.0,17,0.37979615384615384,1,0,0,7
8489,2.0,2.0,0.0,15,0.37972307692307694,1,0,0,2
8490,2.0,2.0,0.0,33,0.37965000000000004,1,0,0,14
8491,2.0,2.0,0.0,22,0.37957692307692303,1,0,0,7
8492,2.0,2.0,0.0,21,0.37950384615384614,1,0,0,4
8493,2.0,2.0,0.0,15,0.37943076923076924,1,0,0,6
8494,2.0,2.0,0.0,17,0.37935769230769234,1,0,0,5
8495,2.0,2.0,0.0,28,0.37928461538461544,1,0,0,13
8496,2.0,2.0,0.0,21,0.37921153846153854,1,0,0,9
8497,2.0,2.0,0.0,20,0.37913846153846165,1,0,0,7
8498,2.0,2.0,0.0,18,0.37906538461538464,1,0,0,8
8499,2.0,2.0,0.0,19,0.37899230769230774,1,0,0,9
8500,2.0,2.0,0.0,18,0.37891923076923084,1,0,0,6
8501,2.0,2.0,0.0,23,0.37884615384615383,1,0,0,14
8502,2.0,2.0,0.0,17,0.37877307692307693,1,0,0,8
8503,2.0,2.0,0.0,26,0.37870000000000004,1,0,0,13
8504,2.0,2.0,0.0,29,0.378626923076923,1,0,0,16
8505,2.0,2.0,0.0,23,0.37855384615384613,1,0,0,8
8506,2.0,2.0,0.0,27,0.37848076923076923,1,0,0,13
8507,2.0,2.0,0.0,19,0.37840769230769233,1,0,0,8
8508,2.0,2.0,0.0,30,0.37833461538461544,1,0,0,11
8509,2.0,2.0,0.0,27,0.37826153846153854,1,0,0,9
8510,2.0,2.0,0.0,20,0.37818846153846164,1,0,0,9
8511,2.0,2.0,0.0,20,0.37811538461538463,1,0,0,6
8512,2.0,2.0,0.0,16,0.37804230769230773,1,0,0,5
8513,2.0,2.0,0.0,18,0.37796923076923084,1,0,0,4
8514,2.0,2.0,0.0,37,0.3778961538461538,1,0,0,16
8515,2.0,2.0,0.0,18,0.37782307692307693,1,0,0,13
8516,2.0,2.0,0.0,28,0.37775000000000003,1,0,0,8
8517,2.0,2.0,0.0,18,0.377676923076923,1,0,0,7
8518,2.0,2.0,0.0,27,0.3776038461538461,1,0,0,6
8519,2.0,2.0,0.0,21,0.3775307692307692,1,0,0,9
8520,2.0,2.0,0.0,30,0.37745769230769244,1,0,0,12
8521,2.0,2.0,0.0,30,0.37738461538461543,1,0,0,14
8522,2.0,2.0,0.0,29,0.37731153846153853,1,0,0,13
8523,2.0,2.0,0.0,35,0.37723846153846163,1,0,0,15
8524,2.0,2.0,0.0,26,0.3771653846153846,1,0,0,12
8525,2.0,2.0,0.0,23,0.3770923076923077,1,0,0,14
8526,2.0,2.0,0.0,20,0.37701923076923083,1,0,0,10
8527,2.0,2.0,0.0,20,0.3769461538461538,1,0,0,6
8528,2.0,2.0,0.0,25,0.3768730769230769,1,0,0,12
8529,2.0,2.0,0.0,31,0.3768,1,0,0,6
8530,2.0,2.0,0.0,22,0.3767269230769231,1,0,0,11
8531,2.0,2.0,0.0,16,0.3766538461538461,1,0,0,7
8532,2.0,2.0,0.0,42,0.3765807692307692,1,0,0,17
8533,2.0,2.0,0.0,28,0.37650769230769243,1,0,0,10
8534,2.0,2.0,0.0,24,0.3764346153846154,1,0,0,5
8535,2.0,2.0,0.0,24,0.3763615384615385,1,0,0,8
8536,2.0,2.0,0.0,19,0.3762884615384616,1,0,0,5
8537,2.0,2.0,0.0,17,0.3762153846153846,1,0,0,7
8538,2.0,2.0,0.0,19,0.3761423076923077,1,0,0,11
8539,2.0,2.0,0.0,21,0.3760692307692308,1,0,0,4
8540,2.0,2.0,0.0,21,0.3759961538461538,1,0,0,7
8541,2.0,2.0,0.0,28,0.3759230769230769,1,0,0,8
8542,2.0,2.0,0.0,24,0.37585,1,0,0,10
8543,0.0,0.0,0.0,15,0.3757769230769231,0,1,0,6
8544,2.0,2.0,0.0,37,0.3757038461538461,1,0,0,14
8545,2.0,2.0,0.0,27,0.3756307692307692,1,0,0,9
8546,2.0,2.0,0.0,30,0.3755576923076924,1,0,0,14
8547,2.0,2.0,0.0,37,0.3754846153846154,1,0,0,17
8548,2.0,2.0,0.0,28,0.3754115384615385,1,0,0,11
8549,2.0,2.0,0.0,20,0.3753384615384616,1,0,0,9
8550,2.0,2.0,0.0,20,0.3752653846153846,1,0,0,9
8551,2.0,2.0,0.0,19,0.3751923076923077,1,0,0,5
8552,2.0,2.0,0.0,27,0.3751192307692308,1,0,0,12
8553,2.0,2.0,0.0,16,0.3750461538461539,1,0,0,7
8554,2.0,2.0,0.0,22,0.3749730769230769,1,0,0,5
8555,2.0,2.0,0.0,17,0.3749,1,0,0,6
8556,2.0,2.0,0.0,17,0.3748269230769231,1,0,0,6
8557,2.0,2.0,0.0,25,0.3747538461538461,1,0,0,9
8558,2.0,2.0,0.0,28,0.3746807692307692,1,0,0,8
8559,2.0,2.0,0.0,19,0.3746076923076924,1,0,0,8
8560,2.0,2.0,0.0,18,0.3745346153846154,1,0,0,6
8561,2.0,2.0,0.0,20,0.3744615384615385,1,0,0,9
8562,2.0,2.0,0.0,17,0.3743884615384616,1,0,0,3
8563,2.0,2.0,0.0,23,0.3743153846153846,1,0,0,9
8564,2.0,2.0,0.0,33,0.3742423076923077,1,0,0,11
8565,2.0,2.0,0.0,22,0.3741692307692308,1,0,0,11
8566,2.0,2.0,0.0,32,0.3740961538461539,1,0,0,11
8567,2.0,2.0,0.0,19,0.3740230769230769,1,0,0,8
8568,2.0,2.0,0.0,23,0.37395,1,0,0,9
8569,2.0,2.0,0.0,15,0.3738769230769231,1,0,0,5
8570,2.0,2.0,0.0,22,0.3738038461538461,1,0,0,7
8571,2.0,2.0,0.0,25,0.3737307692307693,1,0,0,7
8572,2.0,2.0,0.0,15,0.3736576923076924,1,0,0,7
8573,2.0,2.0,0.0,35,0.3735846153846154,1,0,0,15
8574,2.0,2.0,0.0,22,0.3735115384615385,1,0,0,8
8575,2.0,2.0,0.0,27,0.3734384615384616,1,0,0,11
8576,2.0,2.0,0.0,44,0.3733653846153847,1,0,0,16
8577,2.0,2.0,0.0,32,0.3732923076923077,1,0,0,14
8578,2.0,2.0,0.0,27,0.3732192307692308,1,0,0,17
8579,2.0,2.0,0.0,17,0.3731461538461539,1,0,0,9
8580,1.0,1.0,0.0,42,0.3730730769230769,0,1,0,10
8581,2.0,2.0,0.0,24,0.373,1,0,0,4
8582,2.0,2.0,0.0,26,0.3729269230769231,1,0,0,11
8583,2.0,2.0,0.0,22,0.3728538461538461,1,0,0,4
8584,2.0,2.0,0.0,30,0.3727807692307693,1,0,0,11
8585,2.0,2.0,0.0,16,0.3727076923076924,1,0,0,5
8586,2.0,2.0,0.0,23,0.3726346153846154,1,0,0,13
8587,2.0,2.0,0.0,129,0.3725615384615385,1,0,0,58
8588,2.0,2.0,0.0,17,0.3724884615384616,1,0,0,6
8589,2.0,2.0,0.0,30,0.3724153846153847,1,0,0,12
8590,2.0,2.0,0.0,17,0.3723423076923077,1,0,0,10
8591,2.0,2.0,0.0,20,0.3722692307692308,1,0,0,6
8592,2.0,2.0,0.0,17,0.3721961538461539,1,0,0,6
8593,2.0,2.0,0.0,22,0.3721230769230769,1,0,0,6
8594,2.0,2.0,0.0,21,0.37205,1,0,0,8
8595,2.0,2.0,0.0,24,0.3719769230769231,1,0,0,14
8596,2.0,2.0,0.0,22,0.3719038461538461,1,0,0,10
8597,2.0,2.0,0.0,17,0.3718307692307693,1,0,0,7
8598,2.0,2.0,0.0,21,0.3717576923076924,1,0,0,12
8599,2.0,2.0,0.0,25,0.3716846153846155,1,0,0,9
8600,2.0,2.0,0.0,17,0.3716115384615385,1,0,0,9
8601,2.0,2.0,0.0,27,0.3715384615384616,1,0,0,12
8602,2.0,2.0,0.0,36,0.3714653846153847,1,0,0,14
8603,2.0,2.0,0.0,28,0.3713923076923077,1,0,0,12
8604,2.0,2.0,0.0,25,0.3713192307692308,1,0,0,10
8605,2.0,2.0,0.0,43,0.3712461538461539,1,0,0,20
8606,2.0,2.0,0.0,33,0.3711730769230769,1,0,0,11
8607,2.0,2.0,0.0,21,0.3711,1,0,0,4
8608,2.0,2.0,0.0,21,0.3710269230769231,1,0,0,8
8609,2.0,2.0,0.0,21,0.3709538461538462,1,0,0,9
8610,2.0,2.0,0.0,25,0.3708807692307693,1,0,0,13
8611,2.0,2.0,0.0,22,0.3708076923076924,1,0,0,11
8612,2.0,2.0,0.0,37,0.3707346153846155,1,0,0,18
8613,2.0,2.0,0.0,22,0.3706615384615385,1,0,0,8
8614,2.0,2.0,0.0,18,0.3705884615384616,1,0,0,5
8615,2.0,2.0,0.0,25,0.3705153846153847,1,0,0,9
8616,2.0,2.0,0.0,22,0.3704423076923077,1,0,0,10
8617,2.0,2.0,0.0,23,0.3703692307692308,1,0,0,6
8618,2.0,2.0,0.0,24,0.3702961538461539,1,0,0,9
8619,2.0,2.0,0.0,18,0.3702230769230769,1,0,0,4
8620,2.0,2.0,0.0,33,0.37015,1,0,0,17
8621,2.0,2.0,0.0,20,0.3700769230769231,1,0,0,8
8622,2.0,2.0,0.0,23,0.3700038461538462,1,0,0,6
8623,2.0,2.0,0.0,30,0.3699307692307693,1,0,0,15
8624,2.0,2.0,0.0,22,0.3698576923076924,1,0,0,4
8625,2.0,2.0,0.0,19,0.3697846153846155,1,0,0,9
8626,2.0,2.0,0.0,36,0.3697115384615385,1,0,0,16
8627,2.0,2.0,0.0,17,0.3696384615384616,1,0,0,8
8628,2.0,2.0,0.0,25,0.3695653846153847,1,0,0,11
8629,2.0,2.0,0.0,17,0.3694923076923077,1,0,0,7
8630,2.0,2.0,0.0,18,0.3694192307692308,1,0,0,7
8631,2.0,2.0,0.0,15,0.3693461538461539,1,0,0,6
8632,2.0,2.0,0.0,19,0.369273076923077,1,0,0,10
8633,2.0,2.0,0.0,21,0.3692,1,0,0,7
8634,2.0,2.0,0.0,24,0.3691269230769231,1,0,0,6
8635,2.0,2.0,0.0,23,0.3690538461538462,1,0,0,9
8636,2.0,2.0,0.0,31,0.3689807692307693,1,0,0,18
8637,2.0,2.0,0.0,23,0.3689076923076924,1,0,0,9
8638,2.0,2.0,0.0,28,0.3688346153846155,1,0,0,9
8639,2.0,2.0,0.0,23,0.3687615384615385,1,0,0,6
8640,2.0,2.0,0.0,25,0.3686884615384616,1,0,0,7
8641,2.0,2.0,0.0,23,0.3686153846153847,1,0,0,8
8642,2.0,2.0,0.0,17,0.36854230769230767,1,0,0,4
8643,2.0,2.0,0.0,30,0.36846923076923077,1,0,0,10
8644,2.0,2.0,0.0,22,0.3683961538461539,1,0,0,10
8645,2.0,2.0,0.0,16,0.368323076923077,1,0,0,4
8646,2.0,2.0,0.0,17,0.36824999999999997,1,0,0,8
8647,2.0,2.0,0.0,20,0.36817692307692307,1,0,0,7
8648,2.0,2.0,0.0,24,0.36810384615384617,1,0,0,12
8649,2.0,2.0,0.0,15,0.3680307692307693,1,0,0,7
8650,2.0,2.0,0.0,33,0.3679576923076924,1,0,0,13
8651,2.0,2.0,0.0,23,0.3678846153846155,1,0,0,6
8652,2.0,2.0,0.0,15,0.36781153846153847,1,0,0,7
8653,2.0,2.0,0.0,15,0.36773846153846157,1,0,0,4
8654,2.0,2.0,0.0,20,0.36766538461538467,1,0,0,9
8655,2.0,2.0,0.0,41,0.3675923076923078,1,0,0,18
8656,2.0,2.0,0.0,27,0.36751923076923076,1,0,0,10
8657,2.0,2.0,0.0,21,0.36744615384615387,1,0,0,8
8658,2.0,2.0,0.0,29,0.36737307692307697,1,0,0,9
8659,2.0,2.0,0.0,19,0.36729999999999996,1,0,0,7
8660,2.0,2.0,0.0,43,0.36722692307692306,1,0,0,17
8661,2.0,2.0,0.0,20,0.36715384615384616,1,0,0,5
8662,2.0,2.0,0.0,19,0.36708076923076927,1,0,0,6
8663,1.0,1.0,0.0,25,0.36700769230769237,0,1,0,15
8664,2.0,2.0,0.0,21,0.36693461538461547,1,0,0,10
8665,2.0,2.0,0.0,38,0.36686153846153846,1,0,0,16
8666,2.0,2.0,0.0,15,0.36678846153846156,1,0,0,3
8667,2.0,2.0,0.0,21,0.36671538461538467,1,0,0,11
8668,1.0,1.0,0.0,16,0.36664230769230777,0,1,0,11
8669,2.0,2.0,0.0,22,0.36656923076923076,1,0,0,6
8670,2.0,2.0,0.0,48,0.36649615384615386,1,0,0,23
8671,2.0,2.0,0.0,15,0.36642307692307696,1,0,0,4
8672,2.0,2.0,0.0,21,0.36634999999999995,1,0,0,10
8673,2.0,2.0,0.0,21,0.36627692307692306,1,0,0,3
8674,2.0,2.0,0.0,35,0.36620384615384616,1,0,0,14
8675,2.0,2.0,0.0,18,0.36613076923076926,1,0,0,4
8676,2.0,2.0,0.0,20,0.36605769230769236,1,0,0,9
8677,2.0,2.0,0.0,23,0.36598461538461546,1,0,0,8
8678,2.0,2.0,0.0,22,0.36591153846153857,1,0,0,9
8679,2.0,2.0,0.0,30,0.36583846153846156,1,0,0,13
8680,2.0,2.0,0.0,25,0.36576538461538466,1,0,0,7
8681,2.0,2.0,0.0,25,0.36569230769230776,1,0,0,8
8682,2.0,2.0,0.0,22,0.36561923076923075,1,0,0,11
8683,2.0,2.0,0.0,21,0.36554615384615385,1,0,0,6
8684,2.0,2.0,0.0,30,0.36547307692307696,1,0,0,12
8685,2.0,2.0,0.0,32,0.36539999999999995,1,0,0,8
8686,2.0,2.0,0.0,24,0.36532692307692305,1,0,0,7
8687,2.0,2.0,0.0,42,0.36525384615384615,1,0,0,16
8688,1.0,1.0,0.0,47,0.36518076923076925,0,1,0,24
8689,2.0,2.0,0.0,17,0.36510769230769236,1,0,0,7
8690,2.0,2.0,0.0,25,0.36503461538461546,1,0,0,11
8691,2.0,2.0,0.0,27,0.36496153846153856,1,0,0,8
8692,2.0,2.0,0.0,27,0.36488846153846155,1,0,0,12
8693,2.0,2.0,0.0,24,0.36481538461538465,1,0,0,11
8694,2.0,2.0,0.0,25,0.36474230769230775,1,0,0,9
8695,2.0,2.0,0.0,21,0.36466923076923075,1,0,0,8
8696,2.0,2.0,0.0,25,0.36459615384615385,1,0,0,6
8697,2.0,2.0,0.0,24,0.36452307692307695,1,0,0,9
8698,2.0,2.0,0.0,25,0.36444999999999994,1,0,0,7
8699,2.0,2.0,0.0,40,0.36437692307692304,1,0,0,16
8700,2.0,2.0,0.0,34,0.36430384615384626,1,0,0,17
8701,2.0,2.0,0.0,33,0.36423076923076936,1,0,0,12
8702,2.0,2.0,0.0,20,0.36415769230769235,1,0,0,9
8703,2.0,2.0,0.0,21,0.36408461538461545,1,0,0,9
8704,2.0,2.0,0.0,17,0.36401153846153855,1,0,0,6
8705,2.0,2.0,0.0,24,0.36393846153846154,1,0,0,10
8706,2.0,2.0,0.0,26,0.36386538461538465,1,0,0,11
8707,2.0,2.0,0.0,23,0.36379230769230775,1,0,0,9
8708,2.0,2.0,0.0,19,0.36371923076923074,1,0,0,4
8709,2.0,2.0,0.0,20,0.36364615384615384,1,0,0,6
8710,2.0,2.0,0.0,30,0.36357307692307694,1,0,0,16
8711,2.0,2.0,0.0,15,0.36350000000000005,1,0,0,4
8712,1.0,1.0,0.0,21,0.36342692307692304,0,1,0,6
8713,2.0,2.0,0.0,24,0.36335384615384625,1,0,0,11
8714,2.0,2.0,0.0,19,0.36328076923076935,1,0,0,4
8715,0.0,0.0,0.0,31,0.36320769230769234,0,1,0,15
8716,2.0,2.0,0.0,24,0.36313461538461544,1,0,0,4
8717,2.0,2.0,0.0,16,0.36306153846153855,1,0,0,5
8718,2.0,2.0,0.0,25,0.36298846153846154,1,0,0,3
8719,2.0,2.0,0.0,30,0.36291538461538464,1,0,0,12
8720,2.0,2.0,0.0,24,0.36284230769230774,1,0,0,11
8721,2.0,2.0,0.0,26,0.36276923076923073,1,0,0,9
8722,2.0,2.0,0.0,38,0.36269615384615383,1,0,0,13
8723,2.0,2.0,0.0,40,0.36262307692307694,1,0,0,12
8724,2.0,2.0,0.0,20,0.36255000000000004,1,0,0,4
8725,2.0,2.0,0.0,17,0.36247692307692303,1,0,0,5
8726,2.0,2.0,0.0,17,0.36240384615384624,1,0,0,5
8727,2.0,2.0,0.0,16,0.36233076923076935,1,0,0,6
8728,2.0,2.0,0.0,19,0.36225769230769234,1,0,0,7
8729,2.0,2.0,0.0,20,0.36218461538461544,1,0,0,5
8730,2.0,2.0,0.0,31,0.36211153846153854,1,0,0,7
8731,2.0,2.0,0.0,21,0.36203846153846153,1,0,0,9
8732,2.0,2.0,0.0,28,0.36196538461538463,1,0,0,9
8733,2.0,2.0,0.0,27,0.36189230769230774,1,0,0,7
8734,0.0,0.0,0.0,52,0.36181923076923084,0,1,0,23
8735,2.0,2.0,0.0,15,0.36174615384615383,1,0,0,7
8736,2.0,2.0,0.0,37,0.36167307692307693,1,0,0,14
8737,2.0,2.0,0.0,34,0.36160000000000003,1,0,0,11
8738,2.0,2.0,0.0,18,0.361526923076923,1,0,0,11
8739,2.0,2.0,0.0,32,0.36145384615384624,1,0,0,14
8740,2.0,2.0,0.0,24,0.36138076923076934,1,0,0,9
8741,2.0,2.0,0.0,26,0.36130769230769233,1,0,0,12
8742,2.0,2.0,0.0,19,0.36123461538461543,1,0,0,6
8743,2.0,2.0,0.0,20,0.36116153846153853,1,0,0,7
8744,2.0,2.0,0.0,17,0.3610884615384615,1,0,0,10
8745,2.0,2.0,0.0,28,0.3610153846153846,1,0,0,10
8746,2.0,2.0,0.0,19,0.36094230769230773,1,0,0,5
8747,2.0,2.0,0.0,18,0.36086923076923083,1,0,0,7
8748,2.0,2.0,0.0,33,0.3607961538461538,1,0,0,12
8749,2.0,2.0,0.0,19,0.3607230769230769,1,0,0,4
8750,2.0,2.0,0.0,28,0.36065,1,0,0,14
8751,2.0,2.0,0.0,29,0.360576923076923,1,0,0,10
8752,2.0,2.0,0.0,24,0.36050384615384623,1,0,0,4
8753,2.0,2.0,0.0,19,0.36043076923076933,1,0,0,9
8754,2.0,2.0,0.0,20,0.3603576923076923,1,0,0,4
8755,2.0,2.0,0.0,32,0.3602846153846154,1,0,0,12
8756,2.0,2.0,0.0,29,0.3602115384615385,1,0,0,10
8757,2.0,2.0,0.0,21,0.36013846153846163,1,0,0,7
8758,2.0,2.0,0.0,15,0.3600653846153846,1,0,0,8
8759,2.0,2.0,0.0,25,0.3599923076923077,1,0,0,7
8760,2.0,2.0,0.0,30,0.3599192307692308,1,0,0,11
8761,2.0,2.0,0.0,24,0.3598461538461538,1,0,0,9
8762,2.0,2.0,0.0,19,0.3597730769230769,1,0,0,11
8763,2.0,2.0,0.0,23,0.3597,1,0,0,6
8764,2.0,2.0,0.0,30,0.359626923076923,1,0,0,10
8765,2.0,2.0,0.0,23,0.3595538461538462,1,0,0,2
8766,2.0,2.0,0.0,22,0.3594807692307693,1,0,0,10
8767,2.0,2.0,0.0,19,0.3594076923076923,1,0,0,8
8768,2.0,2.0,0.0,24,0.3593346153846154,1,0,0,8
8769,2.0,2.0,0.0,26,0.3592615384615385,1,0,0,6
8770,1.0,1.0,0.0,201,0.3591884615384616,0,1,0,81
8771,2.0,2.0,0.0,22,0.3591153846153846,1,0,0,9
8772,2.0,2.0,0.0,22,0.3590423076923077,1,0,0,6
8773,2.0,2.0,0.0,33,0.3589692307692308,1,0,0,13
8774,2.0,2.0,0.0,157,0.3588961538461538,1,0,0,65
8775,2.0,2.0,0.0,19,0.3588230769230769,1,0,0,8
8776,2.0,2.0,0.0,33,0.35875,1,0,0,19
8777,2.0,2.0,0.0,21,0.358676923076923,1,0,0,5
8778,2.0,2.0,0.0,33,0.3586038461538462,1,0,0,16
8779,2.0,2.0,0.0,18,0.3585307692307693,1,0,0,10
8780,2.0,2.0,0.0,25,0.3584576923076924,1,0,0,7
8781,2.0,2.0,0.0,32,0.3583846153846154,1,0,0,15
8782,2.0,2.0,0.0,22,0.3583115384615385,1,0,0,9
8783,2.0,2.0,0.0,19,0.3582384615384616,1,0,0,6
8784,2.0,2.0,0.0,28,0.3581653846153846,1,0,0,11
8785,2.0,2.0,0.0,23,0.3580923076923077,1,0,0,8
8786,2.0,2.0,0.0,19,0.3580192307692308,1,0,0,9
8787,2.0,2.0,0.0,26,0.3579461538461538,1,0,0,12
8788,2.0,2.0,0.0,21,0.3578730769230769,1,0,0,10
8789,0.0,0.0,0.0,26,0.3578,0,1,0,11
8790,2.0,2.0,0.0,31,0.3577269230769231,1,0,0,11
8791,2.0,2.0,0.0,31,0.3576538461538462,1,0,0,13
8792,2.0,2.0,0.0,26,0.3575807692307693,1,0,0,11
8793,2.0,2.0,0.0,19,0.3575076923076924,1,0,0,6
8794,2.0,2.0,0.0,17,0.3574346153846154,1,0,0,6
8795,2.0,2.0,0.0,25,0.3573615384615385,1,0,0,11
8796,2.0,2.0,0.0,31,0.3572884615384616,1,0,0,10
8797,2.0,2.0,0.0,15,0.3572153846153846,1,0,0,3
8798,2.0,2.0,0.0,25,0.3571423076923077,1,0,0,8
8799,2.0,2.0,0.0,21,0.3570692307692308,1,0,0,8
8800,2.0,2.0,0.0,17,0.3569961538461538,1,0,0,5
8801,2.0,2.0,0.0,26,0.3569230769230769,1,0,0,10
8802,2.0,2.0,0.0,17,0.35685,1,0,0,9
8803,2.0,2.0,0.0,25,0.3567769230769231,1,0,0,9
8804,2.0,2.0,0.0,30,0.3567038461538462,1,0,0,14
8805,2.0,2.0,0.0,22,0.3566307692307693,1,0,0,8
8806,2.0,2.0,0.0,27,0.3565576923076924,1,0,0,13
8807,1.0,1.0,0.0,24,0.3564846153846154,0,1,0,10
8808,2.0,2.0,0.0,24,0.3564115384615385,1,0,0,7
8809,2.0,2.0,0.0,24,0.3563384615384616,1,0,0,11
8810,2.0,2.0,0.0,19,0.3562653846153846,1,0,0,7
8811,0.0,0.0,0.0,19,0.3561923076923077,0,1,0,4
8812,2.0,2.0,0.0,33,0.3561192307692308,1,0,0,12
8813,2.0,2.0,0.0,21,0.3560461538461539,1,0,0,9
8814,2.0,2.0,0.0,30,0.3559730769230769,1,0,0,16
8815,2.0,2.0,0.0,19,0.3559,1,0,0,5
8816,2.0,2.0,0.0,20,0.3558269230769232,1,0,0,8
8817,2.0,2.0,0.0,21,0.3557538461538462,1,0,0,3
8818,2.0,2.0,0.0,23,0.3556807692307693,1,0,0,12
8819,2.0,2.0,0.0,24,0.3556076923076924,1,0,0,11
8820,2.0,2.0,0.0,19,0.3555346153846154,1,0,0,8
8821,2.0,2.0,0.0,20,0.3554615384615385,1,0,0,7
8822,2.0,2.0,0.0,23,0.3553884615384616,1,0,0,9
8823,2.0,2.0,0.0,17,0.3553153846153846,1,0,0,9
8824,2.0,2.0,0.0,25,0.3552423076923077,1,0,0,9
8825,2.0,2.0,0.0,18,0.3551692307692308,1,0,0,6
8826,2.0,2.0,0.0,17,0.3550961538461539,1,0,0,8
8827,2.0,2.0,0.0,34,0.3550230769230769,1,0,0,17
8828,2.0,2.0,0.0,19,0.35495,1,0,0,8
8829,2.0,2.0,0.0,18,0.3548769230769232,1,0,0,7
8830,2.0,2.0,0.0,34,0.3548038461538462,1,0,0,11
8831,2.0,2.0,0.0,19,0.3547307692307693,1,0,0,6
8832,2.0,2.0,0.0,33,0.3546576923076924,1,0,0,13
8833,2.0,2.0,0.0,29,0.3545846153846154,1,0,0,12
8834,2.0,2.0,0.0,22,0.3545115384615385,1,0,0,11
8835,2.0,2.0,0.0,21,0.3544384615384616,1,0,0,10
8836,2.0,2.0,0.0,32,0.3543653846153847,1,0,0,9
8837,2.0,2.0,0.0,30,0.3542923076923077,1,0,0,11
8838,2.0,2.0,0.0,22,0.3542192307692308,1,0,0,9
8839,2.0,2.0,0.0,18,0.3541461538461539,1,0,0,5
8840,2.0,2.0,0.0,23,0.3540730769230769,1,0,0,6
8841,2.0,2.0,0.0,19,0.354,1,0,0,6
8842,2.0,2.0,0.0,21,0.3539269230769232,1,0,0,5
8843,2.0,2.0,0.0,15,0.3538538461538462,1,0,0,8
8844,2.0,2.0,0.0,19,0.3537807692307693,1,0,0,10
8845,2.0,2.0,0.0,19,0.3537076923076924,1,0,0,7
8846,2.0,2.0,0.0,21,0.3536346153846154,1,0,0,11
8847,2.0,2.0,0.0,20,0.3535615384615385,1,0,0,8
8848,2.0,2.0,0.0,24,0.3534884615384616,1,0,0,11
8849,2.0,2.0,0.0,37,0.3534153846153847,1,0,0,12
8850,2.0,2.0,0.0,23,0.3533423076923077,1,0,0,8
8851,2.0,2.0,0.0,20,0.3532692307692308,1,0,0,5
8852,2.0,2.0,0.0,27,0.3531961538461539,1,0,0,8
8853,2.0,2.0,0.0,15,0.3531230769230769,1,0,0,4
8854,2.0,2.0,0.0,25,0.35305,1,0,0,12
8855,2.0,2.0,0.0,28,0.3529769230769232,1,0,0,12
8856,2.0,2.0,0.0,20,0.3529038461538462,1,0,0,9
8857,2.0,2.0,0.0,31,0.3528307692307693,1,0,0,11
8858,2.0,2.0,0.0,23,0.3527576923076924,1,0,0,8
8859,2.0,2.0,0.0,21,0.3526846153846155,1,0,0,6
8860,2.0,2.0,0.0,19,0.3526115384615385,1,0,0,8
8861,2.0,2.0,0.0,29,0.3525384615384616,1,0,0,10
8862,2.0,2.0,0.0,31,0.3524653846153847,1,0,0,10
8863,2.0,2.0,0.0,23,0.35239230769230767,1,0,0,8
8864,2.0,2.0,0.0,30,0.3523192307692308,1,0,0,11
8865,0.0,0.0,0.0,20,0.3522461538461539,0,1,0,6
8866,2.0,2.0,0.0,32,0.35217307692307687,1,0,0,11
8867,2.0,2.0,0.0,24,0.35209999999999997,1,0,0,9
8868,2.0,2.0,0.0,30,0.3520269230769232,1,0,0,11
8869,2.0,2.0,0.0,21,0.3519538461538462,1,0,0,8
8870,2.0,2.0,0.0,30,0.3518807692307693,1,0,0,12
8871,2.0,2.0,0.0,24,0.3518076923076924,1,0,0,8
8872,2.0,2.0,0.0,23,0.3517346153846155,1,0,0,10
8873,2.0,2.0,0.0,25,0.35166153846153847,1,0,0,8
8874,2.0,2.0,0.0,33,0.35158846153846157,1,0,0,10
8875,2.0,2.0,0.0,25,0.3515153846153847,1,0,0,10
8876,2.0,2.0,0.0,28,0.35144230769230766,1,0,0,7
8877,2.0,2.0,0.0,16,0.35136923076923077,1,0,0,8
8878,2.0,2.0,0.0,36,0.35129615384615387,1,0,0,15
8879,2.0,2.0,0.0,27,0.35122307692307686,1,0,0,8
8880,0.0,0.0,0.0,18,0.35114999999999996,0,1,0,9
8881,2.0,2.0,0.0,22,0.3510769230769232,1,0,0,10
8882,2.0,2.0,0.0,23,0.3510038461538463,1,0,0,10
8883,2.0,2.0,0.0,17,0.35093076923076927,1,0,0,6
8884,2.0,2.0,0.0,19,0.35085769230769237,1,0,0,8
8885,2.0,2.0,0.0,19,0.3507846153846155,1,0,0,5
8886,2.0,2.0,0.0,20,0.35071153846153846,1,0,0,8
8887,2.0,2.0,0.0,21,0.35063846153846157,1,0,0,8
8888,2.0,2.0,0.0,15,0.35056538461538467,1,0,0,8
8889,2.0,2.0,0.0,22,0.35049230769230766,1,0,0,7
8890,2.0,2.0,0.0,24,0.35041923076923076,1,0,0,9
8891,2.0,2.0,0.0,16,0.35034615384615386,1,0,0,6
8892,2.0,2.0,0.0,22,0.35027307692307696,1,0,0,7
8893,2.0,2.0,0.0,17,0.35019999999999996,1,0,0,7
8894,2.0,2.0,0.0,23,0.35012692307692317,1,0,0,7
8895,2.0,2.0,0.0,19,0.35005384615384627,1,0,0,5
8896,2.0,2.0,0.0,25,0.34998076923076926,1,0,0,9
8897,2.0,2.0,0.0,20,0.34990769230769236,1,0,0,4
8898,2.0,2.0,0.0,29,0.34983461538461547,1,0,0,10
8899,2.0,2.0,0.0,22,0.34976153846153846,1,0,0,5
8900,2.0,2.0,0.0,22,0.34968846153846156,1,0,0,10
8901,2.0,2.0,0.0,17,0.34961538461538466,1,0,0,7
8902,2.0,2.0,0.0,18,0.34954230769230765,1,0,0,9
8903,2.0,2.0,0.0,20,0.34946923076923075,1,0,0,6
8904,2.0,2.0,0.0,24,0.34939615384615386,1,0,0,7
8905,1.0,1.0,0.0,26,0.34932307692307696,0,1,0,12
8906,2.0,2.0,0.0,26,0.34924999999999995,1,0,0,11
8907,2.0,2.0,0.0,25,0.34917692307692316,1,0,0,12
8908,2.0,2.0,0.0,27,0.34910384615384626,1,0,0,10
8909,2.0,2.0,0.0,21,0.34903076923076926,1,0,0,9
8910,2.0,2.0,0.0,28,0.34895769230769236,1,0,0,10
8911,2.0,2.0,0.0,24,0.34888461538461546,1,0,0,9
8912,2.0,2.0,0.0,31,0.34881153846153845,1,0,0,9
8913,2.0,2.0,0.0,35,0.34873846153846155,1,0,0,10
8914,2.0,2.0,0.0,17,0.34866538461538465,1,0,0,6
8915,2.0,2.0,0.0,18,0.34859230769230776,1,0,0,10
8916,2.0,2.0,0.0,22,0.34851923076923075,1,0,0,8
8917,2.0,2.0,0.0,16,0.34844615384615385,1,0,0,5
8918,2.0,2.0,0.0,29,0.34837307692307695,1,0,0,15
8919,2.0,2.0,0.0,24,0.34829999999999994,1,0,0,4
8920,2.0,2.0,0.0,15,0.34822692307692316,1,0,0,10
8921,2.0,2.0,0.0,18,0.34815384615384626,1,0,0,4
8922,2.0,2.0,0.0,32,0.34808076923076925,1,0,0,15
8923,0.0,0.0,0.0,24,0.34800769230769235,0,1,0,11
8924,2.0,2.0,0.0,22,0.34793461538461545,1,0,0,7
8925,2.0,2.0,0.0,17,0.34786153846153844,1,0,0,6
8926,2.0,2.0,0.0,29,0.34778846153846155,1,0,0,18
8927,2.0,2.0,0.0,19,0.34771538461538465,1,0,0,6
8928,0.0,0.0,0.0,26,0.34764230769230775,0,1,0,10
8929,2.0,2.0,0.0,17,0.34756923076923074,1,0,0,9
8930,2.0,2.0,0.0,26,0.34749615384615384,1,0,0,9
8931,2.0,2.0,0.0,18,0.34742307692307695,1,0,0,10
8932,2.0,2.0,0.0,25,0.34734999999999994,1,0,0,9
8933,2.0,2.0,0.0,25,0.34727692307692315,1,0,0,10
8934,2.0,2.0,0.0,25,0.34720384615384625,1,0,0,10
8935,2.0,2.0,0.0,16,0.34713076923076924,1,0,0,5
8936,2.0,2.0,0.0,21,0.34705769230769234,1,0,0,7
8937,2.0,2.0,0.0,24,0.34698461538461545,1,0,0,8
8938,2.0,2.0,0.0,24,0.34691153846153855,1,0,0,11
8939,2.0,2.0,0.0,29,0.34683846153846154,1,0,0,9
8940,2.0,2.0,0.0,18,0.34676538461538464,1,0,0,5
8941,2.0,2.0,0.0,36,0.34669230769230774,1,0,0,14
8942,2.0,2.0,0.0,27,0.34661923076923074,1,0,0,12
8943,2.0,2.0,0.0,38,0.34654615384615384,1,0,0,10
8944,2.0,2.0,0.0,29,0.34647307692307694,1,0,0,11
8945,2.0,2.0,0.0,29,0.34640000000000004,1,0,0,14
8946,2.0,2.0,0.0,26,0.34632692307692314,1,0,0,7
8947,2.0,2.0,0.0,18,0.34625384615384625,1,0,0,6
8948,2.0,2.0,0.0,19,0.34618076923076924,1,0,0,5
8949,2.0,2.0,0.0,42,0.34610769230769234,1,0,0,13
8950,2.0,2.0,0.0,23,0.34603461538461544,1,0,0,10
8951,2.0,2.0,0.0,24,0.34596153846153854,1,0,0,7
8952,2.0,2.0,0.0,17,0.34588846153846153,1,0,0,5
8953,2.0,2.0,0.0,20,0.34581538461538464,1,0,0,6
8954,2.0,2.0,0.0,17,0.34574230769230774,1,0,0,5
8955,2.0,2.0,0.0,21,0.34566923076923073,1,0,0,9
8956,2.0,2.0,0.0,24,0.34559615384615383,1,0,0,9
8957,2.0,2.0,0.0,23,0.34552307692307693,1,0,0,8
8958,2.0,2.0,0.0,29,0.34545000000000003,1,0,0,10
8959,2.0,2.0,0.0,24,0.34537692307692314,1,0,0,10
8960,2.0,2.0,0.0,20,0.34530384615384624,1,0,0,6
8961,2.0,2.0,0.0,19,0.34523076923076934,1,0,0,7
8962,2.0,2.0,0.0,17,0.34515769230769233,1,0,0,8
8963,2.0,2.0,0.0,23,0.34508461538461543,1,0,0,9
8964,2.0,2.0,0.0,19,0.34501153846153854,1,0,0,6
8965,2.0,2.0,0.0,20,0.3449384615384615,1,0,0,8
8966,2.0,2.0,0.0,26,0.34486538461538463,1,0,0,10
8967,2.0,2.0,0.0,18,0.34479230769230773,1,0,0,8
8968,2.0,2.0,0.0,17,0.3447192307692307,1,0,0,10
8969,2.0,2.0,0.0,20,0.3446461538461538,1,0,0,9
8970,2.0,2.0,0.0,17,0.3445730769230769,1,0,0,4
8971,2.0,2.0,0.0,25,0.34450000000000003,1,0,0,9
8972,2.0,2.0,0.0,29,0.34442692307692313,1,0,0,13
8973,2.0,2.0,0.0,23,0.34435384615384623,1,0,0,10
8974,2.0,2.0,0.0,25,0.34428076923076933,1,0,0,9
8975,2.0,2.0,0.0,22,0.3442076923076923,1,0,0,8
8976,2.0,2.0,0.0,24,0.3441346153846154,1,0,0,9
8977,2.0,2.0,0.0,31,0.34406153846153853,1,0,0,8
8978,2.0,2.0,0.0,21,0.3439884615384615,1,0,0,10
8979,2.0,2.0,0.0,16,0.3439153846153846,1,0,0,6
8980,2.0,2.0,0.0,19,0.3438423076923077,1,0,0,6
8981,2.0,2.0,0.0,17,0.3437692307692307,1,0,0,5
8982,2.0,2.0,0.0,24,0.3436961538461538,1,0,0,10
8983,2.0,2.0,0.0,22,0.3436230769230769,1,0,0,9
8984,2.0,2.0,0.0,21,0.34355000000000013,1,0,0,10
8985,2.0,2.0,0.0,29,0.3434769230769231,1,0,0,12
8986,2.0,2.0,0.0,22,0.3434038461538462,1,0,0,8
8987,2.0,2.0,0.0,23,0.34333076923076933,1,0,0,8
8988,2.0,2.0,0.0,21,0.3432576923076923,1,0,0,7
8989,2.0,2.0,0.0,23,0.3431846153846154,1,0,0,5
8990,2.0,2.0,0.0,34,0.3431115384615385,1,0,0,12
8991,2.0,2.0,0.0,27,0.3430384615384615,1,0,0,14
8992,2.0,2.0,0.0,29,0.3429653846153846,1,0,0,14
8993,2.0,2.0,0.0,29,0.3428923076923077,1,0,0,10
8994,2.0,2.0,0.0,24,0.3428192307692308,1,0,0,7
8995,2.0,2.0,0.0,26,0.3427461538461538,1,0,0,7
8996,2.0,2.0,0.0,22,0.3426730769230769,1,0,0,6
8997,2.0,2.0,0.0,23,0.3426000000000001,1,0,0,10
8998,2.0,2.0,0.0,28,0.3425269230769231,1,0,0,11
8999,2.0,2.0,0.0,31,0.3424538461538462,1,0,0,10
9000,2.0,2.0,0.0,20,0.3423807692307693,1,0,0,8
9001,2.0,2.0,0.0,20,0.3423076923076923,1,0,0,4
9002,2.0,2.0,0.0,37,0.3422346153846154,1,0,0,6
9003,2.0,2.0,0.0,16,0.3421615384615385,1,0,0,6
9004,2.0,2.0,0.0,19,0.3420884615384615,1,0,0,11
9005,2.0,2.0,0.0,18,0.3420153846153846,1,0,0,7
9006,2.0,2.0,0.0,30,0.3419423076923077,1,0,0,8
9007,2.0,2.0,0.0,31,0.3418692307692308,1,0,0,14
9008,2.0,2.0,0.0,21,0.3417961538461538,1,0,0,9
9009,2.0,2.0,0.0,19,0.3417230769230769,1,0,0,5
9010,2.0,2.0,0.0,17,0.3416500000000001,1,0,0,5
9011,2.0,2.0,0.0,31,0.3415769230769231,1,0,0,12
9012,2.0,2.0,0.0,19,0.3415038461538462,1,0,0,5
9013,2.0,2.0,0.0,16,0.3414307692307693,1,0,0,4
9014,2.0,2.0,0.0,20,0.3413576923076923,1,0,0,7
9015,2.0,2.0,0.0,29,0.3412846153846154,1,0,0,10
9016,2.0,2.0,0.0,28,0.3412115384615385,1,0,0,6
9017,2.0,2.0,0.0,19,0.3411384615384616,1,0,0,10
9018,2.0,2.0,0.0,26,0.3410653846153846,1,0,0,10
9019,2.0,2.0,0.0,23,0.3409923076923077,1,0,0,5
9020,2.0,2.0,0.0,21,0.3409192307692308,1,0,0,7
9021,2.0,2.0,0.0,21,0.3408461538461538,1,0,0,9
9022,2.0,2.0,0.0,24,0.3407730769230769,1,0,0,16
9023,2.0,2.0,0.0,19,0.3407000000000001,1,0,0,9
9024,2.0,2.0,0.0,27,0.3406269230769231,1,0,0,9
9025,2.0,2.0,0.0,25,0.3405538461538462,1,0,0,6
9026,2.0,2.0,0.0,19,0.3404807692307693,1,0,0,5
9027,2.0,2.0,0.0,29,0.3404076923076923,1,0,0,9
9028,2.0,2.0,0.0,19,0.3403346153846154,1,0,0,10
9029,2.0,2.0,0.0,20,0.3402615384615385,1,0,0,5
9030,2.0,2.0,0.0,22,0.3401884615384616,1,0,0,11
9031,2.0,2.0,0.0,26,0.3401153846153846,1,0,0,10
9032,2.0,2.0,0.0,22,0.3400423076923077,1,0,0,11
9033,2.0,2.0,0.0,24,0.3399692307692308,1,0,0,11
9034,2.0,2.0,0.0,19,0.3398961538461538,1,0,0,7
9035,0.0,0.0,0.0,32,0.3398230769230769,0,1,0,15
9036,2.0,2.0,0.0,20,0.3397500000000001,1,0,0,7
9037,2.0,2.0,0.0,23,0.3396769230769231,1,0,0,12
9038,2.0,2.0,0.0,18,0.3396038461538462,1,0,0,8
9039,2.0,2.0,0.0,17,0.3395307692307693,1,0,0,8
9040,2.0,2.0,0.0,18,0.3394576923076924,1,0,0,9
9041,2.0,2.0,0.0,21,0.3393846153846154,1,0,0,9
9042,2.0,2.0,0.0,26,0.3393115384615385,1,0,0,11
9043,2.0,2.0,0.0,25,0.3392384615384616,1,0,0,9
9044,2.0,2.0,0.0,20,0.3391653846153846,1,0,0,8
9045,2.0,2.0,0.0,19,0.3390923076923077,1,0,0,6
9046,2.0,2.0,0.0,17,0.3390192307692308,1,0,0,9
9047,2.0,2.0,0.0,17,0.3389461538461538,1,0,0,5
9048,2.0,2.0,0.0,46,0.3388730769230769,1,0,0,18
9049,2.0,2.0,0.0,24,0.3388000000000001,1,0,0,11
9050,2.0,2.0,0.0,18,0.3387269230769231,1,0,0,8
9051,2.0,2.0,0.0,23,0.3386538461538462,1,0,0,9
9052,2.0,2.0,0.0,20,0.3385807692307693,1,0,0,10
9053,2.0,2.0,0.0,27,0.3385076923076924,1,0,0,9
9054,2.0,2.0,0.0,28,0.3384346153846154,1,0,0,15
9055,2.0,2.0,0.0,21,0.3383615384615385,1,0,0,7
9056,2.0,2.0,0.0,34,0.3382884615384616,1,0,0,11
9057,2.0,2.0,0.0,19,0.3382153846153846,1,0,0,12
9058,2.0,2.0,0.0,16,0.3381423076923077,1,0,0,7
9059,2.0,2.0,0.0,19,0.3380692307692308,1,0,0,5
9060,2.0,2.0,0.0,18,0.3379961538461538,1,0,0,7
9061,2.0,2.0,0.0,20,0.3379230769230769,1,0,0,6
9062,2.0,2.0,0.0,21,0.3378500000000001,1,0,0,12
9063,0.0,0.0,0.0,19,0.3377769230769232,0,1,0,8
9064,2.0,2.0,0.0,28,0.3377038461538462,1,0,0,12
9065,2.0,2.0,0.0,17,0.3376307692307693,1,0,0,8
9066,2.0,2.0,0.0,20,0.3375576923076924,1,0,0,2
9067,2.0,2.0,0.0,31,0.3374846153846154,1,0,0,11
9068,2.0,2.0,0.0,19,0.3374115384615385,1,0,0,8
9069,2.0,2.0,0.0,34,0.3373384615384616,1,0,0,15
9070,2.0,2.0,0.0,23,0.3372653846153846,1,0,0,11
9071,2.0,2.0,0.0,23,0.3371923076923077,1,0,0,7
9072,2.0,2.0,0.0,26,0.3371192307692308,1,0,0,14
9073,2.0,2.0,0.0,26,0.3370461538461539,1,0,0,8
9074,2.0,2.0,0.0,19,0.336973076923077,1,0,0,8
9075,2.0,2.0,0.0,22,0.3369000000000001,1,0,0,8
9076,2.0,2.0,0.0,22,0.3368269230769232,1,0,0,8
9077,2.0,2.0,0.0,24,0.3367538461538462,1,0,0,10
9078,2.0,2.0,0.0,18,0.3366807692307693,1,0,0,6
9079,2.0,2.0,0.0,60,0.3366076923076924,1,0,0,26
9080,1.0,1.0,0.0,24,0.3365346153846154,0,1,0,10
9081,2.0,2.0,0.0,24,0.3364615384615385,1,0,0,9
9082,2.0,2.0,0.0,21,0.3363884615384616,1,0,0,11
9083,2.0,2.0,0.0,22,0.33631538461538457,1,0,0,9
9084,2.0,2.0,0.0,21,0.3362423076923077,1,0,0,9
9085,2.0,2.0,0.0,17,0.3361692307692308,1,0,0,7
9086,2.0,2.0,0.0,15,0.3360961538461539,1,0,0,8
9087,2.0,2.0,0.0,25,0.336023076923077,1,0,0,8
9088,2.0,2.0,0.0,26,0.3359500000000001,1,0,0,11
9089,2.0,2.0,0.0,22,0.3358769230769232,1,0,0,7
9090,2.0,2.0,0.0,20,0.3358038461538462,1,0,0,11
9091,2.0,2.0,0.0,16,0.3357307692307693,1,0,0,7
9092,2.0,2.0,0.0,28,0.3356576923076924,1,0,0,7
9093,2.0,2.0,0.0,21,0.33558461538461537,1,0,0,9
9094,2.0,2.0,0.0,17,0.33551153846153847,1,0,0,9
9095,2.0,2.0,0.0,33,0.3354384615384616,1,0,0,10
9096,2.0,2.0,0.0,23,0.3353653846153847,1,0,0,15
9097,0.0,0.0,0.0,32,0.33529230769230767,0,1,0,15
9098,2.0,2.0,0.0,20,0.33521923076923077,1,0,0,9
9099,2.0,2.0,0.0,29,0.33514615384615387,1,0,0,8
9100,2.0,2.0,0.0,37,0.335073076923077,1,0,0,13
9101,2.0,2.0,0.0,36,0.3350000000000001,1,0,0,14
9102,2.0,2.0,0.0,17,0.3349269230769232,1,0,0,8
9103,2.0,2.0,0.0,22,0.33485384615384617,1,0,0,10
9104,2.0,2.0,0.0,17,0.33478076923076927,1,0,0,4
9105,2.0,2.0,0.0,25,0.3347076923076924,1,0,0,7
9106,2.0,2.0,0.0,21,0.33463461538461536,1,0,0,6
9107,2.0,2.0,0.0,23,0.33456153846153847,1,0,0,9
9108,0.0,0.0,0.0,41,0.33448846153846157,0,1,0,20
9109,2.0,2.0,0.0,16,0.33441538461538467,1,0,0,5
9110,2.0,2.0,0.0,17,0.33434230769230766,1,0,0,7
9111,2.0,2.0,0.0,25,0.33426923076923076,1,0,0,6
9112,2.0,2.0,0.0,19,0.33419615384615386,1,0,0,7
9113,0.0,0.0,0.0,13,0.33412307692307697,0,1,0,5
9114,2.0,2.0,0.0,21,0.33405000000000007,1,0,0,8
9115,2.0,2.0,0.0,23,0.33397692307692317,1,0,0,8
9116,2.0,2.0,0.0,29,0.33390384615384616,1,0,0,12
9117,2.0,2.0,0.0,20,0.33383076923076926,1,0,0,7
9118,2.0,2.0,0.0,17,0.33375769230769237,1,0,0,6
9119,2.0,2.0,0.0,26,0.33368461538461547,1,0,0,13
9120,2.0,2.0,0.0,34,0.33361153846153846,1,0,0,12
9121,2.0,2.0,0.0,22,0.33353846153846156,1,0,0,8
9122,2.0,2.0,0.0,28,0.33346538461538466,1,0,0,10
9123,2.0,2.0,0.0,21,0.33339230769230765,1,0,0,8
9124,2.0,2.0,0.0,25,0.33331923076923076,1,0,0,10
9125,2.0,2.0,0.0,23,0.33324615384615386,1,0,0,7
9126,2.0,2.0,0.0,21,0.33317307692307696,1,0,0,8
9127,2.0,2.0,0.0,17,0.33310000000000006,1,0,0,5
9128,2.0,2.0,0.0,22,0.33302692307692316,1,0,0,12
9129,2.0,2.0,0.0,25,0.33295384615384616,1,0,0,7
9130,2.0,2.0,0.0,21,0.33288076923076926,1,0,0,9
9131,2.0,2.0,0.0,18,0.33280769230769236,1,0,0,7
9132,2.0,2.0,0.0,31,0.33273461538461546,1,0,0,12
9133,2.0,2.0,0.0,29,0.33266153846153845,1,0,0,14
9134,2.0,2.0,0.0,28,0.33258846153846156,1,0,0,6
9135,0.0,0.0,0.0,21,0.33251538461538466,0,1,0,11
9136,2.0,2.0,0.0,21,0.33244230769230765,1,0,0,7
9137,2.0,2.0,0.0,217,0.33236923076923075,1,0,0,82
9138,2.0,2.0,0.0,23,0.33229615384615385,1,0,0,4
9139,2.0,2.0,0.0,21,0.33222307692307695,1,0,0,7
9140,2.0,2.0,0.0,29,0.33215000000000006,1,0,0,9
9141,2.0,2.0,0.0,32,0.33207692307692316,1,0,0,13
9142,2.0,2.0,0.0,19,0.33200384615384626,1,0,0,9
9143,2.0,2.0,0.0,27,0.33193076923076925,1,0,0,11
9144,2.0,2.0,0.0,15,0.33185769230769235,1,0,0,5
9145,2.0,2.0,0.0,25,0.33178461538461546,1,0,0,9
9146,2.0,2.0,0.0,18,0.33171153846153845,1,0,0,8
9147,1.0,1.0,0.0,26,0.33163846153846155,0,1,0,9
9148,2.0,2.0,0.0,25,0.33156538461538465,1,0,0,11
9149,2.0,2.0,0.0,23,0.33149230769230764,1,0,0,5
9150,2.0,2.0,0.0,29,0.33141923076923074,1,0,0,15
9151,2.0,2.0,0.0,29,0.33134615384615385,1,0,0,6
9152,2.0,2.0,0.0,21,0.33127307692307695,1,0,0,7
9153,2.0,2.0,0.0,41,0.33120000000000005,1,0,0,15
9154,2.0,2.0,0.0,23,0.33112692307692315,1,0,0,7
9155,2.0,2.0,0.0,29,0.33105384615384625,1,0,0,11
9156,2.0,2.0,0.0,16,0.33098076923076925,1,0,0,8
9157,2.0,2.0,0.0,19,0.33090769230769235,1,0,0,6
9158,2.0,2.0,0.0,29,0.33083461538461545,1,0,0,15
9159,2.0,2.0,0.0,18,0.33076153846153844,1,0,0,5
9160,2.0,2.0,0.0,17,0.33068846153846154,1,0,0,7
9161,2.0,2.0,0.0,26,0.33061538461538464,1,0,0,12
9162,2.0,2.0,0.0,19,0.33054230769230764,1,0,0,8
9163,2.0,2.0,0.0,27,0.33046923076923074,1,0,0,10
9164,2.0,2.0,0.0,26,0.33039615384615384,1,0,0,12
9165,2.0,2.0,0.0,23,0.33032307692307705,1,0,0,11
9166,2.0,2.0,0.0,19,0.33025000000000004,1,0,0,9
9167,2.0,2.0,0.0,19,0.33017692307692315,1,0,0,9
9168,2.0,2.0,0.0,19,0.33010384615384625,1,0,0,8
9169,2.0,2.0,0.0,19,0.33003076923076924,1,0,0,8
9170,2.0,2.0,0.0,16,0.32995769230769234,1,0,0,6
9171,2.0,2.0,0.0,26,0.32988461538461544,1,0,0,6
9172,2.0,2.0,0.0,20,0.32981153846153843,1,0,0,5
9173,2.0,2.0,0.0,22,0.32973846153846154,1,0,0,9
9174,0.0,0.0,0.0,27,0.32966538461538464,0,1,0,11
9175,2.0,2.0,0.0,16,0.32959230769230774,1,0,0,6
9176,2.0,2.0,0.0,35,0.32951923076923073,1,0,0,13
9177,2.0,2.0,0.0,21,0.32944615384615383,1,0,0,8
9178,2.0,2.0,0.0,22,0.32937307692307705,1,0,0,4
9179,2.0,2.0,0.0,16,0.32930000000000004,1,0,0,3
9180,2.0,2.0,0.0,25,0.32922692307692314,1,0,0,12
9181,2.0,2.0,0.0,22,0.32915384615384624,1,0,0,10
9182,2.0,2.0,0.0,16,0.32908076923076923,1,0,0,4
9183,2.0,2.0,0.0,19,0.32900769230769233,1,0,0,6
9184,2.0,2.0,0.0,23,0.32893461538461544,1,0,0,5
9185,2.0,2.0,0.0,26,0.3288615384615384,1,0,0,4
9186,2.0,2.0,0.0,17,0.32878846153846153,1,0,0,4
9187,2.0,2.0,0.0,21,0.32871538461538463,1,0,0,8
9188,2.0,2.0,0.0,35,0.32864230769230773,1,0,0,15
9189,2.0,2.0,0.0,18,0.3285692307692307,1,0,0,7
9190,2.0,2.0,0.0,18,0.32849615384615394,1,0,0,8
9191,2.0,2.0,0.0,23,0.32842307692307704,1,0,0,9
9192,2.0,2.0,0.0,23,0.32835000000000003,1,0,0,7
9193,2.0,2.0,0.0,21,0.32827692307692313,1,0,0,9
9194,2.0,2.0,0.0,26,0.32820384615384623,1,0,0,12
9195,2.0,2.0,0.0,16,0.3281307692307692,1,0,0,8
9196,2.0,2.0,0.0,20,0.32805769230769233,1,0,0,11
9197,2.0,2.0,0.0,24,0.32798461538461543,1,0,0,7
9198,2.0,2.0,0.0,19,0.32791153846153853,1,0,0,5
9199,2.0,2.0,0.0,17,0.3278384615384615,1,0,0,8
9200,2.0,2.0,0.0,44,0.3277653846153846,1,0,0,16
9201,2.0,2.0,0.0,25,0.3276923076923077,1,0,0,9
9202,2.0,2.0,0.0,20,0.3276192307692307,1,0,0,7
9203,2.0,2.0,0.0,20,0.32754615384615393,1,0,0,6
9204,2.0,2.0,0.0,18,0.32747307692307703,1,0,0,8
9205,2.0,2.0,0.0,16,0.3274,1,0,0,9
9206,2.0,2.0,0.0,17,0.3273269230769231,1,0,0,6
9207,2.0,2.0,0.0,21,0.32725384615384623,1,0,0,7
9208,2.0,2.0,0.0,17,0.3271807692307692,1,0,0,3
9209,2.0,2.0,0.0,22,0.3271076923076923,1,0,0,5
9210,2.0,2.0,0.0,18,0.3270346153846154,1,0,0,6
9211,2.0,2.0,0.0,37,0.3269615384615385,1,0,0,12
9212,2.0,2.0,0.0,23,0.3268884615384615,1,0,0,13
9213,2.0,2.0,0.0,23,0.3268153846153846,1,0,0,7
9214,2.0,2.0,0.0,23,0.3267423076923077,1,0,0,7
9215,2.0,2.0,0.0,22,0.3266692307692307,1,0,0,6
9216,2.0,2.0,0.0,15,0.3265961538461539,1,0,0,5
9217,2.0,2.0,0.0,18,0.326523076923077,1,0,0,6
9218,2.0,2.0,0.0,17,0.32645,1,0,0,9
9219,2.0,2.0,0.0,26,0.3263769230769231,1,0,0,15
9220,2.0,2.0,0.0,29,0.3263038461538462,1,0,0,17
9221,2.0,2.0,0.0,19,0.3262307692307693,1,0,0,3
9222,2.0,2.0,0.0,18,0.3261576923076923,1,0,0,6
9223,2.0,2.0,0.0,21,0.3260846153846154,1,0,0,9
9224,2.0,2.0,0.0,35,0.3260115384615385,1,0,0,20
9225,2.0,2.0,0.0,18,0.3259384615384615,1,0,0,10
9226,2.0,2.0,0.0,24,0.3258653846153846,1,0,0,10
9227,2.0,2.0,0.0,24,0.3257923076923077,1,0,0,10
9228,2.0,2.0,0.0,17,0.3257192307692307,1,0,0,7
9229,2.0,2.0,0.0,16,0.3256461538461539,1,0,0,9
9230,2.0,2.0,0.0,28,0.325573076923077,1,0,0,13
9231,2.0,2.0,0.0,21,0.3255,1,0,0,12
9232,2.0,2.0,0.0,20,0.3254269230769231,1,0,0,9
9233,2.0,2.0,0.0,21,0.3253538461538462,1,0,0,7
9234,2.0,2.0,0.0,17,0.3252807692307693,1,0,0,10
9235,2.0,2.0,0.0,18,0.3252076923076923,1,0,0,8
9236,2.0,2.0,0.0,32,0.3251346153846154,1,0,0,18
9237,2.0,2.0,0.0,26,0.3250615384615385,1,0,0,8
9238,2.0,2.0,0.0,23,0.3249884615384615,1,0,0,8
9239,2.0,2.0,0.0,19,0.3249153846153846,1,0,0,5
9240,2.0,2.0,0.0,17,0.3248423076923077,1,0,0,6
9241,2.0,2.0,0.0,19,0.3247692307692307,1,0,0,9
9242,2.0,2.0,0.0,33,0.3246961538461539,1,0,0,13
9243,2.0,2.0,0.0,30,0.324623076923077,1,0,0,14
9244,2.0,2.0,0.0,19,0.3245500000000001,1,0,0,6
9245,2.0,2.0,0.0,21,0.3244769230769231,1,0,0,10
9246,2.0,2.0,0.0,31,0.3244038461538462,1,0,0,10
9247,2.0,2.0,0.0,32,0.3243307692307693,1,0,0,13
9248,2.0,2.0,0.0,18,0.3242576923076923,1,0,0,4
9249,2.0,2.0,0.0,21,0.3241846153846154,1,0,0,10
9250,2.0,2.0,0.0,43,0.3241115384615385,1,0,0,14
9251,2.0,2.0,0.0,21,0.3240384615384615,1,0,0,10
9252,2.0,2.0,0.0,39,0.3239653846153846,1,0,0,15
9253,2.0,2.0,0.0,24,0.3238923076923077,1,0,0,14
9254,2.0,2.0,0.0,21,0.3238192307692308,1,0,0,10
9255,2.0,2.0,0.0,17,0.3237461538461539,1,0,0,7
9256,2.0,2.0,0.0,19,0.323673076923077,1,0,0,9
9257,2.0,2.0,0.0,21,0.3236000000000001,1,0,0,8
9258,2.0,2.0,0.0,17,0.3235269230769231,1,0,0,7
9259,2.0,2.0,0.0,24,0.3234538461538462,1,0,0,10
9260,2.0,2.0,0.0,22,0.3233807692307693,1,0,0,3
9261,2.0,2.0,0.0,23,0.3233076923076923,1,0,0,12
9262,2.0,2.0,0.0,19,0.3232346153846154,1,0,0,7
9263,2.0,2.0,0.0,20,0.3231615384615385,1,0,0,7
9264,2.0,2.0,0.0,26,0.3230884615384615,1,0,0,8
9265,2.0,2.0,0.0,19,0.3230153846153846,1,0,0,8
9266,2.0,2.0,0.0,21,0.3229423076923077,1,0,0,9
9267,2.0,2.0,0.0,18,0.3228692307692308,1,0,0,4
9268,2.0,2.0,0.0,25,0.3227961538461539,1,0,0,8
9269,2.0,2.0,0.0,18,0.322723076923077,1,0,0,8
9270,2.0,2.0,0.0,25,0.3226500000000001,1,0,0,9
9271,2.0,2.0,0.0,20,0.3225769230769231,1,0,0,8
9272,2.0,2.0,0.0,23,0.3225038461538462,1,0,0,11
9273,2.0,2.0,0.0,34,0.3224307692307693,1,0,0,15
9274,2.0,2.0,0.0,25,0.3223576923076923,1,0,0,10
9275,2.0,2.0,0.0,23,0.3222846153846154,1,0,0,8
9276,2.0,2.0,0.0,45,0.3222115384615385,1,0,0,22
9277,2.0,2.0,0.0,17,0.3221384615384616,1,0,0,7
9278,2.0,2.0,0.0,22,0.3220653846153846,1,0,0,6
9279,2.0,2.0,0.0,29,0.3219923076923077,1,0,0,11
9280,2.0,2.0,0.0,18,0.3219192307692308,1,0,0,10
9281,2.0,2.0,0.0,21,0.3218461538461539,1,0,0,10
9282,2.0,2.0,0.0,19,0.321773076923077,1,0,0,8
9283,2.0,2.0,0.0,18,0.3217000000000001,1,0,0,11
9284,2.0,2.0,0.0,23,0.3216269230769231,1,0,0,12
9285,2.0,2.0,0.0,27,0.3215538461538462,1,0,0,14
9286,2.0,2.0,0.0,23,0.3214807692307693,1,0,0,9
9287,2.0,2.0,0.0,24,0.3214076923076923,1,0,0,11
9288,2.0,2.0,0.0,17,0.3213346153846154,1,0,0,6
9289,2.0,2.0,0.0,18,0.3212615384615385,1,0,0,6
9290,2.0,2.0,0.0,21,0.3211884615384616,1,0,0,9
9291,2.0,2.0,0.0,18,0.3211153846153846,1,0,0,9
9292,2.0,2.0,0.0,25,0.3210423076923077,1,0,0,8
9293,2.0,2.0,0.0,19,0.3209692307692308,1,0,0,8
9294,2.0,2.0,0.0,21,0.3208961538461539,1,0,0,9
9295,2.0,2.0,0.0,19,0.320823076923077,1,0,0,5
9296,2.0,2.0,0.0,19,0.3207500000000001,1,0,0,11
9297,2.0,2.0,0.0,22,0.3206769230769231,1,0,0,11
9298,2.0,2.0,0.0,24,0.3206038461538462,1,0,0,10
9299,2.0,2.0,0.0,23,0.3205307692307693,1,0,0,8
9300,2.0,2.0,0.0,17,0.3204576923076924,1,0,0,8
9301,2.0,2.0,0.0,23,0.3203846153846154,1,0,0,11
9302,2.0,2.0,0.0,25,0.3203115384615385,1,0,0,11
9303,2.0,2.0,0.0,22,0.3202384615384616,1,0,0,8
9304,2.0,2.0,0.0,24,0.3201653846153846,1,0,0,12
9305,2.0,2.0,0.0,24,0.3200923076923077,1,0,0,11
9306,2.0,2.0,0.0,21,0.3200192307692308,1,0,0,10
9307,2.0,2.0,0.0,23,0.3199461538461539,1,0,0,14
9308,2.0,2.0,0.0,26,0.319873076923077,1,0,0,11
9309,2.0,2.0,0.0,20,0.3198000000000001,1,0,0,10
9310,2.0,2.0,0.0,21,0.3197269230769231,1,0,0,9
9311,2.0,2.0,0.0,19,0.3196538461538462,1,0,0,9
9312,2.0,2.0,0.0,24,0.3195807692307693,1,0,0,8
9313,2.0,2.0,0.0,24,0.3195076923076924,1,0,0,9
9314,2.0,2.0,0.0,24,0.3194346153846154,1,0,0,9
9315,2.0,2.0,0.0,23,0.3193615384615385,1,0,0,4
9316,2.0,2.0,0.0,27,0.3192884615384616,1,0,0,6
9317,2.0,2.0,0.0,27,0.31921538461538457,1,0,0,14
9318,2.0,2.0,0.0,23,0.31914230769230767,1,0,0,7
9319,2.0,2.0,0.0,25,0.3190692307692309,1,0,0,10
9320,2.0,2.0,0.0,19,0.3189961538461539,1,0,0,9
9321,2.0,2.0,0.0,30,0.318923076923077,1,0,0,10
9322,2.0,2.0,0.0,28,0.3188500000000001,1,0,0,13
9323,2.0,2.0,0.0,21,0.3187769230769232,1,0,0,8
9324,2.0,2.0,0.0,25,0.31870384615384617,1,0,0,8
9325,2.0,2.0,0.0,27,0.3186307692307693,1,0,0,11
9326,2.0,2.0,0.0,19,0.3185576923076924,1,0,0,8
9327,2.0,2.0,0.0,22,0.31848461538461537,1,0,0,9
9328,2.0,2.0,0.0,24,0.31841153846153847,1,0,0,12
9329,2.0,2.0,0.0,19,0.31833846153846157,1,0,0,3
9330,2.0,2.0,0.0,19,0.31826538461538456,1,0,0,7
9331,2.0,2.0,0.0,16,0.31819230769230766,1,0,0,4
9332,2.0,2.0,0.0,18,0.3181192307692309,1,0,0,3
9333,2.0,2.0,0.0,19,0.31804615384615387,1,0,0,5
9334,2.0,2.0,0.0,30,0.31797307692307697,1,0,0,8
9335,2.0,2.0,0.0,16,0.31790000000000007,1,0,0,5
9336,2.0,2.0,0.0,20,0.3178269230769232,1,0,0,10
9337,2.0,2.0,0.0,16,0.31775384615384616,1,0,0,8
9338,2.0,2.0,0.0,24,0.31768076923076927,1,0,0,14
9339,2.0,2.0,0.0,20,0.31760769230769237,1,0,0,8
9340,2.0,2.0,0.0,35,0.31753461538461536,1,0,0,17
9341,2.0,2.0,0.0,30,0.31746153846153846,1,0,0,10
9342,2.0,2.0,0.0,17,0.31738846153846156,1,0,0,6
9343,2.0,2.0,0.0,17,0.31731538461538455,1,0,0,4
9344,2.0,2.0,0.0,31,0.31724230769230766,1,0,0,10
9345,2.0,2.0,0.0,36,0.31716923076923087,1,0,0,15
9346,2.0,2.0,0.0,18,0.31709615384615397,1,0,0,4
9347,2.0,2.0,0.0,30,0.31702307692307696,1,0,0,15
9348,2.0,2.0,0.0,28,0.31695000000000007,1,0,0,15
9349,2.0,2.0,0.0,25,0.31687692307692317,1,0,0,14
9350,2.0,2.0,0.0,28,0.31680384615384616,1,0,0,11
9351,2.0,2.0,0.0,15,0.31673076923076926,1,0,0,7
9352,2.0,2.0,0.0,17,0.31665769230769236,1,0,0,4
9353,2.0,2.0,0.0,19,0.31658461538461535,1,0,0,9
9354,2.0,2.0,0.0,28,0.31651153846153846,1,0,0,13
9355,2.0,2.0,0.0,17,0.31643846153846156,1,0,0,6
9356,2.0,2.0,0.0,22,0.31636538461538466,1,0,0,10
9357,2.0,2.0,0.0,24,0.31629230769230765,1,0,0,11
9358,2.0,2.0,0.0,25,0.31621923076923086,1,0,0,9
9359,2.0,2.0,0.0,19,0.31614615384615397,1,0,0,8
9360,2.0,2.0,0.0,42,0.31607307692307696,1,0,0,19
9361,2.0,2.0,0.0,24,0.31600000000000006,1,0,0,12
9362,2.0,2.0,0.0,18,0.31592692307692316,1,0,0,5
9363,2.0,2.0,0.0,18,0.31585384615384615,1,0,0,7
9364,2.0,2.0,0.0,22,0.31578076923076925,1,0,0,9
9365,2.0,2.0,0.0,22,0.31570769230769236,1,0,0,8
9366,2.0,2.0,0.0,17,0.31563461538461535,1,0,0,7
9367,2.0,2.0,0.0,25,0.31556153846153845,1,0,0,13
9368,2.0,2.0,0.0,24,0.31548846153846155,1,0,0,8
9369,2.0,2.0,0.0,20,0.31541538461538465,1,0,0,11
9370,2.0,2.0,0.0,19,0.31534230769230764,1,0,0,8
9371,2.0,2.0,0.0,19,0.31526923076923086,1,0,0,6
9372,2.0,2.0,0.0,24,0.31519615384615396,1,0,0,10
9373,2.0,2.0,0.0,24,0.31512307692307695,1,0,0,7
9374,2.0,2.0,0.0,25,0.31505000000000005,1,0,0,11
9375,2.0,2.0,0.0,21,0.31497692307692315,1,0,0,9
9376,2.0,2.0,0.0,17,0.31490384615384615,1,0,0,8
9377,2.0,2.0,0.0,25,0.31483076923076925,1,0,0,12
9378,2.0,2.0,0.0,17,0.31475769230769235,1,0,0,7
9379,2.0,2.0,0.0,17,0.31468461538461545,1,0,0,6
9380,2.0,2.0,0.0,19,0.31461153846153844,1,0,0,8
9381,2.0,2.0,0.0,20,0.31453846153846154,1,0,0,5
9382,2.0,2.0,0.0,20,0.31446538461538465,1,0,0,7
9383,2.0,2.0,0.0,24,0.31439230769230764,1,0,0,7
9384,2.0,2.0,0.0,19,0.31431923076923085,1,0,0,5
9385,2.0,2.0,0.0,26,0.31424615384615395,1,0,0,13
9386,2.0,2.0,0.0,17,0.31417307692307694,1,0,0,6
9387,2.0,2.0,0.0,15,0.31410000000000005,1,0,0,4
9388,2.0,2.0,0.0,29,0.31402692307692315,1,0,0,17
9389,2.0,2.0,0.0,19,0.31395384615384614,1,0,0,7
9390,2.0,2.0,0.0,17,0.31388076923076924,1,0,0,6
9391,2.0,2.0,0.0,32,0.31380769230769234,1,0,0,14
9392,2.0,2.0,0.0,19,0.31373461538461545,1,0,0,3
9393,2.0,2.0,0.0,31,0.31366153846153844,1,0,0,8
9394,2.0,2.0,0.0,18,0.31358846153846154,1,0,0,6
9395,2.0,2.0,0.0,22,0.31351538461538464,1,0,0,13
9396,2.0,2.0,0.0,29,0.31344230769230763,1,0,0,13
9397,2.0,2.0,0.0,17,0.31336923076923084,1,0,0,8
9398,2.0,2.0,0.0,23,0.31329615384615395,1,0,0,10
9399,2.0,2.0,0.0,22,0.31322307692307694,1,0,0,8
9400,2.0,2.0,0.0,21,0.31315000000000004,1,0,0,12
9401,2.0,2.0,0.0,19,0.31307692307692314,1,0,0,7
9402,2.0,2.0,0.0,23,0.31300384615384624,1,0,0,14
9403,2.0,2.0,0.0,25,0.31293076923076923,1,0,0,10
9404,2.0,2.0,0.0,27,0.31285769230769234,1,0,0,11
9405,2.0,2.0,0.0,24,0.31278461538461544,1,0,0,10
9406,2.0,2.0,0.0,18,0.31271153846153843,1,0,0,7
9407,2.0,2.0,0.0,22,0.31263846153846153,1,0,0,9
9408,2.0,2.0,0.0,22,0.31256538461538463,1,0,0,13
9409,0.0,0.0,0.0,14,0.3124923076923076,0,1,0,6
9410,2.0,2.0,0.0,20,0.31241923076923084,1,0,0,5
9411,2.0,2.0,0.0,19,0.31234615384615394,1,0,0,4
9412,2.0,2.0,0.0,23,0.31227307692307693,1,0,0,6
9413,2.0,2.0,0.0,33,0.31220000000000003,1,0,0,12
9414,2.0,2.0,0.0,22,0.31212692307692314,1,0,0,9
9415,2.0,2.0,0.0,24,0.31205384615384624,1,0,0,12
9416,2.0,2.0,0.0,21,0.31198076923076923,1,0,0,8
9417,2.0,2.0,0.0,21,0.31190769230769233,1,0,0,9
9418,2.0,2.0,0.0,21,0.31183461538461543,1,0,0,8
9419,2.0,2.0,0.0,18,0.3117615384615384,1,0,0,4
9420,2.0,2.0,0.0,17,0.3116884615384615,1,0,0,4
9421,2.0,2.0,0.0,22,0.3116153846153846,1,0,0,5
9422,2.0,2.0,0.0,27,0.3115423076923076,1,0,0,8
9423,2.0,2.0,0.0,31,0.31146923076923083,1,0,0,9
9424,2.0,2.0,0.0,28,0.31139615384615393,1,0,0,9
9425,2.0,2.0,0.0,23,0.31132307692307704,1,0,0,8
9426,2.0,2.0,0.0,17,0.31125,1,0,0,9
9427,2.0,2.0,0.0,17,0.31117692307692313,1,0,0,5
9428,2.0,2.0,0.0,22,0.31110384615384623,1,0,0,9
9429,2.0,2.0,0.0,26,0.3110307692307692,1,0,0,15
9430,2.0,2.0,0.0,33,0.3109576923076923,1,0,0,9
9431,2.0,2.0,0.0,20,0.3108846153846154,1,0,0,10
9432,2.0,2.0,0.0,15,0.3108115384615384,1,0,0,7
9433,2.0,2.0,0.0,24,0.3107384615384615,1,0,0,6
9434,2.0,2.0,0.0,17,0.3106653846153846,1,0,0,6
9435,2.0,2.0,0.0,19,0.3105923076923077,1,0,0,8
9436,2.0,2.0,0.0,17,0.3105192307692308,1,0,0,6
9437,2.0,2.0,0.0,15,0.3104461538461539,1,0,0,6
9438,2.0,2.0,0.0,40,0.31037307692307703,1,0,0,22
9439,2.0,2.0,0.0,36,0.3103,1,0,0,11
9440,2.0,2.0,0.0,23,0.3102269230769231,1,0,0,8
9441,2.0,2.0,0.0,27,0.3101538461538462,1,0,0,10
9442,2.0,2.0,0.0,29,0.3100807692307692,1,0,0,9
9443,2.0,2.0,0.0,24,0.3100076923076923,1,0,0,8
9444,2.0,2.0,0.0,22,0.3099346153846154,1,0,0,9
9445,2.0,2.0,0.0,17,0.3098615384615384,1,0,0,4
9446,2.0,2.0,0.0,23,0.3097884615384615,1,0,0,13
9447,2.0,2.0,0.0,28,0.3097153846153846,1,0,0,12
9448,2.0,2.0,0.0,26,0.3096423076923078,1,0,0,12
9449,1.0,1.0,0.0,23,0.3095692307692308,0,1,0,11
9450,2.0,2.0,0.0,21,0.3094961538461539,1,0,0,7
9451,2.0,2.0,0.0,23,0.309423076923077,1,0,0,10
9452,2.0,2.0,0.0,23,0.30935,1,0,0,8
9453,2.0,2.0,0.0,19,0.3092769230769231,1,0,0,8
9454,2.0,2.0,0.0,25,0.3092038461538462,1,0,0,10
9455,2.0,2.0,0.0,21,0.3091307692307692,1,0,0,7
9456,2.0,2.0,0.0,25,0.3090576923076923,1,0,0,9
9457,2.0,2.0,0.0,18,0.3089846153846154,1,0,0,9
9458,2.0,2.0,0.0,23,0.3089115384615385,1,0,0,8
9459,2.0,2.0,0.0,20,0.3088384615384615,1,0,0,6
9460,2.0,2.0,0.0,24,0.3087653846153846,1,0,0,8
9461,2.0,2.0,0.0,27,0.3086923076923078,1,0,0,10
9462,2.0,2.0,0.0,16,0.3086192307692308,1,0,0,5
9463,2.0,2.0,0.0,22,0.3085461538461539,1,0,0,7
9464,2.0,2.0,0.0,21,0.308473076923077,1,0,0,9
9465,2.0,2.0,0.0,31,0.3084,1,0,0,17
9466,2.0,2.0,0.0,24,0.3083269230769231,1,0,0,11
9467,2.0,2.0,0.0,20,0.3082538461538462,1,0,0,9
9468,2.0,2.0,0.0,18,0.3081807692307692,1,0,0,6
9469,2.0,2.0,0.0,18,0.3081076923076923,1,0,0,6
9470,2.0,2.0,0.0,15,0.3080346153846154,1,0,0,10
9471,2.0,2.0,0.0,25,0.3079615384615385,1,0,0,5
9472,2.0,2.0,0.0,30,0.3078884615384615,1,0,0,8
9473,2.0,2.0,0.0,25,0.3078153846153846,1,0,0,12
9474,2.0,2.0,0.0,24,0.3077423076923078,1,0,0,9
9475,2.0,2.0,0.0,20,0.3076692307692308,1,0,0,7
9476,2.0,2.0,0.0,23,0.3075961538461539,1,0,0,9
9477,2.0,2.0,0.0,24,0.307523076923077,1,0,0,10
9478,2.0,2.0,0.0,18,0.30745,1,0,0,6
9479,2.0,2.0,0.0,34,0.3073769230769231,1,0,0,16
9480,2.0,2.0,0.0,29,0.3073038461538462,1,0,0,14
9481,2.0,2.0,0.0,20,0.3072307692307693,1,0,0,8
9482,2.0,2.0,0.0,16,0.3071576923076923,1,0,0,6
9483,2.0,2.0,0.0,17,0.3070846153846154,1,0,0,7
9484,2.0,2.0,0.0,19,0.3070115384615385,1,0,0,3
9485,2.0,2.0,0.0,22,0.3069384615384615,1,0,0,6
9486,2.0,2.0,0.0,17,0.3068653846153846,1,0,0,7
9487,2.0,2.0,0.0,21,0.3067923076923078,1,0,0,9
9488,2.0,2.0,0.0,20,0.3067192307692308,1,0,0,9
9489,2.0,2.0,0.0,23,0.3066461538461539,1,0,0,7
9490,2.0,2.0,0.0,28,0.306573076923077,1,0,0,12
9491,2.0,2.0,0.0,17,0.3065,1,0,0,7
9492,2.0,2.0,0.0,24,0.3064269230769231,1,0,0,10
9493,2.0,2.0,0.0,25,0.3063538461538462,1,0,0,13
9494,2.0,2.0,0.0,20,0.3062807692307693,1,0,0,9
9495,2.0,2.0,0.0,21,0.3062076923076923,1,0,0,10
9496,2.0,2.0,0.0,29,0.3061346153846154,1,0,0,11
9497,2.0,2.0,0.0,18,0.3060615384615385,1,0,0,5
9498,2.0,2.0,0.0,28,0.3059884615384615,1,0,0,10
9499,2.0,2.0,0.0,23,0.3059153846153846,1,0,0,12
9500,2.0,2.0,0.0,15,0.3058423076923078,1,0,0,5
9501,2.0,2.0,0.0,21,0.3057692307692308,1,0,0,11
9502,1.0,1.0,0.0,32,0.3056961538461539,0,1,0,16
9503,2.0,2.0,0.0,27,0.305623076923077,1,0,0,7
9504,2.0,2.0,0.0,20,0.3055500000000001,1,0,0,8
9505,0.0,0.0,0.0,27,0.3054769230769231,0,1,0,10
9506,2.0,2.0,0.0,17,0.3054038461538462,1,0,0,7
9507,2.0,2.0,0.0,16,0.3053307692307693,1,0,0,3
9508,2.0,2.0,0.0,22,0.3052576923076923,1,0,0,9
9509,2.0,2.0,0.0,24,0.3051846153846154,1,0,0,11
9510,2.0,2.0,0.0,17,0.3051115384615385,1,0,0,5
9511,2.0,2.0,0.0,27,0.3050384615384615,1,0,0,12
9512,2.0,2.0,0.0,19,0.3049653846153846,1,0,0,7
9513,2.0,2.0,0.0,18,0.3048923076923078,1,0,0,9
9514,2.0,2.0,0.0,20,0.3048192307692308,1,0,0,5
9515,0.0,0.0,0.0,20,0.3047461538461539,0,1,0,6
9516,2.0,2.0,0.0,20,0.304673076923077,1,0,0,9
9517,2.0,2.0,0.0,21,0.3046000000000001,1,0,0,7
9518,2.0,2.0,0.0,29,0.3045269230769231,1,0,0,13
9519,2.0,2.0,0.0,22,0.3044538461538462,1,0,0,7
9520,2.0,2.0,0.0,22,0.3043807692307693,1,0,0,7
9521,2.0,2.0,0.0,15,0.3043076923076923,1,0,0,4
9522,2.0,2.0,0.0,17,0.3042346153846154,1,0,0,5
9523,2.0,2.0,0.0,15,0.3041615384615385,1,0,0,5
9524,2.0,2.0,0.0,25,0.3040884615384615,1,0,0,10
9525,2.0,2.0,0.0,19,0.3040153846153846,1,0,0,7
9526,2.0,2.0,0.0,19,0.3039423076923078,1,0,0,8
9527,0.0,0.0,0.0,10,0.3038692307692309,0,1,0,6
9528,2.0,2.0,0.0,20,0.3037961538461539,1,0,0,9
9529,2.0,2.0,0.0,23,0.303723076923077,1,0,0,8
9530,2.0,2.0,0.0,25,0.3036500000000001,1,0,0,10
9531,2.0,2.0,0.0,20,0.3035769230769231,1,0,0,5
9532,2.0,2.0,0.0,15,0.3035038461538462,1,0,0,3
9533,2.0,2.0,0.0,17,0.3034307692307693,1,0,0,5
9534,2.0,2.0,0.0,20,0.3033576923076923,1,0,0,7
9535,2.0,2.0,0.0,29,0.3032846153846154,1,0,0,13
9536,2.0,2.0,0.0,22,0.3032115384615385,1,0,0,10
9537,2.0,2.0,0.0,15,0.3031384615384616,1,0,0,4
9538,2.0,2.0,0.0,19,0.30306538461538457,1,0,0,9
9539,2.0,2.0,0.0,22,0.3029923076923078,1,0,0,13
9540,2.0,2.0,0.0,30,0.3029192307692309,1,0,0,10
9541,2.0,2.0,0.0,27,0.3028461538461539,1,0,0,7
9542,2.0,2.0,0.0,20,0.302773076923077,1,0,0,9
9543,2.0,2.0,0.0,15,0.3027000000000001,1,0,0,5
9544,2.0,2.0,0.0,17,0.30262692307692307,1,0,0,7
9545,2.0,2.0,0.0,26,0.3025538461538462,1,0,0,9
9546,2.0,2.0,0.0,25,0.3024807692307693,1,0,0,9
9547,2.0,2.0,0.0,30,0.30240769230769227,1,0,0,12
9548,2.0,2.0,0.0,18,0.30233461538461537,1,0,0,8
9549,2.0,2.0,0.0,26,0.30226153846153847,1,0,0,9
9550,2.0,2.0,0.0,24,0.3021884615384616,1,0,0,9
9551,2.0,2.0,0.0,20,0.30211538461538456,1,0,0,9
9552,2.0,2.0,0.0,15,0.3020423076923078,1,0,0,7
9553,2.0,2.0,0.0,23,0.3019692307692309,1,0,0,12
9554,2.0,2.0,0.0,25,0.30189615384615387,1,0,0,8
9555,2.0,2.0,0.0,22,0.30182307692307697,1,0,0,10
9556,2.0,2.0,0.0,29,0.3017500000000001,1,0,0,9
9557,2.0,2.0,0.0,30,0.30167692307692306,1,0,0,10
9558,2.0,2.0,0.0,20,0.30160384615384617,1,0,0,10
9559,2.0,2.0,0.0,18,0.30153076923076927,1,0,0,5
9560,2.0,2.0,0.0,16,0.30145769230769237,1,0,0,2
9561,2.0,2.0,0.0,23,0.30138461538461536,1,0,0,7
9562,2.0,2.0,0.0,31,0.30131153846153846,1,0,0,10
9563,2.0,2.0,0.0,22,0.30123846153846157,1,0,0,8
9564,2.0,2.0,0.0,21,0.30116538461538467,1,0,0,9
9565,2.0,2.0,0.0,22,0.30109230769230777,1,0,0,8
9566,2.0,2.0,0.0,19,0.30101923076923087,1,0,0,7
9567,2.0,2.0,0.0,18,0.30094615384615386,1,0,0,9
9568,2.0,2.0,0.0,17,0.30087307692307697,1,0,0,8
9569,2.0,2.0,0.0,23,0.30080000000000007,1,0,0,10
9570,2.0,2.0,0.0,18,0.30072692307692306,1,0,0,10
9571,2.0,2.0,0.0,36,0.30065384615384616,1,0,0,12
9572,2.0,2.0,0.0,33,0.30058076923076926,1,0,0,10
9573,2.0,2.0,0.0,24,0.30050769230769236,1,0,0,11
9574,2.0,2.0,0.0,17,0.30043461538461536,1,0,0,5
9575,2.0,2.0,0.0,16,0.30036153846153846,1,0,0,4
9576,2.0,2.0,0.0,24,0.30028846153846156,1,0,0,8
9577,2.0,2.0,0.0,20,0.30021538461538466,1,0,0,10
9578,2.0,2.0,0.0,22,0.30014230769230776,1,0,0,10
9579,2.0,2.0,0.0,17,0.30006923076923087,1,0,0,7
9580,2.0,2.0,0.0,16,0.29999615384615386,1,0,0,11
9581,2.0,2.0,0.0,25,0.29992307692307696,1,0,0,7
9582,2.0,2.0,0.0,31,0.29985000000000006,1,0,0,13
9583,2.0,2.0,0.0,25,0.29977692307692316,1,0,0,12
9584,2.0,2.0,0.0,15,0.29970384615384615,1,0,0,5
9585,2.0,2.0,0.0,15,0.29963076923076926,1,0,0,4
9586,2.0,2.0,0.0,26,0.29955769230769236,1,0,0,8
9587,2.0,2.0,0.0,31,0.29948461538461535,1,0,0,15
9588,2.0,2.0,0.0,16,0.29941153846153845,1,0,0,5
9589,2.0,2.0,0.0,17,0.29933846153846155,1,0,0,8
9590,2.0,2.0,0.0,17,0.29926538461538466,1,0,0,5
9591,2.0,2.0,0.0,19,0.29919230769230776,1,0,0,6
9592,2.0,2.0,0.0,33,0.29911923076923086,1,0,0,12
9593,2.0,2.0,0.0,16,0.29904615384615385,1,0,0,3
9594,2.0,2.0,0.0,19,0.29897307692307695,1,0,0,6
9595,2.0,2.0,0.0,17,0.29890000000000005,1,0,0,6
9596,2.0,2.0,0.0,25,0.29882692307692316,1,0,0,7
9597,2.0,2.0,0.0,21,0.29875384615384615,1,0,0,9
9598,2.0,2.0,0.0,17,0.29868076923076925,1,0,0,5
9599,2.0,2.0,0.0,25,0.29860769230769235,1,0,0,12
9600,2.0,2.0,0.0,17,0.29853461538461534,1,0,0,8
9601,2.0,2.0,0.0,34,0.29846153846153844,1,0,0,21
9602,2.0,2.0,0.0,22,0.29838846153846155,1,0,0,7
9603,2.0,2.0,0.0,18,0.29831538461538465,1,0,0,8
9604,2.0,2.0,0.0,20,0.29824230769230775,1,0,0,5
9605,2.0,2.0,0.0,21,0.29816923076923085,1,0,0,6
9606,2.0,2.0,0.0,18,0.29809615384615396,1,0,0,10
9607,2.0,2.0,0.0,26,0.29802307692307695,1,0,0,10
9608,2.0,2.0,0.0,21,0.29795000000000005,1,0,0,14
9609,2.0,2.0,0.0,16,0.29787692307692315,1,0,0,9
9610,2.0,2.0,0.0,15,0.29780384615384614,1,0,0,6
9611,2.0,2.0,0.0,19,0.29773076923076924,1,0,0,7
9612,2.0,2.0,0.0,21,0.29765769230769235,1,0,0,8
9613,2.0,2.0,0.0,20,0.29758461538461534,1,0,0,7
9614,2.0,2.0,0.0,23,0.29751153846153844,1,0,0,8
9615,2.0,2.0,0.0,27,0.29743846153846154,1,0,0,12
9616,2.0,2.0,0.0,25,0.29736538461538464,1,0,0,12
9617,2.0,2.0,0.0,20,0.29729230769230774,1,0,0,9
9618,2.0,2.0,0.0,30,0.29721923076923085,1,0,0,12
9619,2.0,2.0,0.0,32,0.29714615384615395,1,0,0,12
9620,2.0,2.0,0.0,17,0.29707307692307694,1,0,0,9
9621,2.0,2.0,0.0,18,0.29700000000000004,1,0,0,4
9622,2.0,2.0,0.0,17,0.29692692307692314,1,0,0,6
9623,2.0,2.0,0.0,25,0.29685384615384613,1,0,0,12
9624,2.0,2.0,0.0,23,0.29678076923076924,1,0,0,11
9625,2.0,2.0,0.0,27,0.29670769230769234,1,0,0,12
9626,1.0,1.0,0.0,20,0.29663461538461533,0,1,0,13
9627,2.0,2.0,0.0,28,0.29656153846153843,1,0,0,12
9628,2.0,2.0,0.0,21,0.29648846153846153,1,0,0,4
9629,2.0,2.0,0.0,30,0.29641538461538475,1,0,0,14
9630,2.0,2.0,0.0,16,0.29634230769230774,1,0,0,5
9631,2.0,2.0,0.0,23,0.29626923076923084,1,0,0,11
9632,2.0,2.0,0.0,20,0.29619615384615394,1,0,0,7
9633,2.0,2.0,0.0,19,0.29612307692307693,1,0,0,9
9634,2.0,2.0,0.0,22,0.29605000000000004,1,0,0,7
9635,2.0,2.0,0.0,23,0.29597692307692314,1,0,0,10
9636,2.0,2.0,0.0,23,0.29590384615384613,1,0,0,6
9637,2.0,2.0,0.0,24,0.29583076923076923,1,0,0,12
9638,2.0,2.0,0.0,18,0.29575769230769233,1,0,0,6
9639,2.0,2.0,0.0,21,0.29568461538461543,1,0,0,8
9640,2.0,2.0,0.0,24,0.2956115384615384,1,0,0,9
9641,2.0,2.0,0.0,23,0.2955384615384615,1,0,0,6
9642,2.0,2.0,0.0,22,0.29546538461538474,1,0,0,7
9643,2.0,2.0,0.0,21,0.29539230769230773,1,0,0,10
9644,2.0,2.0,0.0,17,0.29531923076923083,1,0,0,6
9645,2.0,2.0,0.0,25,0.29524615384615394,1,0,0,9
9646,2.0,2.0,0.0,19,0.2951730769230769,1,0,0,9
9647,2.0,2.0,0.0,23,0.29510000000000003,1,0,0,9
9648,2.0,2.0,0.0,17,0.29502692307692313,1,0,0,7
9649,2.0,2.0,0.0,27,0.2949538461538461,1,0,0,8
9650,2.0,2.0,0.0,24,0.2948807692307692,1,0,0,9
9651,2.0,2.0,0.0,26,0.2948076923076923,1,0,0,12
9652,2.0,2.0,0.0,90,0.29473461538461543,1,0,0,37
9653,2.0,2.0,0.0,17,0.2946615384615384,1,0,0,4
9654,2.0,2.0,0.0,20,0.2945884615384615,1,0,0,9
9655,2.0,2.0,0.0,25,0.29451538461538473,1,0,0,12
9656,2.0,2.0,0.0,20,0.2944423076923077,1,0,0,4
9657,2.0,2.0,0.0,22,0.2943692307692308,1,0,0,7
9658,2.0,2.0,0.0,27,0.29429615384615393,1,0,0,12
9659,2.0,2.0,0.0,22,0.2942230769230769,1,0,0,5
9660,2.0,2.0,0.0,22,0.29415,1,0,0,7
9661,2.0,2.0,0.0,23,0.2940769230769231,1,0,0,6
9662,2.0,2.0,0.0,25,0.2940038461538462,1,0,0,12
9663,2.0,2.0,0.0,25,0.2939307692307692,1,0,0,10
9664,2.0,2.0,0.0,21,0.2938576923076923,1,0,0,7
9665,2.0,2.0,0.0,26,0.2937846153846154,1,0,0,8
9666,2.0,2.0,0.0,33,0.2937115384615384,1,0,0,15
9667,2.0,2.0,0.0,20,0.2936384615384615,1,0,0,13
9668,2.0,2.0,0.0,18,0.29356538461538473,1,0,0,7
9669,2.0,2.0,0.0,27,0.2934923076923077,1,0,0,8
9670,2.0,2.0,0.0,22,0.2934192307692308,1,0,0,11
9671,2.0,2.0,0.0,27,0.2933461538461539,1,0,0,13
9672,2.0,2.0,0.0,21,0.2932730769230769,1,0,0,9
9673,1.0,1.0,0.0,29,0.2932,0,1,0,10
9674,2.0,2.0,0.0,25,0.2931269230769231,1,0,0,9
9675,2.0,2.0,0.0,19,0.2930538461538462,1,0,0,11
9676,2.0,2.0,0.0,17,0.2929807692307692,1,0,0,7
9677,2.0,2.0,0.0,19,0.2929076923076923,1,0,0,6
9678,2.0,2.0,0.0,49,0.2928346153846154,1,0,0,18
9679,2.0,2.0,0.0,23,0.2927615384615384,1,0,0,7
9680,2.0,2.0,0.0,18,0.2926884615384615,1,0,0,9
9681,2.0,2.0,0.0,18,0.2926153846153847,1,0,0,10
9682,2.0,2.0,0.0,16,0.2925423076923077,1,0,0,7
9683,0.0,0.0,0.0,18,0.2924692307692308,0,1,0,9
9684,2.0,2.0,0.0,20,0.2923961538461539,1,0,0,6
9685,2.0,2.0,0.0,18,0.292323076923077,1,0,0,11
9686,2.0,2.0,0.0,30,0.29225,1,0,0,16
9687,2.0,2.0,0.0,21,0.2921769230769231,1,0,0,7
9688,2.0,2.0,0.0,20,0.2921038461538462,1,0,0,9
9689,2.0,2.0,0.0,28,0.2920307692307692,1,0,0,8
9690,2.0,2.0,0.0,18,0.2919576923076923,1,0,0,4
9691,2.0,2.0,0.0,16,0.2918846153846154,1,0,0,5
9692,2.0,2.0,0.0,17,0.2918115384615384,1,0,0,6
9693,2.0,2.0,0.0,19,0.2917384615384616,1,0,0,10
9694,2.0,2.0,0.0,18,0.2916653846153847,1,0,0,6
9695,2.0,2.0,0.0,19,0.2915923076923077,1,0,0,6
9696,2.0,2.0,0.0,25,0.2915192307692308,1,0,0,14
9697,2.0,2.0,0.0,22,0.2914461538461539,1,0,0,10
9698,2.0,2.0,0.0,24,0.291373076923077,1,0,0,10
9699,2.0,2.0,0.0,17,0.2913,1,0,0,6
9700,2.0,2.0,0.0,17,0.2912269230769231,1,0,0,9
9701,2.0,2.0,0.0,22,0.2911538461538462,1,0,0,9
9702,2.0,2.0,0.0,25,0.2910807692307692,1,0,0,7
9703,2.0,2.0,0.0,27,0.2910076923076923,1,0,0,10
9704,2.0,2.0,0.0,22,0.2909346153846154,1,0,0,8
9705,2.0,2.0,0.0,20,0.2908615384615384,1,0,0,12
9706,2.0,2.0,0.0,23,0.2907884615384616,1,0,0,9
9707,2.0,2.0,0.0,21,0.2907153846153847,1,0,0,8
9708,2.0,2.0,0.0,20,0.2906423076923078,1,0,0,8
9709,2.0,2.0,0.0,29,0.2905692307692308,1,0,0,7
9710,2.0,2.0,0.0,15,0.2904961538461539,1,0,0,5
9711,2.0,2.0,0.0,26,0.290423076923077,1,0,0,14
9712,2.0,2.0,0.0,20,0.29035,1,0,0,11
9713,2.0,2.0,0.0,26,0.2902769230769231,1,0,0,8
9714,2.0,2.0,0.0,22,0.2902038461538462,1,0,0,8
9715,2.0,2.0,0.0,25,0.2901307692307692,1,0,0,13
9716,2.0,2.0,0.0,24,0.2900576923076923,1,0,0,11
9717,2.0,2.0,0.0,30,0.2899846153846154,1,0,0,13
9718,2.0,2.0,0.0,15,0.2899115384615385,1,0,0,5
9719,2.0,2.0,0.0,24,0.2898384615384616,1,0,0,13
9720,2.0,2.0,0.0,17,0.2897653846153847,1,0,0,8
9721,0.0,0.0,0.0,39,0.2896923076923078,0,1,0,26
9722,2.0,2.0,0.0,21,0.2896192307692308,1,0,0,6
9723,2.0,2.0,0.0,27,0.2895461538461539,1,0,0,11
9724,2.0,2.0,0.0,21,0.289473076923077,1,0,0,10
9725,2.0,2.0,0.0,25,0.2894,1,0,0,7
9726,2.0,2.0,0.0,18,0.2893269230769231,1,0,0,8
9727,2.0,2.0,0.0,20,0.2892538461538462,1,0,0,8
9728,2.0,2.0,0.0,19,0.2891807692307692,1,0,0,11
9729,2.0,2.0,0.0,19,0.2891076923076923,1,0,0,5
9730,2.0,2.0,0.0,20,0.2890346153846154,1,0,0,6
9731,2.0,2.0,0.0,29,0.2889615384615385,1,0,0,10
9732,2.0,2.0,0.0,25,0.2888884615384616,1,0,0,10
9733,2.0,2.0,0.0,17,0.2888153846153847,1,0,0,5
9734,2.0,2.0,0.0,22,0.2887423076923078,1,0,0,5
9735,2.0,2.0,0.0,33,0.2886692307692308,1,0,0,12
9736,2.0,2.0,0.0,18,0.2885961538461539,1,0,0,8
9737,2.0,2.0,0.0,29,0.288523076923077,1,0,0,13
9738,2.0,2.0,0.0,15,0.28845,1,0,0,7
9739,2.0,2.0,0.0,30,0.2883769230769231,1,0,0,11
9740,2.0,2.0,0.0,29,0.2883038461538462,1,0,0,9
9741,2.0,2.0,0.0,26,0.2882307692307693,1,0,0,15
9742,2.0,2.0,0.0,19,0.2881576923076923,1,0,0,12
9743,2.0,2.0,0.0,31,0.2880846153846154,1,0,0,9
9744,2.0,2.0,0.0,21,0.2880115384615385,1,0,0,6
9745,2.0,2.0,0.0,27,0.2879384615384616,1,0,0,6
9746,2.0,2.0,0.0,33,0.2878653846153847,1,0,0,14
9747,2.0,2.0,0.0,20,0.2877923076923078,1,0,0,7
9748,2.0,2.0,0.0,24,0.2877192307692308,1,0,0,11
9749,1.0,1.0,0.0,26,0.2876461538461539,0,1,0,9
9750,2.0,2.0,0.0,24,0.287573076923077,1,0,0,15
9751,2.0,2.0,0.0,15,0.2875000000000001,1,0,0,4
9752,2.0,2.0,0.0,17,0.2874269230769231,1,0,0,7
9753,2.0,2.0,0.0,19,0.2873538461538462,1,0,0,10
9754,2.0,2.0,0.0,16,0.2872807692307693,1,0,0,4
9755,2.0,2.0,0.0,17,0.2872076923076923,1,0,0,8
9756,2.0,2.0,0.0,24,0.2871346153846154,1,0,0,11
9757,2.0,2.0,0.0,20,0.2870615384615385,1,0,0,5
9758,2.0,2.0,0.0,25,0.2869884615384616,1,0,0,9
9759,2.0,2.0,0.0,23,0.2869153846153847,1,0,0,8
9760,2.0,2.0,0.0,30,0.2868423076923078,1,0,0,13
9761,2.0,2.0,0.0,20,0.2867692307692308,1,0,0,8
9762,2.0,2.0,0.0,23,0.2866961538461539,1,0,0,13
9763,2.0,2.0,0.0,23,0.286623076923077,1,0,0,11
9764,2.0,2.0,0.0,17,0.2865500000000001,1,0,0,6
9765,2.0,2.0,0.0,21,0.2864769230769231,1,0,0,11
9766,2.0,2.0,0.0,20,0.2864038461538462,1,0,0,6
9767,2.0,2.0,0.0,27,0.2863307692307693,1,0,0,14
9768,2.0,2.0,0.0,28,0.28625769230769227,1,0,0,14
9769,2.0,2.0,0.0,16,0.28618461538461537,1,0,0,8
9770,2.0,2.0,0.0,31,0.2861115384615385,1,0,0,11
9771,2.0,2.0,0.0,113,0.2860384615384616,1,0,0,39
9772,2.0,2.0,0.0,16,0.2859653846153847,1,0,0,7
9773,2.0,2.0,0.0,22,0.2858923076923078,1,0,0,9
9774,2.0,2.0,0.0,19,0.2858192307692309,1,0,0,9
9775,2.0,2.0,0.0,17,0.28574615384615387,1,0,0,7
9776,2.0,2.0,0.0,24,0.285673076923077,1,0,0,14
9777,2.0,2.0,0.0,19,0.2856000000000001,1,0,0,7
9778,2.0,2.0,0.0,17,0.28552692307692307,1,0,0,4
9779,2.0,2.0,0.0,20,0.28545384615384617,1,0,0,6
9780,2.0,2.0,0.0,22,0.28538076923076927,1,0,0,10
9781,2.0,2.0,0.0,17,0.28530769230769226,1,0,0,5
9782,2.0,2.0,0.0,21,0.28523461538461536,1,0,0,11
9783,2.0,2.0,0.0,17,0.28516153846153847,1,0,0,8
9784,2.0,2.0,0.0,29,0.28508846153846157,1,0,0,13
9785,2.0,2.0,0.0,23,0.28501538461538467,1,0,0,8
9786,2.0,2.0,0.0,23,0.2849423076923078,1,0,0,7
9787,2.0,2.0,0.0,19,0.2848692307692309,1,0,0,5
9788,2.0,2.0,0.0,22,0.28479615384615387,1,0,0,8
9789,2.0,2.0,0.0,20,0.28472307692307697,1,0,0,9
9790,0.0,0.0,0.0,23,0.28465000000000007,0,1,0,10
9791,2.0,2.0,0.0,19,0.28457692307692306,1,0,0,10
9792,2.0,2.0,0.0,17,0.28450384615384616,1,0,0,4
9793,2.0,2.0,0.0,25,0.28443076923076926,1,0,0,7
9794,1.0,1.0,0.0,25,0.28435769230769226,0,1,0,9
9795,2.0,2.0,0.0,17,0.28428461538461536,1,0,0,4
9796,2.0,2.0,0.0,22,0.28421153846153846,1,0,0,5
9797,2.0,2.0,0.0,20,0.2841384615384617,1,0,0,5
9798,2.0,2.0,0.0,25,0.28406538461538466,1,0,0,10
9799,2.0,2.0,0.0,17,0.28399230769230777,1,0,0,7
9800,2.0,2.0,0.0,21,0.28391923076923087,1,0,0,6
9801,2.0,2.0,0.0,17,0.28384615384615386,1,0,0,4
9802,2.0,2.0,0.0,18,0.28377307692307696,1,0,0,8
9803,2.0,2.0,0.0,19,0.28370000000000006,1,0,0,10
9804,2.0,2.0,0.0,27,0.28362692307692305,1,0,0,10
9805,2.0,2.0,0.0,30,0.28355384615384616,1,0,0,15
9806,2.0,2.0,0.0,25,0.28348076923076926,1,0,0,13
9807,2.0,2.0,0.0,19,0.28340769230769236,1,0,0,8
9808,2.0,2.0,0.0,20,0.28333461538461535,1,0,0,6
9809,2.0,2.0,0.0,17,0.28326153846153845,1,0,0,5
9810,2.0,2.0,0.0,16,0.28318846153846167,1,0,0,4
9811,2.0,2.0,0.0,17,0.28311538461538466,1,0,0,5
9812,2.0,2.0,0.0,26,0.28304230769230776,1,0,0,8
9813,2.0,2.0,0.0,25,0.28296923076923086,1,0,0,13
9814,2.0,2.0,0.0,19,0.28289615384615385,1,0,0,9
9815,2.0,2.0,0.0,21,0.28282307692307695,1,0,0,8
9816,2.0,2.0,0.0,21,0.28275000000000006,1,0,0,11
9817,2.0,2.0,0.0,21,0.28267692307692305,1,0,0,12
9818,2.0,2.0,0.0,22,0.28260384615384615,1,0,0,7
9819,2.0,2.0,0.0,22,0.28253076923076925,1,0,0,7
9820,2.0,2.0,0.0,32,0.28245769230769235,1,0,0,15
9821,2.0,2.0,0.0,23,0.28238461538461535,1,0,0,10
9822,2.0,2.0,0.0,24,0.28231153846153856,1,0,0,11
9823,2.0,2.0,0.0,21,0.28223846153846166,1,0,0,10
9824,2.0,2.0,0.0,25,0.28216538461538465,1,0,0,15
9825,2.0,2.0,0.0,15,0.28209230769230775,1,0,0,7
9826,2.0,2.0,0.0,25,0.28201923076923086,1,0,0,10
9827,2.0,2.0,0.0,21,0.28194615384615385,1,0,0,7
9828,2.0,2.0,0.0,17,0.28187307692307695,1,0,0,9
9829,2.0,2.0,0.0,20,0.28180000000000005,1,0,0,8
9830,2.0,2.0,0.0,23,0.28172692307692315,1,0,0,7
9831,2.0,2.0,0.0,28,0.28165384615384614,1,0,0,10
9832,2.0,2.0,0.0,34,0.28158076923076925,1,0,0,15
9833,2.0,2.0,0.0,22,0.28150769230769235,1,0,0,9
9834,2.0,2.0,0.0,16,0.28143461538461534,1,0,0,6
9835,2.0,2.0,0.0,21,0.28136153846153855,1,0,0,7
9836,2.0,2.0,0.0,22,0.28128846153846165,1,0,0,11
9837,2.0,2.0,0.0,19,0.28121538461538464,1,0,0,8
9838,2.0,2.0,0.0,19,0.28114230769230775,1,0,0,8
9839,2.0,2.0,0.0,19,0.28106923076923085,1,0,0,7
9840,2.0,2.0,0.0,25,0.28099615384615384,1,0,0,9
9841,2.0,2.0,0.0,20,0.28092307692307694,1,0,0,7
9842,2.0,2.0,0.0,23,0.28085000000000004,1,0,0,10
9843,2.0,2.0,0.0,17,0.28077692307692315,1,0,0,5
9844,2.0,2.0,0.0,19,0.28070384615384614,1,0,0,9
9845,2.0,2.0,0.0,21,0.28063076923076924,1,0,0,8
9846,2.0,2.0,0.0,25,0.28055769230769234,1,0,0,8
9847,2.0,2.0,0.0,15,0.28048461538461533,1,0,0,7
9848,2.0,2.0,0.0,19,0.28041153846153855,1,0,0,5
9849,2.0,2.0,0.0,24,0.28033846153846165,1,0,0,9
9850,1.0,1.0,0.0,22,0.28026538461538464,0,1,0,8
9851,2.0,2.0,0.0,31,0.28019230769230774,1,0,0,12
9852,2.0,2.0,0.0,21,0.28011923076923084,1,0,0,9
9853,2.0,2.0,0.0,30,0.28004615384615394,1,0,0,16
9854,2.0,2.0,0.0,37,0.27997307692307694,1,0,0,18
9855,2.0,2.0,0.0,17,0.27990000000000004,1,0,0,5
9856,2.0,2.0,0.0,21,0.27982692307692314,1,0,0,6
9857,2.0,2.0,0.0,22,0.27975384615384613,1,0,0,11
9858,2.0,2.0,0.0,19,0.27968076923076923,1,0,0,6
9859,2.0,2.0,0.0,19,0.27960769230769233,1,0,0,8
9860,2.0,2.0,0.0,26,0.2795346153846153,1,0,0,14
9861,2.0,2.0,0.0,21,0.27946153846153854,1,0,0,7
9862,2.0,2.0,0.0,24,0.27938846153846164,1,0,0,9
9863,2.0,2.0,0.0,15,0.27931538461538463,1,0,0,4
9864,2.0,2.0,0.0,18,0.27924230769230773,1,0,0,4
9865,2.0,2.0,0.0,17,0.27916923076923084,1,0,0,6
9866,2.0,2.0,0.0,20,0.27909615384615394,1,0,0,8
9867,2.0,2.0,0.0,24,0.27902307692307693,1,0,0,6
9868,2.0,2.0,0.0,19,0.27895000000000003,1,0,0,7
9869,2.0,2.0,0.0,24,0.27887692307692313,1,0,0,10
9870,2.0,2.0,0.0,23,0.2788038461538461,1,0,0,7
9871,2.0,2.0,0.0,15,0.2787307692307692,1,0,0,6
9872,2.0,2.0,0.0,20,0.27865769230769233,1,0,0,9
9873,2.0,2.0,0.0,29,0.2785846153846153,1,0,0,14
9874,2.0,2.0,0.0,19,0.27851153846153853,1,0,0,6
9875,2.0,2.0,0.0,18,0.27843846153846163,1,0,0,9
9876,2.0,2.0,0.0,23,0.27836538461538474,1,0,0,10
9877,2.0,2.0,0.0,23,0.2782923076923077,1,0,0,11
9878,2.0,2.0,0.0,23,0.27821923076923083,1,0,0,12
9879,2.0,2.0,0.0,19,0.27814615384615393,1,0,0,6
9880,2.0,2.0,0.0,18,0.2780730769230769,1,0,0,4
9881,2.0,2.0,0.0,23,0.278,1,0,0,8
9882,2.0,2.0,0.0,25,0.2779269230769231,1,0,0,11
9883,2.0,2.0,0.0,16,0.2778538461538461,1,0,0,6
9884,2.0,2.0,0.0,19,0.2777807692307692,1,0,0,6
9885,2.0,2.0,0.0,15,0.2777076923076923,1,0,0,6
9886,2.0,2.0,0.0,22,0.2776346153846154,1,0,0,5
9887,2.0,2.0,0.0,17,0.2775615384615385,1,0,0,8
9888,0.0,0.0,0.0,27,0.27748846153846163,0,1,0,10
9889,2.0,2.0,0.0,18,0.27741538461538473,1,0,0,5
9890,2.0,2.0,0.0,19,0.2773423076923077,1,0,0,10
9891,2.0,2.0,0.0,30,0.2772692307692308,1,0,0,13
9892,2.0,2.0,0.0,15,0.2771961538461539,1,0,0,9
9893,2.0,2.0,0.0,26,0.2771230769230769,1,0,0,11
9894,2.0,2.0,0.0,18,0.27705,1,0,0,3
9895,2.0,2.0,0.0,17,0.2769769230769231,1,0,0,8
9896,2.0,2.0,0.0,17,0.2769038461538461,1,0,0,4
9897,2.0,2.0,0.0,21,0.2768307692307692,1,0,0,10
9898,2.0,2.0,0.0,23,0.2767576923076923,1,0,0,10
9899,2.0,2.0,0.0,18,0.2766846153846154,1,0,0,9
9900,2.0,2.0,0.0,25,0.2766115384615385,1,0,0,11
9901,2.0,2.0,0.0,27,0.2765384615384616,1,0,0,13
9902,2.0,2.0,0.0,29,0.2764653846153847,1,0,0,12
9903,2.0,2.0,0.0,17,0.2763923076923077,1,0,0,11
9904,2.0,2.0,0.0,24,0.2763192307692308,1,0,0,10
9905,2.0,2.0,0.0,15,0.2762461538461539,1,0,0,9
9906,2.0,2.0,0.0,15,0.2761730769230769,1,0,0,6
9907,2.0,2.0,0.0,19,0.2761,1,0,0,6
9908,2.0,2.0,0.0,23,0.2760269230769231,1,0,0,10
9909,2.0,2.0,0.0,17,0.2759538461538462,1,0,0,6
9910,2.0,2.0,0.0,23,0.2758807692307692,1,0,0,8
9911,2.0,2.0,0.0,17,0.2758076923076923,1,0,0,7
9912,2.0,2.0,0.0,20,0.2757346153846154,1,0,0,7
9913,2.0,2.0,0.0,22,0.2756615384615385,1,0,0,7
9914,2.0,2.0,0.0,18,0.2755884615384616,1,0,0,7
9915,2.0,2.0,0.0,20,0.2755153846153847,1,0,0,6
9916,2.0,2.0,0.0,16,0.2754423076923077,1,0,0,4
9917,2.0,2.0,0.0,18,0.2753692307692308,1,0,0,7
9918,2.0,2.0,0.0,21,0.2752961538461539,1,0,0,7
9919,2.0,2.0,0.0,24,0.2752230769230769,1,0,0,10
9920,2.0,2.0,0.0,15,0.27515,1,0,0,2
9921,2.0,2.0,0.0,21,0.2750769230769231,1,0,0,5
9922,2.0,2.0,0.0,22,0.2750038461538462,1,0,0,5
9923,2.0,2.0,0.0,21,0.2749307692307692,1,0,0,10
9924,2.0,2.0,0.0,32,0.2748576923076923,1,0,0,13
9925,2.0,2.0,0.0,15,0.2747846153846154,1,0,0,5
9926,2.0,2.0,0.0,15,0.2747115384615385,1,0,0,6
9927,2.0,2.0,0.0,20,0.2746384615384616,1,0,0,11
9928,2.0,2.0,0.0,19,0.2745653846153847,1,0,0,9
9929,2.0,2.0,0.0,21,0.2744923076923077,1,0,0,11
9930,2.0,2.0,0.0,20,0.2744192307692308,1,0,0,10
9931,2.0,2.0,0.0,35,0.2743461538461539,1,0,0,14
9932,2.0,2.0,0.0,20,0.274273076923077,1,0,0,8
9933,2.0,2.0,0.0,32,0.2742,1,0,0,10
9934,2.0,2.0,0.0,16,0.2741269230769231,1,0,0,4
9935,2.0,2.0,0.0,18,0.2740538461538462,1,0,0,6
9936,2.0,2.0,0.0,24,0.2739807692307692,1,0,0,10
9937,2.0,2.0,0.0,17,0.2739076923076923,1,0,0,5
9938,2.0,2.0,0.0,27,0.2738346153846154,1,0,0,12
9939,2.0,2.0,0.0,27,0.2737615384615385,1,0,0,14
9940,2.0,2.0,0.0,20,0.2736884615384616,1,0,0,10
9941,2.0,2.0,0.0,17,0.2736153846153847,1,0,0,4
9942,2.0,2.0,0.0,20,0.2735423076923077,1,0,0,7
9943,2.0,2.0,0.0,16,0.2734692307692308,1,0,0,6
9944,2.0,2.0,0.0,16,0.2733961538461539,1,0,0,7
9945,2.0,2.0,0.0,27,0.273323076923077,1,0,0,13
9946,2.0,2.0,0.0,23,0.27325,1,0,0,11
9947,2.0,2.0,0.0,23,0.2731769230769231,1,0,0,7
9948,2.0,2.0,0.0,18,0.2731038461538462,1,0,0,3
9949,2.0,2.0,0.0,16,0.2730307692307692,1,0,0,6
9950,2.0,2.0,0.0,15,0.2729576923076923,1,0,0,4
9951,2.0,2.0,0.0,19,0.2728846153846155,1,0,0,10
9952,2.0,2.0,0.0,36,0.2728115384615385,1,0,0,15
9953,2.0,2.0,0.0,24,0.2727384615384616,1,0,0,10
9954,2.0,2.0,0.0,24,0.2726653846153847,1,0,0,11
9955,2.0,2.0,0.0,21,0.2725923076923078,1,0,0,6
9956,2.0,2.0,0.0,15,0.2725192307692308,1,0,0,5
9957,2.0,2.0,0.0,23,0.2724461538461539,1,0,0,8
9958,2.0,2.0,0.0,29,0.272373076923077,1,0,0,11
9959,2.0,2.0,0.0,15,0.2723,1,0,0,7
9960,2.0,2.0,0.0,24,0.2722269230769231,1,0,0,12
9961,2.0,2.0,0.0,22,0.2721538461538462,1,0,0,8
9962,2.0,2.0,0.0,15,0.2720807692307692,1,0,0,4
9963,2.0,2.0,0.0,21,0.2720076923076923,1,0,0,5
9964,2.0,2.0,0.0,23,0.2719346153846155,1,0,0,8
9965,2.0,2.0,0.0,15,0.2718615384615385,1,0,0,6
9966,0.0,0.0,0.0,13,0.2717884615384616,0,1,0,8
9967,2.0,2.0,0.0,23,0.2717153846153847,1,0,0,15
9968,2.0,2.0,0.0,22,0.2716423076923078,1,0,0,11
9969,2.0,2.0,0.0,23,0.2715692307692308,1,0,0,11
9970,2.0,2.0,0.0,15,0.2714961538461539,1,0,0,5
9971,2.0,2.0,0.0,18,0.271423076923077,1,0,0,8
9972,2.0,2.0,0.0,24,0.27135,1,0,0,10
9973,2.0,2.0,0.0,25,0.2712769230769231,1,0,0,9
9974,2.0,2.0,0.0,23,0.2712038461538462,1,0,0,7
9975,2.0,2.0,0.0,17,0.2711307692307692,1,0,0,7
9976,2.0,2.0,0.0,28,0.2710576923076923,1,0,0,11
9977,2.0,2.0,0.0,15,0.2709846153846155,1,0,0,5
9978,2.0,2.0,0.0,30,0.2709115384615386,1,0,0,13
9979,2.0,2.0,0.0,15,0.2708384615384616,1,0,0,5
9980,2.0,2.0,0.0,23,0.2707653846153847,1,0,0,4
9981,2.0,2.0,0.0,18,0.2706923076923078,1,0,0,9
9982,2.0,2.0,0.0,18,0.2706192307692308,1,0,0,8
9983,2.0,2.0,0.0,16,0.2705461538461539,1,0,0,6
9984,2.0,2.0,0.0,21,0.270473076923077,1,0,0,8
9985,2.0,2.0,0.0,19,0.2704,1,0,0,11
9986,2.0,2.0,0.0,19,0.2703269230769231,1,0,0,5
9987,2.0,2.0,0.0,24,0.2702538461538462,1,0,0,11
9988,2.0,2.0,0.0,19,0.2701807692307693,1,0,0,5
9989,2.0,2.0,0.0,23,0.27010769230769227,1,0,0,7
9990,2.0,2.0,0.0,15,0.2700346153846155,1,0,0,6
9991,2.0,2.0,0.0,15,0.2699615384615386,1,0,0,9
9992,2.0,2.0,0.0,21,0.2698884615384616,1,0,0,5
9993,2.0,2.0,0.0,21,0.2698153846153847,1,0,0,10
9994,2.0,2.0,0.0,20,0.2697423076923078,1,0,0,10
9995,2.0,2.0,0.0,17,0.26966923076923077,1,0,0,2
9996,2.0,2.0,0.0,16,0.2695961538461539,1,0,0,1
9997,2.0,2.0,0.0,20,0.269523076923077,1,0,0,6
9998,2.0,2.0,0.0,15,0.26944999999999997,1,0,0,3
9999,2.0,2.0,0.0,23,0.26937692307692307,1,0,0,8
10000,2.0,2.0,0.0,25,0.26930384615384617,1,0,0,8
10001,2.0,2.0,0.0,20,0.2692307692307693,1,0,0,11
10002,2.0,2.0,0.0,21,0.26915769230769226,1,0,0,5
10003,2.0,2.0,0.0,25,0.2690846153846155,1,0,0,10
10004,2.0,2.0,0.0,21,0.2690115384615386,1,0,0,8
10005,2.0,2.0,0.0,20,0.26893846153846157,1,0,0,6
10006,2.0,2.0,0.0,23,0.2688653846153847,1,0,0,8
10007,2.0,2.0,0.0,23,0.2687923076923078,1,0,0,11
10008,2.0,2.0,0.0,26,0.26871923076923077,1,0,0,11
10009,2.0,2.0,0.0,17,0.26864615384615387,1,0,0,8
10010,2.0,2.0,0.0,21,0.26857307692307697,1,0,0,9
10011,2.0,2.0,0.0,23,0.26850000000000007,1,0,0,11
10012,2.0,2.0,0.0,18,0.26842692307692306,1,0,0,6
10013,2.0,2.0,0.0,17,0.26835384615384617,1,0,0,5
10014,2.0,2.0,0.0,23,0.26828076923076927,1,0,0,12
10015,2.0,2.0,0.0,19,0.26820769230769226,1,0,0,8
10016,2.0,2.0,0.0,24,0.26813461538461547,1,0,0,13
10017,2.0,2.0,0.0,17,0.2680615384615386,1,0,0,9
10018,2.0,2.0,0.0,19,0.26798846153846156,1,0,0,4
10019,2.0,2.0,0.0,17,0.26791538461538467,1,0,0,7
10020,2.0,2.0,0.0,25,0.26784230769230777,1,0,0,9
10021,2.0,2.0,0.0,19,0.26776923076923076,1,0,0,9
10022,2.0,2.0,0.0,15,0.26769615384615386,1,0,0,4
10023,2.0,2.0,0.0,27,0.26762307692307696,1,0,0,7
10024,2.0,2.0,0.0,17,0.26755000000000007,1,0,0,5
10025,2.0,2.0,0.0,15,0.26747692307692306,1,0,0,5
10026,2.0,2.0,0.0,17,0.26740384615384616,1,0,0,9
10027,2.0,2.0,0.0,25,0.26733076923076926,1,0,0,9
10028,2.0,2.0,0.0,19,0.26725769230769225,1,0,0,4
10029,2.0,2.0,0.0,18,0.26718461538461546,1,0,0,8
10030,2.0,2.0,0.0,27,0.26711153846153857,1,0,0,12
10031,2.0,2.0,0.0,25,0.26703846153846156,1,0,0,9
10032,2.0,2.0,0.0,29,0.26696538461538466,1,0,0,13
10033,2.0,2.0,0.0,15,0.26689230769230776,1,0,0,3
10034,2.0,2.0,0.0,18,0.26681923076923086,1,0,0,8
10035,2.0,2.0,0.0,23,0.26674615384615386,1,0,0,8
10036,2.0,2.0,0.0,20,0.26667307692307696,1,0,0,9
10037,2.0,2.0,0.0,15,0.26660000000000006,1,0,0,7
10038,2.0,2.0,0.0,21,0.26652692307692305,1,0,0,9
10039,2.0,2.0,0.0,26,0.26645384615384615,1,0,0,12
10040,2.0,2.0,0.0,20,0.26638076923076925,1,0,0,11
10041,2.0,2.0,0.0,21,0.26630769230769225,1,0,0,9
10042,2.0,2.0,0.0,20,0.26623461538461546,1,0,0,6
10043,2.0,2.0,0.0,15,0.26616153846153856,1,0,0,2
10044,2.0,2.0,0.0,26,0.26608846153846155,1,0,0,6
10045,2.0,2.0,0.0,16,0.26601538461538465,1,0,0,7
10046,2.0,2.0,0.0,21,0.26594230769230776,1,0,0,7
10047,2.0,2.0,0.0,21,0.26586923076923086,1,0,0,8
10048,2.0,2.0,0.0,19,0.26579615384615385,1,0,0,12
10049,2.0,2.0,0.0,23,0.26572307692307695,1,0,0,9
10050,2.0,2.0,0.0,15,0.26565000000000005,1,0,0,6
10051,2.0,2.0,0.0,17,0.26557692307692304,1,0,0,9
10052,2.0,2.0,0.0,19,0.26550384615384615,1,0,0,9
10053,2.0,2.0,0.0,18,0.26543076923076925,1,0,0,7
10054,2.0,2.0,0.0,15,0.26535769230769224,1,0,0,5
10055,2.0,2.0,0.0,23,0.26528461538461545,1,0,0,8
10056,2.0,2.0,0.0,20,0.26521153846153855,1,0,0,3
10057,2.0,2.0,0.0,15,0.26513846153846166,1,0,0,4
10058,2.0,2.0,0.0,18,0.26506538461538465,1,0,0,8
10059,2.0,2.0,0.0,16,0.26499230769230775,1,0,0,2
10060,2.0,2.0,0.0,22,0.26491923076923085,1,0,0,7
10061,2.0,2.0,0.0,34,0.26484615384615384,1,0,0,13
10062,2.0,2.0,0.0,18,0.26477307692307694,1,0,0,5
10063,2.0,2.0,0.0,17,0.26470000000000005,1,0,0,6
10064,2.0,2.0,0.0,15,0.26462692307692304,1,0,0,8
10065,2.0,2.0,0.0,26,0.26455384615384614,1,0,0,6
10066,2.0,2.0,0.0,20,0.26448076923076924,1,0,0,4
10067,2.0,2.0,0.0,17,0.26440769230769234,1,0,0,3
10068,2.0,2.0,0.0,19,0.26433461538461545,1,0,0,9
10069,2.0,2.0,0.0,20,0.26426153846153855,1,0,0,6
10070,2.0,2.0,0.0,17,0.26418846153846165,1,0,0,4
10071,2.0,2.0,0.0,17,0.26411538461538464,1,0,0,9
10072,2.0,2.0,0.0,22,0.26404230769230774,1,0,0,5
10073,2.0,2.0,0.0,20,0.26396923076923084,1,0,0,9
10074,2.0,2.0,0.0,20,0.26389615384615384,1,0,0,8
10075,2.0,2.0,0.0,17,0.26382307692307694,1,0,0,7
10076,2.0,2.0,0.0,19,0.26375000000000004,1,0,0,8
10077,2.0,2.0,0.0,37,0.26367692307692303,1,0,0,15
10078,2.0,2.0,0.0,20,0.26360384615384613,1,0,0,3
10079,2.0,2.0,0.0,17,0.26353076923076924,1,0,0,7
10080,2.0,2.0,0.0,19,0.26345769230769245,1,0,0,9
10081,2.0,2.0,0.0,22,0.26338461538461544,1,0,0,6
10082,2.0,2.0,0.0,31,0.26331153846153854,1,0,0,8
10083,2.0,2.0,0.0,26,0.26323846153846164,1,0,0,13
10084,2.0,2.0,0.0,25,0.26316538461538463,1,0,0,8
10085,2.0,2.0,0.0,21,0.26309230769230774,1,0,0,10
10086,2.0,2.0,0.0,26,0.26301923076923084,1,0,0,8
10087,2.0,2.0,0.0,21,0.26294615384615383,1,0,0,7
10088,2.0,2.0,0.0,21,0.26287307692307693,1,0,0,8
10089,2.0,2.0,0.0,15,0.26280000000000003,1,0,0,7
10090,2.0,2.0,0.0,17,0.26272692307692314,1,0,0,7
10091,2.0,2.0,0.0,16,0.2626538461538461,1,0,0,6
10092,2.0,2.0,0.0,21,0.26258076923076923,1,0,0,5
10093,2.0,2.0,0.0,22,0.26250769230769244,1,0,0,10
10094,2.0,2.0,0.0,22,0.26243461538461543,1,0,0,7
10095,2.0,2.0,0.0,34,0.26236153846153853,1,0,0,11
10096,2.0,2.0,0.0,19,0.26228846153846164,1,0,0,9
10097,2.0,2.0,0.0,23,0.26221538461538463,1,0,0,5
10098,2.0,2.0,0.0,16,0.26214230769230773,1,0,0,8
10099,2.0,2.0,0.0,19,0.26206923076923083,1,0,0,5
10100,2.0,2.0,0.0,16,0.2619961538461538,1,0,0,5
10101,2.0,2.0,0.0,17,0.2619230769230769,1,0,0,4
10102,2.0,2.0,0.0,19,0.26185,1,0,0,9
10103,2.0,2.0,0.0,23,0.26177692307692313,1,0,0,10
10104,2.0,2.0,0.0,15,0.2617038461538461,1,0,0,8
10105,2.0,2.0,0.0,30,0.2616307692307692,1,0,0,9
10106,2.0,2.0,0.0,21,0.26155769230769244,1,0,0,7
10107,2.0,2.0,0.0,15,0.2614846153846154,1,0,0,3
10108,2.0,2.0,0.0,18,0.26141153846153853,1,0,0,10
10109,2.0,2.0,0.0,19,0.26133846153846163,1,0,0,6
10110,2.0,2.0,0.0,19,0.2612653846153846,1,0,0,8
10111,2.0,2.0,0.0,15,0.2611923076923077,1,0,0,6
10112,2.0,2.0,0.0,29,0.2611192307692308,1,0,0,6
10113,2.0,2.0,0.0,21,0.2610461538461539,1,0,0,3
10114,2.0,2.0,0.0,27,0.2609730769230769,1,0,0,8
10115,2.0,2.0,0.0,27,0.2609,1,0,0,14
10116,2.0,2.0,0.0,20,0.2608269230769231,1,0,0,1
10117,2.0,2.0,0.0,17,0.2607538461538461,1,0,0,8
10118,2.0,2.0,0.0,15,0.2606807692307692,1,0,0,4
10119,2.0,2.0,0.0,15,0.26060769230769243,1,0,0,6
10120,2.0,2.0,0.0,21,0.2605346153846154,1,0,0,4
10121,2.0,2.0,0.0,34,0.2604615384615385,1,0,0,15
10122,2.0,2.0,0.0,20,0.2603884615384616,1,0,0,6
10123,2.0,2.0,0.0,16,0.2603153846153846,1,0,0,7
10124,2.0,2.0,0.0,17,0.2602423076923077,1,0,0,6
10125,2.0,2.0,0.0,17,0.2601692307692308,1,0,0,6
10126,2.0,2.0,0.0,15,0.2600961538461539,1,0,0,3
10127,2.0,2.0,0.0,19,0.2600230769230769,1,0,0,7
10128,2.0,2.0,0.0,18,0.25995,1,0,0,10
10129,2.0,2.0,0.0,19,0.2598769230769231,1,0,0,8
10130,2.0,2.0,0.0,16,0.2598038461538461,1,0,0,4
10131,2.0,2.0,0.0,20,0.2597307692307692,1,0,0,7
10132,2.0,2.0,0.0,23,0.2596576923076924,1,0,0,10
10133,2.0,2.0,0.0,19,0.2595846153846154,1,0,0,10
10134,2.0,2.0,0.0,22,0.2595115384615385,1,0,0,8
10135,2.0,2.0,0.0,20,0.2594384615384616,1,0,0,8
10136,2.0,2.0,0.0,18,0.2593653846153847,1,0,0,4
10137,2.0,2.0,0.0,18,0.2592923076923077,1,0,0,7
10138,2.0,2.0,0.0,28,0.2592192307692308,1,0,0,13
10139,2.0,2.0,0.0,31,0.2591461538461539,1,0,0,7
10140,2.0,2.0,0.0,17,0.2590730769230769,1,0,0,5
10141,2.0,2.0,0.0,26,0.259,1,0,0,12
10142,0.0,0.0,0.0,21,0.2589269230769231,0,1,0,6
10143,2.0,2.0,0.0,17,0.2588538461538461,1,0,0,7
10144,2.0,2.0,0.0,17,0.2587807692307692,1,0,0,6
10145,2.0,2.0,0.0,21,0.2587076923076924,1,0,0,7
10146,2.0,2.0,0.0,19,0.2586346153846154,1,0,0,8
10147,0.0,0.0,0.0,24,0.2585615384615385,0,1,0,10
10148,2.0,2.0,0.0,20,0.2584884615384616,1,0,0,8
10149,2.0,2.0,0.0,21,0.2584153846153847,1,0,0,8
10150,2.0,2.0,0.0,27,0.2583423076923077,1,0,0,6
10151,2.0,2.0,0.0,24,0.2582692307692308,1,0,0,11
10152,2.0,2.0,0.0,19,0.2581961538461539,1,0,0,6
10153,2.0,2.0,0.0,31,0.2581230769230769,1,0,0,11
10154,2.0,2.0,0.0,17,0.25805,1,0,0,4
10155,2.0,2.0,0.0,20,0.2579769230769231,1,0,0,6
10156,2.0,2.0,0.0,29,0.2579038461538461,1,0,0,6
10157,2.0,2.0,0.0,22,0.2578307692307692,1,0,0,11
10158,2.0,2.0,0.0,21,0.2577576923076924,1,0,0,7
10159,2.0,2.0,0.0,30,0.2576846153846155,1,0,0,10
10160,2.0,2.0,0.0,23,0.2576115384615385,1,0,0,6
10161,2.0,2.0,0.0,15,0.2575384615384616,1,0,0,6
10162,2.0,2.0,0.0,35,0.2574653846153847,1,0,0,13
10163,2.0,2.0,0.0,16,0.2573923076923077,1,0,0,7
10164,2.0,2.0,0.0,19,0.2573192307692308,1,0,0,5
10165,2.0,2.0,0.0,18,0.2572461538461539,1,0,0,9
10166,2.0,2.0,0.0,16,0.2571730769230769,1,0,0,4
10167,2.0,2.0,0.0,29,0.2571,1,0,0,10
10168,2.0,2.0,0.0,15,0.2570269230769231,1,0,0,5
10169,2.0,2.0,0.0,17,0.2569538461538462,1,0,0,5
10170,2.0,2.0,0.0,25,0.2568807692307692,1,0,0,8
10171,2.0,2.0,0.0,19,0.2568076923076924,1,0,0,8
10172,2.0,2.0,0.0,19,0.2567346153846155,1,0,0,11
10173,2.0,2.0,0.0,21,0.2566615384615385,1,0,0,8
10174,2.0,2.0,0.0,20,0.2565884615384616,1,0,0,8
10175,2.0,2.0,0.0,17,0.2565153846153847,1,0,0,8
10176,2.0,2.0,0.0,23,0.2564423076923077,1,0,0,7
10177,2.0,2.0,0.0,15,0.2563692307692308,1,0,0,6
10178,2.0,2.0,0.0,15,0.2562961538461539,1,0,0,6
10179,2.0,2.0,0.0,23,0.2562230769230769,1,0,0,5
10180,2.0,2.0,0.0,17,0.25615,1,0,0,7
10181,2.0,2.0,0.0,17,0.2560769230769231,1,0,0,6
10182,2.0,2.0,0.0,19,0.2560038461538462,1,0,0,4
10183,2.0,2.0,0.0,21,0.2559307692307692,1,0,0,9
10184,2.0,2.0,0.0,26,0.2558576923076924,1,0,0,9
10185,2.0,2.0,0.0,23,0.2557846153846155,1,0,0,8
10186,2.0,2.0,0.0,20,0.2557115384615385,1,0,0,6
10187,2.0,2.0,0.0,21,0.2556384615384616,1,0,0,6
10188,2.0,2.0,0.0,15,0.2555653846153847,1,0,0,8
10189,2.0,2.0,0.0,22,0.2554923076923077,1,0,0,7
10190,2.0,2.0,0.0,24,0.2554192307692308,1,0,0,7
10191,2.0,2.0,0.0,21,0.2553461538461539,1,0,0,7
10192,2.0,2.0,0.0,20,0.255273076923077,1,0,0,9
10193,2.0,2.0,0.0,21,0.2552,1,0,0,5
10194,2.0,2.0,0.0,16,0.2551269230769231,1,0,0,5
10195,2.0,2.0,0.0,17,0.2550538461538462,1,0,0,7
10196,2.0,2.0,0.0,17,0.2549807692307693,1,0,0,6
10197,2.0,2.0,0.0,27,0.2549076923076924,1,0,0,8
10198,2.0,2.0,0.0,21,0.2548346153846155,1,0,0,9
10199,2.0,2.0,0.0,19,0.2547615384615385,1,0,0,3
10200,2.0,2.0,0.0,19,0.2546884615384616,1,0,0,8
10201,2.0,2.0,0.0,23,0.2546153846153847,1,0,0,11
10202,2.0,2.0,0.0,26,0.2545423076923077,1,0,0,8
10203,2.0,2.0,0.0,21,0.2544692307692308,1,0,0,8
10204,2.0,2.0,0.0,21,0.2543961538461539,1,0,0,10
10205,2.0,2.0,0.0,15,0.254323076923077,1,0,0,5
10206,2.0,2.0,0.0,25,0.25425,1,0,0,11
10207,1.0,1.0,0.0,23,0.2541769230769231,0,1,0,8
10208,0.0,0.0,0.0,20,0.2541038461538462,0,1,0,5
10209,2.0,2.0,0.0,15,0.2540307692307693,1,0,0,4
10210,2.0,2.0,0.0,32,0.2539576923076924,1,0,0,16
10211,2.0,2.0,0.0,19,0.2538846153846155,1,0,0,6
10212,2.0,2.0,0.0,16,0.2538115384615385,1,0,0,9
10213,2.0,2.0,0.0,17,0.2537384615384616,1,0,0,7
10214,2.0,2.0,0.0,26,0.2536653846153847,1,0,0,9
10215,2.0,2.0,0.0,19,0.2535923076923078,1,0,0,11
10216,2.0,2.0,0.0,16,0.2535192307692308,1,0,0,5
10217,2.0,2.0,0.0,24,0.2534461538461539,1,0,0,12
10218,2.0,2.0,0.0,21,0.253373076923077,1,0,0,9
10219,2.0,2.0,0.0,19,0.25329999999999997,1,0,0,12
10220,2.0,2.0,0.0,19,0.25322692307692307,1,0,0,6
10221,2.0,2.0,0.0,19,0.2531538461538462,1,0,0,7
10222,2.0,2.0,0.0,23,0.2530807692307693,1,0,0,8
10223,2.0,2.0,0.0,17,0.2530076923076924,1,0,0,9
10224,2.0,2.0,0.0,18,0.2529346153846155,1,0,0,4
10225,2.0,2.0,0.0,19,0.25286153846153847,1,0,0,9
10226,2.0,2.0,0.0,25,0.2527884615384616,1,0,0,10
10227,2.0,2.0,0.0,15,0.2527153846153847,1,0,0,5
10228,2.0,2.0,0.0,25,0.2526423076923078,1,0,0,13
10229,2.0,2.0,0.0,15,0.25256923076923077,1,0,0,7
10230,2.0,2.0,0.0,22,0.25249615384615387,1,0,0,5
10231,2.0,2.0,0.0,19,0.25242307692307697,1,0,0,3
10232,2.0,2.0,0.0,17,0.25234999999999996,1,0,0,3
10233,2.0,2.0,0.0,18,0.25227692307692307,1,0,0,5
10234,2.0,2.0,0.0,25,0.25220384615384617,1,0,0,6
10235,2.0,2.0,0.0,18,0.25213076923076927,1,0,0,6
10236,2.0,2.0,0.0,19,0.25205769230769237,1,0,0,11
10237,2.0,2.0,0.0,21,0.2519846153846155,1,0,0,8
10238,2.0,2.0,0.0,20,0.2519115384615386,1,0,0,6
10239,2.0,2.0,0.0,22,0.25183846153846157,1,0,0,12
10240,2.0,2.0,0.0,27,0.25176538461538467,1,0,0,15
10241,2.0,2.0,0.0,30,0.25169230769230777,1,0,0,10
10242,2.0,2.0,0.0,23,0.25161923076923076,1,0,0,6
10243,2.0,2.0,0.0,24,0.25154615384615386,1,0,0,8
10244,2.0,2.0,0.0,20,0.25147307692307697,1,0,0,6
10245,2.0,2.0,0.0,18,0.25139999999999996,1,0,0,8
10246,2.0,2.0,0.0,20,0.25132692307692306,1,0,0,6
10247,2.0,2.0,0.0,19,0.25125384615384616,1,0,0,6
10248,2.0,2.0,0.0,17,0.25118076923076926,1,0,0,10
10249,2.0,2.0,0.0,20,0.25110769230769237,1,0,0,10
10250,2.0,2.0,0.0,15,0.25103461538461547,1,0,0,5
10251,2.0,2.0,0.0,17,0.25096153846153857,1,0,0,6
10252,2.0,2.0,0.0,21,0.25088846153846156,1,0,0,4
10253,2.0,2.0,0.0,20,0.25081538461538466,1,0,0,9
10254,2.0,2.0,0.0,15,0.25074230769230776,1,0,0,3
10255,2.0,2.0,0.0,16,0.25066923076923076,1,0,0,10
10256,2.0,2.0,0.0,21,0.25059615384615386,1,0,0,11
10257,2.0,2.0,0.0,16,0.25052307692307696,1,0,0,6
10258,2.0,2.0,0.0,19,0.25044999999999995,1,0,0,5
10259,2.0,2.0,0.0,19,0.25037692307692305,1,0,0,7
10260,2.0,2.0,0.0,18,0.25030384615384615,1,0,0,9
10261,2.0,2.0,0.0,31,0.25023076923076937,1,0,0,10
10262,2.0,2.0,0.0,19,0.25015769230769236,1,0,0,7
10263,2.0,2.0,0.0,30,0.25008461538461546,1,0,0,14
10264,2.0,2.0,0.0,25,0.25001153846153856,1,0,0,8
10265,2.0,2.0,0.0,17,0.24993846153846155,1,0,0,4
10266,2.0,2.0,0.0,19,0.24986538461538466,1,0,0,5
10267,2.0,2.0,0.0,23,0.24979230769230776,1,0,0,8
10268,2.0,2.0,0.0,22,0.24971923076923075,1,0,0,7
10269,2.0,2.0,0.0,22,0.24964615384615385,1,0,0,9
10270,2.0,2.0,0.0,22,0.24957307692307695,1,0,0,8
10271,2.0,2.0,0.0,28,0.24950000000000006,1,0,0,14
10272,2.0,2.0,0.0,18,0.24942692307692305,1,0,0,7
10273,2.0,2.0,0.0,17,0.24935384615384615,1,0,0,6
10274,2.0,2.0,0.0,20,0.24928076923076936,1,0,0,7
10275,2.0,2.0,0.0,17,0.24920769230769235,1,0,0,8
10276,2.0,2.0,0.0,20,0.24913461538461545,1,0,0,10
10277,2.0,2.0,0.0,18,0.24906153846153856,1,0,0,6
10278,2.0,2.0,0.0,21,0.24898846153846155,1,0,0,9
10279,2.0,2.0,0.0,20,0.24891538461538465,1,0,0,10
10280,2.0,2.0,0.0,17,0.24884230769230775,1,0,0,6
10281,2.0,2.0,0.0,15,0.24876923076923074,1,0,0,4
10282,2.0,2.0,0.0,27,0.24869615384615384,1,0,0,10
10283,2.0,2.0,0.0,17,0.24862307692307695,1,0,0,7
10284,2.0,2.0,0.0,23,0.24855000000000005,1,0,0,7
10285,2.0,2.0,0.0,25,0.24847692307692304,1,0,0,9
10286,2.0,2.0,0.0,16,0.24840384615384614,1,0,0,5
10287,2.0,2.0,0.0,21,0.24833076923076935,1,0,0,9
10288,2.0,2.0,0.0,28,0.24825769230769235,1,0,0,14
10289,2.0,2.0,0.0,26,0.24818461538461545,1,0,0,10
10290,2.0,2.0,0.0,17,0.24811153846153855,1,0,0,10
10291,2.0,2.0,0.0,16,0.24803846153846154,1,0,0,4
10292,2.0,2.0,0.0,23,0.24796538461538464,1,0,0,8
10293,2.0,2.0,0.0,15,0.24789230769230775,1,0,0,3
10294,2.0,2.0,0.0,17,0.24781923076923085,1,0,0,4
10295,2.0,2.0,0.0,29,0.24774615384615384,1,0,0,11
10296,2.0,2.0,0.0,17,0.24767307692307694,1,0,0,7
10297,2.0,2.0,0.0,19,0.24760000000000004,1,0,0,8
10298,2.0,2.0,0.0,17,0.24752692307692303,1,0,0,8
10299,2.0,2.0,0.0,19,0.24745384615384614,1,0,0,7
10300,2.0,2.0,0.0,17,0.24738076923076935,1,0,0,8
10301,2.0,2.0,0.0,18,0.24730769230769234,1,0,0,7
10302,2.0,2.0,0.0,16,0.24723461538461544,1,0,0,7
10303,2.0,2.0,0.0,23,0.24716153846153854,1,0,0,12
10304,2.0,2.0,0.0,23,0.24708846153846153,1,0,0,9
10305,2.0,2.0,0.0,22,0.24701538461538464,1,0,0,7
10306,2.0,2.0,0.0,15,0.24694230769230774,1,0,0,7
10307,2.0,2.0,0.0,20,0.24686923076923084,1,0,0,7
10308,2.0,2.0,0.0,24,0.24679615384615383,1,0,0,8
10309,2.0,2.0,0.0,18,0.24672307692307693,1,0,0,6
10310,2.0,2.0,0.0,15,0.24665000000000004,1,0,0,5
10311,2.0,2.0,0.0,21,0.24657692307692303,1,0,0,5
10312,2.0,2.0,0.0,20,0.24650384615384613,1,0,0,11
10313,2.0,2.0,0.0,19,0.24643076923076934,1,0,0,10
10314,2.0,2.0,0.0,23,0.24635769230769233,1,0,0,8
10315,2.0,2.0,0.0,17,0.24628461538461544,1,0,0,6
10316,2.0,2.0,0.0,17,0.24621153846153854,1,0,0,11
10317,2.0,2.0,0.0,17,0.24613846153846164,1,0,0,8
10318,2.0,2.0,0.0,23,0.24606538461538463,1,0,0,5
10319,2.0,2.0,0.0,34,0.24599230769230773,1,0,0,15
10320,2.0,2.0,0.0,22,0.24591923076923083,1,0,0,9
10321,2.0,2.0,0.0,31,0.24584615384615383,1,0,0,12
10322,2.0,2.0,0.0,24,0.24577307692307693,1,0,0,8
10323,2.0,2.0,0.0,22,0.24570000000000003,1,0,0,7
10324,2.0,2.0,0.0,20,0.24562692307692302,1,0,0,7
10325,2.0,2.0,0.0,30,0.24555384615384623,1,0,0,11
10326,2.0,2.0,0.0,18,0.24548076923076934,1,0,0,9
10327,2.0,2.0,0.0,17,0.24540769230769233,1,0,0,6
10328,2.0,2.0,0.0,22,0.24533461538461543,1,0,0,8
10329,2.0,2.0,0.0,21,0.24526153846153853,1,0,0,8
10330,2.0,2.0,0.0,23,0.24518846153846163,1,0,0,6
10331,2.0,2.0,0.0,19,0.24511538461538462,1,0,0,8
10332,2.0,2.0,0.0,19,0.24504230769230773,1,0,0,11
10333,2.0,2.0,0.0,22,0.24496923076923083,1,0,0,8
10334,2.0,2.0,0.0,19,0.24489615384615382,1,0,0,7
10335,2.0,2.0,0.0,18,0.24482307692307692,1,0,0,8
10336,2.0,2.0,0.0,19,0.24475000000000002,1,0,0,6
10337,2.0,2.0,0.0,20,0.24467692307692301,1,0,0,9
10338,2.0,2.0,0.0,25,0.24460384615384623,1,0,0,10
10339,2.0,2.0,0.0,19,0.24453076923076933,1,0,0,3
10340,2.0,2.0,0.0,19,0.24445769230769243,1,0,0,8
10341,2.0,2.0,0.0,29,0.24438461538461542,1,0,0,12
10342,2.0,2.0,0.0,21,0.24431153846153852,1,0,0,5
10343,2.0,2.0,0.0,19,0.24423846153846163,1,0,0,10
10344,2.0,2.0,0.0,18,0.24416538461538462,1,0,0,5
10345,2.0,2.0,0.0,19,0.24409230769230772,1,0,0,9
10346,2.0,2.0,0.0,20,0.24401923076923082,1,0,0,6
10347,2.0,2.0,0.0,19,0.2439461538461538,1,0,0,9
10348,2.0,2.0,0.0,27,0.24387307692307691,1,0,0,8
10349,2.0,2.0,0.0,17,0.24380000000000002,1,0,0,7
10350,2.0,2.0,0.0,17,0.24372692307692312,1,0,0,6
10351,2.0,2.0,0.0,23,0.24365384615384622,1,0,0,7
10352,2.0,2.0,0.0,21,0.24358076923076932,1,0,0,13
10353,2.0,2.0,0.0,21,0.24350769230769242,1,0,0,8
10354,2.0,2.0,0.0,18,0.24343461538461542,1,0,0,7
10355,2.0,2.0,0.0,19,0.24336153846153852,1,0,0,2
10356,2.0,2.0,0.0,26,0.24328846153846162,1,0,0,13
10357,2.0,2.0,0.0,22,0.2432153846153846,1,0,0,7
10358,2.0,2.0,0.0,19,0.2431423076923077,1,0,0,9
10359,2.0,2.0,0.0,20,0.24306923076923082,1,0,0,8
10360,2.0,2.0,0.0,21,0.2429961538461538,1,0,0,8
10361,2.0,2.0,0.0,21,0.2429230769230769,1,0,0,8
10362,2.0,2.0,0.0,15,0.24285,1,0,0,9
10363,2.0,2.0,0.0,19,0.2427769230769231,1,0,0,7
10364,2.0,2.0,0.0,23,0.24270384615384621,1,0,0,11
10365,2.0,2.0,0.0,17,0.24263076923076932,1,0,0,9
10366,2.0,2.0,0.0,21,0.24255769230769242,1,0,0,9
10367,2.0,2.0,0.0,17,0.2424846153846154,1,0,0,11
10368,2.0,2.0,0.0,21,0.2424115384615385,1,0,0,7
10369,2.0,2.0,0.0,21,0.2423384615384616,1,0,0,6
10370,2.0,2.0,0.0,18,0.2422653846153846,1,0,0,4
10371,2.0,2.0,0.0,18,0.2421923076923077,1,0,0,4
10372,2.0,2.0,0.0,16,0.2421192307692308,1,0,0,8
10373,2.0,2.0,0.0,17,0.2420461538461539,1,0,0,5
10374,2.0,2.0,0.0,21,0.2419730769230769,1,0,0,10
10375,2.0,2.0,0.0,15,0.2419,1,0,0,4
10376,2.0,2.0,0.0,20,0.2418269230769231,1,0,0,6
10377,2.0,2.0,0.0,21,0.2417538461538462,1,0,0,9
10378,2.0,2.0,0.0,18,0.2416807692307693,1,0,0,7
10379,2.0,2.0,0.0,25,0.2416076923076924,1,0,0,9
10380,2.0,2.0,0.0,18,0.2415346153846154,1,0,0,8
10381,2.0,2.0,0.0,18,0.2414615384615385,1,0,0,7
10382,2.0,2.0,0.0,17,0.2413884615384616,1,0,0,9
10383,2.0,2.0,0.0,24,0.2413153846153846,1,0,0,14
10384,2.0,2.0,0.0,15,0.2412423076923077,1,0,0,6
10385,2.0,2.0,0.0,28,0.2411692307692308,1,0,0,12
10386,2.0,2.0,0.0,27,0.2410961538461539,1,0,0,14
10387,2.0,2.0,0.0,18,0.2410230769230769,1,0,0,7
10388,2.0,2.0,0.0,20,0.24095,1,0,0,6
10389,2.0,2.0,0.0,20,0.2408769230769231,1,0,0,5
10390,2.0,2.0,0.0,22,0.2408038461538462,1,0,0,7
10391,2.0,2.0,0.0,21,0.2407307692307693,1,0,0,8
10392,2.0,2.0,0.0,22,0.2406576923076924,1,0,0,11
10393,2.0,2.0,0.0,26,0.2405846153846154,1,0,0,9
10394,2.0,2.0,0.0,16,0.2405115384615385,1,0,0,4
10395,2.0,2.0,0.0,17,0.2404384615384616,1,0,0,4
10396,2.0,2.0,0.0,27,0.2403653846153847,1,0,0,10
10397,2.0,2.0,0.0,20,0.2402923076923077,1,0,0,9
10398,2.0,2.0,0.0,16,0.2402192307692308,1,0,0,9
10399,2.0,2.0,0.0,24,0.2401461538461539,1,0,0,7
10400,2.0,2.0,0.0,25,0.2400730769230769,1,0,0,7
10401,2.0,2.0,0.0,19,0.24,1,0,0,10
10402,2.0,2.0,0.0,18,0.2399269230769231,1,0,0,9
10403,2.0,2.0,0.0,19,0.2398538461538462,1,0,0,5
10404,2.0,2.0,0.0,16,0.2397807692307693,1,0,0,6
10405,2.0,2.0,0.0,19,0.2397076923076924,1,0,0,9
10406,2.0,2.0,0.0,25,0.2396346153846154,1,0,0,7
10407,2.0,2.0,0.0,15,0.2395615384615385,1,0,0,7
10408,2.0,2.0,0.0,19,0.2394884615384616,1,0,0,8
10409,2.0,2.0,0.0,22,0.2394153846153847,1,0,0,10
10410,2.0,2.0,0.0,17,0.2393423076923077,1,0,0,7
10411,2.0,2.0,0.0,19,0.2392692307692308,1,0,0,3
10412,2.0,2.0,0.0,23,0.2391961538461539,1,0,0,5
10413,2.0,2.0,0.0,21,0.23912307692307688,1,0,0,10
10414,2.0,2.0,0.0,22,0.23904999999999998,1,0,0,9
10415,2.0,2.0,0.0,17,0.2389769230769231,1,0,0,5
10416,2.0,2.0,0.0,19,0.2389038461538462,1,0,0,11
10417,2.0,2.0,0.0,15,0.2388307692307693,1,0,0,4
10418,2.0,2.0,0.0,19,0.2387576923076924,1,0,0,9
10419,2.0,2.0,0.0,17,0.2386846153846155,1,0,0,5
10420,2.0,2.0,0.0,15,0.23861153846153849,1,0,0,6
10421,2.0,2.0,0.0,21,0.2385384615384616,1,0,0,7
10422,2.0,2.0,0.0,19,0.2384653846153847,1,0,0,10
10423,2.0,2.0,0.0,17,0.23839230769230768,1,0,0,10
10424,2.0,2.0,0.0,17,0.23831923076923078,1,0,0,7
10425,2.0,2.0,0.0,15,0.23824615384615389,1,0,0,5
10426,2.0,2.0,0.0,20,0.23817307692307688,1,0,0,5
10427,2.0,2.0,0.0,21,0.23809999999999998,1,0,0,7
10428,2.0,2.0,0.0,24,0.23802692307692308,1,0,0,8
10429,2.0,2.0,0.0,15,0.23795384615384618,1,0,0,5
10430,2.0,2.0,0.0,25,0.23788076923076928,1,0,0,14
10431,2.0,2.0,0.0,19,0.2378076923076924,1,0,0,5
10432,2.0,2.0,0.0,21,0.2377346153846155,1,0,0,6
10433,2.0,2.0,0.0,22,0.23766153846153848,1,0,0,8
10434,2.0,2.0,0.0,22,0.23758846153846158,1,0,0,9
10435,2.0,2.0,0.0,25,0.23751538461538468,1,0,0,10
10436,2.0,2.0,0.0,26,0.23744230769230767,1,0,0,14
10437,2.0,2.0,0.0,21,0.23736923076923078,1,0,0,7
10438,2.0,2.0,0.0,20,0.23729615384615388,1,0,0,9
10439,2.0,2.0,0.0,19,0.23722307692307687,1,0,0,9
10440,2.0,2.0,0.0,19,0.23714999999999997,1,0,0,6
10441,2.0,2.0,0.0,24,0.23707692307692319,1,0,0,9
10442,2.0,2.0,0.0,20,0.2370038461538463,1,0,0,6
10443,2.0,2.0,0.0,25,0.23693076923076928,1,0,0,6
10444,2.0,2.0,0.0,17,0.23685769230769238,1,0,0,7
10445,2.0,2.0,0.0,25,0.23678461538461548,1,0,0,11
10446,2.0,2.0,0.0,19,0.23671153846153847,1,0,0,8
10447,2.0,2.0,0.0,22,0.23663846153846158,1,0,0,14
10448,2.0,2.0,0.0,23,0.23656538461538468,1,0,0,8
10449,2.0,2.0,0.0,30,0.23649230769230767,1,0,0,9
10450,2.0,2.0,0.0,21,0.23641923076923077,1,0,0,5
10451,2.0,2.0,0.0,21,0.23634615384615387,1,0,0,10
10452,2.0,2.0,0.0,18,0.23627307692307697,1,0,0,7
10453,2.0,2.0,0.0,15,0.23619999999999997,1,0,0,8
10454,2.0,2.0,0.0,17,0.23612692307692318,1,0,0,4
10455,2.0,2.0,0.0,19,0.23605384615384628,1,0,0,7
10456,2.0,2.0,0.0,22,0.23598076923076927,1,0,0,9
10457,2.0,2.0,0.0,17,0.23590769230769237,1,0,0,7
10458,2.0,2.0,0.0,18,0.23583461538461548,1,0,0,5
10459,2.0,2.0,0.0,15,0.23576153846153847,1,0,0,4
10460,2.0,2.0,0.0,18,0.23568846153846157,1,0,0,8
10461,2.0,2.0,0.0,17,0.23561538461538467,1,0,0,4
10462,2.0,2.0,0.0,19,0.23554230769230766,1,0,0,9
10463,2.0,2.0,0.0,17,0.23546923076923076,1,0,0,5
10464,2.0,2.0,0.0,18,0.23539615384615387,1,0,0,6
10465,2.0,2.0,0.0,19,0.23532307692307697,1,0,0,7
10466,2.0,2.0,0.0,19,0.23524999999999996,1,0,0,7
10467,2.0,2.0,0.0,27,0.23517692307692317,1,0,0,8
10468,2.0,2.0,0.0,18,0.23510384615384627,1,0,0,9
10469,2.0,2.0,0.0,17,0.23503076923076927,1,0,0,5
10470,2.0,2.0,0.0,18,0.23495769230769237,1,0,0,9
10471,2.0,2.0,0.0,25,0.23488461538461547,1,0,0,12
10472,2.0,2.0,0.0,23,0.23481153846153846,1,0,0,8
10473,2.0,2.0,0.0,20,0.23473846153846156,1,0,0,5
10474,2.0,2.0,0.0,15,0.23466538461538466,1,0,0,9
10475,2.0,2.0,0.0,20,0.23459230769230777,1,0,0,5
10476,2.0,2.0,0.0,18,0.23451923076923076,1,0,0,7
10477,2.0,2.0,0.0,20,0.23444615384615386,1,0,0,9
10478,2.0,2.0,0.0,17,0.23437307692307696,1,0,0,6
10479,2.0,2.0,0.0,22,0.23429999999999995,1,0,0,7
10480,2.0,2.0,0.0,25,0.23422692307692317,1,0,0,13
10481,2.0,2.0,0.0,17,0.23415384615384627,1,0,0,8
10482,2.0,2.0,0.0,18,0.23408076923076926,1,0,0,5
10483,2.0,2.0,0.0,23,0.23400769230769236,1,0,0,9
10484,2.0,2.0,0.0,21,0.23393461538461546,1,0,0,9
10485,2.0,2.0,0.0,17,0.23386153846153845,1,0,0,6
10486,2.0,2.0,0.0,20,0.23378846153846156,1,0,0,8
10487,2.0,2.0,0.0,18,0.23371538461538466,1,0,0,6
10488,2.0,2.0,0.0,18,0.23364230769230776,1,0,0,5
10489,2.0,2.0,0.0,15,0.23356923076923075,1,0,0,6
10490,2.0,2.0,0.0,20,0.23349615384615385,1,0,0,6
10491,2.0,2.0,0.0,27,0.23342307692307696,1,0,0,12
10492,2.0,2.0,0.0,19,0.23334999999999995,1,0,0,7
10493,2.0,2.0,0.0,27,0.23327692307692316,1,0,0,13
10494,2.0,2.0,0.0,34,0.23320384615384626,1,0,0,15
10495,2.0,2.0,0.0,16,0.23313076923076925,1,0,0,5
10496,2.0,2.0,0.0,24,0.23305769230769235,1,0,0,8
10497,2.0,2.0,0.0,18,0.23298461538461546,1,0,0,7
10498,2.0,2.0,0.0,17,0.23291153846153856,1,0,0,9
10499,2.0,2.0,0.0,21,0.23283846153846155,1,0,0,8
10500,2.0,2.0,0.0,23,0.23276538461538465,1,0,0,5
10501,2.0,2.0,0.0,16,0.23269230769230775,1,0,0,5
10502,2.0,2.0,0.0,18,0.23261923076923074,1,0,0,9
10503,2.0,2.0,0.0,18,0.23254615384615385,1,0,0,8
10504,2.0,2.0,0.0,17,0.23247307692307695,1,0,0,4
10505,2.0,2.0,0.0,24,0.23239999999999994,1,0,0,6
10506,2.0,2.0,0.0,20,0.23232692307692315,1,0,0,7
10507,2.0,2.0,0.0,15,0.23225384615384626,1,0,0,6
10508,2.0,2.0,0.0,29,0.23218076923076925,1,0,0,10
10509,2.0,2.0,0.0,19,0.23210769230769235,1,0,0,9
10510,2.0,2.0,0.0,18,0.23203461538461545,1,0,0,10
10511,2.0,2.0,0.0,16,0.23196153846153855,1,0,0,4
10512,2.0,2.0,0.0,15,0.23188846153846154,1,0,0,3
10513,2.0,2.0,0.0,15,0.23181538461538465,1,0,0,4
10514,2.0,2.0,0.0,15,0.23174230769230775,1,0,0,6
10515,2.0,2.0,0.0,19,0.23166923076923074,1,0,0,7
10516,2.0,2.0,0.0,23,0.23159615384615384,1,0,0,7
10517,2.0,2.0,0.0,19,0.23152307692307694,1,0,0,7
10518,2.0,2.0,0.0,23,0.23144999999999993,1,0,0,8
10519,2.0,2.0,0.0,22,0.23137692307692315,1,0,0,5
10520,2.0,2.0,0.0,17,0.23130384615384625,1,0,0,8
10521,2.0,2.0,0.0,19,0.23123076923076935,1,0,0,6
10522,2.0,2.0,0.0,18,0.23115769230769234,1,0,0,7
10523,2.0,2.0,0.0,21,0.23108461538461544,1,0,0,10
10524,2.0,2.0,0.0,24,0.23101153846153855,1,0,0,10
10525,2.0,2.0,0.0,15,0.23093846153846154,1,0,0,6
10526,2.0,2.0,0.0,19,0.23086538461538464,1,0,0,9
10527,2.0,2.0,0.0,19,0.23079230769230774,1,0,0,9
10528,2.0,2.0,0.0,19,0.23071923076923073,1,0,0,8
10529,2.0,2.0,0.0,15,0.23064615384615383,1,0,0,8
10530,2.0,2.0,0.0,23,0.23057307692307694,1,0,0,8
10531,2.0,2.0,0.0,18,0.23050000000000004,1,0,0,7
10532,2.0,2.0,0.0,17,0.23042692307692314,1,0,0,4
10533,2.0,2.0,0.0,19,0.23035384615384624,1,0,0,6
10534,2.0,2.0,0.0,21,0.23028076923076934,1,0,0,8
10535,2.0,2.0,0.0,17,0.23020769230769234,1,0,0,8
10536,2.0,2.0,0.0,19,0.23013461538461544,1,0,0,5
10537,2.0,2.0,0.0,15,0.23006153846153854,1,0,0,4
10538,2.0,2.0,0.0,21,0.22998846153846153,1,0,0,10
10539,2.0,2.0,0.0,16,0.22991538461538463,1,0,0,6
10540,2.0,2.0,0.0,20,0.22984230769230773,1,0,0,8
10541,2.0,2.0,0.0,17,0.22976923076923073,1,0,0,10
10542,2.0,2.0,0.0,17,0.22969615384615383,1,0,0,3
10543,2.0,2.0,0.0,29,0.22962307692307693,1,0,0,12
10544,2.0,2.0,0.0,19,0.22955000000000003,1,0,0,7
10545,0.0,0.0,0.0,19,0.22947692307692313,0,1,0,13
10546,2.0,2.0,0.0,28,0.22940384615384624,1,0,0,14
10547,2.0,2.0,0.0,17,0.22933076923076934,1,0,0,7
10548,2.0,2.0,0.0,21,0.22925769230769233,1,0,0,7
10549,2.0,2.0,0.0,17,0.22918461538461543,1,0,0,4
10550,2.0,2.0,0.0,19,0.22911153846153853,1,0,0,9
10551,2.0,2.0,0.0,19,0.22903846153846152,1,0,0,6
10552,2.0,2.0,0.0,15,0.22896538461538463,1,0,0,11
10553,2.0,2.0,0.0,16,0.22889230769230773,1,0,0,7
10554,2.0,2.0,0.0,21,0.22881923076923083,1,0,0,7
10555,2.0,2.0,0.0,19,0.22874615384615382,1,0,0,9
10556,2.0,2.0,0.0,23,0.22867307692307692,1,0,0,9
10557,2.0,2.0,0.0,17,0.22860000000000003,1,0,0,6
10558,2.0,2.0,0.0,23,0.22852692307692313,1,0,0,6
10559,2.0,2.0,0.0,20,0.22845384615384623,1,0,0,9
10560,2.0,2.0,0.0,17,0.22838076923076933,1,0,0,8
10561,2.0,2.0,0.0,18,0.22830769230769232,1,0,0,6
10562,2.0,2.0,0.0,19,0.22823461538461542,1,0,0,11
10563,2.0,2.0,0.0,19,0.22816153846153853,1,0,0,7
10564,2.0,2.0,0.0,19,0.22808846153846152,1,0,0,9
10565,2.0,2.0,0.0,19,0.22801538461538462,1,0,0,8
10566,2.0,2.0,0.0,22,0.22794230769230772,1,0,0,8
10567,2.0,2.0,0.0,22,0.22786923076923082,1,0,0,11
10568,2.0,2.0,0.0,18,0.22779615384615381,1,0,0,5
10569,2.0,2.0,0.0,17,0.22772307692307692,1,0,0,4
10570,2.0,2.0,0.0,15,0.22765000000000013,1,0,0,9
10571,2.0,2.0,0.0,26,0.22757692307692312,1,0,0,9
10572,2.0,2.0,0.0,18,0.22750384615384622,1,0,0,4
10573,2.0,2.0,0.0,23,0.22743076923076933,1,0,0,8
10574,2.0,2.0,0.0,21,0.22735769230769232,1,0,0,11
10575,2.0,2.0,0.0,16,0.22728461538461542,1,0,0,9
10576,2.0,2.0,0.0,15,0.22721153846153852,1,0,0,3
10577,2.0,2.0,0.0,16,0.22713846153846162,1,0,0,3
10578,2.0,2.0,0.0,21,0.2270653846153846,1,0,0,7
10579,2.0,2.0,0.0,18,0.22699230769230772,1,0,0,5
10580,2.0,2.0,0.0,21,0.22691923076923082,1,0,0,12
10581,2.0,2.0,0.0,17,0.2268461538461538,1,0,0,9
10582,2.0,2.0,0.0,17,0.2267730769230769,1,0,0,4
10583,2.0,2.0,0.0,21,0.22670000000000012,1,0,0,8
10584,2.0,2.0,0.0,18,0.22662692307692311,1,0,0,9
10585,2.0,2.0,0.0,17,0.22655384615384622,1,0,0,6
10586,2.0,2.0,0.0,22,0.22648076923076932,1,0,0,6
10587,2.0,2.0,0.0,25,0.2264076923076923,1,0,0,10
10588,2.0,2.0,0.0,16,0.2263346153846154,1,0,0,6
10589,2.0,2.0,0.0,22,0.22626153846153851,1,0,0,8
10590,2.0,2.0,0.0,17,0.22618846153846162,1,0,0,8
10591,2.0,2.0,0.0,25,0.2261153846153846,1,0,0,7
10592,2.0,2.0,0.0,17,0.2260423076923077,1,0,0,7
10593,2.0,2.0,0.0,18,0.2259692307692308,1,0,0,8
10594,2.0,2.0,0.0,18,0.2258961538461538,1,0,0,9
10595,2.0,2.0,0.0,17,0.2258230769230769,1,0,0,5
10596,2.0,2.0,0.0,18,0.22575000000000012,1,0,0,9
10597,2.0,2.0,0.0,22,0.2256769230769231,1,0,0,10
10598,2.0,2.0,0.0,19,0.2256038461538462,1,0,0,8
10599,2.0,2.0,0.0,19,0.2255307692307693,1,0,0,4
10600,2.0,2.0,0.0,25,0.22545769230769241,1,0,0,12
10601,2.0,2.0,0.0,16,0.2253846153846154,1,0,0,8
10602,2.0,2.0,0.0,20,0.2253115384615385,1,0,0,7
10603,2.0,2.0,0.0,18,0.2252384615384616,1,0,0,5
10604,2.0,2.0,0.0,18,0.2251653846153846,1,0,0,8
10605,2.0,2.0,0.0,18,0.2250923076923077,1,0,0,4
10606,2.0,2.0,0.0,17,0.2250192307692308,1,0,0,6
10607,2.0,2.0,0.0,23,0.2249461538461538,1,0,0,10
10608,2.0,2.0,0.0,19,0.2248730769230769,1,0,0,5
10609,2.0,2.0,0.0,17,0.2248000000000001,1,0,0,8
10610,2.0,2.0,0.0,15,0.2247269230769231,1,0,0,4
10611,2.0,2.0,0.0,18,0.2246538461538462,1,0,0,6
10612,2.0,2.0,0.0,20,0.2245807692307693,1,0,0,9
10613,2.0,2.0,0.0,15,0.2245076923076924,1,0,0,3
10614,2.0,2.0,0.0,20,0.2244346153846154,1,0,0,7
10615,2.0,2.0,0.0,21,0.2243615384615385,1,0,0,4
10616,2.0,2.0,0.0,19,0.2242884615384616,1,0,0,6
10617,1.0,1.0,0.0,16,0.2242153846153846,0,1,0,8
10618,2.0,2.0,0.0,16,0.2241423076923077,1,0,0,7
10619,2.0,2.0,0.0,20,0.2240692307692308,1,0,0,8
10620,2.0,2.0,0.0,17,0.2239961538461538,1,0,0,8
10621,2.0,2.0,0.0,21,0.2239230769230769,1,0,0,6
10622,2.0,2.0,0.0,16,0.2238500000000001,1,0,0,6
10623,2.0,2.0,0.0,20,0.2237769230769232,1,0,0,7
10624,2.0,2.0,0.0,17,0.2237038461538462,1,0,0,6
10625,2.0,2.0,0.0,15,0.2236307692307693,1,0,0,3
10626,2.0,2.0,0.0,23,0.2235576923076924,1,0,0,7
10627,2.0,2.0,0.0,19,0.2234846153846154,1,0,0,6
10628,2.0,2.0,0.0,15,0.2234115384615385,1,0,0,6
10629,0.0,0.0,0.0,27,0.2233384615384616,0,1,0,16
10630,2.0,2.0,0.0,19,0.2232653846153846,1,0,0,9
10631,2.0,2.0,0.0,15,0.2231923076923077,1,0,0,9
10632,2.0,2.0,0.0,22,0.2231192307692308,1,0,0,11
10633,2.0,2.0,0.0,17,0.2230461538461539,1,0,0,9
10634,2.0,2.0,0.0,15,0.22297307692307688,1,0,0,9
10635,2.0,2.0,0.0,15,0.2229000000000001,1,0,0,4
10636,2.0,2.0,0.0,25,0.2228269230769232,1,0,0,10
10637,2.0,2.0,0.0,19,0.2227538461538462,1,0,0,8
10638,2.0,2.0,0.0,22,0.2226807692307693,1,0,0,9
10639,2.0,2.0,0.0,15,0.2226076923076924,1,0,0,8
10640,2.0,2.0,0.0,19,0.2225346153846154,1,0,0,4
10641,2.0,2.0,0.0,21,0.2224615384615385,1,0,0,2
10642,2.0,2.0,0.0,19,0.2223884615384616,1,0,0,6
10643,2.0,2.0,0.0,27,0.22231538461538458,1,0,0,9
10644,2.0,2.0,0.0,15,0.22224230769230768,1,0,0,5
10645,2.0,2.0,0.0,21,0.22216923076923079,1,0,0,9
10646,2.0,2.0,0.0,29,0.2220961538461539,1,0,0,13
10647,2.0,2.0,0.0,15,0.22202307692307688,1,0,0,5
10648,2.0,2.0,0.0,17,0.2219500000000001,1,0,0,6
10649,2.0,2.0,0.0,19,0.2218769230769232,1,0,0,6
10650,2.0,2.0,0.0,17,0.22180384615384618,1,0,0,8
10651,2.0,2.0,0.0,21,0.2217307692307693,1,0,0,5
10652,2.0,2.0,0.0,19,0.2216576923076924,1,0,0,9
10653,2.0,2.0,0.0,19,0.22158461538461538,1,0,0,6
10654,2.0,2.0,0.0,19,0.22151153846153848,1,0,0,6
10655,2.0,2.0,0.0,17,0.22143846153846158,1,0,0,6
10656,2.0,2.0,0.0,21,0.22136538461538469,1,0,0,11
10657,2.0,2.0,0.0,22,0.22129230769230768,1,0,0,7
10658,2.0,2.0,0.0,15,0.22121923076923078,1,0,0,9
10659,2.0,2.0,0.0,18,0.22114615384615388,1,0,0,4
10660,2.0,2.0,0.0,21,0.22107307692307687,1,0,0,11
10661,2.0,2.0,0.0,31,0.22100000000000009,1,0,0,13
10662,2.0,2.0,0.0,19,0.2209269230769232,1,0,0,6
10663,2.0,2.0,0.0,24,0.22085384615384618,1,0,0,6
10664,2.0,2.0,0.0,17,0.22078076923076928,1,0,0,8
10665,2.0,2.0,0.0,30,0.22070769230769238,1,0,0,10
10666,2.0,2.0,0.0,19,0.22063461538461537,1,0,0,6
10667,2.0,2.0,0.0,17,0.22056153846153848,1,0,0,6
10668,2.0,2.0,0.0,16,0.22048846153846158,1,0,0,4
10669,2.0,2.0,0.0,19,0.22041538461538468,1,0,0,10
10670,2.0,2.0,0.0,15,0.22034230769230767,1,0,0,4
10671,2.0,2.0,0.0,19,0.22026923076923077,1,0,0,7
10672,0.0,0.0,0.0,19,0.22019615384615387,0,1,0,5
10673,2.0,2.0,0.0,15,0.22012307692307687,1,0,0,8
10674,2.0,2.0,0.0,18,0.22005000000000008,1,0,0,7
10675,2.0,2.0,0.0,16,0.21997692307692318,1,0,0,4
10676,2.0,2.0,0.0,17,0.21990384615384617,1,0,0,9
10677,2.0,2.0,0.0,17,0.21983076923076927,1,0,0,8
10678,2.0,2.0,0.0,23,0.21975769230769238,1,0,0,5
10679,2.0,2.0,0.0,24,0.21968461538461548,1,0,0,8
10680,2.0,2.0,0.0,23,0.21961153846153847,1,0,0,8
10681,2.0,2.0,0.0,31,0.21953846153846157,1,0,0,12
10682,2.0,2.0,0.0,19,0.21946538461538467,1,0,0,5
10683,2.0,2.0,0.0,17,0.21939230769230766,1,0,0,7
10684,2.0,2.0,0.0,19,0.21931923076923077,1,0,0,7
10685,2.0,2.0,0.0,15,0.21924615384615387,1,0,0,5
10686,2.0,2.0,0.0,21,0.21917307692307686,1,0,0,10
10687,2.0,2.0,0.0,17,0.21910000000000007,1,0,0,6
10688,2.0,2.0,0.0,18,0.21902692307692317,1,0,0,6
10689,2.0,2.0,0.0,22,0.21895384615384617,1,0,0,8
10690,2.0,2.0,0.0,23,0.21888076923076927,1,0,0,11
10691,2.0,2.0,0.0,19,0.21880769230769237,1,0,0,5
10692,2.0,2.0,0.0,15,0.21873461538461547,1,0,0,5
10693,2.0,2.0,0.0,17,0.21866153846153846,1,0,0,8
10694,0.0,0.0,0.0,16,0.21858846153846156,0,1,0,6
10695,2.0,2.0,0.0,17,0.21851538461538467,1,0,0,9
10696,2.0,2.0,0.0,21,0.21844230769230766,1,0,0,8
10697,2.0,2.0,0.0,23,0.21836923076923076,1,0,0,13
10698,2.0,2.0,0.0,19,0.21829615384615386,1,0,0,7
10699,2.0,2.0,0.0,20,0.21822307692307696,1,0,0,7
10700,2.0,2.0,0.0,19,0.21815000000000007,1,0,0,9
10701,2.0,2.0,0.0,17,0.21807692307692317,1,0,0,10
10702,2.0,2.0,0.0,21,0.21800384615384627,1,0,0,7
10703,2.0,2.0,0.0,19,0.21793076923076926,1,0,0,4
10704,2.0,2.0,0.0,21,0.21785769230769236,1,0,0,7
10705,2.0,2.0,0.0,20,0.21778461538461547,1,0,0,6
10706,2.0,2.0,0.0,20,0.21771153846153846,1,0,0,4
10707,0.0,0.0,0.0,19,0.21763846153846156,0,1,0,9
10708,2.0,2.0,0.0,15,0.21756538461538466,1,0,0,5
10709,2.0,2.0,0.0,17,0.21749230769230765,1,0,0,7
10710,2.0,2.0,0.0,18,0.21741923076923075,1,0,0,9
10711,2.0,2.0,0.0,17,0.21734615384615386,1,0,0,5
10712,2.0,2.0,0.0,22,0.21727307692307696,1,0,0,10
10713,2.0,2.0,0.0,21,0.21720000000000006,1,0,0,9
10714,2.0,2.0,0.0,19,0.21712692307692316,1,0,0,7
10715,2.0,2.0,0.0,18,0.21705384615384626,1,0,0,11
10716,2.0,2.0,0.0,18,0.21698076923076925,1,0,0,4
10717,2.0,2.0,0.0,17,0.21690769230769236,1,0,0,7
10718,2.0,2.0,0.0,25,0.21683461538461546,1,0,0,7
10719,2.0,2.0,0.0,20,0.21676153846153845,1,0,0,5
10720,2.0,2.0,0.0,25,0.21668846153846155,1,0,0,7
10721,2.0,2.0,0.0,18,0.21661538461538465,1,0,0,10
10722,2.0,2.0,0.0,15,0.21654230769230765,1,0,0,5
10723,2.0,2.0,0.0,19,0.21646923076923075,1,0,0,8
10724,2.0,2.0,0.0,21,0.21639615384615385,1,0,0,9
10725,2.0,2.0,0.0,16,0.21632307692307706,1,0,0,4
10726,2.0,2.0,0.0,21,0.21625000000000005,1,0,0,9
10727,2.0,2.0,0.0,20,0.21617692307692316,1,0,0,4
10728,2.0,2.0,0.0,20,0.21610384615384626,1,0,0,7
10729,2.0,2.0,0.0,23,0.21603076923076925,1,0,0,7
10730,2.0,2.0,0.0,25,0.21595769230769235,1,0,0,10
10731,2.0,2.0,0.0,21,0.21588461538461545,1,0,0,8
10732,2.0,2.0,0.0,25,0.21581153846153844,1,0,0,8
10733,2.0,2.0,0.0,18,0.21573846153846155,1,0,0,8
10734,2.0,2.0,0.0,22,0.21566538461538465,1,0,0,11
10735,2.0,2.0,0.0,15,0.21559230769230775,1,0,0,5
10736,2.0,2.0,0.0,15,0.21551923076923074,1,0,0,8
10737,2.0,2.0,0.0,18,0.21544615384615384,1,0,0,6
10738,2.0,2.0,0.0,19,0.21537307692307706,1,0,0,4
10739,2.0,2.0,0.0,16,0.21530000000000005,1,0,0,3
10740,2.0,2.0,0.0,19,0.21522692307692315,1,0,0,6
10741,2.0,2.0,0.0,16,0.21515384615384625,1,0,0,4
10742,2.0,2.0,0.0,16,0.21508076923076924,1,0,0,6
10743,2.0,2.0,0.0,21,0.21500769230769234,1,0,0,8
10744,2.0,2.0,0.0,24,0.21493461538461545,1,0,0,11
10745,2.0,2.0,0.0,24,0.21486153846153844,1,0,0,14
10746,2.0,2.0,0.0,16,0.21478846153846154,1,0,0,10
10747,2.0,2.0,0.0,15,0.21471538461538464,1,0,0,5
10748,2.0,2.0,0.0,18,0.21464230769230774,1,0,0,6
10749,2.0,2.0,0.0,28,0.21456923076923073,1,0,0,9
10750,2.0,2.0,0.0,23,0.21449615384615384,1,0,0,12
10751,2.0,2.0,0.0,17,0.21442307692307705,1,0,0,6
10752,2.0,2.0,0.0,21,0.21435000000000004,1,0,0,6
10753,2.0,2.0,0.0,19,0.21427692307692314,1,0,0,7
10754,2.0,2.0,0.0,20,0.21420384615384624,1,0,0,9
10755,2.0,2.0,0.0,23,0.21413076923076924,1,0,0,8
10756,2.0,2.0,0.0,21,0.21405769230769234,1,0,0,9
10757,2.0,2.0,0.0,25,0.21398461538461544,1,0,0,13
10758,2.0,2.0,0.0,16,0.21391153846153854,1,0,0,7
10759,2.0,2.0,0.0,17,0.21383846153846153,1,0,0,5
10760,2.0,2.0,0.0,22,0.21376538461538463,1,0,0,11
10761,2.0,2.0,0.0,24,0.21369230769230774,1,0,0,8
10762,2.0,2.0,0.0,18,0.21361923076923073,1,0,0,7
10763,2.0,2.0,0.0,15,0.21354615384615383,1,0,0,5
10764,2.0,2.0,0.0,28,0.21347307692307704,1,0,0,11
10765,2.0,2.0,0.0,16,0.21340000000000003,1,0,0,5
10766,2.0,2.0,0.0,16,0.21332692307692314,1,0,0,6
10767,0.0,0.0,0.0,10,0.21325384615384624,0,1,0,6
10768,2.0,2.0,0.0,15,0.21318076923076923,1,0,0,5
10769,2.0,2.0,0.0,17,0.21310769230769233,1,0,0,5
10770,2.0,2.0,0.0,25,0.21303461538461543,1,0,0,5
10771,2.0,2.0,0.0,19,0.21296153846153854,1,0,0,4
10772,2.0,2.0,0.0,23,0.21288846153846153,1,0,0,9
10773,2.0,2.0,0.0,18,0.21281538461538463,1,0,0,8
10774,2.0,2.0,0.0,17,0.21274230769230773,1,0,0,7
10775,2.0,2.0,0.0,25,0.21266923076923072,1,0,0,8
10776,2.0,2.0,0.0,15,0.21259615384615382,1,0,0,6
10777,2.0,2.0,0.0,16,0.21252307692307704,1,0,0,2
10778,2.0,2.0,0.0,20,0.21245000000000003,1,0,0,4
10779,2.0,2.0,0.0,18,0.21237692307692313,1,0,0,9
10780,2.0,2.0,0.0,27,0.21230384615384623,1,0,0,10
10781,2.0,2.0,0.0,19,0.21223076923076933,1,0,0,5
10782,2.0,2.0,0.0,21,0.21215769230769232,1,0,0,13
10783,2.0,2.0,0.0,21,0.21208461538461543,1,0,0,9
10784,2.0,2.0,0.0,21,0.21201153846153853,1,0,0,7
10785,2.0,2.0,0.0,18,0.21193846153846152,1,0,0,6
10786,1.0,1.0,0.0,24,0.21186538461538462,0,1,0,6
10787,0.0,0.0,0.0,23,0.21179230769230772,0,1,0,12
10788,2.0,2.0,0.0,17,0.21171923076923072,1,0,0,5
10789,2.0,2.0,0.0,16,0.21164615384615382,1,0,0,7
10790,2.0,2.0,0.0,16,0.21157307692307703,1,0,0,5
10791,2.0,2.0,0.0,22,0.21150000000000002,1,0,0,10
10792,2.0,2.0,0.0,20,0.21142692307692312,1,0,0,10
10793,2.0,2.0,0.0,17,0.21135384615384623,1,0,0,3
10794,2.0,2.0,0.0,22,0.21128076923076933,1,0,0,5
10795,2.0,2.0,0.0,18,0.21120769230769232,1,0,0,7
10796,2.0,2.0,0.0,23,0.21113461538461542,1,0,0,9
10797,2.0,2.0,0.0,21,0.21106153846153852,1,0,0,9
10798,2.0,2.0,0.0,17,0.2109884615384615,1,0,0,7
10799,2.0,2.0,0.0,21,0.21091538461538462,1,0,0,8
10800,2.0,2.0,0.0,17,0.21084230769230772,1,0,0,8
10801,1.0,1.0,0.0,22,0.2107692307692307,0,1,0,7
10802,2.0,2.0,0.0,17,0.2106961538461538,1,0,0,9
10803,2.0,2.0,0.0,17,0.21062307692307702,1,0,0,5
10804,2.0,2.0,0.0,21,0.21055000000000013,1,0,0,10
10805,2.0,2.0,0.0,21,0.21047692307692312,1,0,0,8
10806,2.0,2.0,0.0,18,0.21040384615384622,1,0,0,4
10807,2.0,2.0,0.0,28,0.21033076923076932,1,0,0,15
10808,2.0,2.0,0.0,20,0.2102576923076923,1,0,0,6
10809,2.0,2.0,0.0,24,0.21018461538461541,1,0,0,11
10810,2.0,2.0,0.0,19,0.21011153846153852,1,0,0,8
10811,2.0,2.0,0.0,17,0.2100384615384615,1,0,0,8
10812,2.0,2.0,0.0,20,0.2099653846153846,1,0,0,6
10813,2.0,2.0,0.0,23,0.2098923076923077,1,0,0,10
10814,2.0,2.0,0.0,20,0.2098192307692308,1,0,0,6
10815,2.0,2.0,0.0,23,0.20974615384615392,1,0,0,6
10816,2.0,2.0,0.0,19,0.20967307692307702,1,0,0,7
10817,2.0,2.0,0.0,23,0.20960000000000012,1,0,0,11
10818,2.0,2.0,0.0,20,0.2095269230769231,1,0,0,4
10819,2.0,2.0,0.0,21,0.2094538461538462,1,0,0,11
10820,2.0,2.0,0.0,19,0.20938076923076931,1,0,0,4
10821,2.0,2.0,0.0,17,0.2093076923076923,1,0,0,6
10822,2.0,2.0,0.0,23,0.2092346153846154,1,0,0,7
10823,2.0,2.0,0.0,19,0.2091615384615385,1,0,0,9
10824,2.0,2.0,0.0,15,0.2090884615384615,1,0,0,4
10825,2.0,2.0,0.0,26,0.2090153846153846,1,0,0,9
10826,2.0,2.0,0.0,15,0.2089423076923077,1,0,0,4
10827,2.0,2.0,0.0,19,0.2088692307692308,1,0,0,11
10828,2.0,2.0,0.0,21,0.2087961538461539,1,0,0,6
10829,2.0,2.0,0.0,17,0.208723076923077,1,0,0,7
10830,2.0,2.0,0.0,20,0.2086500000000001,1,0,0,4
10831,2.0,2.0,0.0,19,0.2085769230769231,1,0,0,7
10832,2.0,2.0,0.0,17,0.2085038461538462,1,0,0,8
10833,2.0,2.0,0.0,23,0.2084307692307693,1,0,0,5
10834,2.0,2.0,0.0,16,0.2083576923076923,1,0,0,7
10835,2.0,2.0,0.0,15,0.2082846153846154,1,0,0,5
10836,2.0,2.0,0.0,15,0.2082115384615385,1,0,0,7
10837,2.0,2.0,0.0,15,0.2081384615384616,1,0,0,8
10838,2.0,2.0,0.0,23,0.2080653846153846,1,0,0,9
10839,2.0,2.0,0.0,18,0.2079923076923077,1,0,0,11
10840,2.0,2.0,0.0,18,0.2079192307692308,1,0,0,4
10841,2.0,2.0,0.0,27,0.2078461538461539,1,0,0,11
10842,2.0,2.0,0.0,22,0.207773076923077,1,0,0,9
10843,2.0,2.0,0.0,18,0.2077000000000001,1,0,0,5
10844,2.0,2.0,0.0,25,0.2076269230769231,1,0,0,9
10845,2.0,2.0,0.0,19,0.2075538461538462,1,0,0,8
10846,2.0,2.0,0.0,21,0.2074807692307693,1,0,0,4
10847,2.0,2.0,0.0,21,0.2074076923076923,1,0,0,8
10848,2.0,2.0,0.0,21,0.2073346153846154,1,0,0,11
10849,2.0,2.0,0.0,27,0.2072615384615385,1,0,0,10
10850,2.0,2.0,0.0,17,0.2071884615384616,1,0,0,8
10851,2.0,2.0,0.0,17,0.2071153846153846,1,0,0,10
10852,2.0,2.0,0.0,17,0.2070423076923077,1,0,0,7
10853,2.0,2.0,0.0,16,0.2069692307692308,1,0,0,5
10854,2.0,2.0,0.0,18,0.2068961538461539,1,0,0,8
10855,2.0,2.0,0.0,22,0.206823076923077,1,0,0,7
10856,2.0,2.0,0.0,20,0.2067500000000001,1,0,0,9
10857,2.0,2.0,0.0,18,0.2066769230769231,1,0,0,10
10858,2.0,2.0,0.0,18,0.2066038461538462,1,0,0,9
10859,2.0,2.0,0.0,21,0.2065307692307693,1,0,0,7
10860,2.0,2.0,0.0,23,0.2064576923076924,1,0,0,11
10861,2.0,2.0,0.0,20,0.2063846153846154,1,0,0,8
10862,2.0,2.0,0.0,27,0.2063115384615385,1,0,0,10
10863,2.0,2.0,0.0,26,0.2062384615384616,1,0,0,9
10864,2.0,2.0,0.0,18,0.20616538461538458,1,0,0,3
10865,2.0,2.0,0.0,16,0.20609230769230769,1,0,0,4
10866,2.0,2.0,0.0,20,0.2060192307692308,1,0,0,4
10867,2.0,2.0,0.0,16,0.2059461538461539,1,0,0,4
10868,2.0,2.0,0.0,15,0.205873076923077,1,0,0,4
10869,2.0,2.0,0.0,20,0.2058000000000001,1,0,0,8
10870,2.0,2.0,0.0,19,0.20572692307692308,1,0,0,10
10871,2.0,2.0,0.0,23,0.2056538461538462,1,0,0,9
10872,2.0,2.0,0.0,20,0.2055807692307693,1,0,0,9
10873,2.0,2.0,0.0,19,0.2055076923076924,1,0,0,7
10874,2.0,2.0,0.0,17,0.20543461538461538,1,0,0,5
10875,2.0,2.0,0.0,21,0.20536153846153848,1,0,0,4
10876,2.0,2.0,0.0,17,0.2052884615384616,1,0,0,7
10877,2.0,2.0,0.0,27,0.20521538461538458,1,0,0,12
10878,2.0,2.0,0.0,19,0.20514230769230768,1,0,0,5
10879,2.0,2.0,0.0,15,0.20506923076923078,1,0,0,4
10880,2.0,2.0,0.0,19,0.20499615384615388,1,0,0,7
10881,2.0,2.0,0.0,18,0.20492307692307699,1,0,0,7
10882,2.0,2.0,0.0,34,0.2048500000000001,1,0,0,10
10883,2.0,2.0,0.0,18,0.2047769230769232,1,0,0,12
10884,2.0,2.0,0.0,15,0.20470384615384618,1,0,0,8
10885,2.0,2.0,0.0,20,0.20463076923076928,1,0,0,6
10886,2.0,2.0,0.0,24,0.20455769230769238,1,0,0,10
10887,2.0,2.0,0.0,21,0.20448461538461538,1,0,0,6
10888,2.0,2.0,0.0,17,0.20441153846153848,1,0,0,7
10889,2.0,2.0,0.0,19,0.20433846153846158,1,0,0,3
10890,2.0,2.0,0.0,20,0.20426538461538457,1,0,0,10
10891,2.0,2.0,0.0,22,0.20419230769230767,1,0,0,3
10892,2.0,2.0,0.0,20,0.20411923076923078,1,0,0,9
10893,2.0,2.0,0.0,19,0.20404615384615388,1,0,0,9
10894,2.0,2.0,0.0,17,0.20397307692307698,1,0,0,7
10895,2.0,2.0,0.0,16,0.20390000000000008,1,0,0,9
10896,2.0,2.0,0.0,24,0.20382692307692318,1,0,0,12
10897,2.0,2.0,0.0,17,0.20375384615384617,1,0,0,6
10898,2.0,2.0,0.0,17,0.20368076923076928,1,0,0,5
10899,0.0,0.0,0.0,18,0.20360769230769238,0,1,0,7
10900,2.0,2.0,0.0,19,0.20353461538461537,1,0,0,7
10901,2.0,2.0,0.0,24,0.20346153846153847,1,0,0,9
10902,2.0,2.0,0.0,19,0.20338846153846157,1,0,0,6
10903,2.0,2.0,0.0,17,0.20331538461538456,1,0,0,7
10904,2.0,2.0,0.0,17,0.20324230769230767,1,0,0,4
10905,2.0,2.0,0.0,16,0.20316923076923077,1,0,0,2
10906,2.0,2.0,0.0,18,0.20309615384615398,1,0,0,6
10907,2.0,2.0,0.0,18,0.20302307692307697,1,0,0,7
10908,2.0,2.0,0.0,20,0.20295000000000007,1,0,0,7
10909,2.0,2.0,0.0,21,0.20287692307692318,1,0,0,11
10910,2.0,2.0,0.0,20,0.20280384615384617,1,0,0,6
10911,2.0,2.0,0.0,24,0.20273076923076927,1,0,0,12
10912,2.0,2.0,0.0,20,0.20265769230769237,1,0,0,8
10913,2.0,2.0,0.0,23,0.20258461538461536,1,0,0,12
10914,2.0,2.0,0.0,15,0.20251153846153847,1,0,0,6
10915,2.0,2.0,0.0,19,0.20243846153846157,1,0,0,6
10916,2.0,2.0,0.0,15,0.20236538461538467,1,0,0,8
10917,2.0,2.0,0.0,17,0.20229230769230766,1,0,0,8
10918,2.0,2.0,0.0,20,0.20221923076923076,1,0,0,8
10919,2.0,2.0,0.0,31,0.20214615384615398,1,0,0,12
10920,2.0,2.0,0.0,17,0.20207307692307697,1,0,0,10
10921,2.0,2.0,0.0,15,0.20200000000000007,1,0,0,9
10922,2.0,2.0,0.0,17,0.20192692307692317,1,0,0,6
10923,2.0,2.0,0.0,21,0.20185384615384616,1,0,0,6
10924,2.0,2.0,0.0,23,0.20178076923076926,1,0,0,10
10925,2.0,2.0,0.0,17,0.20170769230769237,1,0,0,4
10926,2.0,2.0,0.0,22,0.20163461538461536,1,0,0,6
10927,2.0,2.0,0.0,17,0.20156153846153846,1,0,0,9
10928,2.0,2.0,0.0,19,0.20148846153846156,1,0,0,8
10929,2.0,2.0,0.0,21,0.20141538461538466,1,0,0,8
10930,2.0,2.0,0.0,21,0.20134230769230765,1,0,0,8
10931,2.0,2.0,0.0,20,0.20126923076923076,1,0,0,9
10932,2.0,2.0,0.0,21,0.20119615384615397,1,0,0,11
10933,2.0,2.0,0.0,18,0.20112307692307696,1,0,0,5
10934,2.0,2.0,0.0,24,0.20105000000000006,1,0,0,11
10935,2.0,2.0,0.0,20,0.20097692307692316,1,0,0,9
10936,2.0,2.0,0.0,17,0.20090384615384616,1,0,0,3
10937,2.0,2.0,0.0,23,0.20083076923076926,1,0,0,9
10938,2.0,2.0,0.0,23,0.20075769230769236,1,0,0,7
10939,2.0,2.0,0.0,17,0.20068461538461546,1,0,0,3
10940,2.0,2.0,0.0,15,0.20061153846153845,1,0,0,5
10941,2.0,2.0,0.0,19,0.20053846153846155,1,0,0,8
10942,2.0,2.0,0.0,17,0.20046538461538466,1,0,0,5
10943,2.0,2.0,0.0,18,0.20039230769230765,1,0,0,9
10944,2.0,2.0,0.0,16,0.20031923076923086,1,0,0,6
10945,2.0,2.0,0.0,17,0.20024615384615396,1,0,0,5
10946,2.0,2.0,0.0,15,0.20017307692307695,1,0,0,8
10947,2.0,2.0,0.0,19,0.20010000000000006,1,0,0,9
10948,2.0,2.0,0.0,18,0.20002692307692316,1,0,0,9
10949,2.0,2.0,0.0,17,0.19995384615384615,1,0,0,7
10950,2.0,2.0,0.0,16,0.19988076923076925,1,0,0,8
10951,2.0,2.0,0.0,24,0.19980769230769235,1,0,0,9
10952,2.0,2.0,0.0,19,0.19973461538461545,1,0,0,7
10953,2.0,2.0,0.0,26,0.19966153846153845,1,0,0,13
10954,2.0,2.0,0.0,15,0.19958846153846155,1,0,0,5
10955,2.0,2.0,0.0,18,0.19951538461538465,1,0,0,8
10956,2.0,2.0,0.0,18,0.19944230769230764,1,0,0,7
10957,2.0,2.0,0.0,16,0.19936923076923085,1,0,0,5
10958,2.0,2.0,0.0,15,0.19929615384615396,1,0,0,6
10959,2.0,2.0,0.0,17,0.19922307692307695,1,0,0,11
10960,2.0,2.0,0.0,15,0.19915000000000005,1,0,0,5
10961,2.0,2.0,0.0,18,0.19907692307692315,1,0,0,7
10962,2.0,2.0,0.0,19,0.19900384615384625,1,0,0,6
10963,2.0,2.0,0.0,23,0.19893076923076924,1,0,0,6
10964,2.0,2.0,0.0,23,0.19885769230769235,1,0,0,9
10965,2.0,2.0,0.0,23,0.19878461538461545,1,0,0,10
10966,2.0,2.0,0.0,20,0.19871153846153844,1,0,0,7
10967,2.0,2.0,0.0,16,0.19863846153846154,1,0,0,6
10968,2.0,2.0,0.0,18,0.19856538461538464,1,0,0,9
10969,2.0,2.0,0.0,18,0.19849230769230763,1,0,0,6
10970,2.0,2.0,0.0,16,0.19841923076923085,1,0,0,11
10971,2.0,2.0,0.0,16,0.19834615384615395,1,0,0,2
10972,2.0,2.0,0.0,24,0.19827307692307694,1,0,0,13
10973,2.0,2.0,0.0,17,0.19820000000000004,1,0,0,7
10974,2.0,2.0,0.0,20,0.19812692307692314,1,0,0,10
10975,2.0,2.0,0.0,20,0.19805384615384625,1,0,0,7
10976,2.0,2.0,0.0,17,0.19798076923076924,1,0,0,7
10977,2.0,2.0,0.0,15,0.19790769230769234,1,0,0,5
10978,2.0,2.0,0.0,17,0.19783461538461544,1,0,0,5
10979,2.0,2.0,0.0,17,0.19776153846153843,1,0,0,8
10980,2.0,2.0,0.0,19,0.19768846153846154,1,0,0,11
10981,2.0,2.0,0.0,23,0.19761538461538464,1,0,0,10
10982,2.0,2.0,0.0,16,0.19754230769230763,1,0,0,8
10983,2.0,2.0,0.0,17,0.19746923076923084,1,0,0,7
10984,2.0,2.0,0.0,20,0.19739615384615394,1,0,0,6
10985,2.0,2.0,0.0,19,0.19732307692307705,1,0,0,10
10986,2.0,2.0,0.0,19,0.19725000000000004,1,0,0,7
10987,2.0,2.0,0.0,22,0.19717692307692314,1,0,0,10
10988,2.0,2.0,0.0,18,0.19710384615384624,1,0,0,11
10989,2.0,2.0,0.0,25,0.19703076923076923,1,0,0,7
10990,2.0,2.0,0.0,22,0.19695769230769233,1,0,0,10
10991,2.0,2.0,0.0,17,0.19688461538461544,1,0,0,7
10992,2.0,2.0,0.0,17,0.19681153846153843,1,0,0,4
10993,2.0,2.0,0.0,30,0.19673846153846153,1,0,0,16
10994,2.0,2.0,0.0,21,0.19666538461538463,1,0,0,11
10995,2.0,2.0,0.0,15,0.19659230769230773,1,0,0,6
10996,2.0,2.0,0.0,19,0.19651923076923083,1,0,0,9
10997,2.0,2.0,0.0,19,0.19644615384615394,1,0,0,4
10998,2.0,2.0,0.0,21,0.19637307692307704,1,0,0,9
10999,2.0,2.0,0.0,16,0.19630000000000003,1,0,0,6
11000,2.0,2.0,0.0,21,0.19622692307692313,1,0,0,11
11001,2.0,2.0,0.0,17,0.19615384615384623,1,0,0,7
11002,2.0,2.0,0.0,20,0.19608076923076923,1,0,0,9
11003,2.0,2.0,0.0,21,0.19600769230769233,1,0,0,9
11004,2.0,2.0,0.0,20,0.19593461538461543,1,0,0,6
11005,2.0,2.0,0.0,19,0.19586153846153842,1,0,0,5
11006,2.0,2.0,0.0,19,0.19578846153846152,1,0,0,8
11007,2.0,2.0,0.0,23,0.19571538461538462,1,0,0,10
11008,2.0,2.0,0.0,19,0.19564230769230773,1,0,0,7
11009,2.0,2.0,0.0,22,0.19556923076923083,1,0,0,12
11010,2.0,2.0,0.0,18,0.19549615384615393,1,0,0,8
11011,2.0,2.0,0.0,17,0.19542307692307703,1,0,0,9
11012,2.0,2.0,0.0,18,0.19535000000000002,1,0,0,7
11013,2.0,2.0,0.0,23,0.19527692307692313,1,0,0,9
11014,2.0,2.0,0.0,18,0.19520384615384623,1,0,0,10
11015,2.0,2.0,0.0,17,0.19513076923076922,1,0,0,6
11016,2.0,2.0,0.0,23,0.19505769230769232,1,0,0,11
11017,2.0,2.0,0.0,19,0.19498461538461542,1,0,0,8
11018,2.0,2.0,0.0,19,0.19491153846153852,1,0,0,7
11019,2.0,2.0,0.0,15,0.19483846153846152,1,0,0,4
11020,2.0,2.0,0.0,17,0.19476538461538462,1,0,0,7
11021,2.0,2.0,0.0,17,0.19469230769230772,1,0,0,7
11022,2.0,2.0,0.0,21,0.19461923076923082,1,0,0,8
11023,2.0,2.0,0.0,18,0.19454615384615392,1,0,0,6
11024,2.0,2.0,0.0,18,0.19447307692307703,1,0,0,8
11025,2.0,2.0,0.0,22,0.19440000000000002,1,0,0,6
11026,2.0,2.0,0.0,17,0.19432692307692312,1,0,0,5
11027,2.0,2.0,0.0,29,0.19425384615384622,1,0,0,12
11028,2.0,2.0,0.0,19,0.1941807692307692,1,0,0,5
11029,2.0,2.0,0.0,24,0.19410769230769231,1,0,0,13
11030,2.0,2.0,0.0,15,0.19403461538461542,1,0,0,2
11031,2.0,2.0,0.0,17,0.19396153846153852,1,0,0,7
11032,2.0,2.0,0.0,15,0.1938884615384615,1,0,0,3
11033,2.0,2.0,0.0,22,0.1938153846153846,1,0,0,6
11034,2.0,2.0,0.0,19,0.1937423076923077,1,0,0,9
11035,2.0,2.0,0.0,20,0.19366923076923082,1,0,0,5
11036,2.0,2.0,0.0,19,0.19359615384615392,1,0,0,5
11037,2.0,2.0,0.0,21,0.19352307692307702,1,0,0,5
11038,2.0,2.0,0.0,15,0.19345,1,0,0,5
11039,2.0,2.0,0.0,16,0.1933769230769231,1,0,0,6
11040,2.0,2.0,0.0,15,0.19330384615384621,1,0,0,4
11041,2.0,2.0,0.0,19,0.19323076923076932,1,0,0,6
11042,2.0,2.0,0.0,23,0.1931576923076923,1,0,0,3
11043,2.0,2.0,0.0,25,0.1930846153846154,1,0,0,12
11044,2.0,2.0,0.0,17,0.1930115384615385,1,0,0,3
11045,2.0,2.0,0.0,20,0.1929384615384615,1,0,0,8
11046,2.0,2.0,0.0,15,0.1928653846153846,1,0,0,4
11047,2.0,2.0,0.0,22,0.1927923076923077,1,0,0,6
11048,2.0,2.0,0.0,20,0.1927192307692308,1,0,0,8
11049,2.0,2.0,0.0,17,0.1926461538461539,1,0,0,6
11050,2.0,2.0,0.0,17,0.192573076923077,1,0,0,5
11051,2.0,2.0,0.0,16,0.1925,1,0,0,9
11052,2.0,2.0,0.0,17,0.1924269230769231,1,0,0,5
11053,2.0,2.0,0.0,17,0.1923538461538462,1,0,0,4
11054,2.0,2.0,0.0,26,0.1922807692307693,1,0,0,9
11055,2.0,2.0,0.0,17,0.1922076923076923,1,0,0,8
11056,2.0,2.0,0.0,15,0.1921346153846154,1,0,0,3
11057,2.0,2.0,0.0,15,0.1920615384615385,1,0,0,6
11058,2.0,2.0,0.0,26,0.1919884615384615,1,0,0,13
11059,2.0,2.0,0.0,23,0.1919153846153846,1,0,0,8
11060,2.0,2.0,0.0,20,0.1918423076923077,1,0,0,8
11061,2.0,2.0,0.0,17,0.1917692307692308,1,0,0,6
11062,2.0,2.0,0.0,21,0.1916961538461539,1,0,0,8
11063,2.0,2.0,0.0,16,0.191623076923077,1,0,0,5
11064,2.0,2.0,0.0,19,0.1915500000000001,1,0,0,7
11065,2.0,2.0,0.0,19,0.1914769230769231,1,0,0,6
11066,2.0,2.0,0.0,21,0.1914038461538462,1,0,0,6
11067,2.0,2.0,0.0,21,0.1913307692307693,1,0,0,7
11068,2.0,2.0,0.0,23,0.1912576923076923,1,0,0,8
11069,2.0,2.0,0.0,19,0.1911846153846154,1,0,0,9
11070,2.0,2.0,0.0,19,0.1911115384615385,1,0,0,9
11071,2.0,2.0,0.0,18,0.1910384615384615,1,0,0,7
11072,2.0,2.0,0.0,17,0.1909653846153846,1,0,0,6
11073,2.0,2.0,0.0,17,0.1908923076923078,1,0,0,8
11074,2.0,2.0,0.0,22,0.1908192307692308,1,0,0,12
11075,2.0,2.0,0.0,21,0.1907461538461539,1,0,0,3
11076,1.0,1.0,0.0,27,0.190673076923077,0,1,0,8
11077,2.0,2.0,0.0,16,0.1906000000000001,1,0,0,10
11078,2.0,2.0,0.0,17,0.1905269230769231,1,0,0,10
11079,2.0,2.0,0.0,17,0.1904538461538462,1,0,0,4
11080,2.0,2.0,0.0,19,0.1903807692307693,1,0,0,10
11081,2.0,2.0,0.0,20,0.1903076923076923,1,0,0,9
11082,2.0,2.0,0.0,22,0.1902346153846154,1,0,0,11
11083,2.0,2.0,0.0,16,0.1901615384615385,1,0,0,9
11084,2.0,2.0,0.0,21,0.19008846153846148,1,0,0,7
11085,2.0,2.0,0.0,19,0.19001538461538459,1,0,0,5
11086,2.0,2.0,0.0,18,0.1899423076923078,1,0,0,6
11087,2.0,2.0,0.0,17,0.1898692307692309,1,0,0,8
11088,2.0,2.0,0.0,17,0.1897961538461539,1,0,0,4
11089,2.0,2.0,0.0,31,0.189723076923077,1,0,0,10
11090,2.0,2.0,0.0,15,0.1896500000000001,1,0,0,4
11091,2.0,2.0,0.0,17,0.1895769230769231,1,0,0,11
11092,2.0,2.0,0.0,15,0.1895038461538462,1,0,0,7
11093,2.0,2.0,0.0,17,0.1894307692307693,1,0,0,6
11094,2.0,2.0,0.0,15,0.18935769230769228,1,0,0,6
11095,2.0,2.0,0.0,21,0.18928461538461538,1,0,0,7
11096,2.0,2.0,0.0,24,0.1892115384615385,1,0,0,7
11097,2.0,2.0,0.0,15,0.1891384615384616,1,0,0,5
11098,2.0,2.0,0.0,19,0.18906538461538458,1,0,0,6
11099,2.0,2.0,0.0,17,0.1889923076923078,1,0,0,8
11100,2.0,2.0,0.0,15,0.1889192307692309,1,0,0,5
11101,2.0,2.0,0.0,20,0.18884615384615389,1,0,0,9
11102,2.0,2.0,0.0,17,0.188773076923077,1,0,0,11
11103,2.0,2.0,0.0,17,0.1887000000000001,1,0,0,6
11104,2.0,2.0,0.0,17,0.18862692307692308,1,0,0,6
11105,2.0,2.0,0.0,16,0.18855384615384618,1,0,0,5
11106,2.0,2.0,0.0,18,0.18848076923076929,1,0,0,5
11107,0.0,0.0,0.0,15,0.18840769230769228,0,1,0,7
11108,2.0,2.0,0.0,19,0.18833461538461538,1,0,0,7
11109,2.0,2.0,0.0,21,0.18826153846153848,1,0,0,10
11110,2.0,2.0,0.0,17,0.18818846153846158,1,0,0,6
11111,2.0,2.0,0.0,19,0.18811538461538457,1,0,0,11
11112,2.0,2.0,0.0,15,0.1880423076923078,1,0,0,3
11113,2.0,2.0,0.0,15,0.1879692307692309,1,0,0,6
11114,2.0,2.0,0.0,17,0.18789615384615388,1,0,0,7
11115,2.0,2.0,0.0,17,0.18782307692307698,1,0,0,6
11116,2.0,2.0,0.0,22,0.18775000000000008,1,0,0,10
11117,2.0,2.0,0.0,21,0.18767692307692307,1,0,0,6
11118,2.0,2.0,0.0,17,0.18760384615384618,1,0,0,4
11119,2.0,2.0,0.0,16,0.18753076923076928,1,0,0,5
11120,2.0,2.0,0.0,20,0.18745769230769238,1,0,0,8
11121,2.0,2.0,0.0,17,0.18738461538461537,1,0,0,6
11122,2.0,2.0,0.0,15,0.18731153846153847,1,0,0,7
11123,2.0,2.0,0.0,15,0.18723846153846158,1,0,0,6
11124,2.0,2.0,0.0,17,0.18716538461538457,1,0,0,4
11125,2.0,2.0,0.0,17,0.18709230769230778,1,0,0,6
11126,2.0,2.0,0.0,19,0.18701923076923088,1,0,0,6
11127,2.0,2.0,0.0,15,0.18694615384615387,1,0,0,1
11128,2.0,2.0,0.0,15,0.18687307692307698,1,0,0,6
11129,2.0,2.0,0.0,18,0.18680000000000008,1,0,0,7
11130,2.0,2.0,0.0,21,0.18672692307692307,1,0,0,11
11131,2.0,2.0,0.0,15,0.18665384615384617,1,0,0,5
11132,2.0,2.0,0.0,23,0.18658076923076927,1,0,0,9
11133,2.0,2.0,0.0,15,0.18650769230769237,1,0,0,8
11134,2.0,2.0,0.0,15,0.18643461538461537,1,0,0,9
11135,2.0,2.0,0.0,19,0.18636153846153847,1,0,0,4
11136,2.0,2.0,0.0,23,0.18628846153846157,1,0,0,4
11137,2.0,2.0,0.0,18,0.18621538461538456,1,0,0,12
11138,2.0,2.0,0.0,18,0.18614230769230777,1,0,0,5
11139,2.0,2.0,0.0,21,0.18606923076923088,1,0,0,9
11140,2.0,2.0,0.0,19,0.18599615384615387,1,0,0,7
11141,2.0,2.0,0.0,19,0.18592307692307697,1,0,0,7
11142,2.0,2.0,0.0,18,0.18585000000000007,1,0,0,8
11143,2.0,2.0,0.0,15,0.18577692307692317,1,0,0,8
11144,2.0,2.0,0.0,17,0.18570384615384616,1,0,0,6
11145,2.0,2.0,0.0,15,0.18563076923076927,1,0,0,10
11146,2.0,2.0,0.0,25,0.18555769230769237,1,0,0,7
11147,2.0,2.0,0.0,15,0.18548461538461536,1,0,0,9
11148,2.0,2.0,0.0,15,0.18541153846153846,1,0,0,6
11149,2.0,2.0,0.0,24,0.18533846153846156,1,0,0,11
11150,2.0,2.0,0.0,17,0.18526538461538455,1,0,0,6
11151,2.0,2.0,0.0,27,0.18519230769230777,1,0,0,8
11152,2.0,2.0,0.0,17,0.18511923076923087,1,0,0,7
11153,2.0,2.0,0.0,21,0.18504615384615386,1,0,0,8
11154,2.0,2.0,0.0,20,0.18497307692307696,1,0,0,10
11155,2.0,2.0,0.0,29,0.18490000000000006,1,0,0,10
11156,2.0,2.0,0.0,17,0.18482692307692317,1,0,0,5
11157,2.0,2.0,0.0,19,0.18475384615384616,1,0,0,8
11158,2.0,2.0,0.0,20,0.18468076923076926,1,0,0,6
11159,2.0,2.0,0.0,17,0.18460769230769236,1,0,0,7
11160,2.0,2.0,0.0,15,0.18453461538461535,1,0,0,7
11161,2.0,2.0,0.0,20,0.18446153846153845,1,0,0,8
11162,2.0,2.0,0.0,22,0.18438846153846156,1,0,0,11
11163,2.0,2.0,0.0,17,0.18431538461538455,1,0,0,9
11164,2.0,2.0,0.0,19,0.18424230769230776,1,0,0,9
11165,2.0,2.0,0.0,17,0.18416923076923086,1,0,0,9
11166,2.0,2.0,0.0,18,0.18409615384615396,1,0,0,6
11167,2.0,2.0,0.0,18,0.18402307692307696,1,0,0,6
11168,2.0,2.0,0.0,19,0.18395000000000006,1,0,0,5
11169,2.0,2.0,0.0,23,0.18387692307692316,1,0,0,9
11170,2.0,2.0,0.0,18,0.18380384615384615,1,0,0,6
11171,2.0,2.0,0.0,16,0.18373076923076925,1,0,0,0
11172,2.0,2.0,0.0,15,0.18365769230769236,1,0,0,5
11173,2.0,2.0,0.0,15,0.18358461538461535,1,0,0,5
11174,2.0,2.0,0.0,17,0.18351153846153845,1,0,0,8
11175,2.0,2.0,0.0,15,0.18343846153846155,1,0,0,2
11176,2.0,2.0,0.0,15,0.18336538461538465,1,0,0,3
11177,2.0,2.0,0.0,18,0.18329230769230775,1,0,0,9
11178,2.0,2.0,0.0,16,0.18321923076923086,1,0,0,6
11179,2.0,2.0,0.0,18,0.18314615384615396,1,0,0,6
11180,2.0,2.0,0.0,17,0.18307307692307695,1,0,0,12
11181,2.0,2.0,0.0,19,0.18300000000000005,1,0,0,6
11182,2.0,2.0,0.0,22,0.18292692307692315,1,0,0,7
11183,2.0,2.0,0.0,18,0.18285384615384614,1,0,0,3
11184,2.0,2.0,0.0,19,0.18278076923076925,1,0,0,8
11185,2.0,2.0,0.0,17,0.18270769230769235,1,0,0,10
11186,2.0,2.0,0.0,18,0.18263461538461534,1,0,0,7
11187,2.0,2.0,0.0,17,0.18256153846153844,1,0,0,7
11188,2.0,2.0,0.0,17,0.18248846153846154,1,0,0,8
11189,2.0,2.0,0.0,18,0.18241538461538476,1,0,0,5
11190,2.0,2.0,0.0,19,0.18234230769230775,1,0,0,5
11191,2.0,2.0,0.0,16,0.18226923076923085,1,0,0,5
11192,2.0,2.0,0.0,18,0.18219615384615395,1,0,0,6
11193,2.0,2.0,0.0,19,0.18212307692307694,1,0,0,6
11194,2.0,2.0,0.0,18,0.18205000000000005,1,0,0,5
11195,2.0,2.0,0.0,19,0.18197692307692315,1,0,0,8
11196,2.0,2.0,0.0,19,0.18190384615384614,1,0,0,5
11197,2.0,2.0,0.0,17,0.18183076923076924,1,0,0,4
11198,2.0,2.0,0.0,15,0.18175769230769234,1,0,0,6
11199,2.0,2.0,0.0,19,0.18168461538461544,1,0,0,10
11200,2.0,2.0,0.0,15,0.18161153846153844,1,0,0,6
11201,2.0,2.0,0.0,19,0.18153846153846154,1,0,0,3
11202,2.0,2.0,0.0,17,0.18146538461538475,1,0,0,6
11203,2.0,2.0,0.0,20,0.18139230769230774,1,0,0,5
11204,2.0,2.0,0.0,18,0.18131923076923084,1,0,0,5
11205,2.0,2.0,0.0,17,0.18124615384615395,1,0,0,9
11206,2.0,2.0,0.0,19,0.18117307692307694,1,0,0,4
11207,2.0,2.0,0.0,22,0.18110000000000004,1,0,0,8
11208,2.0,2.0,0.0,15,0.18102692307692314,1,0,0,4
11209,2.0,2.0,0.0,21,0.18095384615384613,1,0,0,8
11210,2.0,2.0,0.0,16,0.18088076923076923,1,0,0,6
11211,2.0,2.0,0.0,19,0.18080769230769234,1,0,0,6
11212,2.0,2.0,0.0,17,0.18073461538461544,1,0,0,5
11213,2.0,2.0,0.0,25,0.18066153846153843,1,0,0,6
11214,2.0,2.0,0.0,17,0.18058846153846153,1,0,0,8
11215,2.0,2.0,0.0,15,0.18051538461538474,1,0,0,5
11216,2.0,2.0,0.0,18,0.18044230769230774,1,0,0,7
11217,2.0,2.0,0.0,26,0.18036923076923084,1,0,0,13
11218,2.0,2.0,0.0,17,0.18029615384615394,1,0,0,8
11219,2.0,2.0,0.0,21,0.18022307692307693,1,0,0,3
11220,2.0,2.0,0.0,19,0.18015000000000003,1,0,0,9
11221,2.0,2.0,0.0,19,0.18007692307692313,1,0,0,8
11222,2.0,2.0,0.0,17,0.18000384615384624,1,0,0,6
11223,2.0,2.0,0.0,19,0.17993076923076923,1,0,0,7
11224,2.0,2.0,0.0,18,0.17985769230769233,1,0,0,6
11225,2.0,2.0,0.0,16,0.17978461538461543,1,0,0,7
11226,2.0,2.0,0.0,17,0.17971153846153842,1,0,0,9
11227,2.0,2.0,0.0,18,0.17963846153846152,1,0,0,6
11228,2.0,2.0,0.0,16,0.17956538461538474,1,0,0,9
11229,2.0,2.0,0.0,15,0.17949230769230773,1,0,0,6
11230,2.0,2.0,0.0,18,0.17941923076923083,1,0,0,6
11231,2.0,2.0,0.0,19,0.17934615384615393,1,0,0,4
11232,2.0,2.0,0.0,19,0.17927307692307692,1,0,0,7
11233,2.0,2.0,0.0,16,0.17920000000000003,1,0,0,8
11234,2.0,2.0,0.0,26,0.17912692307692313,1,0,0,10
11235,2.0,2.0,0.0,17,0.17905384615384623,1,0,0,5
11236,2.0,2.0,0.0,15,0.17898076923076922,1,0,0,7
11237,2.0,2.0,0.0,24,0.17890769230769232,1,0,0,6
11238,2.0,2.0,0.0,17,0.17883461538461543,1,0,0,11
11239,2.0,2.0,0.0,17,0.17876153846153842,1,0,0,8
11240,2.0,2.0,0.0,19,0.17868846153846152,1,0,0,6
11241,2.0,2.0,0.0,22,0.17861538461538473,1,0,0,5
11242,2.0,2.0,0.0,15,0.17854230769230772,1,0,0,7
11243,2.0,2.0,0.0,15,0.17846923076923082,1,0,0,4
11244,2.0,2.0,0.0,17,0.17839615384615393,1,0,0,7
11245,2.0,2.0,0.0,15,0.17832307692307703,1,0,0,3
11246,2.0,2.0,0.0,19,0.17825000000000002,1,0,0,11
11247,2.0,2.0,0.0,18,0.17817692307692312,1,0,0,11
11248,2.0,2.0,0.0,18,0.17810384615384622,1,0,0,5
11249,2.0,2.0,0.0,22,0.17803076923076921,1,0,0,9
11250,2.0,2.0,0.0,17,0.17795769230769232,1,0,0,11
11251,2.0,2.0,0.0,19,0.17788461538461542,1,0,0,5
11252,1.0,1.0,0.0,17,0.1778115384615384,0,1,0,5
11253,2.0,2.0,0.0,16,0.1777384615384615,1,0,0,7
11254,2.0,2.0,0.0,17,0.17766538461538472,1,0,0,7
11255,2.0,2.0,0.0,17,0.17759230769230772,1,0,0,4
11256,2.0,2.0,0.0,17,0.17751923076923082,1,0,0,8
11257,2.0,2.0,0.0,16,0.17744615384615392,1,0,0,5
11258,2.0,2.0,0.0,15,0.17737307692307702,1,0,0,8
11259,2.0,2.0,0.0,17,0.1773,1,0,0,8
11260,2.0,2.0,0.0,19,0.17722692307692312,1,0,0,4
11261,2.0,2.0,0.0,15,0.17715384615384622,1,0,0,8
11262,2.0,2.0,0.0,15,0.1770807692307692,1,0,0,4
11263,2.0,2.0,0.0,15,0.1770076923076923,1,0,0,5
11264,2.0,2.0,0.0,20,0.1769346153846154,1,0,0,8
11265,2.0,2.0,0.0,24,0.1768615384615384,1,0,0,12
11266,2.0,2.0,0.0,17,0.1767884615384615,1,0,0,3
11267,2.0,2.0,0.0,24,0.17671538461538472,1,0,0,10
11268,2.0,2.0,0.0,15,0.17664230769230782,1,0,0,9
11269,2.0,2.0,0.0,19,0.1765692307692308,1,0,0,8
11270,2.0,2.0,0.0,21,0.1764961538461539,1,0,0,9
11271,2.0,2.0,0.0,24,0.17642307692307702,1,0,0,6
11272,2.0,2.0,0.0,18,0.17635,1,0,0,6
11273,2.0,2.0,0.0,21,0.1762769230769231,1,0,0,10
11274,2.0,2.0,0.0,15,0.1762038461538462,1,0,0,3
11275,2.0,2.0,0.0,19,0.1761307692307692,1,0,0,3
11276,2.0,2.0,0.0,19,0.1760576923076923,1,0,0,7
11277,2.0,2.0,0.0,20,0.1759846153846154,1,0,0,7
11278,2.0,2.0,0.0,19,0.1759115384615385,1,0,0,9
11279,2.0,2.0,0.0,16,0.1758384615384615,1,0,0,8
11280,2.0,2.0,0.0,16,0.1757653846153847,1,0,0,5
11281,2.0,2.0,0.0,18,0.17569230769230781,1,0,0,9
11282,2.0,2.0,0.0,25,0.1756192307692308,1,0,0,5
11283,2.0,2.0,0.0,19,0.1755461538461539,1,0,0,7
11284,2.0,2.0,0.0,23,0.175473076923077,1,0,0,11
11285,2.0,2.0,0.0,20,0.1754,1,0,0,10
11286,2.0,2.0,0.0,17,0.1753269230769231,1,0,0,5
11287,2.0,2.0,0.0,15,0.1752538461538462,1,0,0,4
11288,2.0,2.0,0.0,21,0.1751807692307692,1,0,0,10
11289,2.0,2.0,0.0,19,0.1751076923076923,1,0,0,11
11290,2.0,2.0,0.0,19,0.1750346153846154,1,0,0,8
11291,2.0,2.0,0.0,25,0.1749615384615385,1,0,0,8
11292,2.0,2.0,0.0,20,0.1748884615384615,1,0,0,7
11293,2.0,2.0,0.0,22,0.1748153846153847,1,0,0,9
11294,2.0,2.0,0.0,24,0.1747423076923078,1,0,0,11
11295,2.0,2.0,0.0,21,0.1746692307692308,1,0,0,9
11296,2.0,2.0,0.0,19,0.1745961538461539,1,0,0,8
11297,2.0,2.0,0.0,17,0.174523076923077,1,0,0,9
11298,2.0,2.0,0.0,17,0.17445,1,0,0,5
11299,2.0,2.0,0.0,17,0.1743769230769231,1,0,0,9
11300,2.0,2.0,0.0,20,0.1743038461538462,1,0,0,8
11301,2.0,2.0,0.0,16,0.1742307692307693,1,0,0,6
11302,2.0,2.0,0.0,19,0.1741576923076923,1,0,0,4
11303,2.0,2.0,0.0,15,0.1740846153846154,1,0,0,5
11304,2.0,2.0,0.0,17,0.1740115384615385,1,0,0,8
11305,2.0,2.0,0.0,15,0.1739384615384615,1,0,0,7
11306,2.0,2.0,0.0,17,0.1738653846153847,1,0,0,6
11307,2.0,2.0,0.0,19,0.1737923076923078,1,0,0,7
11308,2.0,2.0,0.0,16,0.1737192307692308,1,0,0,8
11309,2.0,2.0,0.0,15,0.1736461538461539,1,0,0,7
11310,2.0,2.0,0.0,16,0.173573076923077,1,0,0,7
11311,2.0,2.0,0.0,17,0.1735,1,0,0,6
11312,2.0,2.0,0.0,18,0.1734269230769231,1,0,0,4
11313,2.0,2.0,0.0,17,0.1733538461538462,1,0,0,3
11314,2.0,2.0,0.0,21,0.1732807692307693,1,0,0,13
11315,2.0,2.0,0.0,18,0.17320769230769228,1,0,0,7
11316,2.0,2.0,0.0,17,0.1731346153846154,1,0,0,6
11317,2.0,2.0,0.0,15,0.1730615384615385,1,0,0,8
11318,2.0,2.0,0.0,15,0.1729884615384616,1,0,0,9
11319,2.0,2.0,0.0,23,0.1729153846153847,1,0,0,12
11320,2.0,2.0,0.0,21,0.1728423076923078,1,0,0,9
11321,2.0,2.0,0.0,18,0.17276923076923079,1,0,0,10
11322,2.0,2.0,0.0,21,0.1726961538461539,1,0,0,3
11323,2.0,2.0,0.0,16,0.172623076923077,1,0,0,8
11324,2.0,2.0,0.0,21,0.1725500000000001,1,0,0,8
11325,2.0,2.0,0.0,15,0.17247692307692308,1,0,0,8
11326,2.0,2.0,0.0,22,0.17240384615384619,1,0,0,9
11327,2.0,2.0,0.0,15,0.1723307692307693,1,0,0,4
11328,2.0,2.0,0.0,28,0.17225769230769228,1,0,0,12
11329,2.0,2.0,0.0,15,0.17218461538461538,1,0,0,6
11330,2.0,2.0,0.0,17,0.17211153846153848,1,0,0,4
11331,2.0,2.0,0.0,17,0.17203846153846158,1,0,0,6
11332,2.0,2.0,0.0,21,0.1719653846153847,1,0,0,9
11333,2.0,2.0,0.0,19,0.1718923076923078,1,0,0,6
11334,2.0,2.0,0.0,16,0.17181923076923078,1,0,0,3
11335,2.0,2.0,0.0,18,0.17174615384615388,1,0,0,8
11336,2.0,2.0,0.0,21,0.17167307692307698,1,0,0,6
11337,2.0,2.0,0.0,16,0.17160000000000009,1,0,0,10
11338,2.0,2.0,0.0,17,0.17152692307692308,1,0,0,4
11339,2.0,2.0,0.0,22,0.17145384615384618,1,0,0,12
11340,2.0,2.0,0.0,19,0.17138076923076928,1,0,0,3
11341,2.0,2.0,0.0,19,0.17130769230769227,1,0,0,9
11342,2.0,2.0,0.0,19,0.17123461538461537,1,0,0,5
11343,2.0,2.0,0.0,21,0.17116153846153848,1,0,0,8
11344,2.0,2.0,0.0,25,0.17108846153846158,1,0,0,8
11345,2.0,2.0,0.0,17,0.17101538461538468,1,0,0,5
11346,2.0,2.0,0.0,21,0.17094230769230778,1,0,0,10
11347,2.0,2.0,0.0,20,0.17086923076923088,1,0,0,10
11348,2.0,2.0,0.0,17,0.17079615384615388,1,0,0,7
11349,2.0,2.0,0.0,22,0.17072307692307698,1,0,0,11
11350,2.0,2.0,0.0,17,0.17065000000000008,1,0,0,6
11351,2.0,2.0,0.0,71,0.17057692307692307,1,0,0,23
11352,2.0,2.0,0.0,19,0.17050384615384617,1,0,0,4
11353,2.0,2.0,0.0,16,0.17043076923076927,1,0,0,10
11354,2.0,2.0,0.0,21,0.17035769230769227,1,0,0,9
11355,2.0,2.0,0.0,23,0.17028461538461537,1,0,0,6
11356,2.0,2.0,0.0,19,0.17021153846153847,1,0,0,12
11357,2.0,2.0,0.0,17,0.17013846153846157,1,0,0,6
11358,2.0,2.0,0.0,15,0.17006538461538467,1,0,0,6
11359,2.0,2.0,0.0,17,0.16999230769230778,1,0,0,7
11360,2.0,2.0,0.0,19,0.16991923076923088,1,0,0,7
11361,2.0,2.0,0.0,19,0.16984615384615387,1,0,0,10
11362,2.0,2.0,0.0,23,0.16977307692307697,1,0,0,9
11363,2.0,2.0,0.0,19,0.16970000000000007,1,0,0,4
11364,2.0,2.0,0.0,21,0.16962692307692306,1,0,0,10
11365,2.0,2.0,0.0,15,0.16955384615384617,1,0,0,4
11366,2.0,2.0,0.0,16,0.16948076923076927,1,0,0,5
11367,2.0,2.0,0.0,23,0.16940769230769226,1,0,0,8
11368,2.0,2.0,0.0,17,0.16933461538461536,1,0,0,6
11369,2.0,2.0,0.0,15,0.16926153846153846,1,0,0,3
11370,2.0,2.0,0.0,17,0.16918846153846168,1,0,0,5
11371,2.0,2.0,0.0,21,0.16911538461538467,1,0,0,11
11372,2.0,2.0,0.0,15,0.16904230769230777,1,0,0,5
11373,2.0,2.0,0.0,21,0.16896923076923087,1,0,0,12
11374,2.0,2.0,0.0,18,0.16889615384615386,1,0,0,4
11375,2.0,2.0,0.0,17,0.16882307692307696,1,0,0,9
11376,2.0,2.0,0.0,15,0.16875000000000007,1,0,0,8
11377,2.0,2.0,0.0,20,0.16867692307692306,1,0,0,5
11378,2.0,2.0,0.0,17,0.16860384615384616,1,0,0,7
11379,2.0,2.0,0.0,21,0.16853076923076926,1,0,0,10
11380,2.0,2.0,0.0,17,0.16845769230769236,1,0,0,7
11381,2.0,2.0,0.0,15,0.16838461538461535,1,0,0,5
11382,2.0,2.0,0.0,24,0.16831153846153846,1,0,0,6
11383,2.0,2.0,0.0,15,0.16823846153846167,1,0,0,6
11384,2.0,2.0,0.0,17,0.16816538461538466,1,0,0,6
11385,2.0,2.0,0.0,17,0.16809230769230776,1,0,0,6
11386,2.0,2.0,0.0,22,0.16801923076923087,1,0,0,9
11387,2.0,2.0,0.0,23,0.16794615384615386,1,0,0,5
11388,2.0,2.0,0.0,15,0.16787307692307696,1,0,0,9
11389,2.0,2.0,0.0,19,0.16780000000000006,1,0,0,11
11390,2.0,2.0,0.0,19,0.16772692307692316,1,0,0,11
11391,2.0,2.0,0.0,17,0.16765384615384615,1,0,0,7
11392,2.0,2.0,0.0,17,0.16758076923076926,1,0,0,6
11393,2.0,2.0,0.0,17,0.16750769230769236,1,0,0,6
11394,2.0,2.0,0.0,21,0.16743461538461535,1,0,0,10
11395,2.0,2.0,0.0,17,0.16736153846153845,1,0,0,8
11396,2.0,2.0,0.0,19,0.16728846153846166,1,0,0,6
11397,2.0,2.0,0.0,15,0.16721538461538465,1,0,0,2
11398,2.0,2.0,0.0,15,0.16714230769230776,1,0,0,4
11399,2.0,2.0,0.0,17,0.16706923076923086,1,0,0,8
11400,2.0,2.0,0.0,17,0.16699615384615385,1,0,0,5
11401,2.0,2.0,0.0,19,0.16692307692307695,1,0,0,7
11402,2.0,2.0,0.0,15,0.16685000000000005,1,0,0,6
11403,2.0,2.0,0.0,21,0.16677692307692316,1,0,0,8
11404,2.0,2.0,0.0,16,0.16670384615384615,1,0,0,4
11405,2.0,2.0,0.0,17,0.16663076923076925,1,0,0,4
11406,2.0,2.0,0.0,26,0.16655769230769235,1,0,0,10
11407,2.0,2.0,0.0,15,0.16648461538461534,1,0,0,6
11408,2.0,2.0,0.0,18,0.16641153846153844,1,0,0,8
11409,2.0,2.0,0.0,17,0.16633846153846166,1,0,0,5
11410,2.0,2.0,0.0,17,0.16626538461538465,1,0,0,7
11411,2.0,2.0,0.0,18,0.16619230769230775,1,0,0,5
11412,2.0,2.0,0.0,17,0.16611923076923085,1,0,0,7
11413,2.0,2.0,0.0,17,0.16604615384615395,1,0,0,9
11414,2.0,2.0,0.0,17,0.16597307692307695,1,0,0,9
11415,2.0,2.0,0.0,19,0.16590000000000005,1,0,0,6
11416,2.0,2.0,0.0,19,0.16582692307692315,1,0,0,7
11417,2.0,2.0,0.0,19,0.16575384615384614,1,0,0,8
11418,2.0,2.0,0.0,23,0.16568076923076924,1,0,0,3
11419,2.0,2.0,0.0,15,0.16560769230769234,1,0,0,7
11420,2.0,2.0,0.0,18,0.16553461538461534,1,0,0,6
11421,2.0,2.0,0.0,17,0.16546153846153844,1,0,0,3
11422,2.0,2.0,0.0,17,0.16538846153846165,1,0,0,7
11423,2.0,2.0,0.0,20,0.16531538461538464,1,0,0,8
11424,2.0,2.0,0.0,19,0.16524230769230774,1,0,0,8
11425,0.0,0.0,0.0,11,0.16516923076923085,0,1,0,9
11426,2.0,2.0,0.0,21,0.16509615384615395,1,0,0,10
11427,2.0,2.0,0.0,20,0.16502307692307694,1,0,0,9
11428,2.0,2.0,0.0,28,0.16495000000000004,1,0,0,11
11429,2.0,2.0,0.0,15,0.16487692307692314,1,0,0,8
11430,2.0,2.0,0.0,18,0.16480384615384613,1,0,0,7
11431,2.0,2.0,0.0,19,0.16473076923076924,1,0,0,6
11432,2.0,2.0,0.0,15,0.16465769230769234,1,0,0,8
11433,2.0,2.0,0.0,20,0.16458461538461533,1,0,0,5
11434,2.0,2.0,0.0,18,0.16451153846153843,1,0,0,6
11435,2.0,2.0,0.0,22,0.16443846153846164,1,0,0,7
11436,2.0,2.0,0.0,22,0.16436538461538475,1,0,0,9
11437,2.0,2.0,0.0,15,0.16429230769230774,1,0,0,5
11438,2.0,2.0,0.0,21,0.16421923076923084,1,0,0,11
11439,2.0,2.0,0.0,17,0.16414615384615394,1,0,0,6
11440,2.0,2.0,0.0,21,0.16407307692307693,1,0,0,5
11441,2.0,2.0,0.0,18,0.16400000000000003,1,0,0,8
11442,2.0,2.0,0.0,17,0.16392692307692314,1,0,0,4
11443,2.0,2.0,0.0,19,0.16385384615384613,1,0,0,10
11444,2.0,2.0,0.0,21,0.16378076923076923,1,0,0,9
11445,2.0,2.0,0.0,17,0.16370769230769233,1,0,0,8
11446,2.0,2.0,0.0,15,0.16363461538461543,1,0,0,4
11447,2.0,2.0,0.0,15,0.16356153846153854,1,0,0,6
11448,2.0,2.0,0.0,18,0.16348846153846164,1,0,0,5
11449,2.0,2.0,0.0,22,0.16341538461538474,1,0,0,5
11450,2.0,2.0,0.0,17,0.16334230769230773,1,0,0,6
11451,2.0,2.0,0.0,17,0.16326923076923083,1,0,0,7
11452,2.0,2.0,0.0,15,0.16319615384615394,1,0,0,6
11453,2.0,2.0,0.0,15,0.16312307692307693,1,0,0,3
11454,2.0,2.0,0.0,17,0.16305000000000003,1,0,0,9
11455,2.0,2.0,0.0,15,0.16297692307692313,1,0,0,11
11456,2.0,2.0,0.0,17,0.16290384615384612,1,0,0,4
11457,2.0,2.0,0.0,22,0.16283076923076922,1,0,0,6
11458,2.0,2.0,0.0,17,0.16275769230769233,1,0,0,5
11459,2.0,2.0,0.0,17,0.16268461538461543,1,0,0,4
11460,2.0,2.0,0.0,21,0.16261153846153853,1,0,0,7
11461,2.0,2.0,0.0,17,0.16253846153846163,1,0,0,8
11462,2.0,2.0,0.0,17,0.16246538461538473,1,0,0,4
11463,2.0,2.0,0.0,19,0.16239230769230772,1,0,0,8
11464,2.0,2.0,0.0,19,0.16231923076923083,1,0,0,11
11465,2.0,2.0,0.0,19,0.16224615384615393,1,0,0,4
11466,2.0,2.0,0.0,19,0.16217307692307692,1,0,0,9
11467,2.0,2.0,0.0,19,0.16210000000000002,1,0,0,8
11468,2.0,2.0,0.0,18,0.16202692307692312,1,0,0,10
11469,2.0,2.0,0.0,17,0.16195384615384623,1,0,0,8
11470,2.0,2.0,0.0,16,0.16188076923076922,1,0,0,8
11471,2.0,2.0,0.0,17,0.16180769230769232,1,0,0,8
11472,2.0,2.0,0.0,19,0.16173461538461542,1,0,0,6
11473,2.0,2.0,0.0,21,0.16166153846153852,1,0,0,10
11474,2.0,2.0,0.0,15,0.16158846153846163,1,0,0,4
11475,2.0,2.0,0.0,19,0.16151538461538473,1,0,0,8
11476,2.0,2.0,0.0,20,0.16144230769230772,1,0,0,5
11477,2.0,2.0,0.0,17,0.16136923076923082,1,0,0,6
11478,2.0,2.0,0.0,17,0.16129615384615392,1,0,0,6
11479,2.0,2.0,0.0,15,0.1612230769230769,1,0,0,6
11480,2.0,2.0,0.0,17,0.16115000000000002,1,0,0,10
11481,2.0,2.0,0.0,15,0.16107692307692312,1,0,0,8
11482,2.0,2.0,0.0,15,0.16100384615384622,1,0,0,4
11483,2.0,2.0,0.0,18,0.1609307692307692,1,0,0,9
11484,2.0,2.0,0.0,20,0.1608576923076923,1,0,0,10
11485,2.0,2.0,0.0,21,0.16078461538461541,1,0,0,8
11486,2.0,2.0,0.0,24,0.16071153846153852,1,0,0,12
11487,2.0,2.0,0.0,21,0.16063846153846162,1,0,0,5
11488,2.0,2.0,0.0,21,0.16056538461538472,1,0,0,5
11489,1.0,1.0,0.0,21,0.1604923076923077,0,1,0,9
11490,2.0,2.0,0.0,17,0.16041923076923081,1,0,0,6
11491,2.0,2.0,0.0,17,0.16034615384615392,1,0,0,5
11492,2.0,2.0,0.0,17,0.16027307692307702,1,0,0,6
11493,2.0,2.0,0.0,18,0.1602,1,0,0,7
11494,2.0,2.0,0.0,17,0.1601269230769231,1,0,0,5
11495,2.0,2.0,0.0,16,0.1600538461538462,1,0,0,7
11496,2.0,2.0,0.0,23,0.1599807692307692,1,0,0,10
11497,2.0,2.0,0.0,19,0.1599076923076923,1,0,0,5
11498,2.0,2.0,0.0,15,0.1598346153846154,1,0,0,6
11499,2.0,2.0,0.0,17,0.1597615384615385,1,0,0,7
11500,2.0,2.0,0.0,17,0.1596884615384616,1,0,0,8
11501,2.0,2.0,0.0,22,0.15961538461538471,1,0,0,8
11502,2.0,2.0,0.0,17,0.1595423076923077,1,0,0,4
11503,2.0,2.0,0.0,17,0.1594692307692308,1,0,0,8
11504,2.0,2.0,0.0,17,0.1593961538461539,1,0,0,3
11505,2.0,2.0,0.0,21,0.159323076923077,1,0,0,6
11506,2.0,2.0,0.0,15,0.15925,1,0,0,4
11507,2.0,2.0,0.0,22,0.1591769230769231,1,0,0,9
11508,2.0,2.0,0.0,18,0.1591038461538462,1,0,0,6
11509,2.0,2.0,0.0,20,0.1590307692307692,1,0,0,8
11510,2.0,2.0,0.0,15,0.1589576923076923,1,0,0,6
11511,2.0,2.0,0.0,23,0.1588846153846154,1,0,0,9
11512,2.0,2.0,0.0,20,0.1588115384615385,1,0,0,6
11513,2.0,2.0,0.0,15,0.1587384615384616,1,0,0,8
11514,2.0,2.0,0.0,15,0.1586653846153847,1,0,0,5
11515,2.0,2.0,0.0,29,0.1585923076923078,1,0,0,11
11516,2.0,2.0,0.0,19,0.1585192307692308,1,0,0,6
11517,2.0,2.0,0.0,15,0.1584461538461539,1,0,0,7
11518,2.0,2.0,0.0,25,0.158373076923077,1,0,0,8
11519,2.0,2.0,0.0,18,0.1583,1,0,0,7
11520,2.0,2.0,0.0,17,0.1582269230769231,1,0,0,7
11521,2.0,2.0,0.0,17,0.1581538461538462,1,0,0,3
11522,2.0,2.0,0.0,19,0.1580807692307692,1,0,0,8
11523,2.0,2.0,0.0,19,0.1580076923076923,1,0,0,10
11524,2.0,2.0,0.0,21,0.1579346153846154,1,0,0,5
11525,2.0,2.0,0.0,25,0.1578615384615385,1,0,0,8
11526,2.0,2.0,0.0,18,0.1577884615384616,1,0,0,7
11527,2.0,2.0,0.0,18,0.1577153846153847,1,0,0,10
11528,2.0,2.0,0.0,22,0.1576423076923078,1,0,0,7
11529,2.0,2.0,0.0,15,0.1575692307692308,1,0,0,8
11530,2.0,2.0,0.0,17,0.1574961538461539,1,0,0,8
11531,2.0,2.0,0.0,21,0.157423076923077,1,0,0,6
11532,2.0,2.0,0.0,18,0.15735,1,0,0,9
11533,2.0,2.0,0.0,18,0.1572769230769231,1,0,0,5
11534,2.0,2.0,0.0,18,0.1572038461538462,1,0,0,9
11535,2.0,2.0,0.0,15,0.15713076923076919,1,0,0,4
11536,2.0,2.0,0.0,17,0.1570576923076923,1,0,0,11
11537,2.0,2.0,0.0,16,0.1569846153846154,1,0,0,3
11538,2.0,2.0,0.0,32,0.1569115384615386,1,0,0,14
11539,0.0,0.0,0.0,20,0.1568384615384616,0,1,0,4
11540,2.0,2.0,0.0,15,0.1567653846153847,1,0,0,6
11541,2.0,2.0,0.0,15,0.1566923076923078,1,0,0,6
11542,2.0,2.0,0.0,17,0.1566192307692308,1,0,0,7
11543,2.0,2.0,0.0,17,0.1565461538461539,1,0,0,8
11544,2.0,2.0,0.0,15,0.156473076923077,1,0,0,7
11545,2.0,2.0,0.0,17,0.15639999999999998,1,0,0,7
11546,2.0,2.0,0.0,22,0.15632692307692309,1,0,0,10
11547,2.0,2.0,0.0,18,0.1562538461538462,1,0,0,6
11548,2.0,2.0,0.0,15,0.1561807692307693,1,0,0,4
11549,2.0,2.0,0.0,21,0.15610769230769228,1,0,0,12
11550,2.0,2.0,0.0,15,0.15603461538461538,1,0,0,9
11551,2.0,2.0,0.0,23,0.1559615384615386,1,0,0,9
11552,2.0,2.0,0.0,21,0.1558884615384616,1,0,0,7
11553,2.0,2.0,0.0,17,0.1558153846153847,1,0,0,5
11554,2.0,2.0,0.0,18,0.1557423076923078,1,0,0,3
11555,2.0,2.0,0.0,16,0.15566923076923078,1,0,0,8
11556,2.0,2.0,0.0,16,0.15559615384615388,1,0,0,8
11557,2.0,2.0,0.0,21,0.15552307692307699,1,0,0,8
11558,2.0,2.0,0.0,15,0.15544999999999998,1,0,0,5
11559,2.0,2.0,0.0,16,0.15537692307692308,1,0,0,8
11560,2.0,2.0,0.0,15,0.15530384615384618,1,0,0,6
11561,2.0,2.0,0.0,15,0.15523076923076928,1,0,0,7
11562,2.0,2.0,0.0,20,0.15515769230769227,1,0,0,6
11563,2.0,2.0,0.0,19,0.15508461538461538,1,0,0,7
11564,2.0,2.0,0.0,15,0.1550115384615386,1,0,0,7
11565,2.0,2.0,0.0,15,0.15493846153846158,1,0,0,6
11566,2.0,2.0,0.0,17,0.15486538461538468,1,0,0,8
11567,2.0,2.0,0.0,17,0.15479230769230778,1,0,0,6
11568,2.0,2.0,0.0,26,0.15471923076923078,1,0,0,16
11569,2.0,2.0,0.0,18,0.15464615384615388,1,0,0,6
11570,2.0,2.0,0.0,21,0.15457307692307698,1,0,0,11
11571,2.0,2.0,0.0,17,0.15450000000000008,1,0,0,6
11572,2.0,2.0,0.0,15,0.15442692307692307,1,0,0,10
11573,2.0,2.0,0.0,16,0.15435384615384617,1,0,0,7
11574,2.0,2.0,0.0,19,0.15428076923076928,1,0,0,6
11575,2.0,2.0,0.0,17,0.15420769230769227,1,0,0,5
11576,2.0,2.0,0.0,25,0.15413461538461548,1,0,0,14
11577,2.0,2.0,0.0,17,0.15406153846153858,1,0,0,7
11578,2.0,2.0,0.0,20,0.15398846153846157,1,0,0,10
11579,2.0,2.0,0.0,17,0.15391538461538468,1,0,0,6
11580,2.0,2.0,0.0,23,0.15384230769230778,1,0,0,12
11581,2.0,2.0,0.0,19,0.15376923076923077,1,0,0,11
11582,2.0,2.0,0.0,18,0.15369615384615387,1,0,0,4
11583,2.0,2.0,0.0,17,0.15362307692307697,1,0,0,7
11584,2.0,2.0,0.0,15,0.15355000000000008,1,0,0,5
11585,2.0,2.0,0.0,18,0.15347692307692307,1,0,0,10
11586,2.0,2.0,0.0,18,0.15340384615384617,1,0,0,11
11587,2.0,2.0,0.0,16,0.15333076923076927,1,0,0,6
11588,2.0,2.0,0.0,27,0.15325769230769226,1,0,0,9
11589,2.0,2.0,0.0,19,0.15318461538461547,1,0,0,7
11590,2.0,2.0,0.0,20,0.15311153846153858,1,0,0,7
11591,2.0,2.0,0.0,17,0.15303846153846157,1,0,0,7
11592,2.0,2.0,0.0,15,0.15296538461538467,1,0,0,6
11593,2.0,2.0,0.0,15,0.15289230769230777,1,0,0,3
11594,2.0,2.0,0.0,28,0.15281923076923087,1,0,0,14
11595,2.0,2.0,0.0,17,0.15274615384615386,1,0,0,6
11596,2.0,2.0,0.0,23,0.15267307692307697,1,0,0,8
11597,2.0,2.0,0.0,17,0.15260000000000007,1,0,0,7
11598,2.0,2.0,0.0,15,0.15252692307692306,1,0,0,3
11599,2.0,2.0,0.0,20,0.15245384615384616,1,0,0,2
11600,2.0,2.0,0.0,15,0.15238076923076926,1,0,0,5
11601,2.0,2.0,0.0,15,0.15230769230769226,1,0,0,8
11602,2.0,2.0,0.0,18,0.15223461538461547,1,0,0,5
11603,2.0,2.0,0.0,17,0.15216153846153857,1,0,0,4
11604,2.0,2.0,0.0,17,0.15208846153846156,1,0,0,5
11605,2.0,2.0,0.0,15,0.15201538461538466,1,0,0,4
11606,2.0,2.0,0.0,20,0.15194230769230777,1,0,0,9
11607,2.0,2.0,0.0,17,0.15186923076923087,1,0,0,3
11608,2.0,2.0,0.0,17,0.15179615384615386,1,0,0,10
11609,2.0,2.0,0.0,19,0.15172307692307696,1,0,0,4
11610,2.0,2.0,0.0,16,0.15165000000000006,1,0,0,8
11611,2.0,2.0,0.0,31,0.15157692307692305,1,0,0,15
11612,2.0,2.0,0.0,15,0.15150384615384616,1,0,0,10
11613,2.0,2.0,0.0,17,0.15143076923076926,1,0,0,6
11614,2.0,2.0,0.0,16,0.15135769230769225,1,0,0,3
11615,2.0,2.0,0.0,15,0.15128461538461546,1,0,0,4
11616,2.0,2.0,0.0,22,0.15121153846153856,1,0,0,5
11617,2.0,2.0,0.0,17,0.15113846153846167,1,0,0,8
11618,2.0,2.0,0.0,20,0.15106538461538466,1,0,0,6
11619,2.0,2.0,0.0,17,0.15099230769230776,1,0,0,5
11620,2.0,2.0,0.0,17,0.15091923076923086,1,0,0,7
11621,2.0,2.0,0.0,15,0.15084615384615385,1,0,0,4
11622,2.0,2.0,0.0,17,0.15077307692307695,1,0,0,5
11623,2.0,2.0,0.0,17,0.15070000000000006,1,0,0,9
11624,2.0,2.0,0.0,16,0.15062692307692305,1,0,0,10
11625,2.0,2.0,0.0,19,0.15055384615384615,1,0,0,6
11626,2.0,2.0,0.0,15,0.15048076923076925,1,0,0,5
11627,2.0,2.0,0.0,21,0.15040769230769235,1,0,0,5
11628,2.0,2.0,0.0,15,0.15033461538461546,1,0,0,3
11629,2.0,2.0,0.0,16,0.15026153846153856,1,0,0,4
11630,2.0,2.0,0.0,19,0.15018846153846166,1,0,0,7
11631,2.0,2.0,0.0,15,0.15011538461538465,1,0,0,6
11632,2.0,2.0,0.0,21,0.15004230769230775,1,0,0,7
11633,2.0,2.0,0.0,15,0.14996923076923085,1,0,0,4
11634,2.0,2.0,0.0,19,0.14989615384615385,1,0,0,7
11635,2.0,2.0,0.0,17,0.14982307692307695,1,0,0,4
11636,2.0,2.0,0.0,24,0.14975000000000005,1,0,0,11
11637,2.0,2.0,0.0,18,0.14967692307692304,1,0,0,6
11638,2.0,2.0,0.0,15,0.14960384615384614,1,0,0,4
11639,2.0,2.0,0.0,20,0.14953076923076924,1,0,0,7
11640,2.0,2.0,0.0,18,0.14945769230769235,1,0,0,7
11641,2.0,2.0,0.0,23,0.14938461538461545,1,0,0,10
11642,2.0,2.0,0.0,21,0.14931153846153855,1,0,0,11
11643,2.0,2.0,0.0,17,0.14923846153846165,1,0,0,8
11644,2.0,2.0,0.0,17,0.14916538461538464,1,0,0,5
11645,2.0,2.0,0.0,15,0.14909230769230775,1,0,0,8
11646,2.0,2.0,0.0,29,0.14901923076923085,1,0,0,14
11647,2.0,2.0,0.0,24,0.14894615384615384,1,0,0,9
11648,2.0,2.0,0.0,19,0.14887307692307694,1,0,0,7
11649,2.0,2.0,0.0,16,0.14880000000000004,1,0,0,6
11650,2.0,2.0,0.0,18,0.14872692307692315,1,0,0,11
11651,2.0,2.0,0.0,16,0.14865384615384614,1,0,0,4
11652,2.0,2.0,0.0,19,0.14858076923076924,1,0,0,9
11653,2.0,2.0,0.0,18,0.14850769230769234,1,0,0,7
11654,2.0,2.0,0.0,26,0.14843461538461544,1,0,0,9
11655,2.0,2.0,0.0,17,0.14836153846153854,1,0,0,10
11656,2.0,2.0,0.0,18,0.14828846153846165,1,0,0,8
11657,2.0,2.0,0.0,15,0.14821538461538464,1,0,0,4
11658,2.0,2.0,0.0,17,0.14814230769230774,1,0,0,4
11659,2.0,2.0,0.0,23,0.14806923076923084,1,0,0,8
11660,2.0,2.0,0.0,19,0.14799615384615383,1,0,0,10
11661,2.0,2.0,0.0,17,0.14792307692307693,1,0,0,7
11662,2.0,2.0,0.0,15,0.14785000000000004,1,0,0,6
11663,2.0,2.0,0.0,16,0.14777692307692314,1,0,0,5
11664,2.0,2.0,0.0,17,0.14770384615384613,1,0,0,5
11665,2.0,2.0,0.0,15,0.14763076923076923,1,0,0,8
11666,2.0,2.0,0.0,19,0.14755769230769233,1,0,0,9
11667,2.0,2.0,0.0,21,0.14748461538461544,1,0,0,7
11668,2.0,2.0,0.0,21,0.14741153846153854,1,0,0,4
11669,2.0,2.0,0.0,15,0.14733846153846164,1,0,0,7
11670,2.0,2.0,0.0,15,0.14726538461538463,1,0,0,5
11671,2.0,2.0,0.0,15,0.14719230769230773,1,0,0,6
11672,2.0,2.0,0.0,16,0.14711923076923084,1,0,0,5
11673,2.0,2.0,0.0,19,0.14704615384615394,1,0,0,10
11674,2.0,2.0,0.0,17,0.14697307692307693,1,0,0,7
11675,2.0,2.0,0.0,20,0.14690000000000003,1,0,0,9
11676,2.0,2.0,0.0,19,0.14682692307692313,1,0,0,9
11677,2.0,2.0,0.0,15,0.14675384615384612,1,0,0,5
11678,2.0,2.0,0.0,18,0.14668076923076923,1,0,0,5
11679,2.0,2.0,0.0,18,0.14660769230769233,1,0,0,5
11680,2.0,2.0,0.0,16,0.14653461538461543,1,0,0,5
11681,2.0,2.0,0.0,17,0.14646153846153853,1,0,0,8
11682,2.0,2.0,0.0,21,0.14638846153846163,1,0,0,7
11683,2.0,2.0,0.0,15,0.14631538461538462,1,0,0,4
11684,2.0,2.0,0.0,16,0.14624230769230773,1,0,0,5
11685,2.0,2.0,0.0,17,0.14616923076923083,1,0,0,5
11686,2.0,2.0,0.0,15,0.14609615384615393,1,0,0,7
11687,2.0,2.0,0.0,21,0.14602307692307692,1,0,0,6
11688,2.0,2.0,0.0,15,0.14595000000000002,1,0,0,3
11689,2.0,2.0,0.0,19,0.14587692307692313,1,0,0,4
11690,2.0,2.0,0.0,17,0.14580384615384612,1,0,0,8
11691,2.0,2.0,0.0,20,0.14573076923076922,1,0,0,7
11692,2.0,2.0,0.0,24,0.14565769230769243,1,0,0,9
11693,2.0,2.0,0.0,24,0.14558461538461542,1,0,0,10
11694,2.0,2.0,0.0,19,0.14551153846153853,1,0,0,9
11695,2.0,2.0,0.0,23,0.14543846153846163,1,0,0,6
11696,2.0,2.0,0.0,17,0.14536538461538473,1,0,0,3
11697,2.0,2.0,0.0,16,0.14529230769230772,1,0,0,4
11698,2.0,2.0,0.0,15,0.14521923076923082,1,0,0,3
11699,2.0,2.0,0.0,17,0.14514615384615392,1,0,0,4
11700,2.0,2.0,0.0,17,0.14507307692307692,1,0,0,9
11701,2.0,2.0,0.0,19,0.14500000000000002,1,0,0,11
11702,2.0,2.0,0.0,17,0.14492692307692312,1,0,0,6
11703,2.0,2.0,0.0,17,0.1448538461538461,1,0,0,8
11704,2.0,2.0,0.0,15,0.1447807692307692,1,0,0,6
11705,2.0,2.0,0.0,19,0.14470769230769243,1,0,0,8
11706,2.0,2.0,0.0,19,0.14463461538461542,1,0,0,4
11707,2.0,2.0,0.0,15,0.14456153846153852,1,0,0,6
11708,2.0,2.0,0.0,17,0.14448846153846162,1,0,0,5
11709,2.0,2.0,0.0,25,0.14441538461538472,1,0,0,13
11710,2.0,2.0,0.0,19,0.14434230769230771,1,0,0,5
11711,2.0,2.0,0.0,15,0.14426923076923082,1,0,0,4
11712,2.0,2.0,0.0,20,0.14419615384615392,1,0,0,8
11713,2.0,2.0,0.0,19,0.1441230769230769,1,0,0,11
11714,2.0,2.0,0.0,16,0.14405,1,0,0,3
11715,2.0,2.0,0.0,17,0.1439769230769231,1,0,0,10
11716,2.0,2.0,0.0,26,0.1439038461538461,1,0,0,16
11717,2.0,2.0,0.0,15,0.1438307692307692,1,0,0,3
11718,2.0,2.0,0.0,15,0.14375769230769242,1,0,0,6
11719,2.0,2.0,0.0,18,0.14368461538461552,1,0,0,6
11720,2.0,2.0,0.0,19,0.1436115384615385,1,0,0,5
11721,2.0,2.0,0.0,19,0.14353846153846161,1,0,0,7
11722,2.0,2.0,0.0,15,0.14346538461538472,1,0,0,5
11723,2.0,2.0,0.0,17,0.1433923076923077,1,0,0,6
11724,2.0,2.0,0.0,17,0.1433192307692308,1,0,0,7
11725,2.0,2.0,0.0,22,0.1432461538461539,1,0,0,11
11726,2.0,2.0,0.0,22,0.1431730769230769,1,0,0,7
11727,2.0,2.0,0.0,21,0.1431,1,0,0,11
11728,2.0,2.0,0.0,17,0.1430269230769231,1,0,0,10
11729,2.0,2.0,0.0,18,0.1429538461538462,1,0,0,8
11730,2.0,2.0,0.0,17,0.1428807692307692,1,0,0,5
11731,2.0,2.0,0.0,18,0.1428076923076924,1,0,0,9
11732,2.0,2.0,0.0,17,0.14273461538461552,1,0,0,7
11733,2.0,2.0,0.0,17,0.1426615384615385,1,0,0,6
11734,2.0,2.0,0.0,15,0.1425884615384616,1,0,0,5
11735,2.0,2.0,0.0,23,0.1425153846153847,1,0,0,10
11736,2.0,2.0,0.0,19,0.1424423076923077,1,0,0,10
11737,2.0,2.0,0.0,19,0.1423692307692308,1,0,0,7
11738,2.0,2.0,0.0,18,0.1422961538461539,1,0,0,7
11739,2.0,2.0,0.0,19,0.1422230769230769,1,0,0,10
11740,2.0,2.0,0.0,17,0.14215,1,0,0,8
11741,2.0,2.0,0.0,15,0.1420769230769231,1,0,0,6
11742,2.0,2.0,0.0,15,0.1420038461538462,1,0,0,4
11743,2.0,2.0,0.0,15,0.1419307692307692,1,0,0,7
11744,2.0,2.0,0.0,17,0.1418576923076924,1,0,0,5
11745,2.0,2.0,0.0,17,0.1417846153846155,1,0,0,6
11746,2.0,2.0,0.0,18,0.1417115384615385,1,0,0,9
11747,2.0,2.0,0.0,16,0.1416384615384616,1,0,0,9
11748,2.0,2.0,0.0,15,0.1415653846153847,1,0,0,3
11749,2.0,2.0,0.0,17,0.1414923076923077,1,0,0,7
11750,2.0,2.0,0.0,15,0.1414192307692308,1,0,0,5
11751,2.0,2.0,0.0,15,0.1413461538461539,1,0,0,5
11752,2.0,2.0,0.0,15,0.141273076923077,1,0,0,6
11753,2.0,2.0,0.0,19,0.1412,1,0,0,4
11754,2.0,2.0,0.0,17,0.1411269230769231,1,0,0,5
11755,2.0,2.0,0.0,21,0.1410538461538462,1,0,0,11
11756,2.0,2.0,0.0,17,0.1409807692307692,1,0,0,7
11757,2.0,2.0,0.0,15,0.1409076923076924,1,0,0,5
11758,2.0,2.0,0.0,19,0.1408346153846155,1,0,0,5
11759,2.0,2.0,0.0,21,0.1407615384615385,1,0,0,8
11760,2.0,2.0,0.0,15,0.1406884615384616,1,0,0,4
11761,2.0,2.0,0.0,21,0.1406153846153847,1,0,0,7
11762,2.0,2.0,0.0,17,0.1405423076923077,1,0,0,5
11763,2.0,2.0,0.0,17,0.1404692307692308,1,0,0,3
11764,2.0,2.0,0.0,17,0.1403961538461539,1,0,0,5
11765,2.0,2.0,0.0,19,0.140323076923077,1,0,0,4
11766,2.0,2.0,0.0,18,0.14024999999999999,1,0,0,5
11767,2.0,2.0,0.0,19,0.1401769230769231,1,0,0,11
11768,2.0,2.0,0.0,17,0.1401038461538462,1,0,0,4
11769,2.0,2.0,0.0,18,0.14003076923076918,1,0,0,5
11770,2.0,2.0,0.0,16,0.1399576923076924,1,0,0,8
11771,2.0,2.0,0.0,18,0.1398846153846155,1,0,0,11
11772,2.0,2.0,0.0,15,0.1398115384615385,1,0,0,6
11773,2.0,2.0,0.0,17,0.1397384615384616,1,0,0,10
11774,2.0,2.0,0.0,19,0.1396653846153847,1,0,0,10
11775,2.0,2.0,0.0,15,0.1395923076923078,1,0,0,7
11776,2.0,2.0,0.0,21,0.13951923076923078,1,0,0,10
11777,2.0,2.0,0.0,23,0.1394461538461539,1,0,0,8
11778,2.0,2.0,0.0,17,0.139373076923077,1,0,0,5
11779,2.0,2.0,0.0,15,0.13929999999999998,1,0,0,7
11780,2.0,2.0,0.0,28,0.13922692307692308,1,0,0,13
11781,2.0,2.0,0.0,18,0.13915384615384618,1,0,0,6
11782,2.0,2.0,0.0,16,0.13908076923076917,1,0,0,7
11783,2.0,2.0,0.0,17,0.1390076923076924,1,0,0,6
11784,2.0,2.0,0.0,15,0.1389346153846155,1,0,0,5
11785,2.0,2.0,0.0,20,0.13886153846153848,1,0,0,5
11786,2.0,2.0,0.0,20,0.13878846153846158,1,0,0,10
11787,2.0,2.0,0.0,17,0.13871538461538468,1,0,0,7
11788,2.0,2.0,0.0,18,0.1386423076923078,1,0,0,6
11789,2.0,2.0,0.0,19,0.13856923076923078,1,0,0,6
11790,2.0,2.0,0.0,20,0.13849615384615388,1,0,0,6
11791,2.0,2.0,0.0,19,0.13842307692307698,1,0,0,10
11792,2.0,2.0,0.0,15,0.13834999999999997,1,0,0,5
11793,2.0,2.0,0.0,17,0.13827692307692308,1,0,0,4
11794,2.0,2.0,0.0,15,0.13820384615384618,1,0,0,5
11795,2.0,2.0,0.0,19,0.13813076923076917,1,0,0,7
11796,2.0,2.0,0.0,17,0.13805769230769238,1,0,0,8
11797,2.0,2.0,0.0,21,0.13798461538461548,1,0,0,10
11798,2.0,2.0,0.0,17,0.13791153846153859,1,0,0,4
11799,2.0,2.0,0.0,17,0.13783846153846158,1,0,0,8
11800,2.0,2.0,0.0,18,0.13776538461538468,1,0,0,7
11801,2.0,2.0,0.0,17,0.13769230769230778,1,0,0,6
11802,2.0,2.0,0.0,19,0.13761923076923077,1,0,0,7
11803,2.0,2.0,0.0,18,0.13754615384615387,1,0,0,3
11804,2.0,2.0,0.0,17,0.13747307692307698,1,0,0,8
11805,2.0,2.0,0.0,19,0.13739999999999997,1,0,0,10
11806,2.0,2.0,0.0,15,0.13732692307692307,1,0,0,2
11807,2.0,2.0,0.0,16,0.13725384615384617,1,0,0,9
11808,2.0,2.0,0.0,16,0.13718076923076927,1,0,0,5
11809,2.0,2.0,0.0,17,0.13710769230769237,1,0,0,7
11810,2.0,2.0,0.0,17,0.13703461538461548,1,0,0,7
11811,2.0,2.0,0.0,17,0.13696153846153858,1,0,0,10
11812,2.0,2.0,0.0,16,0.13688846153846157,1,0,0,6
11813,2.0,2.0,0.0,21,0.13681538461538467,1,0,0,6
11814,2.0,2.0,0.0,17,0.13674230769230777,1,0,0,6
11815,2.0,2.0,0.0,20,0.13666923076923077,1,0,0,10
11816,2.0,2.0,0.0,15,0.13659615384615387,1,0,0,4
11817,2.0,2.0,0.0,17,0.13652307692307697,1,0,0,6
11818,2.0,2.0,0.0,15,0.13644999999999996,1,0,0,6
11819,2.0,2.0,0.0,17,0.13637692307692306,1,0,0,5
11820,2.0,2.0,0.0,19,0.13630384615384616,1,0,0,7
11821,2.0,2.0,0.0,17,0.13623076923076938,1,0,0,7
11822,2.0,2.0,0.0,15,0.13615769230769237,1,0,0,7
11823,2.0,2.0,0.0,15,0.13608461538461547,1,0,0,6
11824,2.0,2.0,0.0,17,0.13601153846153857,1,0,0,6
11825,2.0,2.0,0.0,21,0.13593846153846156,1,0,0,9
11826,2.0,2.0,0.0,17,0.13586538461538467,1,0,0,5
11827,2.0,2.0,0.0,16,0.13579230769230777,1,0,0,6
11828,2.0,2.0,0.0,16,0.13571923076923076,1,0,0,6
11829,2.0,2.0,0.0,19,0.13564615384615386,1,0,0,4
11830,2.0,2.0,0.0,22,0.13557307692307696,1,0,0,13
11831,2.0,2.0,0.0,17,0.13550000000000006,1,0,0,8
11832,2.0,2.0,0.0,18,0.13542692307692306,1,0,0,6
11833,2.0,2.0,0.0,15,0.13535384615384616,1,0,0,5
11834,2.0,2.0,0.0,22,0.13528076923076937,1,0,0,9
11835,2.0,2.0,0.0,17,0.13520769230769236,1,0,0,8
11836,2.0,2.0,0.0,17,0.13513461538461546,1,0,0,7
11837,2.0,2.0,0.0,15,0.13506153846153857,1,0,0,8
11838,2.0,2.0,0.0,17,0.13498846153846156,1,0,0,5
11839,2.0,2.0,0.0,15,0.13491538461538466,1,0,0,6
11840,2.0,2.0,0.0,18,0.13484230769230776,1,0,0,4
11841,2.0,2.0,0.0,16,0.13476923076923075,1,0,0,5
11842,2.0,2.0,0.0,17,0.13469615384615385,1,0,0,8
11843,2.0,2.0,0.0,19,0.13462307692307696,1,0,0,6
11844,2.0,2.0,0.0,17,0.13455000000000006,1,0,0,2
11845,2.0,2.0,0.0,15,0.13447692307692305,1,0,0,5
11846,2.0,2.0,0.0,15,0.13440384615384615,1,0,0,7
11847,2.0,2.0,0.0,17,0.13433076923076936,1,0,0,3
11848,2.0,2.0,0.0,15,0.13425769230769236,1,0,0,5
11849,2.0,2.0,0.0,17,0.13418461538461546,1,0,0,4
11850,2.0,2.0,0.0,18,0.13411153846153856,1,0,0,6
11851,2.0,2.0,0.0,19,0.13403846153846155,1,0,0,7
11852,2.0,2.0,0.0,16,0.13396538461538465,1,0,0,5
11853,0.0,0.0,0.0,20,0.13389230769230775,0,1,0,6
11854,2.0,2.0,0.0,22,0.13381923076923086,1,0,0,7
11855,2.0,2.0,0.0,17,0.13374615384615385,1,0,0,9
11856,2.0,2.0,0.0,16,0.13367307692307695,1,0,0,7
11857,2.0,2.0,0.0,15,0.13360000000000005,1,0,0,5
11858,2.0,2.0,0.0,19,0.13352692307692304,1,0,0,5
11859,2.0,2.0,0.0,16,0.13345384615384615,1,0,0,9
11860,2.0,2.0,0.0,18,0.13338076923076936,1,0,0,6
11861,2.0,2.0,0.0,19,0.13330769230769235,1,0,0,7
11862,2.0,2.0,0.0,15,0.13323461538461545,1,0,0,9
11863,2.0,2.0,0.0,17,0.13316153846153855,1,0,0,5
11864,2.0,2.0,0.0,20,0.13308846153846154,1,0,0,6
11865,2.0,2.0,0.0,15,0.13301538461538465,1,0,0,6
11866,2.0,2.0,0.0,16,0.13294230769230775,1,0,0,7
11867,2.0,2.0,0.0,19,0.13286923076923085,1,0,0,8
11868,2.0,2.0,0.0,18,0.13279615384615384,1,0,0,6
11869,2.0,2.0,0.0,15,0.13272307692307694,1,0,0,7
11870,2.0,2.0,0.0,15,0.13265000000000005,1,0,0,7
11871,2.0,2.0,0.0,16,0.13257692307692304,1,0,0,5
11872,2.0,2.0,0.0,22,0.13250384615384614,1,0,0,10
11873,2.0,2.0,0.0,18,0.13243076923076935,1,0,0,10
11874,2.0,2.0,0.0,19,0.13235769230769234,1,0,0,7
11875,2.0,2.0,0.0,17,0.13228461538461544,1,0,0,7
11876,2.0,2.0,0.0,19,0.13221153846153855,1,0,0,7
11877,2.0,2.0,0.0,23,0.13213846153846165,1,0,0,10
11878,2.0,2.0,0.0,17,0.13206538461538464,1,0,0,8
11879,2.0,2.0,0.0,17,0.13199230769230774,1,0,0,5
11880,2.0,2.0,0.0,19,0.13191923076923084,1,0,0,7
11881,2.0,2.0,0.0,21,0.13184615384615384,1,0,0,6
11882,2.0,2.0,0.0,21,0.13177307692307694,1,0,0,9
11883,2.0,2.0,0.0,19,0.13170000000000004,1,0,0,7
11884,2.0,2.0,0.0,21,0.13162692307692303,1,0,0,7
11885,2.0,2.0,0.0,19,0.13155384615384613,1,0,0,9
11886,2.0,2.0,0.0,16,0.13148076923076935,1,0,0,7
11887,2.0,2.0,0.0,21,0.13140769230769234,1,0,0,8
11888,2.0,2.0,0.0,22,0.13133461538461544,1,0,0,8
11889,2.0,2.0,0.0,17,0.13126153846153854,1,0,0,8
11890,2.0,2.0,0.0,21,0.13118846153846164,1,0,0,7
11891,2.0,2.0,0.0,17,0.13111538461538463,1,0,0,7
11892,2.0,2.0,0.0,17,0.13104230769230774,1,0,0,11
11893,2.0,2.0,0.0,15,0.13096923076923084,1,0,0,7
11894,2.0,2.0,0.0,17,0.13089615384615383,1,0,0,7
11895,2.0,2.0,0.0,17,0.13082307692307693,1,0,0,2
11896,2.0,2.0,0.0,17,0.13075000000000003,1,0,0,5
11897,2.0,2.0,0.0,17,0.13067692307692302,1,0,0,6
11898,2.0,2.0,0.0,17,0.13060384615384613,1,0,0,7
11899,2.0,2.0,0.0,15,0.13053076923076934,1,0,0,8
11900,2.0,2.0,0.0,18,0.13045769230769244,1,0,0,8
11901,2.0,2.0,0.0,15,0.13038461538461543,1,0,0,8
11902,2.0,2.0,0.0,15,0.13031153846153853,1,0,0,3
11903,2.0,2.0,0.0,17,0.13023846153846164,1,0,0,10
11904,2.0,2.0,0.0,19,0.13016538461538463,1,0,0,10
11905,2.0,2.0,0.0,23,0.13009230769230773,1,0,0,11
11906,2.0,2.0,0.0,20,0.13001923076923083,1,0,0,7
11907,2.0,2.0,0.0,17,0.12994615384615382,1,0,0,6
11908,2.0,2.0,0.0,17,0.12987307692307692,1,0,0,7
11909,2.0,2.0,0.0,21,0.12980000000000003,1,0,0,8
11910,2.0,2.0,0.0,17,0.12972692307692313,1,0,0,5
11911,2.0,2.0,0.0,17,0.12965384615384612,1,0,0,6
11912,2.0,2.0,0.0,15,0.12958076923076933,1,0,0,4
11913,2.0,2.0,0.0,19,0.12950769230769243,1,0,0,7
11914,2.0,2.0,0.0,20,0.12943461538461543,1,0,0,7
11915,2.0,2.0,0.0,18,0.12936153846153853,1,0,0,8
11916,2.0,2.0,0.0,15,0.12928846153846163,1,0,0,6
11917,2.0,2.0,0.0,21,0.12921538461538462,1,0,0,6
11918,2.0,2.0,0.0,17,0.12914230769230772,1,0,0,7
11919,2.0,2.0,0.0,15,0.12906923076923082,1,0,0,6
11920,2.0,2.0,0.0,17,0.12899615384615382,1,0,0,10
11921,2.0,2.0,0.0,19,0.12892307692307692,1,0,0,3
11922,2.0,2.0,0.0,17,0.12885000000000002,1,0,0,11
11923,2.0,2.0,0.0,17,0.12877692307692312,1,0,0,8
11924,2.0,2.0,0.0,17,0.1287038461538461,1,0,0,9
11925,2.0,2.0,0.0,19,0.12863076923076933,1,0,0,7
11926,2.0,2.0,0.0,22,0.12855769230769243,1,0,0,8
11927,2.0,2.0,0.0,17,0.12848461538461542,1,0,0,4
11928,2.0,2.0,0.0,17,0.12841153846153852,1,0,0,3
11929,2.0,2.0,0.0,19,0.12833846153846162,1,0,0,9
11930,2.0,2.0,0.0,18,0.12826538461538461,1,0,0,6
11931,2.0,2.0,0.0,21,0.12819230769230772,1,0,0,7
11932,2.0,2.0,0.0,20,0.12811923076923082,1,0,0,9
11933,2.0,2.0,0.0,21,0.12804615384615392,1,0,0,10
11934,2.0,2.0,0.0,15,0.1279730769230769,1,0,0,4
11935,2.0,2.0,0.0,21,0.1279,1,0,0,8
11936,2.0,2.0,0.0,19,0.12782692307692312,1,0,0,5
11937,2.0,2.0,0.0,17,0.1277538461538461,1,0,0,8
11938,2.0,2.0,0.0,17,0.12768076923076932,1,0,0,9
11939,2.0,2.0,0.0,17,0.12760769230769242,1,0,0,7
11940,2.0,2.0,0.0,16,0.1275346153846154,1,0,0,9
11941,2.0,2.0,0.0,17,0.12746153846153851,1,0,0,6
11942,2.0,2.0,0.0,17,0.12738846153846162,1,0,0,9
11943,2.0,2.0,0.0,15,0.1273153846153846,1,0,0,7
11944,2.0,2.0,0.0,18,0.1272423076923077,1,0,0,7
11945,2.0,2.0,0.0,19,0.1271692307692308,1,0,0,9
11946,2.0,2.0,0.0,17,0.12709615384615391,1,0,0,5
11947,2.0,2.0,0.0,20,0.1270230769230769,1,0,0,5
11948,2.0,2.0,0.0,17,0.12695,1,0,0,6
11949,2.0,2.0,0.0,19,0.1268769230769231,1,0,0,7
11950,2.0,2.0,0.0,18,0.1268038461538462,1,0,0,6
11951,2.0,2.0,0.0,19,0.1267307692307693,1,0,0,10
11952,2.0,2.0,0.0,15,0.12665769230769242,1,0,0,5
11953,2.0,2.0,0.0,18,0.1265846153846154,1,0,0,9
11954,2.0,2.0,0.0,15,0.1265115384615385,1,0,0,6
11955,2.0,2.0,0.0,21,0.1264384615384616,1,0,0,10
11956,2.0,2.0,0.0,23,0.1263653846153847,1,0,0,5
11957,2.0,2.0,0.0,17,0.1262923076923077,1,0,0,5
11958,2.0,2.0,0.0,15,0.1262192307692308,1,0,0,6
11959,2.0,2.0,0.0,15,0.1261461538461539,1,0,0,8
11960,2.0,2.0,0.0,18,0.1260730769230769,1,0,0,6
11961,2.0,2.0,0.0,16,0.126,1,0,0,7
11962,2.0,2.0,0.0,15,0.1259269230769231,1,0,0,7
11963,2.0,2.0,0.0,15,0.1258538461538462,1,0,0,3
11964,2.0,2.0,0.0,19,0.1257807692307693,1,0,0,12
11965,2.0,2.0,0.0,22,0.1257076923076924,1,0,0,5
11966,2.0,2.0,0.0,19,0.1256346153846154,1,0,0,7
11967,2.0,2.0,0.0,16,0.1255615384615385,1,0,0,3
11968,2.0,2.0,0.0,16,0.1254884615384616,1,0,0,7
11969,2.0,2.0,0.0,15,0.1254153846153847,1,0,0,5
11970,2.0,2.0,0.0,16,0.1253423076923077,1,0,0,4
11971,2.0,2.0,0.0,17,0.1252692307692308,1,0,0,4
11972,2.0,2.0,0.0,18,0.1251961538461539,1,0,0,8
11973,2.0,2.0,0.0,17,0.1251230769230769,1,0,0,6
11974,2.0,2.0,0.0,15,0.12505,1,0,0,5
11975,2.0,2.0,0.0,16,0.1249769230769231,1,0,0,7
11976,2.0,2.0,0.0,17,0.1249038461538462,1,0,0,8
11977,2.0,2.0,0.0,21,0.1248307692307693,1,0,0,10
11978,2.0,2.0,0.0,16,0.1247576923076924,1,0,0,6
11979,2.0,2.0,0.0,15,0.1246846153846155,1,0,0,7
11980,2.0,2.0,0.0,16,0.1246115384615385,1,0,0,6
11981,2.0,2.0,0.0,15,0.1245384615384616,1,0,0,4
11982,2.0,2.0,0.0,17,0.1244653846153847,1,0,0,5
11983,2.0,2.0,0.0,18,0.12439230769230769,1,0,0,4
11984,2.0,2.0,0.0,18,0.12431923076923079,1,0,0,7
11985,2.0,2.0,0.0,19,0.1242461538461539,1,0,0,6
11986,0.0,0.0,0.0,15,0.12417307692307689,0,1,0,7
11987,2.0,2.0,0.0,15,0.12409999999999999,1,0,0,5
11988,2.0,2.0,0.0,15,0.12402692307692309,1,0,0,5
11989,2.0,2.0,0.0,19,0.12395384615384619,1,0,0,7
11990,2.0,2.0,0.0,17,0.1238807692307693,1,0,0,7
11991,2.0,2.0,0.0,15,0.1238076923076924,1,0,0,4
11992,2.0,2.0,0.0,23,0.1237346153846155,1,0,0,9
11993,2.0,2.0,0.0,15,0.12366153846153849,1,0,0,7
11994,2.0,2.0,0.0,15,0.12358846153846159,1,0,0,4
11995,2.0,2.0,0.0,15,0.1235153846153847,1,0,0,4
11996,2.0,2.0,0.0,19,0.12344230769230768,1,0,0,9
11997,2.0,2.0,0.0,19,0.12336923076923079,1,0,0,8
11998,2.0,2.0,0.0,19,0.12329615384615389,1,0,0,10
11999,2.0,2.0,0.0,15,0.12322307692307688,1,0,0,5
12000,2.0,2.0,0.0,15,0.12314999999999998,1,0,0,5
12001,2.0,2.0,0.0,15,0.12307692307692308,1,0,0,8
12002,2.0,2.0,0.0,17,0.1230038461538463,1,0,0,7
12003,2.0,2.0,0.0,17,0.12293076923076929,1,0,0,8
12004,2.0,2.0,0.0,18,0.12285769230769239,1,0,0,7
12005,2.0,2.0,0.0,17,0.12278461538461549,1,0,0,3
12006,2.0,2.0,0.0,15,0.12271153846153848,1,0,0,6
12007,2.0,2.0,0.0,17,0.12263846153846159,1,0,0,6
12008,2.0,2.0,0.0,21,0.12256538461538469,1,0,0,6
12009,2.0,2.0,0.0,15,0.12249230769230768,1,0,0,6
12010,2.0,2.0,0.0,18,0.12241923076923078,1,0,0,3
12011,2.0,2.0,0.0,15,0.12234615384615388,1,0,0,6
12012,2.0,2.0,0.0,15,0.12227307692307698,1,0,0,9
12013,2.0,2.0,0.0,19,0.12219999999999998,1,0,0,5
12014,2.0,2.0,0.0,16,0.12212692307692308,1,0,0,4
12015,2.0,2.0,0.0,15,0.12205384615384629,1,0,0,7
12016,2.0,2.0,0.0,17,0.12198076923076928,1,0,0,9
12017,2.0,2.0,0.0,15,0.12190769230769238,1,0,0,5
12018,2.0,2.0,0.0,17,0.12183461538461549,1,0,0,8
12019,2.0,2.0,0.0,15,0.12176153846153848,1,0,0,8
12020,2.0,2.0,0.0,19,0.12168846153846158,1,0,0,12
12021,2.0,2.0,0.0,15,0.12161538461538468,1,0,0,6
12022,2.0,2.0,0.0,21,0.12154230769230767,1,0,0,6
12023,2.0,2.0,0.0,15,0.12146923076923077,1,0,0,7
12024,2.0,2.0,0.0,17,0.12139615384615388,1,0,0,5
12025,2.0,2.0,0.0,17,0.12132307692307698,1,0,0,4
12026,2.0,2.0,0.0,16,0.12124999999999997,1,0,0,5
12027,2.0,2.0,0.0,17,0.12117692307692307,1,0,0,5
12028,2.0,2.0,0.0,25,0.12110384615384628,1,0,0,8
12029,2.0,2.0,0.0,20,0.12103076923076928,1,0,0,8
12030,2.0,2.0,0.0,15,0.12095769230769238,1,0,0,7
12031,2.0,2.0,0.0,15,0.12088461538461548,1,0,0,6
12032,2.0,2.0,0.0,22,0.12081153846153847,1,0,0,7
12033,2.0,2.0,0.0,17,0.12073846153846157,1,0,0,2
12034,2.0,2.0,0.0,17,0.12066538461538467,1,0,0,7
12035,2.0,2.0,0.0,15,0.12059230769230778,1,0,0,5
12036,2.0,2.0,0.0,16,0.12051923076923077,1,0,0,4
12037,2.0,2.0,0.0,16,0.12044615384615387,1,0,0,6
12038,2.0,2.0,0.0,15,0.12037307692307697,1,0,0,5
12039,2.0,2.0,0.0,22,0.12029999999999996,1,0,0,7
12040,2.0,2.0,0.0,16,0.12022692307692306,1,0,0,9
12041,2.0,2.0,0.0,15,0.12015384615384628,1,0,0,4
12042,2.0,2.0,0.0,21,0.12008076923076927,1,0,0,10
12043,2.0,2.0,0.0,19,0.12000769230769237,1,0,0,4
12044,2.0,2.0,0.0,15,0.11993461538461547,1,0,0,4
12045,2.0,2.0,0.0,17,0.11986153846153846,1,0,0,8
12046,2.0,2.0,0.0,15,0.11978846153846157,1,0,0,5
12047,2.0,2.0,0.0,19,0.11971538461538467,1,0,0,7
12048,2.0,2.0,0.0,21,0.11964230769230777,1,0,0,6
12049,1.0,1.0,0.0,16,0.11956923076923076,0,1,0,6
12050,2.0,2.0,0.0,17,0.11949615384615386,1,0,0,6
12051,2.0,2.0,0.0,20,0.11942307692307697,1,0,0,7
12052,2.0,2.0,0.0,15,0.11934999999999996,1,0,0,6
12053,2.0,2.0,0.0,21,0.11927692307692306,1,0,0,12
12054,2.0,2.0,0.0,17,0.11920384615384627,1,0,0,5
12055,2.0,2.0,0.0,18,0.11913076923076926,1,0,0,4
12056,2.0,2.0,0.0,17,0.11905769230769236,1,0,0,8
12057,2.0,2.0,0.0,19,0.11898461538461547,1,0,0,10
12058,2.0,2.0,0.0,15,0.11891153846153857,1,0,0,8
12059,2.0,2.0,0.0,15,0.11883846153846156,1,0,0,3
12060,2.0,2.0,0.0,16,0.11876538461538466,1,0,0,8
12061,2.0,2.0,0.0,22,0.11869230769230776,1,0,0,7
12062,2.0,2.0,0.0,17,0.11861923076923075,1,0,0,4
12063,2.0,2.0,0.0,15,0.11854615384615386,1,0,0,4
12064,2.0,2.0,0.0,15,0.11847307692307696,1,0,0,5
12065,2.0,2.0,0.0,21,0.11839999999999995,1,0,0,7
12066,2.0,2.0,0.0,19,0.11832692307692316,1,0,0,5
12067,2.0,2.0,0.0,15,0.11825384615384626,1,0,0,5
12068,2.0,2.0,0.0,15,0.11818076923076926,1,0,0,5
12069,2.0,2.0,0.0,15,0.11810769230769236,1,0,0,5
12070,2.0,2.0,0.0,20,0.11803461538461546,1,0,0,8
12071,2.0,2.0,0.0,15,0.11796153846153856,1,0,0,9
12072,2.0,2.0,0.0,18,0.11788846153846155,1,0,0,7
12073,2.0,2.0,0.0,17,0.11781538461538466,1,0,0,4
12074,2.0,2.0,0.0,15,0.11774230769230776,1,0,0,8
12075,2.0,2.0,0.0,15,0.11766923076923075,1,0,0,6
12076,2.0,2.0,0.0,17,0.11759615384615385,1,0,0,8
12077,2.0,2.0,0.0,15,0.11752307692307695,1,0,0,5
12078,2.0,2.0,0.0,29,0.11744999999999994,1,0,0,8
12079,2.0,2.0,0.0,15,0.11737692307692316,1,0,0,3
12080,2.0,2.0,0.0,15,0.11730384615384626,1,0,0,4
12081,2.0,2.0,0.0,17,0.11723076923076936,1,0,0,3
12082,2.0,2.0,0.0,15,0.11715769230769235,1,0,0,3
12083,2.0,2.0,0.0,17,0.11708461538461545,1,0,0,8
12084,2.0,2.0,0.0,16,0.11701153846153856,1,0,0,5
12085,2.0,2.0,0.0,18,0.11693846153846155,1,0,0,3
12086,2.0,2.0,0.0,17,0.11686538461538465,1,0,0,5
12087,2.0,2.0,0.0,21,0.11679230769230775,1,0,0,8
12088,0.0,0.0,0.0,12,0.11671923076923074,0,1,0,6
12089,2.0,2.0,0.0,17,0.11664615384615384,1,0,0,6
12090,2.0,2.0,0.0,23,0.11657307692307695,1,0,0,9
12091,2.0,2.0,0.0,21,0.11650000000000005,1,0,0,11
12092,2.0,2.0,0.0,20,0.11642692307692315,1,0,0,8
12093,2.0,2.0,0.0,16,0.11635384615384625,1,0,0,6
12094,2.0,2.0,0.0,17,0.11628076923076935,1,0,0,7
12095,2.0,2.0,0.0,22,0.11620769230769235,1,0,0,12
12096,2.0,2.0,0.0,18,0.11613461538461545,1,0,0,5
12097,2.0,2.0,0.0,17,0.11606153846153855,1,0,0,6
12098,2.0,2.0,0.0,17,0.11598846153846154,1,0,0,6
12099,2.0,2.0,0.0,15,0.11591538461538464,1,0,0,5
12100,2.0,2.0,0.0,17,0.11584230769230774,1,0,0,6
12101,2.0,2.0,0.0,19,0.11576923076923074,1,0,0,8
12102,2.0,2.0,0.0,21,0.11569615384615384,1,0,0,11
12103,2.0,2.0,0.0,15,0.11562307692307694,1,0,0,3
12104,2.0,2.0,0.0,25,0.11555000000000004,1,0,0,11
12105,2.0,2.0,0.0,16,0.11547692307692314,1,0,0,8
12106,2.0,2.0,0.0,15,0.11540384615384625,1,0,0,6
12107,2.0,2.0,0.0,20,0.11533076923076935,1,0,0,8
12108,2.0,2.0,0.0,17,0.11525769230769234,1,0,0,10
12109,2.0,2.0,0.0,16,0.11518461538461544,1,0,0,7
12110,2.0,2.0,0.0,17,0.11511153846153854,1,0,0,7
12111,2.0,2.0,0.0,23,0.11503846153846153,1,0,0,11
12112,2.0,2.0,0.0,15,0.11496538461538464,1,0,0,5
12113,2.0,2.0,0.0,19,0.11489230769230774,1,0,0,6
12114,2.0,2.0,0.0,22,0.11481923076923084,1,0,0,7
12115,2.0,2.0,0.0,17,0.11474615384615383,1,0,0,7
12116,2.0,2.0,0.0,21,0.11467307692307693,1,0,0,7
12117,2.0,2.0,0.0,16,0.11460000000000004,1,0,0,6
12118,2.0,2.0,0.0,17,0.11452692307692314,1,0,0,6
12119,2.0,2.0,0.0,19,0.11445384615384624,1,0,0,6
12120,2.0,2.0,0.0,15,0.11438076923076934,1,0,0,10
12121,2.0,2.0,0.0,17,0.11430769230769233,1,0,0,6
12122,2.0,2.0,0.0,15,0.11423461538461543,1,0,0,6
12123,2.0,2.0,0.0,18,0.11416153846153854,1,0,0,6
12124,2.0,2.0,0.0,17,0.11408846153846153,1,0,0,6
12125,2.0,2.0,0.0,15,0.11401538461538463,1,0,0,6
12126,2.0,2.0,0.0,15,0.11394230769230773,1,0,0,6
12127,2.0,2.0,0.0,15,0.11386923076923083,1,0,0,5
12128,2.0,2.0,0.0,15,0.11379615384615382,1,0,0,6
12129,2.0,2.0,0.0,21,0.11372307692307693,1,0,0,7
12130,2.0,2.0,0.0,19,0.11365000000000003,1,0,0,2
12131,2.0,2.0,0.0,24,0.11357692307692313,1,0,0,12
12132,2.0,2.0,0.0,20,0.11350384615384623,1,0,0,8
12133,2.0,2.0,0.0,21,0.11343076923076933,1,0,0,10
12134,2.0,2.0,0.0,17,0.11335769230769233,1,0,0,6
12135,2.0,2.0,0.0,17,0.11328461538461543,1,0,0,10
12136,2.0,2.0,0.0,18,0.11321153846153853,1,0,0,8
12137,2.0,2.0,0.0,15,0.11313846153846163,1,0,0,6
12138,2.0,2.0,0.0,20,0.11306538461538462,1,0,0,12
12139,2.0,2.0,0.0,17,0.11299230769230773,1,0,0,6
12140,2.0,2.0,0.0,17,0.11291923076923083,1,0,0,5
12141,2.0,2.0,0.0,17,0.11284615384615382,1,0,0,8
12142,2.0,2.0,0.0,17,0.11277307692307692,1,0,0,8
12143,2.0,2.0,0.0,16,0.11270000000000002,1,0,0,5
12144,2.0,2.0,0.0,17,0.11262692307692312,1,0,0,7
12145,2.0,2.0,0.0,17,0.11255384615384623,1,0,0,8
12146,2.0,2.0,0.0,17,0.11248076923076933,1,0,0,8
12147,2.0,2.0,0.0,15,0.11240769230769232,1,0,0,6
12148,2.0,2.0,0.0,19,0.11233461538461542,1,0,0,9
12149,2.0,2.0,0.0,17,0.11226153846153852,1,0,0,5
12150,2.0,2.0,0.0,18,0.11218846153846163,1,0,0,8
12151,2.0,2.0,0.0,22,0.11211538461538462,1,0,0,8
12152,2.0,2.0,0.0,17,0.11204230769230772,1,0,0,5
12153,2.0,2.0,0.0,19,0.11196923076923082,1,0,0,6
12154,2.0,2.0,0.0,16,0.11189615384615381,1,0,0,6
12155,2.0,2.0,0.0,21,0.11182307692307691,1,0,0,6
12156,2.0,2.0,0.0,23,0.11175000000000002,1,0,0,13
12157,2.0,2.0,0.0,15,0.11167692307692312,1,0,0,3
12158,2.0,2.0,0.0,17,0.11160384615384622,1,0,0,9
12159,2.0,2.0,0.0,15,0.11153076923076932,1,0,0,5
12160,2.0,2.0,0.0,21,0.11145769230769242,1,0,0,9
12161,2.0,2.0,0.0,16,0.11138461538461542,1,0,0,5
12162,2.0,2.0,0.0,15,0.11131153846153852,1,0,0,7
12163,2.0,2.0,0.0,15,0.11123846153846162,1,0,0,6
12164,2.0,2.0,0.0,17,0.11116538461538461,1,0,0,5
12165,2.0,2.0,0.0,16,0.11109230769230771,1,0,0,6
12166,2.0,2.0,0.0,15,0.11101923076923081,1,0,0,8
12167,2.0,2.0,0.0,15,0.1109461538461538,1,0,0,7
12168,2.0,2.0,0.0,16,0.11087307692307691,1,0,0,5
12169,2.0,2.0,0.0,19,0.11080000000000001,1,0,0,6
12170,2.0,2.0,0.0,17,0.11072692307692311,1,0,0,10
12171,2.0,2.0,0.0,17,0.11065384615384621,1,0,0,4
12172,2.0,2.0,0.0,15,0.11058076923076932,1,0,0,4
12173,2.0,2.0,0.0,17,0.11050769230769242,1,0,0,4
12174,2.0,2.0,0.0,17,0.11043461538461541,1,0,0,5
12175,2.0,2.0,0.0,17,0.11036153846153851,1,0,0,7
12176,2.0,2.0,0.0,17,0.11028846153846161,1,0,0,7
12177,2.0,2.0,0.0,19,0.1102153846153846,1,0,0,10
12178,2.0,2.0,0.0,15,0.1101423076923077,1,0,0,4
12179,2.0,2.0,0.0,18,0.11006923076923081,1,0,0,5
12180,2.0,2.0,0.0,19,0.1099961538461538,1,0,0,6
12181,2.0,2.0,0.0,17,0.1099230769230769,1,0,0,7
12182,2.0,2.0,0.0,15,0.10985,1,0,0,5
12183,2.0,2.0,0.0,18,0.10977692307692322,1,0,0,5
12184,2.0,2.0,0.0,15,0.10970384615384621,1,0,0,5
12185,2.0,2.0,0.0,25,0.10963076923076931,1,0,0,7
12186,2.0,2.0,0.0,20,0.10955769230769241,1,0,0,5
12187,2.0,2.0,0.0,15,0.1094846153846154,1,0,0,2
12188,2.0,2.0,0.0,15,0.1094115384615385,1,0,0,6
12189,2.0,2.0,0.0,17,0.1093384615384616,1,0,0,6
12190,2.0,2.0,0.0,19,0.1092653846153846,1,0,0,7
12191,2.0,2.0,0.0,19,0.1091923076923077,1,0,0,9
12192,2.0,2.0,0.0,15,0.1091192307692308,1,0,0,7
12193,2.0,2.0,0.0,15,0.1090461538461539,1,0,0,6
12194,2.0,2.0,0.0,18,0.1089730769230769,1,0,0,7
12195,2.0,2.0,0.0,17,0.10890000000000011,1,0,0,6
12196,2.0,2.0,0.0,20,0.10882692307692321,1,0,0,6
12197,2.0,2.0,0.0,19,0.1087538461538462,1,0,0,7
12198,2.0,2.0,0.0,15,0.1086807692307693,1,0,0,4
12199,2.0,2.0,0.0,19,0.1086076923076924,1,0,0,5
12200,2.0,2.0,0.0,15,0.1085346153846154,1,0,0,7
12201,2.0,2.0,0.0,15,0.1084615384615385,1,0,0,4
12202,2.0,2.0,0.0,19,0.1083884615384616,1,0,0,6
12203,2.0,2.0,0.0,17,0.10831538461538459,1,0,0,6
12204,2.0,2.0,0.0,22,0.1082423076923077,1,0,0,7
12205,2.0,2.0,0.0,17,0.1081692307692308,1,0,0,4
12206,2.0,2.0,0.0,15,0.1080961538461539,1,0,0,6
12207,2.0,2.0,0.0,15,0.10802307692307689,1,0,0,8
12208,2.0,2.0,0.0,16,0.1079500000000001,1,0,0,7
12209,2.0,2.0,0.0,15,0.1078769230769232,1,0,0,2
12210,2.0,2.0,0.0,16,0.1078038461538462,1,0,0,7
12211,2.0,2.0,0.0,19,0.1077307692307693,1,0,0,5
12212,2.0,2.0,0.0,15,0.1076576923076924,1,0,0,5
12213,2.0,2.0,0.0,15,0.10758461538461539,1,0,0,6
12214,2.0,2.0,0.0,16,0.10751153846153849,1,0,0,4
12215,2.0,2.0,0.0,17,0.1074384615384616,1,0,0,7
12216,2.0,2.0,0.0,15,0.1073653846153847,1,0,0,7
12217,2.0,2.0,0.0,15,0.10729230769230769,1,0,0,4
12218,2.0,2.0,0.0,15,0.10721923076923079,1,0,0,5
12219,2.0,2.0,0.0,17,0.10714615384615389,1,0,0,6
12220,2.0,2.0,0.0,17,0.10707307692307688,1,0,0,8
12221,2.0,2.0,0.0,15,0.1070000000000001,1,0,0,4
12222,2.0,2.0,0.0,16,0.1069269230769232,1,0,0,6
12223,2.0,2.0,0.0,15,0.10685384615384619,1,0,0,5
12224,2.0,2.0,0.0,15,0.10678076923076929,1,0,0,5
12225,2.0,2.0,0.0,17,0.10670769230769239,1,0,0,7
12226,2.0,2.0,0.0,20,0.10663461538461538,1,0,0,7
12227,2.0,2.0,0.0,17,0.10656153846153849,1,0,0,8
12228,2.0,2.0,0.0,15,0.10648846153846159,1,0,0,4
12229,2.0,2.0,0.0,22,0.10641538461538469,1,0,0,12
12230,2.0,2.0,0.0,23,0.10634230769230768,1,0,0,12
12231,2.0,2.0,0.0,15,0.10626923076923078,1,0,0,7
12232,2.0,2.0,0.0,16,0.10619615384615388,1,0,0,4
12233,2.0,2.0,0.0,24,0.10612307692307688,1,0,0,8
12234,2.0,2.0,0.0,15,0.10605000000000009,1,0,0,3
12235,2.0,2.0,0.0,15,0.10597692307692319,1,0,0,5
12236,2.0,2.0,0.0,16,0.10590384615384618,1,0,0,5
12237,2.0,2.0,0.0,15,0.10583076923076928,1,0,0,3
12238,2.0,2.0,0.0,17,0.10575769230769239,1,0,0,5
12239,2.0,2.0,0.0,20,0.10568461538461549,1,0,0,9
12240,2.0,2.0,0.0,15,0.10561153846153848,1,0,0,6
12241,2.0,2.0,0.0,27,0.10553846153846158,1,0,0,10
12242,2.0,2.0,0.0,15,0.10546538461538468,1,0,0,4
12243,2.0,2.0,0.0,15,0.10539230769230767,1,0,0,6
12244,2.0,2.0,0.0,19,0.10531923076923078,1,0,0,12
12245,2.0,2.0,0.0,17,0.10524615384615388,1,0,0,5
12246,2.0,2.0,0.0,19,0.10517307692307687,1,0,0,5
12247,2.0,2.0,0.0,19,0.10510000000000008,1,0,0,9
12248,2.0,2.0,0.0,15,0.10502692307692318,1,0,0,9
12249,2.0,2.0,0.0,15,0.10495384615384618,1,0,0,6
12250,2.0,2.0,0.0,15,0.10488076923076928,1,0,0,5
12251,2.0,2.0,0.0,15,0.10480769230769238,1,0,0,4
12252,2.0,2.0,0.0,17,0.10473461538461548,1,0,0,5
12253,2.0,2.0,0.0,17,0.10466153846153847,1,0,0,5
12254,2.0,2.0,0.0,15,0.10458846153846157,1,0,0,7
12255,2.0,2.0,0.0,17,0.10451538461538468,1,0,0,3
12256,2.0,2.0,0.0,17,0.10444230769230767,1,0,0,6
12257,2.0,2.0,0.0,19,0.10436923076923077,1,0,0,5
12258,2.0,2.0,0.0,16,0.10429615384615387,1,0,0,5
12259,2.0,2.0,0.0,17,0.10422307692307686,1,0,0,8
12260,2.0,2.0,0.0,15,0.10415000000000008,1,0,0,4
12261,2.0,2.0,0.0,15,0.10407692307692318,1,0,0,7
12262,2.0,2.0,0.0,16,0.10400384615384628,1,0,0,7
12263,2.0,2.0,0.0,16,0.10393076923076927,1,0,0,5
12264,2.0,2.0,0.0,15,0.10385769230769237,1,0,0,4
12265,2.0,2.0,0.0,15,0.10378461538461548,1,0,0,8
12266,2.0,2.0,0.0,17,0.10371153846153847,1,0,0,7
12267,2.0,2.0,0.0,15,0.10363846153846157,1,0,0,6
12268,2.0,2.0,0.0,19,0.10356538461538467,1,0,0,8
12269,2.0,2.0,0.0,15,0.10349230769230766,1,0,0,6
12270,2.0,2.0,0.0,17,0.10341923076923076,1,0,0,9
12271,2.0,2.0,0.0,19,0.10334615384615387,1,0,0,8
12272,2.0,2.0,0.0,19,0.10327307692307697,1,0,0,7
12273,2.0,2.0,0.0,17,0.10320000000000007,1,0,0,8
12274,2.0,2.0,0.0,16,0.10312692307692317,1,0,0,7
12275,2.0,2.0,0.0,15,0.10305384615384627,1,0,0,4
12276,2.0,2.0,0.0,19,0.10298076923076926,1,0,0,8
12277,2.0,2.0,0.0,18,0.10290769230769237,1,0,0,2
12278,2.0,2.0,0.0,19,0.10283461538461547,1,0,0,11
12279,2.0,2.0,0.0,15,0.10276153846153846,1,0,0,7
12280,2.0,2.0,0.0,16,0.10268846153846156,1,0,0,3
12281,2.0,2.0,0.0,17,0.10261538461538466,1,0,0,6
12282,2.0,2.0,0.0,15,0.10254230769230765,1,0,0,6
12283,2.0,2.0,0.0,19,0.10246923076923076,1,0,0,4
12284,2.0,2.0,0.0,16,0.10239615384615386,1,0,0,8
12285,2.0,2.0,0.0,15,0.10232307692307696,1,0,0,2
12286,2.0,2.0,0.0,17,0.10225000000000006,1,0,0,5
12287,2.0,2.0,0.0,18,0.10217692307692317,1,0,0,3
12288,2.0,2.0,0.0,17,0.10210384615384627,1,0,0,6
12289,2.0,2.0,0.0,15,0.10203076923076926,1,0,0,4
12290,2.0,2.0,0.0,18,0.10195769230769236,1,0,0,11
12291,2.0,2.0,0.0,17,0.10188461538461546,1,0,0,8
12292,2.0,2.0,0.0,15,0.10181153846153845,1,0,0,5
12293,2.0,2.0,0.0,21,0.10173846153846156,1,0,0,9
12294,2.0,2.0,0.0,15,0.10166538461538466,1,0,0,5
12295,2.0,2.0,0.0,19,0.10159230769230776,1,0,0,5
12296,2.0,2.0,0.0,18,0.10151923076923075,1,0,0,7
12297,2.0,2.0,0.0,15,0.10144615384615385,1,0,0,7
12298,2.0,2.0,0.0,15,0.10137307692307695,1,0,0,5
12299,2.0,2.0,0.0,19,0.10130000000000006,1,0,0,6
12300,2.0,2.0,0.0,15,0.10122692307692316,1,0,0,7
12301,2.0,2.0,0.0,17,0.10115384615384626,1,0,0,8
12302,2.0,2.0,0.0,15,0.10108076923076925,1,0,0,4
12303,2.0,2.0,0.0,15,0.10100769230769235,1,0,0,6
12304,2.0,2.0,0.0,17,0.10093461538461546,1,0,0,7
12305,2.0,2.0,0.0,17,0.10086153846153845,1,0,0,5
12306,2.0,2.0,0.0,15,0.10078846153846155,1,0,0,7
12307,2.0,2.0,0.0,18,0.10071538461538465,1,0,0,8
12308,2.0,2.0,0.0,21,0.10064230769230775,1,0,0,8
12309,2.0,2.0,0.0,18,0.10056923076923074,1,0,0,5
12310,2.0,2.0,0.0,17,0.10049615384615385,1,0,0,6
12311,2.0,2.0,0.0,15,0.10042307692307695,1,0,0,5
12312,2.0,2.0,0.0,17,0.10035000000000005,1,0,0,9
12313,2.0,2.0,0.0,15,0.10027692307692315,1,0,0,7
12314,2.0,2.0,0.0,15,0.10020384615384625,1,0,0,5
12315,2.0,2.0,0.0,22,0.10013076923076925,1,0,0,7
12316,2.0,2.0,0.0,15,0.10005769230769235,1,0,0,6
12317,2.0,2.0,0.0,15,0.09998461538461545,1,0,0,4
12318,2.0,2.0,0.0,15,0.09991153846153855,1,0,0,3
12319,2.0,2.0,0.0,17,0.09983846153846154,1,0,0,8
12320,2.0,2.0,0.0,17,0.09976538461538464,1,0,0,6
12321,2.0,2.0,0.0,15,0.09969230769230775,1,0,0,10
12322,2.0,2.0,0.0,15,0.09961923076923074,1,0,0,5
12323,2.0,2.0,0.0,17,0.09954615384615384,1,0,0,8
12324,2.0,2.0,0.0,15,0.09947307692307705,1,0,0,7
12325,2.0,2.0,0.0,15,0.09940000000000004,1,0,0,3
12326,2.0,2.0,0.0,15,0.09932692307692315,1,0,0,6
12327,2.0,2.0,0.0,17,0.09925384615384625,1,0,0,8
12328,2.0,2.0,0.0,17,0.09918076923076924,1,0,0,8
12329,2.0,2.0,0.0,17,0.09910769230769234,1,0,0,9
12330,2.0,2.0,0.0,15,0.09903461538461544,1,0,0,6
12331,2.0,2.0,0.0,23,0.09896153846153855,1,0,0,11
12332,2.0,2.0,0.0,15,0.09888846153846154,1,0,0,6
12333,2.0,2.0,0.0,19,0.09881538461538464,1,0,0,8
12334,2.0,2.0,0.0,15,0.09874230769230774,1,0,0,5
12335,2.0,2.0,0.0,17,0.09866923076923073,1,0,0,5
12336,2.0,2.0,0.0,15,0.09859615384615383,1,0,0,8
12337,2.0,2.0,0.0,15,0.09852307692307705,1,0,0,5
12338,2.0,2.0,0.0,15,0.09845000000000004,1,0,0,5
12339,2.0,2.0,0.0,17,0.09837692307692314,1,0,0,6
12340,2.0,2.0,0.0,15,0.09830384615384624,1,0,0,4
12341,2.0,2.0,0.0,16,0.09823076923076934,1,0,0,3
12342,2.0,2.0,0.0,17,0.09815769230769233,1,0,0,9
12343,2.0,2.0,0.0,17,0.09808461538461544,1,0,0,6
12344,2.0,2.0,0.0,19,0.09801153846153854,1,0,0,11
12345,2.0,2.0,0.0,17,0.09793846153846153,1,0,0,6
12346,2.0,2.0,0.0,15,0.09786538461538463,1,0,0,6
12347,2.0,2.0,0.0,15,0.09779230769230773,1,0,0,4
12348,2.0,2.0,0.0,19,0.09771923076923072,1,0,0,7
12349,2.0,2.0,0.0,15,0.09764615384615383,1,0,0,9
12350,2.0,2.0,0.0,15,0.09757307692307704,1,0,0,2
12351,2.0,2.0,0.0,19,0.09750000000000003,1,0,0,8
12352,2.0,2.0,0.0,15,0.09742692307692313,1,0,0,4
12353,2.0,2.0,0.0,15,0.09735384615384624,1,0,0,6
12354,2.0,2.0,0.0,17,0.09728076923076934,1,0,0,7
12355,2.0,2.0,0.0,16,0.09720769230769233,1,0,0,5
12356,2.0,2.0,0.0,16,0.09713461538461543,1,0,0,4
12357,2.0,2.0,0.0,15,0.09706153846153853,1,0,0,6
12358,2.0,2.0,0.0,18,0.09698846153846152,1,0,0,8
12359,2.0,2.0,0.0,15,0.09691538461538463,1,0,0,8
12360,2.0,2.0,0.0,19,0.09684230769230773,1,0,0,6
12361,2.0,2.0,0.0,15,0.09676923076923072,1,0,0,4
12362,2.0,2.0,0.0,17,0.09669615384615382,1,0,0,7
12363,2.0,2.0,0.0,17,0.09662307692307703,1,0,0,6
12364,2.0,2.0,0.0,19,0.09655000000000014,1,0,0,3
12365,2.0,2.0,0.0,18,0.09647692307692313,1,0,0,8
12366,2.0,2.0,0.0,17,0.09640384615384623,1,0,0,9
12367,2.0,2.0,0.0,17,0.09633076923076933,1,0,0,4
12368,2.0,2.0,0.0,19,0.09625769230769232,1,0,0,6
12369,2.0,2.0,0.0,15,0.09618461538461542,1,0,0,4
12370,2.0,2.0,0.0,15,0.09611153846153853,1,0,0,9
12371,2.0,2.0,0.0,15,0.09603846153846152,1,0,0,4
12372,2.0,2.0,0.0,15,0.09596538461538462,1,0,0,7
12373,2.0,2.0,0.0,15,0.09589230769230772,1,0,0,6
12374,2.0,2.0,0.0,18,0.09581923076923082,1,0,0,7
12375,2.0,2.0,0.0,15,0.09574615384615381,1,0,0,5
12376,2.0,2.0,0.0,17,0.09567307692307703,1,0,0,4
12377,2.0,2.0,0.0,15,0.09560000000000013,1,0,0,5
12378,2.0,2.0,0.0,17,0.09552692307692312,1,0,0,7
12379,2.0,2.0,0.0,16,0.09545384615384622,1,0,0,5
12380,2.0,2.0,0.0,15,0.09538076923076932,1,0,0,2
12381,2.0,2.0,0.0,15,0.09530769230769232,1,0,0,4
12382,2.0,2.0,0.0,15,0.09523461538461542,1,0,0,5
12383,2.0,2.0,0.0,15,0.09516153846153852,1,0,0,5
12384,2.0,2.0,0.0,18,0.09508846153846151,1,0,0,8
12385,2.0,2.0,0.0,17,0.09501538461538461,1,0,0,8
12386,2.0,2.0,0.0,15,0.09494230769230771,1,0,0,8
12387,2.0,2.0,0.0,17,0.09486923076923082,1,0,0,7
12388,2.0,2.0,0.0,19,0.09479615384615381,1,0,0,9
12389,2.0,2.0,0.0,15,0.09472307692307702,1,0,0,5
12390,2.0,2.0,0.0,17,0.09465000000000012,1,0,0,5
12391,2.0,2.0,0.0,15,0.09457692307692311,1,0,0,7
12392,2.0,2.0,0.0,17,0.09450384615384622,1,0,0,4
12393,2.0,2.0,0.0,17,0.09443076923076932,1,0,0,3
12394,2.0,2.0,0.0,17,0.09435769230769231,1,0,0,8
12395,2.0,2.0,0.0,15,0.09428461538461541,1,0,0,8
12396,2.0,2.0,0.0,16,0.09421153846153851,1,0,0,3
12397,2.0,2.0,0.0,17,0.09413846153846162,1,0,0,9
12398,2.0,2.0,0.0,16,0.0940653846153846,1,0,0,6
12399,2.0,2.0,0.0,19,0.09399230769230771,1,0,0,7
12400,2.0,2.0,0.0,17,0.09391923076923081,1,0,0,5
12401,2.0,2.0,0.0,15,0.0938461538461538,1,0,0,5
12402,2.0,2.0,0.0,17,0.09377307692307701,1,0,0,4
12403,2.0,2.0,0.0,15,0.09370000000000012,1,0,0,9
12404,2.0,2.0,0.0,17,0.09362692307692311,1,0,0,8
12405,2.0,2.0,0.0,17,0.09355384615384621,1,0,0,7
12406,2.0,2.0,0.0,19,0.09348076923076931,1,0,0,10
12407,2.0,2.0,0.0,15,0.0934076923076923,1,0,0,5
12408,2.0,2.0,0.0,19,0.0933346153846154,1,0,0,11
12409,2.0,2.0,0.0,15,0.0932615384615385,1,0,0,5
12410,2.0,2.0,0.0,19,0.09318846153846161,1,0,0,8
12411,2.0,2.0,0.0,15,0.0931153846153846,1,0,0,2
12412,2.0,2.0,0.0,15,0.0930423076923077,1,0,0,5
12413,2.0,2.0,0.0,15,0.0929692307692308,1,0,0,8
12414,2.0,2.0,0.0,15,0.0928961538461538,1,0,0,5
12415,2.0,2.0,0.0,17,0.09282307692307701,1,0,0,6
12416,2.0,2.0,0.0,15,0.09275000000000011,1,0,0,7
12417,2.0,2.0,0.0,15,0.0926769230769231,1,0,0,9
12418,2.0,2.0,0.0,15,0.0926038461538462,1,0,0,2
12419,2.0,2.0,0.0,17,0.0925307692307693,1,0,0,8
12420,2.0,2.0,0.0,17,0.09245769230769241,1,0,0,5
12421,2.0,2.0,0.0,16,0.0923846153846154,1,0,0,5
12422,2.0,2.0,0.0,15,0.0923115384615385,1,0,0,4
12423,2.0,2.0,0.0,17,0.0922384615384616,1,0,0,8
12424,2.0,2.0,0.0,15,0.0921653846153846,1,0,0,6
12425,2.0,2.0,0.0,19,0.0920923076923077,1,0,0,8
12426,2.0,2.0,0.0,16,0.0920192307692308,1,0,0,8
12427,2.0,2.0,0.0,17,0.09194615384615379,1,0,0,6
12428,2.0,2.0,0.0,22,0.091873076923077,1,0,0,9
12429,2.0,2.0,0.0,18,0.0918000000000001,1,0,0,6
12430,2.0,2.0,0.0,17,0.0917269230769231,1,0,0,7
12431,2.0,2.0,0.0,17,0.0916538461538462,1,0,0,4
12432,2.0,2.0,0.0,15,0.0915807692307693,1,0,0,7
12433,2.0,2.0,0.0,17,0.0915076923076924,1,0,0,5
12434,2.0,2.0,0.0,15,0.09143461538461539,1,0,0,3
12435,2.0,2.0,0.0,17,0.0913615384615385,1,0,0,6
12436,2.0,2.0,0.0,16,0.0912884615384616,1,0,0,7
12437,2.0,2.0,0.0,17,0.09121538461538459,1,0,0,6
12438,2.0,2.0,0.0,18,0.09114230769230769,1,0,0,6
12439,2.0,2.0,0.0,15,0.09106923076923079,1,0,0,5
12440,2.0,2.0,0.0,15,0.0909961538461539,1,0,0,6
12441,2.0,2.0,0.0,15,0.090923076923077,1,0,0,9
12442,2.0,2.0,0.0,15,0.0908500000000001,1,0,0,7
12443,2.0,2.0,0.0,17,0.0907769230769232,1,0,0,5
12444,2.0,2.0,0.0,19,0.09070384615384619,1,0,0,8
12445,2.0,2.0,0.0,15,0.09063076923076929,1,0,0,8
12446,2.0,2.0,0.0,16,0.0905576923076924,1,0,0,5
12447,2.0,2.0,0.0,17,0.09048461538461539,1,0,0,6
12448,2.0,2.0,0.0,18,0.09041153846153849,1,0,0,5
12449,2.0,2.0,0.0,15,0.09033846153846159,1,0,0,3
12450,2.0,2.0,0.0,23,0.09026538461538458,1,0,0,12
12451,2.0,2.0,0.0,15,0.09019230769230768,1,0,0,3
12452,2.0,2.0,0.0,15,0.09011923076923078,1,0,0,10
12453,2.0,2.0,0.0,21,0.09004615384615389,1,0,0,6
12454,2.0,2.0,0.0,16,0.08997307692307699,1,0,0,5
12455,2.0,2.0,0.0,19,0.08990000000000009,1,0,0,7
12456,2.0,2.0,0.0,17,0.08982692307692319,1,0,0,8
12457,2.0,2.0,0.0,15,0.08975384615384618,1,0,0,5
12458,2.0,2.0,0.0,17,0.08968076923076929,1,0,0,6
12459,2.0,2.0,0.0,15,0.08960769230769239,1,0,0,6
12460,2.0,2.0,0.0,17,0.08953461538461538,1,0,0,9
12461,2.0,2.0,0.0,15,0.08946153846153848,1,0,0,4
12462,2.0,2.0,0.0,15,0.08938846153846158,1,0,0,8
12463,2.0,2.0,0.0,15,0.08931538461538457,1,0,0,4
12464,2.0,2.0,0.0,15,0.08924230769230768,1,0,0,5
12465,2.0,2.0,0.0,15,0.08916923076923078,1,0,0,6
12466,2.0,2.0,0.0,16,0.08909615384615399,1,0,0,5
12467,2.0,2.0,0.0,15,0.08902307692307698,1,0,0,6
12468,2.0,2.0,0.0,15,0.08895000000000008,1,0,0,4
12469,2.0,2.0,0.0,15,0.08887692307692319,1,0,0,5
12470,2.0,2.0,0.0,17,0.08880384615384618,1,0,0,11
12471,2.0,2.0,0.0,15,0.08873076923076928,1,0,0,6
12472,2.0,2.0,0.0,15,0.08865769230769238,1,0,0,5
12473,2.0,2.0,0.0,15,0.08858461538461537,1,0,0,9
12474,2.0,2.0,0.0,17,0.08851153846153847,1,0,0,3
12475,2.0,2.0,0.0,17,0.08843846153846158,1,0,0,6
12476,2.0,2.0,0.0,17,0.08836538461538468,1,0,0,4
12477,2.0,2.0,0.0,15,0.08829230769230767,1,0,0,3
12478,2.0,2.0,0.0,19,0.08821923076923077,1,0,0,12
12479,2.0,2.0,0.0,19,0.08814615384615399,1,0,0,8
12480,2.0,2.0,0.0,15,0.08807307692307698,1,0,0,6
12481,2.0,2.0,0.0,19,0.08800000000000008,1,0,0,7
12482,2.0,2.0,0.0,17,0.08792692307692318,1,0,0,4
12483,2.0,2.0,0.0,21,0.08785384615384617,1,0,0,8
12484,2.0,2.0,0.0,19,0.08778076923076927,1,0,0,9
12485,2.0,2.0,0.0,15,0.08770769230769238,1,0,0,7
12486,2.0,2.0,0.0,18,0.08763461538461537,1,0,0,6
12487,2.0,2.0,0.0,15,0.08756153846153847,1,0,0,1
12488,2.0,2.0,0.0,17,0.08748846153846157,1,0,0,0
12489,2.0,2.0,0.0,15,0.08741538461538467,1,0,0,6
12490,2.0,2.0,0.0,15,0.08734230769230766,1,0,0,3
12491,2.0,2.0,0.0,15,0.08726923076923077,1,0,0,7
12492,2.0,2.0,0.0,16,0.08719615384615398,1,0,0,7
12493,2.0,2.0,0.0,17,0.08712307692307697,1,0,0,4
12494,1.0,1.0,0.0,17,0.08705000000000007,0,1,0,9
12495,2.0,2.0,0.0,15,0.08697692307692317,1,0,0,4
12496,2.0,2.0,0.0,17,0.08690384615384616,1,0,0,1
12497,2.0,2.0,0.0,15,0.08683076923076927,1,0,0,6
12498,2.0,2.0,0.0,15,0.08675769230769237,1,0,0,4
12499,2.0,2.0,0.0,15,0.08668461538461547,1,0,0,8
12500,2.0,2.0,0.0,15,0.08661153846153846,1,0,0,9
12501,2.0,2.0,0.0,16,0.08653846153846156,1,0,0,6
12502,2.0,2.0,0.0,15,0.08646538461538467,1,0,0,4
12503,2.0,2.0,0.0,17,0.08639230769230766,1,0,0,5
12504,2.0,2.0,0.0,18,0.08631923076923076,1,0,0,3
12505,2.0,2.0,0.0,15,0.08624615384615397,1,0,0,6
12506,2.0,2.0,0.0,17,0.08617307692307696,1,0,0,10
12507,2.0,2.0,0.0,15,0.08610000000000007,1,0,0,6
12508,2.0,2.0,0.0,15,0.08602692307692317,1,0,0,4
12509,2.0,2.0,0.0,16,0.08595384615384616,1,0,0,9
12510,2.0,2.0,0.0,17,0.08588076923076926,1,0,0,6
12511,2.0,2.0,0.0,15,0.08580769230769236,1,0,0,5
12512,2.0,2.0,0.0,18,0.08573461538461546,1,0,0,4
12513,2.0,2.0,0.0,21,0.08566153846153846,1,0,0,8
12514,2.0,2.0,0.0,15,0.08558846153846156,1,0,0,7
12515,2.0,2.0,0.0,18,0.08551538461538466,1,0,0,6
12516,2.0,2.0,0.0,19,0.08544230769230765,1,0,0,10
12517,2.0,2.0,0.0,15,0.08536923076923075,1,0,0,6
12518,2.0,2.0,0.0,15,0.08529615384615397,1,0,0,3
12519,2.0,2.0,0.0,19,0.08522307692307696,1,0,0,7
12520,2.0,2.0,0.0,17,0.08515000000000006,1,0,0,7
12521,2.0,2.0,0.0,16,0.08507692307692316,1,0,0,5
12522,2.0,2.0,0.0,17,0.08500384615384626,1,0,0,5
12523,2.0,2.0,0.0,17,0.08493076923076925,1,0,0,4
12524,2.0,2.0,0.0,16,0.08485769230769236,1,0,0,7
12525,2.0,2.0,0.0,18,0.08478461538461546,1,0,0,10
12526,2.0,2.0,0.0,15,0.08471153846153845,1,0,0,9
12527,2.0,2.0,0.0,18,0.08463846153846155,1,0,0,9
12528,2.0,2.0,0.0,15,0.08456538461538465,1,0,0,6
12529,2.0,2.0,0.0,18,0.08449230769230764,1,0,0,6
12530,2.0,2.0,0.0,17,0.08441923076923075,1,0,0,4
12531,2.0,2.0,0.0,15,0.08434615384615396,1,0,0,2
12532,2.0,2.0,0.0,15,0.08427307692307695,1,0,0,8
12533,2.0,2.0,0.0,18,0.08420000000000005,1,0,0,9
12534,2.0,2.0,0.0,17,0.08412692307692315,1,0,0,5
12535,2.0,2.0,0.0,15,0.08405384615384626,1,0,0,5
12536,2.0,2.0,0.0,17,0.08398076923076925,1,0,0,4
12537,2.0,2.0,0.0,15,0.08390769230769235,1,0,0,5
12538,2.0,2.0,0.0,15,0.08383461538461545,1,0,0,2
12539,2.0,2.0,0.0,19,0.08376153846153844,1,0,0,4
12540,2.0,2.0,0.0,19,0.08368846153846154,1,0,0,10
12541,2.0,2.0,0.0,15,0.08361538461538465,1,0,0,3
12542,2.0,2.0,0.0,18,0.08354230769230764,1,0,0,6
12543,2.0,2.0,0.0,15,0.08346923076923074,1,0,0,9
12544,2.0,2.0,0.0,23,0.08339615384615395,1,0,0,7
12545,2.0,2.0,0.0,20,0.08332307692307706,1,0,0,8
12546,2.0,2.0,0.0,15,0.08325000000000005,1,0,0,1
12547,2.0,2.0,0.0,15,0.08317692307692315,1,0,0,6
12548,2.0,2.0,0.0,15,0.08310384615384625,1,0,0,7
12549,2.0,2.0,0.0,17,0.08303076923076924,1,0,0,7
12550,2.0,2.0,0.0,17,0.08295769230769234,1,0,0,6
12551,2.0,2.0,0.0,16,0.08288461538461545,1,0,0,8
12552,2.0,2.0,0.0,19,0.08281153846153844,1,0,0,10
12553,2.0,2.0,0.0,19,0.08273846153846154,1,0,0,3
12554,2.0,2.0,0.0,17,0.08266538461538464,1,0,0,6
12555,1.0,1.0,0.0,16,0.08259230769230774,0,1,0,8
12556,2.0,2.0,0.0,20,0.08251923076923073,1,0,0,6
12557,0.0,0.0,0.0,10,0.08244615384615395,0,1,0,8
12558,2.0,2.0,0.0,15,0.08237307692307705,1,0,0,6
12559,2.0,2.0,0.0,15,0.08230000000000004,1,0,0,9
12560,2.0,2.0,0.0,20,0.08222692307692314,1,0,0,9
12561,2.0,2.0,0.0,15,0.08215384615384624,1,0,0,7
12562,2.0,2.0,0.0,17,0.08208076923076923,1,0,0,3
12563,2.0,2.0,0.0,15,0.08200769230769234,1,0,0,7
12564,2.0,2.0,0.0,15,0.08193461538461544,1,0,0,6
12565,2.0,2.0,0.0,15,0.08186153846153843,1,0,0,5
12566,2.0,2.0,0.0,17,0.08178846153846153,1,0,0,7
12567,2.0,2.0,0.0,17,0.08171538461538463,1,0,0,6
12568,2.0,2.0,0.0,18,0.08164230769230774,1,0,0,7
12569,2.0,2.0,0.0,15,0.08156923076923084,1,0,0,5
12570,2.0,2.0,0.0,15,0.08149615384615394,1,0,0,7
12571,2.0,2.0,0.0,17,0.08142307692307704,1,0,0,10
12572,2.0,2.0,0.0,17,0.08135000000000003,1,0,0,3
12573,2.0,2.0,0.0,17,0.08127692307692314,1,0,0,13
12574,2.0,2.0,0.0,15,0.08120384615384624,1,0,0,6
12575,2.0,2.0,0.0,16,0.08113076923076923,1,0,0,3
12576,2.0,2.0,0.0,15,0.08105769230769233,1,0,0,4
12577,2.0,2.0,0.0,17,0.08098461538461543,1,0,0,7
12578,2.0,2.0,0.0,15,0.08091153846153853,1,0,0,5
12579,2.0,2.0,0.0,15,0.08083846153846153,1,0,0,6
12580,2.0,2.0,0.0,17,0.08076538461538463,1,0,0,7
12581,2.0,2.0,0.0,20,0.08069230769230773,1,0,0,7
12582,2.0,2.0,0.0,15,0.08061923076923083,1,0,0,6
12583,2.0,2.0,0.0,17,0.08054615384615393,1,0,0,5
12584,2.0,2.0,0.0,15,0.08047307692307704,1,0,0,3
12585,2.0,2.0,0.0,16,0.08040000000000003,1,0,0,5
12586,2.0,2.0,0.0,21,0.08032692307692313,1,0,0,9
12587,2.0,2.0,0.0,15,0.08025384615384623,1,0,0,8
12588,2.0,2.0,0.0,15,0.08018076923076922,1,0,0,4
12589,2.0,2.0,0.0,17,0.08010769230769232,1,0,0,8
12590,2.0,2.0,0.0,15,0.08003461538461543,1,0,0,5
12591,2.0,2.0,0.0,17,0.07996153846153853,1,0,0,6
12592,2.0,2.0,0.0,19,0.07988846153846152,1,0,0,6
12593,2.0,2.0,0.0,15,0.07981538461538462,1,0,0,8
12594,2.0,2.0,0.0,23,0.07974230769230772,1,0,0,7
12595,2.0,2.0,0.0,16,0.07966923076923083,1,0,0,5
12596,2.0,2.0,0.0,15,0.07959615384615393,1,0,0,6
12597,2.0,2.0,0.0,30,0.07952307692307703,1,0,0,7
12598,2.0,2.0,0.0,16,0.07945000000000002,1,0,0,5
12599,2.0,2.0,0.0,15,0.07937692307692312,1,0,0,4
12600,2.0,2.0,0.0,21,0.07930384615384622,1,0,0,10
12601,2.0,2.0,0.0,17,0.07923076923076933,1,0,0,10
12602,2.0,2.0,0.0,15,0.07915769230769232,1,0,0,4
12603,2.0,2.0,0.0,16,0.07908461538461542,1,0,0,6
12604,2.0,2.0,0.0,16,0.07901153846153852,1,0,0,5
12605,2.0,2.0,0.0,17,0.07893846153846151,1,0,0,5
12606,2.0,2.0,0.0,15,0.07886538461538461,1,0,0,5
12607,2.0,2.0,0.0,15,0.07879230769230772,1,0,0,7
12608,2.0,2.0,0.0,15,0.07871923076923082,1,0,0,6
12609,2.0,2.0,0.0,15,0.07864615384615392,1,0,0,4
12610,2.0,2.0,0.0,15,0.07857307692307702,1,0,0,7
12611,2.0,2.0,0.0,19,0.07850000000000001,1,0,0,7
12612,2.0,2.0,0.0,17,0.07842692307692312,1,0,0,7
12613,2.0,2.0,0.0,17,0.07835384615384622,1,0,0,6
12614,2.0,2.0,0.0,16,0.07828076923076932,1,0,0,6
12615,2.0,2.0,0.0,16,0.07820769230769231,1,0,0,5
12616,2.0,2.0,0.0,15,0.07813461538461541,1,0,0,4
12617,2.0,2.0,0.0,15,0.07806153846153852,1,0,0,7
12618,2.0,2.0,0.0,19,0.0779884615384615,1,0,0,10
12619,2.0,2.0,0.0,15,0.07791538461538461,1,0,0,6
12620,2.0,2.0,0.0,15,0.07784230769230771,1,0,0,3
12621,2.0,2.0,0.0,15,0.07776923076923081,1,0,0,8
12622,2.0,2.0,0.0,17,0.07769615384615391,1,0,0,5
12623,2.0,2.0,0.0,18,0.07762307692307702,1,0,0,8
12624,2.0,2.0,0.0,15,0.07755000000000012,1,0,0,7
12625,2.0,2.0,0.0,17,0.07747692307692311,1,0,0,4
12626,2.0,2.0,0.0,18,0.07740384615384621,1,0,0,6
12627,2.0,2.0,0.0,17,0.07733076923076931,1,0,0,7
12628,2.0,2.0,0.0,18,0.0772576923076923,1,0,0,6
12629,2.0,2.0,0.0,16,0.07718461538461541,1,0,0,7
12630,2.0,2.0,0.0,19,0.07711153846153851,1,0,0,5
12631,2.0,2.0,0.0,16,0.0770384615384615,1,0,0,6
12632,2.0,2.0,0.0,15,0.0769653846153846,1,0,0,6
12633,2.0,2.0,0.0,15,0.0768923076923077,1,0,0,6
12634,2.0,2.0,0.0,15,0.0768192307692308,1,0,0,7
12635,2.0,2.0,0.0,17,0.07674615384615391,1,0,0,4
12636,2.0,2.0,0.0,15,0.07667307692307701,1,0,0,5
12637,2.0,2.0,0.0,15,0.07660000000000011,1,0,0,7
12638,2.0,2.0,0.0,17,0.0765269230769231,1,0,0,6
12639,2.0,2.0,0.0,17,0.0764538461538462,1,0,0,7
12640,2.0,2.0,0.0,15,0.07638076923076931,1,0,0,4
12641,2.0,2.0,0.0,19,0.0763076923076923,1,0,0,9
12642,2.0,2.0,0.0,18,0.0762346153846154,1,0,0,7
12643,2.0,2.0,0.0,17,0.0761615384615385,1,0,0,8
12644,2.0,2.0,0.0,17,0.0760884615384615,1,0,0,4
12645,2.0,2.0,0.0,15,0.0760153846153846,1,0,0,6
12646,2.0,2.0,0.0,19,0.0759423076923077,1,0,0,4
12647,2.0,2.0,0.0,15,0.07586923076923091,1,0,0,4
12648,2.0,2.0,0.0,19,0.0757961538461539,1,0,0,7
12649,2.0,2.0,0.0,17,0.075723076923077,1,0,0,10
12650,2.0,2.0,0.0,15,0.0756500000000001,1,0,0,7
12651,2.0,2.0,0.0,16,0.0755769230769231,1,0,0,8
12652,2.0,2.0,0.0,15,0.0755038461538462,1,0,0,7
12653,2.0,2.0,0.0,15,0.0754307692307693,1,0,0,4
12654,2.0,2.0,0.0,17,0.07535769230769229,1,0,0,9
12655,2.0,2.0,0.0,15,0.0752846153846154,1,0,0,4
12656,2.0,2.0,0.0,17,0.0752115384615385,1,0,0,4
12657,2.0,2.0,0.0,17,0.0751384615384616,1,0,0,5
12658,2.0,2.0,0.0,19,0.07506538461538459,1,0,0,5
12659,2.0,2.0,0.0,15,0.07499230769230769,1,0,0,3
12660,2.0,2.0,0.0,15,0.0749192307692309,1,0,0,4
12661,2.0,2.0,0.0,17,0.0748461538461539,1,0,0,6
12662,2.0,2.0,0.0,15,0.074773076923077,1,0,0,7
12663,2.0,2.0,0.0,15,0.0747000000000001,1,0,0,5
12664,2.0,2.0,0.0,17,0.07462692307692309,1,0,0,7
12665,2.0,2.0,0.0,15,0.07455384615384619,1,0,0,9
12666,2.0,2.0,0.0,15,0.0744807692307693,1,0,0,7
12667,2.0,2.0,0.0,15,0.07440769230769229,1,0,0,6
12668,2.0,2.0,0.0,15,0.07433461538461539,1,0,0,4
12669,2.0,2.0,0.0,15,0.07426153846153849,1,0,0,5
12670,2.0,2.0,0.0,15,0.07418846153846159,1,0,0,7
12671,2.0,2.0,0.0,15,0.07411538461538458,1,0,0,6
12672,2.0,2.0,0.0,17,0.07404230769230769,1,0,0,8
12673,2.0,2.0,0.0,15,0.0739692307692309,1,0,0,3
12674,2.0,2.0,0.0,15,0.07389615384615389,1,0,0,4
12675,2.0,2.0,0.0,15,0.07382307692307699,1,0,0,3
12676,2.0,2.0,0.0,15,0.0737500000000001,1,0,0,4
12677,2.0,2.0,0.0,17,0.07367692307692308,1,0,0,9
12678,2.0,2.0,0.0,15,0.07360384615384619,1,0,0,7
12679,2.0,2.0,0.0,17,0.07353076923076929,1,0,0,8
12680,2.0,2.0,0.0,15,0.07345769230769239,1,0,0,2
12681,2.0,2.0,0.0,17,0.07338461538461538,1,0,0,8
12682,2.0,2.0,0.0,17,0.07331153846153848,1,0,0,8
12683,2.0,2.0,0.0,15,0.07323846153846159,1,0,0,2
12684,2.0,2.0,0.0,17,0.07316538461538458,1,0,0,5
12685,2.0,2.0,0.0,16,0.07309230769230768,1,0,0,7
12686,2.0,2.0,0.0,15,0.07301923076923089,1,0,0,5
12687,2.0,2.0,0.0,15,0.07294615384615388,1,0,0,11
12688,2.0,2.0,0.0,15,0.07287307692307698,1,0,0,9
12689,2.0,2.0,0.0,15,0.07280000000000009,1,0,0,5
12690,2.0,2.0,0.0,15,0.07272692307692308,1,0,0,4
12691,2.0,2.0,0.0,17,0.07265384615384618,1,0,0,7
12692,2.0,2.0,0.0,17,0.07258076923076928,1,0,0,7
12693,2.0,2.0,0.0,15,0.07250769230769238,1,0,0,8
12694,2.0,2.0,0.0,15,0.07243461538461538,1,0,0,5
12695,2.0,2.0,0.0,15,0.07236153846153848,1,0,0,7
12696,2.0,2.0,0.0,15,0.07228846153846158,1,0,0,3
12697,2.0,2.0,0.0,16,0.07221538461538457,1,0,0,10
12698,2.0,2.0,0.0,15,0.07214230769230778,1,0,0,7
12699,2.0,2.0,0.0,17,0.07206923076923089,1,0,0,5
12700,2.0,2.0,0.0,22,0.07199615384615388,1,0,0,10
12701,2.0,2.0,0.0,17,0.07192307692307698,1,0,0,8
12702,2.0,2.0,0.0,17,0.07185000000000008,1,0,0,3
12703,2.0,2.0,0.0,17,0.07177692307692318,1,0,0,2
12704,2.0,2.0,0.0,15,0.07170384615384617,1,0,0,8
12705,2.0,2.0,0.0,15,0.07163076923076928,1,0,0,4
12706,2.0,2.0,0.0,15,0.07155769230769238,1,0,0,5
12707,2.0,2.0,0.0,17,0.07148461538461537,1,0,0,8
12708,2.0,2.0,0.0,15,0.07141153846153847,1,0,0,9
12709,2.0,2.0,0.0,18,0.07133846153846157,1,0,0,5
12710,2.0,2.0,0.0,17,0.07126538461538456,1,0,0,8
12711,2.0,2.0,0.0,15,0.07119230769230778,1,0,0,10
12712,2.0,2.0,0.0,15,0.07111923076923088,1,0,0,7
12713,2.0,2.0,0.0,15,0.07104615384615387,1,0,0,7
12714,2.0,2.0,0.0,15,0.07097307692307697,1,0,0,7
12715,2.0,2.0,0.0,17,0.07090000000000007,1,0,0,6
12716,2.0,2.0,0.0,15,0.07082692307692318,1,0,0,7
12717,2.0,2.0,0.0,15,0.07075384615384617,1,0,0,6
12718,2.0,2.0,0.0,23,0.07068076923076927,1,0,0,9
12719,2.0,2.0,0.0,19,0.07060769230769237,1,0,0,5
12720,2.0,2.0,0.0,15,0.07053461538461536,1,0,0,6
12721,2.0,2.0,0.0,15,0.07046153846153846,1,0,0,4
12722,2.0,2.0,0.0,15,0.07038846153846157,1,0,0,5
12723,2.0,2.0,0.0,15,0.07031538461538456,1,0,0,6
12724,2.0,2.0,0.0,15,0.07024230769230777,1,0,0,7
12725,2.0,2.0,0.0,19,0.07016923076923087,1,0,0,11
12726,2.0,2.0,0.0,17,0.07009615384615397,1,0,0,8
12727,2.0,2.0,0.0,22,0.07002307692307697,1,0,0,6
12728,2.0,2.0,0.0,15,0.06995000000000007,1,0,0,3
12729,2.0,2.0,0.0,19,0.06987692307692317,1,0,0,7
12730,2.0,2.0,0.0,15,0.06980384615384616,1,0,0,1
12731,2.0,2.0,0.0,17,0.06973076923076926,1,0,0,9
12732,2.0,2.0,0.0,17,0.06965769230769236,1,0,0,7
12733,2.0,2.0,0.0,16,0.06958461538461536,1,0,0,6
12734,2.0,2.0,0.0,15,0.06951153846153846,1,0,0,12
12735,2.0,2.0,0.0,15,0.06943846153846156,1,0,0,8
12736,2.0,2.0,0.0,18,0.06936538461538466,1,0,0,7
12737,2.0,2.0,0.0,15,0.06929230769230776,1,0,0,4
12738,2.0,2.0,0.0,15,0.06921923076923087,1,0,0,4
12739,2.0,2.0,0.0,15,0.06914615384615397,1,0,0,8
12740,2.0,2.0,0.0,15,0.06907307692307696,1,0,0,4
12741,2.0,2.0,0.0,15,0.06900000000000006,1,0,0,4
12742,2.0,2.0,0.0,16,0.06892692307692316,1,0,0,6
12743,2.0,2.0,0.0,17,0.06885384615384615,1,0,0,6
12744,2.0,2.0,0.0,15,0.06878076923076926,1,0,0,8
12745,2.0,2.0,0.0,16,0.06870769230769236,1,0,0,6
12746,2.0,2.0,0.0,16,0.06863461538461535,1,0,0,8
12747,2.0,2.0,0.0,15,0.06856153846153845,1,0,0,6
12748,2.0,2.0,0.0,19,0.06848846153846155,1,0,0,9
12749,2.0,2.0,0.0,15,0.06841538461538466,1,0,0,6
12750,2.0,2.0,0.0,15,0.06834230769230776,1,0,0,6
12751,2.0,2.0,0.0,15,0.06826923076923086,1,0,0,7
12752,2.0,2.0,0.0,17,0.06819615384615396,1,0,0,8
12753,2.0,2.0,0.0,15,0.06812307692307695,1,0,0,8
12754,2.0,2.0,0.0,17,0.06805000000000005,1,0,0,10
12755,2.0,2.0,0.0,15,0.06797692307692316,1,0,0,6
12756,2.0,2.0,0.0,15,0.06790384615384615,1,0,0,7
12757,2.0,2.0,0.0,18,0.06783076923076925,1,0,0,9
12758,2.0,2.0,0.0,18,0.06775769230769235,1,0,0,9
12759,2.0,2.0,0.0,17,0.06768461538461545,1,0,0,11
12760,2.0,2.0,0.0,15,0.06761153846153845,1,0,0,4
12761,2.0,2.0,0.0,15,0.06753846153846155,1,0,0,8
12762,2.0,2.0,0.0,17,0.06746538461538465,1,0,0,6
12763,2.0,2.0,0.0,19,0.06739230769230775,1,0,0,8
12764,2.0,2.0,0.0,15,0.06731923076923085,1,0,0,7
12765,2.0,2.0,0.0,17,0.06724615384615396,1,0,0,6
12766,2.0,2.0,0.0,18,0.06717307692307695,1,0,0,5
12767,2.0,2.0,0.0,17,0.06710000000000005,1,0,0,6
12768,2.0,2.0,0.0,15,0.06702692307692315,1,0,0,7
12769,2.0,2.0,0.0,19,0.06695384615384614,1,0,0,3
12770,2.0,2.0,0.0,17,0.06688076923076924,1,0,0,7
12771,2.0,2.0,0.0,17,0.06680769230769235,1,0,0,7
12772,2.0,2.0,0.0,15,0.06673461538461545,1,0,0,3
12773,2.0,2.0,0.0,15,0.06666153846153844,1,0,0,5
12774,2.0,2.0,0.0,19,0.06658846153846154,1,0,0,4
12775,2.0,2.0,0.0,15,0.06651538461538464,1,0,0,9
12776,2.0,2.0,0.0,15,0.06644230769230774,1,0,0,5
12777,2.0,2.0,0.0,17,0.06636923076923085,1,0,0,3
12778,2.0,2.0,0.0,15,0.06629615384615395,1,0,0,6
12779,2.0,2.0,0.0,18,0.06622307692307694,1,0,0,6
12780,2.0,2.0,0.0,15,0.06615000000000004,1,0,0,6
12781,2.0,2.0,0.0,15,0.06607692307692314,1,0,0,6
12782,2.0,2.0,0.0,15,0.06600384615384625,1,0,0,4
12783,2.0,2.0,0.0,17,0.06593076923076924,1,0,0,6
12784,2.0,2.0,0.0,17,0.06585769230769234,1,0,0,5
12785,2.0,2.0,0.0,15,0.06578461538461544,1,0,0,5
12786,2.0,2.0,0.0,15,0.06571153846153843,1,0,0,6
12787,2.0,2.0,0.0,16,0.06563846153846153,1,0,0,5
12788,2.0,2.0,0.0,17,0.06556538461538464,1,0,0,6
12789,2.0,2.0,0.0,17,0.06549230769230774,1,0,0,6
12790,2.0,2.0,0.0,15,0.06541923076923084,1,0,0,5
12791,2.0,2.0,0.0,15,0.06534615384615394,1,0,0,2
12792,2.0,2.0,0.0,15,0.06527307692307693,1,0,0,6
12793,2.0,2.0,0.0,17,0.06520000000000004,1,0,0,6
12794,2.0,2.0,0.0,16,0.06512692307692314,1,0,0,7
12795,2.0,2.0,0.0,20,0.06505384615384624,1,0,0,6
12796,2.0,2.0,0.0,15,0.06498076923076923,1,0,0,9
12797,2.0,2.0,0.0,17,0.06490769230769233,1,0,0,2
12798,2.0,2.0,0.0,15,0.06483461538461543,1,0,0,4
12799,2.0,2.0,0.0,15,0.06476153846153843,1,0,0,7
12800,2.0,2.0,0.0,17,0.06468846153846153,1,0,0,7
12801,2.0,2.0,0.0,17,0.06461538461538463,1,0,0,5
12802,2.0,2.0,0.0,16,0.06454230769230773,1,0,0,4
12803,2.0,2.0,0.0,15,0.06446923076923083,1,0,0,4
12804,2.0,2.0,0.0,15,0.06439615384615394,1,0,0,4
12805,2.0,2.0,0.0,15,0.06432307692307704,1,0,0,5
12806,2.0,2.0,0.0,15,0.06425000000000003,1,0,0,6
12807,2.0,2.0,0.0,16,0.06417692307692313,1,0,0,5
12808,2.0,2.0,0.0,23,0.06410384615384623,1,0,0,12
12809,2.0,2.0,0.0,15,0.06403076923076922,1,0,0,6
12810,2.0,2.0,0.0,16,0.06395769230769233,1,0,0,7
12811,2.0,2.0,0.0,16,0.06388461538461543,1,0,0,7
12812,2.0,2.0,0.0,15,0.06381153846153842,1,0,0,4
12813,2.0,2.0,0.0,17,0.06373846153846152,1,0,0,5
12814,2.0,2.0,0.0,15,0.06366538461538473,1,0,0,5
12815,2.0,2.0,0.0,17,0.06359230769230773,1,0,0,5
12816,2.0,2.0,0.0,17,0.06351923076923083,1,0,0,3
12817,2.0,2.0,0.0,15,0.06344615384615393,1,0,0,4
12818,2.0,2.0,0.0,17,0.06337307692307703,1,0,0,5
12819,2.0,2.0,0.0,15,0.06330000000000002,1,0,0,5
12820,2.0,2.0,0.0,15,0.06322692307692312,1,0,0,7
12821,2.0,2.0,0.0,16,0.06315384615384623,1,0,0,6
12822,2.0,2.0,0.0,17,0.06308076923076922,1,0,0,4
12823,2.0,2.0,0.0,16,0.06300769230769232,1,0,0,7
12824,2.0,2.0,0.0,15,0.06293461538461542,1,0,0,3
12825,2.0,2.0,0.0,15,0.06286153846153841,1,0,0,7
12826,2.0,2.0,0.0,15,0.06278846153846152,1,0,0,5
12827,2.0,2.0,0.0,15,0.06271538461538473,1,0,0,7
12828,2.0,2.0,0.0,15,0.06264230769230783,1,0,0,4
12829,2.0,2.0,0.0,15,0.06256923076923082,1,0,0,4
12830,2.0,2.0,0.0,17,0.06249615384615392,1,0,0,6
12831,2.0,2.0,0.0,17,0.062423076923077025,1,0,0,7
12832,2.0,2.0,0.0,15,0.062350000000000017,1,0,0,5
12833,2.0,2.0,0.0,15,0.06227692307692312,1,0,0,4
12834,2.0,2.0,0.0,17,0.06220384615384622,1,0,0,2
12835,2.0,2.0,0.0,16,0.06213076923076921,1,0,0,8
12836,2.0,2.0,0.0,15,0.062057692307692314,1,0,0,9
12837,2.0,2.0,0.0,15,0.061984615384615416,1,0,0,6
12838,2.0,2.0,0.0,19,0.06191153846153852,1,0,0,9
12839,2.0,2.0,0.0,15,0.06183846153846151,1,0,0,4
12840,2.0,2.0,0.0,17,0.06176538461538472,1,0,0,9
12841,2.0,2.0,0.0,17,0.061692307692307824,1,0,0,5
12842,2.0,2.0,0.0,15,0.061619230769230815,1,0,0,4
12843,0.0,0.0,0.0,13,0.06154615384615392,0,1,0,5
12844,2.0,2.0,0.0,19,0.06147307692307702,1,0,0,5
12845,2.0,2.0,0.0,18,0.06140000000000001,1,0,0,7
12846,2.0,2.0,0.0,17,0.06132692307692311,1,0,0,5
12847,2.0,2.0,0.0,21,0.061253846153846214,1,0,0,9
12848,2.0,2.0,0.0,15,0.061180769230769205,1,0,0,6
12849,2.0,2.0,0.0,17,0.06110769230769231,1,0,0,4
12850,2.0,2.0,0.0,17,0.06103461538461541,1,0,0,6
12851,2.0,2.0,0.0,15,0.06096153846153851,1,0,0,3
12852,2.0,2.0,0.0,16,0.0608884615384615,1,0,0,6
12853,2.0,2.0,0.0,15,0.060815384615384716,1,0,0,3
12854,2.0,2.0,0.0,15,0.06074230769230782,1,0,0,4
12855,2.0,2.0,0.0,15,0.06066923076923081,1,0,0,6
12856,2.0,2.0,0.0,15,0.06059615384615391,1,0,0,7
12857,2.0,2.0,0.0,15,0.06052307692307701,1,0,0,7
12858,2.0,2.0,0.0,15,0.060450000000000004,1,0,0,6
12859,2.0,2.0,0.0,16,0.060376923076923106,1,0,0,4
12860,2.0,2.0,0.0,17,0.06030384615384621,1,0,0,9
12861,2.0,2.0,0.0,17,0.06023076923076931,1,0,0,6
12862,2.0,2.0,0.0,15,0.0601576923076923,1,0,0,8
12863,2.0,2.0,0.0,15,0.0600846153846154,1,0,0,7
12864,2.0,2.0,0.0,15,0.060011538461538505,1,0,0,5
12865,2.0,2.0,0.0,15,0.059938461538461496,1,0,0,6
12866,2.0,2.0,0.0,15,0.05986538461538471,1,0,0,7
12867,2.0,2.0,0.0,19,0.05979230769230781,1,0,0,10
12868,2.0,2.0,0.0,15,0.0597192307692308,1,0,0,4
12869,2.0,2.0,0.0,17,0.059646153846153904,1,0,0,5
12870,2.0,2.0,0.0,15,0.059573076923077006,1,0,0,3
12871,2.0,2.0,0.0,17,0.0595,1,0,0,8
12872,2.0,2.0,0.0,16,0.0594269230769231,1,0,0,8
12873,2.0,2.0,0.0,17,0.0593538461538462,1,0,0,4
12874,2.0,2.0,0.0,15,0.059280769230769303,1,0,0,5
12875,2.0,2.0,0.0,15,0.059207692307692295,1,0,0,5
12876,2.0,2.0,0.0,16,0.0591346153846154,1,0,0,6
12877,2.0,2.0,0.0,15,0.0590615384615385,1,0,0,5
12878,2.0,2.0,0.0,15,0.05898846153846149,1,0,0,5
12879,2.0,2.0,0.0,15,0.0589153846153847,1,0,0,5
12880,2.0,2.0,0.0,15,0.058842307692307805,1,0,0,5
12881,2.0,2.0,0.0,15,0.058769230769230796,1,0,0,7
12882,2.0,2.0,0.0,19,0.0586961538461539,1,0,0,6
12883,2.0,2.0,0.0,16,0.058623076923077,1,0,0,8
12884,2.0,2.0,0.0,18,0.0585500000000001,1,0,0,5
12885,2.0,2.0,0.0,15,0.05847692307692309,1,0,0,8
12886,2.0,2.0,0.0,15,0.058403846153846195,1,0,0,11
12887,2.0,2.0,0.0,15,0.0583307692307693,1,0,0,2
12888,2.0,2.0,0.0,17,0.05825769230769229,1,0,0,5
12889,2.0,2.0,0.0,17,0.05818461538461539,1,0,0,5
12890,2.0,2.0,0.0,15,0.05811153846153849,1,0,0,11
12891,2.0,2.0,0.0,15,0.05803846153846148,1,0,0,8
12892,2.0,2.0,0.0,19,0.057965384615384696,1,0,0,12
12893,2.0,2.0,0.0,17,0.0578923076923078,1,0,0,8
12894,2.0,2.0,0.0,15,0.05781923076923079,1,0,0,7
12895,2.0,2.0,0.0,17,0.05774615384615389,1,0,0,4
12896,2.0,2.0,0.0,15,0.057673076923076994,1,0,0,2
12897,2.0,2.0,0.0,17,0.057600000000000096,1,0,0,3
12898,2.0,2.0,0.0,18,0.05752692307692309,1,0,0,7
12899,2.0,2.0,0.0,15,0.05745384615384619,1,0,0,5
12900,2.0,2.0,0.0,15,0.05738076923076929,1,0,0,6
12901,2.0,2.0,0.0,19,0.05730769230769228,1,0,0,8
12902,2.0,2.0,0.0,17,0.057234615384615384,1,0,0,6
12903,2.0,2.0,0.0,16,0.057161538461538486,1,0,0,5
12904,2.0,2.0,0.0,19,0.05708846153846148,1,0,0,6
12905,2.0,2.0,0.0,15,0.05701538461538469,1,0,0,6
12906,2.0,2.0,0.0,15,0.05694230769230779,1,0,0,3
12907,2.0,2.0,0.0,17,0.056869230769230894,1,0,0,7
12908,2.0,2.0,0.0,17,0.056796153846153885,1,0,0,9
12909,2.0,2.0,0.0,15,0.05672307692307699,1,0,0,3
12910,2.0,2.0,0.0,15,0.05665000000000009,1,0,0,6
12911,2.0,2.0,0.0,15,0.05657692307692308,1,0,0,4
12912,2.0,2.0,0.0,15,0.05650384615384618,1,0,0,5
12913,2.0,2.0,0.0,15,0.056430769230769284,1,0,0,5
12914,2.0,2.0,0.0,17,0.056357692307692275,1,0,0,7
12915,2.0,2.0,0.0,16,0.05628461538461538,1,0,0,4
12916,2.0,2.0,0.0,15,0.05621153846153848,1,0,0,8
12917,2.0,2.0,0.0,15,0.05613846153846158,1,0,0,4
12918,2.0,2.0,0.0,15,0.056065384615384684,1,0,0,8
12919,2.0,2.0,0.0,16,0.055992307692307786,1,0,0,9
12920,2.0,2.0,0.0,17,0.05591923076923089,1,0,0,7
12921,2.0,2.0,0.0,15,0.05584615384615388,1,0,0,8
12922,2.0,2.0,0.0,17,0.05577307692307698,1,0,0,5
12923,2.0,2.0,0.0,15,0.05570000000000008,1,0,0,3
12924,2.0,2.0,0.0,17,0.055626923076923074,1,0,0,7
12925,2.0,2.0,0.0,17,0.055553846153846176,1,0,0,4
12926,2.0,2.0,0.0,15,0.05548076923076928,1,0,0,6
12927,2.0,2.0,0.0,16,0.05540769230769227,1,0,0,5
12928,2.0,2.0,0.0,15,0.05533461538461537,1,0,0,3
12929,2.0,2.0,0.0,19,0.05526153846153847,1,0,0,6
12930,2.0,2.0,0.0,16,0.055188461538461575,1,0,0,6
12931,2.0,2.0,0.0,15,0.05511538461538468,1,0,0,7
12932,2.0,2.0,0.0,18,0.05504230769230778,1,0,0,6
12933,2.0,2.0,0.0,17,0.05496923076923088,1,0,0,4
12934,2.0,2.0,0.0,18,0.05489615384615387,1,0,0,10
12935,2.0,2.0,0.0,19,0.054823076923076974,1,0,0,10
12936,2.0,2.0,0.0,15,0.054750000000000076,1,0,0,8
12937,2.0,2.0,0.0,15,0.05467692307692307,1,0,0,7
12938,2.0,2.0,0.0,15,0.05460384615384617,1,0,0,4
12939,2.0,2.0,0.0,15,0.05453076923076927,1,0,0,9
12940,2.0,2.0,0.0,19,0.054457692307692374,1,0,0,10
12941,2.0,2.0,0.0,15,0.054384615384615365,1,0,0,1
12942,0.0,0.0,0.0,16,0.05431153846153847,0,1,0,6
12943,2.0,2.0,0.0,17,0.05423846153846168,1,0,0,5
12944,2.0,2.0,0.0,15,0.05416538461538467,1,0,0,5
12945,2.0,2.0,0.0,17,0.05409230769230777,1,0,0,8
12946,2.0,2.0,0.0,18,0.054019230769230875,1,0,0,6
12947,2.0,2.0,0.0,17,0.053946153846153866,1,0,0,8
12948,2.0,2.0,0.0,15,0.05387307692307697,1,0,0,5
12949,2.0,2.0,0.0,15,0.05380000000000007,1,0,0,7
12950,2.0,2.0,0.0,16,0.05372692307692306,1,0,0,4
12951,2.0,2.0,0.0,15,0.05365384615384616,1,0,0,8
12952,2.0,2.0,0.0,16,0.053580769230769265,1,0,0,5
12953,2.0,2.0,0.0,15,0.05350769230769237,1,0,0,7
12954,2.0,2.0,0.0,15,0.05343461538461536,1,0,0,6
12955,2.0,2.0,0.0,18,0.05336153846153846,1,0,0,6
12956,2.0,2.0,0.0,15,0.05328846153846167,1,0,0,7
12957,2.0,2.0,0.0,19,0.053215384615384664,1,0,0,5
12958,2.0,2.0,0.0,16,0.053142307692307766,1,0,0,7
12959,2.0,2.0,0.0,15,0.05306923076923087,1,0,0,6
12960,2.0,2.0,0.0,15,0.05299615384615386,1,0,0,9
12961,2.0,2.0,0.0,17,0.05292307692307696,1,0,0,8
12962,2.0,2.0,0.0,15,0.052850000000000064,1,0,0,5
12963,2.0,2.0,0.0,17,0.052776923076923166,1,0,0,7
12964,2.0,2.0,0.0,16,0.05270384615384616,1,0,0,3
12965,2.0,2.0,0.0,15,0.05263076923076926,1,0,0,6
12966,2.0,2.0,0.0,16,0.05255769230769236,1,0,0,4
12967,2.0,2.0,0.0,15,0.05248461538461535,1,0,0,2
12968,2.0,2.0,0.0,15,0.052411538461538454,1,0,0,2
12969,2.0,2.0,0.0,15,0.05233846153846167,1,0,0,3
12970,2.0,2.0,0.0,15,0.05226538461538466,1,0,0,6
12971,2.0,2.0,0.0,15,0.05219230769230776,1,0,0,5
12972,2.0,2.0,0.0,15,0.05211923076923086,1,0,0,4
12973,2.0,2.0,0.0,15,0.05204615384615385,1,0,0,7
12974,2.0,2.0,0.0,16,0.051973076923076955,1,0,0,6
12975,2.0,2.0,0.0,15,0.05190000000000006,1,0,0,8
12976,2.0,2.0,0.0,16,0.05182692307692316,1,0,0,7
12977,2.0,2.0,0.0,15,0.05175384615384615,1,0,0,7
12978,2.0,2.0,0.0,17,0.05168076923076925,1,0,0,5
12979,2.0,2.0,0.0,15,0.051607692307692354,1,0,0,5
12980,2.0,2.0,0.0,17,0.051534615384615345,1,0,0,7
12981,2.0,2.0,0.0,15,0.05146153846153845,1,0,0,3
12982,2.0,2.0,0.0,15,0.05138846153846166,1,0,0,6
12983,2.0,2.0,0.0,17,0.05131538461538465,1,0,0,5
12984,2.0,2.0,0.0,15,0.051242307692307754,1,0,0,6
12985,2.0,2.0,0.0,15,0.051169230769230856,1,0,0,8
12986,2.0,2.0,0.0,15,0.05109615384615396,1,0,0,7
12987,2.0,2.0,0.0,17,0.05102307692307695,1,0,0,8
12988,2.0,2.0,0.0,15,0.05095000000000005,1,0,0,6
12989,2.0,2.0,0.0,17,0.05087692307692315,1,0,0,6
12990,2.0,2.0,0.0,17,0.050803846153846144,1,0,0,7
12991,2.0,2.0,0.0,15,0.050730769230769246,1,0,0,6
12992,2.0,2.0,0.0,17,0.05065769230769235,1,0,0,7
12993,2.0,2.0,0.0,17,0.05058461538461534,1,0,0,7
12994,2.0,2.0,0.0,17,0.05051153846153844,1,0,0,9
12995,2.0,2.0,0.0,15,0.050438461538461654,1,0,0,6
12996,2.0,2.0,0.0,19,0.050365384615384645,1,0,0,4
12997,2.0,2.0,0.0,15,0.05029230769230775,1,0,0,5
12998,2.0,2.0,0.0,17,0.05021923076923085,1,0,0,7
12999,2.0,2.0,0.0,15,0.05014615384615395,1,0,0,5
13000,2.0,2.0,0.0,16,0.05007307692307694,1,0,0,5
13001,2.0,2.0,0.0,17,0.05,1,0,0,9
13002,2.0,2.0,0.0,17,0.05,1,0,0,7
13003,2.0,2.0,0.0,16,0.05,1,0,0,5
13004,2.0,2.0,0.0,15,0.05,1,0,0,7
13005,2.0,2.0,0.0,17,0.05,1,0,0,7
13006,2.0,2.0,0.0,15,0.05,1,0,0,4
13007,2.0,2.0,0.0,15,0.05,1,0,0,3
13008,2.0,2.0,0.0,15,0.05,1,0,0,4
13009,2.0,2.0,0.0,16,0.05,1,0,0,6
13010,2.0,2.0,0.0,15,0.05,1,0,0,3
13011,2.0,2.0,0.0,15,0.05,1,0,0,7
13012,2.0,2.0,0.0,16,0.05,1,0,0,7
13013,2.0,2.0,0.0,17,0.05,1,0,0,5
13014,2.0,2.0,0.0,17,0.05,1,0,0,8
13015,2.0,2.0,0.0,16,0.05,1,0,0,4
13016,2.0,2.0,0.0,15,0.05,1,0,0,6
13017,2.0,2.0,0.0,16,0.05,1,0,0,4
13018,2.0,2.0,0.0,17,0.05,1,0,0,6
13019,2.0,2.0,0.0,15,0.05,1,0,0,4
13020,2.0,2.0,0.0,24,0.05,1,0,0,14
13021,2.0,2.0,0.0,15,0.05,1,0,0,5
13022,2.0,2.0,0.0,15,0.05,1,0,0,4
13023,2.0,2.0,0.0,18,0.05,1,0,0,8
13024,2.0,2.0,0.0,15,0.05,1,0,0,6
13025,2.0,2.0,0.0,15,0.05,1,0,0,8
13026,2.0,2.0,0.0,15,0.05,1,0,0,6
13027,2.0,2.0,0.0,16,0.05,1,0,0,6
13028,2.0,2.0,0.0,15,0.05,1,0,0,5
13029,2.0,2.0,0.0,15,0.05,1,0,0,7
13030,2.0,2.0,0.0,15,0.05,1,0,0,3
13031,2.0,2.0,0.0,17,0.05,1,0,0,10
13032,2.0,2.0,0.0,15,0.05,1,0,0,7
13033,2.0,2.0,0.0,15,0.05,1,0,0,8
13034,2.0,2.0,0.0,15,0.05,1,0,0,4
13035,2.0,2.0,0.0,15,0.05,1,0,0,4
13036,2.0,2.0,0.0,18,0.05,1,0,0,4
13037,2.0,2.0,0.0,15,0.05,1,0,0,3
13038,2.0,2.0,0.0,15,0.05,1,0,0,5
13039,2.0,2.0,0.0,15,0.05,1,0,0,6
13040,2.0,2.0,0.0,15,0.05,1,0,0,7
13041,2.0,2.0,0.0,15,0.05,1,0,0,4
13042,2.0,2.0,0.0,15,0.05,1,0,0,8
13043,2.0,2.0,0.0,15,0.05,1,0,0,4
13044,2.0,2.0,0.0,16,0.05,1,0,0,10
13045,2.0,2.0,0.0,15,0.05,1,0,0,3
13046,2.0,2.0,0.0,15,0.05,1,0,0,6
13047,2.0,2.0,0.0,16,0.05,1,0,0,5
13048,2.0,2.0,0.0,15,0.05,1,0,0,7
13049,2.0,2.0,0.0,17,0.05,1,0,0,9
13050,2.0,2.0,0.0,17,0.05,1,0,0,2
13051,2.0,2.0,0.0,15,0.05,1,0,0,5
13052,2.0,2.0,0.0,15,0.05,1,0,0,4
13053,2.0,2.0,0.0,16,0.05,1,0,0,3
13054,2.0,2.0,0.0,18,0.05,1,0,0,9
13055,2.0,2.0,0.0,16,0.05,1,0,0,7
13056,2.0,2.0,0.0,15,0.05,1,0,0,5
13057,2.0,2.0,0.0,15,0.05,1,0,0,6
13058,2.0,2.0,0.0,15,0.05,1,0,0,5
13059,2.0,2.0,0.0,15,0.05,1,0,0,1
13060,2.0,2.0,0.0,17,0.05,1,0,0,6
13061,2.0,2.0,0.0,15,0.05,1,0,0,3
13062,2.0,2.0,0.0,15,0.05,1,0,0,7
13063,2.0,2.0,0.0,16,0.05,1,0,0,3
13064,2.0,2.0,0.0,15,0.05,1,0,0,5
13065,2.0,2.0,0.0,15,0.05,1,0,0,1
13066,2.0,2.0,0.0,15,0.05,1,0,0,7
13067,2.0,2.0,0.0,17,0.05,1,0,0,9
13068,2.0,2.0,0.0,15,0.05,1,0,0,5
13069,2.0,2.0,0.0,15,0.05,1,0,0,4
13070,2.0,2.0,0.0,19,0.05,1,0,0,10
13071,2.0,2.0,0.0,15,0.05,1,0,0,5
13072,2.0,2.0,0.0,17,0.05,1,0,0,8
13073,2.0,2.0,0.0,15,0.05,1,0,0,6
13074,2.0,2.0,0.0,15,0.05,1,0,0,7
13075,2.0,2.0,0.0,15,0.05,1,0,0,3
13076,2.0,2.0,0.0,18,0.05,1,0,0,8
13077,2.0,2.0,0.0,17,0.05,1,0,0,7
13078,2.0,2.0,0.0,15,0.05,1,0,0,6
13079,2.0,2.0,0.0,15,0.05,1,0,0,6
13080,2.0,2.0,0.0,15,0.05,1,0,0,2
13081,2.0,2.0,0.0,15,0.05,1,0,0,7
13082,2.0,2.0,0.0,15,0.05,1,0,0,7
13083,2.0,2.0,0.0,15,0.05,1,0,0,4
13084,2.0,2.0,0.0,15,0.05,1,0,0,6
13085,2.0,2.0,0.0,15,0.05,1,0,0,7
13086,2.0,2.0,0.0,15,0.05,1,0,0,5
13087,2.0,2.0,0.0,17,0.05,1,0,0,8
13088,2.0,2.0,0.0,17,0.05,1,0,0,8
13089,2.0,2.0,0.0,17,0.05,1,0,0,4
13090,2.0,2.0,0.0,17,0.05,1,0,0,7
13091,2.0,2.0,0.0,15,0.05,1,0,0,6
13092,2.0,2.0,0.0,15,0.05,1,0,0,6
13093,2.0,2.0,0.0,17,0.05,1,0,0,7
13094,2.0,2.0,0.0,17,0.05,1,0,0,8
13095,2.0,2.0,0.0,17,0.05,1,0,0,6
13096,2.0,2.0,0.0,15,0.05,1,0,0,5
13097,2.0,2.0,0.0,19,0.05,1,0,0,7
13098,2.0,2.0,0.0,17,0.05,1,0,0,7
13099,2.0,2.0,0.0,15,0.05,1,0,0,6
13100,2.0,2.0,0.0,17,0.05,1,0,0,5
13101,2.0,2.0,0.0,15,0.05,1,0,0,7
13102,2.0,2.0,0.0,15,0.05,1,0,0,7
13103,2.0,2.0,0.0,17,0.05,1,0,0,7
13104,2.0,2.0,0.0,15,0.05,1,0,0,6
13105,2.0,2.0,0.0,17,0.05,1,0,0,7
13106,2.0,2.0,0.0,23,0.05,1,0,0,9
13107,2.0,2.0,0.0,17,0.05,1,0,0,9
13108,2.0,2.0,0.0,17,0.05,1,0,0,9
13109,2.0,2.0,0.0,15,0.05,1,0,0,5
13110,2.0,2.0,0.0,17,0.05,1,0,0,6
13111,2.0,2.0,0.0,17,0.05,1,0,0,5
13112,2.0,2.0,0.0,15,0.05,1,0,0,6
13113,2.0,2.0,0.0,15,0.05,1,0,0,7
13114,2.0,2.0,0.0,15,0.05,1,0,0,4
13115,2.0,2.0,0.0,15,0.05,1,0,0,9
13116,2.0,2.0,0.0,15,0.05,1,0,0,7
13117,2.0,2.0,0.0,15,0.05,1,0,0,8
13118,2.0,2.0,0.0,15,0.05,1,0,0,4
13119,2.0,2.0,0.0,15,0.05,1,0,0,6
13120,2.0,2.0,0.0,17,0.05,1,0,0,4
13121,2.0,2.0,0.0,15,0.05,1,0,0,6
13122,2.0,2.0,0.0,15,0.05,1,0,0,7
13123,2.0,2.0,0.0,15,0.05,1,0,0,7
13124,2.0,2.0,0.0,17,0.05,1,0,0,7
13125,2.0,2.0,0.0,15,0.05,1,0,0,5
13126,2.0,2.0,0.0,15,0.05,1,0,0,4
13127,2.0,2.0,0.0,15,0.05,1,0,0,5
13128,2.0,2.0,0.0,15,0.05,1,0,0,5
13129,2.0,2.0,0.0,15,0.05,1,0,0,7
13130,2.0,2.0,0.0,15,0.05,1,0,0,5
13131,2.0,2.0,0.0,15,0.05,1,0,0,4
13132,2.0,2.0,0.0,15,0.05,1,0,0,8
13133,2.0,2.0,0.0,19,0.05,1,0,0,8
13134,2.0,2.0,0.0,17,0.05,1,0,0,7
13135,2.0,2.0,0.0,17,0.05,1,0,0,8
13136,2.0,2.0,0.0,17,0.05,1,0,0,6
13137,2.0,2.0,0.0,17,0.05,1,0,0,5
13138,2.0,2.0,0.0,15,0.05,1,0,0,5
13139,2.0,2.0,0.0,18,0.05,1,0,0,8
13140,2.0,2.0,0.0,15,0.05,1,0,0,5
13141,2.0,2.0,0.0,15,0.05,1,0,0,5
13142,2.0,2.0,0.0,17,0.05,1,0,0,6
13143,2.0,2.0,0.0,15,0.05,1,0,0,2
13144,2.0,2.0,0.0,15,0.05,1,0,0,6
13145,2.0,2.0,0.0,15,0.05,1,0,0,7
13146,2.0,2.0,0.0,15,0.05,1,0,0,4
13147,2.0,2.0,0.0,15,0.05,1,0,0,3
13148,2.0,2.0,0.0,17,0.05,1,0,0,8
13149,2.0,2.0,0.0,15,0.05,1,0,0,9
13150,2.0,2.0,0.0,15,0.05,1,0,0,4
13151,2.0,2.0,0.0,15,0.05,1,0,0,6
13152,2.0,2.0,0.0,15,0.05,1,0,0,6
13153,2.0,2.0,0.0,16,0.05,1,0,0,6
13154,2.0,2.0,0.0,18,0.05,1,0,0,6
13155,2.0,2.0,0.0,15,0.05,1,0,0,8
13156,2.0,2.0,0.0,15,0.05,1,0,0,2
13157,2.0,2.0,0.0,15,0.05,1,0,0,4
13158,2.0,2.0,0.0,15,0.05,1,0,0,4
13159,2.0,2.0,0.0,15,0.05,1,0,0,6
13160,2.0,2.0,0.0,17,0.05,1,0,0,6
13161,2.0,2.0,0.0,17,0.05,1,0,0,5
13162,2.0,2.0,0.0,15,0.05,1,0,0,4
13163,2.0,2.0,0.0,15,0.05,1,0,0,9
13164,2.0,2.0,0.0,15,0.05,1,0,0,7
13165,2.0,2.0,0.0,15,0.05,1,0,0,5
13166,2.0,2.0,0.0,15,0.05,1,0,0,5
13167,2.0,2.0,0.0,17,0.05,1,0,0,5
13168,2.0,2.0,0.0,15,0.05,1,0,0,3
13169,2.0,2.0,0.0,16,0.05,1,0,0,6
13170,2.0,2.0,0.0,15,0.05,1,0,0,7
13171,2.0,2.0,0.0,17,0.05,1,0,0,4
13172,2.0,2.0,0.0,15,0.05,1,0,0,6
13173,2.0,2.0,0.0,15,0.05,1,0,0,8
13174,2.0,2.0,0.0,15,0.05,1,0,0,8
13175,2.0,2.0,0.0,16,0.05,1,0,0,10
13176,2.0,2.0,0.0,19,0.05,1,0,0,9
13177,2.0,2.0,0.0,16,0.05,1,0,0,7
13178,2.0,2.0,0.0,15,0.05,1,0,0,4
13179,2.0,2.0,0.0,15,0.05,1,0,0,10
13180,2.0,2.0,0.0,15,0.05,1,0,0,5
13181,2.0,2.0,0.0,15,0.05,1,0,0,7
13182,2.0,2.0,0.0,16,0.05,1,0,0,1
13183,2.0,2.0,0.0,15,0.05,1,0,0,6
13184,2.0,2.0,0.0,17,0.05,1,0,0,5
13185,2.0,2.0,0.0,19,0.05,1,0,0,5
13186,2.0,2.0,0.0,17,0.05,1,0,0,8
13187,2.0,2.0,0.0,15,0.05,1,0,0,9
13188,2.0,2.0,0.0,18,0.05,1,0,0,4
13189,1.0,1.0,0.0,16,0.05,0,1,0,6
13190,2.0,2.0,0.0,15,0.05,1,0,0,7
13191,2.0,2.0,0.0,15,0.05,1,0,0,6
13192,2.0,2.0,0.0,17,0.05,1,0,0,4
13193,2.0,2.0,0.0,15,0.05,1,0,0,5
13194,2.0,2.0,0.0,15,0.05,1,0,0,9
13195,2.0,2.0,0.0,15,0.05,1,0,0,7
13196,2.0,2.0,0.0,16,0.05,1,0,0,6
13197,2.0,2.0,0.0,15,0.05,1,0,0,8
13198,2.0,2.0,0.0,15,0.05,1,0,0,4
13199,2.0,2.0,0.0,15,0.05,1,0,0,3
13200,2.0,2.0,0.0,15,0.05,1,0,0,5
13201,2.0,2.0,0.0,15,0.05,1,0,0,3
13202,2.0,2.0,0.0,15,0.05,1,0,0,6
13203,2.0,2.0,0.0,15,0.05,1,0,0,7
13204,2.0,2.0,0.0,15,0.05,1,0,0,5
13205,2.0,2.0,0.0,18,0.05,1,0,0,7
13206,2.0,2.0,0.0,17,0.05,1,0,0,9
13207,2.0,2.0,0.0,15,0.05,1,0,0,5
13208,2.0,2.0,0.0,15,0.05,1,0,0,6
13209,2.0,2.0,0.0,16,0.05,1,0,0,8
13210,2.0,2.0,0.0,17,0.05,1,0,0,6
13211,2.0,2.0,0.0,19,0.05,1,0,0,8
13212,2.0,2.0,0.0,15,0.05,1,0,0,5
13213,2.0,2.0,0.0,16,0.05,1,0,0,6
13214,2.0,2.0,0.0,15,0.05,1,0,0,4
13215,2.0,2.0,0.0,15,0.05,1,0,0,6
13216,2.0,2.0,0.0,15,0.05,1,0,0,6
13217,2.0,2.0,0.0,15,0.05,1,0,0,8
13218,2.0,2.0,0.0,15,0.05,1,0,0,4
13219,2.0,2.0,0.0,15,0.05,1,0,0,6
13220,2.0,2.0,0.0,15,0.05,1,0,0,4
13221,2.0,2.0,0.0,17,0.05,1,0,0,8
13222,2.0,2.0,0.0,15,0.05,1,0,0,6
13223,2.0,2.0,0.0,16,0.05,1,0,0,4
13224,2.0,2.0,0.0,15,0.05,1,0,0,4
13225,2.0,2.0,0.0,15,0.05,1,0,0,9
13226,2.0,2.0,0.0,15,0.05,1,0,0,4
13227,2.0,2.0,0.0,16,0.05,1,0,0,7
13228,2.0,2.0,0.0,15,0.05,1,0,0,5
13229,2.0,2.0,0.0,15,0.05,1,0,0,3
13230,2.0,2.0,0.0,15,0.05,1,0,0,3
13231,2.0,2.0,0.0,15,0.05,1,0,0,5
13232,2.0,2.0,0.0,15,0.05,1,0,0,8
13233,2.0,2.0,0.0,17,0.05,1,0,0,12
13234,2.0,2.0,0.0,15,0.05,1,0,0,5
13235,2.0,2.0,0.0,17,0.05,1,0,0,10
13236,2.0,2.0,0.0,17,0.05,1,0,0,7
13237,2.0,2.0,0.0,17,0.05,1,0,0,7
13238,2.0,2.0,0.0,15,0.05,1,0,0,8
13239,2.0,2.0,0.0,16,0.05,1,0,0,4
13240,2.0,2.0,0.0,15,0.05,1,0,0,6
13241,2.0,2.0,0.0,15,0.05,1,0,0,6
13242,2.0,2.0,0.0,15,0.05,1,0,0,4
13243,2.0,2.0,0.0,16,0.05,1,0,0,7
13244,2.0,2.0,0.0,17,0.05,1,0,0,3
13245,2.0,2.0,0.0,15,0.05,1,0,0,9
13246,2.0,2.0,0.0,17,0.05,1,0,0,7
13247,2.0,2.0,0.0,15,0.05,1,0,0,5
13248,2.0,2.0,0.0,17,0.05,1,0,0,5
13249,2.0,2.0,0.0,15,0.05,1,0,0,8
13250,2.0,2.0,0.0,15,0.05,1,0,0,6
13251,2.0,2.0,0.0,15,0.05,1,0,0,5
13252,2.0,2.0,0.0,15,0.05,1,0,0,6
13253,2.0,2.0,0.0,15,0.05,1,0,0,4
13254,2.0,2.0,0.0,15,0.05,1,0,0,5
13255,2.0,2.0,0.0,15,0.05,1,0,0,7
13256,2.0,2.0,0.0,15,0.05,1,0,0,6
13257,2.0,2.0,0.0,15,0.05,1,0,0,4
13258,2.0,2.0,0.0,17,0.05,1,0,0,8
13259,2.0,2.0,0.0,19,0.05,1,0,0,3
13260,2.0,2.0,0.0,17,0.05,1,0,0,7
13261,2.0,2.0,0.0,15,0.05,1,0,0,7
13262,2.0,2.0,0.0,15,0.05,1,0,0,5
13263,2.0,2.0,0.0,15,0.05,1,0,0,7
13264,2.0,2.0,0.0,17,0.05,1,0,0,7
13265,2.0,2.0,0.0,15,0.05,1,0,0,7
13266,2.0,2.0,0.0,15,0.05,1,0,0,5
13267,2.0,2.0,0.0,20,0.05,1,0,0,13
13268,2.0,2.0,0.0,15,0.05,1,0,0,4
13269,2.0,2.0,0.0,15,0.05,1,0,0,4
13270,2.0,2.0,0.0,21,0.05,1,0,0,9
13271,2.0,2.0,0.0,15,0.05,1,0,0,6
13272,2.0,2.0,0.0,17,0.05,1,0,0,10
13273,2.0,2.0,0.0,15,0.05,1,0,0,2
13274,2.0,2.0,0.0,17,0.05,1,0,0,3
13275,2.0,2.0,0.0,17,0.05,1,0,0,6
13276,2.0,2.0,0.0,15,0.05,1,0,0,8
13277,2.0,2.0,0.0,15,0.05,1,0,0,7
13278,2.0,2.0,0.0,15,0.05,1,0,0,4
13279,2.0,2.0,0.0,15,0.05,1,0,0,3
13280,2.0,2.0,0.0,15,0.05,1,0,0,5
13281,2.0,2.0,0.0,15,0.05,1,0,0,4
13282,2.0,2.0,0.0,15,0.05,1,0,0,5
13283,2.0,2.0,0.0,15,0.05,1,0,0,6
13284,0.0,0.0,0.0,13,0.05,0,1,0,9
13285,2.0,2.0,0.0,15,0.05,1,0,0,5
13286,2.0,2.0,0.0,17,0.05,1,0,0,9
13287,2.0,2.0,0.0,15,0.05,1,0,0,10
13288,2.0,2.0,0.0,15,0.05,1,0,0,4
13289,2.0,2.0,0.0,15,0.05,1,0,0,6
13290,2.0,2.0,0.0,15,0.05,1,0,0,6
13291,2.0,2.0,0.0,17,0.05,1,0,0,7
13292,2.0,2.0,0.0,16,0.05,1,0,0,6
13293,2.0,2.0,0.0,15,0.05,1,0,0,4
13294,2.0,2.0,0.0,16,0.05,1,0,0,5
13295,2.0,2.0,0.0,15,0.05,1,0,0,6
13296,2.0,2.0,0.0,18,0.05,1,0,0,8
13297,2.0,2.0,0.0,15,0.05,1,0,0,5
13298,2.0,2.0,0.0,17,0.05,1,0,0,5
13299,2.0,2.0,0.0,20,0.05,1,0,0,5
13300,2.0,2.0,0.0,15,0.05,1,0,0,4
13301,2.0,2.0,0.0,15,0.05,1,0,0,3
13302,2.0,2.0,0.0,15,0.05,1,0,0,5
13303,2.0,2.0,0.0,17,0.05,1,0,0,8
13304,2.0,2.0,0.0,15,0.05,1,0,0,3
13305,2.0,2.0,0.0,15,0.05,1,0,0,7
13306,2.0,2.0,0.0,15,0.05,1,0,0,6
13307,1.0,1.0,0.0,14,0.05,0,1,0,6
13308,2.0,2.0,0.0,15,0.05,1,0,0,6
13309,2.0,2.0,0.0,15,0.05,1,0,0,3
13310,2.0,2.0,0.0,18,0.05,1,0,0,7
13311,2.0,2.0,0.0,17,0.05,1,0,0,5
13312,2.0,2.0,0.0,15,0.05,1,0,0,8
13313,2.0,2.0,0.0,15,0.05,1,0,0,4
13314,2.0,2.0,0.0,17,0.05,1,0,0,5
13315,2.0,2.0,0.0,15,0.05,1,0,0,6
13316,2.0,2.0,0.0,15,0.05,1,0,0,8
13317,2.0,2.0,0.0,15,0.05,1,0,0,8
13318,2.0,2.0,0.0,15,0.05,1,0,0,5
13319,2.0,2.0,0.0,15,0.05,1,0,0,3
13320,2.0,2.0,0.0,15,0.05,1,0,0,6
13321,2.0,2.0,0.0,16,0.05,1,0,0,6
13322,2.0,2.0,0.0,15,0.05,1,0,0,2
13323,2.0,2.0,0.0,15,0.05,1,0,0,2
13324,2.0,2.0,0.0,15,0.05,1,0,0,7
13325,2.0,2.0,0.0,15,0.05,1,0,0,5
13326,2.0,2.0,0.0,15,0.05,1,0,0,8
13327,2.0,2.0,0.0,15,0.05,1,0,0,5
13328,2.0,2.0,0.0,15,0.05,1,0,0,2
13329,2.0,2.0,0.0,15,0.05,1,0,0,4
13330,2.0,2.0,0.0,17,0.05,1,0,0,4
13331,2.0,2.0,0.0,15,0.05,1,0,0,5
13332,2.0,2.0,0.0,15,0.05,1,0,0,7
13333,2.0,2.0,0.0,15,0.05,1,0,0,4
13334,2.0,2.0,0.0,15,0.05,1,0,0,4
13335,2.0,2.0,0.0,15,0.05,1,0,0,5
13336,2.0,2.0,0.0,15,0.05,1,0,0,6
13337,2.0,2.0,0.0,15,0.05,1,0,0,8
13338,2.0,2.0,0.0,15,0.05,1,0,0,8
13339,2.0,2.0,0.0,15,0.05,1,0,0,7
13340,2.0,2.0,0.0,17,0.05,1,0,0,8
13341,2.0,2.0,0.0,15,0.05,1,0,0,8
13342,2.0,2.0,0.0,19,0.05,1,0,0,8
13343,2.0,2.0,0.0,15,0.05,1,0,0,3
13344,2.0,2.0,0.0,15,0.05,1,0,0,4
13345,2.0,2.0,0.0,19,0.05,1,0,0,9
13346,2.0,2.0,0.0,15,0.05,1,0,0,5
13347,2.0,2.0,0.0,17,0.05,1,0,0,9
13348,2.0,2.0,0.0,15,0.05,1,0,0,4
13349,2.0,2.0,0.0,15,0.05,1,0,0,3
13350,2.0,2.0,0.0,18,0.05,1,0,0,5
13351,2.0,2.0,0.0,15,0.05,1,0,0,6
13352,2.0,2.0,0.0,19,0.05,1,0,0,8
13353,2.0,2.0,0.0,17,0.05,1,0,0,4
13354,2.0,2.0,0.0,15,0.05,1,0,0,5
13355,2.0,2.0,0.0,15,0.05,1,0,0,6
13356,2.0,2.0,0.0,15,0.05,1,0,0,6
13357,2.0,2.0,0.0,15,0.05,1,0,0,4
13358,2.0,2.0,0.0,15,0.05,1,0,0,6
13359,2.0,2.0,0.0,17,0.05,1,0,0,10
13360,2.0,2.0,0.0,15,0.05,1,0,0,6
13361,2.0,2.0,0.0,15,0.05,1,0,0,7
13362,2.0,2.0,0.0,17,0.05,1,0,0,5
13363,2.0,2.0,0.0,15,0.05,1,0,0,6
13364,2.0,2.0,0.0,15,0.05,1,0,0,4
13365,2.0,2.0,0.0,15,0.05,1,0,0,8
13366,2.0,2.0,0.0,15,0.05,1,0,0,5
13367,2.0,2.0,0.0,15,0.05,1,0,0,7
13368,2.0,2.0,0.0,15,0.05,1,0,0,3
13369,2.0,2.0,0.0,17,0.05,1,0,0,9
13370,2.0,2.0,0.0,15,0.05,1,0,0,5
13371,2.0,2.0,0.0,15,0.05,1,0,0,7
13372,2.0,2.0,0.0,17,0.05,1,0,0,8
13373,2.0,2.0,0.0,19,0.05,1,0,0,8
13374,2.0,2.0,0.0,15,0.05,1,0,0,8
13375,2.0,2.0,0.0,17,0.05,1,0,0,7
13376,2.0,2.0,0.0,20,0.05,1,0,0,9
13377,2.0,2.0,0.0,15,0.05,1,0,0,6
13378,2.0,2.0,0.0,17,0.05,1,0,0,9
13379,2.0,2.0,0.0,17,0.05,1,0,0,6
13380,2.0,2.0,0.0,17,0.05,1,0,0,10
13381,2.0,2.0,0.0,17,0.05,1,0,0,6
13382,2.0,2.0,0.0,17,0.05,1,0,0,6
13383,2.0,2.0,0.0,15,0.05,1,0,0,6
13384,2.0,2.0,0.0,17,0.05,1,0,0,4
13385,2.0,2.0,0.0,16,0.05,1,0,0,6
13386,2.0,2.0,0.0,15,0.05,1,0,0,6
13387,2.0,2.0,0.0,15,0.05,1,0,0,5
13388,2.0,2.0,0.0,19,0.05,1,0,0,11
13389,2.0,2.0,0.0,15,0.05,1,0,0,2
13390,2.0,2.0,0.0,15,0.05,1,0,0,6
13391,2.0,2.0,0.0,15,0.05,1,0,0,5
13392,2.0,2.0,0.0,17,0.05,1,0,0,8
13393,2.0,2.0,0.0,15,0.05,1,0,0,6
13394,2.0,2.0,0.0,15,0.05,1,0,0,6
13395,2.0,2.0,0.0,17,0.05,1,0,0,5
13396,2.0,2.0,0.0,15,0.05,1,0,0,7
13397,2.0,2.0,0.0,17,0.05,1,0,0,8
13398,2.0,2.0,0.0,15,0.05,1,0,0,6
13399,2.0,2.0,0.0,15,0.05,1,0,0,7
13400,2.0,2.0,0.0,15,0.05,1,0,0,5
13401,2.0,2.0,0.0,15,0.05,1,0,0,9
13402,2.0,2.0,0.0,15,0.05,1,0,0,5
13403,2.0,2.0,0.0,17,0.05,1,0,0,7
13404,2.0,2.0,0.0,15,0.05,1,0,0,3
13405,2.0,2.0,0.0,15,0.05,1,0,0,5
13406,2.0,2.0,0.0,17,0.05,1,0,0,8
13407,2.0,2.0,0.0,15,0.05,1,0,0,7
13408,2.0,2.0,0.0,16,0.05,1,0,0,8
13409,2.0,2.0,0.0,15,0.05,1,0,0,4
13410,2.0,2.0,0.0,15,0.05,1,0,0,5
13411,2.0,2.0,0.0,15,0.05,1,0,0,6
13412,0.0,0.0,0.0,12,0.05,0,1,0,8
13413,2.0,2.0,0.0,17,0.05,1,0,0,4
13414,2.0,2.0,0.0,15,0.05,1,0,0,7
13415,2.0,2.0,0.0,15,0.05,1,0,0,7
13416,2.0,2.0,0.0,17,0.05,1,0,0,2
13417,2.0,2.0,0.0,15,0.05,1,0,0,5
13418,2.0,2.0,0.0,15,0.05,1,0,0,4
13419,2.0,2.0,0.0,15,0.05,1,0,0,6
13420,2.0,2.0,0.0,15,0.05,1,0,0,2
13421,2.0,2.0,0.0,17,0.05,1,0,0,5
13422,2.0,2.0,0.0,17,0.05,1,0,0,6
13423,2.0,2.0,0.0,15,0.05,1,0,0,6
13424,2.0,2.0,0.0,17,0.05,1,0,0,7
13425,2.0,2.0,0.0,15,0.05,1,0,0,9
13426,2.0,2.0,0.0,15,0.05,1,0,0,6
13427,2.0,2.0,0.0,15,0.05,1,0,0,5
13428,2.0,2.0,0.0,15,0.05,1,0,0,7
13429,2.0,2.0,0.0,15,0.05,1,0,0,5
13430,2.0,2.0,0.0,17,0.05,1,0,0,4
13431,2.0,2.0,0.0,15,0.05,1,0,0,4
13432,2.0,2.0,0.0,15,0.05,1,0,0,8
13433,2.0,2.0,0.0,17,0.05,1,0,0,4
13434,2.0,2.0,0.0,15,0.05,1,0,0,5
13435,2.0,2.0,0.0,15,0.05,1,0,0,5
13436,2.0,2.0,0.0,16,0.05,1,0,0,7
13437,2.0,2.0,0.0,15,0.05,1,0,0,5
13438,2.0,2.0,0.0,15,0.05,1,0,0,5
13439,2.0,2.0,0.0,15,0.05,1,0,0,6
13440,2.0,2.0,0.0,15,0.05,1,0,0,6
13441,2.0,2.0,0.0,15,0.05,1,0,0,5
13442,2.0,2.0,0.0,15,0.05,1,0,0,4
13443,2.0,2.0,0.0,15,0.05,1,0,0,5
13444,2.0,2.0,0.0,17,0.05,1,0,0,7
13445,2.0,2.0,0.0,15,0.05,1,0,0,5
13446,2.0,2.0,0.0,15,0.05,1,0,0,3
13447,2.0,2.0,0.0,15,0.05,1,0,0,5
13448,2.0,2.0,0.0,16,0.05,1,0,0,10
13449,2.0,2.0,0.0,15,0.05,1,0,0,8
13450,2.0,2.0,0.0,15,0.05,1,0,0,6
13451,2.0,2.0,0.0,15,0.05,1,0,0,4
13452,2.0,2.0,0.0,16,0.05,1,0,0,3
13453,2.0,2.0,0.0,15,0.05,1,0,0,4
13454,2.0,2.0,0.0,16,0.05,1,0,0,5
13455,2.0,2.0,0.0,17,0.05,1,0,0,5
13456,2.0,2.0,0.0,15,0.05,1,0,0,5
13457,2.0,2.0,0.0,17,0.05,1,0,0,10
13458,2.0,2.0,0.0,17,0.05,1,0,0,4
13459,2.0,2.0,0.0,15,0.05,1,0,0,9
13460,2.0,2.0,0.0,18,0.05,1,0,0,6
13461,2.0,2.0,0.0,15,0.05,1,0,0,7
13462,2.0,2.0,0.0,17,0.05,1,0,0,7
13463,2.0,2.0,0.0,15,0.05,1,0,0,5
13464,2.0,2.0,0.0,15,0.05,1,0,0,5
13465,2.0,2.0,0.0,15,0.05,1,0,0,5
13466,2.0,2.0,0.0,19,0.05,1,0,0,3
13467,2.0,2.0,0.0,15,0.05,1,0,0,6
13468,2.0,2.0,0.0,19,0.05,1,0,0,8
13469,2.0,2.0,0.0,16,0.05,1,0,0,11
13470,2.0,2.0,0.0,15,0.05,1,0,0,6
13471,2.0,2.0,0.0,15,0.05,1,0,0,7
13472,2.0,2.0,0.0,17,0.05,1,0,0,5
13473,2.0,2.0,0.0,18,0.05,1,0,0,7
13474,2.0,2.0,0.0,15,0.05,1,0,0,7
13475,2.0,2.0,0.0,16,0.05,1,0,0,8
13476,2.0,2.0,0.0,17,0.05,1,0,0,4
13477,2.0,2.0,0.0,17,0.05,1,0,0,8
13478,2.0,2.0,0.0,17,0.05,1,0,0,9
13479,2.0,2.0,0.0,26,0.05,1,0,0,13
13480,2.0,2.0,0.0,15,0.05,1,0,0,7
13481,2.0,2.0,0.0,15,0.05,1,0,0,3
13482,2.0,2.0,0.0,15,0.05,1,0,0,6
13483,2.0,2.0,0.0,15,0.05,1,0,0,7
13484,2.0,2.0,0.0,15,0.05,1,0,0,6
13485,2.0,2.0,0.0,15,0.05,1,0,0,7
13486,2.0,2.0,0.0,15,0.05,1,0,0,2
13487,2.0,2.0,0.0,15,0.05,1,0,0,7
13488,2.0,2.0,0.0,15,0.05,1,0,0,2
13489,2.0,2.0,0.0,16,0.05,1,0,0,7
13490,2.0,2.0,0.0,15,0.05,1,0,0,4
13491,2.0,2.0,0.0,15,0.05,1,0,0,5
13492,2.0,2.0,0.0,17,0.05,1,0,0,10
13493,2.0,2.0,0.0,15,0.05,1,0,0,5
13494,2.0,2.0,0.0,16,0.05,1,0,0,4
13495,2.0,2.0,0.0,15,0.05,1,0,0,4
13496,2.0,2.0,0.0,15,0.05,1,0,0,4
13497,2.0,2.0,0.0,15,0.05,1,0,0,5
13498,2.0,2.0,0.0,17,0.05,1,0,0,10
13499,2.0,2.0,0.0,15,0.05,1,0,0,6
13500,2.0,2.0,0.0,17,0.05,1,0,0,8
13501,2.0,2.0,0.0,17,0.05,1,0,0,4
13502,2.0,2.0,0.0,15,0.05,1,0,0,4
13503,2.0,2.0,0.0,15,0.05,1,0,0,4
13504,2.0,2.0,0.0,17,0.05,1,0,0,8
13505,2.0,2.0,0.0,15,0.05,1,0,0,5
13506,2.0,2.0,0.0,15,0.05,1,0,0,3
13507,2.0,2.0,0.0,15,0.05,1,0,0,5
13508,2.0,2.0,0.0,17,0.05,1,0,0,9
13509,2.0,2.0,0.0,17,0.05,1,0,0,7
13510,2.0,2.0,0.0,15,0.05,1,0,0,1
13511,2.0,2.0,0.0,15,0.05,1,0,0,6
13512,2.0,2.0,0.0,15,0.05,1,0,0,6
13513,2.0,2.0,0.0,15,0.05,1,0,0,4
13514,2.0,2.0,0.0,16,0.05,1,0,0,6
13515,2.0,2.0,0.0,18,0.05,1,0,0,5
13516,2.0,2.0,0.0,15,0.05,1,0,0,4
13517,2.0,2.0,0.0,15,0.05,1,0,0,6
13518,2.0,2.0,0.0,15,0.05,1,0,0,3
13519,2.0,2.0,0.0,15,0.05,1,0,0,6
13520,2.0,2.0,0.0,16,0.05,1,0,0,7
13521,2.0,2.0,0.0,15,0.05,1,0,0,5
13522,2.0,2.0,0.0,16,0.05,1,0,0,6
13523,2.0,2.0,0.0,15,0.05,1,0,0,3
13524,2.0,2.0,0.0,17,0.05,1,0,0,5
13525,2.0,2.0,0.0,15,0.05,1,0,0,6
13526,2.0,2.0,0.0,15,0.05,1,0,0,7
13527,2.0,2.0,0.0,15,0.05,1,0,0,6
13528,2.0,2.0,0.0,15,0.05,1,0,0,3
13529,2.0,2.0,0.0,17,0.05,1,0,0,9
13530,2.0,2.0,0.0,15,0.05,1,0,0,2
13531,2.0,2.0,0.0,15,0.05,1,0,0,8
13532,2.0,2.0,0.0,16,0.05,1,0,0,4
13533,2.0,2.0,0.0,16,0.05,1,0,0,4
13534,2.0,2.0,0.0,16,0.05,1,0,0,5
13535,2.0,2.0,0.0,15,0.05,1,0,0,5
13536,2.0,2.0,0.0,17,0.05,1,0,0,9
13537,2.0,2.0,0.0,15,0.05,1,0,0,4
13538,2.0,2.0,0.0,15,0.05,1,0,0,3
13539,2.0,2.0,0.0,19,0.05,1,0,0,7
13540,2.0,2.0,0.0,15,0.05,1,0,0,4
13541,2.0,2.0,0.0,17,0.05,1,0,0,3
13542,2.0,2.0,0.0,15,0.05,1,0,0,6
13543,2.0,2.0,0.0,15,0.05,1,0,0,8
13544,2.0,2.0,0.0,15,0.05,1,0,0,8
13545,2.0,2.0,0.0,15,0.05,1,0,0,6
13546,2.0,2.0,0.0,15,0.05,1,0,0,8
13547,2.0,2.0,0.0,17,0.05,1,0,0,4
13548,2.0,2.0,0.0,15,0.05,1,0,0,5
13549,2.0,2.0,0.0,15,0.05,1,0,0,4
13550,2.0,2.0,0.0,17,0.05,1,0,0,7
13551,2.0,2.0,0.0,15,0.05,1,0,0,3
13552,2.0,2.0,0.0,15,0.05,1,0,0,11
13553,2.0,2.0,0.0,18,0.05,1,0,0,7
13554,2.0,2.0,0.0,18,0.05,1,0,0,5
13555,2.0,2.0,0.0,15,0.05,1,0,0,6
13556,2.0,2.0,0.0,15,0.05,1,0,0,5
13557,2.0,2.0,0.0,15,0.05,1,0,0,6
13558,2.0,2.0,0.0,15,0.05,1,0,0,6
13559,2.0,2.0,0.0,15,0.05,1,0,0,5
13560,2.0,2.0,0.0,16,0.05,1,0,0,5
13561,2.0,2.0,0.0,15,0.05,1,0,0,5
13562,2.0,2.0,0.0,15,0.05,1,0,0,7
13563,2.0,2.0,0.0,15,0.05,1,0,0,5
13564,2.0,2.0,0.0,15,0.05,1,0,0,8
13565,2.0,2.0,0.0,15,0.05,1,0,0,7
13566,2.0,2.0,0.0,15,0.05,1,0,0,4
13567,2.0,2.0,0.0,15,0.05,1,0,0,6
13568,2.0,2.0,0.0,15,0.05,1,0,0,2
13569,2.0,2.0,0.0,15,0.05,1,0,0,7
13570,2.0,2.0,0.0,19,0.05,1,0,0,5
13571,0.0,0.0,0.0,13,0.05,0,1,0,7
13572,2.0,2.0,0.0,17,0.05,1,0,0,7
13573,2.0,2.0,0.0,17,0.05,1,0,0,6
13574,2.0,2.0,0.0,15,0.05,1,0,0,5
13575,2.0,2.0,0.0,15,0.05,1,0,0,2
13576,2.0,2.0,0.0,15,0.05,1,0,0,5
13577,2.0,2.0,0.0,15,0.05,1,0,0,6
13578,2.0,2.0,0.0,15,0.05,1,0,0,8
13579,2.0,2.0,0.0,15,0.05,1,0,0,8
13580,2.0,2.0,0.0,15,0.05,1,0,0,7
13581,2.0,2.0,0.0,16,0.05,1,0,0,6
13582,2.0,2.0,0.0,17,0.05,1,0,0,5
13583,2.0,2.0,0.0,15,0.05,1,0,0,4
13584,2.0,2.0,0.0,17,0.05,1,0,0,8
13585,2.0,2.0,0.0,17,0.05,1,0,0,6
13586,2.0,2.0,0.0,16,0.05,1,0,0,6
13587,2.0,2.0,0.0,15,0.05,1,0,0,5
13588,2.0,2.0,0.0,15,0.05,1,0,0,7
13589,2.0,2.0,0.0,17,0.05,1,0,0,7
13590,2.0,2.0,0.0,17,0.05,1,0,0,6
13591,2.0,2.0,0.0,16,0.05,1,0,0,6
13592,2.0,2.0,0.0,15,0.05,1,0,0,10
13593,2.0,2.0,0.0,16,0.05,1,0,0,5
13594,2.0,2.0,0.0,15,0.05,1,0,0,4
13595,2.0,2.0,0.0,15,0.05,1,0,0,3
13596,2.0,2.0,0.0,15,0.05,1,0,0,4
13597,2.0,2.0,0.0,15,0.05,1,0,0,6
13598,2.0,2.0,0.0,15,0.05,1,0,0,6
13599,2.0,2.0,0.0,16,0.05,1,0,0,6
13600,2.0,2.0,0.0,17,0.05,1,0,0,7
13601,2.0,2.0,0.0,15,0.05,1,0,0,7
13602,2.0,2.0,0.0,15,0.05,1,0,0,5
13603,2.0,2.0,0.0,15,0.05,1,0,0,7
13604,2.0,2.0,0.0,15,0.05,1,0,0,4
13605,2.0,2.0,0.0,15,0.05,1,0,0,4
13606,2.0,2.0,0.0,15,0.05,1,0,0,7
13607,2.0,2.0,0.0,15,0.05,1,0,0,4
13608,2.0,2.0,0.0,15,0.05,1,0,0,4
13609,2.0,2.0,0.0,19,0.05,1,0,0,3
13610,2.0,2.0,0.0,15,0.05,1,0,0,5
13611,2.0,2.0,0.0,15,0.05,1,0,0,7
13612,2.0,2.0,0.0,17,0.05,1,0,0,6
13613,2.0,2.0,0.0,15,0.05,1,0,0,6
13614,2.0,2.0,0.0,16,0.05,1,0,0,6
13615,2.0,2.0,0.0,15,0.05,1,0,0,5
13616,2.0,2.0,0.0,15,0.05,1,0,0,6
13617,2.0,2.0,0.0,17,0.05,1,0,0,11
13618,2.0,2.0,0.0,17,0.05,1,0,0,4
13619,2.0,2.0,0.0,15,0.05,1,0,0,7
13620,2.0,2.0,0.0,15,0.05,1,0,0,9
13621,2.0,2.0,0.0,17,0.05,1,0,0,8
13622,2.0,2.0,0.0,17,0.05,1,0,0,5
13623,2.0,2.0,0.0,15,0.05,1,0,0,4
13624,2.0,2.0,0.0,17,0.05,1,0,0,6
13625,2.0,2.0,0.0,17,0.05,1,0,0,4
13626,2.0,2.0,0.0,15,0.05,1,0,0,5
13627,2.0,2.0,0.0,15,0.05,1,0,0,6
13628,2.0,2.0,0.0,16,0.05,1,0,0,7
13629,2.0,2.0,0.0,15,0.05,1,0,0,5
13630,2.0,2.0,0.0,15,0.05,1,0,0,4
13631,2.0,2.0,0.0,15,0.05,1,0,0,6
13632,2.0,2.0,0.0,17,0.05,1,0,0,7
13633,2.0,2.0,0.0,15,0.05,1,0,0,7
13634,2.0,2.0,0.0,15,0.05,1,0,0,5
13635,2.0,2.0,0.0,16,0.05,1,0,0,11
13636,2.0,2.0,0.0,17,0.05,1,0,0,10
13637,2.0,2.0,0.0,15,0.05,1,0,0,6
13638,2.0,2.0,0.0,15,0.05,1,0,0,8
13639,2.0,2.0,0.0,16,0.05,1,0,0,7
13640,2.0,2.0,0.0,15,0.05,1,0,0,4
13641,2.0,2.0,0.0,15,0.05,1,0,0,3
13642,2.0,2.0,0.0,15,0.05,1,0,0,7
13643,2.0,2.0,0.0,16,0.05,1,0,0,7
13644,2.0,2.0,0.0,16,0.05,1,0,0,5
13645,2.0,2.0,0.0,15,0.05,1,0,0,2
13646,2.0,2.0,0.0,15,0.05,1,0,0,5
13647,2.0,2.0,0.0,15,0.05,1,0,0,6
13648,2.0,2.0,0.0,15,0.05,1,0,0,6
13649,2.0,2.0,0.0,15,0.05,1,0,0,6
13650,2.0,2.0,0.0,19,0.05,1,0,0,4
13651,2.0,2.0,0.0,17,0.05,1,0,0,7
13652,2.0,2.0,0.0,15,0.05,1,0,0,7
13653,2.0,2.0,0.0,15,0.05,1,0,0,7
13654,2.0,2.0,0.0,17,0.05,1,0,0,7
13655,2.0,2.0,0.0,17,0.05,1,0,0,7
13656,2.0,2.0,0.0,15,0.05,1,0,0,6
13657,2.0,2.0,0.0,17,0.05,1,0,0,6
13658,2.0,2.0,0.0,15,0.05,1,0,0,9
13659,2.0,2.0,0.0,15,0.05,1,0,0,8
13660,2.0,2.0,0.0,15,0.05,1,0,0,8
13661,2.0,2.0,0.0,15,0.05,1,0,0,3
13662,2.0,2.0,0.0,17,0.05,1,0,0,5
13663,2.0,2.0,0.0,15,0.05,1,0,0,7
13664,2.0,2.0,0.0,17,0.05,1,0,0,6
13665,2.0,2.0,0.0,15,0.05,1,0,0,3
13666,2.0,2.0,0.0,17,0.05,1,0,0,8
13667,2.0,2.0,0.0,15,0.05,1,0,0,6
13668,2.0,2.0,0.0,15,0.05,1,0,0,8
13669,2.0,2.0,0.0,17,0.05,1,0,0,8
13670,2.0,2.0,0.0,17,0.05,1,0,0,3
13671,2.0,2.0,0.0,15,0.05,1,0,0,5
13672,2.0,2.0,0.0,17,0.05,1,0,0,6
13673,2.0,2.0,0.0,15,0.05,1,0,0,3
13674,2.0,2.0,0.0,16,0.05,1,0,0,5
13675,2.0,2.0,0.0,19,0.05,1,0,0,8
13676,2.0,2.0,0.0,15,0.05,1,0,0,2
13677,2.0,2.0,0.0,15,0.05,1,0,0,6
13678,2.0,2.0,0.0,15,0.05,1,0,0,6
13679,2.0,2.0,0.0,17,0.05,1,0,0,8
13680,2.0,2.0,0.0,15,0.05,1,0,0,8
13681,2.0,2.0,0.0,15,0.05,1,0,0,2
13682,2.0,2.0,0.0,15,0.05,1,0,0,7
13683,2.0,2.0,0.0,17,0.05,1,0,0,6
13684,2.0,2.0,0.0,15,0.05,1,0,0,7
13685,2.0,2.0,0.0,17,0.05,1,0,0,8
13686,2.0,2.0,0.0,19,0.05,1,0,0,10
13687,2.0,2.0,0.0,16,0.05,1,0,0,5
13688,2.0,2.0,0.0,15,0.05,1,0,0,7
13689,2.0,2.0,0.0,18,0.05,1,0,0,4
13690,2.0,2.0,0.0,15,0.05,1,0,0,6
13691,2.0,2.0,0.0,15,0.05,1,0,0,6
13692,2.0,2.0,0.0,15,0.05,1,0,0,6
13693,2.0,2.0,0.0,19,0.05,1,0,0,9
13694,2.0,2.0,0.0,15,0.05,1,0,0,9
13695,2.0,2.0,0.0,17,0.05,1,0,0,6
13696,2.0,2.0,0.0,15,0.05,1,0,0,4
13697,2.0,2.0,0.0,17,0.05,1,0,0,6
13698,2.0,2.0,0.0,15,0.05,1,0,0,8
13699,2.0,2.0,0.0,21,0.05,1,0,0,10
13700,2.0,2.0,0.0,15,0.05,1,0,0,2
13701,2.0,2.0,0.0,17,0.05,1,0,0,5
13702,2.0,2.0,0.0,15,0.05,1,0,0,5
13703,2.0,2.0,0.0,15,0.05,1,0,0,6
13704,2.0,2.0,0.0,15,0.05,1,0,0,3
13705,2.0,2.0,0.0,17,0.05,1,0,0,8
13706,2.0,2.0,0.0,15,0.05,1,0,0,6
13707,2.0,2.0,0.0,15,0.05,1,0,0,9
13708,2.0,2.0,0.0,17,0.05,1,0,0,9
13709,2.0,2.0,0.0,15,0.05,1,0,0,4
13710,2.0,2.0,0.0,15,0.05,1,0,0,6
13711,2.0,2.0,0.0,15,0.05,1,0,0,7
13712,2.0,2.0,0.0,15,0.05,1,0,0,9
13713,2.0,2.0,0.0,15,0.05,1,0,0,4
13714,2.0,2.0,0.0,15,0.05,1,0,0,5
13715,2.0,2.0,0.0,17,0.05,1,0,0,7
13716,2.0,2.0,0.0,17,0.05,1,0,0,11
13717,2.0,2.0,0.0,17,0.05,1,0,0,1
13718,2.0,2.0,0.0,15,0.05,1,0,0,5
13719,2.0,2.0,0.0,17,0.05,1,0,0,8
13720,2.0,2.0,0.0,15,0.05,1,0,0,6
13721,2.0,2.0,0.0,17,0.05,1,0,0,9
13722,2.0,2.0,0.0,17,0.05,1,0,0,3
13723,2.0,2.0,0.0,15,0.05,1,0,0,3
13724,2.0,2.0,0.0,15,0.05,1,0,0,7
13725,2.0,2.0,0.0,17,0.05,1,0,0,5
13726,2.0,2.0,0.0,20,0.05,1,0,0,6
13727,2.0,2.0,0.0,15,0.05,1,0,0,4
13728,2.0,2.0,0.0,15,0.05,1,0,0,6
13729,2.0,2.0,0.0,15,0.05,1,0,0,9
13730,2.0,2.0,0.0,15,0.05,1,0,0,6
13731,2.0,2.0,0.0,17,0.05,1,0,0,4
13732,2.0,2.0,0.0,15,0.05,1,0,0,5
13733,2.0,2.0,0.0,19,0.05,1,0,0,5
13734,2.0,2.0,0.0,17,0.05,1,0,0,7
13735,2.0,2.0,0.0,15,0.05,1,0,0,7
13736,2.0,2.0,0.0,15,0.05,1,0,0,6
13737,2.0,2.0,0.0,15,0.05,1,0,0,8
13738,2.0,2.0,0.0,15,0.05,1,0,0,4
13739,2.0,2.0,0.0,15,0.05,1,0,0,7
13740,2.0,2.0,0.0,15,0.05,1,0,0,7
13741,2.0,2.0,0.0,17,0.05,1,0,0,5
13742,2.0,2.0,0.0,15,0.05,1,0,0,6
13743,2.0,2.0,0.0,18,0.05,1,0,0,6
13744,2.0,2.0,0.0,17,0.05,1,0,0,1
13745,2.0,2.0,0.0,15,0.05,1,0,0,5
13746,2.0,2.0,0.0,17,0.05,1,0,0,4
13747,2.0,2.0,0.0,17,0.05,1,0,0,6
13748,2.0,2.0,0.0,18,0.05,1,0,0,7
13749,2.0,2.0,0.0,15,0.05,1,0,0,7
13750,2.0,2.0,0.0,15,0.05,1,0,0,4
13751,2.0,2.0,0.0,15,0.05,1,0,0,4
13752,2.0,2.0,0.0,16,0.05,1,0,0,5
13753,2.0,2.0,0.0,15,0.05,1,0,0,7
13754,2.0,2.0,0.0,19,0.05,1,0,0,8
13755,2.0,2.0,0.0,15,0.05,1,0,0,7
13756,2.0,2.0,0.0,17,0.05,1,0,0,5
13757,2.0,2.0,0.0,15,0.05,1,0,0,5
13758,2.0,2.0,0.0,15,0.05,1,0,0,6
13759,2.0,2.0,0.0,15,0.05,1,0,0,3
13760,2.0,2.0,0.0,17,0.05,1,0,0,3
13761,2.0,2.0,0.0,15,0.05,1,0,0,6
13762,2.0,2.0,0.0,15,0.05,1,0,0,10
13763,2.0,2.0,0.0,15,0.05,1,0,0,6
13764,2.0,2.0,0.0,17,0.05,1,0,0,7
13765,2.0,2.0,0.0,15,0.05,1,0,0,4
13766,2.0,2.0,0.0,15,0.05,1,0,0,6
13767,2.0,2.0,0.0,15,0.05,1,0,0,7
13768,2.0,2.0,0.0,16,0.05,1,0,0,4
13769,2.0,2.0,0.0,15,0.05,1,0,0,3
13770,2.0,2.0,0.0,15,0.05,1,0,0,6
13771,2.0,2.0,0.0,17,0.05,1,0,0,5
13772,2.0,2.0,0.0,16,0.05,1,0,0,3
13773,2.0,2.0,0.0,17,0.05,1,0,0,5
13774,2.0,2.0,0.0,19,0.05,1,0,0,4
13775,2.0,2.0,0.0,15,0.05,1,0,0,4
13776,2.0,2.0,0.0,15,0.05,1,0,0,5
13777,2.0,2.0,0.0,17,0.05,1,0,0,5
13778,2.0,2.0,0.0,15,0.05,1,0,0,4
13779,2.0,2.0,0.0,16,0.05,1,0,0,4
13780,2.0,2.0,0.0,15,0.05,1,0,0,6
13781,2.0,2.0,0.0,15,0.05,1,0,0,2
13782,2.0,2.0,0.0,15,0.05,1,0,0,7
13783,2.0,2.0,0.0,15,0.05,1,0,0,4
13784,2.0,2.0,0.0,15,0.05,1,0,0,2
13785,2.0,2.0,0.0,19,0.05,1,0,0,6
13786,2.0,2.0,0.0,15,0.05,1,0,0,3
13787,2.0,2.0,0.0,16,0.05,1,0,0,5
13788,2.0,2.0,0.0,17,0.05,1,0,0,5
13789,2.0,2.0,0.0,15,0.05,1,0,0,7
13790,2.0,2.0,0.0,15,0.05,1,0,0,5
13791,2.0,2.0,0.0,16,0.05,1,0,0,7
13792,2.0,2.0,0.0,17,0.05,1,0,0,9
13793,2.0,2.0,0.0,17,0.05,1,0,0,9
13794,2.0,2.0,0.0,15,0.05,1,0,0,9
13795,2.0,2.0,0.0,17,0.05,1,0,0,9
13796,2.0,2.0,0.0,17,0.05,1,0,0,8
13797,2.0,2.0,0.0,15,0.05,1,0,0,4
13798,2.0,2.0,0.0,15,0.05,1,0,0,7
13799,2.0,2.0,0.0,15,0.05,1,0,0,9
13800,2.0,2.0,0.0,15,0.05,1,0,0,6
13801,2.0,2.0,0.0,17,0.05,1,0,0,3
13802,2.0,2.0,0.0,15,0.05,1,0,0,4
13803,2.0,2.0,0.0,15,0.05,1,0,0,6
13804,2.0,2.0,0.0,15,0.05,1,0,0,4
13805,2.0,2.0,0.0,17,0.05,1,0,0,6
13806,2.0,2.0,0.0,19,0.05,1,0,0,7
13807,2.0,2.0,0.0,15,0.05,1,0,0,3
13808,2.0,2.0,0.0,15,0.05,1,0,0,6
13809,2.0,2.0,0.0,15,0.05,1,0,0,5
13810,2.0,2.0,0.0,15,0.05,1,0,0,3
13811,2.0,2.0,0.0,15,0.05,1,0,0,5
13812,2.0,2.0,0.0,15,0.05,1,0,0,6
13813,2.0,2.0,0.0,15,0.05,1,0,0,3
13814,2.0,2.0,0.0,15,0.05,1,0,0,6
13815,2.0,2.0,0.0,15,0.05,1,0,0,5
13816,2.0,2.0,0.0,17,0.05,1,0,0,6
13817,2.0,2.0,0.0,15,0.05,1,0,0,7
13818,2.0,2.0,0.0,15,0.05,1,0,0,7
13819,2.0,2.0,0.0,15,0.05,1,0,0,5
13820,2.0,2.0,0.0,15,0.05,1,0,0,6
13821,2.0,2.0,0.0,15,0.05,1,0,0,4
13822,2.0,2.0,0.0,15,0.05,1,0,0,3
13823,2.0,2.0,0.0,17,0.05,1,0,0,7
13824,2.0,2.0,0.0,15,0.05,1,0,0,5
13825,2.0,2.0,0.0,17,0.05,1,0,0,7
13826,2.0,2.0,0.0,15,0.05,1,0,0,6
13827,2.0,2.0,0.0,15,0.05,1,0,0,5
13828,2.0,2.0,0.0,17,0.05,1,0,0,8
13829,2.0,2.0,0.0,15,0.05,1,0,0,5
13830,2.0,2.0,0.0,15,0.05,1,0,0,5
13831,2.0,2.0,0.0,17,0.05,1,0,0,7
13832,2.0,2.0,0.0,17,0.05,1,0,0,5
13833,2.0,2.0,0.0,15,0.05,1,0,0,6
13834,2.0,2.0,0.0,15,0.05,1,0,0,2
13835,2.0,2.0,0.0,18,0.05,1,0,0,9
13836,2.0,2.0,0.0,15,0.05,1,0,0,6
13837,2.0,2.0,0.0,17,0.05,1,0,0,8
13838,2.0,2.0,0.0,15,0.05,1,0,0,8
13839,2.0,2.0,0.0,17,0.05,1,0,0,1
13840,2.0,2.0,0.0,20,0.05,1,0,0,6
13841,2.0,2.0,0.0,16,0.05,1,0,0,5
13842,2.0,2.0,0.0,15,0.05,1,0,0,5
13843,2.0,2.0,0.0,15,0.05,1,0,0,6
13844,2.0,2.0,0.0,17,0.05,1,0,0,5
13845,2.0,2.0,0.0,15,0.05,1,0,0,5
13846,2.0,2.0,0.0,15,0.05,1,0,0,4
13847,2.0,2.0,0.0,16,0.05,1,0,0,4
13848,2.0,2.0,0.0,15,0.05,1,0,0,4
13849,2.0,2.0,0.0,15,0.05,1,0,0,7
13850,2.0,2.0,0.0,15,0.05,1,0,0,6
13851,2.0,2.0,0.0,15,0.05,1,0,0,7
13852,2.0,2.0,0.0,16,0.05,1,0,0,6
13853,2.0,2.0,0.0,15,0.05,1,0,0,4
13854,2.0,2.0,0.0,15,0.05,1,0,0,4
13855,2.0,2.0,0.0,15,0.05,1,0,0,8
13856,2.0,2.0,0.0,15,0.05,1,0,0,3
13857,2.0,2.0,0.0,15,0.05,1,0,0,4
13858,2.0,2.0,0.0,15,0.05,1,0,0,8
13859,2.0,2.0,0.0,15,0.05,1,0,0,8
13860,2.0,2.0,0.0,15,0.05,1,0,0,5
13861,2.0,2.0,0.0,17,0.05,1,0,0,4
13862,2.0,2.0,0.0,17,0.05,1,0,0,7
13863,2.0,2.0,0.0,15,0.05,1,0,0,4
13864,2.0,2.0,0.0,15,0.05,1,0,0,6
13865,2.0,2.0,0.0,17,0.05,1,0,0,4
13866,2.0,2.0,0.0,15,0.05,1,0,0,6
13867,2.0,2.0,0.0,15,0.05,1,0,0,6
13868,2.0,2.0,0.0,15,0.05,1,0,0,5
13869,2.0,2.0,0.0,15,0.05,1,0,0,3
13870,2.0,2.0,0.0,15,0.05,1,0,0,5
13871,2.0,2.0,0.0,17,0.05,1,0,0,6
13872,2.0,2.0,0.0,17,0.05,1,0,0,8
13873,2.0,2.0,0.0,15,0.05,1,0,0,9
13874,2.0,2.0,0.0,15,0.05,1,0,0,4
13875,2.0,2.0,0.0,16,0.05,1,0,0,6
13876,2.0,2.0,0.0,21,0.05,1,0,0,9
13877,2.0,2.0,0.0,17,0.05,1,0,0,7
13878,2.0,2.0,0.0,17,0.05,1,0,0,8
13879,2.0,2.0,0.0,16,0.05,1,0,0,5
13880,2.0,2.0,0.0,15,0.05,1,0,0,4
13881,2.0,2.0,0.0,17,0.05,1,0,0,4
13882,2.0,2.0,0.0,17,0.05,1,0,0,2
13883,2.0,2.0,0.0,15,0.05,1,0,0,5
13884,2.0,2.0,0.0,15,0.05,1,0,0,5
13885,2.0,2.0,0.0,17,0.05,1,0,0,4
13886,2.0,2.0,0.0,15,0.05,1,0,0,8
13887,2.0,2.0,0.0,18,0.05,1,0,0,6
13888,2.0,2.0,0.0,15,0.05,1,0,0,4
13889,2.0,2.0,0.0,15,0.05,1,0,0,2
13890,2.0,2.0,0.0,17,0.05,1,0,0,7
13891,2.0,2.0,0.0,16,0.05,1,0,0,4
13892,2.0,2.0,0.0,15,0.05,1,0,0,6
13893,2.0,2.0,0.0,17,0.05,1,0,0,7
13894,2.0,2.0,0.0,17,0.05,1,0,0,2
13895,2.0,2.0,0.0,18,0.05,1,0,0,6
13896,2.0,2.0,0.0,18,0.05,1,0,0,8
13897,2.0,2.0,0.0,17,0.05,1,0,0,9
13898,2.0,2.0,0.0,16,0.05,1,0,0,4
13899,2.0,2.0,0.0,17,0.05,1,0,0,7
13900,2.0,2.0,0.0,15,0.05,1,0,0,5
13901,2.0,2.0,0.0,20,0.05,1,0,0,2
13902,2.0,2.0,0.0,19,0.05,1,0,0,7
13903,2.0,2.0,0.0,15,0.05,1,0,0,5
13904,2.0,2.0,0.0,15,0.05,1,0,0,7
13905,2.0,2.0,0.0,15,0.05,1,0,0,7
13906,2.0,2.0,0.0,15,0.05,1,0,0,7
13907,2.0,2.0,0.0,15,0.05,1,0,0,7
13908,2.0,2.0,0.0,16,0.05,1,0,0,9
13909,2.0,2.0,0.0,15,0.05,1,0,0,6
13910,2.0,2.0,0.0,15,0.05,1,0,0,8
13911,2.0,2.0,0.0,17,0.05,1,0,0,2
13912,2.0,2.0,0.0,15,0.05,1,0,0,3
13913,2.0,2.0,0.0,15,0.05,1,0,0,5
13914,2.0,2.0,0.0,15,0.05,1,0,0,5
13915,2.0,2.0,0.0,17,0.05,1,0,0,3
13916,2.0,2.0,0.0,19,0.05,1,0,0,9
13917,2.0,2.0,0.0,15,0.05,1,0,0,7
13918,2.0,2.0,0.0,15,0.05,1,0,0,5
13919,2.0,2.0,0.0,15,0.05,1,0,0,7
13920,2.0,2.0,0.0,17,0.05,1,0,0,7
13921,2.0,2.0,0.0,16,0.05,1,0,0,7
13922,2.0,2.0,0.0,17,0.05,1,0,0,6
13923,2.0,2.0,0.0,15,0.05,1,0,0,3
13924,2.0,2.0,0.0,17,0.05,1,0,0,9
13925,2.0,2.0,0.0,15,0.05,1,0,0,4
13926,2.0,2.0,0.0,15,0.05,1,0,0,5
13927,2.0,2.0,0.0,19,0.05,1,0,0,9
13928,2.0,2.0,0.0,17,0.05,1,0,0,4
13929,2.0,2.0,0.0,15,0.05,1,0,0,3
13930,2.0,2.0,0.0,17,0.05,1,0,0,8
13931,2.0,2.0,0.0,15,0.05,1,0,0,4
13932,2.0,2.0,0.0,15,0.05,1,0,0,3
13933,2.0,2.0,0.0,17,0.05,1,0,0,4
13934,2.0,2.0,0.0,15,0.05,1,0,0,7
13935,2.0,2.0,0.0,15,0.05,1,0,0,5
13936,2.0,2.0,0.0,15,0.05,1,0,0,6
13937,2.0,2.0,0.0,15,0.05,1,0,0,5
13938,2.0,2.0,0.0,17,0.05,1,0,0,4
13939,2.0,2.0,0.0,15,0.05,1,0,0,7
13940,2.0,2.0,0.0,15,0.05,1,0,0,5
13941,2.0,2.0,0.0,15,0.05,1,0,0,7
13942,2.0,2.0,0.0,16,0.05,1,0,0,5
13943,2.0,2.0,0.0,15,0.05,1,0,0,6
13944,2.0,2.0,0.0,16,0.05,1,0,0,12
13945,2.0,2.0,0.0,17,0.05,1,0,0,6
13946,2.0,2.0,0.0,15,0.05,1,0,0,7
13947,2.0,2.0,0.0,15,0.05,1,0,0,6
13948,2.0,2.0,0.0,17,0.05,1,0,0,6
13949,2.0,2.0,0.0,15,0.05,1,0,0,7
13950,2.0,2.0,0.0,15,0.05,1,0,0,6
13951,2.0,2.0,0.0,19,0.05,1,0,0,6
13952,2.0,2.0,0.0,15,0.05,1,0,0,7
13953,2.0,2.0,0.0,17,0.05,1,0,0,6
13954,2.0,2.0,0.0,16,0.05,1,0,0,2
13955,2.0,2.0,0.0,17,0.05,1,0,0,6
13956,2.0,2.0,0.0,15,0.05,1,0,0,3
13957,2.0,2.0,0.0,15,0.05,1,0,0,4
13958,2.0,2.0,0.0,15,0.05,1,0,0,4
13959,2.0,2.0,0.0,17,0.05,1,0,0,5
13960,2.0,2.0,0.0,19,0.05,1,0,0,12
13961,2.0,2.0,0.0,16,0.05,1,0,0,6
13962,2.0,2.0,0.0,17,0.05,1,0,0,5
13963,2.0,2.0,0.0,15,0.05,1,0,0,5
13964,2.0,2.0,0.0,15,0.05,1,0,0,8
13965,2.0,2.0,0.0,15,0.05,1,0,0,4
13966,2.0,2.0,0.0,15,0.05,1,0,0,5
13967,2.0,2.0,0.0,15,0.05,1,0,0,7
13968,2.0,2.0,0.0,16,0.05,1,0,0,9
13969,2.0,2.0,0.0,18,0.05,1,0,0,10
13970,2.0,2.0,0.0,15,0.05,1,0,0,5
13971,2.0,2.0,0.0,18,0.05,1,0,0,6
13972,2.0,2.0,0.0,15,0.05,1,0,0,8
13973,2.0,2.0,0.0,15,0.05,1,0,0,6
13974,2.0,2.0,0.0,15,0.05,1,0,0,7
13975,2.0,2.0,0.0,16,0.05,1,0,0,7
13976,2.0,2.0,0.0,15,0.05,1,0,0,4
13977,2.0,2.0,0.0,15,0.05,1,0,0,7
13978,2.0,2.0,0.0,19,0.05,1,0,0,7
13979,2.0,2.0,0.0,15,0.05,1,0,0,4
13980,2.0,2.0,0.0,17,0.05,1,0,0,2
13981,2.0,2.0,0.0,15,0.05,1,0,0,3
13982,2.0,2.0,0.0,17,0.05,1,0,0,7
13983,2.0,2.0,0.0,17,0.05,1,0,0,6
13984,2.0,2.0,0.0,17,0.05,1,0,0,9
13985,2.0,2.0,0.0,15,0.05,1,0,0,7
13986,2.0,2.0,0.0,15,0.05,1,0,0,6
13987,2.0,2.0,0.0,15,0.05,1,0,0,9
13988,2.0,2.0,0.0,15,0.05,1,0,0,5
13989,2.0,2.0,0.0,17,0.05,1,0,0,7
13990,2.0,2.0,0.0,19,0.05,1,0,0,8
13991,2.0,2.0,0.0,15,0.05,1,0,0,6
13992,2.0,2.0,0.0,15,0.05,1,0,0,6
13993,2.0,2.0,0.0,15,0.05,1,0,0,6
13994,2.0,2.0,0.0,15,0.05,1,0,0,6
13995,2.0,2.0,0.0,15,0.05,1,0,0,6
13996,2.0,2.0,0.0,15,0.05,1,0,0,5
13997,2.0,2.0,0.0,19,0.05,1,0,0,7
13998,2.0,2.0,0.0,17,0.05,1,0,0,7
13999,2.0,2.0,0.0,15,0.05,1,0,0,8
14000,2.0,2.0,0.0,17,0.05,1,0,0,2
14001,2.0,2.0,0.0,17,0.05,1,0,0,4
14002,2.0,2.0,0.0,15,0.05,1,0,0,4
14003,2.0,2.0,0.0,17,0.05,1,0,0,7
14004,2.0,2.0,0.0,15,0.05,1,0,0,6
14005,2.0,2.0,0.0,15,0.05,1,0,0,4
14006,2.0,2.0,0.0,17,0.05,1,0,0,5
14007,2.0,2.0,0.0,15,0.05,1,0,0,8
14008,2.0,2.0,0.0,15,0.05,1,0,0,5
14009,2.0,2.0,0.0,17,0.05,1,0,0,5
14010,2.0,2.0,0.0,16,0.05,1,0,0,8
14011,2.0,2.0,0.0,17,0.05,1,0,0,4
14012,2.0,2.0,0.0,15,0.05,1,0,0,5
14013,2.0,2.0,0.0,15,0.05,1,0,0,7
14014,2.0,2.0,0.0,16,0.05,1,0,0,7
14015,2.0,2.0,0.0,15,0.05,1,0,0,6
14016,2.0,2.0,0.0,15,0.05,1,0,0,5
14017,2.0,2.0,0.0,15,0.05,1,0,0,6
14018,2.0,2.0,0.0,15,0.05,1,0,0,3
14019,2.0,2.0,0.0,15,0.05,1,0,0,3
14020,2.0,2.0,0.0,15,0.05,1,0,0,5
14021,2.0,2.0,0.0,15,0.05,1,0,0,6
14022,2.0,2.0,0.0,15,0.05,1,0,0,6
14023,2.0,2.0,0.0,15,0.05,1,0,0,6
14024,2.0,2.0,0.0,17,0.05,1,0,0,7
14025,2.0,2.0,0.0,17,0.05,1,0,0,6
14026,2.0,2.0,0.0,19,0.05,1,0,0,6
14027,2.0,2.0,0.0,15,0.05,1,0,0,7
14028,2.0,2.0,0.0,17,0.05,1,0,0,4
14029,2.0,2.0,0.0,15,0.05,1,0,0,4
14030,2.0,2.0,0.0,15,0.05,1,0,0,6
14031,2.0,2.0,0.0,15,0.05,1,0,0,4
14032,2.0,2.0,0.0,15,0.05,1,0,0,6
14033,2.0,2.0,0.0,15,0.05,1,0,0,3
14034,2.0,2.0,0.0,17,0.05,1,0,0,7
14035,2.0,2.0,0.0,15,0.05,1,0,0,10
14036,2.0,2.0,0.0,15,0.05,1,0,0,5
14037,2.0,2.0,0.0,17,0.05,1,0,0,4
14038,2.0,2.0,0.0,17,0.05,1,0,0,7
14039,2.0,2.0,0.0,15,0.05,1,0,0,2
14040,2.0,2.0,0.0,15,0.05,1,0,0,7
14041,2.0,2.0,0.0,19,0.05,1,0,0,8
14042,2.0,2.0,0.0,15,0.05,1,0,0,6
14043,2.0,2.0,0.0,15,0.05,1,0,0,3
14044,2.0,2.0,0.0,15,0.05,1,0,0,5
14045,2.0,2.0,0.0,15,0.05,1,0,0,3
14046,2.0,2.0,0.0,15,0.05,1,0,0,4
14047,2.0,2.0,0.0,15,0.05,1,0,0,5
14048,2.0,2.0,0.0,16,0.05,1,0,0,5
14049,2.0,2.0,0.0,17,0.05,1,0,0,9
14050,2.0,2.0,0.0,15,0.05,1,0,0,5
14051,2.0,2.0,0.0,21,0.05,1,0,0,11
14052,2.0,2.0,0.0,16,0.05,1,0,0,8
14053,2.0,2.0,0.0,15,0.05,1,0,0,4
14054,2.0,2.0,0.0,17,0.05,1,0,0,2
14055,1.0,1.0,0.0,17,0.05,0,1,0,9
14056,2.0,2.0,0.0,16,0.05,1,0,0,7
14057,2.0,2.0,0.0,15,0.05,1,0,0,7
14058,2.0,2.0,0.0,15,0.05,1,0,0,5
14059,2.0,2.0,0.0,21,0.05,1,0,0,7
14060,2.0,2.0,0.0,17,0.05,1,0,0,6
14061,2.0,2.0,0.0,15,0.05,1,0,0,4
14062,2.0,2.0,0.0,17,0.05,1,0,0,6
14063,2.0,2.0,0.0,19,0.05,1,0,0,7
14064,2.0,2.0,0.0,17,0.05,1,0,0,7
14065,2.0,2.0,0.0,17,0.05,1,0,0,8
14066,2.0,2.0,0.0,15,0.05,1,0,0,5
14067,2.0,2.0,0.0,15,0.05,1,0,0,4
14068,2.0,2.0,0.0,16,0.05,1,0,0,7
14069,2.0,2.0,0.0,15,0.05,1,0,0,3
14070,2.0,2.0,0.0,15,0.05,1,0,0,9
14071,2.0,2.0,0.0,17,0.05,1,0,0,4
14072,2.0,2.0,0.0,17,0.05,1,0,0,6
14073,2.0,2.0,0.0,15,0.05,1,0,0,5
14074,2.0,2.0,0.0,17,0.05,1,0,0,4
14075,2.0,2.0,0.0,15,0.05,1,0,0,6
14076,2.0,2.0,0.0,15,0.05,1,0,0,8
14077,2.0,2.0,0.0,16,0.05,1,0,0,7
14078,2.0,2.0,0.0,15,0.05,1,0,0,7
14079,2.0,2.0,0.0,15,0.05,1,0,0,5
14080,2.0,2.0,0.0,17,0.05,1,0,0,7
14081,2.0,2.0,0.0,15,0.05,1,0,0,5
14082,2.0,2.0,0.0,19,0.05,1,0,0,7
14083,2.0,2.0,0.0,15,0.05,1,0,0,5
14084,2.0,2.0,0.0,17,0.05,1,0,0,4
14085,2.0,2.0,0.0,15,0.05,1,0,0,4
14086,2.0,2.0,0.0,15,0.05,1,0,0,9
14087,2.0,2.0,0.0,17,0.05,1,0,0,8
14088,2.0,2.0,0.0,19,0.05,1,0,0,4
14089,2.0,2.0,0.0,15,0.05,1,0,0,7
14090,2.0,2.0,0.0,15,0.05,1,0,0,4
14091,2.0,2.0,0.0,15,0.05,1,0,0,8
14092,2.0,2.0,0.0,15,0.05,1,0,0,9
14093,2.0,2.0,0.0,16,0.05,1,0,0,7
14094,2.0,2.0,0.0,15,0.05,1,0,0,3
14095,2.0,2.0,0.0,15,0.05,1,0,0,7
14096,2.0,2.0,0.0,17,0.05,1,0,0,8
14097,2.0,2.0,0.0,19,0.05,1,0,0,11
14098,2.0,2.0,0.0,15,0.05,1,0,0,6
14099,2.0,2.0,0.0,17,0.05,1,0,0,6
14100,2.0,2.0,0.0,15,0.05,1,0,0,3
14101,2.0,2.0,0.0,15,0.05,1,0,0,4
14102,2.0,2.0,0.0,17,0.05,1,0,0,9
14103,2.0,2.0,0.0,15,0.05,1,0,0,7
14104,2.0,2.0,0.0,17,0.05,1,0,0,4
14105,2.0,2.0,0.0,15,0.05,1,0,0,5
14106,2.0,2.0,0.0,15,0.05,1,0,0,4
14107,2.0,2.0,0.0,15,0.05,1,0,0,5
14108,2.0,2.0,0.0,15,0.05,1,0,0,4
14109,2.0,2.0,0.0,15,0.05,1,0,0,3
14110,2.0,2.0,0.0,15,0.05,1,0,0,6
14111,2.0,2.0,0.0,17,0.05,1,0,0,4
14112,2.0,2.0,0.0,17,0.05,1,0,0,6
14113,2.0,2.0,0.0,15,0.05,1,0,0,5
14114,2.0,2.0,0.0,19,0.05,1,0,0,10
14115,2.0,2.0,0.0,16,0.05,1,0,0,9
14116,2.0,2.0,0.0,15,0.05,1,0,0,3
14117,2.0,2.0,0.0,15,0.05,1,0,0,7
14118,2.0,2.0,0.0,16,0.05,1,0,0,10
14119,2.0,2.0,0.0,15,0.05,1,0,0,7
14120,2.0,2.0,0.0,17,0.05,1,0,0,3
14121,2.0,2.0,0.0,16,0.05,1,0,0,4
14122,2.0,2.0,0.0,15,0.05,1,0,0,5
14123,2.0,2.0,0.0,15,0.05,1,0,0,7
14124,2.0,2.0,0.0,15,0.05,1,0,0,7
14125,2.0,2.0,0.0,15,0.05,1,0,0,6
14126,2.0,2.0,0.0,16,0.05,1,0,0,8
14127,2.0,2.0,0.0,15,0.05,1,0,0,7
14128,2.0,2.0,0.0,15,0.05,1,0,0,7
14129,2.0,2.0,0.0,15,0.05,1,0,0,9
14130,2.0,2.0,0.0,17,0.05,1,0,0,4
14131,2.0,2.0,0.0,15,0.05,1,0,0,4
14132,2.0,2.0,0.0,15,0.05,1,0,0,2
14133,2.0,2.0,0.0,15,0.05,1,0,0,8
14134,2.0,2.0,0.0,15,0.05,1,0,0,6
14135,2.0,2.0,0.0,15,0.05,1,0,0,6
14136,2.0,2.0,0.0,15,0.05,1,0,0,5
14137,2.0,2.0,0.0,15,0.05,1,0,0,9
14138,2.0,2.0,0.0,15,0.05,1,0,0,6
14139,2.0,2.0,0.0,17,0.05,1,0,0,3
14140,2.0,2.0,0.0,16,0.05,1,0,0,8
14141,2.0,2.0,0.0,15,0.05,1,0,0,8
14142,2.0,2.0,0.0,17,0.05,1,0,0,6
14143,2.0,2.0,0.0,15,0.05,1,0,0,7
14144,0.0,0.0,0.0,13,0.05,0,1,0,10
14145,2.0,2.0,0.0,15,0.05,1,0,0,3
14146,2.0,2.0,0.0,17,0.05,1,0,0,6
14147,2.0,2.0,0.0,15,0.05,1,0,0,8
14148,2.0,2.0,0.0,15,0.05,1,0,0,7
14149,2.0,2.0,0.0,15,0.05,1,0,0,9
14150,2.0,2.0,0.0,15,0.05,1,0,0,4
14151,2.0,2.0,0.0,17,0.05,1,0,0,6
14152,2.0,2.0,0.0,15,0.05,1,0,0,6
14153,2.0,2.0,0.0,16,0.05,1,0,0,3
14154,2.0,2.0,0.0,15,0.05,1,0,0,4
14155,2.0,2.0,0.0,16,0.05,1,0,0,5
14156,2.0,2.0,0.0,19,0.05,1,0,0,11
14157,2.0,2.0,0.0,15,0.05,1,0,0,7
14158,2.0,2.0,0.0,15,0.05,1,0,0,7
14159,2.0,2.0,0.0,19,0.05,1,0,0,5
14160,2.0,2.0,0.0,15,0.05,1,0,0,6
14161,2.0,2.0,0.0,15,0.05,1,0,0,2
14162,2.0,2.0,0.0,15,0.05,1,0,0,7
14163,2.0,2.0,0.0,19,0.05,1,0,0,8
14164,2.0,2.0,0.0,17,0.05,1,0,0,5
14165,2.0,2.0,0.0,15,0.05,1,0,0,8
14166,2.0,2.0,0.0,15,0.05,1,0,0,10
14167,2.0,2.0,0.0,17,0.05,1,0,0,5
14168,2.0,2.0,0.0,17,0.05,1,0,0,4
14169,2.0,2.0,0.0,15,0.05,1,0,0,6
14170,2.0,2.0,0.0,15,0.05,1,0,0,4
14171,2.0,2.0,0.0,17,0.05,1,0,0,7
14172,1.0,1.0,0.0,15,0.05,0,1,0,9
14173,2.0,2.0,0.0,16,0.05,1,0,0,8
14174,2.0,2.0,0.0,15,0.05,1,0,0,8
14175,2.0,2.0,0.0,15,0.05,1,0,0,4
14176,2.0,2.0,0.0,15,0.05,1,0,0,8
14177,2.0,2.0,0.0,15,0.05,1,0,0,6
14178,2.0,2.0,0.0,16,0.05,1,0,0,6
14179,2.0,2.0,0.0,17,0.05,1,0,0,6
14180,2.0,2.0,0.0,15,0.05,1,0,0,8
14181,2.0,2.0,0.0,17,0.05,1,0,0,4
14182,2.0,2.0,0.0,15,0.05,1,0,0,5
14183,2.0,2.0,0.0,15,0.05,1,0,0,8
14184,2.0,2.0,0.0,15,0.05,1,0,0,7
14185,2.0,2.0,0.0,15,0.05,1,0,0,5
14186,2.0,2.0,0.0,17,0.05,1,0,0,7
14187,2.0,2.0,0.0,15,0.05,1,0,0,9
14188,2.0,2.0,0.0,17,0.05,1,0,0,6
14189,2.0,2.0,0.0,15,0.05,1,0,0,8
14190,2.0,2.0,0.0,17,0.05,1,0,0,7
14191,2.0,2.0,0.0,15,0.05,1,0,0,6
14192,2.0,2.0,0.0,17,0.05,1,0,0,7
14193,2.0,2.0,0.0,15,0.05,1,0,0,5
14194,2.0,2.0,0.0,17,0.05,1,0,0,3
14195,2.0,2.0,0.0,24,0.05,1,0,0,6
14196,2.0,2.0,0.0,15,0.05,1,0,0,6
14197,2.0,2.0,0.0,19,0.05,1,0,0,6
14198,2.0,2.0,0.0,18,0.05,1,0,0,5
14199,2.0,2.0,0.0,15,0.05,1,0,0,7
14200,2.0,2.0,0.0,17,0.05,1,0,0,11
14201,2.0,2.0,0.0,18,0.05,1,0,0,7
14202,2.0,2.0,0.0,17,0.05,1,0,0,7
14203,2.0,2.0,0.0,17,0.05,1,0,0,6
14204,2.0,2.0,0.0,15,0.05,1,0,0,6
14205,2.0,2.0,0.0,15,0.05,1,0,0,6
14206,2.0,2.0,0.0,16,0.05,1,0,0,6
14207,2.0,2.0,0.0,15,0.05,1,0,0,5
14208,2.0,2.0,0.0,17,0.05,1,0,0,9
14209,2.0,2.0,0.0,15,0.05,1,0,0,3
14210,2.0,2.0,0.0,15,0.05,1,0,0,8
14211,2.0,2.0,0.0,15,0.05,1,0,0,5
14212,2.0,2.0,0.0,15,0.05,1,0,0,9
14213,2.0,2.0,0.0,15,0.05,1,0,0,7
14214,1.0,1.0,0.0,20,0.05,0,1,0,7
14215,2.0,2.0,0.0,16,0.05,1,0,0,10
14216,2.0,2.0,0.0,15,0.05,1,0,0,7
14217,2.0,2.0,0.0,15,0.05,1,0,0,4
14218,2.0,2.0,0.0,15,0.05,1,0,0,5
14219,1.0,1.0,0.0,15,0.05,0,1,0,7
14220,2.0,2.0,0.0,15,0.05,1,0,0,10
14221,2.0,2.0,0.0,19,0.05,1,0,0,8
14222,2.0,2.0,0.0,15,0.05,1,0,0,5
14223,2.0,2.0,0.0,17,0.05,1,0,0,7
14224,2.0,2.0,0.0,18,0.05,1,0,0,8
14225,2.0,2.0,0.0,15,0.05,1,0,0,3
14226,2.0,2.0,0.0,15,0.05,1,0,0,4
14227,2.0,2.0,0.0,15,0.05,1,0,0,7
14228,2.0,2.0,0.0,15,0.05,1,0,0,4
14229,2.0,2.0,0.0,15,0.05,1,0,0,7
14230,2.0,2.0,0.0,15,0.05,1,0,0,6
14231,2.0,2.0,0.0,15,0.05,1,0,0,6
14232,2.0,2.0,0.0,15,0.05,1,0,0,8
14233,2.0,2.0,0.0,15,0.05,1,0,0,7
14234,2.0,2.0,0.0,19,0.05,1,0,0,8
14235,2.0,2.0,0.0,15,0.05,1,0,0,5
14236,2.0,2.0,0.0,15,0.05,1,0,0,7
14237,2.0,2.0,0.0,15,0.05,1,0,0,7
14238,2.0,2.0,0.0,15,0.05,1,0,0,6
14239,2.0,2.0,0.0,18,0.05,1,0,0,6
14240,2.0,2.0,0.0,15,0.05,1,0,0,3
14241,2.0,2.0,0.0,15,0.05,1,0,0,5
14242,2.0,2.0,0.0,19,0.05,1,0,0,6
14243,2.0,2.0,0.0,15,0.05,1,0,0,5
14244,2.0,2.0,0.0,15,0.05,1,0,0,4
14245,2.0,2.0,0.0,15,0.05,1,0,0,8
14246,2.0,2.0,0.0,17,0.05,1,0,0,7
14247,2.0,2.0,0.0,15,0.05,1,0,0,8
14248,2.0,2.0,0.0,15,0.05,1,0,0,8
14249,2.0,2.0,0.0,15,0.05,1,0,0,5
14250,2.0,2.0,0.0,17,0.05,1,0,0,2
14251,2.0,2.0,0.0,15,0.05,1,0,0,6
14252,2.0,2.0,0.0,18,0.05,1,0,0,8
14253,2.0,2.0,0.0,15,0.05,1,0,0,8
14254,2.0,2.0,0.0,17,0.05,1,0,0,9
14255,2.0,2.0,0.0,15,0.05,1,0,0,5
14256,2.0,2.0,0.0,15,0.05,1,0,0,5
14257,2.0,2.0,0.0,18,0.05,1,0,0,4
14258,2.0,2.0,0.0,20,0.05,1,0,0,4
14259,2.0,2.0,0.0,16,0.05,1,0,0,5
14260,2.0,2.0,0.0,15,0.05,1,0,0,4
14261,2.0,2.0,0.0,15,0.05,1,0,0,3
14262,2.0,2.0,0.0,18,0.05,1,0,0,8
14263,2.0,2.0,0.0,17,0.05,1,0,0,8
14264,2.0,2.0,0.0,15,0.05,1,0,0,7
14265,2.0,2.0,0.0,17,0.05,1,0,0,8
14266,2.0,2.0,0.0,15,0.05,1,0,0,7
14267,2.0,2.0,0.0,18,0.05,1,0,0,9
14268,2.0,2.0,0.0,17,0.05,1,0,0,9
14269,2.0,2.0,0.0,15,0.05,1,0,0,8
14270,2.0,2.0,0.0,15,0.05,1,0,0,7
14271,2.0,2.0,0.0,17,0.05,1,0,0,6
14272,2.0,2.0,0.0,20,0.05,1,0,0,7
14273,2.0,2.0,0.0,17,0.05,1,0,0,5
14274,2.0,2.0,0.0,19,0.05,1,0,0,4
14275,0.0,0.0,0.0,15,0.05,0,1,0,7
14276,2.0,2.0,0.0,15,0.05,1,0,0,3
14277,2.0,2.0,0.0,15,0.05,1,0,0,6
14278,2.0,2.0,0.0,17,0.05,1,0,0,5
14279,2.0,2.0,0.0,21,0.05,1,0,0,11
14280,2.0,2.0,0.0,16,0.05,1,0,0,10
14281,2.0,2.0,0.0,15,0.05,1,0,0,8
14282,2.0,2.0,0.0,19,0.05,1,0,0,9
14283,2.0,2.0,0.0,15,0.05,1,0,0,6
14284,2.0,2.0,0.0,19,0.05,1,0,0,4
14285,2.0,2.0,0.0,15,0.05,1,0,0,5
14286,2.0,2.0,0.0,19,0.05,1,0,0,8
14287,2.0,2.0,0.0,15,0.05,1,0,0,8
14288,2.0,2.0,0.0,15,0.05,1,0,0,6
14289,2.0,2.0,0.0,15,0.05,1,0,0,8
14290,2.0,2.0,0.0,15,0.05,1,0,0,4
14291,2.0,2.0,0.0,17,0.05,1,0,0,11
14292,2.0,2.0,0.0,15,0.05,1,0,0,5
14293,2.0,2.0,0.0,15,0.05,1,0,0,3
14294,2.0,2.0,0.0,15,0.05,1,0,0,5
14295,2.0,2.0,0.0,15,0.05,1,0,0,5
14296,2.0,2.0,0.0,16,0.05,1,0,0,7
14297,2.0,2.0,0.0,15,0.05,1,0,0,5
14298,2.0,2.0,0.0,15,0.05,1,0,0,7
14299,2.0,2.0,0.0,15,0.05,1,0,0,3
14300,0.0,0.0,0.0,16,0.05,0,1,0,9
14301,2.0,2.0,0.0,17,0.05,1,0,0,6
14302,2.0,2.0,0.0,15,0.05,1,0,0,3
14303,2.0,2.0,0.0,17,0.05,1,0,0,7
14304,2.0,2.0,0.0,15,0.05,1,0,0,5
14305,2.0,2.0,0.0,16,0.05,1,0,0,7
14306,2.0,2.0,0.0,17,0.05,1,0,0,9
14307,2.0,2.0,0.0,19,0.05,1,0,0,7
14308,2.0,2.0,0.0,17,0.05,1,0,0,8
14309,2.0,2.0,0.0,15,0.05,1,0,0,5
14310,2.0,2.0,0.0,17,0.05,1,0,0,7
14311,2.0,2.0,0.0,15,0.05,1,0,0,5
14312,2.0,2.0,0.0,15,0.05,1,0,0,6
14313,2.0,2.0,0.0,15,0.05,1,0,0,6
14314,2.0,2.0,0.0,20,0.05,1,0,0,6
14315,2.0,2.0,0.0,16,0.05,1,0,0,3
14316,2.0,2.0,0.0,15,0.05,1,0,0,3
14317,2.0,2.0,0.0,17,0.05,1,0,0,7
14318,2.0,2.0,0.0,15,0.05,1,0,0,4
14319,2.0,2.0,0.0,19,0.05,1,0,0,7
14320,2.0,2.0,0.0,15,0.05,1,0,0,2
14321,2.0,2.0,0.0,15,0.05,1,0,0,4
14322,2.0,2.0,0.0,17,0.05,1,0,0,6
14323,2.0,2.0,0.0,17,0.05,1,0,0,7
14324,2.0,2.0,0.0,19,0.05,1,0,0,6
14325,2.0,2.0,0.0,19,0.05,1,0,0,8
14326,2.0,2.0,0.0,19,0.05,1,0,0,8
14327,2.0,2.0,0.0,15,0.05,1,0,0,4
14328,2.0,2.0,0.0,15,0.05,1,0,0,3
14329,2.0,2.0,0.0,15,0.05,1,0,0,4
14330,2.0,2.0,0.0,15,0.05,1,0,0,5
14331,2.0,2.0,0.0,15,0.05,1,0,0,5
14332,2.0,2.0,0.0,15,0.05,1,0,0,4
14333,2.0,2.0,0.0,19,0.05,1,0,0,9
14334,2.0,2.0,0.0,15,0.05,1,0,0,3
14335,2.0,2.0,0.0,15,0.05,1,0,0,8
14336,2.0,2.0,0.0,15,0.05,1,0,0,9
14337,2.0,2.0,0.0,15,0.05,1,0,0,5
14338,2.0,2.0,0.0,15,0.05,1,0,0,6
14339,2.0,2.0,0.0,15,0.05,1,0,0,9
14340,2.0,2.0,0.0,15,0.05,1,0,0,5
14341,2.0,2.0,0.0,21,0.05,1,0,0,9
14342,2.0,2.0,0.0,16,0.05,1,0,0,6
14343,2.0,2.0,0.0,17,0.05,1,0,0,7
14344,2.0,2.0,0.0,16,0.05,1,0,0,6
14345,2.0,2.0,0.0,19,0.05,1,0,0,12
14346,2.0,2.0,0.0,15,0.05,1,0,0,6
14347,2.0,2.0,0.0,15,0.05,1,0,0,6
14348,2.0,2.0,0.0,15,0.05,1,0,0,5
14349,2.0,2.0,0.0,15,0.05,1,0,0,9
14350,2.0,2.0,0.0,18,0.05,1,0,0,7
14351,2.0,2.0,0.0,15,0.05,1,0,0,5
14352,2.0,2.0,0.0,19,0.05,1,0,0,6
14353,2.0,2.0,0.0,15,0.05,1,0,0,3
14354,2.0,2.0,0.0,15,0.05,1,0,0,5
14355,2.0,2.0,0.0,15,0.05,1,0,0,6
14356,2.0,2.0,0.0,15,0.05,1,0,0,5
14357,2.0,2.0,0.0,15,0.05,1,0,0,5
14358,2.0,2.0,0.0,20,0.05,1,0,0,7
14359,2.0,2.0,0.0,15,0.05,1,0,0,5
14360,2.0,2.0,0.0,17,0.05,1,0,0,5
14361,2.0,2.0,0.0,15,0.05,1,0,0,5
14362,2.0,2.0,0.0,15,0.05,1,0,0,10
14363,2.0,2.0,0.0,15,0.05,1,0,0,4
14364,2.0,2.0,0.0,15,0.05,1,0,0,6
14365,2.0,2.0,0.0,15,0.05,1,0,0,5
14366,2.0,2.0,0.0,15,0.05,1,0,0,5
14367,2.0,2.0,0.0,15,0.05,1,0,0,6
14368,2.0,2.0,0.0,15,0.05,1,0,0,4
14369,2.0,2.0,0.0,19,0.05,1,0,0,9
14370,2.0,2.0,0.0,15,0.05,1,0,0,3
14371,2.0,2.0,0.0,17,0.05,1,0,0,6
14372,2.0,2.0,0.0,15,0.05,1,0,0,2
14373,2.0,2.0,0.0,17,0.05,1,0,0,4
14374,2.0,2.0,0.0,15,0.05,1,0,0,5
14375,2.0,2.0,0.0,15,0.05,1,0,0,3
14376,2.0,2.0,0.0,16,0.05,1,0,0,7
14377,2.0,2.0,0.0,15,0.05,1,0,0,2
14378,2.0,2.0,0.0,17,0.05,1,0,0,6
14379,2.0,2.0,0.0,17,0.05,1,0,0,7
14380,2.0,2.0,0.0,15,0.05,1,0,0,4
14381,2.0,2.0,0.0,20,0.05,1,0,0,11
14382,2.0,2.0,0.0,17,0.05,1,0,0,5
14383,2.0,2.0,0.0,17,0.05,1,0,0,7
14384,2.0,2.0,0.0,15,0.05,1,0,0,2
14385,2.0,2.0,0.0,17,0.05,1,0,0,7
14386,2.0,2.0,0.0,15,0.05,1,0,0,5
14387,2.0,2.0,0.0,15,0.05,1,0,0,7
14388,2.0,2.0,0.0,15,0.05,1,0,0,8
14389,2.0,2.0,0.0,15,0.05,1,0,0,4
14390,2.0,2.0,0.0,17,0.05,1,0,0,12
14391,2.0,2.0,0.0,15,0.05,1,0,0,4
14392,2.0,2.0,0.0,17,0.05,1,0,0,6
14393,2.0,2.0,0.0,17,0.05,1,0,0,5
14394,2.0,2.0,0.0,15,0.05,1,0,0,9
14395,2.0,2.0,0.0,15,0.05,1,0,0,8
14396,2.0,2.0,0.0,18,0.05,1,0,0,7
14397,2.0,2.0,0.0,16,0.05,1,0,0,4
14398,2.0,2.0,0.0,16,0.05,1,0,0,6
14399,2.0,2.0,0.0,15,0.05,1,0,0,4
14400,2.0,2.0,0.0,15,0.05,1,0,0,6
14401,2.0,2.0,0.0,15,0.05,1,0,0,9
14402,2.0,2.0,0.0,15,0.05,1,0,0,2
14403,2.0,2.0,0.0,20,0.05,1,0,0,8
14404,2.0,2.0,0.0,15,0.05,1,0,0,5
14405,2.0,2.0,0.0,18,0.05,1,0,0,7
14406,2.0,2.0,0.0,15,0.05,1,0,0,6
14407,2.0,2.0,0.0,15,0.05,1,0,0,8
14408,2.0,2.0,0.0,15,0.05,1,0,0,4
14409,2.0,2.0,0.0,15,0.05,1,0,0,4
14410,2.0,2.0,0.0,19,0.05,1,0,0,8
14411,2.0,2.0,0.0,15,0.05,1,0,0,6
14412,2.0,2.0,0.0,17,0.05,1,0,0,8
14413,2.0,2.0,0.0,15,0.05,1,0,0,8
14414,2.0,2.0,0.0,19,0.05,1,0,0,6
14415,2.0,2.0,0.0,15,0.05,1,0,0,3
14416,2.0,2.0,0.0,19,0.05,1,0,0,8
14417,2.0,2.0,0.0,15,0.05,1,0,0,4
14418,2.0,2.0,0.0,15,0.05,1,0,0,7
14419,2.0,2.0,0.0,17,0.05,1,0,0,8
14420,2.0,2.0,0.0,15,0.05,1,0,0,6
14421,2.0,2.0,0.0,15,0.05,1,0,0,5
14422,2.0,2.0,0.0,17,0.05,1,0,0,4
14423,2.0,2.0,0.0,15,0.05,1,0,0,5
14424,2.0,2.0,0.0,19,0.05,1,0,0,7
14425,2.0,2.0,0.0,21,0.05,1,0,0,9
14426,2.0,2.0,0.0,16,0.05,1,0,0,2
14427,2.0,2.0,0.0,19,0.05,1,0,0,5
14428,2.0,2.0,0.0,15,0.05,1,0,0,6
14429,2.0,2.0,0.0,15,0.05,1,0,0,8
14430,1.0,1.0,0.0,17,0.05,0,1,0,9
14431,2.0,2.0,0.0,16,0.05,1,0,0,4
14432,2.0,2.0,0.0,17,0.05,1,0,0,11
14433,2.0,2.0,0.0,15,0.05,1,0,0,6
14434,2.0,2.0,0.0,17,0.05,1,0,0,4
14435,2.0,2.0,0.0,15,0.05,1,0,0,8
14436,2.0,2.0,0.0,17,0.05,1,0,0,10
14437,2.0,2.0,0.0,16,0.05,1,0,0,6
14438,2.0,2.0,0.0,17,0.05,1,0,0,9
14439,2.0,2.0,0.0,15,0.05,1,0,0,6
14440,2.0,2.0,0.0,17,0.05,1,0,0,4
14441,2.0,2.0,0.0,15,0.05,1,0,0,5
14442,2.0,2.0,0.0,15,0.05,1,0,0,7
14443,2.0,2.0,0.0,17,0.05,1,0,0,4
14444,2.0,2.0,0.0,18,0.05,1,0,0,10
14445,2.0,2.0,0.0,15,0.05,1,0,0,6
14446,2.0,2.0,0.0,15,0.05,1,0,0,6
14447,2.0,2.0,0.0,17,0.05,1,0,0,4
14448,2.0,2.0,0.0,16,0.05,1,0,0,4
14449,2.0,2.0,0.0,16,0.05,1,0,0,5
14450,2.0,2.0,0.0,19,0.05,1,0,0,8
14451,2.0,2.0,0.0,15,0.05,1,0,0,5
14452,2.0,2.0,0.0,16,0.05,1,0,0,7
14453,0.0,0.0,0.0,17,0.05,0,1,0,5
14454,2.0,2.0,0.0,17,0.05,1,0,0,7
14455,2.0,2.0,0.0,17,0.05,1,0,0,3
14456,2.0,2.0,0.0,19,0.05,1,0,0,8
14457,2.0,2.0,0.0,15,0.05,1,0,0,5
14458,2.0,2.0,0.0,19,0.05,1,0,0,5
14459,2.0,2.0,0.0,15,0.05,1,0,0,4
14460,2.0,2.0,0.0,17,0.05,1,0,0,8
14461,1.0,1.0,0.0,17,0.05,0,1,0,8
14462,2.0,2.0,0.0,15,0.05,1,0,0,5
14463,2.0,2.0,0.0,17,0.05,1,0,0,4
14464,2.0,2.0,0.0,15,0.05,1,0,0,7
14465,2.0,2.0,0.0,17,0.05,1,0,0,4
14466,2.0,2.0,0.0,15,0.05,1,0,0,7
14467,2.0,2.0,0.0,17,0.05,1,0,0,7
14468,2.0,2.0,0.0,15,0.05,1,0,0,4
14469,2.0,2.0,0.0,17,0.05,1,0,0,6
14470,2.0,2.0,0.0,15,0.05,1,0,0,9
14471,2.0,2.0,0.0,15,0.05,1,0,0,3
14472,2.0,2.0,0.0,16,0.05,1,0,0,7
14473,2.0,2.0,0.0,16,0.05,1,0,0,6
14474,2.0,2.0,0.0,19,0.05,1,0,0,5
14475,2.0,2.0,0.0,19,0.05,1,0,0,6
14476,2.0,2.0,0.0,15,0.05,1,0,0,4
14477,2.0,2.0,0.0,18,0.05,1,0,0,5
14478,2.0,2.0,0.0,15,0.05,1,0,0,6
14479,2.0,2.0,0.0,17,0.05,1,0,0,5
14480,2.0,2.0,0.0,17,0.05,1,0,0,7
14481,2.0,2.0,0.0,19,0.05,1,0,0,7
14482,2.0,2.0,0.0,17,0.05,1,0,0,4
14483,2.0,2.0,0.0,15,0.05,1,0,0,5
14484,2.0,2.0,0.0,15,0.05,1,0,0,4
14485,2.0,2.0,0.0,16,0.05,1,0,0,9
14486,2.0,2.0,0.0,15,0.05,1,0,0,6
14487,2.0,2.0,0.0,15,0.05,1,0,0,8
14488,2.0,2.0,0.0,15,0.05,1,0,0,5
14489,2.0,2.0,0.0,19,0.05,1,0,0,5
14490,2.0,2.0,0.0,17,0.05,1,0,0,6
14491,2.0,2.0,0.0,17,0.05,1,0,0,10
14492,2.0,2.0,0.0,17,0.05,1,0,0,3
14493,2.0,2.0,0.0,15,0.05,1,0,0,3
14494,2.0,2.0,0.0,19,0.05,1,0,0,5
14495,2.0,2.0,0.0,19,0.05,1,0,0,7
14496,2.0,2.0,0.0,16,0.05,1,0,0,8
14497,2.0,2.0,0.0,22,0.05,1,0,0,4
14498,2.0,2.0,0.0,15,0.05,1,0,0,6
14499,2.0,2.0,0.0,17,0.05,1,0,0,4
14500,2.0,2.0,0.0,17,0.05,1,0,0,6
14501,2.0,2.0,0.0,16,0.05,1,0,0,7
14502,2.0,2.0,0.0,15,0.05,1,0,0,5
14503,2.0,2.0,0.0,15,0.05,1,0,0,5
14504,2.0,2.0,0.0,17,0.05,1,0,0,5
14505,2.0,2.0,0.0,15,0.05,1,0,0,7
14506,2.0,2.0,0.0,15,0.05,1,0,0,5
14507,2.0,2.0,0.0,15,0.05,1,0,0,5
14508,2.0,2.0,0.0,17,0.05,1,0,0,7
14509,2.0,2.0,0.0,17,0.05,1,0,0,6
14510,2.0,2.0,0.0,15,0.05,1,0,0,4
14511,2.0,2.0,0.0,15,0.05,1,0,0,6
14512,2.0,2.0,0.0,15,0.05,1,0,0,4
14513,2.0,2.0,0.0,15,0.05,1,0,0,2
14514,2.0,2.0,0.0,16,0.05,1,0,0,6
14515,2.0,2.0,0.0,15,0.05,1,0,0,7
14516,2.0,2.0,0.0,17,0.05,1,0,0,7
14517,2.0,2.0,0.0,15,0.05,1,0,0,6
14518,2.0,2.0,0.0,17,0.05,1,0,0,5
14519,2.0,2.0,0.0,15,0.05,1,0,0,7
14520,2.0,2.0,0.0,19,0.05,1,0,0,9
14521,2.0,2.0,0.0,15,0.05,1,0,0,5
14522,2.0,2.0,0.0,15,0.05,1,0,0,5
14523,2.0,2.0,0.0,15,0.05,1,0,0,6
14524,2.0,2.0,0.0,15,0.05,1,0,0,1
14525,2.0,2.0,0.0,17,0.05,1,0,0,6
14526,2.0,2.0,0.0,15,0.05,1,0,0,10
14527,2.0,2.0,0.0,15,0.05,1,0,0,7
14528,2.0,2.0,0.0,15,0.05,1,0,0,6
14529,2.0,2.0,0.0,26,0.05,1,0,0,12
14530,2.0,2.0,0.0,16,0.05,1,0,0,8
14531,2.0,2.0,0.0,17,0.05,1,0,0,8
14532,2.0,2.0,0.0,15,0.05,1,0,0,6
14533,2.0,2.0,0.0,15,0.05,1,0,0,5
14534,2.0,2.0,0.0,17,0.05,1,0,0,4
14535,2.0,2.0,0.0,15,0.05,1,0,0,4
14536,2.0,2.0,0.0,15,0.05,1,0,0,7
14537,2.0,2.0,0.0,22,0.05,1,0,0,4
14538,2.0,2.0,0.0,17,0.05,1,0,0,5
14539,2.0,2.0,0.0,16,0.05,1,0,0,8
14540,2.0,2.0,0.0,15,0.05,1,0,0,4
14541,2.0,2.0,0.0,15,0.05,1,0,0,4
14542,2.0,2.0,0.0,15,0.05,1,0,0,6
14543,2.0,2.0,0.0,15,0.05,1,0,0,4
14544,2.0,2.0,0.0,15,0.05,1,0,0,4
14545,2.0,2.0,0.0,15,0.05,1,0,0,9
14546,2.0,2.0,0.0,23,0.05,1,0,0,7
14547,2.0,2.0,0.0,15,0.05,1,0,0,4
14548,2.0,2.0,0.0,15,0.05,1,0,0,5
14549,2.0,2.0,0.0,17,0.05,1,0,0,4
14550,2.0,2.0,0.0,17,0.05,1,0,0,8
14551,2.0,2.0,0.0,15,0.05,1,0,0,5
14552,2.0,2.0,0.0,15,0.05,1,0,0,5
14553,2.0,2.0,0.0,15,0.05,1,0,0,7
14554,2.0,2.0,0.0,15,0.05,1,0,0,3
14555,2.0,2.0,0.0,15,0.05,1,0,0,4
14556,2.0,2.0,0.0,18,0.05,1,0,0,7
14557,2.0,2.0,0.0,15,0.05,1,0,0,7
14558,2.0,2.0,0.0,19,0.05,1,0,0,9
14559,2.0,2.0,0.0,16,0.05,1,0,0,4
14560,2.0,2.0,0.0,19,0.05,1,0,0,6
14561,2.0,2.0,0.0,17,0.05,1,0,0,8
14562,2.0,2.0,0.0,15,0.05,1,0,0,4
14563,2.0,2.0,0.0,17,0.05,1,0,0,10
14564,2.0,2.0,0.0,17,0.05,1,0,0,5
14565,2.0,2.0,0.0,16,0.05,1,0,0,7
14566,2.0,2.0,0.0,15,0.05,1,0,0,2
14567,2.0,2.0,0.0,15,0.05,1,0,0,5
14568,2.0,2.0,0.0,15,0.05,1,0,0,9
14569,2.0,2.0,0.0,15,0.05,1,0,0,8
14570,2.0,2.0,0.0,15,0.05,1,0,0,6
14571,2.0,2.0,0.0,17,0.05,1,0,0,5
14572,2.0,2.0,0.0,15,0.05,1,0,0,6
14573,2.0,2.0,0.0,19,0.05,1,0,0,11
14574,2.0,2.0,0.0,16,0.05,1,0,0,9
14575,2.0,2.0,0.0,16,0.05,1,0,0,6
14576,2.0,2.0,0.0,17,0.05,1,0,0,4
14577,2.0,2.0,0.0,15,0.05,1,0,0,4
14578,2.0,2.0,0.0,17,0.05,1,0,0,6
14579,2.0,2.0,0.0,15,0.05,1,0,0,6
14580,2.0,2.0,0.0,15,0.05,1,0,0,4
14581,2.0,2.0,0.0,15,0.05,1,0,0,6
14582,2.0,2.0,0.0,15,0.05,1,0,0,4
14583,2.0,2.0,0.0,15,0.05,1,0,0,5
14584,2.0,2.0,0.0,15,0.05,1,0,0,5
14585,2.0,2.0,0.0,15,0.05,1,0,0,10
14586,2.0,2.0,0.0,17,0.05,1,0,0,8
14587,2.0,2.0,0.0,17,0.05,1,0,0,7
14588,2.0,2.0,0.0,17,0.05,1,0,0,10
14589,2.0,2.0,0.0,19,0.05,1,0,0,8
14590,2.0,2.0,0.0,39,0.05,1,0,0,16
14591,2.0,2.0,0.0,15,0.05,1,0,0,6
14592,2.0,2.0,0.0,15,0.05,1,0,0,3
14593,2.0,2.0,0.0,19,0.05,1,0,0,5
14594,2.0,2.0,0.0,15,0.05,1,0,0,3
14595,2.0,2.0,0.0,17,0.05,1,0,0,8
14596,2.0,2.0,0.0,17,0.05,1,0,0,7
14597,2.0,2.0,0.0,17,0.05,1,0,0,4
14598,2.0,2.0,0.0,17,0.05,1,0,0,8
14599,2.0,2.0,0.0,15,0.05,1,0,0,5
14600,2.0,2.0,0.0,15,0.05,1,0,0,6
14601,2.0,2.0,0.0,15,0.05,1,0,0,2
14602,2.0,2.0,0.0,15,0.05,1,0,0,6
14603,2.0,2.0,0.0,15,0.05,1,0,0,4
14604,2.0,2.0,0.0,19,0.05,1,0,0,11
14605,2.0,2.0,0.0,15,0.05,1,0,0,4
14606,2.0,2.0,0.0,15,0.05,1,0,0,5
14607,2.0,2.0,0.0,15,0.05,1,0,0,6
14608,2.0,2.0,0.0,15,0.05,1,0,0,6
14609,2.0,2.0,0.0,15,0.05,1,0,0,9
14610,2.0,2.0,0.0,15,0.05,1,0,0,3
14611,2.0,2.0,0.0,16,0.05,1,0,0,4
14612,2.0,2.0,0.0,16,0.05,1,0,0,7
14613,2.0,2.0,0.0,17,0.05,1,0,0,5
14614,2.0,2.0,0.0,15,0.05,1,0,0,6
14615,2.0,2.0,0.0,15,0.05,1,0,0,3
14616,2.0,2.0,0.0,15,0.05,1,0,0,2
14617,2.0,2.0,0.0,17,0.05,1,0,0,5
14618,2.0,2.0,0.0,15,0.05,1,0,0,4
14619,2.0,2.0,0.0,15,0.05,1,0,0,6
14620,2.0,2.0,0.0,15,0.05,1,0,0,7
14621,2.0,2.0,0.0,15,0.05,1,0,0,3
14622,2.0,2.0,0.0,17,0.05,1,0,0,5
14623,2.0,2.0,0.0,16,0.05,1,0,0,7
14624,2.0,2.0,0.0,17,0.05,1,0,0,7
14625,2.0,2.0,0.0,17,0.05,1,0,0,5
14626,2.0,2.0,0.0,16,0.05,1,0,0,5
14627,2.0,2.0,0.0,15,0.05,1,0,0,5
14628,2.0,2.0,0.0,15,0.05,1,0,0,4
14629,2.0,2.0,0.0,17,0.05,1,0,0,6
14630,2.0,2.0,0.0,19,0.05,1,0,0,8
14631,2.0,2.0,0.0,15,0.05,1,0,0,6
14632,2.0,2.0,0.0,18,0.05,1,0,0,6
14633,2.0,2.0,0.0,15,0.05,1,0,0,7
14634,2.0,2.0,0.0,15,0.05,1,0,0,8
14635,2.0,2.0,0.0,15,0.05,1,0,0,6
14636,2.0,2.0,0.0,16,0.05,1,0,0,11
14637,2.0,2.0,0.0,15,0.05,1,0,0,5
14638,2.0,2.0,0.0,17,0.05,1,0,0,7
14639,2.0,2.0,0.0,15,0.05,1,0,0,6
14640,2.0,2.0,0.0,15,0.05,1,0,0,3
14641,2.0,2.0,0.0,15,0.05,1,0,0,7
14642,2.0,2.0,0.0,15,0.05,1,0,0,7
14643,2.0,2.0,0.0,15,0.05,1,0,0,7
14644,2.0,2.0,0.0,16,0.05,1,0,0,5
14645,2.0,2.0,0.0,15,0.05,1,0,0,4
14646,2.0,2.0,0.0,15,0.05,1,0,0,6
14647,2.0,2.0,0.0,17,0.05,1,0,0,4
14648,2.0,2.0,0.0,15,0.05,1,0,0,7
14649,2.0,2.0,0.0,15,0.05,1,0,0,7
14650,2.0,2.0,0.0,17,0.05,1,0,0,2
14651,2.0,2.0,0.0,15,0.05,1,0,0,7
14652,2.0,2.0,0.0,17,0.05,1,0,0,9
14653,2.0,2.0,0.0,15,0.05,1,0,0,4
14654,2.0,2.0,0.0,15,0.05,1,0,0,3
14655,2.0,2.0,0.0,17,0.05,1,0,0,10
14656,2.0,2.0,0.0,17,0.05,1,0,0,6
14657,2.0,2.0,0.0,15,0.05,1,0,0,4
14658,2.0,2.0,0.0,15,0.05,1,0,0,7
14659,2.0,2.0,0.0,15,0.05,1,0,0,10
14660,2.0,2.0,0.0,15,0.05,1,0,0,5
14661,2.0,2.0,0.0,17,0.05,1,0,0,6
14662,2.0,2.0,0.0,17,0.05,1,0,0,8
14663,2.0,2.0,0.0,15,0.05,1,0,0,5
14664,2.0,2.0,0.0,17,0.05,1,0,0,5
14665,2.0,2.0,0.0,15,0.05,1,0,0,5
14666,2.0,2.0,0.0,15,0.05,1,0,0,6
14667,2.0,2.0,0.0,15,0.05,1,0,0,5
14668,2.0,2.0,0.0,15,0.05,1,0,0,4
14669,2.0,2.0,0.0,15,0.05,1,0,0,5
14670,2.0,2.0,0.0,15,0.05,1,0,0,10
14671,2.0,2.0,0.0,15,0.05,1,0,0,5
14672,2.0,2.0,0.0,15,0.05,1,0,0,6
14673,2.0,2.0,0.0,16,0.05,1,0,0,6
14674,2.0,2.0,0.0,15,0.05,1,0,0,6
14675,2.0,2.0,0.0,15,0.05,1,0,0,7
14676,2.0,2.0,0.0,15,0.05,1,0,0,4
14677,2.0,2.0,0.0,15,0.05,1,0,0,5
14678,2.0,2.0,0.0,16,0.05,1,0,0,5
14679,2.0,2.0,0.0,19,0.05,1,0,0,6
14680,2.0,2.0,0.0,15,0.05,1,0,0,9
14681,2.0,2.0,0.0,15,0.05,1,0,0,6
14682,2.0,2.0,0.0,17,0.05,1,0,0,4
14683,2.0,2.0,0.0,15,0.05,1,0,0,10
14684,2.0,2.0,0.0,15,0.05,1,0,0,8
14685,2.0,2.0,0.0,15,0.05,1,0,0,7
14686,2.0,2.0,0.0,20,0.05,1,0,0,7
14687,2.0,2.0,0.0,15,0.05,1,0,0,3
14688,2.0,2.0,0.0,15,0.05,1,0,0,6
14689,2.0,2.0,0.0,16,0.05,1,0,0,9
14690,0.0,0.0,0.0,18,0.05,0,1,0,10
14691,2.0,2.0,0.0,15,0.05,1,0,0,6
14692,2.0,2.0,0.0,21,0.05,1,0,0,9
14693,2.0,2.0,0.0,17,0.05,1,0,0,8
14694,2.0,2.0,0.0,15,0.05,1,0,0,6
14695,2.0,2.0,0.0,15,0.05,1,0,0,5
14696,2.0,2.0,0.0,17,0.05,1,0,0,8
14697,2.0,2.0,0.0,15,0.05,1,0,0,7
14698,2.0,2.0,0.0,15,0.05,1,0,0,4
14699,2.0,2.0,0.0,16,0.05,1,0,0,7
14700,2.0,2.0,0.0,15,0.05,1,0,0,6
14701,2.0,2.0,0.0,15,0.05,1,0,0,5
14702,2.0,2.0,0.0,15,0.05,1,0,0,8
14703,2.0,2.0,0.0,15,0.05,1,0,0,5
14704,2.0,2.0,0.0,17,0.05,1,0,0,5
14705,2.0,2.0,0.0,18,0.05,1,0,0,7
14706,2.0,2.0,0.0,15,0.05,1,0,0,4
14707,2.0,2.0,0.0,17,0.05,1,0,0,9
14708,2.0,2.0,0.0,15,0.05,1,0,0,3
14709,2.0,2.0,0.0,15,0.05,1,0,0,6
14710,2.0,2.0,0.0,15,0.05,1,0,0,6
14711,2.0,2.0,0.0,15,0.05,1,0,0,6
14712,2.0,2.0,0.0,15,0.05,1,0,0,4
14713,2.0,2.0,0.0,15,0.05,1,0,0,6
14714,2.0,2.0,0.0,15,0.05,1,0,0,4
14715,2.0,2.0,0.0,17,0.05,1,0,0,5
14716,2.0,2.0,0.0,15,0.05,1,0,0,6
14717,2.0,2.0,0.0,17,0.05,1,0,0,6
14718,2.0,2.0,0.0,17,0.05,1,0,0,5
14719,2.0,2.0,0.0,16,0.05,1,0,0,8
14720,2.0,2.0,0.0,15,0.05,1,0,0,5
14721,2.0,2.0,0.0,15,0.05,1,0,0,4
14722,2.0,2.0,0.0,17,0.05,1,0,0,6
14723,2.0,2.0,0.0,15,0.05,1,0,0,3
14724,2.0,2.0,0.0,15,0.05,1,0,0,7
14725,2.0,2.0,0.0,16,0.05,1,0,0,6
14726,2.0,2.0,0.0,15,0.05,1,0,0,7
14727,2.0,2.0,0.0,19,0.05,1,0,0,7
14728,2.0,2.0,0.0,15,0.05,1,0,0,8
14729,2.0,2.0,0.0,17,0.05,1,0,0,10
14730,2.0,2.0,0.0,15,0.05,1,0,0,4
14731,2.0,2.0,0.0,15,0.05,1,0,0,5
14732,2.0,2.0,0.0,15,0.05,1,0,0,7
14733,2.0,2.0,0.0,21,0.05,1,0,0,10
14734,2.0,2.0,0.0,15,0.05,1,0,0,4
14735,2.0,2.0,0.0,20,0.05,1,0,0,8
14736,2.0,2.0,0.0,15,0.05,1,0,0,4
14737,2.0,2.0,0.0,15,0.05,1,0,0,6
14738,2.0,2.0,0.0,15,0.05,1,0,0,5
14739,2.0,2.0,0.0,17,0.05,1,0,0,7
14740,2.0,2.0,0.0,16,0.05,1,0,0,6
14741,2.0,2.0,0.0,15,0.05,1,0,0,5
14742,2.0,2.0,0.0,15,0.05,1,0,0,6
14743,2.0,2.0,0.0,15,0.05,1,0,0,8
14744,2.0,2.0,0.0,18,0.05,1,0,0,8
14745,2.0,2.0,0.0,17,0.05,1,0,0,8
14746,2.0,2.0,0.0,19,0.05,1,0,0,3
14747,2.0,2.0,0.0,15,0.05,1,0,0,5
14748,2.0,2.0,0.0,15,0.05,1,0,0,6
14749,2.0,2.0,0.0,18,0.05,1,0,0,8
14750,2.0,2.0,0.0,16,0.05,1,0,0,9
14751,2.0,2.0,0.0,18,0.05,1,0,0,5
14752,2.0,2.0,0.0,17,0.05,1,0,0,5
14753,2.0,2.0,0.0,15,0.05,1,0,0,3
14754,2.0,2.0,0.0,17,0.05,1,0,0,6
14755,2.0,2.0,0.0,15,0.05,1,0,0,8
14756,2.0,2.0,0.0,17,0.05,1,0,0,4
14757,2.0,2.0,0.0,15,0.05,1,0,0,4
14758,2.0,2.0,0.0,19,0.05,1,0,0,7
14759,2.0,2.0,0.0,17,0.05,1,0,0,6
14760,2.0,2.0,0.0,17,0.05,1,0,0,5
14761,2.0,2.0,0.0,15,0.05,1,0,0,5
14762,2.0,2.0,0.0,15,0.05,1,0,0,3
14763,2.0,2.0,0.0,15,0.05,1,0,0,8
14764,2.0,2.0,0.0,15,0.05,1,0,0,4
14765,2.0,2.0,0.0,15,0.05,1,0,0,3
14766,2.0,2.0,0.0,15,0.05,1,0,0,6
14767,2.0,2.0,0.0,15,0.05,1,0,0,8
14768,2.0,2.0,0.0,18,0.05,1,0,0,6
14769,2.0,2.0,0.0,15,0.05,1,0,0,6
14770,2.0,2.0,0.0,17,0.05,1,0,0,5
14771,2.0,2.0,0.0,18,0.05,1,0,0,7
14772,2.0,2.0,0.0,19,0.05,1,0,0,8
14773,2.0,2.0,0.0,17,0.05,1,0,0,9
14774,2.0,2.0,0.0,15,0.05,1,0,0,7
14775,2.0,2.0,0.0,15,0.05,1,0,0,7
14776,2.0,2.0,0.0,15,0.05,1,0,0,7
14777,2.0,2.0,0.0,15,0.05,1,0,0,5
14778,2.0,2.0,0.0,15,0.05,1,0,0,5
14779,2.0,2.0,0.0,15,0.05,1,0,0,3
14780,2.0,2.0,0.0,19,0.05,1,0,0,9
14781,2.0,2.0,0.0,15,0.05,1,0,0,6
14782,2.0,2.0,0.0,17,0.05,1,0,0,9
14783,2.0,2.0,0.0,25,0.05,1,0,0,16
14784,2.0,2.0,0.0,17,0.05,1,0,0,6
14785,2.0,2.0,0.0,16,0.05,1,0,0,4
14786,2.0,2.0,0.0,15,0.05,1,0,0,4
14787,2.0,2.0,0.0,15,0.05,1,0,0,6
14788,2.0,2.0,0.0,15,0.05,1,0,0,4
14789,2.0,2.0,0.0,15,0.05,1,0,0,5
14790,2.0,2.0,0.0,15,0.05,1,0,0,6
14791,2.0,2.0,0.0,17,0.05,1,0,0,8
14792,2.0,2.0,0.0,15,0.05,1,0,0,7
14793,2.0,2.0,0.0,17,0.05,1,0,0,5
14794,2.0,2.0,0.0,15,0.05,1,0,0,6
14795,2.0,2.0,0.0,15,0.05,1,0,0,7
14796,2.0,2.0,0.0,15,0.05,1,0,0,6
14797,2.0,2.0,0.0,15,0.05,1,0,0,1
14798,2.0,2.0,0.0,15,0.05,1,0,0,6
14799,2.0,2.0,0.0,15,0.05,1,0,0,6
14800,2.0,2.0,0.0,15,0.05,1,0,0,6
14801,2.0,2.0,0.0,15,0.05,1,0,0,4
14802,2.0,2.0,0.0,15,0.05,1,0,0,7
14803,2.0,2.0,0.0,15,0.05,1,0,0,6
14804,2.0,2.0,0.0,17,0.05,1,0,0,6
14805,2.0,2.0,0.0,15,0.05,1,0,0,5
14806,2.0,2.0,0.0,15,0.05,1,0,0,9
14807,2.0,2.0,0.0,15,0.05,1,0,0,8
14808,2.0,2.0,0.0,15,0.05,1,0,0,10
14809,2.0,2.0,0.0,17,0.05,1,0,0,6
14810,2.0,2.0,0.0,15,0.05,1,0,0,8
14811,2.0,2.0,0.0,15,0.05,1,0,0,3
14812,2.0,2.0,0.0,16,0.05,1,0,0,6
14813,2.0,2.0,0.0,17,0.05,1,0,0,8
14814,2.0,2.0,0.0,15,0.05,1,0,0,8
14815,2.0,2.0,0.0,17,0.05,1,0,0,5
14816,2.0,2.0,0.0,15,0.05,1,0,0,7
14817,2.0,2.0,0.0,15,0.05,1,0,0,5
14818,2.0,2.0,0.0,16,0.05,1,0,0,6
14819,2.0,2.0,0.0,17,0.05,1,0,0,3
14820,2.0,2.0,0.0,15,0.05,1,0,0,5
14821,2.0,2.0,0.0,15,0.05,1,0,0,5
14822,2.0,2.0,0.0,19,0.05,1,0,0,8
14823,2.0,2.0,0.0,15,0.05,1,0,0,5
14824,2.0,2.0,0.0,15,0.05,1,0,0,7
14825,2.0,2.0,0.0,15,0.05,1,0,0,7
14826,2.0,2.0,0.0,15,0.05,1,0,0,10
14827,2.0,2.0,0.0,15,0.05,1,0,0,4
14828,2.0,2.0,0.0,17,0.05,1,0,0,7
14829,2.0,2.0,0.0,15,0.05,1,0,0,7
14830,2.0,2.0,0.0,15,0.05,1,0,0,7
14831,2.0,2.0,0.0,15,0.05,1,0,0,5
14832,2.0,2.0,0.0,25,0.05,1,0,0,9
14833,2.0,2.0,0.0,17,0.05,1,0,0,5
14834,2.0,2.0,0.0,15,0.05,1,0,0,6
14835,2.0,2.0,0.0,15,0.05,1,0,0,5
14836,2.0,2.0,0.0,15,0.05,1,0,0,6
14837,2.0,2.0,0.0,16,0.05,1,0,0,8
14838,2.0,2.0,0.0,15,0.05,1,0,0,6
14839,2.0,2.0,0.0,15,0.05,1,0,0,8
14840,2.0,2.0,0.0,18,0.05,1,0,0,7
14841,2.0,2.0,0.0,15,0.05,1,0,0,6
14842,2.0,2.0,0.0,16,0.05,1,0,0,9
14843,2.0,2.0,0.0,15,0.05,1,0,0,3
14844,2.0,2.0,0.0,17,0.05,1,0,0,8
14845,2.0,2.0,0.0,17,0.05,1,0,0,9
14846,2.0,2.0,0.0,15,0.05,1,0,0,4
14847,2.0,2.0,0.0,17,0.05,1,0,0,7
14848,2.0,2.0,0.0,15,0.05,1,0,0,4
14849,1.0,1.0,0.0,23,0.05,0,1,0,7
14850,2.0,2.0,0.0,15,0.05,1,0,0,3
14851,2.0,2.0,0.0,17,0.05,1,0,0,7
14852,2.0,2.0,0.0,15,0.05,1,0,0,7
14853,2.0,2.0,0.0,15,0.05,1,0,0,5
14854,2.0,2.0,0.0,15,0.05,1,0,0,5
14855,2.0,2.0,0.0,17,0.05,1,0,0,2
14856,2.0,2.0,0.0,19,0.05,1,0,0,8
14857,2.0,2.0,0.0,15,0.05,1,0,0,5
14858,2.0,2.0,0.0,15,0.05,1,0,0,7
14859,2.0,2.0,0.0,17,0.05,1,0,0,8
14860,2.0,2.0,0.0,15,0.05,1,0,0,5
14861,2.0,2.0,0.0,15,0.05,1,0,0,5
14862,2.0,2.0,0.0,17,0.05,1,0,0,12
14863,2.0,2.0,0.0,15,0.05,1,0,0,5
14864,2.0,2.0,0.0,15,0.05,1,0,0,8
14865,2.0,2.0,0.0,16,0.05,1,0,0,5
14866,2.0,2.0,0.0,15,0.05,1,0,0,7
14867,2.0,2.0,0.0,17,0.05,1,0,0,2
14868,2.0,2.0,0.0,15,0.05,1,0,0,8
14869,2.0,2.0,0.0,19,0.05,1,0,0,10
14870,2.0,2.0,0.0,15,0.05,1,0,0,5
14871,2.0,2.0,0.0,15,0.05,1,0,0,8
14872,2.0,2.0,0.0,15,0.05,1,0,0,7
14873,2.0,2.0,0.0,15,0.05,1,0,0,8
14874,2.0,2.0,0.0,17,0.05,1,0,0,5
14875,2.0,2.0,0.0,15,0.05,1,0,0,8
14876,2.0,2.0,0.0,23,0.05,1,0,0,8
14877,2.0,2.0,0.0,17,0.05,1,0,0,6
14878,2.0,2.0,0.0,19,0.05,1,0,0,7
14879,2.0,2.0,0.0,15,0.05,1,0,0,6
14880,2.0,2.0,0.0,15,0.05,1,0,0,7
14881,2.0,2.0,0.0,15,0.05,1,0,0,6
14882,2.0,2.0,0.0,15,0.05,1,0,0,6
14883,2.0,2.0,0.0,15,0.05,1,0,0,2
14884,2.0,2.0,0.0,17,0.05,1,0,0,7
14885,2.0,2.0,0.0,15,0.05,1,0,0,6
14886,2.0,2.0,0.0,19,0.05,1,0,0,7
14887,2.0,2.0,0.0,15,0.05,1,0,0,9
14888,2.0,2.0,0.0,15,0.05,1,0,0,6
14889,2.0,2.0,0.0,15,0.05,1,0,0,5
14890,2.0,2.0,0.0,15,0.05,1,0,0,7
14891,2.0,2.0,0.0,15,0.05,1,0,0,7
14892,2.0,2.0,0.0,17,0.05,1,0,0,6
14893,2.0,2.0,0.0,15,0.05,1,0,0,7
14894,2.0,2.0,0.0,17,0.05,1,0,0,6
14895,2.0,2.0,0.0,15,0.05,1,0,0,5
14896,2.0,2.0,0.0,15,0.05,1,0,0,6
14897,2.0,2.0,0.0,17,0.05,1,0,0,8
14898,2.0,2.0,0.0,15,0.05,1,0,0,2
14899,2.0,2.0,0.0,19,0.05,1,0,0,11
14900,2.0,2.0,0.0,19,0.05,1,0,0,10
14901,2.0,2.0,0.0,17,0.05,1,0,0,7
14902,2.0,2.0,0.0,15,0.05,1,0,0,7
14903,2.0,2.0,0.0,15,0.05,1,0,0,5
14904,2.0,2.0,0.0,17,0.05,1,0,0,7
14905,2.0,2.0,0.0,15,0.05,1,0,0,5
14906,2.0,2.0,0.0,15,0.05,1,0,0,6
14907,2.0,2.0,0.0,19,0.05,1,0,0,7
14908,2.0,2.0,0.0,16,0.05,1,0,0,7
14909,2.0,2.0,0.0,15,0.05,1,0,0,8
14910,2.0,2.0,0.0,15,0.05,1,0,0,7
14911,2.0,2.0,0.0,15,0.05,1,0,0,3
14912,2.0,2.0,0.0,15,0.05,1,0,0,6
14913,2.0,2.0,0.0,15,0.05,1,0,0,6
14914,2.0,2.0,0.0,15,0.05,1,0,0,6
14915,2.0,2.0,0.0,15,0.05,1,0,0,4
14916,2.0,2.0,0.0,15,0.05,1,0,0,4
14917,2.0,2.0,0.0,15,0.05,1,0,0,7
14918,2.0,2.0,0.0,15,0.05,1,0,0,3
14919,2.0,2.0,0.0,17,0.05,1,0,0,7
14920,2.0,2.0,0.0,17,0.05,1,0,0,6
14921,2.0,2.0,0.0,17,0.05,1,0,0,4
14922,2.0,2.0,0.0,17,0.05,1,0,0,2
14923,2.0,2.0,0.0,15,0.05,1,0,0,7
14924,2.0,2.0,0.0,15,0.05,1,0,0,8
14925,2.0,2.0,0.0,15,0.05,1,0,0,4
14926,2.0,2.0,0.0,15,0.05,1,0,0,7
14927,2.0,2.0,0.0,17,0.05,1,0,0,7
14928,2.0,2.0,0.0,16,0.05,1,0,0,5
14929,2.0,2.0,0.0,15,0.05,1,0,0,4
14930,2.0,2.0,0.0,15,0.05,1,0,0,4
14931,2.0,2.0,0.0,15,0.05,1,0,0,5
14932,2.0,2.0,0.0,15,0.05,1,0,0,4
14933,2.0,2.0,0.0,15,0.05,1,0,0,5
14934,2.0,2.0,0.0,15,0.05,1,0,0,5
14935,2.0,2.0,0.0,15,0.05,1,0,0,4
14936,2.0,2.0,0.0,17,0.05,1,0,0,10
14937,2.0,2.0,0.0,15,0.05,1,0,0,9
14938,2.0,2.0,0.0,17,0.05,1,0,0,6
14939,2.0,2.0,0.0,19,0.05,1,0,0,7
14940,2.0,2.0,0.0,15,0.05,1,0,0,6
14941,2.0,2.0,0.0,17,0.05,1,0,0,7
14942,2.0,2.0,0.0,15,0.05,1,0,0,5
14943,2.0,2.0,0.0,15,0.05,1,0,0,4
14944,2.0,2.0,0.0,15,0.05,1,0,0,6
14945,2.0,2.0,0.0,15,0.05,1,0,0,7
14946,2.0,2.0,0.0,15,0.05,1,0,0,9
14947,2.0,2.0,0.0,15,0.05,1,0,0,7
14948,2.0,2.0,0.0,18,0.05,1,0,0,10
14949,2.0,2.0,0.0,15,0.05,1,0,0,4
14950,2.0,2.0,0.0,15,0.05,1,0,0,3
14951,2.0,2.0,0.0,15,0.05,1,0,0,5
14952,2.0,2.0,0.0,15,0.05,1,0,0,7
14953,2.0,2.0,0.0,15,0.05,1,0,0,4
14954,2.0,2.0,0.0,15,0.05,1,0,0,2
14955,2.0,2.0,0.0,15,0.05,1,0,0,6
14956,2.0,2.0,0.0,15,0.05,1,0,0,6
14957,2.0,2.0,0.0,15,0.05,1,0,0,6
14958,2.0,2.0,0.0,15,0.05,1,0,0,6
14959,2.0,2.0,0.0,15,0.05,1,0,0,9
14960,2.0,2.0,0.0,15,0.05,1,0,0,5
14961,2.0,2.0,0.0,18,0.05,1,0,0,11
14962,2.0,2.0,0.0,15,0.05,1,0,0,4
14963,2.0,2.0,0.0,15,0.05,1,0,0,7
14964,2.0,2.0,0.0,16,0.05,1,0,0,8
14965,2.0,2.0,0.0,15,0.05,1,0,0,5
14966,2.0,2.0,0.0,15,0.05,1,0,0,7
14967,2.0,2.0,0.0,15,0.05,1,0,0,7
14968,2.0,2.0,0.0,15,0.05,1,0,0,5
14969,2.0,2.0,0.0,15,0.05,1,0,0,2
14970,2.0,2.0,0.0,15,0.05,1,0,0,7
14971,2.0,2.0,0.0,16,0.05,1,0,0,1
14972,2.0,2.0,0.0,17,0.05,1,0,0,10
14973,2.0,2.0,0.0,17,0.05,1,0,0,4
14974,2.0,2.0,0.0,17,0.05,1,0,0,10
14975,2.0,2.0,0.0,16,0.05,1,0,0,5
14976,2.0,2.0,0.0,15,0.05,1,0,0,7
14977,2.0,2.0,0.0,15,0.05,1,0,0,6
14978,2.0,2.0,0.0,15,0.05,1,0,0,8
14979,2.0,2.0,0.0,17,0.05,1,0,0,5
14980,2.0,2.0,0.0,15,0.05,1,0,0,7
14981,2.0,2.0,0.0,16,0.05,1,0,0,3
14982,2.0,2.0,0.0,15,0.05,1,0,0,2
14983,2.0,2.0,0.0,15,0.05,1,0,0,8
14984,2.0,2.0,0.0,15,0.05,1,0,0,8
14985,2.0,2.0,0.0,15,0.05,1,0,0,3
14986,2.0,2.0,0.0,15,0.05,1,0,0,3
14987,2.0,2.0,0.0,17,0.05,1,0,0,4
14988,2.0,2.0,0.0,21,0.05,1,0,0,7
14989,2.0,2.0,0.0,15,0.05,1,0,0,8
14990,2.0,2.0,0.0,15,0.05,1,0,0,4
14991,2.0,2.0,0.0,15,0.05,1,0,0,6
14992,2.0,2.0,0.0,15,0.05,1,0,0,5
14993,2.0,2.0,0.0,16,0.05,1,0,0,6
14994,2.0,2.0,0.0,15,0.05,1,0,0,6
14995,2.0,2.0,0.0,15,0.05,1,0,0,2
14996,2.0,2.0,0.0,15,0.05,1,0,0,7
14997,2.0,2.0,0.0,15,0.05,1,0,0,6
14998,2.0,2.0,0.0,15,0.05,1,0,0,7
14999,2.0,2.0,0.0,17,0.05,1,0,0,5
15000,2.0,2.0,0.0,15,0.05,1,0,0,4
15001,2.0,2.0,0.0,15,0.05,1,0,0,9
15002,2.0,2.0,0.0,17,0.05,1,0,0,7
15003,2.0,2.0,0.0,15,0.05,1,0,0,8
15004,2.0,2.0,0.0,15,0.05,1,0,0,5
15005,2.0,2.0,0.0,15,0.05,1,0,0,8
15006,2.0,2.0,0.0,17,0.05,1,0,0,7
15007,2.0,2.0,0.0,17,0.05,1,0,0,6
15008,2.0,2.0,0.0,17,0.05,1,0,0,6
15009,2.0,2.0,0.0,15,0.05,1,0,0,6
15010,2.0,2.0,0.0,17,0.05,1,0,0,9
15011,2.0,2.0,0.0,15,0.05,1,0,0,8
15012,2.0,2.0,0.0,17,0.05,1,0,0,7
15013,2.0,2.0,0.0,19,0.05,1,0,0,5
15014,2.0,2.0,0.0,17,0.05,1,0,0,5
15015,2.0,2.0,0.0,16,0.05,1,0,0,5
15016,2.0,2.0,0.0,15,0.05,1,0,0,2
15017,2.0,2.0,0.0,17,0.05,1,0,0,10
15018,2.0,2.0,0.0,15,0.05,1,0,0,5
15019,2.0,2.0,0.0,15,0.05,1,0,0,5
15020,2.0,2.0,0.0,16,0.05,1,0,0,5
15021,2.0,2.0,0.0,15,0.05,1,0,0,6
15022,2.0,2.0,0.0,16,0.05,1,0,0,8
15023,2.0,2.0,0.0,15,0.05,1,0,0,6
15024,2.0,2.0,0.0,17,0.05,1,0,0,7
15025,2.0,2.0,0.0,16,0.05,1,0,0,5
15026,2.0,2.0,0.0,16,0.05,1,0,0,5
15027,2.0,2.0,0.0,15,0.05,1,0,0,7
15028,2.0,2.0,0.0,15,0.05,1,0,0,4
15029,2.0,2.0,0.0,17,0.05,1,0,0,5
15030,2.0,2.0,0.0,15,0.05,1,0,0,10
15031,2.0,2.0,0.0,15,0.05,1,0,0,6
15032,2.0,2.0,0.0,17,0.05,1,0,0,6
15033,2.0,2.0,0.0,17,0.05,1,0,0,5
15034,2.0,2.0,0.0,15,0.05,1,0,0,4
15035,2.0,2.0,0.0,15,0.05,1,0,0,9
15036,2.0,2.0,0.0,17,0.05,1,0,0,7
15037,2.0,2.0,0.0,17,0.05,1,0,0,7
15038,2.0,2.0,0.0,19,0.05,1,0,0,3
15039,2.0,2.0,0.0,21,0.05,1,0,0,11
15040,2.0,2.0,0.0,17,0.05,1,0,0,5
15041,2.0,2.0,0.0,17,0.05,1,0,0,6
15042,2.0,2.0,0.0,15,0.05,1,0,0,5
15043,2.0,2.0,0.0,15,0.05,1,0,0,6
15044,2.0,2.0,0.0,15,0.05,1,0,0,7
15045,2.0,2.0,0.0,16,0.05,1,0,0,7
15046,2.0,2.0,0.0,15,0.05,1,0,0,4
15047,2.0,2.0,0.0,15,0.05,1,0,0,5
15048,2.0,2.0,0.0,17,0.05,1,0,0,8
15049,2.0,2.0,0.0,18,0.05,1,0,0,4
15050,2.0,2.0,0.0,16,0.05,1,0,0,8
15051,2.0,2.0,0.0,15,0.05,1,0,0,5
15052,2.0,2.0,0.0,17,0.05,1,0,0,4
15053,2.0,2.0,0.0,18,0.05,1,0,0,5
15054,2.0,2.0,0.0,17,0.05,1,0,0,9
15055,2.0,2.0,0.0,15,0.05,1,0,0,4
15056,2.0,2.0,0.0,15,0.05,1,0,0,10
15057,2.0,2.0,0.0,15,0.05,1,0,0,7
15058,2.0,2.0,0.0,15,0.05,1,0,0,7
15059,2.0,2.0,0.0,15,0.05,1,0,0,6
15060,2.0,2.0,0.0,15,0.05,1,0,0,6
15061,2.0,2.0,0.0,15,0.05,1,0,0,7
15062,2.0,2.0,0.0,19,0.05,1,0,0,9
15063,2.0,2.0,0.0,15,0.05,1,0,0,5
15064,2.0,2.0,0.0,19,0.05,1,0,0,10
15065,2.0,2.0,0.0,17,0.05,1,0,0,6
15066,2.0,2.0,0.0,15,0.05,1,0,0,9
15067,2.0,2.0,0.0,15,0.05,1,0,0,8
15068,2.0,2.0,0.0,17,0.05,1,0,0,6
15069,2.0,2.0,0.0,17,0.05,1,0,0,8
15070,2.0,2.0,0.0,15,0.05,1,0,0,5
15071,2.0,2.0,0.0,15,0.05,1,0,0,4
15072,2.0,2.0,0.0,15,0.05,1,0,0,8
15073,2.0,2.0,0.0,15,0.05,1,0,0,5
15074,2.0,2.0,0.0,15,0.05,1,0,0,2
15075,2.0,2.0,0.0,17,0.05,1,0,0,8
15076,2.0,2.0,0.0,15,0.05,1,0,0,7
15077,2.0,2.0,0.0,15,0.05,1,0,0,7
15078,2.0,2.0,0.0,15,0.05,1,0,0,6
15079,2.0,2.0,0.0,15,0.05,1,0,0,3
15080,2.0,2.0,0.0,15,0.05,1,0,0,3
15081,2.0,2.0,0.0,15,0.05,1,0,0,6
15082,2.0,2.0,0.0,15,0.05,1,0,0,5
15083,2.0,2.0,0.0,17,0.05,1,0,0,7
15084,2.0,2.0,0.0,15,0.05,1,0,0,4
15085,2.0,2.0,0.0,15,0.05,1,0,0,8
15086,2.0,2.0,0.0,15,0.05,1,0,0,10
15087,2.0,2.0,0.0,17,0.05,1,0,0,5
15088,2.0,2.0,0.0,17,0.05,1,0,0,8
15089,2.0,2.0,0.0,15,0.05,1,0,0,4
15090,2.0,2.0,0.0,15,0.05,1,0,0,7
15091,2.0,2.0,0.0,15,0.05,1,0,0,6
15092,2.0,2.0,0.0,15,0.05,1,0,0,1
15093,2.0,2.0,0.0,18,0.05,1,0,0,7
15094,2.0,2.0,0.0,15,0.05,1,0,0,3
15095,2.0,2.0,0.0,15,0.05,1,0,0,9
15096,2.0,2.0,0.0,15,0.05,1,0,0,5
15097,2.0,2.0,0.0,15,0.05,1,0,0,9
15098,2.0,2.0,0.0,16,0.05,1,0,0,6
15099,2.0,2.0,0.0,17,0.05,1,0,0,4
15100,2.0,2.0,0.0,15,0.05,1,0,0,6
15101,2.0,2.0,0.0,16,0.05,1,0,0,7
15102,2.0,2.0,0.0,17,0.05,1,0,0,7
15103,2.0,2.0,0.0,15,0.05,1,0,0,7
15104,2.0,2.0,0.0,16,0.05,1,0,0,8
15105,2.0,2.0,0.0,15,0.05,1,0,0,4
15106,2.0,2.0,0.0,15,0.05,1,0,0,7
15107,2.0,2.0,0.0,17,0.05,1,0,0,6
15108,2.0,2.0,0.0,15,0.05,1,0,0,4
15109,2.0,2.0,0.0,17,0.05,1,0,0,8
15110,2.0,2.0,0.0,15,0.05,1,0,0,3
15111,2.0,2.0,0.0,18,0.05,1,0,0,8
15112,2.0,2.0,0.0,16,0.05,1,0,0,8
15113,2.0,2.0,0.0,15,0.05,1,0,0,4
15114,2.0,2.0,0.0,16,0.05,1,0,0,5
15115,2.0,2.0,0.0,17,0.05,1,0,0,8
15116,2.0,2.0,0.0,15,0.05,1,0,0,4
15117,2.0,2.0,0.0,19,0.05,1,0,0,8
15118,2.0,2.0,0.0,15,0.05,1,0,0,3
15119,2.0,2.0,0.0,15,0.05,1,0,0,5
15120,2.0,2.0,0.0,15,0.05,1,0,0,10
15121,2.0,2.0,0.0,15,0.05,1,0,0,7
15122,2.0,2.0,0.0,17,0.05,1,0,0,6
15123,2.0,2.0,0.0,15,0.05,1,0,0,4
15124,2.0,2.0,0.0,15,0.05,1,0,0,7
15125,2.0,2.0,0.0,15,0.05,1,0,0,4
15126,2.0,2.0,0.0,15,0.05,1,0,0,4
15127,2.0,2.0,0.0,15,0.05,1,0,0,5
15128,2.0,2.0,0.0,15,0.05,1,0,0,7
15129,2.0,2.0,0.0,15,0.05,1,0,0,5
15130,2.0,2.0,0.0,15,0.05,1,0,0,5
15131,2.0,2.0,0.0,17,0.05,1,0,0,5
15132,2.0,2.0,0.0,15,0.05,1,0,0,5
15133,2.0,2.0,0.0,17,0.05,1,0,0,6
15134,2.0,2.0,0.0,19,0.05,1,0,0,8
15135,2.0,2.0,0.0,17,0.05,1,0,0,7
15136,2.0,2.0,0.0,15,0.05,1,0,0,10
15137,2.0,2.0,0.0,15,0.05,1,0,0,7
15138,2.0,2.0,0.0,15,0.05,1,0,0,4
15139,2.0,2.0,0.0,15,0.05,1,0,0,5
15140,2.0,2.0,0.0,17,0.05,1,0,0,5
15141,2.0,2.0,0.0,15,0.05,1,0,0,4
15142,2.0,2.0,0.0,16,0.05,1,0,0,6
15143,2.0,2.0,0.0,15,0.05,1,0,0,9
15144,2.0,2.0,0.0,15,0.05,1,0,0,3
15145,2.0,2.0,0.0,17,0.05,1,0,0,10
15146,2.0,2.0,0.0,15,0.05,1,0,0,8
15147,2.0,2.0,0.0,17,0.05,1,0,0,7
15148,2.0,2.0,0.0,17,0.05,1,0,0,8
15149,2.0,2.0,0.0,17,0.05,1,0,0,8
15150,2.0,2.0,0.0,15,0.05,1,0,0,8
15151,2.0,2.0,0.0,17,0.05,1,0,0,5
15152,2.0,2.0,0.0,15,0.05,1,0,0,7
15153,2.0,2.0,0.0,15,0.05,1,0,0,3
15154,2.0,2.0,0.0,15,0.05,1,0,0,8
15155,2.0,2.0,0.0,17,0.05,1,0,0,7
15156,2.0,2.0,0.0,15,0.05,1,0,0,5
15157,2.0,2.0,0.0,16,0.05,1,0,0,6
15158,2.0,2.0,0.0,15,0.05,1,0,0,1
15159,2.0,2.0,0.0,17,0.05,1,0,0,6
15160,2.0,2.0,0.0,15,0.05,1,0,0,2
15161,2.0,2.0,0.0,15,0.05,1,0,0,4
15162,2.0,2.0,0.0,15,0.05,1,0,0,2
15163,2.0,2.0,0.0,15,0.05,1,0,0,5
15164,2.0,2.0,0.0,15,0.05,1,0,0,3
15165,2.0,2.0,0.0,15,0.05,1,0,0,8
15166,2.0,2.0,0.0,17,0.05,1,0,0,5
15167,2.0,2.0,0.0,15,0.05,1,0,0,6
15168,2.0,2.0,0.0,15,0.05,1,0,0,7
15169,2.0,2.0,0.0,15,0.05,1,0,0,5
15170,2.0,2.0,0.0,15,0.05,1,0,0,6
15171,2.0,2.0,0.0,17,0.05,1,0,0,5
15172,2.0,2.0,0.0,16,0.05,1,0,0,9
15173,2.0,2.0,0.0,15,0.05,1,0,0,4
15174,2.0,2.0,0.0,17,0.05,1,0,0,9
15175,2.0,2.0,0.0,18,0.05,1,0,0,7
15176,2.0,2.0,0.0,15,0.05,1,0,0,7
15177,2.0,2.0,0.0,15,0.05,1,0,0,7
15178,2.0,2.0,0.0,15,0.05,1,0,0,7
15179,2.0,2.0,0.0,15,0.05,1,0,0,7
15180,2.0,2.0,0.0,17,0.05,1,0,0,7
15181,2.0,2.0,0.0,15,0.05,1,0,0,4
15182,2.0,2.0,0.0,15,0.05,1,0,0,3
15183,2.0,2.0,0.0,17,0.05,1,0,0,9
15184,2.0,2.0,0.0,21,0.05,1,0,0,5
15185,2.0,2.0,0.0,17,0.05,1,0,0,7
15186,2.0,2.0,0.0,17,0.05,1,0,0,6
15187,2.0,2.0,0.0,15,0.05,1,0,0,7
15188,2.0,2.0,0.0,15,0.05,1,0,0,4
15189,2.0,2.0,0.0,15,0.05,1,0,0,8
15190,2.0,2.0,0.0,15,0.05,1,0,0,6
15191,2.0,2.0,0.0,17,0.05,1,0,0,5
15192,2.0,2.0,0.0,16,0.05,1,0,0,5
15193,2.0,2.0,0.0,17,0.05,1,0,0,6
15194,2.0,2.0,0.0,15,0.05,1,0,0,4
15195,2.0,2.0,0.0,15,0.05,1,0,0,7
15196,2.0,2.0,0.0,17,0.05,1,0,0,7
15197,2.0,2.0,0.0,15,0.05,1,0,0,3
15198,2.0,2.0,0.0,17,0.05,1,0,0,7
15199,2.0,2.0,0.0,17,0.05,1,0,0,5
15200,1.0,1.0,0.0,14,0.05,0,1,0,10
15201,2.0,2.0,0.0,15,0.05,1,0,0,8
15202,2.0,2.0,0.0,15,0.05,1,0,0,4
15203,2.0,2.0,0.0,16,0.05,1,0,0,9
15204,2.0,2.0,0.0,15,0.05,1,0,0,8
15205,2.0,2.0,0.0,15,0.05,1,0,0,7
15206,2.0,2.0,0.0,15,0.05,1,0,0,8
15207,2.0,2.0,0.0,17,0.05,1,0,0,9
15208,2.0,2.0,0.0,15,0.05,1,0,0,8
15209,2.0,2.0,0.0,15,0.05,1,0,0,9
15210,2.0,2.0,0.0,15,0.05,1,0,0,5
15211,2.0,2.0,0.0,15,0.05,1,0,0,5
15212,2.0,2.0,0.0,15,0.05,1,0,0,6
15213,2.0,2.0,0.0,15,0.05,1,0,0,5
15214,2.0,2.0,0.0,16,0.05,1,0,0,7
15215,2.0,2.0,0.0,18,0.05,1,0,0,10
15216,2.0,2.0,0.0,16,0.05,1,0,0,6
15217,2.0,2.0,0.0,15,0.05,1,0,0,6
15218,2.0,2.0,0.0,15,0.05,1,0,0,3
15219,2.0,2.0,0.0,15,0.05,1,0,0,7
15220,2.0,2.0,0.0,15,0.05,1,0,0,5
15221,2.0,2.0,0.0,15,0.05,1,0,0,5
15222,2.0,2.0,0.0,15,0.05,1,0,0,4
15223,2.0,2.0,0.0,21,0.05,1,0,0,7
15224,2.0,2.0,0.0,17,0.05,1,0,0,6
15225,2.0,2.0,0.0,15,0.05,1,0,0,2
15226,2.0,2.0,0.0,15,0.05,1,0,0,4
15227,2.0,2.0,0.0,16,0.05,1,0,0,7
15228,2.0,2.0,0.0,15,0.05,1,0,0,6
15229,2.0,2.0,0.0,17,0.05,1,0,0,8
15230,2.0,2.0,0.0,17,0.05,1,0,0,9
15231,2.0,2.0,0.0,15,0.05,1,0,0,7
15232,2.0,2.0,0.0,15,0.05,1,0,0,7
15233,2.0,2.0,0.0,17,0.05,1,0,0,2
15234,2.0,2.0,0.0,15,0.05,1,0,0,6
15235,2.0,2.0,0.0,15,0.05,1,0,0,5
15236,2.0,2.0,0.0,16,0.05,1,0,0,8
15237,2.0,2.0,0.0,15,0.05,1,0,0,6
15238,2.0,2.0,0.0,15,0.05,1,0,0,6
15239,2.0,2.0,0.0,16,0.05,1,0,0,4
15240,2.0,2.0,0.0,16,0.05,1,0,0,8
15241,2.0,2.0,0.0,15,0.05,1,0,0,7
15242,2.0,2.0,0.0,15,0.05,1,0,0,4
15243,2.0,2.0,0.0,17,0.05,1,0,0,6
15244,2.0,2.0,0.0,15,0.05,1,0,0,6
15245,2.0,2.0,0.0,15,0.05,1,0,0,5
15246,2.0,2.0,0.0,15,0.05,1,0,0,5
15247,2.0,2.0,0.0,15,0.05,1,0,0,5
15248,2.0,2.0,0.0,17,0.05,1,0,0,5
15249,2.0,2.0,0.0,15,0.05,1,0,0,5
15250,2.0,2.0,0.0,15,0.05,1,0,0,7
15251,2.0,2.0,0.0,15,0.05,1,0,0,5
15252,2.0,2.0,0.0,17,0.05,1,0,0,8
15253,2.0,2.0,0.0,15,0.05,1,0,0,4
15254,2.0,2.0,0.0,15,0.05,1,0,0,7
15255,2.0,2.0,0.0,16,0.05,1,0,0,7
15256,2.0,2.0,0.0,15,0.05,1,0,0,7
15257,2.0,2.0,0.0,15,0.05,1,0,0,8
15258,2.0,2.0,0.0,18,0.05,1,0,0,8
15259,2.0,2.0,0.0,15,0.05,1,0,0,4
15260,2.0,2.0,0.0,15,0.05,1,0,0,3
15261,2.0,2.0,0.0,15,0.05,1,0,0,4
15262,2.0,2.0,0.0,16,0.05,1,0,0,2
15263,2.0,2.0,0.0,17,0.05,1,0,0,7
15264,2.0,2.0,0.0,15,0.05,1,0,0,4
15265,2.0,2.0,0.0,15,0.05,1,0,0,6
15266,2.0,2.0,0.0,15,0.05,1,0,0,8
15267,2.0,2.0,0.0,15,0.05,1,0,0,4
15268,2.0,2.0,0.0,17,0.05,1,0,0,7
15269,2.0,2.0,0.0,15,0.05,1,0,0,7
15270,2.0,2.0,0.0,15,0.05,1,0,0,7
15271,2.0,2.0,0.0,17,0.05,1,0,0,5
15272,2.0,2.0,0.0,18,0.05,1,0,0,6
15273,2.0,2.0,0.0,18,0.05,1,0,0,5
15274,2.0,2.0,0.0,15,0.05,1,0,0,7
15275,2.0,2.0,0.0,15,0.05,1,0,0,5
15276,2.0,2.0,0.0,21,0.05,1,0,0,6
15277,2.0,2.0,0.0,15,0.05,1,0,0,6
15278,2.0,2.0,0.0,15,0.05,1,0,0,6
15279,2.0,2.0,0.0,15,0.05,1,0,0,5
15280,2.0,2.0,0.0,15,0.05,1,0,0,4
15281,2.0,2.0,0.0,15,0.05,1,0,0,6
15282,2.0,2.0,0.0,15,0.05,1,0,0,6
15283,2.0,2.0,0.0,17,0.05,1,0,0,9
15284,2.0,2.0,0.0,15,0.05,1,0,0,4
15285,2.0,2.0,0.0,15,0.05,1,0,0,5
15286,2.0,2.0,0.0,15,0.05,1,0,0,4
15287,2.0,2.0,0.0,15,0.05,1,0,0,4
15288,2.0,2.0,0.0,15,0.05,1,0,0,4
15289,2.0,2.0,0.0,15,0.05,1,0,0,5
15290,2.0,2.0,0.0,15,0.05,1,0,0,6
15291,2.0,2.0,0.0,15,0.05,1,0,0,6
15292,2.0,2.0,0.0,15,0.05,1,0,0,6
15293,2.0,2.0,0.0,15,0.05,1,0,0,6
15294,2.0,2.0,0.0,15,0.05,1,0,0,4
15295,2.0,2.0,0.0,15,0.05,1,0,0,5
15296,2.0,2.0,0.0,15,0.05,1,0,0,4
15297,2.0,2.0,0.0,15,0.05,1,0,0,4
15298,2.0,2.0,0.0,17,0.05,1,0,0,9
15299,2.0,2.0,0.0,15,0.05,1,0,0,9
15300,2.0,2.0,0.0,15,0.05,1,0,0,2
15301,2.0,2.0,0.0,17,0.05,1,0,0,8
15302,2.0,2.0,0.0,15,0.05,1,0,0,8
15303,2.0,2.0,0.0,16,0.05,1,0,0,5
15304,2.0,2.0,0.0,15,0.05,1,0,0,7
15305,2.0,2.0,0.0,17,0.05,1,0,0,5
15306,2.0,2.0,0.0,15,0.05,1,0,0,6
15307,2.0,2.0,0.0,16,0.05,1,0,0,10
15308,2.0,2.0,0.0,17,0.05,1,0,0,8
15309,2.0,2.0,0.0,17,0.05,1,0,0,3
15310,2.0,2.0,0.0,17,0.05,1,0,0,2
15311,2.0,2.0,0.0,15,0.05,1,0,0,7
15312,2.0,2.0,0.0,15,0.05,1,0,0,5
15313,2.0,2.0,0.0,15,0.05,1,0,0,4
15314,2.0,2.0,0.0,15,0.05,1,0,0,7
15315,2.0,2.0,0.0,15,0.05,1,0,0,5
15316,2.0,2.0,0.0,22,0.05,1,0,0,3
15317,2.0,2.0,0.0,17,0.05,1,0,0,6
15318,2.0,2.0,0.0,17,0.05,1,0,0,9
15319,2.0,2.0,0.0,17,0.05,1,0,0,3
15320,2.0,2.0,0.0,15,0.05,1,0,0,3
15321,2.0,2.0,0.0,15,0.05,1,0,0,4
15322,2.0,2.0,0.0,15,0.05,1,0,0,3
15323,2.0,2.0,0.0,17,0.05,1,0,0,6
15324,2.0,2.0,0.0,15,0.05,1,0,0,5
15325,2.0,2.0,0.0,15,0.05,1,0,0,4
15326,2.0,2.0,0.0,15,0.05,1,0,0,4
15327,2.0,2.0,0.0,15,0.05,1,0,0,9
15328,2.0,2.0,0.0,15,0.05,1,0,0,8
15329,2.0,2.0,0.0,15,0.05,1,0,0,4
15330,2.0,2.0,0.0,16,0.05,1,0,0,4
15331,2.0,2.0,0.0,15,0.05,1,0,0,3
15332,2.0,2.0,0.0,15,0.05,1,0,0,6
15333,2.0,2.0,0.0,15,0.05,1,0,0,2
15334,2.0,2.0,0.0,16,0.05,1,0,0,4
15335,2.0,2.0,0.0,15,0.05,1,0,0,6
15336,2.0,2.0,0.0,17,0.05,1,0,0,9
15337,2.0,2.0,0.0,17,0.05,1,0,0,4
15338,2.0,2.0,0.0,17,0.05,1,0,0,3
15339,2.0,2.0,0.0,15,0.05,1,0,0,6
15340,2.0,2.0,0.0,15,0.05,1,0,0,4
15341,2.0,2.0,0.0,17,0.05,1,0,0,7
15342,2.0,2.0,0.0,17,0.05,1,0,0,5
15343,2.0,2.0,0.0,15,0.05,1,0,0,5
15344,2.0,2.0,0.0,18,0.05,1,0,0,6
15345,2.0,2.0,0.0,17,0.05,1,0,0,5
15346,2.0,2.0,0.0,15,0.05,1,0,0,7
15347,2.0,2.0,0.0,16,0.05,1,0,0,7
15348,2.0,2.0,0.0,18,0.05,1,0,0,6
15349,2.0,2.0,0.0,15,0.05,1,0,0,6
15350,2.0,2.0,0.0,18,0.05,1,0,0,9
15351,2.0,2.0,0.0,15,0.05,1,0,0,5
15352,2.0,2.0,0.0,15,0.05,1,0,0,5
15353,2.0,2.0,0.0,16,0.05,1,0,0,7
15354,2.0,2.0,0.0,16,0.05,1,0,0,10
15355,2.0,2.0,0.0,15,0.05,1,0,0,4
15356,2.0,2.0,0.0,17,0.05,1,0,0,6
15357,2.0,2.0,0.0,18,0.05,1,0,0,7
15358,2.0,2.0,0.0,15,0.05,1,0,0,4
15359,2.0,2.0,0.0,15,0.05,1,0,0,9
15360,2.0,2.0,0.0,15,0.05,1,0,0,7
15361,2.0,2.0,0.0,17,0.05,1,0,0,8
15362,2.0,2.0,0.0,15,0.05,1,0,0,6
15363,2.0,2.0,0.0,15,0.05,1,0,0,5
15364,2.0,2.0,0.0,17,0.05,1,0,0,8
15365,2.0,2.0,0.0,15,0.05,1,0,0,3
15366,2.0,2.0,0.0,17,0.05,1,0,0,4
15367,2.0,2.0,0.0,15,0.05,1,0,0,6
15368,2.0,2.0,0.0,19,0.05,1,0,0,7
15369,2.0,2.0,0.0,17,0.05,1,0,0,5
15370,2.0,2.0,0.0,18,0.05,1,0,0,6
15371,2.0,2.0,0.0,15,0.05,1,0,0,2
15372,2.0,2.0,0.0,17,0.05,1,0,0,7
15373,2.0,2.0,0.0,15,0.05,1,0,0,4
15374,2.0,2.0,0.0,16,0.05,1,0,0,10
15375,2.0,2.0,0.0,15,0.05,1,0,0,6
15376,2.0,2.0,0.0,15,0.05,1,0,0,5
15377,2.0,2.0,0.0,15,0.05,1,0,0,5
15378,2.0,2.0,0.0,15,0.05,1,0,0,4
15379,2.0,2.0,0.0,17,0.05,1,0,0,4
15380,2.0,2.0,0.0,16,0.05,1,0,0,12
15381,2.0,2.0,0.0,15,0.05,1,0,0,8
15382,2.0,2.0,0.0,15,0.05,1,0,0,8
15383,2.0,2.0,0.0,15,0.05,1,0,0,7
15384,2.0,2.0,0.0,15,0.05,1,0,0,1
15385,1.0,1.0,0.0,15,0.05,0,1,0,9
15386,2.0,2.0,0.0,17,0.05,1,0,0,9
15387,2.0,2.0,0.0,17,0.05,1,0,0,6
15388,2.0,2.0,0.0,15,0.05,1,0,0,6
15389,2.0,2.0,0.0,17,0.05,1,0,0,8
15390,2.0,2.0,0.0,17,0.05,1,0,0,8
15391,2.0,2.0,0.0,15,0.05,1,0,0,5
15392,2.0,2.0,0.0,15,0.05,1,0,0,7
15393,2.0,2.0,0.0,15,0.05,1,0,0,4
15394,2.0,2.0,0.0,15,0.05,1,0,0,4
15395,2.0,2.0,0.0,15,0.05,1,0,0,3
15396,2.0,2.0,0.0,15,0.05,1,0,0,6
15397,2.0,2.0,0.0,15,0.05,1,0,0,6
15398,2.0,2.0,0.0,15,0.05,1,0,0,7
15399,2.0,2.0,0.0,15,0.05,1,0,0,8
15400,2.0,2.0,0.0,17,0.05,1,0,0,4
15401,2.0,2.0,0.0,15,0.05,1,0,0,9
15402,2.0,2.0,0.0,15,0.05,1,0,0,6
15403,2.0,2.0,0.0,15,0.05,1,0,0,4
15404,2.0,2.0,0.0,15,0.05,1,0,0,6
15405,2.0,2.0,0.0,15,0.05,1,0,0,4
15406,2.0,2.0,0.0,17,0.05,1,0,0,7
15407,2.0,2.0,0.0,15,0.05,1,0,0,4
15408,2.0,2.0,0.0,16,0.05,1,0,0,8
15409,2.0,2.0,0.0,15,0.05,1,0,0,8
15410,2.0,2.0,0.0,17,0.05,1,0,0,8
15411,2.0,2.0,0.0,15,0.05,1,0,0,3
15412,2.0,2.0,0.0,15,0.05,1,0,0,4
15413,2.0,2.0,0.0,15,0.05,1,0,0,3
15414,2.0,2.0,0.0,15,0.05,1,0,0,4
15415,2.0,2.0,0.0,19,0.05,1,0,0,3
15416,2.0,2.0,0.0,15,0.05,1,0,0,8
15417,2.0,2.0,0.0,17,0.05,1,0,0,7
15418,2.0,2.0,0.0,15,0.05,1,0,0,6
15419,2.0,2.0,0.0,19,0.05,1,0,0,7
15420,2.0,2.0,0.0,15,0.05,1,0,0,2
15421,2.0,2.0,0.0,15,0.05,1,0,0,8
15422,2.0,2.0,0.0,15,0.05,1,0,0,3
15423,2.0,2.0,0.0,15,0.05,1,0,0,11
15424,2.0,2.0,0.0,18,0.05,1,0,0,6
15425,2.0,2.0,0.0,15,0.05,1,0,0,4
15426,2.0,2.0,0.0,17,0.05,1,0,0,11
15427,2.0,2.0,0.0,15,0.05,1,0,0,5
15428,2.0,2.0,0.0,17,0.05,1,0,0,7
15429,2.0,2.0,0.0,15,0.05,1,0,0,6
15430,2.0,2.0,0.0,15,0.05,1,0,0,3
15431,2.0,2.0,0.0,15,0.05,1,0,0,7
15432,2.0,2.0,0.0,15,0.05,1,0,0,7
15433,2.0,2.0,0.0,17,0.05,1,0,0,4
15434,2.0,2.0,0.0,15,0.05,1,0,0,7
15435,2.0,2.0,0.0,17,0.05,1,0,0,5
15436,2.0,2.0,0.0,19,0.05,1,0,0,5
15437,2.0,2.0,0.0,15,0.05,1,0,0,3
15438,2.0,2.0,0.0,15,0.05,1,0,0,6
15439,2.0,2.0,0.0,15,0.05,1,0,0,4
15440,2.0,2.0,0.0,19,0.05,1,0,0,7
15441,2.0,2.0,0.0,15,0.05,1,0,0,5
15442,2.0,2.0,0.0,17,0.05,1,0,0,6
15443,2.0,2.0,0.0,15,0.05,1,0,0,6
15444,2.0,2.0,0.0,18,0.05,1,0,0,6
15445,2.0,2.0,0.0,16,0.05,1,0,0,8
15446,2.0,2.0,0.0,15,0.05,1,0,0,3
15447,2.0,2.0,0.0,15,0.05,1,0,0,5
15448,2.0,2.0,0.0,15,0.05,1,0,0,6
15449,2.0,2.0,0.0,17,0.05,1,0,0,9
15450,2.0,2.0,0.0,17,0.05,1,0,0,8
15451,2.0,2.0,0.0,15,0.05,1,0,0,4
15452,2.0,2.0,0.0,15,0.05,1,0,0,11
15453,2.0,2.0,0.0,15,0.05,1,0,0,6
15454,2.0,2.0,0.0,15,0.05,1,0,0,4
15455,2.0,2.0,0.0,15,0.05,1,0,0,4
15456,2.0,2.0,0.0,17,0.05,1,0,0,4
15457,2.0,2.0,0.0,15,0.05,1,0,0,6
15458,2.0,2.0,0.0,30,0.05,1,0,0,11
15459,2.0,2.0,0.0,15,0.05,1,0,0,5
15460,2.0,2.0,0.0,15,0.05,1,0,0,4
15461,2.0,2.0,0.0,15,0.05,1,0,0,4
15462,2.0,2.0,0.0,15,0.05,1,0,0,7
15463,2.0,2.0,0.0,15,0.05,1,0,0,5
15464,2.0,2.0,0.0,15,0.05,1,0,0,7
15465,2.0,2.0,0.0,15,0.05,1,0,0,7
15466,2.0,2.0,0.0,17,0.05,1,0,0,6
15467,2.0,2.0,0.0,22,0.05,1,0,0,11
15468,2.0,2.0,0.0,15,0.05,1,0,0,3
15469,2.0,2.0,0.0,15,0.05,1,0,0,7
15470,2.0,2.0,0.0,15,0.05,1,0,0,7
15471,2.0,2.0,0.0,15,0.05,1,0,0,5
15472,2.0,2.0,0.0,15,0.05,1,0,0,4
15473,2.0,2.0,0.0,15,0.05,1,0,0,6
15474,0.0,0.0,0.0,14,0.05,0,1,0,6
15475,2.0,2.0,0.0,15,0.05,1,0,0,4
15476,2.0,2.0,0.0,15,0.05,1,0,0,5
15477,2.0,2.0,0.0,15,0.05,1,0,0,7
15478,2.0,2.0,0.0,17,0.05,1,0,0,4
15479,2.0,2.0,0.0,17,0.05,1,0,0,8
15480,2.0,2.0,0.0,15,0.05,1,0,0,8
15481,2.0,2.0,0.0,16,0.05,1,0,0,4
15482,2.0,2.0,0.0,19,0.05,1,0,0,9
15483,2.0,2.0,0.0,15,0.05,1,0,0,6
15484,2.0,2.0,0.0,15,0.05,1,0,0,6
15485,2.0,2.0,0.0,15,0.05,1,0,0,4
15486,2.0,2.0,0.0,15,0.05,1,0,0,6
15487,2.0,2.0,0.0,17,0.05,1,0,0,4
15488,2.0,2.0,0.0,15,0.05,1,0,0,7
15489,2.0,2.0,0.0,17,0.05,1,0,0,9
15490,2.0,2.0,0.0,18,0.05,1,0,0,8
15491,2.0,2.0,0.0,15,0.05,1,0,0,6
15492,2.0,2.0,0.0,15,0.05,1,0,0,7
15493,2.0,2.0,0.0,15,0.05,1,0,0,5
15494,2.0,2.0,0.0,17,0.05,1,0,0,6
15495,2.0,2.0,0.0,15,0.05,1,0,0,7
15496,2.0,2.0,0.0,16,0.05,1,0,0,6
15497,2.0,2.0,0.0,17,0.05,1,0,0,8
15498,2.0,2.0,0.0,17,0.05,1,0,0,6
15499,0.0,0.0,0.0,13,0.05,0,1,0,5
15500,2.0,2.0,0.0,16,0.05,1,0,0,8
15501,2.0,2.0,0.0,15,0.05,1,0,0,6
15502,2.0,2.0,0.0,15,0.05,1,0,0,5
15503,2.0,2.0,0.0,15,0.05,1,0,0,7
15504,2.0,2.0,0.0,20,0.05,1,0,0,7
15505,2.0,2.0,0.0,15,0.05,1,0,0,5
15506,2.0,2.0,0.0,15,0.05,1,0,0,1
15507,2.0,2.0,0.0,17,0.05,1,0,0,6
15508,2.0,2.0,0.0,17,0.05,1,0,0,6
15509,2.0,2.0,0.0,17,0.05,1,0,0,6
15510,2.0,2.0,0.0,15,0.05,1,0,0,4
15511,2.0,2.0,0.0,15,0.05,1,0,0,6
15512,2.0,2.0,0.0,17,0.05,1,0,0,4
15513,2.0,2.0,0.0,15,0.05,1,0,0,4
15514,2.0,2.0,0.0,15,0.05,1,0,0,9
15515,2.0,2.0,0.0,15,0.05,1,0,0,8
15516,2.0,2.0,0.0,17,0.05,1,0,0,8
15517,2.0,2.0,0.0,15,0.05,1,0,0,3
15518,2.0,2.0,0.0,15,0.05,1,0,0,7
15519,2.0,2.0,0.0,23,0.05,1,0,0,13
15520,2.0,2.0,0.0,18,0.05,1,0,0,6
15521,2.0,2.0,0.0,19,0.05,1,0,0,5
15522,2.0,2.0,0.0,16,0.05,1,0,0,6
15523,2.0,2.0,0.0,19,0.05,1,0,0,8
15524,2.0,2.0,0.0,15,0.05,1,0,0,6
15525,2.0,2.0,0.0,17,0.05,1,0,0,8
15526,2.0,2.0,0.0,15,0.05,1,0,0,5
15527,2.0,2.0,0.0,15,0.05,1,0,0,5
15528,2.0,2.0,0.0,15,0.05,1,0,0,6
15529,2.0,2.0,0.0,15,0.05,1,0,0,3
15530,2.0,2.0,0.0,17,0.05,1,0,0,6
15531,2.0,2.0,0.0,15,0.05,1,0,0,8
15532,2.0,2.0,0.0,15,0.05,1,0,0,6
15533,2.0,2.0,0.0,16,0.05,1,0,0,7
15534,2.0,2.0,0.0,19,0.05,1,0,0,8
15535,2.0,2.0,0.0,15,0.05,1,0,0,3
15536,2.0,2.0,0.0,15,0.05,1,0,0,4
15537,2.0,2.0,0.0,15,0.05,1,0,0,2
15538,2.0,2.0,0.0,17,0.05,1,0,0,5
15539,2.0,2.0,0.0,15,0.05,1,0,0,4
15540,2.0,2.0,0.0,19,0.05,1,0,0,8
15541,2.0,2.0,0.0,17,0.05,1,0,0,4
15542,2.0,2.0,0.0,15,0.05,1,0,0,5
15543,2.0,2.0,0.0,17,0.05,1,0,0,4
15544,2.0,2.0,0.0,17,0.05,1,0,0,5
15545,2.0,2.0,0.0,15,0.05,1,0,0,7
15546,2.0,2.0,0.0,17,0.05,1,0,0,5
15547,2.0,2.0,0.0,15,0.05,1,0,0,5
15548,2.0,2.0,0.0,18,0.05,1,0,0,8
15549,2.0,2.0,0.0,15,0.05,1,0,0,6
15550,2.0,2.0,0.0,17,0.05,1,0,0,5
15551,2.0,2.0,0.0,15,0.05,1,0,0,5
15552,2.0,2.0,0.0,18,0.05,1,0,0,10
15553,2.0,2.0,0.0,18,0.05,1,0,0,9
15554,2.0,2.0,0.0,15,0.05,1,0,0,5
15555,2.0,2.0,0.0,15,0.05,1,0,0,5
15556,2.0,2.0,0.0,15,0.05,1,0,0,3
15557,2.0,2.0,0.0,17,0.05,1,0,0,9
15558,2.0,2.0,0.0,15,0.05,1,0,0,3
15559,2.0,2.0,0.0,17,0.05,1,0,0,7
15560,2.0,2.0,0.0,15,0.05,1,0,0,3
15561,2.0,2.0,0.0,15,0.05,1,0,0,6
15562,2.0,2.0,0.0,15,0.05,1,0,0,7
15563,2.0,2.0,0.0,15,0.05,1,0,0,8
15564,2.0,2.0,0.0,16,0.05,1,0,0,8
15565,2.0,2.0,0.0,15,0.05,1,0,0,5
15566,2.0,2.0,0.0,17,0.05,1,0,0,7
15567,2.0,2.0,0.0,15,0.05,1,0,0,6
15568,2.0,2.0,0.0,15,0.05,1,0,0,3
15569,2.0,2.0,0.0,15,0.05,1,0,0,5
15570,2.0,2.0,0.0,15,0.05,1,0,0,7
15571,2.0,2.0,0.0,15,0.05,1,0,0,5
15572,2.0,2.0,0.0,21,0.05,1,0,0,6
15573,2.0,2.0,0.0,15,0.05,1,0,0,5
15574,2.0,2.0,0.0,16,0.05,1,0,0,7
15575,2.0,2.0,0.0,15,0.05,1,0,0,8
15576,2.0,2.0,0.0,15,0.05,1,0,0,7
15577,2.0,2.0,0.0,17,0.05,1,0,0,5
15578,2.0,2.0,0.0,15,0.05,1,0,0,8
15579,2.0,2.0,0.0,15,0.05,1,0,0,3
15580,2.0,2.0,0.0,15,0.05,1,0,0,6
15581,2.0,2.0,0.0,16,0.05,1,0,0,10
15582,2.0,2.0,0.0,15,0.05,1,0,0,3
15583,2.0,2.0,0.0,17,0.05,1,0,0,7
15584,2.0,2.0,0.0,17,0.05,1,0,0,5
15585,2.0,2.0,0.0,15,0.05,1,0,0,4
15586,2.0,2.0,0.0,19,0.05,1,0,0,7
15587,2.0,2.0,0.0,15,0.05,1,0,0,9
15588,2.0,2.0,0.0,15,0.05,1,0,0,6
15589,2.0,2.0,0.0,17,0.05,1,0,0,6
15590,2.0,2.0,0.0,15,0.05,1,0,0,8
15591,2.0,2.0,0.0,15,0.05,1,0,0,8
15592,2.0,2.0,0.0,15,0.05,1,0,0,2
15593,2.0,2.0,0.0,15,0.05,1,0,0,4
15594,2.0,2.0,0.0,15,0.05,1,0,0,2
15595,2.0,2.0,0.0,15,0.05,1,0,0,5
15596,2.0,2.0,0.0,21,0.05,1,0,0,11
15597,2.0,2.0,0.0,17,0.05,1,0,0,8
15598,2.0,2.0,0.0,19,0.05,1,0,0,6
15599,2.0,2.0,0.0,15,0.05,1,0,0,5
15600,2.0,2.0,0.0,18,0.05,1,0,0,6
15601,2.0,2.0,0.0,15,0.05,1,0,0,7
15602,2.0,2.0,0.0,15,0.05,1,0,0,7
15603,2.0,2.0,0.0,15,0.05,1,0,0,4
15604,2.0,2.0,0.0,15,0.05,1,0,0,4
15605,2.0,2.0,0.0,15,0.05,1,0,0,6
15606,2.0,2.0,0.0,15,0.05,1,0,0,5
15607,2.0,2.0,0.0,17,0.05,1,0,0,4
15608,2.0,2.0,0.0,15,0.05,1,0,0,4
15609,2.0,2.0,0.0,17,0.05,1,0,0,2
15610,2.0,2.0,0.0,15,0.05,1,0,0,3
15611,2.0,2.0,0.0,17,0.05,1,0,0,12
15612,2.0,2.0,0.0,15,0.05,1,0,0,2
15613,2.0,2.0,0.0,15,0.05,1,0,0,7
15614,2.0,2.0,0.0,17,0.05,1,0,0,8
15615,2.0,2.0,0.0,17,0.05,1,0,0,11
15616,2.0,2.0,0.0,17,0.05,1,0,0,5
15617,2.0,2.0,0.0,15,0.05,1,0,0,6
15618,2.0,2.0,0.0,17,0.05,1,0,0,6
15619,2.0,2.0,0.0,15,0.05,1,0,0,4
15620,2.0,2.0,0.0,15,0.05,1,0,0,7
15621,2.0,2.0,0.0,15,0.05,1,0,0,5
15622,2.0,2.0,0.0,15,0.05,1,0,0,6
15623,2.0,2.0,0.0,15,0.05,1,0,0,3
15624,2.0,2.0,0.0,15,0.05,1,0,0,3
15625,2.0,2.0,0.0,15,0.05,1,0,0,8
15626,2.0,2.0,0.0,17,0.05,1,0,0,7
15627,2.0,2.0,0.0,16,0.05,1,0,0,9
15628,2.0,2.0,0.0,17,0.05,1,0,0,7
15629,2.0,2.0,0.0,15,0.05,1,0,0,4
15630,2.0,2.0,0.0,17,0.05,1,0,0,8
15631,2.0,2.0,0.0,15,0.05,1,0,0,3
15632,2.0,2.0,0.0,15,0.05,1,0,0,7
15633,2.0,2.0,0.0,18,0.05,1,0,0,5
15634,2.0,2.0,0.0,15,0.05,1,0,0,5
15635,2.0,2.0,0.0,15,0.05,1,0,0,6
15636,2.0,2.0,0.0,15,0.05,1,0,0,6
15637,2.0,2.0,0.0,15,0.05,1,0,0,8
15638,2.0,2.0,0.0,16,0.05,1,0,0,6
15639,2.0,2.0,0.0,23,0.05,1,0,0,9
15640,2.0,2.0,0.0,15,0.05,1,0,0,5
15641,2.0,2.0,0.0,17,0.05,1,0,0,5
15642,2.0,2.0,0.0,21,0.05,1,0,0,5
15643,2.0,2.0,0.0,18,0.05,1,0,0,9
15644,2.0,2.0,0.0,17,0.05,1,0,0,5
15645,2.0,2.0,0.0,19,0.05,1,0,0,5
15646,2.0,2.0,0.0,17,0.05,1,0,0,7
15647,2.0,2.0,0.0,15,0.05,1,0,0,3
15648,2.0,2.0,0.0,19,0.05,1,0,0,4
15649,2.0,2.0,0.0,15,0.05,1,0,0,3
15650,2.0,2.0,0.0,17,0.05,1,0,0,8
15651,2.0,2.0,0.0,15,0.05,1,0,0,6
15652,2.0,2.0,0.0,15,0.05,1,0,0,6
15653,2.0,2.0,0.0,15,0.05,1,0,0,3
15654,2.0,2.0,0.0,15,0.05,1,0,0,4
15655,2.0,2.0,0.0,17,0.05,1,0,0,7
15656,2.0,2.0,0.0,15,0.05,1,0,0,3
15657,2.0,2.0,0.0,15,0.05,1,0,0,6
15658,2.0,2.0,0.0,15,0.05,1,0,0,5
15659,2.0,2.0,0.0,15,0.05,1,0,0,6
15660,2.0,2.0,0.0,18,0.05,1,0,0,10
15661,2.0,2.0,0.0,15,0.05,1,0,0,5
15662,2.0,2.0,0.0,21,0.05,1,0,0,7
15663,2.0,2.0,0.0,15,0.05,1,0,0,4
15664,2.0,2.0,0.0,15,0.05,1,0,0,8
15665,0.0,0.0,0.0,13,0.05,0,1,0,9
15666,2.0,2.0,0.0,17,0.05,1,0,0,11
15667,2.0,2.0,0.0,15,0.05,1,0,0,5
15668,2.0,2.0,0.0,20,0.05,1,0,0,9
15669,2.0,2.0,0.0,19,0.05,1,0,0,4
15670,2.0,2.0,0.0,15,0.05,1,0,0,6
15671,2.0,2.0,0.0,15,0.05,1,0,0,8
15672,2.0,2.0,0.0,16,0.05,1,0,0,4
15673,2.0,2.0,0.0,15,0.05,1,0,0,3
15674,2.0,2.0,0.0,18,0.05,1,0,0,8
15675,2.0,2.0,0.0,16,0.05,1,0,0,3
15676,2.0,2.0,0.0,15,0.05,1,0,0,8
15677,2.0,2.0,0.0,15,0.05,1,0,0,5
15678,2.0,2.0,0.0,15,0.05,1,0,0,6
15679,2.0,2.0,0.0,17,0.05,1,0,0,6
15680,2.0,2.0,0.0,15,0.05,1,0,0,8
15681,2.0,2.0,0.0,17,0.05,1,0,0,5
15682,2.0,2.0,0.0,15,0.05,1,0,0,7
15683,2.0,2.0,0.0,17,0.05,1,0,0,10
15684,0.0,0.0,0.0,14,0.05,0,1,0,6
15685,2.0,2.0,0.0,17,0.05,1,0,0,12
15686,2.0,2.0,0.0,15,0.05,1,0,0,5
15687,2.0,2.0,0.0,15,0.05,1,0,0,6
15688,2.0,2.0,0.0,19,0.05,1,0,0,6
15689,2.0,2.0,0.0,15,0.05,1,0,0,5
15690,2.0,2.0,0.0,15,0.05,1,0,0,5
15691,2.0,2.0,0.0,15,0.05,1,0,0,7
15692,2.0,2.0,0.0,15,0.05,1,0,0,5
15693,2.0,2.0,0.0,15,0.05,1,0,0,5
15694,2.0,2.0,0.0,15,0.05,1,0,0,7
15695,2.0,2.0,0.0,16,0.05,1,0,0,6
15696,2.0,2.0,0.0,15,0.05,1,0,0,6
15697,2.0,2.0,0.0,17,0.05,1,0,0,4
15698,2.0,2.0,0.0,16,0.05,1,0,0,9
15699,2.0,2.0,0.0,15,0.05,1,0,0,8
15700,2.0,2.0,0.0,19,0.05,1,0,0,4
15701,2.0,2.0,0.0,15,0.05,1,0,0,6
15702,2.0,2.0,0.0,16,0.05,1,0,0,8
15703,2.0,2.0,0.0,15,0.05,1,0,0,6
15704,2.0,2.0,0.0,15,0.05,1,0,0,7
15705,2.0,2.0,0.0,17,0.05,1,0,0,5
15706,2.0,2.0,0.0,18,0.05,1,0,0,8
15707,2.0,2.0,0.0,16,0.05,1,0,0,6
15708,2.0,2.0,0.0,15,0.05,1,0,0,6
15709,2.0,2.0,0.0,15,0.05,1,0,0,4
15710,2.0,2.0,0.0,15,0.05,1,0,0,6
15711,2.0,2.0,0.0,18,0.05,1,0,0,5
15712,2.0,2.0,0.0,15,0.05,1,0,0,7
15713,2.0,2.0,0.0,17,0.05,1,0,0,6
15714,2.0,2.0,0.0,15,0.05,1,0,0,5
15715,2.0,2.0,0.0,15,0.05,1,0,0,5
15716,2.0,2.0,0.0,15,0.05,1,0,0,7
15717,2.0,2.0,0.0,17,0.05,1,0,0,7
15718,2.0,2.0,0.0,17,0.05,1,0,0,6
15719,2.0,2.0,0.0,19,0.05,1,0,0,3
15720,2.0,2.0,0.0,15,0.05,1,0,0,6
15721,2.0,2.0,0.0,15,0.05,1,0,0,6
15722,2.0,2.0,0.0,15,0.05,1,0,0,6
15723,2.0,2.0,0.0,15,0.05,1,0,0,4
15724,2.0,2.0,0.0,17,0.05,1,0,0,7
15725,2.0,2.0,0.0,15,0.05,1,0,0,8
15726,2.0,2.0,0.0,15,0.05,1,0,0,6
15727,2.0,2.0,0.0,15,0.05,1,0,0,4
15728,2.0,2.0,0.0,16,0.05,1,0,0,3
15729,2.0,2.0,0.0,15,0.05,1,0,0,6
15730,2.0,2.0,0.0,15,0.05,1,0,0,4
15731,2.0,2.0,0.0,15,0.05,1,0,0,5
15732,2.0,2.0,0.0,15,0.05,1,0,0,6
15733,2.0,2.0,0.0,17,0.05,1,0,0,5
15734,2.0,2.0,0.0,15,0.05,1,0,0,8
15735,2.0,2.0,0.0,15,0.05,1,0,0,6
15736,2.0,2.0,0.0,15,0.05,1,0,0,9
15737,2.0,2.0,0.0,17,0.05,1,0,0,7
15738,2.0,2.0,0.0,15,0.05,1,0,0,4
15739,2.0,2.0,0.0,16,0.05,1,0,0,6
15740,2.0,2.0,0.0,15,0.05,1,0,0,6
15741,2.0,2.0,0.0,15,0.05,1,0,0,6
15742,2.0,2.0,0.0,15,0.05,1,0,0,8
15743,2.0,2.0,0.0,15,0.05,1,0,0,4
15744,2.0,2.0,0.0,16,0.05,1,0,0,8
15745,2.0,2.0,0.0,17,0.05,1,0,0,3
15746,2.0,2.0,0.0,15,0.05,1,0,0,6
15747,2.0,2.0,0.0,19,0.05,1,0,0,12
15748,2.0,2.0,0.0,16,0.05,1,0,0,6
15749,2.0,2.0,0.0,17,0.05,1,0,0,6
15750,2.0,2.0,0.0,15,0.05,1,0,0,5
15751,2.0,2.0,0.0,15,0.05,1,0,0,7
15752,2.0,2.0,0.0,15,0.05,1,0,0,5
15753,2.0,2.0,0.0,15,0.05,1,0,0,6
15754,2.0,2.0,0.0,16,0.05,1,0,0,8
15755,2.0,2.0,0.0,15,0.05,1,0,0,4
15756,2.0,2.0,0.0,19,0.05,1,0,0,9
15757,2.0,2.0,0.0,15,0.05,1,0,0,4
15758,2.0,2.0,0.0,15,0.05,1,0,0,6
15759,2.0,2.0,0.0,15,0.05,1,0,0,6
15760,2.0,2.0,0.0,15,0.05,1,0,0,4
15761,2.0,2.0,0.0,15,0.05,1,0,0,8
15762,2.0,2.0,0.0,15,0.05,1,0,0,7
15763,2.0,2.0,0.0,17,0.05,1,0,0,4
15764,2.0,2.0,0.0,15,0.05,1,0,0,6
15765,2.0,2.0,0.0,15,0.05,1,0,0,8
15766,2.0,2.0,0.0,15,0.05,1,0,0,2
15767,2.0,2.0,0.0,15,0.05,1,0,0,4
15768,2.0,2.0,0.0,26,0.05,1,0,0,13
15769,2.0,2.0,0.0,15,0.05,1,0,0,6
15770,1.0,1.0,0.0,16,0.05,0,1,0,8
15771,2.0,2.0,0.0,15,0.05,1,0,0,7
15772,2.0,2.0,0.0,18,0.05,1,0,0,9
15773,2.0,2.0,0.0,17,0.05,1,0,0,6
15774,2.0,2.0,0.0,15,0.05,1,0,0,8
15775,2.0,2.0,0.0,17,0.05,1,0,0,8
15776,2.0,2.0,0.0,17,0.05,1,0,0,7
15777,2.0,2.0,0.0,15,0.05,1,0,0,7
15778,2.0,2.0,0.0,17,0.05,1,0,0,8
15779,2.0,2.0,0.0,17,0.05,1,0,0,8
15780,2.0,2.0,0.0,15,0.05,1,0,0,7
15781,2.0,2.0,0.0,15,0.05,1,0,0,3
15782,2.0,2.0,0.0,15,0.05,1,0,0,6
15783,2.0,2.0,0.0,17,0.05,1,0,0,8
15784,2.0,2.0,0.0,15,0.05,1,0,0,6
15785,2.0,2.0,0.0,16,0.05,1,0,0,7
15786,2.0,2.0,0.0,17,0.05,1,0,0,2
15787,2.0,2.0,0.0,17,0.05,1,0,0,9
15788,2.0,2.0,0.0,20,0.05,1,0,0,5
15789,2.0,2.0,0.0,17,0.05,1,0,0,7
15790,2.0,2.0,0.0,17,0.05,1,0,0,6
15791,2.0,2.0,0.0,15,0.05,1,0,0,5
15792,2.0,2.0,0.0,15,0.05,1,0,0,3
15793,2.0,2.0,0.0,19,0.05,1,0,0,5
15794,2.0,2.0,0.0,15,0.05,1,0,0,5
15795,2.0,2.0,0.0,15,0.05,1,0,0,6
15796,2.0,2.0,0.0,15,0.05,1,0,0,6
15797,2.0,2.0,0.0,15,0.05,1,0,0,4
15798,2.0,2.0,0.0,15,0.05,1,0,0,5
15799,2.0,2.0,0.0,17,0.05,1,0,0,7
15800,2.0,2.0,0.0,15,0.05,1,0,0,2
15801,2.0,2.0,0.0,15,0.05,1,0,0,7
15802,2.0,2.0,0.0,15,0.05,1,0,0,3
15803,2.0,2.0,0.0,15,0.05,1,0,0,6
15804,2.0,2.0,0.0,17,0.05,1,0,0,8
15805,2.0,2.0,0.0,17,0.05,1,0,0,8
15806,2.0,2.0,0.0,15,0.05,1,0,0,5
15807,2.0,2.0,0.0,15,0.05,1,0,0,7
15808,2.0,2.0,0.0,15,0.05,1,0,0,6
15809,2.0,2.0,0.0,15,0.05,1,0,0,7
15810,2.0,2.0,0.0,15,0.05,1,0,0,6
15811,2.0,2.0,0.0,17,0.05,1,0,0,6
15812,2.0,2.0,0.0,15,0.05,1,0,0,7
15813,2.0,2.0,0.0,15,0.05,1,0,0,5
15814,2.0,2.0,0.0,17,0.05,1,0,0,6
15815,2.0,2.0,0.0,15,0.05,1,0,0,3
15816,2.0,2.0,0.0,15,0.05,1,0,0,5
15817,2.0,2.0,0.0,17,0.05,1,0,0,9
15818,0.0,0.0,0.0,42,0.05,0,1,0,18
15819,2.0,2.0,0.0,19,0.05,1,0,0,9
15820,2.0,2.0,0.0,17,0.05,1,0,0,5
15821,2.0,2.0,0.0,15,0.05,1,0,0,3
15822,2.0,2.0,0.0,15,0.05,1,0,0,5
15823,2.0,2.0,0.0,15,0.05,1,0,0,2
15824,2.0,2.0,0.0,15,0.05,1,0,0,6
15825,2.0,2.0,0.0,15,0.05,1,0,0,4
15826,2.0,2.0,0.0,15,0.05,1,0,0,5
15827,2.0,2.0,0.0,15,0.05,1,0,0,9
15828,2.0,2.0,0.0,15,0.05,1,0,0,5
15829,2.0,2.0,0.0,19,0.05,1,0,0,8
15830,2.0,2.0,0.0,15,0.05,1,0,0,6
15831,2.0,2.0,0.0,15,0.05,1,0,0,5
15832,2.0,2.0,0.0,17,0.05,1,0,0,8
15833,2.0,2.0,0.0,19,0.05,1,0,0,7
15834,2.0,2.0,0.0,17,0.05,1,0,0,6
15835,2.0,2.0,0.0,21,0.05,1,0,0,9
15836,2.0,2.0,0.0,15,0.05,1,0,0,5
15837,2.0,2.0,0.0,19,0.05,1,0,0,6
15838,2.0,2.0,0.0,15,0.05,1,0,0,6
15839,2.0,2.0,0.0,19,0.05,1,0,0,8
15840,2.0,2.0,0.0,15,0.05,1,0,0,8
15841,2.0,2.0,0.0,16,0.05,1,0,0,8
15842,2.0,2.0,0.0,21,0.05,1,0,0,6
15843,2.0,2.0,0.0,17,0.05,1,0,0,10
15844,2.0,2.0,0.0,15,0.05,1,0,0,7
15845,2.0,2.0,0.0,17,0.05,1,0,0,6
15846,2.0,2.0,0.0,15,0.05,1,0,0,4
15847,2.0,2.0,0.0,15,0.05,1,0,0,4
15848,2.0,2.0,0.0,15,0.05,1,0,0,5
15849,2.0,2.0,0.0,15,0.05,1,0,0,4
15850,2.0,2.0,0.0,15,0.05,1,0,0,4
15851,0.0,0.0,0.0,19,0.05,0,1,0,11
15852,2.0,2.0,0.0,15,0.05,1,0,0,7
15853,2.0,2.0,0.0,15,0.05,1,0,0,5
15854,2.0,2.0,0.0,17,0.05,1,0,0,5
15855,2.0,2.0,0.0,17,0.05,1,0,0,6
15856,2.0,2.0,0.0,15,0.05,1,0,0,7
15857,2.0,2.0,0.0,17,0.05,1,0,0,6
15858,2.0,2.0,0.0,19,0.05,1,0,0,6
15859,2.0,2.0,0.0,15,0.05,1,0,0,4
15860,2.0,2.0,0.0,15,0.05,1,0,0,8
15861,2.0,2.0,0.0,15,0.05,1,0,0,7
15862,2.0,2.0,0.0,17,0.05,1,0,0,5
15863,2.0,2.0,0.0,17,0.05,1,0,0,6
15864,2.0,2.0,0.0,15,0.05,1,0,0,6
15865,2.0,2.0,0.0,15,0.05,1,0,0,7
15866,2.0,2.0,0.0,16,0.05,1,0,0,6
15867,2.0,2.0,0.0,21,0.05,1,0,0,12
15868,2.0,2.0,0.0,15,0.05,1,0,0,4
15869,2.0,2.0,0.0,17,0.05,1,0,0,6
15870,2.0,2.0,0.0,15,0.05,1,0,0,8
15871,2.0,2.0,0.0,17,0.05,1,0,0,8
15872,2.0,2.0,0.0,15,0.05,1,0,0,3
15873,2.0,2.0,0.0,17,0.05,1,0,0,7
15874,2.0,2.0,0.0,17,0.05,1,0,0,5
15875,2.0,2.0,0.0,15,0.05,1,0,0,6
15876,2.0,2.0,0.0,15,0.05,1,0,0,5
15877,2.0,2.0,0.0,15,0.05,1,0,0,6
15878,2.0,2.0,0.0,21,0.05,1,0,0,10
15879,2.0,2.0,0.0,17,0.05,1,0,0,6
15880,2.0,2.0,0.0,17,0.05,1,0,0,7
15881,2.0,2.0,0.0,15,0.05,1,0,0,8
15882,2.0,2.0,0.0,15,0.05,1,0,0,5
15883,2.0,2.0,0.0,15,0.05,1,0,0,8
15884,2.0,2.0,0.0,15,0.05,1,0,0,7
15885,2.0,2.0,0.0,19,0.05,1,0,0,6
15886,2.0,2.0,0.0,16,0.05,1,0,0,6
15887,2.0,2.0,0.0,15,0.05,1,0,0,6
15888,2.0,2.0,0.0,15,0.05,1,0,0,5
15889,2.0,2.0,0.0,15,0.05,1,0,0,5
15890,2.0,2.0,0.0,17,0.05,1,0,0,9
15891,2.0,2.0,0.0,15,0.05,1,0,0,6
15892,2.0,2.0,0.0,15,0.05,1,0,0,8
15893,2.0,2.0,0.0,15,0.05,1,0,0,6
15894,2.0,2.0,0.0,15,0.05,1,0,0,4
15895,2.0,2.0,0.0,15,0.05,1,0,0,7
15896,2.0,2.0,0.0,15,0.05,1,0,0,5
15897,2.0,2.0,0.0,17,0.05,1,0,0,6
15898,2.0,2.0,0.0,15,0.05,1,0,0,5
15899,2.0,2.0,0.0,19,0.05,1,0,0,11
15900,2.0,2.0,0.0,15,0.05,1,0,0,5
15901,2.0,2.0,0.0,15,0.05,1,0,0,6
15902,2.0,2.0,0.0,15,0.05,1,0,0,5
15903,2.0,2.0,0.0,15,0.05,1,0,0,8
15904,2.0,2.0,0.0,15,0.05,1,0,0,6
15905,2.0,2.0,0.0,15,0.05,1,0,0,8
15906,2.0,2.0,0.0,17,0.05,1,0,0,7
15907,2.0,2.0,0.0,16,0.05,1,0,0,8
15908,2.0,2.0,0.0,15,0.05,1,0,0,3
15909,2.0,2.0,0.0,18,0.05,1,0,0,8
15910,2.0,2.0,0.0,15,0.05,1,0,0,7
15911,2.0,2.0,0.0,22,0.05,1,0,0,9
15912,2.0,2.0,0.0,17,0.05,1,0,0,7
15913,2.0,2.0,0.0,15,0.05,1,0,0,7
15914,2.0,2.0,0.0,15,0.05,1,0,0,6
15915,2.0,2.0,0.0,15,0.05,1,0,0,3
15916,2.0,2.0,0.0,17,0.05,1,0,0,5
15917,2.0,2.0,0.0,16,0.05,1,0,0,7
15918,2.0,2.0,0.0,15,0.05,1,0,0,3
15919,2.0,2.0,0.0,15,0.05,1,0,0,5
15920,2.0,2.0,0.0,15,0.05,1,0,0,2
15921,2.0,2.0,0.0,16,0.05,1,0,0,6
15922,2.0,2.0,0.0,15,0.05,1,0,0,6
15923,2.0,2.0,0.0,17,0.05,1,0,0,3
15924,2.0,2.0,0.0,19,0.05,1,0,0,8
15925,2.0,2.0,0.0,15,0.05,1,0,0,6
15926,2.0,2.0,0.0,15,0.05,1,0,0,7
15927,2.0,2.0,0.0,17,0.05,1,0,0,9
15928,2.0,2.0,0.0,15,0.05,1,0,0,3
15929,2.0,2.0,0.0,15,0.05,1,0,0,7
15930,2.0,2.0,0.0,19,0.05,1,0,0,11
15931,2.0,2.0,0.0,17,0.05,1,0,0,4
15932,2.0,2.0,0.0,16,0.05,1,0,0,7
15933,2.0,2.0,0.0,17,0.05,1,0,0,6
15934,2.0,2.0,0.0,15,0.05,1,0,0,9
15935,2.0,2.0,0.0,17,0.05,1,0,0,6
15936,2.0,2.0,0.0,17,0.05,1,0,0,7
15937,2.0,2.0,0.0,15,0.05,1,0,0,7
15938,2.0,2.0,0.0,15,0.05,1,0,0,6
15939,2.0,2.0,0.0,15,0.05,1,0,0,6
15940,2.0,2.0,0.0,17,0.05,1,0,0,3
15941,2.0,2.0,0.0,15,0.05,1,0,0,4
15942,2.0,2.0,0.0,15,0.05,1,0,0,8
15943,2.0,2.0,0.0,19,0.05,1,0,0,7
15944,2.0,2.0,0.0,16,0.05,1,0,0,5
15945,2.0,2.0,0.0,16,0.05,1,0,0,7
15946,2.0,2.0,0.0,15,0.05,1,0,0,5
15947,2.0,2.0,0.0,15,0.05,1,0,0,1
15948,2.0,2.0,0.0,15,0.05,1,0,0,4
15949,2.0,2.0,0.0,15,0.05,1,0,0,5
15950,2.0,2.0,0.0,15,0.05,1,0,0,5
15951,2.0,2.0,0.0,15,0.05,1,0,0,3
15952,2.0,2.0,0.0,15,0.05,1,0,0,5
15953,2.0,2.0,0.0,15,0.05,1,0,0,6
15954,2.0,2.0,0.0,16,0.05,1,0,0,5
15955,2.0,2.0,0.0,15,0.05,1,0,0,8
15956,2.0,2.0,0.0,17,0.05,1,0,0,7
15957,2.0,2.0,0.0,15,0.05,1,0,0,5
15958,2.0,2.0,0.0,15,0.05,1,0,0,4
15959,2.0,2.0,0.0,17,0.05,1,0,0,7
15960,2.0,2.0,0.0,17,0.05,1,0,0,8
15961,2.0,2.0,0.0,15,0.05,1,0,0,4
15962,2.0,2.0,0.0,15,0.05,1,0,0,7
15963,2.0,2.0,0.0,19,0.05,1,0,0,7
15964,2.0,2.0,0.0,15,0.05,1,0,0,4
15965,2.0,2.0,0.0,18,0.05,1,0,0,7
15966,2.0,2.0,0.0,15,0.05,1,0,0,6
15967,2.0,2.0,0.0,15,0.05,1,0,0,5
15968,2.0,2.0,0.0,15,0.05,1,0,0,3
15969,2.0,2.0,0.0,17,0.05,1,0,0,8
15970,2.0,2.0,0.0,17,0.05,1,0,0,6
15971,2.0,2.0,0.0,15,0.05,1,0,0,6
15972,2.0,2.0,0.0,15,0.05,1,0,0,5
15973,2.0,2.0,0.0,15,0.05,1,0,0,4
15974,2.0,2.0,0.0,15,0.05,1,0,0,7
15975,2.0,2.0,0.0,15,0.05,1,0,0,10
15976,2.0,2.0,0.0,15,0.05,1,0,0,6
15977,2.0,2.0,0.0,15,0.05,1,0,0,6
15978,2.0,2.0,0.0,15,0.05,1,0,0,6
15979,2.0,2.0,0.0,15,0.05,1,0,0,4
15980,2.0,2.0,0.0,15,0.05,1,0,0,7
15981,2.0,2.0,0.0,15,0.05,1,0,0,9
15982,2.0,2.0,0.0,15,0.05,1,0,0,5
15983,2.0,2.0,0.0,15,0.05,1,0,0,7
15984,2.0,2.0,0.0,19,0.05,1,0,0,3
15985,2.0,2.0,0.0,15,0.05,1,0,0,4
15986,2.0,2.0,0.0,15,0.05,1,0,0,7
15987,2.0,2.0,0.0,17,0.05,1,0,0,5
15988,2.0,2.0,0.0,18,0.05,1,0,0,6
15989,2.0,2.0,0.0,15,0.05,1,0,0,5
15990,2.0,2.0,0.0,15,0.05,1,0,0,8
15991,2.0,2.0,0.0,15,0.05,1,0,0,5
15992,2.0,2.0,0.0,17,0.05,1,0,0,9
15993,2.0,2.0,0.0,15,0.05,1,0,0,6
15994,2.0,2.0,0.0,15,0.05,1,0,0,5
15995,2.0,2.0,0.0,17,0.05,1,0,0,9
15996,2.0,2.0,0.0,19,0.05,1,0,0,6
15997,2.0,2.0,0.0,15,0.05,1,0,0,9
15998,2.0,2.0,0.0,15,0.05,1,0,0,5
15999,2.0,2.0,0.0,17,0.05,1,0,0,10
16000,2.0,2.0,0.0,18,0.05,1,0,0,5
16001,2.0,2.0,0.0,17,0.05,1,0,0,3
16002,2.0,2.0,0.0,17,0.05,1,0,0,7
16003,2.0,2.0,0.0,15,0.05,1,0,0,4
16004,2.0,2.0,0.0,17,0.05,1,0,0,8
16005,2.0,2.0,0.0,15,0.05,1,0,0,5
16006,2.0,2.0,0.0,15,0.05,1,0,0,4
16007,2.0,2.0,0.0,15,0.05,1,0,0,6
16008,2.0,2.0,0.0,17,0.05,1,0,0,9
16009,2.0,2.0,0.0,18,0.05,1,0,0,8
16010,2.0,2.0,0.0,15,0.05,1,0,0,8
16011,2.0,2.0,0.0,15,0.05,1,0,0,8
16012,2.0,2.0,0.0,15,0.05,1,0,0,2
16013,2.0,2.0,0.0,21,0.05,1,0,0,10
16014,2.0,2.0,0.0,17,0.05,1,0,0,8
16015,2.0,2.0,0.0,15,0.05,1,0,0,3
16016,1.0,1.0,0.0,14,0.05,0,1,0,6
16017,2.0,2.0,0.0,15,0.05,1,0,0,8
16018,2.0,2.0,0.0,15,0.05,1,0,0,5
16019,2.0,2.0,0.0,15,0.05,1,0,0,3
16020,2.0,2.0,0.0,17,0.05,1,0,0,4
16021,2.0,2.0,0.0,15,0.05,1,0,0,5
16022,2.0,2.0,0.0,15,0.05,1,0,0,6
16023,2.0,2.0,0.0,17,0.05,1,0,0,10
16024,2.0,2.0,0.0,15,0.05,1,0,0,5
16025,2.0,2.0,0.0,16,0.05,1,0,0,5
16026,2.0,2.0,0.0,17,0.05,1,0,0,5
16027,2.0,2.0,0.0,15,0.05,1,0,0,3
16028,2.0,2.0,0.0,15,0.05,1,0,0,4
16029,2.0,2.0,0.0,15,0.05,1,0,0,4
16030,2.0,2.0,0.0,18,0.05,1,0,0,6
16031,2.0,2.0,0.0,19,0.05,1,0,0,5
16032,2.0,2.0,0.0,15,0.05,1,0,0,8
16033,2.0,2.0,0.0,16,0.05,1,0,0,8
16034,2.0,2.0,0.0,15,0.05,1,0,0,5
16035,2.0,2.0,0.0,15,0.05,1,0,0,4
16036,2.0,2.0,0.0,17,0.05,1,0,0,7
16037,2.0,2.0,0.0,17,0.05,1,0,0,5
16038,2.0,2.0,0.0,15,0.05,1,0,0,7
16039,2.0,2.0,0.0,15,0.05,1,0,0,7
16040,2.0,2.0,0.0,15,0.05,1,0,0,3
16041,2.0,2.0,0.0,15,0.05,1,0,0,6
16042,2.0,2.0,0.0,17,0.05,1,0,0,7
16043,2.0,2.0,0.0,15,0.05,1,0,0,6
16044,2.0,2.0,0.0,15,0.05,1,0,0,3
16045,2.0,2.0,0.0,15,0.05,1,0,0,8
16046,2.0,2.0,0.0,19,0.05,1,0,0,6
16047,2.0,2.0,0.0,15,0.05,1,0,0,3
16048,2.0,2.0,0.0,15,0.05,1,0,0,5
16049,2.0,2.0,0.0,15,0.05,1,0,0,6
16050,2.0,2.0,0.0,15,0.05,1,0,0,4
16051,2.0,2.0,0.0,15,0.05,1,0,0,3
16052,2.0,2.0,0.0,15,0.05,1,0,0,5
16053,2.0,2.0,0.0,17,0.05,1,0,0,6
16054,2.0,2.0,0.0,15,0.05,1,0,0,6
16055,2.0,2.0,0.0,17,0.05,1,0,0,8
16056,2.0,2.0,0.0,15,0.05,1,0,0,5
16057,2.0,2.0,0.0,15,0.05,1,0,0,7
16058,2.0,2.0,0.0,15,0.05,1,0,0,5
16059,2.0,2.0,0.0,15,0.05,1,0,0,6
16060,2.0,2.0,0.0,17,0.05,1,0,0,7
16061,2.0,2.0,0.0,15,0.05,1,0,0,5
16062,2.0,2.0,0.0,15,0.05,1,0,0,5
16063,2.0,2.0,0.0,17,0.05,1,0,0,7
16064,2.0,2.0,0.0,17,0.05,1,0,0,7
16065,2.0,2.0,0.0,18,0.05,1,0,0,7
16066,2.0,2.0,0.0,19,0.05,1,0,0,7
16067,2.0,2.0,0.0,15,0.05,1,0,0,5
16068,2.0,2.0,0.0,15,0.05,1,0,0,5
16069,2.0,2.0,0.0,19,0.05,1,0,0,8
16070,2.0,2.0,0.0,15,0.05,1,0,0,9
16071,2.0,2.0,0.0,15,0.05,1,0,0,4
16072,2.0,2.0,0.0,15,0.05,1,0,0,5
16073,2.0,2.0,0.0,15,0.05,1,0,0,5
16074,2.0,2.0,0.0,15,0.05,1,0,0,6
16075,2.0,2.0,0.0,15,0.05,1,0,0,2
16076,2.0,2.0,0.0,15,0.05,1,0,0,6
16077,2.0,2.0,0.0,15,0.05,1,0,0,6
16078,2.0,2.0,0.0,15,0.05,1,0,0,7
16079,2.0,2.0,0.0,15,0.05,1,0,0,3
16080,2.0,2.0,0.0,15,0.05,1,0,0,5
16081,2.0,2.0,0.0,17,0.05,1,0,0,6
16082,2.0,2.0,0.0,17,0.05,1,0,0,4
16083,2.0,2.0,0.0,17,0.05,1,0,0,6
16084,2.0,2.0,0.0,17,0.05,1,0,0,6
16085,2.0,2.0,0.0,15,0.05,1,0,0,5
16086,2.0,2.0,0.0,15,0.05,1,0,0,6
16087,2.0,2.0,0.0,15,0.05,1,0,0,7
16088,2.0,2.0,0.0,15,0.05,1,0,0,8
16089,2.0,2.0,0.0,18,0.05,1,0,0,7
16090,2.0,2.0,0.0,15,0.05,1,0,0,8
16091,2.0,2.0,0.0,17,0.05,1,0,0,8
16092,2.0,2.0,0.0,15,0.05,1,0,0,6
16093,2.0,2.0,0.0,16,0.05,1,0,0,8
16094,2.0,2.0,0.0,15,0.05,1,0,0,1
16095,2.0,2.0,0.0,21,0.05,1,0,0,6
16096,2.0,2.0,0.0,16,0.05,1,0,0,4
16097,2.0,2.0,0.0,15,0.05,1,0,0,4
16098,2.0,2.0,0.0,15,0.05,1,0,0,3
16099,2.0,2.0,0.0,15,0.05,1,0,0,5
16100,2.0,2.0,0.0,15,0.05,1,0,0,3
16101,2.0,2.0,0.0,15,0.05,1,0,0,3
16102,2.0,2.0,0.0,15,0.05,1,0,0,7
16103,2.0,2.0,0.0,15,0.05,1,0,0,4
16104,2.0,2.0,0.0,15,0.05,1,0,0,7
16105,2.0,2.0,0.0,17,0.05,1,0,0,8
16106,2.0,2.0,0.0,17,0.05,1,0,0,7
16107,2.0,2.0,0.0,15,0.05,1,0,0,6
16108,2.0,2.0,0.0,15,0.05,1,0,0,6
16109,2.0,2.0,0.0,18,0.05,1,0,0,5
16110,2.0,2.0,0.0,16,0.05,1,0,0,6
16111,2.0,2.0,0.0,15,0.05,1,0,0,6
16112,2.0,2.0,0.0,15,0.05,1,0,0,7
16113,2.0,2.0,0.0,16,0.05,1,0,0,6
16114,2.0,2.0,0.0,15,0.05,1,0,0,7
16115,2.0,2.0,0.0,15,0.05,1,0,0,8
16116,2.0,2.0,0.0,15,0.05,1,0,0,5
16117,2.0,2.0,0.0,17,0.05,1,0,0,7
16118,2.0,2.0,0.0,15,0.05,1,0,0,5
16119,2.0,2.0,0.0,15,0.05,1,0,0,7
16120,2.0,2.0,0.0,18,0.05,1,0,0,8
16121,2.0,2.0,0.0,15,0.05,1,0,0,4
16122,2.0,2.0,0.0,16,0.05,1,0,0,8
16123,2.0,2.0,0.0,15,0.05,1,0,0,4
16124,2.0,2.0,0.0,15,0.05,1,0,0,4
16125,2.0,2.0,0.0,15,0.05,1,0,0,7
16126,2.0,2.0,0.0,15,0.05,1,0,0,3
16127,2.0,2.0,0.0,15,0.05,1,0,0,5
16128,2.0,2.0,0.0,15,0.05,1,0,0,8
16129,2.0,2.0,0.0,17,0.05,1,0,0,7
16130,2.0,2.0,0.0,15,0.05,1,0,0,6
16131,2.0,2.0,0.0,15,0.05,1,0,0,6
16132,2.0,2.0,0.0,15,0.05,1,0,0,6
16133,2.0,2.0,0.0,15,0.05,1,0,0,6
16134,2.0,2.0,0.0,19,0.05,1,0,0,9
16135,2.0,2.0,0.0,15,0.05,1,0,0,6
16136,2.0,2.0,0.0,17,0.05,1,0,0,5
16137,2.0,2.0,0.0,16,0.05,1,0,0,5
16138,2.0,2.0,0.0,15,0.05,1,0,0,5
16139,2.0,2.0,0.0,15,0.05,1,0,0,5
16140,2.0,2.0,0.0,15,0.05,1,0,0,3
16141,2.0,2.0,0.0,23,0.05,1,0,0,11
16142,2.0,2.0,0.0,15,0.05,1,0,0,8
16143,2.0,2.0,0.0,15,0.05,1,0,0,6
16144,2.0,2.0,0.0,15,0.05,1,0,0,4
16145,2.0,2.0,0.0,17,0.05,1,0,0,7
16146,2.0,2.0,0.0,15,0.05,1,0,0,4
16147,2.0,2.0,0.0,15,0.05,1,0,0,3
16148,2.0,2.0,0.0,15,0.05,1,0,0,4
16149,2.0,2.0,0.0,15,0.05,1,0,0,7
16150,2.0,2.0,0.0,15,0.05,1,0,0,6
16151,2.0,2.0,0.0,16,0.05,1,0,0,5
16152,2.0,2.0,0.0,17,0.05,1,0,0,8
16153,2.0,2.0,0.0,19,0.05,1,0,0,5
16154,2.0,2.0,0.0,17,0.05,1,0,0,8
16155,2.0,2.0,0.0,15,0.05,1,0,0,5
16156,2.0,2.0,0.0,17,0.05,1,0,0,6
16157,2.0,2.0,0.0,21,0.05,1,0,0,8
16158,2.0,2.0,0.0,15,0.05,1,0,0,4
16159,2.0,2.0,0.0,15,0.05,1,0,0,6
16160,2.0,2.0,0.0,17,0.05,1,0,0,9
16161,2.0,2.0,0.0,15,0.05,1,0,0,5
16162,2.0,2.0,0.0,15,0.05,1,0,0,8
16163,2.0,2.0,0.0,22,0.05,1,0,0,6
16164,2.0,2.0,0.0,16,0.05,1,0,0,7
16165,2.0,2.0,0.0,15,0.05,1,0,0,7
16166,2.0,2.0,0.0,15,0.05,1,0,0,3
16167,2.0,2.0,0.0,16,0.05,1,0,0,4
16168,2.0,2.0,0.0,15,0.05,1,0,0,5
16169,2.0,2.0,0.0,15,0.05,1,0,0,5
16170,2.0,2.0,0.0,15,0.05,1,0,0,5
16171,2.0,2.0,0.0,15,0.05,1,0,0,6
16172,2.0,2.0,0.0,15,0.05,1,0,0,2
16173,2.0,2.0,0.0,18,0.05,1,0,0,4
16174,2.0,2.0,0.0,15,0.05,1,0,0,7
16175,2.0,2.0,0.0,17,0.05,1,0,0,3
16176,2.0,2.0,0.0,15,0.05,1,0,0,7
16177,2.0,2.0,0.0,15,0.05,1,0,0,3
16178,2.0,2.0,0.0,19,0.05,1,0,0,10
16179,2.0,2.0,0.0,15,0.05,1,0,0,4
16180,2.0,2.0,0.0,15,0.05,1,0,0,7
16181,2.0,2.0,0.0,15,0.05,1,0,0,3
16182,2.0,2.0,0.0,15,0.05,1,0,0,5
16183,2.0,2.0,0.0,15,0.05,1,0,0,5
16184,2.0,2.0,0.0,15,0.05,1,0,0,4
16185,2.0,2.0,0.0,15,0.05,1,0,0,7
16186,2.0,2.0,0.0,17,0.05,1,0,0,7
16187,2.0,2.0,0.0,15,0.05,1,0,0,7
16188,2.0,2.0,0.0,15,0.05,1,0,0,8
16189,2.0,2.0,0.0,15,0.05,1,0,0,5
16190,2.0,2.0,0.0,21,0.05,1,0,0,12
16191,2.0,2.0,0.0,23,0.05,1,0,0,7
16192,2.0,2.0,0.0,15,0.05,1,0,0,4
16193,2.0,2.0,0.0,15,0.05,1,0,0,3
16194,2.0,2.0,0.0,17,0.05,1,0,0,10
16195,2.0,2.0,0.0,19,0.05,1,0,0,7
16196,2.0,2.0,0.0,15,0.05,1,0,0,7
16197,2.0,2.0,0.0,17,0.05,1,0,0,4
16198,2.0,2.0,0.0,15,0.05,1,0,0,6
16199,2.0,2.0,0.0,18,0.05,1,0,0,7
16200,2.0,2.0,0.0,15,0.05,1,0,0,6
16201,2.0,2.0,0.0,15,0.05,1,0,0,7
16202,2.0,2.0,0.0,15,0.05,1,0,0,5
16203,2.0,2.0,0.0,17,0.05,1,0,0,8
16204,2.0,2.0,0.0,15,0.05,1,0,0,6
16205,2.0,2.0,0.0,17,0.05,1,0,0,6
16206,2.0,2.0,0.0,15,0.05,1,0,0,6
16207,2.0,2.0,0.0,17,0.05,1,0,0,8
16208,2.0,2.0,0.0,15,0.05,1,0,0,6
16209,2.0,2.0,0.0,16,0.05,1,0,0,7
16210,2.0,2.0,0.0,19,0.05,1,0,0,6
16211,2.0,2.0,0.0,15,0.05,1,0,0,7
16212,2.0,2.0,0.0,15,0.05,1,0,0,4
16213,2.0,2.0,0.0,17,0.05,1,0,0,9
16214,2.0,2.0,0.0,15,0.05,1,0,0,3
16215,2.0,2.0,0.0,15,0.05,1,0,0,5
16216,2.0,2.0,0.0,17,0.05,1,0,0,7
16217,2.0,2.0,0.0,15,0.05,1,0,0,6
16218,2.0,2.0,0.0,15,0.05,1,0,0,6
16219,2.0,2.0,0.0,15,0.05,1,0,0,3
16220,2.0,2.0,0.0,17,0.05,1,0,0,10
16221,2.0,2.0,0.0,18,0.05,1,0,0,8
16222,2.0,2.0,0.0,15,0.05,1,0,0,8
16223,2.0,2.0,0.0,24,0.05,1,0,0,13
16224,1.0,1.0,0.0,16,0.05,0,1,0,6
16225,2.0,2.0,0.0,15,0.05,1,0,0,4
16226,2.0,2.0,0.0,16,0.05,1,0,0,10
16227,2.0,2.0,0.0,17,0.05,1,0,0,8
16228,2.0,2.0,0.0,16,0.05,1,0,0,8
16229,2.0,2.0,0.0,15,0.05,1,0,0,7
16230,2.0,2.0,0.0,15,0.05,1,0,0,4
16231,2.0,2.0,0.0,15,0.05,1,0,0,6
16232,2.0,2.0,0.0,15,0.05,1,0,0,3
16233,2.0,2.0,0.0,15,0.05,1,0,0,7
16234,2.0,2.0,0.0,17,0.05,1,0,0,5
16235,2.0,2.0,0.0,15,0.05,1,0,0,6
16236,2.0,2.0,0.0,16,0.05,1,0,0,7
16237,2.0,2.0,0.0,15,0.05,1,0,0,4
16238,2.0,2.0,0.0,15,0.05,1,0,0,6
16239,2.0,2.0,0.0,20,0.05,1,0,0,8
16240,2.0,2.0,0.0,22,0.05,1,0,0,6
16241,2.0,2.0,0.0,15,0.05,1,0,0,4
16242,2.0,2.0,0.0,15,0.05,1,0,0,6
16243,2.0,2.0,0.0,15,0.05,1,0,0,8
16244,2.0,2.0,0.0,15,0.05,1,0,0,3
16245,2.0,2.0,0.0,15,0.05,1,0,0,3
16246,2.0,2.0,0.0,15,0.05,1,0,0,5
16247,2.0,2.0,0.0,15,0.05,1,0,0,7
16248,2.0,2.0,0.0,15,0.05,1,0,0,5
16249,2.0,2.0,0.0,15,0.05,1,0,0,7
16250,2.0,2.0,0.0,15,0.05,1,0,0,7
16251,2.0,2.0,0.0,15,0.05,1,0,0,3
16252,2.0,2.0,0.0,17,0.05,1,0,0,4
16253,2.0,2.0,0.0,17,0.05,1,0,0,5
16254,2.0,2.0,0.0,17,0.05,1,0,0,5
16255,2.0,2.0,0.0,17,0.05,1,0,0,8
16256,2.0,2.0,0.0,17,0.05,1,0,0,4
16257,2.0,2.0,0.0,19,0.05,1,0,0,5
16258,2.0,2.0,0.0,15,0.05,1,0,0,7
16259,2.0,2.0,0.0,15,0.05,1,0,0,6
16260,2.0,2.0,0.0,15,0.05,1,0,0,7
16261,2.0,2.0,0.0,15,0.05,1,0,0,5
16262,2.0,2.0,0.0,15,0.05,1,0,0,4
16263,2.0,2.0,0.0,15,0.05,1,0,0,10
16264,2.0,2.0,0.0,22,0.05,1,0,0,6
16265,2.0,2.0,0.0,15,0.05,1,0,0,6
16266,2.0,2.0,0.0,15,0.05,1,0,0,4
16267,2.0,2.0,0.0,15,0.05,1,0,0,7
16268,2.0,2.0,0.0,15,0.05,1,0,0,3
16269,2.0,2.0,0.0,15,0.05,1,0,0,4
16270,2.0,2.0,0.0,15,0.05,1,0,0,6
16271,2.0,2.0,0.0,17,0.05,1,0,0,6
16272,2.0,2.0,0.0,15,0.05,1,0,0,4
16273,2.0,2.0,0.0,23,0.05,1,0,0,5
16274,2.0,2.0,0.0,15,0.05,1,0,0,1
16275,2.0,2.0,0.0,15,0.05,1,0,0,5
16276,2.0,2.0,0.0,16,0.05,1,0,0,7
16277,2.0,2.0,0.0,15,0.05,1,0,0,9
16278,2.0,2.0,0.0,15,0.05,1,0,0,6
16279,2.0,2.0,0.0,17,0.05,1,0,0,7
16280,2.0,2.0,0.0,15,0.05,1,0,0,5
16281,2.0,2.0,0.0,23,0.05,1,0,0,7
16282,2.0,2.0,0.0,20,0.05,1,0,0,8
16283,2.0,2.0,0.0,17,0.05,1,0,0,8
16284,2.0,2.0,0.0,15,0.05,1,0,0,7
16285,2.0,2.0,0.0,15,0.05,1,0,0,5
16286,2.0,2.0,0.0,15,0.05,1,0,0,7
16287,2.0,2.0,0.0,22,0.05,1,0,0,5
16288,2.0,2.0,0.0,15,0.05,1,0,0,5
16289,2.0,2.0,0.0,21,0.05,1,0,0,9
16290,2.0,2.0,0.0,16,0.05,1,0,0,5
16291,2.0,2.0,0.0,17,0.05,1,0,0,6
16292,2.0,2.0,0.0,19,0.05,1,0,0,8
16293,2.0,2.0,0.0,23,0.05,1,0,0,10
16294,2.0,2.0,0.0,15,0.05,1,0,0,7
16295,2.0,2.0,0.0,15,0.05,1,0,0,5
16296,2.0,2.0,0.0,17,0.05,1,0,0,6
16297,2.0,2.0,0.0,16,0.05,1,0,0,7
16298,2.0,2.0,0.0,15,0.05,1,0,0,7
16299,2.0,2.0,0.0,17,0.05,1,0,0,8
16300,2.0,2.0,0.0,20,0.05,1,0,0,7
16301,2.0,2.0,0.0,17,0.05,1,0,0,12
16302,2.0,2.0,0.0,17,0.05,1,0,0,6
16303,2.0,2.0,0.0,18,0.05,1,0,0,5
16304,2.0,2.0,0.0,15,0.05,1,0,0,3
16305,2.0,2.0,0.0,15,0.05,1,0,0,5
16306,2.0,2.0,0.0,15,0.05,1,0,0,4
16307,2.0,2.0,0.0,18,0.05,1,0,0,8
16308,2.0,2.0,0.0,15,0.05,1,0,0,7
16309,2.0,2.0,0.0,17,0.05,1,0,0,4
16310,2.0,2.0,0.0,15,0.05,1,0,0,8
16311,2.0,2.0,0.0,15,0.05,1,0,0,8
16312,2.0,2.0,0.0,17,0.05,1,0,0,5
16313,2.0,2.0,0.0,15,0.05,1,0,0,7
16314,2.0,2.0,0.0,17,0.05,1,0,0,6
16315,2.0,2.0,0.0,15,0.05,1,0,0,5
16316,2.0,2.0,0.0,15,0.05,1,0,0,6
16317,2.0,2.0,0.0,15,0.05,1,0,0,4
16318,2.0,2.0,0.0,18,0.05,1,0,0,5
16319,2.0,2.0,0.0,15,0.05,1,0,0,4
16320,2.0,2.0,0.0,15,0.05,1,0,0,9
16321,2.0,2.0,0.0,16,0.05,1,0,0,6
16322,2.0,2.0,0.0,16,0.05,1,0,0,3
16323,2.0,2.0,0.0,19,0.05,1,0,0,2
16324,2.0,2.0,0.0,15,0.05,1,0,0,6
16325,2.0,2.0,0.0,16,0.05,1,0,0,4
16326,2.0,2.0,0.0,15,0.05,1,0,0,3
16327,2.0,2.0,0.0,15,0.05,1,0,0,5
16328,2.0,2.0,0.0,17,0.05,1,0,0,4
16329,2.0,2.0,0.0,15,0.05,1,0,0,9
16330,2.0,2.0,0.0,15,0.05,1,0,0,5
16331,2.0,2.0,0.0,15,0.05,1,0,0,7
16332,2.0,2.0,0.0,15,0.05,1,0,0,5
16333,2.0,2.0,0.0,17,0.05,1,0,0,7
16334,2.0,2.0,0.0,17,0.05,1,0,0,4
16335,2.0,2.0,0.0,15,0.05,1,0,0,7
16336,2.0,2.0,0.0,17,0.05,1,0,0,7
16337,2.0,2.0,0.0,15,0.05,1,0,0,3
16338,2.0,2.0,0.0,15,0.05,1,0,0,9
16339,2.0,2.0,0.0,15,0.05,1,0,0,7
16340,2.0,2.0,0.0,15,0.05,1,0,0,5
16341,2.0,2.0,0.0,17,0.05,1,0,0,9
16342,2.0,2.0,0.0,15,0.05,1,0,0,6
16343,2.0,2.0,0.0,16,0.05,1,0,0,9
16344,2.0,2.0,0.0,15,0.05,1,0,0,8
16345,2.0,2.0,0.0,15,0.05,1,0,0,4
16346,2.0,2.0,0.0,15,0.05,1,0,0,6
16347,2.0,2.0,0.0,15,0.05,1,0,0,4
16348,2.0,2.0,0.0,17,0.05,1,0,0,5
16349,2.0,2.0,0.0,15,0.05,1,0,0,9
16350,2.0,2.0,0.0,15,0.05,1,0,0,5
16351,2.0,2.0,0.0,15,0.05,1,0,0,8
16352,2.0,2.0,0.0,17,0.05,1,0,0,7
16353,2.0,2.0,0.0,19,0.05,1,0,0,7
16354,2.0,2.0,0.0,15,0.05,1,0,0,5
16355,2.0,2.0,0.0,15,0.05,1,0,0,3
16356,2.0,2.0,0.0,15,0.05,1,0,0,4
16357,2.0,2.0,0.0,15,0.05,1,0,0,6
16358,2.0,2.0,0.0,19,0.05,1,0,0,7
16359,2.0,2.0,0.0,15,0.05,1,0,0,2
16360,2.0,2.0,0.0,15,0.05,1,0,0,2
16361,2.0,2.0,0.0,15,0.05,1,0,0,5
16362,2.0,2.0,0.0,15,0.05,1,0,0,6
16363,2.0,2.0,0.0,18,0.05,1,0,0,5
16364,2.0,2.0,0.0,19,0.05,1,0,0,7
16365,2.0,2.0,0.0,15,0.05,1,0,0,3
16366,2.0,2.0,0.0,17,0.05,1,0,0,7
16367,2.0,2.0,0.0,15,0.05,1,0,0,8
16368,2.0,2.0,0.0,17,0.05,1,0,0,9
16369,2.0,2.0,0.0,19,0.05,1,0,0,9
16370,2.0,2.0,0.0,17,0.05,1,0,0,4
16371,2.0,2.0,0.0,15,0.05,1,0,0,6
16372,2.0,2.0,0.0,16,0.05,1,0,0,5
16373,2.0,2.0,0.0,20,0.05,1,0,0,9
16374,2.0,2.0,0.0,15,0.05,1,0,0,4
16375,2.0,2.0,0.0,17,0.05,1,0,0,6
16376,2.0,2.0,0.0,15,0.05,1,0,0,5
16377,2.0,2.0,0.0,17,0.05,1,0,0,7
16378,2.0,2.0,0.0,15,0.05,1,0,0,7
16379,2.0,2.0,0.0,16,0.05,1,0,0,4
16380,2.0,2.0,0.0,15,0.05,1,0,0,9
16381,2.0,2.0,0.0,15,0.05,1,0,0,6
16382,2.0,2.0,0.0,15,0.05,1,0,0,10
16383,2.0,2.0,0.0,15,0.05,1,0,0,6
16384,2.0,2.0,0.0,17,0.05,1,0,0,5
16385,2.0,2.0,0.0,16,0.05,1,0,0,4
16386,2.0,2.0,0.0,15,0.05,1,0,0,6
16387,2.0,2.0,0.0,16,0.05,1,0,0,3
16388,2.0,2.0,0.0,15,0.05,1,0,0,5
16389,2.0,2.0,0.0,16,0.05,1,0,0,6
16390,2.0,2.0,0.0,15,0.05,1,0,0,6
16391,2.0,2.0,0.0,15,0.05,1,0,0,11
16392,2.0,2.0,0.0,17,0.05,1,0,0,8
16393,2.0,2.0,0.0,17,0.05,1,0,0,5
16394,2.0,2.0,0.0,17,0.05,1,0,0,5
16395,2.0,2.0,0.0,17,0.05,1,0,0,10
16396,2.0,2.0,0.0,15,0.05,1,0,0,5
16397,2.0,2.0,0.0,17,0.05,1,0,0,4
16398,2.0,2.0,0.0,17,0.05,1,0,0,3
16399,2.0,2.0,0.0,15,0.05,1,0,0,8
16400,2.0,2.0,0.0,15,0.05,1,0,0,5
16401,2.0,2.0,0.0,15,0.05,1,0,0,10
16402,2.0,2.0,0.0,17,0.05,1,0,0,4
16403,2.0,2.0,0.0,15,0.05,1,0,0,5
16404,2.0,2.0,0.0,17,0.05,1,0,0,4
16405,2.0,2.0,0.0,17,0.05,1,0,0,4
16406,2.0,2.0,0.0,16,0.05,1,0,0,10
16407,2.0,2.0,0.0,15,0.05,1,0,0,5
16408,2.0,2.0,0.0,15,0.05,1,0,0,5
16409,2.0,2.0,0.0,15,0.05,1,0,0,4
16410,2.0,2.0,0.0,15,0.05,1,0,0,6
16411,2.0,2.0,0.0,15,0.05,1,0,0,6
16412,2.0,2.0,0.0,15,0.05,1,0,0,6
16413,2.0,2.0,0.0,15,0.05,1,0,0,6
16414,2.0,2.0,0.0,15,0.05,1,0,0,8
16415,2.0,2.0,0.0,16,0.05,1,0,0,7
16416,2.0,2.0,0.0,17,0.05,1,0,0,7
16417,2.0,2.0,0.0,15,0.05,1,0,0,7
16418,2.0,2.0,0.0,15,0.05,1,0,0,7
16419,2.0,2.0,0.0,15,0.05,1,0,0,5
16420,2.0,2.0,0.0,15,0.05,1,0,0,5
16421,2.0,2.0,0.0,15,0.05,1,0,0,3
16422,2.0,2.0,0.0,16,0.05,1,0,0,9
16423,2.0,2.0,0.0,15,0.05,1,0,0,5
16424,2.0,2.0,0.0,15,0.05,1,0,0,5
16425,2.0,2.0,0.0,15,0.05,1,0,0,6
16426,1.0,1.0,0.0,16,0.05,0,1,0,6
16427,2.0,2.0,0.0,15,0.05,1,0,0,7
16428,2.0,2.0,0.0,15,0.05,1,0,0,8
16429,2.0,2.0,0.0,16,0.05,1,0,0,4
16430,2.0,2.0,0.0,15,0.05,1,0,0,9
16431,2.0,2.0,0.0,15,0.05,1,0,0,9
16432,2.0,2.0,0.0,15,0.05,1,0,0,4
16433,2.0,2.0,0.0,15,0.05,1,0,0,3
16434,2.0,2.0,0.0,16,0.05,1,0,0,6
16435,2.0,2.0,0.0,15,0.05,1,0,0,5
16436,2.0,2.0,0.0,17,0.05,1,0,0,6
16437,2.0,2.0,0.0,17,0.05,1,0,0,7
16438,2.0,2.0,0.0,15,0.05,1,0,0,4
16439,2.0,2.0,0.0,15,0.05,1,0,0,6
16440,2.0,2.0,0.0,15,0.05,1,0,0,2
16441,2.0,2.0,0.0,17,0.05,1,0,0,7
16442,2.0,2.0,0.0,15,0.05,1,0,0,5
16443,2.0,2.0,0.0,15,0.05,1,0,0,6
16444,2.0,2.0,0.0,15,0.05,1,0,0,8
16445,2.0,2.0,0.0,19,0.05,1,0,0,5
16446,2.0,2.0,0.0,15,0.05,1,0,0,4
16447,2.0,2.0,0.0,15,0.05,1,0,0,5
16448,2.0,2.0,0.0,15,0.05,1,0,0,6
16449,2.0,2.0,0.0,15,0.05,1,0,0,5
16450,2.0,2.0,0.0,15,0.05,1,0,0,4
16451,2.0,2.0,0.0,15,0.05,1,0,0,6
16452,2.0,2.0,0.0,15,0.05,1,0,0,8
16453,2.0,2.0,0.0,15,0.05,1,0,0,6
16454,2.0,2.0,0.0,15,0.05,1,0,0,5
16455,2.0,2.0,0.0,15,0.05,1,0,0,9
16456,2.0,2.0,0.0,15,0.05,1,0,0,2
16457,2.0,2.0,0.0,17,0.05,1,0,0,6
16458,2.0,2.0,0.0,15,0.05,1,0,0,5
16459,2.0,2.0,0.0,18,0.05,1,0,0,5
16460,2.0,2.0,0.0,17,0.05,1,0,0,6
16461,2.0,2.0,0.0,15,0.05,1,0,0,7
16462,2.0,2.0,0.0,15,0.05,1,0,0,3
16463,2.0,2.0,0.0,15,0.05,1,0,0,7
16464,2.0,2.0,0.0,17,0.05,1,0,0,3
16465,2.0,2.0,0.0,15,0.05,1,0,0,7
16466,2.0,2.0,0.0,17,0.05,1,0,0,4
16467,2.0,2.0,0.0,15,0.05,1,0,0,4
16468,2.0,2.0,0.0,15,0.05,1,0,0,6
16469,2.0,2.0,0.0,17,0.05,1,0,0,8
16470,2.0,2.0,0.0,16,0.05,1,0,0,8
16471,2.0,2.0,0.0,15,0.05,1,0,0,4
16472,2.0,2.0,0.0,15,0.05,1,0,0,7
16473,2.0,2.0,0.0,15,0.05,1,0,0,5
16474,2.0,2.0,0.0,15,0.05,1,0,0,3
16475,2.0,2.0,0.0,15,0.05,1,0,0,5
16476,2.0,2.0,0.0,17,0.05,1,0,0,7
16477,2.0,2.0,0.0,16,0.05,1,0,0,5
16478,2.0,2.0,0.0,15,0.05,1,0,0,6
16479,2.0,2.0,0.0,16,0.05,1,0,0,7
16480,2.0,2.0,0.0,15,0.05,1,0,0,6
16481,2.0,2.0,0.0,15,0.05,1,0,0,5
16482,2.0,2.0,0.0,17,0.05,1,0,0,7
16483,2.0,2.0,0.0,15,0.05,1,0,0,6
16484,2.0,2.0,0.0,15,0.05,1,0,0,7
16485,2.0,2.0,0.0,15,0.05,1,0,0,7
16486,2.0,2.0,0.0,15,0.05,1,0,0,2
16487,2.0,2.0,0.0,15,0.05,1,0,0,4
16488,2.0,2.0,0.0,17,0.05,1,0,0,8
16489,2.0,2.0,0.0,15,0.05,1,0,0,2
16490,2.0,2.0,0.0,17,0.05,1,0,0,4
16491,2.0,2.0,0.0,17,0.05,1,0,0,5
16492,2.0,2.0,0.0,15,0.05,1,0,0,5
16493,2.0,2.0,0.0,17,0.05,1,0,0,5
16494,2.0,2.0,0.0,15,0.05,1,0,0,6
16495,2.0,2.0,0.0,17,0.05,1,0,0,4
16496,2.0,2.0,0.0,15,0.05,1,0,0,5
16497,2.0,2.0,0.0,16,0.05,1,0,0,10
16498,2.0,2.0,0.0,19,0.05,1,0,0,6
16499,2.0,2.0,0.0,15,0.05,1,0,0,6
16500,2.0,2.0,0.0,15,0.05,1,0,0,5
16501,2.0,2.0,0.0,17,0.05,1,0,0,5
16502,2.0,2.0,0.0,16,0.05,1,0,0,5
16503,2.0,2.0,0.0,16,0.05,1,0,0,4
16504,2.0,2.0,0.0,19,0.05,1,0,0,6
16505,2.0,2.0,0.0,20,0.05,1,0,0,7
16506,2.0,2.0,0.0,15,0.05,1,0,0,7
16507,2.0,2.0,0.0,15,0.05,1,0,0,8
16508,2.0,2.0,0.0,15,0.05,1,0,0,4
16509,2.0,2.0,0.0,15,0.05,1,0,0,6
16510,2.0,2.0,0.0,17,0.05,1,0,0,5
16511,2.0,2.0,0.0,15,0.05,1,0,0,6
16512,2.0,2.0,0.0,15,0.05,1,0,0,7
16513,2.0,2.0,0.0,15,0.05,1,0,0,4
16514,2.0,2.0,0.0,15,0.05,1,0,0,7
16515,2.0,2.0,0.0,15,0.05,1,0,0,6
16516,2.0,2.0,0.0,15,0.05,1,0,0,6
16517,2.0,2.0,0.0,17,0.05,1,0,0,6
16518,2.0,2.0,0.0,15,0.05,1,0,0,3
16519,2.0,2.0,0.0,15,0.05,1,0,0,4
16520,2.0,2.0,0.0,15,0.05,1,0,0,8
16521,2.0,2.0,0.0,16,0.05,1,0,0,7
16522,2.0,2.0,0.0,18,0.05,1,0,0,8
16523,2.0,2.0,0.0,15,0.05,1,0,0,5
16524,2.0,2.0,0.0,16,0.05,1,0,0,9
16525,2.0,2.0,0.0,15,0.05,1,0,0,7
16526,2.0,2.0,0.0,17,0.05,1,0,0,5
16527,2.0,2.0,0.0,19,0.05,1,0,0,8
16528,2.0,2.0,0.0,15,0.05,1,0,0,5
16529,2.0,2.0,0.0,17,0.05,1,0,0,6
16530,2.0,2.0,0.0,15,0.05,1,0,0,5
16531,2.0,2.0,0.0,19,0.05,1,0,0,8
16532,2.0,2.0,0.0,16,0.05,1,0,0,7
16533,2.0,2.0,0.0,15,0.05,1,0,0,3
16534,2.0,2.0,0.0,18,0.05,1,0,0,8
16535,2.0,2.0,0.0,19,0.05,1,0,0,7
16536,2.0,2.0,0.0,15,0.05,1,0,0,4
16537,2.0,2.0,0.0,15,0.05,1,0,0,4
16538,2.0,2.0,0.0,15,0.05,1,0,0,4
16539,2.0,2.0,0.0,15,0.05,1,0,0,3
16540,2.0,2.0,0.0,15,0.05,1,0,0,3
16541,2.0,2.0,0.0,18,0.05,1,0,0,4
16542,2.0,2.0,0.0,15,0.05,1,0,0,9
16543,2.0,2.0,0.0,16,0.05,1,0,0,9
16544,2.0,2.0,0.0,15,0.05,1,0,0,6
16545,2.0,2.0,0.0,18,0.05,1,0,0,6
16546,2.0,2.0,0.0,17,0.05,1,0,0,5
16547,2.0,2.0,0.0,15,0.05,1,0,0,5
16548,2.0,2.0,0.0,15,0.05,1,0,0,4
16549,2.0,2.0,0.0,15,0.05,1,0,0,9
16550,2.0,2.0,0.0,15,0.05,1,0,0,7
16551,2.0,2.0,0.0,17,0.05,1,0,0,2
16552,2.0,2.0,0.0,15,0.05,1,0,0,1
16553,2.0,2.0,0.0,17,0.05,1,0,0,6
16554,2.0,2.0,0.0,15,0.05,1,0,0,6
16555,2.0,2.0,0.0,15,0.05,1,0,0,5
16556,2.0,2.0,0.0,15,0.05,1,0,0,7
16557,2.0,2.0,0.0,15,0.05,1,0,0,4
16558,2.0,2.0,0.0,16,0.05,1,0,0,2
16559,2.0,2.0,0.0,15,0.05,1,0,0,4
16560,2.0,2.0,0.0,16,0.05,1,0,0,6
16561,2.0,2.0,0.0,15,0.05,1,0,0,7
16562,2.0,2.0,0.0,15,0.05,1,0,0,8
16563,2.0,2.0,0.0,17,0.05,1,0,0,4
16564,2.0,2.0,0.0,15,0.05,1,0,0,6
16565,2.0,2.0,0.0,15,0.05,1,0,0,6
16566,2.0,2.0,0.0,15,0.05,1,0,0,3
16567,2.0,2.0,0.0,15,0.05,1,0,0,9
16568,2.0,2.0,0.0,19,0.05,1,0,0,6
16569,2.0,2.0,0.0,15,0.05,1,0,0,8
16570,2.0,2.0,0.0,15,0.05,1,0,0,10
16571,2.0,2.0,0.0,15,0.05,1,0,0,8
16572,2.0,2.0,0.0,15,0.05,1,0,0,7
16573,2.0,2.0,0.0,15,0.05,1,0,0,6
16574,2.0,2.0,0.0,17,0.05,1,0,0,9
16575,2.0,2.0,0.0,15,0.05,1,0,0,5
16576,2.0,2.0,0.0,18,0.05,1,0,0,10
16577,2.0,2.0,0.0,15,0.05,1,0,0,9
16578,2.0,2.0,0.0,15,0.05,1,0,0,4
16579,2.0,2.0,0.0,15,0.05,1,0,0,8
16580,2.0,2.0,0.0,15,0.05,1,0,0,7
16581,2.0,2.0,0.0,19,0.05,1,0,0,6
16582,2.0,2.0,0.0,15,0.05,1,0,0,3
16583,2.0,2.0,0.0,15,0.05,1,0,0,1
16584,2.0,2.0,0.0,17,0.05,1,0,0,7
16585,2.0,2.0,0.0,16,0.05,1,0,0,6
16586,2.0,2.0,0.0,15,0.05,1,0,0,7
16587,2.0,2.0,0.0,15,0.05,1,0,0,5
16588,2.0,2.0,0.0,15,0.05,1,0,0,6
16589,2.0,2.0,0.0,15,0.05,1,0,0,2
16590,2.0,2.0,0.0,15,0.05,1,0,0,4
16591,2.0,2.0,0.0,15,0.05,1,0,0,4
16592,2.0,2.0,0.0,15,0.05,1,0,0,7
16593,2.0,2.0,0.0,15,0.05,1,0,0,7
16594,2.0,2.0,0.0,17,0.05,1,0,0,7
16595,2.0,2.0,0.0,15,0.05,1,0,0,6
16596,2.0,2.0,0.0,15,0.05,1,0,0,5
16597,2.0,2.0,0.0,19,0.05,1,0,0,9
16598,2.0,2.0,0.0,15,0.05,1,0,0,4
16599,2.0,2.0,0.0,15,0.05,1,0,0,7
16600,2.0,2.0,0.0,19,0.05,1,0,0,12
16601,2.0,2.0,0.0,15,0.05,1,0,0,5
16602,2.0,2.0,0.0,15,0.05,1,0,0,7
16603,2.0,2.0,0.0,15,0.05,1,0,0,5
16604,2.0,2.0,0.0,15,0.05,1,0,0,6
16605,2.0,2.0,0.0,15,0.05,1,0,0,5
16606,2.0,2.0,0.0,17,0.05,1,0,0,9
16607,2.0,2.0,0.0,17,0.05,1,0,0,6
16608,2.0,2.0,0.0,15,0.05,1,0,0,5
16609,2.0,2.0,0.0,16,0.05,1,0,0,3
16610,2.0,2.0,0.0,17,0.05,1,0,0,9
16611,2.0,2.0,0.0,15,0.05,1,0,0,5
16612,2.0,2.0,0.0,15,0.05,1,0,0,5
16613,2.0,2.0,0.0,15,0.05,1,0,0,5
16614,2.0,2.0,0.0,17,0.05,1,0,0,5
16615,2.0,2.0,0.0,15,0.05,1,0,0,8
16616,2.0,2.0,0.0,17,0.05,1,0,0,3
16617,2.0,2.0,0.0,15,0.05,1,0,0,4
16618,2.0,2.0,0.0,17,0.05,1,0,0,7
16619,2.0,2.0,0.0,17,0.05,1,0,0,5
16620,2.0,2.0,0.0,15,0.05,1,0,0,7
16621,2.0,2.0,0.0,15,0.05,1,0,0,6
16622,2.0,2.0,0.0,17,0.05,1,0,0,9
16623,2.0,2.0,0.0,17,0.05,1,0,0,7
16624,2.0,2.0,0.0,18,0.05,1,0,0,6
16625,2.0,2.0,0.0,15,0.05,1,0,0,9
16626,2.0,2.0,0.0,15,0.05,1,0,0,3
16627,2.0,2.0,0.0,15,0.05,1,0,0,7
16628,2.0,2.0,0.0,15,0.05,1,0,0,3
16629,2.0,2.0,0.0,15,0.05,1,0,0,9
16630,2.0,2.0,0.0,17,0.05,1,0,0,7
16631,2.0,2.0,0.0,15,0.05,1,0,0,5
16632,2.0,2.0,0.0,17,0.05,1,0,0,8
16633,2.0,2.0,0.0,15,0.05,1,0,0,3
16634,2.0,2.0,0.0,18,0.05,1,0,0,9
16635,2.0,2.0,0.0,18,0.05,1,0,0,5
16636,2.0,2.0,0.0,15,0.05,1,0,0,8
16637,2.0,2.0,0.0,17,0.05,1,0,0,6
16638,2.0,2.0,0.0,15,0.05,1,0,0,9
16639,2.0,2.0,0.0,16,0.05,1,0,0,5
16640,2.0,2.0,0.0,15,0.05,1,0,0,4
16641,2.0,2.0,0.0,15,0.05,1,0,0,3
16642,2.0,2.0,0.0,15,0.05,1,0,0,4
16643,2.0,2.0,0.0,15,0.05,1,0,0,8
16644,2.0,2.0,0.0,15,0.05,1,0,0,4
16645,2.0,2.0,0.0,15,0.05,1,0,0,6
16646,2.0,2.0,0.0,15,0.05,1,0,0,5
16647,2.0,2.0,0.0,15,0.05,1,0,0,4
16648,2.0,2.0,0.0,15,0.05,1,0,0,3
16649,2.0,2.0,0.0,15,0.05,1,0,0,9
16650,2.0,2.0,0.0,17,0.05,1,0,0,7
16651,2.0,2.0,0.0,15,0.05,1,0,0,6
16652,2.0,2.0,0.0,15,0.05,1,0,0,4
16653,2.0,2.0,0.0,15,0.05,1,0,0,6
16654,2.0,2.0,0.0,15,0.05,1,0,0,6
16655,2.0,2.0,0.0,20,0.05,1,0,0,8
16656,2.0,2.0,0.0,15,0.05,1,0,0,8
16657,2.0,2.0,0.0,15,0.05,1,0,0,6
16658,2.0,2.0,0.0,15,0.05,1,0,0,5
16659,2.0,2.0,0.0,15,0.05,1,0,0,4
16660,2.0,2.0,0.0,16,0.05,1,0,0,5
16661,2.0,2.0,0.0,15,0.05,1,0,0,4
16662,2.0,2.0,0.0,15,0.05,1,0,0,3
16663,2.0,2.0,0.0,17,0.05,1,0,0,5
16664,2.0,2.0,0.0,15,0.05,1,0,0,5
16665,2.0,2.0,0.0,15,0.05,1,0,0,3
16666,2.0,2.0,0.0,17,0.05,1,0,0,7
16667,2.0,2.0,0.0,15,0.05,1,0,0,6
16668,2.0,2.0,0.0,15,0.05,1,0,0,4
16669,2.0,2.0,0.0,19,0.05,1,0,0,9
16670,2.0,2.0,0.0,15,0.05,1,0,0,5
16671,2.0,2.0,0.0,15,0.05,1,0,0,5
16672,2.0,2.0,0.0,18,0.05,1,0,0,5
16673,2.0,2.0,0.0,15,0.05,1,0,0,7
16674,2.0,2.0,0.0,17,0.05,1,0,0,10
16675,2.0,2.0,0.0,19,0.05,1,0,0,6
16676,2.0,2.0,0.0,17,0.05,1,0,0,4
16677,2.0,2.0,0.0,15,0.05,1,0,0,8
16678,2.0,2.0,0.0,15,0.05,1,0,0,6
16679,2.0,2.0,0.0,15,0.05,1,0,0,6
16680,2.0,2.0,0.0,15,0.05,1,0,0,6
16681,2.0,2.0,0.0,15,0.05,1,0,0,7
16682,2.0,2.0,0.0,17,0.05,1,0,0,9
16683,2.0,2.0,0.0,15,0.05,1,0,0,8
16684,2.0,2.0,0.0,17,0.05,1,0,0,10
16685,2.0,2.0,0.0,15,0.05,1,0,0,5
16686,2.0,2.0,0.0,15,0.05,1,0,0,7
16687,2.0,2.0,0.0,16,0.05,1,0,0,6
16688,2.0,2.0,0.0,15,0.05,1,0,0,4
16689,2.0,2.0,0.0,15,0.05,1,0,0,6
16690,2.0,2.0,0.0,17,0.05,1,0,0,8
16691,1.0,1.0,0.0,16,0.05,0,1,0,8
16692,2.0,2.0,0.0,15,0.05,1,0,0,7
16693,2.0,2.0,0.0,16,0.05,1,0,0,6
16694,2.0,2.0,0.0,19,0.05,1,0,0,4
16695,2.0,2.0,0.0,15,0.05,1,0,0,9
16696,2.0,2.0,0.0,15,0.05,1,0,0,3
16697,2.0,2.0,0.0,15,0.05,1,0,0,4
16698,2.0,2.0,0.0,15,0.05,1,0,0,8
16699,2.0,2.0,0.0,16,0.05,1,0,0,5
16700,2.0,2.0,0.0,17,0.05,1,0,0,9
16701,2.0,2.0,0.0,15,0.05,1,0,0,7
16702,2.0,2.0,0.0,15,0.05,1,0,0,6
16703,2.0,2.0,0.0,19,0.05,1,0,0,6
16704,2.0,2.0,0.0,15,0.05,1,0,0,6
16705,2.0,2.0,0.0,15,0.05,1,0,0,5
16706,2.0,2.0,0.0,15,0.05,1,0,0,9
16707,2.0,2.0,0.0,15,0.05,1,0,0,3
16708,2.0,2.0,0.0,15,0.05,1,0,0,9
16709,2.0,2.0,0.0,15,0.05,1,0,0,6
16710,2.0,2.0,0.0,17,0.05,1,0,0,6
16711,2.0,2.0,0.0,19,0.05,1,0,0,11
16712,2.0,2.0,0.0,19,0.05,1,0,0,4
16713,2.0,2.0,0.0,15,0.05,1,0,0,8
16714,2.0,2.0,0.0,15,0.05,1,0,0,6
16715,2.0,2.0,0.0,15,0.05,1,0,0,6
16716,2.0,2.0,0.0,19,0.05,1,0,0,10
16717,2.0,2.0,0.0,16,0.05,1,0,0,4
16718,2.0,2.0,0.0,17,0.05,1,0,0,5
16719,2.0,2.0,0.0,17,0.05,1,0,0,6
16720,2.0,2.0,0.0,15,0.05,1,0,0,4
16721,2.0,2.0,0.0,17,0.05,1,0,0,6
16722,2.0,2.0,0.0,15,0.05,1,0,0,4
16723,2.0,2.0,0.0,17,0.05,1,0,0,7
16724,2.0,2.0,0.0,15,0.05,1,0,0,3
16725,2.0,2.0,0.0,17,0.05,1,0,0,3
16726,2.0,2.0,0.0,15,0.05,1,0,0,9
16727,2.0,2.0,0.0,15,0.05,1,0,0,6
16728,2.0,2.0,0.0,15,0.05,1,0,0,6
16729,2.0,2.0,0.0,15,0.05,1,0,0,7
16730,2.0,2.0,0.0,15,0.05,1,0,0,5
16731,2.0,2.0,0.0,17,0.05,1,0,0,8
16732,2.0,2.0,0.0,17,0.05,1,0,0,11
16733,2.0,2.0,0.0,15,0.05,1,0,0,5
16734,2.0,2.0,0.0,15,0.05,1,0,0,9
16735,2.0,2.0,0.0,15,0.05,1,0,0,5
16736,2.0,2.0,0.0,15,0.05,1,0,0,4
16737,2.0,2.0,0.0,17,0.05,1,0,0,7
16738,2.0,2.0,0.0,17,0.05,1,0,0,6
16739,2.0,2.0,0.0,15,0.05,1,0,0,5
16740,2.0,2.0,0.0,15,0.05,1,0,0,7
16741,2.0,2.0,0.0,15,0.05,1,0,0,5
16742,2.0,2.0,0.0,16,0.05,1,0,0,5
16743,2.0,2.0,0.0,15,0.05,1,0,0,4
16744,2.0,2.0,0.0,15,0.05,1,0,0,7
16745,2.0,2.0,0.0,15,0.05,1,0,0,8
16746,2.0,2.0,0.0,17,0.05,1,0,0,6
16747,2.0,2.0,0.0,15,0.05,1,0,0,5
16748,2.0,2.0,0.0,15,0.05,1,0,0,4
16749,2.0,2.0,0.0,15,0.05,1,0,0,2
16750,2.0,2.0,0.0,15,0.05,1,0,0,2
16751,2.0,2.0,0.0,15,0.05,1,0,0,2
16752,2.0,2.0,0.0,15,0.05,1,0,0,5
16753,2.0,2.0,0.0,15,0.05,1,0,0,6
16754,2.0,2.0,0.0,19,0.05,1,0,0,9
16755,2.0,2.0,0.0,16,0.05,1,0,0,6
16756,2.0,2.0,0.0,15,0.05,1,0,0,5
16757,2.0,2.0,0.0,15,0.05,1,0,0,3
16758,2.0,2.0,0.0,17,0.05,1,0,0,6
16759,2.0,2.0,0.0,16,0.05,1,0,0,7
16760,2.0,2.0,0.0,16,0.05,1,0,0,10
16761,2.0,2.0,0.0,17,0.05,1,0,0,5
16762,2.0,2.0,0.0,15,0.05,1,0,0,6
16763,2.0,2.0,0.0,15,0.05,1,0,0,4
16764,2.0,2.0,0.0,15,0.05,1,0,0,6
16765,2.0,2.0,0.0,15,0.05,1,0,0,6
16766,2.0,2.0,0.0,15,0.05,1,0,0,8
16767,2.0,2.0,0.0,15,0.05,1,0,0,5
16768,2.0,2.0,0.0,15,0.05,1,0,0,4
16769,2.0,2.0,0.0,17,0.05,1,0,0,9
16770,2.0,2.0,0.0,15,0.05,1,0,0,4
16771,2.0,2.0,0.0,15,0.05,1,0,0,6
16772,2.0,2.0,0.0,15,0.05,1,0,0,2
16773,2.0,2.0,0.0,15,0.05,1,0,0,4
16774,2.0,2.0,0.0,18,0.05,1,0,0,9
16775,2.0,2.0,0.0,15,0.05,1,0,0,9
16776,2.0,2.0,0.0,15,0.05,1,0,0,4
16777,2.0,2.0,0.0,15,0.05,1,0,0,4
16778,2.0,2.0,0.0,15,0.05,1,0,0,7
16779,2.0,2.0,0.0,17,0.05,1,0,0,7
16780,2.0,2.0,0.0,19,0.05,1,0,0,6
16781,2.0,2.0,0.0,15,0.05,1,0,0,1
16782,2.0,2.0,0.0,15,0.05,1,0,0,4
16783,2.0,2.0,0.0,21,0.05,1,0,0,12
16784,2.0,2.0,0.0,17,0.05,1,0,0,6
16785,2.0,2.0,0.0,15,0.05,1,0,0,9
16786,2.0,2.0,0.0,15,0.05,1,0,0,3
16787,2.0,2.0,0.0,15,0.05,1,0,0,5
16788,2.0,2.0,0.0,15,0.05,1,0,0,8
16789,2.0,2.0,0.0,20,0.05,1,0,0,6
16790,2.0,2.0,0.0,15,0.05,1,0,0,7
16791,2.0,2.0,0.0,15,0.05,1,0,0,6
16792,2.0,2.0,0.0,16,0.05,1,0,0,9
16793,2.0,2.0,0.0,15,0.05,1,0,0,8
16794,2.0,2.0,0.0,17,0.05,1,0,0,5
16795,2.0,2.0,0.0,16,0.05,1,0,0,3
16796,2.0,2.0,0.0,15,0.05,1,0,0,9
16797,2.0,2.0,0.0,15,0.05,1,0,0,4
16798,2.0,2.0,0.0,15,0.05,1,0,0,7
16799,2.0,2.0,0.0,15,0.05,1,0,0,7
16800,2.0,2.0,0.0,15,0.05,1,0,0,6
16801,2.0,2.0,0.0,17,0.05,1,0,0,6
16802,2.0,2.0,0.0,15,0.05,1,0,0,7
16803,2.0,2.0,0.0,15,0.05,1,0,0,7
16804,2.0,2.0,0.0,17,0.05,1,0,0,6
16805,2.0,2.0,0.0,15,0.05,1,0,0,6
16806,2.0,2.0,0.0,15,0.05,1,0,0,5
16807,2.0,2.0,0.0,15,0.05,1,0,0,6
16808,2.0,2.0,0.0,16,0.05,1,0,0,6
16809,2.0,2.0,0.0,17,0.05,1,0,0,5
16810,2.0,2.0,0.0,15,0.05,1,0,0,3
16811,2.0,2.0,0.0,15,0.05,1,0,0,8
16812,2.0,2.0,0.0,17,0.05,1,0,0,5
16813,2.0,2.0,0.0,16,0.05,1,0,0,9
16814,2.0,2.0,0.0,15,0.05,1,0,0,4
16815,2.0,2.0,0.0,15,0.05,1,0,0,4
16816,2.0,2.0,0.0,15,0.05,1,0,0,4
16817,2.0,2.0,0.0,17,0.05,1,0,0,3
16818,2.0,2.0,0.0,17,0.05,1,0,0,5
16819,2.0,2.0,0.0,20,0.05,1,0,0,10
16820,2.0,2.0,0.0,15,0.05,1,0,0,6
16821,2.0,2.0,0.0,15,0.05,1,0,0,5
16822,2.0,2.0,0.0,15,0.05,1,0,0,8
16823,2.0,2.0,0.0,15,0.05,1,0,0,5
16824,2.0,2.0,0.0,15,0.05,1,0,0,5
16825,2.0,2.0,0.0,17,0.05,1,0,0,10
16826,2.0,2.0,0.0,15,0.05,1,0,0,7
16827,2.0,2.0,0.0,15,0.05,1,0,0,6
16828,2.0,2.0,0.0,16,0.05,1,0,0,6
16829,2.0,2.0,0.0,15,0.05,1,0,0,4
16830,2.0,2.0,0.0,17,0.05,1,0,0,6
16831,2.0,2.0,0.0,15,0.05,1,0,0,8
16832,2.0,2.0,0.0,16,0.05,1,0,0,4
16833,2.0,2.0,0.0,15,0.05,1,0,0,7
16834,2.0,2.0,0.0,16,0.05,1,0,0,6
16835,2.0,2.0,0.0,15,0.05,1,0,0,5
16836,2.0,2.0,0.0,17,0.05,1,0,0,4
16837,2.0,2.0,0.0,15,0.05,1,0,0,3
16838,2.0,2.0,0.0,15,0.05,1,0,0,8
16839,2.0,2.0,0.0,15,0.05,1,0,0,6
16840,2.0,2.0,0.0,17,0.05,1,0,0,10
16841,2.0,2.0,0.0,17,0.05,1,0,0,4
16842,2.0,2.0,0.0,17,0.05,1,0,0,3
16843,2.0,2.0,0.0,16,0.05,1,0,0,7
16844,2.0,2.0,0.0,15,0.05,1,0,0,6
16845,2.0,2.0,0.0,19,0.05,1,0,0,9
16846,2.0,2.0,0.0,15,0.05,1,0,0,3
16847,2.0,2.0,0.0,15,0.05,1,0,0,6
16848,2.0,2.0,0.0,17,0.05,1,0,0,6
16849,2.0,2.0,0.0,15,0.05,1,0,0,4
16850,2.0,2.0,0.0,15,0.05,1,0,0,6
16851,2.0,2.0,0.0,15,0.05,1,0,0,6
16852,2.0,2.0,0.0,17,0.05,1,0,0,5
16853,2.0,2.0,0.0,15,0.05,1,0,0,6
16854,2.0,2.0,0.0,15,0.05,1,0,0,5
16855,2.0,2.0,0.0,19,0.05,1,0,0,11
16856,2.0,2.0,0.0,19,0.05,1,0,0,9
16857,2.0,2.0,0.0,15,0.05,1,0,0,5
16858,2.0,2.0,0.0,15,0.05,1,0,0,6
16859,2.0,2.0,0.0,23,0.05,1,0,0,12
16860,2.0,2.0,0.0,15,0.05,1,0,0,5
16861,2.0,2.0,0.0,15,0.05,1,0,0,6
16862,2.0,2.0,0.0,15,0.05,1,0,0,6
16863,2.0,2.0,0.0,16,0.05,1,0,0,6
16864,2.0,2.0,0.0,20,0.05,1,0,0,9
16865,2.0,2.0,0.0,15,0.05,1,0,0,9
16866,2.0,2.0,0.0,15,0.05,1,0,0,5
16867,2.0,2.0,0.0,15,0.05,1,0,0,3
16868,2.0,2.0,0.0,15,0.05,1,0,0,5
16869,2.0,2.0,0.0,15,0.05,1,0,0,7
16870,2.0,2.0,0.0,18,0.05,1,0,0,6
16871,2.0,2.0,0.0,17,0.05,1,0,0,5
16872,2.0,2.0,0.0,15,0.05,1,0,0,4
16873,2.0,2.0,0.0,15,0.05,1,0,0,5
16874,2.0,2.0,0.0,15,0.05,1,0,0,6
16875,2.0,2.0,0.0,17,0.05,1,0,0,11
16876,2.0,2.0,0.0,17,0.05,1,0,0,3
16877,2.0,2.0,0.0,15,0.05,1,0,0,3
16878,2.0,2.0,0.0,15,0.05,1,0,0,5
16879,2.0,2.0,0.0,15,0.05,1,0,0,4
16880,2.0,2.0,0.0,15,0.05,1,0,0,7
16881,2.0,2.0,0.0,17,0.05,1,0,0,6
16882,2.0,2.0,0.0,15,0.05,1,0,0,8
16883,2.0,2.0,0.0,17,0.05,1,0,0,10
16884,2.0,2.0,0.0,15,0.05,1,0,0,4
16885,2.0,2.0,0.0,16,0.05,1,0,0,9
16886,2.0,2.0,0.0,17,0.05,1,0,0,5
16887,2.0,2.0,0.0,15,0.05,1,0,0,9
16888,2.0,2.0,0.0,15,0.05,1,0,0,6
16889,2.0,2.0,0.0,15,0.05,1,0,0,4
16890,2.0,2.0,0.0,16,0.05,1,0,0,3
16891,2.0,2.0,0.0,15,0.05,1,0,0,4
16892,2.0,2.0,0.0,15,0.05,1,0,0,7
16893,2.0,2.0,0.0,15,0.05,1,0,0,5
16894,2.0,2.0,0.0,15,0.05,1,0,0,6
16895,2.0,2.0,0.0,15,0.05,1,0,0,4
16896,2.0,2.0,0.0,15,0.05,1,0,0,4
16897,2.0,2.0,0.0,17,0.05,1,0,0,7
16898,2.0,2.0,0.0,15,0.05,1,0,0,5
16899,2.0,2.0,0.0,17,0.05,1,0,0,8
16900,2.0,2.0,0.0,16,0.05,1,0,0,7
16901,2.0,2.0,0.0,15,0.05,1,0,0,4
16902,2.0,2.0,0.0,15,0.05,1,0,0,5
16903,2.0,2.0,0.0,17,0.05,1,0,0,8
16904,2.0,2.0,0.0,17,0.05,1,0,0,4
16905,2.0,2.0,0.0,17,0.05,1,0,0,4
16906,2.0,2.0,0.0,19,0.05,1,0,0,9
16907,2.0,2.0,0.0,15,0.05,1,0,0,6
16908,2.0,2.0,0.0,15,0.05,1,0,0,5
16909,2.0,2.0,0.0,16,0.05,1,0,0,6
16910,2.0,2.0,0.0,17,0.05,1,0,0,7
16911,2.0,2.0,0.0,15,0.05,1,0,0,7
16912,2.0,2.0,0.0,15,0.05,1,0,0,7
16913,2.0,2.0,0.0,15,0.05,1,0,0,4
16914,2.0,2.0,0.0,15,0.05,1,0,0,6
16915,2.0,2.0,0.0,15,0.05,1,0,0,5
16916,2.0,2.0,0.0,15,0.05,1,0,0,7
16917,2.0,2.0,0.0,15,0.05,1,0,0,5
16918,2.0,2.0,0.0,15,0.05,1,0,0,9
16919,2.0,2.0,0.0,17,0.05,1,0,0,7
16920,2.0,2.0,0.0,15,0.05,1,0,0,6
16921,2.0,2.0,0.0,16,0.05,1,0,0,5
16922,2.0,2.0,0.0,15,0.05,1,0,0,8
16923,2.0,2.0,0.0,17,0.05,1,0,0,4
16924,2.0,2.0,0.0,17,0.05,1,0,0,7
16925,2.0,2.0,0.0,15,0.05,1,0,0,5
16926,2.0,2.0,0.0,15,0.05,1,0,0,4
16927,2.0,2.0,0.0,15,0.05,1,0,0,7
16928,2.0,2.0,0.0,15,0.05,1,0,0,4
16929,2.0,2.0,0.0,15,0.05,1,0,0,6
16930,2.0,2.0,0.0,15,0.05,1,0,0,7
16931,2.0,2.0,0.0,15,0.05,1,0,0,6
16932,2.0,2.0,0.0,15,0.05,1,0,0,2
16933,2.0,2.0,0.0,15,0.05,1,0,0,5
16934,2.0,2.0,0.0,15,0.05,1,0,0,8
16935,2.0,2.0,0.0,15,0.05,1,0,0,3
16936,2.0,2.0,0.0,15,0.05,1,0,0,9
16937,2.0,2.0,0.0,15,0.05,1,0,0,5
16938,2.0,2.0,0.0,15,0.05,1,0,0,5
16939,2.0,2.0,0.0,15,0.05,1,0,0,3
16940,2.0,2.0,0.0,15,0.05,1,0,0,3
16941,2.0,2.0,0.0,15,0.05,1,0,0,3
16942,2.0,2.0,0.0,20,0.05,1,0,0,5
16943,2.0,2.0,0.0,15,0.05,1,0,0,7
16944,2.0,2.0,0.0,17,0.05,1,0,0,6
16945,2.0,2.0,0.0,16,0.05,1,0,0,8
16946,2.0,2.0,0.0,15,0.05,1,0,0,7
16947,2.0,2.0,0.0,17,0.05,1,0,0,6
16948,2.0,2.0,0.0,19,0.05,1,0,0,7
16949,2.0,2.0,0.0,16,0.05,1,0,0,8
16950,2.0,2.0,0.0,17,0.05,1,0,0,6
16951,2.0,2.0,0.0,16,0.05,1,0,0,4
16952,2.0,2.0,0.0,17,0.05,1,0,0,6
16953,2.0,2.0,0.0,15,0.05,1,0,0,4
16954,2.0,2.0,0.0,15,0.05,1,0,0,6
16955,2.0,2.0,0.0,15,0.05,1,0,0,5
16956,2.0,2.0,0.0,15,0.05,1,0,0,5
16957,2.0,2.0,0.0,17,0.05,1,0,0,8
16958,2.0,2.0,0.0,15,0.05,1,0,0,8
16959,2.0,2.0,0.0,17,0.05,1,0,0,9
16960,2.0,2.0,0.0,15,0.05,1,0,0,6
16961,2.0,2.0,0.0,15,0.05,1,0,0,5
16962,2.0,2.0,0.0,17,0.05,1,0,0,6
16963,2.0,2.0,0.0,15,0.05,1,0,0,11
16964,2.0,2.0,0.0,17,0.05,1,0,0,9
16965,2.0,2.0,0.0,15,0.05,1,0,0,6
16966,2.0,2.0,0.0,15,0.05,1,0,0,7
16967,2.0,2.0,0.0,16,0.05,1,0,0,8
16968,2.0,2.0,0.0,15,0.05,1,0,0,5
16969,2.0,2.0,0.0,17,0.05,1,0,0,9
16970,2.0,2.0,0.0,15,0.05,1,0,0,6
16971,2.0,2.0,0.0,15,0.05,1,0,0,3
16972,2.0,2.0,0.0,15,0.05,1,0,0,7
16973,2.0,2.0,0.0,16,0.05,1,0,0,6
16974,2.0,2.0,0.0,15,0.05,1,0,0,4
16975,2.0,2.0,0.0,15,0.05,1,0,0,6
16976,2.0,2.0,0.0,15,0.05,1,0,0,6
16977,2.0,2.0,0.0,17,0.05,1,0,0,7
16978,2.0,2.0,0.0,15,0.05,1,0,0,6
16979,2.0,2.0,0.0,15,0.05,1,0,0,9
16980,2.0,2.0,0.0,17,0.05,1,0,0,3
16981,1.0,1.0,0.0,19,0.05,0,1,0,7
16982,2.0,2.0,0.0,15,0.05,1,0,0,5
16983,2.0,2.0,0.0,15,0.05,1,0,0,7
16984,2.0,2.0,0.0,15,0.05,1,0,0,4
16985,2.0,2.0,0.0,15,0.05,1,0,0,7
16986,2.0,2.0,0.0,17,0.05,1,0,0,5
16987,2.0,2.0,0.0,15,0.05,1,0,0,3
16988,2.0,2.0,0.0,15,0.05,1,0,0,8
16989,2.0,2.0,0.0,24,0.05,1,0,0,11
16990,2.0,2.0,0.0,15,0.05,1,0,0,7
16991,2.0,2.0,0.0,17,0.05,1,0,0,5
16992,2.0,2.0,0.0,15,0.05,1,0,0,8
16993,2.0,2.0,0.0,15,0.05,1,0,0,5
16994,2.0,2.0,0.0,17,0.05,1,0,0,6
16995,2.0,2.0,0.0,15,0.05,1,0,0,5
16996,2.0,2.0,0.0,15,0.05,1,0,0,7
16997,2.0,2.0,0.0,17,0.05,1,0,0,5
16998,2.0,2.0,0.0,17,0.05,1,0,0,5
16999,2.0,2.0,0.0,17,0.05,1,0,0,7
17000,2.0,2.0,0.0,15,0.05,1,0,0,3
17001,2.0,2.0,0.0,15,0.05,1,0,0,5
17002,2.0,2.0,0.0,17,0.05,1,0,0,9
17003,2.0,2.0,0.0,17,0.05,1,0,0,7
17004,2.0,2.0,0.0,15,0.05,1,0,0,4
17005,2.0,2.0,0.0,15,0.05,1,0,0,5
17006,2.0,2.0,0.0,15,0.05,1,0,0,4
17007,2.0,2.0,0.0,15,0.05,1,0,0,4
17008,2.0,2.0,0.0,17,0.05,1,0,0,4
17009,2.0,2.0,0.0,15,0.05,1,0,0,4
17010,2.0,2.0,0.0,15,0.05,1,0,0,3
17011,2.0,2.0,0.0,15,0.05,1,0,0,2
17012,2.0,2.0,0.0,17,0.05,1,0,0,6
17013,2.0,2.0,0.0,15,0.05,1,0,0,8
17014,2.0,2.0,0.0,17,0.05,1,0,0,4
17015,2.0,2.0,0.0,20,0.05,1,0,0,6
17016,2.0,2.0,0.0,17,0.05,1,0,0,8
17017,2.0,2.0,0.0,15,0.05,1,0,0,2
17018,2.0,2.0,0.0,15,0.05,1,0,0,3
17019,2.0,2.0,0.0,17,0.05,1,0,0,6
17020,2.0,2.0,0.0,15,0.05,1,0,0,6
17021,2.0,2.0,0.0,15,0.05,1,0,0,3
17022,2.0,2.0,0.0,15,0.05,1,0,0,5
17023,2.0,2.0,0.0,15,0.05,1,0,0,6
17024,2.0,2.0,0.0,15,0.05,1,0,0,3
17025,2.0,2.0,0.0,15,0.05,1,0,0,5
17026,2.0,2.0,0.0,15,0.05,1,0,0,5
17027,2.0,2.0,0.0,17,0.05,1,0,0,3
17028,2.0,2.0,0.0,15,0.05,1,0,0,5
17029,2.0,2.0,0.0,15,0.05,1,0,0,6
17030,2.0,2.0,0.0,15,0.05,1,0,0,5
17031,2.0,2.0,0.0,15,0.05,1,0,0,3
17032,2.0,2.0,0.0,15,0.05,1,0,0,4
17033,2.0,2.0,0.0,15,0.05,1,0,0,5
17034,2.0,2.0,0.0,15,0.05,1,0,0,5
17035,2.0,2.0,0.0,18,0.05,1,0,0,8
17036,2.0,2.0,0.0,17,0.05,1,0,0,5
17037,2.0,2.0,0.0,15,0.05,1,0,0,7
17038,2.0,2.0,0.0,15,0.05,1,0,0,3
17039,2.0,2.0,0.0,15,0.05,1,0,0,6
17040,2.0,2.0,0.0,15,0.05,1,0,0,5
17041,2.0,2.0,0.0,15,0.05,1,0,0,3
17042,2.0,2.0,0.0,15,0.05,1,0,0,6
17043,2.0,2.0,0.0,16,0.05,1,0,0,5
17044,2.0,2.0,0.0,15,0.05,1,0,0,8
17045,2.0,2.0,0.0,15,0.05,1,0,0,7
17046,2.0,2.0,0.0,16,0.05,1,0,0,2
17047,2.0,2.0,0.0,15,0.05,1,0,0,6
17048,2.0,2.0,0.0,17,0.05,1,0,0,10
17049,2.0,2.0,0.0,17,0.05,1,0,0,3
17050,2.0,2.0,0.0,15,0.05,1,0,0,4
17051,2.0,2.0,0.0,15,0.05,1,0,0,6
17052,2.0,2.0,0.0,17,0.05,1,0,0,7
17053,2.0,2.0,0.0,17,0.05,1,0,0,8
17054,2.0,2.0,0.0,15,0.05,1,0,0,3
17055,2.0,2.0,0.0,15,0.05,1,0,0,3
17056,2.0,2.0,0.0,17,0.05,1,0,0,7
17057,2.0,2.0,0.0,18,0.05,1,0,0,6
17058,2.0,2.0,0.0,15,0.05,1,0,0,9
17059,2.0,2.0,0.0,15,0.05,1,0,0,3
17060,2.0,2.0,0.0,15,0.05,1,0,0,7
17061,2.0,2.0,0.0,17,0.05,1,0,0,8
17062,2.0,2.0,0.0,15,0.05,1,0,0,6
17063,2.0,2.0,0.0,17,0.05,1,0,0,7
17064,2.0,2.0,0.0,15,0.05,1,0,0,3
17065,2.0,2.0,0.0,15,0.05,1,0,0,6
17066,2.0,2.0,0.0,17,0.05,1,0,0,6
17067,2.0,2.0,0.0,15,0.05,1,0,0,5
17068,2.0,2.0,0.0,17,0.05,1,0,0,3
17069,2.0,2.0,0.0,15,0.05,1,0,0,7
17070,2.0,2.0,0.0,15,0.05,1,0,0,8
17071,2.0,2.0,0.0,15,0.05,1,0,0,7
17072,2.0,2.0,0.0,15,0.05,1,0,0,4
17073,2.0,2.0,0.0,15,0.05,1,0,0,4
17074,2.0,2.0,0.0,17,0.05,1,0,0,6
17075,2.0,2.0,0.0,17,0.05,1,0,0,6
17076,2.0,2.0,0.0,18,0.05,1,0,0,8
17077,2.0,2.0,0.0,15,0.05,1,0,0,7
17078,2.0,2.0,0.0,15,0.05,1,0,0,7
17079,2.0,2.0,0.0,15,0.05,1,0,0,5
17080,2.0,2.0,0.0,15,0.05,1,0,0,7
17081,2.0,2.0,0.0,15,0.05,1,0,0,4
17082,2.0,2.0,0.0,15,0.05,1,0,0,5
17083,2.0,2.0,0.0,17,0.05,1,0,0,9
17084,2.0,2.0,0.0,17,0.05,1,0,0,4
17085,2.0,2.0,0.0,15,0.05,1,0,0,4
17086,2.0,2.0,0.0,15,0.05,1,0,0,6
17087,2.0,2.0,0.0,15,0.05,1,0,0,7
17088,2.0,2.0,0.0,17,0.05,1,0,0,10
17089,2.0,2.0,0.0,15,0.05,1,0,0,6
17090,2.0,2.0,0.0,15,0.05,1,0,0,7
17091,2.0,2.0,0.0,17,0.05,1,0,0,5
17092,2.0,2.0,0.0,17,0.05,1,0,0,10
17093,2.0,2.0,0.0,15,0.05,1,0,0,5
17094,2.0,2.0,0.0,15,0.05,1,0,0,5
17095,2.0,2.0,0.0,15,0.05,1,0,0,7
17096,2.0,2.0,0.0,15,0.05,1,0,0,6
17097,2.0,2.0,0.0,15,0.05,1,0,0,7
17098,2.0,2.0,0.0,15,0.05,1,0,0,6
17099,2.0,2.0,0.0,15,0.05,1,0,0,3
17100,2.0,2.0,0.0,15,0.05,1,0,0,8
17101,2.0,2.0,0.0,21,0.05,1,0,0,8
17102,2.0,2.0,0.0,15,0.05,1,0,0,6
17103,2.0,2.0,0.0,20,0.05,1,0,0,8
17104,2.0,2.0,0.0,16,0.05,1,0,0,5
17105,2.0,2.0,0.0,15,0.05,1,0,0,5
17106,2.0,2.0,0.0,17,0.05,1,0,0,6
17107,2.0,2.0,0.0,15,0.05,1,0,0,4
17108,2.0,2.0,0.0,19,0.05,1,0,0,9
17109,2.0,2.0,0.0,15,0.05,1,0,0,10
17110,2.0,2.0,0.0,17,0.05,1,0,0,7
17111,2.0,2.0,0.0,15,0.05,1,0,0,6
17112,2.0,2.0,0.0,15,0.05,1,0,0,7
17113,2.0,2.0,0.0,15,0.05,1,0,0,6
17114,2.0,2.0,0.0,15,0.05,1,0,0,6
17115,2.0,2.0,0.0,17,0.05,1,0,0,4
17116,2.0,2.0,0.0,15,0.05,1,0,0,5
17117,2.0,2.0,0.0,17,0.05,1,0,0,5
17118,2.0,2.0,0.0,15,0.05,1,0,0,5
17119,2.0,2.0,0.0,17,0.05,1,0,0,5
17120,2.0,2.0,0.0,15,0.05,1,0,0,4
17121,2.0,2.0,0.0,17,0.05,1,0,0,8
17122,1.0,1.0,0.0,16,0.05,0,1,0,8
17123,2.0,2.0,0.0,15,0.05,1,0,0,6
17124,2.0,2.0,0.0,15,0.05,1,0,0,6
17125,2.0,2.0,0.0,19,0.05,1,0,0,8
17126,2.0,2.0,0.0,15,0.05,1,0,0,6
17127,2.0,2.0,0.0,15,0.05,1,0,0,6
17128,2.0,2.0,0.0,17,0.05,1,0,0,4
17129,2.0,2.0,0.0,15,0.05,1,0,0,6
17130,2.0,2.0,0.0,17,0.05,1,0,0,5
17131,2.0,2.0,0.0,15,0.05,1,0,0,3
17132,2.0,2.0,0.0,15,0.05,1,0,0,2
17133,2.0,2.0,0.0,15,0.05,1,0,0,5
17134,2.0,2.0,0.0,15,0.05,1,0,0,8
17135,2.0,2.0,0.0,15,0.05,1,0,0,4
17136,2.0,2.0,0.0,19,0.05,1,0,0,7
17137,2.0,2.0,0.0,15,0.05,1,0,0,4
17138,2.0,2.0,0.0,15,0.05,1,0,0,6
17139,2.0,2.0,0.0,15,0.05,1,0,0,2
17140,2.0,2.0,0.0,15,0.05,1,0,0,6
17141,2.0,2.0,0.0,17,0.05,1,0,0,9
17142,2.0,2.0,0.0,15,0.05,1,0,0,6
17143,2.0,2.0,0.0,15,0.05,1,0,0,6
17144,2.0,2.0,0.0,15,0.05,1,0,0,6
17145,2.0,2.0,0.0,17,0.05,1,0,0,8
17146,2.0,2.0,0.0,16,0.05,1,0,0,5
17147,2.0,2.0,0.0,19,0.05,1,0,0,9
17148,2.0,2.0,0.0,15,0.05,1,0,0,5
17149,2.0,2.0,0.0,15,0.05,1,0,0,5
17150,2.0,2.0,0.0,19,0.05,1,0,0,10
17151,2.0,2.0,0.0,15,0.05,1,0,0,3
17152,2.0,2.0,0.0,15,0.05,1,0,0,5
17153,2.0,2.0,0.0,17,0.05,1,0,0,8
17154,2.0,2.0,0.0,15,0.05,1,0,0,6
17155,2.0,2.0,0.0,15,0.05,1,0,0,7
17156,2.0,2.0,0.0,15,0.05,1,0,0,8
17157,2.0,2.0,0.0,17,0.05,1,0,0,4
17158,2.0,2.0,0.0,15,0.05,1,0,0,2
17159,2.0,2.0,0.0,15,0.05,1,0,0,9
17160,2.0,2.0,0.0,15,0.05,1,0,0,4
17161,2.0,2.0,0.0,15,0.05,1,0,0,6
17162,2.0,2.0,0.0,15,0.05,1,0,0,5
17163,2.0,2.0,0.0,15,0.05,1,0,0,3
17164,2.0,2.0,0.0,15,0.05,1,0,0,3
17165,2.0,2.0,0.0,15,0.05,1,0,0,7
17166,2.0,2.0,0.0,15,0.05,1,0,0,8
17167,2.0,2.0,0.0,15,0.05,1,0,0,6
17168,2.0,2.0,0.0,17,0.05,1,0,0,8
17169,2.0,2.0,0.0,17,0.05,1,0,0,5
17170,2.0,2.0,0.0,15,0.05,1,0,0,4
17171,2.0,2.0,0.0,15,0.05,1,0,0,7
17172,2.0,2.0,0.0,19,0.05,1,0,0,7
17173,2.0,2.0,0.0,15,0.05,1,0,0,4
17174,2.0,2.0,0.0,15,0.05,1,0,0,5
17175,2.0,2.0,0.0,15,0.05,1,0,0,7
17176,2.0,2.0,0.0,15,0.05,1,0,0,9
17177,2.0,2.0,0.0,15,0.05,1,0,0,5
17178,2.0,2.0,0.0,15,0.05,1,0,0,6
17179,2.0,2.0,0.0,15,0.05,1,0,0,4
17180,2.0,2.0,0.0,17,0.05,1,0,0,9
17181,2.0,2.0,0.0,15,0.05,1,0,0,5
17182,2.0,2.0,0.0,15,0.05,1,0,0,7
17183,2.0,2.0,0.0,16,0.05,1,0,0,6
17184,2.0,2.0,0.0,17,0.05,1,0,0,6
17185,2.0,2.0,0.0,15,0.05,1,0,0,9
17186,2.0,2.0,0.0,15,0.05,1,0,0,4
17187,2.0,2.0,0.0,17,0.05,1,0,0,7
17188,2.0,2.0,0.0,15,0.05,1,0,0,2
17189,2.0,2.0,0.0,15,0.05,1,0,0,3
17190,2.0,2.0,0.0,15,0.05,1,0,0,5
17191,2.0,2.0,0.0,15,0.05,1,0,0,7
17192,2.0,2.0,0.0,15,0.05,1,0,0,4
17193,2.0,2.0,0.0,15,0.05,1,0,0,5
17194,2.0,2.0,0.0,15,0.05,1,0,0,4
17195,2.0,2.0,0.0,15,0.05,1,0,0,6
17196,2.0,2.0,0.0,15,0.05,1,0,0,8
17197,2.0,2.0,0.0,15,0.05,1,0,0,5
17198,2.0,2.0,0.0,18,0.05,1,0,0,5
17199,2.0,2.0,0.0,19,0.05,1,0,0,9
17200,2.0,2.0,0.0,15,0.05,1,0,0,9
17201,2.0,2.0,0.0,19,0.05,1,0,0,9
17202,2.0,2.0,0.0,15,0.05,1,0,0,7
17203,2.0,2.0,0.0,17,0.05,1,0,0,6
17204,2.0,2.0,0.0,15,0.05,1,0,0,7
17205,2.0,2.0,0.0,17,0.05,1,0,0,9
17206,2.0,2.0,0.0,16,0.05,1,0,0,5
17207,2.0,2.0,0.0,17,0.05,1,0,0,6
17208,2.0,2.0,0.0,17,0.05,1,0,0,7
17209,2.0,2.0,0.0,15,0.05,1,0,0,5
17210,2.0,2.0,0.0,16,0.05,1,0,0,5
17211,2.0,2.0,0.0,15,0.05,1,0,0,4
17212,2.0,2.0,0.0,15,0.05,1,0,0,6
17213,2.0,2.0,0.0,15,0.05,1,0,0,5
17214,2.0,2.0,0.0,15,0.05,1,0,0,3
17215,2.0,2.0,0.0,19,0.05,1,0,0,7
17216,2.0,2.0,0.0,17,0.05,1,0,0,10
17217,2.0,2.0,0.0,15,0.05,1,0,0,3
17218,2.0,2.0,0.0,17,0.05,1,0,0,5
17219,2.0,2.0,0.0,17,0.05,1,0,0,5
17220,2.0,2.0,0.0,15,0.05,1,0,0,5
17221,2.0,2.0,0.0,15,0.05,1,0,0,6
17222,2.0,2.0,0.0,15,0.05,1,0,0,6
17223,2.0,2.0,0.0,15,0.05,1,0,0,8
17224,2.0,2.0,0.0,15,0.05,1,0,0,5
17225,2.0,2.0,0.0,15,0.05,1,0,0,4
17226,2.0,2.0,0.0,17,0.05,1,0,0,5
17227,2.0,2.0,0.0,15,0.05,1,0,0,6
17228,2.0,2.0,0.0,17,0.05,1,0,0,8
17229,2.0,2.0,0.0,15,0.05,1,0,0,9
17230,2.0,2.0,0.0,17,0.05,1,0,0,5
17231,2.0,2.0,0.0,15,0.05,1,0,0,5
17232,2.0,2.0,0.0,15,0.05,1,0,0,7
17233,2.0,2.0,0.0,16,0.05,1,0,0,4
17234,2.0,2.0,0.0,15,0.05,1,0,0,7
17235,2.0,2.0,0.0,16,0.05,1,0,0,6
17236,2.0,2.0,0.0,15,0.05,1,0,0,6
17237,2.0,2.0,0.0,17,0.05,1,0,0,8
17238,2.0,2.0,0.0,15,0.05,1,0,0,6
17239,2.0,2.0,0.0,15,0.05,1,0,0,3
17240,2.0,2.0,0.0,19,0.05,1,0,0,8
17241,2.0,2.0,0.0,17,0.05,1,0,0,7
17242,2.0,2.0,0.0,15,0.05,1,0,0,6
17243,2.0,2.0,0.0,17,0.05,1,0,0,5
17244,2.0,2.0,0.0,15,0.05,1,0,0,7
17245,2.0,2.0,0.0,15,0.05,1,0,0,7
17246,2.0,2.0,0.0,15,0.05,1,0,0,7
17247,2.0,2.0,0.0,15,0.05,1,0,0,7
17248,2.0,2.0,0.0,17,0.05,1,0,0,10
17249,2.0,2.0,0.0,15,0.05,1,0,0,6
17250,2.0,2.0,0.0,15,0.05,1,0,0,7
17251,2.0,2.0,0.0,15,0.05,1,0,0,8
17252,2.0,2.0,0.0,15,0.05,1,0,0,6
17253,2.0,2.0,0.0,15,0.05,1,0,0,4
17254,2.0,2.0,0.0,15,0.05,1,0,0,3
17255,2.0,2.0,0.0,15,0.05,1,0,0,5
17256,2.0,2.0,0.0,15,0.05,1,0,0,8
17257,2.0,2.0,0.0,15,0.05,1,0,0,7
17258,2.0,2.0,0.0,15,0.05,1,0,0,3
17259,2.0,2.0,0.0,15,0.05,1,0,0,6
17260,2.0,2.0,0.0,19,0.05,1,0,0,9
17261,2.0,2.0,0.0,15,0.05,1,0,0,2
17262,2.0,2.0,0.0,19,0.05,1,0,0,7
17263,2.0,2.0,0.0,15,0.05,1,0,0,7
17264,2.0,2.0,0.0,15,0.05,1,0,0,8
17265,2.0,2.0,0.0,15,0.05,1,0,0,2
17266,2.0,2.0,0.0,16,0.05,1,0,0,8
17267,2.0,2.0,0.0,15,0.05,1,0,0,7
17268,2.0,2.0,0.0,15,0.05,1,0,0,7
17269,2.0,2.0,0.0,15,0.05,1,0,0,8
17270,2.0,2.0,0.0,15,0.05,1,0,0,5
17271,2.0,2.0,0.0,17,0.05,1,0,0,4
17272,2.0,2.0,0.0,15,0.05,1,0,0,3
17273,2.0,2.0,0.0,15,0.05,1,0,0,6
17274,2.0,2.0,0.0,15,0.05,1,0,0,8
17275,2.0,2.0,0.0,15,0.05,1,0,0,3
17276,2.0,2.0,0.0,15,0.05,1,0,0,8
17277,2.0,2.0,0.0,15,0.05,1,0,0,5
17278,2.0,2.0,0.0,17,0.05,1,0,0,6
17279,2.0,2.0,0.0,15,0.05,1,0,0,5
17280,2.0,2.0,0.0,16,0.05,1,0,0,6
17281,2.0,2.0,0.0,15,0.05,1,0,0,3
17282,2.0,2.0,0.0,15,0.05,1,0,0,6
17283,2.0,2.0,0.0,15,0.05,1,0,0,4
17284,2.0,2.0,0.0,15,0.05,1,0,0,6
17285,2.0,2.0,0.0,15,0.05,1,0,0,6
17286,2.0,2.0,0.0,17,0.05,1,0,0,3
17287,2.0,2.0,0.0,15,0.05,1,0,0,8
17288,2.0,2.0,0.0,15,0.05,1,0,0,7
17289,2.0,2.0,0.0,15,0.05,1,0,0,7
17290,2.0,2.0,0.0,15,0.05,1,0,0,9
17291,2.0,2.0,0.0,15,0.05,1,0,0,4
17292,2.0,2.0,0.0,17,0.05,1,0,0,8
17293,2.0,2.0,0.0,16,0.05,1,0,0,7
17294,2.0,2.0,0.0,17,0.05,1,0,0,7
17295,2.0,2.0,0.0,15,0.05,1,0,0,3
17296,2.0,2.0,0.0,17,0.05,1,0,0,7
17297,2.0,2.0,0.0,47,0.05,1,0,0,21
17298,2.0,2.0,0.0,15,0.05,1,0,0,4
17299,2.0,2.0,0.0,15,0.05,1,0,0,5
17300,2.0,2.0,0.0,17,0.05,1,0,0,6
17301,2.0,2.0,0.0,17,0.05,1,0,0,6
17302,2.0,2.0,0.0,15,0.05,1,0,0,6
17303,2.0,2.0,0.0,15,0.05,1,0,0,4
17304,2.0,2.0,0.0,15,0.05,1,0,0,7
17305,2.0,2.0,0.0,17,0.05,1,0,0,5
17306,2.0,2.0,0.0,17,0.05,1,0,0,9
17307,2.0,2.0,0.0,15,0.05,1,0,0,8
17308,2.0,2.0,0.0,19,0.05,1,0,0,7
17309,2.0,2.0,0.0,17,0.05,1,0,0,4
17310,2.0,2.0,0.0,15,0.05,1,0,0,6
17311,2.0,2.0,0.0,15,0.05,1,0,0,6
17312,2.0,2.0,0.0,15,0.05,1,0,0,5
17313,2.0,2.0,0.0,15,0.05,1,0,0,7
17314,2.0,2.0,0.0,15,0.05,1,0,0,7
17315,2.0,2.0,0.0,16,0.05,1,0,0,5
17316,2.0,2.0,0.0,15,0.05,1,0,0,10
17317,2.0,2.0,0.0,16,0.05,1,0,0,6
17318,2.0,2.0,0.0,15,0.05,1,0,0,6
17319,2.0,2.0,0.0,15,0.05,1,0,0,3
17320,2.0,2.0,0.0,15,0.05,1,0,0,10
17321,2.0,2.0,0.0,15,0.05,1,0,0,6
17322,2.0,2.0,0.0,17,0.05,1,0,0,7
17323,2.0,2.0,0.0,15,0.05,1,0,0,5
17324,2.0,2.0,0.0,17,0.05,1,0,0,4
17325,2.0,2.0,0.0,15,0.05,1,0,0,5
17326,2.0,2.0,0.0,15,0.05,1,0,0,5
17327,2.0,2.0,0.0,15,0.05,1,0,0,4
17328,2.0,2.0,0.0,15,0.05,1,0,0,4
17329,2.0,2.0,0.0,15,0.05,1,0,0,1
17330,2.0,2.0,0.0,17,0.05,1,0,0,6
17331,2.0,2.0,0.0,15,0.05,1,0,0,5
17332,2.0,2.0,0.0,15,0.05,1,0,0,5
17333,2.0,2.0,0.0,18,0.05,1,0,0,6
17334,2.0,2.0,0.0,15,0.05,1,0,0,7
17335,2.0,2.0,0.0,15,0.05,1,0,0,7
17336,2.0,2.0,0.0,15,0.05,1,0,0,7
17337,2.0,2.0,0.0,15,0.05,1,0,0,7
17338,2.0,2.0,0.0,17,0.05,1,0,0,3
17339,2.0,2.0,0.0,15,0.05,1,0,0,8
17340,2.0,2.0,0.0,15,0.05,1,0,0,8
17341,2.0,2.0,0.0,15,0.05,1,0,0,6
17342,2.0,2.0,0.0,17,0.05,1,0,0,9
17343,2.0,2.0,0.0,17,0.05,1,0,0,4
17344,2.0,2.0,0.0,15,0.05,1,0,0,6
17345,2.0,2.0,0.0,15,0.05,1,0,0,7
17346,2.0,2.0,0.0,15,0.05,1,0,0,4
17347,2.0,2.0,0.0,15,0.05,1,0,0,6
17348,2.0,2.0,0.0,15,0.05,1,0,0,7
17349,2.0,2.0,0.0,15,0.05,1,0,0,4
17350,2.0,2.0,0.0,17,0.05,1,0,0,8
17351,2.0,2.0,0.0,15,0.05,1,0,0,5
17352,2.0,2.0,0.0,15,0.05,1,0,0,4
17353,2.0,2.0,0.0,16,0.05,1,0,0,5
17354,2.0,2.0,0.0,15,0.05,1,0,0,5
17355,2.0,2.0,0.0,15,0.05,1,0,0,5
17356,2.0,2.0,0.0,15,0.05,1,0,0,4
17357,2.0,2.0,0.0,15,0.05,1,0,0,7
17358,2.0,2.0,0.0,15,0.05,1,0,0,9
17359,2.0,2.0,0.0,15,0.05,1,0,0,3
17360,2.0,2.0,0.0,15,0.05,1,0,0,6
17361,2.0,2.0,0.0,17,0.05,1,0,0,6
17362,2.0,2.0,0.0,15,0.05,1,0,0,4
17363,2.0,2.0,0.0,17,0.05,1,0,0,6
17364,2.0,2.0,0.0,17,0.05,1,0,0,3
17365,2.0,2.0,0.0,15,0.05,1,0,0,7
17366,2.0,2.0,0.0,15,0.05,1,0,0,3
17367,2.0,2.0,0.0,17,0.05,1,0,0,5
17368,2.0,2.0,0.0,17,0.05,1,0,0,5
17369,2.0,2.0,0.0,15,0.05,1,0,0,8
17370,2.0,2.0,0.0,15,0.05,1,0,0,4
17371,2.0,2.0,0.0,15,0.05,1,0,0,5
17372,2.0,2.0,0.0,15,0.05,1,0,0,4
17373,2.0,2.0,0.0,15,0.05,1,0,0,8
17374,2.0,2.0,0.0,15,0.05,1,0,0,5
17375,2.0,2.0,0.0,15,0.05,1,0,0,5
17376,2.0,2.0,0.0,15,0.05,1,0,0,6
17377,2.0,2.0,0.0,15,0.05,1,0,0,4
17378,2.0,2.0,0.0,15,0.05,1,0,0,5
17379,2.0,2.0,0.0,16,0.05,1,0,0,6
17380,2.0,2.0,0.0,17,0.05,1,0,0,6
17381,2.0,2.0,0.0,15,0.05,1,0,0,4
17382,2.0,2.0,0.0,15,0.05,1,0,0,3
17383,2.0,2.0,0.0,15,0.05,1,0,0,4
17384,2.0,2.0,0.0,15,0.05,1,0,0,4
17385,2.0,2.0,0.0,15,0.05,1,0,0,6
17386,2.0,2.0,0.0,17,0.05,1,0,0,6
17387,2.0,2.0,0.0,17,0.05,1,0,0,7
17388,2.0,2.0,0.0,15,0.05,1,0,0,6
17389,2.0,2.0,0.0,29,0.05,1,0,0,13
17390,2.0,2.0,0.0,17,0.05,1,0,0,11
17391,2.0,2.0,0.0,15,0.05,1,0,0,7
17392,2.0,2.0,0.0,17,0.05,1,0,0,6
17393,2.0,2.0,0.0,15,0.05,1,0,0,5
17394,2.0,2.0,0.0,18,0.05,1,0,0,7
17395,2.0,2.0,0.0,15,0.05,1,0,0,6
17396,2.0,2.0,0.0,15,0.05,1,0,0,5
17397,2.0,2.0,0.0,15,0.05,1,0,0,6
17398,2.0,2.0,0.0,15,0.05,1,0,0,7
17399,2.0,2.0,0.0,16,0.05,1,0,0,7
17400,2.0,2.0,0.0,17,0.05,1,0,0,6
17401,2.0,2.0,0.0,17,0.05,1,0,0,1
17402,2.0,2.0,0.0,15,0.05,1,0,0,6
17403,2.0,2.0,0.0,15,0.05,1,0,0,7
17404,2.0,2.0,0.0,16,0.05,1,0,0,7
17405,2.0,2.0,0.0,17,0.05,1,0,0,4
17406,2.0,2.0,0.0,15,0.05,1,0,0,9
17407,2.0,2.0,0.0,15,0.05,1,0,0,4
17408,2.0,2.0,0.0,15,0.05,1,0,0,8
17409,2.0,2.0,0.0,15,0.05,1,0,0,8
17410,2.0,2.0,0.0,15,0.05,1,0,0,1
17411,2.0,2.0,0.0,17,0.05,1,0,0,6
17412,2.0,2.0,0.0,17,0.05,1,0,0,7
17413,2.0,2.0,0.0,19,0.05,1,0,0,4
17414,2.0,2.0,0.0,17,0.05,1,0,0,6
17415,2.0,2.0,0.0,17,0.05,1,0,0,5
17416,2.0,2.0,0.0,15,0.05,1,0,0,5
17417,2.0,2.0,0.0,15,0.05,1,0,0,5
17418,2.0,2.0,0.0,15,0.05,1,0,0,6
17419,2.0,2.0,0.0,17,0.05,1,0,0,7
17420,2.0,2.0,0.0,15,0.05,1,0,0,9
17421,2.0,2.0,0.0,17,0.05,1,0,0,6
17422,2.0,2.0,0.0,16,0.05,1,0,0,7
17423,2.0,2.0,0.0,17,0.05,1,0,0,6
17424,2.0,2.0,0.0,15,0.05,1,0,0,6
17425,2.0,2.0,0.0,15,0.05,1,0,0,5
17426,2.0,2.0,0.0,15,0.05,1,0,0,7
17427,2.0,2.0,0.0,17,0.05,1,0,0,8
17428,2.0,2.0,0.0,17,0.05,1,0,0,6
17429,2.0,2.0,0.0,17,0.05,1,0,0,7
17430,2.0,2.0,0.0,15,0.05,1,0,0,5
17431,2.0,2.0,0.0,17,0.05,1,0,0,6
17432,2.0,2.0,0.0,15,0.05,1,0,0,9
17433,2.0,2.0,0.0,15,0.05,1,0,0,2
17434,2.0,2.0,0.0,15,0.05,1,0,0,4
17435,2.0,2.0,0.0,15,0.05,1,0,0,6
17436,2.0,2.0,0.0,15,0.05,1,0,0,4
17437,2.0,2.0,0.0,19,0.05,1,0,0,9
17438,2.0,2.0,0.0,17,0.05,1,0,0,7
17439,2.0,2.0,0.0,15,0.05,1,0,0,9
17440,2.0,2.0,0.0,18,0.05,1,0,0,5
17441,2.0,2.0,0.0,17,0.05,1,0,0,6
17442,2.0,2.0,0.0,15,0.05,1,0,0,4
17443,2.0,2.0,0.0,15,0.05,1,0,0,6
17444,2.0,2.0,0.0,17,0.05,1,0,0,5
17445,2.0,2.0,0.0,19,0.05,1,0,0,10
17446,2.0,2.0,0.0,17,0.05,1,0,0,6
17447,2.0,2.0,0.0,16,0.05,1,0,0,4
17448,2.0,2.0,0.0,17,0.05,1,0,0,10
17449,2.0,2.0,0.0,15,0.05,1,0,0,7
17450,2.0,2.0,0.0,17,0.05,1,0,0,6
17451,2.0,2.0,0.0,15,0.05,1,0,0,3
17452,2.0,2.0,0.0,15,0.05,1,0,0,5
17453,2.0,2.0,0.0,15,0.05,1,0,0,3
17454,2.0,2.0,0.0,15,0.05,1,0,0,6
17455,2.0,2.0,0.0,15,0.05,1,0,0,4
17456,2.0,2.0,0.0,16,0.05,1,0,0,3
17457,2.0,2.0,0.0,15,0.05,1,0,0,4
17458,2.0,2.0,0.0,17,0.05,1,0,0,8
17459,2.0,2.0,0.0,15,0.05,1,0,0,6
17460,2.0,2.0,0.0,15,0.05,1,0,0,4
17461,2.0,2.0,0.0,15,0.05,1,0,0,5
17462,2.0,2.0,0.0,17,0.05,1,0,0,7
17463,2.0,2.0,0.0,15,0.05,1,0,0,6
17464,2.0,2.0,0.0,15,0.05,1,0,0,6
17465,2.0,2.0,0.0,15,0.05,1,0,0,4
17466,2.0,2.0,0.0,16,0.05,1,0,0,7
17467,2.0,2.0,0.0,15,0.05,1,0,0,2
17468,2.0,2.0,0.0,19,0.05,1,0,0,8
17469,2.0,2.0,0.0,17,0.05,1,0,0,2
17470,2.0,2.0,0.0,19,0.05,1,0,0,8
17471,2.0,2.0,0.0,15,0.05,1,0,0,8
17472,2.0,2.0,0.0,15,0.05,1,0,0,4
17473,2.0,2.0,0.0,15,0.05,1,0,0,6
17474,2.0,2.0,0.0,15,0.05,1,0,0,4
17475,2.0,2.0,0.0,15,0.05,1,0,0,8
17476,2.0,2.0,0.0,15,0.05,1,0,0,9
17477,2.0,2.0,0.0,16,0.05,1,0,0,7
17478,2.0,2.0,0.0,15,0.05,1,0,0,5
17479,2.0,2.0,0.0,15,0.05,1,0,0,5
17480,2.0,2.0,0.0,17,0.05,1,0,0,4
17481,2.0,2.0,0.0,17,0.05,1,0,0,4
17482,2.0,2.0,0.0,15,0.05,1,0,0,5
17483,2.0,2.0,0.0,17,0.05,1,0,0,4
17484,2.0,2.0,0.0,15,0.05,1,0,0,6
17485,2.0,2.0,0.0,19,0.05,1,0,0,7
17486,2.0,2.0,0.0,16,0.05,1,0,0,8
17487,2.0,2.0,0.0,17,0.05,1,0,0,7
17488,2.0,2.0,0.0,15,0.05,1,0,0,5
17489,2.0,2.0,0.0,15,0.05,1,0,0,5
17490,2.0,2.0,0.0,17,0.05,1,0,0,8
17491,2.0,2.0,0.0,21,0.05,1,0,0,10
17492,2.0,2.0,0.0,15,0.05,1,0,0,7
17493,2.0,2.0,0.0,15,0.05,1,0,0,3
17494,2.0,2.0,0.0,15,0.05,1,0,0,3
17495,2.0,2.0,0.0,17,0.05,1,0,0,9
17496,2.0,2.0,0.0,17,0.05,1,0,0,5
17497,2.0,2.0,0.0,15,0.05,1,0,0,6
17498,2.0,2.0,0.0,15,0.05,1,0,0,6
17499,2.0,2.0,0.0,15,0.05,1,0,0,4
17500,2.0,2.0,0.0,17,0.05,1,0,0,5
17501,2.0,2.0,0.0,15,0.05,1,0,0,6
17502,2.0,2.0,0.0,15,0.05,1,0,0,6
17503,2.0,2.0,0.0,15,0.05,1,0,0,6
17504,2.0,2.0,0.0,16,0.05,1,0,0,10
17505,2.0,2.0,0.0,15,0.05,1,0,0,7
17506,2.0,2.0,0.0,17,0.05,1,0,0,6
17507,2.0,2.0,0.0,15,0.05,1,0,0,4
17508,2.0,2.0,0.0,15,0.05,1,0,0,3
17509,2.0,2.0,0.0,15,0.05,1,0,0,4
17510,2.0,2.0,0.0,15,0.05,1,0,0,5
17511,2.0,2.0,0.0,15,0.05,1,0,0,4
17512,2.0,2.0,0.0,17,0.05,1,0,0,6
17513,2.0,2.0,0.0,17,0.05,1,0,0,8
17514,2.0,2.0,0.0,17,0.05,1,0,0,9
17515,2.0,2.0,0.0,15,0.05,1,0,0,6
17516,2.0,2.0,0.0,15,0.05,1,0,0,6
17517,2.0,2.0,0.0,17,0.05,1,0,0,2
17518,2.0,2.0,0.0,18,0.05,1,0,0,5
17519,2.0,2.0,0.0,15,0.05,1,0,0,5
17520,2.0,2.0,0.0,15,0.05,1,0,0,7
17521,2.0,2.0,0.0,15,0.05,1,0,0,3
17522,2.0,2.0,0.0,15,0.05,1,0,0,5
17523,2.0,2.0,0.0,15,0.05,1,0,0,5
17524,2.0,2.0,0.0,15,0.05,1,0,0,10
17525,2.0,2.0,0.0,15,0.05,1,0,0,4
17526,2.0,2.0,0.0,15,0.05,1,0,0,5
17527,2.0,2.0,0.0,17,0.05,1,0,0,8
17528,2.0,2.0,0.0,15,0.05,1,0,0,3
17529,2.0,2.0,0.0,17,0.05,1,0,0,6
17530,2.0,2.0,0.0,15,0.05,1,0,0,8
17531,2.0,2.0,0.0,15,0.05,1,0,0,3
17532,2.0,2.0,0.0,15,0.05,1,0,0,6
17533,2.0,2.0,0.0,15,0.05,1,0,0,5
17534,2.0,2.0,0.0,15,0.05,1,0,0,5
17535,2.0,2.0,0.0,15,0.05,1,0,0,4
17536,2.0,2.0,0.0,15,0.05,1,0,0,3
17537,2.0,2.0,0.0,15,0.05,1,0,0,8
17538,2.0,2.0,0.0,16,0.05,1,0,0,4
17539,2.0,2.0,0.0,15,0.05,1,0,0,5
17540,2.0,2.0,0.0,15,0.05,1,0,0,7
17541,2.0,2.0,0.0,15,0.05,1,0,0,1
17542,2.0,2.0,0.0,15,0.05,1,0,0,3
17543,2.0,2.0,0.0,15,0.05,1,0,0,8
17544,2.0,2.0,0.0,17,0.05,1,0,0,8
17545,2.0,2.0,0.0,15,0.05,1,0,0,7
17546,2.0,2.0,0.0,15,0.05,1,0,0,6
17547,2.0,2.0,0.0,17,0.05,1,0,0,6
17548,2.0,2.0,0.0,17,0.05,1,0,0,7
17549,2.0,2.0,0.0,15,0.05,1,0,0,4
17550,2.0,2.0,0.0,15,0.05,1,0,0,6
17551,2.0,2.0,0.0,20,0.05,1,0,0,4
17552,2.0,2.0,0.0,16,0.05,1,0,0,7
17553,2.0,2.0,0.0,17,0.05,1,0,0,6
17554,2.0,2.0,0.0,16,0.05,1,0,0,6
17555,2.0,2.0,0.0,15,0.05,1,0,0,2
17556,2.0,2.0,0.0,15,0.05,1,0,0,6
17557,2.0,2.0,0.0,15,0.05,1,0,0,9
17558,2.0,2.0,0.0,15,0.05,1,0,0,7
17559,2.0,2.0,0.0,15,0.05,1,0,0,2
17560,2.0,2.0,0.0,17,0.05,1,0,0,7
17561,2.0,2.0,0.0,15,0.05,1,0,0,4
17562,2.0,2.0,0.0,15,0.05,1,0,0,5
17563,2.0,2.0,0.0,15,0.05,1,0,0,5
17564,2.0,2.0,0.0,17,0.05,1,0,0,8
17565,2.0,2.0,0.0,15,0.05,1,0,0,7
17566,2.0,2.0,0.0,17,0.05,1,0,0,9
17567,2.0,2.0,0.0,16,0.05,1,0,0,5
17568,2.0,2.0,0.0,15,0.05,1,0,0,7
17569,2.0,2.0,0.0,15,0.05,1,0,0,6
17570,2.0,2.0,0.0,17,0.05,1,0,0,4
17571,2.0,2.0,0.0,17,0.05,1,0,0,7
17572,2.0,2.0,0.0,15,0.05,1,0,0,5
17573,2.0,2.0,0.0,17,0.05,1,0,0,6
17574,2.0,2.0,0.0,19,0.05,1,0,0,7
17575,2.0,2.0,0.0,15,0.05,1,0,0,4
17576,2.0,2.0,0.0,17,0.05,1,0,0,8
17577,2.0,2.0,0.0,19,0.05,1,0,0,8
17578,2.0,2.0,0.0,15,0.05,1,0,0,4
17579,2.0,2.0,0.0,15,0.05,1,0,0,7
17580,2.0,2.0,0.0,17,0.05,1,0,0,5
17581,2.0,2.0,0.0,15,0.05,1,0,0,5
17582,2.0,2.0,0.0,16,0.05,1,0,0,2
17583,2.0,2.0,0.0,15,0.05,1,0,0,8
17584,2.0,2.0,0.0,15,0.05,1,0,0,5
17585,2.0,2.0,0.0,15,0.05,1,0,0,10
17586,2.0,2.0,0.0,15,0.05,1,0,0,6
17587,2.0,2.0,0.0,15,0.05,1,0,0,3
17588,2.0,2.0,0.0,19,0.05,1,0,0,6
17589,2.0,2.0,0.0,17,0.05,1,0,0,6
17590,0.0,0.0,0.0,10,0.05,0,1,0,6
17591,2.0,2.0,0.0,15,0.05,1,0,0,7
17592,2.0,2.0,0.0,15,0.05,1,0,0,5
17593,2.0,2.0,0.0,17,0.05,1,0,0,7
17594,2.0,2.0,0.0,17,0.05,1,0,0,9
17595,2.0,2.0,0.0,15,0.05,1,0,0,9
17596,2.0,2.0,0.0,15,0.05,1,0,0,7
17597,2.0,2.0,0.0,15,0.05,1,0,0,1
17598,2.0,2.0,0.0,19,0.05,1,0,0,7
17599,2.0,2.0,0.0,15,0.05,1,0,0,9
17600,2.0,2.0,0.0,15,0.05,1,0,0,5
17601,2.0,2.0,0.0,17,0.05,1,0,0,5
17602,2.0,2.0,0.0,15,0.05,1,0,0,5
17603,2.0,2.0,0.0,15,0.05,1,0,0,3
17604,2.0,2.0,0.0,17,0.05,1,0,0,8
17605,2.0,2.0,0.0,17,0.05,1,0,0,10
17606,2.0,2.0,0.0,21,0.05,1,0,0,8
17607,2.0,2.0,0.0,15,0.05,1,0,0,4
17608,2.0,2.0,0.0,15,0.05,1,0,0,6
17609,2.0,2.0,0.0,15,0.05,1,0,0,8
17610,2.0,2.0,0.0,17,0.05,1,0,0,6
17611,2.0,2.0,0.0,18,0.05,1,0,0,6
17612,2.0,2.0,0.0,15,0.05,1,0,0,6
17613,2.0,2.0,0.0,18,0.05,1,0,0,5
17614,2.0,2.0,0.0,21,0.05,1,0,0,8
17615,2.0,2.0,0.0,15,0.05,1,0,0,5
17616,2.0,2.0,0.0,17,0.05,1,0,0,6
17617,2.0,2.0,0.0,15,0.05,1,0,0,6
17618,2.0,2.0,0.0,16,0.05,1,0,0,6
17619,2.0,2.0,0.0,15,0.05,1,0,0,6
17620,2.0,2.0,0.0,15,0.05,1,0,0,4
17621,2.0,2.0,0.0,17,0.05,1,0,0,4
17622,2.0,2.0,0.0,15,0.05,1,0,0,6
17623,2.0,2.0,0.0,17,0.05,1,0,0,8
17624,2.0,2.0,0.0,15,0.05,1,0,0,6
17625,2.0,2.0,0.0,15,0.05,1,0,0,6
17626,2.0,2.0,0.0,16,0.05,1,0,0,7
17627,2.0,2.0,0.0,15,0.05,1,0,0,7
17628,2.0,2.0,0.0,17,0.05,1,0,0,7
17629,2.0,2.0,0.0,15,0.05,1,0,0,4
17630,2.0,2.0,0.0,16,0.05,1,0,0,8
17631,2.0,2.0,0.0,16,0.05,1,0,0,3
17632,2.0,2.0,0.0,17,0.05,1,0,0,9
17633,2.0,2.0,0.0,15,0.05,1,0,0,6
17634,2.0,2.0,0.0,15,0.05,1,0,0,7
17635,2.0,2.0,0.0,17,0.05,1,0,0,4
17636,2.0,2.0,0.0,15,0.05,1,0,0,5
17637,2.0,2.0,0.0,15,0.05,1,0,0,7
17638,2.0,2.0,0.0,15,0.05,1,0,0,5
17639,2.0,2.0,0.0,15,0.05,1,0,0,4
17640,2.0,2.0,0.0,15,0.05,1,0,0,5
17641,2.0,2.0,0.0,15,0.05,1,0,0,5
17642,2.0,2.0,0.0,15,0.05,1,0,0,5
17643,2.0,2.0,0.0,15,0.05,1,0,0,2
17644,2.0,2.0,0.0,17,0.05,1,0,0,4
17645,2.0,2.0,0.0,15,0.05,1,0,0,4
17646,2.0,2.0,0.0,15,0.05,1,0,0,7
17647,2.0,2.0,0.0,15,0.05,1,0,0,8
17648,2.0,2.0,0.0,15,0.05,1,0,0,6
17649,2.0,2.0,0.0,15,0.05,1,0,0,4
17650,2.0,2.0,0.0,15,0.05,1,0,0,6
17651,2.0,2.0,0.0,16,0.05,1,0,0,3
17652,2.0,2.0,0.0,15,0.05,1,0,0,3
17653,2.0,2.0,0.0,15,0.05,1,0,0,5
17654,2.0,2.0,0.0,17,0.05,1,0,0,4
17655,2.0,2.0,0.0,15,0.05,1,0,0,5
17656,2.0,2.0,0.0,19,0.05,1,0,0,10
17657,2.0,2.0,0.0,15,0.05,1,0,0,5
17658,2.0,2.0,0.0,15,0.05,1,0,0,3
17659,2.0,2.0,0.0,15,0.05,1,0,0,5
17660,2.0,2.0,0.0,15,0.05,1,0,0,3
17661,2.0,2.0,0.0,15,0.05,1,0,0,7
17662,2.0,2.0,0.0,15,0.05,1,0,0,6
17663,2.0,2.0,0.0,15,0.05,1,0,0,6
17664,2.0,2.0,0.0,15,0.05,1,0,0,4
17665,2.0,2.0,0.0,15,0.05,1,0,0,4
17666,2.0,2.0,0.0,15,0.05,1,0,0,3
17667,2.0,2.0,0.0,15,0.05,1,0,0,6
17668,2.0,2.0,0.0,16,0.05,1,0,0,6
17669,2.0,2.0,0.0,15,0.05,1,0,0,3
17670,2.0,2.0,0.0,15,0.05,1,0,0,3
17671,2.0,2.0,0.0,15,0.05,1,0,0,6
17672,2.0,2.0,0.0,15,0.05,1,0,0,8
17673,2.0,2.0,0.0,19,0.05,1,0,0,7
17674,2.0,2.0,0.0,17,0.05,1,0,0,5
17675,2.0,2.0,0.0,15,0.05,1,0,0,4
17676,2.0,2.0,0.0,15,0.05,1,0,0,7
17677,2.0,2.0,0.0,15,0.05,1,0,0,6
17678,2.0,2.0,0.0,15,0.05,1,0,0,5
17679,2.0,2.0,0.0,15,0.05,1,0,0,4
17680,2.0,2.0,0.0,15,0.05,1,0,0,4
17681,2.0,2.0,0.0,15,0.05,1,0,0,9
17682,2.0,2.0,0.0,15,0.05,1,0,0,4
17683,2.0,2.0,0.0,17,0.05,1,0,0,7
17684,2.0,2.0,0.0,17,0.05,1,0,0,7
17685,2.0,2.0,0.0,17,0.05,1,0,0,6
17686,2.0,2.0,0.0,17,0.05,1,0,0,4
17687,2.0,2.0,0.0,15,0.05,1,0,0,2
17688,2.0,2.0,0.0,16,0.05,1,0,0,5
17689,2.0,2.0,0.0,16,0.05,1,0,0,3
17690,2.0,2.0,0.0,16,0.05,1,0,0,4
17691,2.0,2.0,0.0,17,0.05,1,0,0,5
17692,2.0,2.0,0.0,19,0.05,1,0,0,6
17693,2.0,2.0,0.0,15,0.05,1,0,0,7
17694,2.0,2.0,0.0,15,0.05,1,0,0,5
17695,2.0,2.0,0.0,16,0.05,1,0,0,5
17696,2.0,2.0,0.0,15,0.05,1,0,0,8
17697,2.0,2.0,0.0,15,0.05,1,0,0,2
17698,2.0,2.0,0.0,15,0.05,1,0,0,6
17699,2.0,2.0,0.0,15,0.05,1,0,0,5
17700,2.0,2.0,0.0,15,0.05,1,0,0,5
17701,2.0,2.0,0.0,15,0.05,1,0,0,7
17702,2.0,2.0,0.0,15,0.05,1,0,0,10
17703,2.0,2.0,0.0,15,0.05,1,0,0,6
17704,2.0,2.0,0.0,15,0.05,1,0,0,8
17705,2.0,2.0,0.0,15,0.05,1,0,0,6
17706,2.0,2.0,0.0,17,0.05,1,0,0,4
17707,2.0,2.0,0.0,17,0.05,1,0,0,6
17708,2.0,2.0,0.0,17,0.05,1,0,0,5
17709,2.0,2.0,0.0,17,0.05,1,0,0,9
17710,2.0,2.0,0.0,15,0.05,1,0,0,7
17711,2.0,2.0,0.0,15,0.05,1,0,0,7
17712,2.0,2.0,0.0,15,0.05,1,0,0,5
17713,2.0,2.0,0.0,17,0.05,1,0,0,7
17714,2.0,2.0,0.0,15,0.05,1,0,0,5
17715,2.0,2.0,0.0,15,0.05,1,0,0,5
17716,2.0,2.0,0.0,17,0.05,1,0,0,9
17717,2.0,2.0,0.0,15,0.05,1,0,0,5
17718,2.0,2.0,0.0,17,0.05,1,0,0,7
17719,2.0,2.0,0.0,15,0.05,1,0,0,4
17720,2.0,2.0,0.0,16,0.05,1,0,0,4
17721,2.0,2.0,0.0,15,0.05,1,0,0,4
17722,2.0,2.0,0.0,17,0.05,1,0,0,6
17723,2.0,2.0,0.0,15,0.05,1,0,0,3
17724,2.0,2.0,0.0,15,0.05,1,0,0,6
17725,2.0,2.0,0.0,19,0.05,1,0,0,4
17726,2.0,2.0,0.0,15,0.05,1,0,0,6
17727,2.0,2.0,0.0,16,0.05,1,0,0,6
17728,2.0,2.0,0.0,15,0.05,1,0,0,2
17729,2.0,2.0,0.0,17,0.05,1,0,0,2
17730,2.0,2.0,0.0,17,0.05,1,0,0,5
17731,2.0,2.0,0.0,15,0.05,1,0,0,7
17732,2.0,2.0,0.0,15,0.05,1,0,0,3
17733,2.0,2.0,0.0,15,0.05,1,0,0,5
17734,2.0,2.0,0.0,17,0.05,1,0,0,4
17735,2.0,2.0,0.0,15,0.05,1,0,0,6
17736,2.0,2.0,0.0,15,0.05,1,0,0,6
17737,2.0,2.0,0.0,16,0.05,1,0,0,4
17738,2.0,2.0,0.0,17,0.05,1,0,0,3
17739,2.0,2.0,0.0,15,0.05,1,0,0,4
17740,2.0,2.0,0.0,15,0.05,1,0,0,6
17741,2.0,2.0,0.0,15,0.05,1,0,0,7
17742,2.0,2.0,0.0,16,0.05,1,0,0,4
17743,2.0,2.0,0.0,21,0.05,1,0,0,12
17744,2.0,2.0,0.0,15,0.05,1,0,0,7
17745,2.0,2.0,0.0,15,0.05,1,0,0,7
17746,2.0,2.0,0.0,15,0.05,1,0,0,9
17747,2.0,2.0,0.0,17,0.05,1,0,0,4
17748,2.0,2.0,0.0,17,0.05,1,0,0,5
17749,2.0,2.0,0.0,15,0.05,1,0,0,7
17750,2.0,2.0,0.0,16,0.05,1,0,0,4
17751,2.0,2.0,0.0,15,0.05,1,0,0,7
17752,2.0,2.0,0.0,15,0.05,1,0,0,7
17753,2.0,2.0,0.0,17,0.05,1,0,0,7
17754,2.0,2.0,0.0,15,0.05,1,0,0,4
17755,2.0,2.0,0.0,15,0.05,1,0,0,6
17756,2.0,2.0,0.0,15,0.05,1,0,0,7
17757,2.0,2.0,0.0,15,0.05,1,0,0,6
17758,1.0,1.0,0.0,14,0.05,0,1,0,6
17759,2.0,2.0,0.0,15,0.05,1,0,0,5
17760,2.0,2.0,0.0,15,0.05,1,0,0,5
17761,2.0,2.0,0.0,15,0.05,1,0,0,2
17762,2.0,2.0,0.0,15,0.05,1,0,0,4
17763,2.0,2.0,0.0,15,0.05,1,0,0,8
17764,2.0,2.0,0.0,18,0.05,1,0,0,12
17765,2.0,2.0,0.0,17,0.05,1,0,0,10
17766,2.0,2.0,0.0,15,0.05,1,0,0,6
17767,2.0,2.0,0.0,19,0.05,1,0,0,5
17768,2.0,2.0,0.0,15,0.05,1,0,0,3
17769,2.0,2.0,0.0,15,0.05,1,0,0,5
17770,2.0,2.0,0.0,15,0.05,1,0,0,5
17771,2.0,2.0,0.0,16,0.05,1,0,0,5
17772,2.0,2.0,0.0,16,0.05,1,0,0,7
17773,2.0,2.0,0.0,15,0.05,1,0,0,6
17774,2.0,2.0,0.0,15,0.05,1,0,0,7
17775,2.0,2.0,0.0,15,0.05,1,0,0,4
17776,2.0,2.0,0.0,15,0.05,1,0,0,6
17777,2.0,2.0,0.0,15,0.05,1,0,0,6
17778,2.0,2.0,0.0,15,0.05,1,0,0,4
17779,2.0,2.0,0.0,15,0.05,1,0,0,9
17780,2.0,2.0,0.0,15,0.05,1,0,0,5
17781,2.0,2.0,0.0,16,0.05,1,0,0,5
17782,2.0,2.0,0.0,15,0.05,1,0,0,5
17783,2.0,2.0,0.0,15,0.05,1,0,0,3
17784,2.0,2.0,0.0,15,0.05,1,0,0,5
17785,2.0,2.0,0.0,17,0.05,1,0,0,3
17786,2.0,2.0,0.0,15,0.05,1,0,0,3
17787,2.0,2.0,0.0,15,0.05,1,0,0,4
17788,2.0,2.0,0.0,17,0.05,1,0,0,6
17789,2.0,2.0,0.0,15,0.05,1,0,0,5
17790,2.0,2.0,0.0,17,0.05,1,0,0,7
17791,2.0,2.0,0.0,16,0.05,1,0,0,6
17792,2.0,2.0,0.0,15,0.05,1,0,0,7
17793,2.0,2.0,0.0,17,0.05,1,0,0,7
17794,2.0,2.0,0.0,15,0.05,1,0,0,8
17795,2.0,2.0,0.0,15,0.05,1,0,0,2
17796,2.0,2.0,0.0,15,0.05,1,0,0,5
17797,2.0,2.0,0.0,17,0.05,1,0,0,8
17798,2.0,2.0,0.0,17,0.05,1,0,0,7
17799,2.0,2.0,0.0,15,0.05,1,0,0,4
17800,2.0,2.0,0.0,17,0.05,1,0,0,7
17801,2.0,2.0,0.0,15,0.05,1,0,0,5
17802,2.0,2.0,0.0,15,0.05,1,0,0,6
17803,2.0,2.0,0.0,16,0.05,1,0,0,5
17804,2.0,2.0,0.0,19,0.05,1,0,0,10
17805,2.0,2.0,0.0,17,0.05,1,0,0,6
17806,2.0,2.0,0.0,15,0.05,1,0,0,8
17807,2.0,2.0,0.0,15,0.05,1,0,0,6
17808,2.0,2.0,0.0,15,0.05,1,0,0,5
17809,2.0,2.0,0.0,16,0.05,1,0,0,6
17810,2.0,2.0,0.0,15,0.05,1,0,0,10
17811,2.0,2.0,0.0,16,0.05,1,0,0,8
17812,2.0,2.0,0.0,15,0.05,1,0,0,7
17813,2.0,2.0,0.0,17,0.05,1,0,0,7
17814,2.0,2.0,0.0,15,0.05,1,0,0,4
17815,2.0,2.0,0.0,15,0.05,1,0,0,6
17816,2.0,2.0,0.0,15,0.05,1,0,0,5
17817,2.0,2.0,0.0,19,0.05,1,0,0,5
17818,2.0,2.0,0.0,15,0.05,1,0,0,5
17819,2.0,2.0,0.0,21,0.05,1,0,0,7
17820,2.0,2.0,0.0,15,0.05,1,0,0,6
17821,2.0,2.0,0.0,15,0.05,1,0,0,4
17822,2.0,2.0,0.0,17,0.05,1,0,0,7
17823,2.0,2.0,0.0,17,0.05,1,0,0,6
17824,2.0,2.0,0.0,15,0.05,1,0,0,6
17825,2.0,2.0,0.0,15,0.05,1,0,0,5
17826,2.0,2.0,0.0,15,0.05,1,0,0,8
17827,2.0,2.0,0.0,15,0.05,1,0,0,4
17828,2.0,2.0,0.0,15,0.05,1,0,0,4
17829,1.0,1.0,0.0,16,0.05,0,1,0,6
17830,2.0,2.0,0.0,17,0.05,1,0,0,6
17831,2.0,2.0,0.0,15,0.05,1,0,0,3
17832,2.0,2.0,0.0,16,0.05,1,0,0,8
17833,2.0,2.0,0.0,15,0.05,1,0,0,6
17834,2.0,2.0,0.0,15,0.05,1,0,0,6
17835,2.0,2.0,0.0,15,0.05,1,0,0,8
17836,2.0,2.0,0.0,15,0.05,1,0,0,5
17837,2.0,2.0,0.0,17,0.05,1,0,0,5
17838,2.0,2.0,0.0,15,0.05,1,0,0,3
17839,2.0,2.0,0.0,15,0.05,1,0,0,6
17840,2.0,2.0,0.0,15,0.05,1,0,0,4
17841,2.0,2.0,0.0,15,0.05,1,0,0,4
17842,2.0,2.0,0.0,17,0.05,1,0,0,7
17843,2.0,2.0,0.0,16,0.05,1,0,0,9
17844,2.0,2.0,0.0,15,0.05,1,0,0,6
17845,2.0,2.0,0.0,15,0.05,1,0,0,6
17846,2.0,2.0,0.0,15,0.05,1,0,0,7
17847,2.0,2.0,0.0,15,0.05,1,0,0,3
17848,2.0,2.0,0.0,18,0.05,1,0,0,6
17849,2.0,2.0,0.0,15,0.05,1,0,0,5
17850,2.0,2.0,0.0,15,0.05,1,0,0,2
17851,2.0,2.0,0.0,15,0.05,1,0,0,3
17852,2.0,2.0,0.0,17,0.05,1,0,0,5
17853,2.0,2.0,0.0,17,0.05,1,0,0,11
17854,2.0,2.0,0.0,15,0.05,1,0,0,9
17855,2.0,2.0,0.0,15,0.05,1,0,0,3
17856,2.0,2.0,0.0,15,0.05,1,0,0,6
17857,2.0,2.0,0.0,17,0.05,1,0,0,7
17858,2.0,2.0,0.0,15,0.05,1,0,0,0
17859,2.0,2.0,0.0,15,0.05,1,0,0,8
17860,2.0,2.0,0.0,17,0.05,1,0,0,5
17861,2.0,2.0,0.0,17,0.05,1,0,0,7
17862,2.0,2.0,0.0,15,0.05,1,0,0,2
17863,2.0,2.0,0.0,15,0.05,1,0,0,4
17864,2.0,2.0,0.0,15,0.05,1,0,0,10
17865,2.0,2.0,0.0,15,0.05,1,0,0,5
17866,2.0,2.0,0.0,16,0.05,1,0,0,6
17867,2.0,2.0,0.0,15,0.05,1,0,0,7
17868,2.0,2.0,0.0,15,0.05,1,0,0,6
17869,2.0,2.0,0.0,15,0.05,1,0,0,8
17870,2.0,2.0,0.0,17,0.05,1,0,0,6
17871,2.0,2.0,0.0,15,0.05,1,0,0,8
17872,2.0,2.0,0.0,17,0.05,1,0,0,3
17873,2.0,2.0,0.0,15,0.05,1,0,0,5
17874,2.0,2.0,0.0,15,0.05,1,0,0,6
17875,2.0,2.0,0.0,15,0.05,1,0,0,3
17876,2.0,2.0,0.0,15,0.05,1,0,0,6
17877,2.0,2.0,0.0,15,0.05,1,0,0,3
17878,2.0,2.0,0.0,15,0.05,1,0,0,4
17879,2.0,2.0,0.0,17,0.05,1,0,0,7
17880,2.0,2.0,0.0,15,0.05,1,0,0,8
17881,2.0,2.0,0.0,17,0.05,1,0,0,9
17882,2.0,2.0,0.0,17,0.05,1,0,0,7
17883,2.0,2.0,0.0,15,0.05,1,0,0,3
17884,2.0,2.0,0.0,15,0.05,1,0,0,5
17885,2.0,2.0,0.0,15,0.05,1,0,0,9
17886,2.0,2.0,0.0,19,0.05,1,0,0,8
17887,2.0,2.0,0.0,15,0.05,1,0,0,5
17888,2.0,2.0,0.0,18,0.05,1,0,0,7
17889,2.0,2.0,0.0,17,0.05,1,0,0,10
17890,2.0,2.0,0.0,15,0.05,1,0,0,8
17891,2.0,2.0,0.0,15,0.05,1,0,0,8
17892,2.0,2.0,0.0,15,0.05,1,0,0,3
17893,2.0,2.0,0.0,15,0.05,1,0,0,6
17894,2.0,2.0,0.0,15,0.05,1,0,0,10
17895,2.0,2.0,0.0,15,0.05,1,0,0,5
17896,2.0,2.0,0.0,15,0.05,1,0,0,6
17897,2.0,2.0,0.0,19,0.05,1,0,0,4
17898,2.0,2.0,0.0,15,0.05,1,0,0,6
17899,2.0,2.0,0.0,15,0.05,1,0,0,5
17900,2.0,2.0,0.0,15,0.05,1,0,0,4
17901,2.0,2.0,0.0,17,0.05,1,0,0,6
17902,2.0,2.0,0.0,18,0.05,1,0,0,8
17903,2.0,2.0,0.0,15,0.05,1,0,0,7
17904,2.0,2.0,0.0,15,0.05,1,0,0,4
17905,2.0,2.0,0.0,15,0.05,1,0,0,7
17906,2.0,2.0,0.0,15,0.05,1,0,0,6
17907,2.0,2.0,0.0,17,0.05,1,0,0,9
17908,2.0,2.0,0.0,15,0.05,1,0,0,7
17909,2.0,2.0,0.0,15,0.05,1,0,0,8
17910,2.0,2.0,0.0,15,0.05,1,0,0,4
17911,2.0,2.0,0.0,17,0.05,1,0,0,7
17912,2.0,2.0,0.0,15,0.05,1,0,0,5
17913,2.0,2.0,0.0,15,0.05,1,0,0,3
17914,2.0,2.0,0.0,15,0.05,1,0,0,5
17915,2.0,2.0,0.0,16,0.05,1,0,0,7
17916,2.0,2.0,0.0,15,0.05,1,0,0,7
17917,2.0,2.0,0.0,17,0.05,1,0,0,8
17918,2.0,2.0,0.0,15,0.05,1,0,0,4
17919,2.0,2.0,0.0,17,0.05,1,0,0,7
17920,2.0,2.0,0.0,15,0.05,1,0,0,6
17921,2.0,2.0,0.0,17,0.05,1,0,0,6
17922,2.0,2.0,0.0,16,0.05,1,0,0,5
17923,2.0,2.0,0.0,15,0.05,1,0,0,6
17924,2.0,2.0,0.0,18,0.05,1,0,0,5
17925,2.0,2.0,0.0,15,0.05,1,0,0,6
17926,2.0,2.0,0.0,17,0.05,1,0,0,7
17927,2.0,2.0,0.0,18,0.05,1,0,0,10
17928,2.0,2.0,0.0,17,0.05,1,0,0,7
17929,2.0,2.0,0.0,15,0.05,1,0,0,5
17930,2.0,2.0,0.0,15,0.05,1,0,0,3
17931,2.0,2.0,0.0,15,0.05,1,0,0,8
17932,2.0,2.0,0.0,16,0.05,1,0,0,6
17933,2.0,2.0,0.0,15,0.05,1,0,0,9
17934,2.0,2.0,0.0,19,0.05,1,0,0,4
17935,2.0,2.0,0.0,15,0.05,1,0,0,6
17936,2.0,2.0,0.0,15,0.05,1,0,0,4
17937,2.0,2.0,0.0,15,0.05,1,0,0,6
17938,2.0,2.0,0.0,19,0.05,1,0,0,5
17939,2.0,2.0,0.0,17,0.05,1,0,0,3
17940,2.0,2.0,0.0,17,0.05,1,0,0,5
17941,2.0,2.0,0.0,15,0.05,1,0,0,4
17942,2.0,2.0,0.0,15,0.05,1,0,0,7
17943,2.0,2.0,0.0,15,0.05,1,0,0,6
17944,2.0,2.0,0.0,15,0.05,1,0,0,4
17945,2.0,2.0,0.0,15,0.05,1,0,0,4
17946,2.0,2.0,0.0,17,0.05,1,0,0,8
17947,2.0,2.0,0.0,15,0.05,1,0,0,6
17948,2.0,2.0,0.0,15,0.05,1,0,0,6
17949,2.0,2.0,0.0,15,0.05,1,0,0,7
17950,2.0,2.0,0.0,15,0.05,1,0,0,4
17951,2.0,2.0,0.0,15,0.05,1,0,0,6
17952,2.0,2.0,0.0,15,0.05,1,0,0,6
17953,2.0,2.0,0.0,15,0.05,1,0,0,6
17954,2.0,2.0,0.0,15,0.05,1,0,0,3
17955,2.0,2.0,0.0,17,0.05,1,0,0,4
17956,2.0,2.0,0.0,15,0.05,1,0,0,6
17957,2.0,2.0,0.0,17,0.05,1,0,0,3
17958,2.0,2.0,0.0,15,0.05,1,0,0,5
17959,2.0,2.0,0.0,15,0.05,1,0,0,4
17960,2.0,2.0,0.0,15,0.05,1,0,0,5
17961,2.0,2.0,0.0,15,0.05,1,0,0,4
17962,2.0,2.0,0.0,15,0.05,1,0,0,3
17963,2.0,2.0,0.0,15,0.05,1,0,0,7
17964,2.0,2.0,0.0,17,0.05,1,0,0,7
17965,2.0,2.0,0.0,15,0.05,1,0,0,8
17966,2.0,2.0,0.0,17,0.05,1,0,0,6
17967,2.0,2.0,0.0,15,0.05,1,0,0,8
17968,2.0,2.0,0.0,17,0.05,1,0,0,5
17969,2.0,2.0,0.0,19,0.05,1,0,0,6
17970,2.0,2.0,0.0,15,0.05,1,0,0,6
17971,2.0,2.0,0.0,16,0.05,1,0,0,4
17972,2.0,2.0,0.0,17,0.05,1,0,0,6
17973,2.0,2.0,0.0,17,0.05,1,0,0,9
17974,2.0,2.0,0.0,15,0.05,1,0,0,4
17975,2.0,2.0,0.0,15,0.05,1,0,0,4
17976,2.0,2.0,0.0,15,0.05,1,0,0,6
17977,2.0,2.0,0.0,17,0.05,1,0,0,7
17978,2.0,2.0,0.0,17,0.05,1,0,0,8
17979,2.0,2.0,0.0,15,0.05,1,0,0,8
17980,2.0,2.0,0.0,17,0.05,1,0,0,9
17981,2.0,2.0,0.0,17,0.05,1,0,0,6
17982,2.0,2.0,0.0,17,0.05,1,0,0,4
17983,2.0,2.0,0.0,17,0.05,1,0,0,7
17984,2.0,2.0,0.0,17,0.05,1,0,0,4
17985,2.0,2.0,0.0,16,0.05,1,0,0,4
17986,2.0,2.0,0.0,19,0.05,1,0,0,6
17987,2.0,2.0,0.0,15,0.05,1,0,0,3
17988,2.0,2.0,0.0,15,0.05,1,0,0,8
17989,2.0,2.0,0.0,17,0.05,1,0,0,9
17990,2.0,2.0,0.0,19,0.05,1,0,0,8
17991,1.0,1.0,0.0,204,0.05,0,1,0,88
17992,2.0,2.0,0.0,15,0.05,1,0,0,5
17993,2.0,2.0,0.0,15,0.05,1,0,0,2
17994,2.0,2.0,0.0,15,0.05,1,0,0,6
17995,0.0,0.0,0.0,12,0.05,0,1,0,6
17996,2.0,2.0,0.0,19,0.05,1,0,0,10
17997,2.0,2.0,0.0,15,0.05,1,0,0,7
17998,2.0,2.0,0.0,18,0.05,1,0,0,6
17999,2.0,2.0,0.0,17,0.05,1,0,0,5
18000,2.0,2.0,0.0,16,0.05,1,0,0,7
